1;0,0136855;50
2;0,0149075;50
3;0,015152;50
4;0,015152;50
5;0,015152;50
6;0,015152;50
7;0,015152;50
8;0,0149075;50
9;0,0149075;50
10;0,015152;50
11;0,015152;50
12;0,0149075;50
13;0,0149075;50
14;0,015152;50
15;0,0149075;50
16;0,0149075;50
17;0,015396;50
18;0,0151515;50
19;0,0149075;50
20;0,015152;50
21;0,015152;50
22;0,015152;50
23;0,015152;50
24;0,015152;50
25;0,0149075;50
26;0,0149075;50
27;0,015152;50
28;0,015396;50
29;0,0151515;50
30;0,0149075;50
31;0,015152;50
32;0,0149075;50
33;0,0149075;50
34;0,015152;50
35;0,015152;50
36;0,015152;50
37;0,015396;50
38;0,015396;50
39;0,015396;50
40;0,015396;50
41;0,0149075;50
42;0,0151515;50
43;0,015396;50
44;0,015152;50
45;0,015152;50
46;0,015152;50
47;0,015152;50
48;0,015152;50
49;0,015152;50
50;0,015152;50
51;0,015152;50
52;0,015396;50
53;0,0151515;50
54;0,0151515;50
55;0,015396;50
56;0,015152;50
57;0,015152;50
58;0,015152;50
59;0,015152;50
60;0,015152;50
61;0,015152;50
62;0,015152;50
63;0,0149075;50
64;0,014663;50
65;0,0149075;50
66;0,015152;50
67;0,0149075;50
68;0,0149075;50
69;0,0149075;50
70;0,0149075;50
71;0,015152;50
72;0,0149075;50
73;0,0149075;50
74;0,015152;50
75;0,015152;50
76;0,015152;50
77;0,015152;50
78;0,0149075;50
79;0,0149075;50
80;0,015152;50
81;0,015152;50
82;0,0149075;50
83;0,0151515;50
84;0,015396;50
85;0,015396;50
86;0,0151515;50
87;0,0149075;50
88;0,015152;50
89;0,0149075;50
90;0,0149075;50
91;0,015152;50
92;0,015152;50
93;0,015152;50
94;0,015152;50
95;0,0149075;50
96;0,0149075;50
97;0,015152;50
98;0,015152;50
99;0,015152;50
100;0,0149075;50
101;0,0149075;50
102;0,0149075;50
103;0,0149075;50
104;0,015152;50
105;0,0149075;50
106;0,0149075;50
107;0,015152;50
108;0,0149075;50
109;0,0149075;50
110;0,0149075;50
111;0,014663;50
112;0,014663;50
113;0,0149075;50
114;0,0149075;50
115;0,0149075;50
116;0,015152;50
117;0,015152;50
118;0,015152;50
119;0,015152;50
120;0,0149075;50
121;0,0149075;50
122;0,0149075;50
123;0,0149075;50
124;0,015152;50
125;0,0149075;50
126;0,0149075;50
127;0,0149075;50
128;0,0149075;50
129;0,0149075;50
130;0,0149075;50
131;0,015152;50
132;0,0149075;50
133;0,014663;50
134;0,0149075;50
135;0,015152;50
136;0,015396;50
137;0,015396;50
138;0,015152;50
139;0,015152;50
140;0,015152;50
141;0,015152;50
142;0,015152;50
143;0,015396;50
144;0,015396;50
145;0,015152;50
146;0,015152;50
147;0,015152;50
148;0,015152;50
149;0,015152;50
150;0,015152;50
151;0,015152;50
152;0,015396;50
153;0,015396;50
154;0,015396;50
155;0,01564;50
156;0,015396;50
157;0,015396;50
158;0,015396;50
159;0,015396;50
160;0,015396;50
161;0,015396;50
162;0,015396;50
163;0,015396;50
164;0,01564;50
165;0,01564;50
166;0,015396;50
167;0,015152;50
168;0,015152;50
169;0,015152;50
170;0,015396;50
171;0,01564;50
172;0,01564;50
173;0,015396;50
174;0,015152;50
175;0,015396;50
176;0,01564;50
177;0,01564;50
178;0,01564;50
179;0,01564;50
180;0,01564;50
181;0,01564;50
182;0,01564;50
183;0,01564;50
184;0,015396;50
185;0,015396;50
186;0,01564;50
187;0,01564;50
188;0,015396;50
189;0,015152;50
190;0,015152;50
191;0,015152;50
192;0,015152;50
193;0,015152;50
194;0,015152;50
195;0,015152;50
196;0,015152;50
197;0,015396;50
198;0,01564;50
199;0,01564;50
200;0,015396;50
201;0,015396;50
202;0,0151515;50
203;0,0149075;50
204;0,015396;50
205;0,015396;50
206;0,015396;50
207;0,01564;50
208;0,0151515;50
209;0,0149075;50
210;0,015152;50
211;0,0149075;50
212;0,0149075;50
213;0,015152;50
214;0,015396;50
215;0,015396;50
216;0,015152;50
217;0,015152;50
218;0,015152;50
219;0,015152;50
220;0,015152;50
221;0,015152;50
222;0,015152;50
223;0,015152;50
224;0,0149075;50
225;0,0149075;50
226;0,015152;50
227;0,0149075;50
228;0,014663;50
229;0,0149075;50
230;0,015152;50
231;0,015152;50
232;0,015152;50
233;0,015152;50
234;0,015396;50
235;0,01564;50
236;0,0151515;50
237;0,0149075;50
238;0,015152;50
239;0,0149075;50
240;0,0149075;50
241;0,015152;50
242;0,0149075;50
243;0,0149075;50
244;0,015152;50
245;0,015152;50
246;0,015396;50
247;0,015396;50
248;0,015152;50
249;0,015152;50
250;0,015396;50
251;0,015396;50
252;0,015152;50
253;0,015152;50
254;0,015396;50
255;0,0151515;50
256;0,0151515;50
257;0,015396;50
258;0,015396;50
259;0,01564;50
260;0,015396;50
261;0,015152;50
262;0,015396;50
263;0,01564;50
264;0,01564;50
265;0,015396;50
266;0,015396;50
267;0,015396;50
268;0,015152;50
269;0,015152;50
270;0,015152;50
271;0,015152;50
272;0,015396;50
273;0,015396;50
274;0,015152;50
275;0,015152;50
276;0,015396;50
277;0,015396;50
278;0,015152;50
279;0,0149075;50
280;0,0149075;50
281;0,015396;50
282;0,01564;50
283;0,015396;50
284;0,015152;50
285;0,015396;50
286;0,015396;50
287;0,015396;50
288;0,01564;50
289;0,015396;50
290;0,015152;50
291;0,015396;50
292;0,015396;50
293;0,015396;50
294;0,01564;50
295;0,01564;50
296;0,01564;50
297;0,015396;50
298;0,015152;50
299;0,015152;50
300;0,015396;50
301;0,015396;50
302;0,015152;50
303;0,015152;50
304;0,015152;50
305;0,015152;50
306;0,015152;50
307;0,015152;50
308;0,015396;50
309;0,015396;50
310;0,015396;50
311;0,01564;50
312;0,01564;50
313;0,015396;50
314;0,015152;50
315;0,015152;50
316;0,015152;50
317;0,015152;50
318;0,015152;50
319;0,015152;50
320;0,015152;50
321;0,015152;50
322;0,015152;50
323;0,015396;50
324;0,015396;50
325;0,015152;50
326;0,015152;50
327;0,015396;50
328;0,015396;50
329;0,015396;50
330;0,01564;50
331;0,01564;50
332;0,015396;50
333;0,015396;50
334;0,015396;50
335;0,015152;50
336;0,015152;50
337;0,015152;50
338;0,015396;50
339;0,015396;50
340;0,015396;50
341;0,01564;50
342;0,015396;50
343;0,015396;50
344;0,01564;50
345;0,015396;50
346;0,015396;50
347;0,015396;50
348;0,015152;50
349;0,015396;50
350;0,01564;50
351;0,01564;50
352;0,01564;50
353;0,01564;50
354;0,01564;50
355;0,015396;50
356;0,015396;50
357;0,01564;50
358;0,015396;50
359;0,015396;50
360;0,01564;50
361;0,01564;50
362;0,01564;50
363;0,015396;50
364;0,015396;50
365;0,015396;50
366;0,015152;50
367;0,015152;50
368;0,015396;50
369;0,01564;50
370;0,01564;50
371;0,01564;50
372;0,015396;50
373;0,015396;50
374;0,015396;50
375;0,015152;50
376;0,015396;50
377;0,01564;50
378;0,01564;50
379;0,01564;50
380;0,01564;50
381;0,01564;50
382;0,01564;50
383;0,01564;50
384;0,01564;50
385;0,0158845;50
386;0,0156405;50
387;0,015396;50
388;0,01564;50
389;0,01564;50
390;0,01564;50
391;0,01564;50
392;0,015396;50
393;0,015396;50
394;0,015396;50
395;0,015396;50
396;0,01564;50
397;0,015396;50
398;0,015396;50
399;0,01564;50
400;0,01564;50
401;0,01564;50
402;0,01564;50
403;0,01564;50
404;0,01564;50
405;0,01564;50
406;0,01564;50
407;0,015396;50
408;0,015152;50
409;0,015396;50
410;0,01564;50
411;0,015396;50
412;0,015152;50
413;0,015152;50
414;0,015396;50
415;0,01564;50
416;0,015396;50
417;0,015396;50
418;0,015396;50
419;0,015396;50
420;0,01564;50
421;0,015396;50
422;0,015396;50
423;0,01564;50
424;0,01564;50
425;0,015396;50
426;0,015396;50
427;0,01564;50
428;0,015396;50
429;0,015152;50
430;0,015396;50
431;0,015396;50
432;0,015396;50
433;0,01564;50
434;0,015396;50
435;0,015396;50
436;0,015396;50
437;0,015396;50
438;0,015396;50
439;0,015396;50
440;0,015396;50
441;0,015396;50
442;0,01564;50
443;0,015396;50
444;0,015152;50
445;0,015152;50
446;0,015396;50
447;0,01564;50
448;0,01564;50
449;0,015396;50
450;0,015396;50
451;0,015396;50
452;0,015152;50
453;0,015152;50
454;0,015152;50
455;0,015396;50
456;0,01564;50
457;0,015396;50
458;0,015396;50
459;0,015396;50
460;0,015396;50
461;0,01564;50
462;0,01564;50
463;0,01564;50
464;0,01564;50
465;0,015396;50
466;0,015152;50
467;0,015152;50
468;0,015152;50
469;0,015396;50
470;0,01564;50
471;0,01564;50
472;0,01564;50
473;0,01564;50
474;0,01564;50
475;0,01564;50
476;0,01564;50
477;0,01564;50
478;0,01564;50
479;0,01564;50
480;0,01564;50
481;0,015396;50
482;0,015396;50
483;0,015396;50
484;0,015152;50
485;0,015396;50
486;0,015396;50
487;0,015396;50
488;0,01564;50
489;0,015396;50
490;0,015396;50
491;0,01564;50
492;0,01564;50
493;0,015396;50
494;0,0156405;50
495;0,0158845;50
496;0,0158845;50
497;0,016129;50
498;0,016129;50
499;0,016129;50
500;0,0158845;50
501;0,015396;50
502;0,015396;50
503;0,01564;50
504;0,01564;50
505;0,01564;50
506;0,0158845;50
507;0,0158845;50
508;0,01564;50
509;0,01564;50
510;0,01564;50
511;0,01564;50
512;0,01564;50
513;0,01564;50
514;0,01564;50
515;0,01564;50
516;0,01564;50
517;0,01564;50
518;0,01564;50
519;0,01564;50
520;0,01564;50
521;0,01564;50
522;0,01564;50
523;0,0158845;50
524;0,0158845;50
525;0,01564;50
526;0,01564;50
527;0,0158845;50
528;0,0158845;50
529;0,01564;50
530;0,0158845;50
531;0,0158845;50
532;0,015396;50
533;0,015396;50
534;0,01564;50
535;0,01564;50
536;0,0158845;50
537;0,0158845;50
538;0,015396;50
539;0,015152;50
540;0,015396;50
541;0,015396;50
542;0,015152;50
543;0,015152;50
544;0,015396;50
545;0,01564;50
546;0,01564;50
547;0,015396;50
548;0,015396;50
549;0,015396;50
550;0,015396;50
551;0,01564;50
552;0,01564;50
553;0,01564;50
554;0,01564;50
555;0,01564;50
556;0,01564;50
557;0,01564;50
558;0,01564;50
559;0,01564;50
560;0,01564;50
561;0,01564;50
562;0,01564;50
563;0,01564;50
564;0,01564;50
565;0,015396;50
566;0,015396;50
567;0,01564;50
568;0,01564;50
569;0,01564;50
570;0,01564;50
571;0,01564;50
572;0,01564;50
573;0,01564;50
574;0,015396;50
575;0,015396;50
576;0,01564;50
577;0,01564;50
578;0,01564;50
579;0,01564;50
580;0,01564;50
581;0,01564;50
582;0,01564;50
583;0,01564;50
584;0,01564;50
585;0,01564;50
586;0,01564;50
587;0,01564;50
588;0,01564;50
589;0,01564;50
590;0,01564;50
591;0,01564;50
592;0,015396;50
593;0,015152;50
594;0,015396;50
595;0,015396;50
596;0,015396;50
597;0,01564;50
598;0,01564;50
599;0,015396;50
600;0,015396;50
601;0,01564;50
602;0,01564;50
603;0,01564;50
604;0,01564;50
605;0,015396;50
606;0,015152;50
607;0,015396;50
608;0,015396;50
609;0,015396;50
610;0,01564;50
611;0,01564;50
612;0,01564;50
613;0,01564;50
614;0,01564;50
615;0,01564;50
616;0,0158845;50
617;0,0156405;50
618;0,015396;50
619;0,01564;50
620;0,0158845;50
621;0,0156405;50
622;0,015396;50
623;0,015396;50
624;0,0156405;50
625;0,0158845;50
626;0,01564;50
627;0,01564;50
628;0,01564;50
629;0,015396;50
630;0,015152;50
631;0,015396;50
632;0,0158845;50
633;0,0158845;50
634;0,01564;50
635;0,01564;50
636;0,015396;50
637;0,015396;50
638;0,01564;50
639;0,01564;50
640;0,01564;50
641;0,01564;50
642;0,01564;50
643;0,01564;50
644;0,01564;50
645;0,01564;50
646;0,015396;50
647;0,015396;50
648;0,0158845;50
649;0,0158845;50
650;0,01564;50
651;0,01564;50
652;0,015396;50
653;0,015152;50
654;0,015396;50
655;0,01564;50
656;0,01564;50
657;0,01564;50
658;0,01564;50
659;0,015396;50
660;0,015396;50
661;0,01564;50
662;0,01564;50
663;0,01564;50
664;0,015396;50
665;0,015396;50
666;0,01564;50
667;0,01564;50
668;0,01564;50
669;0,01564;50
670;0,01564;50
671;0,015396;50
672;0,015396;50
673;0,015396;50
674;0,015396;50
675;0,01564;50
676;0,01564;50
677;0,015396;50
678;0,015152;50
679;0,015396;50
680;0,01564;50
681;0,01564;50
682;0,015396;50
683;0,015152;50
684;0,015152;50
685;0,015396;50
686;0,01564;50
687;0,015396;50
688;0,015396;50
689;0,015396;50
690;0,015152;50
691;0,015152;50
692;0,015152;50
693;0,015396;50
694;0,015396;50
695;0,015396;50
696;0,01564;50
697;0,01564;50
698;0,015396;50
699;0,015396;50
700;0,01564;50
701;0,015396;50
702;0,015152;50
703;0,015396;50
704;0,015396;50
705;0,015396;50
706;0,01564;50
707;0,01564;50
708;0,01564;50
709;0,015396;50
710;0,015152;50
711;0,015396;50
712;0,015396;50
713;0,015152;50
714;0,015152;50
715;0,015396;50
716;0,01564;50
717;0,01564;50
718;0,01564;50
719;0,01564;50
720;0,015396;50
721;0,015396;50
722;0,01564;50
723;0,015396;50
724;0,015152;50
725;0,015152;50
726;0,015152;50
727;0,015152;50
728;0,015396;50
729;0,015396;50
730;0,015396;50
731;0,01564;50
732;0,01564;50
733;0,01564;50
734;0,01564;50
735;0,01564;50
736;0,01564;50
737;0,01564;50
738;0,01564;50
739;0,01564;50
740;0,015396;50
741;0,015396;50
742;0,015396;50
743;0,015396;50
744;0,01564;50
745;0,01564;50
746;0,01564;50
747;0,015396;50
748;0,015396;50
749;0,01564;50
750;0,01564;50
751;0,01564;50
752;0,01564;50
753;0,01564;50
754;0,01564;50
755;0,01564;50
756;0,01564;50
757;0,01564;50
758;0,01564;50
759;0,01564;50
760;0,01564;50
761;0,015396;50
762;0,015396;50
763;0,015396;50
764;0,015396;50
765;0,01564;50
766;0,01564;50
767;0,01564;50
768;0,01564;50
769;0,01564;50
770;0,01564;50
771;0,015396;50
772;0,015396;50
773;0,01564;50
774;0,01564;50
775;0,01564;50
776;0,01564;50
777;0,01564;50
778;0,01564;50
779;0,01564;50
780;0,015396;50
781;0,015396;50
782;0,01564;50
783;0,01564;50
784;0,01564;50
785;0,01564;50
786;0,01564;50
787;0,015396;50
788;0,015396;50
789;0,01564;50
790;0,015396;50
791;0,015396;50
792;0,015396;50
793;0,015396;50
794;0,01564;50
795;0,015396;50
796;0,015152;50
797;0,015152;50
798;0,015396;50
799;0,01564;50
800;0,01564;50
801;0,01564;50
802;0,01564;50
803;0,015396;50
804;0,015396;50
805;0,01564;50
806;0,015396;50
807;0,015152;50
808;0,015152;50
809;0,015396;50
810;0,01564;50
811;0,01564;50
812;0,01564;50
813;0,015396;50
814;0,015396;50
815;0,01564;50
816;0,01564;50
817;0,01564;50
818;0,01564;50
819;0,01564;50
820;0,01564;50
821;0,01564;50
822;0,01564;50
823;0,015396;50
824;0,015396;50
825;0,01564;50
826;0,01564;50
827;0,01564;50
828;0,01564;50
829;0,01564;50
830;0,01564;50
831;0,015396;50
832;0,015396;50
833;0,0158845;50
834;0,0158845;50
835;0,01564;50
836;0,01564;50
837;0,01564;50
838;0,01564;50
839;0,0158845;50
840;0,0158845;50
841;0,01564;50
842;0,01564;50
843;0,015396;50
844;0,015396;50
845;0,01564;50
846;0,0158845;50
847;0,0158845;50
848;0,01564;50
849;0,01564;50
850;0,0158845;50
851;0,0156405;50
852;0,015396;50
853;0,01564;50
854;0,01564;50
855;0,01564;50
856;0,01564;50
857;0,0158845;50
858;0,0158845;50
859;0,0158845;50
860;0,016129;50
861;0,016129;50
862;0,0158845;50
863;0,0158845;50
864;0,0158845;50
865;0,01564;50
866;0,0158845;50
867;0,0158845;50
868;0,01564;50
869;0,015396;50
870;0,015396;50
871;0,0158845;50
872;0,0158845;50
873;0,0158845;50
874;0,0158845;50
875;0,01564;50
876;0,01564;50
877;0,01564;50
878;0,015396;50
879;0,015396;50
880;0,0158845;50
881;0,016129;50
882;0,0158845;50
883;0,01564;50
884;0,0158845;50
885;0,0158845;50
886;0,0158845;50
887;0,016129;50
888;0,016129;50
889;0,0158845;50
890;0,01564;50
891;0,01564;50
892;0,01564;50
893;0,01564;50
894;0,01564;50
895;0,0158845;50
896;0,0158845;50
897;0,01564;50
898;0,01564;50
899;0,01564;50
900;0,015396;50
901;0,015396;50
902;0,01564;50
903;0,01564;50
904;0,015396;50
905;0,015396;50
906;0,015396;50
907;0,015396;50
908;0,01564;50
909;0,01564;50
910;0,015396;50
911;0,015396;50
912;0,01564;50
913;0,01564;50
914;0,01564;50
915;0,01564;50
916;0,01564;50
917;0,01564;50
918;0,015396;50
919;0,015152;50
920;0,015152;50
921;0,015396;50
922;0,01564;50
923;0,01564;50
924;0,01564;50
925;0,015396;50
926;0,015396;50
927;0,015396;50
928;0,015396;50
929;0,01564;50
930;0,01564;50
931;0,01564;50
932;0,01564;50
933;0,015396;50
934;0,015396;50
935;0,01564;50
936;0,01564;50
937;0,015396;50
938;0,015152;50
939;0,015396;50
940;0,01564;50
941;0,015396;50
942;0,015396;50
943;0,015396;50
944;0,0156405;50
945;0,0158845;50
946;0,01564;50
947;0,01564;50
948;0,01564;50
949;0,015396;50
950;0,015396;50
951;0,01564;50
952;0,01564;50
953;0,01564;50
954;0,01564;50
955;0,01564;50
956;0,01564;50
957;0,01564;50
958;0,01564;50
959;0,01564;50
960;0,015396;50
961;0,015396;50
962;0,01564;50
963;0,01564;50
964;0,01564;50
965;0,01564;50
966;0,01564;50
967;0,01564;50
968;0,01564;50
969;0,01564;50
970;0,01564;50
971;0,01564;50
972;0,01564;50
973;0,01564;50
974;0,015396;50
975;0,0156405;50
976;0,016129;50
977;0,0158845;50
978;0,01564;50
979;0,0158845;50
980;0,0158845;50
981;0,01564;50
982;0,01564;50
983;0,01564;50
984;0,01564;50
985;0,01564;50
986;0,015396;50
987;0,015152;50
988;0,015396;50
989;0,0158845;50
990;0,0158845;50
991;0,015396;50
992;0,015396;50
993;0,0158845;50
994;0,0158845;50
995;0,01564;50
996;0,01564;50
997;0,01564;50
998;0,01564;50
999;0,015396;50
1000;0,015396;50
1001;0,0158845;50
1002;0,0158845;50
1003;0,01564;50
1004;0,015396;50
1005;0,015396;50
1006;0,01564;50
1007;0,01564;50
1008;0,0158845;50
1009;0,0156405;50
1010;0,015396;50
1011;0,01564;50
1012;0,01564;50
1013;0,01564;50
1014;0,01564;50
1015;0,015396;50
1016;0,015396;50
1017;0,01564;50
1018;0,01564;50
1019;0,01564;50
1020;0,015396;50
1021;0,015152;50
1022;0,015396;50
1023;0,01564;50
1024;0,01564;50
1025;0,01564;50
1026;0,01564;50
1027;0,01564;50
1028;0,01564;50
1029;0,01564;50
1030;0,01564;50
1031;0,01564;50
1032;0,01564;50
1033;0,01564;50
1034;0,01564;50
1035;0,015396;50
1036;0,015152;50
1037;0,015152;50
1038;0,015396;50
1039;0,01564;50
1040;0,01564;50
1041;0,01564;50
1042;0,01564;50
1043;0,01564;50
1044;0,01564;50
1045;0,01564;50
1046;0,01564;50
1047;0,01564;50
1048;0,01564;50
1049;0,01564;50
1050;0,01564;50
1051;0,015396;50
1052;0,015396;50
1053;0,01564;50
1054;0,01564;50
1055;0,01564;50
1056;0,0158845;50
1057;0,0158845;50
1058;0,01564;50
1059;0,0158845;50
1060;0,016129;50
1061;0,0158845;50
1062;0,0158845;50
1063;0,016129;50
1064;0,016129;50
1065;0,0156405;50
1066;0,015396;50
1067;0,0158845;50
1068;0,0158845;50
1069;0,015396;50
1070;0,015396;50
1071;0,0158845;50
1072;0,0158845;50
1073;0,01564;50
1074;0,01564;50
1075;0,01564;50
1076;0,01564;50
1077;0,015396;50
1078;0,015396;50
1079;0,01564;50
1080;0,01564;50
1081;0,01564;50
1082;0,0158845;50
1083;0,0156405;50
1084;0,015396;50
1085;0,01564;50
1086;0,01564;50
1087;0,01564;50
1088;0,01564;50
1089;0,01564;50
1090;0,0158845;50
1091;0,0158845;50
1092;0,01564;50
1093;0,01564;50
1094;0,0158845;50
1095;0,0158845;50
1096;0,01564;50
1097;0,01564;50
1098;0,01564;50
1099;0,0158845;50
1100;0,0158845;50
1101;0,01564;50
1102;0,0158845;50
1103;0,0158845;50
1104;0,01564;50
1105;0,01564;50
1106;0,016129;50
1107;0,016129;50
1108;0,01564;50
1109;0,0158845;50
1110;0,0158845;50
1111;0,01564;50
1112;0,01564;50
1113;0,01564;50
1114;0,01564;50
1115;0,01564;50
1116;0,01564;50
1117;0,01564;50
1118;0,01564;50
1119;0,01564;50
1120;0,01564;50
1121;0,01564;50
1122;0,01564;50
1123;0,01564;50
1124;0,0158845;50
1125;0,0158845;50
1126;0,01564;50
1127;0,01564;50
1128;0,01564;50
1129;0,01564;50
1130;0,01564;50
1131;0,01564;50
1132;0,01564;50
1133;0,0158845;50
1134;0,0158845;50
1135;0,01564;50
1136;0,015396;50
1137;0,015152;50
1138;0,015396;50
1139;0,01564;50
1140;0,01564;50
1141;0,01564;50
1142;0,01564;50
1143;0,01564;50
1144;0,01564;50
1145;0,01564;50
1146;0,01564;50
1147;0,01564;50
1148;0,01564;50
1149;0,01564;50
1150;0,01564;50
1151;0,01564;50
1152;0,01564;50
1153;0,01564;50
1154;0,01564;50
1155;0,01564;50
1156;0,01564;50
1157;0,01564;50
1158;0,015396;50
1159;0,015152;50
1160;0,015396;50
1161;0,01564;50
1162;0,01564;50
1163;0,015396;50
1164;0,015396;50
1165;0,01564;50
1166;0,015396;50
1167;0,015396;50
1168;0,01564;50
1169;0,01564;50
1170;0,01564;50
1171;0,01564;50
1172;0,01564;50
1173;0,015396;50
1174;0,015396;50
1175;0,015396;50
1176;0,015396;50
1177;0,01564;50
1178;0,01564;50
1179;0,01564;50
1180;0,01564;50
1181;0,01564;50
1182;0,01564;50
1183;0,015396;50
1184;0,015396;50
1185;0,01564;50
1186;0,01564;50
1187;0,01564;50
1188;0,015396;50
1189;0,015396;50
1190;0,01564;50
1191;0,01564;50
1192;0,01564;50
1193;0,01564;50
1194;0,01564;50
1195;0,01564;50
1196;0,0158845;50
1197;0,0158845;50
1198;0,01564;50
1199;0,01564;50
1200;0,0158845;50
1201;0,0158845;50
1202;0,01564;50
1203;0,0158845;50
1204;0,0163735;50
1205;0,016618;50
1206;0,016618;50
1207;0,0163735;50
1208;0,0163735;50
1209;0,0168625;50
1210;0,0168625;50
1211;0,016618;50
1212;0,016618;50
1213;0,016618;50
1214;0,0168625;50
1215;0,0168625;50
1216;0,0171065;50
1217;0,017595;50
1218;0,017595;50
1219;0,017595;50
1220;0,017595;50
1221;0,018084;50
1222;0,018573;50
1223;0,018573;50
1224;0,018573;50
1225;0,018573;50
1226;0,0188175;50
1227;0,019306;50
1228;0,01955;50
1229;0,0197945;50
1230;0,0202835;50
1231;0,020528;50
1232;0,0207725;50
1233;0,021261;50
1234;0,021505;50
1235;0,0217495;50
1236;0,0222385;50
1237;0,0227275;50
1238;0,022972;50
1239;0,023216;50
1240;0,02346;50
1241;0,02346;50
1242;0,0237045;50
1243;0,0241935;50
1244;0,0249265;50
1245;0,0256595;50
1246;0,0256595;50
1247;0,0261485;50
1248;0,027126;50
1249;0,02737;50
1250;0,027859;50
1251;0,028348;50
1252;0,028837;50
1253;0,029326;50
1254;0,02957;50
1255;0,0305475;50
1256;0,0310365;50
1257;0,0312805;50
1258;0,0320135;50
1259;0,032747;50
1260;0,033236;50
1261;0,0337245;50
1262;0,034702;50
1263;0,035191;50
1264;0,0356795;50
1265;0,0364125;50
1266;0,0369015;50
1267;0,0376345;50
1268;0,0383675;50
1269;0,0388565;50
1270;0,0395895;50
1271;0,0403225;50
1272;0,0408115;50
1273;0,0415445;50
1274;0,042522;50
1275;0,043011;50
1276;0,0434995;50
1277;0,044477;50
1278;0,0452105;50
1279;0,0459435;50
1280;0,0466765;50
1281;0,046921;50
1282;0,0474095;50
1283;0,047898;50
1284;0,0481425;50
1285;0,0486315;50
1286;0,048876;50
1287;0,0486315;50
1288;0,0481425;50
1289;0,0474095;50
1290;0,046432;50
1291;0,0449655;50
1292;0,042522;50
1293;0,039345;50
1294;0,035435;50
1295;0,0305475;50
1296;0,024438;50
1297;0,017351;50
1298;0,010264;50
1299;0,004888;50
1300;0,0019555;50
1301;0,000489;50
1302;0;50
1303;0;50
1304;0;50
1305;0;50
1306;0;50
1307;0;50
1308;0;50
1309;0;50
1310;0;50
1311;0;50
1312;0;50
1313;0;50
1314;0;50
1315;0;50
1316;0;50
1317;0;50
1318;0;50
1319;0;50
1320;0;50
1321;0;50
1322;0;50
1323;0;50
1324;0;50
1325;0;50
1326;0;50
1327;0;50
1328;0;50
1329;0;50
1330;0;50
1331;0;50
1332;0;50
1333;0;50
1334;0;50
1335;0;50
1336;0;50
1337;0;50
1338;0;50
1339;0;50
1340;0;50
1341;0;50
1342;0;50
1343;0;50
1344;0;50
1345;0;50
1346;0;50
1347;0;50
1348;0;50
1349;0;50
1350;0;50
1351;0;50
1352;0;50
1353;0;50
1354;0;50
1355;0;50
1356;0;50
1357;0;50
1358;0;50
1359;0;50
1360;0;50
1361;0;50
1362;0;50
1363;0;50
1364;0;50
1365;0;50
1366;0;50
1367;0;50
1368;0;50
1369;0;50
1370;0;50
1371;0;50
1372;0;50
1373;0;50
1374;0;50
1375;0;50
1376;0;50
1377;0;50
1378;0;50
1379;0;50
1380;0;50
1381;0;50
1382;0;50
1383;0;50
1384;0;50
1385;0;50
1386;0;50
1387;0;50
1388;0;50
1389;0;50
1390;0;50
1391;0;50
1392;0;50
1393;0;50
1394;0;50
1395;0;50
1396;0;50
1397;0;50
1398;0;50
1399;0;50
1400;0;50
1401;0;50
1402;0;50
1403;0;50
1404;0;50
1405;0;50
1406;0;50
1407;0;50
1408;0;50
1409;0;50
1410;0;50
1411;0;50
1412;0;50
1413;0;50
1414;0;50
1415;0;50
1416;0;50
1417;0;50
1418;0;50
1419;0;50
1420;0;50
1421;0;50
1422;0;50
1423;0;50
1424;0;50
1425;0;50
1426;0;50
1427;0;50
1428;0;50
1429;0;50
1430;0;50
1431;0;50
1432;0;50
1433;0;50
1434;0;50
1435;0;50
1436;0;50
1437;0;50
1438;0;50
1439;0;50
1440;0;50
1441;0;50
1442;0;50
1443;0;50
1444;0;50
1445;0;50
1446;0;50
1447;0;50
1448;0;50
1449;0;50
1450;0;50
1451;0;50
1452;0;50
1453;0;50
1454;0;50
1455;0;50
1456;0;50
1457;0;50
1458;0;50
1459;0;50
1460;0;50
1461;0;50
1462;0;50
1463;0;50
1464;0;50
1465;0;50
1466;0;50
1467;0;50
1468;0;50
1469;0;50
1470;0;50
1471;0;50
1472;0;50
1473;0;50
1474;0;50
1475;0;50
1476;0;50
1477;0;50
1478;0;50
1479;0;50
1480;0;50
1481;0;50
1482;0;50
1483;0;50
1484;0;50
1485;0;50
1486;0;50
1487;0;50
1488;0;50
1489;0;50
1490;0;50
1491;0;50
1492;0;50
1493;0;50
1494;0;50
1495;0;50
1496;0;50
1497;0;50
1498;0;50
1499;0;50
1500;0;50
1501;0;50
1502;0;50
1503;0;50
1504;0;50
1505;0;50
1506;0;50
1507;0;50
1508;0;50
1509;0;50
1510;0;50
1511;0;50
1512;0;50
1513;0;50
1514;0;50
1515;0;50
1516;0;50
1517;0;50
1518;0;50
1519;0;50
1520;0;50
1521;0;50
1522;0;50
1523;0;50
1524;0;50
1525;0;50
1526;0;50
1527;0;50
1528;0;50
1529;0;50
1530;0;50
1531;0;50
1532;0;50
1533;0;50
1534;0;50
1535;0;50
1536;0;50
1537;0;50
1538;0;50
1539;0;50
1540;0;50
1541;0;50
1542;0;50
1543;0;50
1544;0;50
1545;0;50
1546;0;50
1547;0;50
1548;0;50
1549;0;50
1550;0,0009775;50
1551;0,0034215;50
1552;0,0065985;50
1553;0,0100195;50
1554;0,013441;50
1555;0,017107;50
1556;0,021017;50
1557;0,0246825;50
1558;0,028348;50
1559;0,0317695;50
1560;0,035191;50
1561;0,038612;50
1562;0,042033;50
1563;0,0454545;50
1564;0,0486315;50
1565;0,052297;50
1566;0,0557185;50
1567;0,0588955;50
1568;0,0620725;50
1569;0,0652495;50
1570;0,0686705;50
1571;0,0718475;50
1572;0,07478;50
1573;0,0777125;50
1574;0,080645;50
1575;0,083822;50
1576;0,086999;50
1577;0,090176;50
1578;0,093353;50
1579;0,0962855;50
1580;0,099218;50
1581;0,1021505;50
1582;0,104839;50
1583;0,107527;50
1584;0,110215;50
1585;0,1131475;50
1586;0,11608;50
1587;0,1187685;50
1588;0,121701;50
1589;0,1246335;50
1590;0,127566;50
1591;0,130254;50
1592;0,132698;50
1593;0,135386;50
1594;0,138074;50
1595;0,1407625;50
1596;0,143451;50
1597;0,1456505;50
1598;0,148094;50
1599;0,1510265;50
1600;0,1534705;50
1601;0,155914;50
1602;0,158602;50
1603;0,161046;50
1604;0,163734;50
1605;0,1661775;50
1606;0,168377;50
1607;0,170821;50
1608;0,173265;50
1609;0,175709;50
1610;0,1779085;50
1611;0,1801075;50
1612;0,182551;50
1613;0,1847505;50
1614;0,18695;50
1615;0,189394;50
1616;0,1915935;50
1617;0,193793;50
1618;0,1959925;50
1619;0,1981915;50
1620;0,200391;50
1621;0,2023465;50
1622;0,20479;50
1623;0,2072335;50
1624;0,2091885;50
1625;0,211388;50
1626;0,213343;50
1627;0,215298;50
1628;0,217253;50
1629;0,219208;50
1630;0,221652;50
1631;0,223607;50
1632;0,2253175;50
1633;0,2272725;50
1634;0,2292275;50
1635;0,2311825;50
1636;0,2328935;50
1637;0,23436;50
1638;0,2360705;50
1639;0,237781;50
1640;0,2394915;50
1641;0,241202;50
1642;0,2426685;50
1643;0,244135;50
1644;0,245601;50
1645;0,246823;50
1646;0,2482895;50
1647;0,25;50
1648;0,251222;50
1649;0,252444;50
1650;0,2536655;50
1651;0,254643;50
1652;0,255865;50
1653;0,2573315;50
1654;0,258309;50
1655;0,2587975;50
1656;0,259775;50
1657;0,2607525;50
1658;0,2612415;50
1659;0,262219;50
1660;0,2631965;50
1661;0,2636855;50
1662;0,264174;50
1663;0,264907;50
1664;0,265396;50
1665;0,2656405;50
1666;0,265885;50
1667;0,266129;50
1668;0,2666175;50
1669;0,266862;50
1670;0,266862;50
1671;0,266862;50
1672;0,266862;50
1673;0,266862;50
1674;0,266862;50
1675;0,266862;50
1676;0,266862;50
1677;0,2663735;50
1678;0,265885;50
1679;0,265396;50
1680;0,264907;50
1681;0,264907;50
1682;0,2644185;50
1683;0,2636855;50
1684;0,2631965;50
1685;0,2627075;50
1686;0,2619745;50
1687;0,2612415;50
1688;0,2605085;50
1689;0,259531;50
1690;0,2585535;50
1691;0,257576;50
1692;0,256598;50
1693;0,2556205;50
1694;0,254643;50
1695;0,2536655;50
1696;0,252688;50
1697;0,251466;50
1698;0,2504885;50
1699;0,2492665;50
1700;0,2478005;50
1701;0,246823;50
1702;0,2458455;50
1703;0,244624;50
1704;0,2431575;50
1705;0,2419355;50
1706;0,2404695;50
1707;0,239003;50
1708;0,2375365;50
1709;0,2360705;50
1710;0,2348485;50
1711;0,233382;50
1712;0,2321605;50
1713;0,2306945;50
1714;0,229228;50
1715;0,2277615;50
1716;0,226295;50
1717;0,2248285;50
1718;0,223118;50
1719;0,221652;50
1720;0,220186;50
1721;0,2187195;50
1722;0,2170085;50
1723;0,2155425;50
1724;0,2140765;50
1725;0,21261;50
1726;0,2111435;50
1727;0,209433;50
1728;0,207967;50
1729;0,2062565;50
1730;0,2045455;50
1731;0,203079;50
1732;0,2013685;50
1733;0,199902;50
1734;0,19868;50
1735;0,197214;50
1736;0,1955035;50
1737;0,194037;50
1738;0,1925705;50
1739;0,1906155;50
1740;0,1891495;50
1741;0,1876835;50
1742;0,186217;50
1743;0,184995;50
1744;0,183529;50
1745;0,1820625;50
1746;0,180596;50
1747;0,1793745;50
1748;0,1779085;50
1749;0,1761975;50
1750;0,174731;50
1751;0,1735095;50
1752;0,1722875;50
1753;0,170821;50
1754;0,169599;50
1755;0,168377;50
1756;0,166911;50
1757;0,165445;50
1758;0,164223;50
1759;0,163001;50
1760;0,161779;50
1761;0,160557;50
1762;0,159091;50
1763;0,157869;50
1764;0,1568915;50
1765;0,1554255;50
1766;0,153959;50
1767;0,1529815;50
1768;0,1517595;50
1769;0,150293;50
1770;0,1490715;50
1771;0,1483385;50
1772;0,147361;50
1773;0,1458945;50
1774;0,144428;50
1775;0,1432065;50
1776;0,142229;50
1777;0,1414955;50
1778;0,140518;50
1779;0,139296;50
1780;0,1383185;50
1781;0,137341;50
1782;0,1363635;50
1783;0,135386;50
1784;0,1344085;50
1785;0,133431;50
1786;0,132698;50
1787;0,131965;50
1788;0,1312315;50
1789;0,130254;50
1790;0,1290325;50
1791;0,1282995;50
1792;0,127566;50
1793;0,1265885;50
1794;0,125611;50
1795;0,1248775;50
1796;0,124389;50
1797;0,123656;50
1798;0,1226785;50
1799;0,1219455;50
1800;0,1214565;50
1801;0,1207235;50
1802;0,1199905;50
1803;0,1195015;50
1804;0,1187685;50
1805;0,11828;50
1806;0,1175465;50
1807;0,116569;50
1808;0,1160805;50
1809;0,1155915;50
1810;0,115347;50
1811;0,1148585;50
1812;0,113881;50
1813;0,113392;50
1814;0,1131475;50
1815;0,1126585;50
1816;0,112414;50
1817;0,111681;50
1818;0,110948;50
1819;0,1107035;50
1820;0,110459;50
1821;0,1099705;50
1822;0,109482;50
1823;0,1092375;50
1824;0,108993;50
1825;0,1087485;50
1826;0,108504;50
1827;0,1080155;50
1828;0,107527;50
1829;0,1072825;50
1830;0,107038;50
1831;0,1067935;50
1832;0,106549;50
1833;0,106305;50
1834;0,1058165;50
1835;0,105572;50
1836;0,1053275;50
1837;0,105083;50
1838;0,1048385;50
1839;0,104594;50
1840;0,104594;50
1841;0,104594;50
1842;0,1041055;50
1843;0,103617;50
1844;0,1038615;50
1845;0,104106;50
1846;0,1038615;50
1847;0,103617;50
1848;0,1033725;50
1849;0,103128;50
1850;0,1028835;50
1851;0,1028835;50
1852;0,1028835;50
1853;0,102639;50
1854;0,102639;50
1855;0,102639;50
1856;0,102639;50
1857;0,102639;50
1858;0,102639;50
1859;0,102395;50
1860;0,102151;50
1861;0,102151;50
1862;0,102151;50
1863;0,1019065;50
1864;0,101662;50
1865;0,101662;50
1866;0,101662;50
1867;0,101662;50
1868;0,101662;50
1869;0,101662;50
1870;0,101662;50
1871;0,101662;50
1872;0,101662;50
1873;0,101662;50
1874;0,101662;50
1875;0,101662;50
1876;0,101662;50
1877;0,101662;50
1878;0,1014175;50
1879;0,1014175;50
1880;0,101662;50
1881;0,1014175;50
1882;0,101173;50
1883;0,101173;50
1884;0,1014175;50
1885;0,1014175;50
1886;0,101173;50
1887;0,101173;50
1888;0,1009285;50
1889;0,1009285;50
1890;0,1009285;50
1891;0,100684;50
1892;0,1009285;50
1893;0,1009285;50
1894;0,100684;50
1895;0,100684;50
1896;0,1009285;50
1897;0,101173;50
1898;0,1009285;50
1899;0,100684;50
1900;0,100684;50
1901;0,10044;50
1902;0,100196;50
1903;0,100196;50
1904;0,10044;50
1905;0,10044;50
1906;0,0999515;50
1907;0,099707;50
1908;0,099707;50
1909;0,099707;50
1910;0,099707;50
1911;0,099707;50
1912;0,099707;50
1913;0,099707;50
1914;0,099707;50
1915;0,099707;50
1916;0,0994625;50
1917;0,0989735;50
1918;0,0989735;50
1919;0,0989735;50
1920;0,0989735;50
1921;0,0989735;50
1922;0,098729;50
1923;0,098729;50
1924;0,098729;50
1925;0,0984845;50
1926;0,097996;50
1927;0,097752;50
1928;0,097752;50
1929;0,097752;50
1930;0,097752;50
1931;0,097752;50
1932;0,0975075;50
1933;0,097263;50
1934;0,0970185;50
1935;0,0970185;50
1936;0,0970185;50
1937;0,096774;50
1938;0,096774;50
1939;0,0965295;50
1940;0,096285;50
1941;0,096041;50
1942;0,095797;50
1943;0,095797;50
1944;0,095797;50
1945;0,095308;50
1946;0,0950635;50
1947;0,0950635;50
1948;0,094819;50
1949;0,094819;50
1950;0,0945745;50
1951;0,09433;50
1952;0,094086;50
1953;0,093842;50
1954;0,093842;50
1955;0,0935975;50
1956;0,093353;50
1957;0,093353;50
1958;0,0931085;50
1959;0,092864;50
1960;0,0926195;50
1961;0,092131;50
1962;0,091887;50
1963;0,091887;50
1964;0,091887;50
1965;0,091887;50
1966;0,091398;50
1967;0,090909;50
1968;0,090909;50
1969;0,0904205;50
1970;0,089932;50
1971;0,0896875;50
1972;0,089443;50
1973;0,089443;50
1974;0,0891985;50
1975;0,088954;50
1976;0,0887095;50
1977;0,088465;50
1978;0,088221;50
1979;0,087977;50
1980;0,087488;50
1981;0,086999;50
1982;0,086999;50
1983;0,0865105;50
1984;0,086022;50
1985;0,0857775;50
1986;0,085533;50
1987;0,0852885;50
1988;0,0847995;50
1989;0,0843105;50
1990;0,084066;50
1991;0,083822;50
1992;0,0833335;50
1993;0,0828445;50
1994;0,0823555;50
1995;0,081867;50
1996;0,081867;50
1997;0,0816225;50
1998;0,0808895;50
1999;0,0804005;50
2000;0,080156;50
2001;0,0796675;50
2002;0,0789345;50
2003;0,0784455;50
2004;0,078201;50
2005;0,078201;50
2006;0,077957;50
2007;0,077224;50
2008;0,0764905;50
2009;0,076002;50
2010;0,0755135;50
2011;0,075269;50
2012;0,07478;50
2013;0,074047;50
2014;0,0735585;50
2015;0,0730695;50
2016;0,0725805;50
2017;0,0718475;50
2018;0,0711145;50
2019;0,07087;50
2020;0,0706255;50
2021;0,0701365;50
2022;0,069648;50
2023;0,068915;50
2024;0,068426;50
2025;0,0681815;50
2026;0,067693;50
2027;0,0667155;50
2028;0,065982;50
2029;0,0654935;50
2030;0,0647605;50
2031;0,064516;50
2032;0,0640275;50
2033;0,063539;50
2034;0,06305;50
2035;0,0623165;50
2036;0,061828;50
2037;0,061095;50
2038;0,060606;50
2039;0,0601175;50
2040;0,0593845;50
2041;0,0588955;50
2042;0,0581625;50
2043;0,057674;50
2044;0,0574295;50
2045;0,0569405;50
2046;0,056207;50
2047;0,055474;50
2048;0,0549855;50
2049;0,0544965;50
2050;0,0540075;50
2051;0,0532745;50
2052;0,052786;50
2053;0,052297;50
2054;0,051564;50
2055;0,0510755;50
2056;0,0505865;50
2057;0,0498535;50
2058;0,0491205;50
2059;0,0486315;50
2060;0,0481425;50
2061;0,047654;50
2062;0,0471655;50
2063;0,0466765;50
2064;0,0461875;50
2065;0,045699;50
2066;0,0452105;50
2067;0,044477;50
2068;0,043988;50
2069;0,043744;50
2070;0,0432555;50
2071;0,043011;50
2072;0,042522;50
2073;0,0415445;50
2074;0,041056;50
2075;0,041056;50
2076;0,040567;50
2077;0,0398335;50
2078;0,039589;50
2079;0,039345;50
2080;0,0388565;50
2081;0,0383675;50
2082;0,038123;50
2083;0,0376345;50
2084;0,036657;50
2085;0,036168;50
2086;0,036168;50
2087;0,0356795;50
2088;0,035191;50
2089;0,035191;50
2090;0,0349465;50
2091;0,0344575;50
2092;0,0337245;50
2093;0,033236;50
2094;0,033236;50
2095;0,033236;50
2096;0,032747;50
2097;0,0317695;50
2098;0,031525;50
2099;0,031525;50
2100;0,031281;50
2101;0,0310365;50
2102;0,0305475;50
2103;0,030303;50
2104;0,0300585;50
2105;0,029814;50
2106;0,02957;50
2107;0,0290815;50
2108;0,028837;50
2109;0,0285925;50
2110;0,028348;50
2111;0,0281035;50
2112;0,0276145;50
2113;0,02737;50
2114;0,02737;50
2115;0,027126;50
2116;0,026882;50
2117;0,0266375;50
2118;0,026393;50
2119;0,0261485;50
2120;0,025904;50
2121;0,0256595;50
2122;0,025415;50
2123;0,025415;50
2124;0,025415;50
2125;0,025171;50
2126;0,024927;50
2127;0,024927;50
2128;0,0246825;50
2129;0,024438;50
2130;0,024438;50
2131;0,023949;50
2132;0,0237045;50
2133;0,0237045;50
2134;0,0237045;50
2135;0,0237045;50
2136;0,02346;50
2137;0,023216;50
2138;0,022972;50
2139;0,022972;50
2140;0,022972;50
2141;0,0227275;50
2142;0,0229715;50
2143;0,0229715;50
2144;0,022483;50
2145;0,022483;50
2146;0,022483;50
2147;0,0222385;50
2148;0,021994;50
2149;0,0217495;50
2150;0,021505;50
2151;0,021505;50
2152;0,021505;50
2153;0,021505;50
2154;0,021505;50
2155;0,021505;50
2156;0,021505;50
2157;0,021505;50
2158;0,021261;50
2159;0,021261;50
2160;0,021505;50
2161;0,021505;50
2162;0,021505;50
2163;0,021505;50
2164;0,0210165;50
2165;0,0207725;50
2166;0,0207725;50
2167;0,0207725;50
2168;0,0207725;50
2169;0,020528;50
2170;0,020528;50
2171;0,020528;50
2172;0,020528;50
2173;0,020528;50
2174;0,020528;50
2175;0,020528;50
2176;0,020528;50
2177;0,020528;50
2178;0,020528;50
2179;0,020528;50
2180;0,020528;50
2181;0,020528;50
2182;0,020528;50
2183;0,020528;50
2184;0,020528;50
2185;0,0202835;50
2186;0,0202835;50
2187;0,020528;50
2188;0,020528;50
2189;0,020528;50
2190;0,020528;50
2191;0,020528;50
2192;0,020528;50
2193;0,020528;50
2194;0,020528;50
2195;0,020528;50
2196;0,020528;50
2197;0,020528;50
2198;0,020528;50
2199;0,020528;50
2200;0,020528;50
2201;0,020528;50
2202;0,020528;50
2203;0,020528;50
2204;0,020528;50
2205;0,020528;50
2206;0,020528;50
2207;0,020528;50
2208;0,020528;50
2209;0,0207725;50
2210;0,021017;50
2211;0,021017;50
2212;0,021017;50
2213;0,021261;50
2214;0,021505;50
2215;0,021505;50
2216;0,021505;50
2217;0,021505;50
2218;0,021505;50
2219;0,021505;50
2220;0,021505;50
2221;0,021505;50
2222;0,021505;50
2223;0,0217495;50
2224;0,0217495;50
2225;0,021994;50
2226;0,021994;50
2227;0,021994;50
2228;0,022483;50
2229;0,022483;50
2230;0,022483;50
2231;0,022483;50
2232;0,022483;50
2233;0,022483;50
2234;0,0227275;50
2235;0,022972;50
2236;0,022972;50
2237;0,022972;50
2238;0,023216;50
2239;0,02346;50
2240;0,02346;50
2241;0,02346;50
2242;0,02346;50
2243;0,023949;50
2244;0,0241935;50
2245;0,0241935;50
2246;0,024438;50
2247;0,024438;50
2248;0,024438;50
2249;0,024438;50
2250;0,024438;50
2251;0,0246825;50
2252;0,025171;50
2253;0,025415;50
2254;0,025415;50
2255;0,025415;50
2256;0,025415;50
2257;0,025415;50
2258;0,025415;50
2259;0,0256595;50
2260;0,0261485;50
2261;0,026393;50
2262;0,026393;50
2263;0,026393;50
2264;0,0266375;50
2265;0,027126;50
2266;0,027126;50
2267;0,027126;50
2268;0,02737;50
2269;0,02737;50
2270;0,02737;50
2271;0,027859;50
2272;0,028348;50
2273;0,028348;50
2274;0,028348;50
2275;0,028348;50
2276;0,028348;50
2277;0,0285925;50
2278;0,028837;50
2279;0,0290815;50
2280;0,029326;50
2281;0,029326;50
2282;0,029326;50
2283;0,02957;50
2284;0,0300585;50
2285;0,030303;50
2286;0,0305475;50
2287;0,030792;50
2288;0,0310365;50
2289;0,031281;50
2290;0,0310365;50
2291;0,0312805;50
2292;0,0320135;50
2293;0,032258;50
2294;0,032258;50
2295;0,032258;50
2296;0,0325025;50
2297;0,0329915;50
2298;0,033236;50
2299;0,033236;50
2300;0,03348;50
2301;0,033724;50
2302;0,0339685;50
2303;0,034213;50
2304;0,0344575;50
2305;0,0349465;50
2306;0,035191;50
2307;0,035191;50
2308;0,035435;50
2309;0,0359235;50
2310;0,036168;50
2311;0,0364125;50
2312;0,0369015;50
2313;0,037146;50
2314;0,037146;50
2315;0,0376345;50
2316;0,038123;50
2317;0,0383675;50
2318;0,0388565;50
2319;0,039101;50
2320;0,039101;50
2321;0,0395895;50
2322;0,040078;50
2323;0,040078;50
2324;0,040567;50
2325;0,041056;50
2326;0,0413;50
2327;0,0413;50
2328;0,0415445;50
2329;0,042033;50
2330;0,042033;50
2331;0,0422775;50
2332;0,0427665;50
2333;0,043011;50
2334;0,0432555;50
2335;0,043744;50
2336;0,043988;50
2337;0,043988;50
2338;0,043988;50
2339;0,0442325;50
2340;0,0447215;50
2341;0,044966;50
2342;0,044966;50
2343;0,044966;50
2344;0,044966;50
2345;0,044966;50
2346;0,044966;50
2347;0,044966;50
2348;0,044966;50
2349;0,044966;50
2350;0,0447215;50
2351;0,044477;50
2352;0,0442325;50
2353;0,043988;50
2354;0,043988;50
2355;0,043744;50
2356;0,0432555;50
2357;0,043011;50
2358;0,0427665;50
2359;0,0422775;50
2360;0,042033;50
2361;0,0415445;50
2362;0,0408115;50
2363;0,0403225;50
2364;0,0395895;50
2365;0,0388565;50
2366;0,038123;50
2367;0,0371455;50
2368;0,0364125;50
2369;0,035435;50
2370;0,0344575;50
2371;0,0337245;50
2372;0,032747;50
2373;0,031525;50
2374;0,030059;50
2375;0,028837;50
2376;0,027615;50
2377;0,0261485;50
2378;0,0249265;50
2379;0,023705;50
2380;0,0222385;50
2381;0,0205275;50
2382;0,0185725;50
2383;0,016862;50
2384;0,015396;50
2385;0,0136855;50
2386;0,0117305;50
2387;0,0100195;50
2388;0,008553;50
2389;0,006598;50
2390;0,0043985;50
2391;0,0024435;50
2392;0,000733;50
2393;0;50
2394;0;50
2395;0;50
2396;0;50
2397;0;50
2398;0;50
2399;0;50
2400;0;50
2401;0;50
2402;0;50
2403;0;50
2404;0;50
2405;0;50
2406;0;50
2407;0;50
2408;0;50
2409;0;50
2410;0;50
2411;0;50
2412;0;50
2413;0;50
2414;0;50
2415;0;50
2416;0;50
2417;0;50
2418;0;50
2419;0;50
2420;0;50
2421;0;50
2422;0;50
2423;0;50
2424;0;50
2425;0;50
2426;0;50
2427;0;50
2428;0;50
2429;0;50
2430;0;50
2431;0;50
2432;0;50
2433;0;50
2434;0;50
2435;0;50
2436;0;50
2437;0;50
2438;0;50
2439;0;50
2440;0;50
2441;0;50
2442;0;50
2443;0;50
2444;0;50
2445;0;50
2446;0;50
2447;0;50
2448;0;50
2449;0;50
2450;0;50
2451;0;50
2452;0;50
2453;0;50
2454;0;50
2455;0;50
2456;0;50
2457;0;50
2458;0;50
2459;0;50
2460;0;50
2461;0;50
2462;0;50
2463;0;50
2464;0;50
2465;0;50
2466;0;50
2467;0;50
2468;0;50
2469;0;50
2470;0;50
2471;0;50
2472;0;50
2473;0;50
2474;0;50
2475;0;50
2476;0;50
2477;0;50
2478;0;50
2479;0;50
2480;0;50
2481;0;50
2482;0;50
2483;0;50
2484;0;50
2485;0;50
2486;0;50
2487;0;50
2488;0;50
2489;0;50
2490;0;50
2491;0;50
2492;0,0014665;50
2493;0,0058655;50
2494;0,012219;50
2495;0,01955;50
2496;0,027859;50
2497;0,036657;50
2498;0,045699;50
2499;0,0549855;50
2500;0,0647605;50
2501;0,07478;50
2502;0,0848;50
2503;0,095308;50
2504;0,1055715;50
2505;0,1163245;50
2506;0,127322;50
2507;0,13783;50
2508;0,1485825;50
2509;0,1595795;50
2510;0,1705765;50
2511;0,181574;50
2512;0,192571;50
2513;0,203568;50
2514;0,214565;50
2515;0,225562;50
2516;0,236559;50
2517;0,247556;50
2518;0,2585535;50
2519;0,269306;50
2520;0,2800585;50
2521;0,2908115;50
2522;0,30132;50
2523;0,311584;50
2524;0,322092;50
2525;0,3323555;50
2526;0,342131;50
2527;0,3519065;50
2528;0,361437;50
2529;0,3707235;50
2530;0,3797655;50
2531;0,388563;50
2532;0,397361;50
2533;0,4061585;50
2534;0,414956;50
2535;0,423265;50
2536;0,431085;50
2537;0,438661;50
2538;0,446237;50
2539;0,4538125;50
2540;0,4608995;50
2541;0,467742;50
2542;0,47434;50
2543;0,480694;50
2544;0,4868035;50
2545;0,492913;50
2546;0,498778;50
2547;0,5041545;50
2548;0,5092865;50
2549;0,5144185;50
2550;0,519306;50
2551;0,5237045;50
2552;0,528348;50
2553;0,5325025;50
2554;0,5359235;50
2555;0,539589;50
2556;0,543255;50
2557;0,546432;50
2558;0,5493645;50
2559;0,552297;50
2560;0,5552295;50
2561;0,557918;50
2562;0,5601175;50
2563;0,5620725;50
2564;0,5640275;50
2565;0,566227;50
2566;0,5679375;50
2567;0,5694035;50
2568;0,57087;50
2569;0,572092;50
2570;0,573314;50
2571;0,5742915;50
2572;0,5750245;50
2573;0,5755135;50
2574;0,5762465;50
2575;0,5769795;50
2576;0,5774685;50
2577;0,577713;50
2578;0,577713;50
2579;0,577957;50
2580;0,578201;50
2581;0,578201;50
2582;0,577957;50
2583;0,577713;50
2584;0,577713;50
2585;0,5774685;50
2586;0,5769795;50
2587;0,576735;50
2588;0,5762465;50
2589;0,5755135;50
2590;0,575269;50
2591;0,57478;50
2592;0,574047;50
2593;0,5735585;50
2594;0,5730695;50
2595;0,5723365;50
2596;0,519306;50
2597;0,3760995;50
2598;0,231427;50
2599;0,1454055;50
2600;0,0943305;50
2601;0,0635385;50
2602;0,0454545;50
2603;0,0349465;50
2604;0,028837;50
2605;0,025171;50
2606;0,0224825;50
2607;0,020772;50
2608;0,0197945;50
2609;0,01955;50
2610;0,01955;50
2611;0,019306;50
2612;0,019062;50
2613;0,0188175;50
2614;0,0188175;50
2615;0,019062;50
2616;0,0188175;50
2617;0,0188175;50
2618;0,019062;50
2619;0,0188175;50
2620;0,0188175;50
2621;0,0188175;50
2622;0,0188175;50
2623;0,0188175;50
2624;0,018573;50
2625;0,018573;50
2626;0,018573;50
2627;0,0188175;50
2628;0,0188175;50
2629;0,018573;50
2630;0,018573;50
2631;0,0188175;50
2632;0,0188175;50
2633;0,018573;50
2634;0,018084;50
2635;0,018084;50
2636;0,018573;50
2637;0,0183285;50
2638;0,018084;50
2639;0,0183285;50
2640;0,018084;50
2641;0,017595;50
2642;0,017595;50
2643;0,017595;50
2644;0,017595;50
2645;0,017595;50
2646;0,017595;50
2647;0,017595;50
2648;0,017351;50
2649;0,0168625;50
2650;0,016618;50
2651;0,016618;50
2652;0,0163735;50
2653;0,0158845;50
2654;0,01564;50
2655;0,015396;50
2656;0,015396;50
2657;0,015396;50
2658;0,0149075;50
2659;0,0149075;50
2660;0,0149075;50
2661;0,014663;50
2662;0,0144185;50
2663;0,0139295;50
2664;0,0134405;50
2665;0,012952;50
2666;0,012708;50
2667;0,012708;50
2668;0,012708;50
2669;0,012219;50
2670;0,0114855;50
2671;0,010997;50
2672;0,0105085;50
2673;0,0100195;50
2674;0,009775;50
2675;0,0092865;50
2676;0,008309;50
2677;0,00782;50
2678;0,0075755;50
2679;0,007331;50
2680;0,006598;50
2681;0,005865;50
2682;0,0053765;50
2683;0,0046435;50
2684;0,004399;50
2685;0,00391;50
2686;0,003177;50
2687;0,0026885;50
2688;0,0021995;50
2689;0,0014665;50
2690;0,0007335;50
2691;0,0002445;50
2692;0;50
2693;0;50
2694;0;50
2695;0;50
2696;0;50
2697;0;50
2698;0;50
2699;0;50
2700;0;50
2701;0;50
2702;0;50
2703;0;50
2704;0;50
2705;0;50
2706;0;50
2707;0;50
2708;0;50
2709;0;50
2710;0;50
2711;0;50
2712;0;50
2713;0;50
2714;0;50
2715;0;50
2716;0;50
2717;0;50
2718;0;50
2719;0;50
2720;0;50
2721;0;50
2722;0;50
2723;0;50
2724;0;50
2725;0;50
2726;0;50
2727;0;50
2728;0;50
2729;0;50
2730;0;50
2731;0;50
2732;0;50
2733;0;50
2734;0;50
2735;0;50
2736;0;50
2737;0;50
2738;0;50
2739;0;50
2740;0;50
2741;0;50
2742;0;50
2743;0;50
2744;0;50
2745;0;50
2746;0;50
2747;0;50
2748;0;50
2749;0;50
2750;0;50
2751;0;50
2752;0;50
2753;0;50
2754;0;50
2755;0;50
2756;0;50
2757;0;50
2758;0;50
2759;0;50
2760;0;50
2761;0;50
2762;0;50
2763;0;50
2764;0;50
2765;0;50
2766;0;50
2767;0;50
2768;0;50
2769;0;50
2770;0;50
2771;0;50
2772;0;50
2773;0;50
2774;0;50
2775;0;50
2776;0;50
2777;0;50
2778;0;50
2779;0;50
2780;0;50
2781;0;50
2782;0;50
2783;0;50
2784;0;50
2785;0;50
2786;0;50
2787;0;50
2788;0;50
2789;0;50
2790;0;50
2791;0;50
2792;0;50
2793;0;50
2794;0;50
2795;0;50
2796;0;50
2797;0;50
2798;0;50
2799;0;50
2800;0;50
2801;0;50
2802;0;50
2803;0;50
2804;0;50
2805;0;50
2806;0;50
2807;0;50
2808;0;50
2809;0;50
2810;0;50
2811;0;50
2812;0;50
2813;0;50
2814;0;50
2815;0;50
2816;0;50
2817;0;50
2818;0;50
2819;0;50
2820;0;50
2821;0;50
2822;0;50
2823;0;50
2824;0;50
2825;0;50
2826;0;50
2827;0;50
2828;0;50
2829;0;50
2830;0;50
2831;0;50
2832;0;50
2833;0;50
2834;0;50
2835;0;50
2836;0;50
2837;0;50
2838;0;50
2839;0;50
2840;0;50
2841;0;50
2842;0;50
2843;0;50
2844;0;50
2845;0;50
2846;0;50
2847;0;50
2848;0;50
2849;0;50
2850;0;50
2851;0;50
2852;0;50
2853;0;50
2854;0;50
2855;0;50
2856;0;50
2857;0;50
2858;0;50
2859;0;50
2860;0;50
2861;0;50
2862;0;50
2863;0;50
2864;0;50
2865;0;50
2866;0;50
2867;0;50
2868;0;50
2869;0;50
2870;0;50
2871;0;50
2872;0;50
2873;0;50
2874;0;50
2875;0;50
2876;0;50
2877;0;50
2878;0;50
2879;0;50
2880;0;50
2881;0;50
2882;0;50
2883;0;50
2884;0;50
2885;0;50
2886;0;50
2887;0;50
2888;0;50
2889;0;50
2890;0;50
2891;0;50
2892;0;50
2893;0;50
2894;0;50
2895;0;50
2896;0;50
2897;0;50
2898;0;50
2899;0;50
2900;0;50
2901;0;50
2902;0;50
2903;0;50
2904;0;50
2905;0;50
2906;0;50
2907;0;50
2908;0;50
2909;0;50
2910;0;50
2911;0;50
2912;0;50
2913;0;50
2914;0;50
2915;0;50
2916;0;50
2917;0;50
2918;0;50
2919;0;50
2920;0;50
2921;0;50
2922;0;50
2923;0;50
2924;0;50
2925;0;50
2926;0;50
2927;0;50
2928;0;50
2929;0;50
2930;0;50
2931;0;50
2932;0;50
2933;0;50
2934;0;50
2935;0;50
2936;0;50
2937;0;50
2938;0;50
2939;0;50
2940;0;50
2941;0;50
2942;0;50
2943;0;50
2944;0;50
2945;0;50
2946;0;50
2947;0;50
2948;0;50
2949;0;50
2950;0;50
2951;0;50
2952;0;50
2953;0;50
2954;0;50
2955;0;50
2956;0;50
2957;0;50
2958;0;50
2959;0;50
2960;0;50
2961;0;50
2962;0;50
2963;0;50
2964;0;50
2965;0;50
2966;0;50
2967;0;50
2968;0;50
2969;0;50
2970;0;50
2971;0;50
2972;0;50
2973;0;50
2974;0;50
2975;0;50
2976;0;50
2977;0;50
2978;0;50
2979;0;50
2980;0;50
2981;0;50
2982;0;50
2983;0;50
2984;0;50
2985;0;50
2986;0;50
2987;0;50
2988;0;50
2989;0;50
2990;0;50
2991;0;50
2992;0;50
2993;0;50
2994;0;50
2995;0;50
2996;0;50
2997;0;50
2998;0;50
2999;0;50
3000;0;50
3001;0;50
3002;0;50
3003;0;50
3004;0;50
3005;0;50
3006;0;50
3007;0;50
3008;0;50
3009;0;50
3010;0;50
3011;0;50
3012;0;50
3013;0;50
3014;0;50
3015;0;50
3016;0;50
3017;0;50
3018;0;50
3019;0;50
3020;0;50
3021;0;50
3022;0;50
3023;0;50
3024;0;50
3025;0;50
3026;0;50
3027;0;50
3028;0;50
3029;0;50
3030;0;50
3031;0;50
3032;0;50
3033;0;50
3034;0;50
3035;0;50
3036;0;50
3037;0;50
3038;0;50
3039;0;50
3040;0;50
3041;0;50
3042;0;50
3043;0;50
3044;0;50
3045;0;50
3046;0;50
3047;0;50
3048;0;50
3049;0;50
3050;0;50
3051;0;50
3052;0;50
3053;0;50
3054;0;50
3055;0;50
3056;0;50
3057;0;50
3058;0;50
3059;0;50
3060;0;50
3061;0;50
3062;0;50
3063;0;50
3064;0;50
3065;0;50
3066;0;50
3067;0;50
3068;0;50
3069;0;50
3070;0;50
3071;0;50
3072;0;50
3073;0;50
3074;0;50
3075;0;50
3076;0;50
3077;0;50
3078;0;50
3079;0;50
3080;0;50
3081;0;50
3082;0;50
3083;0;50
3084;0;50
3085;0;50
3086;0;50
3087;0;50
3088;0;50
3089;0;50
3090;0;50
3091;0;50
3092;0;50
3093;0;50
3094;0;50
3095;0;50
3096;0;50
3097;0;50
3098;0;50
3099;0;50
3100;0;50
3101;0;50
3102;0;50
3103;0;50
3104;0;50
3105;0;50
3106;0;50
3107;0;50
3108;0;50
3109;0;50
3110;0;50
3111;0;50
3112;0;50
3113;0;50
3114;0;50
3115;0;50
3116;0;50
3117;0;50
3118;0;50
3119;0;50
3120;0;50
3121;0;50
3122;0;50
3123;0;50
3124;0;50
3125;0;50
3126;0;50
3127;0;50
3128;0;50
3129;0;50
3130;0;50
3131;0;50
3132;0;50
3133;0;50
3134;0;50
3135;0;50
3136;0;50
3137;0;50
3138;0;50
3139;0;50
3140;0;50
3141;0;50
3142;0;50
3143;0;50
3144;0;50
3145;0;50
3146;0;50
3147;0;50
3148;0;50
3149;0;50
3150;0;50
3151;0;50
3152;0;50
3153;0;50
3154;0;50
3155;0;50
3156;0;50
3157;0;50
3158;0;50
3159;0;50
3160;0;50
3161;0;50
3162;0;50
3163;0;50
3164;0;50
3165;0;50
3166;0;50
3167;0;50
3168;0;50
3169;0;50
3170;0;50
3171;0;50
3172;0;50
3173;0;50
3174;0;50
3175;0;50
3176;0;50
3177;0;50
3178;0;50
3179;0;50
3180;0;50
3181;0;50
3182;0;50
3183;0;50
3184;0;50
3185;0;50
3186;0;50
3187;0;50
3188;0;50
3189;0;50
3190;0;50
3191;0;50
3192;0;50
3193;0;50
3194;0;50
3195;0;50
3196;0;50
3197;0;50
3198;0;50
3199;0;50
3200;0;50
3201;0;50
3202;0;50
3203;0;50
3204;0;50
3205;0;50
3206;0;50
3207;0;50
3208;0;50
3209;0;50
3210;0;50
3211;0;50
3212;0;50
3213;0;50
3214;0;50
3215;0;50
3216;0;50
3217;0;50
3218;0;50
3219;0;50
3220;0;50
3221;0;50
3222;0;50
3223;0;50
3224;0;50
3225;0;50
3226;0;50
3227;0;50
3228;0;50
3229;0;50
3230;0;50
3231;0;50
3232;0;50
3233;0;50
3234;0;50
3235;0;50
3236;0;50
3237;0;50
3238;0;50
3239;0;50
3240;0;50
3241;0;50
3242;0;50
3243;0;50
3244;0;50
3245;0;50
3246;0;50
3247;0;50
3248;0;50
3249;0;50
3250;0;50
3251;0;50
3252;0;50
3253;0;50
3254;0;50
3255;0;50
3256;0;50
3257;0;50
3258;0;50
3259;0;50
3260;0;50
3261;0;50
3262;0;50
3263;0;50
3264;0;50
3265;0;50
3266;0;50
3267;0;50
3268;0;50
3269;0;50
3270;0;50
3271;0;50
3272;0;50
3273;0;50
3274;0;50
3275;0;50
3276;0;50
3277;0;50
3278;0;50
3279;0;50
3280;0;50
3281;0;50
3282;0;50
3283;0;50
3284;0;50
3285;0;50
3286;0;50
3287;0;50
3288;0;50
3289;0;50
3290;0;50
3291;0;50
3292;0;50
3293;0;50
3294;0;50
3295;0;50
3296;0;50
3297;0;50
3298;0;50
3299;0;50
3300;0;50
3301;0;50
3302;0;50
3303;0;50
3304;0;50
3305;0;50
3306;0;50
3307;0;50
3308;0;50
3309;0;50
3310;0;50
3311;0;50
3312;0;50
3313;0;50
3314;0;50
3315;0;50
3316;0;50
3317;0;50
3318;0;50
3319;0;50
3320;0;50
3321;0;50
3322;0;50
3323;0;50
3324;0;50
3325;0;50
3326;0;50
3327;0;50
3328;0;50
3329;0;50
3330;0;50
3331;0;50
3332;0;50
3333;0;50
3334;0;50
3335;0;50
3336;0;50
3337;0;50
3338;0;50
3339;0;50
3340;0;50
3341;0;50
3342;0;50
3343;0;50
3344;0;50
3345;0;50
3346;0;50
3347;0;50
3348;0;50
3349;0;50
3350;0;50
3351;0;50
3352;0;50
3353;0;50
3354;0;50
3355;0;50
3356;0;50
3357;0;50
3358;0;50
3359;0;50
3360;0;50
3361;0;50
3362;0;50
3363;0;50
3364;0;50
3365;0;50
3366;0;50
3367;0;50
3368;0;50
3369;0;50
3370;0;50
3371;0;50
3372;0;50
3373;0;50
3374;0;50
3375;0;50
3376;0;50
3377;0;50
3378;0;50
3379;0;50
3380;0;50
3381;0;50
3382;0;50
3383;0;50
3384;0;50
3385;0;50
3386;0;50
3387;0;50
3388;0;50
3389;0;50
3390;0;50
3391;0;50
3392;0;50
3393;0;50
3394;0;50
3395;0;50
3396;0;50
3397;0;50
3398;0;50
3399;0;50
3400;0;50
3401;0;50
3402;0;50
3403;0;50
3404;0;50
3405;0;50
3406;0;50
3407;0;50
3408;0;50
3409;0;50
3410;0;50
3411;0;50
3412;0;50
3413;0;50
3414;0;50
3415;0;50
3416;0;50
3417;0;50
3418;0;50
3419;0;50
3420;0;50
3421;0;50
3422;0;50
3423;0;50
3424;0;50
3425;0;50
3426;0;50
3427;0;50
3428;0;50
3429;0;50
3430;0;50
3431;0;50
3432;0;50
3433;0;50
3434;0;50
3435;0;50
3436;0;50
3437;0;50
3438;0;50
3439;0;50
3440;0;50
3441;0;50
3442;0;50
3443;0;50
3444;0;50
3445;0;50
3446;0;50
3447;0;50
3448;0;50
3449;0;50
3450;0;50
3451;0;50
3452;0;50
3453;0;50
3454;0;50
3455;0;50
3456;0;50
3457;0;50
3458;0;50
3459;0;50
3460;0;50
3461;0;50
3462;0;50
3463;0;50
3464;0;50
3465;0;50
3466;0;50
3467;0;50
3468;0;50
3469;0;50
3470;0;50
3471;0;50
3472;0;50
3473;0;50
3474;0;50
3475;0;50
3476;0;50
3477;0;50
3478;0;50
3479;0;50
3480;0;50
3481;0;50
3482;0;50
3483;0;50
3484;0;50
3485;0;50
3486;0;50
3487;0;50
3488;0;50
3489;0;50
3490;0;50
3491;0;50
3492;0;50
3493;0;50
3494;0;50
3495;0;50
3496;0;50
3497;0;50
3498;0;50
3499;0;50
3500;0;50
3501;0;50
3502;0;50
3503;0;50
3504;0;50
3505;0;50
3506;0;50
3507;0;50
3508;0;50
3509;0;50
3510;0;50
3511;0;50
3512;0;50
3513;0;50
3514;0;50
3515;0;50
3516;0;50
3517;0;50
3518;0;50
3519;0;50
3520;0;50
3521;0;50
3522;0;50
3523;0;50
3524;0;50
3525;0;50
3526;0;50
3527;0;50
3528;0;50
3529;0;50
3530;0;50
3531;0;50
3532;0;50
3533;0;50
3534;0;50
3535;0;50
3536;0;50
3537;0;50
3538;0;50
3539;0;50
3540;0;50
3541;0;50
3542;0;50
3543;0;50
3544;0;50
3545;0;50
3546;0;50
3547;0;50
3548;0;50
3549;0;50
3550;0;50
3551;0;50
3552;0;50
3553;0;50
3554;0;50
3555;0;50
3556;0;50
3557;0;50
3558;0;50
3559;0;50
3560;0;50
3561;0;50
3562;0;50
3563;0;50
3564;0;50
3565;0;50
3566;0;50
3567;0;50
3568;0;50
3569;0;50
3570;0;50
3571;0;50
3572;0;50
3573;0;50
3574;0;50
3575;0;50
3576;0;50
3577;0;50
3578;0;50
3579;0;50
3580;0;50
3581;0;50
3582;0;50
3583;0;50
3584;0;50
3585;0;50
3586;0;50
3587;0;50
3588;0;50
3589;0;50
3590;0;50
3591;0;50
3592;0;50
3593;0;50
3594;0;50
3595;0;50
3596;0;50
3597;0;50
3598;0;50
3599;0;50
3600;0;50
3601;0;50
3602;0;50
3603;0;50
3604;0;50
3605;0;50
3606;0;50
3607;0;50
3608;0;50
3609;0;50
3610;0;50
3611;0;50
3612;0;50
3613;0;50
3614;0;50
3615;0;50
3616;0;50
3617;0;50
3618;0;50
3619;0;50
3620;0;50
3621;0;50
3622;0;50
3623;0;50
3624;0;50
3625;0;50
3626;0;50
3627;0;50
3628;0;50
3629;0;50
3630;0;50
3631;0;50
3632;0;50
3633;0;50
3634;0;50
3635;0;50
3636;0;50
3637;0;50
3638;0;50
3639;0;50
3640;0;50
3641;0;50
3642;0;50
3643;0;50
3644;0;50
3645;0;50
3646;0;50
3647;0;50
3648;0;50
3649;0;50
3650;0;50
3651;0;50
3652;0;50
3653;0;50
3654;0;50
3655;0;50
3656;0;50
3657;0;50
3658;0;50
3659;0;50
3660;0;50
3661;0;50
3662;0;50
3663;0;50
3664;0;50
3665;0;50
3666;0;50
3667;0;50
3668;0;50
3669;0;50
3670;0;50
3671;0;50
3672;0;50
3673;0;50
3674;0;50
3675;0;50
3676;0;50
3677;0;50
3678;0;50
3679;0;50
3680;0;50
3681;0;50
3682;0;50
3683;0;50
3684;0;50
3685;0;50
3686;0;50
3687;0;50
3688;0;50
3689;0;50
3690;0;50
3691;0;50
3692;0;50
3693;0;50
3694;0;50
3695;0;50
3696;0;50
3697;0;50
3698;0;50
3699;0;50
3700;0;50
3701;0;50
3702;0;50
3703;0;50
3704;0;50
3705;0;50
3706;0;50
3707;0;50
3708;0;50
3709;0;50
3710;0;50
3711;0;50
3712;0;50
3713;0;50
3714;0;50
3715;0;50
3716;0;50
3717;0;50
3718;0;50
3719;0;50
3720;0;50
3721;0;50
3722;0;50
3723;0;50
3724;0;50
3725;0;50
3726;0;50
3727;0;50
3728;0;50
3729;0;50
3730;0;50
3731;0;50
3732;0;50
3733;0;50
3734;0;50
3735;0;50
3736;0;50
3737;0;50
3738;0;50
3739;0;50
3740;0;50
3741;0;50
3742;0;50
3743;0;50
3744;0;50
3745;0;50
3746;0;50
3747;0;50
3748;0;50
3749;0;50
3750;0;50
3751;0;50
3752;0;50
3753;0;50
3754;0;50
3755;0;50
3756;0;50
3757;0;50
3758;0;50
3759;0;50
3760;0;50
3761;0;50
3762;0;50
3763;0;50
3764;0;50
3765;0;50
3766;0;50
3767;0;50
3768;0;50
3769;0;50
3770;0;50
3771;0;50
3772;0;50
3773;0;50
3774;0;50
3775;0;50
3776;0;50
3777;0;50
3778;0;50
3779;0;50
3780;0;50
3781;0;50
3782;0;50
3783;0;50
3784;0;50
3785;0;50
3786;0;50
3787;0;50
3788;0;50
3789;0;50
3790;0;50
3791;0;50
3792;0;50
3793;0;50
3794;0;50
3795;0;50
3796;0;50
3797;0;50
3798;0;50
3799;0;50
3800;0;50
3801;0;50
3802;0;50
3803;0;50
3804;0;50
3805;0;50
3806;0;50
3807;0;50
3808;0;50
3809;0;50
3810;0;50
3811;0;50
3812;0;50
3813;0;50
3814;0;50
3815;0;50
3816;0;50
3817;0;50
3818;0;50
3819;0;50
3820;0;50
3821;0;50
3822;0;50
3823;0;50
3824;0;50
3825;0;50
3826;0;50
3827;0;50
3828;0;50
3829;0;50
3830;0;50
3831;0;50
3832;0;50
3833;0;50
3834;0;50
3835;0;50
3836;0;50
3837;0;50
3838;0;50
3839;0;50
3840;0;50
3841;0;50
3842;0;50
3843;0;50
3844;0;50
3845;0;50
3846;0;50
3847;0;50
3848;0;50
3849;0;50
3850;0;50
3851;0;50
3852;0;50
3853;0;50
3854;0;50
3855;0;50
3856;0;50
3857;0;50
3858;0;50
3859;0;50
3860;0;50
3861;0;50
3862;0;50
3863;0;50
3864;0;50
3865;0;50
3866;0;50
3867;0;50
3868;0;50
3869;0;50
3870;0;50
3871;0;50
3872;0;50
3873;0;50
3874;0;50
3875;0;50
3876;0;50
3877;0;50
3878;0;50
3879;0;50
3880;0;50
3881;0;50
3882;0;50
3883;0;50
3884;0;50
3885;0;50
3886;0;50
3887;0;50
3888;0;50
3889;0;50
3890;0;50
3891;0;50
3892;0;50
3893;0;50
3894;0;50
3895;0;50
3896;0;50
3897;0;50
3898;0;50
3899;0;50
3900;0;50
3901;0;50
3902;0;50
3903;0;50
3904;0;50
3905;0;50
3906;0;50
3907;0;50
3908;0;50
3909;0;50
3910;0;50
3911;0;50
3912;0;50
3913;0;50
3914;0;50
3915;0;50
3916;0;50
3917;0;50
3918;0;50
3919;0;50
3920;0;50
3921;0;50
3922;0;50
3923;0;50
3924;0;50
3925;0;50
3926;0;50
3927;0;50
3928;0;50
3929;0;50
3930;0;50
3931;0;50
3932;0;50
3933;0;50
3934;0;50
3935;0;50
3936;0;50
3937;0;50
3938;0;50
3939;0;50
3940;0;50
3941;0;50
3942;0;50
3943;0;50
3944;0;50
3945;0;50
3946;0;50
3947;0;50
3948;0;50
3949;0;50
3950;0;50
3951;0;50
3952;0;50
3953;0;50
3954;0;50
3955;0;50
3956;0;50
3957;0;50
3958;0;50
3959;0;50
3960;0;50
3961;0;50
3962;0;50
3963;0;50
3964;0;50
3965;0;50
3966;0;50
3967;0;50
3968;0;50
3969;0;50
3970;0;50
3971;0;50
3972;0;50
3973;0;50
3974;0;50
3975;0;50
3976;0;50
3977;0;50
3978;0;50
3979;0;50
3980;0;50
3981;0;50
3982;0;50
3983;0;50
3984;0;50
3985;0;50
3986;0;50
3987;0;50
3988;0;50
3989;0;50
3990;0;50
3991;0;50
3992;0;50
3993;0;50
3994;0;50
3995;0;50
3996;0;50
3997;0;50
3998;0;50
3999;0;50
4000;0;50
4001;0;50
4002;0;50
4003;0;50
4004;0;50
4005;0;50
4006;0;50
4007;0;50
4008;0;50
4009;0;50
4010;0;50
4011;0;50
4012;0;50
4013;0;50
4014;0;50
4015;0;50
4016;0;50
4017;0;50
4018;0;50
4019;0;50
4020;0;50
4021;0;50
4022;0;50
4023;0;50
4024;0;50
4025;0;50
4026;0;50
4027;0;50
4028;0;50
4029;0;50
4030;0;50
4031;0;50
4032;0;50
4033;0;50
4034;0;50
4035;0;50
4036;0;50
4037;0;50
4038;0;50
4039;0;50
4040;0;50
4041;0;50
4042;0;50
4043;0;50
4044;0;50
4045;0;50
4046;0;50
4047;0;50
4048;0;50
4049;0;50
4050;0;50
4051;0;50
4052;0;50
4053;0;50
4054;0;50
4055;0;50
4056;0;50
4057;0;50
4058;0;50
4059;0;50
4060;0;50
4061;0;50
4062;0;50
4063;0;50
4064;0;50
4065;0;50
4066;0;50
4067;0;50
4068;0;50
4069;0;50
4070;0;50
4071;0;50
4072;0;50
4073;0;50
4074;0;50
4075;0;50
4076;0;50
4077;0;50
4078;0;50
4079;0;50
4080;0;50
4081;0;50
4082;0;50
4083;0;50
4084;0;50
4085;0;50
4086;0;50
4087;0;50
4088;0;50
4089;0;50
4090;0;50
4091;0;50
4092;0;50
4093;0;50
4094;0;50
4095;0;50
4096;0;50
4097;0;50
4098;0;50
4099;0;50
4100;0;50
4101;0;50
4102;0;50
4103;0;50
4104;0;50
4105;0;50
4106;0;50
4107;0;50
4108;0;50
4109;0;50
4110;0;50
4111;0;50
4112;0;50
4113;0;50
4114;0;50
4115;0;50
4116;0;50
4117;0;50
4118;0;50
4119;0;50
4120;0;50
4121;0;50
4122;0;50
4123;0;50
4124;0;50
4125;0;50
4126;0;50
4127;0;50
4128;0;50
4129;0;50
4130;0;50
4131;0;50
4132;0;50
4133;0;50
4134;0;50
4135;0;50
4136;0;50
4137;0;50
4138;0;50
4139;0;50
4140;0;50
4141;0;50
4142;0;50
4143;0;50
4144;0;50
4145;0;50
4146;0;50
4147;0;50
4148;0;50
4149;0;50
4150;0;50
4151;0;50
4152;0;50
4153;0;50
4154;0;50
4155;0;50
4156;0;50
4157;0;50
4158;0;50
4159;0;50
4160;0;50
4161;0;50
4162;0;50
4163;0;50
4164;0;50
4165;0;50
4166;0;50
4167;0;50
4168;0,0002445;50
4169;0,0002445;50
4170;0;50
4171;0;50
4172;0;50
4173;0;50
4174;0,0002445;50
4175;0,000489;50
4176;0,000489;50
4177;0,000489;50
4178;0,0002445;50
4179;0;50
4180;0,0002445;50
4181;0,0002445;50
4182;0;50
4183;0,000489;50
4184;0,000978;50
4185;0,000489;50
4186;0,0002445;50
4187;0,000489;50
4188;0,000489;50
4189;0,000489;50
4190;0,0007335;50
4191;0,0007335;50
4192;0,0007335;50
4193;0,000978;50
4194;0,000489;50
4195;0,000489;50
4196;0,000978;50
4197;0,000978;50
4198;0,000978;50
4199;0,0007335;50
4200;0,0007335;50
4201;0,000978;50
4202;0,000978;50
4203;0,000978;50
4204;0,000978;50
4205;0,000978;50
4206;0,000978;50
4207;0,0007335;50
4208;0,0007335;50
4209;0,0007335;50
4210;0,000489;50
4211;0,000489;50
4212;0,0007335;50
4213;0,000978;50
4214;0,000978;50
4215;0,000978;50
4216;0,000978;50
4217;0,000978;50
4218;0,000978;50
4219;0,000978;50
4220;0,001222;50
4221;0,001222;50
4222;0,000978;50
4223;0,000978;50
4224;0,001222;50
4225;0,001466;50
4226;0,001466;50
4227;0,001222;50
4228;0,001222;50
4229;0,001222;50
4230;0,001222;50
4231;0,001466;50
4232;0,001466;50
4233;0,001466;50
4234;0,001466;50
4235;0,001466;50
4236;0,0017105;50
4237;0,001955;50
4238;0,0017105;50
4239;0,001466;50
4240;0,0017105;50
4241;0,0017105;50
4242;0,0017105;50
4243;0,001955;50
4244;0,001955;50
4245;0,0017105;50
4246;0,0017105;50
4247;0,001955;50
4248;0,001955;50
4249;0,001955;50
4250;0,001955;50
4251;0,001955;50
4252;0,0017105;50
4253;0,001955;50
4254;0,0021995;50
4255;0,001955;50
4256;0,001955;50
4257;0,001955;50
4258;0,001955;50
4259;0,001955;50
4260;0,0021995;50
4261;0,0021995;50
4262;0,0021995;50
4263;0,0021995;50
4264;0,001955;50
4265;0,0021995;50
4266;0,002444;50
4267;0,002444;50
4268;0,0026885;50
4269;0,0026885;50
4270;0,0029325;50
4271;0,003177;50
4272;0,002933;50
4273;0,0026885;50
4274;0,0026885;50
4275;0,0026885;50
4276;0,0026885;50
4277;0,0026885;50
4278;0,0026885;50
4279;0,002933;50
4280;0,003177;50
4281;0,003177;50
4282;0,003177;50
4283;0,003177;50
4284;0,002933;50
4285;0,002933;50
4286;0,003177;50
4287;0,003177;50
4288;0,003177;50
4289;0,003421;50
4290;0,003421;50
4291;0,003421;50
4292;0,0036655;50
4293;0,0036655;50
4294;0,003421;50
4295;0,003421;50
4296;0,0036655;50
4297;0,00391;50
4298;0,00391;50
4299;0,00391;50
4300;0,00391;50
4301;0,00391;50
4302;0,0036655;50
4303;0,0036655;50
4304;0,00391;50
4305;0,00391;50
4306;0,00391;50
4307;0,00391;50
4308;0,0041545;50
4309;0,0041545;50
4310;0,00391;50
4311;0,00391;50
4312;0,00391;50
4313;0,00391;50
4314;0,0036655;50
4315;0,0036655;50
4316;0,00391;50
4317;0,0041545;50
4318;0,0041545;50
4319;0,0041545;50
4320;0,0041545;50
4321;0,0041545;50
4322;0,004399;50
4323;0,004399;50
4324;0,0041545;50
4325;0,0041545;50
4326;0,004399;50
4327;0,004399;50
4328;0,0046435;50
4329;0,0041545;50
4330;0,00391;50
4331;0,004399;50
4332;0,004399;50
4333;0,0041545;50
4334;0,0041545;50
4335;0,004399;50
4336;0,004399;50
4337;0,004399;50
4338;0,004399;50
4339;0,004399;50
4340;0,004399;50
4341;0,0041545;50
4342;0,0041545;50
4343;0,0041545;50
4344;0,0041545;50
4345;0,0041545;50
4346;0,0041545;50
4347;0,004399;50
4348;0,004399;50
4349;0,0041545;50
4350;0,00391;50
4351;0,00391;50
4352;0,00391;50
4353;0,00391;50
4354;0,00391;50
4355;0,00391;50
4356;0,0041545;50
4357;0,0041545;50
4358;0,00391;50
4359;0,00391;50
4360;0,0036655;50
4361;0,003421;50
4362;0,0036655;50
4363;0,00391;50
4364;0,00391;50
4365;0,00391;50
4366;0,00391;50
4367;0,00391;50
4368;0,0036655;50
4369;0,003421;50
4370;0,0036655;50
4371;0,00391;50
4372;0,0036655;50
4373;0,0036655;50
4374;0,00391;50
4375;0,00391;50
4376;0,0036655;50
4377;0,0036655;50
4378;0,0036655;50
4379;0,003421;50
4380;0,003421;50
4381;0,003421;50
4382;0,003421;50
4383;0,0036655;50
4384;0,0036655;50
4385;0,003421;50
4386;0,003421;50
4387;0,003421;50
4388;0,003421;50
4389;0,003177;50
4390;0,003177;50
4391;0,003421;50
4392;0,003177;50
4393;0,003177;50
4394;0,003421;50
4395;0,003177;50
4396;0,002933;50
4397;0,003177;50
4398;0,003177;50
4399;0,003177;50
4400;0,003421;50
4401;0,003177;50
4402;0,003177;50
4403;0,003177;50
4404;0,002933;50
4405;0,002933;50
4406;0,002933;50
4407;0,002933;50
4408;0,002933;50
4409;0,003177;50
4410;0,003177;50
4411;0,002933;50
4412;0,002933;50
4413;0,002933;50
4414;0,002933;50
4415;0,002933;50
4416;0,002933;50
4417;0,002933;50
4418;0,002933;50
4419;0,002933;50
4420;0,003177;50
4421;0,003421;50
4422;0,003421;50
4423;0,003421;50
4424;0,003177;50
4425;0,003177;50
4426;0,003421;50
4427;0,003421;50
4428;0,003421;50
4429;0,003421;50
4430;0,003177;50
4431;0,003177;50
4432;0,003421;50
4433;0,003177;50
4434;0,0034215;50
4435;0,0034215;50
4436;0,003177;50
4437;0,003177;50
4438;0,002933;50
4439;0,002933;50
4440;0,003177;50
4441;0,003421;50
4442;0,003421;50
4443;0,003421;50
4444;0,0036655;50
4445;0,00391;50
4446;0,0036655;50
4447;0,003421;50
4448;0,003177;50
4449;0,003177;50
4450;0,0036655;50
4451;0,00391;50
4452;0,0036655;50
4453;0,003421;50
4454;0,0036655;50
4455;0,0036655;50
4456;0,0036655;50
4457;0,00391;50
4458;0,00391;50
4459;0,0036655;50
4460;0,0036655;50
4461;0,00391;50
4462;0,00391;50
4463;0,00391;50
4464;0,00391;50
4465;0,00391;50
4466;0,00391;50
4467;0,00391;50
4468;0,00391;50
4469;0,00391;50
4470;0,00391;50
4471;0,00391;50
4472;0,00391;50
4473;0,00391;50
4474;0,00391;50
4475;0,00391;50
4476;0,00391;50
4477;0,00391;50
4478;0,00391;50
4479;0,00391;50
4480;0,0036655;50
4481;0,0036655;50
4482;0,00391;50
4483;0,00391;50
4484;0,00391;50
4485;0,00391;50
4486;0,00391;50
4487;0,00391;50
4488;0,00391;50
4489;0,0041545;50
4490;0,0041545;50
4491;0,00391;50
4492;0,0041545;50
4493;0,0041545;50
4494;0,00391;50
4495;0,00391;50
4496;0,0041545;50
4497;0,0041545;50
4498;0,00391;50
4499;0,0041545;50
4500;0,004399;50
4501;0,0046435;50
4502;0,004888;50
4503;0,0046435;50
4504;0,004399;50
4505;0,0046435;50
4506;0,004888;50
4507;0,004888;50
4508;0,004888;50
4509;0,004888;50
4510;0,004888;50
4511;0,004888;50
4512;0,004888;50
4513;0,004888;50
4514;0,004888;50
4515;0,004888;50
4516;0,004888;50
4517;0,004888;50
4518;0,004888;50
4519;0,004888;50
4520;0,004888;50
4521;0,004888;50
4522;0,004888;50
4523;0,004888;50
4524;0,005132;50
4525;0,005132;50
4526;0,004888;50
4527;0,004888;50
4528;0,005132;50
4529;0,005132;50
4530;0,004888;50
4531;0,004888;50
4532;0,005132;50
4533;0,005132;50
4534;0,004888;50
4535;0,004888;50
4536;0,005132;50
4537;0,005376;50
4538;0,0048875;50
4539;0,0048875;50
4540;0,005376;50
4541;0,005376;50
4542;0,005132;50
4543;0,005132;50
4544;0,0056205;50
4545;0,0053765;50
4546;0,004888;50
4547;0,0053765;50
4548;0,0056205;50
4549;0,005376;50
4550;0,0056205;50
4551;0,005865;50
4552;0,005865;50
4553;0,0056205;50
4554;0,005376;50
4555;0,005132;50
4556;0,005132;50
4557;0,0056205;50
4558;0,0053765;50
4559;0,0053765;50
4560;0,0056205;50
4561;0,005376;50
4562;0,0056205;50
4563;0,005865;50
4564;0,005865;50
4565;0,005865;50
4566;0,005865;50
4567;0,005865;50
4568;0,005865;50
4569;0,005865;50
4570;0,005865;50
4571;0,005865;50
4572;0,005865;50
4573;0,0056205;50
4574;0,0056205;50
4575;0,005865;50
4576;0,005865;50
4577;0,005865;50
4578;0,005865;50
4579;0,0056205;50
4580;0,0056205;50
4581;0,005865;50
4582;0,0056205;50
4583;0,0056205;50
4584;0,005865;50
4585;0,0056205;50
4586;0,005376;50
4587;0,005376;50
4588;0,0056205;50
4589;0,005865;50
4590;0,005865;50
4591;0,0056205;50
4592;0,0056205;50
4593;0,005865;50
4594;0,005865;50
4595;0,005865;50
4596;0,005865;50
4597;0,005865;50
4598;0,005865;50
4599;0,005865;50
4600;0,005865;50
4601;0,005865;50
4602;0,005865;50
4603;0,005865;50
4604;0,005865;50
4605;0,005865;50
4606;0,005865;50
4607;0,005865;50
4608;0,005865;50
4609;0,005865;50
4610;0,005865;50
4611;0,005865;50
4612;0,005865;50
4613;0,005865;50
4614;0,005865;50
4615;0,005865;50
4616;0,005865;50
4617;0,005865;50
4618;0,005865;50
4619;0,005865;50
4620;0,005865;50
4621;0,005865;50
4622;0,0056205;50
4623;0,0056205;50
4624;0,005865;50
4625;0,005865;50
4626;0,005865;50
4627;0,005865;50
4628;0,005865;50
4629;0,005865;50
4630;0,005865;50
4631;0,005865;50
4632;0,0061095;50
4633;0,006354;50
4634;0,0061095;50
4635;0,005865;50
4636;0,005865;50
4637;0,005865;50
4638;0,005865;50
4639;0,005865;50
4640;0,005865;50
4641;0,005865;50
4642;0,005865;50
4643;0,005865;50
4644;0,005865;50
4645;0,005865;50
4646;0,005865;50
4647;0,0056205;50
4648;0,0056205;50
4649;0,005865;50
4650;0,005865;50
4651;0,005865;50
4652;0,0061095;50
4653;0,0061095;50
4654;0,005865;50
4655;0,005865;50
4656;0,005865;50
4657;0,005865;50
4658;0,005865;50
4659;0,005865;50
4660;0,005865;50
4661;0,005865;50
4662;0,0061095;50
4663;0,0061095;50
4664;0,0061095;50
4665;0,0061095;50
4666;0,0061095;50
4667;0,0061095;50
4668;0,005865;50
4669;0,005865;50
4670;0,0061095;50
4671;0,0061095;50
4672;0,0061095;50
4673;0,0061095;50
4674;0,005865;50
4675;0,0061095;50
4676;0,0061095;50
4677;0,005865;50
4678;0,005865;50
4679;0,005865;50
4680;0,0061095;50
4681;0,006354;50
4682;0,0061095;50
4683;0,005865;50
4684;0,005865;50
4685;0,0061095;50
4686;0,0068425;50
4687;0,006598;50
4688;0,0061095;50
4689;0,0061095;50
4690;0,0061095;50
4691;0,006354;50
4692;0,0061095;50
4693;0,005865;50
4694;0,0061095;50
4695;0,0061095;50
4696;0,005865;50
4697;0,006354;50
4698;0,006354;50
4699;0,0061095;50
4700;0,0061095;50
4701;0,006598;50
4702;0,0068425;50
4703;0,006354;50
4704;0,006354;50
4705;0,0065985;50
4706;0,0065985;50
4707;0,006354;50
4708;0,0065985;50
4709;0,0065985;50
4710;0,0061095;50
4711;0,0061095;50
4712;0,006354;50
4713;0,0065985;50
4714;0,006843;50
4715;0,0065985;50
4716;0,006354;50
4717;0,0061095;50
4718;0,0061095;50
4719;0,0061095;50
4720;0,005865;50
4721;0,0061095;50
4722;0,0061095;50
4723;0,005865;50
4724;0,0061095;50
4725;0,006354;50
4726;0,0065985;50
4727;0,006843;50
4728;0,006354;50
4729;0,006354;50
4730;0,0065985;50
4731;0,0065985;50
4732;0,0065985;50
4733;0,006354;50
4734;0,0065985;50
4735;0,006843;50
4736;0,006843;50
4737;0,007087;50
4738;0,007087;50
4739;0,0065985;50
4740;0,006354;50
4741;0,0061095;50
4742;0,006354;50
4743;0,006354;50
4744;0,0061095;50
4745;0,006354;50
4746;0,006354;50
4747;0,006354;50
4748;0,0065985;50
4749;0,0065985;50
4750;0,0065985;50
4751;0,0065985;50
4752;0,006354;50
4753;0,0061095;50
4754;0,0061095;50
4755;0,0065985;50
4756;0,006843;50
4757;0,006843;50
4758;0,006843;50
4759;0,006843;50
4760;0,006843;50
4761;0,007087;50
4762;0,007087;50
4763;0,0065985;50
4764;0,006354;50
4765;0,0065985;50
4766;0,006843;50
4767;0,0065985;50
4768;0,006354;50
4769;0,0065985;50
4770;0,006843;50
4771;0,006843;50
4772;0,006843;50
4773;0,006843;50
4774;0,006843;50
4775;0,006843;50
4776;0,006843;50
4777;0,006843;50
4778;0,006843;50
4779;0,006843;50
4780;0,006843;50
4781;0,007087;50
4782;0,007087;50
4783;0,007087;50
4784;0,007087;50
4785;0,007087;50
4786;0,007087;50
4787;0,006843;50
4788;0,007087;50
4789;0,007331;50
4790;0,007331;50
4791;0,007087;50
4792;0,006843;50
4793;0,007087;50
4794;0,007087;50
4795;0,007087;50
4796;0,007087;50
4797;0,007087;50
4798;0,007331;50
4799;0,007331;50
4800;0,007331;50
4801;0,007331;50
4802;0,007087;50
4803;0,007087;50
4804;0,007331;50
4805;0,007331;50
4806;0,007087;50
4807;0,006843;50
4808;0,007087;50
4809;0,007331;50
4810;0,007331;50
4811;0,007331;50
4812;0,007331;50
4813;0,007087;50
4814;0,006843;50
4815;0,007087;50
4816;0,007087;50
4817;0,007087;50
4818;0,007331;50
4819;0,007331;50
4820;0,007331;50
4821;0,007331;50
4822;0,007331;50
4823;0,007087;50
4824;0,007087;50
4825;0,007331;50
4826;0,007331;50
4827;0,007087;50
4828;0,006843;50
4829;0,007087;50
4830;0,007331;50
4831;0,007087;50
4832;0,006843;50
4833;0,007087;50
4834;0,007087;50
4835;0,007087;50
4836;0,007331;50
4837;0,007331;50
4838;0,007331;50
4839;0,007331;50
4840;0,0075755;50
4841;0,00782;50
4842;0,0075755;50
4843;0,007087;50
4844;0,007087;50
4845;0,007331;50
4846;0,007331;50
4847;0,007331;50
4848;0,007331;50
4849;0,007331;50
4850;0,0075755;50
4851;0,0075755;50
4852;0,007331;50
4853;0,007331;50
4854;0,0075755;50
4855;0,0075755;50
4856;0,007331;50
4857;0,007331;50
4858;0,007331;50
4859;0,007331;50
4860;0,007331;50
4861;0,0075755;50
4862;0,0073315;50
4863;0,007087;50
4864;0,0075755;50
4865;0,0075755;50
4866;0,007331;50
4867;0,0075755;50
4868;0,0075755;50
4869;0,0075755;50
4870;0,00782;50
4871;0,0075755;50
4872;0,0075755;50
4873;0,00782;50
4874;0,0075755;50
4875;0,0075755;50
4876;0,0075755;50
4877;0,007331;50
4878;0,0075755;50
4879;0,00782;50
4880;0,00782;50
4881;0,0075755;50
4882;0,007331;50
4883;0,007331;50
4884;0,007331;50
4885;0,007331;50
4886;0,0075755;50
4887;0,0080645;50
4888;0,0080645;50
4889;0,00782;50
4890;0,0075755;50
4891;0,0075755;50
4892;0,00782;50
4893;0,00782;50
4894;0,00782;50
4895;0,00782;50
4896;0,00782;50
4897;0,00782;50
4898;0,00782;50
4899;0,00782;50
4900;0,00782;50
4901;0,00782;50
4902;0,00782;50
4903;0,00782;50
4904;0,00782;50
4905;0,00782;50
4906;0,00782;50
4907;0,00782;50
4908;0,0080645;50
4909;0,008309;50
4910;0,0080645;50
4911;0,00782;50
4912;0,00782;50
4913;0,00782;50
4914;0,0080645;50
4915;0,008309;50
4916;0,0085535;50
4917;0,0085535;50
4918;0,008309;50
4919;0,008309;50
4920;0,0085535;50
4921;0,008798;50
4922;0,008309;50
4923;0,008309;50
4924;0,008309;50
4925;0,008309;50
4926;0,008798;50
4927;0,0085535;50
4928;0,0085535;50
4929;0,0085535;50
4930;0,008309;50
4931;0,008309;50
4932;0,0085535;50
4933;0,008798;50
4934;0,008798;50
4935;0,008798;50
4936;0,0085535;50
4937;0,0085535;50
4938;0,0085535;50
4939;0,008309;50
4940;0,0085535;50
4941;0,0085535;50
4942;0,0085535;50
4943;0,008798;50
4944;0,008798;50
4945;0,008798;50
4946;0,008798;50
4947;0,0085535;50
4948;0,0085535;50
4949;0,008798;50
4950;0,008798;50
4951;0,008798;50
4952;0,008798;50
4953;0,008798;50
4954;0,008798;50
4955;0,008798;50
4956;0,0085535;50
4957;0,0085535;50
4958;0,008798;50
4959;0,008798;50
4960;0,008798;50
4961;0,008798;50
4962;0,008798;50
4963;0,008798;50
4964;0,008798;50
4965;0,0085535;50
4966;0,0085535;50
4967;0,008798;50
4968;0,008798;50
4969;0,008798;50
4970;0,008798;50
4971;0,008798;50
4972;0,009042;50
4973;0,009286;50
4974;0,009286;50
4975;0,0095305;50
4976;0,0095305;50
4977;0,009042;50
4978;0,009042;50
4979;0,009042;50
4980;0,0092865;50
4981;0,0095305;50
4982;0,0095305;50
4983;0,009775;50
4984;0,0095305;50
4985;0,009286;50
4986;0,0095305;50
4987;0,009775;50
4988;0,0095305;50
4989;0,009286;50
4990;0,0095305;50
4991;0,0092865;50
4992;0,008798;50
4993;0,0092865;50
4994;0,009775;50
4995;0,009775;50
4996;0,009775;50
4997;0,0095305;50
4998;0,0095305;50
4999;0,009775;50
5000;0,009775;50
5001;0,009775;50
5002;0,009775;50
5003;0,009775;50
5004;0,009775;50
5005;0,009775;50
5006;0,0095305;50
5007;0,0095305;50
5008;0,009775;50
5009;0,009775;50
5010;0,009775;50
5011;0,009775;50
5012;0,009775;50
5013;0,009775;50
5014;0,009775;50
5015;0,0100195;50
5016;0,0100195;50
5017;0,009775;50
5018;0,009775;50
5019;0,009775;50
5020;0,009775;50
5021;0,009775;50
5022;0,009775;50
5023;0,009775;50
5024;0,009775;50
5025;0,0100195;50
5026;0,010264;50
5027;0,0100195;50
5028;0,009775;50
5029;0,009775;50
5030;0,009775;50
5031;0,009775;50
5032;0,009775;50
5033;0,009775;50
5034;0,009775;50
5035;0,009775;50
5036;0,009775;50
5037;0,009775;50
5038;0,009775;50
5039;0,009775;50
5040;0,009775;50
5041;0,0100195;50
5042;0,0100195;50
5043;0,010264;50
5044;0,010264;50
5045;0,0100195;50
5046;0,0105085;50
5047;0,0105085;50
5048;0,0100195;50
5049;0,009775;50
5050;0,009775;50
5051;0,0100195;50
5052;0,0100195;50
5053;0,009775;50
5054;0,0100195;50
5055;0,0100195;50
5056;0,009775;50
5057;0,009775;50
5058;0,0100195;50
5059;0,0100195;50
5060;0,009775;50
5061;0,0100195;50
5062;0,0105085;50
5063;0,0105085;50
5064;0,0100195;50
5065;0,0100195;50
5066;0,010264;50
5067;0,010264;50
5068;0,0100195;50
5069;0,009775;50
5070;0,0100195;50
5071;0,010264;50
5072;0,0100195;50
5073;0,0100195;50
5074;0,010264;50
5075;0,0100195;50
5076;0,009775;50
5077;0,009775;50
5078;0,009775;50
5079;0,009775;50
5080;0,0100195;50
5081;0,0105085;50
5082;0,010264;50
5083;0,009775;50
5084;0,0100195;50
5085;0,0100195;50
5086;0,010264;50
5087;0,010264;50
5088;0,0100195;50
5089;0,010264;50
5090;0,0100195;50
5091;0,010264;50
5092;0,010264;50
5093;0,0100195;50
5094;0,0100195;50
5095;0,009775;50
5096;0,009775;50
5097;0,009775;50
5098;0,0100195;50
5099;0,010264;50
5100;0,010264;50
5101;0,0100195;50
5102;0,010264;50
5103;0,010264;50
5104;0,0100195;50
5105;0,010264;50
5106;0,010264;50
5107;0,0100195;50
5108;0,009775;50
5109;0,009775;50
5110;0,009775;50
5111;0,0100195;50
5112;0,010264;50
5113;0,010264;50
5114;0,010264;50
5115;0,0100195;50
5116;0,009775;50
5117;0,0100195;50
5118;0,010264;50
5119;0,010264;50
5120;0,010264;50
5121;0,0100195;50
5122;0,009775;50
5123;0,010264;50
5124;0,0105085;50
5125;0,010264;50
5126;0,010264;50
5127;0,0100195;50
5128;0,009775;50
5129;0,009775;50
5130;0,010264;50
5131;0,0105085;50
5132;0,010264;50
5133;0,010264;50
5134;0,010264;50
5135;0,010264;50
5136;0,010264;50
5137;0,010264;50
5138;0,010264;50
5139;0,0100195;50
5140;0,009775;50
5141;0,009775;50
5142;0,0100195;50
5143;0,010264;50
5144;0,0100195;50
5145;0,0100195;50
5146;0,0100195;50
5147;0,010264;50
5148;0,010753;50
5149;0,010753;50
5150;0,0105085;50
5151;0,010264;50
5152;0,0105085;50
5153;0,010753;50
5154;0,010753;50
5155;0,0105085;50
5156;0,0100195;50
5157;0,0100195;50
5158;0,0100195;50
5159;0,0100195;50
5160;0,0105085;50
5161;0,0105085;50
5162;0,010264;50
5163;0,0100195;50
5164;0,010264;50
5165;0,0105085;50
5166;0,0100195;50
5167;0,0100195;50
5168;0,0100195;50
5169;0,009775;50
5170;0,009775;50
5171;0,009775;50
5172;0,009775;50
5173;0,009775;50
5174;0,0100195;50
5175;0,0100195;50
5176;0,009775;50
5177;0,0100195;50
5178;0,0100195;50
5179;0,009775;50
5180;0,009775;50
5181;0,009775;50
5182;0,009775;50
5183;0,009775;50
5184;0,009775;50
5185;0,009775;50
5186;0,009775;50
5187;0,009775;50
5188;0,0100195;50
5189;0,0100195;50
5190;0,0100195;50
5191;0,0100195;50
5192;0,009775;50
5193;0,009775;50
5194;0,009775;50
5195;0,009775;50
5196;0,009775;50
5197;0,009775;50
5198;0,009775;50
5199;0,009775;50
5200;0,009775;50
5201;0,009775;50
5202;0,009775;50
5203;0,009775;50
5204;0,009775;50
5205;0,009775;50
5206;0,009775;50
5207;0,009775;50
5208;0,009775;50
5209;0,009775;50
5210;0,009775;50
5211;0,009775;50
5212;0,009775;50
5213;0,009775;50
5214;0,009775;50
5215;0,009775;50
5216;0,009775;50
5217;0,009775;50
5218;0,0100195;50
5219;0,0100195;50
5220;0,009775;50
5221;0,009775;50
5222;0,009775;50
5223;0,009775;50
5224;0,0100195;50
5225;0,0100195;50
5226;0,009775;50
5227;0,009775;50
5228;0,009775;50
5229;0,009775;50
5230;0,009775;50
5231;0,009775;50
5232;0,0100195;50
5233;0,0100195;50
5234;0,0100195;50
5235;0,010264;50
5236;0,010264;50
5237;0,010264;50
5238;0,010264;50
5239;0,010264;50
5240;0,0105085;50
5241;0,0105085;50
5242;0,010264;50
5243;0,0100195;50
5244;0,0100195;50
5245;0,0100195;50
5246;0,0100195;50
5247;0,0100195;50
5248;0,0100195;50
5249;0,0100195;50
5250;0,0100195;50
5251;0,0100195;50
5252;0,0100195;50
5253;0,0100195;50
5254;0,009775;50
5255;0,0100195;50
5256;0,010264;50
5257;0,0105085;50
5258;0,0105085;50
5259;0,0105085;50
5260;0,0105085;50
5261;0,010264;50
5262;0,010264;50
5263;0,010264;50
5264;0,0100195;50
5265;0,010264;50
5266;0,010753;50
5267;0,010753;50
5268;0,010264;50
5269;0,010264;50
5270;0,0105085;50
5271;0,010264;50
5272;0,0107525;50
5273;0,010997;50
5274;0,010264;50
5275;0,010264;50
5276;0,010753;50
5277;0,0105085;50
5278;0,010264;50
5279;0,0105085;50
5280;0,0105085;50
5281;0,0105085;50
5282;0,010753;50
5283;0,010753;50
5284;0,0105085;50
5285;0,010264;50
5286;0,0105085;50
5287;0,0105085;50
5288;0,010264;50
5289;0,010264;50
5290;0,010264;50
5291;0,010264;50
5292;0,0105085;50
5293;0,010753;50
5294;0,010753;50
5295;0,010753;50
5296;0,010264;50
5297;0,010264;50
5298;0,0105085;50
5299;0,0105085;50
5300;0,0105085;50
5301;0,0100195;50
5302;0,010264;50
5303;0,010753;50
5304;0,0105085;50
5305;0,010264;50
5306;0,010264;50
5307;0,0100195;50
5308;0,009775;50
5309;0,0100195;50
5310;0,010264;50
5311;0,010264;50
5312;0,010264;50
5313;0,010264;50
5314;0,0105085;50
5315;0,0105085;50
5316;0,010264;50
5317;0,010264;50
5318;0,0105085;50
5319;0,0105085;50
5320;0,0107525;50
5321;0,0107525;50
5322;0,010264;50
5323;0,010264;50
5324;0,0105085;50
5325;0,0105085;50
5326;0,0105085;50
5327;0,010753;50
5328;0,010753;50
5329;0,010753;50
5330;0,010753;50
5331;0,0105085;50
5332;0,0105085;50
5333;0,010753;50
5334;0,010753;50
5335;0,010753;50
5336;0,010997;50
5337;0,010997;50
5338;0,0105085;50
5339;0,0105085;50
5340;0,010753;50
5341;0,010753;50
5342;0,010997;50
5343;0,010997;50
5344;0,010753;50
5345;0,010753;50
5346;0,010753;50
5347;0,010753;50
5348;0,010997;50
5349;0,010997;50
5350;0,010753;50
5351;0,010753;50
5352;0,010753;50
5353;0,010753;50
5354;0,010753;50
5355;0,010997;50
5356;0,011241;50
5357;0,011241;50
5358;0,011241;50
5359;0,011241;50
5360;0,010997;50
5361;0,010997;50
5362;0,011241;50
5363;0,011241;50
5364;0,010997;50
5365;0,010997;50
5366;0,010997;50
5367;0,010753;50
5368;0,0112415;50
5369;0,0112415;50
5370;0,010753;50
5371;0,010753;50
5372;0,010997;50
5373;0,011241;50
5374;0,011241;50
5375;0,011241;50
5376;0,010997;50
5377;0,010753;50
5378;0,010997;50
5379;0,010997;50
5380;0,0112415;50
5381;0,0114855;50
5382;0,0114855;50
5383;0,0114855;50
5384;0,011241;50
5385;0,011241;50
5386;0,011241;50
5387;0,011241;50
5388;0,011241;50
5389;0,011241;50
5390;0,010997;50
5391;0,010997;50
5392;0,011241;50
5393;0,011241;50
5394;0,011241;50
5395;0,011241;50
5396;0,011241;50
5397;0,011241;50
5398;0,011241;50
5399;0,011241;50
5400;0,011241;50
5401;0,011241;50
5402;0,0114855;50
5403;0,0114855;50
5404;0,011241;50
5405;0,010997;50
5406;0,0112415;50
5407;0,0114855;50
5408;0,0114855;50
5409;0,0114855;50
5410;0,011241;50
5411;0,011241;50
5412;0,011241;50
5413;0,011241;50
5414;0,011241;50
5415;0,011241;50
5416;0,0114855;50
5417;0,0112415;50
5418;0,010997;50
5419;0,0114855;50
5420;0,0114855;50
5421;0,010997;50
5422;0,010997;50
5423;0,011241;50
5424;0,011241;50
5425;0,011241;50
5426;0,011241;50
5427;0,011241;50
5428;0,0114855;50
5429;0,0112415;50
5430;0,010753;50
5431;0,0112415;50
5432;0,0114855;50
5433;0,011241;50
5434;0,011241;50
5435;0,011241;50
5436;0,011241;50
5437;0,0114855;50
5438;0,0114855;50
5439;0,011241;50
5440;0,011241;50
5441;0,0114855;50
5442;0,0114855;50
5443;0,0114855;50
5444;0,0114855;50
5445;0,0114855;50
5446;0,01173;50
5447;0,0114855;50
5448;0,011241;50
5449;0,011241;50
5450;0,0114855;50
5451;0,01173;50
5452;0,0114855;50
5453;0,0114855;50
5454;0,01173;50
5455;0,0114855;50
5456;0,011241;50
5457;0,0114855;50
5458;0,01173;50
5459;0,01173;50
5460;0,01173;50
5461;0,01173;50
5462;0,01173;50
5463;0,01173;50
5464;0,01173;50
5465;0,01173;50
5466;0,0114855;50
5467;0,011241;50
5468;0,011241;50
5469;0,0114855;50
5470;0,01173;50
5471;0,01173;50
5472;0,01173;50
5473;0,0114855;50
5474;0,0114855;50
5475;0,01173;50
5476;0,01173;50
5477;0,01173;50
5478;0,01173;50
5479;0,01173;50
5480;0,0114855;50
5481;0,0114855;50
5482;0,0114855;50
5483;0,0114855;50
5484;0,01173;50
5485;0,01173;50
5486;0,0114855;50
5487;0,0114855;50
5488;0,01173;50
5489;0,01173;50
5490;0,01173;50
5491;0,01173;50
5492;0,01173;50
5493;0,0114855;50
5494;0,0114855;50
5495;0,0114855;50
5496;0,0114855;50
5497;0,01173;50
5498;0,01173;50
5499;0,01173;50
5500;0,01173;50
5501;0,01173;50
5502;0,01173;50
5503;0,01173;50
5504;0,01173;50
5505;0,01173;50
5506;0,01173;50
5507;0,0114855;50
5508;0,011241;50
5509;0,011241;50
5510;0,0114855;50
5511;0,0114855;50
5512;0,0114855;50
5513;0,01173;50
5514;0,01173;50
5515;0,01173;50
5516;0,01173;50
5517;0,01173;50
5518;0,01173;50
5519;0,01173;50
5520;0,0114855;50
5521;0,0114855;50
5522;0,01173;50
5523;0,01173;50
5524;0,0114855;50
5525;0,011241;50
5526;0,011241;50
5527;0,011241;50
5528;0,0114855;50
5529;0,01173;50
5530;0,01173;50
5531;0,01173;50
5532;0,0114855;50
5533;0,0114855;50
5534;0,0114855;50
5535;0,0114855;50
5536;0,0112415;50
5537;0,010997;50
5538;0,011241;50
5539;0,011241;50
5540;0,0114855;50
5541;0,0114855;50
5542;0,011241;50
5543;0,0114855;50
5544;0,01173;50
5545;0,0112415;50
5546;0,010997;50
5547;0,011241;50
5548;0,0114855;50
5549;0,01173;50
5550;0,0112415;50
5551;0,0112415;50
5552;0,0114855;50
5553;0,011241;50
5554;0,0114855;50
5555;0,0114855;50
5556;0,011241;50
5557;0,011241;50
5558;0,011241;50
5559;0,011241;50
5560;0,011241;50
5561;0,010997;50
5562;0,0112415;50
5563;0,0114855;50
5564;0,011241;50
5565;0,011241;50
5566;0,011241;50
5567;0,011241;50
5568;0,011241;50
5569;0,010997;50
5570;0,010997;50
5571;0,011241;50
5572;0,011241;50
5573;0,0114855;50
5574;0,01173;50
5575;0,0114855;50
5576;0,011241;50
5577;0,011241;50
5578;0,011241;50
5579;0,0114855;50
5580;0,0114855;50
5581;0,011241;50
5582;0,011241;50
5583;0,011241;50
5584;0,011241;50
5585;0,011241;50
5586;0,0114855;50
5587;0,0114855;50
5588;0,011241;50
5589;0,0114855;50
5590;0,0114855;50
5591;0,011241;50
5592;0,011241;50
5593;0,011241;50
5594;0,011241;50
5595;0,010997;50
5596;0,0112415;50
5597;0,0114855;50
5598;0,010997;50
5599;0,0112415;50
5600;0,0114855;50
5601;0,0114855;50
5602;0,01173;50
5603;0,01173;50
5604;0,01173;50
5605;0,0112415;50
5606;0,010997;50
5607;0,0114855;50
5608;0,0114855;50
5609;0,011241;50
5610;0,011241;50
5611;0,011241;50
5612;0,011241;50
5613;0,011241;50
5614;0,0114855;50
5615;0,0112415;50
5616;0,010997;50
5617;0,011241;50
5618;0,011241;50
5619;0,0114855;50
5620;0,0114855;50
5621;0,0114855;50
5622;0,0114855;50
5623;0,011241;50
5624;0,011241;50
5625;0,0114855;50
5626;0,0114855;50
5627;0,0114855;50
5628;0,01173;50
5629;0,01173;50
5630;0,0114855;50
5631;0,010997;50
5632;0,0112415;50
5633;0,0114855;50
5634;0,011241;50
5635;0,011241;50
5636;0,011241;50
5637;0,011241;50
5638;0,011241;50
5639;0,0114855;50
5640;0,0114855;50
5641;0,011241;50
5642;0,0114855;50
5643;0,01173;50
5644;0,0114855;50
5645;0,011241;50
5646;0,011241;50
5647;0,011241;50
5648;0,010997;50
5649;0,010997;50
5650;0,011241;50
5651;0,011241;50
5652;0,011241;50
5653;0,011241;50
5654;0,011241;50
5655;0,0114855;50
5656;0,0114855;50
5657;0,0114855;50
5658;0,01173;50
5659;0,0114855;50
5660;0,011241;50
5661;0,0114855;50
5662;0,0114855;50
5663;0,0114855;50
5664;0,0114855;50
5665;0,011241;50
5666;0,011241;50
5667;0,0114855;50
5668;0,01173;50
5669;0,0114855;50
5670;0,011241;50
5671;0,0114855;50
5672;0,01173;50
5673;0,01173;50
5674;0,01173;50
5675;0,0114855;50
5676;0,011241;50
5677;0,011241;50
5678;0,0114855;50
5679;0,01173;50
5680;0,01173;50
5681;0,0114855;50
5682;0,0114855;50
5683;0,01173;50
5684;0,01173;50
5685;0,01173;50
5686;0,01173;50
5687;0,01173;50
5688;0,01173;50
5689;0,01173;50
5690;0,01173;50
5691;0,01173;50
5692;0,01173;50
5693;0,01173;50
5694;0,0114855;50
5695;0,0114855;50
5696;0,01173;50
5697;0,01173;50
5698;0,01173;50
5699;0,01173;50
5700;0,01173;50
5701;0,01173;50
5702;0,01173;50
5703;0,01173;50
5704;0,01173;50
5705;0,01173;50
5706;0,01173;50
5707;0,0119745;50
5708;0,0119745;50
5709;0,01173;50
5710;0,01173;50
5711;0,01173;50
5712;0,01173;50
5713;0,01173;50
5714;0,01173;50
5715;0,01173;50
5716;0,01173;50
5717;0,01173;50
5718;0,0119745;50
5719;0,012219;50
5720;0,0119745;50
5721;0,01173;50
5722;0,01173;50
5723;0,01173;50
5724;0,01173;50
5725;0,01173;50
5726;0,01173;50
5727;0,01173;50
5728;0,01173;50
5729;0,0119745;50
5730;0,012219;50
5731;0,0119745;50
5732;0,01173;50
5733;0,01173;50
5734;0,01173;50
5735;0,01173;50
5736;0,01173;50
5737;0,0119745;50
5738;0,012219;50
5739;0,0119745;50
5740;0,01173;50
5741;0,01173;50
5742;0,01173;50
5743;0,01173;50
5744;0,01173;50
5745;0,01173;50
5746;0,0119745;50
5747;0,012219;50
5748;0,0119745;50
5749;0,01173;50
5750;0,01173;50
5751;0,01173;50
5752;0,01173;50
5753;0,01173;50
5754;0,01173;50
5755;0,01173;50
5756;0,01173;50
5757;0,0119745;50
5758;0,012219;50
5759;0,0119745;50
5760;0,01173;50
5761;0,01173;50
5762;0,01173;50
5763;0,01173;50
5764;0,01173;50
5765;0,01173;50
5766;0,0119745;50
5767;0,0119745;50
5768;0,0119745;50
5769;0,012219;50
5770;0,0119745;50
5771;0,01173;50
5772;0,01173;50
5773;0,0119745;50
5774;0,0119745;50
5775;0,01173;50
5776;0,01173;50
5777;0,0119745;50
5778;0,0119745;50
5779;0,012219;50
5780;0,0124635;50
5781;0,0119745;50
5782;0,0119745;50
5783;0,0119745;50
5784;0,012219;50
5785;0,012708;50
5786;0,0124635;50
5787;0,0119745;50
5788;0,012219;50
5789;0,0124635;50
5790;0,0124635;50
5791;0,0124635;50
5792;0,0124635;50
5793;0,012219;50
5794;0,0119745;50
5795;0,012219;50
5796;0,0124635;50
5797;0,0124635;50
5798;0,012219;50
5799;0,0124635;50
5800;0,012708;50
5801;0,012708;50
5802;0,012708;50
5803;0,012708;50
5804;0,012708;50
5805;0,0124635;50
5806;0,0124635;50
5807;0,012708;50
5808;0,012708;50
5809;0,012708;50
5810;0,012708;50
5811;0,012708;50
5812;0,012708;50
5813;0,012708;50
5814;0,012708;50
5815;0,0124635;50
5816;0,0124635;50
5817;0,012708;50
5818;0,012708;50
5819;0,012708;50
5820;0,012708;50
5821;0,012708;50
5822;0,012708;50
5823;0,012708;50
5824;0,012708;50
5825;0,012708;50
5826;0,012708;50
5827;0,012708;50
5828;0,012708;50
5829;0,012952;50
5830;0,012952;50
5831;0,012708;50
5832;0,012708;50
5833;0,012708;50
5834;0,012708;50
5835;0,012708;50
5836;0,012708;50
5837;0,012952;50
5838;0,012952;50
5839;0,012708;50
5840;0,012708;50
5841;0,012708;50
5842;0,012952;50
5843;0,012952;50
5844;0,012708;50
5845;0,012708;50
5846;0,012952;50
5847;0,0134405;50
5848;0,0134405;50
5849;0,013196;50
5850;0,012952;50
5851;0,012952;50
5852;0,0134405;50
5853;0,0134405;50
5854;0,012952;50
5855;0,0131965;50
5856;0,0134405;50
5857;0,0134405;50
5858;0,0134405;50
5859;0,013196;50
5860;0,0134405;50
5861;0,0134405;50
5862;0,013196;50
5863;0,012952;50
5864;0,0131965;50
5865;0,0134405;50
5866;0,0134405;50
5867;0,013685;50
5868;0,0134405;50
5869;0,013196;50
5870;0,0134405;50
5871;0,0134405;50
5872;0,013196;50
5873;0,013196;50
5874;0,012952;50
5875;0,012952;50
5876;0,013196;50
5877;0,013196;50
5878;0,0134405;50
5879;0,013685;50
5880;0,013685;50
5881;0,013685;50
5882;0,0134405;50
5883;0,012952;50
5884;0,012708;50
5885;0,0131965;50
5886;0,013685;50
5887;0,0131965;50
5888;0,012952;50
5889;0,0134405;50
5890;0,013685;50
5891;0,0134405;50
5892;0,0134405;50
5893;0,013685;50
5894;0,013685;50
5895;0,013685;50
5896;0,013685;50
5897;0,013685;50
5898;0,013685;50
5899;0,013685;50
5900;0,013685;50
5901;0,013685;50
5902;0,013685;50
5903;0,013685;50
5904;0,013685;50
5905;0,013685;50
5906;0,013685;50
5907;0,013685;50
5908;0,0134405;50
5909;0,013196;50
5910;0,0134405;50
5911;0,013685;50
5912;0,013685;50
5913;0,013685;50
5914;0,013685;50
5915;0,013685;50
5916;0,013685;50
5917;0,013685;50
5918;0,013685;50
5919;0,013685;50
5920;0,013685;50
5921;0,013685;50
5922;0,013685;50
5923;0,013685;50
5924;0,013685;50
5925;0,013685;50
5926;0,013685;50
5927;0,013685;50
5928;0,013685;50
5929;0,013685;50
5930;0,013685;50
5931;0,013685;50
5932;0,0139295;50
5933;0,0139295;50
5934;0,013685;50
5935;0,013685;50
5936;0,013685;50
5937;0,0139295;50
5938;0,014174;50
5939;0,0139295;50
5940;0,013685;50
5941;0,013685;50
5942;0,0139295;50
5943;0,014174;50
5944;0,0139295;50
5945;0,013685;50
5946;0,0139295;50
5947;0,014174;50
5948;0,014174;50
5949;0,0139295;50
5950;0,0139295;50
5951;0,0139295;50
5952;0,0139295;50
5953;0,0139295;50
5954;0,014174;50
5955;0,0144185;50
5956;0,0144185;50
5957;0,0144185;50
5958;0,0144185;50
5959;0,0144185;50
5960;0,0144185;50
5961;0,0144185;50
5962;0,0144185;50
5963;0,0144185;50
5964;0,0144185;50
5965;0,0144185;50
5966;0,014174;50
5967;0,0144185;50
5968;0,014663;50
5969;0,0144185;50
5970;0,0144185;50
5971;0,0144185;50
5972;0,0144185;50
5973;0,014663;50
5974;0,014663;50
5975;0,0144185;50
5976;0,0139295;50
5977;0,014174;50
5978;0,0144185;50
5979;0,0144185;50
5980;0,014663;50
5981;0,014663;50
5982;0,0144185;50
5983;0,0144185;50
5984;0,014663;50
5985;0,014663;50
5986;0,014663;50
5987;0,014663;50
5988;0,0144185;50
5989;0,0144185;50
5990;0,014663;50
5991;0,014663;50
5992;0,014663;50
5993;0,014663;50
5994;0,014663;50
5995;0,014663;50
5996;0,0144185;50
5997;0,0144185;50
5998;0,014663;50
5999;0,014663;50
6000;0,014663;50
6001;0,0149075;50
6002;0,0149075;50
6003;0,0144185;50
6004;0,014663;50
6005;0,0149075;50
6006;0,014663;50
6007;0,014663;50
6008;0,014663;50
6009;0,014663;50
6010;0,0149075;50
6011;0,0149075;50
6012;0,014663;50
6013;0,0149075;50
6014;0,0149075;50
6015;0,0149075;50
6016;0,0149075;50
6017;0,0149075;50
6018;0,0149075;50
6019;0,014663;50
6020;0,014663;50
6021;0,014663;50
6022;0,014663;50
6023;0,0149075;50
6024;0,015152;50
6025;0,0149075;50
6026;0,014663;50
6027;0,014663;50
6028;0,0144185;50
6029;0,0144185;50
6030;0,014663;50
6031;0,0151515;50
6032;0,015396;50
6033;0,015152;50
6034;0,0149075;50
6035;0,014663;50
6036;0,0149075;50
6037;0,0149075;50
6038;0,0149075;50
6039;0,015152;50
6040;0,0149075;50
6041;0,014663;50
6042;0,0149075;50
6043;0,015152;50
6044;0,015152;50
6045;0,015152;50
6046;0,015152;50
6047;0,015152;50
6048;0,015152;50
6049;0,015152;50
6050;0,015152;50
6051;0,0149075;50
6052;0,0149075;50
6053;0,0149075;50
6054;0,014663;50
6055;0,0151515;50
6056;0,015396;50
6057;0,015152;50
6058;0,0149075;50
6059;0,0149075;50
6060;0,015152;50
6061;0,015152;50
6062;0,015152;50
6063;0,015152;50
6064;0,015152;50
6065;0,015152;50
6066;0,0149075;50
6067;0,0149075;50
6068;0,015152;50
6069;0,015152;50
6070;0,015152;50
6071;0,0149075;50
6072;0,014663;50
6073;0,0149075;50
6074;0,0149075;50
6075;0,014663;50
6076;0,014663;50
6077;0,014663;50
6078;0,014663;50
6079;0,0149075;50
6080;0,015152;50
6081;0,015152;50
6082;0,015152;50
6083;0,015152;50
6084;0,015396;50
6085;0,015396;50
6086;0,0149075;50
6087;0,0149075;50
6088;0,015152;50
6089;0,015152;50
6090;0,015152;50
6091;0,015152;50
6092;0,0149075;50
6093;0,0149075;50
6094;0,015152;50
6095;0,0149075;50
6096;0,0149075;50
6097;0,015152;50
6098;0,015152;50
6099;0,0149075;50
6100;0,0149075;50
6101;0,0149075;50
6102;0,0149075;50
6103;0,015152;50
6104;0,015152;50
6105;0,015152;50
6106;0,015152;50
6107;0,0149075;50
6108;0,0149075;50
6109;0,015152;50
6110;0,0149075;50
6111;0,014663;50
6112;0,0149075;50
6113;0,015152;50
6114;0,015152;50
6115;0,015152;50
6116;0,015152;50
6117;0,0149075;50
6118;0,014663;50
6119;0,0149075;50
6120;0,015152;50
6121;0,015152;50
6122;0,015152;50
6123;0,0149075;50
6124;0,014663;50
6125;0,014663;50
6126;0,014663;50
6127;0,0149075;50
6128;0,015152;50
6129;0,015152;50
6130;0,0149075;50
6131;0,014663;50
6132;0,014663;50
6133;0,014663;50
6134;0,014663;50
6135;0,0149075;50
6136;0,0149075;50
6137;0,014663;50
6138;0,0149075;50
6139;0,015152;50
6140;0,015152;50
6141;0,0149075;50
6142;0,014663;50
6143;0,0149075;50
6144;0,015152;50
6145;0,0149075;50
6146;0,014663;50
6147;0,014663;50
6148;0,0149075;50
6149;0,015152;50
6150;0,015152;50
6151;0,0149075;50
6152;0,014663;50
6153;0,014663;50
6154;0,014663;50
6155;0,0149075;50
6156;0,0149075;50
6157;0,0149075;50
6158;0,0149075;50
6159;0,0149075;50
6160;0,015152;50
6161;0,015152;50
6162;0,015152;50
6163;0,015152;50
6164;0,015152;50
6165;0,015152;50
6166;0,0149075;50
6167;0,0149075;50
6168;0,015152;50
6169;0,015152;50
6170;0,0149075;50
6171;0,014663;50
6172;0,0149075;50
6173;0,015396;50
6174;0,015396;50
6175;0,015152;50
6176;0,015152;50
6177;0,0149075;50
6178;0,0149075;50
6179;0,015152;50
6180;0,015152;50
6181;0,0149075;50
6182;0,0149075;50
6183;0,0149075;50
6184;0,0149075;50
6185;0,015152;50
6186;0,0149075;50
6187;0,0149075;50
6188;0,015152;50
6189;0,0149075;50
6190;0,0149075;50
6191;0,015152;50
6192;0,015152;50
6193;0,015152;50
6194;0,0149075;50
6195;0,014663;50
6196;0,0151515;50
6197;0,015396;50
6198;0,015152;50
6199;0,015396;50
6200;0,0151515;50
6201;0,0149075;50
6202;0,015152;50
6203;0,015152;50
6204;0,015152;50
6205;0,015152;50
6206;0,0149075;50
6207;0,0149075;50
6208;0,015396;50
6209;0,015396;50
6210;0,015396;50
6211;0,01564;50
6212;0,015396;50
6213;0,015152;50
6214;0,015152;50
6215;0,015396;50
6216;0,015396;50
6217;0,0149075;50
6218;0,0151515;50
6219;0,015396;50
6220;0,015152;50
6221;0,015152;50
6222;0,015152;50
6223;0,015152;50
6224;0,015152;50
6225;0,015396;50
6226;0,015396;50
6227;0,015152;50
6228;0,015396;50
6229;0,015396;50
6230;0,015396;50
6231;0,015396;50
6232;0,015152;50
6233;0,015396;50
6234;0,01564;50
6235;0,015396;50
6236;0,0149075;50
6237;0,0149075;50
6238;0,015396;50
6239;0,015396;50
6240;0,015396;50
6241;0,01564;50
6242;0,015396;50
6243;0,015396;50
6244;0,015396;50
6245;0,015152;50
6246;0,015396;50
6247;0,01564;50
6248;0,01564;50
6249;0,015396;50
6250;0,015396;50
6251;0,01564;50
6252;0,01564;50
6253;0,01564;50
6254;0,01564;50
6255;0,01564;50
6256;0,015396;50
6257;0,015396;50
6258;0,0158845;50
6259;0,0156405;50
6260;0,015396;50
6261;0,01564;50
6262;0,01564;50
6263;0,01564;50
6264;0,01564;50
6265;0,0158845;50
6266;0,0158845;50
6267;0,01564;50
6268;0,01564;50
6269;0,01564;50
6270;0,01564;50
6271;0,015396;50
6272;0,015396;50
6273;0,0158845;50
6274;0,016129;50
6275;0,016129;50
6276;0,016129;50
6277;0,0158845;50
6278;0,0158845;50
6279;0,0158845;50
6280;0,016129;50
6281;0,0163735;50
6282;0,0163735;50
6283;0,016618;50
6284;0,0163735;50
6285;0,016129;50
6286;0,016129;50
6287;0,016129;50
6288;0,0163735;50
6289;0,0163735;50
6290;0,0158845;50
6291;0,016129;50
6292;0,016618;50
6293;0,016618;50
6294;0,016618;50
6295;0,016618;50
6296;0,0163735;50
6297;0,0163735;50
6298;0,016618;50
6299;0,016618;50
6300;0,0163735;50
6301;0,0163735;50
6302;0,016618;50
6303;0,016618;50
6304;0,016618;50
6305;0,016618;50
6306;0,016618;50
6307;0,016618;50
6308;0,0168625;50
6309;0,016618;50
6310;0,0163735;50
6311;0,016618;50
6312;0,016618;50
6313;0,016618;50
6314;0,016618;50
6315;0,016618;50
6316;0,016618;50
6317;0,0168625;50
6318;0,0168625;50
6319;0,016618;50
6320;0,016618;50
6321;0,016618;50
6322;0,016618;50
6323;0,016618;50
6324;0,016618;50
6325;0,016618;50
6326;0,016618;50
6327;0,016618;50
6328;0,016618;50
6329;0,016618;50
6330;0,016618;50
6331;0,0168625;50
6332;0,0168625;50
6333;0,0168625;50
6334;0,017351;50
6335;0,0171065;50
6336;0,0168625;50
6337;0,0168625;50
6338;0,0168625;50
6339;0,017107;50
6340;0,017107;50
6341;0,017107;50
6342;0,017107;50
6343;0,017107;50
6344;0,017107;50
6345;0,017107;50
6346;0,017351;50
6347;0,017351;50
6348;0,017107;50
6349;0,017351;50
6350;0,017351;50
6351;0,017107;50
6352;0,017351;50
6353;0,017595;50
6354;0,017595;50
6355;0,017595;50
6356;0,017595;50
6357;0,0171065;50
6358;0,0168625;50
6359;0,017351;50
6360;0,017595;50
6361;0,017595;50
6362;0,017595;50
6363;0,017595;50
6364;0,017595;50
6365;0,017595;50
6366;0,017595;50
6367;0,017595;50
6368;0,017595;50
6369;0,017595;50
6370;0,017595;50
6371;0,017595;50
6372;0,017595;50
6373;0,017595;50
6374;0,017595;50
6375;0,0178395;50
6376;0,0178395;50
6377;0,017595;50
6378;0,017595;50
6379;0,017595;50
6380;0,0178395;50
6381;0,018084;50
6382;0,018084;50
6383;0,018084;50
6384;0,018084;50
6385;0,0178395;50
6386;0,0178395;50
6387;0,0178395;50
6388;0,018084;50
6389;0,0183285;50
6390;0,0183285;50
6391;0,0183285;50
6392;0,0183285;50
6393;0,018573;50
6394;0,018573;50
6395;0,0183285;50
6396;0,0183285;50
6397;0,0183285;50
6398;0,0183285;50
6399;0,018573;50
6400;0,0183285;50
6401;0,018573;50
6402;0,0188175;50
6403;0,018573;50
6404;0,018573;50
6405;0,0183285;50
6406;0,0183285;50
6407;0,018573;50
6408;0,018573;50
6409;0,018573;50
6410;0,0188175;50
6411;0,0188175;50
6412;0,018573;50
6413;0,018573;50
6414;0,018573;50
6415;0,018573;50
6416;0,0188175;50
6417;0,0188175;50
6418;0,018573;50
6419;0,0188175;50
6420;0,0188175;50
6421;0,0188175;50
6422;0,0188175;50
6423;0,0188175;50
6424;0,019062;50
6425;0,019062;50
6426;0,019062;50
6427;0,0188175;50
6428;0,0188175;50
6429;0,019062;50
6430;0,019062;50
6431;0,0188175;50
6432;0,0188175;50
6433;0,019306;50
6434;0,01955;50
6435;0,019306;50
6436;0,019062;50
6437;0,019062;50
6438;0,019062;50
6439;0,019062;50
6440;0,019062;50
6441;0,0188175;50
6442;0,0190615;50
6443;0,01955;50
6444;0,019306;50
6445;0,019062;50
6446;0,019062;50
6447;0,019306;50
6448;0,019306;50
6449;0,019306;50
6450;0,0190615;50
6451;0,0190615;50
6452;0,019306;50
6453;0,019062;50
6454;0,019306;50
6455;0,01955;50
6456;0,019306;50
6457;0,019062;50
6458;0,019062;50
6459;0,019306;50
6460;0,01955;50
6461;0,019306;50
6462;0,019062;50
6463;0,019306;50
6464;0,01955;50
6465;0,01955;50
6466;0,019306;50
6467;0,019306;50
6468;0,01955;50
6469;0,01955;50
6470;0,01955;50
6471;0,01955;50
6472;0,01955;50
6473;0,01955;50
6474;0,01955;50
6475;0,01955;50
6476;0,01955;50
6477;0,019306;50
6478;0,019306;50
6479;0,01955;50
6480;0,01955;50
6481;0,0197945;50
6482;0,0197945;50
6483;0,0197945;50
6484;0,0197945;50
6485;0,01955;50
6486;0,019306;50
6487;0,019306;50
6488;0,0197945;50
6489;0,0197945;50
6490;0,0197945;50
6491;0,0195505;50
6492;0,019795;50
6493;0,020528;50
6494;0,0202835;50
6495;0,020039;50
6496;0,020039;50
6497;0,0202835;50
6498;0,020528;50
6499;0,020528;50
6500;0,020528;50
6501;0,020528;50
6502;0,020528;50
6503;0,020528;50
6504;0,020528;50
6505;0,020528;50
6506;0,020528;50
6507;0,020528;50
6508;0,020528;50
6509;0,020528;50
6510;0,0207725;50
6511;0,0207725;50
6512;0,020528;50
6513;0,020528;50
6514;0,020528;50
6515;0,0207725;50
6516;0,0207725;50
6517;0,020528;50
6518;0,020528;50
6519;0,020528;50
6520;0,020528;50
6521;0,020528;50
6522;0,0207725;50
6523;0,021017;50
6524;0,0207725;50
6525;0,020528;50
6526;0,020528;50
6527;0,020528;50
6528;0,020528;50
6529;0,020528;50
6530;0,020528;50
6531;0,020528;50
6532;0,020528;50
6533;0,020528;50
6534;0,020528;50
6535;0,020528;50
6536;0,020528;50
6537;0,020528;50
6538;0,020528;50
6539;0,020528;50
6540;0,0202835;50
6541;0,0202835;50
6542;0,020528;50
6543;0,020528;50
6544;0,0202835;50
6545;0,020039;50
6546;0,020039;50
6547;0,0197945;50
6548;0,019306;50
6549;0,019306;50
6550;0,01955;50
6551;0,019306;50
6552;0,019306;50
6553;0,0190615;50
6554;0,018573;50
6555;0,018573;50
6556;0,018573;50
6557;0,018573;50
6558;0,018573;50
6559;0,0183285;50
6560;0,0178395;50
6561;0,0178395;50
6562;0,0178395;50
6563;0,017595;50
6564;0,017351;50
6565;0,017107;50
6566;0,0168625;50
6567;0,016618;50
6568;0,016618;50
6569;0,016129;50
6570;0,01564;50
6571;0,015396;50
6572;0,015396;50
6573;0,01564;50
6574;0,01564;50
6575;0,0151515;50
6576;0,014663;50
6577;0,014663;50
6578;0,0144185;50
6579;0,0139295;50
6580;0,013685;50
6581;0,0134405;50
6582;0,0134405;50
6583;0,0134405;50
6584;0,012952;50
6585;0,012708;50
6586;0,012708;50
6587;0,012219;50
6588;0,0119745;50
6589;0,0119745;50
6590;0,0114855;50
6591;0,010997;50
6592;0,0112415;50
6593;0,0114855;50
6594;0,010997;50
6595;0,010753;50
6596;0,010753;50
6597;0,0105085;50
6598;0,010264;50
6599;0,0100195;50
6600;0,009775;50
6601;0,0095305;50
6602;0,009286;50
6603;0,0095305;50
6604;0,0092865;50
6605;0,008798;50
6606;0,008798;50
6607;0,008798;50
6608;0,008798;50
6609;0,0085535;50
6610;0,0080645;50
6611;0,00782;50
6612;0,00782;50
6613;0,00782;50
6614;0,0080645;50
6615;0,0080645;50
6616;0,00782;50
6617;0,00782;50
6618;0,00782;50
6619;0,00782;50
6620;0,00782;50
6621;0,00782;50
6622;0,00782;50
6623;0,0075755;50
6624;0,007331;50
6625;0,007331;50
6626;0,007087;50
6627;0,007087;50
6628;0,007331;50
6629;0,007331;50
6630;0,007331;50
6631;0,007087;50
6632;0,0073315;50
6633;0,0073315;50
6634;0,007087;50
6635;0,007331;50
6636;0,0075755;50
6637;0,0075755;50
6638;0,0075755;50
6639;0,00782;50
6640;0,0075755;50
6641;0,0075755;50
6642;0,00782;50
6643;0,00782;50
6644;0,00782;50
6645;0,00782;50
6646;0,00782;50
6647;0,00782;50
6648;0,0075755;50
6649;0,0075755;50
6650;0,00782;50
6651;0,00782;50
6652;0,0080645;50
6653;0,008309;50
6654;0,0085535;50
6655;0,008798;50
6656;0,008798;50
6657;0,008798;50
6658;0,008798;50
6659;0,008798;50
6660;0,009042;50
6661;0,009042;50
6662;0,008798;50
6663;0,009042;50
6664;0,0095305;50
6665;0,0095305;50
6666;0,009286;50
6667;0,0095305;50
6668;0,009775;50
6669;0,009775;50
6670;0,009775;50
6671;0,009775;50
6672;0,0100195;50
6673;0,0100195;50
6674;0,009775;50
6675;0,009775;50
6676;0,010264;50
6677;0,010753;50
6678;0,010753;50
6679;0,010753;50
6680;0,010753;50
6681;0,010753;50
6682;0,010753;50
6683;0,010753;50
6684;0,010753;50
6685;0,010753;50
6686;0,010753;50
6687;0,010997;50
6688;0,0114855;50
6689;0,0114855;50
6690;0,0114855;50
6691;0,01173;50
6692;0,01173;50
6693;0,01173;50
6694;0,01173;50
6695;0,01173;50
6696;0,01173;50
6697;0,01173;50
6698;0,01173;50
6699;0,01173;50
6700;0,0119745;50
6701;0,0119745;50
6702;0,01173;50
6703;0,0119745;50
6704;0,0124635;50
6705;0,012708;50
6706;0,0124635;50
6707;0,0124635;50
6708;0,012708;50
6709;0,012708;50
6710;0,012708;50
6711;0,012708;50
6712;0,012708;50
6713;0,012708;50
6714;0,012708;50
6715;0,012708;50
6716;0,012708;50
6717;0,0124635;50
6718;0,0124635;50
6719;0,012708;50
6720;0,012708;50
6721;0,012708;50
6722;0,012708;50
6723;0,012708;50
6724;0,012708;50
6725;0,012952;50
6726;0,012952;50
6727;0,0131965;50
6728;0,0134405;50
6729;0,013196;50
6730;0,0134405;50
6731;0,0134405;50
6732;0,013196;50
6733;0,0134405;50
6734;0,013685;50
6735;0,0134405;50
6736;0,013196;50
6737;0,0134405;50
6738;0,013685;50
6739;0,013685;50
6740;0,013685;50
6741;0,014174;50
6742;0,014174;50
6743;0,013685;50
6744;0,013685;50
6745;0,013685;50
6746;0,013685;50
6747;0,013685;50
6748;0,013685;50
6749;0,013685;50
6750;0,013685;50
6751;0,013685;50
6752;0,013685;50
6753;0,013685;50
6754;0,013685;50
6755;0,0139295;50
6756;0,0139295;50
6757;0,013685;50
6758;0,013685;50
6759;0,013685;50
6760;0,014174;50
6761;0,0144185;50
6762;0,0139295;50
6763;0,0139295;50
6764;0,0139295;50
6765;0,013685;50
6766;0,013685;50
6767;0,0139295;50
6768;0,0139295;50
6769;0,0139295;50
6770;0,0139295;50
6771;0,0139295;50
6772;0,0139295;50
6773;0,0139295;50
6774;0,014174;50
6775;0,014174;50
6776;0,0139295;50
6777;0,0139295;50
6778;0,0144185;50
6779;0,0144185;50
6780;0,0144185;50
6781;0,0144185;50
6782;0,014174;50
6783;0,014174;50
6784;0,0144185;50
6785;0,014663;50
6786;0,014663;50
6787;0,0144185;50
6788;0,0144185;50
6789;0,014174;50
6790;0,014174;50
6791;0,014663;50
6792;0,0144185;50
6793;0,014174;50
6794;0,014174;50
6795;0,0144185;50
6796;0,0144185;50
6797;0,014174;50
6798;0,014174;50
6799;0,0144185;50
6800;0,014663;50
6801;0,014663;50
6802;0,0144185;50
6803;0,0144185;50
6804;0,014663;50
6805;0,014174;50
6806;0,013685;50
6807;0,0139295;50
6808;0,0144185;50
6809;0,0144185;50
6810;0,0144185;50
6811;0,0144185;50
6812;0,014174;50
6813;0,0144185;50
6814;0,014174;50
6815;0,0144185;50
6816;0,014663;50
6817;0,0139295;50
6818;0,014174;50
6819;0,014663;50
6820;0,0144185;50
6821;0,0144185;50
6822;0,0144185;50
6823;0,0144185;50
6824;0,014663;50
6825;0,014663;50
6826;0,0144185;50
6827;0,0144185;50
6828;0,014663;50
6829;0,0149075;50
6830;0,0149075;50
6831;0,0149075;50
6832;0,015152;50
6833;0,0149075;50
6834;0,014663;50
6835;0,014663;50
6836;0,0144185;50
6837;0,0144185;50
6838;0,0149075;50
6839;0,0149075;50
6840;0,014663;50
6841;0,014663;50
6842;0,014663;50
6843;0,014663;50
6844;0,014663;50
6845;0,0149075;50
6846;0,015152;50
6847;0,0149075;50
6848;0,014663;50
6849;0,014663;50
6850;0,0149075;50
6851;0,0149075;50
6852;0,014663;50
6853;0,014663;50
6854;0,014663;50
6855;0,0149075;50
6856;0,015152;50
6857;0,0149075;50
6858;0,014663;50
6859;0,014663;50
6860;0,014663;50
6861;0,0149075;50
6862;0,015152;50
6863;0,0149075;50
6864;0,0149075;50
6865;0,0149075;50
6866;0,014663;50
6867;0,0149075;50
6868;0,0149075;50
6869;0,014663;50
6870;0,014663;50
6871;0,0149075;50
6872;0,0149075;50
6873;0,014663;50
6874;0,014663;50
6875;0,0149075;50
6876;0,015152;50
6877;0,015152;50
6878;0,015152;50
6879;0,0149075;50
6880;0,0149075;50
6881;0,0149075;50
6882;0,0149075;50
6883;0,015152;50
6884;0,015152;50
6885;0,015152;50
6886;0,0149075;50
6887;0,0149075;50
6888;0,015152;50
6889;0,0149075;50
6890;0,0149075;50
6891;0,015152;50
6892;0,015152;50
6893;0,0149075;50
6894;0,0149075;50
6895;0,015152;50
6896;0,0149075;50
6897;0,014663;50
6898;0,0149075;50
6899;0,0149075;50
6900;0,014663;50
6901;0,014663;50
6902;0,0149075;50
6903;0,015152;50
6904;0,0149075;50
6905;0,0149075;50
6906;0,014663;50
6907;0,014663;50
6908;0,0149075;50
6909;0,014663;50
6910;0,014663;50
6911;0,0149075;50
6912;0,015152;50
6913;0,0149075;50
6914;0,014663;50
6915;0,014663;50
6916;0,0149075;50
6917;0,015152;50
6918;0,0149075;50
6919;0,014663;50
6920;0,0149075;50
6921;0,0149075;50
6922;0,014663;50
6923;0,0149075;50
6924;0,015152;50
6925;0,015152;50
6926;0,0149075;50
6927;0,0149075;50
6928;0,0149075;50
6929;0,014663;50
6930;0,0151515;50
6931;0,015396;50
6932;0,015152;50
6933;0,0149075;50
6934;0,014663;50
6935;0,0151515;50
6936;0,0151515;50
6937;0,0149075;50
6938;0,015152;50
6939;0,015152;50
6940;0,015152;50
6941;0,015152;50
6942;0,0149075;50
6943;0,0149075;50
6944;0,015152;50
6945;0,0149075;50
6946;0,0149075;50
6947;0,015152;50
6948;0,0149075;50
6949;0,014663;50
6950;0,0149075;50
6951;0,015152;50
6952;0,015152;50
6953;0,015152;50
6954;0,015152;50
6955;0,015152;50
6956;0,015152;50
6957;0,015152;50
6958;0,0149075;50
6959;0,0149075;50
6960;0,015152;50
6961;0,015152;50
6962;0,015152;50
6963;0,015152;50
6964;0,015152;50
6965;0,015152;50
6966;0,015152;50
6967;0,015152;50
6968;0,015152;50
6969;0,015152;50
6970;0,0149075;50
6971;0,014663;50
6972;0,0149075;50
6973;0,015152;50
6974;0,015152;50
6975;0,015152;50
6976;0,015152;50
6977;0,015152;50
6978;0,015152;50
6979;0,0149075;50
6980;0,0149075;50
6981;0,0149075;50
6982;0,0149075;50
6983;0,015152;50
6984;0,0149075;50
6985;0,0149075;50
6986;0,015152;50
6987;0,015152;50
6988;0,015152;50
6989;0,015152;50
6990;0,0149075;50
6991;0,0151515;50
6992;0,015396;50
6993;0,015396;50
6994;0,0151515;50
6995;0,0149075;50
6996;0,015396;50
6997;0,015396;50
6998;0,015152;50
6999;0,015152;50
7000;0,015152;50
7001;0,015152;50
7002;0,015152;50
7003;0,015396;50
7004;0,015396;50
7005;0,015152;50
7006;0,0149075;50
7007;0,014663;50
7008;0,0149075;50
7009;0,015396;50
7010;0,01564;50
7011;0,015396;50
7012;0,015396;50
7013;0,015396;50
7014;0,015396;50
7015;0,015396;50
7016;0,015396;50
7017;0,015396;50
7018;0,015152;50
7019;0,015152;50
7020;0,015152;50
7021;0,015396;50
7022;0,01564;50
7023;0,01564;50
7024;0,015396;50
7025;0,015152;50
7026;0,015152;50
7027;0,015396;50
7028;0,01564;50
7029;0,01564;50
7030;0,01564;50
7031;0,01564;50
7032;0,015396;50
7033;0,015152;50
7034;0,015152;50
7035;0,015396;50
7036;0,01564;50
7037;0,01564;50
7038;0,015396;50
7039;0,015152;50
7040;0,015396;50
7041;0,015396;50
7042;0,015152;50
7043;0,015152;50
7044;0,015396;50
7045;0,01564;50
7046;0,015396;50
7047;0,015396;50
7048;0,01564;50
7049;0,01564;50
7050;0,015396;50
7051;0,015396;50
7052;0,015396;50
7053;0,015396;50
7054;0,015396;50
7055;0,015152;50
7056;0,015396;50
7057;0,015396;50
7058;0,015396;50
7059;0,015396;50
7060;0,015152;50
7061;0,015396;50
7062;0,015396;50
7063;0,015152;50
7064;0,015396;50
7065;0,015396;50
7066;0,015152;50
7067;0,015152;50
7068;0,015152;50
7069;0,015396;50
7070;0,015396;50
7071;0,015152;50
7072;0,015396;50
7073;0,015396;50
7074;0,015152;50
7075;0,015152;50
7076;0,015152;50
7077;0,015396;50
7078;0,01564;50
7079;0,015396;50
7080;0,015152;50
7081;0,015152;50
7082;0,015396;50
7083;0,01564;50
7084;0,01564;50
7085;0,015396;50
7086;0,015152;50
7087;0,015152;50
7088;0,015396;50
7089;0,015396;50
7090;0,015396;50
7091;0,015396;50
7092;0,015152;50
7093;0,015152;50
7094;0,015396;50
7095;0,015396;50
7096;0,0149075;50
7097;0,0149075;50
7098;0,015152;50
7099;0,015152;50
7100;0,015152;50
7101;0,015152;50
7102;0,015152;50
7103;0,015152;50
7104;0,015152;50
7105;0,015152;50
7106;0,015152;50
7107;0,015152;50
7108;0,015152;50
7109;0,015152;50
7110;0,015396;50
7111;0,015396;50
7112;0,015152;50
7113;0,015152;50
7114;0,015396;50
7115;0,01564;50
7116;0,015396;50
7117;0,015152;50
7118;0,015152;50
7119;0,015152;50
7120;0,015396;50
7121;0,01564;50
7122;0,015396;50
7123;0,015152;50
7124;0,015396;50
7125;0,01564;50
7126;0,01564;50
7127;0,01564;50
7128;0,0151515;50
7129;0,0151515;50
7130;0,015396;50
7131;0,015396;50
7132;0,01564;50
7133;0,015396;50
7134;0,015152;50
7135;0,015396;50
7136;0,01564;50
7137;0,01564;50
7138;0,015396;50
7139;0,015152;50
7140;0,015152;50
7141;0,015152;50
7142;0,015396;50
7143;0,01564;50
7144;0,015396;50
7145;0,015152;50
7146;0,015396;50
7147;0,0158845;50
7148;0,0156405;50
7149;0,015396;50
7150;0,01564;50
7151;0,01564;50
7152;0,01564;50
7153;0,01564;50
7154;0,015396;50
7155;0,015396;50
7156;0,015396;50
7157;0,015396;50
7158;0,01564;50
7159;0,01564;50
7160;0,01564;50
7161;0,01564;50
7162;0,015396;50
7163;0,015152;50
7164;0,015396;50
7165;0,0158845;50
7166;0,0156405;50
7167;0,015396;50
7168;0,01564;50
7169;0,01564;50
7170;0,015396;50
7171;0,015152;50
7172;0,015396;50
7173;0,01564;50
7174;0,01564;50
7175;0,01564;50
7176;0,01564;50
7177;0,015396;50
7178;0,015396;50
7179;0,01564;50
7180;0,015396;50
7181;0,015152;50
7182;0,015396;50
7183;0,01564;50
7184;0,01564;50
7185;0,01564;50
7186;0,01564;50
7187;0,015396;50
7188;0,015152;50
7189;0,015396;50
7190;0,01564;50
7191;0,01564;50
7192;0,01564;50
7193;0,01564;50
7194;0,01564;50
7195;0,01564;50
7196;0,015396;50
7197;0,015152;50
7198;0,015396;50
7199;0,01564;50
7200;0,01564;50
7201;0,01564;50
7202;0,01564;50
7203;0,01564;50
7204;0,01564;50
7205;0,01564;50
7206;0,0158845;50
7207;0,0158845;50
7208;0,01564;50
7209;0,01564;50
7210;0,01564;50
7211;0,015396;50
7212;0,015152;50
7213;0,015396;50
7214;0,01564;50
7215;0,01564;50
7216;0,01564;50
7217;0,01564;50
7218;0,01564;50
7219;0,01564;50
7220;0,01564;50
7221;0,01564;50
7222;0,01564;50
7223;0,01564;50
7224;0,015396;50
7225;0,015152;50
7226;0,015396;50
7227;0,01564;50
7228;0,01564;50
7229;0,015396;50
7230;0,015152;50
7231;0,015152;50
7232;0,015152;50
7233;0,015152;50
7234;0,015152;50
7235;0,015396;50
7236;0,015396;50
7237;0,015396;50
7238;0,01564;50
7239;0,015396;50
7240;0,015396;50
7241;0,01564;50
7242;0,01564;50
7243;0,01564;50
7244;0,015396;50
7245;0,015152;50
7246;0,015152;50
7247;0,015152;50
7248;0,015152;50
7249;0,015396;50
7250;0,015396;50
7251;0,015396;50
7252;0,01564;50
7253;0,015396;50
7254;0,015152;50
7255;0,015396;50
7256;0,015396;50
7257;0,015152;50
7258;0,015396;50
7259;0,015396;50
7260;0,015152;50
7261;0,015152;50
7262;0,015152;50
7263;0,015152;50
7264;0,015396;50
7265;0,015396;50
7266;0,015152;50
7267;0,015396;50
7268;0,015396;50
7269;0,015152;50
7270;0,015152;50
7271;0,015152;50
7272;0,015396;50
7273;0,015396;50
7274;0,015152;50
7275;0,015152;50
7276;0,015152;50
7277;0,015396;50
7278;0,0151515;50
7279;0,0149075;50
7280;0,015152;50
7281;0,015396;50
7282;0,015396;50
7283;0,015396;50
7284;0,01564;50
7285;0,01564;50
7286;0,01564;50
7287;0,015396;50
7288;0,015152;50
7289;0,015396;50
7290;0,015396;50
7291;0,015152;50
7292;0,015396;50
7293;0,01564;50
7294;0,015396;50
7295;0,015152;50
7296;0,015396;50
7297;0,01564;50
7298;0,015396;50
7299;0,015152;50
7300;0,015396;50
7301;0,01564;50
7302;0,015396;50
7303;0,015396;50
7304;0,01564;50
7305;0,01564;50
7306;0,015396;50
7307;0,015396;50
7308;0,01564;50
7309;0,01564;50
7310;0,01564;50
7311;0,015396;50
7312;0,015396;50
7313;0,01564;50
7314;0,01564;50
7315;0,01564;50
7316;0,01564;50
7317;0,01564;50
7318;0,01564;50
7319;0,01564;50
7320;0,01564;50
7321;0,0158845;50
7322;0,0158845;50
7323;0,016129;50
7324;0,015885;50
7325;0,015396;50
7326;0,015396;50
7327;0,015152;50
7328;0,015152;50
7329;0,015396;50
7330;0,015396;50
7331;0,015152;50
7332;0,015396;50
7333;0,015396;50
7334;0,015396;50
7335;0,01564;50
7336;0,01564;50
7337;0,01564;50
7338;0,01564;50
7339;0,01564;50
7340;0,015396;50
7341;0,015396;50
7342;0,01564;50
7343;0,0158845;50
7344;0,0158845;50
7345;0,015396;50
7346;0,015152;50
7347;0,015152;50
7348;0,015152;50
7349;0,015396;50
7350;0,015396;50
7351;0,015396;50
7352;0,01564;50
7353;0,01564;50
7354;0,01564;50
7355;0,015396;50
7356;0,015396;50
7357;0,01564;50
7358;0,015396;50
7359;0,015396;50
7360;0,01564;50
7361;0,01564;50
7362;0,015396;50
7363;0,015396;50
7364;0,015396;50
7365;0,015152;50
7366;0,015152;50
7367;0,015396;50
7368;0,01564;50
7369;0,01564;50
7370;0,01564;50
7371;0,015396;50
7372;0,015396;50
7373;0,01564;50
7374;0,01564;50
7375;0,01564;50
7376;0,01564;50
7377;0,015396;50
7378;0,015152;50
7379;0,015396;50
7380;0,015396;50
7381;0,015396;50
7382;0,01564;50
7383;0,015396;50
7384;0,015396;50
7385;0,01564;50
7386;0,015396;50
7387;0,015152;50
7388;0,015152;50
7389;0,015396;50
7390;0,015396;50
7391;0,015152;50
7392;0,015396;50
7393;0,015396;50
7394;0,015152;50
7395;0,015152;50
7396;0,015152;50
7397;0,015396;50
7398;0,01564;50
7399;0,01564;50
7400;0,01564;50
7401;0,01564;50
7402;0,015396;50
7403;0,015396;50
7404;0,01564;50
7405;0,015396;50
7406;0,015396;50
7407;0,01564;50
7408;0,015396;50
7409;0,015396;50
7410;0,015396;50
7411;0,015152;50
7412;0,015152;50
7413;0,0156405;50
7414;0,0158845;50
7415;0,01564;50
7416;0,015396;50
7417;0,015152;50
7418;0,015396;50
7419;0,01564;50
7420;0,015396;50
7421;0,015152;50
7422;0,015396;50
7423;0,01564;50
7424;0,01564;50
7425;0,015396;50
7426;0,015396;50
7427;0,015396;50
7428;0,015396;50
7429;0,01564;50
7430;0,01564;50
7431;0,01564;50
7432;0,015396;50
7433;0,015152;50
7434;0,015396;50
7435;0,01564;50
7436;0,01564;50
7437;0,015396;50
7438;0,015396;50
7439;0,01564;50
7440;0,01564;50
7441;0,01564;50
7442;0,0158845;50
7443;0,0158845;50
7444;0,01564;50
7445;0,01564;50
7446;0,01564;50
7447;0,01564;50
7448;0,01564;50
7449;0,015396;50
7450;0,015396;50
7451;0,015396;50
7452;0,015152;50
7453;0,015152;50
7454;0,015396;50
7455;0,01564;50
7456;0,01564;50
7457;0,01564;50
7458;0,01564;50
7459;0,015396;50
7460;0,015152;50
7461;0,0156405;50
7462;0,0156405;50
7463;0,015152;50
7464;0,015396;50
7465;0,01564;50
7466;0,015396;50
7467;0,015396;50
7468;0,01564;50
7469;0,01564;50
7470;0,015396;50
7471;0,015396;50
7472;0,015396;50
7473;0,015152;50
7474;0,015396;50
7475;0,015396;50
7476;0,015152;50
7477;0,015396;50
7478;0,01564;50
7479;0,01564;50
7480;0,01564;50
7481;0,015396;50
7482;0,015152;50
7483;0,015152;50
7484;0,015152;50
7485;0,015396;50
7486;0,01564;50
7487;0,015396;50
7488;0,015152;50
7489;0,015396;50
7490;0,01564;50
7491;0,01564;50
7492;0,01564;50
7493;0,01564;50
7494;0,01564;50
7495;0,01564;50
7496;0,01564;50
7497;0,01564;50
7498;0,015396;50
7499;0,015396;50
7500;0,01564;50
7501;0,01564;50
7502;0,01564;50
7503;0,015396;50
7504;0,015396;50
7505;0,01564;50
7506;0,01564;50
7507;0,01564;50
7508;0,015396;50
7509;0,015152;50
7510;0,015152;50
7511;0,015396;50
7512;0,015396;50
7513;0,015396;50
7514;0,015396;50
7515;0,015152;50
7516;0,015152;50
7517;0,015396;50
7518;0,015396;50
7519;0,015152;50
7520;0,015152;50
7521;0,015152;50
7522;0,015396;50
7523;0,015396;50
7524;0,015396;50
7525;0,01564;50
7526;0,015396;50
7527;0,015396;50
7528;0,015396;50
7529;0,015396;50
7530;0,015396;50
7531;0,015152;50
7532;0,015396;50
7533;0,015396;50
7534;0,015152;50
7535;0,015396;50
7536;0,015396;50
7537;0,015396;50
7538;0,01564;50
7539;0,015396;50
7540;0,015152;50
7541;0,015152;50
7542;0,015152;50
7543;0,015396;50
7544;0,015396;50
7545;0,015152;50
7546;0,015152;50
7547;0,015396;50
7548;0,015396;50
7549;0,015396;50
7550;0,015396;50
7551;0,015152;50
7552;0,015152;50
7553;0,015152;50
7554;0,015396;50
7555;0,015396;50
7556;0,015152;50
7557;0,015152;50
7558;0,015152;50
7559;0,015152;50
7560;0,015152;50
7561;0,015152;50
7562;0,015152;50
7563;0,015396;50
7564;0,015396;50
7565;0,015152;50
7566;0,015152;50
7567;0,015152;50
7568;0,015152;50
7569;0,015152;50
7570;0,015396;50
7571;0,01564;50
7572;0,015396;50
7573;0,015152;50
7574;0,015152;50
7575;0,015152;50
7576;0,015152;50
7577;0,015152;50
7578;0,015152;50
7579;0,015152;50
7580;0,015152;50
7581;0,015152;50
7582;0,015396;50
7583;0,01564;50
7584;0,015396;50
7585;0,015396;50
7586;0,01564;50
7587;0,015396;50
7588;0,015152;50
7589;0,0149075;50
7590;0,0149075;50
7591;0,015152;50
7592;0,015152;50
7593;0,015152;50
7594;0,015152;50
7595;0,015152;50
7596;0,015152;50
7597;0,0149075;50
7598;0,0149075;50
7599;0,015152;50
7600;0,015396;50
7601;0,015396;50
7602;0,015152;50
7603;0,015152;50
7604;0,0149075;50
7605;0,0151515;50
7606;0,01564;50
7607;0,0151515;50
7608;0,0149075;50
7609;0,015152;50
7610;0,015152;50
7611;0,015152;50
7612;0,0149075;50
7613;0,0149075;50
7614;0,015152;50
7615;0,015152;50
7616;0,015396;50
7617;0,015396;50
7618;0,015152;50
7619;0,015152;50
7620;0,015152;50
7621;0,0149075;50
7622;0,0149075;50
7623;0,015152;50
7624;0,015396;50
7625;0,015396;50
7626;0,015152;50
7627;0,0149075;50
7628;0,0149075;50
7629;0,015152;50
7630;0,015152;50
7631;0,015152;50
7632;0,015152;50
7633;0,015152;50
7634;0,015396;50
7635;0,015396;50
7636;0,015152;50
7637;0,015396;50
7638;0,015396;50
7639;0,015152;50
7640;0,015152;50
7641;0,0149075;50
7642;0,0149075;50
7643;0,015152;50
7644;0,015396;50
7645;0,015396;50
7646;0,015152;50
7647;0,015152;50
7648;0,015152;50
7649;0,015396;50
7650;0,015396;50
7651;0,015152;50
7652;0,015152;50
7653;0,015152;50
7654;0,015396;50
7655;0,01564;50
7656;0,015396;50
7657;0,015152;50
7658;0,015152;50
7659;0,015152;50
7660;0,015396;50
7661;0,015396;50
7662;0,0149075;50
7663;0,0149075;50
7664;0,015152;50
7665;0,015152;50
7666;0,015396;50
7667;0,015396;50
7668;0,015396;50
7669;0,01564;50
7670;0,015396;50
7671;0,015152;50
7672;0,015152;50
7673;0,015152;50
7674;0,015152;50
7675;0,015396;50
7676;0,0151515;50
7677;0,0149075;50
7678;0,0149075;50
7679;0,0151515;50
7680;0,015396;50
7681;0,015152;50
7682;0,015152;50
7683;0,015152;50
7684;0,015152;50
7685;0,015152;50
7686;0,015152;50
7687;0,015396;50
7688;0,01564;50
7689;0,015396;50
7690;0,0149075;50
7691;0,0149075;50
7692;0,015152;50
7693;0,015152;50
7694;0,015152;50
7695;0,015152;50
7696;0,015152;50
7697;0,015152;50
7698;0,015152;50
7699;0,015152;50
7700;0,015152;50
7701;0,015152;50
7702;0,015152;50
7703;0,015152;50
7704;0,015152;50
7705;0,015152;50
7706;0,015152;50
7707;0,0149075;50
7708;0,0149075;50
7709;0,015152;50
7710;0,015152;50
7711;0,015152;50
7712;0,015152;50
7713;0,015152;50
7714;0,015396;50
7715;0,015396;50
7716;0,015152;50
7717;0,015152;50
7718;0,015152;50
7719;0,015152;50
7720;0,015152;50
7721;0,015396;50
7722;0,015396;50
7723;0,0149075;50
7724;0,0149075;50
7725;0,015396;50
7726;0,015396;50
7727;0,0149075;50
7728;0,0151515;50
7729;0,015396;50
7730;0,015152;50
7731;0,015152;50
7732;0,015152;50
7733;0,015152;50
7734;0,015396;50
7735;0,015396;50
7736;0,015152;50
7737;0,015396;50
7738;0,015396;50
7739;0,015152;50
7740;0,015152;50
7741;0,015152;50
7742;0,015396;50
7743;0,01564;50
7744;0,015396;50
7745;0,015152;50
7746;0,015396;50
7747;0,015396;50
7748;0,015152;50
7749;0,015152;50
7750;0,015396;50
7751;0,01564;50
7752;0,015396;50
7753;0,015152;50
7754;0,015152;50
7755;0,015152;50
7756;0,015152;50
7757;0,015152;50
7758;0,015152;50
7759;0,015152;50
7760;0,015152;50
7761;0,015396;50
7762;0,01564;50
7763;0,015396;50
7764;0,015396;50
7765;0,01564;50
7766;0,01564;50
7767;0,015396;50
7768;0,015396;50
7769;0,015396;50
7770;0,015396;50
7771;0,01564;50
7772;0,015396;50
7773;0,015396;50
7774;0,01564;50
7775;0,01564;50
7776;0,015396;50
7777;0,015152;50
7778;0,015396;50
7779;0,01564;50
7780;0,01564;50
7781;0,01564;50
7782;0,015396;50
7783;0,015396;50
7784;0,01564;50
7785;0,01564;50
7786;0,01564;50
7787;0,015396;50
7788;0,015396;50
7789;0,015396;50
7790;0,015152;50
7791;0,015396;50
7792;0,01564;50
7793;0,015396;50
7794;0,015396;50
7795;0,01564;50
7796;0,01564;50
7797;0,01564;50
7798;0,01564;50
7799;0,01564;50
7800;0,0158845;50
7801;0,0158845;50
7802;0,01564;50
7803;0,015396;50
7804;0,015152;50
7805;0,015396;50
7806;0,01564;50
7807;0,01564;50
7808;0,01564;50
7809;0,01564;50
7810;0,01564;50
7811;0,01564;50
7812;0,01564;50
7813;0,01564;50
7814;0,01564;50
7815;0,01564;50
7816;0,01564;50
7817;0,01564;50
7818;0,01564;50
7819;0,01564;50
7820;0,01564;50
7821;0,01564;50
7822;0,01564;50
7823;0,01564;50
7824;0,01564;50
7825;0,01564;50
7826;0,01564;50
7827;0,01564;50
7828;0,01564;50
7829;0,01564;50
7830;0,01564;50
7831;0,016129;50
7832;0,0163735;50
7833;0,016129;50
7834;0,0158845;50
7835;0,0158845;50
7836;0,016129;50
7837;0,0158845;50
7838;0,0158845;50
7839;0,0158845;50
7840;0,016129;50
7841;0,0163735;50
7842;0,016129;50
7843;0,0158845;50
7844;0,0158845;50
7845;0,016129;50
7846;0,016129;50
7847;0,016129;50
7848;0,0158845;50
7849;0,01564;50
7850;0,0158845;50
7851;0,016129;50
7852;0,016129;50
7853;0,016129;50
7854;0,016129;50
7855;0,0158845;50
7856;0,01564;50
7857;0,016129;50
7858;0,016618;50
7859;0,015885;50
7860;0,015885;50
7861;0,0163735;50
7862;0,0158845;50
7863;0,0158845;50
7864;0,0158845;50
7865;0,0158845;50
7866;0,016129;50
7867;0,0163735;50
7868;0,016618;50
7869;0,016129;50
7870;0,01564;50
7871;0,0158845;50
7872;0,0158845;50
7873;0,0158845;50
7874;0,016129;50
7875;0,0158845;50
7876;0,016129;50
7877;0,016129;50
7878;0,01564;50
7879;0,0158845;50
7880;0,0163735;50
7881;0,0163735;50
7882;0,016129;50
7883;0,0158845;50
7884;0,01564;50
7885;0,0158845;50
7886;0,016129;50
7887;0,0158845;50
7888;0,01564;50
7889;0,0158845;50
7890;0,016129;50
7891;0,0158845;50
7892;0,0158845;50
7893;0,016129;50
7894;0,0158845;50
7895;0,0158845;50
7896;0,0163735;50
7897;0,016618;50
7898;0,016618;50
7899;0,016618;50
7900;0,016618;50
7901;0,016129;50
7902;0,016129;50
7903;0,016618;50
7904;0,016618;50
7905;0,016618;50
7906;0,0163735;50
7907;0,0158845;50
7908;0,0158845;50
7909;0,0163735;50
7910;0,0163735;50
7911;0,016129;50
7912;0,016129;50
7913;0,016129;50
7914;0,0163735;50
7915;0,0163735;50
7916;0,0163735;50
7917;0,016129;50
7918;0,0158845;50
7919;0,016129;50
7920;0,016129;50
7921;0,0163735;50
7922;0,016129;50
7923;0,0158845;50
7924;0,0158845;50
7925;0,016129;50
7926;0,0163735;50
7927;0,0163735;50
7928;0,0163735;50
7929;0,0158845;50
7930;0,016129;50
7931;0,016618;50
7932;0,016618;50
7933;0,0163735;50
7934;0,016129;50
7935;0,0158845;50
7936;0,0158845;50
7937;0,016129;50
7938;0,016129;50
7939;0,016129;50
7940;0,016129;50
7941;0,0158845;50
7942;0,016129;50
7943;0,016618;50
7944;0,016618;50
7945;0,0163735;50
7946;0,0163735;50
7947;0,0163735;50
7948;0,016129;50
7949;0,016129;50
7950;0,016129;50
7951;0,016129;50
7952;0,016129;50
7953;0,016129;50
7954;0,0158845;50
7955;0,0158845;50
7956;0,0163735;50
7957;0,0163735;50
7958;0,0158845;50
7959;0,016129;50
7960;0,0163735;50
7961;0,016129;50
7962;0,0163735;50
7963;0,016618;50
7964;0,0163735;50
7965;0,0163735;50
7966;0,016618;50
7967;0,016618;50
7968;0,016129;50
7969;0,0158845;50
7970;0,016129;50
7971;0,0158845;50
7972;0,0158845;50
7973;0,016129;50
7974;0,016129;50
7975;0,016129;50
7976;0,016129;50
7977;0,0158845;50
7978;0,0158845;50
7979;0,016129;50
7980;0,016129;50
7981;0,016129;50
7982;0,016129;50
7983;0,016129;50
7984;0,016129;50
7985;0,0158845;50
7986;0,01564;50
7987;0,0158845;50
7988;0,0158845;50
7989;0,01564;50
7990;0,0158845;50
7991;0,016129;50
7992;0,0158845;50
7993;0,01564;50
7994;0,01564;50
7995;0,01564;50
7996;0,0158845;50
7997;0,0163735;50
7998;0,016129;50
7999;0,01564;50
8000;0,015396;50
8001;0,015396;50
8002;0,0158845;50
8003;0,0158845;50
8004;0,015396;50
8005;0,015396;50
8006;0,01564;50
8007;0,0158845;50
8008;0,016129;50
8009;0,016129;50
8010;0,016129;50
8011;0,016129;50
8012;0,016129;50
8013;0,0163735;50
8014;0,016129;50
8015;0,0158845;50
8016;0,016129;50
8017;0,016129;50
8018;0,0163735;50
8019;0,0163735;50
8020;0,016129;50
8021;0,0158845;50
8022;0,0158845;50
8023;0,016129;50
8024;0,016129;50
8025;0,016129;50
8026;0,016129;50
8027;0,016129;50
8028;0,016129;50
8029;0,016129;50
8030;0,0163735;50
8031;0,0163735;50
8032;0,0163735;50
8033;0,016618;50
8034;0,0163735;50
8035;0,016129;50
8036;0,0163735;50
8037;0,016618;50
8038;0,016618;50
8039;0,016618;50
8040;0,016618;50
8041;0,0163735;50
8042;0,0163735;50
8043;0,016618;50
8044;0,016618;50
8045;0,016618;50
8046;0,016618;50
8047;0,016618;50
8048;0,016618;50
8049;0,016618;50
8050;0,016618;50
8051;0,016618;50
8052;0,016618;50
8053;0,016618;50
8054;0,0163735;50
8055;0,0163735;50
8056;0,016618;50
8057;0,016618;50
8058;0,016618;50
8059;0,0163735;50
8060;0,016129;50
8061;0,016129;50
8062;0,0163735;50
8063;0,016618;50
8064;0,0163735;50
8065;0,0163735;50
8066;0,016618;50
8067;0,0163735;50
8068;0,0158845;50
8069;0,016129;50
8070;0,0163735;50
8071;0,0163735;50
8072;0,016129;50
8073;0,0158845;50
8074;0,0163735;50
8075;0,016618;50
8076;0,0163735;50
8077;0,0163735;50
8078;0,0163735;50
8079;0,016129;50
8080;0,0163735;50
8081;0,016129;50
8082;0,0158845;50
8083;0,0158845;50
8084;0,016129;50
8085;0,016618;50
8086;0,0163735;50
8087;0,0163735;50
8088;0,0163735;50
8089;0,0163735;50
8090;0,016618;50
8091;0,016618;50
8092;0,016618;50
8093;0,0163735;50
8094;0,0163735;50
8095;0,016618;50
8096;0,016618;50
8097;0,016618;50
8098;0,0168625;50
8099;0,0168625;50
8100;0,016618;50
8101;0,0168625;50
8102;0,0168625;50
8103;0,016618;50
8104;0,016618;50
8105;0,016618;50
8106;0,016618;50
8107;0,016618;50
8108;0,0171065;50
8109;0,017351;50
8110;0,0168625;50
8111;0,0171065;50
8112;0,0171065;50
8113;0,016618;50
8114;0,016618;50
8115;0,0168625;50
8116;0,017107;50
8117;0,017351;50
8118;0,017595;50
8119;0,017351;50
8120;0,017107;50
8121;0,017351;50
8122;0,017351;50
8123;0,017351;50
8124;0,017351;50
8125;0,017351;50
8126;0,017595;50
8127;0,017595;50
8128;0,017595;50
8129;0,017595;50
8130;0,017595;50
8131;0,0178395;50
8132;0,018084;50
8133;0,0178395;50
8134;0,018084;50
8135;0,018084;50
8136;0,017595;50
8137;0,018084;50
8138;0,0183285;50
8139;0,0183285;50
8140;0,018573;50
8141;0,018573;50
8142;0,018573;50
8143;0,018573;50
8144;0,0188175;50
8145;0,019062;50
8146;0,019062;50
8147;0,019062;50
8148;0,019062;50
8149;0,019306;50
8150;0,019306;50
8151;0,019306;50
8152;0,01955;50
8153;0,01955;50
8154;0,01955;50
8155;0,0197945;50
8156;0,0197945;50
8157;0,01955;50
8158;0,01955;50
8159;0,01955;50
8160;0,020039;50
8161;0,020528;50
8162;0,020528;50
8163;0,020528;50
8164;0,020528;50
8165;0,020528;50
8166;0,0210165;50
8167;0,021261;50
8168;0,021017;50
8169;0,021261;50
8170;0,021505;50
8171;0,021505;50
8172;0,021261;50
8173;0,021261;50
8174;0,021505;50
8175;0,021505;50
8176;0,021994;50
8177;0,0222385;50
8178;0,0222385;50
8179;0,022483;50
8180;0,0227275;50
8181;0,022972;50
8182;0,022972;50
8183;0,022972;50
8184;0,023216;50
8185;0,023216;50
8186;0,023216;50
8187;0,023216;50
8188;0,023216;50
8189;0,0237045;50
8190;0,023949;50
8191;0,0237045;50
8192;0,023949;50
8193;0,024438;50
8194;0,024438;50
8195;0,0249265;50
8196;0,025415;50
8197;0,025415;50
8198;0,025415;50
8199;0,025415;50
8200;0,025415;50
8201;0,025904;50
8202;0,026393;50
8203;0,0266375;50
8204;0,026882;50
8205;0,026882;50
8206;0,027126;50
8207;0,02737;50
8208;0,02737;50
8209;0,0276145;50
8210;0,027859;50
8211;0,0281035;50
8212;0,028348;50
8213;0,028348;50
8214;0,0285925;50
8215;0,0290815;50
8216;0,029326;50
8217;0,02957;50
8218;0,02957;50
8219;0,02957;50
8220;0,030303;50
8221;0,030792;50
8222;0,030792;50
8223;0,030792;50
8224;0,0310365;50
8225;0,031281;50
8226;0,031281;50
8227;0,0317695;50
8228;0,032258;50
8229;0,032258;50
8230;0,032258;50
8231;0,032747;50
8232;0,033236;50
8233;0,033236;50
8234;0,0337245;50
8235;0,034213;50
8236;0,034213;50
8237;0,034213;50
8238;0,0344575;50
8239;0,0349465;50
8240;0,035191;50
8241;0,035191;50
8242;0,0356795;50
8243;0,036168;50
8244;0,036168;50
8245;0,0364125;50
8246;0,0369015;50
8247;0,037146;50
8248;0,037146;50
8249;0,0376345;50
8250;0,038123;50
8251;0,038123;50
8252;0,038612;50
8253;0,0388565;50
8254;0,038612;50
8255;0,0388565;50
8256;0,0395895;50
8257;0,040078;50
8258;0,040078;50
8259;0,0403225;50
8260;0,0408115;50
8261;0,041056;50
8262;0,0415445;50
8263;0,042033;50
8264;0,042033;50
8265;0,0422775;50
8266;0,042522;50
8267;0,0427665;50
8268;0,043011;50
8269;0,0432555;50
8270;0,0435;50
8271;0,043744;50
8272;0,043988;50
8273;0,044477;50
8274;0,044966;50
8275;0,044966;50
8276;0,0454545;50
8277;0,045943;50
8278;0,045943;50
8279;0,0461875;50
8280;0,0466765;50
8281;0,046921;50
8282;0,046921;50
8283;0,0474095;50
8284;0,047898;50
8285;0,047898;50
8286;0,0481425;50
8287;0,0486315;50
8288;0,048876;50
8289;0,048876;50
8290;0,0493645;50
8291;0,0500975;50
8292;0,0500975;50
8293;0,0500975;50
8294;0,0505865;50
8295;0,050831;50
8296;0,050831;50
8297;0,0513195;50
8298;0,051808;50
8299;0,0520525;50
8300;0,0520525;50
8301;0,052297;50
8302;0,052786;50
8303;0,052786;50
8304;0,0532745;50
8305;0,053763;50
8306;0,0540075;50
8307;0,0540075;50
8308;0,0540075;50
8309;0,0544965;50
8310;0,054741;50
8311;0,054741;50
8312;0,0552295;50
8313;0,055718;50
8314;0,055718;50
8315;0,0559625;50
8316;0,0559625;50
8317;0,056207;50
8318;0,056696;50
8319;0,056696;50
8320;0,056696;50
8321;0,057185;50
8322;0,0574295;50
8323;0,0574295;50
8324;0,057918;50
8325;0,0584065;50
8326;0,058651;50
8327;0,0584065;50
8328;0,0584065;50
8329;0,058651;50
8330;0,0588955;50
8331;0,05914;50
8332;0,0593845;50
8333;0,0593845;50
8334;0,05914;50
8335;0,0593845;50
8336;0,059873;50
8337;0,0603615;50
8338;0,060606;50
8339;0,060606;50
8340;0,060606;50
8341;0,060606;50
8342;0,060606;50
8343;0,061095;50
8344;0,061584;50
8345;0,061584;50
8346;0,0613395;50
8347;0,0615835;50
8348;0,061828;50
8349;0,061828;50
8350;0,061828;50
8351;0,0620725;50
8352;0,0623165;50
8353;0,062072;50
8354;0,062072;50
8355;0,062072;50
8356;0,062072;50
8357;0,0623165;50
8358;0,0628055;50
8359;0,062561;50
8360;0,062561;50
8361;0,0628055;50
8362;0,0628055;50
8363;0,0628055;50
8364;0,062561;50
8365;0,0628055;50
8366;0,06305;50
8367;0,0632945;50
8368;0,0632945;50
8369;0,0632945;50
8370;0,0632945;50
8371;0,0632945;50
8372;0,063539;50
8373;0,063539;50
8374;0,063539;50
8375;0,0632945;50
8376;0,06305;50
8377;0,06305;50
8378;0,0632945;50
8379;0,0632945;50
8380;0,0632945;50
8381;0,063539;50
8382;0,063539;50
8383;0,0632945;50
8384;0,0632945;50
8385;0,063539;50
8386;0,06305;50
8387;0,062561;50
8388;0,062561;50
8389;0,062561;50
8390;0,062561;50
8391;0,062561;50
8392;0,062561;50
8393;0,0623165;50
8394;0,0623165;50
8395;0,062561;50
8396;0,0623165;50
8397;0,062072;50
8398;0,061828;50
8399;0,061828;50
8400;0,062072;50
8401;0,062072;50
8402;0,061828;50
8403;0,061828;50
8404;0,0615835;50
8405;0,0613395;50
8406;0,0613395;50
8407;0,0613395;50
8408;0,061095;50
8409;0,060606;50
8410;0,060606;50
8411;0,060606;50
8412;0,060606;50
8413;0,060606;50
8414;0,060606;50
8415;0,0601175;50
8416;0,059629;50
8417;0,059629;50
8418;0,059629;50
8419;0,059629;50
8420;0,059629;50
8421;0,059629;50
8422;0,0593845;50
8423;0,0588955;50
8424;0,058651;50
8425;0,058651;50
8426;0,058651;50
8427;0,0584065;50
8428;0,0584065;50
8429;0,0581625;50
8430;0,057918;50
8431;0,058162;50
8432;0,057918;50
8433;0,057185;50
8434;0,0569405;50
8435;0,0569405;50
8436;0,056696;50
8437;0,056696;50
8438;0,056696;50
8439;0,056696;50
8440;0,056207;50
8441;0,055718;50
8442;0,055718;50
8443;0,055718;50
8444;0,055474;50
8445;0,0549855;50
8446;0,0549855;50
8447;0,0549855;50
8448;0,054741;50
8449;0,0544965;50
8450;0,0544965;50
8451;0,054252;50
8452;0,053763;50
8453;0,053763;50
8454;0,053519;50
8455;0,0530305;50
8456;0,052786;50
8457;0,052786;50
8458;0,052786;50
8459;0,052786;50
8460;0,052297;50
8461;0,051808;50
8462;0,051564;50
8463;0,051564;50
8464;0,0513195;50
8465;0,050831;50
8466;0,050831;50
8467;0,0505865;50
8468;0,050342;50
8469;0,050342;50
8470;0,050342;50
8471;0,0500975;50
8472;0,049853;50
8473;0,0493645;50
8474;0,0491205;50
8475;0,0491205;50
8476;0,048876;50
8477;0,0486315;50
8478;0,0481425;50
8479;0,047898;50
8480;0,047898;50
8481;0,047898;50
8482;0,0474095;50
8483;0,046921;50
8484;0,046921;50
8485;0,0466765;50
8486;0,046432;50
8487;0,046432;50
8488;0,046432;50
8489;0,0461875;50
8490;0,0461875;50
8491;0,0459435;50
8492;0,045455;50
8493;0,0452105;50
8494;0,044966;50
8495;0,0447215;50
8496;0,0442325;50
8497;0,043988;50
8498;0,043988;50
8499;0,043988;50
8500;0,0434995;50
8501;0,043011;50
8502;0,043011;50
8503;0,043011;50
8504;0,0427665;50
8505;0,042522;50
8506;0,0422775;50
8507;0,042033;50
8508;0,0422775;50
8509;0,042033;50
8510;0,041544;50
8511;0,0413;50
8512;0,041056;50
8513;0,0408115;50
8514;0,040567;50
8515;0,0403225;50
8516;0,040078;50
8517;0,040078;50
8518;0,040078;50
8519;0,040078;50
8520;0,0395895;50
8521;0,039101;50
8522;0,039101;50
8523;0,0388565;50
8524;0,038612;50
8525;0,038612;50
8526;0,0383675;50
8527;0,038123;50
8528;0,038123;50
8529;0,0376345;50
8530;0,037146;50
8531;0,037146;50
8532;0,037146;50
8533;0,0369015;50
8534;0,0364125;50
8535;0,036168;50
8536;0,036168;50
8537;0,036168;50
8538;0,0356795;50
8539;0,035435;50
8540;0,035435;50
8541;0,035191;50
8542;0,035191;50
8543;0,035191;50
8544;0,0349465;50
8545;0,0344575;50
8546;0,034213;50
8547;0,0344575;50
8548;0,0344575;50
8549;0,034213;50
8550;0,0339685;50
8551;0,03348;50
8552;0,03348;50
8553;0,03348;50
8554;0,033236;50
8555;0,033236;50
8556;0,0329915;50
8557;0,0325025;50
8558;0,0325025;50
8559;0,0325025;50
8560;0,032258;50
8561;0,032258;50
8562;0,0320135;50
8563;0,031525;50
8564;0,031525;50
8565;0,031525;50
8566;0,031281;50
8567;0,0310365;50
8568;0,030792;50
8569;0,030792;50
8570;0,030792;50
8571;0,0305475;50
8572;0,0305475;50
8573;0,0305475;50
8574;0,030303;50
8575;0,030303;50
8576;0,030303;50
8577;0,030303;50
8578;0,030303;50
8579;0,0300585;50
8580;0,029814;50
8581;0,02957;50
8582;0,029326;50
8583;0,029326;50
8584;0,029326;50
8585;0,028837;50
8586;0,0285925;50
8587;0,028837;50
8588;0,0285925;50
8589;0,028348;50
8590;0,028348;50
8591;0,028348;50
8592;0,028348;50
8593;0,027859;50
8594;0,0276145;50
8595;0,027859;50
8596;0,0281035;50
8597;0,027859;50
8598;0,02737;50
8599;0,02737;50
8600;0,02737;50
8601;0,027126;50
8602;0,026882;50
8603;0,026882;50
8604;0,0266375;50
8605;0,026393;50
8606;0,0266375;50
8607;0,0266375;50
8608;0,0266375;50
8609;0,0266375;50
8610;0,026393;50
8611;0,026393;50
8612;0,026393;50
8613;0,0261485;50
8614;0,025904;50
8615;0,0256595;50
8616;0,025415;50
8617;0,025415;50
8618;0,025415;50
8619;0,025415;50
8620;0,0256595;50
8621;0,0256595;50
8622;0,025415;50
8623;0,025171;50
8624;0,024927;50
8625;0,024927;50
8626;0,025171;50
8627;0,0249265;50
8628;0,024438;50
8629;0,024438;50
8630;0,024438;50
8631;0,024438;50
8632;0,024438;50
8633;0,0241935;50
8634;0,0241935;50
8635;0,024438;50
8636;0,023949;50
8637;0,02346;50
8638;0,02346;50
8639;0,0237045;50
8640;0,023949;50
8641;0,0234605;50
8642;0,022972;50
8643;0,023216;50
8644;0,02346;50
8645;0,02346;50
8646;0,02346;50
8647;0,02346;50
8648;0,02346;50
8649;0,023216;50
8650;0,022972;50
8651;0,022972;50
8652;0,0227275;50
8653;0,0227275;50
8654;0,0227275;50
8655;0,0227275;50
8656;0,0227275;50
8657;0,022483;50
8658;0,022483;50
8659;0,0227275;50
8660;0,022483;50
8661;0,0222385;50
8662;0,022483;50
8663;0,0227275;50
8664;0,022483;50
8665;0,0222385;50
8666;0,0222385;50
8667;0,0217495;50
8668;0,021505;50
8669;0,0217495;50
8670;0,0217495;50
8671;0,021505;50
8672;0,021505;50
8673;0,021505;50
8674;0,021505;50
8675;0,021505;50
8676;0,021505;50
8677;0,021505;50
8678;0,021505;50
8679;0,021505;50
8680;0,021505;50
8681;0,021505;50
8682;0,021505;50
8683;0,021505;50
8684;0,021505;50
8685;0,021261;50
8686;0,021017;50
8687;0,021017;50
8688;0,021261;50
8689;0,021505;50
8690;0,021505;50
8691;0,021505;50
8692;0,021505;50
8693;0,021505;50
8694;0,021261;50
8695;0,021017;50
8696;0,021017;50
8697;0,021017;50
8698;0,021017;50
8699;0,021017;50
8700;0,021017;50
8701;0,0207725;50
8702;0,020528;50
8703;0,020528;50
8704;0,020528;50
8705;0,0207725;50
8706;0,0207725;50
8707;0,020528;50
8708;0,020528;50
8709;0,020528;50
8710;0,020528;50
8711;0,0207725;50
8712;0,0207725;50
8713;0,0202835;50
8714;0,0202835;50
8715;0,020528;50
8716;0,020528;50
8717;0,020528;50
8718;0,020528;50
8719;0,0202835;50
8720;0,020039;50
8721;0,0202835;50
8722;0,020528;50
8723;0,0202835;50
8724;0,020039;50
8725;0,0197945;50
8726;0,0197945;50
8727;0,0197945;50
8728;0,01955;50
8729;0,0197945;50
8730;0,0202835;50
8731;0,020039;50
8732;0,0197945;50
8733;0,0197945;50
8734;0,01955;50
8735;0,01955;50
8736;0,01955;50
8737;0,01955;50
8738;0,01955;50
8739;0,01955;50
8740;0,01955;50
8741;0,01955;50
8742;0,01955;50
8743;0,01955;50
8744;0,01955;50
8745;0,01955;50
8746;0,019306;50
8747;0,019306;50
8748;0,01955;50
8749;0,01955;50
8750;0,0190615;50
8751;0,0190615;50
8752;0,019306;50
8753;0,0188175;50
8754;0,0188175;50
8755;0,019306;50
8756;0,019306;50
8757;0,019062;50
8758;0,019062;50
8759;0,019062;50
8760;0,019062;50
8761;0,019062;50
8762;0,019062;50
8763;0,019062;50
8764;0,019062;50
8765;0,0188175;50
8766;0,018573;50
8767;0,018573;50
8768;0,018573;50
8769;0,0188175;50
8770;0,019062;50
8771;0,0188175;50
8772;0,018573;50
8773;0,018573;50
8774;0,018573;50
8775;0,018573;50
8776;0,018573;50
8777;0,018573;50
8778;0,018573;50
8779;0,0188175;50
8780;0,0188175;50
8781;0,0188175;50
8782;0,0188175;50
8783;0,018573;50
8784;0,018573;50
8785;0,018573;50
8786;0,018573;50
8787;0,018573;50
8788;0,018573;50
8789;0,018573;50
8790;0,018573;50
8791;0,018573;50
8792;0,0188175;50
8793;0,0188175;50
8794;0,018573;50
8795;0,018573;50
8796;0,018573;50
8797;0,018573;50
8798;0,018573;50
8799;0,0188175;50
8800;0,0188175;50
8801;0,018573;50
8802;0,018573;50
8803;0,018573;50
8804;0,018573;50
8805;0,018573;50
8806;0,018573;50
8807;0,018573;50
8808;0,018573;50
8809;0,0188175;50
8810;0,0188175;50
8811;0,018573;50
8812;0,018573;50
8813;0,018573;50
8814;0,018573;50
8815;0,0188175;50
8816;0,0188175;50
8817;0,0183285;50
8818;0,0183285;50
8819;0,0188175;50
8820;0,019062;50
8821;0,0188175;50
8822;0,018573;50
8823;0,0188175;50
8824;0,0188175;50
8825;0,0183285;50
8826;0,0178395;50
8827;0,018084;50
8828;0,0183285;50
8829;0,0183285;50
8830;0,018084;50
8831;0,018084;50
8832;0,018573;50
8833;0,0183285;50
8834;0,018084;50
8835;0,0178395;50
8836;0,0178395;50
8837;0,018084;50
8838;0,018084;50
8839;0,0183285;50
8840;0,018573;50
8841;0,018573;50
8842;0,018573;50
8843;0,0183285;50
8844;0,0183285;50
8845;0,0188175;50
8846;0,018573;50
8847;0,018084;50
8848;0,0183285;50
8849;0,018573;50
8850;0,018084;50
8851;0,0178395;50
8852;0,018084;50
8853;0,0178395;50
8854;0,018084;50
8855;0,018084;50
8856;0,017595;50
8857;0,018084;50
8858;0,018084;50
8859;0,017595;50
8860;0,017595;50
8861;0,018084;50
8862;0,0188175;50
8863;0,0183285;50
8864;0,017595;50
8865;0,0178395;50
8866;0,0183285;50
8867;0,018573;50
8868;0,0183285;50
8869;0,018084;50
8870;0,0178395;50
8871;0,0178395;50
8872;0,018084;50
8873;0,018084;50
8874;0,0178395;50
8875;0,0178395;50
8876;0,0178395;50
8877;0,017595;50
8878;0,017595;50
8879;0,0178395;50
8880;0,0178395;50
8881;0,017595;50
8882;0,0178395;50
8883;0,0178395;50
8884;0,017595;50
8885;0,0178395;50
8886;0,0178395;50
8887;0,017595;50
8888;0,017595;50
8889;0,017595;50
8890;0,017595;50
8891;0,017595;50
8892;0,017595;50
8893;0,0178395;50
8894;0,0178395;50
8895;0,017595;50
8896;0,017595;50
8897;0,017595;50
8898;0,017595;50
8899;0,017595;50
8900;0,017595;50
8901;0,017595;50
8902;0,017595;50
8903;0,017595;50
8904;0,017595;50
8905;0,017595;50
8906;0,017595;50
8907;0,017595;50
8908;0,017595;50
8909;0,017595;50
8910;0,017595;50
8911;0,017595;50
8912;0,017595;50
8913;0,017595;50
8914;0,017595;50
8915;0,017351;50
8916;0,017351;50
8917;0,017595;50
8918;0,017595;50
8919;0,017595;50
8920;0,017351;50
8921;0,017351;50
8922;0,017351;50
8923;0,017351;50
8924;0,017351;50
8925;0,017351;50
8926;0,017351;50
8927;0,017107;50
8928;0,017107;50
8929;0,017107;50
8930;0,017351;50
8931;0,017351;50
8932;0,017107;50
8933;0,017107;50
8934;0,017351;50
8935;0,017351;50
8936;0,017351;50
8937;0,017351;50
8938;0,017351;50
8939;0,017595;50
8940;0,017351;50
8941;0,0168625;50
8942;0,0171065;50
8943;0,017351;50
8944;0,017107;50
8945;0,017107;50
8946;0,0168625;50
8947;0,0171065;50
8948;0,017351;50
8949;0,017107;50
8950;0,017107;50
8951;0,017107;50
8952;0,0168625;50
8953;0,0168625;50
8954;0,017107;50
8955;0,017107;50
8956;0,017107;50
8957;0,017107;50
8958;0,017107;50
8959;0,0168625;50
8960;0,0171065;50
8961;0,017595;50
8962;0,017351;50
8963;0,017107;50
8964;0,017107;50
8965;0,0168625;50
8966;0,0171065;50
8967;0,017351;50
8968;0,017107;50
8969;0,017107;50
8970;0,017351;50
8971;0,017351;50
8972;0,017107;50
8973;0,017107;50
8974;0,017107;50
8975;0,017351;50
8976;0,017595;50
8977;0,017351;50
8978;0,017107;50
8979;0,017107;50
8980;0,017107;50
8981;0,0168625;50
8982;0,0168625;50
8983;0,017107;50
8984;0,017107;50
8985;0,017351;50
8986;0,017595;50
8987;0,017595;50
8988;0,017595;50
8989;0,017351;50
8990;0,017107;50
8991;0,017351;50
8992;0,017595;50
8993;0,017351;50
8994;0,017107;50
8995;0,017351;50
8996;0,017595;50
8997;0,017351;50
8998;0,017107;50
8999;0,017351;50
9000;0,017351;50
9001;0,017351;50
9002;0,017351;50
9003;0,017107;50
9004;0,017351;50
9005;0,017351;50
9006;0,017107;50
9007;0,017351;50
9008;0,017595;50
9009;0,017595;50
9010;0,017351;50
9011;0,017351;50
9012;0,017595;50
9013;0,017351;50
9014;0,017351;50
9015;0,017595;50
9016;0,017595;50
9017;0,017595;50
9018;0,017595;50
9019;0,017595;50
9020;0,017595;50
9021;0,017595;50
9022;0,017595;50
9023;0,017595;50
9024;0,017595;50
9025;0,017595;50
9026;0,017595;50
9027;0,017595;50
9028;0,017595;50
9029;0,017595;50
9030;0,017595;50
9031;0,017595;50
9032;0,017595;50
9033;0,017351;50
9034;0,017351;50
9035;0,017595;50
9036;0,017595;50
9037;0,017595;50
9038;0,017595;50
9039;0,017351;50
9040;0,017351;50
9041;0,017595;50
9042;0,017595;50
9043;0,017595;50
9044;0,017595;50
9045;0,017595;50
9046;0,017595;50
9047;0,017595;50
9048;0,017595;50
9049;0,017595;50
9050;0,017351;50
9051;0,017351;50
9052;0,017351;50
9053;0,017351;50
9054;0,017595;50
9055;0,017595;50
9056;0,017595;50
9057;0,017351;50
9058;0,017107;50
9059;0,017351;50
9060;0,017595;50
9061;0,017351;50
9062;0,017351;50
9063;0,017595;50
9064;0,017595;50
9065;0,017595;50
9066;0,017595;50
9067;0,017595;50
9068;0,017595;50
9069;0,017595;50
9070;0,017595;50
9071;0,017351;50
9072;0,017351;50
9073;0,017595;50
9074;0,017595;50
9075;0,017595;50
9076;0,017595;50
9077;0,017351;50
9078;0,017351;50
9079;0,017595;50
9080;0,017595;50
9081;0,017351;50
9082;0,017351;50
9083;0,017595;50
9084;0,017595;50
9085;0,017351;50
9086;0,017351;50
9087;0,017351;50
9088;0,017351;50
9089;0,017595;50
9090;0,017351;50
9091;0,0168625;50
9092;0,0171065;50
9093;0,017595;50
9094;0,017351;50
9095;0,017107;50
9096;0,017107;50
9097;0,017107;50
9098;0,017351;50
9099;0,017351;50
9100;0,017351;50
9101;0,017595;50
9102;0,017351;50
9103;0,017351;50
9104;0,017351;50
9105;0,017351;50
9106;0,017351;50
9107;0,0168625;50
9108;0,0171065;50
9109;0,017351;50
9110;0,017351;50
9111;0,017351;50
9112;0,017351;50
9113;0,017351;50
9114;0,017351;50
9115;0,017351;50
9116;0,017107;50
9117;0,017107;50
9118;0,017107;50
9119;0,017107;50
9120;0,017107;50
9121;0,017107;50
9122;0,017107;50
9123;0,0168625;50
9124;0,016618;50
9125;0,0171065;50
9126;0,017351;50
9127;0,017351;50
9128;0,0171065;50
9129;0,0171065;50
9130;0,0171065;50
9131;0,0168625;50
9132;0,017351;50
9133;0,0171065;50
9134;0,0168625;50
9135;0,017107;50
9136;0,017351;50
9137;0,0171065;50
9138;0,0168625;50
9139;0,0168625;50
9140;0,0168625;50
9141;0,017351;50
9142;0,017351;50
9143;0,017107;50
9144;0,017351;50
9145;0,017351;50
9146;0,017351;50
9147;0,017595;50
9148;0,017351;50
9149;0,017351;50
9150;0,017595;50
9151;0,017351;50
9152;0,017351;50
9153;0,017595;50
9154;0,017595;50
9155;0,017595;50
9156;0,017595;50
9157;0,017595;50
9158;0,017595;50
9159;0,017595;50
9160;0,017595;50
9161;0,017595;50
9162;0,017351;50
9163;0,017107;50
9164;0,017351;50
9165;0,017595;50
9166;0,017595;50
9167;0,017595;50
9168;0,017595;50
9169;0,017595;50
9170;0,017595;50
9171;0,017595;50
9172;0,017595;50
9173;0,017595;50
9174;0,017595;50
9175;0,017595;50
9176;0,017595;50
9177;0,017595;50
9178;0,017595;50
9179;0,017351;50
9180;0,017351;50
9181;0,017595;50
9182;0,017595;50
9183;0,017595;50
9184;0,017595;50
9185;0,017595;50
9186;0,017595;50
9187;0,017595;50
9188;0,0178395;50
9189;0,0178395;50
9190;0,017595;50
9191;0,017595;50
9192;0,017595;50
9193;0,017595;50
9194;0,017595;50
9195;0,017595;50
9196;0,017595;50
9197;0,0178395;50
9198;0,0178395;50
9199;0,017595;50
9200;0,017595;50
9201;0,0178395;50
9202;0,0178395;50
9203;0,017595;50
9204;0,017595;50
9205;0,017595;50
9206;0,017595;50
9207;0,017595;50
9208;0,017595;50
9209;0,017595;50
9210;0,017595;50
9211;0,017595;50
9212;0,017595;50
9213;0,017595;50
9214;0,017595;50
9215;0,0178395;50
9216;0,0178395;50
9217;0,0178395;50
9218;0,0178395;50
9219;0,017595;50
9220;0,017595;50
9221;0,017595;50
9222;0,017595;50
9223;0,017595;50
9224;0,017595;50
9225;0,017595;50
9226;0,017595;50
9227;0,017351;50
9228;0,017351;50
9229;0,017595;50
9230;0,017595;50
9231;0,017351;50
9232;0,017351;50
9233;0,017595;50
9234;0,017595;50
9235;0,017595;50
9236;0,017595;50
9237;0,017595;50
9238;0,017351;50
9239;0,017351;50
9240;0,017595;50
9241;0,017595;50
9242;0,017595;50
9243;0,017351;50
9244;0,017351;50
9245;0,017595;50
9246;0,017351;50
9247;0,017351;50
9248;0,017595;50
9249;0,017595;50
9250;0,017595;50
9251;0,017595;50
9252;0,017351;50
9253;0,017351;50
9254;0,017351;50
9255;0,017351;50
9256;0,017595;50
9257;0,017595;50
9258;0,0171065;50
9259;0,0171065;50
9260;0,017595;50
9261;0,017595;50
9262;0,017595;50
9263;0,017595;50
9264;0,017595;50
9265;0,017595;50
9266;0,017595;50
9267;0,017595;50
9268;0,017351;50
9269;0,017351;50
9270;0,017595;50
9271;0,017595;50
9272;0,017595;50
9273;0,017595;50
9274;0,017595;50
9275;0,017595;50
9276;0,017595;50
9277;0,017595;50
9278;0,017595;50
9279;0,017595;50
9280;0,017595;50
9281;0,017595;50
9282;0,017595;50
9283;0,017595;50
9284;0,0178395;50
9285;0,0178395;50
9286;0,017595;50
9287;0,017351;50
9288;0,017351;50
9289;0,017595;50
9290;0,017595;50
9291;0,017595;50
9292;0,017595;50
9293;0,017595;50
9294;0,017595;50
9295;0,017595;50
9296;0,017595;50
9297;0,017595;50
9298;0,017595;50
9299;0,017595;50
9300;0,017595;50
9301;0,017595;50
9302;0,017595;50
9303;0,017595;50
9304;0,017595;50
9305;0,017595;50
9306;0,017595;50
9307;0,017595;50
9308;0,017595;50
9309;0,017595;50
9310;0,017595;50
9311;0,017595;50
9312;0,017595;50
9313;0,017595;50
9314;0,017351;50
9315;0,017107;50
9316;0,017351;50
9317;0,017595;50
9318;0,017351;50
9319;0,017351;50
9320;0,017595;50
9321;0,017351;50
9322;0,017107;50
9323;0,017107;50
9324;0,017107;50
9325;0,017107;50
9326;0,017351;50
9327;0,017351;50
9328;0,017351;50
9329;0,017595;50
9330;0,017595;50
9331;0,0171065;50
9332;0,0171065;50
9333;0,017351;50
9334;0,017351;50
9335;0,017595;50
9336;0,017595;50
9337;0,017351;50
9338;0,017107;50
9339;0,017107;50
9340;0,017351;50
9341;0,017595;50
9342;0,017595;50
9343;0,017351;50
9344;0,017351;50
9345;0,017595;50
9346;0,017595;50
9347;0,017351;50
9348;0,0168625;50
9349;0,0171065;50
9350;0,017595;50
9351;0,017595;50
9352;0,017595;50
9353;0,017595;50
9354;0,017351;50
9355;0,017107;50
9356;0,017107;50
9357;0,017107;50
9358;0,017351;50
9359;0,017595;50
9360;0,017351;50
9361;0,017351;50
9362;0,017595;50
9363;0,017595;50
9364;0,017595;50
9365;0,017595;50
9366;0,017595;50
9367;0,017595;50
9368;0,017595;50
9369;0,017595;50
9370;0,017595;50
9371;0,017351;50
9372;0,017351;50
9373;0,017595;50
9374;0,017595;50
9375;0,017595;50
9376;0,017595;50
9377;0,017595;50
9378;0,017595;50
9379;0,017595;50
9380;0,017595;50
9381;0,017595;50
9382;0,017351;50
9383;0,017351;50
9384;0,017595;50
9385;0,017351;50
9386;0,017351;50
9387;0,017595;50
9388;0,017595;50
9389;0,017595;50
9390;0,017595;50
9391;0,017595;50
9392;0,017595;50
9393;0,017595;50
9394;0,017595;50
9395;0,017595;50
9396;0,017595;50
9397;0,017595;50
9398;0,017595;50
9399;0,017595;50
9400;0,017595;50
9401;0,017595;50
9402;0,017595;50
9403;0,017595;50
9404;0,017595;50
9405;0,017595;50
9406;0,017595;50
9407;0,017595;50
9408;0,017595;50
9409;0,017595;50
9410;0,017595;50
9411;0,0178395;50
9412;0,0178395;50
9413;0,017595;50
9414;0,0178395;50
9415;0,0178395;50
9416;0,017595;50
9417;0,017595;50
9418;0,017595;50
9419;0,017595;50
9420;0,017595;50
9421;0,017595;50
9422;0,017595;50
9423;0,017595;50
9424;0,0178395;50
9425;0,0178395;50
9426;0,017595;50
9427;0,017595;50
9428;0,017595;50
9429;0,017595;50
9430;0,0178395;50
9431;0,0178395;50
9432;0,017595;50
9433;0,017595;50
9434;0,017595;50
9435;0,017595;50
9436;0,0178395;50
9437;0,0178395;50
9438;0,0178395;50
9439;0,0178395;50
9440;0,017595;50
9441;0,017595;50
9442;0,017595;50
9443;0,017595;50
9444;0,017595;50
9445;0,017595;50
9446;0,0178395;50
9447;0,0178395;50
9448;0,017595;50
9449;0,017595;50
9450;0,017595;50
9451;0,017595;50
9452;0,017595;50
9453;0,017595;50
9454;0,017595;50
9455;0,017595;50
9456;0,017595;50
9457;0,017595;50
9458;0,017595;50
9459;0,017595;50
9460;0,017595;50
9461;0,0178395;50
9462;0,0178395;50
9463;0,017595;50
9464;0,017595;50
9465;0,017595;50
9466;0,017351;50
9467;0,017107;50
9468;0,017351;50
9469;0,017595;50
9470;0,017595;50
9471;0,017595;50
9472;0,017595;50
9473;0,017351;50
9474;0,017351;50
9475;0,017595;50
9476;0,017595;50
9477;0,017595;50
9478;0,017595;50
9479;0,017595;50
9480;0,017595;50
9481;0,017595;50
9482;0,017595;50
9483;0,017595;50
9484;0,017595;50
9485;0,017595;50
9486;0,017595;50
9487;0,017595;50
9488;0,017595;50
9489;0,017595;50
9490;0,017595;50
9491;0,017595;50
9492;0,017595;50
9493;0,017595;50
9494;0,017595;50
9495;0,017595;50
9496;0,017595;50
9497;0,017595;50
9498;0,017595;50
9499;0,017595;50
9500;0,017595;50
9501;0,017595;50
9502;0,017595;50
9503;0,017595;50
9504;0,017595;50
9505;0,017595;50
9506;0,017595;50
9507;0,017595;50
9508;0,017595;50
9509;0,0178395;50
9510;0,018084;50
9511;0,0178395;50
9512;0,017595;50
9513;0,017595;50
9514;0,017595;50
9515;0,017595;50
9516;0,017595;50
9517;0,017595;50
9518;0,017595;50
9519;0,0178395;50
9520;0,018084;50
9521;0,018084;50
9522;0,0178395;50
9523;0,017595;50
9524;0,0178395;50
9525;0,0178395;50
9526;0,017595;50
9527;0,017595;50
9528;0,017595;50
9529;0,017595;50
9530;0,0178395;50
9531;0,018084;50
9532;0,0183285;50
9533;0,0183285;50
9534;0,0183285;50
9535;0,018084;50
9536;0,017595;50
9537;0,017595;50
9538;0,017595;50
9539;0,0178395;50
9540;0,018084;50
9541;0,018084;50
9542;0,0183285;50
9543;0,0183285;50
9544;0,018084;50
9545;0,0178395;50
9546;0,017595;50
9547;0,017595;50
9548;0,0178395;50
9549;0,0178395;50
9550;0,0178395;50
9551;0,0178395;50
9552;0,0178395;50
9553;0,0178395;50
9554;0,017595;50
9555;0,0178395;50
9556;0,018084;50
9557;0,018084;50
9558;0,0178395;50
9559;0,017595;50
9560;0,017595;50
9561;0,017595;50
9562;0,017595;50
9563;0,017595;50
9564;0,0178395;50
9565;0,0178395;50
9566;0,017595;50
9567;0,0178395;50
9568;0,0178395;50
9569;0,017595;50
9570;0,017595;50
9571;0,0178395;50
9572;0,0178395;50
9573;0,0178395;50
9574;0,0183285;50
9575;0,018084;50
9576;0,017595;50
9577;0,017595;50
9578;0,0178395;50
9579;0,018084;50
9580;0,0178395;50
9581;0,017595;50
9582;0,0178395;50
9583;0,0178395;50
9584;0,017595;50
9585;0,017595;50
9586;0,017595;50
9587;0,017595;50
9588;0,017595;50
9589;0,017595;50
9590;0,0178395;50
9591;0,018084;50
9592;0,0178395;50
9593;0,0178395;50
9594;0,0178395;50
9595;0,017595;50
9596;0,017595;50
9597;0,017595;50
9598;0,017595;50
9599;0,017595;50
9600;0,017595;50
9601;0,017595;50
9602;0,017595;50
9603;0,017595;50
9604;0,017595;50
9605;0,017595;50
9606;0,017595;50
9607;0,017595;50
9608;0,017595;50
9609;0,017595;50
9610;0,0178395;50
9611;0,0178395;50
9612;0,017595;50
9613;0,017595;50
9614;0,017595;50
9615;0,017595;50
9616;0,017595;50
9617;0,017595;50
9618;0,017595;50
9619;0,0178395;50
9620;0,0178395;50
9621;0,017595;50
9622;0,017595;50
9623;0,017595;50
9624;0,0178395;50
9625;0,0178395;50
9626;0,017595;50
9627;0,017595;50
9628;0,017595;50
9629;0,017595;50
9630;0,017595;50
9631;0,0178395;50
9632;0,0178395;50
9633;0,018084;50
9634;0,0183285;50
9635;0,018084;50
9636;0,0178395;50
9637;0,0178395;50
9638;0,018084;50
9639;0,0178395;50
9640;0,0178395;50
9641;0,018084;50
9642;0,0178395;50
9643;0,017595;50
9644;0,017595;50
9645;0,017595;50
9646;0,0178395;50
9647;0,018084;50
9648;0,0178395;50
9649;0,017595;50
9650;0,017595;50
9651;0,017595;50
9652;0,0178395;50
9653;0,0183285;50
9654;0,0183285;50
9655;0,0178395;50
9656;0,0178395;50
9657;0,018084;50
9658;0,018084;50
9659;0,018084;50
9660;0,018084;50
9661;0,018084;50
9662;0,0183285;50
9663;0,018084;50
9664;0,017595;50
9665;0,018084;50
9666;0,0183285;50
9667;0,018084;50
9668;0,0178395;50
9669;0,0178395;50
9670;0,018084;50
9671;0,0178395;50
9672;0,017595;50
9673;0,018084;50
9674;0,0183285;50
9675;0,0183285;50
9676;0,018573;50
9677;0,0183285;50
9678;0,0183285;50
9679;0,018084;50
9680;0,018084;50
9681;0,0183285;50
9682;0,018084;50
9683;0,018084;50
9684;0,0178395;50
9685;0,017595;50
9686;0,0178395;50
9687;0,0178395;50
9688;0,0178395;50
9689;0,0183285;50
9690;0,018084;50
9691;0,0178395;50
9692;0,0183285;50
9693;0,0183285;50
9694;0,0178395;50
9695;0,0178395;50
9696;0,018084;50
9697;0,018084;50
9698;0,018084;50
9699;0,018084;50
9700;0,0178395;50
9701;0,018084;50
9702;0,018573;50
9703;0,0183285;50
9704;0,0178395;50
9705;0,017595;50
9706;0,017595;50
9707;0,018084;50
9708;0,018084;50
9709;0,017595;50
9710;0,017595;50
9711;0,017595;50
9712;0,0178395;50
9713;0,018084;50
9714;0,018084;50
9715;0,0178395;50
9716;0,0178395;50
9717;0,0178395;50
9718;0,017595;50
9719;0,0178395;50
9720;0,018084;50
9721;0,018084;50
9722;0,018084;50
9723;0,018084;50
9724;0,0178395;50
9725;0,0178395;50
9726;0,018084;50
9727;0,0178395;50
9728;0,017595;50
9729;0,0178395;50
9730;0,0178395;50
9731;0,0178395;50
9732;0,0178395;50
9733;0,017595;50
9734;0,017595;50
9735;0,017595;50
9736;0,017595;50
9737;0,017595;50
9738;0,0178395;50
9739;0,0178395;50
9740;0,017595;50
9741;0,0178395;50
9742;0,0178395;50
9743;0,017595;50
9744;0,017595;50
9745;0,0178395;50
9746;0,0178395;50
9747;0,017595;50
9748;0,017595;50
9749;0,0178395;50
9750;0,018084;50
9751;0,018084;50
9752;0,0178395;50
9753;0,017595;50
9754;0,017595;50
9755;0,017595;50
9756;0,017595;50
9757;0,017595;50
9758;0,017595;50
9759;0,0178395;50
9760;0,0178395;50
9761;0,017595;50
9762;0,017595;50
9763;0,0178395;50
9764;0,0178395;50
9765;0,017595;50
9766;0,017595;50
9767;0,017595;50
9768;0,017595;50
9769;0,017595;50
9770;0,017595;50
9771;0,017595;50
9772;0,017595;50
9773;0,017595;50
9774;0,017595;50
9775;0,0178395;50
9776;0,0178395;50
9777;0,017595;50
9778;0,017595;50
9779;0,017595;50
9780;0,0178395;50
9781;0,0178395;50
9782;0,017595;50
9783;0,017595;50
9784;0,017595;50
9785;0,017595;50
9786;0,017595;50
9787;0,017595;50
9788;0,017595;50
9789;0,017595;50
9790;0,017595;50
9791;0,0178395;50
9792;0,0178395;50
9793;0,017595;50
9794;0,017595;50
9795;0,017595;50
9796;0,017595;50
9797;0,017595;50
9798;0,017595;50
9799;0,017595;50
9800;0,0178395;50
9801;0,0178395;50
9802;0,017595;50
9803;0,017595;50
9804;0,017595;50
9805;0,017595;50
9806;0,017595;50
9807;0,0178395;50
9808;0,0178395;50
9809;0,017595;50
9810;0,017595;50
9811;0,017595;50
9812;0,0178395;50
9813;0,0178395;50
9814;0,017595;50
9815;0,017595;50
9816;0,0171065;50
9817;0,0139295;50
9818;0,009775;50
9819;0,007576;50
9820;0,006354;50
9821;0,0056205;50
9822;0,005132;50
9823;0,004888;50
9824;0,004888;50
9825;0,004888;50
9826;0,004888;50
9827;0,004888;50
9828;0,004888;50
9829;0,004888;50
9830;0,004888;50
9831;0,004888;50
9832;0,005132;50
9833;0,005376;50
9834;0,005376;50
9835;0,005376;50
9836;0,005376;50
9837;0,005376;50
9838;0,005376;50
9839;0,0056205;50
9840;0,005865;50
9841;0,005865;50
9842;0,005865;50
9843;0,005865;50
9844;0,0056205;50
9845;0,0056205;50
9846;0,005865;50
9847;0,005865;50
9848;0,005865;50
9849;0,005865;50
9850;0,005865;50
9851;0,005865;50
9852;0,0061095;50
9853;0,0061095;50
9854;0,005865;50
9855;0,005865;50
9856;0,005865;50
9857;0,005865;50
9858;0,0061095;50
9859;0,0065985;50
9860;0,0065985;50
9861;0,0065985;50
9862;0,006843;50
9863;0,006843;50
9864;0,0065985;50
9865;0,0068425;50
9866;0,007087;50
9867;0,006843;50
9868;0,007087;50
9869;0,007331;50
9870;0,007087;50
9871;0,006843;50
9872;0,007087;50
9873;0,007331;50
9874;0,007331;50
9875;0,007331;50
9876;0,007331;50
9877;0,007331;50
9878;0,007331;50
9879;0,007331;50
9880;0,007331;50
9881;0,007087;50
9882;0,007087;50
9883;0,0075755;50
9884;0,0075755;50
9885;0,007087;50
9886;0,006843;50
9887;0,006843;50
9888;0,007087;50
9889;0,007331;50
9890;0,007331;50
9891;0,007331;50
9892;0,007331;50
9893;0,007087;50
9894;0,006843;50
9895;0,007087;50
9896;0,007331;50
9897;0,007331;50
9898;0,007087;50
9899;0,007087;50
9900;0,007087;50
9901;0,007087;50
9902;0,007087;50
9903;0,007087;50
9904;0,007331;50
9905;0,007331;50
9906;0,007087;50
9907;0,007087;50
9908;0,007331;50
9909;0,007331;50
9910;0,007331;50
9911;0,007331;50
9912;0,007331;50
9913;0,007331;50
9914;0,007331;50
9915;0,007087;50
9916;0,007087;50
9917;0,0075755;50
9918;0,0075755;50
9919;0,007331;50
9920;0,0075755;50
9921;0,0075755;50
9922;0,007331;50
9923;0,007087;50
9924;0,0073315;50
9925;0,0073315;50
9926;0,006843;50
9927;0,007087;50
9928;0,007331;50
9929;0,007087;50
9930;0,0073315;50
9931;0,0075755;50
9932;0,007331;50
9933;0,007331;50
9934;0,007331;50
9935;0,0075755;50
9936;0,0075755;50
9937;0,007331;50
9938;0,007331;50
9939;0,0075755;50
9940;0,0075755;50
9941;0,007331;50
9942;0,007331;50
9943;0,007331;50
9944;0,007331;50
9945;0,007331;50
9946;0,007331;50
9947;0,0075755;50
9948;0,00782;50
9949;0,00782;50
9950;0,00782;50
9951;0,0075755;50
9952;0,007331;50
9953;0,007331;50
9954;0,007331;50
9955;0,007331;50
9956;0,007331;50
9957;0,0075755;50
9958;0,00782;50
9959;0,00782;50
9960;0,00782;50
9961;0,0075755;50
9962;0,0075755;50
9963;0,00782;50
9964;0,0075755;50
9965;0,0075755;50
9966;0,00782;50
9967;0,0075755;50
9968;0,0075755;50
9969;0,00782;50
9970;0,0075755;50
9971;0,0075755;50
9972;0,00782;50
9973;0,00782;50
9974;0,00782;50
9975;0,0075755;50
9976;0,0075755;50
9977;0,0075755;50
9978;0,0075755;50
9979;0,0075755;50
9980;0,0075755;50
9981;0,00782;50
9982;0,00782;50
9983;0,0080645;50
9984;0,0080645;50
9985;0,00782;50
9986;0,0080645;50
9987;0,0080645;50
9988;0,00782;50
9989;0,0080645;50
9990;0,008309;50
9991;0,0080645;50
9992;0,00782;50
9993;0,00782;50
9994;0,0080645;50
9995;0,008309;50
9996;0,0080645;50
9997;0,008309;50
9998;0,008309;50
9999;0,0080645;50
10000;0,0080645;50
10001;0,00782;50
10002;0,00782;50
10003;0,00782;50
10004;0,0080645;50
10005;0,0085535;50
10006;0,0080645;50
10007;0,0075755;50
10008;0,0080645;50
10009;0,0085535;50
10010;0,0085535;50
10011;0,008309;50
10012;0,0080645;50
10013;0,0080645;50
10014;0,008309;50
10015;0,0080645;50
10016;0,0080645;50
10017;0,0080645;50
10018;0,0080645;50
10019;0,008309;50
10020;0,008309;50
10021;0,0080645;50
10022;0,00782;50
10023;0,00782;50
10024;0,0080645;50
10025;0,008309;50
10026;0,0080645;50
10027;0,00782;50
10028;0,0080645;50
10029;0,0080645;50
10030;0,0080645;50
10031;0,0085535;50
10032;0,0085535;50
10033;0,008309;50
10034;0,0085535;50
10035;0,0085535;50
10036;0,008309;50
10037;0,0085535;50
10038;0,0085535;50
10039;0,0085535;50
10040;0,008798;50
10041;0,008798;50
10042;0,008798;50
10043;0,008798;50
10044;0,008798;50
10045;0,008798;50
10046;0,008798;50
10047;0,008798;50
10048;0,008798;50
10049;0,008798;50
10050;0,008798;50
10051;0,008798;50
10052;0,008798;50
10053;0,008798;50
10054;0,008798;50
10055;0,008798;50
10056;0,008798;50
10057;0,008798;50
10058;0,008798;50
10059;0,008798;50
10060;0,008798;50
10061;0,008798;50
10062;0,008798;50
10063;0,008798;50
10064;0,008798;50
10065;0,008798;50
10066;0,008798;50
10067;0,008798;50
10068;0,008798;50
10069;0,008798;50
10070;0,008798;50
10071;0,008798;50
10072;0,008798;50
10073;0,008798;50
10074;0,008798;50
10075;0,008798;50
10076;0,0085535;50
10077;0,0085535;50
10078;0,008798;50
10079;0,008798;50
10080;0,0085535;50
10081;0,0085535;50
10082;0,008798;50
10083;0,008798;50
10084;0,008798;50
10085;0,008798;50
10086;0,008798;50
10087;0,008798;50
10088;0,008798;50
10089;0,008798;50
10090;0,009042;50
10091;0,009042;50
10092;0,008798;50
10093;0,009042;50
10094;0,009286;50
10095;0,009042;50
10096;0,008798;50
10097;0,008798;50
10098;0,009042;50
10099;0,009042;50
10100;0,008798;50
10101;0,008798;50
10102;0,008798;50
10103;0,008798;50
10104;0,008798;50
10105;0,008798;50
10106;0,008798;50
10107;0,008798;50
10108;0,008798;50
10109;0,008798;50
10110;0,008798;50
10111;0,008798;50
10112;0,008798;50
10113;0,008798;50
10114;0,008798;50
10115;0,008798;50
10116;0,008798;50
10117;0,008798;50
10118;0,008798;50
10119;0,008798;50
10120;0,008798;50
10121;0,008798;50
10122;0,008798;50
10123;0,008798;50
10124;0,008798;50
10125;0,008798;50
10126;0,008798;50
10127;0,008798;50
10128;0,008798;50
10129;0,008798;50
10130;0,008798;50
10131;0,008798;50
10132;0,008798;50
10133;0,008798;50
10134;0,0085535;50
10135;0,0085535;50
10136;0,008798;50
10137;0,008798;50
10138;0,008798;50
10139;0,008798;50
10140;0,008798;50
10141;0,008798;50
10142;0,008798;50
10143;0,008798;50
10144;0,009042;50
10145;0,009042;50
10146;0,008798;50
10147;0,008798;50
10148;0,009042;50
10149;0,009042;50
10150;0,008798;50
10151;0,009042;50
10152;0,009042;50
10153;0,008798;50
10154;0,009042;50
10155;0,009042;50
10156;0,008798;50
10157;0,009042;50
10158;0,009042;50
10159;0,008798;50
10160;0,008798;50
10161;0,008798;50
10162;0,008798;50
10163;0,008798;50
10164;0,009042;50
10165;0,009042;50
10166;0,008798;50
10167;0,0085535;50
10168;0,0085535;50
10169;0,008798;50
10170;0,008798;50
10171;0,008798;50
10172;0,008798;50
10173;0,008798;50
10174;0,008798;50
10175;0,0085535;50
10176;0,0085535;50
10177;0,0085535;50
10178;0,0085535;50
10179;0,0085535;50
10180;0,0085535;50
10181;0,008798;50
10182;0,0085535;50
10183;0,0085535;50
10184;0,008798;50
10185;0,008309;50
10186;0,00782;50
10187;0,0080645;50
10188;0,008309;50
10189;0,0080645;50
10190;0,008309;50
10191;0,0085535;50
10192;0,008309;50
10193;0,008309;50
10194;0,0080645;50
10195;0,0080645;50
10196;0,0080645;50
10197;0,00782;50
10198;0,008309;50
10199;0,0085535;50
10200;0,008309;50
10201;0,0080645;50
10202;0,0080645;50
10203;0,008309;50
10204;0,008309;50
10205;0,008309;50
10206;0,008309;50
10207;0,0085535;50
10208;0,008309;50
10209;0,0080645;50
10210;0,008309;50
10211;0,008309;50
10212;0,0085535;50
10213;0,0085535;50
10214;0,0080645;50
10215;0,00782;50
10216;0,008309;50
10217;0,0085535;50
10218;0,0085535;50
10219;0,008309;50
10220;0,00782;50
10221;0,008309;50
10222;0,008309;50
10223;0,00782;50
10224;0,008309;50
10225;0,0085535;50
10226;0,0080645;50
10227;0,008309;50
10228;0,008798;50
10229;0,008798;50
10230;0,008309;50
10231;0,00782;50
10232;0,0080645;50
10233;0,0085535;50
10234;0,008798;50
10235;0,008798;50
10236;0,008798;50
10237;0,008309;50
10238;0,0075755;50
10239;0,00782;50
10240;0,0085535;50
10241;0,0085535;50
10242;0,008309;50
10243;0,008309;50
10244;0,008309;50
10245;0,0080645;50
10246;0,008309;50
10247;0,0080645;50
10248;0,0075755;50
10249;0,0080645;50
10250;0,008309;50
10251;0,0085535;50
10252;0,0085535;50
10253;0,008309;50
10254;0,0085535;50
10255;0,008309;50
10256;0,008309;50
10257;0,008309;50
10258;0,0080645;50
10259;0,0085535;50
10260;0,0085535;50
10261;0,008309;50
10262;0,008309;50
10263;0,0085535;50
10264;0,0085535;50
10265;0,008309;50
10266;0,0080645;50
10267;0,00782;50
10268;0,0080645;50
10269;0,008309;50
10270;0,0085535;50
10271;0,0085535;50
10272;0,008309;50
10273;0,008309;50
10274;0,0080645;50
10275;0,0075755;50
10276;0,00782;50
10277;0,0080645;50
10278;0,0080645;50
10279;0,008309;50
10280;0,00782;50
10281;0,0075755;50
10282;0,0080645;50
10283;0,0080645;50
10284;0,00782;50
10285;0,00782;50
10286;0,00782;50
10287;0,00782;50
10288;0,00782;50
10289;0,00782;50
10290;0,00782;50
10291;0,0075755;50
10292;0,0075755;50
10293;0,00782;50
10294;0,00782;50
10295;0,00782;50
10296;0,00782;50
10297;0,00782;50
10298;0,00782;50
10299;0,00782;50
10300;0,00782;50
10301;0,00782;50
10302;0,0080645;50
10303;0,0080645;50
10304;0,00782;50
10305;0,00782;50
10306;0,00782;50
10307;0,00782;50
10308;0,0080645;50
10309;0,008309;50
10310;0,0080645;50
10311;0,00782;50
10312;0,00782;50
10313;0,00782;50
10314;0,00782;50
10315;0,0080645;50
10316;0,0080645;50
10317;0,00782;50
10318;0,00782;50
10319;0,0080645;50
10320;0,00782;50
10321;0,0075755;50
10322;0,0080645;50
10323;0,008309;50
10324;0,0080645;50
10325;0,00782;50
10326;0,00782;50
10327;0,00782;50
10328;0,0080645;50
10329;0,0080645;50
10330;0,00782;50
10331;0,0080645;50
10332;0,0080645;50
10333;0,00782;50
10334;0,0080645;50
10335;0,0080645;50
10336;0,00782;50
10337;0,0080645;50
10338;0,008309;50
10339;0,008309;50
10340;0,008309;50
10341;0,0080645;50
10342;0,00782;50
10343;0,0080645;50
10344;0,00782;50
10345;0,0075755;50
10346;0,00782;50
10347;0,00782;50
10348;0,00782;50
10349;0,00782;50
10350;0,00782;50
10351;0,00782;50
10352;0,00782;50
10353;0,00782;50
10354;0,0080645;50
10355;0,008309;50
10356;0,008309;50
10357;0,0080645;50
10358;0,0080645;50
10359;0,008309;50
10360;0,0080645;50
10361;0,0080645;50
10362;0,00782;50
10363;0,00782;50
10364;0,008309;50
10365;0,0085535;50
10366;0,0085535;50
10367;0,0085535;50
10368;0,0085535;50
10369;0,008309;50
10370;0,008309;50
10371;0,0080645;50
10372;0,00782;50
10373;0,0080645;50
10374;0,008309;50
10375;0,0080645;50
10376;0,0080645;50
10377;0,0080645;50
10378;0,00782;50
10379;0,00782;50
10380;0,00782;50
10381;0,00782;50
10382;0,0075755;50
10383;0,0075755;50
10384;0,00782;50
10385;0,00782;50
10386;0,00782;50
10387;0,00782;50
10388;0,0080645;50
10389;0,008309;50
10390;0,0080645;50
10391;0,00782;50
10392;0,00782;50
10393;0,0080645;50
10394;0,0080645;50
10395;0,00782;50
10396;0,00782;50
10397;0,00782;50
10398;0,00782;50
10399;0,00782;50
10400;0,0075755;50
10401;0,0075755;50
10402;0,00782;50
10403;0,0075755;50
10404;0,0075755;50
10405;0,00782;50
10406;0,00782;50
10407;0,00782;50
10408;0,00782;50
10409;0,00782;50
10410;0,00782;50
10411;0,00782;50
10412;0,00782;50
10413;0,0080645;50
10414;0,0080645;50
10415;0,00782;50
10416;0,00782;50
10417;0,0075755;50
10418;0,0075755;50
10419;0,00782;50
10420;0,0075755;50
10421;0,007331;50
10422;0,0075755;50
10423;0,00782;50
10424;0,00782;50
10425;0,0075755;50
10426;0,0075755;50
10427;0,00782;50
10428;0,00782;50
10429;0,0075755;50
10430;0,0075755;50
10431;0,00782;50
10432;0,0075755;50
10433;0,0075755;50
10434;0,00782;50
10435;0,0075755;50
10436;0,007331;50
10437;0,0075755;50
10438;0,00782;50
10439;0,00782;50
10440;0,0075755;50
10441;0,007331;50
10442;0,0075755;50
10443;0,00782;50
10444;0,0075755;50
10445;0,0075755;50
10446;0,00782;50
10447;0,00782;50
10448;0,00782;50
10449;0,0075755;50
10450;0,0075755;50
10451;0,0073315;50
10452;0,0073315;50
10453;0,00782;50
10454;0,00782;50
10455;0,0075755;50
10456;0,0075755;50
10457;0,0075755;50
10458;0,007331;50
10459;0,0075755;50
10460;0,00782;50
10461;0,0075755;50
10462;0,0075755;50
10463;0,00782;50
10464;0,00782;50
10465;0,00782;50
10466;0,00782;50
10467;0,00782;50
10468;0,00782;50
10469;0,00782;50
10470;0,00782;50
10471;0,0075755;50
10472;0,0075755;50
10473;0,00782;50
10474;0,00782;50
10475;0,00782;50
10476;0,00782;50
10477;0,00782;50
10478;0,00782;50
10479;0,00782;50
10480;0,0075755;50
10481;0,0075755;50
10482;0,00782;50
10483;0,0075755;50
10484;0,0075755;50
10485;0,00782;50
10486;0,00782;50
10487;0,00782;50
10488;0,00782;50
10489;0,00782;50
10490;0,0075755;50
10491;0,007331;50
10492;0,0075755;50
10493;0,00782;50
10494;0,00782;50
10495;0,00782;50
10496;0,00782;50
10497;0,00782;50
10498;0,00782;50
10499;0,00782;50
10500;0,00782;50
10501;0,00782;50
10502;0,00782;50
10503;0,00782;50
10504;0,00782;50
10505;0,00782;50
10506;0,00782;50
10507;0,00782;50
10508;0,00782;50
10509;0,00782;50
10510;0,00782;50
10511;0,00782;50
10512;0,00782;50
10513;0,00782;50
10514;0,00782;50
10515;0,00782;50
10516;0,00782;50
10517;0,0080645;50
10518;0,0080645;50
10519;0,0080645;50
10520;0,0080645;50
10521;0,00782;50
10522;0,00782;50
10523;0,00782;50
10524;0,0080645;50
10525;0,00782;50
10526;0,00782;50
10527;0,008309;50
10528;0,008309;50
10529;0,0085535;50
10530;0,0085535;50
10531;0,0080645;50
10532;0,0080645;50
10533;0,008309;50
10534;0,008309;50
10535;0,008309;50
10536;0,008309;50
10537;0,0080645;50
10538;0,00782;50
10539;0,008309;50
10540;0,008309;50
10541;0,0080645;50
10542;0,0080645;50
10543;0,0080645;50
10544;0,0080645;50
10545;0,0080645;50
10546;0,008309;50
10547;0,0085535;50
10548;0,0085535;50
10549;0,008309;50
10550;0,008309;50
10551;0,008309;50
10552;0,0080645;50
10553;0,0080645;50
10554;0,008309;50
10555;0,008309;50
10556;0,0085535;50
10557;0,008309;50
10558;0,008309;50
10559;0,0085535;50
10560;0,0085535;50
10561;0,0085535;50
10562;0,008309;50
10563;0,0085535;50
10564;0,0085535;50
10565;0,0085535;50
10566;0,0085535;50
10567;0,0085535;50
10568;0,0085535;50
10569;0,008309;50
10570;0,0085535;50
10571;0,008798;50
10572;0,008798;50
10573;0,0085535;50
10574;0,0085535;50
10575;0,0085535;50
10576;0,0085535;50
10577;0,0085535;50
10578;0,0085535;50
10579;0,008798;50
10580;0,008798;50
10581;0,008798;50
10582;0,008798;50
10583;0,008798;50
10584;0,008798;50
10585;0,008798;50
10586;0,008798;50
10587;0,008798;50
10588;0,008798;50
10589;0,008798;50
10590;0,008798;50
10591;0,0085535;50
10592;0,0085535;50
10593;0,008798;50
10594;0,008798;50
10595;0,008798;50
10596;0,008798;50
10597;0,008798;50
10598;0,008798;50
10599;0,008798;50
10600;0,008798;50
10601;0,008798;50
10602;0,008798;50
10603;0,008798;50
10604;0,008798;50
10605;0,009042;50
10606;0,009042;50
10607;0,008798;50
10608;0,008798;50
10609;0,008798;50
10610;0,008798;50
10611;0,008798;50
10612;0,008798;50
10613;0,008798;50
10614;0,008798;50
10615;0,008798;50
10616;0,008798;50
10617;0,008798;50
10618;0,008798;50
10619;0,008798;50
10620;0,008798;50
10621;0,008798;50
10622;0,008798;50
10623;0,008798;50
10624;0,008798;50
10625;0,008798;50
10626;0,008798;50
10627;0,008798;50
10628;0,008798;50
10629;0,008798;50
10630;0,008798;50
10631;0,008798;50
10632;0,008798;50
10633;0,008798;50
10634;0,008798;50
10635;0,008798;50
10636;0,008798;50
10637;0,009042;50
10638;0,009042;50
10639;0,009042;50
10640;0,009286;50
10641;0,009042;50
10642;0,008798;50
10643;0,009042;50
10644;0,0095305;50
10645;0,0092865;50
10646;0,009042;50
10647;0,009286;50
10648;0,009042;50
10649;0,008798;50
10650;0,009042;50
10651;0,009286;50
10652;0,009042;50
10653;0,0092865;50
10654;0,0095305;50
10655;0,0095305;50
10656;0,0095305;50
10657;0,009042;50
10658;0,0092865;50
10659;0,0095305;50
10660;0,0095305;50
10661;0,0095305;50
10662;0,0095305;50
10663;0,009775;50
10664;0,009775;50
10665;0,0095305;50
10666;0,009286;50
10667;0,0095305;50
10668;0,009775;50
10669;0,009775;50
10670;0,009775;50
10671;0,009775;50
10672;0,009775;50
10673;0,009775;50
10674;0,009775;50
10675;0,009775;50
10676;0,009775;50
10677;0,009775;50
10678;0,009775;50
10679;0,009775;50
10680;0,009775;50
10681;0,009775;50
10682;0,009775;50
10683;0,009775;50
10684;0,009775;50
10685;0,009775;50
10686;0,009775;50
10687;0,009775;50
10688;0,009775;50
10689;0,009775;50
10690;0,009775;50
10691;0,009775;50
10692;0,009775;50
10693;0,0100195;50
10694;0,0100195;50
10695;0,009775;50
10696;0,0100195;50
10697;0,0100195;50
10698;0,009775;50
10699;0,0100195;50
10700;0,010264;50
10701;0,010264;50
10702;0,010264;50
10703;0,0100195;50
10704;0,0100195;50
10705;0,0100195;50
10706;0,0100195;50
10707;0,0100195;50
10708;0,0100195;50
10709;0,010264;50
10710;0,0100195;50
10711;0,010264;50
10712;0,010753;50
10713;0,010264;50
10714;0,010264;50
10715;0,010264;50
10716;0,010264;50
10717;0,0105085;50
10718;0,0100195;50
10719;0,009775;50
10720;0,0100195;50
10721;0,010264;50
10722;0,0105085;50
10723;0,010753;50
10724;0,010753;50
10725;0,0105085;50
10726;0,0105085;50
10727;0,010264;50
10728;0,0100195;50
10729;0,0105085;50
10730;0,010264;50
10731;0,010264;50
10732;0,010753;50
10733;0,0105085;50
10734;0,010264;50
10735;0,010264;50
10736;0,0105085;50
10737;0,010753;50
10738;0,010753;50
10739;0,010753;50
10740;0,010753;50
10741;0,010753;50
10742;0,0105085;50
10743;0,010264;50
10744;0,0100195;50
10745;0,0100195;50
10746;0,0105085;50
10747;0,010753;50
10748;0,010753;50
10749;0,010753;50
10750;0,010753;50
10751;0,010753;50
10752;0,010753;50
10753;0,0105085;50
10754;0,0105085;50
10755;0,010753;50
10756;0,0105085;50
10757;0,0105085;50
10758;0,010753;50
10759;0,010753;50
10760;0,010753;50
10761;0,010753;50
10762;0,010753;50
10763;0,010753;50
10764;0,010997;50
10765;0,0107525;50
10766;0,0105085;50
10767;0,010753;50
10768;0,010753;50
10769;0,010753;50
10770;0,010753;50
10771;0,010997;50
10772;0,010997;50
10773;0,010753;50
10774;0,010753;50
10775;0,010997;50
10776;0,010997;50
10777;0,010753;50
10778;0,010997;50
10779;0,011241;50
10780;0,011241;50
10781;0,011241;50
10782;0,011241;50
10783;0,011241;50
10784;0,010997;50
10785;0,010997;50
10786;0,011241;50
10787;0,011241;50
10788;0,010997;50
10789;0,010997;50
10790;0,011241;50
10791;0,010997;50
10792;0,010997;50
10793;0,011241;50
10794;0,011241;50
10795;0,011241;50
10796;0,010997;50
10797;0,010753;50
10798;0,010997;50
10799;0,011241;50
10800;0,010997;50
10801;0,010997;50
10802;0,0114855;50
10803;0,0114855;50
10804;0,010997;50
10805;0,010997;50
10806;0,010997;50
10807;0,0112415;50
10808;0,0112415;50
10809;0,010753;50
10810;0,010997;50
10811;0,011241;50
10812;0,011241;50
10813;0,011241;50
10814;0,011241;50
10815;0,010997;50
10816;0,010753;50
10817;0,010753;50
10818;0,010753;50
10819;0,010997;50
10820;0,010997;50
10821;0,010753;50
10822;0,0105085;50
10823;0,010264;50
10824;0,0107525;50
10825;0,010997;50
10826;0,010753;50
10827;0,010753;50
10828;0,010753;50
10829;0,010753;50
10830;0,010997;50
10831;0,011241;50
10832;0,011241;50
10833;0,0107525;50
10834;0,0105085;50
10835;0,010753;50
10836;0,010997;50
10837;0,010997;50
10838;0,010753;50
10839;0,010997;50
10840;0,010997;50
10841;0,010997;50
10842;0,010997;50
10843;0,010753;50
10844;0,010753;50
10845;0,010753;50
10846;0,010753;50
10847;0,010997;50
10848;0,011241;50
10849;0,011241;50
10850;0,011241;50
10851;0,010997;50
10852;0,010753;50
10853;0,010753;50
10854;0,010753;50
10855;0,010753;50
10856;0,010753;50
10857;0,0105085;50
10858;0,0105085;50
10859;0,010753;50
10860;0,010753;50
10861;0,010753;50
10862;0,0105085;50
10863;0,010264;50
10864;0,0105085;50
10865;0,0105085;50
10866;0,010264;50
10867;0,010264;50
10868;0,0105085;50
10869;0,010753;50
10870;0,0105085;50
10871;0,0100195;50
10872;0,010264;50
10873;0,0105085;50
10874;0,010264;50
10875;0,010264;50
10876;0,0105085;50
10877;0,0105085;50
10878;0,0100195;50
10879;0,010264;50
10880;0,010753;50
10881;0,0105085;50
10882;0,010264;50
10883;0,010264;50
10884;0,0105085;50
10885;0,0105085;50
10886;0,010264;50
10887;0,0105085;50
10888;0,010753;50
10889;0,010264;50
10890;0,010264;50
10891;0,0105085;50
10892;0,010264;50
10893;0,010264;50
10894;0,0100195;50
10895;0,009775;50
10896;0,0100195;50
10897;0,010264;50
10898;0,0100195;50
10899;0,009775;50
10900;0,009775;50
10901;0,0100195;50
10902;0,010264;50
10903;0,010264;50
10904;0,010264;50
10905;0,0100195;50
10906;0,0100195;50
10907;0,0100195;50
10908;0,009775;50
10909;0,0100195;50
10910;0,0100195;50
10911;0,0100195;50
10912;0,010264;50
10913;0,0100195;50
10914;0,0100195;50
10915;0,0100195;50
10916;0,009775;50
10917;0,0100195;50
10918;0,0100195;50
10919;0,009775;50
10920;0,009775;50
10921;0,009775;50
10922;0,009775;50
10923;0,009775;50
10924;0,009775;50
10925;0,009775;50
10926;0,009775;50
10927;0,009775;50
10928;0,009775;50
10929;0,009775;50
10930;0,009775;50
10931;0,009775;50
10932;0,009775;50
10933;0,009775;50
10934;0,009775;50
10935;0,009775;50
10936;0,009775;50
10937;0,009775;50
10938;0,009775;50
10939;0,009775;50
10940;0,009775;50
10941;0,009775;50
10942;0,009775;50
10943;0,009775;50
10944;0,0095305;50
10945;0,009286;50
10946;0,0095305;50
10947;0,0095305;50
10948;0,009042;50
10949;0,0092865;50
10950;0,0095305;50
10951;0,009286;50
10952;0,0095305;50
10953;0,009775;50
10954;0,009775;50
10955;0,0092865;50
10956;0,009042;50
10957;0,0095305;50
10958;0,0095305;50
10959;0,009286;50
10960;0,0095305;50
10961;0,0095305;50
10962;0,0095305;50
10963;0,0095305;50
10964;0,009286;50
10965;0,009042;50
10966;0,008798;50
10967;0,0092865;50
10968;0,0095305;50
10969;0,009286;50
10970;0,009042;50
10971;0,008798;50
10972;0,009042;50
10973;0,009286;50
10974;0,009042;50
10975;0,008798;50
10976;0,008798;50
10977;0,008798;50
10978;0,008798;50
10979;0,009042;50
10980;0,009286;50
10981;0,009286;50
10982;0,009286;50
10983;0,009042;50
10984;0,008798;50
10985;0,009042;50
10986;0,009042;50
10987;0,008798;50
10988;0,008798;50
10989;0,0092865;50
10990;0,0092865;50
10991;0,008798;50
10992;0,008798;50
10993;0,009042;50
10994;0,009042;50
10995;0,008798;50
10996;0,008798;50
10997;0,008798;50
10998;0,009042;50
10999;0,009042;50
11000;0,008798;50
11001;0,009042;50
11002;0,009286;50
11003;0,009042;50
11004;0,009042;50
11005;0,0095305;50
11006;0,0092865;50
11007;0,008798;50
11008;0,008798;50
11009;0,009042;50
11010;0,009042;50
11011;0,009042;50
11012;0,009286;50
11013;0,009042;50
11014;0,008798;50
11015;0,009042;50
11016;0,009042;50
11017;0,008798;50
11018;0,009042;50
11019;0,009042;50
11020;0,008798;50
11021;0,009042;50
11022;0,009286;50
11023;0,009042;50
11024;0,009042;50
11025;0,009286;50
11026;0,009042;50
11027;0,008798;50
11028;0,008798;50
11029;0,008798;50
11030;0,0078205;50
11031;0,008309;50
11032;0,0100195;50
11033;0,010264;50
11034;0,0100195;50
11035;0,0100195;50
11036;0,010264;50
11037;0,010264;50
11038;0,0100195;50
11039;0,009775;50
11040;0,009775;50
11041;0,009775;50
11042;0,009775;50
11043;0,009775;50
11044;0,009775;50
11045;0,009775;50
11046;0,0100195;50
11047;0,0100195;50
11048;0,009775;50
11049;0,009775;50
11050;0,009775;50
11051;0,009775;50
11052;0,009775;50
11053;0,0100195;50
11054;0,010264;50
11055;0,010264;50
11056;0,0100195;50
11057;0,009775;50
11058;0,0100195;50
11059;0,0100195;50
11060;0,0100195;50
11061;0,0105085;50
11062;0,0105085;50
11063;0,0100195;50
11064;0,010264;50
11065;0,0105085;50
11066;0,0100195;50
11067;0,0100195;50
11068;0,0105085;50
11069;0,010264;50
11070;0,009775;50
11071;0,009775;50
11072;0,010264;50
11073;0,0105085;50
11074;0,0105085;50
11075;0,010753;50
11076;0,010997;50
11077;0,011241;50
11078;0,011241;50
11079;0,010997;50
11080;0,010997;50
11081;0,010997;50
11082;0,010753;50
11083;0,010753;50
11084;0,010753;50
11085;0,010753;50
11086;0,010753;50
11087;0,010753;50
11088;0,010753;50
11089;0,010997;50
11090;0,010997;50
11091;0,0105085;50
11092;0,0105085;50
11093;0,0105085;50
11094;0,0105085;50
11095;0,010753;50
11096;0,010753;50
11097;0,0112415;50
11098;0,012219;50
11099;0,0131965;50
11100;0,014174;50
11101;0,0131965;50
11102;0,0087975;50
11103;0,00391;50
11104;0,0009775;50
11105;0;50
11106;0;50
11107;0;50
11108;0;50
11109;0;50
11110;0;50
11111;0;50
11112;0;50
11113;0;50
11114;0;50
11115;0;50
11116;0;50
11117;0;50
11118;0;50
11119;0;50
11120;0;50
11121;0;50
11122;0;50
11123;0;50
11124;0;50
11125;0;50
11126;0;50
11127;0;50
11128;0;50
11129;0;50
11130;0;50
11131;0;50
11132;0;50
11133;0;50
11134;0;50
11135;0;50
11136;0;50
11137;0;50
11138;0,0017105;50
11139;0,006598;50
11140;0,0112415;50
11141;0,0097755;50
11142;0,004888;50
11143;0,0019555;50
11144;0,000489;50
11145;0;50
11146;0;50
11147;0;50
11148;0;50
11149;0;50
11150;0;50
11151;0;50
11152;0;50
11153;0;50
11154;0;50
11155;0;50
11156;0;50
11157;0;50
11158;0;50
11159;0;50
11160;0;50
11161;0;50
11162;0;50
11163;0;50
11164;0;50
11165;0;50
11166;0;50
11167;0,002688;50
11168;0,010264;50
11169;0,019795;50
11170;0,026882;50
11171;0,032014;50
11172;0,036168;50
11173;0,0391005;50
11174;0,040567;50
11175;0,0410555;50
11176;0,0417885;50
11177;0,0430105;50
11178;0,0447215;50
11179;0,0774685;50
11180;0,128788;50
11181;0,163734;50
11182;0,1898825;50
11183;0,2087;50
11184;0,222385;50
11185;0,231427;50
11186;0,235826;50
11187;0,2277615;50
11188;0,2096775;50
11189;0,193793;50
11190;0,1825515;50
11191;0,175953;50
11192;0,1671555;50
11193;0,140274;50
11194;0,1050835;50
11195;0,0782015;50
11196;0,0576735;50
11197;0,042522;50
11198;0,0312805;50
11199;0,0229715;50
11200;0,017351;50
11201;0,0136855;50
11202;0,0107525;50
11203;0,0083085;50
11204;0,006598;50
11205;0,005132;50
11206;0,0041545;50
11207;0,0036655;50
11208;0,003421;50
11209;0,003421;50
11210;0,003421;50
11211;0,003421;50
11212;0,003177;50
11213;0,0019555;50
11214;0,000489;50
11215;0;50
11216;0;50
11217;0;50
11218;0;50
11219;0;50
11220;0;50
11221;0;50
11222;0;50
11223;0;50
11224;0;50
11225;0;50
11226;0;50
11227;0;50
11228;0;50
11229;0;50
11230;0;50
11231;0;50
11232;0;50
11233;0;50
11234;0;50
11235;0;50
11236;0;50
11237;0;50
11238;0;50
11239;0;50
11240;0;50
11241;0;50
11242;0;50
11243;0;50
11244;0;50
11245;0;50
11246;0;50
11247;0;50
11248;0;50
11249;0;50
11250;0;50
11251;0;50
11252;0;50
11253;0;50
11254;0;50
11255;0;50
11256;0;50
11257;0,000489;50
11258;0,001222;50
11259;0,001222;50
11260;0,000978;50
11261;0,0007335;50
11262;0,0002445;50
11263;0,0009775;50
11264;0,0014665;50
11265;0,000489;50
11266;0;50
11267;0;50
11268;0;50
11269;0;50
11270;0;50
11271;0;50
11272;0;50
11273;0;50
11274;0,002444;50
11275;0,0109975;50
11276;0,0200395;50
11277;0,022972;50
11278;0,0222385;50
11279;0,020772;50
11280;0,0210165;50
11281;0,0229715;50
11282;0,023949;50
11283;0,0222385;50
11284;0,0175955;50
11285;0,0112415;50
11286;0,006354;50
11287;0,0034215;50
11288;0,001222;50
11289;0,0002445;50
11290;0,000489;50
11291;0,0019555;50
11292;0,0039105;50
11293;0,0053765;50
11294;0,006598;50
11295;0,007087;50
11296;0,0058655;50
11297;0,0046435;50
11298;0,005132;50
11299;0,005865;50
11300;0,0053765;50
11301;0,004399;50
11302;0,003177;50
11303;0,001955;50
11304;0,001222;50
11305;0,0007335;50
11306;0,000489;50
11307;0,0002445;50
11308;0,0002445;50
11309;0,0002445;50
11310;0;50
11311;0;50
11312;0;50
11313;0;50
11314;0;50
11315;0;50
11316;0;50
11317;0;50
11318;0;50
11319;0;50
11320;0;50
11321;0;50
11322;0;50
11323;0;50
11324;0;50
11325;0;50
11326;0;50
11327;0;50
11328;0;50
11329;0;50
11330;0;50
11331;0;50
11332;0;50
11333;0;50
11334;0;50
11335;0;50
11336;0;50
11337;0;50
11338;0;50
11339;0;50
11340;0;50
11341;0;50
11342;0;50
11343;0;50
11344;0;50
11345;0;50
11346;0;50
11347;0;50
11348;0;50
11349;0;50
11350;0;50
11351;0;50
11352;0;50
11353;0;50
11354;0;50
11355;0;50
11356;0;50
11357;0;50
11358;0;50
11359;0;50
11360;0;50
11361;0;50
11362;0;50
11363;0;50
11364;0;50
11365;0;50
11366;0;50
11367;0;50
11368;0;50
11369;0;50
11370;0;50
11371;0;50
11372;0;50
11373;0;50
11374;0;50
11375;0;50
11376;0;50
11377;0;50
11378;0;50
11379;0;50
11380;0;50
11381;0;50
11382;0;50
11383;0;50
11384;0;50
11385;0;50
11386;0;50
11387;0;50
11388;0;50
11389;0;50
11390;0;50
11391;0;50
11392;0;50
11393;0;50
11394;0;50
11395;0;50
11396;0;50
11397;0;50
11398;0;50
11399;0;50
11400;0;50
11401;0;50
11402;0;50
11403;0;50
11404;0;50
11405;0;50
11406;0;50
11407;0;50
11408;0;50
11409;0;50
11410;0;50
11411;0;50
11412;0;50
11413;0;50
11414;0;50
11415;0;50
11416;0;50
11417;0;50
11418;0;50
11419;0;50
11420;0;50
11421;0;50
11422;0;50
11423;0;50
11424;0;50
11425;0;50
11426;0;50
11427;0;50
11428;0;50
11429;0;50
11430;0;50
11431;0;50
11432;0;50
11433;0;50
11434;0;50
11435;0;50
11436;0;50
11437;0;50
11438;0;50
11439;0;50
11440;0;50
11441;0;50
11442;0;50
11443;0;50
11444;0;50
11445;0;50
11446;0;50
11447;0;50
11448;0;50
11449;0;50
11450;0;50
11451;0;50
11452;0;50
11453;0;50
11454;0;50
11455;0;50
11456;0;50
11457;0;50
11458;0;50
11459;0;50
11460;0;50
11461;0;50
11462;0;50
11463;0;50
11464;0;50
11465;0;50
11466;0;50
11467;0;50
11468;0;50
11469;0;50
11470;0;50
11471;0;50
11472;0;50
11473;0;50
11474;0;50
11475;0;50
11476;0;50
11477;0;50
11478;0;50
11479;0;50
11480;0;50
11481;0;50
11482;0;50
11483;0;50
11484;0;50
11485;0;50
11486;0;50
11487;0;50
11488;0;50
11489;0;50
11490;0;50
11491;0;50
11492;0;50
11493;0;50
11494;0;50
11495;0;50
11496;0;50
11497;0;50
11498;0;50
11499;0;50
11500;0;50
11501;0;50
11502;0;50
11503;0;50
11504;0;50
11505;0;50
11506;0,000489;50
11507;0,001222;50
11508;0,0021995;50
11509;0,002444;50
11510;0,002688;50
11511;0,003177;50
11512;0,003177;50
11513;0,0029325;50
11514;0,002444;50
11515;0,001711;50
11516;0,001222;50
11517;0,0009775;50
11518;0,000489;50
11519;0,0007335;50
11520;0,000978;50
11521;0,000489;50
11522;0;50
11523;0;50
11524;0;50
11525;0;50
11526;0;50
11527;0;50
11528;0;50
11529;0;50
11530;0;50
11531;0;50
11532;0;50
11533;0;50
11534;0,0009775;50
11535;0,0017105;50
11536;0,0017105;50
11537;0,001222;50
11538;0,0007335;50
11539;0,001222;50
11540;0,0017105;50
11541;0,001955;50
11542;0,002444;50
11543;0,002933;50
11544;0,002933;50
11545;0,002933;50
11546;0,002933;50
11547;0,002933;50
11548;0,003177;50
11549;0,003177;50
11550;0,003177;50
11551;0,003177;50
11552;0,003177;50
11553;0,003421;50
11554;0,003421;50
11555;0,003421;50
11556;0,003177;50
11557;0,002933;50
11558;0,002933;50
11559;0,002933;50
11560;0,002933;50
11561;0,0026885;50
11562;0,002444;50
11563;0,0026885;50
11564;0,002933;50
11565;0,002933;50
11566;0,002933;50
11567;0,0026885;50
11568;0,0026885;50
11569;0,0026885;50
11570;0,002444;50
11571;0,002444;50
11572;0,002444;50
11573;0,0026885;50
11574;0,0026885;50
11575;0,0026885;50
11576;0,0026885;50
11577;0,002444;50
11578;0,0026885;50
11579;0,0026885;50
11580;0,0026885;50
11581;0,0026885;50
11582;0,002444;50
11583;0,0026885;50
11584;0,0026885;50
11585;0,0026885;50
11586;0,002933;50
11587;0,002933;50
11588;0,0026885;50
11589;0,002444;50
11590;0,002444;50
11591;0,002444;50
11592;0,002444;50
11593;0,002444;50
11594;0,002444;50
11595;0,002444;50
11596;0,0021995;50
11597;0,001955;50
11598;0,001955;50
11599;0,001955;50
11600;0,001955;50
11601;0,001955;50
11602;0,002444;50
11603;0,002933;50
11604;0,002444;50
11605;0,001955;50
11606;0,002444;50
11607;0,002444;50
11608;0,001955;50
11609;0,001955;50
11610;0,001955;50
11611;0,001955;50
11612;0,001955;50
11613;0,001955;50
11614;0,0021995;50
11615;0,002444;50
11616;0,0021995;50
11617;0,001955;50
11618;0,001955;50
11619;0,001955;50
11620;0,001955;50
11621;0,001955;50
11622;0,001955;50
11623;0,001955;50
11624;0,001955;50
11625;0,001955;50
11626;0,001955;50
11627;0,001955;50
11628;0,001955;50
11629;0,001955;50
11630;0,0021995;50
11631;0,0021995;50
11632;0,001955;50
11633;0,001955;50
11634;0,001955;50
11635;0,001222;50
11636;0,0002445;50
11637;0;50
11638;0;50
11639;0;50
11640;0;50
11641;0;50
11642;0;50
11643;0;50
11644;0;50
11645;0;50
11646;0;50
11647;0;50
11648;0;50
11649;0;50
11650;0;50
11651;0;50
11652;0;50
11653;0;50
11654;0;50
11655;0;50
11656;0;50
11657;0;50
11658;0;50
11659;0;50
11660;0;50
11661;0;50
11662;0;50
11663;0;50
11664;0;50
11665;0;50
11666;0;50
11667;0;50
11668;0;50
11669;0;50
11670;0;50
11671;0;50
11672;0;50
11673;0;50
11674;0;50
11675;0;50
11676;0;50
11677;0,0002445;50
11678;0,0007335;50
11679;0,000978;50
11680;0,000489;50
11681;0;50
11682;0;50
11683;0;50
11684;0;50
11685;0;50
11686;0;50
11687;0;50
11688;0;50
11689;0;50
11690;0;50
11691;0;50
11692;0;50
11693;0;50
11694;0;50
11695;0;50
11696;0;50
11697;0;50
11698;0;50
11699;0;50
11700;0;50
11701;0;50
11702;0;50
11703;0;50
11704;0;50
11705;0;50
11706;0;50
11707;0;50
11708;0;50
11709;0;50
11710;0;50
11711;0;50
11712;0;50
11713;0;50
11714;0;50
11715;0;50
11716;0;50
11717;0;50
11718;0;50
11719;0;50
11720;0;50
11721;0;50
11722;0;50
11723;0;50
11724;0;50
11725;0;50
11726;0;50
11727;0;50
11728;0;50
11729;0;50
11730;0;50
11731;0;50
11732;0;50
11733;0;50
11734;0;50
11735;0,001955;50
11736;0,004399;50
11737;0,005621;50
11738;0,0065985;50
11739;0,007087;50
11740;0,007331;50
11741;0,0075755;50
11742;0,006354;50
11743;0,003666;50
11744;0,001955;50
11745;0,000733;50
11746;0,0009775;50
11747;0,0029325;50
11748;0,0048875;50
11749;0,006354;50
11750;0,0061095;50
11751;0,0056205;50
11752;0,006598;50
11753;0,007331;50
11754;0,0075755;50
11755;0,0068425;50
11756;0,004399;50
11757;0,0019555;50
11758;0,000489;50
11759;0;50
11760;0;50
11761;0;50
11762;0;50
11763;0;50
11764;0;50
11765;0;50
11766;0;50
11767;0;50
11768;0;50
11769;0;50
11770;0;50
11771;0;50
11772;0;50
11773;0;50
11774;0;50
11775;0;50
11776;0;50
11777;0;50
11778;0;50
11779;0;50
11780;0;50
11781;0;50
11782;0;50
11783;0;50
11784;0;50
11785;0;50
11786;0;50
11787;0;50
11788;0;50
11789;0;50
11790;0;50
11791;0;50
11792;0;50
11793;0;50
11794;0;50
11795;0;50
11796;0;50
11797;0;50
11798;0;50
11799;0;50
11800;0;50
11801;0;50
11802;0;50
11803;0;50
11804;0;50
11805;0;50
11806;0;50
11807;0;50
11808;0;50
11809;0;50
11810;0;50
11811;0;50
11812;0;50
11813;0;50
11814;0;50
11815;0;50
11816;0;50
11817;0;50
11818;0;50
11819;0;50
11820;0;50
11821;0;50
11822;0;50
11823;0;50
11824;0;50
11825;0;50
11826;0;50
11827;0;50
11828;0;50
11829;0;50
11830;0;50
11831;0;50
11832;0;50
11833;0;50
11834;0;50
11835;0;50
11836;0;50
11837;0;50
11838;0;50
11839;0;50
11840;0;50
11841;0;50
11842;0;50
