1;0,5;50
2;3;50
3;5;50
4;5;50
5;5;50
6;5;50
7;5;50
8;5;50
9;5;50
10;5;50
11;5;50
12;5;50
13;5;50
14;5;50
15;5;50
16;5;50
17;5;50
18;5;50
19;5;50
20;5;50
21;5;50
22;5;50
23;5;50
24;5;50
25;5;50
26;5;50
27;5;50
28;5;50
29;5;50
30;5;50
31;5;50
32;5;50
33;5;50
34;5;50
35;5;50
36;5;50
37;5;50
38;5;50
39;5;50
40;5;50
41;5;50
42;5;50
43;5;50
44;5;50
45;5;50
46;5;50
47;5;50
48;5;50
49;5;50
50;5;50
51;5;50
52;5;50
53;5;50
54;5;50
55;5;50
56;5;50
57;5;50
58;5;50
59;5;50
60;5;50
61;5;50
62;5;50
63;5;50
64;5;50
65;5;50
66;5;50
67;5;50
68;5;50
69;5;50
70;5;50
71;5;50
72;5;50
73;5;50
74;5;50
75;5;50
76;5;50
77;5;50
78;5;50
79;5;50
80;5;50
81;5;50
82;5;50
83;5;50
84;5;50
85;5;50
86;5;50
87;5;50
88;5;50
89;5;50
90;5;50
91;5;50
92;5;50
93;5;50
94;5;50
95;5;50
96;5;50
97;5;50
98;5;50
99;5;50
100;5;50
101;5;50
102;5;50
103;5;50
104;5;50
105;5;50
106;5;50
107;5;50
108;5;50
109;5;50
110;5;50
111;5;50
112;5;50
113;5;50
114;5;50
115;5;50
116;5;50
117;5;50
118;5;50
119;5;50
120;5;50
121;5;50
122;5;50
123;5;50
124;5;50
125;5;50
126;5;50
127;5;50
128;5;50
129;5;50
130;5;50
131;5;50
132;5;50
133;5;50
134;5;50
135;5;50
136;5;50
137;5;50
138;5;50
139;5;50
140;5;50
141;5;50
142;5;50
143;5;50
144;5;50
145;5;50
146;5;50
147;5;50
148;5;50
149;5;50
150;5;50
151;5;50
152;5;50
153;5;50
154;5;50
155;5;50
156;5;50
157;5;50
158;5;50
159;5;50
160;5;50
161;5;50
162;5;50
163;5;50
164;5;50
165;5;50
166;5;50
167;5;50
168;5;50
169;5;50
170;5;50
171;5;50
172;5;50
173;5;50
174;5;50
175;5;50
176;5;50
177;5;50
178;5;50
179;5;50
180;5;50
181;5;50
182;5;50
183;5;50
184;5;50
185;5;50
186;5;50
187;5;50
188;5;50
189;5;50
190;5;50
191;5;50
192;5;50
193;5;50
194;5;50
195;5;50
196;5;50
197;5;50
198;5;50
199;5;50
200;5;50
201;5;50
202;5;50
203;5;50
204;5;50
205;5;50
206;5;50
207;5;50
208;5;50
209;5;50
210;5;50
211;5;50
212;5;50
213;5;50
214;5;50
215;5;50
216;5;50
217;5;50
218;5;50
219;5;50
220;5;50
221;5;50
222;5;50
223;5;50
224;5;50
225;5;50
226;5;50
227;5;50
228;5;50
229;5;50
230;5;50
231;5;50
232;5;50
233;5;50
234;5;50
235;5;50
236;5;50
237;5;50
238;5;50
239;5;50
240;5;50
241;5;50
242;5;50
243;5;50
244;5;50
245;5;50
246;5;50
247;5;50
248;5;50
249;5;50
250;5;50
251;5;50
252;5;50
253;5;50
254;5;50
255;5;50
256;5;50
257;5;50
258;5;50
259;5;50
260;5;50
261;5;50
262;5;50
263;5;50
264;5;50
265;5;50
266;5;50
267;5;50
268;5;50
269;5;50
270;5;50
271;5;50
272;5;50
273;5;50
274;5;50
275;5;50
276;5;50
277;5;50
278;5;50
279;5;50
280;5;50
281;5;50
282;5;50
283;5;50
284;5;50
285;5;50
286;5;50
287;5;50
288;5;50
289;5;50
290;5;50
291;5;50
292;5;50
293;5;50
294;5;50
295;5;50
296;5;50
297;5;50
298;5;50
299;5;50
300;5;50
301;5;50
302;5;50
303;5;50
304;5;50
305;5;50
306;5;50
307;5;50
308;5;50
309;5;50
310;5;50
311;5;50
312;5;50
313;5;50
314;5;50
315;5;50
316;4,9340175;50
317;4,772727;50
318;4,633431;50
319;4,5674485;50
320;4,535679;50
321;4,5210165;50
322;4,5112415;50
323;4,50391;50
324;4,4990225;50
325;4,492913;50
326;4,4855815;50
327;4,4770285;50
328;4,4672535;50
329;4,457478;50
330;4,445259;50
331;4,43304;50
332;4,420821;50
333;4,4061585;50
334;4,3914955;50
335;4,376833;50
336;4,3621705;50
337;4,3450635;50
338;4,3279565;50
339;4,313294;50
340;4,296188;50
341;4,2790815;50
342;4,2631965;50
343;4,24609;50
344;4,2302055;50
345;4,2155425;50
346;4,199658;50
347;4,1825515;50
348;4,1666665;50
349;4,150782;50
350;4,1348975;50
351;4,1190125;50
352;4,1031275;50
353;4,087243;50
354;4,070137;50
355;4,0542525;50
356;4,0395895;50
357;4,0249265;50
358;4,0102635;50
359;3,995601;50
360;3,9809385;50
361;3,9662755;50
362;3,951613;50
363;3,9369505;50
364;3,9222875;50
365;3,9088465;50
366;3,8941835;50
367;3,8795205;50
368;3,867302;50
369;3,8538615;50
370;3,8391985;50
371;3,8245355;50
372;3,8098725;50
373;3,79521;50
374;3,7805475;50
375;3,7658845;50
376;3,751222;50
377;3,7365595;50
378;3,7218965;50
379;3,7072335;50
380;3,6925705;50
381;3,6791295;50
382;3,666911;50
383;3,6534705;50
384;3,6388075;50
385;3,6241445;50
386;3,6107035;50
387;3,5984845;50
388;3,585044;50
389;3,5703815;50
390;3,5569405;50
391;3,5447215;50
392;3,5312805;50
393;3,5190615;50
394;3,5068425;50
395;3,4934015;50
396;3,4811825;50
397;3,467742;50
398;3,4530795;50
399;3,4396385;50
400;3,4274195;50
401;3,4139785;50
402;3,3993155;50
403;3,3870965;50
404;3,3748775;50
405;3,3614365;50
406;3,349218;50
407;3,338221;50
408;3,3284455;50
409;3,3162265;50
410;3,3040075;50
411;3,2930105;50
412;3,2807915;50
413;3,2697945;50
414;3,2600195;50
415;3,2502445;50
416;3,2392475;50
417;3,229472;50
418;3,219697;50
419;3,209922;50
420;3,2038125;50
421;3,1940375;50
422;3,18304;50
423;3,1744865;50
424;3,1659335;50
425;3,1573805;50
426;3,147605;50
427;3,1402735;50
428;3,1329425;50
429;3,123167;50
430;3,1060605;50
431;3,0767355;50
432;3,042522;50
433;3,004643;50
434;2,960655;50
435;2,914223;50
436;2,8751225;50
437;2,8519065;50
438;2,8470185;50
439;2,864125;50
440;2,914223;50
441;3,0021995;50
442;3,1158355;50
443;3,2306935;50
444;3,3296675;50
445;3,409091;50
446;3,4689635;50
447;3,5129515;50
448;3,544721;50
449;3,5679375;50
450;3,585044;50
451;3,5972625;50
452;3,605816;50
453;3,610704;50
454;3,613148;50
455;3,613148;50
456;3,611926;50
457;3,610704;50
458;3,60826;50
459;3,6021505;50
460;3,594819;50
461;3,5899315;50
462;3,5826005;50
463;3,5728255;50
464;3,56305;50
465;3,550831;50
466;3,5361685;50
467;3,5202835;50
468;3,500733;50
469;3,477517;50
470;3,4579665;50
471;3,443304;50
472;3,431085;50
473;3,4213095;50
474;3,4139785;50
475;3,411535;50
476;3,4139785;50
477;3,416422;50
478;3,4127565;50
479;3,405425;50
480;3,394428;50
481;3,3773215;50
482;3,357771;50
483;3,335777;50
484;3,308895;50
485;3,2820135;50
486;3,2624635;50
487;3,251466;50
488;3,2453565;50
489;3,244135;50
490;3,245357;50
491;3,2355815;50
492;3,217253;50
493;3,198925;50
494;3,1805965;50
495;3,1671555;50
496;3,1647115;50
497;3,1744865;50
498;3,185484;50
499;3,2062565;50
500;3,233138;50
501;3,242913;50
502;3,240469;50
503;3,239247;50
504;3,240469;50
505;3,240469;50
506;3,2343595;50
507;3,220919;50
508;3,2074785;50
509;3,196481;50
510;3,1891495;50
511;3,181818;50
512;3,1720425;50
513;3,1634895;50
514;3,1537145;50
515;3,1427175;50
516;3,13783;50
517;3,1329425;50
518;3,1182795;50
519;3,0938415;50
520;3,06696;50
521;3,0498535;50
522;3,0474095;50
523;3,054741;50
524;3,0645165;50
525;3,068182;50
526;3,0632945;50
527;3,044966;50
528;3,0254155;50
529;3,0278595;50
530;3,043744;50
531;3,0584065;50
532;3,0694035;50
533;3,088954;50
534;3,123167;50
535;3,1647115;50
536;3,211144;50
537;3,2612415;50
538;3,3198925;50
539;3,387097;50
540;3,479961;50
541;3,621701;50
542;3,7707725;50
543;3,8978495;50
544;4,017595;50
545;4,1324535;50
546;4,235093;50
547;4,3108505;50
548;4,36217;50
549;4,4147115;50
550;4,480694;50
551;4,5320135;50
552;4,5552295;50
553;4,563783;50
554;4,5698925;50
555;4,57478;50
556;4,571114;50
557;4,561339;50
558;4,5466765;50
559;4,5295695;50
560;4,510019;50
561;4,488025;50
562;4,463587;50
563;4,431818;50
564;4,38783;50
565;4,329179;50
566;4,259531;50
567;4,1837735;50
568;4,108016;50
569;4,0408115;50
570;3,984604;50
571;3,93695;50
572;3,8978495;50
573;3,868524;50
574;3,8489735;50
575;3,84042;50
576;3,842864;50
577;3,84653;50
578;3,844086;50
579;3,8367545;50
580;3,822092;50
581;3,8025415;50
582;3,779325;50
583;3,7548875;50
584;3,726784;50
585;3,687683;50
586;3,6461385;50
587;3,6119255;50
588;3,585044;50
589;3,5654935;50
590;3,550831;50
591;3,5361685;50
592;3,5239495;50
593;3,516618;50
594;3,514174;50
595;3,516618;50
596;3,5215055;50
597;3,5190615;50
598;3,512952;50
599;3,5080645;50
600;3,528837;50
601;3,5801565;50
602;3,632698;50
603;3,6864615;50
604;3,7402245;50
605;3,7903225;50
606;3,835533;50
607;3,8734115;50
608;3,9051805;50
609;3,9320625;50
610;3,951613;50
611;3,9662755;50
612;3,9882695;50
613;4,02737;50
614;4,0835775;50
615;4,150782;50
616;4,2167645;50
617;4,270528;50
618;4,31696;50
619;4,3572825;50
620;4,386608;50
621;4,4037145;50
622;4,4147115;50
623;4,456256;50
624;4,5576735;50
625;4,69697;50
626;4,814272;50
627;4,8875855;50
628;4,9315735;50
629;4,951124;50
630;4,930352;50
631;4,871701;50
632;4,811828;50
633;4,7653955;50
634;4,7189635;50
635;4,655425;50
636;4,562561;50
637;4,4403715;50
638;4,2986315;50
639;4,150782;50
640;4,011486;50
641;3,8856305;50
642;3,7658845;50
643;3,6485825;50
644;3,5386115;50
645;3,438416;50
646;3,3528835;50
647;3,2832355;50
648;3,2221405;50
649;3,1647115;50
650;3,113392;50
651;3,0694035;50
652;3,037634;50
653;3,018084;50
654;3,009531;50
655;3,009531;50
656;3,0009775;50
657;2,94477;50
658;2,8445745;50
659;2,745601;50
660;2,664956;50
661;2,592864;50
662;2,5268815;50
663;2,476784;50
664;2,440127;50
665;2,416911;50
666;2,405914;50
667;2,401026;50
668;2,3949165;50
669;2,3851415;50
670;2,3753665;50
671;2,368035;50
672;2,365591;50
673;2,3472625;50
674;2,293499;50
675;2,2458455;50
676;2,2482895;50
677;2,3044965;50
678;2,407136;50
679;2,5537635;50
680;2,737048;50
681;2,917889;50
682;3,0645165;50
683;3,1769305;50
684;3,263685;50
685;3,3296675;50
686;3,357771;50
687;3,3431085;50
688;3,2966765;50
689;3,241691;50
690;3,1989245;50
691;3,1659335;50
692;3,140274;50
693;3,1182795;50
694;3,099951;50
695;3,088954;50
696;3,087732;50
697;3,0938415;50
698;3,1060605;50
699;3,125611;50
700;3,148827;50
701;3,170821;50
702;3,1915935;50
703;3,211144;50
704;3,231916;50
705;3,252688;50
706;3,2710165;50
707;3,286901;50
708;3,294232;50
709;3,2905665;50
710;3,2820135;50
711;3,2807915;50
712;3,2942325;50
713;3,3088955;50
714;3,3211145;50
715;3,328446;50
716;3,326002;50
717;3,3174485;50
718;3,3027855;50
719;3,2917885;50
720;3,2820135;50
721;3,267351;50
722;3,2404695;50
723;3,195259;50
724;3,146383;50
725;3,1060605;50
726;3,0706255;50
727;3,0364125;50
728;3,0034215;50
729;2,972874;50
730;2,9411045;50
731;2,9056695;50
732;2,866569;50
733;2,8250245;50
734;2,793255;50
735;2,7737045;50
736;2,7614855;50
737;2,7504885;50
738;2,735826;50
739;2,7199415;50
740;2,7052785;50
741;2,689394;50
742;2,6747315;50
743;2,663734;50
744;2,658846;50
745;2,658846;50
746;2,66129;50
747;2,666178;50
748;2,6710655;50
749;2,673509;50
750;2,675953;50
751;2,679619;50
752;2,679619;50
753;2,675953;50
754;2,6661775;50
755;2,651515;50
756;2,280059;50
757;1,7302055;50
758;1,4589445;50
759;1,334311;50
760;1,273216;50
761;1,239003;50
762;1,2194525;50
763;1,2047895;50
764;1,190127;50
765;1,180352;50
766;1,1730205;50
767;1,1644675;50
768;1,155914;50
769;1,1473605;50
770;1,1363635;50
771;1,1241445;50
772;1,1143695;50
773;1,1021505;50
774;1,0899315;50
775;1,0801565;50
776;1,0691595;50
777;1,0544965;50
778;1,038612;50
779;1,0239495;50
780;1,0092865;50
781;0,9970675;50
782;0,9860705;50
783;0,9738515;50
784;0,9628545;50
785;0,9506355;50
786;0,9384165;50
787;0,929863;50
788;0,9225315;50
789;0,9139785;50
790;0,9042035;50
791;0,5376345;50
792;0,481427;50
793;0,78348;50
794;0,777615;50
795;0,7729715;50
796;0,768817;50
797;0,764174;50
798;0,758309;50
799;0,751222;50
800;0,7443795;50
801;0,739003;50
802;0,733871;50
803;0,7294725;50
804;0,7250735;50
805;0,715787;50
806;0,6979475;50
807;0,6761975;50
808;0,6581135;50
809;0,642962;50
810;0,630987;50
811;0,6319645;50
812;0,643695;50
813;0,6561585;50
814;0,6625125;50
815;0,6735095;50
816;0,7057675;50
817;0,737781;50
818;0,7504885;50
819;0,75391;50
820;0,7553765;50
821;0,7548875;50
822;0,756598;50
823;0,775171;50
824;0,8103615;50
825;0,9147115;50
826;1,241691;50
827;1,545699;50
828;1,6471165;50
829;1,7179865;50
830;1,77175;50
831;1,8132945;50
832;1,8377325;50
833;1,8450635;50
834;1,8523945;50
835;1,860948;50
836;1,8597265;50
837;1,841398;50
838;1,8206255;50
839;1,815738;50
840;1,830401;50
841;1,878055;50
842;1,980694;50
843;2,0650045;50
844;2,062561;50
845;2,0234605;50
846;1,995357;50
847;2,0344575;50
848;2,110215;50
849;2,1529815;50
850;2,1749755;50
851;2,1786415;50
852;2,1664225;50
853;2,149316;50
854;2,161535;50
855;2,3057185;50
856;2,617302;50
857;3,0449655;50
858;3,4433035;50
859;3,6827955;50
860;3,818426;50
861;3,923509;50
862;4,0127075;50
863;4,0835775;50
864;4,1544475;50
865;4,2717495;50
866;4,4281525;50
867;4,5735585;50
868;4,6884165;50
869;4,7751705;50
870;4,8484845;50
871;4,904692;50
872;4,938905;50
873;4,960899;50
874;4,975562;50
875;4,9828935;50
876;4,987781;50
877;4,990225;50
878;4,978006;50
879;4,9499025;50
880;4,908358;50
881;4,8484845;50
882;4,7776145;50
883;4,705523;50
884;4,6370965;50
885;4,573558;50
886;4,5234605;50
887;4,517351;50
888;4,539345;50
889;4,539345;50
890;4,506354;50
891;4,4501465;50
892;4,382942;50
893;4,2974095;50
894;4,1813295;50
895;4,046921;50
896;3,9125125;50
897;3,785435;50
898;3,6583575;50
899;3,526393;50
900;3,3919845;50
901;3,256354;50
902;3,125611;50
903;3,0095305;50
904;2,913001;50
905;2,8286905;50
906;2,748045;50
907;2,6686215;50
908;2,5879765;50
909;2,5036655;50
910;2,418133;50
911;2,3289345;50
912;2,23607;50
913;2,1407625;50
914;2,0478985;50
915;1,9635875;50
916;1,88783;50
917;1,8206255;50
918;1,7595305;50
919;1,7045455;50
920;1,653226;50
921;1,603128;50
922;1,522483;50
923;1,239003;50
924;0,916422;50
925;0,481916;50
926;0,3888075;50
927;0,738514;50
928;0,900049;50
929;1,0544965;50
930;1,1705765;50
931;1,1974585;50
932;1,20479;50
933;1,203568;50
934;1,199902;50
935;1,197458;50
936;1,1950145;50
937;1,190127;50
938;1,187683;50
939;1,187683;50
940;1,190127;50
941;1,192571;50
942;1,1241445;50
943;0,906647;50
944;0,441349;50
945;0,330645;50
946;0,527615;50
947;0,5156405;50
948;0,509775;50
949;0,5048875;50
950;0,4995115;50
951;0,494135;50
952;0,4892475;50
953;0,4853375;50
954;0,5769795;50
955;0,727273;50
956;0,818671;50
957;0,7561095;50
958;0,599218;50
959;0,517351;50
960;0,4875365;50
961;0,4765395;50
962;0,472385;50
963;0,4706745;50
964;0,469697;50
965;0,469208;50
966;0,4689635;50
967;0,468719;50
968;0,468475;50
969;0,468231;50
970;0,468231;50
971;0,4687195;50
972;0,4694525;50
973;0,4706745;50
974;0,472385;50
975;0,4738515;50
976;0,474829;50
977;0,4780055;50
978;0,4804495;50
979;0,4804495;50
980;0,481427;50
981;0,4828935;50
982;0,484604;50
983;0,486559;50
984;0,488514;50
985;0,4899805;50
986;0,490958;50
987;0,4919355;50
988;0,490225;50
989;0,4863145;50
990;0,4843595;50
991;0,484604;50
992;0,4850925;50
993;0,4843595;50
994;0,483871;50
995;0,483871;50
996;0,4843595;50
997;0,4863145;50
998;0,7438905;50
999;1,5789345;50
1000;2,253177;50
1001;2,3863635;50
1002;2,438905;50
1003;2,4608995;50
1004;2,4706745;50
1005;2,473118;50
1006;2,475562;50
1007;2,478006;50
1008;2,478006;50
1009;2,478006;50
1010;2,478006;50
1011;2,478006;50
1012;2,478006;50
1013;2,478006;50
1014;2,478006;50
1015;2,478006;50
1016;2,478006;50
1017;2,478006;50
1018;2,478006;50
1019;2,478006;50
1020;2,478006;50
1021;2,478006;50
1022;2,478006;50
1023;2,478006;50
1024;2,478006;50
1025;2,478006;50
1026;2,478006;50
1027;2,478006;50
1028;2,478006;50
1029;2,478006;50
1030;2,478006;50
1031;2,478006;50
1032;2,478006;50
1033;2,478006;50
1034;2,478006;50
1035;2,478006;50
1036;2,478006;50
1037;2,478006;50
1038;2,478006;50
1039;2,478006;50
1040;2,478006;50
1041;2,478006;50
1042;2,478006;50
1043;2,478006;50
1044;2,478006;50
1045;2,478006;50
1046;2,478006;50
1047;2,478006;50
1048;2,478006;50
1049;2,478006;50
1050;2,478006;50
1051;2,478006;50
1052;2,478006;50
1053;2,478006;50
1054;2,478006;50
1055;2,478006;50
1056;2,478006;50
1057;2,478006;50
1058;2,478006;50
1059;2,478006;50
1060;2,478006;50
1061;2,478006;50
1062;2,478006;50
1063;2,478006;50
1064;2,478006;50
1065;2,478006;50
1066;2,478006;50
1067;2,478006;50
1068;2,478006;50
1069;2,478006;50
1070;2,478006;50
1071;2,478006;50
1072;2,478006;50
1073;2,478006;50
1074;2,478006;50
1075;2,478006;50
1076;2,478006;50
1077;2,478006;50
1078;2,478006;50
1079;2,478006;50
1080;2,478006;50
1081;2,478006;50
1082;2,478006;50
1083;2,478006;50
1084;2,478006;50
1085;2,478006;50
1086;2,478006;50
1087;2,478006;50
1088;2,478006;50
1089;2,478006;50
1090;2,478006;50
1091;2,478006;50
1092;2,478006;50
1093;2,478006;50
1094;2,478006;50
1095;2,478006;50
1096;2,478006;50
1097;2,478006;50
1098;2,478006;50
1099;2,478006;50
1100;2,478006;50
1101;2,478006;50
1102;2,478006;50
1103;2,478006;50
1104;2,478006;50
1105;2,478006;50
1106;2,478006;50
1107;2,478006;50
1108;2,478006;50
1109;2,478006;50
1110;2,478006;50
1111;2,478006;50
1112;2,478006;50
1113;2,478006;50
1114;2,478006;50
1115;2,478006;50
1116;2,478006;50
1117;2,478006;50
1118;2,478006;50
1119;2,478006;50
1120;2,478006;50
1121;2,478006;50
1122;2,478006;50
1123;2,478006;50
1124;2,478006;50
1125;2,478006;50
1126;2,478006;50
1127;2,478006;50
1128;2,478006;50
1129;2,478006;50
1130;2,478006;50
1131;2,478006;50
1132;2,478006;50
1133;2,478006;50
1134;2,478006;50
1135;2,478006;50
1136;2,478006;50
1137;2,478006;50
1138;2,478006;50
1139;2,478006;50
1140;2,478006;50
1141;2,888563;50
1142;3,6119255;50
1143;4,122678;50
1144;4,0811335;50
1145;3,416422;50
1146;2,8592375;50
1147;2,6515155;50
1148;2,546432;50
1149;2,507331;50
1150;2,4926685;50
1151;2,485337;50
1152;2,482893;50
1153;2,4816715;50
1154;2,479228;50
1155;2,478006;50
1156;2,478006;50
1157;2,478006;50
1158;2,478006;50
1159;2,526882;50
1160;3,010753;50
1161;3,7438905;50
1162;4,2277615;50
1163;4,5210165;50
1164;4,6969695;50
1165;4,8069405;50
1166;4,8765885;50
1167;4,9205765;50
1168;4,94868;50
1169;4,9670085;50
1170;4,976784;50
1171;4,9828935;50
1172;4,987781;50
1173;4,991447;50
1174;4,993891;50
1175;4,995113;50
1176;4,9963345;50
1177;4,9963345;50
1178;4,9963345;50
1179;4,998778;50
1180;4,998778;50
1181;4,998778;50
1182;4,998778;50
1183;4,998778;50
1184;5;50
1185;5;50
1186;5;50
1187;5;50
1188;5;50
1189;5;50
1190;5;50
1191;5;50
1192;5;50
1193;5;50
1194;5;50
1195;5;50
1196;5;50
1197;5;50
1198;5;50
1199;5;50
1200;5;50
1201;5;50
1202;5;50
1203;5;50
1204;5;50
1205;5;50
1206;5;50
1207;5;50
1208;5;50
1209;5;50
1210;5;50
1211;5;50
1212;4,210655;50
1213;3,135386;50
1214;2,7394915;50
1215;2,585533;50
1216;2,524438;50
1217;2,5;50
1218;2,489003;50
1219;2,484115;50
1220;2,482893;50
1221;2,482893;50
1222;2,4816715;50
1223;2,4816715;50
1224;2,4804495;50
1225;2,478006;50
1226;2,479228;50
1227;2,48045;50
1228;2,479228;50
1229;2,478006;50
1230;2,478006;50
1231;2,478006;50
1232;2,479228;50
1233;2,479228;50
1234;2,478006;50
1235;2,478006;50
1236;2,478006;50
1237;2,478006;50
1238;2,478006;50
1239;2,478006;50
1240;2,478006;50
1241;2,9105575;50
1242;3,6632455;50
1243;4,150782;50
1244;3,7304495;50
1245;2,9374385;50
1246;2,6564025;50
1247;2,5500975;50
1248;2,508553;50
1249;2,4926685;50
1250;2,485337;50
1251;2,482893;50
1252;2,4816715;50
1253;2,479228;50
1254;2,479228;50
1255;2,48045;50
1256;2,48045;50
1257;2,6832845;50
1258;3,2820135;50
1259;3,2930105;50
1260;3,158602;50
1261;3,2710165;50
1262;3,499511;50
1263;4,07869;50
1264;4,423265;50
1265;4,637097;50
1266;4,7690615;50
1267;4,8497065;50
1268;4,8985825;50
1269;4,219208;50
1270;3,20259;50
1271;2,7614855;50
1272;2,853128;50
1273;3,444526;50
1274;4,0481425;50
1275;4,4122675;50
1276;4,634653;50
1277;4,7715055;50
1278;4,8558165;50
1279;4,907136;50
1280;4,938905;50
1281;4,9584555;50
1282;4,9706745;50
1283;4,978006;50
1284;4,9828935;50
1285;4,987781;50
1286;4,990225;50
1287;4,990225;50
1288;4,991447;50
1289;4,992669;50
1290;4,993891;50
1291;4,995113;50
1292;4,995113;50
1293;4,995113;50
1294;4,995113;50
1295;4,995113;50
1296;4,995113;50
1297;4,995113;50
1298;4,995113;50
1299;4,995113;50
1300;4,995113;50
1301;4,995113;50
1302;4,995113;50
1303;4,995113;50
1304;4,993891;50
1305;4,991447;50
1306;4,990225;50
1307;4,990225;50
1308;4,987781;50
1309;4,2741935;50
1310;3,230694;50
1311;2,7737045;50
1312;2,759042;50
1313;2,856794;50
1314;3,2697945;50
1315;3,803763;50
1316;3,451857;50
1317;2,8323555;50
1318;2,617302;50
1319;2,536657;50
1320;2,502444;50
1321;2,490225;50
1322;2,485337;50
1323;2,482893;50
1324;2,8665685;50
1325;3,594819;50
1326;4,1422285;50
1327;4,4696965;50
1328;4,6725315;50
1329;4,799609;50
1330;4,8765885;50
1331;4,9230205;50
1332;4,951124;50
1333;4,9682305;50
1334;4,9792275;50
1335;4,986559;50
1336;4,990225;50
1337;4,992669;50
1338;4,995113;50
1339;4,995113;50
1340;4,9963345;50
1341;4,997556;50
1342;4,998778;50
1343;5;50
1344;5;50
1345;5;50
1346;5;50
1347;5;50
1348;5;50
1349;5;50
1350;5;50
1351;5;50
1352;5;50
1353;5;50
1354;5;50
1355;5;50
1356;5;50
1357;5;50
1358;5;50
1359;5;50
1360;5;50
1361;5;50
1362;5;50
1363;5;50
1364;5;50
1365;5;50
1366;5;50
1367;5;50
1368;5;50
1369;5;50
1370;5;50
1371;5;50
1372;5;50
1373;5;50
1374;5;50
1375;5;50
1376;5;50
1377;5;50
1378;5;50
1379;5;50
1380;5;50
1381;5;50
1382;5;50
1383;5;50
1384;5;50
1385;5;50
1386;5;50
1387;5;50
1388;5;50
1389;5;50
1390;5;50
1391;5;50
1392;5;50
1393;5;50
1394;5;50
1395;5;50
1396;5;50
1397;5;50
1398;5;50
1399;5;50
1400;5;50
1401;5;50
1402;5;50
1403;5;50
1404;5;50
1405;5;50
1406;5;50
1407;5;50
1408;5;50
1409;5;50
1410;5;50
1411;5;50
1412;5;50
1413;5;50
1414;4,7482895;50
1415;4,197214;50
1416;3,4591885;50
1417;3,1537145;50
1418;3,6265885;50
1419;4,1715545;50
1420;4,4978005;50
1421;4,692082;50
1422;4,811828;50
1423;4,8851415;50
1424;4,9291295;50
1425;4,957233;50
1426;4,97434;50
1427;4,9841155;50
1428;4,990225;50
1429;4,5466765;50
1430;3,6021505;50
1431;2,915445;50
1432;2,653959;50
1433;2,5513195;50
1434;2,509775;50
1435;2,4926685;50
1436;2,485337;50
1437;2,482893;50
1438;2,482893;50
1439;2,482893;50
1440;2,482893;50
1441;2,4816715;50
1442;2,479228;50
1443;2,478006;50
1444;2,479228;50
1445;2,479228;50
1446;2,478006;50
1447;2,479228;50
1448;2,479228;50
1449;2,479228;50
1450;2,48045;50
1451;2,479228;50
1452;2,478006;50
1453;2,479228;50
1454;2,479228;50
1455;2,478006;50
1456;2,478006;50
1457;2,478006;50
1458;2,479228;50
1459;2,479228;50
1460;2,478006;50
1461;2,478006;50
1462;2,478006;50
1463;2,478006;50
1464;2,478006;50
1465;2,478006;50
1466;2,478006;50
1467;2,478006;50
1468;2,478006;50
1469;2,478006;50
1470;2,478006;50
1471;2,478006;50
1472;2,478006;50
1473;2,478006;50
1474;2,478006;50
1475;2,478006;50
1476;2,478006;50
1477;2,478006;50
1478;2,478006;50
1479;2,478006;50
1480;2,478006;50
1481;2,478006;50
1482;2,478006;50
1483;2,478006;50
1484;2,478006;50
1485;2,478006;50
1486;2,478006;50
1487;2,4951125;50
1488;2,5305475;50
1489;2,5403225;50
1490;2,5146625;50
1491;2,4902245;50
1492;2,4816715;50
1493;2,48045;50
1494;2,479228;50
1495;2,478006;50
1496;2,478006;50
1497;2,478006;50
1498;2,478006;50
1499;2,478006;50
1500;2,478006;50
1501;2,478006;50
1502;2,478006;50
1503;2,478006;50
1504;2,478006;50
1505;2,478006;50
1506;2,478006;50
1507;2,478006;50
1508;2,478006;50
1509;2,478006;50
1510;2,478006;50
1511;2,478006;50
1512;2,478006;50
1513;2,478006;50
1514;2,478006;50
1515;2,478006;50
1516;2,478006;50
1517;2,478006;50
1518;2,478006;50
1519;2,478006;50
1520;2,478006;50
1521;2,478006;50
1522;2,478006;50
1523;2,478006;50
1524;2,478006;50
1525;2,478006;50
1526;2,478006;50
1527;2,478006;50
1528;2,478006;50
1529;2,478006;50
1530;2,478006;50
1531;2,478006;50
1532;2,478006;50
1533;2,478006;50
1534;2,478006;50
1535;2,478006;50
1536;2,478006;50
1537;2,478006;50
1538;2,478006;50
1539;2,478006;50
1540;2,478006;50
1541;2,478006;50
1542;2,478006;50
1543;2,478006;50
1544;2,478006;50
1545;2,478006;50
1546;2,478006;50
1547;2,478006;50
1548;2,478006;50
1549;2,478006;50
1550;2,478006;50
1551;2,478006;50
1552;2,478006;50
1553;2,478006;50
1554;2,478006;50
1555;2,478006;50
1556;2,478006;50
1557;2,478006;50
1558;2,478006;50
1559;2,478006;50
1560;2,478006;50
1561;2,478006;50
1562;2,4804495;50
1563;2,900782;50
1564;3,6436955;50
1565;4,165445;50
1566;4,4831375;50
1567;4,678641;50
1568;4,800831;50
1569;4,8765885;50
1570;4,9217985;50
1571;4,949902;50
1572;4,9682305;50
1573;4,9804495;50
1574;4,987781;50
1575;4,991447;50
1576;4,993891;50
1577;4,995113;50
1578;4,9963345;50
1579;4,997556;50
1580;4,997556;50
1581;4,998778;50
1582;5;50
1583;4,998778;50
1584;4,997556;50
1585;4,997556;50
1586;4,998778;50
1587;5;50
1588;5;50
1589;5;50
1590;5;50
1591;4,9975565;50
1592;4,990225;50
1593;4,975562;50
1594;4,9584555;50
1595;4,941349;50
1596;4,9230205;50
1597;4,9071355;50
1598;4,893695;50
1599;4,8778105;50
1600;4,8607035;50
1601;4,846041;50
1602;4,8289345;50
1603;4,8118275;50
1604;4,795943;50
1605;4,778837;50
1606;4,7605085;50
1607;4,7434015;50
1608;4,726295;50
1609;4,7091885;50
1610;4,694526;50
1611;4,6798635;50
1612;4,6627565;50
1613;4,64565;50
1614;4,6309875;50
1615;4,6163245;50
1616;4,6016615;50
1617;4,586999;50
1618;4,5723365;50
1619;4,5601175;50
1620;4,5478985;50
1621;4,5332355;50
1622;4,5210165;50
1623;4,5087975;50
1624;4,494135;50
1625;4,480694;50
1626;4,468475;50
1627;4,4550345;50
1628;4,4403715;50
1629;4,4269305;50
1630;4,4147115;50
1631;4,4012705;50
1632;4,386608;50
1633;4,3731675;50
1634;4,3609485;50
1635;4,3475075;50
1636;4,3328445;50
1637;4,3181815;50
1638;4,303519;50
1639;4,2888565;50
1640;4,2741935;50
1641;4,2595305;50
1642;4,244868;50
1643;4,225318;50
1644;4,2033235;50
1645;4,1911045;50
1646;4,1813295;50
1647;4,1666665;50
1648;4,14956;50
1649;4,1324535;50
1650;4,115347;50
1651;4,0957965;50
1652;4,077468;50
1653;4,0603615;50
1654;4,044477;50
1655;4,0298145;50
1656;4,0175955;50
1657;4,0053765;50
1658;3,9931575;50
1659;3,9833825;50
1660;3,9736075;50
1661;3,963832;50
1662;3,951613;50
1663;3,939394;50
1664;3,9296185;50
1665;3,9210655;50
1666;3,913734;50
1667;3,9051805;50
1668;3,8966275;50
1669;3,889296;50
1670;4,114125;50
1671;4,4758065;50
1672;4,6871945;50
1673;4,811828;50
1674;4,8863635;50
1675;4,9303515;50
1676;4,9560115;50
1677;4,9682305;50
1678;4,969452;50
1679;4,97434;50
1680;4,9828935;50
1681;4,9828935;50
1682;4,976784;50
1683;4,9694525;50
1684;4,9608995;50
1685;4,963343;50
1686;4,9780055;50
1687;4,987781;50
1688;4,992669;50
1689;4,995113;50
1690;4,9975565;50
1691;5;50
1692;5;50
1693;5;50
1694;5;50
1695;5;50
1696;5;50
1697;5;50
1698;5;50
1699;5;50
1700;5;50
1701;5;50
1702;5;50
1703;5;50
1704;5;50
1705;5;50
1706;5;50
1707;5;50
1708;5;50
1709;5;50
1710;5;50
1711;5;50
1712;5;50
1713;5;50
1714;5;50
1715;5;50
1716;5;50
1717;5;50
1718;5;50
1719;5;50
1720;5;50
1721;5;50
1722;5;50
1723;5;50
1724;5;50
1725;5;50
1726;5;50
1727;5;50
1728;5;50
1729;5;50
1730;5;50
1731;5;50
1732;5;50
1733;5;50
1734;5;50
1735;5;50
1736;5;50
1737;5;50
1738;5;50
1739;5;50
1740;5;50
1741;5;50
1742;5;50
1743;5;50
1744;5;50
1745;5;50
1746;5;50
1747;5;50
1748;5;50
1749;5;50
1750;5;50
1751;5;50
1752;5;50
1753;5;50
1754;5;50
1755;5;50
1756;5;50
1757;5;50
1758;5;50
1759;5;50
1760;5;50
1761;5;50
1762;5;50
1763;5;50
1764;5;50
1765;5;50
1766;5;50
1767;5;50
1768;5;50
1769;5;50
1770;5;50
1771;5;50
1772;5;50
1773;5;50
1774;5;50
1775;5;50
1776;5;50
1777;5;50
1778;5;50
1779;5;50
1780;5;50
1781;5;50
1782;5;50
1783;5;50
1784;5;50
1785;5;50
1786;5;50
1787;5;50
1788;5;50
1789;5;50
1790;5;50
1791;5;50
1792;5;50
1793;5;50
1794;5;50
1795;5;50
1796;5;50
1797;5;50
1798;5;50
1799;5;50
1800;5;50
1801;5;50
1802;5;50
1803;5;50
1804;5;50
1805;5;50
1806;5;50
1807;5;50
1808;5;50
1809;5;50
1810;5;50
1811;5;50
1812;5;50
1813;5;50
1814;5;50
1815;5;50
1816;5;50
1817;5;50
1818;5;50
1819;5;50
1820;5;50
1821;5;50
1822;5;50
1823;5;50
1824;5;50
1825;5;50
1826;5;50
1827;5;50
1828;5;50
1829;5;50
1830;5;50
1831;5;50
1832;5;50
1833;5;50
1834;5;50
1835;5;50
1836;4,3792765;50
1837;3,3663245;50
1838;2,8238025;50
1839;2,617302;50
1840;2,5439885;50
1841;2,512219;50
1842;2,4926685;50
1843;2,485337;50
1844;2,4816715;50
1845;2,48045;50
1846;2,48045;50
1847;2,48045;50
1848;2,479228;50
1849;2,479228;50
1850;2,479228;50
1851;2,479228;50
1852;2,479228;50
1853;2,478006;50
1854;2,478006;50
1855;2,479228;50
1856;2,479228;50
1857;2,479228;50
1858;2,479228;50
1859;2,478006;50
1860;2,478006;50
1861;2,478006;50
1862;2,478006;50
1863;2,478006;50
1864;2,478006;50
1865;2,478006;50
1866;2,478006;50
1867;2,478006;50
1868;2,478006;50
1869;2,478006;50
1870;2,478006;50
1871;2,478006;50
1872;2,478006;50
1873;2,478006;50
1874;2,478006;50
1875;2,478006;50
1876;2,478006;50
1877;2,478006;50
1878;2,478006;50
1879;2,478006;50
1880;2,478006;50
1881;2,478006;50
1882;2,478006;50
1883;2,5097755;50
1884;2,6527375;50
1885;3,2025905;50
1886;3,902737;50
1887;4,3230695;50
1888;4,5821115;50
1889;4,74218;50
1890;4,8399315;50
1891;4,899804;50
1892;4,936461;50
1893;4,960899;50
1894;4,975562;50
1895;4,9828935;50
1896;4,987781;50
1897;4,992669;50
1898;4,995113;50
1899;4,9963345;50
1900;4,997556;50
1901;4,998778;50
1902;5;50
1903;5;50
1904;5;50
1905;5;50
1906;5;50
1907;5;50
1908;5;50
1909;5;50
1910;5;50
1911;5;50
1912;5;50
1913;5;50
1914;5;50
1915;5;50
1916;5;50
1917;5;50
1918;5;50
1919;5;50
1920;5;50
1921;5;50
1922;5;50
1923;5;50
1924;5;50
1925;5;50
1926;5;50
1927;5;50
1928;5;50
1929;5;50
1930;5;50
1931;5;50
1932;5;50
1933;5;50
1934;5;50
1935;5;50
1936;5;50
1937;5;50
1938;5;50
1939;5;50
1940;5;50
1941;5;50
1942;5;50
1943;5;50
1944;5;50
1945;5;50
1946;5;50
1947;5;50
1948;5;50
1949;5;50
1950;5;50
1951;5;50
1952;5;50
1953;5;50
1954;5;50
1955;5;50
1956;5;50
1957;5;50
1958;5;50
1959;5;50
1960;5;50
1961;5;50
1962;5;50
1963;5;50
1964;5;50
1965;5;50
1966;5;50
1967;5;50
1968;5;50
1969;5;50
1970;5;50
1971;5;50
1972;5;50
1973;5;50
1974;5;50
1975;5;50
1976;5;50
1977;5;50
1978;5;50
1979;5;50
1980;5;50
1981;5;50
1982;5;50
1983;5;50
1984;5;50
1985;5;50
1986;5;50
1987;5;50
1988;5;50
1989;5;50
1990;5;50
1991;5;50
1992;5;50
1993;5;50
1994;5;50
1995;5;50
1996;5;50
1997;5;50
1998;5;50
1999;5;50
2000;5;50
2001;5;50
2002;5;50
2003;5;50
2004;5;50
2005;5;50
2006;5;50
2007;5;50
2008;5;50
2009;5;50
2010;5;50
2011;5;50
2012;5;50
2013;5;50
2014;5;50
2015;5;50
2016;5;50
2017;5;50
2018;5;50
2019;5;50
2020;5;50
2021;5;50
2022;5;50
2023;5;50
2024;5;50
2025;5;50
2026;5;50
2027;5;50
2028;5;50
2029;5;50
2030;5;50
2031;5;50
2032;5;50
2033;5;50
2034;5;50
2035;5;50
2036;5;50
2037;5;50
2038;5;50
2039;5;50
2040;5;50
2041;5;50
2042;5;50
2043;5;50
2044;5;50
2045;5;50
2046;5;50
2047;5;50
2048;5;50
2049;5;50
2050;5;50
2051;5;50
2052;5;50
2053;5;50
2054;5;50
2055;5;50
2056;5;50
2057;5;50
2058;5;50
2059;5;50
2060;5;50
2061;5;50
2062;5;50
2063;5;50
2064;5;50
2065;5;50
2066;5;50
2067;5;50
2068;5;50
2069;5;50
2070;5;50
2071;5;50
2072;5;50
2073;5;50
2074;5;50
2075;5;50
2076;5;50
2077;5;50
2078;5;50
2079;5;50
2080;5;50
2081;5;50
2082;5;50
2083;5;50
2084;5;50
2085;5;50
2086;5;50
2087;5;50
2088;5;50
2089;5;50
2090;5;50
2091;5;50
2092;5;50
2093;5;50
2094;5;50
2095;5;50
2096;5;50
2097;5;50
2098;5;50
2099;5;50
2100;5;50
2101;5;50
2102;5;50
2103;5;50
2104;5;50
2105;5;50
2106;5;50
2107;5;50
2108;5;50
2109;5;50
2110;5;50
2111;5;50
2112;5;50
2113;5;50
2114;5;50
2115;5;50
2116;5;50
2117;5;50
2118;5;50
2119;5;50
2120;5;50
2121;5;50
2122;5;50
2123;5;50
2124;5;50
2125;5;50
2126;5;50
2127;5;50
2128;5;50
2129;5;50
2130;5;50
2131;5;50
2132;5;50
2133;5;50
2134;5;50
2135;5;50
2136;5;50
2137;5;50
2138;5;50
2139;5;50
2140;5;50
2141;5;50
2142;5;50
2143;5;50
2144;5;50
2145;5;50
2146;5;50
2147;5;50
2148;5;50
2149;5;50
2150;5;50
2151;5;50
2152;5;50
2153;5;50
2154;5;50
2155;5;50
2156;5;50
2157;5;50
2158;5;50
2159;5;50
2160;5;50
2161;5;50
2162;5;50
2163;5;50
2164;5;50
2165;5;50
2166;5;50
2167;5;50
2168;5;50
2169;5;50
2170;5;50
2171;5;50
2172;5;50
2173;5;50
2174;5;50
2175;5;50
2176;5;50
2177;5;50
2178;5;50
2179;5;50
2180;5;50
2181;5;50
2182;5;50
2183;5;50
2184;4,9254645;50
2185;4,550342;50
2186;3,9503905;50
2187;3,372434;50
2188;2,876344;50
2189;2,4670085;50
2190;2,1187685;50
2191;1,757087;50
2192;1,3453075;50
2193;0,9701855;50
2194;0,4604105;50
2195;0,2998535;50
2196;0,4723855;50
2197;0,457967;50
2198;0,456012;50
2199;0,459922;50
2200;0,47434;50
2201;0,496823;50
2202;0,536168;50
2203;0,5855325;50
2204;0,6304985;50
2205;0,6564025;50
2206;0,647605;50
2207;0,5757575;50
2208;0,4980445;50
2209;0,4638315;50
2210;0,42913;50
2211;0,394917;50
2212;0,4120235;50
2213;0,463099;50
2214;0,5061095;50
2215;0,531036;50
2216;0,522483;50
2217;0,4899805;50
2218;0,467742;50
2219;0,476051;50
2220;0,556696;50
2221;0,723118;50
2222;0,905425;50
2223;1,11217;50
2224;1,2304495;50
2225;1,202346;50
2226;1,130254;50
2227;1,03739;50
2228;0,935973;50
2229;0,521017;50
2230;0,397605;50
2231;0,620723;50
2232;0,57478;50
2233;0,5207725;50
2234;0,4633435;50
2235;0,4100685;50
2236;0,3626585;50
2237;0,3169595;50
2238;0,27346;50
2239;0,236559;50
2240;0,21261;50
2241;0,203079;50
2242;0,205523;50
2243;0,213099;50
2244;0,222874;50
2245;0,2431575;50
2246;0,27175;50
2247;0,298387;50
2248;0,3238025;50
2249;0,3379765;50
2250;0,3482405;50
2251;0,395406;50
2252;0,4577225;50
2253;0,5065985;50
2254;0,5195505;50
2255;0,5073315;50
2256;0,5014665;50
2257;0,5002445;50
2258;0,4951125;50
2259;0,495357;50
2260;0,496579;50
2261;0,498778;50
2262;0,5004885;50
2263;0,5056205;50
2264;0,504643;50
2265;0,5004885;50
2266;0,494868;50
2267;0,48827;50
2268;0,4753175;50
2269;0,4623655;50
2270;0,450147;50
2271;0,4381725;50
2272;0,424976;50
2273;0,4139785;50
2274;0,4049365;50
2275;0,3963835;50
2276;0,3900295;50
2277;0,3868525;50
2278;0,385875;50
2279;0,3856305;50
2280;0,386608;50
2281;0,3868525;50
2282;0,386608;50
2283;0,389296;50
2284;0,3934505;50
2285;0,3934505;50
2286;0,392473;50
2287;0,3919845;50
2288;0,39174;50
2289;0,3954055;50
2290;0,3978495;50
2291;0,397361;50
2292;0,3924735;50
2293;0,3866085;50
2294;0,3836755;50
2295;0,380987;50
2296;0,377566;50
2297;0,374878;50
2298;0,366569;50
2299;0,318915;50
2300;0,292522;50
2301;0,371701;50
2302;0,5979965;50
2303;0,8719455;50
2304;1,406647;50
2305;2,062561;50
2306;2,486559;50
2307;2,8115835;50
2308;3,0620725;50
2309;3,257576;50
2310;3,3895405;50
2311;3,3870965;50
2312;3,22825;50
2313;3,003421;50
2314;2,7871455;50
2315;2,579423;50
2316;2,3741445;50
2317;2,183529;50
2318;2,007576;50
2319;1,831623;50
2320;1,664223;50
2321;1,517595;50
2322;1,3954055;50
2323;1,296432;50
2324;1,2096775;50
2325;1,1278105;50
2326;1,045943;50
2327;0,9677415;50
2328;0,8993155;50
2329;0,510264;50
2330;0,411535;50
2331;0,6446725;50
2332;0,592864;50
2333;0,5400785;50
2334;0,497312;50
2335;0,460166;50
2336;0,430596;50
2337;0,408602;50
2338;0,3914955;50
2339;0,3753665;50
2340;0,36217;50
2341;0,3509285;50
2342;0,340176;50
2343;0,326491;50
2344;0,31305;50
2345;0,2986315;50
2346;0,2851905;50
2347;0,2717495;50
2348;0,2575755;50
2349;0,244868;50
2350;0,2399805;50
2351;0,2360705;50
2352;0,229228;50
2353;0,218964;50
2354;0,207478;50
2355;0,19477;50
2356;0,184262;50
2357;0,1749755;50
2358;0,167155;50
2359;0,159335;50
2360;0,153959;50
2361;0,152004;50
2362;0,153959;50
2363;0,1573805;50
2364;0,162757;50
2365;0,169355;50
2366;0,1774195;50
2367;0,1845065;50
2368;0,1911045;50
2369;0,196481;50
2370;0,20088;50
2371;0,20479;50
2372;0,2087;50
2373;0,211877;50
2374;0,213832;50
2375;0,2155425;50
2376;0,21652;50
2377;0,21652;50
2378;0,2162755;50
2379;0,2167645;50
2380;0,2174975;50
2381;0,2174975;50
2382;0,2179865;50
2383;0,218964;50
2384;0,218964;50
2385;0,218964;50
2386;0,218475;50
2387;0,218475;50
2388;0,217009;50
2389;0,215298;50
2390;0,2138315;50
2391;0,212854;50
2392;0,211388;50
2393;0,2096775;50
2394;0,2077225;50
2395;0,2077225;50
2396;0,206745;50
2397;0,205523;50
2398;0,2045455;50
2399;0,203568;50
2400;0,2028345;50
2401;0,201857;50
2402;0,200391;50
2403;0,200391;50
2404;0,200391;50
2405;0,200391;50
2406;0,1989245;50
2407;0,1981915;50
2408;0,1950145;50
2409;0,1906155;50
2410;0,1852395;50
2411;0,181085;50
2412;0,1757085;50
2413;0,170088;50
2414;0,163734;50
2415;0,158602;50
2416;0,153226;50
2417;0,148583;50
2418;0,1446725;50
2419;0,14174;50
2420;0,140274;50
2421;0,139052;50
2422;0,137097;50
2423;0,1368525;50
2424;0,135875;50
2425;0,132698;50
2426;0,126344;50
2427;0,1202345;50
2428;0,1170575;50
2429;0,116569;50
2430;0,1195015;50
2431;0,129765;50
2432;0,14174;50
2433;0,1534705;50
2434;0,163734;50
2435;0,173509;50
2436;0,1813295;50
2437;0,1871945;50
2438;0,1911045;50
2439;0,195015;50
2440;0,2006355;50
2441;0,207478;50
2442;0,21261;50
2443;0,217253;50
2444;0,221652;50
2445;0,225318;50
2446;0,2277615;50
2447;0,22825;50
2448;0,228739;50
2449;0,2304495;50
2450;0,233382;50
2451;0,2360705;50
2452;0,239003;50
2453;0,242424;50
2454;0,2116325;50
2455;0,1683775;50
2456;0,1517595;50
2457;0,144184;50
2458;0,1412515;50
2459;0,13783;50
2460;0,1348975;50
2461;0,1324535;50
2462;0,1307425;50
2463;0,12781;50
2464;0,1260995;50
2465;0,125122;50
2466;0,123656;50
2467;0,1231675;50
2468;0,1226785;50
2469;0,1226785;50
2470;0,1219455;50
2471;0,119013;50
2472;0,117302;50
2473;0,1151025;50
2474;0,113392;50
2475;0,11217;50
2476;0,115347;50
2477;0,1202345;50
2478;0,1229225;50
2479;0,120479;50
2480;0,115836;50
2481;0,110215;50
2482;0,10435;50
2483;0,0994625;50
2484;0,0970185;50
2485;0,096774;50
2486;0,0962855;50
2487;0,0962855;50
2488;0,095552;50
2489;0,097507;50
2490;0,100684;50
2491;0,105083;50
2492;0,110215;50
2493;0,114614;50
2494;0,1168135;50
2495;0,119746;50
2496;0,12219;50
2497;0,1251225;50
2498;0,128299;50
2499;0,1292765;50
2500;0,1309875;50
2501;0,1324535;50
2502;0,1339195;50
2503;0,134164;50
2504;0,135386;50
2505;0,136608;50
2506;0,13783;50
2507;0,1368525;50
2508;0,1363635;50
2509;0,1356305;50
2510;0,136608;50
2511;0,134897;50
2512;0,133431;50
2513;0,1324535;50
2514;0,1300095;50
2515;0,13783;50
2516;0,161046;50
2517;0,1813295;50
2518;0,1928155;50
2519;0,1969695;50
2520;0,199902;50
2521;0,201613;50
2522;0,2025905;50
2523;0,201857;50
2524;0,202346;50
2525;0,2033235;50
2526;0,203812;50
2527;0,2033235;50
2528;0,202346;50
2529;0,200391;50
2530;0,179863;50
2531;0,14565;50
2532;0,121701;50
2533;0,113392;50
2534;0,1170575;50
2535;0,1067935;50
2536;0,0899315;50
2537;0,080645;50
2538;0,074291;50
2539;0,07087;50
2540;0,068671;50
2541;0,066716;50
2542;0,0645165;50
2543;0,063539;50
2544;0,06696;50
2545;0,115591;50
2546;0,189638;50
2547;0,216031;50
2548;0,184995;50
2549;0,1356305;50
2550;0,109726;50
2551;0,1041055;50
2552;0,105572;50
2553;0,1085045;50
2554;0,11217;50
2555;0,1165685;50
2556;0,120723;50
2557;0,1239;50
2558;0,1268325;50
2559;0,1287875;50
2560;0,1307425;50
2561;0,133431;50
2562;0,135142;50
2563;0,1361195;50
2564;0,136608;50
2565;0,138074;50
2566;0,1388075;50
2567;0,1388075;50
2568;0,1388075;50
2569;0,1380745;50
2570;0,136608;50
2571;0,136608;50
2572;0,136119;50
2573;0,136119;50
2574;0,1351415;50
2575;0,135386;50
2576;0,1344085;50
2577;0,1319645;50
2578;0,128788;50
2579;0,1463835;50
2580;0,1766865;50
2581;0,195259;50
2582;0,2035675;50
2583;0,2060115;50
2584;0,204301;50
2585;0,202346;50
2586;0,195748;50
2587;0,1805965;50
2588;0,1674;50
2589;0,1722875;50
2590;0,1930595;50
2591;0,21652;50
2592;0,232649;50
2593;0,2336265;50
2594;0,218964;50
2595;0,2030795;50
2596;0,1889055;50
2597;0,1759535;50
2598;0,1652005;50
2599;0,1551805;50
2600;0,144428;50
2601;0,1341645;50
2602;0,124878;50
2603;0,1182795;50
2604;0,1119255;50
2605;0,1072825;50
2606;0,103617;50
2607;0,091398;50
2608;0,083822;50
2609;0,1087485;50
2610;0,13392;50
2611;0,146628;50
2612;0,150538;50
2613;0,1414955;50
2614;0,134897;50
2615;0,1304985;50
2616;0,123656;50
2617;0,1143695;50
2618;0,099707;50
2619;0,0889545;50
2620;0,086999;50
2621;0,0862655;50
2622;0,0862655;50
2623;0,085044;50
2624;0,083089;50
2625;0,0891985;50
2626;0,104839;50
2627;0,121701;50
2628;0,139785;50
2629;0,1608015;50
2630;0,1742425;50
2631;0,1742425;50
2632;0,166178;50
2633;0,1644675;50
2634;0,170821;50
2635;0,177175;50
2636;0,184018;50
2637;0,182796;50
2638;0,180841;50
2639;0,188172;50
2640;0,194037;50
2641;0,1942815;50
2642;0,1911045;50
2643;0,203568;50
2644;0,235093;50
2645;0,2526885;50
2646;0,2861685;50
2647;0,3609485;50
2648;0,423265;50
2649;0,440127;50
2650;0,422043;50
2651;0,391007;50
2652;0,357527;50
2653;0,325269;50
2654;0,2978985;50
2655;0,2761485;50
2656;0,2600195;50
2657;0,24609;50
2658;0,2336265;50
2659;0,2228735;50
2660;0,216031;50
2661;0,2130985;50
2662;0,2155425;50
2663;0,22043;50
2664;0,2267835;50
2665;0,230938;50
2666;0,233382;50
2667;0,233382;50
2668;0,2316715;50
2669;0,614614;50
2670;1,5691595;50
2671;2,370479;50
2672;2,7504885;50
2673;2,991202;50
2674;3,1427175;50
2675;3,2392475;50
2676;3,300342;50
2677;3,338221;50
2678;3,363881;50
2679;3,3809875;50
2680;3,3907625;50
2681;3,3980935;50
2682;3,402981;50
2683;3,405425;50
2684;3,407869;50
2685;3,410313;50
2686;3,411535;50
2687;3,411535;50
2688;3,411535;50
2689;3,411535;50
2690;3,411535;50
2691;3,411535;50
2692;3,412757;50
2693;3,413979;50
2694;3,413979;50
2695;3,413979;50
2696;3,4152005;50
2697;3,4152005;50
2698;3,4152005;50
2699;3,4152005;50
2700;3,413979;50
2701;3,413979;50
2702;3,413979;50
2703;3,3809875;50
2704;3,2331375;50
2705;2,991202;50
2706;2,770039;50
2707;2,5891985;50
2708;2,443793;50
2709;2,3313785;50
2710;2,2446235;50
2711;2,181085;50
2712;2,135875;50
2713;2,1065495;50
2714;2,0845555;50
2715;2,063783;50
2716;2,0442325;50
2717;2,0307915;50
2718;2,02346;50
2719;2,025904;50
2720;2,0332355;50
2721;2,040567;50
2722;2,0454545;50
2723;2,0442325;50
2724;2,0369015;50
2725;2,030792;50
2726;2,025904;50
2727;2,0210165;50
2728;2,0136855;50
2729;2,008798;50
2730;2,006354;50
2731;2,001466;50
2732;1,999022;50
2733;2,0796675;50
2734;2,2727275;50
2735;2,3753665;50
2736;2,3362655;50
2737;2,272727;50
2738;2,21652;50
2739;2,1749755;50
2740;2,155425;50
2741;2,146872;50
2742;2,134653;50
2743;2,1260995;50
2744;2,1260995;50
2745;2,130987;50
2746;2,1383185;50
2747;2,1529815;50
2748;2,19697;50
2749;2,2482895;50
2750;2,272727;50
2751;2,284946;50
2752;2,3387095;50
2753;2,3998045;50
2754;2,510997;50
2755;2,6454055;50
2756;2,7077225;50
2757;2,8372435;50
2758;3,027859;50
2759;3,1744865;50
2760;3,262463;50
2761;3,3064515;50
2762;3,33089;50
2763;3,3455525;50
2764;3,360215;50
2765;3,3773215;50
2766;3,3870965;50
2767;3,394428;50
2768;3,3993155;50
2769;3,3993155;50
2770;3,3993155;50
2771;3,401759;50
2772;3,402981;50
2773;3,405425;50
2774;3,407869;50
2775;3,410313;50
2776;3,411535;50
2777;3,411535;50
2778;3,412757;50
2779;3,4152005;50
2780;3,416422;50
2781;3,416422;50
2782;3,416422;50
2783;3,416422;50
2784;3,416422;50
2785;3,416422;50
2786;3,417644;50
2787;3,417644;50
2788;3,4115345;50
2789;3,398094;50
2790;3,388319;50
2791;3,3932065;50
2792;3,4029815;50
2793;3,409091;50
2794;3,411535;50
2795;3,377322;50
2796;3,2991205;50
2797;3,1867055;50
2798;3,08651;50
2799;3,064516;50
2800;3,0913975;50
2801;3,120723;50
2802;3,1402735;50
2803;3,145161;50
2804;3,181818;50
2805;3,2490225;50
2806;3,302786;50
2807;3,3455525;50
2808;3,3651025;50
2809;3,3760995;50
2810;3,3907625;50
2811;3,3993155;50
2812;3,3870965;50
2813;3,360215;50
2814;3,3431085;50
2815;3,334555;50
2816;3,34433;50
2817;3,36999;50
2818;3,3431085;50
2819;3,102395;50
2820;2,6796185;50
2821;2,262952;50
2822;1,878055;50
2823;1,534702;50
2824;1,2817695;50
2825;1,085044;50
2826;0,9237535;50
2827;0,4985335;50
2828;0,347996;50
2829;0,5014665;50
2830;0,403959;50
2831;0,3179375;50
2832;0,247312;50
2833;0,200391;50
2834;0,174487;50
2835;0,158847;50
2836;0,146139;50
2837;0,1348975;50
2838;0,124389;50
2839;0,11999;50
2840;0,1143695;50
2841;0,123656;50
2842;0,14956;50
2843;0,1769305;50
2844;0,198925;50
2845;0,209189;50
2846;0,220919;50
2847;0,2426685;50
2848;0,2490225;50
2849;0,259531;50
2850;0,2993645;50
2851;0,3523945;50
2852;0,39956;50
2853;0,448436;50
2854;0,499267;50
2855;0,543744;50
2856;0,583089;50
2857;0,618524;50
2858;0,64174;50
2859;0,6549365;50
2860;0,659091;50
2861;0,654692;50
2862;0,641251;50
2863;0,617791;50
2864;0,581623;50
2865;0,5466765;50
2866;0,525171;50
2867;0,5151515;50
2868;0,5029325;50
2869;0,4872925;50
2870;0,4679865;50
2871;0,444037;50
2872;0,4198435;50
2873;0,3993155;50
2874;0,3826975;50
2875;0,3697455;50
2876;0,356549;50
2877;0,339198;50
2878;0,317204;50
2879;0,290811;50
2880;0,264907;50
2881;0,2443795;50
2882;0,229228;50
2883;0,2179865;50
2884;0,209922;50
2885;0,202102;50
2886;0,194526;50
2887;0,187683;50
2888;0,1803515;50
2889;0,1730205;50
2890;0,1671555;50
2891;0,161779;50
2892;0,156403;50
2893;0,150049;50
2894;0,143206;50
2895;0,136608;50
2896;0,1317205;50
2897;0,127077;50
2898;0,1239;50
2899;0,123656;50
2900;0,124878;50
2901;0,126833;50
2902;0,1282995;50
2903;0,1290325;50
2904;0,1292765;50
2905;0,12781;50
2906;0,127566;50
2907;0,127322;50
2908;0,1282995;50
2909;0,1329425;50
2910;0,141007;50
2911;0,152004;50
2912;0,1620235;50
2913;0,170577;50
2914;0,178397;50
2915;0,1867055;50
2916;0,1950145;50
2917;0,2052785;50
2918;0,2189635;50
2919;0,227028;50
2920;0,227028;50
2921;0,2209185;50
2922;0,216031;50
2923;0,208211;50
2924;0,197947;50
2925;0,187683;50
2926;0,1827955;50
2927;0,178397;50
2928;0,1722875;50
2929;0,173265;50
2930;0,180841;50
2931;0,180841;50
2932;0,173265;50
2933;0,1595795;50
2934;0,1471165;50
2935;0,134409;50
2936;0,1246335;50
2937;0,119257;50
2938;0,117302;50
2939;0,1158355;50
2940;0,1170575;50
2941;0,1199905;50
2942;0,124145;50
2943;0,1290325;50
2944;0,1353865;50
2945;0,1456505;50
2946;0,32087;50
2947;0,7465785;50
2948;1,5887095;50
2949;2,1468715;50
2950;2,1102145;50
2951;1,988025;50
2952;1,837732;50
2953;1,7485335;50
2954;1,6813295;50
2955;1,65567;50
2956;1,605572;50
2957;1,5371455;50
2958;1,439394;50
2959;1,373412;50
2960;1,396628;50
2961;1,438172;50
2962;1,48216;50
2963;1,5237045;50
2964;1,5603615;50
2965;1,592131;50
2966;1,617791;50
2967;1,6104595;50
2968;1,590909;50
2969;1,5762465;50
2970;1,5762465;50
2971;1,603128;50
2972;1,6287875;50
2973;1,6507815;50
2974;1,66911;50
2975;1,681329;50
2976;1,637341;50
2977;1,512708;50
2978;1,350196;50
2979;1,1864615;50
2980;1,0410555;50
2981;0,918866;50
2982;0,5053765;50
2983;0,3841645;50
2984;0,592864;50
2985;0,543255;50
2986;0,501955;50
2987;0,4682305;50
2988;0,4386605;50
2989;0,413001;50
2990;0,3907625;50
2991;0,368768;50
2992;0,347996;50
2993;0,3274685;50
2994;0,3086515;50
2995;0,2934995;50
2996;0,279814;50
2997;0,2710165;50
2998;0,266862;50
2999;0,264907;50
3000;0,265396;50
3001;0,2671065;50
3002;0,268084;50
3003;0,2675955;50
3004;0,2639295;50
3005;0,2587975;50
3006;0,252444;50
3007;0,2451125;50
3008;0,238514;50
3009;0,2341155;50
3010;0,2306945;50
3011;0,2282505;50
3012;0,2265395;50
3013;0,2265395;50
3014;0,2270285;50
3015;0,227517;50
3016;0,227517;50
3017;0,228006;50
3018;0,2277615;50
3019;0,2272725;50
3020;0,225806;50
3021;0,2248285;50
3022;0,2253175;50
3023;0,2258065;50
3024;0,232649;50
3025;0,249511;50
3026;0,26564;50
3027;0,278348;50
3028;0,2895895;50
3029;0,297654;50
3030;0,3044965;50
3031;0,3103615;50
3032;0,313294;50
3033;0,3135385;50
3034;0,3135385;50
3035;0,313294;50
3036;0,314272;50
3037;0,316227;50
3038;0,318915;50
3039;0,321603;50
3040;0,3238025;50
3041;0,325269;50
3042;0,447214;50
3043;0,784213;50
3044;1,6742425;50
3045;2,5427665;50
3046;2,8592375;50
3047;3,0571845;50
3048;3,184262;50
3049;3,267351;50
3050;3,3186705;50
3051;3,35044;50
3052;3,371212;50
3053;3,3858745;50
3054;3,394428;50
3055;3,3993155;50
3056;3,404203;50
3057;3,406647;50
3058;3,409091;50
3059;3,411535;50
3060;3,411535;50
3061;3,411535;50
3062;3,411535;50
3063;3,411535;50
3064;3,411535;50
3065;3,411535;50
3066;3,412757;50
3067;3,412757;50
3068;3,411535;50
3069;3,409091;50
3070;3,326002;50
3071;3,2270285;50
3072;3,1451615;50
3073;3,103617;50
3074;3,184262;50
3075;3,277126;50
3076;3,3321115;50
3077;3,3651025;50
3078;3,3846525;50
3079;3,3968715;50
3080;3,404203;50
3081;3,407869;50
3082;3,410313;50
3083;3,374878;50
3084;3,280792;50
3085;3,1805965;50
3086;3,0584065;50
3087;2,921554;50
3088;2,8347995;50
3089;2,781036;50
3090;2,7394915;50
3091;2,721163;50
3092;2,7248285;50
3093;2,745601;50
3094;2,8347995;50
3095;2,934995;50
3096;2,9447705;50
3097;3,0241935;50
3098;3,1781525;50
3099;3,269795;50
3100;3,326002;50
3101;3,360215;50
3102;3,3797655;50
3103;3,3932065;50
3104;3,4017595;50
3105;3,405425;50
3106;3,407869;50
3107;3,410313;50
3108;3,410313;50
3109;3,4029815;50
3110;3,3870965;50
3111;3,382209;50
3112;3,3919845;50
3113;3,4017595;50
3114;3,407869;50
3115;3,410313;50
3116;3,383431;50
3117;3,326002;50
3118;3,244135;50
3119;3,1378295;50
3120;3,064516;50
3121;3,06696;50
3122;3,088954;50
3123;3,114614;50
3124;3,185484;50
3125;3,220919;50
3126;3,2502445;50
3127;3,2942325;50
3128;3,2258065;50
3129;3,1793745;50
3130;3,191593;50
3131;3,1182795;50
3132;3,0400785;50
3133;3,0034215;50
3134;3,064516;50
3135;3,169599;50
3136;3,1304985;50
3137;3,018084;50
3138;2,934995;50
3139;2,8800095;50
3140;2,8922285;50
3141;2,956989;50
3142;2,9863145;50
3143;2,969208;50
3144;2,9496575;50
3145;2,969208;50
3146;3,005865;50
3147;3,018084;50
3148;3,0388565;50
3149;3,114614;50
3150;3,1524925;50
3151;3,0962855;50
3152;3,1182795;50
3153;3,225806;50
3154;3,301564;50
3155;3,3455525;50
3156;3,371212;50
3157;3,322336;50
3158;3,2942325;50
3159;3,3431085;50
3160;3,372434;50
3161;3,3895405;50
3162;3,3895405;50
3163;3,333333;50
3164;3,2331375;50
3165;3,15738;50
3166;3,1182795;50
3167;3,1085045;50
3168;3,134164;50
3169;3,165933;50
3170;3,181818;50
3171;3,1940375;50
3172;3,2135875;50
3173;3,2355815;50
3174;3,2465785;50
3175;3,2478;50
3176;3,2465785;50
3177;3,2478005;50
3178;3,250244;50
3179;3,252688;50
3180;3,257576;50
3181;3,267351;50
3182;3,2966765;50
3183;3,3211145;50
3184;3,32478;50
3185;3,316227;50
3186;3,293011;50
3187;3,2478005;50
3188;3,1989245;50
3189;3,184262;50
3190;3,1891495;50
3191;3,191593;50
3192;3,194037;50
3193;3,2123655;50
3194;3,2587975;50
3195;3,2624635;50
3196;3,2258065;50
3197;3,2013685;50
3198;3,161046;50
3199;3,1268325;50
3200;3,1060605;50
3201;3,091398;50
3202;3,0840665;50
3203;3,079179;50
3204;3,079179;50
3205;3,087732;50
3206;3,0926195;50
3207;3,0742915;50
3208;3,058407;50
3209;3,065738;50
3210;3,0694035;50
3211;3,064516;50
3212;3,0571845;50
3213;3,076735;50
3214;3,104839;50
3215;3,0877325;50
3216;3,0620725;50
3217;3,0596285;50
3218;3,079179;50
3219;3,0962855;50
3220;3,1060605;50
3221;3,124389;50
3222;3,145161;50
3223;3,156158;50
3224;3,159824;50
3225;3,162268;50
3226;3,162268;50
3227;3,1549365;50
3228;3,1427175;50
3229;3,135386;50
3230;3,1292765;50
3231;3,124389;50
3232;3,121945;50
3233;3,119501;50
3234;3,118279;50
3235;3,118279;50
3236;3,121945;50
3237;3,1317205;50
3238;3,1402735;50
3239;3,145161;50
3240;3,1549365;50
3241;3,162268;50
3242;3,1647115;50
3243;3,169599;50
3244;3,1744865;50
3245;3,179374;50
3246;3,1867055;50
3247;3,194037;50
3248;3,2013685;50
3249;3,209922;50
3250;3,219697;50
3251;3,22825;50
3252;3,231916;50
3253;3,2392475;50
3254;3,2490225;50
3255;3,252688;50
3256;3,251466;50
3257;3,251466;50
3258;3,2587975;50
3259;3,2697945;50
3260;3,274682;50
3261;3,274682;50
3262;3,277126;50
3263;3,27957;50
3264;3,27957;50
3265;3,27957;50
3266;3,27957;50
3267;3,27957;50
3268;3,27957;50
3269;3,27957;50
3270;3,27957;50
3271;3,27957;50
3272;3,277126;50
3273;3,274682;50
3274;3,274682;50
3275;3,274682;50
3276;3,274682;50
3277;3,274682;50
3278;3,274682;50
3279;3,274682;50
3280;3,27346;50
3281;3,2710165;50
3282;3,2722385;50
3283;3,274682;50
3284;3,274682;50
3285;3,275904;50
3286;3,278348;50
3287;3,277126;50
3288;3,274682;50
3289;3,274682;50
3290;3,274682;50
3291;3,274682;50
3292;3,274682;50
3293;3,27346;50
3294;3,2710165;50
3295;3,2710165;50
3296;3,2710165;50
3297;3,269795;50
3298;3,269795;50
3299;3,269795;50
3300;3,269795;50
3301;3,269795;50
3302;3,269795;50
3303;3,269795;50
3304;3,269795;50
3305;3,2710165;50
3306;3,27346;50
3307;3,274682;50
3308;3,274682;50
3309;3,27346;50
3310;3,27346;50
3311;3,274682;50
3312;3,274682;50
3313;3,275904;50
3314;3,277126;50
3315;3,278348;50
3316;3,27957;50
3317;3,27957;50
3318;3,27957;50
3319;3,27957;50
3320;3,278348;50
3321;3,278348;50
3322;3,27957;50
3323;3,27957;50
3324;3,280792;50
3325;3,2832355;50
3326;3,286901;50
3327;3,289345;50
3328;3,289345;50
3329;3,289345;50
3330;3,289345;50
3331;3,289345;50
3332;3,289345;50
3333;3,289345;50
3334;3,288123;50
3335;3,288123;50
3336;3,289345;50
3337;3,289345;50
3338;3,289345;50
3339;3,289345;50
3340;3,289345;50
3341;3,2917885;50
3342;3,294232;50
3343;3,294232;50
3344;3,294232;50
3345;3,294232;50
3346;3,294232;50
3347;3,294232;50
3348;3,294232;50
3349;3,296676;50
3350;3,29912;50
3351;3,29912;50
3352;3,296676;50
3353;3,2917885;50
3354;3,286901;50
3355;3,284457;50
3356;3,284457;50
3357;3,284457;50
3358;3,284457;50
3359;3,2832355;50
3360;3,2832355;50
3361;3,284457;50
3362;3,286901;50
3363;3,2917885;50
3364;3,296676;50
3365;3,29912;50
3366;3,296676;50
3367;3,2917885;50
3368;3,289345;50
3369;3,2917885;50
3370;3,2954545;50
3371;3,2978985;50
3372;3,29912;50
3373;3,301564;50
3374;3,304008;50
3375;3,304008;50
3376;3,304008;50
3377;3,3064515;50
3378;3,308895;50
3379;3,308895;50
3380;3,308895;50
3381;3,308895;50
3382;3,308895;50
3383;3,3064515;50
3384;3,2966765;50
3385;3,2917885;50
3386;3,2954545;50
3387;3,2978985;50
3388;3,300342;50
3389;3,300342;50
3390;3,2942325;50
3391;3,2917885;50
3392;3,2905665;50
3393;3,288123;50
3394;3,289345;50
3395;3,289345;50
3396;3,289345;50
3397;3,289345;50
3398;3,2917885;50
3399;3,296676;50
3400;3,29912;50
3401;3,296676;50
3402;3,2917885;50
3403;3,286901;50
3404;3,286901;50
3405;3,2917885;50
3406;3,294232;50
3407;3,296676;50
3408;3,29912;50
3409;3,301564;50
3410;3,304008;50
3411;3,304008;50
3412;3,304008;50
3413;3,304008;50
3414;3,304008;50
3415;3,304008;50
3416;3,304008;50
3417;3,3064515;50
3418;3,308895;50
3419;3,308895;50
3420;3,3064515;50
3421;3,304008;50
3422;3,304008;50
3423;3,304008;50
3424;3,304008;50
3425;3,3064515;50
3426;3,3076735;50
3427;3,306452;50
3428;3,306452;50
3429;3,3076735;50
3430;3,310117;50
3431;3,311339;50
3432;3,312561;50
3433;3,316227;50
3434;3,318671;50
3435;3,318671;50
3436;3,318671;50
3437;3,318671;50
3438;3,3113395;50
3439;3,0865105;50
3440;2,959433;50
3441;3,1036165;50
3442;3,191593;50
3443;3,2453565;50
3444;3,275904;50
3445;3,2954545;50
3446;3,3064515;50
3447;3,312561;50
3448;3,317449;50
3449;3,318671;50
3450;3,318671;50
3451;3,318671;50
3452;3,318671;50
3453;3,318671;50
3454;3,318671;50
3455;3,318671;50
3456;3,318671;50
3457;3,318671;50
3458;3,318671;50
3459;3,317449;50
3460;3,317449;50
3461;3,318671;50
3462;3,318671;50
3463;3,318671;50
3464;3,318671;50
3465;3,317449;50
3466;3,317449;50
3467;3,318671;50
3468;3,318671;50
3469;3,318671;50
3470;3,2759045;50
3471;2,9056695;50
3472;2,3631475;50
3473;2,085777;50
3474;2,1627565;50
3475;2,4804495;50
3476;2,788367;50
3477;2,9948675;50
3478;3,1048385;50
3479;3,174487;50
3480;3,231916;50
3481;3,264907;50
3482;3,285679;50
3483;3,29912;50
3484;3,3064515;50
3485;3,311339;50
3486;3,313783;50
3487;3,313783;50
3488;3,315005;50
3489;3,317449;50
3490;3,318671;50
3491;3,3198925;50
3492;3,322336;50
3493;3,323558;50
3494;3,32478;50
3495;3,326002;50
3496;3,327224;50
3497;3,328446;50
3498;3,328446;50
3499;3,328446;50
3500;3,328446;50
3501;3,328446;50
3502;3,327224;50
3503;3,32478;50
3504;3,323558;50
3505;3,322336;50
3506;3,322336;50
3507;3,323558;50
3508;3,323558;50
3509;3,323558;50
3510;3,323558;50
3511;3,323558;50
3512;3,323558;50
3513;3,323558;50
3514;3,323558;50
3515;3,323558;50
3516;3,323558;50
3517;3,323558;50
3518;3,323558;50
3519;3,326002;50
3520;3,328446;50
3521;3,326002;50
3522;3,326002;50
3523;3,328446;50
3524;3,328446;50
3525;3,328446;50
3526;3,328446;50
3527;3,328446;50
3528;3,328446;50
3529;3,328446;50
3530;3,328446;50
3531;3,328446;50
3532;3,3296675;50
3533;3,3296675;50
3534;3,328446;50
3535;3,328446;50
3536;3,328446;50
3537;3,328446;50
3538;3,328446;50
3539;3,328446;50
3540;3,3308895;50
3541;3,332111;50
3542;3,3296675;50
3543;3,3296675;50
3544;3,330889;50
3545;3,3296675;50
3546;3,326002;50
3547;3,323558;50
3548;3,323558;50
3549;3,323558;50
3550;3,323558;50
3551;3,32478;50
3552;3,327224;50
3553;3,326002;50
3554;3,277126;50
3555;3,2502445;50
3556;3,231916;50
3557;2,7675955;50
3558;2,431574;50
3559;2,6808405;50
3560;2,937439;50
3561;3,032747;50
3562;3,088954;50
3563;3,181818;50
3564;3,229472;50
3565;3,146383;50
3566;2,7492665;50
3567;2,217742;50
3568;1,8853865;50
3569;1,743646;50
3570;1,6874385;50
3571;1,6642225;50
3572;1,6556695;50
3573;1,653226;50
3574;1,652004;50
3575;1,6471165;50
3576;1,6434505;50
3577;1,645894;50
3578;1,647116;50
3579;1,6446725;50
3580;1,639785;50
3581;1,637341;50
3582;1,637341;50
3583;1,637341;50
3584;1,637341;50
3585;1,652004;50
3586;1,666667;50
3587;1,6568915;50
3588;1,6446725;50
3589;1,6666665;50
3590;1,682551;50
3591;1,672776;50
3592;1,6886605;50
3593;1,7033235;50
3594;1,8108505;50
3595;2,189638;50
3596;2,6197455;50
3597;2,8812315;50
3598;3,042522;50
3599;2,9423265;50
3600;2,4670085;50
3601;2,002688;50
3602;1,7888565;50
3603;1,702102;50
3604;1,6691105;50
3605;1,6556695;50
3606;1,64956;50
3607;1,6446725;50
3608;1,639785;50
3609;1,637341;50
3610;1,637341;50
3611;1,637341;50
3612;1,637341;50
3613;1,637341;50
3614;1,637341;50
3615;1,637341;50
3616;1,637341;50
3617;1,637341;50
3618;1,637341;50
3619;1,637341;50
3620;1,637341;50
3621;1,639785;50
3622;1,6434505;50
3623;1,6434505;50
3624;1,6434505;50
3625;1,6434505;50
3626;1,642229;50
3627;1,642229;50
3628;1,642229;50
3629;1,642229;50
3630;1,642229;50
3631;1,642229;50
3632;1,6446725;50
3633;1,647116;50
3634;1,647116;50
3635;1,6446725;50
3636;1,6446725;50
3637;1,647116;50
3638;1,647116;50
3639;1,64956;50
3640;1,6568915;50
3641;1,671554;50
3642;1,683773;50
3643;1,6886605;50
3644;1,691104;50
3645;1,691104;50
3646;1,6898825;50
3647;1,684995;50
3648;1,681329;50
3649;1,683773;50
3650;1,6886605;50
3651;1,691104;50
3652;1,691104;50
3653;1,691104;50
3654;1,691104;50
3655;1,691104;50
3656;1,691104;50
3657;1,691104;50
3658;1,691104;50
3659;1,691104;50
3660;1,6898825;50
3661;1,6898825;50
3662;1,691104;50
3663;1,691104;50
3664;1,6898825;50
3665;1,688661;50
3666;1,6898825;50
3667;1,6898825;50
3668;1,6898825;50
3669;1,691104;50
3670;1,691104;50
3671;1,691104;50
3672;1,691104;50
3673;1,691104;50
3674;1,691104;50
3675;1,691104;50
3676;1,691104;50
3677;1,691104;50
3678;1,691104;50
3679;1,691104;50
3680;1,691104;50
3681;1,691104;50
3682;1,691104;50
3683;1,691104;50
3684;1,691104;50
3685;1,691104;50
3686;1,691104;50
3687;1,6898825;50
3688;1,6898825;50
3689;1,691104;50
3690;1,691104;50
3691;1,691104;50
3692;1,691104;50
3693;1,691104;50
3694;1,691104;50
3695;1,691104;50
3696;1,691104;50
3697;1,691104;50
3698;1,691104;50
3699;1,691104;50
3700;1,691104;50
3701;1,691104;50
3702;1,691104;50
3703;1,691104;50
3704;1,691104;50
3705;1,691104;50
3706;1,691104;50
3707;1,691104;50
3708;1,691104;50
3709;1,691104;50
3710;1,691104;50
3711;1,691104;50
3712;1,691104;50
3713;1,691104;50
3714;1,691104;50
3715;1,691104;50
3716;1,691104;50
3717;1,691104;50
3718;1,691104;50
3719;1,691104;50
3720;1,691104;50
3721;1,691104;50
3722;1,691104;50
3723;1,691104;50
3724;1,691104;50
3725;1,691104;50
3726;1,691104;50
3727;1,691104;50
3728;1,691104;50
3729;1,691104;50
3730;1,691104;50
3731;1,691104;50
3732;1,691104;50
3733;1,691104;50
3734;1,691104;50
3735;1,691104;50
3736;1,691104;50
3737;1,691104;50
3738;1,691104;50
3739;1,691104;50
3740;1,691104;50
3741;1,691104;50
3742;1,691104;50
3743;1,691104;50
3744;1,691104;50
3745;1,691104;50
3746;1,691104;50
3747;1,691104;50
3748;1,691104;50
3749;1,691104;50
3750;1,691104;50
3751;1,7033235;50
3752;1,722874;50
3753;1,7937435;50
3754;1,813294;50
3755;1,744868;50
3756;1,710655;50
3757;1,698436;50
3758;1,693548;50
3759;1,691104;50
3760;1,691104;50
3761;1,691104;50
3762;1,691104;50
3763;1,691104;50
3764;1,691104;50
3765;1,691104;50
3766;1,691104;50
3767;1,691104;50
3768;1,6874385;50
3769;1,6801075;50
3770;1,673998;50
3771;1,6691105;50
3772;1,664223;50
3773;1,661779;50
3774;1,664223;50
3775;1,666667;50
3776;1,664223;50
3777;1,664223;50
3778;1,666667;50
3779;1,666667;50
3780;1,665445;50
3781;1,663001;50
3782;1,661779;50
3783;1,661779;50
3784;1,663001;50
3785;1,665445;50
3786;1,665445;50
3787;1,664223;50
3788;1,664223;50
3789;1,665445;50
3790;1,665445;50
3791;1,665445;50
3792;1,666667;50
3793;1,666667;50
3794;1,666667;50
3795;1,667889;50
3796;1,6703325;50
3797;1,671554;50
3798;1,672776;50
3799;1,67522;50
3800;1,676442;50
3801;1,67522;50
3802;1,672776;50
3803;1,672776;50
3804;1,672776;50
3805;1,671554;50
3806;1,671554;50
3807;1,671554;50
3808;1,6642225;50
3809;1,656891;50
3810;1,6544475;50
3811;1,652004;50
3812;1,6544475;50
3813;1,659335;50
3814;1,661779;50
3815;1,659335;50
3816;1,6544475;50
3817;1,653226;50
3818;1,654448;50
3819;1,654448;50
3820;1,653226;50
3821;1,652004;50
3822;1,650782;50
3823;1,650782;50
3824;1,6544475;50
3825;1,658113;50
3826;1,7021015;50
3827;1,7534215;50
3828;1,785191;50
3829;1,804741;50
3830;1,81696;50
3831;1,8108505;50
3832;1,7839685;50
3833;1,769306;50
3834;1,755865;50
3835;1,753421;50
3836;1,7497555;50
3837;1,72043;50
3838;1,6886605;50
3839;1,6788855;50
3840;1,673998;50
3841;1,6678885;50
3842;1,660557;50
3843;1,6556695;50
3844;1,6581135;50
3845;1,661779;50
3846;1,664223;50
3847;1,666667;50
3848;1,666667;50
3849;1,666667;50
3850;1,664223;50
3851;1,660557;50
3852;1,660557;50
3853;1,661779;50
3854;1,659335;50
3855;1,656891;50
3856;1,659335;50
3857;1,659335;50
3858;1,656891;50
3859;1,6544475;50
3860;1,64956;50
3861;1,647116;50
3862;1,6446725;50
3863;1,6446725;50
3864;1,6446725;50
3865;1,639785;50
3866;1,637341;50
3867;1,637341;50
3868;1,637341;50
3869;1,637341;50
3870;1,637341;50
3871;1,637341;50
3872;1,6348975;50
3873;1,6336755;50
3874;1,634897;50
3875;1,6336755;50
3876;1,632454;50
3877;1,6348975;50
3878;1,636119;50
3879;1,6336755;50
3880;1,632454;50
3881;1,632454;50
3882;1,632454;50
3883;1,632454;50
3884;1,661779;50
3885;1,691104;50
3886;1,6886605;50
3887;1,671554;50
3888;1,64956;50
3889;1,641007;50
3890;1,6581135;50
3891;1,6935485;50
3892;1,7143205;50
3893;1,7143205;50
3894;1,708211;50
3895;1,708211;50
3896;1,713099;50
3897;1,7204305;50
3898;1,7302055;50
3899;1,7375365;50
3900;1,728983;50
3901;1,7167645;50
3902;1,7179865;50
3903;1,722874;50
3904;1,7302055;50
3905;1,7375365;50
3906;1,7375365;50
3907;1,7399805;50
3908;1,865836;50
3909;2,24218;50
3910;2,379032;50
3911;2,368035;50
3912;2,2091885;50
3913;2,1236555;50
3914;2,35215;50
3915;2,2214075;50
3916;1,9159335;50
3917;1,741202;50
3918;1,6752195;50
3919;1,64956;50
3920;1,639785;50
3921;1,637341;50
3922;1,6348975;50
3923;1,632454;50
3924;1,632454;50
3925;1,632454;50
3926;1,632454;50
3927;1,6336755;50
3928;1,6336755;50
3929;1,6336755;50
3930;1,6336755;50
3931;1,632454;50
3932;1,632454;50
3933;1,6336755;50
3934;1,636119;50
3935;1,636119;50
3936;1,634897;50
3937;1,636119;50
3938;1,637341;50
3939;1,637341;50
3940;1,637341;50
3941;1,637341;50
3942;1,637341;50
3943;1,637341;50
3944;1,673998;50
3945;1,7155425;50
3946;1,722874;50
3947;1,724096;50
3948;1,7192085;50
3949;1,715543;50
3950;1,713099;50
3951;1,706989;50
3952;1,704545;50
3953;1,710655;50
3954;1,9782505;50
3955;2,4450145;50
3956;2,7737045;50
3957;2,9740955;50
3958;3,096285;50
3959;3,172043;50
3960;3,2184755;50
3961;3,247801;50
3962;3,267351;50
3963;3,2795695;50
3964;3,2893445;50
3965;3,2954545;50
3966;3,2978985;50
3967;3,300342;50
3968;3,302786;50
3969;3,304008;50
3970;3,304008;50
3971;3,30523;50
3972;3,306452;50
3973;3,3076735;50
3974;3,308895;50
3975;3,3040075;50
3976;3,296676;50
3977;3,294232;50
3978;3,2930105;50
3979;3,290567;50
3980;3,290567;50
3981;3,290567;50
3982;3,2917885;50
3983;3,294232;50
3984;2,8066955;50
3985;2,1126585;50
3986;1,824291;50
3987;1,710655;50
3988;1,666667;50
3989;1,650782;50
3990;1,6446725;50
3991;1,642229;50
3992;1,641007;50
3993;1,638563;50
3994;1,637341;50
3995;1,637341;50
3996;1,637341;50
3997;1,637341;50
3998;1,637341;50
3999;1,637341;50
4000;1,637341;50
4001;1,638563;50
4002;1,641007;50
4003;1,642229;50
4004;1,642229;50
4005;1,6568915;50
4006;1,698436;50
4007;1,698436;50
4008;1,661779;50
4009;1,74609;50
4010;1,8084065;50
4011;1,741202;50
4012;1,6898825;50
4013;1,6678885;50
4014;1,659335;50
4015;1,659335;50
4016;1,6691105;50
4017;1,980694;50
4018;2,489003;50
4019;2,805474;50
4020;2,5268815;50
4021;2,243402;50
4022;2,3875855;50
4023;2,178641;50
4024;2,17131;50
4025;2,5879765;50
4026;2,8739;50
4027;3,0474095;50
4028;3,1524925;50
4029;3,218475;50
4030;3,2600195;50
4031;3,284457;50
4032;3,3015635;50
4033;3,311339;50
4034;3,316227;50
4035;3,3211145;50
4036;3,326002;50
4037;3,328446;50
4038;3,3308895;50
4039;3,333333;50
4040;3,333333;50
4041;3,333333;50
4042;3,333333;50
4043;3,334555;50
4044;3,335777;50
4045;3,336999;50
4046;3,338221;50
4047;3,338221;50
4048;3,336999;50
4049;3,336999;50
4050;3,336999;50
4051;3,336999;50
4052;3,338221;50
4053;3,338221;50
4054;3,338221;50
4055;3,339443;50
4056;3,0413;50
4057;2,404692;50
4058;1,9428155;50
4059;1,769306;50
4060;1,7033235;50
4061;1,6788855;50
4062;1,6691105;50
4063;1,666667;50
4064;1,665445;50
4065;1,663001;50
4066;1,722874;50
4067;1,77175;50
4068;1,781525;50
4069;1,8206255;50
4070;1,780303;50
4071;1,7021015;50
4072;1,673998;50
4073;1,664223;50
4074;1,661779;50
4075;1,6568915;50
4076;1,652004;50
4077;1,652004;50
4078;1,6544475;50
4079;1,656891;50
4080;1,766862;50
4081;2,1627565;50
4082;2,6197455;50
4083;2,8946725;50
4084;3,0632945;50
4085;3,0828445;50
4086;2,7602635;50
4087;2,6539585;50
4088;2,9252195;50
4089;3,08651;50
4090;3,18304;50
4091;3,241691;50
4092;3,278348;50
4093;3,300342;50
4094;3,313783;50
4095;3,3223365;50
4096;3,3284455;50
4097;3,332111;50
4098;3,334555;50
4099;3,336999;50
4100;3,338221;50
4101;3,338221;50
4102;3,338221;50
4103;3,338221;50
4104;3,338221;50
4105;3,338221;50
4106;3,338221;50
4107;3,338221;50
4108;3,339443;50
4109;3,339443;50
4110;3,338221;50
4111;3,338221;50
4112;3,340665;50
4113;3,343109;50
4114;3,3455525;50
4115;3,349218;50
4116;3,351662;50
4117;3,3541055;50
4118;3,355327;50
4119;3,355327;50
4120;3,356549;50
4121;3,146383;50
4122;2,537879;50
4123;1,996579;50
4124;1,864614;50
4125;2,1737535;50
4126;2,6429615;50
4127;2,9178885;50
4128;3,0865105;50
4129;3,1915935;50
4130;3,255132;50
4131;3,293011;50
4132;3,3247805;50
4133;3,352884;50
4134;3,36999;50
4135;3,382209;50
4136;3,3895405;50
4137;3,393206;50
4138;3,39565;50
4139;3,396872;50
4140;3,396872;50
4141;3,396872;50
4142;3,396872;50
4143;3,398094;50
4144;3,4005375;50
4145;3,401759;50
4146;3,401759;50
4147;3,401759;50
4148;3,401759;50
4149;3,4005375;50
4150;3,399316;50
4151;3,398094;50
4152;3,398094;50
4153;3,4005375;50
4154;3,401759;50
4155;3,401759;50
4156;3,401759;50
4157;3,401759;50
4158;3,401759;50
4159;3,227028;50
4160;2,6221895;50
4161;2,039345;50
4162;1,827957;50
4163;1,744868;50
4164;1,710655;50
4165;1,697214;50
4166;1,692326;50
4167;1,691104;50
4168;1,7473115;50
4169;2,0552295;50
4170;2,4682305;50
4171;2,71261;50
4172;2,8616815;50
4173;2,9789835;50
4174;3,052297;50
4175;3,0816225;50
4176;3,098729;50
4177;3,108504;50
4178;3,1036165;50
4179;3,0962855;50
4180;2,690616;50
4181;2,086999;50
4182;1,788856;50
4183;1,6410065;50
4184;1,5640275;50
4185;1,522483;50
4186;1,499267;50
4187;1,616569;50
4188;1,9855815;50
4189;2,3729225;50
4190;2,4999995;50
4191;2,168866;50
4192;1,736315;50
4193;1,571359;50
4194;1,5078205;50
4195;1,4833825;50
4196;1,473607;50
4197;1,473607;50
4198;1,476051;50
4199;1,4797165;50
4200;1,484604;50
4201;1,483382;50
4202;1,4772725;50
4203;1,4699415;50
4204;1,466276;50
4205;1,461388;50
4206;1,4540565;50
4207;1,450391;50
4208;1,451613;50
4209;1,452835;50
4210;1,449169;50
4211;1,445503;50
4212;1,4516125;50
4213;1,4565005;50
4214;1,452835;50
4215;1,451613;50
4216;1,4540565;50
4217;1,4638315;50
4218;1,4760505;50
4219;1,4760505;50
4220;1,471163;50
4221;1,4760505;50
4222;1,484604;50
4223;1,489492;50
4224;1,48827;50
4225;1,483382;50
4226;1,4797165;50
4227;1,474829;50
4228;1,473607;50
4229;1,473607;50
4230;1,471163;50
4231;1,472385;50
4232;1,476051;50
4233;1,474829;50
4234;1,4760505;50
4235;1,480938;50
4236;1,4797165;50
4237;1,478495;50
4238;1,476051;50
4239;1,4687195;50
4240;1,4552785;50
4241;1,449169;50
4242;1,4442815;50
4243;1,428397;50
4244;1,418622;50
4245;1,414956;50
4246;1,414956;50
4247;1,4125125;50
4248;1,414956;50
4249;1,4198435;50
4250;1,414956;50
4251;1,413734;50
4252;1,4186215;50
4253;1,412512;50
4254;1,3954055;50
4255;1,3844085;50
4256;1,379521;50
4257;1,3758555;50
4258;1,373412;50
4259;1,380743;50
4260;1,3929615;50
4261;1,3954055;50
4262;1,3978495;50
4263;1,4064025;50
4264;1,4271745;50
4265;1,457722;50
4266;1,4797165;50
4267;1,4919355;50
4268;1,505376;50
4269;1,517595;50
4270;1,529814;50
4271;1,5469205;50
4272;1,5615835;50
4273;1,5762465;50
4274;1,590909;50
4275;1,601906;50
4276;1,605572;50
4277;1,601906;50
4278;1,5957965;50
4279;1,593353;50
4280;1,5982405;50
4281;1,603128;50
4282;1,600684;50
4283;1,59824;50
4284;1,600684;50
4285;1,6067935;50
4286;1,6092375;50
4287;1,6141255;50
4288;1,6239005;50
4289;1,627566;50
4290;1,627566;50
4291;1,627566;50
4292;1,63001;50
4293;1,627566;50
4294;1,622678;50
4295;1,622678;50
4296;1,622678;50
4297;1,626344;50
4298;1,6336755;50
4299;1,639785;50
4300;1,6446725;50
4301;1,6446725;50
4302;1,6446725;50
4303;1,6446725;50
4304;1,6446725;50
4305;1,647116;50
4306;1,647116;50
4307;1,647116;50
4308;1,6446725;50
4309;1,639785;50
4310;1,637341;50
4311;1,639785;50
4312;1,641007;50
4313;1,641007;50
4314;1,642229;50
4315;1,642229;50
4316;1,642229;50
4317;1,642229;50
4318;1,642229;50
4319;1,642229;50
4320;1,642229;50
4321;1,642229;50
4322;1,642229;50
4323;1,642229;50
4324;1,6446725;50
4325;1,645894;50
4326;1,645894;50
4327;1,647116;50
4328;1,647116;50
4329;1,6446725;50
4330;1,642229;50
4331;1,639785;50
4332;1,6348975;50
4333;1,631232;50
4334;1,6324535;50
4335;1,636119;50
4336;1,637341;50
4337;1,637341;50
4338;1,637341;50
4339;1,636119;50
4340;1,636119;50
4341;1,636119;50
4342;1,636119;50
4343;1,637341;50
4344;1,637341;50
4345;1,638563;50
4346;1,638563;50
4347;1,637341;50
4348;1,6348975;50
4349;1,627566;50
4350;1,622678;50
4351;1,625122;50
4352;1,627566;50
4353;1,627566;50
4354;1,627566;50
4355;1,627566;50
4356;1,628788;50
4357;1,628788;50
4358;1,63001;50
4359;1,710655;50
4360;1,920821;50
4361;2,00391;50
4362;2,072336;50
4363;2,402248;50
4364;2,743157;50
4365;2,9484355;50
4366;3,071847;50
4367;3,1476045;50
4368;3,195259;50
4369;3,224585;50
4370;3,242913;50
4371;3,25391;50
4372;3,2612415;50
4373;3,267351;50
4374;3,269795;50
4375;3,269795;50
4376;3,2710165;50
4377;3,27346;50
4378;3,274682;50
4379;3,274682;50
4380;3,274682;50
4381;3,275904;50
4382;3,278348;50
4383;3,2820135;50
4384;3,286901;50
4385;3,2917885;50
4386;3,294232;50
4387;3,3015635;50
4388;3,3162265;50
4389;3,3284455;50
4390;3,338221;50
4391;3,3479965;50
4392;3,352884;50
4393;3,351662;50
4394;3,3443305;50
4395;3,335777;50
4396;3,3308895;50
4397;3,327224;50
4398;3,32478;50
4399;3,3211145;50
4400;3,318671;50
4401;3,318671;50
4402;3,3113395;50
4403;3,2954545;50
4404;3,2832355;50
4405;3,280792;50
4406;3,27957;50
4407;3,275904;50
4408;3,2722385;50
4409;3,2649075;50
4410;3,258798;50
4411;3,257576;50
4412;3,257576;50
4413;3,258798;50
4414;3,26002;50
4415;3,26002;50
4416;3,2624635;50
4417;3,2697945;50
4418;3,277126;50
4419;3,2820135;50
4420;3,284457;50
4421;3,285679;50
4422;3,288123;50
4423;3,290567;50
4424;3,2930105;50
4425;3,294232;50
4426;3,2917885;50
4427;3,286901;50
4428;3,2832355;50
4429;3,280792;50
4430;3,275904;50
4431;3,27346;50
4432;3,274682;50
4433;3,27346;50
4434;3,275904;50
4435;3,289345;50
4436;3,3040075;50
4437;3,311339;50
4438;3,3174485;50
4439;3,322336;50
4440;3,323558;50
4441;3,3211145;50
4442;3,3211145;50
4443;3,326002;50
4444;3,316227;50
4445;3,2722385;50
4446;3,2135875;50
4447;3,1769305;50
4448;3,1867055;50
4449;3,220919;50
4450;3,244135;50
4451;3,264907;50
4452;3,275904;50
4453;3,2807915;50
4454;3,297898;50
4455;3,311339;50
4456;3,316227;50
4457;3,318671;50
4458;3,317449;50
4459;3,313783;50
4460;3,310117;50
4461;3,29912;50
4462;3,277126;50
4463;3,264907;50
4464;3,2624635;50
4465;3,26002;50
4466;3,266129;50
4467;3,2783475;50
4468;3,2893445;50
4469;3,3040075;50
4470;3,3186705;50
4471;3,326002;50
4472;3,3308895;50
4473;3,335777;50
4474;3,335777;50
4475;3,3296675;50
4476;3,327224;50
4477;3,3308895;50
4478;3,335777;50
4479;3,340665;50
4480;3,3455525;50
4481;3,35044;50
4482;3,3553275;50
4483;3,3528835;50
4484;3,338221;50
4485;3,326002;50
4486;3,3211145;50
4487;3,316227;50
4488;3,311339;50
4489;3,3076735;50
4490;3,30523;50
4491;3,301564;50
4492;3,296676;50
4493;3,294232;50
4494;3,296676;50
4495;3,29912;50
4496;3,300342;50
4497;3,300342;50
4498;3,296676;50
4499;3,2917885;50
4500;3,289345;50
4501;3,289345;50
4502;3,289345;50
4503;3,286901;50
4504;3,286901;50
4505;3,2966765;50
4506;3,3113395;50
4507;3,3211145;50
4508;3,326002;50
4509;3,328446;50
4510;3,3235585;50
4511;3,313783;50
4512;3,308895;50
4513;3,308895;50
4514;3,308895;50
4515;3,3076735;50
4516;3,3101175;50
4517;3,316227;50
4518;3,3211145;50
4519;3,323558;50
4520;3,323558;50
4521;3,326002;50
4522;3,328446;50
4523;3,328446;50
4524;3,328446;50
4525;3,328446;50
4526;3,326002;50
4527;3,323558;50
4528;3,323558;50
4529;3,323558;50
4530;3,323558;50
4531;3,323558;50
4532;3,3211145;50
4533;3,318671;50
4534;3,318671;50
4535;3,318671;50
4536;3,318671;50
4537;3,318671;50
4538;3,317449;50
4539;3,315005;50
4540;3,315005;50
4541;3,3186705;50
4542;3,322336;50
4543;3,326002;50
4544;3,3296675;50
4545;3,3272235;50
4546;3,3186705;50
4547;3,311339;50
4548;3,308895;50
4549;3,313783;50
4550;3,3211145;50
4551;3,322336;50
4552;3,3198925;50
4553;3,318671;50
4554;3,316227;50
4555;3,313783;50
4556;3,313783;50
4557;3,316227;50
4558;3,318671;50
4559;3,317449;50
4560;3,3052295;50
4561;3,2893445;50
4562;3,2807915;50
4563;3,2734605;50
4564;3,269795;50
4565;3,2722385;50
4566;3,274682;50
4567;3,274682;50
4568;3,2722385;50
4569;3,269795;50
4570;3,269795;50
4571;3,269795;50
4572;3,269795;50
4573;3,269795;50
4574;3,269795;50
4575;3,2722385;50
4576;3,274682;50
4577;3,274682;50
4578;3,274682;50
4579;3,274682;50
4580;3,274682;50
4581;3,2722385;50
4582;3,269795;50
4583;3,269795;50
4584;3,269795;50
4585;3,2722385;50
4586;3,274682;50
4587;3,274682;50
4588;3,27346;50
4589;3,27346;50
4590;3,2722385;50
4591;3,2710165;50
4592;3,2710165;50
4593;3,2722385;50
4594;3,274682;50
4595;3,274682;50
4596;3,274682;50
4597;3,274682;50
4598;3,27346;50
4599;3,27346;50
4600;3,274682;50
4601;3,277126;50
4602;3,27957;50
4603;3,277126;50
4604;3,2722385;50
4605;3,2722385;50
4606;3,277126;50
4607;3,27957;50
4608;3,277126;50
4609;3,274682;50
4610;3,275904;50
4611;3,278348;50
4612;3,27957;50
4613;3,27957;50
4614;3,280792;50
4615;3,2832355;50
4616;3,286901;50
4617;3,2942325;50
4618;3,313783;50
4619;3,304008;50
4620;3,1549365;50
4621;2,839687;50
4622;2,4767835;50
4623;2,1224335;50
4624;1,798631;50
4625;1,528592;50
4626;1,315982;50
4627;1,1730205;50
4628;1,1058165;50
4629;1,10826;50
4630;1,1705765;50
4631;1,317204;50
4632;1,551808;50
4633;1,803519;50
4634;1,959922;50
4635;2,001466;50
4636;1,917155;50
4637;1,6202345;50
4638;1,2438905;50
4639;0,9714075;50
4640;0,4985335;50
4641;0,3465295;50
4642;0,521994;50
4643;0,4628545;50
4644;0,4305965;50
4645;0,3773215;50
4646;0,386608;50
4647;0,422532;50
4648;0,3313785;50
4649;0,2116325;50
4650;0,134164;50
4651;0,0860215;50
4652;0,0562075;50
4653;0,0395895;50
4654;0,038612;50
4655;0,048387;50
4656;0,0598725;50
4657;0,0603615;50
4658;0,0493645;50
4659;0,0371455;50
4660;0,0249265;50
4661;0,0178395;50
4662;0,020772;50
4663;0,0229715;50
4664;0,017351;50
4665;0,014174;50
4666;0,0139295;50
4667;0,0107525;50
4668;0,0068425;50
4669;0,0068425;50
4670;0,0146625;50
4671;0,0339685;50
4672;0,0784455;50
4673;0,1461385;50
4674;0,226295;50
4675;0,3154935;50
4676;0,39174;50
4677;0,42522;50
4678;0,3958945;50
4679;0,3088955;50
4680;0,2018575;50
4681;0,120235;50
4682;0,0716035;50
4683;0,0427665;50
4684;0,0254155;50
4685;0,014663;50
4686;0,008309;50
4687;0,004643;50
4688;0,002688;50
4689;0,0014665;50
4690;0,000489;50
4691;0,019306;50
4692;0,09262;50
4693;0,2101665;50
4694;0,336266;50
4695;0,438172;50
4696;0,468964;50
4697;0,4459925;50
4698;0,4538125;50
4699;0,5139295;50
4700;0,575513;50
4701;0,5904205;50
4702;0,5806455;50
4703;0,5923755;50
4704;0,6317205;50
4705;0,682307;50
4706;0,7363145;50
4707;0,7886115;50
4708;0,8284455;50
4709;0,8533725;50
4710;0,8660805;50
4711;0,8719455;50
4712;0,8760995;50
4713;0,8819645;50
4714;0,8890515;50
4715;0,895161;50
4716;0,8998045;50
4717;0,959922;50
4718;1,0202835;50
4719;1,023949;50
4720;1,027615;50
4721;1,028837;50
4722;1,0300585;50
4723;1,034946;50
4724;1,03739;50
4725;1,039834;50
4726;1,0434995;50
4727;1,045943;50
4728;1,048387;50
4729;1,049609;50
4730;1,050831;50
4731;1,052053;50
4732;1,0532745;50
4733;1,0520525;50
4734;1,049609;50
4735;1,048387;50
4736;1,045943;50
4737;1,0434995;50
4738;1,0422775;50
4739;1,0410555;50
4740;1,039834;50
4741;1,038612;50
4742;1,036168;50
4743;1,0337245;50
4744;1,031281;50
4745;1,028837;50
4746;1,028837;50
4747;1,028837;50
4748;1,027615;50
4749;1,027615;50
4750;1,026393;50
4751;1,025171;50
4752;1,025171;50
4753;1,0227275;50
4754;1,0202835;50
4755;1,0190615;50
4756;1,016618;50
4757;1,015396;50
4758;1,015396;50
4759;1,014174;50
4760;1,014174;50
4761;1,014174;50
4762;1,01173;50
4763;1,0092865;50
4764;1,0080645;50
4765;1,0080645;50
4766;1,005621;50
4767;1,000733;50
4768;0,9946235;50
4769;0,989736;50
4770;0,9848485;50
4771;0,977517;50
4772;0,9701855;50
4773;0,965298;50
4774;0,962854;50
4775;0,9604105;50
4776;0,955523;50
4777;0,9506355;50
4778;0,948192;50
4779;0,945748;50
4780;0,943304;50
4781;0,94086;50
4782;0,938416;50
4783;0,938416;50
4784;0,9359725;50
4785;0,932307;50
4786;0,929863;50
4787;0,9261975;50
4788;0,923754;50
4789;0,923754;50
4790;0,922532;50
4791;0,922532;50
4792;0,92131;50
4793;0,920088;50
4794;0,920088;50
4795;0,92131;50
4796;0,92131;50
4797;0,92131;50
4798;0,92131;50
4799;0,918866;50
4800;0,918866;50
4801;0,918866;50
4802;0,918866;50
4803;0,918866;50
4804;0,918866;50
4805;0,918866;50
4806;0,918866;50
4807;0,918866;50
4808;0,918866;50
4809;0,918866;50
4810;0,918866;50
4811;0,92131;50
4812;0,92131;50
4813;0,92131;50
4814;0,92131;50
4815;0,92131;50
4816;0,92131;50
4817;0,92131;50
4818;0,922532;50
4819;0,922532;50
4820;0,923754;50
4821;0,923754;50
4822;0,923754;50
4823;0,9249755;50
4824;0,9249755;50
4825;0,9261975;50
4826;0,927419;50
4827;0,929863;50
4828;0,931085;50
4829;0,931085;50
4830;0,933529;50
4831;0,9359725;50
4832;0,9359725;50
4833;0,934751;50
4834;0,933529;50
4835;0,931085;50
4836;0,9274195;50
4837;0,9261975;50
4838;0,9261975;50
4839;0,923754;50
4840;0,923754;50
4841;0,9249755;50
4842;0,926197;50
4843;0,928641;50
4844;0,929863;50
4845;0,931085;50
4846;0,933529;50
4847;0,9359725;50
4848;0,9359725;50
4849;0,9359725;50
4850;0,938416;50
4851;0,938416;50
4852;0,938416;50
4853;0,94086;50
4854;0,94086;50
4855;0,94086;50
4856;0,943304;50
4857;0,943304;50
4858;0,943304;50
4859;0,945748;50
4860;0,94697;50
4861;0,9481915;50
4862;0,951857;50
4863;0,953079;50
4864;0,955523;50
4865;0,957967;50
4866;0,956745;50
4867;0,955523;50
4868;0,954301;50
4869;0,954301;50
4870;0,955523;50
4871;0,954301;50
4872;0,953079;50
4873;0,953079;50
4874;0,954301;50
4875;0,954301;50
4876;0,954301;50
4877;0,954301;50
4878;0,954301;50
4879;0,955523;50
4880;0,956745;50
4881;0,956745;50
4882;0,956745;50
4883;0,957967;50
4884;0,9604105;50
4885;0,9604105;50
4886;0,9604105;50
4887;0,962854;50
4888;0,965298;50
4889;0,967742;50
4890;0,967742;50
4891;0,967742;50
4892;0,9701855;50
4893;0,9714075;50
4894;0,9714075;50
4895;0,9701855;50
4896;0,967742;50
4897;0,965298;50
4898;0,9616325;50
4899;0,955523;50
4900;0,9469695;50
4901;0,9359725;50
4902;0,9261975;50
4903;0,9188665;50
4904;0,911535;50
4905;0,9042035;50
4906;0,5381235;50
4907;0,487781;50
4908;0,8013195;50
4909;0,8062075;50
4910;0,8140275;50
4911;0,822825;50
4912;0,830645;50
4913;0,838954;50
4914;0,8482405;50
4915;0,85826;50
4916;0,867791;50
4917;0,8751225;50
4918;0,8790325;50
4919;0,8792765;50
4920;0,8804985;50
4921;0,8951615;50
4922;0,997312;50
4923;1,111926;50
4924;1,1620235;50
4925;1,2316715;50
4926;1,312317;50
4927;1,3758555;50
4928;1,4198435;50
4929;1,4442815;50
4930;1,451613;50
4931;1,4430595;50
4932;1,425953;50
4933;1,4100685;50
4934;1,400293;50
4935;1,3941835;50
4936;1,389296;50
4937;1,3856305;50
4938;1,380743;50
4939;1,3734115;50
4940;1,3636365;50
4941;1,3538615;50
4942;1,34653;50
4943;1,3367545;50
4944;1,307429;50
4945;1,260997;50
4946;1,2170085;50
4947;1,175464;50
4948;1,1388075;50
4949;1,1143695;50
4950;1,104594;50
4951;1,1119255;50
4952;1,1351415;50
4953;1,174242;50
4954;1,22434;50
4955;1,263441;50
4956;1,287879;50
4957;1,319648;50
4958;1,362414;50
4959;1,402737;50
4960;1,4357285;50
4961;1,463832;50
4962;1,485826;50
4963;1,5041545;50
4964;1,521261;50
4965;1,5359235;50
4966;1,545699;50
4967;1,5542525;50
4968;1,5640275;50
4969;1,568915;50
4970;1,568915;50
4971;1,5640275;50
4972;1,5518085;50
4973;1,534702;50
4974;1,512708;50
4975;1,501711;50
4976;1,5041545;50
4977;1,5017105;50
4978;1,4797165;50
4979;1,4442815;50
4980;1,3954055;50
4981;1,333089;50
4982;1,2719945;50
4983;1,217009;50
4984;1,169355;50
4985;1,1278105;50
4986;1,060606;50
4987;0,943304;50
4988;0,5136855;50
4989;0,4086025;50
4990;0,6586025;50
4991;0,6405185;50
4992;0,588221;50
4993;0,509775;50
4994;0,4430595;50
4995;0,3993155;50
4996;0,3778105;50
4997;0,398827;50
4998;0,5107525;50
4999;0,762708;50
5000;1,1554255;50
5001;1,4784945;50
5002;1,626344;50
5003;1,6911045;50
5004;1,6886605;50
5005;1,6568915;50
5006;1,6446725;50
5007;1,64956;50
5008;1,6471165;50
5009;1,6471165;50
5010;1,6471165;50
5011;1,6336755;50
5012;1,6092375;50
5013;1,5493645;50
5014;1,4283965;50
5015;1,281769;50
5016;1,1852395;50
5017;1,202346;50
5018;1,3257575;50
5019;1,427175;50
5020;1,4577225;50
5021;1,478495;50
5022;1,510264;50
5023;1,5493645;50
5024;1,581134;50
5025;1,603128;50
5026;1,6239;50
5027;1,652004;50
5028;1,689883;50
5029;1,7375365;50
5030;1,788856;50
5031;1,835288;50
5032;1,869501;50
5033;1,8914955;50
5034;1,9049365;50
5035;1,906158;50
5036;1,892717;50
5037;1,871945;50
5038;1,849951;50
5039;1,826735;50
5040;1,802297;50
5041;1,779081;50
5042;1,758309;50
5043;1,7399805;50
5044;1,724096;50
5045;1,7082115;50
5046;1,6911045;50
5047;1,671554;50
5048;1,64956;50
5049;1,628788;50
5050;1,608016;50
5051;1,5860215;50
5052;1,565249;50
5053;1,544477;50
5054;1,522483;50
5055;1,499267;50
5056;1,477273;50
5057;1,4565005;50
5058;1,434506;50
5059;1,413734;50
5060;1,394184;50
5061;1,3758555;50
5062;1,3599705;50
5063;1,3453075;50
5064;1,329423;50
5065;1,3123165;50
5066;1,29521;50
5067;1,2805475;50
5068;1,2695505;50
5069;1,259775;50
5070;1,2512215;50
5071;1,2414465;50
5072;1,2328935;50
5073;1,228006;50
5074;1,2218965;50
5075;1,217009;50
5076;1,2121215;50
5077;1,207234;50
5078;1,20479;50
5079;1,201124;50
5080;1,1962365;50
5081;1,192571;50
5082;1,190127;50
5083;1,186461;50
5084;1,1815735;50
5085;1,177908;50
5086;1,1730205;50
5087;1,168133;50
5088;1,1632455;50
5089;1,158358;50
5090;1,154692;50
5091;1,1498045;50
5092;1,146139;50
5093;1,143695;50
5094;1,1400295;50
5095;1,135142;50
5096;1,13392;50
5097;1,131476;50
5098;1,12781;50
5099;1,1253665;50
5100;1,121701;50
5101;1,121701;50
5102;1,121701;50
5103;1,119257;50
5104;1,118035;50
5105;1,118035;50
5106;1,1168135;50
5107;1,1155915;50
5108;1,1155915;50
5109;1,1155915;50
5110;1,1155915;50
5111;1,11437;50
5112;1,11437;50
5113;1,11437;50
5114;1,11437;50
5115;1,1155915;50
5116;1,1155915;50
5117;1,11437;50
5118;1,111926;50
5119;1,111926;50
5120;1,113148;50
5121;1,113148;50
5122;1,113148;50
5123;1,113148;50
5124;1,111926;50
5125;1,111926;50
5126;1,113148;50
5127;1,113148;50
5128;1,11437;50
5129;1,11437;50
5130;1,11437;50
5131;1,1168135;50
5132;1,1168135;50
5133;1,1168135;50
5134;1,119257;50
5135;1,120479;50
5136;1,120479;50
5137;1,121701;50
5138;1,124145;50
5139;1,1265885;50
5140;1,1265885;50
5141;1,1265885;50
5142;1,129032;50
5143;1,129032;50
5144;1,1265885;50
5145;1,121701;50
5146;1,1168135;50
5147;1,111926;50
5148;1,1021505;50
5149;1,0911535;50
5150;1,083822;50
5151;1,0874875;50
5152;1,10826;50
5153;1,1375855;50
5154;1,168133;50
5155;1,202346;50
5156;1,2390025;50
5157;1,2658845;50
5158;1,2695505;50
5159;1,264663;50
5160;1,274438;50
5161;1,285435;50
5162;1,271994;50
5163;1,2390025;50
5164;1,199902;50
5165;1,157136;50
5166;1,1180355;50
5167;1,0899315;50
5168;1,072825;50
5169;1,060606;50
5170;1,0532745;50
5171;1,050831;50
5172;1,0434995;50
5173;1,0312805;50
5174;1,0190615;50
5175;1,01173;50
5176;1,014174;50
5177;1,028837;50
5178;1,0593845;50
5179;1,109482;50
5180;1,164467;50
5181;1,190127;50
5182;1,1754645;50
5183;1,1388075;50
5184;1,0997065;50
5185;1,074047;50
5186;1,064272;50
5187;1,058162;50
5188;1,0532745;50
5189;1,049609;50
5190;1,047165;50
5191;1,048387;50
5192;1,0557185;50
5193;1,060606;50
5194;1,060606;50
5195;1,06305;50
5196;1,065494;50
5197;1,066716;50
5198;1,066716;50
5199;1,065494;50
5200;1,065494;50
5201;1,064272;50
5202;1,059384;50
5203;1,055718;50
5204;1,0532745;50
5205;1,050831;50
5206;1,048387;50
5207;1,045943;50
5208;1,0434995;50
5209;1,0434995;50
5210;1,044721;50
5211;1,044721;50
5212;1,045943;50
5213;1,047165;50
5214;1,0520525;50
5215;1,067937;50
5216;1,096041;50
5217;1,1302545;50
5218;1,158358;50
5219;1,1852395;50
5220;1,228006;50
5221;1,2915445;50
5222;1,3587485;50
5223;1,3966275;50
5224;1,403959;50
5225;1,400293;50
5226;1,3831865;50
5227;1,3514175;50
5228;1,312317;50
5229;1,27566;50
5230;1,248778;50
5231;1,22434;50
5232;1,1950145;50
5233;1,165689;50
5234;1,143695;50
5235;1,1388075;50
5236;1,146139;50
5237;1,148583;50
5238;1,147361;50
5239;1,147361;50
5240;1,146139;50
5241;1,1485825;50
5242;1,1510265;50
5243;1,146139;50
5244;1,1363635;50
5245;1,1265885;50
5246;1,1143695;50
5247;1,0984845;50
5248;1,083822;50
5249;1,0703815;50
5250;1,060606;50
5251;1,0532745;50
5252;1,0459435;50
5253;1,038612;50
5254;1,0312805;50
5255;1,023949;50
5256;1,0190615;50
5257;1,014174;50
5258;1,0092865;50
5259;1,006843;50
5260;1,001955;50
5261;0,997067;50
5262;0,9921795;50
5263;0,988514;50
5264;0,9860705;50
5265;0,981183;50
5266;0,976295;50
5267;0,9701855;50
5268;0,965298;50
5269;0,962854;50
5270;0,9604105;50
5271;0,957967;50
5272;0,955523;50
5273;0,953079;50
5274;0,9506355;50
5275;0,948192;50
5276;0,945748;50
5277;0,943304;50
5278;0,94086;50
5279;0,9371945;50
5280;0,934751;50
5281;0,933529;50
5282;0,932307;50
5283;0,929863;50
5284;0,927419;50
5285;0,9249755;50
5286;0,923754;50
5287;0,923754;50
5288;0,923754;50
5289;0,922532;50
5290;0,922532;50
5291;0,923754;50
5292;0,9261975;50
5293;0,928641;50
5294;0,931085;50
5295;0,933529;50
5296;0,9371945;50
5297;0,942082;50
5298;0,9481915;50
5299;0,955523;50
5300;0,9628545;50
5301;0,9726295;50
5302;0,9824045;50
5303;0,987292;50
5304;0,9921795;50
5305;0,997067;50
5306;0,997067;50
5307;0,997067;50
5308;0,999511;50
5309;1,001955;50
5310;1,003177;50
5311;1,004399;50
5312;1,005621;50
5313;1,0080645;50
5314;1,010508;50
5315;1,01173;50
5316;1,014174;50
5317;1,0190615;50
5318;1,026393;50
5319;1,031281;50
5320;1,0349465;50
5321;1,038612;50
5322;1,0422775;50
5323;1,047165;50
5324;1,0520525;50
5325;1,055718;50
5326;1,058162;50
5327;1,060606;50
5328;1,06305;50
5329;1,061828;50
5330;1,05694;50
5331;1,048387;50
5332;1,038612;50
5333;1,0288365;50
5334;1,0166175;50
5335;1,003177;50
5336;0,990958;50
5337;0,9799605;50
5338;0,9677415;50
5339;0,953079;50
5340;0,94086;50
5341;0,929863;50
5342;0,9176445;50
5343;0,9066475;50
5344;0,5376345;50
5345;0,483138;50
5346;0,784702;50
5347;0,770772;50
5348;0,758553;50
5349;0,748778;50
5350;0,738514;50
5351;0,730694;50
5352;0,720919;50
5353;0,697947;50
5354;0,6693545;50
5355;0,647605;50
5356;0,632698;50
5357;0,6202345;50
5358;0,609726;50
5359;0,6009285;50
5360;0,592864;50
5361;0,5894425;50
5362;0,59042;50
5363;0,589687;50
5364;0,585044;50
5365;0,576002;50
5366;0,561095;50
5367;0,5395895;50
5368;0,5056205;50
5369;0,464565;50
5370;0,4320625;50
5371;0,4171555;50
5372;0,418133;50
5373;0,42913;50
5374;0,443793;50
5375;0,459922;50
5376;0,49218;50
5377;0,530303;50
5378;0,5474095;50
5379;0,5337245;50
5380;0,492669;50
5381;0,44306;50
5382;0,4081135;50
5383;0,396872;50
5384;0,395406;50
5385;0,391496;50
5386;0,3868525;50
5387;0,385386;50
5388;0,3883185;50
5389;0,3958945;50
5390;0,407136;50
5391;0,420821;50
5392;0,4364615;50
5393;0,451613;50
5394;0,4640765;50
5395;0,474096;50
5396;0,4824045;50
5397;0,4899805;50
5398;0,4975565;50
5399;0,5048875;50
5400;0,5087975;50
5401;0,5085535;50
5402;0,5065985;50
5403;0,505132;50
5404;0,504643;50
5405;0,50391;50
5406;0,502444;50
5407;0,5014665;50
5408;0,501955;50
5409;0,5043985;50
5410;0,5075755;50
5411;0,5195505;50
5412;0,5891985;50
5413;0,677908;50
5414;0,7199415;50
5415;0,7387585;50
5416;0,7465785;50
5417;0,7485335;50
5418;0,7485335;50
5419;0,748778;50
5420;0,7482895;50
5421;0,7431575;50
5422;0,7304495;50
5423;0,710166;50
5424;0,6871945;50
5425;0,666178;50
5426;0,6466275;50
5427;0,6300095;50
5428;0,6197455;50
5429;0,6143695;50
5430;0,6124145;50
5431;0,6136365;50
5432;0,612659;50
5433;0,604594;50
5434;0,5816225;50
5435;0,548387;50
5436;0,5166175;50
5437;0,495601;50
5438;0,4868035;50
5439;0,481916;50
5440;0,476784;50
5441;0,4694525;50
5442;0,4628545;50
5443;0,466276;50
5444;0,477517;50
5445;0,489736;50
5446;0,5048875;50
5447;0,522727;50
5448;0,536168;50
5449;0,5422775;50
5450;0,540078;50
5451;0,531525;50
5452;0,522239;50
5453;0,514663;50
5454;0,5127075;50
5455;0,51564;50
5456;0,5144185;50
5457;0,506843;50
5458;0,500489;50
5459;0,5009775;50
5460;0,508553;50
5461;0,517595;50
5462;0,530303;50
5463;0,550342;50
5464;0,5720915;50
5465;0,589687;50
5466;0,6006845;50
5467;0,6097265;50
5468;0,618524;50
5469;0,622434;50
5470;0,6195015;50
5471;0,6136365;50
5472;0,606305;50
5473;0,5989735;50
5474;0,5931085;50
5475;0,586999;50
5476;0,5821115;50
5477;0,5808895;50
5478;0,5804005;50
5479;0,5801565;50
5480;0,579179;50
5481;0,5784455;50
5482;0,5789345;50
5483;0,5786905;50
5484;0,5767355;50
5485;0,568915;50
5486;0,5559625;50
5487;0,5442325;50
5488;0,538612;50
5489;0,5408115;50
5490;0,5486315;50
5491;0,5552295;50
5492;0,552297;50
5493;0,5430105;50
5494;0,539345;50
5495;0,560362;50
5496;0,6045945;50
5497;0,648094;50
5498;0,6832845;50
5499;0,7130985;50
5500;0,733871;50
5501;0,74609;50
5502;0,758309;50
5503;0,771017;50
5504;0,780059;50
5505;0,784702;50
5506;0,7851905;50
5507;0,7825025;50
5508;0,7790815;50
5509;0,77566;50
5510;0,770772;50
5511;0,7631965;50
5512;0,753177;50
5513;0,741691;50
5514;0,730694;50
5515;0,7265395;50
5516;0,729472;50
5517;0,731916;50
5518;0,7282505;50
5519;0,7192085;50
5520;0,7108995;50
5521;0,705523;50
5522;0,700391;50
5523;0,690127;50
5524;0,6754645;50
5525;0,6656895;50
5526;0,664956;50
5527;0,669599;50
5528;0,6722875;50
5529;0,6703325;50
5530;0,666911;50
5531;0,663734;50
5532;0,6620235;50
5533;0,661535;50
5534;0,6593355;50
5535;0,6485825;50
5536;0,6151025;50
5537;0,5371455;50
5538;0,4288855;50
5539;0,333089;50
5540;0,27175;50
5541;0,242669;50
5542;0,2346045;50
5543;0,242913;50
5544;0,2614855;50
5545;0,2883675;50
5546;0,3230695;50
5547;0,3592375;50
5548;0,394428;50
5549;0,42913;50
5550;0,463832;50
5551;0,4975565;50
5552;0,5303035;50
5553;0,561828;50
5554;0,590909;50
5555;0,617058;50
5556;0,641007;50
5557;0,6627565;50
5558;0,6825515;50
5559;0,6994135;50
5560;0,7143205;50
5561;0,727517;50
5562;0,7399805;50
5563;0,751222;50
5564;0,7612415;50
5565;0,7707725;50
5566;0,7793255;50
5567;0,78739;50
5568;0,79521;50
5569;0,802297;50
5570;0,8084065;50
5571;0,8135385;50
5572;0,8184265;50
5573;0,8230695;50
5574;0,827468;50
5575;0,831867;50
5576;0,8352885;50
5577;0,8384655;50
5578;0,841398;50
5579;0,8443305;50
5580;0,847263;50
5581;0,8497065;50
5582;0,852639;50
5583;0,8548385;50
5584;0,857527;50
5585;0,8597265;50
5586;0,8616815;50
5587;0,8636365;50
5588;0,8651025;50
5589;0,86608;50
5590;0,8675465;50
5591;0,869257;50
5592;0,8709675;50
5593;0,8721895;50
5594;0,8729225;50
5595;0,873167;50
5596;0,8741445;50
5597;0,8741445;50
5598;0,8734115;50
5599;0,8726785;50
5600;0,8712125;50
5601;0,870235;50
5602;0,868524;50
5603;0,866813;50
5604;0,865591;50
5605;0,8670575;50
5606;0,8663245;50
5607;0,848729;50
5608;0,815738;50
5609;0,7825025;50
5610;0,757087;50
5611;0,739736;50
5612;0,7284945;50
5613;0,721652;50
5614;0,7179865;50
5615;0,7167645;50
5616;0,717253;50
5617;0,7182305;50
5618;0,719941;50
5619;0,721896;50
5620;0,7245845;50
5621;0,727273;50
5622;0,7302055;50
5623;0,733138;50
5624;0,7360705;50
5625;0,7392475;50
5626;0,742669;50
5627;0,745846;50
5628;0,7487785;50
5629;0,751711;50
5630;0,75391;50
5631;0,755865;50
5632;0,7578205;50
5633;0,76002;50
5634;0,762219;50
5635;0,764418;50
5636;0,766373;50
5637;0,768817;50
5638;0,7715055;50
5639;0,7741935;50
5640;0,776393;50
5641;0,778104;50
5642;0,780059;50
5643;0,782014;50
5644;0,7849465;50
5645;0,787879;50
5646;0,7908115;50
5647;0,7939885;50
5648;0,7971655;50
5649;0,7991205;50
5650;0,8003425;50
5651;0,8005865;50
5652;0,799609;50
5653;0,796188;50
5654;0,7900785;50
5655;0,78348;50
5656;0,7756595;50
5657;0,7627075;50
5658;0,745601;50
5659;0,73216;50
5660;0,728983;50
5661;0,729961;50
5662;0,7287395;50
5663;0,735826;50
5664;0,761241;50
5665;0,80694;50
5666;0,8927175;50
5667;1,124878;50
5668;1,440616;50
5669;1,711877;50
5670;1,9587;50
5671;2,161535;50
5672;2,3069405;50
5673;2,393695;50
5674;2,4266865;50
5675;2,421799;50
5676;2,3875855;50
5677;2,3387095;50
5678;2,28739;50
5679;2,2360705;50
5680;2,1896385;50
5681;2,1505375;50
5682;2,1163245;50
5683;2,0821115;50
5684;2,0430105;50
5685;1,9990225;50
5686;1,947703;50
5687;1,886608;50
5688;1,8108505;50
5689;1,7179865;50
5690;1,615347;50
5691;1,5102635;50
5692;1,4064025;50
5693;1,29521;50
5694;1,17913;50
5695;1,077713;50
5696;0,9995115;50
5697;0,9506355;50
5698;0,943304;50
5699;0,9726295;50
5700;1,005621;50
5701;1,0202835;50
5702;1,0312805;50
5703;1,0679375;50
5704;1,143695;50
5705;1,2353375;50
5706;1,3159825;50
5707;1,3856305;50
5708;1,4467255;50
5709;1,4907135;50
5710;1,5224825;50
5711;1,7961875;50
5712;1,9892475;50
5713;1,876833;50
5714;1,7766375;50
5715;1,684995;50
5716;1,614125;50
5717;1,5298145;50
5718;1,406403;50
5719;1,237781;50
5720;1,047165;50
5721;0,9029815;50
5722;0,5053765;50
5723;0,4325515;50
5724;0,7052785;50
5725;0,693304;50
5726;0,655914;50
5727;0,594819;50
5728;0,510264;50
5729;0,398094;50
5730;0,270528;50
5731;0,168866;50
5732;0,114858;50
5733;0,0835775;50
5734;0,076735;50
5735;0,103617;50
5736;0,115347;50
5737;0,096285;50
5738;0,0718475;50
5739;0,0518085;50
5740;0,035679;50
5741;0,021505;50
5742;0,0131965;50
5743;0,0085535;50
5744;0,005132;50
5745;0,018573;50
5746;0,065005;50
5747;0,135386;50
5748;0,184262;50
5749;0,165445;50
5750;0,110215;50
5751;0,0674485;50
5752;0,0415445;50
5753;0,0288365;50
5754;0,0210165;50
5755;0,015885;50
5756;0,0144185;50
5757;0,0171065;50
5758;0,0234605;50
5759;0,0369015;50
5760;0,066716;50
5761;0,149316;50
5762;0,279081;50
5763;0,398827;50
5764;0,466276;50
5765;0,410313;50
5766;0,3064515;50
5767;0,25782;50
5768;0,4391495;50
5769;0,817693;50
5770;2,114125;50
5771;3,5532745;50
5772;4,082356;50
5773;4,4183775;50
5774;4,630987;50
5775;4,7629515;50
5776;4,8460405;50
5777;4,899804;50
5778;4,934017;50
5779;4,9560115;50
5780;4,9706745;50
5781;4,9804495;50
5782;4,985337;50
5783;4,9828935;50
5784;4,98045;50
5785;4,98045;50
5786;4,978006;50
5787;4,9706745;50
5788;4,9608995;50
5789;4,953568;50
5790;4,94868;50
5791;4,9523455;50
5792;4,924242;50
5793;4,7543985;50
5794;4,4525905;50
5795;4,132454;50
5796;3,82087;50
5797;3,520283;50
5798;3,2697945;50
5799;3,147605;50
5800;3,1671555;50
5801;3,257576;50
5802;3,2942325;50
5803;3,2453565;50
5804;3,1304985;50
5805;2,971652;50
5806;2,831134;50
5807;2,76393;50
5808;2,760264;50
5809;2,768817;50
5810;2,768817;50
5811;2,7492665;50
5812;2,6588465;50
5813;2,490225;50
5814;2,2324045;50
5815;1,898827;50
5816;1,570137;50
5817;1,284213;50
5818;1,045943;50
5819;0,84433;50
5820;0,434995;50
5821;0,25782;50
5822;0,356549;50
5823;0,28348;50
5824;0,2365595;50
5825;0,2077225;50
5826;0,19086;50
5827;0,1820625;50
5828;0,1761975;50
5829;0,168133;50
5830;0,161046;50
5831;0,153959;50
5832;0,146872;50
5833;0,1395405;50
5834;0,1348975;50
5835;0,1324535;50
5836;0,131476;50
5837;0,1322095;50
5838;0,1356305;50
5839;0,136608;50
5840;0,137097;50
5841;0,138563;50
5842;0,138563;50
5843;0,1368525;50
5844;0,1324535;50
5845;0,1260995;50
5846;0,1197455;50
5847;0,1138805;50
5848;0,11217;50
5849;0,112659;50
5850;0,1104595;50
5851;0,098729;50
5852;0,0923755;50
5853;0,0982405;50
5854;0,107771;50
5855;0,1170575;50
5856;0,119746;50
5857;0,1148585;50
5858;0,1041055;50
5859;0,081134;50
5860;0,0620725;50
5861;0,052297;50
5862;0,042522;50
5863;0,030792;50
5864;0,023705;50
5865;0,020528;50
5866;0,0144185;50
5867;0,008309;50
5868;0,004643;50
5869;0,0024435;50
5870;0,0009775;50
5871;0,0002445;50
5872;0;50
5873;0;50
5874;0;50
5875;0;50
5876;0;50
5877;0;50
5878;0;50
5879;0;50
5880;0;50
5881;0;50
5882;0;50
5883;0;50
5884;0;50
5885;0,0036655;50
5886;0,016373;50
5887;0,0430105;50
5888;0,097263;50
5889;0,170577;50
5890;0,233627;50
5891;0,2844575;50
5892;0,335288;50
5893;0,4071355;50
5894;0,5300585;50
5895;0,688172;50
5896;0,843597;50
5897;1,044477;50
5898;1,1974585;50
5899;1,2182305;50
5900;1,1852395;50
5901;1,122923;50
5902;1,0544965;50
5903;0,990958;50
5904;0,935973;50
5905;0,8932065;50
5906;0,5215055;50
5907;0,467253;50
5908;0,771994;50
5909;0,7817695;50
5910;0,788612;50
5911;0,7934995;50
5912;0,793255;50
5913;0,7917885;50
5914;0,804741;50
5915;0,8396875;50
5916;0,9313295;50
5917;1,630254;50
5918;2,404692;50
5919;2,6258555;50
5920;2,722385;50
5921;2,7150535;50
5922;2,6478495;50
5923;2,569648;50
5924;2,507331;50
5925;2,4584555;50
5926;2,408358;50
5927;2,347263;50
5928;2,275171;50
5929;2,203079;50
5930;2,133431;50
5931;2,061339;50
5932;1,990469;50
5933;1,924487;50
5934;1,8597265;50
5935;1,7986315;50
5936;1,744868;50
5937;1,6935485;50
5938;1,642229;50
5939;1,595797;50
5940;1,5518085;50
5941;1,50782;50
5942;1,4662755;50
5943;1,4296185;50
5944;1,3978495;50
5945;1,368524;50
5946;1,341642;50
5947;1,317204;50
5948;1,29521;50
5949;1,276882;50
5950;1,2597755;50
5951;1,2414465;50
5952;1,22434;50
5953;1,2096775;50
5954;1,1974585;50
5955;1,1876835;50
5956;1,17913;50
5957;1,1705765;50
5958;1,1620235;50
5959;1,155914;50
5960;1,1510265;50
5961;1,146139;50
5962;1,141251;50
5963;1,1363635;50
5964;1,131476;50
5965;1,1265885;50
5966;1,121701;50
5967;1,118035;50
5968;1,1155915;50
5969;1,113148;50
5970;1,113148;50
5971;1,111926;50
5972;1,110704;50
5973;1,110704;50
5974;1,10826;50
5975;1,105816;50
5976;1,1033725;50
5977;1,100929;50
5978;1,099707;50
5979;1,097263;50
5980;1,097263;50
5981;1,097263;50
5982;1,094819;50
5983;1,0923755;50
5984;1,08871;50
5985;1,083822;50
5986;1,0789345;50
5987;1,074047;50
5988;1,0679375;50
5989;1,06305;50
5990;1,058162;50
5991;1,0520525;50
5992;1,045943;50
5993;1,0398335;50
5994;1,036168;50
5995;1,0312805;50
5996;1,025171;50
5997;1,0215055;50
5998;1,01784;50
5999;1,014174;50
6000;1,0092865;50
6001;1,005621;50
6002;1,003177;50
6003;0,999511;50
6004;0,9958455;50
6005;0,993402;50
6006;0,989736;50
6007;0,9848485;50
6008;0,982405;50
6009;0,979961;50
6010;0,977517;50
6011;0,975073;50
6012;0,9714075;50
6013;0,968964;50
6014;0,96652;50
6015;0,964076;50
6016;0,9616325;50
6017;0,959189;50
6018;0,957967;50
6019;0,956745;50
6020;0,954301;50
6021;0,953079;50
6022;0,9506355;50
6023;0,948192;50
6024;0,945748;50
6025;0,943304;50
6026;0,943304;50
6027;0,94086;50
6028;0,939638;50
6029;0,939638;50
6030;0,938416;50
6031;0,9371945;50
6032;0,934751;50
6033;0,933529;50
6034;0,933529;50
6035;0,933529;50
6036;0,932307;50
6037;0,929863;50
6038;0,928641;50
6039;0,928641;50
6040;0,927419;50
6041;0,927419;50
6042;0,9261975;50
6043;0,9249755;50
6044;0,9249755;50
6045;0,9261975;50
6046;0,9261975;50
6047;0,9261975;50
6048;0,928641;50
6049;0,928641;50
6050;0,9237535;50
6051;0,9164225;50
6052;0,9066475;50
6053;0,5376345;50
6054;0,4591885;50
6055;0,68695;50
6056;0,5713585;50
6057;0,465298;50
6058;0,376344;50
6059;0,296432;50
6060;0,221652;50
6061;0,15738;50
6062;0,119257;50
6063;0,1041055;50
6064;0,093353;50
6065;0,086022;50
6066;0,084311;50
6067;0,083333;50
6068;0,080156;50
6069;0,073558;50
6070;0,0711145;50
6071;0,0742915;50
6072;0,0801565;50
6073;0,0865105;50
6074;0,091887;50
6075;0,0879765;50
6076;0,0720915;50
6077;0,0650045;50
6078;0,0804005;50
6079;0,107527;50
6080;0,1375855;50
6081;0,167644;50
6082;0,196481;50
6083;0,2238515;50
6084;0,2502445;50
6085;0,2746825;50
6086;0,2978985;50
6087;0,319648;50
6088;0,339687;50
6089;0,3572825;50
6090;0,3856305;50
6091;0,4205765;50
6092;0,437683;50
6093;0,42522;50
6094;0,3790325;50
6095;0,3198925;50
6096;0,2781035;50
6097;0,2697945;50
6098;0,3076735;50
6099;0,37219;50
6100;0,4298635;50
6101;0,4770285;50
6102;0,5298145;50
6103;0,6065495;50
6104;0,755132;50
6105;0,9293745;50
6106;1,664467;50
6107;2,7969205;50
6108;3,5789345;50
6109;4,094575;50
6110;4,423265;50
6111;4,630987;50
6112;4,7629515;50
6113;4,8484845;50
6114;4,902248;50
6115;4,9181325;50
6116;4,881476;50
6117;4,7727275;50
6118;4,6309875;50
6119;4,4990225;50
6120;4,395161;50
6121;4,3169595;50
6122;4,2375365;50
6123;3,618035;50
6124;2,47434;50
6125;1,5640275;50
6126;0,9958455;50
6127;0,432307;50
6128;0,185484;50
6129;0,229961;50
6130;0,146139;50
6131;0,092864;50
6132;0,059384;50
6133;0,037879;50
6134;0,024194;50
6135;0,0156405;50
6136;0,0100195;50
6137;0,006598;50
6138;0,0043985;50
6139;0,002688;50
6140;0,0017105;50
6141;0,001222;50
6142;0,0053765;50
6143;0,0210165;50
6144;0,056696;50
6145;0,0975075;50
6146;0,137097;50
6147;0,140274;50
6148;0,2404695;50
6149;0,4440375;50
6150;0,581134;50
6151;0,656158;50
6152;0,6962365;50
6153;0,7206745;50
6154;0,735093;50
6155;0,6715545;50
6156;0,554008;50
6157;0,483627;50
6158;0,4298635;50
6159;0,357527;50
6160;0,2773705;50
6161;0,2091885;50
6162;0,160557;50
6163;0,1324535;50
6164;0,111437;50
6165;0,094575;50
6166;0,092864;50
6167;0,136119;50
6168;0,2974095;50
6169;0,5498535;50
6170;0,784702;50
6171;0,945259;50
6172;1,1097265;50
6173;1,2133435;50
6174;1,1876835;50
6175;1,247556;50
6176;1,7350925;50
6177;2,4694525;50
6178;3,031525;50
6179;3,444526;50
6180;3,7072335;50
6181;3,84042;50
6182;3,938172;50
6183;4,068915;50
6184;4,232649;50
6185;4,384164;50
6186;4,467253;50
6187;4,4525905;50
6188;4,352395;50
6189;4,2008795;50
6190;4,02737;50
6191;3,852639;50
6192;3,687683;50
6193;3,534946;50
6194;3,3919845;50
6195;3,2612415;50
6196;3,147605;50
6197;3,053519;50
6198;2,9765395;50
6199;2,9081135;50
6200;2,842131;50
6201;2,7749265;50
6202;2,7040565;50
6203;2,629521;50
6204;2,548876;50
6205;2,465787;50
6206;2,3875855;50
6207;2,3069405;50
6208;2,2262955;50
6209;2,1505375;50
6210;2,0796675;50
6211;2,0136855;50
6212;1,950147;50
6213;1,8939395;50
6214;1,8438415;50
6215;1,7888565;50
6216;1,7289835;50
6217;1,671554;50
6218;1,6190125;50
6219;1,5725805;50
6220;1,529814;50
6221;1,4907135;50
6222;1,4565005;50
6223;1,424731;50
6224;1,3954055;50
6225;1,369746;50
6226;1,6141255;50
6227;2,150538;50
6228;2,6722875;50
6229;3,099951;50
6230;3,444526;50
6231;3,728006;50
6232;3,96261;50
6233;4,1581135;50
6234;4,3206255;50
6235;4,4586995;50
6236;4,54912;50
6237;4,4257085;50
6238;4,0615835;50
6239;3,635142;50
6240;3,2160315;50
6241;2,806696;50
6242;2,419355;50
6243;2,2372925;50
6244;2,5036655;50
6245;2,9960895;50
6246;3,417644;50
6247;3,7671065;50
6248;4,054252;50
6249;4,281525;50
6250;4,4501465;50
6251;4,572336;50
6252;4,657869;50
6253;4,7189635;50
6254;4,7641735;50
6255;4,795943;50
6256;4,808162;50
6257;4,8032745;50
6258;4,8020525;50
6259;4,80694;50
6260;4,8387095;50
6261;4,893695;50
6262;4,9327955;50
6263;4,9560115;50
6264;4,964565;50
6265;4,964565;50
6266;4,9731185;50
6267;4,9841155;50
6268;4,990225;50
6269;4,993891;50
6270;4,995113;50
6271;4,9963345;50
6272;4,998778;50
6273;5;50
6274;5;50
6275;5;50
6276;5;50
6277;5;50
6278;5;50
6279;5;50
6280;5;50
6281;5;50
6282;5;50
6283;5;50
6284;5;50
6285;5;50
6286;5;50
6287;5;50
6288;5;50
6289;4,9975565;50
6290;4,990225;50
6291;4,9792275;50
6292;4,976784;50
6293;4,9853375;50
6294;4,992669;50
6295;4,9975565;50
6296;5;50
6297;5;50
6298;5;50
6299;5;50
6300;5;50
6301;5;50
6302;5;50
6303;5;50
6304;5;50
6305;5;50
6306;5;50
6307;4,7690615;50
6308;3,9784945;50
6309;3,0474095;50
6310;2,449902;50
6311;2,09433;50
6312;1,813294;50
6313;1,5151515;50
6314;1,264663;50
6315;1,085044;50
6316;1,1583575;50
6317;1,7021015;50
6318;2,459677;50
6319;3,0779565;50
6320;3,5068425;50
6321;3,824536;50
6322;4,0896875;50
6323;4,3132945;50
6324;4,495357;50
6325;4,6285435;50
6326;4,7226295;50
6327;4,784946;50
6328;4,817937;50
6329;4,8374875;50
6330;4,8545945;50
6331;4,8655915;50
6332;4,857038;50
6333;4,820381;50
6334;4,73607;50
6335;4,4941345;50
6336;4,230205;50
6337;3,619257;50
6338;2,8494625;50
6339;2,9191105;50
6340;3,3883185;50
6341;3,6705765;50
6342;3,4934015;50
6343;2,85435;50
6344;2,276393;50
6345;1,8890515;50
6346;1,6177905;50
6347;1,4088465;50
6348;1,2316715;50
6349;1,092375;50
6350;0,998289;50
6351;0,9457475;50
6352;0,928641;50
6353;0,933529;50
6354;0,9408605;50
6355;0,9506355;50
6356;0,9604105;50
6357;0,9701855;50
6358;0,9848485;50
6359;0,9970675;50
6360;1,001955;50
6361;0,9995115;50
6362;1,0007335;50
6363;1,0080645;50
6364;1,026393;50
6365;1,050831;50
6366;1,0826;50
6367;1,120479;50
6368;1,1143695;50
6369;1,022727;50
6370;0,916422;50
6371;0,5127075;50
6372;0,409091;50
6373;0,7192085;50
6374;0,80523;50
6375;0,869013;50
6376;0,956256;50
6377;1,0153955;50
6378;1,0043985;50
6379;1,0068425;50
6380;1,0105085;50
6381;0,979961;50
6382;0,9005375;50
6383;0,4863145;50
6384;0,301564;50
6385;0,4208215;50
6386;0,3428645;50
6387;0,3081625;50
6388;0,2971655;50
6389;0,30132;50
6390;0,304741;50
6391;0,288856;50
6392;0,266373;50
6393;0,248289;50
6394;0,2402245;50
6395;0,2368035;50
6396;0,241447;50
6397;0,2600195;50
6398;0,303519;50
6399;0,374389;50
6400;0,458211;50
6401;0,5371455;50
6402;0,602639;50
6403;0,648338;50
6404;0,6815735;50
6405;0,6957475;50
6406;0,688172;50
6407;0,659824;50
6408;0,624389;50
6409;0,5911535;50
6410;0,569648;50
6411;0,5552295;50
6412;0,5449655;50
6413;0,680596;50
6414;0,9076245;50
6415;2,1898825;50
6416;3,676686;50
6417;4,161779;50
6418;4,468475;50
6419;4,6615345;50
6420;4,783724;50
6421;4,8619255;50
6422;4,9120235;50
6423;4,942571;50
6424;4,960899;50
6425;4,971896;50
6426;4,951124;50
6427;4,882698;50
6428;4,791056;50
6429;4,695748;50
6430;4,611437;50
6431;4,5344575;50
6432;4,444037;50
6433;4,3316225;50
6434;4,20088;50
6435;4,0628055;50
6436;3,9393935;50
6437;3,8269795;50
6438;3,7121215;50
6439;3,587488;50
6440;3,4604105;50
6441;3,345552;50
6442;3,252688;50
6443;3,172043;50
6444;3,0950635;50
6445;3,026637;50
6446;2,97043;50
6447;2,9191105;50
6448;2,876344;50
6449;2,842131;50
6450;2,8128055;50
6451;2,781036;50
6452;2,7394915;50
6453;2,697947;50
6454;2,663734;50
6455;2,6356305;50
6456;2,61608;50
6457;2,602639;50
6458;2,592864;50
6459;2,5782015;50
6460;2,546432;50
6461;2,5012215;50
6462;2,4547895;50
6463;2,4120235;50
6464;2,699169;50
6465;3,263685;50
6466;3,728006;50
6467;4,032258;50
6468;4,121456;50
6469;4,2913;50
6470;4,565005;50
6471;4,7311825;50
6472;4,8289345;50
6473;4,8875855;50
6474;4,927908;50
6475;4,95479;50
6476;4,9706745;50
6477;4,963343;50
6478;4,893695;50
6479;4,871701;50
6480;4,926686;50
6481;4,9560115;50
6482;4,9731185;50
6483;4,9828935;50
6484;4,989003;50
6485;4,993891;50
6486;4,995113;50
6487;4,995113;50
6488;4,9963345;50
6489;4,997556;50
6490;4,998778;50
6491;5;50
6492;5;50
6493;5;50
6494;4,998778;50
6495;4,998778;50
6496;4,998778;50
6497;4,997556;50
6498;4,998778;50
6499;5;50
6500;5;50
6501;5;50
6502;5;50
6503;5;50
6504;5;50
6505;5;50
6506;5;50
6507;5;50
6508;5;50
6509;5;50
6510;5;50
6511;5;50
6512;5;50
6513;4,998778;50
6514;4,998778;50
6515;5;50
6516;5;50
6517;5;50
6518;5;50
6519;5;50
6520;5;50
6521;5;50
6522;5;50
6523;5;50
6524;5;50
6525;5;50
6526;5;50
6527;5;50
6528;5;50
6529;5;50
6530;5;50
6531;5;50
6532;5;50
6533;5;50
6534;5;50
6535;5;50
6536;5;50
6537;5;50
6538;5;50
6539;5;50
6540;5;50
6541;5;50
6542;5;50
6543;5;50
6544;5;50
6545;5;50
6546;5;50
6547;5;50
6548;5;50
6549;5;50
6550;5;50
6551;5;50
6552;5;50
6553;5;50
6554;5;50
6555;5;50
6556;5;50
6557;5;50
6558;5;50
6559;5;50
6560;5;50
6561;5;50
6562;5;50
6563;5;50
6564;5;50
6565;5;50
6566;5;50
6567;5;50
6568;5;50
6569;5;50
6570;5;50
6571;5;50
6572;5;50
6573;5;50
6574;5;50
6575;5;50
6576;5;50
6577;5;50
6578;5;50
6579;5;50
6580;5;50
6581;5;50
6582;5;50
6583;5;50
6584;5;50
6585;5;50
6586;5;50
6587;5;50
6588;5;50
6589;5;50
6590;5;50
6591;5;50
6592;5;50
6593;5;50
6594;5;50
6595;5;50
6596;5;50
6597;5;50
6598;5;50
6599;5;50
6600;5;50
6601;5;50
6602;5;50
6603;5;50
6604;5;50
6605;5;50
6606;5;50
6607;5;50
6608;5;50
6609;5;50
6610;5;50
6611;5;50
6612;5;50
6613;5;50
6614;5;50
6615;5;50
6616;5;50
6617;5;50
6618;5;50
6619;5;50
6620;5;50
6621;5;50
6622;5;50
6623;5;50
6624;5;50
6625;5;50
6626;5;50
6627;5;50
6628;5;50
6629;5;50
6630;5;50
6631;5;50
6632;5;50
6633;5;50
6634;5;50
6635;5;50
6636;5;50
6637;5;50
6638;5;50
6639;5;50
6640;5;50
6641;5;50
6642;5;50
6643;5;50
6644;5;50
6645;5;50
6646;5;50
6647;5;50
6648;5;50
6649;5;50
6650;5;50
6651;5;50
6652;5;50
6653;5;50
6654;5;50
6655;5;50
6656;5;50
6657;5;50
6658;5;50
6659;5;50
6660;5;50
6661;5;50
6662;5;50
6663;5;50
6664;5;50
6665;5;50
6666;5;50
6667;5;50
6668;5;50
6669;5;50
6670;5;50
6671;5;50
6672;5;50
6673;5;50
6674;5;50
6675;5;50
6676;5;50
6677;5;50
6678;5;50
6679;4,998778;50
6680;4,997556;50
6681;4,998778;50
6682;5;50
6683;5;50
6684;5;50
6685;5;50
6686;5;50
6687;5;50
6688;5;50
6689;5;50
6690;5;50
6691;5;50
6692;5;50
6693;5;50
6694;5;50
6695;5;50
6696;5;50
6697;5;50
6698;5;50
6699;5;50
6700;5;50
6701;5;50
6702;5;50
6703;5;50
6704;5;50
6705;5;50
6706;5;50
6707;5;50
6708;5;50
6709;5;50
6710;5;50
6711;5;50
6712;5;50
6713;5;50
6714;5;50
6715;5;50
6716;5;50
6717;5;50
6718;5;50
6719;5;50
6720;5;50
6721;5;50
6722;5;50
6723;5;50
6724;5;50
6725;5;50
6726;5;50
6727;5;50
6728;5;50
6729;5;50
6730;5;50
6731;5;50
6732;5;50
6733;5;50
6734;5;50
6735;5;50
6736;5;50
6737;5;50
6738;5;50
6739;5;50
6740;5;50
6741;5;50
6742;5;50
6743;5;50
6744;5;50
6745;5;50
6746;5;50
6747;5;50
6748;5;50
6749;5;50
6750;5;50
6751;5;50
6752;5;50
6753;5;50
6754;5;50
6755;5;50
6756;5;50
6757;5;50
6758;5;50
6759;5;50
6760;5;50
6761;5;50
6762;5;50
6763;5;50
6764;5;50
6765;5;50
6766;5;50
6767;5;50
6768;5;50
6769;5;50
6770;5;50
6771;5;50
6772;5;50
6773;5;50
6774;5;50
6775;5;50
6776;5;50
6777;5;50
6778;5;50
6779;5;50
6780;5;50
6781;5;50
6782;5;50
6783;5;50
6784;5;50
6785;5;50
6786;5;50
6787;5;50
6788;5;50
6789;5;50
6790;5;50
6791;5;50
6792;5;50
6793;5;50
6794;5;50
6795;5;50
6796;5;50
6797;5;50
6798;5;50
6799;5;50
6800;5;50
6801;5;50
6802;5;50
6803;5;50
6804;5;50
6805;5;50
6806;5;50
6807;5;50
6808;5;50
6809;5;50
6810;5;50
6811;5;50
6812;5;50
6813;5;50
6814;5;50
6815;5;50
6816;5;50
6817;5;50
6818;5;50
6819;5;50
6820;5;50
6821;5;50
6822;5;50
6823;5;50
6824;5;50
6825;5;50
6826;5;50
6827;5;50
6828;5;50
6829;5;50
6830;5;50
6831;5;50
6832;5;50
6833;5;50
6834;5;50
6835;5;50
6836;5;50
6837;5;50
6838;5;50
6839;5;50
6840;5;50
6841;5;50
6842;5;50
6843;5;50
6844;5;50
6845;5;50
6846;5;50
6847;5;50
6848;5;50
6849;5;50
6850;5;50
6851;5;50
6852;5;50
6853;5;50
6854;5;50
6855;5;50
6856;5;50
6857;5;50
6858;5;50
6859;5;50
6860;5;50
6861;5;50
6862;5;50
6863;5;50
6864;5;50
6865;5;50
6866;5;50
6867;5;50
6868;5;50
6869;5;50
6870;5;50
6871;5;50
6872;5;50
6873;5;50
6874;5;50
6875;5;50
6876;5;50
6877;5;50
6878;5;50
6879;5;50
6880;5;50
6881;5;50
6882;5;50
6883;5;50
6884;5;50
6885;5;50
6886;5;50
6887;5;50
6888;5;50
6889;5;50
6890;5;50
6891;5;50
6892;5;50
6893;5;50
6894;5;50
6895;5;50
6896;5;50
6897;5;50
6898;5;50
6899;5;50
6900;5;50
6901;5;50
6902;5;50
6903;5;50
6904;5;50
6905;5;50
6906;5;50
6907;5;50
6908;5;50
6909;5;50
6910;5;50
6911;5;50
6912;5;50
6913;5;50
6914;5;50
6915;5;50
6916;5;50
6917;5;50
6918;5;50
6919;5;50
6920;5;50
6921;5;50
6922;5;50
6923;5;50
6924;5;50
6925;5;50
6926;5;50
6927;5;50
6928;5;50
6929;5;50
6930;5;50
6931;5;50
6932;5;50
6933;5;50
6934;5;50
6935;5;50
6936;5;50
6937;5;50
6938;5;50
6939;5;50
6940;5;50
6941;5;50
6942;5;50
6943;5;50
6944;5;50
6945;5;50
6946;5;50
6947;5;50
6948;5;50
6949;5;50
6950;5;50
6951;5;50
6952;5;50
6953;5;50
6954;5;50
6955;5;50
6956;5;50
6957;5;50
6958;5;50
6959;5;50
6960;5;50
6961;5;50
6962;5;50
6963;5;50
6964;5;50
6965;5;50
6966;5;50
6967;5;50
6968;5;50
6969;5;50
6970;5;50
6971;5;50
6972;5;50
6973;5;50
6974;5;50
6975;5;50
6976;5;50
6977;5;50
6978;5;50
6979;5;50
6980;5;50
6981;5;50
6982;5;50
6983;5;50
6984;5;50
6985;4,324291;50
6986;3,2905665;50
6987;2,7981425;50
6988;2,6099705;50
6989;2,534213;50
6990;2,5048875;50
6991;2,4926685;50
6992;2,487781;50
6993;2,485337;50
6994;2,482893;50
6995;2,482893;50
6996;2,482893;50
6997;2,482893;50
6998;2,482893;50
6999;2,482893;50
7000;2,482893;50
7001;2,482893;50
7002;2,482893;50
7003;2,482893;50
7004;2,482893;50
7005;2,482893;50
7006;2,482893;50
7007;2,482893;50
7008;2,482893;50
7009;2,482893;50
7010;2,482893;50
7011;2,482893;50
7012;2,482893;50
7013;2,482893;50
7014;2,482893;50
7015;2,482893;50
7016;2,482893;50
7017;2,482893;50
7018;2,482893;50
7019;2,482893;50
7020;2,482893;50
7021;2,482893;50
7022;2,482893;50
7023;2,4816715;50
7024;2,4816715;50
7025;2,482893;50
7026;2,482893;50
7027;2,482893;50
7028;2,482893;50
7029;2,482893;50
7030;2,482893;50
7031;2,482893;50
7032;2,482893;50
7033;2,482893;50
7034;2,482893;50
7035;2,482893;50
7036;2,482893;50
7037;2,482893;50
7038;2,482893;50
7039;2,482893;50
7040;2,482893;50
7041;2,482893;50
7042;2,482893;50
7043;2,482893;50
7044;2,482893;50
7045;2,482893;50
7046;2,482893;50
7047;2,482893;50
7048;2,482893;50
7049;2,482893;50
7050;2,482893;50
7051;2,4816715;50
7052;2,4816715;50
7053;2,482893;50
7054;2,482893;50
7055;2,482893;50
7056;2,482893;50
7057;2,482893;50
7058;2,482893;50
7059;2,482893;50
7060;2,482893;50
7061;2,482893;50
7062;2,482893;50
7063;2,482893;50
7064;2,482893;50
7065;2,482893;50
7066;2,482893;50
7067;2,482893;50
7068;2,482893;50
7069;2,482893;50
7070;2,482893;50
7071;2,482893;50
7072;2,482893;50
7073;2,4816715;50
7074;2,4816715;50
7075;2,482893;50
7076;2,482893;50
7077;2,482893;50
7078;2,482893;50
7079;2,482893;50
7080;2,482893;50
7081;2,482893;50
7082;2,482893;50
7083;2,482893;50
7084;2,482893;50
7085;2,482893;50
7086;2,482893;50
7087;2,482893;50
7088;2,482893;50
7089;2,482893;50
7090;2,482893;50
7091;2,482893;50
7092;2,482893;50
7093;2,482893;50
7094;2,482893;50
7095;2,482893;50
7096;2,482893;50
7097;2,482893;50
7098;2,4816715;50
7099;2,4816715;50
7100;2,482893;50
7101;2,482893;50
7102;2,482893;50
7103;2,482893;50
7104;2,482893;50
7105;2,482893;50
7106;2,482893;50
7107;2,482893;50
7108;2,482893;50
7109;2,482893;50
7110;2,482893;50
7111;2,482893;50
7112;2,482893;50
7113;2,482893;50
7114;2,482893;50
7115;2,482893;50
7116;2,482893;50
7117;2,482893;50
7118;2,482893;50
7119;2,482893;50
7120;2,482893;50
7121;2,482893;50
7122;2,482893;50
7123;2,482893;50
7124;2,482893;50
7125;2,482893;50
7126;2,482893;50
7127;2,482893;50
7128;2,482893;50
7129;2,482893;50
7130;2,482893;50
7131;2,482893;50
7132;2,482893;50
7133;2,482893;50
7134;2,482893;50
7135;2,482893;50
7136;2,482893;50
7137;2,482893;50
7138;2,482893;50
7139;2,482893;50
7140;2,482893;50
7141;2,482893;50
7142;2,482893;50
7143;2,482893;50
7144;2,482893;50
7145;2,482893;50
7146;2,482893;50
7147;2,482893;50
7148;2,482893;50
7149;2,482893;50
7150;2,4816715;50
7151;2,4816715;50
7152;2,482893;50
7153;2,482893;50
7154;2,482893;50
7155;2,482893;50
7156;2,482893;50
7157;2,482893;50
7158;2,482893;50
7159;2,482893;50
7160;2,482893;50
7161;2,482893;50
7162;2,482893;50
7163;2,482893;50
7164;2,482893;50
7165;2,482893;50
7166;2,482893;50
7167;2,482893;50
7168;2,482893;50
7169;2,482893;50
7170;2,482893;50
7171;2,482893;50
7172;2,482893;50
7173;2,482893;50
7174;2,482893;50
7175;2,4816715;50
7176;2,4816715;50
7177;2,482893;50
7178;2,482893;50
7179;2,482893;50
7180;2,482893;50
7181;2,482893;50
7182;2,482893;50
7183;2,482893;50
7184;2,482893;50
7185;2,482893;50
7186;2,482893;50
7187;2,482893;50
7188;2,482893;50
7189;2,482893;50
7190;2,482893;50
7191;2,482893;50
7192;2,482893;50
7193;2,482893;50
7194;2,482893;50
7195;2,482893;50
7196;2,482893;50
7197;2,482893;50
7198;2,482893;50
7199;2,482893;50
7200;2,4816715;50
7201;2,4816715;50
7202;2,482893;50
7203;2,482893;50
7204;2,482893;50
7205;2,482893;50
7206;2,482893;50
7207;2,482893;50
7208;2,482893;50
7209;2,482893;50
7210;2,482893;50
7211;2,482893;50
7212;2,482893;50
7213;2,482893;50
7214;2,482893;50
7215;2,482893;50
7216;2,482893;50
7217;2,482893;50
7218;2,482893;50
7219;2,482893;50
7220;2,482893;50
7221;2,482893;50
7222;2,4816715;50
7223;2,4816715;50
7224;2,4816715;50
7225;2,4816715;50
7226;2,482893;50
7227;2,482893;50
7228;2,482893;50
7229;2,482893;50
7230;2,482893;50
7231;2,482893;50
7232;2,482893;50
7233;2,482893;50
7234;2,482893;50
7235;2,482893;50
7236;2,482893;50
7237;2,482893;50
7238;2,482893;50
7239;2,482893;50
7240;2,482893;50
7241;2,482893;50
7242;2,482893;50
7243;2,482893;50
7244;2,482893;50
7245;2,482893;50
7246;2,482893;50
7247;2,482893;50
7248;2,482893;50
7249;2,482893;50
7250;2,4816715;50
7251;2,4816715;50
7252;2,482893;50
7253;2,482893;50
7254;2,482893;50
7255;2,482893;50
7256;2,482893;50
7257;2,482893;50
7258;2,482893;50
7259;2,482893;50
7260;2,482893;50
7261;2,482893;50
7262;2,482893;50
7263;2,482893;50
7264;2,482893;50
7265;2,482893;50
7266;2,482893;50
7267;2,482893;50
7268;2,482893;50
7269;2,482893;50
7270;2,482893;50
7271;2,482893;50
7272;2,4816715;50
7273;2,4816715;50
7274;2,482893;50
7275;2,4816715;50
7276;2,4816715;50
7277;2,482893;50
7278;2,482893;50
7279;2,482893;50
7280;2,482893;50
7281;2,482893;50
7282;2,482893;50
7283;2,482893;50
7284;2,482893;50
7285;2,482893;50
7286;2,482893;50
7287;2,482893;50
7288;2,482893;50
7289;2,482893;50
7290;2,482893;50
7291;2,482893;50
7292;2,482893;50
7293;2,482893;50
7294;2,482893;50
7295;2,482893;50
7296;2,482893;50
7297;2,482893;50
7298;2,482893;50
7299;2,482893;50
7300;2,4816715;50
7301;2,4816715;50
7302;2,482893;50
7303;2,482893;50
7304;2,482893;50
7305;2,482893;50
7306;2,482893;50
7307;2,482893;50
7308;2,482893;50
7309;2,482893;50
7310;2,482893;50
7311;2,482893;50
7312;2,482893;50
7313;2,482893;50
7314;2,482893;50
7315;2,482893;50
7316;2,5048875;50
7317;3,020528;50
7318;3,8000975;50
7319;4,2583085;50
7320;4,539345;50
7321;4,7140765;50
7322;4,8216035;50
7323;4,8888075;50
7324;4,92913;50
7325;4,953568;50
7326;4,9694525;50
7327;4,9792275;50
7328;4,986559;50
7329;4,991447;50
7330;4,993891;50
7331;4,995113;50
7332;4,995113;50
7333;4,995113;50
7334;4,9963345;50
7335;4,998778;50
7336;4,998778;50
7337;4,998778;50
7338;5;50
7339;5;50
7340;5;50
7341;5;50
7342;5;50
7343;5;50
7344;5;50
7345;5;50
7346;5;50
7347;5;50
7348;5;50
7349;5;50
7350;5;50
7351;5;50
7352;5;50
7353;5;50
7354;5;50
7355;5;50
7356;5;50
7357;5;50
7358;5;50
7359;5;50
7360;5;50
7361;5;50
7362;5;50
7363;5;50
7364;5;50
7365;5;50
7366;5;50
7367;5;50
7368;5;50
7369;5;50
7370;5;50
7371;5;50
7372;5;50
7373;5;50
7374;5;50
7375;5;50
7376;5;50
7377;5;50
7378;5;50
7379;5;50
7380;5;50
7381;5;50
7382;5;50
7383;5;50
7384;5;50
7385;5;50
7386;5;50
7387;5;50
7388;5;50
7389;5;50
7390;5;50
7391;5;50
7392;5;50
7393;5;50
7394;5;50
7395;5;50
7396;5;50
7397;5;50
7398;5;50
7399;5;50
7400;5;50
7401;5;50
7402;5;50
7403;5;50
7404;5;50
7405;5;50
7406;5;50
7407;5;50
7408;5;50
7409;5;50
7410;5;50
7411;5;50
7412;5;50
7413;5;50
7414;5;50
7415;5;50
7416;5;50
7417;5;50
7418;5;50
7419;5;50
7420;5;50
7421;5;50
7422;5;50
7423;5;50
7424;5;50
7425;5;50
7426;5;50
7427;5;50
7428;5;50
7429;5;50
7430;5;50
7431;5;50
7432;5;50
7433;5;50
7434;5;50
7435;5;50
7436;5;50
7437;5;50
7438;5;50
7439;5;50
7440;5;50
7441;5;50
7442;5;50
7443;5;50
7444;5;50
7445;5;50
7446;5;50
7447;5;50
7448;5;50
7449;5;50
7450;5;50
7451;5;50
7452;5;50
7453;5;50
7454;5;50
7455;5;50
7456;5;50
7457;5;50
7458;5;50
7459;5;50
7460;5;50
7461;5;50
7462;5;50
7463;5;50
7464;5;50
7465;5;50
7466;5;50
7467;5;50
7468;5;50
7469;5;50
7470;5;50
7471;5;50
7472;5;50
7473;5;50
7474;5;50
7475;5;50
7476;5;50
7477;5;50
7478;5;50
7479;5;50
7480;5;50
7481;5;50
7482;5;50
7483;5;50
7484;5;50
7485;5;50
7486;5;50
7487;5;50
7488;5;50
7489;5;50
7490;5;50
7491;5;50
7492;5;50
7493;5;50
7494;5;50
7495;5;50
7496;5;50
7497;5;50
7498;5;50
7499;5;50
7500;5;50
7501;5;50
7502;5;50
7503;5;50
7504;5;50
7505;5;50
7506;5;50
7507;5;50
7508;5;50
7509;5;50
7510;5;50
7511;5;50
7512;5;50
7513;5;50
7514;5;50
7515;5;50
7516;5;50
7517;5;50
7518;5;50
7519;5;50
7520;5;50
7521;5;50
7522;5;50
7523;5;50
7524;5;50
7525;5;50
7526;5;50
7527;5;50
7528;5;50
7529;5;50
7530;5;50
7531;5;50
7532;5;50
7533;5;50
7534;5;50
7535;5;50
7536;5;50
7537;5;50
7538;5;50
7539;5;50
7540;5;50
7541;5;50
7542;5;50
7543;5;50
7544;5;50
7545;5;50
7546;5;50
7547;5;50
7548;5;50
7549;5;50
7550;5;50
7551;5;50
7552;5;50
7553;5;50
7554;5;50
7555;5;50
7556;5;50
7557;5;50
7558;5;50
7559;5;50
7560;5;50
7561;5;50
7562;5;50
7563;5;50
7564;5;50
7565;5;50
7566;5;50
7567;5;50
7568;5;50
7569;5;50
7570;5;50
7571;5;50
7572;5;50
7573;5;50
7574;5;50
7575;5;50
7576;5;50
7577;5;50
7578;5;50
7579;5;50
7580;5;50
7581;5;50
7582;5;50
7583;5;50
7584;5;50
7585;5;50
7586;5;50
7587;5;50
7588;5;50
7589;5;50
7590;5;50
7591;5;50
7592;5;50
7593;5;50
7594;5;50
7595;5;50
7596;5;50
7597;5;50
7598;5;50
7599;5;50
7600;5;50
7601;5;50
7602;5;50
7603;5;50
7604;5;50
7605;5;50
7606;5;50
7607;5;50
7608;5;50
7609;5;50
7610;5;50
7611;5;50
7612;5;50
7613;5;50
7614;5;50
7615;5;50
7616;5;50
7617;5;50
7618;5;50
7619;5;50
7620;5;50
7621;5;50
7622;5;50
7623;5;50
7624;5;50
7625;5;50
7626;5;50
7627;5;50
7628;5;50
7629;5;50
7630;5;50
7631;5;50
7632;5;50
7633;5;50
7634;5;50
7635;5;50
7636;5;50
7637;5;50
7638;5;50
7639;5;50
7640;5;50
7641;5;50
7642;5;50
7643;5;50
7644;5;50
7645;5;50
7646;5;50
7647;5;50
7648;5;50
7649;5;50
7650;5;50
7651;5;50
7652;5;50
7653;5;50
7654;5;50
7655;5;50
7656;5;50
7657;5;50
7658;5;50
7659;5;50
7660;5;50
7661;5;50
7662;5;50
7663;5;50
7664;5;50
7665;5;50
7666;5;50
7667;5;50
7668;5;50
7669;5;50
7670;5;50
7671;5;50
7672;5;50
7673;5;50
7674;5;50
7675;5;50
7676;5;50
7677;5;50
7678;5;50
7679;5;50
7680;5;50
7681;5;50
7682;5;50
7683;5;50
7684;5;50
7685;5;50
7686;5;50
7687;5;50
7688;5;50
7689;5;50
7690;5;50
7691;5;50
7692;5;50
7693;5;50
7694;5;50
7695;5;50
7696;5;50
7697;5;50
7698;5;50
7699;5;50
7700;5;50
7701;5;50
7702;5;50
7703;5;50
7704;5;50
7705;5;50
7706;5;50
7707;5;50
7708;5;50
7709;5;50
7710;5;50
7711;5;50
7712;5;50
7713;5;50
7714;5;50
7715;5;50
7716;5;50
7717;5;50
7718;5;50
7719;5;50
7720;5;50
7721;5;50
7722;5;50
7723;5;50
7724;5;50
7725;5;50
7726;5;50
7727;5;50
7728;5;50
7729;5;50
7730;5;50
7731;5;50
7732;5;50
7733;5;50
7734;5;50
7735;5;50
7736;5;50
7737;5;50
7738;5;50
7739;5;50
7740;5;50
7741;5;50
7742;5;50
7743;5;50
7744;5;50
7745;5;50
7746;5;50
7747;5;50
7748;5;50
7749;5;50
7750;5;50
7751;5;50
7752;5;50
7753;5;50
7754;5;50
7755;5;50
7756;5;50
7757;5;50
7758;5;50
7759;5;50
7760;5;50
7761;5;50
7762;5;50
7763;5;50
7764;5;50
7765;5;50
7766;5;50
7767;5;50
7768;5;50
7769;5;50
7770;5;50
7771;5;50
7772;5;50
7773;5;50
7774;5;50
7775;5;50
7776;5;50
7777;5;50
7778;5;50
7779;5;50
7780;5;50
7781;5;50
7782;5;50
7783;5;50
7784;5;50
7785;5;50
7786;5;50
7787;5;50
7788;5;50
7789;5;50
7790;5;50
7791;5;50
7792;5;50
7793;5;50
7794;5;50
7795;5;50
7796;5;50
7797;5;50
7798;5;50
7799;5;50
7800;5;50
7801;5;50
7802;5;50
7803;5;50
7804;5;50
7805;5;50
7806;5;50
7807;5;50
7808;5;50
7809;5;50
7810;5;50
7811;5;50
7812;5;50
7813;5;50
7814;5;50
7815;5;50
7816;5;50
7817;5;50
7818;5;50
7819;5;50
7820;5;50
7821;5;50
7822;5;50
7823;5;50
7824;5;50
7825;5;50
7826;5;50
7827;5;50
7828;5;50
7829;5;50
7830;5;50
7831;5;50
7832;5;50
7833;5;50
7834;5;50
7835;5;50
7836;5;50
7837;5;50
7838;5;50
7839;5;50
7840;5;50
7841;5;50
7842;5;50
7843;5;50
7844;5;50
7845;5;50
7846;5;50
7847;5;50
7848;5;50
7849;5;50
7850;5;50
7851;5;50
7852;5;50
7853;5;50
7854;5;50
7855;5;50
7856;5;50
7857;5;50
7858;5;50
7859;5;50
7860;5;50
7861;5;50
7862;5;50
7863;5;50
7864;5;50
7865;5;50
7866;5;50
7867;5;50
7868;5;50
7869;5;50
7870;5;50
7871;5;50
7872;5;50
7873;5;50
7874;5;50
7875;5;50
7876;5;50
7877;5;50
7878;5;50
7879;5;50
7880;5;50
7881;5;50
7882;5;50
7883;5;50
7884;5;50
7885;5;50
7886;5;50
7887;5;50
7888;5;50
7889;5;50
7890;5;50
7891;5;50
7892;5;50
7893;5;50
7894;5;50
7895;5;50
7896;5;50
7897;5;50
7898;5;50
7899;5;50
7900;5;50
7901;5;50
7902;5;50
7903;5;50
7904;5;50
7905;5;50
7906;5;50
7907;5;50
7908;5;50
7909;5;50
7910;5;50
7911;5;50
7912;5;50
7913;5;50
7914;5;50
7915;5;50
7916;5;50
7917;5;50
7918;5;50
7919;5;50
7920;5;50
7921;5;50
7922;5;50
7923;5;50
7924;5;50
7925;5;50
7926;5;50
7927;5;50
7928;5;50
7929;5;50
7930;5;50
7931;5;50
7932;5;50
7933;5;50
7934;5;50
7935;5;50
7936;5;50
7937;5;50
7938;5;50
7939;5;50
7940;5;50
7941;5;50
7942;5;50
7943;5;50
7944;5;50
7945;5;50
7946;5;50
7947;5;50
7948;5;50
7949;5;50
7950;5;50
7951;5;50
7952;5;50
7953;5;50
7954;5;50
7955;5;50
7956;5;50
7957;5;50
7958;5;50
7959;5;50
7960;5;50
7961;5;50
7962;5;50
7963;5;50
7964;5;50
7965;5;50
7966;5;50
7967;5;50
7968;5;50
7969;5;50
7970;5;50
7971;5;50
7972;5;50
7973;5;50
7974;5;50
7975;5;50
7976;5;50
7977;5;50
7978;5;50
7979;5;50
7980;5;50
7981;5;50
7982;5;50
7983;5;50
7984;5;50
7985;5;50
7986;5;50
7987;5;50
7988;5;50
7989;5;50
7990;5;50
7991;5;50
7992;5;50
7993;5;50
7994;5;50
7995;5;50
7996;5;50
7997;5;50
7998;5;50
7999;5;50
8000;5;50
8001;5;50
8002;5;50
8003;5;50
8004;5;50
8005;5;50
8006;5;50
8007;5;50
8008;5;50
8009;5;50
8010;5;50
8011;5;50
8012;5;50
8013;5;50
8014;5;50
8015;5;50
8016;5;50
8017;5;50
8018;5;50
8019;5;50
8020;5;50
8021;5;50
8022;5;50
8023;5;50
8024;5;50
8025;5;50
8026;5;50
8027;5;50
8028;5;50
8029;5;50
8030;5;50
8031;5;50
8032;5;50
8033;5;50
8034;5;50
8035;5;50
8036;5;50
8037;5;50
8038;5;50
8039;5;50
8040;5;50
8041;5;50
8042;5;50
8043;5;50
8044;5;50
8045;5;50
8046;5;50
8047;5;50
8048;5;50
8049;5;50
8050;5;50
8051;5;50
8052;5;50
8053;5;50
8054;5;50
8055;5;50
8056;5;50
8057;5;50
8058;5;50
8059;5;50
8060;5;50
8061;5;50
8062;5;50
8063;5;50
8064;5;50
8065;5;50
8066;5;50
8067;5;50
8068;5;50
8069;5;50
8070;5;50
8071;5;50
8072;5;50
8073;5;50
8074;5;50
8075;5;50
8076;5;50
8077;5;50
8078;5;50
8079;5;50
8080;5;50
8081;5;50
8082;5;50
8083;5;50
8084;5;50
8085;5;50
8086;5;50
8087;5;50
8088;5;50
8089;5;50
8090;5;50
8091;5;50
8092;5;50
8093;5;50
8094;5;50
8095;5;50
8096;5;50
8097;5;50
8098;5;50
8099;5;50
8100;5;50
8101;5;50
8102;5;50
8103;5;50
8104;5;50
8105;5;50
8106;5;50
8107;5;50
8108;5;50
8109;5;50
8110;5;50
8111;5;50
8112;5;50
8113;5;50
8114;5;50
8115;5;50
8116;5;50
8117;5;50
8118;5;50
8119;5;50
8120;5;50
8121;5;50
8122;5;50
8123;5;50
8124;5;50
8125;5;50
8126;5;50
8127;5;50
8128;5;50
8129;5;50
8130;5;50
8131;5;50
8132;5;50
8133;5;50
8134;5;50
8135;5;50
8136;5;50
8137;5;50
8138;5;50
8139;5;50
8140;5;50
8141;5;50
8142;5;50
8143;5;50
8144;5;50
8145;5;50
8146;5;50
8147;5;50
8148;5;50
8149;5;50
8150;5;50
8151;5;50
8152;5;50
8153;5;50
8154;5;50
8155;5;50
8156;5;50
8157;5;50
8158;5;50
8159;5;50
8160;5;50
8161;5;50
8162;5;50
8163;5;50
8164;5;50
8165;5;50
8166;5;50
8167;5;50
8168;5;50
8169;5;50
8170;5;50
8171;5;50
8172;5;50
8173;5;50
8174;5;50
8175;5;50
8176;5;50
8177;5;50
8178;5;50
8179;5;50
8180;5;50
8181;5;50
8182;5;50
8183;5;50
8184;5;50
8185;5;50
8186;5;50
8187;5;50
8188;5;50
8189;5;50
8190;5;50
8191;5;50
8192;5;50
8193;5;50
8194;5;50
8195;5;50
8196;5;50
8197;5;50
8198;5;50
8199;5;50
8200;5;50
8201;5;50
8202;5;50
8203;5;50
8204;5;50
8205;5;50
8206;5;50
8207;5;50
8208;5;50
8209;5;50
8210;5;50
8211;5;50
8212;5;50
8213;4,9963345;50
8214;4,9694525;50
8215;4,94868;50
8216;4,951124;50
8217;4,9462365;50
8218;4,9340175;50
8219;4,916911;50
8220;4,8998045;50
8221;4,880254;50
8222;4,85826;50
8223;4,836266;50
8224;4,8142715;50
8225;4,7922775;50
8226;4,7690615;50
8227;4,747067;50
8228;4,723851;50
8229;4,701857;50
8230;4,679863;50
8231;4,657869;50
8232;4,6383185;50
8233;4,618768;50
8234;4,599218;50
8235;4,5784455;50
8236;4,558895;50
8237;4,540567;50
8238;4,5210165;50
8239;4,50391;50
8240;4,4868035;50
8241;4,466031;50
8242;4,446481;50
8243;4,4281525;50
8244;4,408602;50
8245;4,389052;50
8246;4,3695015;50
8247;4,349951;50
8248;4,3328445;50
8249;4,315738;50
8250;4,296188;50
8251;4,2778595;50
8252;4,2607525;50
8253;4,242424;50
8254;4,2277615;50
8255;4,221652;50
8256;4,2167645;50
8257;4,208211;50
8258;4,1984355;50
8259;4,1886605;50
8260;4,1788855;50
8261;4,1691105;50
8262;4,1581135;50
8263;4,1458945;50
8264;4,1348975;50
8265;4,1226785;50
8266;4,1104595;50
8267;4,0982405;50
8268;4,0860215;50
8269;4,0738025;50
8270;4,0591395;50
8271;4,042033;50
8272;4,022483;50
8273;4,0041545;50
8274;3,987048;50
8275;3,9711635;50
8276;3,9589445;50
8277;3,9479475;50
8278;3,9357285;50
8279;3,9222875;50
8280;3,9076245;50
8281;3,8929615;50
8282;3,8819645;50
8283;3,8746335;50
8284;3,870968;50
8285;3,870968;50
8286;3,8734115;50
8287;3,877077;50
8288;3,878299;50
8289;3,875855;50
8290;3,8721895;50
8291;3,8978495;50
8292;3,9687195;50
8293;4,0298145;50
8294;4,044477;50
8295;4,0615835;50
8296;4,090909;50
8297;4,163001;50
8298;4,3841645;50
8299;4,635875;50
8300;4,7837245;50
8301;4,870479;50
8302;4,9217985;50
8303;4,953568;50
8304;4,9731185;50
8305;4,9828935;50
8306;4,987781;50
8307;4,992669;50
8308;4,9963345;50
8309;4,998778;50
8310;5;50
8311;5;50
8312;5;50
8313;5;50
8314;5;50
8315;5;50
8316;5;50
8317;5;50
8318;5;50
8319;5;50
8320;5;50
8321;5;50
8322;5;50
8323;5;50
8324;5;50
8325;5;50
8326;5;50
8327;5;50
8328;5;50
8329;5;50
8330;5;50
8331;5;50
8332;5;50
8333;5;50
8334;5;50
8335;5;50
8336;5;50
8337;5;50
8338;5;50
8339;5;50
8340;5;50
8341;5;50
8342;5;50
8343;5;50
8344;5;50
8345;5;50
8346;5;50
8347;5;50
8348;5;50
8349;5;50
8350;5;50
8351;5;50
8352;5;50
8353;5;50
8354;5;50
8355;5;50
8356;5;50
8357;5;50
8358;5;50
8359;5;50
8360;5;50
8361;5;50
8362;5;50
8363;5;50
8364;5;50
8365;5;50
8366;5;50
8367;5;50
8368;5;50
8369;5;50
8370;5;50
8371;5;50
8372;5;50
8373;5;50
8374;5;50
8375;5;50
8376;5;50
8377;5;50
8378;5;50
8379;5;50
8380;5;50
8381;5;50
8382;5;50
8383;5;50
8384;5;50
8385;5;50
8386;5;50
8387;5;50
8388;5;50
8389;5;50
8390;5;50
8391;5;50
8392;5;50
8393;5;50
8394;5;50
8395;5;50
8396;5;50
8397;5;50
8398;5;50
8399;5;50
8400;5;50
8401;5;50
8402;5;50
8403;5;50
8404;5;50
8405;5;50
8406;5;50
8407;5;50
8408;5;50
8409;5;50
8410;5;50
8411;5;50
8412;5;50
8413;5;50
8414;5;50
8415;5;50
8416;5;50
8417;5;50
8418;5;50
8419;5;50
8420;5;50
8421;5;50
8422;5;50
8423;5;50
8424;5;50
8425;5;50
8426;5;50
8427;5;50
8428;5;50
8429;5;50
8430;5;50
8431;5;50
8432;5;50
8433;5;50
8434;5;50
8435;5;50
8436;5;50
8437;5;50
8438;5;50
8439;4,907136;50
8440;4,0762465;50
8441;3,0816225;50
8442;2,722385;50
8443;2,5806455;50
8444;2,5439885;50
8445;2,5268815;50
8446;2,501222;50
8447;2,491447;50
8448;2,487781;50
8449;2,487781;50
8450;2,486559;50
8451;2,484115;50
8452;2,482893;50
8453;2,482893;50
8454;2,482893;50
8455;2,482893;50
8456;2,482893;50
8457;2,482893;50
8458;2,482893;50
8459;2,482893;50
8460;2,482893;50
8461;2,482893;50
8462;2,482893;50
8463;2,482893;50
8464;2,482893;50
8465;2,482893;50
8466;2,482893;50
8467;2,482893;50
8468;2,482893;50
8469;2,482893;50
8470;2,482893;50
8471;2,482893;50
8472;2,482893;50
8473;2,482893;50
8474;2,482893;50
8475;2,482893;50
8476;2,482893;50
8477;2,482893;50
8478;2,482893;50
8479;2,482893;50
8480;2,482893;50
8481;2,482893;50
8482;2,482893;50
8483;2,482893;50
8484;2,482893;50
8485;2,482893;50
8486;2,482893;50
8487;2,482893;50
8488;2,482893;50
8489;2,482893;50
8490;2,482893;50
8491;2,482893;50
8492;2,482893;50
8493;2,482893;50
8494;2,482893;50
8495;2,482893;50
8496;2,482893;50
8497;2,482893;50
8498;2,482893;50
8499;2,482893;50
8500;2,482893;50
8501;2,482893;50
8502;2,482893;50
8503;2,482893;50
8504;2,8702345;50
8505;3,600929;50
8506;4,1495605;50
8507;4,4782505;50
8508;4,6786415;50
8509;4,802053;50
8510;4,8778105;50
8511;4,9242425;50
8512;4,951124;50
8513;4,9682305;50
8514;4,9804495;50
8515;4,987781;50
8516;4,991447;50
8517;4,993891;50
8518;4,995113;50
8519;4,9963345;50
8520;4,998778;50
8521;5;50
8522;5;50
8523;5;50
8524;5;50
8525;5;50
8526;5;50
8527;5;50
8528;5;50
8529;5;50
8530;5;50
8531;5;50
8532;5;50
8533;5;50
8534;5;50
8535;5;50
8536;5;50
8537;5;50
8538;5;50
8539;5;50
8540;5;50
8541;5;50
8542;5;50
8543;5;50
8544;5;50
8545;5;50
8546;5;50
8547;5;50
8548;5;50
8549;5;50
8550;5;50
8551;5;50
8552;5;50
8553;5;50
8554;5;50
8555;5;50
8556;5;50
8557;5;50
8558;5;50
8559;5;50
8560;5;50
8561;5;50
8562;5;50
8563;5;50
8564;5;50
8565;5;50
8566;5;50
8567;5;50
8568;5;50
8569;5;50
8570;5;50
8571;5;50
8572;5;50
8573;5;50
8574;5;50
8575;5;50
8576;5;50
8577;5;50
8578;5;50
8579;5;50
8580;5;50
8581;5;50
8582;5;50
8583;5;50
8584;5;50
8585;5;50
8586;5;50
8587;5;50
8588;5;50
8589;5;50
8590;5;50
8591;5;50
8592;5;50
8593;5;50
8594;5;50
8595;5;50
8596;5;50
8597;5;50
8598;5;50
8599;5;50
8600;5;50
8601;5;50
8602;5;50
8603;5;50
8604;5;50
8605;5;50
8606;5;50
8607;5;50
8608;5;50
8609;5;50
8610;5;50
8611;5;50
8612;5;50
8613;5;50
8614;5;50
8615;5;50
8616;5;50
8617;5;50
8618;5;50
8619;5;50
8620;5;50
8621;5;50
8622;5;50
8623;5;50
8624;5;50
8625;5;50
8626;5;50
8627;5;50
8628;5;50
8629;5;50
8630;5;50
8631;5;50
8632;5;50
8633;5;50
8634;5;50
8635;5;50
8636;5;50
8637;5;50
8638;5;50
8639;5;50
8640;5;50
8641;5;50
8642;4,9975565;50
8643;4,9865595;50
8644;4,967009;50
8645;4,9486805;50
8646;4,9315735;50
8647;4,9169105;50
8648;4,9071355;50
8649;4,890029;50
8650;4,8631475;50
8651;4,833822;50
8652;4,78739;50
8653;4,732405;50
8654;4,685973;50
8655;4,6383185;50
8656;4,59433;50
8657;4,560117;50
8658;4,535679;50
8659;4,5210165;50
8660;4,5112415;50
8661;4,502688;50
8662;4,492913;50
8663;4,4770285;50
8664;4,4648095;50
8665;4,459922;50
8666;4,455034;50
8667;4,451368;50
8668;4,4464805;50
8669;4,4379275;50
8670;4,4269305;50
8671;4,4122675;50
8672;4,396383;50
8673;4,379277;50
8674;4,3609485;50
8675;4,353617;50
8676;4,3475075;50
8677;4,3328445;50
8678;4,31696;50
8679;4,2998535;50
8680;4,2839685;50
8681;4,266862;50
8682;4,2485335;50
8683;4,231427;50
8684;4,2155425;50
8685;4,2008795;50
8686;4,1886605;50
8687;4,186217;50
8688;4,1935485;50
8689;4,2008795;50
8690;4,205767;50
8691;4,205767;50
8692;4,197214;50
8693;4,1825515;50
8694;4,1666665;50
8695;4,14956;50
8696;4,1300095;50
8697;4,110459;50
8698;4,088465;50
8699;4,067693;50
8700;4,048143;50
8701;4,0273705;50
8702;4,00782;50
8703;3,987048;50
8704;3,9662755;50
8705;3,945503;50
8706;3,925953;50
8707;3,9064025;50
8708;3,886852;50
8709;3,867302;50
8710;3,8489735;50
8711;3,831867;50
8712;3,8123165;50
8713;3,79521;50
8714;3,778104;50
8715;3,7585535;50
8716;3,7414465;50
8717;3,72434;50
8718;3,7047895;50
8719;3,685239;50
8720;3,668133;50
8721;3,6510265;50
8722;3,6339195;50
8723;3,616813;50
8724;3,5997065;50
8725;3,583822;50
8726;3,5691595;50
8727;3,553275;50
8728;3,5361685;50
8729;3,5215055;50
8730;3,5068425;50
8731;3,4921795;50
8732;3,477517;50
8733;3,4628545;50
8734;3,4481915;50
8735;3,4335285;50
8736;3,4213095;50
8737;3,4090905;50
8738;3,394428;50
8739;3,3797655;50
8740;3,3663245;50
8741;3,3528835;50
8742;3,3382205;50
8743;3,323558;50
8744;3,3101175;50
8745;3,2966765;50
8746;3,2820135;50
8747;3,267351;50
8748;3,2526885;50
8749;3,2392475;50
8750;3,2258065;50
8751;3,2123655;50
8752;3,1989245;50
8753;3,1854835;50
8754;3,1732645;50
8755;3,159824;50
8756;3,147605;50
8757;3,135386;50
8758;3,1219455;50
8759;3,1097265;50
8760;3,0987295;50
8761;3,0865105;50
8762;3,0730695;50
8763;3,0608505;50
8764;3,0498535;50
8765;3,0376345;50
8766;3,0254155;50
8767;3,0131965;50
8768;3,0009775;50
8769;2,9912025;50
8770;2,9789835;50
8771;2,9667645;50
8772;2,9557675;50
8773;2,9435485;50
8774;2,9325515;50
8775;2,9215545;50
8776;2,9093355;50
8777;2,8983385;50
8778;2,888563;50
8779;2,8775655;50
8780;2,8665685;50
8781;2,8555715;50
8782;2,8445745;50
8783;2,8347995;50
8784;2,8250245;50
8785;2,8152495;50
8786;2,8054745;50
8787;2,795699;50
8788;2,7859235;50
8789;2,7761485;50
8790;2,7663735;50
8791;2,7565985;50
8792;2,746823;50
8793;2,7370475;50
8794;2,7272725;50
8795;2,7174975;50
8796;2,7077225;50
8797;2,6979475;50
8798;2,688172;50
8799;2,6783965;50
8800;2,6686215;50
8801;2,6588465;50
8802;2,6490715;50
8803;2,6392965;50
8804;2,631965;50
8805;2,6246335;50
8806;2,6148585;50
8807;2,6050835;50
8808;2,595308;50
8809;2,5867545;50
8810;2,5794235;50
8811;2,57087;50
8812;2,5610945;50
8813;2,5513195;50
8814;2,5439885;50
8815;2,536657;50
8816;2,5268815;50
8817;2,5171065;50
8818;2,5073315;50
8819;2,5;50
8820;2,4926685;50
8821;2,4828935;50
8822;2,47434;50
8823;2,4670085;50
8824;2,4584555;50
8825;2,4499025;50
8826;2,442571;50
8827;2,4340175;50
8828;2,4242425;50
8829;2,4144675;50
8830;2,407136;50
8831;2,3998045;50
8832;2,3912515;50
8833;2,38392;50
8834;2,3753665;50
8835;2,368035;50
8836;2,3607035;50
8837;2,3533725;50
8838;2,3460415;50
8839;2,33871;50
8840;2,3326;50
8841;2,3252685;50
8842;2,319159;50
8843;2,3130495;50
8844;2,3057185;50
8845;2,299609;50
8846;2,2947215;50
8847;2,288612;50
8848;2,2800585;50
8849;2,2715055;50
8850;2,262952;50
8851;2,2531765;50
8852;2,2434015;50
8853;2,2360705;50
8854;2,228739;50
8855;2,2214075;50
8856;2,2140765;50
8857;2,206745;50
8858;2,201857;50
8859;2,1945255;50
8860;2,1871945;50
8861;2,182307;50
8862;2,1774195;50
8863;2,172532;50
8864;2,1664225;50
8865;2,160313;50
8866;2,1542035;50
8867;2,148094;50
8868;2,1432065;50
8869;2,138319;50
8870;2,132209;50
8871;2,1248775;50
8872;2,11999;50
8873;2,1151025;50
8874;2,108993;50
8875;2,1041055;50
8876;2,099218;50
8877;2,0943305;50
8878;2,089443;50
8879;2,0833335;50
8880;2,076002;50
8881;2,0711145;50
8882;2,066227;50
8883;2,060117;50
8884;2,0552295;50
8885;2,050342;50
8886;2,0454545;50
8887;2,040567;50
8888;2,0356795;50
8889;2,030792;50
8890;2,0234605;50
8891;2,017351;50
8892;2,013685;50
8893;2,0087975;50
8894;2,005132;50
8895;2,001466;50
8896;1,9965785;50
8897;1,991691;50
8898;1,9868035;50
8899;1,981916;50
8900;1,9770285;50
8901;1,972141;50
8902;1,967253;50
8903;1,9623655;50
8904;1,957478;50
8905;1,9525905;50
8906;1,947703;50
8907;1,942815;50
8908;1,9379275;50
8909;1,93304;50
8910;1,9281525;50
8911;1,925709;50
8912;1,923265;50
8913;1,9183775;50
8914;1,91349;50
8915;1,909824;50
8916;1,90738;50
8917;1,9037145;50
8918;1,898827;50
8919;1,895161;50
8920;1,8927175;50
8921;1,889052;50
8922;1,884164;50
8923;1,8804985;50
8924;1,878055;50
8925;1,874389;50
8926;1,8695015;50
8927;1,864614;50
8928;1,86217;50
8929;1,859726;50
8930;1,8548385;50
8931;1,849951;50
8932;1,846285;50
8933;1,8438415;50
8934;1,840176;50
8935;1,8352885;50
8936;1,832845;50
8937;1,830401;50
8938;1,825513;50
8939;1,823069;50
8940;1,8206255;50
8941;1,81696;50
8942;1,8120725;50
8943;1,808407;50
8944;1,805963;50
8945;1,802297;50
8946;1,799853;50
8947;1,7961875;50
8948;1,7913;50
8949;1,788856;50
8950;1,7864125;50
8951;1,782747;50
8952;1,780303;50
8953;1,777859;50
8954;1,7754155;50
8955;1,77175;50
8956;1,769306;50
8957;1,766862;50
8958;1,764418;50
8959;1,7619745;50
8960;1,758309;50
8961;1,755865;50
8962;1,753421;50
8963;1,7509775;50
8964;1,748534;50
8965;1,74609;50
8966;1,743646;50
8967;1,741202;50
8968;1,7387585;50
8969;1,736315;50
8970;1,735093;50
8971;1,732649;50
8972;1,730205;50
8973;1,7277615;50
8974;1,725318;50
8975;1,722874;50
8976;1,72043;50
8977;1,7179865;50
8978;1,715543;50
8979;1,713099;50
8980;1,710655;50
8981;1,708211;50
8982;1,705767;50
8983;1,704545;50
8984;1,7021015;50
8985;1,699658;50
8986;1,697214;50
8987;1,69477;50
8988;1,692326;50
8989;1,691104;50
8990;1,6886605;50
8991;1,686217;50
8992;1,686217;50
8993;1,683773;50
8994;1,681329;50
8995;1,6788855;50
8996;1,676442;50
8997;1,676442;50
8998;1,673998;50
8999;1,671554;50
9000;1,6691105;50
9001;1,666667;50
9002;1,664223;50
9003;1,661779;50
9004;1,660557;50
9005;1,658113;50
9006;1,656891;50
9007;1,656891;50
9008;1,6544475;50
9009;1,652004;50
9010;1,652004;50
9011;1,650782;50
9012;1,648338;50
9013;1,647116;50
9014;1,645894;50
9015;1,6434505;50
9016;1,642229;50
9017;1,642229;50
9018;1,641007;50
9019;1,638563;50
9020;1,637341;50
9021;1,636119;50
9022;1,6336755;50
9023;1,631232;50
9024;1,628788;50
9025;1,627566;50
9026;1,626344;50
9027;1,6239;50
9028;1,622678;50
9029;1,622678;50
9030;1,6214565;50
9031;1,619013;50
9032;1,617791;50
9033;1,617791;50
9034;1,615347;50
9035;1,612903;50
9036;1,611681;50
9037;1,611681;50
9038;1,6104595;50
9039;1,608016;50
9040;1,608016;50
9041;1,605572;50
9042;1,603128;50
9043;1,603128;50
9044;1,603128;50
9045;1,600684;50
9046;1,59824;50
9047;1,59824;50
9048;1,5970185;50
9049;1,595797;50
9050;1,594575;50
9051;1,593353;50
9052;1,593353;50
9053;1,592131;50
9054;1,589687;50
9055;1,588465;50
9056;1,588465;50
9057;1,588465;50
9058;1,587243;50
9059;1,5847995;50
9060;1,583578;50
9061;1,583578;50
9062;1,581134;50
9063;1,579912;50
9064;1,579912;50
9065;1,577468;50
9066;1,5750245;50
9067;1,573803;50
9068;1,573803;50
9069;1,572581;50
9070;1,570137;50
9071;1,568915;50
9072;1,568915;50
9073;1,567693;50
9074;1,565249;50
9075;1,564027;50
9076;1,564027;50
9077;1,564027;50
9078;1,564027;50
9079;1,564027;50
9080;1,564027;50
9081;1,5628055;50
9082;1,561584;50
9083;1,560362;50
9084;1,55914;50
9085;1,55914;50
9086;1,55914;50
9087;1,55914;50
9088;1,55914;50
9089;1,55914;50
9090;1,55914;50
9091;1,55914;50
9092;1,55914;50
9093;1,55914;50
9094;1,557918;50
9095;1,556696;50
9096;1,555474;50
9097;1,554252;50
9098;1,554252;50
9099;1,554252;50
9100;1,554252;50
9101;1,55303;50
9102;1,551808;50
9103;1,5505865;50
9104;1,549365;50
9105;1,549365;50
9106;1,549365;50
9107;1,548143;50
9108;1,545699;50
9109;1,544477;50
9110;1,544477;50
9111;1,544477;50
9112;1,544477;50
9113;1,542033;50
9114;1,539589;50
9115;1,539589;50
9116;1,539589;50
9117;1,539589;50
9118;1,539589;50
9119;1,539589;50
9120;1,5383675;50
9121;1,537146;50
9122;1,535924;50
9123;1,534702;50
9124;1,534702;50
9125;1,534702;50
9126;1,53348;50
9127;1,53348;50
9128;1,532258;50
9129;1,529814;50
9130;1,529814;50
9131;1,529814;50
9132;1,529814;50
9133;1,5273705;50
9134;1,526149;50
9135;1,526149;50
9136;1,524927;50
9137;1,524927;50
9138;1,524927;50
9139;1,524927;50
9140;1,524927;50
9141;1,524927;50
9142;1,523705;50
9143;1,523705;50
9144;1,523705;50
9145;1,523705;50
9146;1,523705;50
9147;1,523705;50
9148;1,524927;50
9149;1,524927;50
9150;1,524927;50
9151;1,524927;50
9152;1,524927;50
9153;1,522483;50
9154;1,520039;50
9155;1,520039;50
9156;1,518817;50
9157;1,517595;50
9158;1,516373;50
9159;1,515151;50
9160;1,515151;50
9161;1,515151;50
9162;1,515151;50
9163;1,515151;50
9164;1,515151;50
9165;1,5139295;50
9166;1,5139295;50
9167;1,515151;50
9168;1,5127075;50
9169;1,511486;50
9170;1,511486;50
9171;1,510264;50
9172;1,510264;50
9173;1,510264;50
9174;1,510264;50
9175;1,510264;50
9176;1,510264;50
9177;1,510264;50
9178;1,510264;50
9179;1,510264;50
9180;1,510264;50
9181;1,510264;50
9182;1,510264;50
9183;1,50782;50
9184;1,505376;50
9185;1,505376;50
9186;1,5041545;50
9187;1,502933;50
9188;1,501711;50
9189;1,500489;50
9190;1,500489;50
9191;1,500489;50
9192;1,500489;50
9193;1,500489;50
9194;1,499267;50
9195;1,498045;50
9196;1,498045;50
9197;1,498045;50
9198;1,496823;50
9199;1,495601;50
9200;1,495601;50
9201;1,495601;50
9202;1,495601;50
9203;1,495601;50
9204;1,495601;50
9205;1,495601;50
9206;1,495601;50
9207;1,4931575;50
9208;1,490714;50
9209;1,490714;50
9210;1,490714;50
9211;1,490714;50
9212;1,490714;50
9213;1,490714;50
9214;1,4919355;50
9215;1,494379;50
9216;1,495601;50
9217;1,495601;50
9218;1,495601;50
9219;1,495601;50
9220;1,495601;50
9221;1,495601;50
9222;1,495601;50
9223;1,495601;50
9224;1,495601;50
9225;1,495601;50
9226;1,495601;50
9227;1,496823;50
9228;1,496823;50
9229;1,495601;50
9230;1,495601;50
9231;1,495601;50
9232;1,495601;50
9233;1,495601;50
9234;1,495601;50
9235;1,495601;50
9236;1,495601;50
9237;1,495601;50
9238;1,494379;50
9239;1,494379;50
9240;1,495601;50
9241;1,495601;50
9242;1,4931575;50
9243;1,4919355;50
9244;1,4919355;50
9245;1,490714;50
9246;1,490714;50
9247;1,490714;50
9248;1,490714;50
9249;1,490714;50
9250;1,490714;50
9251;1,490714;50
9252;1,490714;50
9253;1,490714;50
9254;1,489492;50
9255;1,48827;50
9256;1,487048;50
9257;1,485826;50
9258;1,485826;50
9259;1,485826;50
9260;1,485826;50
9261;1,485826;50
9262;1,485826;50
9263;1,485826;50
9264;1,483382;50
9265;1,48216;50
9266;1,48216;50
9267;1,480938;50
9268;1,480938;50
9269;1,480938;50
9270;1,4797165;50
9271;1,4797165;50
9272;1,4784945;50
9273;1,476051;50
9274;1,476051;50
9275;1,476051;50
9276;1,476051;50
9277;1,477273;50
9278;1,477273;50
9279;1,477273;50
9280;1,477273;50
9281;1,4784945;50
9282;1,480938;50
9283;1,480938;50
9284;1,480938;50
9285;1,480938;50
9286;1,4797165;50
9287;1,478495;50
9288;1,478495;50
9289;1,478495;50
9290;1,478495;50
9291;1,478495;50
9292;1,477273;50
9293;1,477273;50
9294;1,477273;50
9295;1,477273;50
9296;1,477273;50
9297;1,477273;50
9298;1,477273;50
9299;1,476051;50
9300;1,476051;50
9301;1,476051;50
9302;1,476051;50
9303;1,476051;50
9304;1,476051;50
9305;1,476051;50
9306;1,476051;50
9307;1,476051;50
9308;1,476051;50
9309;1,476051;50
9310;1,474829;50
9311;1,473607;50
9312;1,472385;50
9313;1,471163;50
9314;1,471163;50
9315;1,471163;50
9316;1,471163;50
9317;1,471163;50
9318;1,471163;50
9319;1,471163;50
9320;1,471163;50
9321;1,471163;50
9322;1,469941;50
9323;1,469941;50
9324;1,4687195;50
9325;1,466276;50
9326;1,466276;50
9327;1,466276;50
9328;1,466276;50
9329;1,466276;50
9330;1,466276;50
9331;1,466276;50
9332;1,465054;50
9333;1,46261;50
9334;1,461388;50
9335;1,461388;50
9336;1,461388;50
9337;1,461388;50
9338;1,461388;50
9339;1,46261;50
9340;1,46261;50
9341;1,46261;50
9342;1,465054;50
9343;1,466276;50
9344;1,466276;50
9345;1,466276;50
9346;1,466276;50
9347;1,466276;50
9348;1,466276;50
9349;1,466276;50
9350;1,466276;50
9351;1,466276;50
9352;1,466276;50
9353;1,466276;50
9354;1,466276;50
9355;1,466276;50
9356;1,465054;50
9357;1,465054;50
9358;1,465054;50
9359;1,465054;50
9360;1,465054;50
9361;1,463832;50
9362;1,46261;50
9363;1,46261;50
9364;1,46261;50
9365;1,461388;50
9366;1,461388;50
9367;1,461388;50
9368;1,461388;50
9369;1,461388;50
9370;1,461388;50
9371;1,461388;50
9372;1,461388;50
9373;1,461388;50
9374;1,461388;50
9375;1,461388;50
9376;1,461388;50
9377;1,461388;50
9378;1,460166;50
9379;1,460166;50
9380;1,460166;50
9381;1,458944;50
9382;1,457722;50
9383;1,4565;50
9384;1,4565;50
9385;1,4565;50
9386;1,4565;50
9387;1,4565;50
9388;1,4552785;50
9389;1,4552785;50
9390;1,4552785;50
9391;1,454057;50
9392;1,452835;50
9393;1,452835;50
9394;1,452835;50
9395;1,451613;50
9396;1,451613;50
9397;1,451613;50
9398;1,451613;50
9399;1,451613;50
9400;1,451613;50
9401;1,451613;50
9402;1,451613;50
9403;1,451613;50
9404;1,451613;50
9405;1,451613;50
9406;1,451613;50
9407;1,4540565;50
9408;1,4565;50
9409;1,4565;50
9410;1,4565;50
9411;1,4565;50
9412;1,4552785;50
9413;1,4552785;50
9414;1,4565;50
9415;1,4552785;50
9416;1,4552785;50
9417;1,4565;50
9418;1,4565;50
9419;1,4565;50
9420;1,4565;50
9421;1,4565;50
9422;1,4565;50
9423;1,4565;50
9424;1,4565;50
9425;1,4565;50
9426;1,4540565;50
9427;1,452835;50
9428;1,452835;50
9429;1,452835;50
9430;1,452835;50
9431;1,452835;50
9432;1,452835;50
9433;1,451613;50
9434;1,451613;50
9435;1,451613;50
9436;1,451613;50
9437;1,451613;50
9438;1,451613;50
9439;1,451613;50
9440;1,451613;50
9441;1,451613;50
9442;1,451613;50
9443;1,451613;50
9444;1,451613;50
9445;1,451613;50
9446;1,451613;50
9447;1,451613;50
9448;1,450391;50
9449;1,449169;50
9450;1,447947;50
9451;1,446725;50
9452;1,446725;50
9453;1,446725;50
9454;1,446725;50
9455;1,446725;50
9456;1,446725;50
9457;1,446725;50
9458;1,4442815;50
9459;1,4430595;50
9460;1,4430595;50
9461;1,4430595;50
9462;1,4430595;50
9463;1,4430595;50
9464;1,4430595;50
9465;1,4442815;50
9466;1,446725;50
9467;1,446725;50
9468;1,446725;50
9469;1,446725;50
9470;1,446725;50
9471;1,446725;50
9472;1,446725;50
9473;1,447947;50
9474;1,447947;50
9475;1,446725;50
9476;1,447947;50
9477;1,447947;50
9478;1,446725;50
9479;1,446725;50
9480;1,446725;50
9481;1,446725;50
9482;1,446725;50
9483;1,446725;50
9484;1,446725;50
9485;1,446725;50
9486;1,446725;50
9487;1,446725;50
9488;1,446725;50
9489;1,446725;50
9490;1,446725;50
9491;1,446725;50
9492;1,446725;50
9493;1,446725;50
9494;1,446725;50
9495;1,446725;50
9496;1,446725;50
9497;1,446725;50
9498;1,446725;50
9499;1,446725;50
9500;1,446725;50
9501;1,446725;50
9502;1,445503;50
9503;1,4430595;50
9504;1,4430595;50
9505;1,444281;50
9506;1,4430595;50
9507;1,441838;50
9508;1,441838;50
9509;1,441838;50
9510;1,441838;50
9511;1,441838;50
9512;1,441838;50
9513;1,440616;50
9514;1,438172;50
9515;1,438172;50
9516;1,438172;50
9517;1,43695;50
9518;1,43695;50
9519;1,43695;50
9520;1,43695;50
9521;1,43695;50
9522;1,43695;50
9523;1,43695;50
9524;1,43695;50
9525;1,43695;50
9526;1,43695;50
9527;1,43695;50
9528;1,438172;50
9529;1,440616;50
9530;1,441838;50
9531;1,441838;50
9532;1,441838;50
9533;1,441838;50
9534;1,441838;50
9535;1,441838;50
9536;1,441838;50
9537;1,441838;50
9538;1,441838;50
9539;1,441838;50
9540;1,441838;50
9541;1,441838;50
9542;1,441838;50
9543;1,441838;50
9544;1,441838;50
9545;1,441838;50
9546;1,441838;50
9547;1,441838;50
9548;1,441838;50
9549;1,441838;50
9550;1,441838;50
9551;1,441838;50
9552;1,441838;50
9553;1,441838;50
9554;1,441838;50
9555;1,441838;50
9556;1,440616;50
9557;1,439394;50
9558;1,439394;50
9559;1,438172;50
9560;1,43695;50
9561;1,438172;50
9562;1,439394;50
9563;1,439394;50
9564;1,439394;50
9565;1,438172;50
9566;1,43695;50
9567;1,43695;50
9568;1,43695;50
9569;1,43695;50
9570;1,43695;50
9571;1,43695;50
9572;1,43695;50
9573;1,43695;50
9574;1,43695;50
9575;1,435728;50
9576;1,4332845;50
9577;1,432063;50
9578;1,432063;50
9579;1,432063;50
9580;1,432063;50
9581;1,432063;50
9582;1,432063;50
9583;1,432063;50
9584;1,432063;50
9585;1,432063;50
9586;1,432063;50
9587;1,432063;50
9588;1,432063;50
9589;1,432063;50
9590;1,432063;50
9591;1,432063;50
9592;1,4332845;50
9593;1,4332845;50
9594;1,4332845;50
9595;1,435728;50
9596;1,43695;50
9597;1,43695;50
9598;1,43695;50
9599;1,43695;50
9600;1,43695;50
9601;1,43695;50
9602;1,43695;50
9603;1,43695;50
9604;1,43695;50
9605;1,43695;50
9606;1,435728;50
9607;1,4332845;50
9608;1,4332845;50
9609;1,434506;50
9610;1,435728;50
9611;1,435728;50
9612;1,4332845;50
9613;1,432063;50
9614;1,432063;50
9615;1,432063;50
9616;1,432063;50
9617;1,432063;50
9618;1,432063;50
9619;1,432063;50
9620;1,432063;50
9621;1,432063;50
9622;1,432063;50
9623;1,432063;50
9624;1,432063;50
9625;1,432063;50
9626;1,432063;50
9627;1,432063;50
9628;1,430841;50
9629;1,428397;50
9630;1,429619;50
9631;1,430841;50
9632;1,430841;50
9633;1,432063;50
9634;1,432063;50
9635;1,432063;50
9636;1,432063;50
9637;1,4332845;50
9638;1,435728;50
9639;1,43695;50
9640;1,43695;50
9641;1,43695;50
9642;1,43695;50
9643;1,4345065;50
9644;1,432063;50
9645;1,432063;50
9646;1,432063;50
9647;1,432063;50
9648;1,432063;50
9649;1,430841;50
9650;1,430841;50
9651;1,430841;50
9652;1,429619;50
9653;1,429619;50
9654;1,429619;50
9655;1,429619;50
9656;1,429619;50
9657;1,430841;50
9658;1,432063;50
9659;1,430841;50
9660;1,429619;50
9661;1,430841;50
9662;1,432063;50
9663;1,430841;50
9664;1,430841;50
9665;1,430841;50
9666;1,430841;50
9667;1,430841;50
9668;1,429619;50
9669;1,429619;50
9670;1,428397;50
9671;1,428397;50
9672;1,428397;50
9673;1,427175;50
9674;1,427175;50
9675;1,427175;50
9676;1,427175;50
9677;1,427175;50
9678;1,427175;50
9679;1,427175;50
9680;1,427175;50
9681;1,427175;50
9682;1,427175;50
9683;1,427175;50
9684;1,427175;50
9685;1,427175;50
9686;1,427175;50
9687;1,427175;50
9688;1,427175;50
9689;1,427175;50
9690;1,427175;50
9691;1,427175;50
9692;1,427175;50
9693;1,427175;50
9694;1,427175;50
9695;1,427175;50
9696;1,427175;50
9697;1,425953;50
9698;1,425953;50
9699;1,424731;50
9700;1,423509;50
9701;1,423509;50
9702;1,422287;50
9703;1,423509;50
9704;1,423509;50
9705;1,422287;50
9706;1,422287;50
9707;1,422287;50
9708;1,422287;50
9709;1,422287;50
9710;1,422287;50
9711;1,422287;50
9712;1,422287;50
9713;1,422287;50
9714;1,422287;50
9715;1,423509;50
9716;1,424731;50
9717;1,424731;50
9718;1,425953;50
9719;1,427175;50
9720;1,427175;50
9721;1,427175;50
9722;1,427175;50
9723;1,427175;50
9724;1,427175;50
9725;1,425953;50
9726;1,425953;50
9727;1,425953;50
9728;1,424731;50
9729;1,425953;50
9730;1,427175;50
9731;1,425953;50
9732;1,424731;50
9733;1,424731;50
9734;1,425953;50
9735;1,424731;50
9736;1,423509;50
9737;1,423509;50
9738;1,423509;50
9739;1,423509;50
9740;1,423509;50
9741;1,423509;50
9742;1,423509;50
9743;1,423509;50
9744;1,423509;50
9745;1,424731;50
9746;1,423509;50
9747;1,423509;50
9748;1,423509;50
9749;1,422287;50
9750;1,423509;50
9751;1,424731;50
9752;1,424731;50
9753;1,423509;50
9754;1,423509;50
9755;1,423509;50
9756;1,422287;50
9757;1,422287;50
9758;1,422287;50
9759;1,422287;50
9760;1,422287;50
9761;1,422287;50
9762;1,422287;50
9763;1,422287;50
9764;1,422287;50
9765;1,422287;50
9766;1,422287;50
9767;1,4210655;50
9768;1,4210655;50
9769;1,422287;50
9770;1,422287;50
9771;1,422287;50
9772;1,422287;50
9773;1,422287;50
9774;1,422287;50
9775;1,422287;50
9776;1,422287;50
9777;1,422287;50
9778;1,422287;50
9779;1,422287;50
9780;1,422287;50
9781;1,422287;50
9782;1,422287;50
9783;1,422287;50
9784;1,422287;50
9785;1,422287;50
9786;1,422287;50
9787;1,422287;50
9788;1,422287;50
9789;1,422287;50
9790;1,422287;50
9791;1,422287;50
9792;1,422287;50
9793;1,422287;50
9794;1,422287;50
9795;1,422287;50
9796;1,422287;50
9797;1,422287;50
9798;1,422287;50
9799;1,422287;50
9800;1,422287;50
9801;1,422287;50
9802;1,422287;50
9803;1,422287;50
9804;1,422287;50
9805;1,422287;50
9806;1,422287;50
9807;1,422287;50
9808;1,422287;50
9809;1,422287;50
9810;1,422287;50
9811;1,422287;50
9812;1,4210655;50
9813;1,418622;50
9814;1,4174;50
9815;1,4174;50
9816;1,4174;50
9817;1,4174;50
9818;1,4174;50
9819;1,4174;50
9820;1,4174;50
9821;1,4174;50
9822;1,4174;50
9823;1,4174;50
9824;1,416178;50
9825;1,416178;50
9826;1,4174;50
9827;1,4174;50
9828;1,4174;50
9829;1,4174;50
9830;1,4174;50
9831;1,4174;50
9832;1,4174;50
9833;1,4174;50
9834;1,4174;50
9835;1,418622;50
9836;1,418622;50
9837;1,4174;50
9838;1,4174;50
9839;1,4198435;50
9840;1,4210655;50
9841;1,4210655;50
9842;1,4210655;50
9843;1,4210655;50
9844;1,4210655;50
9845;1,4210655;50
9846;1,4210655;50
9847;1,4210655;50
9848;1,4210655;50
9849;1,419844;50
9850;1,419844;50
9851;1,4210655;50
9852;1,4210655;50
9853;1,419844;50
9854;1,419844;50
9855;1,419844;50
9856;1,418622;50
9857;1,418622;50
9858;1,418622;50
9859;1,4174;50
9860;1,4174;50
9861;1,418622;50
9862;1,419844;50
9863;1,418622;50
9864;1,4174;50
9865;1,4174;50
9866;1,4174;50
9867;1,4174;50
9868;1,4174;50
9869;1,4174;50
9870;1,4174;50
9871;1,4174;50
9872;1,4174;50
9873;1,4174;50
9874;1,4174;50
9875;1,4174;50
9876;1,416178;50
9877;1,416178;50
9878;1,416178;50
9879;1,413734;50
9880;1,412512;50
9881;1,412512;50
9882;1,412512;50
9883;1,412512;50
9884;1,412512;50
9885;1,412512;50
9886;1,412512;50
9887;1,412512;50
9888;1,412512;50
9889;1,412512;50
9890;1,412512;50
9891;1,413734;50
9892;1,414956;50
9893;1,416178;50
9894;1,4174;50
9895;1,4174;50
9896;1,4174;50
9897;1,4174;50
9898;1,4174;50
9899;1,4174;50
9900;1,4174;50
9901;1,4174;50
9902;1,4174;50
9903;1,4174;50
9904;1,4174;50
9905;1,4174;50
9906;1,4174;50
9907;1,4174;50
9908;1,4174;50
9909;1,4174;50
9910;1,4174;50
9911;1,4174;50
9912;1,4174;50
9913;1,4174;50
9914;1,4174;50
9915;1,4174;50
9916;1,4174;50
9917;1,4174;50
9918;1,4174;50
9919;1,4174;50
9920;1,4174;50
9921;1,4174;50
9922;1,4174;50
9923;1,4174;50
9924;1,4174;50
9925;1,4174;50
9926;1,4174;50
9927;1,4174;50
9928;1,4174;50
9929;1,4174;50
9930;1,4174;50
9931;1,4174;50
9932;1,4174;50
9933;1,4174;50
9934;1,416178;50
9935;1,413734;50
9936;1,412512;50
9937;1,412512;50
9938;1,412512;50
9939;1,412512;50
9940;1,412512;50
9941;1,412512;50
9942;1,412512;50
9943;1,412512;50
9944;1,412512;50
9945;1,412512;50
9946;1,412512;50
9947;1,412512;50
9948;1,412512;50
9949;1,412512;50
9950;1,412512;50
9951;1,412512;50
9952;1,413734;50
9953;1,413734;50
9954;1,412512;50
9955;1,412512;50
9956;1,412512;50
9957;1,412512;50
9958;1,414956;50
9959;1,416178;50
9960;1,416178;50
9961;1,4174;50
9962;1,414956;50
9963;1,41129;50
9964;1,4088465;50
9965;1,405181;50
9966;1,402737;50
9967;1,400293;50
9968;1,397849;50
9969;1,401515;50
9970;1,418622;50
9971;1,441838;50
9972;1,4589445;50
9973;1,4809385;50
9974;1,520039;50
9975;1,5738025;50
9976;1,6348975;50
9977;1,688661;50
9978;1,722874;50
9979;1,7375365;50
9980;1,7363145;50
9981;1,7277615;50
9982;1,7192085;50
9983;1,710655;50
9984;1,7033235;50
9985;1,695992;50
9986;1,6886605;50
9987;1,6813295;50
9988;1,6715545;50
9989;1,663001;50
9990;1,6556695;50
9991;1,64956;50
9992;1,647116;50
9993;1,6446725;50
9994;1,642229;50
9995;1,639785;50
9996;1,637341;50
9997;1,637341;50
9998;1,638563;50
9999;1,641007;50
10000;1,642229;50
10001;1,642229;50
10002;1,642229;50
10003;1,642229;50
10004;1,6446725;50
10005;1,647116;50
10006;1,6446725;50
10007;1,642229;50
10008;1,642229;50
10009;1,639785;50
10010;1,637341;50
10011;1,6348975;50
10012;1,63001;50
10013;1,626344;50
10014;1,625122;50
10015;1,6239;50
10016;1,622678;50
10017;1,721652;50
10018;2,4364615;50
10019;3,420088;50
10020;4,0139295;50
10021;4,3792765;50
10022;4,6077715;50
10023;4,751955;50
10024;4,842375;50
10025;4,899804;50
10026;4,934017;50
10027;4,9560115;50
10028;4,9706745;50
10029;4,9792275;50
10030;4,984115;50
10031;4,987781;50
10032;4,990225;50
10033;4,992669;50
10034;4,995113;50
10035;4,995113;50
10036;4,995113;50
10037;4,995113;50
10038;4,995113;50
10039;4,9963345;50
10040;4,9963345;50
10041;4,995113;50
10042;4,9963345;50
10043;4,997556;50
10044;4,998778;50
10045;5;50
10046;5;50
10047;5;50
10048;5;50
10049;5;50
10050;5;50
10051;5;50
10052;5;50
10053;5;50
10054;5;50
10055;5;50
10056;5;50
10057;5;50
10058;5;50
10059;5;50
10060;5;50
10061;5;50
10062;5;50
10063;5;50
10064;5;50
10065;5;50
10066;5;50
10067;5;50
10068;5;50
10069;5;50
10070;5;50
10071;5;50
10072;5;50
10073;5;50
10074;5;50
10075;4,9963345;50
10076;4,9841155;50
10077;4,963343;50
10078;4,938905;50
10079;4,915689;50
10080;4,893695;50
10081;4,870479;50
10082;4,846041;50
10083;4,819159;50
10084;4,7922775;50
10085;4,766618;50
10086;4,740958;50
10087;4,715298;50
10088;4,689638;50
10089;4,6627565;50
10090;4,6273215;50
10091;4,5772235;50
10092;4,5185725;50
10093;4,466031;50
10094;4,430596;50
10095;4,4134895;50
10096;4,4012705;50
10097;4,384164;50
10098;4,3670575;50
10099;4,347507;50
10100;4,323069;50
10101;4,2974095;50
10102;4,270528;50
10103;4,242424;50
10104;4,217986;50
10105;4,198436;50
10106;4,178886;50
10107;4,1593355;50
10108;4,141007;50
10109;4,1239005;50
10110;4,1055715;50
10111;4,086021;50
10112;4,067693;50
10113;4,0493645;50
10114;4,031036;50
10115;4,0127075;50
10116;3,993157;50
10117;3,973607;50
10118;3,954057;50
10119;3,9357285;50
10120;3,9174;50
10121;3,8990715;50
10122;3,880743;50
10123;3,8611925;50
10124;3,841642;50
10125;3,823314;50
10126;3,8049855;50
10127;3,786657;50
10128;3,7683285;50
10129;3,748778;50
10130;3,7304495;50
10131;3,713343;50
10132;3,6950145;50
10133;3,676686;50
10134;3,6595795;50
10135;3,641251;50
10136;3,621701;50
10137;3,6045945;50
10138;3,5887095;50
10139;3,571603;50
10140;3,553275;50
10141;3,5361685;50
10142;3,5215055;50
10143;3,5043985;50
10144;3,487292;50
10145;3,4726295;50
10146;3,455523;50
10147;3,4384165;50
10148;3,4237535;50
10149;3,4090905;50
10150;3,391984;50
10151;3,3748775;50
10152;3,360215;50
10153;3,3455525;50
10154;3,328446;50
10155;3,3113395;50
10156;3,2966765;50
10157;3,2820135;50
10158;3,266129;50
10159;3,2502445;50
10160;3,2343595;50
10161;3,218475;50
10162;3,2050345;50
10163;3,1903715;50
10164;3,1744865;50
10165;3,159824;50
10166;3,1451615;50
10167;3,1304985;50
10168;3,1158355;50
10169;3,101173;50
10170;3,0877325;50
10171;3,0742915;50
10172;3,0584065;50
10173;3,0437435;50
10174;3,0303025;50
10175;3,016862;50
10176;3,0034215;50
10177;2,9887585;50
10178;2,9740955;50
10179;2,959433;50
10180;2,9447705;50
10181;2,9313295;50
10182;2,9178885;50
10183;2,9044475;50
10184;2,8910065;50
10185;2,876344;50
10186;2,8616815;50
10187;2,8494625;50
10188;2,8372435;50
10189;2,8225805;50
10190;2,807918;50
10191;2,795699;50
10192;2,7834795;50
10193;2,770039;50
10194;2,7578205;50
10195;2,7443795;50
10196;2,7321605;50
10197;2,7211635;50
10198;2,7089445;50
10199;2,6979475;50
10200;2,6857285;50
10201;2,6735095;50
10202;2,6612905;50
10203;2,6490715;50
10204;2,6392965;50
10205;2,628299;50
10206;2,61608;50
10207;2,6050835;50
10208;2,5928645;50
10209;2,5806455;50
10210;2,57087;50
10211;2,558651;50
10212;2,5464325;50
10213;2,536657;50
10214;2,5256595;50
10215;2,5134405;50
10216;2,5024435;50
10217;2,4926685;50
10218;2,4828935;50
10219;2,4718965;50
10220;2,4596775;50
10221;2,4486805;50
10222;2,4389055;50
10223;2,42913;50
10224;2,4193545;50
10225;2,4095795;50
10226;2,3985825;50
10227;2,3875855;50
10228;2,3765885;50
10229;2,3655915;50
10230;2,3558165;50
10231;2,3460415;50
10232;2,336266;50
10233;2,3264905;50
10234;2,3167155;50
10235;2,3069405;50
10236;2,2971655;50
10237;2,28739;50
10238;2,2776145;50
10239;2,2678395;50
10240;2,260508;50
10241;2,2531765;50
10242;2,2434015;50
10243;2,2336265;50
10244;2,2238515;50
10245;2,2140765;50
10246;2,204301;50
10247;2,1945255;50
10248;2,1859725;50
10249;2,1786415;50
10250;2,170088;50
10251;2,1603125;50
10252;2,1505375;50
10253;2,1432065;50
10254;2,135875;50
10255;2,1260995;50
10256;2,1175465;50
10257;2,110215;50
10258;2,1028835;50
10259;2,0955525;50
10260;2,086999;50
10261;2,0796675;50
10262;2,0735585;50
10263;2,066227;50
10264;2,060117;50
10265;2,0540075;50
10266;2,0466765;50
10267;2,039345;50
10268;2,0320135;50
10269;2,025904;50
10270;2,0185725;50
10271;2,0112415;50
10272;2,005132;50
10273;1,9978005;50
10274;1,991691;50
10275;1,9855815;50
10276;1,9782505;50
10277;1,972141;50
10278;1,967253;50
10279;1,9599215;50
10280;1,9525905;50
10281;1,946481;50
10282;1,9391495;50
10283;1,93304;50
10284;1,9281525;50
10285;1,923265;50
10286;1,9171555;50
10287;1,909824;50
10288;1,9037145;50
10289;1,898827;50
10290;1,8939395;50
10291;1,88783;50
10292;1,8804985;50
10293;1,874389;50
10294;1,8695015;50
10295;1,864614;50
10296;1,859726;50
10297;1,8536165;50
10298;1,8462855;50
10299;1,840176;50
10300;1,8352885;50
10301;1,830401;50
10302;1,825513;50
10303;1,8206255;50
10304;1,815738;50
10305;1,8108505;50
10306;1,805963;50
10307;1,801075;50
10308;1,7961875;50
10309;1,7913;50
10310;1,7864125;50
10311;1,781525;50
10312;1,7766375;50
10313;1,77175;50
10314;1,766862;50
10315;1,7619745;50
10316;1,759531;50
10317;1,757087;50
10318;1,7521995;50
10319;1,747312;50
10320;1,742424;50
10321;1,73998;50
10322;1,7375365;50
10323;1,732649;50
10324;1,728983;50
10325;1,7265395;50
10326;1,722874;50
10327;1,7179865;50
10328;1,713099;50
10329;1,710655;50
10330;1,708211;50
10331;1,7033235;50
10332;1,698436;50
10333;1,695992;50
10334;1,693548;50
10335;1,6886605;50
10336;1,686217;50
10337;1,683773;50
10338;1,6788855;50
10339;1,676442;50
10340;1,673998;50
10341;1,6691105;50
10342;1,666667;50
10343;1,664223;50
10344;1,659335;50
10345;1,656891;50
10346;1,6544475;50
10347;1,64956;50
10348;1,647116;50
10349;1,6446725;50
10350;1,642229;50
10351;1,639785;50
10352;1,637341;50
10353;1,6348975;50
10354;1,63001;50
10355;1,626344;50
10356;1,6239;50
10357;1,622678;50
10358;1,6202345;50
10359;1,615347;50
10360;1,612903;50
10361;1,611681;50
10362;1,6092375;50
10363;1,605572;50
10364;1,603128;50
10365;1,600684;50
10366;1,5970185;50
10367;1,594575;50
10368;1,592131;50
10369;1,589687;50
10370;1,587243;50
10371;1,5847995;50
10372;1,583578;50
10373;1,582356;50
10374;1,579912;50
10375;1,57869;50
10376;1,57869;50
10377;1,5762465;50
10378;1,573803;50
10379;1,573803;50
10380;1,572581;50
10381;1,570137;50
10382;1,568915;50
10383;1,567693;50
10384;1,565249;50
10385;1,564027;50
10386;1,564027;50
10387;1,5615835;50
10388;1,55914;50
10389;1,557918;50
10390;1,555474;50
10391;1,554252;50
10392;1,5518085;50
10393;1,549365;50
10394;1,549365;50
10395;1,548143;50
10396;1,545699;50
10397;1,544477;50
10398;1,544477;50
10399;1,542033;50
10400;1,539589;50
10401;1,539589;50
10402;1,5383675;50
10403;1,535924;50
10404;1,534702;50
10405;1,53348;50
10406;1,532258;50
10407;1,531036;50
10408;1,529814;50
10409;1,5285925;50
10410;1,526149;50
10411;1,524927;50
10412;1,524927;50
10413;1,523705;50
10414;1,521261;50
10415;1,520039;50
10416;1,520039;50
10417;1,518817;50
10418;1,516373;50
10419;1,515151;50
10420;1,515151;50
10421;1,515151;50
10422;1,515151;50
10423;1,515151;50
10424;1,5127075;50
10425;1,510264;50
10426;1,510264;50
10427;1,50782;50
10428;1,505376;50
10429;1,505376;50
10430;1,505376;50
10431;1,5029325;50
10432;1,500489;50
10433;1,500489;50
10434;1,500489;50
10435;1,498045;50
10436;1,495601;50
10437;1,495601;50
10438;1,495601;50
10439;1,495601;50
10440;1,495601;50
10441;1,494379;50
10442;1,4919355;50
10443;1,490714;50
10444;1,490714;50
10445;1,490714;50
10446;1,490714;50
10447;1,490714;50
10448;1,490714;50
10449;1,48827;50
10450;1,485826;50
10451;1,485826;50
10452;1,485826;50
10453;1,485826;50
10454;1,485826;50
10455;1,483382;50
10456;1,480938;50
10457;1,480938;50
10458;1,480938;50
10459;1,4784945;50
10460;1,477273;50
10461;1,477273;50
10462;1,476051;50
10463;1,476051;50
10464;1,476051;50
10465;1,476051;50
10466;1,474829;50
10467;1,472385;50
10468;1,471163;50
10469;1,471163;50
10470;1,471163;50
10471;1,471163;50
10472;1,471163;50
10473;1,471163;50
10474;1,471163;50
10475;1,469941;50
10476;1,468719;50
10477;1,4674975;50
10478;1,466276;50
10479;1,466276;50
10480;1,466276;50
10481;1,466276;50
10482;1,466276;50
10483;1,466276;50
10484;1,466276;50
10485;1,465054;50
10486;1,463832;50
10487;1,46261;50
10488;1,461388;50
10489;1,461388;50
10490;1,461388;50
10491;1,461388;50
10492;1,461388;50
10493;1,458944;50
10494;1,4565;50
10495;1,4565;50
10496;1,4565;50
10497;1,4565;50
10498;1,4565;50
10499;1,4565;50
10500;1,4565;50
10501;1,4565;50
10502;1,4552785;50
10503;1,452835;50
10504;1,451613;50
10505;1,451613;50
10506;1,451613;50
10507;1,451613;50
10508;1,451613;50
10509;1,451613;50
10510;1,451613;50
10511;1,451613;50
10512;1,451613;50
10513;1,449169;50
10514;1,446725;50
10515;1,446725;50
10516;1,446725;50
10517;1,446725;50
10518;1,445503;50
10519;1,444281;50
10520;1,4430595;50
10521;1,441838;50
10522;1,441838;50
10523;1,440616;50
10524;1,440616;50
10525;1,439394;50
10526;1,43695;50
10527;1,43695;50
10528;1,43695;50
10529;1,4345065;50
10530;1,432063;50
10531;1,432063;50
10532;1,432063;50
10533;1,429619;50
10534;1,427175;50
10535;1,424731;50
10536;1,414956;50
10537;1,3978495;50
10538;1,375855;50
10539;1,3465295;50
10540;1,309873;50
10541;1,273216;50
10542;1,246334;50
10543;1,239003;50
10544;1,253666;50
10545;1,2829915;50
10546;1,3147605;50
10547;1,344086;50
10548;1,3734115;50
10549;1,401515;50
10550;1,4235095;50
10551;1,438172;50
10552;1,447947;50
10553;1,451613;50
10554;1,450391;50
10555;1,447947;50
10556;1,4442815;50
10557;1,439394;50
10558;1,43695;50
10559;1,4345065;50
10560;1,430841;50
10561;1,428397;50
10562;1,427175;50
10563;1,427175;50
10564;1,427175;50
10565;1,427175;50
10566;1,424731;50
10567;1,4198435;50
10568;1,414956;50
10569;1,4076245;50
10570;1,3978495;50
10571;1,3880745;50
10572;1,380743;50
10573;1,378299;50
10574;1,377077;50
10575;1,3746335;50
10576;1,370968;50
10577;1,368524;50
10578;1,3734115;50
10579;1,3856305;50
10580;1,401515;50
10581;1,4198435;50
10582;1,438172;50
10583;1,4528345;50
10584;1,461388;50
10585;1,465054;50
10586;1,466276;50
10587;1,463832;50
10588;1,461388;50
10589;1,461388;50
10590;1,458944;50
10591;1,4565;50
10592;1,4565;50
10593;1,4565;50
10594;1,4565;50
10595;1,4565;50
10596;1,4565;50
10597;1,4565;50
10598;1,4565;50
10599;1,4540565;50
10600;1,447947;50
10601;1,4406155;50
10602;1,4296185;50
10603;1,4173995;50
10604;1,4076245;50
10605;1,3978495;50
10606;1,3880745;50
10607;1,380743;50
10608;1,380743;50
10609;1,3880745;50
10610;1,3966275;50
10611;1,4064025;50
10612;1,4198435;50
10613;1,4332845;50
10614;1,4430595;50
10615;1,4516125;50
10616;1,458944;50
10617;1,463832;50
10618;1,466276;50
10619;1,4687195;50
10620;1,471163;50
10621;1,471163;50
10622;1,471163;50
10623;1,471163;50
10624;1,471163;50
10625;1,471163;50
10626;1,469941;50
10627;1,4674975;50
10628;1,465054;50
10629;1,463832;50
10630;1,463832;50
10631;1,465054;50
10632;1,466276;50
10633;1,4687195;50
10634;1,4687195;50
10635;1,463832;50
10636;1,4565005;50
10637;1,441838;50
10638;1,4222875;50
10639;1,401515;50
10640;1,379521;50
10641;1,358749;50
10642;1,3391985;50
10643;1,3269795;50
10644;1,331867;50
10645;1,351417;50
10646;1,368524;50
10647;1,379521;50
10648;1,3917395;50
10649;1,4039585;50
10650;1,4161775;50
10651;1,425953;50
10652;1,4332845;50
10653;1,439394;50
10654;1,441838;50
10655;1,4442815;50
10656;1,449169;50
10657;1,4540565;50
10658;1,4565;50
10659;1,458944;50
10660;1,461388;50
10661;1,461388;50
10662;1,461388;50
10663;1,458944;50
10664;1,4552785;50
10665;1,452835;50
10666;1,449169;50
10667;1,446725;50
10668;1,446725;50
10669;1,446725;50
10670;1,4442815;50
10671;1,439394;50
10672;1,4345065;50
10673;1,4247315;50
10674;1,4125125;50
10675;1,3978495;50
10676;1,377077;50
10677;1,356305;50
10678;1,3379765;50
10679;1,3257575;50
10680;1,318426;50
10681;1,3123165;50
10682;1,307429;50
10683;1,3000975;50
10684;1,2927665;50
10685;1,290323;50
10686;1,2964325;50
10687;1,3074295;50
10688;1,3184265;50
10689;1,333089;50
10690;1,3477515;50
10691;1,356305;50
10692;1,3636365;50
10693;1,3734115;50
10694;1,3844085;50
10695;1,3966275;50
10696;1,405181;50
10697;1,4125125;50
10698;1,4198435;50
10699;1,427175;50
10700;1,4345065;50
10701;1,439394;50
10702;1,4442815;50
10703;1,449169;50
10704;1,4540565;50
10705;1,4565;50
10706;1,458944;50
10707;1,46261;50
10708;1,465054;50
10709;1,466276;50
10710;1,466276;50
10711;1,466276;50
10712;1,466276;50
10713;1,466276;50
10714;1,466276;50
10715;1,466276;50
10716;1,466276;50
10717;1,466276;50
10718;1,466276;50
10719;1,465054;50
10720;1,465054;50
10721;1,463832;50
10722;1,461388;50
10723;1,461388;50
10724;1,461388;50
10725;1,461388;50
10726;1,461388;50
10727;1,461388;50
10728;1,461388;50
10729;1,461388;50
10730;1,461388;50
10731;1,460166;50
10732;1,460166;50
10733;1,458944;50
10734;1,4565;50
10735;1,4565;50
10736;1,4565;50
10737;1,4552785;50
10738;1,454057;50
10739;1,452835;50
10740;1,451613;50
10741;1,451613;50
10742;1,451613;50
10743;1,451613;50
10744;1,450391;50
10745;1,447947;50
10746;1,446725;50
10747;1,446725;50
10748;1,445503;50
10749;1,4430595;50
10750;1,441838;50
10751;1,440616;50
10752;1,438172;50
10753;1,43695;50
10754;1,43695;50
10755;1,43695;50
10756;1,435728;50
10757;1,4332845;50
10758;1,432063;50
10759;1,432063;50
10760;1,432063;50
10761;1,432063;50
10762;1,432063;50
10763;1,429619;50
10764;1,427175;50
10765;1,427175;50
10766;1,427175;50
10767;1,427175;50
10768;1,427175;50
10769;1,424731;50
10770;1,423509;50
10771;1,423509;50
10772;1,422287;50
10773;1,422287;50
10774;1,422287;50
10775;1,422287;50
10776;1,422287;50
10777;1,422287;50
10778;1,422287;50
10779;1,4210655;50
10780;1,4210655;50
10781;1,4210655;50
10782;1,419844;50
10783;1,419844;50
10784;1,4210655;50
10785;1,422287;50
10786;1,422287;50
10787;1,422287;50
10788;1,424731;50
10789;1,427175;50
10790;1,427175;50
10791;1,427175;50
10792;1,427175;50
10793;1,427175;50
10794;1,427175;50
10795;1,427175;50
10796;1,427175;50
10797;1,427175;50
10798;1,427175;50
10799;1,427175;50
10800;1,425953;50
10801;1,424731;50
10802;1,424731;50
10803;1,423509;50
10804;1,422287;50
10805;1,422287;50
10806;1,422287;50
10807;1,422287;50
10808;1,422287;50
10809;1,422287;50
10810;1,422287;50
10811;1,422287;50
10812;1,422287;50
10813;1,422287;50
10814;1,422287;50
10815;1,422287;50
10816;1,422287;50
10817;1,422287;50
10818;1,422287;50
10819;1,422287;50
10820;1,422287;50
10821;1,422287;50
10822;1,422287;50
10823;1,422287;50
10824;1,422287;50
10825;1,422287;50
10826;1,422287;50
10827;1,422287;50
10828;1,4198435;50
10829;1,418622;50
10830;1,418622;50
10831;1,4174;50
10832;1,4174;50
10833;1,4174;50
10834;1,4174;50
10835;1,414956;50
10836;1,413734;50
10837;1,413734;50
10838;1,412512;50
10839;1,412512;50
10840;1,412512;50
10841;1,412512;50
10842;1,412512;50
10843;1,412512;50
10844;1,412512;50
10845;1,412512;50
10846;1,412512;50
10847;1,412512;50
10848;1,412512;50
10849;1,412512;50
10850;1,412512;50
10851;1,412512;50
10852;1,412512;50
10853;1,412512;50
10854;1,412512;50
10855;1,412512;50
10856;1,412512;50
10857;1,412512;50
10858;1,412512;50
10859;1,412512;50
10860;1,41129;50
10861;1,410068;50
10862;1,410068;50
10863;1,4088465;50
10864;1,407625;50
10865;1,407625;50
10866;1,4088465;50
10867;1,4088465;50
10868;1,407625;50
10869;1,407625;50
10870;1,407625;50
10871;1,407625;50
10872;1,407625;50
10873;1,407625;50
10874;1,407625;50
10875;1,407625;50
10876;1,407625;50
10877;1,407625;50
10878;1,407625;50
10879;1,407625;50
10880;1,407625;50
10881;1,407625;50
10882;1,407625;50
10883;1,407625;50
10884;1,407625;50
10885;1,407625;50
10886;1,407625;50
10887;1,407625;50
10888;1,407625;50
10889;1,407625;50
10890;1,407625;50
10891;1,407625;50
10892;1,407625;50
10893;1,407625;50
10894;1,407625;50
10895;1,407625;50
10896;1,407625;50
10897;1,407625;50
10898;1,407625;50
10899;1,407625;50
10900;1,407625;50
10901;1,407625;50
10902;1,407625;50
10903;1,407625;50
10904;1,407625;50
10905;1,407625;50
10906;1,407625;50
10907;1,407625;50
10908;1,407625;50
10909;1,406403;50
10910;1,403959;50
10911;1,402737;50
10912;1,402737;50
10913;1,402737;50
10914;1,402737;50
10915;1,402737;50
10916;1,402737;50
10917;1,401515;50
10918;1,399071;50
10919;1,397849;50
10920;1,397849;50
10921;1,397849;50
10922;1,397849;50
10923;1,397849;50
10924;1,399071;50
10925;1,400293;50
10926;1,401515;50
10927;1,402737;50
10928;1,402737;50
10929;1,402737;50
10930;1,402737;50
10931;1,402737;50
10932;1,402737;50
10933;1,402737;50
10934;1,402737;50
10935;1,402737;50
10936;1,402737;50
10937;1,402737;50
10938;1,402737;50
10939;1,402737;50
10940;1,402737;50
10941;1,402737;50
10942;1,402737;50
10943;1,402737;50
10944;1,402737;50
10945;1,402737;50
10946;1,402737;50
10947;1,402737;50
10948;1,402737;50
10949;1,402737;50
10950;1,402737;50
10951;1,402737;50
10952;1,401515;50
10953;1,400293;50
10954;1,399071;50
10955;1,397849;50
10956;1,397849;50
10957;1,397849;50
10958;1,397849;50
10959;1,397849;50
10960;1,397849;50
10961;1,397849;50
10962;1,3966275;50
10963;1,395406;50
10964;1,395406;50
10965;1,394184;50
10966;1,392962;50
10967;1,392962;50
10968;1,392962;50
10969;1,392962;50
10970;1,392962;50
10971;1,392962;50
10972;1,392962;50
10973;1,392962;50
10974;1,392962;50
10975;1,392962;50
10976;1,392962;50
10977;1,392962;50
10978;1,392962;50
10979;1,392962;50
10980;1,394184;50
10981;1,3966275;50
10982;1,397849;50
10983;1,397849;50
10984;1,397849;50
10985;1,399071;50
10986;1,399071;50
10987;1,400293;50
10988;1,402737;50
10989;1,402737;50
10990;1,402737;50
10991;1,402737;50
10992;1,402737;50
10993;1,402737;50
10994;1,402737;50
10995;1,402737;50
10996;1,402737;50
10997;1,402737;50
10998;1,402737;50
10999;1,402737;50
11000;1,402737;50
11001;1,402737;50
11002;1,402737;50
11003;1,402737;50
11004;1,402737;50
11005;1,402737;50
11006;1,402737;50
11007;1,402737;50
11008;1,402737;50
11009;1,402737;50
11010;1,402737;50
11011;1,402737;50
11012;1,402737;50
11013;1,402737;50
11014;1,401515;50
11015;1,401515;50
11016;1,402737;50
11017;1,402737;50
11018;1,401515;50
11019;1,401515;50
11020;1,400293;50
11021;1,399071;50
11022;1,399071;50
11023;1,397849;50
11024;1,397849;50
11025;1,397849;50
11026;1,397849;50
11027;1,397849;50
11028;1,397849;50
11029;1,397849;50
11030;1,397849;50
11031;1,397849;50
11032;1,397849;50
11033;1,3954055;50
11034;1,392962;50
11035;1,392962;50
11036;1,392962;50
11037;1,392962;50
11038;1,3954055;50
11039;1,397849;50
11040;1,397849;50
11041;1,397849;50
11042;1,397849;50
11043;1,397849;50
11044;1,397849;50
11045;1,397849;50
11046;1,399071;50
11047;1,400293;50
11048;1,401515;50
11049;1,402737;50
11050;1,402737;50
11051;1,402737;50
11052;1,402737;50
11053;1,401515;50
11054;1,401515;50
11055;1,402737;50
11056;1,402737;50
11057;1,402737;50
11058;1,402737;50
11059;1,402737;50
11060;1,402737;50
11061;1,402737;50
11062;1,402737;50
11063;1,402737;50
11064;1,402737;50
11065;1,402737;50
11066;1,402737;50
11067;1,402737;50
11068;1,402737;50
11069;1,401515;50
11070;1,401515;50
11071;1,400293;50
11072;1,399071;50
11073;1,400293;50
11074;1,400293;50
11075;1,400293;50
11076;1,401515;50
11077;1,401515;50
11078;1,399071;50
11079;1,397849;50
11080;1,397849;50
11081;1,397849;50
11082;1,397849;50
11083;1,397849;50
11084;1,397849;50
11085;1,397849;50
11086;1,397849;50
11087;1,397849;50
11088;1,397849;50
11089;1,3954055;50
11090;1,392962;50
11091;1,392962;50
11092;1,392962;50
11093;1,392962;50
11094;1,392962;50
11095;1,392962;50
11096;1,392962;50
11097;1,392962;50
11098;1,392962;50
11099;1,392962;50
11100;1,392962;50
11101;1,392962;50
11102;1,394184;50
11103;1,395406;50
11104;1,395406;50
11105;1,394184;50
11106;1,3954055;50
11107;1,397849;50
11108;1,397849;50
11109;1,397849;50
11110;1,397849;50
11111;1,397849;50
11112;1,397849;50
11113;1,397849;50
11114;1,397849;50
11115;1,397849;50
11116;1,399071;50
11117;1,400293;50
11118;1,401515;50
11119;1,402737;50
11120;1,402737;50
11121;1,401515;50
11122;1,401515;50
11123;1,402737;50
11124;1,402737;50
11125;1,402737;50
11126;1,402737;50
11127;1,401515;50
11128;1,400293;50
11129;1,400293;50
11130;1,400293;50
11131;1,400293;50
11132;1,399071;50
11133;1,399071;50
11134;1,400293;50
11135;1,399071;50
11136;1,397849;50
11137;1,399071;50
11138;1,399071;50
11139;1,397849;50
11140;1,397849;50
11141;1,397849;50
11142;1,397849;50
11143;1,397849;50
11144;1,397849;50
11145;1,397849;50
11146;1,397849;50
11147;1,3966275;50
11148;1,394184;50
11149;1,392962;50
11150;1,392962;50
11151;1,392962;50
11152;1,392962;50
11153;1,392962;50
11154;1,392962;50
11155;1,392962;50
11156;1,392962;50
11157;1,392962;50
11158;1,392962;50
11159;1,392962;50
11160;1,392962;50
11161;1,392962;50
11162;1,394184;50
11163;1,3966275;50
11164;1,397849;50
11165;1,397849;50
11166;1,397849;50
11167;1,397849;50
11168;1,397849;50
11169;1,397849;50
11170;1,397849;50
11171;1,397849;50
11172;1,397849;50
11173;1,397849;50
11174;1,397849;50
11175;1,397849;50
11176;1,397849;50
11177;1,399071;50
11178;1,399071;50
11179;1,397849;50
11180;1,397849;50
11181;1,397849;50
11182;1,397849;50
11183;1,397849;50
11184;1,397849;50
11185;1,397849;50
11186;1,397849;50
11187;1,397849;50
11188;1,397849;50
11189;1,397849;50
11190;1,397849;50
11191;1,397849;50
11192;1,397849;50
11193;1,397849;50
11194;1,397849;50
11195;1,397849;50
11196;1,397849;50
11197;1,397849;50
11198;1,397849;50
11199;1,397849;50
11200;1,397849;50
11201;1,397849;50
11202;1,397849;50
11203;1,397849;50
11204;1,3966275;50
11205;1,395406;50
11206;1,395406;50
11207;1,395406;50
11208;1,394184;50
11209;1,392962;50
11210;1,392962;50
11211;1,392962;50
11212;1,392962;50
11213;1,392962;50
11214;1,392962;50
11215;1,392962;50
11216;1,392962;50
11217;1,392962;50
11218;1,392962;50
11219;1,392962;50
11220;1,392962;50
11221;1,392962;50
11222;1,392962;50
11223;1,392962;50
11224;1,392962;50
11225;1,394184;50
11226;1,394184;50
11227;1,394184;50
11228;1,3966275;50
11229;1,397849;50
11230;1,397849;50
11231;1,397849;50
11232;1,397849;50
11233;1,397849;50
11234;1,397849;50
11235;1,397849;50
11236;1,397849;50
11237;1,397849;50
11238;1,397849;50
11239;1,397849;50
11240;1,397849;50
11241;1,397849;50
11242;1,397849;50
11243;1,397849;50
11244;1,397849;50
11245;1,397849;50
11246;1,397849;50
11247;1,397849;50
11248;1,397849;50
11249;1,397849;50
11250;1,3966275;50
11251;1,395406;50
11252;1,395406;50
11253;1,395406;50
11254;1,395406;50
11255;1,395406;50
11256;1,3966275;50
11257;1,3966275;50
11258;1,395406;50
11259;1,395406;50
11260;1,395406;50
11261;1,394184;50
11262;1,392962;50
11263;1,392962;50
11264;1,392962;50
11265;1,392962;50
11266;1,392962;50
11267;1,392962;50
11268;1,392962;50
11269;1,392962;50
11270;1,39174;50
11271;1,390518;50
11272;1,389296;50
11273;1,388074;50
11274;1,388074;50
11275;1,388074;50
11276;1,388074;50
11277;1,388074;50
11278;1,388074;50
11279;1,388074;50
11280;1,388074;50
11281;1,390518;50
11282;1,39174;50
11283;1,390518;50
11284;1,39174;50
11285;1,392962;50
11286;1,392962;50
11287;1,392962;50
11288;1,392962;50
11289;1,392962;50
11290;1,394184;50
11291;1,394184;50
11292;1,3954055;50
11293;1,397849;50
11294;1,397849;50
11295;1,397849;50
11296;1,397849;50
11297;1,397849;50
11298;1,397849;50
11299;1,397849;50
11300;1,397849;50
11301;1,397849;50
11302;1,400293;50
11303;1,402737;50
11304;1,405181;50
11305;1,407625;50
11306;1,4100685;50
11307;1,412512;50
11308;1,412512;50
11309;1,413734;50
11310;1,416178;50
11311;1,4174;50
11312;1,4174;50
11313;1,4174;50
11314;1,4174;50
11315;1,4174;50
11316;1,4174;50
11317;1,4174;50
11318;1,414956;50
11319;1,412512;50
11320;1,412512;50
11321;1,412512;50
11322;1,4100685;50
11323;1,407625;50
11324;1,407625;50
11325;1,407625;50
11326;1,406403;50
11327;1,403959;50
11328;1,402737;50
11329;1,402737;50
11330;1,400293;50
11331;1,397849;50
11332;1,397849;50
11333;1,3966275;50
11334;1,394184;50
11335;1,392962;50
11336;1,392962;50
11337;1,392962;50
11338;1,392962;50
11339;1,392962;50
11340;1,392962;50
11341;1,392962;50
11342;1,392962;50
11343;1,392962;50
11344;1,392962;50
11345;1,392962;50
11346;1,392962;50
11347;1,392962;50
11348;1,3954055;50
11349;1,3966275;50
11350;1,3966275;50
11351;1,397849;50
11352;1,397849;50
11353;1,400293;50
11354;1,405181;50
11355;1,4125125;50
11356;1,4222875;50
11357;1,4332845;50
11358;1,4430595;50
11359;1,449169;50
11360;1,4540565;50
11361;1,4540565;50
11362;1,4540565;50
11363;1,4565;50
11364;1,458944;50
11365;1,461388;50
11366;1,463832;50
11367;1,465054;50
11368;1,463832;50
11369;1,46261;50
11370;1,46261;50
11371;1,463832;50
11372;1,465054;50
11373;1,4687195;50
11374;1,473607;50
11375;1,4784945;50
11376;1,4797165;50
11377;1,477273;50
11378;1,476051;50
11379;1,476051;50
11380;1,476051;50
11381;1,476051;50
11382;1,474829;50
11383;1,472385;50
11384;1,472385;50
11385;1,474829;50
11386;1,476051;50
11387;1,476051;50
11388;1,476051;50
11389;1,476051;50
11390;1,476051;50
11391;1,476051;50
11392;1,476051;50
11393;1,473607;50
11394;1,471163;50
11395;1,471163;50
11396;1,4760505;50
11397;1,485826;50
11398;1,4968235;50
11399;1,5065985;50
11400;1,511486;50
11401;1,5139295;50
11402;1,516373;50
11403;1,518817;50
11404;1,520039;50
11405;1,520039;50
11406;1,520039;50
11407;1,520039;50
11408;1,4345065;50
11409;1,285435;50
11410;1,1827955;50
11411;1,1290325;50
11412;1,091154;50
11413;0,94697;50
11414;0,478006;50
11415;0,3352885;50
11416;0,523216;50
11417;0,500733;50
11418;0,49609;50
11419;0,5046435;50
11420;0,519306;50
11421;0,5312805;50
11422;0,5471655;50
11423;0,570137;50
11424;0,588465;50
11425;0,5564515;50
11426;0,425953;50
11427;0,272727;50
11428;0,182307;50
11429;0,153959;50
11430;0,1260995;50
11431;0,104594;50
11432;0,1564025;50
11433;0,242913;50
11434;0,231427;50
11435;0,155914;50
11436;0,139541;50
11437;0,1593355;50
11438;0,1967255;50
11439;0,249756;50
11440;0,305963;50
11441;0,3548385;50
11442;0,4000485;50
11443;0,4423265;50
11444;0,4814275;50
11445;0,5156405;50
11446;0,5420335;50
11447;0,56305;50
11448;0,5730695;50
11449;0,570137;50
11450;0,5549855;50
11451;0,5452105;50
11452;0,581623;50
11453;0,614614;50
11454;0,6414955;50
11455;0,68304;50
11456;0,6639785;50
11457;0,611437;50
11458;0,579179;50
11459;0,5923755;50
11460;0,64565;50
11461;0,6292765;50
11462;0,559873;50
11463;0,487048;50
11464;0,363392;50
11465;0,246823;50
11466;0,2077225;50
11467;0,191105;50
11468;0,1456505;50
11469;0,106794;50
11470;0,0943305;50
11471;0,0931085;50
11472;0,1045945;50
11473;0,1314765;50
11474;0,168133;50
11475;0,2084555;50
11476;0,2399805;50
11477;0,251466;50
11478;0,240469;50
11479;0,218964;50
11480;0,2101665;50
11481;0,226784;50
11482;0,264907;50
11483;0,307918;50
11484;0,348485;50
11485;0,3812315;50
11486;0,3567935;50
11487;0,261486;50
11488;0,168133;50
11489;0,110948;50
11490;0,0706255;50
11491;0,04521;50
11492;0,032747;50
11493;0,0303035;50
11494;0,0342135;50
11495;0,0415445;50
11496;0,0733135;50
11497;0,175953;50
11498;0,2734605;50
11499;0,2729715;50
11500;0,2260505;50
11501;0,1801075;50
11502;0,150049;50
11503;0,142229;50
11504;0,1483385;50
11505;0,153226;50
11506;0,152737;50
11507;0,160557;50
11508;0,180352;50
11509;0,2045455;50
11510;0,228006;50
11511;0,2534215;50
11512;0,2825025;50
11513;0,310606;50
11514;0,3367545;50
11515;0,364614;50
11516;0,31305;50
11517;0,196481;50
11518;0,116569;50
11519;0,0694035;50
11520;0,0413;50
11521;0,0246825;50
11522;0,014907;50
11523;0,009042;50
11524;0,0053765;50
11525;0,0029325;50
11526;0,0014665;50
11527;0,000489;50
11528;0;50
11529;0;50
11530;0;50
11531;0;50
11532;0;50
11533;0;50
11534;0;50
11535;0;50
11536;0;50
11537;0;50
11538;0;50
11539;0;50
11540;0;50
11541;0;50
11542;0;50
11543;0;50
11544;0;50
11545;0;50
11546;0;50
11547;0;50
11548;0;50
11549;0;50
11550;0;50
11551;0;50
11552;0;50
11553;0;50
11554;0;50
11555;0;50
11556;0;50
11557;0;50
11558;0;50
11559;0;50
11560;0;50
11561;0;50
11562;0;50
11563;0;50
11564;0;50
11565;0;50
11566;0;50
11567;0;50
11568;0;50
11569;0;50
11570;0;50
11571;0;50
11572;0;50
11573;0;50
11574;0;50
11575;0;50
11576;0;50
11577;0;50
11578;0;50
11579;0;50
11580;0;50
11581;0;50
11582;0;50
11583;0;50
11584;0;50
11585;0;50
11586;0;50
11587;0;50
11588;0;50
11589;0;50
11590;0;50
11591;0;50
11592;0,0144185;50
11593;0,0466765;50
11594;0,0782015;50
11595;0,119746;50
11596;0,174487;50
11597;0,238759;50
11598;0,30523;50
11599;0,3682795;50
11600;0,4166665;50
11601;0,45479;50
11602;0,487048;50
11603;0,4596775;50
11604;0,3966275;50
11605;0,3760995;50
11606;0,375611;50
11607;0,383431;50
11608;0,4166665;50
11609;0,456745;50
11610;0,4848485;50
11611;0,507087;50
11612;0,530792;50
11613;0,539834;50
11614;0,5395895;50
11615;0,5540075;50
11616;0,574291;50
11617;0,5762465;50
11618;0,570626;50
11619;0,5601175;50
11620;0,543255;50
11621;0,5273705;50
11622;0,5131965;50
11623;0,500244;50
11624;0,489247;50
11625;0,4811825;50
11626;0,4765395;50
11627;0,4758065;50
11628;0,478739;50
11629;0,4848485;50
11630;0,4931575;50
11631;0,502444;50
11632;0,512708;50
11633;0,523705;50
11634;0,5351905;50
11635;0,5466765;50
11636;0,558651;50
11637;0,5713585;50
11638;0,5835775;50
11639;0,5943305;50
11640;0,6031285;50
11641;0,610704;50
11642;0,6175465;50
11643;0,624145;50
11644;0,630743;50
11645;0,6375855;50
11646;0,6446725;50
11647;0,6517595;50
11648;0,6593355;50
11649;0,6674;50
11650;0,67522;50
11651;0,6827955;50
11652;0,6898825;50
11653;0,6969695;50
11654;0,7033235;50
11655;0,7087;50
11656;0,7143205;50
11657;0,7194525;50
11658;0,7245845;50
11659;0,729961;50
11660;0,7353375;50
11661;0,740225;50
11662;0,744135;50
11663;0,748045;50
11664;0,7521995;50
11665;0,756354;50
11666;0,760264;50
11667;0,764174;50
11668;0,768084;50
11669;0,7715055;50
11670;0,774927;50
11671;0,778348;50
11672;0,781525;50
11673;0,783969;50
11674;0,7861685;50
11675;0,788368;50
11676;0,790323;50
11677;0,792522;50
11678;0,794721;50
11679;0,7969205;50
11680;0,7993645;50
11681;0,801564;50
11682;0,8030305;50
11683;0,804008;50
11684;0,8057185;50
11685;0,8076735;50
11686;0,810117;50
11687;0,8128055;50
11688;0,815494;50
11689;0,8191595;50
11690;0,8223365;50
11691;0,825269;50
11692;0,828446;50
11693;0,8318675;50
11694;0,836266;50
11695;0,8406645;50
11696;0,8443305;50
11697;0,8475075;50
11698;0,85044;50
11699;0,852395;50
11700;0,853861;50
11701;0,8553275;50
11702;0,8570385;50
11703;0,859482;50
11704;0,8624145;50
11705;0,8648585;50
11706;0,86608;50
11707;0,8665685;50
11708;0,866813;50
11709;0,8670575;50
11710;0,868035;50
11711;0,869746;50
11712;0,871701;50
11713;0,8734115;50
11714;0,8746335;50
11715;0,875122;50
11716;0,8748775;50
11717;0,8748775;50
11718;0,8753665;50
11719;0,8761;50
11720;0,877322;50
11721;0,8790325;50
11722;0,880254;50
11723;0,880987;50
11724;0,880987;50
11725;0,8804985;50
11726;0,8802545;50
11727;0,8809875;50
11728;0,882209;50
11729;0,8831865;50
11730;0,88392;50
11731;0,884653;50
11732;0,8844085;50
11733;0,8836755;50
11734;0,8831865;50
11735;0,8824535;50
11736;0,8824535;50
11737;0,8826975;50
11738;0,8826975;50
11739;0,8826975;50
11740;0,882209;50
11741;0,881476;50
11742;0,880987;50
11743;0,880987;50
11744;0,880987;50
11745;0,8812315;50
11746;0,882209;50
11747;0,8831865;50
11748;0,884653;50
11749;0,8863635;50
11750;0,8883185;50
11751;0,8900295;50
11752;0,8919845;50
11753;0,8941835;50
11754;0,89565;50
11755;0,897361;50
11756;0,898583;50
11757;0,899805;50
11758;0,957967;50
11759;1,015396;50
11760;1,016618;50
11761;1,0190615;50
11762;1,0190615;50
11763;1,0190615;50
11764;1,0202835;50
11765;1,0202835;50
11766;1,021505;50
11767;1,021505;50
11768;1,021505;50
11769;1,021505;50
11770;1,021505;50
11771;1,021505;50
11772;1,021505;50
11773;1,021505;50
11774;1,0202835;50
11775;1,0202835;50
11776;1,021505;50
11777;1,022727;50
11778;1,0215055;50
11779;1,0202835;50
11780;1,0190615;50
11781;1,0190615;50
11782;1,021505;50
11783;1,021505;50
11784;1,021505;50
11785;1,021505;50
11786;1,0202835;50
11787;1,0202835;50
11788;1,021505;50
11789;1,021505;50
11790;1,0202835;50
11791;1,019062;50
11792;1,01784;50
11793;1,01784;50
11794;1,01784;50
11795;1,016618;50
11796;1,014174;50
11797;1,014174;50
11798;1,014174;50
11799;1,01173;50
11800;1,01173;50
11801;1,01173;50
11802;1,01173;50
11803;1,01173;50
11804;1,01173;50
11805;1,01173;50
11806;1,01173;50
11807;1,014174;50
11808;1,016618;50
11809;1,01784;50
11810;1,019062;50
11811;1,0202835;50
11812;1,021505;50
11813;1,023949;50
11814;1,026393;50
11815;1,026393;50
11816;1,026393;50
11817;1,027615;50
11818;1,027615;50
11819;1,026393;50
11820;1,023949;50
11821;1,021505;50
11822;1,0190615;50
11823;1,016618;50
11824;1,015396;50
11825;1,015396;50
11826;1,014174;50
11827;1,014174;50
11828;1,0190615;50
11829;1,026393;50
11830;1,0361685;50
11831;1,050831;50
11832;1,0691595;50
11833;1,0911535;50
11834;1,1119255;50
11835;1,131476;50
11836;1,1485825;50
11837;1,165689;50
11838;1,168133;50
11839;1,143695;50
11840;1,1107035;50
11841;1,085044;50
11842;1,061828;50
11843;1,023949;50
11844;0,9824045;50
11845;0,94086;50
11846;0,9017595;50
11847;0,526393;50
11848;0,4499025;50
11849;0,7255625;50
11850;0,723363;50
11851;0,7321605;50
11852;0,7380255;50
11853;0,7426685;50
11854;0,7473115;50
11855;0,752688;50
11856;0,755132;50
11857;0,7561095;50
11858;0,762952;50
11859;0,7969205;50
11860;0,8594815;50
11861;0,9178885;50
11862;1,0254155;50
11863;1,1400295;50
11864;1,202346;50
11865;1,2646625;50
11866;1,3123165;50
11867;1,351417;50
11868;1,403959;50
11869;1,4565005;50
11870;1,5004885;50
11871;1,534702;50
11872;1,5518085;50
11873;1,554252;50
11874;1,5469205;50
11875;1,53348;50
11876;1,512708;50
11877;1,4894915;50
11878;1,471163;50
11879;1,4565005;50
11880;1,441838;50
11881;1,427175;50
11882;1,414956;50
11883;1,4015155;50
11884;1,3880745;50
11885;1,3758555;50
11886;1,3636365;50
11887;1,3526395;50
11888;1,3404205;50
11889;1,3282015;50
11890;1,312317;50
11891;1,2707725;50
11892;1,0068425;50
11893;0,428152;50
11894;0,1725315;50
11895;0,2111435;50
11896;0,1304985;50
11897;0,0821115;50
11898;0,054741;50
11899;0,039345;50
11900;0,0300585;50
11901;0,0215055;50
11902;0,013441;50
11903;0,0080645;50
11904;0,0048875;50
11905;0,0029325;50
11906;0,0014665;50
11907;0,002444;50
11908;0,0073315;50
11909;0,0239495;50
11910;0,0525415;50
11911;0,0887095;50
11912;0,1270775;50
11913;0,164223;50
11914;0,197947;50
11915;0,2021015;50
11916;0,1524925;50
11917;0,089687;50
11918;0,052786;50
11919;0,0312805;50
11920;0,018328;50
11921;0,010508;50
11922;0,005865;50
11923;0,0029325;50
11924;0,0014665;50
11925;0,000489;50
11926;0;50
11927;0;50
11928;0;50
11929;0;50
11930;0;50
11931;0;50
11932;0;50
11933;0;50
11934;0;50
11935;0;50
11936;0;50
11937;0;50
11938;0;50
11939;0;50
11940;0;50
11941;0;50
11942;0;50
11943;0;50
11944;0;50
11945;0;50
11946;0;50
11947;0;50
11948;0;50
11949;0;50
11950;0;50
11951;0;50
11952;0;50
11953;0;50
11954;0;50
11955;0;50
11956;0;50
11957;0;50
11958;0;50
11959;0;50
11960;0;50
11961;0;50
11962;0;50
11963;0;50
11964;0;50
11965;0;50
11966;0;50
11967;0;50
11968;0;50
11969;0;50
11970;0;50
11971;0;50
11972;0;50
11973;0;50
11974;0;50
11975;0;50
11976;0;50
11977;0;50
11978;0;50
11979;0;50
11980;0;50
11981;0;50
11982;0;50
11983;0;50
11984;0;50
11985;0;50
11986;0;50
11987;0;50
11988;0;50
11989;0;50
11990;0;50
11991;0;50
11992;0;50
11993;0;50
11994;0;50
11995;0;50
11996;0;50
11997;0;50
11998;0;50
11999;0;50
12000;0;50
12001;0;50
12002;0;50
12003;0;50
12004;0;50
12005;0;50
12006;0;50
12007;0;50
12008;0,0092865;50
12009;0,036657;50
12010;0,074047;50
12011;0,1170575;50
12012;0,1603125;50
12013;0,2001465;50
12014;0,235826;50
12015;0,2683285;50
12016;0,297165;50
12017;0,321603;50
12018;0,3411535;50
12019;0,3572825;50
12020;0,3721895;50
12021;0,3883185;50
12022;0,4076245;50
12023;0,4288855;50
12024;0,4494135;50
12025;0,467742;50
12026;0,48436;50
12027;0,4995115;50
12028;0,5131965;50
12029;0,5266375;50
12030;0,539101;50
12031;0,5510755;50
12032;0,562561;50
12033;0,5733135;50
12034;0,5840665;50
12035;0,5948195;50
12036;0,6058165;50
12037;0,61608;50
12038;0,6260995;50
12039;0,635875;50
12040;0,644917;50
12041;0,653959;50
12042;0,66349;50
12043;0,673265;50
12044;0,68304;50
12045;0,692815;50
12046;0,702346;50
12047;0,7113885;50
12048;0,719697;50
12049;0,7265395;50
12050;0,672043;50
12051;0,605083;50
12052;0,628055;50
12053;0,680841;50
12054;0,713832;50
12055;0,7353375;50
12056;0,749756;50
12057;0,7592865;50
12058;0,7666175;50
12059;0,7724825;50
12060;0,6603125;50
12061;0,536657;50
12062;0,581623;50
12063;0,592131;50
12064;0,5943305;50
12065;0,6730205;50
12066;0,7260505;50
12067;0,758553;50
12068;0,7788365;50
12069;0,7917885;50
12070;0,764418;50
12071;0,69086;50
12072;0,6847505;50
12073;0,7402245;50
12074;0,7737045;50
12075;0,793744;50
12076;0,8062075;50
12077;0,815005;50
12078;0,8206255;50
12079;0,8245355;50
12080;0,827224;50
12081;0,8294235;50
12082;0,831623;50
12083;0,833578;50
12084;0,835044;50
12085;0,835777;50
12086;0,836266;50
12087;0,8360215;50
12088;0,835288;50
12089;0,834555;50
12090;0,8340665;50
12091;0,833822;50
12092;0,833333;50
12093;0,833333;50
12094;0,833333;50
12095;0,8323555;50
12096;0,831378;50
12097;0,8308895;50
12098;0,8308895;50
12099;0,8308895;50
12100;0,831134;50
12101;0,831867;50
12102;0,8333335;50
12103;0,835044;50
12104;0,837732;50
12105;0,8406645;50
12106;0,843597;50
12107;0,8475075;50
12108;0,850929;50
12109;0,8538615;50
12110;0,8565495;50
12111;0,858749;50
12112;0,8609485;50
12113;0,7805475;50
12114;0,7250735;50
12115;0,6999025;50
12116;0,5884655;50
12117;0,5053765;50
12118;0,469697;50
12119;0,4525905;50
12120;0,463099;50
12121;0,5557185;50
12122;0,5718475;50
12123;0,524927;50
12124;0,5183285;50
12125;0,567204;50
12126;0,6832845;50
12127;0,756354;50
12128;0,8000975;50
12129;0,826246;50
12130;0,8418865;50
12131;0,8519065;50
12132;0,8582605;50
12133;0,8621705;50
12134;0,8643695;50
12135;0,865347;50
12136;0,865836;50
12137;0,865836;50
12138;0,8660805;50
12139;0,8663245;50
12140;0,866813;50
12141;0,8663245;50
12142;0,8663245;50
12143;0,866569;50
12144;0,8668135;50
12145;0,8670575;50
12146;0,866813;50
12147;0,8658355;50
12148;0,8643695;50
12149;0,7908115;50
12150;0,6994135;50
12151;0,7179865;50
12152;0,6747315;50
12153;0,5948195;50
12154;0,649316;50
12155;0,628055;50
12156;0,516618;50
12157;0,4674975;50
12158;0,4486805;50
12159;0,441105;50
12160;0,4384165;50
12161;0,437439;50
12162;0,4956015;50
12163;0,615836;50
12164;0,7155425;50
12165;0,7773705;50
12166;0,817449;50
12167;0,844575;50
12168;0,862659;50
12169;0,873656;50
12170;0,8804985;50
12171;0,885875;50
12172;0,889785;50
12173;0,892473;50
12174;0,8939395;50
12175;0,8944285;50
12176;0,894184;50
12177;0,8939395;50
12178;0,8932065;50
12179;0,892229;50
12180;0,8914955;50
12181;0,8907625;50
12182;0,8900295;50
12183;0,889785;50
12184;0,889785;50
12185;0,889296;50
12186;0,888563;50
12187;0,8880745;50
12188;0,8873415;50
12189;0,8866085;50
12190;0,8856305;50
12191;0,884164;50
12192;0,882698;50
12193;0,8809875;50
12194;0,879521;50
12195;0,878299;50
12196;0,8770775;50
12197;0,8761;50
12198;0,8753665;50
12199;0,8748775;50
12200;0,8739;50
12201;0,872434;50
12202;0,8714565;50
12203;0,870479;50
12204;0,8695015;50
12205;0,868524;50
12206;0,8668135;50
12207;0,864614;50
12208;0,8624145;50
12209;0,860948;50
12210;0,8599705;50
12211;0,8597265;50
12212;0,8597265;50
12213;0,859482;50
12214;0,859482;50
12215;0,8592375;50
12216;0,858749;50
12217;0,8582605;50
12218;0,8582605;50
12219;0,858749;50
12220;0,858993;50
12221;0,859726;50
12222;0,860948;50
12223;0,8592375;50
12224;0,8592375;50
12225;0,8643695;50
12226;0,8682795;50
12227;0,8580155;50
12228;0,8497065;50
12229;0,723607;50
12230;0,5491205;50
12231;0,487537;50
12232;0,4828935;50
12233;0,509042;50
12234;0,579179;50
12235;0,684995;50
12236;0,7651515;50
12237;0,7497555;50
12238;0,716031;50
12239;0,641251;50
12240;0,5816225;50
12241;0,6654445;50
12242;0,672043;50
12243;0,568915;50
12244;0,4978005;50
12245;0,487048;50
12246;0,575269;50
12247;0,604839;50
12248;0,543011;50
12249;0,515396;50
12250;0,579912;50
12251;0,707478;50
12252;0,782747;50
12253;0,828446;50
12254;0,854839;50
12255;0,8695015;50
12256;0,8787875;50
12257;0,8839195;50
12258;0,8863635;50
12259;0,88783;50
12260;0,888319;50
12261;0,888319;50
12262;0,8880745;50
12263;0,88783;50
12264;0,887097;50
12265;0,885875;50
12266;0,884164;50
12267;0,766129;50
12268;0,622923;50
12269;0,653226;50
12270;0,743402;50
12271;0,796188;50
12272;0,8269795;50
12273;0,8457965;50
12274;0,8560605;50
12275;0,861437;50
12276;0,8651025;50
12277;0,8677905;50
12278;0,840176;50
12279;0,823314;50
12280;0,8333335;50
12281;0,8391985;50
12282;0,8526395;50
12283;0,8616815;50
12284;0,8675465;50
12285;0,7966765;50
12286;0,685728;50
12287;0,626344;50
12288;0,6625125;50
12289;0,7553765;50
12290;0,7561095;50
12291;0,6891495;50
12292;0,6368525;50
12293;0,6747315;50
12294;0,764907;50
12295;0,7280055;50
12296;0,60826;50
12297;0,548387;50
12298;0,5131965;50
12299;0,4789835;50
12300;0,46652;50
12301;0,4621215;50
12302;0,460411;50
12303;0,459922;50
12304;0,459922;50
12305;0,4596775;50
12306;0,4591885;50
12307;0,4584555;50
12308;0,458211;50
12309;0,4584555;50
12310;0,4587;50
12311;0,4584555;50
12312;0,4584555;50
12313;0,4584555;50
12314;0,4577225;50
12315;0,4569895;50
12316;0,501222;50
12317;0,532258;50
12318;0,5024435;50
12319;0,4760505;50
12320;0,463832;50
12321;0,4589445;50
12322;0,457478;50
12323;0,456256;50
12324;0,461388;50
12325;0,523949;50
12326;0,539345;50
12327;0,5151515;50
12328;0,6021505;50
12329;0,7135875;50
12330;0,781036;50
12331;0,822336;50
12332;0,847263;50
12333;0,8621705;50
12334;0,8712125;50
12335;0,8765885;50
12336;0,8787875;50
12337;0,880254;50
12338;0,881476;50
12339;0,882209;50
12340;0,8824535;50
12341;0,8829425;50
12342;0,883431;50
12343;0,884164;50
12344;0,885386;50
12345;0,886608;50
12346;0,888319;50
12347;0,8905185;50
12348;0,892962;50
12349;0,895161;50
12350;0,896872;50
12351;0,898583;50
12352;0,900049;50
12353;0,957478;50
12354;1,012952;50
12355;1,012952;50
12356;1,014174;50
12357;1,012952;50
12358;1,014174;50
12359;1,014174;50
12360;1,01173;50
12361;1,01173;50
12362;1,014174;50
12363;1,016618;50
12364;1,0190615;50
12365;1,023949;50
12366;1,028837;50
12367;1,0361685;50
12368;1,0434995;50
12369;1,048387;50
12370;1,0532745;50
12371;1,058162;50
12372;1,06305;50
12373;1,065494;50
12374;1,0679375;50
12375;1,070381;50
12376;1,072825;50
12377;1,075269;50
12378;1,075269;50
12379;1,072825;50
12380;1,070381;50
12381;1,0679375;50
12382;1,065494;50
12383;1,06305;50
12384;1,060606;50
12385;1,058162;50
12386;1,0544965;50
12387;1,050831;50
12388;1,0422775;50
12389;1,0312805;50
12390;1,0215055;50
12391;1,014174;50
12392;1,0092865;50
12393;1,006843;50
12394;1,005621;50
12395;1,005621;50
12396;1,006843;50
12397;1,006843;50
12398;1,005621;50
12399;1,005621;50
12400;1,004399;50
12401;1,001955;50
12402;1,001955;50
12403;1,001955;50
12404;1,001955;50
12405;1,0068425;50
12406;1,01173;50
12407;1,014174;50
12408;1,016618;50
12409;1,0190615;50
12410;1,021505;50
12411;1,023949;50
12412;1,027615;50
12413;1,0325025;50
12414;1,036168;50
12415;1,03739;50
12416;1,03739;50
12417;1,038612;50
12418;1,038612;50
12419;1,036168;50
12420;1,034946;50
12421;1,034946;50
12422;1,034946;50
12423;0,978739;50
12424;0,735582;50
12425;0,3030305;50
12426;0,1207235;50
12427;0,147605;50
12428;0,0906645;50
12429;0,0557185;50
12430;0,0344575;50
12431;0,0210165;50
12432;0,0127075;50
12433;0,00782;50
12434;0,0048875;50
12435;0,003177;50
12436;0,001955;50
12437;0,001222;50
12438;0,000489;50
12439;0;50
12440;0;50
12441;0,0034215;50
12442;0,0171065;50
12443;0,0410555;50
12444;0,065005;50
12445;0,088221;50
12446;0,1045945;50
12447;0,0852885;50
12448;0,0493645;50
12449;0,0285925;50
12450;0,0163735;50
12451;0,0092865;50
12452;0,005132;50
12453;0,002688;50
12454;0,0009775;50
12455;0;50
12456;0;50
12457;0;50
12458;0,00391;50
12459;0,0068425;50
12460;0,004399;50
12461;0,0019555;50
12462;0,000489;50
12463;0;50
12464;0,002688;50
12465;0,0190615;50
12466;0,050831;50
12467;0,0904205;50
12468;0,130743;50
12469;0,1691105;50
12470;0,211144;50
12471;0,261486;50
12472;0,3128055;50
12473;0,356794;50
12474;0,3919845;50
12475;0,4203325;50
12476;0,4423265;50
12477;0,460899;50
12478;0,477028;50
12479;0,4863145;50
12480;0,476051;50
12481;0,4408605;50
12482;0,378299;50
12483;0,3064515;50
12484;0,255132;50
12485;0,2233625;50
12486;0,2033235;50
12487;0,192571;50
12488;0,1911045;50
12489;0,195992;50
12490;0,2052785;50
12491;0,2170085;50
12492;0,230694;50
12493;0,2463345;50
12494;0,2627075;50
12495;0,279081;50
12496;0,2954545;50
12497;0,311828;50
12498;0,327957;50
12499;0,343597;50
12500;0,359482;50
12501;0,374878;50
12502;0,389785;50
12503;0,4037145;50
12504;0,416422;50
12505;0,428641;50
12506;0,440616;50
12507;0,4523465;50
12508;0,4628545;50
12509;0,4726295;50
12510;0,4821605;50
12511;0,490958;50
12512;0,499267;50
12513;0,507576;50
12514;0,5151515;50
12515;0,5222385;50
12516;0,528837;50
12517;0,5349465;50
12518;0,540567;50
12519;0,5459435;50
12520;0,55132;50
12521;0,5562075;50
12522;0,560606;50
12523;0,5650045;50
12524;0,5698925;50
12525;0,5742915;50
12526;0,577957;50
12527;0,581867;50
12528;0,586266;50
12529;0,590665;50
12530;0,594819;50
12531;0,599218;50
12532;0,603617;50
12533;0,60826;50
12534;0,6131475;50
12535;0,6182795;50
12536;0,623656;50
12537;0,6292765;50
12538;0,634897;50
12539;0,6402735;50
12540;0,646139;50
12541;0,652004;50
12542;0,657136;50
12543;0,662268;50
12544;0,6673995;50
12545;0,672287;50
12546;0,6769305;50
12547;0,6813295;50
12548;0,6852395;50
12549;0,688905;50
12550;0,6925705;50
12551;0,695503;50
12552;0,6981915;50
12553;0,70088;50
12554;0,702835;50
12555;0,704301;50
12556;0,706256;50
12557;0,708211;50
12558;0,710166;50
12559;0,711877;50
12560;0,7133435;50
12561;0,7140765;50
12562;0,7148095;50
12563;0,7155425;50
12564;0,716031;50
12565;0,7167645;50
12566;0,717498;50
12567;0,7187195;50
12568;0,7201855;50
12569;0,7218965;50
12570;0,7238515;50
12571;0,7258065;50
12572;0,726784;50
12573;0,7277615;50
12574;0,728739;50
12575;0,729472;50
12576;0,730694;50
12577;0,7309385;50
12578;0,730694;50
12579;0,730205;50
12580;0,7292275;50
12581;0,728006;50
12582;0,7270285;50
12583;0,7260505;50
12584;0,7248285;50
12585;0,7240955;50
12586;0,723118;50
12587;0,721896;50
12588;0,7214075;50
12589;0,721652;50
12590;0,7218965;50
12591;0,7218965;50
12592;0,723118;50
12593;0,725562;50
12594;0,728739;50
12595;0,7324045;50
12596;0,7368035;50
12597;0,7412025;50
12598;0,745357;50
12599;0,7495115;50
12600;0,7534215;50
12601;0,7565985;50
12602;0,7597755;50
12603;0,7624635;50
12604;0,7658845;50
12605;0,76955;50
12606;0,7734605;50
12607;0,7773705;50
12608;0,780547;50
12609;0,7827465;50
12610;0,7839685;50
12611;0,784946;50
12612;0,7856795;50
12613;0,785924;50
12614;0,785924;50
12615;0,785191;50
12616;0,7844575;50
12617;0,783724;50
12618;0,7827465;50
12619;0,781525;50
12620;0,7805475;50
12621;0,77957;50
12622;0,778348;50
12623;0,7776145;50
12624;0,776393;50
12625;0,7751715;50
12626;0,7739495;50
12627;0,7722385;50
12628;0,7702835;50
12629;0,768573;50
12630;0,7671065;50
12631;0,76564;50
12632;0,764418;50
12633;0,7634405;50
12634;0,762952;50
12635;0,7624635;50
12636;0,7619745;50
12637;0,760997;50
12638;0,7597755;50
12639;0,758309;50
12640;0,7563535;50
12641;0,753421;50
12642;0,749267;50
12643;0,744868;50
12644;0,7414465;50
12645;0,739003;50
12646;0,737781;50
12647;0,7375365;50
12648;0,737292;50
12649;0,7370475;50
12650;0,7370475;50
12651;0,738025;50
12652;0,740469;50
12653;0,7438905;50
12654;0,746823;50
12655;0,748778;50
12656;0,75;50
12657;0,7509775;50
12658;0,7509775;50
12659;0,7502445;50
12660;0,749267;50
12661;0,748534;50
12662;0,747801;50
12663;0,747312;50
12664;0,7470675;50
12665;0,746823;50
12666;0,746334;50
12667;0,7453565;50
12668;0,743157;50
12669;0,7382695;50
12670;0,731427;50
12671;0,723607;50
12672;0,715054;50
12673;0,7050345;50
12674;0,6955035;50
12675;0,687683;50
12676;0,6827955;50
12677;0,6805965;50
12678;0,6801075;50
12679;0,6803515;50
12680;0,6827955;50
12681;0,6896385;50
12682;0,699658;50
12683;0,7123655;50
12684;0,7292275;50
12685;0,7512215;50
12686;0,7781035;50
12687;0,809384;50
12688;0,8431085;50
12689;0,874145;50
12690;0,9015155;50
12691;0,9821605;50
12692;1,061828;50
12693;1,087488;50
12694;1,111926;50
12695;1,135142;50
12696;1,1632455;50
12697;1,1999025;50
12698;1,25;50
12699;1,3098725;50
12700;1,363636;50
12701;1,400293;50
12702;1,4222875;50
12703;1,4345065;50
12704;1,4308405;50
12705;1,4076245;50
12706;1,367302;50
12707;1,3123165;50
12708;1,248778;50
12709;1,182796;50
12710;1,122923;50
12711;1,071603;50
12712;1,0288365;50
12713;0,9934015;50
12714;0,9616325;50
12715;0,933529;50
12716;0,906647;50
12717;0,5312805;50
12718;0,4604105;50
12719;0,7438905;50
12720;0,731916;50
12721;0,726295;50
12722;0,725073;50
12723;0,7270285;50
12724;0,731916;50
12725;0,738514;50
12726;0,743402;50
12727;0,742913;50
12728;0,736559;50
12729;0,7262955;50
12730;0,71261;50
12731;0,6969695;50
12732;0,6788855;50
12733;0,6564025;50
12734;0,6241445;50
12735;0,5694035;50
12736;0,4674975;50
12737;0,3257575;50
12738;0,2016125;50
12739;0,123167;50
12740;0,0750245;50
12741;0,0459435;50
12742;0,030059;50
12743;0,0364125;50
12744;0,0816225;50
12745;0,1678885;50
12746;0,2851905;50
12747;0,4217985;50
12748;0,565738;50
12749;0,7006355;50
12750;0,8172045;50
12751;0,914712;50
12752;1,054741;50
12753;1,166911;50
12754;1,182796;50
12755;1,1656895;50
12756;1,1168135;50
12757;1,039834;50
12758;0,944526;50
12759;0,5273705;50
12760;0,4301075;50
12761;0,7087;50
12762;0,7470675;50
12763;0,8154935;50
12764;0,8927175;50
12765;1,0215055;50
12766;1,1375855;50
12767;1,1950145;50
12768;1,270772;50
12769;1,363636;50
12770;1,458944;50
12771;1,5493645;50
12772;1,627566;50
12773;1,688661;50
12774;1,7179865;50
12775;1,676442;50
12776;1,571359;50
12777;1,4540565;50
12778;1,3587485;50
12779;1,2903225;50
12780;1,237781;50
12781;1,188905;50
12782;1,151026;50
12783;1,143695;50
12784;1,1656895;50
12785;1,2096775;50
12786;1,271994;50
12787;1,3404205;50
12788;1,407625;50
12789;1,4784945;50
12790;1,554252;50
12791;1,638563;50
12792;1,732649;50
12793;1,829179;50
12794;1,9281525;50
12795;2,025904;50
12796;2,1163245;50
12797;2,195748;50
12798;2,264174;50
12799;2,3289345;50
12800;2,382698;50
12801;2,416911;50
12802;2,4364615;50
12803;2,4462365;50
12804;2,4535675;50
12805;2,459677;50
12806;2,4682305;50
12807;2,486559;50
12808;2,512219;50
12809;2,5342135;50
12810;2,5452105;50
12811;2,5452105;50
12812;2,5342135;50
12813;2,5195505;50
12814;2,5073315;50
12815;2,4975565;50
12816;2,4828935;50
12817;2,460899;50
12818;2,436461;50
12819;2,4071355;50
12820;2,3753665;50
12821;2,3411535;50
12822;2,3020525;50
12823;2,262952;50
12824;2,2214075;50
12825;2,179863;50
12826;2,1407625;50
12827;2,1016615;50
12828;2,0650045;50
12829;2,0295695;50
12830;1,9953565;50
12831;1,9648095;50
12832;1,9391495;50
12833;1,918377;50
12834;1,900049;50
12835;1,8841645;50
12836;1,865836;50
12837;1,843842;50
12838;1,8255135;50
12839;1,8120725;50
12840;1,804741;50
12841;1,801075;50
12842;1,7961875;50
12843;1,783969;50
12844;1,7644185;50
12845;1,7473115;50
12846;1,732649;50
12847;1,721652;50
12848;1,7130985;50
12849;1,7045455;50
12850;1,695992;50
12851;1,684995;50
12852;1,6703325;50
12853;1,6544475;50
12854;1,637341;50
12855;1,617791;50
12856;1,5982405;50
12857;1,576246;50
12858;1,551808;50
12859;1,5237045;50
12860;1,494379;50
12861;1,4662755;50
12862;1,424731;50
12863;1,3709675;50
12864;1,322092;50
12865;1,2817695;50
12866;1,2451125;50
12867;1,2108995;50
12868;1,181574;50
12869;1,1595795;50
12870;1,142473;50
12871;1,1265885;50
12872;1,109482;50
12873;1,1253665;50
12874;1,1962365;50
12875;1,265885;50
12876;1,3049855;50
12877;1,3269795;50
12878;1,334311;50
12879;1,334311;50
12880;1,331867;50
12881;1,329423;50
12882;1,3257575;50
12883;1,32087;50
12884;1,317204;50
12885;1,31476;50
12886;1,3123165;50
12887;1,309873;50
12888;1,307429;50
12889;1,304985;50
12890;1,3000975;50
12891;1,2927665;50
12892;1,285435;50
12893;1,2768815;50
12894;1,2671065;50
12895;1,258553;50
12896;1,2512215;50
12897;1,2438905;50
12898;1,236559;50
12899;1,2292275;50
12900;1,2218965;50
12901;1,214565;50
12902;1,2096775;50
12903;1,20479;50
12904;1,199902;50
12905;1,197458;50
12906;1,1925705;50
12907;1,187683;50
12908;1,188905;50
12909;1,1937925;50
12910;1,199902;50
12911;1,20479;50
12912;1,20479;50
12913;1,190127;50
12914;1,105816;50
12915;0,990958;50
12916;0,9188665;50
12917;0,528837;50
12918;0,459922;50
12919;0,7482895;50
12920;0,744135;50
12921;0,7478005;50
12922;0,7583085;50
12923;0,784946;50
12924;0,8277125;50
12925;0,8695015;50
12926;0,900049;50
12927;0,9797165;50
12928;1,0557185;50
12929;1,074047;50
12930;1,0923755;50
12931;1,109482;50
12932;1,1278105;50
12933;1,148583;50
12934;1,1730205;50
12935;1,2035675;50
12936;1,2438905;50
12937;1,297654;50
12938;1,3514175;50
12939;1,395406;50
12940;1,4320625;50
12941;1,4638315;50
12942;1,495601;50
12943;1,5273705;50
12944;1,5615835;50
12945;1,5970185;50
12946;1,6336755;50
12947;1,686217;50
12948;1,769306;50
12949;1,8841645;50
12950;2,021017;50
12951;2,1871945;50
12952;2,3704785;50
12953;2,5244375;50
12954;2,6124145;50
12955;2,631965;50
12956;2,603861;50
12957;2,5403225;50
12958;2,463343;50
12959;2,3998045;50
12960;2,350929;50
12961;2,299609;50
12962;2,237292;50
12963;2,1639785;50
12964;2,079668;50
12965;1,9892475;50
12966;1,896383;50
12967;1,8059625;50
12968;1,730205;50
12969;1,6691105;50
12970;1,593353;50
12971;1,473607;50
12972;1,329423;50
12973;1,197458;50
12974;1,094819;50
12975;1,0092865;50
12976;0,932307;50
12977;0,531525;50
12978;0,43304;50
12979;0,678397;50
12980;0,6451615;50
12981;0,6202345;50
12982;0,583822;50
12983;0,5344575;50
12984;0,485826;50
12985;0,4396385;50
12986;0,3726785;50
12987;0,28739;50
12988;0,2101665;50
12989;0,153959;50
12990;0,1190125;50
12991;0,105816;50
12992;0,111681;50
12993;0,12781;50
12994;0,149071;50
12995;0,171554;50
12996;0,194037;50
12997;0,2150535;50
12998;0,2336265;50
12999;0,2514665;50
13000;0,268084;50
13001;0,2839685;50
13002;0,298876;50
13003;0,313539;50
13004;0,330401;50
13005;0,3487295;50
13006;0,3668135;50
13007;0,3836755;50
13008;0,4002935;50
13009;0,4159335;50
13010;0,402248;50
13011;0,329423;50
13012;0,2492665;50
13013;0,2021015;50
13014;0,1737535;50
13015;0,1568915;50
13016;0,146628;50
13017;0,1405185;50
13018;0,1368525;50
13019;0,134653;50
13020;0,133187;50
13021;0,1322095;50
13022;0,1317205;50
13023;0,1312315;50
13024;0,130987;50
13025;0,130987;50
13026;0,130743;50
13027;0,130499;50
13028;0,1302545;50
13029;0,13001;50
13030;0,13001;50
13031;0,1302545;50
13032;0,1302545;50
13033;0,13001;50
13034;0,13001;50
13035;0,1302545;50
13036;0,1302545;50
13037;0,13001;50
13038;0,13001;50
13039;0,13001;50
13040;0,13001;50
13041;0,13001;50
13042;0,13001;50
13043;0,13001;50
13044;0,13001;50
13045;0,13001;50
13046;0,13001;50
13047;0,13001;50
13048;0,13001;50
13049;0,13001;50
13050;0,13001;50
13051;0,13001;50
13052;0,13001;50
13053;0,13001;50
13054;0,13001;50
13055;0,13001;50
13056;0,13001;50
13057;0,13001;50
13058;0,13001;50
13059;0,13001;50
13060;0,13001;50
13061;0,13001;50
13062;0,13001;50
13063;0,13001;50
13064;0,13001;50
13065;0,13001;50
13066;0,13001;50
13067;0,13001;50
13068;0,13001;50
13069;0,13001;50
13070;0,13001;50
13071;0,13001;50
13072;0,13001;50
13073;0,13001;50
13074;0,13001;50
13075;0,13001;50
13076;0,13001;50
13077;0,13001;50
13078;0,13001;50
13079;0,13001;50
13080;0,13001;50
13081;0,13001;50
13082;0,13001;50
13083;0,13001;50
13084;0,13001;50
13085;0,13001;50
13086;0,13001;50
13087;0,1297655;50
13088;0,129521;50
13089;0,1297655;50
13090;0,13001;50
13091;0,13001;50
13092;0,13001;50
13093;0,13001;50
13094;0,13001;50
13095;0,13001;50
13096;0,13001;50
13097;0,13001;50
13098;0,13001;50
13099;0,13001;50
13100;0,13001;50
13101;0,13001;50
13102;0,13001;50
13103;0,13001;50
13104;0,13001;50
13105;0,13001;50
13106;0,13001;50
13107;0,13001;50
13108;0,13001;50
13109;0,13001;50
13110;0,13001;50
13111;0,13001;50
13112;0,13001;50
13113;0,13001;50
13114;0,13001;50
13115;0,1297655;50
13116;0,1297655;50
13117;0,13001;50
13118;0,1392965;50
13119;0,164223;50
13120;0,192815;50
13121;0,22043;50
13122;0,24609;50
13123;0,2710165;50
13124;0,2954545;50
13125;0,318915;50
13126;0,3411535;50
13127;0,361437;50
13128;0,380254;50
13129;0,3973605;50
13130;0,4120235;50
13131;0,4247315;50
13132;0,4364615;50
13133;0,4477025;50
13134;0,455034;50
13135;0,457478;50
13136;0,459433;50
13137;0,464076;50
13138;0,471896;50
13139;0,4809385;50
13140;0,490714;50
13141;0,5009775;50
13142;0,5112415;50
13143;0,5219945;50
13144;0,5329915;50
13145;0,5439885;50
13146;0,5544965;50
13147;0,5642715;50
13148;0,573558;50
13149;0,582356;50
13150;0,5909095;50
13151;0,599218;50
13152;0,6075265;50
13153;0,61608;50
13154;0,6246335;50
13155;0,633431;50
13156;0,642473;50
13157;0,651271;50
13158;0,660313;50
13159;0,6691105;50
13160;0,6774195;50
13161;0,6852395;50
13162;0,6918375;50
13163;0,6977025;50
13164;0,7025905;50
13165;0,7069895;50
13166;0,711388;50
13167;0,716031;50
13168;0,7209185;50
13169;0,725073;50
13170;0,7277615;50
13171;0,728495;50
13172;0,728006;50
13173;0,726784;50
13174;0,723363;50
13175;0,718964;50
13176;0,71652;50
13177;0,717253;50
13178;0,722385;50
13179;0,733382;50
13180;0,746823;50
13181;0,754399;50
13182;0,756354;50
13183;0,771017;50
13184;0,802786;50
13185;0,8269795;50
13186;0,834311;50
13187;0,8347995;50
13188;0,8355325;50
13189;0,8387095;50
13190;0,8501955;50
13191;0,8604595;50
13192;0,855572;50
13193;0,838954;50
13194;0,8186705;50
13195;0,8010755;50
13196;0,7881235;50
13197;0,777615;50
13198;0,7678395;50
13199;0,7614855;50
13200;0,760264;50
13201;0,7624635;50
13202;0,762219;50
13203;0,763441;50
13204;0,765396;50
13205;0,7639295;50
13206;0,766862;50
13207;0,7710165;50
13208;0,7705275;50
13209;0,7761485;50
13210;0,787879;50
13211;0,7934995;50
13212;0,7930105;50
13213;0,795943;50
13214;0,800342;50
13215;0,7993645;50
13216;0,7961875;50
13217;0,793988;50
13218;0,803519;50
13219;0,8269795;50
13220;0,846774;50
13221;0,852639;50
13222;0,8484845;50
13223;0,839687;50
13224;0,8296675;50
13225;0,820381;50
13226;0,8123165;50
13227;0,8052295;50
13228;0,7986315;50
13229;0,7927665;50
13230;0,786901;50
13231;0,7807915;50
13232;0,7749265;50
13233;0,769306;50
13234;0,764174;50
13235;0,7595305;50
13236;0,7556205;50
13237;0,7529325;50
13238;0,7514665;50
13239;0,7509775;50
13240;0,751466;50
13241;0,7524435;50
13242;0,754154;50
13243;0,757087;50
13244;0,760753;50
13245;0,7644185;50
13246;0,7683285;50
13247;0,771994;50
13248;0,7754155;50
13249;0,7785925;50
13250;0,781036;50
13251;0,7825025;50
13252;0,7842135;50
13253;0,785191;50
13254;0,7856795;50
13255;0,7856795;50
13256;0,785924;50
13257;0,7856795;50
13258;0,7851905;50
13259;0,784702;50
13260;0,784458;50
13261;0,783969;50
13262;0,783969;50
13263;0,7837245;50
13264;0,7839685;50
13265;0,784702;50
13266;0,785191;50
13267;0,7849465;50
13268;0,7849465;50
13269;0,784702;50
13270;0,784213;50
13271;0,782991;50
13272;0,7812805;50
13273;0,77957;50
13274;0,7778595;50
13275;0,776882;50
13276;0,7754155;50
13277;0,7741935;50
13278;0,7734605;50
13279;0,773216;50
13280;0,7734605;50
13281;0,7734605;50
13282;0,773949;50
13283;0,7746825;50
13284;0,77566;50
13285;0,7768815;50
13286;0,777859;50
13287;0,7785925;50
13288;0,7790815;50
13289;0,77957;50
13290;0,7800585;50
13291;0,781036;50
13292;0,7832355;50
13293;0,785924;50
13294;0,787879;50
13295;0,788123;50
13296;0,78739;50
13297;0,786657;50
13298;0,78739;50
13299;0,7888565;50
13300;0,790323;50
13301;0,7920335;50
13302;0,793011;50
13303;0,793744;50
13304;0,7947215;50
13305;0,7959435;50
13306;0,798143;50
13307;0,8003425;50
13308;0,8022975;50
13309;0,8037635;50
13310;0,804985;50
13311;0,8057185;50
13312;0,8062075;50
13313;0,8064515;50
13314;0,8064515;50
13315;0,806696;50
13316;0,806696;50
13317;0,8062075;50
13318;0,8054745;50
13319;0,80523;50
13320;0,8049855;50
13321;0,8044965;50
13322;0,8032745;50
13323;0,801564;50
13324;0,800098;50
13325;0,798143;50
13326;0,796432;50
13327;0,79521;50
13328;0,7942325;50
13329;0,793988;50
13330;0,7937435;50
13331;0,793988;50
13332;0,7942325;50
13333;0,7942325;50
13334;0,7949655;50
13335;0,795943;50
13336;0,797654;50
13337;0,7993645;50
13338;0,801075;50
13339;0,8037635;50
13340;0,806696;50
13341;0,809873;50
13342;0,8132945;50
13343;0,81696;50
13344;0,820381;50
13345;0,823558;50
13346;0,826735;50
13347;0,829912;50
13348;0,8326005;50
13349;0,8340665;50
13350;0,8360215;50
13351;0,837488;50
13352;0,837732;50
13353;0,8382205;50
13354;0,8387095;50
13355;0,838954;50
13356;0,838221;50
13357;0,8372435;50
13358;0,83651;50
13359;0,8355325;50
13360;0,8347995;50
13361;0,8340665;50
13362;0,833578;50
13363;0,8326005;50
13364;0,831134;50
13365;0,829912;50
13366;0,82869;50
13367;0,827468;50
13368;0,826002;50
13369;0,82478;50
13370;0,8240465;50
13371;0,823069;50
13372;0,8220915;50
13373;0,821114;50
13374;0,8201365;50
13375;0,820381;50
13376;0,8218475;50
13377;0,8225805;50
13378;0,8220915;50
13379;0,82087;50
13380;0,818915;50
13381;0,817204;50
13382;0,815249;50
13383;0,8135385;50
13384;0,8120725;50
13385;0,8108505;50
13386;0,810117;50
13387;0,8103615;50
13388;0,8103615;50
13389;0,8096285;50
13390;0,808651;50
13391;0,8076735;50
13392;0,8054745;50
13393;0,803275;50
13394;0,801564;50
13395;0,8020525;50
13396;0,804741;50
13397;0,807918;50
13398;0,811828;50
13399;0,815738;50
13400;0,8194035;50
13401;0,8225805;50
13402;0,8257575;50
13403;0,82869;50
13404;0,831134;50
13405;0,833578;50
13406;0,835533;50
13407;0,8372435;50
13408;0,8379765;50
13409;0,8384655;50
13410;0,8391985;50
13411;0,841642;50
13412;0,849462;50
13413;0,884653;50
13414;1,027615;50
13415;1,1815735;50
13416;1,2536655;50
13417;1,307429;50
13418;1,344086;50
13419;1,369746;50
13420;1,389296;50
13421;1,4039585;50
13422;1,4161775;50
13423;1,424731;50
13424;1,429619;50
13425;1,4345065;50
13426;1,566471;50
13427;1,9733625;50
13428;2,4205765;50
13429;2,697947;50
13430;2,8714565;50
13431;2,9789835;50
13432;3,0461875;50
13433;3,087732;50
13434;3,113392;50
13435;3,1304985;50
13436;3,1427175;50
13437;3,150049;50
13438;3,1549365;50
13439;3,158602;50
13440;3,161046;50
13441;3,162268;50
13442;3,162268;50
13443;3,162268;50
13444;3,16349;50
13445;3,164712;50
13446;3,164712;50
13447;3,1659335;50
13448;3,167155;50
13449;3,167155;50
13450;3,167155;50
13451;3,167155;50
13452;3,167155;50
13453;3,167155;50
13454;3,167155;50
13455;3,167155;50
13456;3,167155;50
13457;3,167155;50
13458;3,167155;50
13459;3,167155;50
13460;3,167155;50
13461;3,167155;50
13462;3,167155;50
13463;3,167155;50
13464;3,167155;50
13465;3,167155;50
13466;3,167155;50
13467;3,167155;50
13468;3,167155;50
13469;3,167155;50
13470;3,167155;50
13471;3,167155;50
13472;3,167155;50
13473;3,167155;50
13474;3,167155;50
13475;3,167155;50
13476;3,167155;50
13477;3,167155;50
13478;3,167155;50
13479;3,167155;50
13480;3,167155;50
13481;3,167155;50
13482;3,167155;50
13483;3,167155;50
13484;3,167155;50
13485;3,167155;50
13486;3,167155;50
13487;3,167155;50
13488;3,167155;50
13489;3,167155;50
13490;3,167155;50
13491;3,167155;50
13492;3,167155;50
13493;3,167155;50
13494;3,167155;50
13495;3,167155;50
13496;3,167155;50
13497;3,167155;50
13498;3,167155;50
13499;3,167155;50
13500;3,167155;50
13501;3,167155;50
13502;3,167155;50
13503;3,167155;50
13504;3,225806;50
13505;3,284457;50
13506;3,110948;50
13507;2,910557;50
13508;3,1964805;50
13509;3,643695;50
13510;3,905181;50
13511;4,020039;50
13512;3,9931575;50
13513;3,9601665;50
13514;3,984604;50
13515;4,061583;50
13516;4,099462;50
13517;4,068915;50
13518;4,0408115;50
13519;4,0029325;50
13520;3,8123165;50
13521;3,607038;50
13522;3,5532745;50
13523;3,5422775;50
13524;3,5349465;50
13525;3,5581625;50
13526;3,6119255;50
13527;3,6608015;50
13528;3,6534705;50
13529;3,6290325;50
13530;3,6608015;50
13531;3,6937925;50
13532;3,686461;50
13533;3,6827955;50
13534;3,702346;50
13535;3,7341155;50
13536;3,763441;50
13537;3,7878785;50
13538;3,804985;50
13539;3,807429;50
13540;3,809873;50
13541;3,819648;50
13542;3,8098725;50
13543;3,782991;50
13544;3,8367545;50
13545;3,973607;50
13546;4,0909095;50
13547;4,156892;50
13548;4,192327;50
13549;4,2045455;50
13550;4,208211;50
13551;4,2130985;50
13552;4,227761;50
13553;4,2497555;50
13554;4,2766375;50
13555;4,304741;50
13556;4,325513;50
13557;4,338954;50
13558;4,340176;50
13559;4,3304005;50
13560;4,313294;50
13561;4,292522;50
13562;4,2778595;50
13563;4,268084;50
13564;4,263196;50
13565;4,257087;50
13566;4,1336755;50
13567;3,240469;50
13568;1,9965785;50
13569;1,257331;50
13570;0,7917885;50
13571;0,3391985;50
13572;0,1451615;50
13573;0,182796;50
13574;0,117058;50
13575;0,0750245;50
13576;0,048387;50
13577;0,0312805;50
13578;0,020039;50
13579;0,0131965;50
13580;0,009042;50
13581;0,0061095;50
13582;0,0039105;50
13583;0,002444;50
13584;0,0014665;50
13585;0,000978;50
13586;0,000489;50
13587;0;50
13588;0;50
13589;0;50
13590;0;50
13591;0;50
13592;0;50
13593;0;50
13594;0;50
13595;0;50
13596;0;50
13597;0;50
13598;0;50
13599;0;50
13600;0;50
13601;0;50
13602;0;50
13603;0;50
13604;0;50
13605;0;50
13606;0;50
13607;0;50
13608;0;50
13609;0;50
13610;0;50
13611;0;50
13612;0;50
13613;0;50
13614;0;50
13615;0;50
13616;0;50
13617;0;50
13618;0;50
13619;0;50
13620;0;50
13621;0;50
13622;0;50
13623;0;50
13624;0;50
13625;0;50
13626;0;50
13627;0;50
13628;0,0388565;50
13629;0,091887;50
13630;0,094086;50
13631;0,07087;50
13632;0,0535195;50
13633;0,0447215;50
13634;0,050342;50
13635;0,066471;50
13636;0,1280545;50
13637;0,266862;50
13638;0,4049365;50
13639;0,4958455;50
13640;0,5804005;50
13641;0,558162;50
13642;0,399071;50
13643;0,264418;50
13644;0,200391;50
13645;0,1529815;50
13646;0,1581135;50
13647;0,2416915;50
13648;0,2739495;50
13649;0,209189;50
13650;0,1407625;50
13651;0,106305;50
13652;0,0967745;50
13653;0,103617;50
13654;0,1168135;50
13655;0,117791;50
13656;0,0975075;50
13657;0,0716035;50
13658;0,057674;50
13659;0,054741;50
13660;0,0610945;50
13661;0,097263;50
13662;0,1754645;50
13663;0,2707725;50
13664;0,3621705;50
13665;0,441105;50
13666;0,502933;50
13667;0,5576735;50
13668;0,6185235;50
13669;0,690127;50
13670;0,7629525;50
13671;0,820626;50
13672;0,861926;50
13673;0,889052;50
13674;0,9088465;50
13675;0,9855815;50
13676;1,0667155;50
13677;1,0911535;50
13678;1,1119255;50
13679;1,130254;50
13680;1,1363635;50
13681;1,1119255;50
13682;1,070381;50
13683;1,033724;50
13684;1,001955;50
13685;0,9750735;50
13686;0,935973;50
13687;0,8699905;50
13688;0,4853375;50
13689;0,3758555;50
13690;0,589687;50
13691;0,5371455;50
13692;0,4694525;50
13693;0,4203325;50
13694;0,4408605;50
13695;0,4970675;50
13696;0,5391005;50
13697;0,5694035;50
13698;0,6241445;50
13699;0,64956;50
13700;0,65347;50
13701;0,679374;50
13702;0,695503;50
13703;0,7556205;50
13704;0,863881;50
13705;1,037146;50
13706;1,1962365;50
13707;1,285435;50
13708;1,3734115;50
13709;1,4638315;50
13710;1,551808;50
13711;1,661779;50
13712;1,781525;50
13713;1,8682795;50
13714;1,924487;50
13715;1,962366;50
13716;1,9892475;50
13717;2,0087975;50
13718;2,0210165;50
13719;2,038123;50
13720;2,0772235;50
13721;2,14565;50
13722;2,1871945;50
13723;2,157869;50
13724;2,1151025;50
13725;2,093108;50
13726;2,1016615;50
13727;2,1285435;50
13728;2,156647;50
13729;2,181085;50
13730;2,1871945;50
13731;2,1847505;50
13732;2,179863;50
13733;2,170088;50
13734;2,1529815;50
13735;1,792522;50
13736;1,1717985;50
13737;0,739247;50
13738;0,324291;50
13739;0,177419;50
13740;0,248289;50
13741;0,214565;50
13742;0,232649;50
13743;0,2634405;50
13744;0,2949655;50
13745;0,3301565;50
13746;0,370479;50
13747;0,4217985;50
13748;0,4809385;50
13749;0,5413;50
13750;0,5962855;50
13751;0,6424735;50
13752;0,6825515;50
13753;0,719208;50
13754;0,7206745;50
13755;0,591398;50
13756;0,380254;50
13757;0,2289835;50
13758;0,1392965;50
13759;0,085044;50
13760;0,052297;50
13761;0,032258;50
13762;0,0195505;50
13763;0,0117305;50
13764;0,007087;50
13765;0,019306;50
13766;0,0259045;50
13767;0,014663;50
13768;0,008309;50
13769;0,004399;50
13770;0,0019555;50
13771;0,000978;50
13772;0,010264;50
13773;0,0151515;50
13774;0,008309;50
13775;0,004399;50
13776;0,0019555;50
13777;0,000489;50
13778;0;50
13779;0;50
13780;0;50
13781;0;50
13782;0;50
13783;0;50
13784;0,031036;50
13785;0,0828445;50
13786;0,128299;50
13787;0,1796185;50
13788;0,2199415;50
13789;0,2192085;50
13790;0,1625125;50
13791;0,095308;50
13792;0,0557185;50
13793;0,032258;50
13794;0,0185725;50
13795;0,010508;50
13796;0,005376;50
13797;0,0024435;50
13798;0,000733;50
13799;0;50
13800;0;50
13801;0;50
13802;0;50
13803;0;50
13804;0;50
13805;0;50
13806;0;50
13807;0;50
13808;0;50
13809;0;50
13810;0;50
13811;0;50
13812;0;50
13813;0;50
13814;0;50
13815;0;50
13816;0;50
13817;0;50
13818;0;50
13819;0;50
13820;0;50
13821;0;50
13822;0;50
13823;0;50
13824;0;50
13825;0;50
13826;0;50
13827;0;50
13828;0;50
13829;0;50
13830;0;50
13831;0;50
13832;0;50
13833;0;50
13834;0;50
13835;0;50
13836;0;50
13837;0;50
13838;0;50
13839;0;50
13840;0;50
13841;0;50
13842;0;50
13843;0;50
13844;0;50
13845;0;50
13846;0;50
13847;0;50
13848;0;50
13849;0;50
13850;0;50
13851;0;50
13852;0;50
13853;0;50
13854;0;50
13855;0;50
13856;0;50
13857;0;50
13858;0;50
13859;0;50
13860;0;50
13861;0;50
13862;0;50
13863;0;50
13864;0;50
13865;0;50
13866;0;50
13867;0;50
13868;0;50
13869;0;50
13870;0;50
13871;0;50
13872;0;50
13873;0;50
13874;0;50
13875;0;50
13876;0;50
13877;0;50
13878;0;50
13879;0;50
13880;0,012219;50
13881;0,0383675;50
13882;0,053519;50
13883;0,058651;50
13884;0,06305;50
13885;0,077224;50
13886;0,096774;50
13887;0,1300095;50
13888;0,1744865;50
13889;0,228739;50
13890;0,2883675;50
13891;0,3360215;50
13892;0,3719455;50
13893;0,4005375;50
13894;0,425464;50
13895;0,478739;50
13896;0,5601175;50
13897;0,635875;50
13898;0,6845065;50
13899;0,717253;50
13900;0,7414465;50
13901;0,752444;50
13902;0,7065005;50
13903;0,5449655;50
13904;0,379521;50
13905;0,2817695;50
13906;0,222874;50
13907;0,186706;50
13908;0,1644675;50
13909;0,1510265;50
13910;0,142962;50
13911;0,1380745;50
13912;0,135142;50
13913;0,133187;50
13914;0,1322095;50
13915;0,131476;50
13916;0,130987;50
13917;0,1304985;50
13918;0,1302545;50
13919;0,1302545;50
13920;0,13001;50
13921;0,13001;50
13922;0,13001;50
13923;0,13001;50
13924;0,13001;50
13925;0,13001;50
13926;0,13001;50
13927;0,13001;50
13928;0,13001;50
13929;0,13001;50
13930;0,13001;50
13931;0,13001;50
13932;0,1297655;50
13933;0,1297655;50
13934;0,13001;50
13935;0,13001;50
13936;0,13001;50
13937;0,13001;50
13938;0,13001;50
13939;0,13001;50
13940;0,13001;50
13941;0,13001;50
13942;0,13001;50
13943;0,1297655;50
13944;0,1297655;50
13945;0,13001;50
13946;0,13001;50
13947;0,13001;50
13948;0,13001;50
13949;0,13001;50
13950;0,13001;50
13951;0,13001;50
13952;0,13001;50
13953;0,13001;50
13954;0,13001;50
13955;0,13001;50
13956;0,13001;50
13957;0,13001;50
13958;0,1297655;50
13959;0,1297655;50
13960;0,1297655;50
13961;0,1297655;50
13962;0,13001;50
13963;0,13001;50
13964;0,13001;50
13965;0,13001;50
13966;0,13001;50
13967;0,13001;50
13968;0,13001;50
13969;0,1297655;50
13970;0,1297655;50
13971;0,13001;50
13972;0,13001;50
13973;0,13001;50
13974;0,13001;50
13975;0,13001;50
13976;0,13001;50
13977;0,13001;50
13978;0,1297655;50
13979;0,1297655;50
13980;0,13001;50
13981;0,13001;50
13982;0,13001;50
13983;0,1297655;50
13984;0,1297655;50
13985;0,1297655;50
13986;0,1297655;50
13987;0,13001;50
13988;0,1297655;50
13989;0,1297655;50
13990;0,13001;50
13991;0,13001;50
13992;0,1297655;50
13993;0,1297655;50
13994;0,1373415;50
13995;0,158358;50
13996;0,1730205;50
13997;0,176442;50
13998;0,165445;50
13999;0,14956;50
14000;0,140518;50
14001;0,139785;50
14002;0,148827;50
14003;0,174487;50
14004;0,2348485;50
14005;0,336999;50
14006;0,445015;50
14007;0,5149075;50
14008;0,545699;50
14009;0,5571845;50
14010;0,564516;50
14011;0,5674485;50
14012;0,572825;50
14013;0,5845555;50
14014;0,5994625;50
14015;0,6097265;50
14016;0,62219;50
14017;0,6439395;50
14018;0,660557;50
14019;0,6781525;50
14020;0,694037;50
14021;0,705523;50
14022;0,714321;50
14023;0,717009;50
14024;0,718231;50
14025;0,7250735;50
14026;0,7553765;50
14027;0,8018085;50
14028;0,8497065;50
14029;0,891251;50
14030;0,981916;50
14031;1,0716035;50
14032;1,065494;50
14033;0,979961;50
14034;0,884653;50
14035;0,512219;50
14036;0,5175955;50
14037;0,894673;50
14038;0,9736075;50
14039;1,0129525;50
14040;1,019062;50
14041;1,1168135;50
14042;1,2927665;50
14043;1,44306;50
14044;1,6483385;50
14045;1,9061585;50
14046;2,086999;50
14047;2,189638;50
14048;2,2653955;50
14049;2,309384;50
14050;2,326491;50
14051;2,3435975;50
14052;2,368035;50
14053;2,391251;50
14054;2,415689;50
14055;2,521994;50
14056;2,702835;50
14057;2,8592375;50
14058;2,954545;50
14059;3,016862;50
14060;3,065738;50
14061;3,08651;50
14062;3,096285;50
14063;3,1280545;50
14064;3,181818;50
14065;3,240469;50
14066;3,290567;50
14067;3,327224;50
14068;3,347996;50
14069;3,357771;50
14070;3,357771;50
14071;3,3553275;50
14072;3,3577715;50
14073;3,360215;50
14074;3,3651025;50
14075;3,3675465;50
14076;3,3675465;50
14077;3,3675465;50
14078;3,3675465;50
14079;3,3577715;50
14080;3,3015645;50
14081;3,220919;50
14082;3,1427175;50
14083;3,064516;50
14084;2,9863145;50
14085;2,910557;50
14086;2,8347995;50
14087;2,756598;50
14088;2,6808405;50
14089;2,607527;50
14090;2,5317695;50
14091;2,456012;50
14092;2,382698;50
14093;2,310606;50
14094;2,237292;50
14095;2,1652;50
14096;2,09433;50
14097;2,0210165;50
14098;1,948925;50
14099;1,878055;50
14100;1,805963;50
14101;1,733871;50
14102;1,663001;50
14103;1,590909;50
14104;1,520039;50
14105;1,449169;50
14106;1,375855;50
14107;1,304985;50
14108;1,2218965;50
14109;1,1168135;50
14110;1,026393;50
14111;0,957967;50
14112;0,8895405;50
14113;0,50391;50
14114;0,3951615;50
14115;0,6072825;50
14116;0,5454545;50
14117;0,483382;50
14118;0,421554;50
14119;0,3597265;50
14120;0,29741;50
14121;0,235093;50
14122;0,1725315;50
14123;0,1143695;50
14124;0,07087;50
14125;0,043988;50
14126;0,027615;50
14127;0,017351;50
14128;0,010997;50
14129;0,007087;50
14130;0,004643;50
14131;0,0029325;50
14132;0,001711;50
14133;0,000978;50
14134;0,000489;50
14135;0;50
14136;0,001955;50
14137;0,0029325;50
14138;0,0014665;50
14139;0,000978;50
14140;0,000489;50
14141;0;50
14142;0;50
14143;0;50
14144;0;50
14145;0;50
14146;0;50
14147;0;50
14148;0;50
14149;0;50
14150;0;50
14151;0;50
14152;0,0454545;50
14153;0,1356305;50
14154;0,2111435;50
14155;0,2697945;50
14156;0,3194035;50
14157;0,362903;50
14158;0,407136;50
14159;0,4459925;50
14160;0,4797165;50
14161;0,5102635;50
14162;0,542522;50
14163;0,5227275;50
14164;0,4469695;50
14165;0,374633;50
14166;0,3245355;50
14167;0,276393;50
14168;0,2485335;50
14169;0,2673505;50
14170;0,301075;50
14171;0,2844575;50
14172;0,2355815;50
14173;0,2008795;50
14174;0,1891495;50
14175;0,222385;50
14176;0,2517105;50
14177;0,2250735;50
14178;0,157136;50
14179;0,0982405;50
14180;0,0581625;50
14181;0,0344575;50
14182;0,020528;50
14183;0,011975;50
14184;0,006843;50
14185;0,0039105;50
14186;0,0019555;50
14187;0,0007335;50
14188;0,005621;50
14189;0,01393;50
14190;0,041056;50
14191;0,105572;50
14192;0,1258555;50
14193;0,0931085;50
14194;0,106305;50
14195;0,160313;50
14196;0,1652005;50
14197;0,1542035;50
14198;0,2025905;50
14199;0,2028345;50
14200;0,133431;50
14201;0,079179;50
14202;0,0461875;50
14203;0,026637;50
14204;0,0151515;50
14205;0,008309;50
14206;0,004399;50
14207;0,0021995;50
14208;0,001222;50
14209;0,000489;50
14210;0;50
14211;0;50
14212;0;50
14213;0,0092865;50
14214;0,071603;50
14215;0,1285435;50
14216;0,132698;50
14217;0,138563;50
14218;0,1735095;50
14219;0,166911;50
14220;0,1033725;50
14221;0,059873;50
14222;0,0347015;50
14223;0,020039;50
14224;0,0400785;50
14225;0,106305;50
14226;0,1852395;50
14227;0,185484;50
14228;0,1168135;50
14229;0,0679375;50
14230;0,0391005;50
14231;0,022483;50
14232;0,0171065;50
14233;0,051075;50
14234;0,0784455;50
14235;0,056696;50
14236;0,032258;50
14237;0,0185725;50
14238;0,010508;50
14239;0,005376;50
14240;0,002688;50
14241;0,007087;50
14242;0,0369015;50
14243;0,0483875;50
14244;0,0273705;50
14245;0,0151515;50
14246;0,0498535;50
14247;0,119746;50
14248;0,148094;50
14249;0,146383;50
14250;0,193304;50
14251;0,2033235;50
14252;0,1336755;50
14253;0,1419845;50
14254;0,1691105;50
14255;0,1239005;50
14256;0,0769795;50
14257;0,0852885;50
14258;0,118524;50
14259;0,1001955;50
14260;0,0576735;50
14261;0,0332355;50
14262;0,0190615;50
14263;0,0327465;50
14264;0,0410555;50
14265;0,0234605;50
14266;0,012708;50
14267;0,006843;50
14268;0,038612;50
14269;0,094819;50
14270;0,1388075;50
14271;0,160313;50
14272;0,174487;50
14273;0,1942815;50
14274;0,201124;50
14275;0,169355;50
14276;0,1246335;50
14277;0,114125;50
14278;0,1505375;50
14279;0,2077225;50
14280;0,2521995;50
14281;0,278348;50
14282;0,2920335;50
14283;0,3081625;50
14284;0,3301565;50
14285;0,35435;50
14286;0,3739005;50
14287;0,3873415;50
14288;0,4010265;50
14289;0,412512;50
14290;0,4159335;50
14291;0,418866;50
14292;0,44086;50
14293;0,4882695;50
14294;0,530547;50
14295;0,5488755;50
14296;0,5681815;50
14297;0,6195015;50
14298;0,7199415;50
14299;0,8477515;50
14300;1,0320135;50
14301;1,2121215;50
14302;1,337977;50
14303;1,455279;50
14304;1,5432555;50
14305;1,603128;50
14306;1,6397845;50
14307;1,659335;50
14308;1,6691105;50
14309;1,676442;50
14310;1,6825515;50
14311;1,6923265;50
14312;1,72043;50
14313;1,7619745;50
14314;1,7913;50
14315;1,8548385;50
14316;1,956256;50
14317;2,0491205;50
14318;2,124878;50
14319;2,1774195;50
14320;2,207967;50
14321;2,2238515;50
14322;2,228739;50
14323;2,226295;50
14324;2,2214075;50
14325;2,2116325;50
14326;2,201857;50
14327;2,189638;50
14328;2,1761975;50
14329;2,1639785;50
14330;2,1505375;50
14331;2,1370965;50
14332;2,1224335;50
14333;2,107771;50
14334;2,0906645;50
14335;2,07478;50
14336;2,0601175;50
14337;2,043011;50
14338;1,969697;50
14339;1,8670575;50
14340;1,8426195;50
14341;1,8328445;50
14342;1,818182;50
14343;1,813294;50
14344;1,798631;50
14345;1,7815245;50
14346;1,7705275;50
14347;1,755865;50
14348;1,7424245;50
14349;1,7289835;50
14350;1,7143205;50
14351;1,698436;50
14352;1,684995;50
14353;1,670332;50
14354;1,659335;50
14355;1,64956;50
14356;1,636119;50
14357;1,626344;50
14358;1,616569;50
14359;1,6067935;50
14360;1,5970185;50
14361;1,5847995;50
14362;1,576246;50
14363;1,566471;50
14364;1,556696;50
14365;1,546921;50
14366;1,537146;50
14367;1,5298145;50
14368;1,522483;50
14369;1,5175955;50
14370;1,511486;50
14371;1,5065985;50
14372;1,5029325;50
14373;1,495601;50
14374;1,4907135;50
14375;1,485826;50
14376;1,4809385;50
14377;1,4760505;50
14378;1,471163;50
14379;1,463832;50
14380;1,4565005;50
14381;1,449169;50
14382;1,4430595;50
14383;1,438172;50
14384;1,429619;50
14385;1,4222875;50
14386;1,414956;50
14387;1,4076245;50
14388;1,402737;50
14389;1,3966275;50
14390;1,389296;50
14391;1,381965;50
14392;1,3746335;50
14393;1,368524;50
14394;1,361193;50
14395;1,358749;50
14396;1,353861;50
14397;1,3489735;50
14398;1,344086;50
14399;1,3355325;50
14400;1,331867;50
14401;1,3257575;50
14402;1,32087;50
14403;1,3147605;50
14404;1,303763;50
14405;1,3025415;50
14406;1,300098;50
14407;1,297654;50
14408;1,2927665;50
14409;1,287879;50
14410;1,285435;50
14411;1,2805475;50
14412;1,274438;50
14413;1,2671065;50
14414;1,2585535;50
14415;1,253666;50
14416;1,248778;50
14417;1,245112;50
14418;1,2402245;50
14419;1,236559;50
14420;1,235337;50
14421;1,234115;50
14422;1,2328935;50
14423;1,229228;50
14424;1,226784;50
14425;1,22434;50
14426;1,22434;50
14427;1,223118;50
14428;1,223118;50
14429;1,22434;50
14430;1,2280055;50
14431;1,2292275;50
14432;1,228006;50
14433;1,229228;50
14434;1,229228;50
14435;1,226784;50
14436;1,2280055;50
14437;1,225562;50
14438;1,2243405;50
14439;1,2218965;50
14440;1,2194525;50
14441;1,2170085;50
14442;1,212121;50
14443;1,2084555;50
14444;1,2060115;50
14445;1,2047895;50
14446;1,203568;50
14447;1,2011245;50
14448;1,1974585;50
14449;1,1950145;50
14450;1,192571;50
14451;1,1901275;50
14452;1,1876835;50
14453;1,1827955;50
14454;1,1803515;50
14455;1,177908;50
14456;1,1754645;50
14457;1,1730205;50
14458;1,1705765;50
14459;1,1705765;50
14460;1,168133;50
14461;1,1656895;50
14462;1,1620235;50
14463;1,1583575;50
14464;1,1583575;50
14465;1,154692;50
14466;1,1534705;50
14467;1,1510265;50
14468;1,1473605;50
14469;1,144917;50
14470;1,1388075;50
14471;1,1363635;50
14472;1,13392;50
14473;1,13392;50
14474;1,132698;50
14475;1,1302545;50
14476;1,1265885;50
14477;1,1265885;50
14478;1,1265885;50
14479;1,1253665;50
14480;1,1253665;50
14481;1,1241445;50
14482;1,120479;50
14483;1,122923;50
14484;1,124145;50
14485;1,1290325;50
14486;1,1290325;50
14487;1,13392;50
14488;1,13392;50
14489;1,1388075;50
14490;1,143695;50
14491;1,144917;50
14492;1,147361;50
14493;1,148583;50
14494;1,146139;50
14495;1,1498045;50
14496;1,1498045;50
14497;1,1510265;50
14498;1,1485825;50
14499;1,1461385;50
14500;1,141251;50
14501;1,143695;50
14502;1,1412515;50
14503;1,1424735;50
14504;1,1424735;50
14505;1,1388075;50
14506;1,1388075;50
14507;1,132698;50
14508;1,132698;50
14509;1,131476;50
14510;1,129032;50
14511;1,129032;50
14512;1,1265885;50
14513;1,1278105;50
14514;1,1241445;50
14515;1,1229225;50
14516;1,1229225;50
14517;1,120479;50
14518;1,119257;50
14519;1,116813;50
14520;1,118035;50
14521;1,116813;50
14522;1,115591;50
14523;1,116813;50
14524;1,1143695;50
14525;1,1143695;50
14526;1,1107035;50
14527;1,10826;50
14528;1,1045945;50
14529;1,1021505;50
14530;1,1045945;50
14531;1,1045945;50
14532;1,1045945;50
14533;1,1045945;50
14534;1,1168135;50
14535;1,1290325;50
14536;1,1351415;50
14537;1,115591;50
14538;1,1143695;50
14539;1,1999025;50
14540;1,358749;50
14541;1,5273705;50
14542;1,6520035;50
14543;1,732649;50
14544;1,808407;50
14545;1,874389;50
14546;1,920821;50
14547;1,947703;50
14548;1,9587;50
14549;1,957478;50
14550;1,955034;50
14551;1,9489245;50
14552;1,9403715;50
14553;1,93304;50
14554;1,923265;50
14555;1,912268;50
14556;1,900049;50
14557;1,88783;50
14558;1,8780545;50
14559;1,8670575;50
14560;1,8572825;50
14561;1,8475075;50
14562;1,8377325;50
14563;1,827957;50
14564;1,8181815;50
14565;1,8084065;50
14566;1,7986315;50
14567;1,7913;50
14568;1,781525;50
14569;1,77175;50
14570;1,7277615;50
14571;1,695992;50
14572;1,709433;50
14573;1,714321;50
14574;1,713099;50
14575;1,7057675;50
14576;1,663001;50
14577;1,628788;50
14578;1,6373415;50
14579;1,6446725;50
14580;1,6446725;50
14581;1,641007;50
14582;1,5884655;50
14583;1,5432555;50
14584;1,537146;50
14585;1,522483;50
14586;1,5163735;50
14587;1,5041545;50
14588;1,48216;50
14589;1,4870475;50
14590;1,485826;50
14591;1,478495;50
14592;1,473607;50
14593;1,473607;50
14594;1,4956015;50
14595;1,5029325;50
14596;1,4638315;50
14597;1,434506;50
14598;1,4308405;50
14599;1,427175;50
14600;1,4235095;50
14601;1,419844;50
14602;1,4174;50
14603;1,414956;50
14604;1,4100685;50
14605;1,405181;50
14606;1,401515;50
14607;1,3966275;50
14608;1,392962;50
14609;1,388074;50
14610;1,3831865;50
14611;1,3758555;50
14612;1,370968;50
14613;1,368524;50
14614;1,3611925;50
14615;1,356305;50
14616;1,3489735;50
14617;1,344086;50
14618;1,3391985;50
14619;1,331867;50
14620;1,3269795;50
14621;1,32087;50
14622;1,3159825;50
14623;1,309873;50
14624;1,3025415;50
14625;1,3000975;50
14626;1,29521;50
14627;1,2903225;50
14628;1,284213;50
14629;1,2793255;50
14630;1,2756595;50
14631;1,270772;50
14632;1,2671065;50
14633;1,262219;50
14634;1,2585535;50
14635;1,252444;50
14636;1,247556;50
14637;1,24389;50
14638;1,236559;50
14639;1,2316715;50
14640;1,226784;50
14641;1,2243405;50
14642;1,2194525;50
14643;1,212121;50
14644;1,2096775;50
14645;1,2072335;50
14646;1,2047895;50
14647;1,202346;50
14648;1,203568;50
14649;1,203568;50
14650;1,1999025;50
14651;1,1999025;50
14652;1,1974585;50
14653;1,1974585;50
14654;1,1962365;50
14655;1,1974585;50
14656;1,2011245;50
14657;1,1999025;50
14658;1,202346;50
14659;1,202346;50
14660;1,20479;50
14661;1,20479;50
14662;1,203568;50
14663;1,2060115;50
14664;1,2035675;50
14665;1,2035675;50
14666;1,199902;50
14667;1,1986805;50
14668;1,1986805;50
14669;1,1950145;50
14670;1,1950145;50
14671;1,192571;50
14672;1,1901275;50
14673;1,1876835;50
14674;1,1852395;50
14675;1,1827955;50
14676;1,177908;50
14677;1,1754645;50
14678;1,1730205;50
14679;1,1705765;50
14680;1,1705765;50
14681;1,168133;50
14682;1,1656895;50
14683;1,1632455;50
14684;1,1608015;50
14685;1,158358;50
14686;1,155914;50
14687;1,15347;50
14688;1,1510265;50
14689;1,1485825;50
14690;1,143695;50
14691;1,1412515;50
14692;1,1412515;50
14693;1,1388075;50
14694;1,13392;50
14695;1,1314765;50
14696;1,1314765;50
14697;1,1290325;50
14698;1,1290325;50
14699;1,1290325;50
14700;1,1265885;50
14701;1,1241445;50
14702;1,1217005;50
14703;1,1217005;50
14704;1,1217005;50
14705;1,1217005;50
14706;1,1229225;50
14707;1,1229225;50
14708;1,1241445;50
14709;1,1253665;50
14710;1,130254;50
14711;1,13392;50
14712;1,13392;50
14713;1,1363635;50
14714;1,1388075;50
14715;1,1412515;50
14716;1,1412515;50
14717;1,1400295;50
14718;1,1388075;50
14719;1,1388075;50
14720;1,1400295;50
14721;1,1388075;50
14722;1,1388075;50
14723;1,1375855;50
14724;1,1375855;50
14725;1,136364;50
14726;1,13392;50
14727;1,13392;50
14728;1,1314765;50
14729;1,1278105;50
14730;1,1253665;50
14731;1,122923;50
14732;1,120479;50
14733;1,119257;50
14734;1,119257;50
14735;1,118035;50
14736;1,118035;50
14737;1,116813;50
14738;1,1143695;50
14739;1,1143695;50
14740;1,1119255;50
14741;1,109482;50
14742;1,1070385;50
14743;1,1070385;50
14744;1,1070385;50
14745;1,1045945;50
14746;1,1021505;50
14747;1,099707;50
14748;1,099707;50
14749;1,099707;50
14750;1,097263;50
14751;1,094819;50
14752;1,0923755;50
14753;1,087488;50
14754;1,087488;50
14755;1,087488;50
14756;1,085044;50
14757;1,086266;50
14758;1,0911535;50
14759;1,0874875;50
14760;1,0887095;50
14761;1,0887095;50
14762;1,0874875;50
14763;1,0899315;50
14764;1,0923755;50
14765;1,099707;50
14766;1,1033725;50
14767;1,10826;50
14768;1,111926;50
14769;1,1143695;50
14770;1,119257;50
14771;1,121701;50
14772;1,124145;50
14773;1,1265885;50
14774;1,12781;50
14775;1,1229225;50
14776;1,0887095;50
14777;1,0202835;50
14778;0,9628545;50
14779;0,92131;50
14780;0,89565;50
14781;0,529081;50
14782;0,492913;50
14783;0,8538615;50
14784;0,948925;50
14785;1,1634895;50
14786;1,3599705;50
14787;1,429619;50
14788;1,510264;50
14789;1,5615835;50
14790;1,5738025;50
14791;1,556696;50
14792;1,4589445;50
14793;1,226784;50
14794;0,8870965;50
14795;0,391984;50
14796;0,172043;50
14797;0,225318;50
14798;0,1593355;50
14799;0,128055;50
14800;0,1192575;50
14801;0,136364;50
14802;0,1368525;50
14803;0,107038;50
14804;0,0938415;50
14805;0,1028835;50
14806;0,1642225;50
14807;0,3040075;50
14808;0,362903;50
14809;0,262952;50
14810;0,162268;50
14811;0,110704;50
14812;0,0808895;50
14813;0,0659825;50
14814;0,0581625;50
14815;0,052786;50
14816;0,0478985;50
14817;0,0408115;50
14818;0,035924;50
14819;0,0337245;50
14820;0,0371455;50
14821;0,074291;50
14822;0,1749755;50
14823;0,3147605;50
14824;0,419599;50
14825;0,4770285;50
14826;0,500489;50
14827;0,4640765;50
14828;0,3724345;50
14829;0,2920335;50
14830;0,3289345;50
14831;0,5004885;50
14832;0,6094815;50
14833;0,557429;50
14834;0,443793;50
14835;0,3289345;50
14836;0,244379;50
14837;0,2111435;50
14838;0,2130985;50
14839;0,230694;50
14840;0,241447;50
14841;0,2065005;50
14842;0,1473605;50
14843;0,1045945;50
14844;0,10044;50
14845;0,1730205;50
14846;0,3140275;50
14847;0,440616;50
14848;0,507087;50
14849;0,5427665;50
14850;0,5676935;50
14851;0,585044;50
14852;0,5918865;50
14853;0,5847995;50
14854;0,566471;50
14855;0,5408115;50
14856;0,5144185;50
14857;0,492913;50
14858;0,4770285;50
14859;0,466276;50
14860;0,4584555;50
14861;0,453079;50
14862;0,447703;50
14863;0,438172;50
14864;0,4264415;50
14865;0,413001;50
14866;0,3998045;50
14867;0,3890515;50
14868;0,382209;50
14869;0,378788;50
14870;0,3758555;50
14871;0,3734115;50
14872;0,369746;50
14873;0,3648585;50
14874;0,358749;50
14875;0,3521505;50
14876;0,347996;50
14877;0,3467745;50
14878;0,348485;50
14879;0,350684;50
14880;0,3521505;50
14881;0,352395;50
14882;0,350684;50
14883;0,347263;50
14884;0,3428645;50
14885;0,3404205;50
14886;0,341642;50
14887;0,344086;50
14888;0,3487295;50
14889;0,3538615;50
14890;0,359238;50
14891;0,363392;50
14892;0,36608;50
14893;0,3675465;50
14894;0,36608;50
14895;0,364125;50
14896;0,3631475;50
14897;0,3651025;50
14898;0,368524;50
14899;0,3707235;50
14900;0,3726785;50
14901;0,374389;50
14902;0,376833;50
14903;0,380499;50
14904;0,3853865;50
14905;0,390518;50
14906;0,3978495;50
14907;0,4100685;50
14908;0,422287;50
14909;0,434262;50
14910;0,4474585;50
14911;0,4584555;50
14912;0,4667645;50
14913;0,473118;50
14914;0,4784945;50
14915;0,4828935;50
14916;0,4872925;50
14917;0,4897365;50
14918;0,490225;50
14919;0,4912025;50
14920;0,490714;50
14921;0,4897365;50
14922;0,487537;50
14923;0,48436;50
14924;0,483871;50
14925;0,4855815;50
14926;0,487292;50
14927;0,4868035;50
14928;0,4853375;50
14929;0,48436;50
14930;0,4833825;50
14931;0,4833825;50
14932;0,4828935;50
14933;0,4828935;50
14934;0,483627;50
14935;0,485093;50
14936;0,487048;50
14937;0,487537;50
14938;0,487537;50
14939;0,487048;50
14940;0,4887585;50
14941;0,491691;50
14942;0,4946235;50
14943;0,4978005;50
14944;0,5002445;50
14945;0,5029325;50
14946;0,5063535;50
14947;0,509286;50
14948;0,509286;50
14949;0,5080645;50
14950;0,506843;50
14951;0,507087;50
14952;0,509042;50
14953;0,510264;50
14954;0,5095305;50
14955;0,5083085;50
14956;0,5068425;50
14957;0,5068425;50
14958;0,5061095;50
14959;0,5061095;50
14960;0,507331;50
14961;0,510508;50
14962;0,5151515;50
14963;0,51784;50
14964;0,5188175;50
14965;0,519306;50
14966;0,520772;50
14967;0,521994;50
14968;0,52175;50
14969;0,5215055;50
14970;0,522483;50
14971;0,5251715;50
14972;0,5285925;50
14973;0,531769;50
14974;0,534213;50
14975;0,5349465;50
14976;0,5361685;50
14977;0,537146;50
14978;0,5369015;50
14979;0,5371455;50
14980;0,5386115;50
14981;0,5417885;50
14982;0,54521;50
14983;0,5461875;50
14984;0,5437435;50
14985;0,5398335;50
14986;0,5383675;50
14987;0,5376345;50
14988;0,5371455;50
14989;0,5383675;50
14990;0,541789;50
14991;0,5478985;50
14992;0,5542525;50
14993;0,5593845;50
14994;0,561828;50
14995;0,564516;50
14996;0,5674485;50
14997;0,569648;50
14998;0,5706255;50
14999;0,5706255;50
15000;0,5711145;50
15001;0,5718475;50
15002;0,5733135;50
15003;0,5733135;50
15004;0,5725805;50
15005;0,573558;50
15006;0,574291;50
15007;0,5745355;50
15008;0,5738025;50
15009;0,574047;50
15010;0,5762465;50
15011;0,57869;50
15012;0,5808895;50
15013;0,581134;50
15014;0,5816225;50
15015;0,581378;50
15016;0,579423;50
15017;0,5764905;50
15018;0,5733135;50
15019;0,572336;50
15020;0,5718475;50
15021;0,5718475;50
15022;0,572092;50
15023;0,572092;50
15024;0,5733135;50
15025;0,57478;50
15026;0,575269;50
15027;0,5742915;50
15028;0,572825;50
15029;0,572336;50
15030;0,5725805;50
15031;0,5725805;50
15032;0,572825;50
15033;0,574047;50
15034;0,5757575;50
15035;0,577468;50
15036;0,579423;50
15037;0,5804005;50
15038;0,583089;50
15039;0,586755;50
15040;0,5916425;50
15041;0,5955525;50
15042;0,5989735;50
15043;0,600684;50
15044;0,6026395;50
15045;0,604839;50
15046;0,6058165;50
15047;0,606061;50
15048;0,6070385;50
15049;0,607527;50
15050;0,610215;50
15051;0,6119255;50
15052;0,611681;50
15053;0,609726;50
15054;0,6080155;50
15055;0,607038;50
15056;0,605083;50
15057;0,60435;50
15058;0,60435;50
15059;0,6065495;50
15060;0,610215;50
15061;0,6136365;50
15062;0,6153475;50
15063;0,614614;50
15064;0,614858;50
15065;0,615347;50
15066;0,6148585;50
15067;0,613881;50
15068;0,6136365;50
15069;0,614614;50
15070;0,615836;50
15071;0,6163245;50
15072;0,615347;50
15073;0,6148585;50
15074;0,6143695;50
15075;0,6124145;50
15076;0,6109485;50
15077;0,6097265;50
15078;0,610215;50
15079;0,6124145;50
15080;0,613392;50
15081;0,6136365;50
15082;0,6121705;50
15083;0,6109485;50
15084;0,6089935;50
15085;0,606794;50
15086;0,6045945;50
15087;0,603128;50
15088;0,603861;50
15089;0,605816;50
15090;0,6087485;50
15091;0,6099705;50
15092;0,610215;50
15093;0,6092375;50
15094;0,607038;50
15095;0,6048385;50
15096;0,602395;50
15097;0,600929;50
15098;0,60044;50
15099;0,6021505;50
15100;0,60435;50
15101;0,606305;50
15102;0,6087485;50
15103;0,610459;50
15104;0,611681;50
15105;0,6124145;50
15106;0,6131475;50
15107;0,615591;50
15108;0,618035;50
15109;0,620479;50
15110;0,622434;50
15111;0,624389;50
15112;0,6278105;50
15113;0,629277;50
15114;0,6314765;50
15115;0,632698;50
15116;0,6339195;50
15117;0,634653;50
15118;0,6353865;50
15119;0,63392;50
15120;0,6329425;50
15121;0,6329425;50
15122;0,6331865;50
15123;0,6363635;50
15124;0,6392965;50
15125;0,641496;50
15126;0,643451;50
15127;0,644673;50
15128;0,644184;50
15129;0,644184;50
15130;0,6444285;50
15131;0,6439395;50
15132;0,6402735;50
15133;0,635386;50
15134;0,6317205;50
15135;0,6329425;50
15136;0,639052;50
15137;0,648827;50
15138;0,6644675;50
15139;0,685484;50
15140;0,7226295;50
15141;0,7810365;50
15142;0,8597265;50
15143;1,008309;50
15144;1,1375855;50
15145;1,175464;50
15146;1,186461;50
15147;1,17913;50
15148;1,160802;50
15149;1,135142;50
15150;1,110704;50
15151;1,0923755;50
15152;1,0899315;50
15153;1,097263;50
15154;1,097263;50
15155;1,0923755;50
15156;1,085044;50
15157;1,0777125;50
15158;1,0654935;50
15159;1,048387;50
15160;1,028837;50
15161;1,004399;50
15162;0,977517;50
15163;0,9481915;50
15164;0,92131;50
15165;0,899316;50
15166;0,530792;50
15167;0,474096;50
15168;0,772972;50
15169;0,768084;50
15170;0,764174;50
15171;0,7565985;50
15172;0,736315;50
15173;0,71261;50
15174;0,6994135;50
15175;0,7069895;50
15176;0,724829;50
15177;0,726295;50
15178;0,7157865;50
15179;0,713343;50
15180;0,725562;50
15181;0,756598;50
