402;13294.23;50;1.40;1;1
403;14027.37;50;1.33;1;1
404;13343.11;50;1.40;1;1
405;14027.37;50;1.33;1;1
406;13294.23;50;1.40;1;1
407;14027.37;50;1.33;1;1
408;13294.23;50;1.40;1;1
409;14027.37;50;1.33;1;1
410;13343.11;50;1.40;1;1
411;14076.25;50;1.33;1;1
412;13294.23;50;1.41;1;1
413;14027.37;50;1.33;1;1
414;13343.11;50;1.40;1;1
415;14027.37;50;1.33;1;1
416;13343.11;50;1.40;1;1
417;14076.25;50;1.33;1;1
418;13343.11;50;1.41;1;1
419;14076.25;50;1.33;1;1
420;13391.98;50;1.41;1;1
421;14027.37;50;1.34;1;1
422;13343.11;50;1.40;1;1
423;14076.25;50;1.33;1;1
424;13391.98;50;1.41;1;1
425;14076.25;50;1.34;1;1
426;13440.86;50;1.41;1;1
427;13978.49;50;1.34;1;1
428;13440.86;50;1.40;1;1
429;14027.37;50;1.34;1;1
430;13440.86;50;1.40;1;1
431;14027.37;50;1.34;1;1
432;13440.86;50;1.40;1;1
433;14027.37;50;1.34;1;1
434;13440.86;50;1.40;1;1
435;14027.37;50;1.34;1;1
436;13489.74;50;1.40;1;1
437;14076.25;50;1.35;1;1
438;13538.61;50;1.41;1;1
439;14027.37;50;1.35;1;1
440;13489.74;50;1.40;1;1
441;14076.25;50;1.35;1;1
442;13538.61;50;1.41;1;1
443;14027.37;50;1.35;1;1
444;13636.36;50;1.40;1;1
445;13978.49;50;1.36;1;1
446;13636.36;50;1.40;1;1
447;13978.49;50;1.36;1;1
448;13636.36;50;1.40;1;1
449;13929.62;50;1.36;1;1
450;13587.49;50;1.39;1;1
451;13929.62;50;1.36;1;1
452;13685.24;50;1.39;1;1
453;13978.49;50;1.37;1;1
454;13685.24;50;1.40;1;1
455;13978.49;50;1.37;1;1
456;13734.12;50;1.40;1;1
457;13929.62;50;1.37;1;1
458;13734.12;50;1.39;1;1
459;13929.62;50;1.37;1;1
460;13587.49;50;1.39;1;1
461;14076.25;50;1.36;1;1
462;13636.36;50;1.41;1;1
463;13978.49;50;1.36;1;1
464;13538.61;50;1.40;1;1
465;14027.37;50;1.35;1;1
466;13538.61;50;1.40;1;1
467;14125.12;50;1.35;1;1
468;13538.61;50;1.41;1;1
469;14125.12;50;1.35;1;1
470;13489.74;50;1.41;1;1
471;14125.12;50;1.35;1;1
472;13489.74;50;1.41;1;1
473;14174.00;50;1.35;1;1
474;13440.86;50;1.42;1;1
475;14125.12;50;1.34;1;1
476;13440.86;50;1.41;1;1
477;14174.00;50;1.34;1;1
478;13489.74;50;1.42;1;1
479;14174.00;50;1.35;1;1
480;13440.86;50;1.42;1;1
481;14174.00;50;1.34;1;1
482;13440.86;50;1.42;1;1
483;14125.12;50;1.34;1;1
484;13391.98;50;1.41;1;1
485;14076.25;50;1.34;1;1
486;13440.86;50;1.41;1;1
487;14125.12;50;1.34;1;1
488;13391.98;50;1.41;1;1
489;14125.12;50;1.34;1;1
490;13440.86;50;1.41;1;1
491;14027.37;50;1.34;1;1
492;13440.86;50;1.40;1;1
493;14027.37;50;1.34;1;1
494;13391.98;50;1.40;1;1
495;13978.49;50;1.34;1;1
496;13440.86;50;1.40;1;1
497;13978.49;50;1.34;1;1
498;13440.86;50;1.40;1;1
499;13978.49;50;1.34;1;1
500;13440.86;50;1.40;1;1
501;14027.37;50;1.34;1;1
502;13294.23;50;1.40;1;1
503;14027.37;50;1.33;1;1
504;13391.98;50;1.40;1;1
505;14027.37;50;1.34;1;1
506;13391.98;50;1.40;1;1
507;14027.37;50;1.34;1;1
508;13294.23;50;1.40;1;1
509;14076.25;50;1.33;1;1
510;13294.23;50;1.41;1;1
511;14027.37;50;1.33;1;1
512;13343.11;50;1.40;1;1
513;14027.37;50;1.33;1;1
514;13294.23;50;1.40;1;1
515;14027.37;50;1.33;1;1
516;13294.23;50;1.40;1;1
517;14027.37;50;1.33;1;1
518;13294.23;50;1.40;1;1
519;14027.37;50;1.33;1;1
520;13294.23;50;1.40;1;1
521;14076.25;50;1.33;1;1
522;13343.11;50;1.41;1;1
523;14027.37;50;1.33;1;1
524;13294.23;50;1.40;1;1
525;14076.25;50;1.33;1;1
526;13294.23;50;1.41;1;1
527;14027.37;50;1.33;1;1
528;13294.23;50;1.40;1;1
529;14027.37;50;1.33;1;1
530;13343.11;50;1.40;1;1
531;14076.25;50;1.33;1;1
532;13294.23;50;1.41;1;1
533;14027.37;50;1.33;1;1
534;13391.98;50;1.40;1;1
535;14027.37;50;1.34;1;1
536;13294.23;50;1.40;1;1
537;14076.25;50;1.33;1;1
538;13343.11;50;1.41;1;1
539;14076.25;50;1.33;1;1
540;13343.11;50;1.41;1;1
541;14076.25;50;1.33;1;1
542;13440.86;50;1.41;1;1
543;13978.49;50;1.34;1;1
544;13440.86;50;1.40;1;1
545;14027.37;50;1.34;1;1
546;13391.98;50;1.40;1;1
547;14076.25;50;1.34;1;1
548;13440.86;50;1.41;1;1
549;14027.37;50;1.34;1;1
550;13440.86;50;1.40;1;1
551;14076.25;50;1.34;1;1
552;13489.74;50;1.41;1;1
553;14027.37;50;1.35;1;1
554;13440.86;50;1.40;1;1
555;14027.37;50;1.34;1;1
556;13489.74;50;1.40;1;1
557;14027.37;50;1.35;1;1
558;13489.74;50;1.40;1;1
559;13929.62;50;1.35;1;1
560;13538.61;50;1.39;1;1
561;14027.37;50;1.35;1;1
562;13587.49;50;1.40;1;1
563;14027.37;50;1.36;1;1
564;13636.36;50;1.40;1;1
565;14027.37;50;1.36;1;1
566;13636.36;50;1.40;1;1
567;13978.49;50;1.36;1;1
568;13587.49;50;1.40;1;1
569;14027.37;50;1.36;1;1
570;13685.24;50;1.40;1;1
571;14076.25;50;1.37;1;1
572;13538.61;50;1.41;1;1
573;14125.12;50;1.35;1;1
574;13587.49;50;1.41;1;1
575;14125.12;50;1.36;1;1
576;13587.49;50;1.41;1;1
577;14174.00;50;1.36;1;1
578;13489.74;50;1.42;1;1
579;14174.00;50;1.35;1;1
580;13538.61;50;1.42;1;1
581;14125.12;50;1.35;1;1
582;13489.74;50;1.41;1;1
583;14174.00;50;1.35;1;1
584;13538.61;50;1.42;1;1
585;14174.00;50;1.35;1;1
586;13538.61;50;1.42;1;1
587;14174.00;50;1.35;1;1
588;13538.61;50;1.42;1;1
589;14125.12;50;1.35;1;1
590;13538.61;50;1.41;1;1
591;14125.12;50;1.35;1;1
592;13489.74;50;1.41;1;1
593;14125.12;50;1.35;1;1
594;13587.49;50;1.41;1;1
595;14076.25;50;1.36;1;1
596;13587.49;50;1.41;1;1
597;14076.25;50;1.36;1;1
598;13587.49;50;1.41;1;1
599;14027.37;50;1.36;1;1
600;13587.49;50;1.40;1;1
601;14076.25;50;1.36;1;1
602;13587.49;50;1.41;1;1
603;14027.37;50;1.36;1;1
604;13538.61;50;1.40;1;1
605;13978.49;50;1.35;1;1
606;13489.74;50;1.40;1;1
607;14076.25;50;1.35;1;1
608;13440.86;50;1.41;1;1
609;14027.37;50;1.34;1;1
610;13440.86;50;1.40;1;1
611;14076.25;50;1.34;1;1
612;13391.98;50;1.41;1;1
613;14076.25;50;1.34;1;1
614;13391.98;50;1.41;1;1
615;14125.12;50;1.34;1;1
616;13391.98;50;1.41;1;1
617;14076.25;50;1.34;1;1
618;13391.98;50;1.41;1;1
619;14076.25;50;1.34;1;1
620;13343.11;50;1.41;1;1
621;14076.25;50;1.33;1;1
622;13343.11;50;1.41;1;1
623;14027.37;50;1.33;1;1
624;13343.11;50;1.40;1;1
625;14027.37;50;1.33;1;1
626;13391.98;50;1.40;1;1
627;14027.37;50;1.34;1;1
628;13343.11;50;1.40;1;1
629;14027.37;50;1.33;1;1
630;13343.11;50;1.40;1;1
631;14027.37;50;1.33;1;1
632;13294.23;50;1.40;1;1
633;14076.25;50;1.33;1;1
634;13343.11;50;1.41;1;1
635;13978.49;50;1.33;1;1
636;13391.98;50;1.40;1;1
637;14027.37;50;1.34;1;1
638;13343.11;50;1.40;1;1
639;14027.37;50;1.33;1;1
640;13391.98;50;1.40;1;1
641;13929.62;50;1.34;1;1
642;13391.98;50;1.39;1;1
643;13929.62;50;1.34;1;1
644;13440.86;50;1.39;1;1
645;13978.49;50;1.34;1;1
646;13440.86;50;1.40;1;1
647;13929.62;50;1.34;1;1
648;13440.86;50;1.39;1;1
649;13929.62;50;1.34;1;1
650;13391.98;50;1.39;1;1
651;13978.49;50;1.34;1;1
652;13391.98;50;1.40;1;1
653;13929.62;50;1.34;1;1
654;13440.86;50;1.39;1;1
655;13978.49;50;1.34;1;1
656;13440.86;50;1.40;1;1
657;13978.49;50;1.34;1;1
658;13440.86;50;1.40;1;1
659;13978.49;50;1.34;1;1
660;13489.74;50;1.40;1;1
661;13978.49;50;1.35;1;1
662;13538.61;50;1.40;1;1
663;13929.62;50;1.35;1;1
664;13489.74;50;1.39;1;1
665;13978.49;50;1.35;1;1
666;13538.61;50;1.40;1;1
667;13929.62;50;1.35;1;1
668;13489.74;50;1.39;1;1
669;13929.62;50;1.35;1;1
670;13636.36;50;1.39;1;1
671;13978.49;50;1.36;1;1
672;13538.61;50;1.40;1;1
673;14027.37;50;1.35;1;1
674;13538.61;50;1.40;1;1
675;13929.62;50;1.35;1;1
676;13489.74;50;1.39;1;1
677;14076.25;50;1.35;1;1
678;13489.74;50;1.41;1;1
679;14076.25;50;1.35;1;1
680;13538.61;50;1.41;1;1
681;14076.25;50;1.35;1;1
682;13538.61;50;1.41;1;1
683;14174.00;50;1.35;1;1
684;13489.74;50;1.42;1;1
685;14174.00;50;1.35;1;1
686;13489.74;50;1.42;1;1
687;14174.00;50;1.35;1;1
688;13538.61;50;1.42;1;1
689;14174.00;50;1.35;1;1
690;13538.61;50;1.42;1;1
691;14174.00;50;1.35;1;1
692;13489.74;50;1.42;1;1
693;14174.00;50;1.35;1;1
694;13587.49;50;1.42;1;1
695;14174.00;50;1.36;1;1
696;13587.49;50;1.42;1;1
697;14125.12;50;1.36;1;1
698;13587.49;50;1.41;1;1
699;14222.87;50;1.36;1;1
700;13587.49;50;1.42;1;1
701;14174.00;50;1.36;1;1
702;13587.49;50;1.42;1;1
703;14174.00;50;1.36;1;1
704;13587.49;50;1.42;1;1
705;14174.00;50;1.36;1;1
706;13587.49;50;1.42;1;1
707;14174.00;50;1.36;1;1
708;13587.49;50;1.42;1;1
709;14222.87;50;1.36;1;1
710;13587.49;50;1.42;1;1
711;14222.87;50;1.36;1;1
712;13538.61;50;1.42;1;1
713;14222.87;50;1.35;1;1
714;13538.61;50;1.42;1;1
715;14222.87;50;1.35;1;1
716;13489.74;50;1.42;1;1
717;14222.87;50;1.35;1;1
718;13489.74;50;1.42;1;1
719;14125.12;50;1.35;1;1
720;13489.74;50;1.41;1;1
721;14174.00;50;1.35;1;1
722;13440.86;50;1.42;1;1
723;14174.00;50;1.34;1;1
724;13489.74;50;1.42;1;1
725;14174.00;50;1.35;1;1
726;13440.86;50;1.42;1;1
727;14174.00;50;1.34;1;1
728;13440.86;50;1.42;1;1
729;14125.12;50;1.34;1;1
730;13440.86;50;1.41;1;1
731;14125.12;50;1.34;1;1
732;13440.86;50;1.41;1;1
733;14174.00;50;1.34;1;1
734;13440.86;50;1.42;1;1
735;14125.12;50;1.34;1;1
736;13440.86;50;1.41;1;1
737;14174.00;50;1.34;1;1
738;13391.98;50;1.42;1;1
739;14125.12;50;1.34;1;1
740;13391.98;50;1.41;1;1
741;14174.00;50;1.34;1;1
742;13391.98;50;1.42;1;1
743;14125.12;50;1.34;1;1
744;13440.86;50;1.41;1;1
745;14125.12;50;1.34;1;1
746;13343.11;50;1.41;1;1
747;14076.25;50;1.33;1;1
748;13440.86;50;1.41;1;1
749;14125.12;50;1.34;1;1
750;13391.98;50;1.41;1;1
751;14076.25;50;1.34;1;1
752;13440.86;50;1.41;1;1
753;14076.25;50;1.34;1;1
754;13391.98;50;1.41;1;1
755;14076.25;50;1.34;1;1
756;13440.86;50;1.41;1;1
757;13978.49;50;1.34;1;1
758;13440.86;50;1.40;1;1
759;14027.37;50;1.34;1;1
760;13440.86;50;1.40;1;1
761;14027.37;50;1.34;1;1
762;13489.74;50;1.40;1;1
763;13978.49;50;1.35;1;1
764;13538.61;50;1.40;1;1
765;14027.37;50;1.35;1;1
766;13440.86;50;1.40;1;1
767;14027.37;50;1.34;1;1
768;13440.86;50;1.40;1;1
769;13929.62;50;1.34;1;1
770;13538.61;50;1.39;1;1
771;13929.62;50;1.35;1;1
772;13587.49;50;1.39;1;1
773;13929.62;50;1.36;1;1
774;13587.49;50;1.39;1;1
775;13929.62;50;1.36;1;1
776;13636.36;50;1.39;1;1
777;13929.62;50;1.36;1;1
778;13538.61;50;1.39;1;1
779;13831.87;50;1.35;1;1
780;13636.36;50;1.38;1;1
781;13978.49;50;1.36;1;1
782;13489.74;50;1.40;1;1
783;14027.37;50;1.35;1;1
784;13489.74;50;1.40;1;1
785;14027.37;50;1.35;1;1
786;13538.61;50;1.40;1;1
787;14076.25;50;1.35;1;1
788;13538.61;50;1.41;1;1
789;14125.12;50;1.35;1;1
790;13489.74;50;1.41;1;1
791;14125.12;50;1.35;1;1
792;13538.61;50;1.41;1;1
793;14125.12;50;1.35;1;1
794;13489.74;50;1.41;1;1
795;14174.00;50;1.35;1;1
796;13538.61;50;1.42;1;1
797;14174.00;50;1.35;1;1
798;13489.74;50;1.42;1;1
799;14174.00;50;1.35;1;1
800;13587.49;50;1.42;1;1
801;14174.00;50;1.36;1;1
802;13538.61;50;1.42;1;1
803;14174.00;50;1.35;1;1
804;13538.61;50;1.42;1;1
805;14174.00;50;1.35;1;1
806;13587.49;50;1.42;1;1
807;14174.00;50;1.36;1;1
808;13636.36;50;1.42;1;1
809;14174.00;50;1.36;1;1
810;13587.49;50;1.42;1;1
811;14174.00;50;1.36;1;1
812;13636.36;50;1.42;1;1
813;14125.12;50;1.36;1;1
814;13636.36;50;1.41;1;1
815;14222.87;50;1.36;1;1
816;13734.12;50;1.42;1;1
817;14076.25;50;1.37;1;1
818;13636.36;50;1.41;1;1
819;14076.25;50;1.36;1;1
820;13734.12;50;1.41;1;1
821;14076.25;50;1.37;1;1
822;13685.24;50;1.41;1;1
823;14076.25;50;1.37;1;1
824;13734.12;50;1.41;1;1
825;14027.37;50;1.37;1;1
826;13831.87;50;1.40;1;1
827;13978.49;50;1.38;1;1
828;13782.99;50;1.40;1;1
829;13929.62;50;1.38;1;1
830;13782.99;50;1.39;1;1
831;13978.49;50;1.38;1;1
832;13782.99;50;1.40;1;1
833;13880.74;50;1.38;1;1
834;13782.99;50;1.39;1;1
835;13880.74;50;1.38;1;1
836;13782.99;50;1.39;1;1
837;13929.62;50;1.38;1;1
838;13782.99;50;1.39;1;1
839;13880.74;50;1.38;1;1
840;13782.99;50;1.39;1;1
841;13831.87;50;1.38;1;1
842;13782.99;50;1.38;1;1
843;13831.87;50;1.38;1;1
844;13734.12;50;1.38;1;1
845;13929.62;50;1.37;1;1
846;13636.36;50;1.39;1;1
847;13978.49;50;1.36;1;1
848;13587.49;50;1.40;1;1
849;13929.62;50;1.36;1;1
850;13636.36;50;1.39;1;1
851;14076.25;50;1.36;1;1
852;13538.61;50;1.41;1;1
853;14027.37;50;1.35;1;1
854;13538.61;50;1.40;1;1
855;14027.37;50;1.35;1;1
856;13538.61;50;1.40;1;1
857;13929.62;50;1.35;1;1
858;13685.24;50;1.39;1;1
859;13880.74;50;1.37;1;1
860;13685.24;50;1.39;1;1
861;13831.87;50;1.37;1;1
862;13636.36;50;1.38;1;1
863;13685.24;50;1.36;1;1
864;13831.87;50;1.37;1;1
865;13685.24;50;1.38;1;1
866;13831.87;50;1.37;1;1
867;13636.36;50;1.38;1;1
868;13782.99;50;1.36;1;1
869;13636.36;50;1.38;1;1
870;13782.99;50;1.36;1;1
871;13636.36;50;1.38;1;1
872;13782.99;50;1.36;1;1
873;13587.49;50;1.38;1;1
874;13782.99;50;1.36;1;1
875;13587.49;50;1.38;1;1
876;13782.99;50;1.36;1;1
877;13636.36;50;1.38;1;1
878;13782.99;50;1.36;1;1
879;13636.36;50;1.38;1;1
880;13831.87;50;1.36;1;1
881;13636.36;50;1.38;1;1
882;13831.87;50;1.36;1;1
883;13636.36;50;1.38;1;1
884;13831.87;50;1.36;1;1
885;13587.49;50;1.38;1;1
886;13831.87;50;1.36;1;1
887;13538.61;50;1.38;1;1
888;13880.74;50;1.35;1;1
889;13685.24;50;1.39;1;1
890;13831.87;50;1.37;1;1
891;13587.49;50;1.38;1;1
892;13831.87;50;1.36;1;1
893;13685.24;50;1.38;1;1
894;13880.74;50;1.37;1;1
895;13587.49;50;1.39;1;1
896;13880.74;50;1.36;1;1
897;13538.61;50;1.39;1;1
898;13978.49;50;1.35;1;1
899;13587.49;50;1.40;1;1
900;13880.74;50;1.36;1;1
901;13636.36;50;1.39;1;1
902;13929.62;50;1.36;1;1
903;13587.49;50;1.39;1;1
904;14027.37;50;1.36;1;1
905;13587.49;50;1.40;1;1
906;14076.25;50;1.36;1;1
907;13489.74;50;1.41;1;1
908;14125.12;50;1.35;1;1
909;13440.86;50;1.41;1;1
910;14125.12;50;1.34;1;1
911;13538.61;50;1.41;1;1
912;14076.25;50;1.35;1;1
913;13587.49;50;1.41;1;1
914;14027.37;50;1.36;1;1
915;13636.36;50;1.40;1;1
916;14125.12;50;1.36;1;1
917;13587.49;50;1.41;1;1
918;14125.12;50;1.36;1;1
919;13538.61;50;1.41;1;1
920;14125.12;50;1.35;1;1
921;13538.61;50;1.41;1;1
922;14222.87;50;1.35;1;1
923;13538.61;50;1.42;1;1
924;14222.87;50;1.35;1;1
925;13538.61;50;1.42;1;1
926;14222.87;50;1.35;1;1
927;13538.61;50;1.42;1;1
928;14222.87;50;1.35;1;1
929;13538.61;50;1.42;1;1
930;14271.75;50;1.35;1;1
931;13538.61;50;1.43;1;1
932;14222.87;50;1.35;1;1
933;13587.49;50;1.42;1;1
934;14174.00;50;1.36;1;1
935;13587.49;50;1.42;1;1
936;14174.00;50;1.36;1;1
937;13587.49;50;1.42;1;1
938;14174.00;50;1.36;1;1
939;13636.36;50;1.42;1;1
940;14076.25;50;1.36;1;1
941;13685.24;50;1.41;1;1
942;14125.12;50;1.37;1;1
943;13685.24;50;1.41;1;1
944;14125.12;50;1.37;1;1
945;13734.12;50;1.41;1;1
946;14076.25;50;1.37;1;1
947;13587.49;50;1.41;1;1
948;14222.87;50;1.36;1;1
949;13538.61;50;1.42;1;1
950;14174.00;50;1.35;1;1
951;13636.36;50;1.42;1;1
952;14125.12;50;1.36;1;1
953;13685.24;50;1.41;1;1
954;14222.87;50;1.37;1;1
955;13587.49;50;1.42;1;1
956;14222.87;50;1.36;1;1
957;13538.61;50;1.42;1;1
958;14174.00;50;1.35;1;1
959;13538.61;50;1.42;1;1
960;14174.00;50;1.35;1;1
961;13538.61;50;1.42;1;1
962;14174.00;50;1.35;1;1
963;13489.74;50;1.42;1;1
964;14174.00;50;1.35;1;1
965;13489.74;50;1.42;1;1
966;14174.00;50;1.35;1;1
967;13538.61;50;1.42;1;1
968;14174.00;50;1.35;1;1
969;13489.74;50;1.42;1;1
970;14125.12;50;1.35;1;1
971;13440.86;50;1.41;1;1
972;14174.00;50;1.34;1;1
973;13440.86;50;1.42;1;1
974;14125.12;50;1.34;1;1
975;13440.86;50;1.41;1;1
976;14125.12;50;1.34;1;1
977;13440.86;50;1.41;1;1
978;14076.25;50;1.34;1;1
979;13391.98;50;1.41;1;1
980;14125.12;50;1.34;1;1
981;13440.86;50;1.41;1;1
982;14076.25;50;1.34;1;1
983;13391.98;50;1.41;1;1
984;14125.12;50;1.34;1;1
985;13391.98;50;1.41;1;1
986;14125.12;50;1.34;1;1
987;13391.98;50;1.41;1;1
988;14125.12;50;1.34;1;1
989;13391.98;50;1.41;1;1
990;14125.12;50;1.34;1;1
991;13391.98;50;1.41;1;1
992;14125.12;50;1.34;1;1
993;13391.98;50;1.41;1;1
994;14125.12;50;1.34;1;1
995;13343.11;50;1.41;1;1
996;14076.25;50;1.33;1;1
997;13391.98;50;1.41;1;1
998;14027.37;50;1.34;1;1
999;13391.98;50;1.40;1;1
1000;14027.37;50;1.34;1;1
1001;13440.86;50;1.40;1;1
1002;14027.37;50;1.34;1;1
1003;13440.86;50;1.40;1;1
1004;14027.37;50;1.34;1;1
1005;13440.86;50;1.40;1;1
1006;13978.49;50;1.34;1;1
1007;13440.86;50;1.40;1;1
1008;14027.37;50;1.34;1;1
1009;13587.49;50;1.40;1;1
1010;13880.74;50;1.36;1;1
1011;13587.49;50;1.39;1;1
1012;13929.62;50;1.36;1;1
1013;13636.36;50;1.39;1;1
1014;13782.99;50;1.36;1;1
1015;13587.49;50;1.38;1;1
1016;13880.74;50;1.36;1;1
1017;13685.24;50;1.39;1;1
1018;13831.87;50;1.37;1;1
1019;13587.49;50;1.38;1;1
1020;14027.37;50;1.36;1;1
1021;13538.61;50;1.40;1;1
1022;14027.37;50;1.35;1;1
1023;13636.36;50;1.40;1;1
1024;13929.62;50;1.36;1;1
1025;13538.61;50;1.39;1;1
1026;14027.37;50;1.35;1;1
1027;13538.61;50;1.40;1;1
1028;14027.37;50;1.35;1;1
1029;13587.49;50;1.40;1;1
1030;14076.25;50;1.36;1;1
1031;13587.49;50;1.41;1;1
1032;13978.49;50;1.36;1;1
1033;13636.36;50;1.40;1;1
1034;13978.49;50;1.36;1;1
1035;13685.24;50;1.40;1;1
1036;14076.25;50;1.37;1;1
1037;13636.36;50;1.41;1;1
1038;13929.62;50;1.36;1;1
1039;13782.99;50;1.39;1;1
1040;13831.87;50;1.38;1;1
1041;13831.87;50;1.38;1;1
1042;13880.74;50;1.38;1;1
1043;13831.87;50;1.39;1;1
1044;13831.87;50;1.38;1;1
1045;13880.74;50;1.38;1;1
1046;13880.74;50;1.39;1;1
1047;13880.74;50;1.39;1;1
1048;13831.87;50;1.39;1;1
1049;13929.62;50;1.38;1;1
1050;13880.74;50;1.39;1;1
1051;13929.62;50;1.39;1;1
1052;13831.87;50;1.39;1;1
1053;13929.62;50;1.38;1;1
1054;13831.87;50;1.39;1;1
1055;13978.49;50;1.38;1;1
1056;13782.99;50;1.40;1;1
1057;13978.49;50;1.38;1;1
1058;13831.87;50;1.40;1;1
1059;14027.37;50;1.38;1;1
1060;13782.99;50;1.40;1;1
1061;13978.49;50;1.38;1;1
1062;13831.87;50;1.40;1;1
1063;13978.49;50;1.38;1;1
1064;13831.87;50;1.40;1;1
1065;14027.37;50;1.38;1;1
1066;13782.99;50;1.40;1;1
1067;14076.25;50;1.38;1;1
1068;13734.12;50;1.41;1;1
1069;14027.37;50;1.37;1;1
1070;13685.24;50;1.40;1;1
1071;14125.12;50;1.37;1;1
1072;13685.24;50;1.41;1;1
1073;14076.25;50;1.37;1;1
1074;13587.49;50;1.41;1;1
1075;14125.12;50;1.36;1;1
1076;13636.36;50;1.41;1;1
1077;14076.25;50;1.36;1;1
1078;13587.49;50;1.41;1;1
1079;14174.00;50;1.36;1;1
1080;13538.61;50;1.42;1;1
1081;14174.00;50;1.35;1;1
1082;13489.74;50;1.42;1;1
1083;14174.00;50;1.35;1;1
1084;13538.61;50;1.42;1;1
1085;14174.00;50;1.35;1;1
1086;13538.61;50;1.42;1;1
1087;14174.00;50;1.35;1;1
1088;13489.74;50;1.42;1;1
1089;14174.00;50;1.35;1;1
1090;13489.74;50;1.42;1;1
1091;14174.00;50;1.35;1;1
1092;13440.86;50;1.42;1;1
1093;14125.12;50;1.34;1;1
1094;13391.98;50;1.41;1;1
1095;14125.12;50;1.34;1;1
1096;13440.86;50;1.41;1;1
1097;14174.00;50;1.34;1;1
1098;13391.98;50;1.42;1;1
1099;14174.00;50;1.34;1;1
1100;13440.86;50;1.42;1;1
1101;14125.12;50;1.34;1;1
1102;13391.98;50;1.41;1;1
1103;14125.12;50;1.34;1;1
1104;13440.86;50;1.41;1;1
1105;14076.25;50;1.34;1;1
1106;13440.86;50;1.41;1;1
1107;14076.25;50;1.34;1;1
1108;13391.98;50;1.41;1;1
1109;14125.12;50;1.34;1;1
1110;13391.98;50;1.41;1;1
1111;14125.12;50;1.34;1;1
1112;13440.86;50;1.41;1;1
1113;14076.25;50;1.34;1;1
1114;13440.86;50;1.41;1;1
1115;14125.12;50;1.34;1;1
1116;13489.74;50;1.41;1;1
1117;14027.37;50;1.35;1;1
1118;13440.86;50;1.40;1;1
1119;14076.25;50;1.34;1;1
1120;13489.74;50;1.41;1;1
1121;14076.25;50;1.35;1;1
1122;13440.86;50;1.41;1;1
1123;13929.62;50;1.34;1;1
1124;13587.49;50;1.39;1;1
1125;13929.62;50;1.36;1;1
1126;13587.49;50;1.39;1;1
1127;13929.62;50;1.36;1;1
1128;13587.49;50;1.39;1;1
1129;13782.99;50;1.36;1;1
1130;13685.24;50;1.38;1;1
1131;13880.74;50;1.37;1;1
1132;13636.36;50;1.39;1;1
1133;13831.87;50;1.36;1;1
1134;13636.36;50;1.38;1;1
1135;13880.74;50;1.36;1;1
1136;13685.24;50;1.39;1;1
1137;13831.87;50;1.37;1;1
1138;13685.24;50;1.38;1;1
1139;13782.99;50;1.37;1;1
1140;13734.12;50;1.38;1;1
1141;13782.99;50;1.37;1;1
1142;13685.24;50;1.38;1;1
1143;13782.99;50;1.37;1;1
1144;13782.99;50;1.38;1;1
1145;13782.99;50;1.38;1;1
1146;13685.24;50;1.38;1;1
1147;13929.62;50;1.37;1;1
1148;13782.99;50;1.39;1;1
1149;13880.74;50;1.38;1;1
1150;13685.24;50;1.39;1;1
1151;13880.74;50;1.37;1;1
1152;13929.62;50;1.39;1;1
1153;13734.12;50;1.39;1;1
1154;13929.62;50;1.37;1;1
1155;13782.99;50;1.39;1;1
1156;13929.62;50;1.38;1;1
1157;13734.12;50;1.39;1;1
1158;13978.49;50;1.37;1;1
1159;13782.99;50;1.40;1;1
1160;14027.37;50;1.38;1;1
1161;13734.12;50;1.40;1;1
1162;14027.37;50;1.37;1;1
1163;13734.12;50;1.40;1;1
1164;14027.37;50;1.37;1;1
1165;13685.24;50;1.40;1;1
1166;14027.37;50;1.37;1;1
1167;13685.24;50;1.40;1;1
1168;14027.37;50;1.37;1;1
1169;13685.24;50;1.40;1;1
1170;14125.12;50;1.37;1;1
1171;13831.87;50;1.41;1;1
1172;14076.25;50;1.38;1;1
1173;13734.12;50;1.41;1;1
1174;14174.00;50;1.37;1;1
1175;13831.87;50;1.42;1;1
1176;14125.12;50;1.38;1;1
1177;13831.87;50;1.41;1;1
1178;14027.37;50;1.38;1;1
1179;13782.99;50;1.40;1;1
1180;14076.25;50;1.38;1;1
1181;13880.74;50;1.41;1;1
1182;13929.62;50;1.39;1;1
1183;13929.62;50;1.39;1;1
1184;14027.37;50;1.39;1;1
1185;13880.74;50;1.40;1;1
1186;13978.49;50;1.39;1;1
1187;13880.74;50;1.40;1;1
1188;14076.25;50;1.39;1;1
1189;13734.12;50;1.41;1;1
1190;14076.25;50;1.37;1;1
1191;13734.12;50;1.41;1;1
1192;14174.00;50;1.37;1;1
1193;13685.24;50;1.42;1;1
1194;14125.12;50;1.37;1;1
1195;13587.49;50;1.41;1;1
1196;14174.00;50;1.36;1;1
1197;13587.49;50;1.42;1;1
1198;14222.87;50;1.36;1;1
1199;13636.36;50;1.42;1;1
1200;14222.87;50;1.36;1;1
1201;13587.49;50;1.42;1;1
1202;14271.75;50;1.36;1;1
1203;13489.74;50;1.43;1;1
1204;14222.87;50;1.35;1;1
1205;13538.61;50;1.42;1;1
1206;14174.00;50;1.35;1;1
1207;13538.61;50;1.42;1;1
1208;14174.00;50;1.35;1;1
1209;13489.74;50;1.42;1;1
1210;14222.87;50;1.35;1;1
1211;13538.61;50;1.42;1;1
1212;14222.87;50;1.35;1;1
1213;13489.74;50;1.42;1;1
1214;14222.87;50;1.35;1;1
1215;13489.74;50;1.42;1;1
1216;14125.12;50;1.35;1;1
1217;13538.61;50;1.41;1;1
1218;14125.12;50;1.35;1;1
1219;13489.74;50;1.41;1;1
1220;14076.25;50;1.35;1;1
1221;13538.61;50;1.41;1;1
1222;14125.12;50;1.35;1;1
1223;13538.61;50;1.41;1;1
1224;14125.12;50;1.35;1;1
1225;13538.61;50;1.41;1;1
1226;14076.25;50;1.35;1;1
1227;13489.74;50;1.41;1;1
1228;14076.25;50;1.35;1;1
1229;13489.74;50;1.41;1;1
1230;14027.37;50;1.35;1;1
1231;13538.61;50;1.40;1;1
1232;14076.25;50;1.35;1;1
1233;13538.61;50;1.41;1;1
1234;14027.37;50;1.35;1;1
1235;13538.61;50;1.40;1;1
1236;13978.49;50;1.35;1;1
1237;13538.61;50;1.40;1;1
1238;14027.37;50;1.35;1;1
1239;13538.61;50;1.40;1;1
1240;13929.62;50;1.35;1;1
1241;13538.61;50;1.39;1;1
1242;13929.62;50;1.35;1;1
1243;13685.24;50;1.39;1;1
1244;14027.37;50;1.37;1;1
1245;13685.24;50;1.40;1;1
1246;13978.49;50;1.37;1;1
1247;13685.24;50;1.40;1;1
1248;13929.62;50;1.37;1;1
1249;13685.24;50;1.39;1;1
1250;13929.62;50;1.37;1;1
1251;13636.36;50;1.39;1;1
1252;13929.62;50;1.36;1;1
1253;13734.12;50;1.39;1;1
1254;13880.74;50;1.37;1;1
1255;13734.12;50;1.39;1;1
1256;13880.74;50;1.37;1;1
1257;13782.99;50;1.39;1;1
4711;1759.53;50;0.13;1;0
2;1749.76;50;0.12;1;0
3;1212.12;50;0.17;1;0
4;1798.63;50;0.12;1;0
5;1221.90;50;0.18;1;0
6;1739.98;50;0.12;1;0
7;1231.67;50;0.17;1;0
8;1769.31;50;0.12;1;0
9;1212.12;50;0.18;1;0
10;1818.18;50;0.12;1;0
11;1241.45;50;0.18;1;0
12;1749.76;50;0.12;1;0
13;1221.90;50;0.17;1;0
14;1759.53;50;0.12;1;0
15;1231.67;50;0.18;1;0
16;1837.73;50;0.12;1;0
17;1221.90;50;0.18;1;0
18;1837.73;50;0.12;1;0
19;1221.90;50;0.18;1;0
20;1818.18;50;0.12;1;0
21;1231.67;50;0.18;1;0
22;1857.28;50;0.12;1;0
23;1251.22;50;0.19;1;0
24;1827.96;50;0.13;1;0
25;1212.12;50;0.18;1;0
26;1847.51;50;0.12;1;0
27;1231.67;50;0.18;1;0
28;1867.06;50;0.12;1;0
29;1241.45;50;0.19;1;0
30;1876.83;50;0.12;1;0
31;1251.22;50;0.19;1;0
32;1867.06;50;0.13;1;0
33;1280.55;50;0.19;1;0
34;1837.73;50;0.13;1;0
35;1280.55;50;0.18;1;0
36;1857.28;50;0.13;1;0
37;1261.00;50;0.19;1;0
38;1906.16;50;0.13;1;0
39;1280.55;50;0.19;1;0
40;1886.61;50;0.13;1;0
41;1309.87;50;0.19;1;0
42;1867.06;50;0.13;1;0
43;1290.32;50;0.19;1;0
44;1857.28;50;0.13;1;0
45;1300.10;50;0.19;1;0
46;1945.26;50;0.13;1;0
47;1309.87;50;0.19;1;0
48;1925.71;50;0.13;1;0
49;1300.10;50;0.19;1;0
50;1906.16;50;0.13;1;0
51;1329.42;50;0.19;1;0
52;1925.71;50;0.13;1;0
53;1348.97;50;0.19;1;0
54;1915.93;50;0.13;1;0
55;1339.20;50;0.19;1;0
56;1955.03;50;0.13;1;0
57;1339.20;50;0.20;1;0
58;1896.38;50;0.13;1;0
59;1358.75;50;0.19;1;0
60;1896.38;50;0.14;1;0
61;1368.52;50;0.19;1;0
62;1896.38;50;0.14;1;0
63;1378.30;50;0.19;1;0
64;1935.48;50;0.14;1;0
65;1329.42;50;0.19;1;0
66;1955.03;50;0.13;1;0
67;1348.97;50;0.20;1;0
68;1945.26;50;0.13;1;0
69;1339.20;50;0.19;1;0
70;1945.26;50;0.13;1;0
71;1339.20;50;0.19;1;0
72;1935.48;50;0.13;1;0
73;1319.65;50;0.19;1;0
74;1935.48;50;0.13;1;0
75;1319.65;50;0.19;1;0
76;1867.06;50;0.13;1;0
77;1309.87;50;0.19;1;0
78;1915.93;50;0.13;1;0
79;1339.20;50;0.19;1;0
80;1867.06;50;0.13;1;0
81;1358.75;50;0.19;1;0
82;1857.28;50;0.14;1;0
83;1378.30;50;0.19;1;0
84;1857.28;50;0.14;1;0
85;1339.20;50;0.19;1;0
86;1808.41;50;0.13;1;0
87;1348.97;50;0.18;1;0
88;1808.41;50;0.13;1;0
89;1358.75;50;0.18;1;0
90;1818.18;50;0.14;1;0
91;1358.75;50;0.18;1;0
92;1808.41;50;0.14;1;0
93;1309.87;50;0.18;1;0
94;1788.86;50;0.13;1;0
95;1358.75;50;0.18;1;0
96;1788.86;50;0.14;1;0
97;1358.75;50;0.18;1;0
98;1759.53;50;0.14;1;0
99;1319.65;50;0.18;1;0
100;1749.76;50;0.13;1;0
101;1339.20;50;0.17;1;0
102;1779.08;50;0.13;1;0
103;1397.85;50;0.18;1;0
104;1583.58;50;0.14;1;0
105;1466.28;50;0.16;1;0
106;1573.80;50;0.15;1;0
107;1476.05;50;0.16;1;0
108;1554.25;50;0.15;1;0
109;1436.95;50;0.16;1;0
110;1661.78;50;0.14;1;0
111;1378.30;50;0.17;1;0
112;1622.68;50;0.14;1;0
113;1309.87;50;0.16;1;0
114;1652.00;50;0.13;1;0
115;1388.07;50;0.17;1;0
116;1573.80;50;0.14;1;0
117;1515.15;50;0.16;1;0
118;1583.58;50;0.15;1;0
119;1505.38;50;0.16;1;0
120;1524.93;50;0.15;1;0
121;1534.70;50;0.15;1;0
122;1495.60;50;0.15;1;0
123;1515.15;50;0.15;1;0
124;1505.38;50;0.15;1;0
125;1524.93;50;0.15;1;0
126;1476.05;50;0.15;1;0
127;1564.03;50;0.15;1;0
128;1466.28;50;0.16;1;0
129;1573.80;50;0.15;1;0
130;1476.05;50;0.16;1;0
131;1554.25;50;0.15;1;0
132;1466.28;50;0.16;1;0
133;1583.58;50;0.15;1;0
134;1436.95;50;0.16;1;0
135;1612.90;50;0.14;1;0
136;1427.18;50;0.16;1;0
137;1612.90;50;0.14;1;0
138;1456.50;50;0.16;1;0
139;1515.15;50;0.15;1;0
140;1544.48;50;0.15;1;0
141;1564.03;50;0.15;1;0
142;1495.60;50;0.16;1;0
143;1564.03;50;0.15;1;0
144;1495.60;50;0.16;1;0
145;1456.50;50;0.15;1;0
146;1642.23;50;0.15;1;0
147;1485.83;50;0.16;1;0
148;1652.00;50;0.15;1;0
149;1515.15;50;0.17;1;0
150;1603.13;50;0.15;1;0
151;1505.38;50;0.16;1;0
152;1642.23;50;0.15;1;0
153;1524.93;50;0.16;1;0
154;1593.35;50;0.15;1;0
155;1476.05;50;0.16;1;0
156;1573.80;50;0.15;1;0
157;1554.25;50;0.16;1;0
158;1564.03;50;0.16;1;0
159;1544.48;50;0.16;1;0
160;1603.13;50;0.15;1;0
161;1681.33;50;0.16;1;0
162;1485.83;50;0.17;1;0
163;1681.33;50;0.15;1;0
164;1495.60;50;0.17;1;0
165;1730.21;50;0.15;1;0
166;1495.60;50;0.17;1;0
167;1730.21;50;0.15;1;0
168;1534.70;50;0.17;1;0
169;1691.10;50;0.15;1;0
170;1505.38;50;0.17;1;0
171;1769.31;50;0.15;1;0
172;1515.15;50;0.18;1;0
173;1739.98;50;0.15;1;0
174;1593.35;50;0.17;1;0
175;1661.78;50;0.16;1;0
176;1544.48;50;0.17;1;0
177;1691.10;50;0.15;1;0
178;1583.58;50;0.17;1;0
179;1720.43;50;0.16;1;0
180;1573.80;50;0.17;1;0
181;1700.88;50;0.16;1;0
182;1515.15;50;0.17;1;0
183;1720.43;50;0.15;1;0
184;1593.35;50;0.17;1;0
185;1710.66;50;0.16;1;0
186;1544.48;50;0.17;1;0
187;1739.98;50;0.15;1;0
188;1524.93;50;0.17;1;0
189;1749.76;50;0.15;1;0
190;1515.15;50;0.17;1;0
191;1739.98;50;0.15;1;0
192;1485.83;50;0.17;1;0
193;1739.98;50;0.15;1;0
194;1485.83;50;0.17;1;0
195;1730.21;50;0.15;1;0
196;1446.73;50;0.17;1;0
197;1769.31;50;0.14;1;0
198;1427.18;50;0.18;1;0
199;1710.66;50;0.14;1;0
200;1378.30;50;0.17;1;0
201;1798.63;50;0.14;1;0
202;1348.97;50;0.18;1;0
203;1769.31;50;0.13;1;0
204;1456.50;50;0.18;1;0
205;1691.10;50;0.15;1;0
206;1427.18;50;0.17;1;0
207;1769.31;50;0.14;1;0
208;1309.87;50;0.18;1;0
209;1661.78;50;0.13;1;0
210;1495.60;50;0.17;1;0
211;1661.78;50;0.15;1;0
212;1446.73;50;0.17;1;0
213;1671.55;50;0.14;1;0
214;1417.40;50;0.17;1;0
215;1700.88;50;0.14;1;0
216;1368.52;50;0.17;1;0
217;1593.35;50;0.14;1;0
218;1339.20;50;0.16;1;0
219;1612.90;50;0.13;1;0
220;1378.30;50;0.16;1;0
221;1671.55;50;0.14;1;0
222;1378.30;50;0.17;1;0
223;1681.33;50;0.14;1;0
224;1319.65;50;0.17;1;0
225;1583.58;50;0.13;1;0
226;1329.42;50;0.16;1;0
227;1593.35;50;0.13;1;0
228;1280.55;50;0.16;1;0
229;1593.35;50;0.13;1;0
230;1251.22;50;0.16;1;0
231;1642.23;50;0.13;1;0
232;1261.00;50;0.16;1;0
233;1681.33;50;0.13;1;0
234;1231.67;50;0.17;1;0
235;1671.55;50;0.12;1;0
236;1261.00;50;0.17;1;0
237;1583.58;50;0.13;1;0
238;1329.42;50;0.16;1;0
239;1573.80;50;0.13;1;0
240;1329.42;50;0.16;1;0
241;1573.80;50;0.13;1;0
242;1280.55;50;0.16;1;0
243;1583.58;50;0.13;1;0
244;1339.20;50;0.16;1;0
245;1544.48;50;0.13;1;0
246;1407.62;50;0.15;1;0
247;1534.70;50;0.14;1;0
248;1358.75;50;0.15;1;0
249;1554.25;50;0.14;1;0
250;1446.73;50;0.16;1;0
251;1485.83;50;0.14;1;0
252;1456.50;50;0.15;1;0
253;1446.73;50;0.15;1;0
254;1417.40;50;0.14;1;0
255;1495.60;50;0.14;1;0
256;1436.95;50;0.15;1;0
257;1515.15;50;0.14;1;0
258;1427.18;50;0.15;1;0
259;1661.78;50;0.14;1;0
260;1329.42;50;0.17;1;0
261;1593.35;50;0.13;1;0
262;1427.18;50;0.16;1;0
263;1671.55;50;0.14;1;0
264;1368.52;50;0.17;1;0
265;1632.45;50;0.14;1;0
266;1407.62;50;0.16;1;0
267;1739.98;50;0.14;1;0
268;1456.50;50;0.17;1;0
269;1749.76;50;0.15;1;0
270;1417.40;50;0.17;1;0
271;1837.73;50;0.14;1;0
272;1505.38;50;0.18;1;0
273;1837.73;50;0.15;1;0
274;1485.83;50;0.18;1;0
275;1818.18;50;0.15;1;0
276;1427.18;50;0.18;1;0
277;1827.96;50;0.14;1;0
278;1378.30;50;0.18;1;0
279;1730.21;50;0.14;1;0
280;1524.93;50;0.17;1;0
281;1730.21;50;0.15;1;0
282;1446.73;50;0.17;1;0
283;1769.31;50;0.14;1;0
284;1407.62;50;0.18;1;0
285;1779.08;50;0.14;1;0
286;1348.97;50;0.18;1;0
287;1847.51;50;0.13;1;0
288;1358.75;50;0.18;1;0
289;1818.18;50;0.14;1;0
290;1270.77;50;0.18;1;0
291;1739.98;50;0.13;1;0
292;1280.55;50;0.17;1;0
323;1524.93;50;0.12;1;0
2;1534.70;50;0.11;1;0
3;1153.47;50;0.15;1;0
4;1485.83;50;0.12;1;0
5;1094.82;50;0.15;1;0
6;1495.60;50;0.11;1;0
7;997.07;50;0.15;1;0
8;1515.15;50;0.10;1;0
9;1016.62;50;0.15;1;0
10;1603.13;50;0.10;1;0
11;1036.17;50;0.16;1;0
12;1603.13;50;0.10;1;0
13;1026.39;50;0.16;1;0
14;1603.13;50;0.10;1;0
15;1075.27;50;0.16;1;0
16;1612.90;50;0.11;1;0
17;1036.17;50;0.16;1;0
18;1652.00;50;0.10;1;0
19;1065.49;50;0.17;1;0
20;1681.33;50;0.11;1;0
21;1045.94;50;0.17;1;0
22;1642.23;50;0.10;1;0
23;1036.17;50;0.16;1;0
24;1661.78;50;0.10;1;0
25;1075.27;50;0.17;1;0
26;1642.23;50;0.11;1;0
27;1114.37;50;0.16;1;0
28;1691.10;50;0.11;1;0
29;1173.02;50;0.17;1;0
30;1642.23;50;0.12;1;0
31;1153.47;50;0.16;1;0
32;1652.00;50;0.12;1;0
33;1192.57;50;0.17;1;0
34;1632.45;50;0.12;1;0
35;1212.12;50;0.16;1;0
36;1691.10;50;0.12;1;0
37;1241.45;50;0.17;1;0
38;1700.88;50;0.12;1;0
39;1231.67;50;0.17;1;0
40;1759.53;50;0.12;1;0
41;1280.55;50;0.18;1;0
42;1779.08;50;0.13;1;0
43;1339.20;50;0.18;1;0
44;1808.41;50;0.13;1;0
45;1407.62;50;0.18;1;0
46;1691.10;50;0.14;1;0
47;1397.85;50;0.17;1;0
48;1700.88;50;0.14;1;0
49;1368.52;50;0.17;1;0
50;1652.00;50;0.14;1;0
51;1417.40;50;0.17;1;0
52;1700.88;50;0.14;1;0
53;1378.30;50;0.17;1;0
54;1671.55;50;0.14;1;0
55;1388.07;50;0.17;1;0
56;1710.66;50;0.14;1;0
57;1397.85;50;0.17;1;0
58;1554.25;50;0.14;1;0
59;1378.30;50;0.16;1;0
60;1671.55;50;0.14;1;0
61;1495.60;50;0.17;1;0
62;1534.70;50;0.15;1;0
63;1515.15;50;0.15;1;0
64;1476.05;50;0.15;1;0
65;1456.50;50;0.15;1;0
66;1476.05;50;0.15;1;0
67;1446.73;50;0.15;1;0
68;1485.83;50;0.14;1;0
69;1397.85;50;0.15;1;0
70;1485.83;50;0.14;1;0
71;1495.60;50;0.15;1;0
72;1368.52;50;0.15;1;0
73;1534.70;50;0.14;1;0
74;1348.97;50;0.15;1;0
75;1564.03;50;0.13;1;0
76;1348.97;50;0.16;1;0
77;1681.33;50;0.13;1;0
78;1290.32;50;0.17;1;0
79;1564.03;50;0.13;1;0
80;1251.22;50;0.16;1;0
81;1632.45;50;0.13;1;0
82;1192.57;50;0.16;1;0
83;1603.13;50;0.12;1;0
84;1251.22;50;0.16;1;0
85;1622.68;50;0.13;1;0
86;1300.10;50;0.16;1;0
87;1603.13;50;0.13;1;0
88;1290.32;50;0.16;1;0
89;1573.80;50;0.13;1;0
90;1348.97;50;0.16;1;0
91;1593.35;50;0.13;1;0
92;1300.10;50;0.16;1;0
93;1603.13;50;0.13;1;0
94;1300.10;50;0.16;1;0
95;1603.13;50;0.13;1;0
96;1290.32;50;0.16;1;0
97;1730.21;50;0.13;1;0
98;1241.45;50;0.17;1;0
99;1730.21;50;0.12;1;0
100;1192.57;50;0.17;1;0
101;1749.76;50;0.12;1;0
102;1202.35;50;0.17;1;0
103;1700.88;50;0.12;1;0
104;1231.67;50;0.17;1;0
105;1749.76;50;0.12;1;0
106;1231.67;50;0.17;1;0
107;1759.53;50;0.12;1;0
108;1212.12;50;0.18;1;0
109;1759.53;50;0.12;1;0
110;1212.12;50;0.18;1;0
111;1769.31;50;0.12;1;0
112;1221.90;50;0.18;1;0
113;1739.98;50;0.12;1;0
114;1202.35;50;0.17;1;0
115;1779.08;50;0.12;1;0
116;1202.35;50;0.18;1;0
117;1769.31;50;0.12;1;0
118;1231.67;50;0.18;1;0
119;1749.76;50;0.12;1;0
120;1212.12;50;0.17;1;0
121;1730.21;50;0.12;1;0
122;1251.22;50;0.17;1;0
123;1739.98;50;0.13;1;0
124;1241.45;50;0.17;1;0
125;1681.33;50;0.12;1;0
126;1221.90;50;0.17;1;0
127;1739.98;50;0.12;1;0
128;1290.32;50;0.17;1;0
129;1691.10;50;0.13;1;0
130;1241.45;50;0.17;1;0
131;1759.53;50;0.12;1;0
132;1212.12;50;0.18;1;0
133;1779.08;50;0.12;1;0
134;1221.90;50;0.18;1;0
135;1759.53;50;0.12;1;0
136;1182.80;50;0.18;1;0
137;1749.76;50;0.12;1;0
138;1163.25;50;0.17;1;0
139;1749.76;50;0.12;1;0
140;1173.02;50;0.17;1;0
141;1739.98;50;0.12;1;0
142;1153.47;50;0.17;1;0
143;1779.08;50;0.12;1;0
144;1133.92;50;0.18;1;0
145;1769.31;50;0.11;1;0
146;1143.70;50;0.18;1;0
147;1779.08;50;0.11;1;0
148;1182.80;50;0.18;1;0
149;1759.53;50;0.12;1;0
150;1163.25;50;0.18;1;0
151;1759.53;50;0.12;1;0
152;1143.70;50;0.18;1;0
153;1749.76;50;0.11;1;0
154;1153.47;50;0.17;1;0
155;1759.53;50;0.12;1;0
156;1133.92;50;0.18;1;0
157;1769.31;50;0.11;1;0
158;1133.92;50;0.18;1;0
159;1739.98;50;0.11;1;0
160;1133.92;50;0.17;1;0
161;1749.76;50;0.11;1;0
162;1163.25;50;0.17;1;0
163;1759.53;50;0.12;1;0
164;1104.59;50;0.18;1;0
165;1769.31;50;0.11;1;0
166;1143.70;50;0.18;1;0
167;1788.86;50;0.11;1;0
168;1192.57;50;0.18;1;0
169;1759.53;50;0.12;1;0
170;1153.47;50;0.18;1;0
171;1779.08;50;0.12;1;0
172;1173.02;50;0.18;1;0
173;1808.41;50;0.12;1;0
174;1182.80;50;0.18;1;0
175;1759.53;50;0.12;1;0
176;1173.02;50;0.18;1;0
177;1788.86;50;0.12;1;0
178;1182.80;50;0.18;1;0
179;1798.63;50;0.12;1;0
180;1182.80;50;0.18;1;0
181;1788.86;50;0.12;1;0
182;1212.12;50;0.18;1;0
183;1818.18;50;0.12;1;0
184;1192.57;50;0.18;1;0
185;1798.63;50;0.12;1;0
186;1212.12;50;0.18;1;0
187;1788.86;50;0.12;1;0
188;1231.67;50;0.18;1;0
189;1808.41;50;0.12;1;0
190;1202.35;50;0.18;1;0
191;1867.06;50;0.12;1;0
192;1221.90;50;0.19;1;0
193;1818.18;50;0.12;1;0
194;1212.12;50;0.18;1;0
195;1788.86;50;0.12;1;0
196;1290.32;50;0.18;1;0
197;1837.73;50;0.13;1;0
198;1309.87;50;0.18;1;0
199;1798.63;50;0.13;1;0
200;1309.87;50;0.18;1;0
201;1818.18;50;0.13;1;0
202;1319.65;50;0.18;1;0
203;1818.18;50;0.13;1;0
204;1300.10;50;0.18;1;0
205;1827.96;50;0.13;1;0
206;1358.75;50;0.18;1;0
207;1808.41;50;0.14;1;0
208;1427.18;50;0.18;1;0
209;1739.98;50;0.14;1;0
210;1397.85;50;0.17;1;0
211;1739.98;50;0.14;1;0
212;1476.05;50;0.17;1;0
213;1720.43;50;0.15;1;0
214;1427.18;50;0.17;1;0
215;1730.21;50;0.14;1;0
216;1436.95;50;0.17;1;0
217;1739.98;50;0.14;1;0
218;1485.83;50;0.17;1;0
219;1700.88;50;0.15;1;0
220;1524.93;50;0.17;1;0
221;1691.10;50;0.15;1;0
222;1495.60;50;0.17;1;0
223;1642.23;50;0.15;1;0
224;1427.18;50;0.16;1;0
225;1652.00;50;0.14;1;0
226;1476.05;50;0.17;1;0
227;1515.15;50;0.15;1;0
228;1603.13;50;0.15;1;0
229;1524.93;50;0.16;1;0
230;1573.80;50;0.15;1;0
231;1476.05;50;0.16;1;0
232;1622.68;50;0.15;1;0
233;1485.83;50;0.16;1;0
234;1564.03;50;0.15;1;0
235;1612.90;50;0.16;1;0
236;1524.93;50;0.16;1;0
237;1554.25;50;0.15;1;0
238;1456.50;50;0.16;1;0
239;1495.60;50;0.15;1;0
240;1593.35;50;0.15;1;0
241;1407.62;50;0.16;1;0
242;1603.13;50;0.14;1;0
243;1436.95;50;0.16;1;0
244;1622.68;50;0.14;1;0
245;1417.40;50;0.16;1;0
246;1612.90;50;0.14;1;0
247;1397.85;50;0.16;1;0
248;1593.35;50;0.14;1;0
249;1348.97;50;0.16;1;0
250;1632.45;50;0.13;1;0
251;1358.75;50;0.16;1;0
252;1661.78;50;0.14;1;0
253;1329.42;50;0.17;1;0
254;1642.23;50;0.13;1;0
255;1309.87;50;0.16;1;0
256;1554.25;50;0.13;1;0
257;1251.22;50;0.16;1;0
258;1622.68;50;0.13;1;0
259;1280.55;50;0.16;1;0
260;1632.45;50;0.13;1;0
261;1300.10;50;0.16;1;0
262;1612.90;50;0.13;1;0
263;1241.45;50;0.16;1;0
264;1603.13;50;0.12;1;0
265;1251.22;50;0.16;1;0
266;1632.45;50;0.13;1;0
267;1290.32;50;0.16;1;0
268;1612.90;50;0.13;1;0
269;1192.57;50;0.16;1;0
270;1593.35;50;0.12;1;0
271;1280.55;50;0.16;1;0
272;1564.03;50;0.13;1;0
273;1231.67;50;0.16;1;0
274;1583.58;50;0.12;1;0
275;1221.90;50;0.16;1;0
276;1652.00;50;0.12;1;0
277;1153.47;50;0.17;1;0
278;1632.45;50;0.12;1;0
279;1182.80;50;0.16;1;0
280;1681.33;50;0.12;1;0
281;1163.25;50;0.17;1;0
282;1710.66;50;0.12;1;0
283;1261.00;50;0.17;1;0
284;1652.00;50;0.13;1;0
285;1202.35;50;0.17;1;0
286;1710.66;50;0.12;1;0
287;1212.12;50;0.17;1;0
288;1681.33;50;0.12;1;0
289;1192.57;50;0.17;1;0
290;1700.88;50;0.12;1;0
291;1163.25;50;0.17;1;0
292;1779.08;50;0.12;1;0
293;1163.25;50;0.18;1;0
294;1769.31;50;0.12;1;0
295;1153.47;50;0.18;1;0
296;1779.08;50;0.12;1;0
297;1173.02;50;0.18;1;0
298;1779.08;50;0.12;1;0
299;1212.12;50;0.18;1;0
300;1769.31;50;0.12;1;0
301;1173.02;50;0.18;1;0
302;1818.18;50;0.12;1;0
303;1173.02;50;0.18;1;0
304;1769.31;50;0.12;1;0
305;1212.12;50;0.18;1;0
306;1808.41;50;0.12;1;0
307;1163.25;50;0.18;1;0
308;1867.06;50;0.12;1;0
309;1192.57;50;0.19;1;0
310;1827.96;50;0.12;1;0
311;1251.22;50;0.18;1;0
312;1808.41;50;0.13;1;0
313;1173.02;50;0.18;1;0
314;1837.73;50;0.12;1;0
315;1270.77;50;0.18;1;0
316;1818.18;50;0.13;1;0
317;1231.67;50;0.18;1;0
318;1847.51;50;0.12;1;0
319;1231.67;50;0.18;1;0
320;1837.73;50;0.12;1;0
321;1280.55;50;0.18;1;0
322;1876.83;50;0.13;1;0
323;1280.55;50;0.19;1;0
324;1867.06;50;0.13;1;0
325;1280.55;50;0.19;1;0
326;1896.38;50;0.13;1;0
327;1261.00;50;0.19;1;0
328;1857.28;50;0.13;1;0
329;1261.00;50;0.19;1;0
330;1896.38;50;0.13;1;0
331;1309.87;50;0.19;1;0
332;1906.16;50;0.13;1;0
333;1309.87;50;0.19;1;0
334;1935.48;50;0.13;1;0
335;1290.32;50;0.19;1;0
336;1886.61;50;0.13;1;0
337;1290.32;50;0.19;1;0
338;1896.38;50;0.13;1;0
339;1290.32;50;0.19;1;0
340;1886.61;50;0.13;1;0
341;1261.00;50;0.19;1;0
342;1896.38;50;0.13;1;0
343;1280.55;50;0.19;1;0
344;1886.61;50;0.13;1;0
345;1270.77;50;0.19;1;0
346;1886.61;50;0.13;1;0
347;1270.77;50;0.19;1;0
348;1886.61;50;0.13;1;0
349;1300.10;50;0.19;1;0
350;1886.61;50;0.13;1;0
351;1270.77;50;0.19;1;0
352;1876.83;50;0.13;1;0
353;1280.55;50;0.19;1;0
354;1867.06;50;0.13;1;0
355;1290.32;50;0.19;1;0
356;1827.96;50;0.13;1;0
357;1300.10;50;0.18;1;0
358;1837.73;50;0.13;1;0
359;1290.32;50;0.18;1;0
360;1837.73;50;0.13;1;0
361;1261.00;50;0.18;1;0
362;1818.18;50;0.13;1;0
363;1290.32;50;0.18;1;0
364;1808.41;50;0.13;1;0
365;1290.32;50;0.18;1;0
366;1788.86;50;0.13;1;0
367;1309.87;50;0.18;1;0
368;1808.41;50;0.13;1;0
369;1270.77;50;0.18;1;0
370;1769.31;50;0.13;1;0
371;1280.55;50;0.18;1;0
372;1739.98;50;0.13;1;0
373;1270.77;50;0.17;1;0
374;1739.98;50;0.13;1;0
375;1280.55;50;0.17;1;0
376;1720.43;50;0.13;1;0
377;1261.00;50;0.17;1;0
378;1681.33;50;0.13;1;0
379;1182.80;50;0.17;1;0
380;1739.98;50;0.12;1;0
381;1192.57;50;0.17;1;0
382;1622.68;50;0.12;1;0
383;1251.22;50;0.16;1;0
384;1691.10;50;0.13;1;0
385;1290.32;50;0.17;1;0
386;1681.33;50;0.13;1;0
387;1329.42;50;0.17;1;0
388;1671.55;50;0.13;1;0
389;1300.10;50;0.17;1;0
390;1603.13;50;0.13;1;0
391;1261.00;50;0.16;1;0
392;1564.03;50;0.13;1;0
393;1280.55;50;0.16;1;0
394;1603.13;50;0.13;1;0
395;1270.77;50;0.16;1;0
396;1554.25;50;0.13;1;0
397;1309.87;50;0.16;1;0
398;1544.48;50;0.13;1;0
399;1339.20;50;0.15;1;0
400;1573.80;50;0.13;1;0
401;1466.28;50;0.16;1;0
402;1417.40;50;0.15;1;0
403;1466.28;50;0.14;1;0
404;1388.07;50;0.15;1;0
405;1495.60;50;0.14;1;0
406;1446.73;50;0.15;1;0
407;1476.05;50;0.14;1;0
408;1524.93;50;0.15;1;0
409;1427.18;50;0.15;1;0
410;1534.70;50;0.14;1;0
411;1456.50;50;0.15;1;0
412;1534.70;50;0.15;1;0
413;1397.85;50;0.15;1;0
414;1485.83;50;0.14;1;0
415;1427.18;50;0.15;1;0
416;1476.05;50;0.14;1;0
417;1505.38;50;0.15;1;0
418;1436.95;50;0.15;1;0
419;1485.83;50;0.14;1;0
420;1436.95;50;0.15;1;0
421;1534.70;50;0.14;1;0
422;1466.28;50;0.15;1;0
423;1524.93;50;0.15;1;0
424;1495.60;50;0.15;1;0
425;1534.70;50;0.15;1;0
426;1436.95;50;0.15;1;0
427;1534.70;50;0.14;1;0
428;1436.95;50;0.15;1;0
429;1554.25;50;0.14;1;0
430;1485.83;50;0.16;1;0
431;1583.58;50;0.15;1;0
432;1446.73;50;0.16;1;0
433;1583.58;50;0.14;1;0
434;1417.40;50;0.16;1;0
435;1583.58;50;0.14;1;0
436;1485.83;50;0.16;1;0
437;1505.38;50;0.15;1;0
438;1564.03;50;0.15;1;0
439;1564.03;50;0.16;1;0
440;1466.28;50;0.16;1;0
441;1652.00;50;0.15;1;0
442;1427.18;50;0.17;1;0
443;1691.10;50;0.14;1;0
444;1485.83;50;0.17;1;0
445;1661.78;50;0.15;1;0
446;1436.95;50;0.17;1;0
447;1720.43;50;0.14;1;0
448;1446.73;50;0.17;1;0
449;1691.10;50;0.14;1;0
450;1456.50;50;0.17;1;0
451;1730.21;50;0.15;1;0
452;1485.83;50;0.17;1;0
453;1691.10;50;0.15;1;0
454;1476.05;50;0.17;1;0
455;1661.78;50;0.15;1;0
456;1446.73;50;0.17;1;0
457;1759.53;50;0.14;1;0
458;1397.85;50;0.18;1;0
459;1749.76;50;0.14;1;0
460;1358.75;50;0.17;1;0
461;1730.21;50;0.14;1;0
462;1446.73;50;0.17;1;0
463;1798.63;50;0.14;1;0
464;1436.95;50;0.18;1;0
465;1710.66;50;0.14;1;0
466;1339.20;50;0.17;1;0
467;1749.76;50;0.13;1;0
468;1358.75;50;0.17;1;0
469;1749.76;50;0.14;1;0
470;1407.62;50;0.17;1;0
471;1827.96;50;0.14;1;0
472;1358.75;50;0.18;1;0
473;1749.76;50;0.14;1;0
474;1309.87;50;0.17;1;0
475;1808.41;50;0.13;1;0
476;1378.30;50;0.18;1;0
477;1788.86;50;0.14;1;0
478;1280.55;50;0.18;1;0
479;1759.53;50;0.13;1;0
480;1309.87;50;0.18;1;0
481;1779.08;50;0.13;1;0
482;1309.87;50;0.18;1;0
483;1798.63;50;0.13;1;0
484;1231.67;50;0.18;1;0
485;1749.76;50;0.12;1;0
486;1221.90;50;0.17;1;0
487;1808.41;50;0.12;1;0
488;1241.45;50;0.18;1;0
489;1739.98;50;0.12;1;0
490;1261.00;50;0.17;1;0
491;1759.53;50;0.13;1;0
492;1231.67;50;0.18;1;0
493;1808.41;50;0.12;1;0
494;1182.80;50;0.18;1;0
495;1769.31;50;0.12;1;0
496;1212.12;50;0.18;1;0
497;1749.76;50;0.12;1;0
498;1202.35;50;0.17;1;0
499;1759.53;50;0.12;1;0
500;1202.35;50;0.18;1;0
501;1739.98;50;0.12;1;0
502;1163.25;50;0.17;1;0
503;1769.31;50;0.12;1;0
504;1173.02;50;0.18;1;0
505;1749.76;50;0.12;1;0
506;1173.02;50;0.17;1;0
507;1739.98;50;0.12;1;0
508;1143.70;50;0.17;1;0
509;1759.53;50;0.11;1;0
510;1153.47;50;0.18;1;0
511;1759.53;50;0.12;1;0
512;1133.92;50;0.18;1;0
513;1749.76;50;0.11;1;0
514;1124.14;50;0.17;1;0
515;1730.21;50;0.11;1;0
516;1124.14;50;0.17;1;0
517;1720.43;50;0.11;1;0
518;1133.92;50;0.17;1;0
519;1769.31;50;0.11;1;0
520;1143.70;50;0.18;1;0
521;1739.98;50;0.11;1;0
522;1153.47;50;0.17;1;0
523;1759.53;50;0.12;1;0
524;1124.14;50;0.18;1;0
525;1739.98;50;0.11;1;0
526;1173.02;50;0.17;1;0
527;1730.21;50;0.12;1;0
528;1143.70;50;0.17;1;0
529;1769.31;50;0.11;1;0
530;1192.57;50;0.18;1;0
531;1779.08;50;0.12;1;0
532;1163.25;50;0.18;1;0
533;1759.53;50;0.12;1;0
534;1133.92;50;0.18;1;0
535;1779.08;50;0.11;1;0
536;1182.80;50;0.18;1;0
537;1720.43;50;0.12;1;0
538;1163.25;50;0.17;1;0
539;1769.31;50;0.12;1;0
540;1182.80;50;0.18;1;0
541;1769.31;50;0.12;1;0
542;1202.35;50;0.18;1;0
543;1769.31;50;0.12;1;0
544;1251.22;50;0.18;1;0
545;1759.53;50;0.13;1;0
546;1231.67;50;0.18;1;0
547;1759.53;50;0.12;1;0
548;1221.90;50;0.18;1;0
549;1788.86;50;0.12;1;0
550;1261.00;50;0.18;1;0
551;1769.31;50;0.13;1;0
552;1241.45;50;0.18;1;0
553;1739.98;50;0.12;1;0
554;1241.45;50;0.17;1;0
555;1759.53;50;0.12;1;0
556;1280.55;50;0.18;1;0
557;1798.63;50;0.13;1;0
558;1300.10;50;0.18;1;0
559;1818.18;50;0.13;1;0
560;1309.87;50;0.18;1;0
561;1818.18;50;0.13;1;0
562;1270.77;50;0.18;1;0
563;1818.18;50;0.13;1;0
564;1280.55;50;0.18;1;0
565;1837.73;50;0.13;1;0
566;1280.55;50;0.18;1;0
567;1857.28;50;0.13;1;0
568;1300.10;50;0.19;1;0
569;1827.96;50;0.13;1;0
570;1456.50;50;0.18;1;0
571;1759.53;50;0.15;1;0
572;1397.85;50;0.18;1;0
573;1700.88;50;0.14;1;0
574;1427.18;50;0.17;1;0
575;1779.08;50;0.14;1;0
576;1436.95;50;0.18;1;0
577;1798.63;50;0.14;1;0
578;1436.95;50;0.18;1;0
579;1710.66;50;0.14;1;0
580;1485.83;50;0.17;1;0
581;1730.21;50;0.15;1;0
582;1466.28;50;0.17;1;0
583;1612.90;50;0.15;1;0
584;1612.90;50;0.16;1;0
585;1603.13;50;0.16;1;0
586;1564.03;50;0.16;1;0
587;1524.93;50;0.16;1;0
588;1583.58;50;0.15;1;0
589;1573.80;50;0.16;1;0
590;1612.90;50;0.16;1;0
591;1524.93;50;0.16;1;0
592;1622.68;50;0.15;1;0
593;1524.93;50;0.16;1;0
594;1603.13;50;0.15;1;0
595;1466.28;50;0.16;1;0
596;1603.13;50;0.15;1;0
597;1495.60;50;0.16;1;0
598;1632.45;50;0.15;1;0
599;1456.50;50;0.16;1;0
600;1652.00;50;0.15;1;0
601;1436.95;50;0.17;1;0
602;1720.43;50;0.14;1;0
603;1348.97;50;0.17;1;0
604;1749.76;50;0.13;1;0
605;1339.20;50;0.17;1;0
606;1710.66;50;0.13;1;0
607;1378.30;50;0.17;1;0
608;1661.78;50;0.14;1;0
609;1300.10;50;0.17;1;0
610;1710.66;50;0.13;1;0
611;1241.45;50;0.17;1;0
612;1642.23;50;0.12;1;0
613;1241.45;50;0.16;1;0
614;1769.31;50;0.12;1;0
615;1300.10;50;0.18;1;0
616;1739.98;50;0.13;1;0
617;1251.22;50;0.17;1;0
618;1759.53;50;0.13;1;0
619;1329.42;50;0.18;1;0
620;1671.55;50;0.13;1;0
621;1261.00;50;0.17;1;0
622;1681.33;50;0.13;1;0
623;1261.00;50;0.17;1;0
624;1720.43;50;0.13;1;0
625;1192.57;50;0.17;1;0
626;1749.76;50;0.12;1;0
627;1182.80;50;0.17;1;0
628;1788.86;50;0.12;1;0
629;1182.80;50;0.18;1;0
630;1749.76;50;0.12;1;0
631;1192.57;50;0.17;1;0
632;1769.31;50;0.12;1;0
633;1182.80;50;0.18;1;0
634;1779.08;50;0.12;1;0
635;1163.25;50;0.18;1;0
636;1769.31;50;0.12;1;0
637;1163.25;50;0.18;1;0
638;1779.08;50;0.12;1;0
639;1133.92;50;0.18;1;0
640;1788.86;50;0.11;1;0
641;1182.80;50;0.18;1;0
642;1749.76;50;0.12;1;0
643;1173.02;50;0.17;1;0
644;1739.98;50;0.12;1;0
645;1182.80;50;0.17;1;0
646;1749.76;50;0.12;1;0
647;1212.12;50;0.17;1;0
648;1730.21;50;0.12;1;0
649;1182.80;50;0.17;1;0
650;1739.98;50;0.12;1;0
651;1182.80;50;0.17;1;0
652;1759.53;50;0.12;1;0
653;1231.67;50;0.18;1;0
654;1681.33;50;0.12;1;0
655;1339.20;50;0.17;1;0
656;1691.10;50;0.13;1;0
657;1329.42;50;0.17;1;0
658;1642.23;50;0.13;1;0
659;1368.52;50;0.16;1;0
660;1661.78;50;0.14;1;0
661;1329.42;50;0.17;1;0
662;1603.13;50;0.13;1;0
663;1388.07;50;0.16;1;0
664;1632.45;50;0.14;1;0
665;1339.20;50;0.16;1;0
666;1564.03;50;0.13;1;0
667;1446.73;50;0.16;1;0
668;1564.03;50;0.14;1;0
669;1456.50;50;0.16;1;0
670;1603.13;50;0.15;1;0
671;1397.85;50;0.16;1;0
672;1564.03;50;0.14;1;0
673;1544.48;50;0.16;1;0
674;1485.83;50;0.15;1;0
675;1583.58;50;0.15;1;0
676;1466.28;50;0.16;1;0
677;1573.80;50;0.15;1;0
678;1466.28;50;0.16;1;0
679;1612.90;50;0.15;1;0
680;1573.80;50;0.16;1;0
681;1476.05;50;0.16;1;0
682;1554.25;50;0.15;1;0
683;1564.03;50;0.16;1;0
684;1534.70;50;0.16;1;0
685;1544.48;50;0.15;1;0
686;1456.50;50;0.15;1;0
687;1661.78;50;0.15;1;0
688;1476.05;50;0.17;1;0
689;1710.66;50;0.15;1;0
690;1505.38;50;0.17;1;0
691;1700.88;50;0.15;1;0
692;1505.38;50;0.17;1;0
693;1691.10;50;0.15;1;0
694;1485.83;50;0.17;1;0
695;1779.08;50;0.15;1;0
696;1446.73;50;0.18;1;0
697;1739.98;50;0.14;1;0
698;1466.28;50;0.17;1;0
699;1808.41;50;0.15;1;0
700;1397.85;50;0.18;1;0
701;1759.53;50;0.14;1;0
702;1378.30;50;0.18;1;0
703;1720.43;50;0.14;1;0
704;1427.18;50;0.17;1;0
705;1769.31;50;0.14;1;0
706;1446.73;50;0.18;1;0
707;1788.86;50;0.14;1;0
708;1329.42;50;0.18;1;0
709;1720.43;50;0.13;1;0
710;1485.83;50;0.17;1;0
711;1632.45;50;0.15;1;0
712;1339.20;50;0.16;1;0
713;1779.08;50;0.13;1;0
714;1397.85;50;0.18;1;0
715;1700.88;50;0.14;1;0
716;1348.97;50;0.17;1;0
717;1798.63;50;0.13;1;0
718;1368.52;50;0.18;1;0
719;1769.31;50;0.14;1;0
720;1270.77;50;0.18;1;0
721;1779.08;50;0.13;1;0
722;1280.55;50;0.18;1;0
723;1779.08;50;0.13;1;0
724;1300.10;50;0.18;1;0
725;1779.08;50;0.13;1;0
726;1241.45;50;0.18;1;0
727;1818.18;50;0.12;1;0
728;1192.57;50;0.18;1;0
729;1798.63;50;0.12;1;0
730;1221.90;50;0.18;1;0
731;1827.96;50;0.12;1;0
732;1202.35;50;0.18;1;0
733;1798.63;50;0.12;1;0
734;1173.02;50;0.18;1;0
735;1798.63;50;0.12;1;0
736;1182.80;50;0.18;1;0
737;1788.86;50;0.12;1;0
738;1182.80;50;0.18;1;0
739;1769.31;50;0.12;1;0
740;1192.57;50;0.18;1;0
741;1759.53;50;0.12;1;0
742;1153.47;50;0.18;1;0
743;1769.31;50;0.12;1;0
744;1163.25;50;0.18;1;0
745;1730.21;50;0.12;1;0
746;1182.80;50;0.17;1;0
747;1720.43;50;0.12;1;0
748;1182.80;50;0.17;1;0
749;1739.98;50;0.12;1;0
750;1192.57;50;0.17;1;0
751;1652.00;50;0.12;1;0
752;1270.77;50;0.17;1;0
753;1612.90;50;0.13;1;0
754;1192.57;50;0.16;1;0
755;1710.66;50;0.12;1;0
756;1221.90;50;0.17;1;0
757;1661.78;50;0.12;1;0
758;1212.12;50;0.17;1;0
759;1691.10;50;0.12;1;0
760;1192.57;50;0.17;1;0
761;1739.98;50;0.12;1;0
762;1143.70;50;0.17;1;0
763;1730.21;50;0.11;1;0
764;1241.45;50;0.17;1;0
765;1652.00;50;0.12;1;0
766;1231.67;50;0.17;1;0
767;1652.00;50;0.12;1;0
768;1241.45;50;0.17;1;0
769;1710.66;50;0.12;1;0
770;1251.22;50;0.17;1;0
771;1671.55;50;0.13;1;0
772;1309.87;50;0.17;1;0
773;1632.45;50;0.13;1;0
774;1280.55;50;0.16;1;0
775;1642.23;50;0.13;1;0
776;1290.32;50;0.16;1;0
777;1612.90;50;0.13;1;0
778;1319.65;50;0.16;1;0
779;1612.90;50;0.13;1;0
780;1368.52;50;0.16;1;0
781;1652.00;50;0.14;1;0
782;1358.75;50;0.17;1;0
783;1534.70;50;0.14;1;0
784;1495.60;50;0.15;1;0
785;1524.93;50;0.15;1;0
786;1485.83;50;0.15;1;0
787;1544.48;50;0.15;1;0
788;1544.48;50;0.15;1;0
789;1466.28;50;0.15;1;0
790;1515.15;50;0.15;1;0
791;1485.83;50;0.15;1;0
792;1544.48;50;0.15;1;0
793;1466.28;50;0.15;1;0
794;1564.03;50;0.15;1;0
795;1466.28;50;0.16;1;0
796;1691.10;50;0.15;1;0
797;1446.73;50;0.17;1;0
798;1671.55;50;0.14;1;0
799;1427.18;50;0.17;1;0
800;1739.98;50;0.14;1;0
801;1456.50;50;0.17;1;0
802;1749.76;50;0.15;1;0
803;1348.97;50;0.17;1;0
804;1749.76;50;0.13;1;0
805;1407.62;50;0.17;1;0
806;1837.73;50;0.14;1;0
807;1427.18;50;0.18;1;0
808;1779.08;50;0.14;1;0
809;1339.20;50;0.18;1;0
810;1837.73;50;0.13;1;0
811;1290.32;50;0.18;1;0
812;1837.73;50;0.13;1;0
813;1319.65;50;0.18;1;0
814;1915.93;50;0.13;1;0
815;1309.87;50;0.19;1;0
816;1867.06;50;0.13;1;0
817;1309.87;50;0.19;1;0
818;1857.28;50;0.13;1;0
819;1339.20;50;0.19;1;0
820;1876.83;50;0.13;1;0
821;1309.87;50;0.19;1;0
822;1915.93;50;0.13;1;0
823;1319.65;50;0.19;1;0
824;1915.93;50;0.13;1;0
825;1280.55;50;0.19;1;0
826;1915.93;50;0.13;1;0
827;1319.65;50;0.19;1;0
828;1906.16;50;0.13;1;0
829;1290.32;50;0.19;1;0
830;1867.06;50;0.13;1;0
831;1261.00;50;0.19;1;0
832;1876.83;50;0.13;1;0
833;1290.32;50;0.19;1;0
834;1886.61;50;0.13;1;0
835;1300.10;50;0.19;1;0
836;1847.51;50;0.13;1;0
837;1300.10;50;0.18;1;0
838;1837.73;50;0.13;1;0
839;1309.87;50;0.18;1;0
840;1798.63;50;0.13;1;0
841;1309.87;50;0.18;1;0
842;1798.63;50;0.13;1;0
843;1290.32;50;0.18;1;0
844;1788.86;50;0.13;1;0
845;1309.87;50;0.18;1;0
846;1769.31;50;0.13;1;0
847;1290.32;50;0.18;1;0
848;1779.08;50;0.13;1;0
849;1290.32;50;0.18;1;0
850;1739.98;50;0.13;1;0
851;1329.42;50;0.17;1;0
852;1759.53;50;0.13;1;0
853;1309.87;50;0.18;1;0
854;1661.78;50;0.13;1;0
855;1378.30;50;0.17;1;0
856;1652.00;50;0.14;1;0
857;1319.65;50;0.17;1;0
858;1661.78;50;0.13;1;0
859;1290.32;50;0.17;1;0
860;1652.00;50;0.13;1;0
861;1358.75;50;0.17;1;0
862;1622.68;50;0.14;1;0
863;1407.62;50;0.16;1;0
864;1583.58;50;0.14;1;0
865;1339.20;50;0.16;1;0
866;1534.70;50;0.13;1;0
867;1397.85;50;0.15;1;0
868;1534.70;50;0.14;1;0
869;1368.52;50;0.15;1;0
870;1612.90;50;0.14;1;0
871;1388.07;50;0.16;1;0
872;1544.48;50;0.14;1;0
873;1368.52;50;0.15;1;0
874;1554.25;50;0.14;1;0
875;1407.62;50;0.16;1;0
876;1564.03;50;0.14;1;0
877;1456.50;50;0.16;1;0
878;1505.38;50;0.15;1;0
879;1417.40;50;0.15;1;0
880;1427.18;50;0.14;1;0
881;1554.25;50;0.14;1;0
882;1436.95;50;0.16;1;0
883;1485.83;50;0.14;1;0
884;1446.73;50;0.15;1;0
885;1456.50;50;0.14;1;0
886;1436.95;50;0.15;1;0
887;1505.38;50;0.14;1;0
888;1652.00;50;0.15;1;0
889;1417.40;50;0.17;1;0
890;1554.25;50;0.14;1;0
891;1446.73;50;0.16;1;0
892;1505.38;50;0.14;1;0
893;1515.15;50;0.15;1;0
894;1446.73;50;0.15;1;0
895;1544.48;50;0.14;1;0
896;1446.73;50;0.15;1;0
897;1564.03;50;0.14;1;0
898;1407.62;50;0.16;1;0
899;1603.13;50;0.14;1;0
900;1436.95;50;0.16;1;0
901;1603.13;50;0.14;1;0
902;1397.85;50;0.16;1;0
903;1583.58;50;0.14;1;0
904;1407.62;50;0.16;1;0
905;1691.10;50;0.14;1;0
906;1378.30;50;0.17;1;0
907;1681.33;50;0.14;1;0
908;1456.50;50;0.17;1;0
909;1691.10;50;0.15;1;0
910;1388.07;50;0.17;1;0
911;1661.78;50;0.14;1;0
912;1427.18;50;0.17;1;0
913;1681.33;50;0.14;1;0
914;1397.85;50;0.17;1;0
915;1681.33;50;0.14;1;0
916;1358.75;50;0.17;1;0
917;1632.45;50;0.14;1;0
918;1456.50;50;0.16;1;0
919;1769.31;50;0.15;1;0
920;1378.30;50;0.18;1;0
921;1808.41;50;0.14;1;0
922;1407.62;50;0.18;1;0
923;1818.18;50;0.14;1;0
924;1466.28;50;0.18;1;0
925;1769.31;50;0.15;1;0
926;1407.62;50;0.18;1;0
927;1788.86;50;0.14;1;0
928;1427.18;50;0.18;1;0
929;1818.18;50;0.14;1;0
930;1427.18;50;0.18;1;0
931;1857.28;50;0.14;1;0
932;1417.40;50;0.19;1;0
933;1769.31;50;0.14;1;0
934;1388.07;50;0.18;1;0
935;1886.61;50;0.14;1;0
936;1348.97;50;0.19;1;0
937;1857.28;50;0.13;1;0
938;1319.65;50;0.19;1;0
939;1876.83;50;0.13;1;0
940;1417.40;50;0.19;1;0
941;1847.51;50;0.14;1;0
942;1358.75;50;0.18;1;0
943;1886.61;50;0.14;1;0
944;1378.30;50;0.19;1;0
945;1925.71;50;0.14;1;0
946;1339.20;50;0.19;1;0
947;1915.93;50;0.13;1;0
948;1329.42;50;0.19;1;0
949;1915.93;50;0.13;1;0
950;1319.65;50;0.19;1;0
951;1925.71;50;0.13;1;0
952;1290.32;50;0.19;1;0
953;1925.71;50;0.13;1;0
954;1261.00;50;0.19;1;0
955;1915.93;50;0.13;1;0
956;1280.55;50;0.19;1;0
957;1906.16;50;0.13;1;0
958;1251.22;50;0.19;1;0
959;1886.61;50;0.13;1;0
960;1309.87;50;0.19;1;0
961;1876.83;50;0.13;1;0
962;1300.10;50;0.19;1;0
963;1857.28;50;0.13;1;0
964;1319.65;50;0.19;1;0
965;1857.28;50;0.13;1;0
966;1300.10;50;0.19;1;0
967;1847.51;50;0.13;1;0
968;1280.55;50;0.18;1;0
969;1827.96;50;0.13;1;0
970;1280.55;50;0.18;1;0
971;1759.53;50;0.13;1;0
972;1348.97;50;0.18;1;0
973;1691.10;50;0.13;1;0
974;1388.07;50;0.17;1;0
975;1671.55;50;0.14;1;0
976;1329.42;50;0.17;1;0
977;1524.93;50;0.13;1;0
978;1436.95;50;0.15;1;0
979;1564.03;50;0.14;1;0
980;1476.05;50;0.16;1;0
981;1573.80;50;0.15;1;0
982;1466.28;50;0.16;1;0
983;1524.93;50;0.15;1;0
984;1505.38;50;0.15;1;0
985;1524.93;50;0.15;1;0
986;1485.83;50;0.15;1;0
987;1476.05;50;0.15;1;0
988;1534.70;50;0.15;1;0
989;1466.28;50;0.15;1;0
990;1642.23;50;0.15;1;0
991;1397.85;50;0.16;1;0
992;1642.23;50;0.14;1;0
993;1358.75;50;0.16;1;0
994;1661.78;50;0.14;1;0
995;1329.42;50;0.17;1;0
996;1661.78;50;0.13;1;0
997;1339.20;50;0.17;1;0
998;1603.13;50;0.13;1;0
999;1368.52;50;0.16;1;0
1000;1583.58;50;0.14;1;0
1001;1329.42;50;0.16;1;0
1002;1661.78;50;0.13;1;0
1003;1378.30;50;0.17;1;0
1004;1632.45;50;0.14;1;0
1005;1348.97;50;0.16;1;0
1006;1622.68;50;0.13;1;0
1007;1339.20;50;0.16;1;0
1008;1730.21;50;0.13;1;0
1009;1319.65;50;0.17;1;0
1010;1710.66;50;0.13;1;0
1011;1300.10;50;0.17;1;0
1012;1700.88;50;0.13;1;0
1013;1300.10;50;0.17;1;0
1014;1779.08;50;0.13;1;0
1015;1280.55;50;0.18;1;0
1016;1798.63;50;0.13;1;0
1017;1290.32;50;0.18;1;0
1018;1730.21;50;0.13;1;0
1019;1290.32;50;0.17;1;0
1020;1739.98;50;0.13;1;0
1021;1241.45;50;0.17;1;0
1022;1720.43;50;0.12;1;0
1023;1280.55;50;0.17;1;0
1024;1808.41;50;0.13;1;0
1025;1270.77;50;0.18;1;0
1026;1769.31;50;0.13;1;0
1027;1251.22;50;0.18;1;0
1028;1808.41;50;0.13;1;0
1029;1270.77;50;0.18;1;0
1030;1827.96;50;0.13;1;0
1031;1290.32;50;0.18;1;0
1032;1837.73;50;0.13;1;0
1033;1270.77;50;0.18;1;0
1034;1847.51;50;0.13;1;0
1035;1270.77;50;0.18;1;0
1036;1847.51;50;0.13;1;0
1037;1251.22;50;0.18;1;0
1038;1886.61;50;0.13;1;0
1039;1231.67;50;0.19;1;0
1040;1847.51;50;0.12;1;0
1041;1300.10;50;0.18;1;0
1042;1876.83;50;0.13;1;0
1043;1300.10;50;0.19;1;0
1044;1847.51;50;0.13;1;0
1045;1348.97;50;0.18;1;0
1046;1827.96;50;0.13;1;0
1047;1358.75;50;0.18;1;0
1048;1867.06;50;0.14;1;0
1049;1339.20;50;0.19;1;0
1050;1896.38;50;0.13;1;0
1051;1339.20;50;0.19;1;0
1052;1876.83;50;0.13;1;0
1053;1300.10;50;0.19;1;0
1054;1876.83;50;0.13;1;0
1055;1348.97;50;0.19;1;0
1056;1915.93;50;0.13;1;0
1057;1378.30;50;0.19;1;0
1058;1906.16;50;0.14;1;0
1059;1368.52;50;0.19;1;0
1060;1925.71;50;0.14;1;0
1061;1309.87;50;0.19;1;0
1062;1915.93;50;0.13;1;0
1063;1300.10;50;0.19;1;0
1064;1945.26;50;0.13;1;0
1065;1309.87;50;0.19;1;0
1066;1896.38;50;0.13;1;0
1067;1319.65;50;0.19;1;0
1068;1935.48;50;0.13;1;0
1069;1329.42;50;0.19;1;0
1070;1896.38;50;0.13;1;0
1071;1290.32;50;0.19;1;0
1072;1915.93;50;0.13;1;0
1073;1339.20;50;0.19;1;0
1074;1896.38;50;0.13;1;0
1075;1270.77;50;0.19;1;0
1076;1867.06;50;0.13;1;0
1077;1280.55;50;0.19;1;0
1078;1876.83;50;0.13;1;0
1079;1290.32;50;0.19;1;0
1080;1886.61;50;0.13;1;0
1081;1241.45;50;0.19;1;0
1082;1886.61;50;0.12;1;0
1083;1300.10;50;0.19;1;0
1084;1896.38;50;0.13;1;0
1085;1300.10;50;0.19;1;0
1086;1886.61;50;0.13;1;0
1087;1261.00;50;0.19;1;0
1088;1857.28;50;0.13;1;0
1089;1290.32;50;0.19;1;0
1090;1847.51;50;0.13;1;0
1091;1261.00;50;0.18;1;0
1092;1837.73;50;0.13;1;0
1093;1251.22;50;0.18;1;0
1094;1837.73;50;0.13;1;0
1095;1241.45;50;0.18;1;0
1096;1827.96;50;0.12;1;0
1097;1290.32;50;0.18;1;0
1098;1808.41;50;0.13;1;0
1099;1251.22;50;0.18;1;0
1100;1779.08;50;0.13;1;0
1101;1270.77;50;0.18;1;0
1102;1847.51;50;0.13;1;0
1103;1221.90;50;0.18;1;0
1104;1818.18;50;0.12;1;0
1105;1231.67;50;0.18;1;0
1106;1827.96;50;0.12;1;0
1107;1251.22;50;0.18;1;0
1108;1788.86;50;0.13;1;0
1109;1241.45;50;0.18;1;0
1110;1749.76;50;0.12;1;0
1111;1251.22;50;0.17;1;0
1112;1739.98;50;0.13;1;0
1113;1261.00;50;0.17;1;0
1114;1759.53;50;0.13;1;0
1115;1300.10;50;0.18;1;0
1116;1749.76;50;0.13;1;0
1117;1270.77;50;0.17;1;0
1118;1769.31;50;0.13;1;0
1119;1290.32;50;0.18;1;0
1120;1691.10;50;0.13;1;0
1121;1270.77;50;0.17;1;0
1122;1739.98;50;0.13;1;0
1123;1300.10;50;0.17;1;0
1124;1700.88;50;0.13;1;0
1125;1300.10;50;0.17;1;0
1126;1671.55;50;0.13;1;0
1127;1329.42;50;0.17;1;0
1128;1652.00;50;0.13;1;0
1129;1348.97;50;0.17;1;0
1130;1642.23;50;0.13;1;0
1131;1300.10;50;0.16;1;0
1132;1788.86;50;0.13;1;0
1133;1329.42;50;0.18;1;0
1134;1642.23;50;0.13;1;0
1135;1378.30;50;0.16;1;0
1136;1661.78;50;0.14;1;0
1137;1485.83;50;0.17;1;0
1138;1612.90;50;0.15;1;0
1139;1436.95;50;0.16;1;0
1140;1622.68;50;0.14;1;0
1141;1544.48;50;0.16;1;0
1142;1583.58;50;0.15;1;0
1143;1554.25;50;0.16;1;0
1144;1593.35;50;0.16;1;0
1145;1515.15;50;0.16;1;0
1146;1534.70;50;0.15;1;0
1147;1515.15;50;0.15;1;0
1148;1534.70;50;0.15;1;0
1149;1593.35;50;0.15;1;0
1150;1544.48;50;0.16;1;0
1151;1593.35;50;0.15;1;0
1152;1495.60;50;0.16;1;0
1153;1622.68;50;0.15;1;0
1154;1505.38;50;0.16;1;0
1155;1671.55;50;0.15;1;0
1156;1495.60;50;0.17;1;0
1157;1700.88;50;0.15;1;0
1158;1476.05;50;0.17;1;0
1159;1700.88;50;0.15;1;0
1160;1652.00;50;0.17;1;0
1161;1652.00;50;0.17;1;0
1162;1583.58;50;0.17;1;0
1163;1652.00;50;0.16;1;0
1164;1603.13;50;0.17;1;0
1165;1652.00;50;0.16;1;0
1166;1583.58;50;0.17;1;0
1167;1671.55;50;0.16;1;0
1168;1583.58;50;0.17;1;0
1169;1730.21;50;0.16;1;0
1170;1554.25;50;0.17;1;0
1171;1730.21;50;0.16;1;0
1172;1534.70;50;0.17;1;0
1173;1730.21;50;0.15;1;0
1174;1544.48;50;0.17;1;0
1175;1779.08;50;0.15;1;0
1176;1544.48;50;0.18;1;0
1177;1759.53;50;0.15;1;0
1178;1554.25;50;0.18;1;0
1179;1739.98;50;0.16;1;0
1180;1476.05;50;0.17;1;0
1181;1798.63;50;0.15;1;0
1182;1505.38;50;0.18;1;0
1183;1798.63;50;0.15;1;0
1184;1515.15;50;0.18;1;0
1185;1847.51;50;0.15;1;0
1186;1495.60;50;0.18;1;0
1187;1827.96;50;0.15;1;0
1188;1397.85;50;0.18;1;0
1189;1749.76;50;0.14;1;0
1190;1436.95;50;0.17;1;0
1191;1837.73;50;0.14;1;0
1192;1446.73;50;0.18;1;0
1193;1779.08;50;0.14;1;0
1194;1368.52;50;0.18;1;0
1195;1808.41;50;0.14;1;0
1196;1339.20;50;0.18;1;0
1197;1788.86;50;0.13;1;0
1198;1436.95;50;0.18;1;0
1199;1876.83;50;0.14;1;0
1200;1407.62;50;0.19;1;0
1201;1818.18;50;0.14;1;0
1202;1329.42;50;0.18;1;0
1203;1847.51;50;0.13;1;0
1204;1300.10;50;0.18;1;0
1205;1837.73;50;0.13;1;0
1206;1300.10;50;0.18;1;0
1207;1857.28;50;0.13;1;0
1208;1270.77;50;0.19;1;0
1209;1827.96;50;0.13;1;0
1210;1290.32;50;0.18;1;0
1211;1827.96;50;0.13;1;0
1212;1348.97;50;0.18;1;0
1213;1798.63;50;0.13;1;0
1214;1280.55;50;0.18;1;0
1215;1798.63;50;0.13;1;0
1216;1329.42;50;0.18;1;0
1217;1798.63;50;0.13;1;0
1218;1378.30;50;0.18;1;0
1219;1730.21;50;0.14;1;0
1220;1339.20;50;0.17;1;0
1221;1739.98;50;0.13;1;0
1222;1319.65;50;0.17;1;0
1223;1769.31;50;0.13;1;0
1224;1329.42;50;0.18;1;0
1225;1779.08;50;0.13;1;0
1226;1270.77;50;0.18;1;0
1227;1769.31;50;0.13;1;0
1228;1348.97;50;0.18;1;0
1229;1769.31;50;0.13;1;0
1230;1270.77;50;0.18;1;0
1231;1779.08;50;0.13;1;0
1232;1261.00;50;0.18;1;0
1233;1808.41;50;0.13;1;0
1234;1241.45;50;0.18;1;0
1235;1779.08;50;0.12;1;0
1236;1261.00;50;0.18;1;0
1237;1827.96;50;0.13;1;0
1238;1231.67;50;0.18;1;0
1239;1837.73;50;0.12;1;0
1240;1212.12;50;0.18;1;0
1241;1818.18;50;0.12;1;0
1242;1241.45;50;0.18;1;0
1243;1837.73;50;0.12;1;0
1244;1231.67;50;0.18;1;0
1245;1837.73;50;0.12;1;0
1246;1241.45;50;0.18;1;0
1247;1788.86;50;0.12;1;0
1248;1309.87;50;0.18;1;0
1249;1818.18;50;0.13;1;0
1250;1270.77;50;0.18;1;0
1251;1827.96;50;0.13;1;0
1252;1270.77;50;0.18;1;0
1253;1857.28;50;0.13;1;0
1254;1261.00;50;0.19;1;0
1255;1886.61;50;0.13;1;0
1256;1261.00;50;0.19;1;0
1257;1827.96;50;0.13;1;0
1258;1290.32;50;0.18;1;0
1259;1867.06;50;0.13;1;0
1260;1261.00;50;0.19;1;0
1261;1876.83;50;0.13;1;0
1262;1280.55;50;0.19;1;0
1263;1876.83;50;0.13;1;0
1264;1280.55;50;0.19;1;0
1265;1876.83;50;0.13;1;0
1266;1290.32;50;0.19;1;0
1267;1886.61;50;0.13;1;0
1268;1280.55;50;0.19;1;0
1269;1915.93;50;0.13;1;0
1270;1290.32;50;0.19;1;0
1271;1886.61;50;0.13;1;0
1272;1300.10;50;0.19;1;0
1273;1915.93;50;0.13;1;0
1274;1329.42;50;0.19;1;0
1275;1915.93;50;0.13;1;0
1276;1270.77;50;0.19;1;0
1277;1896.38;50;0.13;1;0
1278;1339.20;50;0.19;1;0
1279;1915.93;50;0.13;1;0
1280;1329.42;50;0.19;1;0
1281;1935.48;50;0.13;1;0
1282;1368.52;50;0.19;1;0
1283;1974.58;50;0.14;1;0
1284;1358.75;50;0.20;1;0
1285;1945.26;50;0.14;1;0
1286;1368.52;50;0.19;1;0
1287;1955.03;50;0.14;1;0
1288;1348.97;50;0.20;1;0
1289;1964.81;50;0.13;1;0
1290;1358.75;50;0.20;1;0
1291;1955.03;50;0.14;1;0
1292;1339.20;50;0.20;1;0
1293;1984.36;50;0.13;1;0
1294;1378.30;50;0.20;1;0
1295;1974.58;50;0.14;1;0
1296;1388.07;50;0.20;1;0
1297;1955.03;50;0.14;1;0
1298;1348.97;50;0.20;1;0
1299;1974.58;50;0.13;1;0
1300;1388.07;50;0.20;1;0
1301;1945.26;50;0.14;1;0
1302;1368.52;50;0.19;1;0
1303;1945.26;50;0.14;1;0
1304;1378.30;50;0.19;1;0
1305;1964.81;50;0.14;1;0
1306;1358.75;50;0.20;1;0
1307;1964.81;50;0.14;1;0
1308;1378.30;50;0.20;1;0
1309;1935.48;50;0.14;1;0
1310;1378.30;50;0.19;1;0
1311;1945.26;50;0.14;1;0
1312;1339.20;50;0.19;1;0
1313;1935.48;50;0.13;1;0
1314;1388.07;50;0.19;1;0
1315;1974.58;50;0.14;1;0
1316;1339.20;50;0.20;1;0
1317;1945.26;50;0.13;1;0
1318;1319.65;50;0.19;1;0
1319;1896.38;50;0.13;1;0
1320;1309.87;50;0.19;1;0
1321;1906.16;50;0.13;1;0
1322;1309.87;50;0.19;1;0
1323;1906.16;50;0.13;1;0
1324;1280.55;50;0.19;1;0
1325;1906.16;50;0.13;1;0
1326;1319.65;50;0.19;1;0
1327;1896.38;50;0.13;1;0
1328;1300.10;50;0.19;1;0
1329;1876.83;50;0.13;1;0
1330;1300.10;50;0.19;1;0
1331;1847.51;50;0.13;1;0
1332;1300.10;50;0.18;1;0
1333;1867.06;50;0.13;1;0
1334;1290.32;50;0.19;1;0
1335;1857.28;50;0.13;1;0
1336;1280.55;50;0.19;1;0
1337;1847.51;50;0.13;1;0
1338;1300.10;50;0.18;1;0
1339;1837.73;50;0.13;1;0
1340;1231.67;50;0.18;1;0
1341;1788.86;50;0.12;1;0
1342;1300.10;50;0.18;1;0
1343;1827.96;50;0.13;1;0
1344;1300.10;50;0.18;1;0
1345;1788.86;50;0.13;1;0
1346;1309.87;50;0.18;1;0
1347;1779.08;50;0.13;1;0
1348;1280.55;50;0.18;1;0
1349;1788.86;50;0.13;1;0
1350;1329.42;50;0.18;1;0
1351;1739.98;50;0.13;1;0
1352;1348.97;50;0.17;1;0
1353;1769.31;50;0.13;1;0
1354;1339.20;50;0.18;1;0
1355;1700.88;50;0.13;1;0
1356;1388.07;50;0.17;1;0
1357;1671.55;50;0.14;1;0
1358;1348.97;50;0.17;1;0
1359;1681.33;50;0.13;1;0
1360;1397.85;50;0.17;1;0
1361;1710.66;50;0.14;1;0
1362;1436.95;50;0.17;1;0
1363;1788.86;50;0.14;1;0
1364;1309.87;50;0.18;1;0
1365;1808.41;50;0.13;1;0
1366;1397.85;50;0.18;1;0
1367;1681.33;50;0.14;1;0
1368;1466.28;50;0.17;1;0
1369;1652.00;50;0.15;1;0
1370;1456.50;50;0.17;1;0
1371;1681.33;50;0.15;1;0
1372;1466.28;50;0.17;1;0
1373;1583.58;50;0.15;1;0
1374;1534.70;50;0.16;1;0
1375;1603.13;50;0.15;1;0
1376;1534.70;50;0.16;1;0
1377;1652.00;50;0.15;1;0
1378;1564.03;50;0.17;1;0
1379;1573.80;50;0.16;1;0
1380;1524.93;50;0.16;1;0
1381;1583.58;50;0.15;1;0
1382;1749.76;50;0.16;1;0
1383;1505.38;50;0.17;1;0
1384;1720.43;50;0.15;1;0
1385;1476.05;50;0.17;1;0
1386;1612.90;50;0.15;1;0
1387;1515.15;50;0.16;1;0
1388;1652.00;50;0.15;1;0
1389;1554.25;50;0.17;1;0
1390;1710.66;50;0.16;1;0
1391;1476.05;50;0.17;1;0
1392;1769.31;50;0.15;1;0
1393;1495.60;50;0.18;1;0
1394;1730.21;50;0.15;1;0
1395;1505.38;50;0.17;1;0
1396;1798.63;50;0.15;1;0
1397;1436.95;50;0.18;1;0
1398;1915.93;50;0.14;1;0
1399;1358.75;50;0.19;1;0
1400;1886.61;50;0.14;1;0
1401;1446.73;50;0.19;1;0
1402;1896.38;50;0.14;1;0
1403;1417.40;50;0.19;1;0
1404;1925.71;50;0.14;1;0
1405;1397.85;50;0.19;1;0
1406;1955.03;50;0.14;1;0
1407;1417.40;50;0.20;1;0
1408;1945.26;50;0.14;1;0
1409;1495.60;50;0.19;1;0
1410;1925.71;50;0.15;1;0
1411;1407.62;50;0.19;1;0
1412;1857.28;50;0.14;1;0
1413;1476.05;50;0.19;1;0
1414;1915.93;50;0.15;1;0
1415;1436.95;50;0.19;1;0
1416;1876.83;50;0.14;1;0
1417;1446.73;50;0.19;1;0
1418;1925.71;50;0.14;1;0
1419;1515.15;50;0.19;1;0
1420;1857.28;50;0.15;1;0
1421;1515.15;50;0.19;1;0
1422;1906.16;50;0.15;1;0
1423;1524.93;50;0.19;1;0
1424;1867.06;50;0.15;1;0
1425;1446.73;50;0.19;1;0
1426;1945.26;50;0.14;1;0
1427;1476.05;50;0.19;1;0
1428;1867.06;50;0.15;1;0
1429;1456.50;50;0.19;1;0
1430;1876.83;50;0.15;1;0
1431;1427.18;50;0.19;1;0
1432;1935.48;50;0.14;1;0
1433;1388.07;50;0.19;1;0
1434;1955.03;50;0.14;1;0
1435;1388.07;50;0.20;1;0
1436;1906.16;50;0.14;1;0
1437;1407.62;50;0.19;1;0
1438;1886.61;50;0.14;1;0
1439;1368.52;50;0.19;1;0
1440;1915.93;50;0.14;1;0
1441;1358.75;50;0.19;1;0
1442;1906.16;50;0.14;1;0
1443;1319.65;50;0.19;1;0
1444;1808.41;50;0.13;1;0
1445;1368.52;50;0.18;1;0
1446;1847.51;50;0.14;1;0
1447;1378.30;50;0.18;1;0
1448;1857.28;50;0.14;1;0
1449;1358.75;50;0.19;1;0
1450;1906.16;50;0.14;1;0
1451;1290.32;50;0.19;1;0
1452;1906.16;50;0.13;1;0
1453;1339.20;50;0.19;1;0
1454;1886.61;50;0.13;1;0
1455;1329.42;50;0.19;1;0
1456;1906.16;50;0.13;1;0
1457;1270.77;50;0.19;1;0
1458;1876.83;50;0.13;1;0
1459;1300.10;50;0.19;1;0
1460;1896.38;50;0.13;1;0
1461;1261.00;50;0.19;1;0
1462;1876.83;50;0.13;1;0
1463;1270.77;50;0.19;1;0
1464;1876.83;50;0.13;1;0
1465;1290.32;50;0.19;1;0
1466;1867.06;50;0.13;1;0
1467;1270.77;50;0.19;1;0
1468;1876.83;50;0.13;1;0
1469;1241.45;50;0.19;1;0
1470;1886.61;50;0.12;1;0
1471;1231.67;50;0.19;1;0
1472;1847.51;50;0.12;1;0
1473;1300.10;50;0.18;1;0
1474;1847.51;50;0.13;1;0
1475;1339.20;50;0.18;1;0
1476;1798.63;50;0.13;1;0
1477;1270.77;50;0.18;1;0
1478;1808.41;50;0.13;1;0
1479;1290.32;50;0.18;1;0
1480;1788.86;50;0.13;1;0
1481;1280.55;50;0.18;1;0
1482;1798.63;50;0.13;1;0
1483;1319.65;50;0.18;1;0
1484;1779.08;50;0.13;1;0
1485;1329.42;50;0.18;1;0
1486;1788.86;50;0.13;1;0
1487;1329.42;50;0.18;1;0
1488;1720.43;50;0.13;1;0
1489;1319.65;50;0.17;1;0
1490;1779.08;50;0.13;1;0
1491;1378.30;50;0.18;1;0
1492;1691.10;50;0.14;1;0
1493;1397.85;50;0.17;1;0
1494;1691.10;50;0.14;1;0
1495;1427.18;50;0.17;1;0
1496;1661.78;50;0.14;1;0
1497;1446.73;50;0.17;1;0
1498;1652.00;50;0.14;1;0
1499;1505.38;50;0.17;1;0
1500;1642.23;50;0.15;1;0
1501;1534.70;50;0.16;1;0
1502;1730.21;50;0.15;1;0
1503;1554.25;50;0.17;1;0
1504;1671.55;50;0.16;1;0
1505;1515.15;50;0.17;1;0
1506;1691.10;50;0.15;1;0
1507;1612.90;50;0.17;1;0
1508;1739.98;50;0.16;1;0
1509;1603.13;50;0.17;1;0
1510;1720.43;50;0.16;1;0
1511;1739.98;50;0.17;1;0
1512;1759.53;50;0.17;1;0
1513;1700.88;50;0.18;1;0
1514;1749.76;50;0.17;1;0
1515;1769.31;50;0.17;1;0
1516;1798.63;50;0.18;1;0
1517;1876.83;50;0.18;1;0
1518;1837.73;50;0.19;1;0
1519;1896.38;50;0.18;1;0
1520;1876.83;50;0.19;1;0
1521;2043.01;50;0.19;1;0
1522;1964.81;50;0.20;1;0
1523;2121.21;50;0.20;1;0
1524;2003.91;50;0.21;1;0
1525;2170.09;50;0.20;1;0
1526;2062.56;50;0.22;1;0
1527;2248.29;50;0.21;1;0
1528;2150.54;50;0.22;1;0
1529;2355.82;50;0.22;1;0
1530;2189.64;50;0.24;1;0
1531;2424.24;50;0.22;1;0
1532;2287.39;50;0.24;1;0
1533;2541.54;50;0.23;1;0
1534;2375.37;50;0.25;1;0
1535;2658.85;50;0.24;1;0
1536;2473.12;50;0.27;1;0
1537;2795.70;50;0.25;1;0
1538;2424.24;50;0.28;1;0
1539;2893.45;50;0.24;1;0
1540;2502.44;50;0.29;1;0
1541;3088.95;50;0.25;1;0
1542;2609.97;50;0.31;1;0
1543;3088.95;50;0.26;1;0
1544;2766.37;50;0.31;1;0
1545;3284.46;50;0.28;1;0
1546;2815.25;50;0.33;1;0
1547;3391.98;50;0.28;1;0
1548;2932.55;50;0.34;1;0
1549;3528.84;50;0.29;1;0
1550;3000.98;50;0.35;1;0
1551;3558.16;50;0.30;1;0
1552;3128.05;50;0.36;1;0
1553;3695.01;50;0.31;1;0
1554;3245.36;50;0.37;1;0
1555;3822.09;50;0.32;1;0
1556;3352.88;50;0.38;1;0
1557;3978.49;50;0.34;1;0
1558;3460.41;50;0.40;1;0
1559;4056.70;50;0.35;1;0
1560;3558.16;50;0.41;1;0
1561;4154.45;50;0.36;1;0
1562;3626.59;50;0.42;1;0
1563;4291.30;50;0.36;1;0
1564;3773.22;50;0.43;1;0
1565;4379.28;50;0.38;1;0
1566;3890.52;50;0.44;1;0
1567;4457.48;50;0.39;1;0
1568;3949.17;50;0.45;1;0
1569;4555.23;50;0.39;1;0
1570;4066.47;50;0.46;1;0
1571;4584.56;50;0.41;1;0
1572;4203.32;50;0.46;1;0
1573;4711.63;50;0.42;1;0
1574;4261.97;50;0.47;1;0
1575;4848.48;50;0.43;1;0
1576;4369.50;50;0.48;1;0
1577;4858.26;50;0.44;1;0
1578;4389.05;50;0.49;1;0
1579;4985.34;50;0.44;1;0
1580;4486.80;50;0.50;1;0
1581;5112.41;50;0.45;1;0
1582;4555.23;50;0.51;1;0
1583;5141.74;50;0.46;1;0
1584;4633.43;50;0.51;1;0
1585;5200.39;50;0.46;1;0
1586;4672.53;50;0.52;1;0
1587;5317.69;50;0.47;1;0
1588;4770.28;50;0.53;1;0
1589;5347.02;50;0.48;1;0
1590;4799.61;50;0.53;1;0
1591;5415.44;50;0.48;1;0
1592;4848.48;50;0.54;1;0
1593;5513.20;50;0.48;1;0
1594;4907.14;50;0.55;1;0
1595;5562.07;50;0.49;1;0
1596;4965.79;50;0.56;1;0
1597;5571.85;50;0.50;1;0
1598;4995.11;50;0.56;1;0
1599;5630.50;50;0.50;1;0
1600;5024.44;50;0.56;1;0
1601;5640.27;50;0.50;1;0
1602;5043.99;50;0.56;1;0
1603;5640.27;50;0.50;1;0
1604;5004.89;50;0.56;1;0
1605;5571.85;50;0.50;1;0
1606;4907.14;50;0.56;1;0
1607;5386.12;50;0.49;1;0
1608;4701.86;50;0.54;1;0
1609;5073.31;50;0.47;1;0
1610;4252.20;50;0.51;1;0
1611;4457.48;50;0.43;1;0
1612;3450.64;50;0.45;1;0
1613;3450.64;50;0.35;1;0
1614;2228.74;50;0.35;1;0
1615;1906.16;50;0.22;1;0
1616;381.23;50;0.19;1;0
1617;0.00;50;0.04;1;0
1618;0.00;50;0.00;1;0
1619;0.00;50;0.00;1;0
1620;0.00;50;0.00;1;0
1621;0.00;50;0.00;1;0
1622;0.00;50;0.00;1;0
1623;0.00;50;0.00;1;0
1624;0.00;50;0.00;1;0
1625;0.00;50;0.00;1;0
1626;0.00;50;0.00;1;0
1627;0.00;50;0.00;1;0
1628;0.00;50;0.00;1;0
1629;0.00;50;0.00;1;0
1630;0.00;50;0.00;1;0
1631;0.00;50;0.00;1;0
1632;0.00;50;0.00;1;0
1633;0.00;50;0.00;1;0
1634;0.00;50;0.00;1;0
1635;0.00;50;0.00;1;0
1636;0.00;50;0.00;1;0
1637;0.00;50;0.00;1;0
1638;0.00;50;0.00;1;0
1639;0.00;50;0.00;1;0
1640;0.00;50;0.00;1;0
1641;0.00;50;0.00;1;0
1642;0.00;50;0.00;1;0
1643;0.00;50;0.00;1;0
1644;0.00;50;0.00;1;0
1645;0.00;50;0.00;1;0
1646;0.00;50;0.00;1;0
1647;0.00;50;0.00;1;0
1648;0.00;50;0.00;1;0
1649;0.00;50;0.00;1;0
1650;0.00;50;0.00;1;0
1651;0.00;50;0.00;1;0
1652;0.00;50;0.00;1;0
1653;0.00;50;0.00;1;0
1654;0.00;50;0.00;1;0
1655;0.00;50;0.00;1;0
1656;0.00;50;0.00;1;0
1657;0.00;50;0.00;1;0
1658;0.00;50;0.00;1;0
1659;0.00;50;0.00;1;0
1660;0.00;50;0.00;1;0
1661;0.00;50;0.00;1;0
1662;0.00;50;0.00;1;0
1663;0.00;50;0.00;1;0
1664;0.00;50;0.00;1;0
1665;0.00;50;0.00;1;0
1666;0.00;50;0.00;1;0
1667;0.00;50;0.00;1;0
1668;0.00;50;0.00;1;0
1669;0.00;50;0.00;1;0
1670;0.00;50;0.00;1;0
1671;0.00;50;0.00;1;0
1672;0.00;50;0.00;1;0
1673;0.00;50;0.00;1;0
1674;0.00;50;0.00;1;0
1675;0.00;50;0.00;1;0
1676;0.00;50;0.00;1;0
1677;0.00;50;0.00;1;0
1678;0.00;50;0.00;1;0
1679;0.00;50;0.00;1;0
1680;0.00;50;0.00;1;0
1681;0.00;50;0.00;1;0
1682;0.00;50;0.00;1;0
1683;0.00;50;0.00;1;0
1684;0.00;50;0.00;1;0
1685;0.00;50;0.00;1;0
1686;0.00;50;0.00;1;0
1687;0.00;50;0.00;1;0
1688;0.00;50;0.00;1;0
1689;0.00;50;0.00;1;0
1690;0.00;50;0.00;1;0
1691;0.00;50;0.00;1;0
1692;0.00;50;0.00;1;0
1693;0.00;50;0.00;1;0
1694;0.00;50;0.00;1;0
1695;0.00;50;0.00;1;0
1696;0.00;50;0.00;1;0
1697;0.00;50;0.00;1;0
1698;0.00;50;0.00;1;0
1699;0.00;50;0.00;1;0
1700;0.00;50;0.00;1;0
1701;0.00;50;0.00;1;0
1702;0.00;50;0.00;1;0
1703;0.00;50;0.00;1;0
1704;0.00;50;0.00;1;0
1705;0.00;50;0.00;1;0
1706;0.00;50;0.00;1;0
1707;0.00;50;0.00;1;0
1708;0.00;50;0.00;1;0
1709;0.00;50;0.00;1;0
1710;0.00;50;0.00;1;0
1711;0.00;50;0.00;1;0
1712;0.00;50;0.00;1;0
1713;0.00;50;0.00;1;0
1714;0.00;50;0.00;1;0
1715;0.00;50;0.00;1;0
1716;0.00;50;0.00;1;0
1717;0.00;50;0.00;1;0
1718;0.00;50;0.00;1;0
1719;0.00;50;0.00;1;0
1720;0.00;50;0.00;1;0
1721;0.00;50;0.00;1;0
1722;0.00;50;0.00;1;0
1723;0.00;50;0.00;1;0
1724;0.00;50;0.00;1;0
1725;0.00;50;0.00;1;0
1726;0.00;50;0.00;1;0
1727;0.00;50;0.00;1;0
1728;0.00;50;0.00;1;0
1729;0.00;50;0.00;1;0
1730;0.00;50;0.00;1;0
1731;0.00;50;0.00;1;0
1732;0.00;50;0.00;1;0
1733;0.00;50;0.00;1;0
1734;0.00;50;0.00;1;0
1735;0.00;50;0.00;1;0
1736;0.00;50;0.00;1;0
1737;0.00;50;0.00;1;0
1738;0.00;50;0.00;1;0
1739;0.00;50;0.00;1;0
1740;0.00;50;0.00;1;0
1741;0.00;50;0.00;1;0
1742;0.00;50;0.00;1;0
1743;0.00;50;0.00;1;0
1744;0.00;50;0.00;1;0
1745;0.00;50;0.00;1;0
1746;0.00;50;0.00;1;0
1747;0.00;50;0.00;1;0
1748;0.00;50;0.00;1;0
1749;0.00;50;0.00;1;0
1750;0.00;50;0.00;1;0
1751;0.00;50;0.00;1;0
1752;0.00;50;0.00;1;0
1753;0.00;50;0.00;1;0
1754;0.00;50;0.00;1;0
1755;0.00;50;0.00;1;0
1756;0.00;50;0.00;1;0
1757;0.00;50;0.00;1;0
1758;0.00;50;0.00;1;0
1759;0.00;50;0.00;1;0
1760;0.00;50;0.00;1;0
1761;0.00;50;0.00;1;0
1762;0.00;50;0.00;1;0
1763;0.00;50;0.00;1;0
1764;0.00;50;0.00;1;0
1765;0.00;50;0.00;1;0
1766;0.00;50;0.00;1;0
1767;0.00;50;0.00;1;0
1768;0.00;50;0.00;1;0
1769;0.00;50;0.00;1;0
1770;0.00;50;0.00;1;0
1771;0.00;50;0.00;1;0
1772;0.00;50;0.00;1;0
1773;0.00;50;0.00;1;0
1774;0.00;50;0.00;1;0
1775;0.00;50;0.00;1;0
1776;0.00;50;0.00;1;0
1777;0.00;50;0.00;1;0
1778;0.00;50;0.00;1;0
1779;0.00;50;0.00;1;0
1780;0.00;50;0.00;1;0
1781;0.00;50;0.00;1;0
1782;0.00;50;0.00;1;0
1783;0.00;50;0.00;1;0
1784;0.00;50;0.00;1;0
1785;0.00;50;0.00;1;0
1786;0.00;50;0.00;1;0
1787;0.00;50;0.00;1;0
1788;0.00;50;0.00;1;0
1789;0.00;50;0.00;1;0
1790;0.00;50;0.00;1;0
1791;0.00;50;0.00;1;0
1792;0.00;50;0.00;1;0
1793;0.00;50;0.00;1;0
1794;0.00;50;0.00;1;0
1795;0.00;50;0.00;1;0
1796;0.00;50;0.00;1;0
1797;0.00;50;0.00;1;0
1798;0.00;50;0.00;1;0
1799;0.00;50;0.00;1;0
1800;0.00;50;0.00;1;0
1801;0.00;50;0.00;1;0
1802;0.00;50;0.00;1;0
1803;0.00;50;0.00;1;0
1804;0.00;50;0.00;1;0
1805;0.00;50;0.00;1;0
1806;0.00;50;0.00;1;0
1807;0.00;50;0.00;1;0
1808;0.00;50;0.00;1;0
1809;0.00;50;0.00;1;0
1810;0.00;50;0.00;1;0
1811;0.00;50;0.00;1;0
1812;0.00;50;0.00;1;0
1813;0.00;50;0.00;1;0
1814;0.00;50;0.00;1;0
1815;0.00;50;0.00;1;0
1816;0.00;50;0.00;1;0
1817;0.00;50;0.00;1;0
1818;0.00;50;0.00;1;0
1819;0.00;50;0.00;1;0
1820;0.00;50;0.00;1;0
1821;0.00;50;0.00;1;0
1822;0.00;50;0.00;1;0
1823;0.00;50;0.00;1;0
1824;0.00;50;0.00;1;0
1825;0.00;50;0.00;1;0
1826;0.00;50;0.00;1;0
1827;0.00;50;0.00;1;0
1828;0.00;50;0.00;1;0
1829;0.00;50;0.00;1;0
1830;0.00;50;0.00;1;0
1831;0.00;50;0.00;1;0
1832;0.00;50;0.00;1;0
1833;0.00;50;0.00;1;0
1834;0.00;50;0.00;1;0
1835;0.00;50;0.00;1;0
1836;0.00;50;0.00;1;0
1837;0.00;50;0.00;1;0
1838;0.00;50;0.00;1;0
1839;0.00;50;0.00;1;0
1840;0.00;50;0.00;1;0
1841;0.00;50;0.00;1;0
1842;0.00;50;0.00;1;0
1843;0.00;50;0.00;1;0
1844;0.00;50;0.00;1;0
1845;0.00;50;0.00;1;0
1846;0.00;50;0.00;1;0
1847;0.00;50;0.00;1;0
1848;0.00;50;0.00;1;0
1849;0.00;50;0.00;1;0
1850;0.00;50;0.00;1;0
1851;0.00;50;0.00;1;0
1852;0.00;50;0.00;1;0
1853;0.00;50;0.00;1;0
1854;0.00;50;0.00;1;0
1855;0.00;50;0.00;1;0
1856;0.00;50;0.00;1;0
1857;0.00;50;0.00;1;0
1858;0.00;50;0.00;1;0
1859;0.00;50;0.00;1;0
1860;0.00;50;0.00;1;0
1861;0.00;50;0.00;1;0
1862;0.00;50;0.00;1;0
1863;0.00;50;0.00;1;0
1864;0.00;50;0.00;1;0
1865;0.00;50;0.00;1;0
1866;0.00;50;0.00;1;0
1867;0.00;50;0.00;1;0
1868;0.00;50;0.00;1;0
1869;0.00;50;0.00;1;0
1870;0.00;50;0.00;1;0
1871;0.00;50;0.00;1;0
1872;0.00;50;0.00;1;0
1873;0.00;50;0.00;1;0
1874;0.00;50;0.00;1;0
1875;0.00;50;0.00;1;0
1876;0.00;50;0.00;1;0
1877;654.94;50;0.00;1;0
1878;566.96;50;0.07;1;0
1879;1466.28;50;0.06;1;0
1880;1358.75;50;0.15;1;0
1881;2267.84;50;0.14;1;0
1882;2150.54;50;0.23;1;0
1883;3030.30;50;0.22;1;0
1884;2883.68;50;0.30;1;0
1885;3743.89;50;0.29;1;0
1886;3636.36;50;0.37;1;0
1887;4477.03;50;0.36;1;0
1888;4369.50;50;0.45;1;0
1889;5210.17;50;0.44;1;0
1890;5024.44;50;0.52;1;0
1891;5894.43;50;0.50;1;0
1892;5698.92;50;0.59;1;0
1893;6510.26;50;0.57;1;0
1894;6334.31;50;0.65;1;0
1895;7184.75;50;0.63;1;0
1896;6989.25;50;0.72;1;0
1897;7839.69;50;0.70;1;0
1898;7595.31;50;0.78;1;0
1899;8435.97;50;0.76;1;0
1900;8201.37;50;0.84;1;0
1901;9022.48;50;0.82;1;0
1902;10557.18;50;0.90;1;1
1903;11436.95;50;1.06;1;1
1904;11241.45;50;1.14;1;1
1905;12170.09;50;1.12;1;1
1906;11925.71;50;1.22;1;1
1907;12903.23;50;1.19;1;1
1908;12561.09;50;1.29;1;1
1909;13538.61;50;1.26;1;1
1910;13294.23;50;1.35;1;1
1911;14174.00;50;1.33;1;1
1912;13978.49;50;1.42;1;1
1913;14809.38;50;1.40;1;1
1914;14565.00;50;1.48;1;1
1915;15493.65;50;1.46;1;1
1916;15249.27;50;1.55;1;1
1917;16080.16;50;1.52;1;1
1918;15884.65;50;1.61;1;1
1919;16764.42;50;1.59;1;1
1920;16568.91;50;1.68;1;1
1921;17302.05;50;1.66;1;1
1922;17204.30;50;1.73;1;1
1923;18084.07;50;1.72;1;1
1924;17790.81;50;1.81;1;1
1925;18621.70;50;1.78;1;1
1926;18523.95;50;1.86;1;1
1927;19257.09;50;1.85;1;1
1928;19208.21;50;1.93;1;1
1929;19843.60;50;1.92;1;1
1930;19745.85;50;1.98;1;1
1931;20430.11;50;1.97;1;1
1932;20430.11;50;2.04;1;1
1933;21065.49;50;2.04;1;1
1934;21065.49;50;2.11;1;1
1935;21652.00;50;2.11;1;1
1936;21700.88;50;2.17;1;1
1937;22238.51;50;2.17;1;1
1938;22287.39;50;2.22;1;1
1939;22776.15;50;2.23;1;1
1940;22873.90;50;2.28;1;1
1941;23362.66;50;2.29;1;1
1942;23607.04;50;2.34;1;1
1943;23998.04;50;2.36;1;1
1944;24144.67;50;2.40;1;1
1945;24535.68;50;2.41;1;1
1946;24780.06;50;2.45;1;1
1947;25073.31;50;2.48;1;1
1948;25366.57;50;2.51;1;1
1949;25659.82;50;2.54;1;1
1950;25806.45;50;2.57;1;1
1951;26148.58;50;2.58;1;1
1952;26490.71;50;2.61;1;1
1953;26783.97;50;2.65;1;1
1954;27077.22;50;2.68;1;1
1955;27223.85;50;2.71;1;1
1956;27517.11;50;2.72;1;1
1957;27810.36;50;2.75;1;1
1958;28152.49;50;2.78;1;1
1959;28299.12;50;2.82;1;1
1960;28641.25;50;2.83;1;1
1961;28787.88;50;2.86;1;1
1962;29130.01;50;2.88;1;1
1963;29227.76;50;2.91;1;1
1964;29618.77;50;2.92;1;1
1965;29618.77;50;2.96;1;1
1966;30107.53;50;2.96;1;1
1967;30058.65;50;3.01;1;1
1968;30596.29;50;3.01;1;1
1969;30547.41;50;3.06;1;1
1970;31036.17;50;3.05;1;1
1971;30938.42;50;3.10;1;1
1972;31427.17;50;3.09;1;1
1973;31329.42;50;3.14;1;1
1974;31818.18;50;3.13;1;1
1975;31720.43;50;3.18;1;1
1976;32209.19;50;3.17;1;1
1977;32062.56;50;3.22;1;1
1978;32649.07;50;3.21;1;1
1979;32502.44;50;3.26;1;1
1980;33040.08;50;3.25;1;1
1981;32795.70;50;3.30;1;1
1982;33333.33;50;3.28;1;1
1983;33088.95;50;3.33;1;1
1984;33626.59;50;3.31;1;1
1985;33431.09;50;3.36;1;1
1986;33919.84;50;3.34;1;1
1987;33675.46;50;3.39;1;1
1988;33968.72;50;3.37;1;1
1989;33968.72;50;3.40;1;1
1990;33919.84;50;3.40;1;1
1991;33919.84;50;3.39;1;1
1992;33919.84;50;3.39;1;1
1993;33968.72;50;3.39;1;1
1994;33968.72;50;3.40;1;1
1995;33919.84;50;3.40;1;1
1996;33919.84;50;3.39;1;1
1997;33919.84;50;3.39;1;1
1998;33968.72;50;3.39;1;1
1999;33968.72;50;3.40;1;1
2000;33919.84;50;3.40;1;1
2001;33919.84;50;3.39;1;1
2002;34017.59;50;3.39;1;1
2003;33919.84;50;3.40;1;1
2004;33919.84;50;3.39;1;1
2005;33919.84;50;3.39;1;1
2006;33919.84;50;3.39;1;1
2007;33919.84;50;3.39;1;1
2008;33919.84;50;3.39;1;1
2009;33919.84;50;3.39;1;1
2010;33919.84;50;3.39;1;1
2011;33968.72;50;3.39;1;1
2012;33919.84;50;3.40;1;1
2013;33919.84;50;3.39;1;1
2014;33919.84;50;3.39;1;1
2015;33919.84;50;3.39;1;1
2016;33919.84;50;3.39;1;1
2017;33919.84;50;3.39;1;1
2018;33919.84;50;3.39;1;1
2019;33919.84;50;3.39;1;1
2020;33919.84;50;3.39;1;1
2021;33919.84;50;3.39;1;1
2022;33919.84;50;3.39;1;1
2023;33919.84;50;3.39;1;1
2024;33968.72;50;3.39;1;1
2025;33919.84;50;3.40;1;1
2026;33968.72;50;3.39;1;1
2027;33968.72;50;3.40;1;1
2028;33919.84;50;3.40;1;1
2029;33919.84;50;3.39;1;1
2030;33919.84;50;3.39;1;1
2031;33968.72;50;3.39;1;1
2032;33919.84;50;3.40;1;1
2033;33919.84;50;3.39;1;1
2034;34017.59;50;3.39;1;1
2035;33919.84;50;3.40;1;1
2036;33919.84;50;3.39;1;1
2037;33919.84;50;3.39;1;1
2038;33968.72;50;3.39;1;1
2039;33919.84;50;3.40;1;1
2040;33968.72;50;3.39;1;1
2041;33919.84;50;3.40;1;1
2042;33919.84;50;3.39;1;1
2043;33919.84;50;3.39;1;1
2044;33919.84;50;3.39;1;1
2045;33919.84;50;3.39;1;1
2046;33919.84;50;3.39;1;1
2047;33919.84;50;3.39;1;1
2048;33919.84;50;3.39;1;1
2049;33919.84;50;3.39;1;1
2050;33919.84;50;3.39;1;1
2051;33773.21;50;3.39;1;1
2052;33919.84;50;3.38;1;1
2053;33577.71;50;3.39;1;1
2054;33919.84;50;3.36;1;1
2055;33431.09;50;3.39;1;1
2056;33822.09;50;3.34;1;1
2057;33137.83;50;3.38;1;1
2058;33675.46;50;3.31;1;1
2059;32991.20;50;3.37;1;1
2060;33479.96;50;3.30;1;1
2061;32893.45;50;3.35;1;1
2062;33284.46;50;3.29;1;1
2063;32697.95;50;3.33;1;1
2064;33088.95;50;3.27;1;1
2065;32551.32;50;3.31;1;1
2066;32942.32;50;3.26;1;1
2067;32258.06;50;3.29;1;1
2068;32746.82;50;3.23;1;1
2069;32062.56;50;3.27;1;1
2070;32600.20;50;3.21;1;1
2071;31867.06;50;3.26;1;1
2072;32355.82;50;3.19;1;1
2073;31622.68;50;3.24;1;1
2074;32160.31;50;3.16;1;1
2075;31427.17;50;3.22;1;1
2076;31964.81;50;3.14;1;1
2077;31280.55;50;3.20;1;1
2078;31720.43;50;3.13;1;1
2079;31133.92;50;3.17;1;1
2080;31427.17;50;3.11;1;1
2081;30889.54;50;3.14;1;1
2082;31231.67;50;3.09;1;1
2083;30694.04;50;3.12;1;1
2084;30987.29;50;3.07;1;1
2085;30400.78;50;3.10;1;1
2086;30791.79;50;3.04;1;1
2087;30303.03;50;3.08;1;1
2088;30547.41;50;3.03;1;1
2089;29960.90;50;3.05;1;1
2090;30303.03;50;3.00;1;1
2091;29765.39;50;3.03;1;1
2092;30156.40;50;2.98;1;1
2093;29569.89;50;3.02;1;1
2094;29960.90;50;2.96;1;1
2095;29374.39;50;3.00;1;1
2096;29667.64;50;2.94;1;1
2097;29032.26;50;2.97;1;1
2098;29618.77;50;2.90;1;1
2099;28934.51;50;2.96;1;1
2100;29276.64;50;2.89;1;1
2101;28690.13;50;2.93;1;1
2102;29178.88;50;2.87;1;1
2103;28445.75;50;2.92;1;1
2104;28983.38;50;2.84;1;1
2105;28250.24;50;2.90;1;1
2106;28739.00;50;2.83;1;1
2107;28054.74;50;2.87;1;1
2108;28543.50;50;2.81;1;1
2109;27859.24;50;2.85;1;1
2110;28445.75;50;2.79;1;1
2111;27663.73;50;2.84;1;1
2112;28152.49;50;2.77;1;1
2113;27419.35;50;2.82;1;1
2114;28005.87;50;2.74;1;1
2115;27272.73;50;2.80;1;1
2116;27859.24;50;2.73;1;1
2117;27077.22;50;2.79;1;1
2118;27663.73;50;2.71;1;1
2119;26881.72;50;2.77;1;1
2120;27517.11;50;2.69;1;1
2121;26735.09;50;2.75;1;1
2122;27321.60;50;2.67;1;1
2123;26588.46;50;2.73;1;1
2124;27174.97;50;2.66;1;1
2125;26441.84;50;2.72;1;1
2126;27077.22;50;2.64;1;1
2127;26295.21;50;2.71;1;1
2128;26930.60;50;2.63;1;1
2129;26099.71;50;2.69;1;1
2130;26832.84;50;2.61;1;1
2131;26050.83;50;2.68;1;1
2132;26637.34;50;2.61;1;1
2133;25904.20;50;2.66;1;1
2134;26490.71;50;2.59;1;1
2135;25757.58;50;2.65;1;1
2136;26392.96;50;2.58;1;1
2137;25659.82;50;2.64;1;1
2138;26295.21;50;2.57;1;1
2139;25562.07;50;2.63;1;1
2140;26148.58;50;2.56;1;1
2141;25464.32;50;2.61;1;1
2142;26050.83;50;2.55;1;1
2143;25415.45;50;2.61;1;1
2144;25953.08;50;2.54;1;1
2145;25268.82;50;2.60;1;1
2146;25904.20;50;2.53;1;1
2147;25219.94;50;2.59;1;1
2148;25757.58;50;2.52;1;1
2149;25122.19;50;2.58;1;1
2150;25757.58;50;2.51;1;1
2151;25073.31;50;2.58;1;1
2152;25708.70;50;2.51;1;1
2153;25024.44;50;2.57;1;1
2154;25708.70;50;2.50;1;1
2155;24975.56;50;2.57;1;1
2156;25659.82;50;2.50;1;1
2157;24877.81;50;2.57;1;1
2158;25562.07;50;2.49;1;1
2159;24926.69;50;2.56;1;1
2160;25562.07;50;2.49;1;1
2161;24877.81;50;2.56;1;1
2162;25562.07;50;2.49;1;1
2163;24877.81;50;2.56;1;1
2164;25562.07;50;2.49;1;1
2165;24975.56;50;2.56;1;1
2166;25610.95;50;2.50;1;1
2167;24975.56;50;2.56;1;1
2168;25610.95;50;2.50;1;1
2169;24975.56;50;2.56;1;1
2170;25708.70;50;2.50;1;1
2171;25024.44;50;2.57;1;1
2172;25708.70;50;2.50;1;1
2173;25024.44;50;2.57;1;1
2174;25708.70;50;2.50;1;1
2175;25073.31;50;2.57;1;1
2176;25806.45;50;2.51;1;1
2177;25171.06;50;2.58;1;1
2178;25904.20;50;2.52;1;1
2179;25219.94;50;2.59;1;1
2180;25953.08;50;2.52;1;1
2181;25317.69;50;2.60;1;1
2182;26050.83;50;2.53;1;1
2183;25366.57;50;2.61;1;1
2184;26099.71;50;2.54;1;1
2185;25415.45;50;2.61;1;1
2186;26197.46;50;2.54;1;1
2187;25562.07;50;2.62;1;1
2188;26295.21;50;2.56;1;1
2189;25610.95;50;2.63;1;1
2190;26392.96;50;2.56;1;1
2191;25659.82;50;2.64;1;1
2192;26441.84;50;2.57;1;1
2193;25806.45;50;2.64;1;1
2194;26539.59;50;2.58;1;1
2195;25855.33;50;2.65;1;1
2196;26637.34;50;2.59;1;1
2197;25953.08;50;2.66;1;1
2198;26735.09;50;2.60;1;1
2199;26050.83;50;2.67;1;1
2200;26832.84;50;2.61;1;1
2201;26099.71;50;2.68;1;1
2202;26930.60;50;2.61;1;1
2203;26246.33;50;2.69;1;1
2204;27028.35;50;2.62;1;1
2205;26344.09;50;2.70;1;1
2206;27174.97;50;2.63;1;1
2207;26490.71;50;2.72;1;1
2208;27174.97;50;2.65;1;1
2209;26539.59;50;2.72;1;1
2210;27321.60;50;2.65;1;1
2211;26686.22;50;2.73;1;1
2212;27419.35;50;2.67;1;1
2213;26783.97;50;2.74;1;1
2214;27468.23;50;2.68;1;1
2215;26881.72;50;2.75;1;1
2216;27663.73;50;2.69;1;1
2217;26930.60;50;2.77;1;1
2218;27761.48;50;2.69;1;1
2219;27126.10;50;2.78;1;1
2220;27859.24;50;2.71;1;1
2221;27223.85;50;2.79;1;1
2222;28005.87;50;2.72;1;1
2223;27321.60;50;2.80;1;1
2224;28103.62;50;2.73;1;1
2225;27468.23;50;2.81;1;1
2226;28201.37;50;2.75;1;1
2227;27565.98;50;2.82;1;1
2228;28348.00;50;2.76;1;1
2229;27663.73;50;2.83;1;1
2230;28494.62;50;2.77;1;1
2231;27761.48;50;2.85;1;1
2232;28641.25;50;2.78;1;1
2233;27956.99;50;2.86;1;1
2234;28739.00;50;2.80;1;1
2235;28103.62;50;2.87;1;1
2236;28885.63;50;2.81;1;1
2237;28201.37;50;2.89;1;1
2238;28983.38;50;2.82;1;1
2239;28396.87;50;2.90;1;1
2240;29178.88;50;2.84;1;1
2241;28494.62;50;2.92;1;1
2242;29276.64;50;2.85;1;1
2243;28690.13;50;2.93;1;1
2244;29472.14;50;2.87;1;1
2245;28836.75;50;2.95;1;1
2246;29569.89;50;2.88;1;1
2247;28934.51;50;2.96;1;1
2248;29765.39;50;2.89;1;1
2249;29130.01;50;2.98;1;1
2250;29912.02;50;2.91;1;1
2251;29227.76;50;2.99;1;1
2252;30058.65;50;2.92;1;1
2253;29374.39;50;3.01;1;1
2254;30205.28;50;2.94;1;1
2255;29569.89;50;3.02;1;1
2256;30351.91;50;2.96;1;1
2257;29716.52;50;3.04;1;1
2258;30498.53;50;2.97;1;1
2259;29912.02;50;3.05;1;1
2260;30645.16;50;2.99;1;1
2261;30107.53;50;3.06;1;1
2262;30840.66;50;3.01;1;1
2263;30254.15;50;3.08;1;1
2264;30987.29;50;3.03;1;1
2265;30400.78;50;3.10;1;1
2266;31182.79;50;3.04;1;1
2267;30596.29;50;3.12;1;1
2268;31378.30;50;3.06;1;1
2269;30889.54;50;3.14;1;1
2270;31622.68;50;3.09;1;1
2271;31036.17;50;3.16;1;1
2272;31818.18;50;3.10;1;1
2273;31231.67;50;3.18;1;1
2274;32013.69;50;3.12;1;1
2275;31427.17;50;3.20;1;1
2276;32258.06;50;3.14;1;1
2277;31671.55;50;3.23;1;1
2278;32502.44;50;3.17;1;1
2279;31964.81;50;3.25;1;1
2280;32697.95;50;3.20;1;1
2281;32209.19;50;3.27;1;1
2282;32942.32;50;3.22;1;1
2283;32404.69;50;3.29;1;1
2284;33186.71;50;3.24;1;1
2285;32697.95;50;3.32;1;1
2286;33431.09;50;3.27;1;1
2287;32991.20;50;3.34;1;1
2288;33724.34;50;3.30;1;1
2289;33284.46;50;3.37;1;1
2290;33870.97;50;3.33;1;1
2291;33528.84;50;3.39;1;1
2292;33870.97;50;3.35;1;1
2293;33919.84;50;3.39;1;1
2294;33919.84;50;3.39;1;1
2295;33870.97;50;3.39;1;1
2296;33968.72;50;3.39;1;1
2297;33870.97;50;3.40;1;1
2298;33919.84;50;3.39;1;1
2299;33870.97;50;3.39;1;1
2300;33870.97;50;3.39;1;1
2301;33870.97;50;3.39;1;1
2302;33870.97;50;3.39;1;1
2303;33870.97;50;3.39;1;1
2304;33870.97;50;3.39;1;1
2305;33870.97;50;3.39;1;1
2306;33870.97;50;3.39;1;1
2307;33870.97;50;3.39;1;1
2308;33870.97;50;3.39;1;1
2309;33870.97;50;3.39;1;1
2310;33870.97;50;3.39;1;1
2311;33870.97;50;3.39;1;1
2312;33919.84;50;3.39;1;1
2313;33919.84;50;3.39;1;1
2314;33919.84;50;3.39;1;1
2315;33919.84;50;3.39;1;1
2316;33870.97;50;3.39;1;1
2317;33919.84;50;3.39;1;1
2318;33870.97;50;3.39;1;1
2319;33870.97;50;3.39;1;1
2320;33919.84;50;3.39;1;1
2321;33870.97;50;3.39;1;1
2322;33870.97;50;3.39;1;1
2323;33870.97;50;3.39;1;1
2324;33919.84;50;3.39;1;1
2325;33870.97;50;3.39;1;1
2326;33968.72;50;3.39;1;1
2327;33870.97;50;3.40;1;1
2328;33870.97;50;3.39;1;1
2329;33870.97;50;3.39;1;1
2330;33968.72;50;3.39;1;1
2331;33870.97;50;3.40;1;1
2332;33870.97;50;3.39;1;1
2333;33870.97;50;3.39;1;1
2334;33919.84;50;3.39;1;1
2335;33870.97;50;3.39;1;1
2336;33870.97;50;3.39;1;1
2337;33870.97;50;3.39;1;1
2338;33919.84;50;3.39;1;1
2339;33919.84;50;3.39;1;1
2340;33919.84;50;3.39;1;1
2341;33968.72;50;3.39;1;1
2342;33870.97;50;3.40;1;1
2343;33870.97;50;3.39;1;1
2344;33919.84;50;3.39;1;1
2345;33870.97;50;3.39;1;1
2346;33919.84;50;3.39;1;1
2347;33870.97;50;3.39;1;1
2348;33919.84;50;3.39;1;1
2349;33919.84;50;3.39;1;1
2350;33919.84;50;3.39;1;1
2351;33919.84;50;3.39;1;1
2352;33968.72;50;3.39;1;1
2353;33968.72;50;3.40;1;1
2354;33870.97;50;3.40;1;1
2355;33870.97;50;3.39;1;1
2356;33919.84;50;3.39;1;1
2357;33870.97;50;3.39;1;1
2358;33919.84;50;3.39;1;1
2359;33870.97;50;3.39;1;1
2360;33870.97;50;3.39;1;1
2361;33870.97;50;3.39;1;1
2362;33870.97;50;3.39;1;1
2363;33919.84;50;3.39;1;1
2364;33919.84;50;3.39;1;1
2365;33870.97;50;3.39;1;1
2366;33919.84;50;3.39;1;1
2367;33919.84;50;3.39;1;1
2368;33870.97;50;3.39;1;1
2369;33870.97;50;3.39;1;1
2370;33919.84;50;3.39;1;1
2371;33870.97;50;3.39;1;1
2372;33870.97;50;3.39;1;1
2373;33870.97;50;3.39;1;1
2374;33919.84;50;3.39;1;1
2375;33919.84;50;3.39;1;1
2376;33870.97;50;3.39;1;1
2377;33919.84;50;3.39;1;1
2378;33870.97;50;3.39;1;1
2379;33870.97;50;3.39;1;1
2380;33919.84;50;3.39;1;1
2381;33870.97;50;3.39;1;1
2382;33870.97;50;3.39;1;1
2383;33870.97;50;3.39;1;1
2384;33870.97;50;3.39;1;1
2385;33919.84;50;3.39;1;1
2386;33870.97;50;3.39;1;1
2387;33870.97;50;3.39;1;1
2388;33919.84;50;3.39;1;1
2389;33870.97;50;3.39;1;1
2390;33919.84;50;3.39;1;1
2391;33870.97;50;3.39;1;1
2392;33919.84;50;3.39;1;1
2393;33870.97;50;3.39;1;1
2394;33870.97;50;3.39;1;1
2395;33870.97;50;3.39;1;1
2396;33919.84;50;3.39;1;1
2397;33870.97;50;3.39;1;1
2398;33870.97;50;3.39;1;1
2399;33870.97;50;3.39;1;1
2400;33919.84;50;3.39;1;1
2401;33870.97;50;3.39;1;1
2402;33870.97;50;3.39;1;1
2403;33919.84;50;3.39;1;1
2404;33919.84;50;3.39;1;1
2405;33919.84;50;3.39;1;1
2406;33870.97;50;3.39;1;1
2407;33919.84;50;3.39;1;1
2408;33870.97;50;3.39;1;1
2409;33870.97;50;3.39;1;1
2410;33968.72;50;3.39;1;1
2411;33870.97;50;3.40;1;1
2412;33968.72;50;3.39;1;1
2413;33919.84;50;3.40;1;1
2414;33870.97;50;3.39;1;1
2415;33919.84;50;3.39;1;1
2416;33870.97;50;3.39;1;1
2417;33870.97;50;3.39;1;1
2418;33870.97;50;3.39;1;1
2419;33870.97;50;3.39;1;1
2420;33919.84;50;3.39;1;1
2421;33870.97;50;3.39;1;1
2422;33870.97;50;3.39;1;1
2423;33870.97;50;3.39;1;1
2424;33870.97;50;3.39;1;1
2425;33919.84;50;3.39;1;1
2426;33870.97;50;3.39;1;1
2427;33870.97;50;3.39;1;1
2428;33919.84;50;3.39;1;1
2429;33919.84;50;3.39;1;1
2430;33919.84;50;3.39;1;1
2431;33919.84;50;3.39;1;1
2432;33870.97;50;3.39;1;1
2433;33870.97;50;3.39;1;1
2434;33870.97;50;3.39;1;1
2435;33870.97;50;3.39;1;1
2436;33870.97;50;3.39;1;1
2437;33870.97;50;3.39;1;1
2438;33870.97;50;3.39;1;1
2439;33870.97;50;3.39;1;1
2440;33870.97;50;3.39;1;1
2441;33870.97;50;3.39;1;1
2442;33870.97;50;3.39;1;1
2443;33870.97;50;3.39;1;1
2444;33968.72;50;3.39;1;1
2445;33870.97;50;3.40;1;1
2446;33870.97;50;3.39;1;1
2447;33919.84;50;3.39;1;1
2448;33870.97;50;3.39;1;1
2449;33870.97;50;3.39;1;1
2450;33870.97;50;3.39;1;1
2451;33870.97;50;3.39;1;1
2452;33968.72;50;3.39;1;1
2453;33870.97;50;3.40;1;1
2454;33870.97;50;3.39;1;1
2455;33870.97;50;3.39;1;1
2456;33870.97;50;3.39;1;1
2457;33870.97;50;3.39;1;1
2458;33870.97;50;3.39;1;1
2459;33870.97;50;3.39;1;1
2460;33870.97;50;3.39;1;1
2461;33870.97;50;3.39;1;1
2462;33870.97;50;3.39;1;1
2463;33870.97;50;3.39;1;1
2464;33870.97;50;3.39;1;1
2465;33870.97;50;3.39;1;1
2466;33870.97;50;3.39;1;1
2467;33870.97;50;3.39;1;1
2468;33968.72;50;3.39;1;1
2469;33870.97;50;3.40;1;1
2470;33870.97;50;3.39;1;1
2471;33870.97;50;3.39;1;1
2472;33968.72;50;3.39;1;1
2473;33919.84;50;3.40;1;1
2474;33870.97;50;3.39;1;1
2475;33870.97;50;3.39;1;1
2476;33919.84;50;3.39;1;1
2477;33870.97;50;3.39;1;1
2478;33870.97;50;3.39;1;1
2479;33870.97;50;3.39;1;1
2480;33919.84;50;3.39;1;1
2481;33870.97;50;3.39;1;1
2482;33870.97;50;3.39;1;1
2483;33870.97;50;3.39;1;1
2484;33870.97;50;3.39;1;1
2485;33870.97;50;3.39;1;1
2486;33919.84;50;3.39;1;1
2487;33870.97;50;3.39;1;1
2488;33870.97;50;3.39;1;1
2489;33870.97;50;3.39;1;1
2490;33870.97;50;3.39;1;1
2491;33919.84;50;3.39;1;1
2492;33870.97;50;3.39;1;1
2493;33870.97;50;3.39;1;1
2494;33870.97;50;3.39;1;1
2495;33870.97;50;3.39;1;1
2496;33870.97;50;3.39;1;1
2497;33870.97;50;3.39;1;1
2498;33870.97;50;3.39;1;1
2499;33968.72;50;3.39;1;1
2500;33919.84;50;3.40;1;1
2501;33870.97;50;3.39;1;1
2502;33870.97;50;3.39;1;1
2503;33870.97;50;3.39;1;1
2504;33919.84;50;3.39;1;1
2505;33870.97;50;3.39;1;1
2506;33870.97;50;3.39;1;1
2507;33919.84;50;3.39;1;1
2508;33773.21;50;3.39;1;1
2509;33675.46;50;3.38;1;1
2510;33186.71;50;3.37;1;1
2511;33186.71;50;3.32;1;1
2512;32697.95;50;3.32;1;1
2513;32649.07;50;3.27;1;1
2514;32111.44;50;3.26;1;1
2515;32111.44;50;3.21;1;1
2516;31573.80;50;3.21;1;1
2517;31671.55;50;3.16;1;1
2518;31036.17;50;3.17;1;1
2519;31133.92;50;3.10;1;1
2520;30498.53;50;3.11;1;1
2521;30645.16;50;3.05;1;1
2522;29960.90;50;3.06;1;1
2523;30156.40;50;3.00;1;1
2524;29521.02;50;3.02;1;1
2525;29618.77;50;2.95;1;1
2526;28983.38;50;2.96;1;1
2527;29130.01;50;2.90;1;1
2528;28592.38;50;2.91;1;1
2529;28592.38;50;2.86;1;1
2530;28152.49;50;2.86;1;1
2531;28250.24;50;2.82;1;1
2532;27663.73;50;2.83;1;1
2533;27663.73;50;2.77;1;1
2534;27174.97;50;2.77;1;1
2535;27272.73;50;2.72;1;1
2536;26637.34;50;2.73;1;1
2537;26783.97;50;2.66;1;1
2538;26148.58;50;2.68;1;1
2539;26392.96;50;2.61;1;1
2540;25757.58;50;2.64;1;1
2541;25904.20;50;2.58;1;1
2542;25317.69;50;2.59;1;1
2543;25562.07;50;2.53;1;1
2544;24828.93;50;2.56;1;1
2545;25171.06;50;2.48;1;1
2546;24340.18;50;2.52;1;1
2547;24731.18;50;2.43;1;1
2548;23998.04;50;2.47;1;1
2549;24193.55;50;2.40;1;1
2550;23704.79;50;2.42;1;1
2551;23753.67;50;2.37;1;1
2552;23362.66;50;2.38;1;1
2553;23460.41;50;2.34;1;1
2554;22873.90;50;2.35;1;1
2555;22971.65;50;2.29;1;1
2556;22482.89;50;2.30;1;1
2557;22678.40;50;2.25;1;1
2558;22140.76;50;2.27;1;1
2559;22238.51;50;2.21;1;1
2560;21749.76;50;2.22;1;1
2561;21994.13;50;2.17;1;1
2562;21358.75;50;2.20;1;1
2563;21603.13;50;2.14;1;1
2564;21065.49;50;2.16;1;1
2565;21309.87;50;2.11;1;1
2566;20772.24;50;2.13;1;1
2567;20967.74;50;2.08;1;1
2568;20381.23;50;2.10;1;1
2569;20625.61;50;2.04;1;1
2570;20136.85;50;2.06;1;1
2571;20381.23;50;2.01;1;1
2572;19696.97;50;2.04;1;1
2573;20136.85;50;1.97;1;1
2574;19354.84;50;2.01;1;1
2575;19745.85;50;1.94;1;1
2576;19061.58;50;1.97;1;1
2577;19550.34;50;1.91;1;1
2578;18866.08;50;1.96;1;1
2579;19208.21;50;1.89;1;1
2580;18621.70;50;1.92;1;1
2581;19061.58;50;1.86;1;1
2582;18279.57;50;1.91;1;1
2583;18768.33;50;1.83;1;1
2584;18035.19;50;1.88;1;1
2585;18475.07;50;1.80;1;1
2586;17839.69;50;1.85;1;1
2587;18230.69;50;1.78;1;1
2588;17546.43;50;1.82;1;1
2589;18084.07;50;1.75;1;1
2590;17350.93;50;1.81;1;1
2591;17888.56;50;1.74;1;1
2592;17155.43;50;1.79;1;1
2593;17644.18;50;1.72;1;1
2594;16911.04;50;1.76;1;1
2595;17448.68;50;1.69;1;1
2596;16715.54;50;1.74;1;1
2597;17253.18;50;1.67;1;1
2598;16520.04;50;1.73;1;1
2599;17106.55;50;1.65;1;1
2600;16275.66;50;1.71;1;1
2601;16911.04;50;1.63;1;1
2602;16129.03;50;1.69;1;1
2603;16715.54;50;1.61;1;1
2604;15982.40;50;1.67;1;1
2605;16568.91;50;1.60;1;1
2606;15738.03;50;1.66;1;1
2607;16422.29;50;1.57;1;1
2608;15640.27;50;1.64;1;1
2609;16177.91;50;1.56;1;1
2610;15444.77;50;1.62;1;1
2611;16080.16;50;1.54;1;1
2612;15347.02;50;1.61;1;1
2613;15982.40;50;1.53;1;1
2614;15151.51;50;1.60;1;1
2615;15786.90;50;1.52;1;1
2616;15053.76;50;1.58;1;1
2617;15640.27;50;1.51;1;1
2618;14858.26;50;1.56;1;1
2619;15542.52;50;1.49;1;1
2620;14760.51;50;1.55;1;1
2621;15444.77;50;1.48;1;1
2622;14613.88;50;1.54;1;1
2623;15347.02;50;1.46;1;1
2624;14516.13;50;1.53;1;1
2625;15151.51;50;1.45;1;1
2626;14418.38;50;1.52;1;1
2627;15004.89;50;1.44;1;1
2628;14271.75;50;1.50;1;1
2629;14907.14;50;1.43;1;1
2630;14174.00;50;1.49;1;1
2631;14809.38;50;1.42;1;1
2632;14027.37;50;1.48;1;1
2633;14711.63;50;1.40;1;1
2634;13929.62;50;1.47;1;1
2635;14565.00;50;1.39;1;1
2636;13880.74;50;1.46;1;1
2637;14418.38;50;1.39;1;1
2638;13880.74;50;1.44;1;1
2639;14369.50;50;1.39;1;1
2640;13685.24;50;1.44;1;1
2641;14174.00;50;1.37;1;1
2642;13734.12;50;1.42;1;1
2643;14125.12;50;1.37;1;1
2644;13587.49;50;1.41;1;1
2645;14027.37;50;1.36;1;1
2646;13440.86;50;1.40;1;1
2647;13880.74;50;1.34;1;1
2648;13440.86;50;1.39;1;1
2649;13831.87;50;1.34;1;1
2650;13294.23;50;1.38;1;1
2651;13831.87;50;1.33;1;1
2652;13147.60;50;1.38;1;1
2653;13734.12;50;1.31;1;1
2654;13049.85;50;1.37;1;1
2655;13587.49;50;1.30;1;1
2656;13098.73;50;1.36;1;1
2657;13636.36;50;1.31;1;1
2658;13000.98;50;1.36;1;1
2659;13636.36;50;1.30;1;1
2660;12903.23;50;1.36;1;1
2661;13489.74;50;1.29;1;1
2662;12805.47;50;1.35;1;1
2663;13489.74;50;1.28;1;1
2664;12805.47;50;1.35;1;1
2665;13391.98;50;1.28;1;1
2666;12756.60;50;1.34;1;1
2667;13391.98;50;1.28;1;1
2668;12658.85;50;1.34;1;1
2669;13294.23;50;1.27;1;1
2670;12609.97;50;1.33;1;1
2671;13245.36;50;1.26;1;1
2672;12561.09;50;1.32;1;1
2673;13245.36;50;1.26;1;1
2674;12463.34;50;1.32;1;1
2675;13147.60;50;1.25;1;1
2676;12463.34;50;1.31;1;1
2677;13147.60;50;1.25;1;1
2678;12414.47;50;1.31;1;1
2679;13098.73;50;1.24;1;1
2680;12365.59;50;1.31;1;1
2681;13049.85;50;1.24;1;1
2682;12316.71;50;1.30;1;1
2683;13049.85;50;1.23;1;1
2684;12267.84;50;1.30;1;1
2685;13000.98;50;1.23;1;1
2686;12218.96;50;1.30;1;1
2687;13000.98;50;1.22;1;1
2688;12218.96;50;1.30;1;1
2689;12952.10;50;1.22;1;1
2690;12267.84;50;1.30;1;1
2691;12952.10;50;1.23;1;1
2692;12218.96;50;1.30;1;1
2693;12903.23;50;1.22;1;1
2694;12267.84;50;1.29;1;1
2695;12903.23;50;1.23;1;1
2696;12218.96;50;1.29;1;1
2697;12903.23;50;1.22;1;1
2698;12218.96;50;1.29;1;1
2699;12903.23;50;1.22;1;1
2700;12170.09;50;1.29;1;1
2701;12903.23;50;1.22;1;1
2702;12170.09;50;1.29;1;1
2703;12903.23;50;1.22;1;1
2704;12218.96;50;1.29;1;1
2705;12903.23;50;1.22;1;1
2706;12218.96;50;1.29;1;1
2707;12952.10;50;1.22;1;1
2708;12267.84;50;1.30;1;1
2709;13000.98;50;1.23;1;1
2710;12267.84;50;1.30;1;1
2711;13000.98;50;1.23;1;1
2712;12267.84;50;1.30;1;1
2713;13049.85;50;1.23;1;1
2714;12365.59;50;1.30;1;1
2715;13098.73;50;1.24;1;1
2716;12414.47;50;1.31;1;1
2717;13147.60;50;1.24;1;1
2718;12414.47;50;1.31;1;1
2719;13196.48;50;1.24;1;1
2720;12463.34;50;1.32;1;1
2721;13245.36;50;1.25;1;1
2722;12561.09;50;1.32;1;1
2723;13294.23;50;1.26;1;1
2724;12609.97;50;1.33;1;1
2725;13343.11;50;1.26;1;1
2726;12658.85;50;1.33;1;1
2727;13391.98;50;1.27;1;1
2728;12756.60;50;1.34;1;1
2729;13440.86;50;1.28;1;1
2730;12805.47;50;1.34;1;1
2731;13538.61;50;1.28;1;1
2732;12903.23;50;1.35;1;1
2733;13538.61;50;1.29;1;1
2734;12903.23;50;1.35;1;1
2735;13636.36;50;1.29;1;1
2736;13000.98;50;1.36;1;1
2737;13734.12;50;1.30;1;1
2738;13049.85;50;1.37;1;1
2739;13734.12;50;1.30;1;1
2740;13049.85;50;1.37;1;1
2741;13831.87;50;1.30;1;1
2742;13147.60;50;1.38;1;1
2743;13831.87;50;1.31;1;1
2744;13098.73;50;1.38;1;1
2745;13880.74;50;1.31;1;1
2746;13196.48;50;1.39;1;1
2747;13978.49;50;1.32;1;1
2748;13196.48;50;1.40;1;1
2749;13978.49;50;1.32;1;1
2750;13245.36;50;1.40;1;1
2751;13978.49;50;1.32;1;1
2752;13245.36;50;1.40;1;1
2753;14027.37;50;1.32;1;1
2754;13294.23;50;1.40;1;1
2755;14027.37;50;1.33;1;1
2756;13294.23;50;1.40;1;1
2757;13978.49;50;1.33;1;1
2758;13294.23;50;1.40;1;1
2759;14027.37;50;1.33;1;1
2760;13294.23;50;1.40;1;1
2761;14027.37;50;1.33;1;1
2762;13196.48;50;1.40;1;1
2763;13978.49;50;1.32;1;1
2764;13245.36;50;1.40;1;1
2765;13929.62;50;1.32;1;1
2766;13196.48;50;1.39;1;1
2767;13880.74;50;1.32;1;1
2768;13098.73;50;1.39;1;1
2769;13831.87;50;1.31;1;1
2770;13098.73;50;1.38;1;1
2771;13782.99;50;1.31;1;1
2772;13049.85;50;1.38;1;1
2773;13734.12;50;1.30;1;1
2774;13049.85;50;1.37;1;1
2775;13685.24;50;1.30;1;1
2776;12952.10;50;1.37;1;1
2777;13636.36;50;1.30;1;1
2778;12903.23;50;1.36;1;1
2779;13587.49;50;1.29;1;1
2780;12903.23;50;1.36;1;1
2781;13489.74;50;1.29;1;1
2782;12854.35;50;1.35;1;1
2783;13440.86;50;1.29;1;1
2784;12854.35;50;1.34;1;1
2785;13440.86;50;1.29;1;1
2786;12805.47;50;1.34;1;1
2787;13391.98;50;1.28;1;1
2788;12756.60;50;1.34;1;1
2789;13343.11;50;1.28;1;1
2790;12756.60;50;1.33;1;1
2791;13343.11;50;1.28;1;1
2792;12707.72;50;1.33;1;1
2793;13294.23;50;1.27;1;1
2794;12756.60;50;1.33;1;1
2795;13343.11;50;1.28;1;1
2796;12756.60;50;1.33;1;1
2797;13343.11;50;1.28;1;1
2798;12854.35;50;1.33;1;1
2799;13391.98;50;1.29;1;1
2800;12952.10;50;1.34;1;1
2801;13489.74;50;1.30;1;1
2802;13049.85;50;1.35;1;1
2803;13685.24;50;1.30;1;1
2804;13098.73;50;1.37;1;1
2805;13831.87;50;1.31;1;1
2806;13294.23;50;1.38;1;1
2807;13929.62;50;1.33;1;1
2808;13440.86;50;1.39;1;1
2809;14125.12;50;1.34;1;1
2810;13734.12;50;1.41;1;1
2811;14418.38;50;1.37;1;1
2812;13929.62;50;1.44;1;1
2813;14613.88;50;1.39;1;1
2814;14271.75;50;1.46;1;1
2815;14956.01;50;1.43;1;1
2816;14565.00;50;1.50;1;1
2817;15249.27;50;1.46;1;1
2818;15004.89;50;1.52;1;1
2819;15640.27;50;1.50;1;1
2820;15347.02;50;1.56;1;1
2821;15982.40;50;1.53;1;1
2822;15786.90;50;1.60;1;1
2823;16471.16;50;1.58;1;1
2824;16275.66;50;1.65;1;1
2825;16911.04;50;1.63;1;1
2826;16764.42;50;1.69;1;1
2827;17546.43;50;1.68;1;1
2828;17302.05;50;1.75;1;1
2829;17937.44;50;1.73;1;1
2830;17888.56;50;1.79;1;1
2831;18572.82;50;1.79;1;1
2832;18475.07;50;1.86;1;1
2833;19354.84;50;1.85;1;1
2834;19159.34;50;1.94;1;1
2835;20039.10;50;1.92;1;1
2836;19892.47;50;2.00;1;1
2837;20625.61;50;1.99;1;1
2838;20430.11;50;2.06;1;1
2839;21505.38;50;2.04;1;1
2840;21212.12;50;2.15;1;1
2841;22287.39;50;2.12;1;1
2842;21896.38;50;2.23;1;1
2843;23069.40;50;2.19;1;1
2844;22776.15;50;2.31;1;1
2845;23851.42;50;2.28;1;1
2846;23607.04;50;2.39;1;1
2847;24780.06;50;2.36;1;1
2848;24486.80;50;2.48;1;1
2849;25513.20;50;2.45;1;1
2850;25366.57;50;2.55;1;1
2851;26441.84;50;2.54;1;1
2852;26246.33;50;2.64;1;1
2853;27370.48;50;2.62;1;1
2854;27174.97;50;2.74;1;1
2855;28250.24;50;2.72;1;1
2856;28201.37;50;2.83;1;1
2857;29227.76;50;2.82;1;1
2858;29130.01;50;2.92;1;1
2859;30156.40;50;2.91;1;1
2860;30058.65;50;3.02;1;1
2861;31085.04;50;3.01;1;1
2862;31085.04;50;3.11;1;1
2863;32111.44;50;3.11;1;1
2864;32111.44;50;3.21;1;1
2865;33088.95;50;3.21;1;1
2866;33137.83;50;3.31;1;1
2867;33870.97;50;3.31;1;1
2868;33870.97;50;3.39;1;1
2869;33870.97;50;3.39;1;1
2870;33870.97;50;3.39;1;1
2871;33870.97;50;3.39;1;1
2872;33870.97;50;3.39;1;1
2873;33870.97;50;3.39;1;1
2874;33870.97;50;3.39;1;1
2875;33870.97;50;3.39;1;1
2876;33870.97;50;3.39;1;1
2877;33870.97;50;3.39;1;1
2878;33870.97;50;3.39;1;1
2879;33870.97;50;3.39;1;1
2880;33870.97;50;3.39;1;1
2881;33870.97;50;3.39;1;1
2882;33870.97;50;3.39;1;1
2883;33870.97;50;3.39;1;1
2884;33919.84;50;3.39;1;1
2885;33870.97;50;3.39;1;1
2886;33870.97;50;3.39;1;1
2887;33870.97;50;3.39;1;1
2888;33870.97;50;3.39;1;1
2889;33870.97;50;3.39;1;1
2890;33870.97;50;3.39;1;1
2891;33870.97;50;3.39;1;1
2892;33870.97;50;3.39;1;1
2893;33870.97;50;3.39;1;1
2894;33870.97;50;3.39;1;1
2895;33870.97;50;3.39;1;1
2896;33870.97;50;3.39;1;1
2897;33870.97;50;3.39;1;1
2898;33870.97;50;3.39;1;1
2899;33870.97;50;3.39;1;1
2900;33870.97;50;3.39;1;1
2901;33870.97;50;3.39;1;1
2902;33870.97;50;3.39;1;1
2903;33870.97;50;3.39;1;1
2904;33870.97;50;3.39;1;1
2905;33870.97;50;3.39;1;1
2906;33870.97;50;3.39;1;1
2907;33870.97;50;3.39;1;1
2908;33870.97;50;3.39;1;1
2909;33870.97;50;3.39;1;1
2910;33870.97;50;3.39;1;1
2911;33870.97;50;3.39;1;1
2912;33870.97;50;3.39;1;1
2913;33919.84;50;3.39;1;1
2914;33870.97;50;3.39;1;1
2915;33968.72;50;3.39;1;1
2916;33870.97;50;3.40;1;1
2917;33870.97;50;3.39;1;1
2918;33870.97;50;3.39;1;1
2919;33919.84;50;3.39;1;1
2920;33870.97;50;3.39;1;1
2921;33870.97;50;3.39;1;1
2922;33919.84;50;3.39;1;1
2923;33870.97;50;3.39;1;1
2924;33870.97;50;3.39;1;1
2925;33870.97;50;3.39;1;1
2926;33870.97;50;3.39;1;1
2927;33870.97;50;3.39;1;1
2928;33870.97;50;3.39;1;1
2929;33870.97;50;3.39;1;1
2930;33870.97;50;3.39;1;1
2931;33870.97;50;3.39;1;1
2932;33870.97;50;3.39;1;1
2933;33870.97;50;3.39;1;1
2934;33870.97;50;3.39;1;1
2935;33870.97;50;3.39;1;1
2936;33870.97;50;3.39;1;1
2937;33870.97;50;3.39;1;1
2938;33870.97;50;3.39;1;1
2939;33870.97;50;3.39;1;1
2940;33870.97;50;3.39;1;1
2941;33870.97;50;3.39;1;1
2942;33870.97;50;3.39;1;1
2943;33919.84;50;3.39;1;1
2944;33870.97;50;3.39;1;1
2945;33870.97;50;3.39;1;1
2946;33870.97;50;3.39;1;1
2947;33870.97;50;3.39;1;1
2948;33870.97;50;3.39;1;1
2949;33870.97;50;3.39;1;1
2950;33870.97;50;3.39;1;1
2951;33870.97;50;3.39;1;1
2952;33870.97;50;3.39;1;1
2953;33870.97;50;3.39;1;1
2954;33870.97;50;3.39;1;1
2955;33870.97;50;3.39;1;1
2956;33822.09;50;3.39;1;1
2957;33822.09;50;3.38;1;1
2958;33870.97;50;3.38;1;1
2959;33870.97;50;3.39;1;1
2960;33870.97;50;3.39;1;1
2961;33870.97;50;3.39;1;1
2962;33870.97;50;3.39;1;1
2963;33870.97;50;3.39;1;1
2964;33870.97;50;3.39;1;1
2965;33870.97;50;3.39;1;1
2966;33870.97;50;3.39;1;1
2967;33919.84;50;3.39;1;1
2968;33870.97;50;3.39;1;1
2969;33968.72;50;3.39;1;1
2970;33870.97;50;3.40;1;1
2971;33870.97;50;3.39;1;1
2972;33870.97;50;3.39;1;1
2973;33870.97;50;3.39;1;1
2974;33822.09;50;3.39;1;1
2975;33870.97;50;3.38;1;1
2976;33870.97;50;3.39;1;1
2977;33870.97;50;3.39;1;1
2978;33870.97;50;3.39;1;1
2979;33870.97;50;3.39;1;1
2980;33870.97;50;3.39;1;1
2981;33870.97;50;3.39;1;1
2982;33870.97;50;3.39;1;1
2983;33822.09;50;3.39;1;1
2984;33870.97;50;3.38;1;1
2985;33870.97;50;3.39;1;1
2986;33870.97;50;3.39;1;1
2987;33919.84;50;3.39;1;1
2988;33870.97;50;3.39;1;1
2989;33870.97;50;3.39;1;1
2990;33870.97;50;3.39;1;1
2991;33870.97;50;3.39;1;1
2992;33822.09;50;3.39;1;1
2993;33870.97;50;3.38;1;1
2994;33870.97;50;3.39;1;1
2995;33870.97;50;3.39;1;1
2996;33870.97;50;3.39;1;1
2997;33870.97;50;3.39;1;1
2998;33870.97;50;3.39;1;1
2999;33870.97;50;3.39;1;1
3000;33870.97;50;3.39;1;1
3001;33870.97;50;3.39;1;1
3002;33822.09;50;3.39;1;1
3003;33870.97;50;3.38;1;1
3004;33870.97;50;3.39;1;1
3005;33870.97;50;3.39;1;1
3006;33870.97;50;3.39;1;1
3007;33870.97;50;3.39;1;1
3008;33870.97;50;3.39;1;1
3009;33870.97;50;3.39;1;1
3010;33870.97;50;3.39;1;1
3011;33870.97;50;3.39;1;1
3012;33919.84;50;3.39;1;1
3013;33870.97;50;3.39;1;1
3014;33870.97;50;3.39;1;1
3015;33919.84;50;3.39;1;1
3016;33870.97;50;3.39;1;1
3017;33870.97;50;3.39;1;1
3018;33870.97;50;3.39;1;1
3019;33870.97;50;3.39;1;1
3020;33919.84;50;3.39;1;1
3021;33919.84;50;3.39;1;1
3022;33870.97;50;3.39;1;1
3023;33870.97;50;3.39;1;1
3024;33870.97;50;3.39;1;1
3025;33870.97;50;3.39;1;1
3026;33870.97;50;3.39;1;1
3027;33870.97;50;3.39;1;1
3028;33919.84;50;3.39;1;1
3029;33870.97;50;3.39;1;1
3030;33870.97;50;3.39;1;1
3031;33870.97;50;3.39;1;1
3032;33919.84;50;3.39;1;1
3033;33870.97;50;3.39;1;1
3034;33870.97;50;3.39;1;1
3035;33919.84;50;3.39;1;1
3036;33870.97;50;3.39;1;1
3037;33870.97;50;3.39;1;1
3038;33870.97;50;3.39;1;1
3039;33870.97;50;3.39;1;1
3040;33870.97;50;3.39;1;1
3041;33870.97;50;3.39;1;1
3042;33870.97;50;3.39;1;1
3043;33919.84;50;3.39;1;1
3044;33870.97;50;3.39;1;1
3045;33870.97;50;3.39;1;1
3046;33870.97;50;3.39;1;1
3047;33870.97;50;3.39;1;1
3048;33870.97;50;3.39;1;1
3049;33870.97;50;3.39;1;1
3050;33870.97;50;3.39;1;1
3051;33870.97;50;3.39;1;1
3052;33870.97;50;3.39;1;1
3053;33870.97;50;3.39;1;1
3054;33870.97;50;3.39;1;1
3055;33870.97;50;3.39;1;1
3056;33919.84;50;3.39;1;1
3057;33870.97;50;3.39;1;1
3058;33870.97;50;3.39;1;1
3059;33919.84;50;3.39;1;1
3060;33870.97;50;3.39;1;1
3061;33919.84;50;3.39;1;1
3062;33870.97;50;3.39;1;1
3063;33870.97;50;3.39;1;1
3064;33870.97;50;3.39;1;1
3065;33870.97;50;3.39;1;1
3066;33870.97;50;3.39;1;1
3067;33870.97;50;3.39;1;1
3068;33870.97;50;3.39;1;1
3069;33870.97;50;3.39;1;1
3070;33870.97;50;3.39;1;1
3071;33870.97;50;3.39;1;1
3072;33822.09;50;3.39;1;1
3073;33919.84;50;3.38;1;1
3074;33822.09;50;3.39;1;1
3075;33919.84;50;3.38;1;1
3076;33870.97;50;3.39;1;1
3077;33870.97;50;3.39;1;1
3078;33919.84;50;3.39;1;1
3079;33870.97;50;3.39;1;1
3080;33870.97;50;3.39;1;1
3081;33822.09;50;3.39;1;1
3082;33870.97;50;3.38;1;1
3083;33870.97;50;3.39;1;1
3084;33870.97;50;3.39;1;1
3085;33870.97;50;3.39;1;1
3086;33870.97;50;3.39;1;1
3087;33870.97;50;3.39;1;1
3088;33870.97;50;3.39;1;1
3089;33919.84;50;3.39;1;1
3090;33822.09;50;3.39;1;1
3091;33870.97;50;3.38;1;1
3092;33870.97;50;3.39;1;1
3093;33870.97;50;3.39;1;1
3094;33870.97;50;3.39;1;1
3095;33870.97;50;3.39;1;1
3096;33870.97;50;3.39;1;1
3097;33870.97;50;3.39;1;1
3098;33870.97;50;3.39;1;1
3099;33870.97;50;3.39;1;1
3100;33919.84;50;3.39;1;1
3101;33919.84;50;3.39;1;1
3102;33870.97;50;3.39;1;1
3103;33870.97;50;3.39;1;1
3104;33870.97;50;3.39;1;1
3105;33870.97;50;3.39;1;1
3106;33870.97;50;3.39;1;1
3107;33870.97;50;3.39;1;1
3108;33870.97;50;3.39;1;1
3109;33870.97;50;3.39;1;1
3110;33870.97;50;3.39;1;1
3111;33870.97;50;3.39;1;1
3112;33870.97;50;3.39;1;1
3113;33870.97;50;3.39;1;1
3114;33870.97;50;3.39;1;1
3115;33870.97;50;3.39;1;1
3116;33870.97;50;3.39;1;1
3117;33870.97;50;3.39;1;1
3118;33870.97;50;3.39;1;1
3119;33870.97;50;3.39;1;1
3120;33870.97;50;3.39;1;1
3121;33870.97;50;3.39;1;1
3122;33919.84;50;3.39;1;1
3123;33870.97;50;3.39;1;1
3124;32062.56;50;3.39;1;1
3125;30058.65;50;3.21;1;1
3126;27859.24;50;3.01;1;1
3127;25757.58;50;2.79;1;1
3128;23607.04;50;2.58;1;1
3129;21456.50;50;2.36;1;1
3130;19110.46;50;2.15;1;1
3131;16959.92;50;1.91;1;1
3132;14662.76;50;1.70;1;1
3133;12414.47;50;1.47;1;1
3134;10117.30;50;1.24;1;1
3135;7820.14;50;1.01;1;1
3136;1016.62;50;0.78;1;0
3137;2658.85;50;0.10;1;0
3138;869.99;50;0.27;1;0
3139;0.00;50;0.09;1;0
3140;0.00;50;0.00;1;0
3141;0.00;50;0.00;1;0
3142;0.00;50;0.00;1;0
3143;0.00;50;0.00;1;0
3144;0.00;50;0.00;1;0
3145;0.00;50;0.00;1;0
3146;0.00;50;0.00;1;0
3147;0.00;50;0.00;1;0
3148;0.00;50;0.00;1;0
3149;0.00;50;0.00;1;0
3150;0.00;50;0.00;1;0
3151;0.00;50;0.00;1;0
3152;0.00;50;0.00;1;0
3153;0.00;50;0.00;1;0
3154;0.00;50;0.00;1;0
3155;0.00;50;0.00;1;0
3156;0.00;50;0.00;1;0
3157;0.00;50;0.00;1;0
3158;0.00;50;0.00;1;0
3159;0.00;50;0.00;1;0
3160;0.00;50;0.00;1;0
3161;0.00;50;0.00;1;0
3162;0.00;50;0.00;1;0
3163;0.00;50;0.00;1;0
3164;0.00;50;0.00;1;0
3165;0.00;50;0.00;1;0
3166;0.00;50;0.00;1;0
3167;0.00;50;0.00;1;0
3168;0.00;50;0.00;1;0
3169;0.00;50;0.00;1;0
3170;0.00;50;0.00;1;0
3171;0.00;50;0.00;1;0
3172;0.00;50;0.00;1;0
3173;0.00;50;0.00;1;0
3174;0.00;50;0.00;1;0
3175;0.00;50;0.00;1;0
3176;0.00;50;0.00;1;0
3177;0.00;50;0.00;1;0
3178;0.00;50;0.00;1;0
3179;0.00;50;0.00;1;0
3180;0.00;50;0.00;1;0
3181;0.00;50;0.00;1;0
3182;0.00;50;0.00;1;0
3183;0.00;50;0.00;1;0
3184;0.00;50;0.00;1;0
3185;0.00;50;0.00;1;0
3186;0.00;50;0.00;1;0
3187;0.00;50;0.00;1;0
3188;0.00;50;0.00;1;0
3189;0.00;50;0.00;1;0
3190;0.00;50;0.00;1;0
3191;0.00;50;0.00;1;0
3192;0.00;50;0.00;1;0
3193;0.00;50;0.00;1;0
3194;0.00;50;0.00;1;0
3195;0.00;50;0.00;1;0
3196;0.00;50;0.00;1;0
3197;0.00;50;0.00;1;0
3198;0.00;50;0.00;1;0
3199;0.00;50;0.00;1;0
3200;0.00;50;0.00;1;0
3201;0.00;50;0.00;1;0
3202;0.00;50;0.00;1;0
3203;0.00;50;0.00;1;0
3204;0.00;50;0.00;1;0
3205;0.00;50;0.00;1;0
3206;0.00;50;0.00;1;0
3207;0.00;50;0.00;1;0
3208;0.00;50;0.00;1;0
3209;0.00;50;0.00;1;0
3210;0.00;50;0.00;1;0
3211;0.00;50;0.00;1;0
3212;0.00;50;0.00;1;0
3213;0.00;50;0.00;1;0
3214;0.00;50;0.00;1;0
3215;0.00;50;0.00;1;0
3216;0.00;50;0.00;1;0
3217;0.00;50;0.00;1;0
3218;0.00;50;0.00;1;0
3219;0.00;50;0.00;1;0
3220;0.00;50;0.00;1;0
3221;0.00;50;0.00;1;0
3222;0.00;50;0.00;1;0
3223;0.00;50;0.00;1;0
3224;0.00;50;0.00;1;0
3225;0.00;50;0.00;1;0
3226;0.00;50;0.00;1;0
3227;0.00;50;0.00;1;0
3228;0.00;50;0.00;1;0
3229;0.00;50;0.00;1;0
3230;0.00;50;0.00;1;0
3231;0.00;50;0.00;1;0
3232;0.00;50;0.00;1;0
3233;0.00;50;0.00;1;0
3234;0.00;50;0.00;1;0
3235;0.00;50;0.00;1;0
3236;0.00;50;0.00;1;0
3237;0.00;50;0.00;1;0
3238;0.00;50;0.00;1;0
3239;0.00;50;0.00;1;0
3240;0.00;50;0.00;1;0
3241;0.00;50;0.00;1;0
3242;0.00;50;0.00;1;0
3243;0.00;50;0.00;1;0
3244;0.00;50;0.00;1;0
3245;0.00;50;0.00;1;0
3246;0.00;50;0.00;1;0
3247;0.00;50;0.00;1;0
3248;0.00;50;0.00;1;0
3249;0.00;50;0.00;1;0
3250;0.00;50;0.00;1;0
3251;0.00;50;0.00;1;0
3252;0.00;50;0.00;1;0
3253;0.00;50;0.00;1;0
3254;0.00;50;0.00;1;0
3255;0.00;50;0.00;1;0
3256;0.00;50;0.00;1;0
3257;0.00;50;0.00;1;0
3258;0.00;50;0.00;1;0
3259;0.00;50;0.00;1;0
3260;0.00;50;0.00;1;0
3261;0.00;50;0.00;1;0
3262;0.00;50;0.00;1;0
3263;0.00;50;0.00;1;0
3264;0.00;50;0.00;1;0
3265;0.00;50;0.00;1;0
3266;0.00;50;0.00;1;0
3267;0.00;50;0.00;1;0
3268;0.00;50;0.00;1;0
3269;0.00;50;0.00;1;0
3270;0.00;50;0.00;1;0
3271;0.00;50;0.00;1;0
3272;0.00;50;0.00;1;0
3273;0.00;50;0.00;1;0
3274;0.00;50;0.00;1;0
3275;0.00;50;0.00;1;0
3276;0.00;50;0.00;1;0
3277;0.00;50;0.00;1;0
3278;0.00;50;0.00;1;0
3279;0.00;50;0.00;1;0
3280;0.00;50;0.00;1;0
3281;0.00;50;0.00;1;0
3282;0.00;50;0.00;1;0
3283;0.00;50;0.00;1;0
3284;0.00;50;0.00;1;0
3285;0.00;50;0.00;1;0
3286;0.00;50;0.00;1;0
3287;0.00;50;0.00;1;0
3288;0.00;50;0.00;1;0
3289;0.00;50;0.00;1;0
3290;0.00;50;0.00;1;0
3291;0.00;50;0.00;1;0
3292;0.00;50;0.00;1;0
3293;0.00;50;0.00;1;0
3294;0.00;50;0.00;1;0
3295;0.00;50;0.00;1;0
3296;0.00;50;0.00;1;0
3297;0.00;50;0.00;1;0
3298;0.00;50;0.00;1;0
3299;0.00;50;0.00;1;0
3300;0.00;50;0.00;1;0
3301;0.00;50;0.00;1;0
3302;0.00;50;0.00;1;0
3303;0.00;50;0.00;1;0
3304;0.00;50;0.00;1;0
3305;0.00;50;0.00;1;0
3306;0.00;50;0.00;1;0
3307;0.00;50;0.00;1;0
3308;0.00;50;0.00;1;0
3309;0.00;50;0.00;1;0
3310;0.00;50;0.00;1;0
3311;0.00;50;0.00;1;0
3312;0.00;50;0.00;1;0
3313;0.00;50;0.00;1;0
3314;0.00;50;0.00;1;0
3315;0.00;50;0.00;1;0
3316;0.00;50;0.00;1;0
3317;0.00;50;0.00;1;0
3318;0.00;50;0.00;1;0
3319;0.00;50;0.00;1;0
3320;0.00;50;0.00;1;0
3321;0.00;50;0.00;1;0
3322;0.00;50;0.00;1;0
3323;0.00;50;0.00;1;0
3324;0.00;50;0.00;1;0
3325;0.00;50;0.00;1;0
3326;0.00;50;0.00;1;0
3327;0.00;50;0.00;1;0
3328;0.00;50;0.00;1;0
3329;0.00;50;0.00;1;0
3330;0.00;50;0.00;1;0
3331;0.00;50;0.00;1;0
3332;0.00;50;0.00;1;0
3333;0.00;50;0.00;1;0
3334;0.00;50;0.00;1;0
3335;0.00;50;0.00;1;0
3336;0.00;50;0.00;1;0
3337;0.00;50;0.00;1;0
3338;0.00;50;0.00;1;0
3339;0.00;50;0.00;1;0
3340;0.00;50;0.00;1;0
3341;0.00;50;0.00;1;0
3342;0.00;50;0.00;1;0
3343;0.00;50;0.00;1;0
3344;0.00;50;0.00;1;0
3345;0.00;50;0.00;1;0
3346;0.00;50;0.00;1;0
3347;0.00;50;0.00;1;0
3348;0.00;50;0.00;1;0
3349;0.00;50;0.00;1;0
3350;0.00;50;0.00;1;0
3351;0.00;50;0.00;1;0
3352;0.00;50;0.00;1;0
3353;0.00;50;0.00;1;0
3354;0.00;50;0.00;1;0
3355;0.00;50;0.00;1;0
3356;0.00;50;0.00;1;0
3357;0.00;50;0.00;1;0
3358;0.00;50;0.00;1;0
3359;0.00;50;0.00;1;0
3360;0.00;50;0.00;1;0
3361;0.00;50;0.00;1;0
3362;0.00;50;0.00;1;0
3363;0.00;50;0.00;1;0
3364;0.00;50;0.00;1;0
3365;0.00;50;0.00;1;0
3366;0.00;50;0.00;1;0
3367;0.00;50;0.00;1;0
3368;0.00;50;0.00;1;0
3369;0.00;50;0.00;1;0
3370;0.00;50;0.00;1;0
3371;0.00;50;0.00;1;0
3372;0.00;50;0.00;1;0
3373;0.00;50;0.00;1;0
3374;0.00;50;0.00;1;0
3375;0.00;50;0.00;1;0
3376;0.00;50;0.00;1;0
3377;0.00;50;0.00;1;0
3378;0.00;50;0.00;1;0
3379;0.00;50;0.00;1;0
3380;0.00;50;0.00;1;0
3381;0.00;50;0.00;1;0
3382;0.00;50;0.00;1;0
3383;0.00;50;0.00;1;0
3384;0.00;50;0.00;1;0
3385;0.00;50;0.00;1;0
3386;0.00;50;0.00;1;0
3387;0.00;50;0.00;1;0
3388;0.00;50;0.00;1;0
3389;0.00;50;0.00;1;0
3390;0.00;50;0.00;1;0
3391;0.00;50;0.00;1;0
3392;0.00;50;0.00;1;0
3393;0.00;50;0.00;1;0
3394;0.00;50;0.00;1;0
3395;0.00;50;0.00;1;0
3396;0.00;50;0.00;1;0
3397;0.00;50;0.00;1;0
3398;0.00;50;0.00;1;0
3399;0.00;50;0.00;1;0
3400;0.00;50;0.00;1;0
3401;0.00;50;0.00;1;0
3402;0.00;50;0.00;1;0
3403;0.00;50;0.00;1;0
3404;0.00;50;0.00;1;0
3405;0.00;50;0.00;1;0
3406;0.00;50;0.00;1;0
3407;0.00;50;0.00;1;0
3408;0.00;50;0.00;1;0
3409;0.00;50;0.00;1;0
3410;0.00;50;0.00;1;0
3411;0.00;50;0.00;1;0
3412;0.00;50;0.00;1;0
3413;0.00;50;0.00;1;0
3414;0.00;50;0.00;1;0
3415;0.00;50;0.00;1;0
3416;0.00;50;0.00;1;0
3417;0.00;50;0.00;1;0
3418;0.00;50;0.00;1;0
3419;0.00;50;0.00;1;0
3420;0.00;50;0.00;1;0
3421;0.00;50;0.00;1;0
3422;0.00;50;0.00;1;0
3423;0.00;50;0.00;1;0
3424;0.00;50;0.00;1;0
3425;0.00;50;0.00;1;0
3426;0.00;50;0.00;1;0
3427;0.00;50;0.00;1;0
3428;0.00;50;0.00;1;0
3429;0.00;50;0.00;1;0
3430;0.00;50;0.00;1;0
3431;0.00;50;0.00;1;0
3432;0.00;50;0.00;1;0
3433;0.00;50;0.00;1;0
3434;0.00;50;0.00;1;0
3435;0.00;50;0.00;1;0
3436;0.00;50;0.00;1;0
3437;0.00;50;0.00;1;0
3438;0.00;50;0.00;1;0
3439;0.00;50;0.00;1;0
3440;0.00;50;0.00;1;0
3441;0.00;50;0.00;1;0
3442;0.00;50;0.00;1;0
3443;0.00;50;0.00;1;0
3444;0.00;50;0.00;1;0
3445;0.00;50;0.00;1;0
3446;0.00;50;0.00;1;0
3447;0.00;50;0.00;1;0
3448;0.00;50;0.00;1;0
3449;0.00;50;0.00;1;0
3450;0.00;50;0.00;1;0
3451;0.00;50;0.00;1;0
3452;0.00;50;0.00;1;0
3453;0.00;50;0.00;1;0
3454;0.00;50;0.00;1;0
3455;0.00;50;0.00;1;0
3456;0.00;50;0.00;1;0
3457;0.00;50;0.00;1;0
3458;0.00;50;0.00;1;0
3459;0.00;50;0.00;1;0
3460;0.00;50;0.00;1;0
3461;0.00;50;0.00;1;0
3462;0.00;50;0.00;1;0
3463;0.00;50;0.00;1;0
3464;0.00;50;0.00;1;0
3465;0.00;50;0.00;1;0
3466;0.00;50;0.00;1;0
3467;0.00;50;0.00;1;0
3468;0.00;50;0.00;1;0
3469;0.00;50;0.00;1;0
3470;0.00;50;0.00;1;0
3471;0.00;50;0.00;1;0
3472;0.00;50;0.00;1;0
3473;0.00;50;0.00;1;0
3474;0.00;50;0.00;1;0
3475;0.00;50;0.00;1;0
3476;0.00;50;0.00;1;0
3477;0.00;50;0.00;1;0
3478;0.00;50;0.00;1;0
3479;0.00;50;0.00;1;0
3480;0.00;50;0.00;1;0
3481;0.00;50;0.00;1;0
3482;0.00;50;0.00;1;0
3483;0.00;50;0.00;1;0
3484;0.00;50;0.00;1;0
3485;0.00;50;0.00;1;0
3486;0.00;50;0.00;1;0
3487;0.00;50;0.00;1;0
3488;0.00;50;0.00;1;0
3489;0.00;50;0.00;1;0
3490;0.00;50;0.00;1;0
3491;0.00;50;0.00;1;0
3492;0.00;50;0.00;1;0
3493;0.00;50;0.00;1;0
3494;0.00;50;0.00;1;0
3495;0.00;50;0.00;1;0
3496;0.00;50;0.00;1;0
3497;0.00;50;0.00;1;0
3498;0.00;50;0.00;1;0
3499;0.00;50;0.00;1;0
3500;0.00;50;0.00;1;0
3501;0.00;50;0.00;1;0
3502;0.00;50;0.00;1;0
3503;0.00;50;0.00;1;0
3504;0.00;50;0.00;1;0
3505;0.00;50;0.00;1;0
3506;0.00;50;0.00;1;0
3507;0.00;50;0.00;1;0
3508;0.00;50;0.00;1;0
3509;0.00;50;0.00;1;0
3510;0.00;50;0.00;1;0
3511;0.00;50;0.00;1;0
3512;0.00;50;0.00;1;0
3513;0.00;50;0.00;1;0
3514;0.00;50;0.00;1;0
3515;0.00;50;0.00;1;0
3516;0.00;50;0.00;1;0
3517;0.00;50;0.00;1;0
3518;0.00;50;0.00;1;0
3519;0.00;50;0.00;1;0
3520;0.00;50;0.00;1;0
3521;0.00;50;0.00;1;0
3522;0.00;50;0.00;1;0
3523;0.00;50;0.00;1;0
3524;0.00;50;0.00;1;0
3525;0.00;50;0.00;1;0
3526;0.00;50;0.00;1;0
3527;0.00;50;0.00;1;0
3528;0.00;50;0.00;1;0
3529;0.00;50;0.00;1;0
3530;0.00;50;0.00;1;0
3531;0.00;50;0.00;1;0
3532;0.00;50;0.00;1;0
3533;0.00;50;0.00;1;0
3534;0.00;50;0.00;1;0
3535;0.00;50;0.00;1;0
3536;0.00;50;0.00;1;0
3537;0.00;50;0.00;1;0
3538;0.00;50;0.00;1;0
3539;0.00;50;0.00;1;0
3540;0.00;50;0.00;1;0
3541;0.00;50;0.00;1;0
3542;0.00;50;0.00;1;0
3543;0.00;50;0.00;1;0
3544;0.00;50;0.00;1;0
3545;0.00;50;0.00;1;0
3546;0.00;50;0.00;1;0
3547;0.00;50;0.00;1;0
3548;0.00;50;0.00;1;0
3549;0.00;50;0.00;1;0
3550;0.00;50;0.00;1;0
3551;0.00;50;0.00;1;0
3552;0.00;50;0.00;1;0
3553;0.00;50;0.00;1;0
3554;0.00;50;0.00;1;0
3555;0.00;50;0.00;1;0
3556;0.00;50;0.00;1;0
3557;0.00;50;0.00;1;0
3558;0.00;50;0.00;1;0
3559;0.00;50;0.00;1;0
3560;0.00;50;0.00;1;0
3561;0.00;50;0.00;1;0
3562;0.00;50;0.00;1;0
3563;0.00;50;0.00;1;0
3564;0.00;50;0.00;1;0
3565;0.00;50;0.00;1;0
3566;0.00;50;0.00;1;0
3567;0.00;50;0.00;1;0
3568;0.00;50;0.00;1;0
3569;0.00;50;0.00;1;0
3570;0.00;50;0.00;1;0
3571;0.00;50;0.00;1;0
3572;0.00;50;0.00;1;0
3573;0.00;50;0.00;1;0
3574;0.00;50;0.00;1;0
3575;0.00;50;0.00;1;0
3576;0.00;50;0.00;1;0
3577;0.00;50;0.00;1;0
3578;0.00;50;0.00;1;0
3579;0.00;50;0.00;1;0
3580;0.00;50;0.00;1;0
3581;0.00;50;0.00;1;0
3582;0.00;50;0.00;1;0
3583;0.00;50;0.00;1;0
3584;0.00;50;0.00;1;0
3585;0.00;50;0.00;1;0
3586;0.00;50;0.00;1;0
3587;0.00;50;0.00;1;0
3588;0.00;50;0.00;1;0
3589;0.00;50;0.00;1;0
3590;0.00;50;0.00;1;0
3591;0.00;50;0.00;1;0
3592;0.00;50;0.00;1;0
3593;0.00;50;0.00;1;0
3594;0.00;50;0.00;1;0
3595;0.00;50;0.00;1;0
3596;0.00;50;0.00;1;0
3597;0.00;50;0.00;1;0
3598;0.00;50;0.00;1;0
3599;0.00;50;0.00;1;0
3600;0.00;50;0.00;1;0
3601;0.00;50;0.00;1;0
3602;0.00;50;0.00;1;0
3603;0.00;50;0.00;1;0
3604;0.00;50;0.00;1;0
3605;0.00;50;0.00;1;0
3606;0.00;50;0.00;1;0
3607;0.00;50;0.00;1;0
3608;0.00;50;0.00;1;0
3609;0.00;50;0.00;1;0
3610;0.00;50;0.00;1;0
3611;0.00;50;0.00;1;0
3612;0.00;50;0.00;1;0
3613;0.00;50;0.00;1;0
3614;0.00;50;0.00;1;0
3615;0.00;50;0.00;1;0
3616;0.00;50;0.00;1;0
3617;0.00;50;0.00;1;0
3618;0.00;50;0.00;1;0
3619;0.00;50;0.00;1;0
3620;0.00;50;0.00;1;0
3621;0.00;50;0.00;1;0
3622;0.00;50;0.00;1;0
3623;0.00;50;0.00;1;0
3624;0.00;50;0.00;1;0
3625;0.00;50;0.00;1;0
3626;0.00;50;0.00;1;0
3627;0.00;50;0.00;1;0
3628;0.00;50;0.00;1;0
3629;0.00;50;0.00;1;0
3630;0.00;50;0.00;1;0
3631;0.00;50;0.00;1;0
3632;0.00;50;0.00;1;0
3633;0.00;50;0.00;1;0
3634;0.00;50;0.00;1;0
3635;0.00;50;0.00;1;0
3636;0.00;50;0.00;1;0
3637;0.00;50;0.00;1;0
3638;0.00;50;0.00;1;0
3639;0.00;50;0.00;1;0
3640;0.00;50;0.00;1;0
3641;0.00;50;0.00;1;0
3642;0.00;50;0.00;1;0
3643;0.00;50;0.00;1;0
3644;0.00;50;0.00;1;0
3645;0.00;50;0.00;1;0
3646;0.00;50;0.00;1;0
3647;0.00;50;0.00;1;0
3648;0.00;50;0.00;1;0
3649;0.00;50;0.00;1;0
3650;0.00;50;0.00;1;0
3651;0.00;50;0.00;1;0
3652;0.00;50;0.00;1;0
3653;0.00;50;0.00;1;0
3654;0.00;50;0.00;1;0
3655;0.00;50;0.00;1;0
3656;0.00;50;0.00;1;0
3657;0.00;50;0.00;1;0
3658;0.00;50;0.00;1;0
3659;0.00;50;0.00;1;0
3660;0.00;50;0.00;1;0
3661;0.00;50;0.00;1;0
3662;0.00;50;0.00;1;0
3663;0.00;50;0.00;1;0
3664;0.00;50;0.00;1;0
3665;0.00;50;0.00;1;0
3666;0.00;50;0.00;1;0
3667;0.00;50;0.00;1;0
3668;0.00;50;0.00;1;0
3669;0.00;50;0.00;1;0
3670;0.00;50;0.00;1;0
3671;0.00;50;0.00;1;0
3672;0.00;50;0.00;1;0
3673;0.00;50;0.00;1;0
3674;0.00;50;0.00;1;0
3675;0.00;50;0.00;1;0
3676;0.00;50;0.00;1;0
3677;0.00;50;0.00;1;0
3678;0.00;50;0.00;1;0
3679;0.00;50;0.00;1;0
3680;0.00;50;0.00;1;0
3681;0.00;50;0.00;1;0
3682;0.00;50;0.00;1;0
3683;0.00;50;0.00;1;0
3684;0.00;50;0.00;1;0
3685;0.00;50;0.00;1;0
3686;0.00;50;0.00;1;0
3687;0.00;50;0.00;1;0
3688;0.00;50;0.00;1;0
3689;0.00;50;0.00;1;0
3690;0.00;50;0.00;1;0
3691;0.00;50;0.00;1;0
3692;0.00;50;0.00;1;0
3693;0.00;50;0.00;1;0
3694;0.00;50;0.00;1;0
3695;0.00;50;0.00;1;0
3696;0.00;50;0.00;1;0
3697;0.00;50;0.00;1;0
3698;0.00;50;0.00;1;0
3699;0.00;50;0.00;1;0
3700;0.00;50;0.00;1;0
3701;0.00;50;0.00;1;0
3702;0.00;50;0.00;1;0
3703;0.00;50;0.00;1;0
3704;0.00;50;0.00;1;0
3705;0.00;50;0.00;1;0
3706;0.00;50;0.00;1;0
3707;0.00;50;0.00;1;0
3708;0.00;50;0.00;1;0
3709;0.00;50;0.00;1;0
3710;0.00;50;0.00;1;0
3711;0.00;50;0.00;1;0
3712;0.00;50;0.00;1;0
3713;0.00;50;0.00;1;0
3714;0.00;50;0.00;1;0
3715;0.00;50;0.00;1;0
3716;0.00;50;0.00;1;0
3717;0.00;50;0.00;1;0
3718;0.00;50;0.00;1;0
3719;0.00;50;0.00;1;0
3720;0.00;50;0.00;1;0
3721;0.00;50;0.00;1;0
3722;0.00;50;0.00;1;0
3723;0.00;50;0.00;1;0
3724;0.00;50;0.00;1;0
3725;0.00;50;0.00;1;0
3726;0.00;50;0.00;1;0
3727;0.00;50;0.00;1;0
3728;0.00;50;0.00;1;0
3729;0.00;50;0.00;1;0
3730;0.00;50;0.00;1;0
3731;0.00;50;0.00;1;0
3732;0.00;50;0.00;1;0
3733;0.00;50;0.00;1;0
3734;0.00;50;0.00;1;0
3735;0.00;50;0.00;1;0
3736;0.00;50;0.00;1;0
3737;0.00;50;0.00;1;0
3738;0.00;50;0.00;1;0
3739;0.00;50;0.00;1;0
3740;0.00;50;0.00;1;0
3741;0.00;50;0.00;1;0
3742;0.00;50;0.00;1;0
3743;0.00;50;0.00;1;0
3744;0.00;50;0.00;1;0
3745;0.00;50;0.00;1;0
3746;0.00;50;0.00;1;0
3747;0.00;50;0.00;1;0
3748;0.00;50;0.00;1;0
3749;0.00;50;0.00;1;0
3750;0.00;50;0.00;1;0
3751;0.00;50;0.00;1;0
3752;0.00;50;0.00;1;0
3753;0.00;50;0.00;1;0
3754;0.00;50;0.00;1;0
3755;0.00;50;0.00;1;0
3756;0.00;50;0.00;1;0
3757;0.00;50;0.00;1;0
3758;0.00;50;0.00;1;0
3759;0.00;50;0.00;1;0
3760;0.00;50;0.00;1;0
3761;0.00;50;0.00;1;0
3762;0.00;50;0.00;1;0
3763;0.00;50;0.00;1;0
3764;0.00;50;0.00;1;0
3765;0.00;50;0.00;1;0
3766;0.00;50;0.00;1;0
3767;0.00;50;0.00;1;0
3768;0.00;50;0.00;1;0
3769;0.00;50;0.00;1;0
3770;0.00;50;0.00;1;0
3771;0.00;50;0.00;1;0
3772;0.00;50;0.00;1;0
3773;0.00;50;0.00;1;0
3774;0.00;50;0.00;1;0
3775;0.00;50;0.00;1;0
3776;0.00;50;0.00;1;0
3777;0.00;50;0.00;1;0
3778;0.00;50;0.00;1;0
3779;0.00;50;0.00;1;0
3780;0.00;50;0.00;1;0
3781;0.00;50;0.00;1;0
3782;0.00;50;0.00;1;0
3783;0.00;50;0.00;1;0
3784;0.00;50;0.00;1;0
3785;0.00;50;0.00;1;0
3786;0.00;50;0.00;1;0
3787;0.00;50;0.00;1;0
3788;0.00;50;0.00;1;0
3789;0.00;50;0.00;1;0
3790;0.00;50;0.00;1;0
3791;0.00;50;0.00;1;0
3792;0.00;50;0.00;1;0
3793;0.00;50;0.00;1;0
3794;0.00;50;0.00;1;0
3795;0.00;50;0.00;1;0
3796;0.00;50;0.00;1;0
3797;0.00;50;0.00;1;0
3798;0.00;50;0.00;1;0
3799;0.00;50;0.00;1;0
3800;0.00;50;0.00;1;0
3801;0.00;50;0.00;1;0
3802;0.00;50;0.00;1;0
3803;0.00;50;0.00;1;0
3804;0.00;50;0.00;1;0
3805;0.00;50;0.00;1;0
3806;0.00;50;0.00;1;0
3807;0.00;50;0.00;1;0
3808;0.00;50;0.00;1;0
3809;0.00;50;0.00;1;0
3810;0.00;50;0.00;1;0
3811;0.00;50;0.00;1;0
3812;0.00;50;0.00;1;0
3813;0.00;50;0.00;1;0
3814;0.00;50;0.00;1;0
3815;0.00;50;0.00;1;0
3816;0.00;50;0.00;1;0
3817;0.00;50;0.00;1;0
3818;0.00;50;0.00;1;0
3819;0.00;50;0.00;1;0
3820;0.00;50;0.00;1;0
3821;0.00;50;0.00;1;0
3822;0.00;50;0.00;1;0
3823;0.00;50;0.00;1;0
3824;0.00;50;0.00;1;0
3825;0.00;50;0.00;1;0
3826;0.00;50;0.00;1;0
3827;0.00;50;0.00;1;0
3828;0.00;50;0.00;1;0
3829;0.00;50;0.00;1;0
3830;0.00;50;0.00;1;0
3831;0.00;50;0.00;1;0
3832;0.00;50;0.00;1;0
3833;0.00;50;0.00;1;0
3834;0.00;50;0.00;1;0
3835;0.00;50;0.00;1;0
3836;0.00;50;0.00;1;0
3837;0.00;50;0.00;1;0
3838;0.00;50;0.00;1;0
3839;0.00;50;0.00;1;0
3840;0.00;50;0.00;1;0
3841;0.00;50;0.00;1;0
3842;0.00;50;0.00;1;0
3843;0.00;50;0.00;1;0
3844;0.00;50;0.00;1;0
3845;0.00;50;0.00;1;0
3846;0.00;50;0.00;1;0
3847;0.00;50;0.00;1;0
3848;0.00;50;0.00;1;0
3849;0.00;50;0.00;1;0
3850;0.00;50;0.00;1;0
3851;0.00;50;0.00;1;0
3852;0.00;50;0.00;1;0
3853;0.00;50;0.00;1;0
3854;0.00;50;0.00;1;0
3855;0.00;50;0.00;1;0
3856;0.00;50;0.00;1;0
3857;0.00;50;0.00;1;0
3858;0.00;50;0.00;1;0
3859;0.00;50;0.00;1;0
3860;0.00;50;0.00;1;0
3861;0.00;50;0.00;1;0
3862;0.00;50;0.00;1;0
3863;0.00;50;0.00;1;0
3864;0.00;50;0.00;1;0
3865;0.00;50;0.00;1;0
3866;0.00;50;0.00;1;0
3867;0.00;50;0.00;1;0
3868;0.00;50;0.00;1;0
3869;0.00;50;0.00;1;0
3870;0.00;50;0.00;1;0
3871;0.00;50;0.00;1;0
3872;0.00;50;0.00;1;0
3873;0.00;50;0.00;1;0
3874;0.00;50;0.00;1;0
3875;0.00;50;0.00;1;0
3876;0.00;50;0.00;1;0
3877;0.00;50;0.00;1;0
3878;0.00;50;0.00;1;0
3879;0.00;50;0.00;1;0
3880;0.00;50;0.00;1;0
3881;0.00;50;0.00;1;0
3882;0.00;50;0.00;1;0
3883;0.00;50;0.00;1;0
3884;0.00;50;0.00;1;0
3885;0.00;50;0.00;1;0
3886;0.00;50;0.00;1;0
3887;0.00;50;0.00;1;0
3888;0.00;50;0.00;1;0
3889;0.00;50;0.00;1;0
3890;0.00;50;0.00;1;0
3891;0.00;50;0.00;1;0
3892;0.00;50;0.00;1;0
3893;0.00;50;0.00;1;0
3894;0.00;50;0.00;1;0
3895;0.00;50;0.00;1;0
3896;0.00;50;0.00;1;0
3897;0.00;50;0.00;1;0
3898;0.00;50;0.00;1;0
3899;0.00;50;0.00;1;0
3900;0.00;50;0.00;1;0
3901;0.00;50;0.00;1;0
3902;0.00;50;0.00;1;0
3903;0.00;50;0.00;1;0
3904;0.00;50;0.00;1;0
3905;0.00;50;0.00;1;0
3906;0.00;50;0.00;1;0
3907;0.00;50;0.00;1;0
3908;0.00;50;0.00;1;0
3909;0.00;50;0.00;1;0
3910;0.00;50;0.00;1;0
3911;0.00;50;0.00;1;0
3912;0.00;50;0.00;1;0
3913;0.00;50;0.00;1;0
3914;0.00;50;0.00;1;0
3915;0.00;50;0.00;1;0
3916;0.00;50;0.00;1;0
3917;0.00;50;0.00;1;0
3918;0.00;50;0.00;1;0
3919;0.00;50;0.00;1;0
3920;0.00;50;0.00;1;0
3921;0.00;50;0.00;1;0
3922;0.00;50;0.00;1;0
3923;0.00;50;0.00;1;0
3924;0.00;50;0.00;1;0
3925;0.00;50;0.00;1;0
3926;0.00;50;0.00;1;0
3927;0.00;50;0.00;1;0
3928;0.00;50;0.00;1;0
3929;0.00;50;0.00;1;0
3930;0.00;50;0.00;1;0
3931;0.00;50;0.00;1;0
3932;0.00;50;0.00;1;0
3933;0.00;50;0.00;1;0
3934;0.00;50;0.00;1;0
3935;0.00;50;0.00;1;0
3936;0.00;50;0.00;1;0
3937;0.00;50;0.00;1;0
3938;0.00;50;0.00;1;0
3939;0.00;50;0.00;1;0
3940;0.00;50;0.00;1;0
3941;0.00;50;0.00;1;0
3942;0.00;50;0.00;1;0
3943;0.00;50;0.00;1;0
3944;0.00;50;0.00;1;0
3945;0.00;50;0.00;1;0
3946;0.00;50;0.00;1;0
3947;0.00;50;0.00;1;0
3948;0.00;50;0.00;1;0
3949;0.00;50;0.00;1;0
3950;0.00;50;0.00;1;0
3951;0.00;50;0.00;1;0
3952;0.00;50;0.00;1;0
3953;0.00;50;0.00;1;0
3954;0.00;50;0.00;1;0
3955;0.00;50;0.00;1;0
3956;0.00;50;0.00;1;0
3957;0.00;50;0.00;1;0
3958;0.00;50;0.00;1;0
3959;0.00;50;0.00;1;0
3960;0.00;50;0.00;1;0
3961;0.00;50;0.00;1;0
3962;0.00;50;0.00;1;0
3963;0.00;50;0.00;1;0
3964;0.00;50;0.00;1;0
3965;0.00;50;0.00;1;0
3966;0.00;50;0.00;1;0
3967;0.00;50;0.00;1;0
3968;0.00;50;0.00;1;0
3969;0.00;50;0.00;1;0
3970;0.00;50;0.00;1;0
3971;0.00;50;0.00;1;0
3972;0.00;50;0.00;1;0
3973;0.00;50;0.00;1;0
3974;0.00;50;0.00;1;0
3975;0.00;50;0.00;1;0
3976;0.00;50;0.00;1;0
3977;0.00;50;0.00;1;0
3978;0.00;50;0.00;1;0
3979;0.00;50;0.00;1;0
3980;0.00;50;0.00;1;0
3981;0.00;50;0.00;1;0
3982;0.00;50;0.00;1;0
3983;0.00;50;0.00;1;0
3984;0.00;50;0.00;1;0
3985;0.00;50;0.00;1;0
3986;0.00;50;0.00;1;0
3987;0.00;50;0.00;1;0
3988;0.00;50;0.00;1;0
3989;0.00;50;0.00;1;0
3990;0.00;50;0.00;1;0
3991;0.00;50;0.00;1;0
3992;0.00;50;0.00;1;0
3993;0.00;50;0.00;1;0
3994;0.00;50;0.00;1;0
3995;0.00;50;0.00;1;0
3996;0.00;50;0.00;1;0
3997;0.00;50;0.00;1;0
3998;0.00;50;0.00;1;0
3999;0.00;50;0.00;1;0
4000;0.00;50;0.00;1;0
4001;0.00;50;0.00;1;0
4002;0.00;50;0.00;1;0
4003;0.00;50;0.00;1;0
4004;0.00;50;0.00;1;0
4005;0.00;50;0.00;1;0
4006;0.00;50;0.00;1;0
4007;0.00;50;0.00;1;0
4008;0.00;50;0.00;1;0
4009;0.00;50;0.00;1;0
4010;0.00;50;0.00;1;0
4011;0.00;50;0.00;1;0
4012;0.00;50;0.00;1;0
4013;0.00;50;0.00;1;0
4014;0.00;50;0.00;1;0
4015;0.00;50;0.00;1;0
4016;0.00;50;0.00;1;0
4017;0.00;50;0.00;1;0
4018;0.00;50;0.00;1;0
4019;0.00;50;0.00;1;0
4020;0.00;50;0.00;1;0
4021;0.00;50;0.00;1;0
4022;0.00;50;0.00;1;0
4023;0.00;50;0.00;1;0
4024;0.00;50;0.00;1;0
4025;0.00;50;0.00;1;0
4026;0.00;50;0.00;1;0
4027;0.00;50;0.00;1;0
4028;0.00;50;0.00;1;0
4029;0.00;50;0.00;1;0
4030;0.00;50;0.00;1;0
4031;0.00;50;0.00;1;0
4032;0.00;50;0.00;1;0
4033;0.00;50;0.00;1;0
4034;0.00;50;0.00;1;0
4035;0.00;50;0.00;1;0
4036;0.00;50;0.00;1;0
4037;0.00;50;0.00;1;0
4038;0.00;50;0.00;1;0
4039;0.00;50;0.00;1;0
4040;0.00;50;0.00;1;0
4041;0.00;50;0.00;1;0
4042;0.00;50;0.00;1;0
4043;0.00;50;0.00;1;0
4044;0.00;50;0.00;1;0
4045;0.00;50;0.00;1;0
4046;0.00;50;0.00;1;0
4047;0.00;50;0.00;1;0
4048;0.00;50;0.00;1;0
4049;0.00;50;0.00;1;0
4050;0.00;50;0.00;1;0
4051;0.00;50;0.00;1;0
4052;0.00;50;0.00;1;0
4053;0.00;50;0.00;1;0
4054;0.00;50;0.00;1;0
4055;0.00;50;0.00;1;0
4056;0.00;50;0.00;1;0
4057;0.00;50;0.00;1;0
4058;0.00;50;0.00;1;0
4059;0.00;50;0.00;1;0
4060;0.00;50;0.00;1;0
4061;0.00;50;0.00;1;0
4062;0.00;50;0.00;1;0
4063;0.00;50;0.00;1;0
4064;0.00;50;0.00;1;0
4065;0.00;50;0.00;1;0
4066;0.00;50;0.00;1;0
4067;0.00;50;0.00;1;0
4068;0.00;50;0.00;1;0
4069;0.00;50;0.00;1;0
4070;0.00;50;0.00;1;0
4071;0.00;50;0.00;1;0
4072;0.00;50;0.00;1;0
4073;0.00;50;0.00;1;0
4074;0.00;50;0.00;1;0
4075;0.00;50;0.00;1;0
4076;0.00;50;0.00;1;0
4077;0.00;50;0.00;1;0
4078;0.00;50;0.00;1;0
4079;0.00;50;0.00;1;0
4080;0.00;50;0.00;1;0
4081;0.00;50;0.00;1;0
4082;0.00;50;0.00;1;0
4083;0.00;50;0.00;1;0
4084;0.00;50;0.00;1;0
4085;9.78;50;0.00;1;0
4086;0.00;50;0.00;1;0
4087;0.00;50;0.00;1;0
4088;0.00;50;0.00;1;0
4089;0.00;50;0.00;1;0
4090;0.00;50;0.00;1;0
4091;0.00;50;0.00;1;0
4092;0.00;50;0.00;1;0
4093;58.65;50;0.00;1;0
4094;0.00;50;0.01;1;0
4095;19.55;50;0.00;1;0
4096;0.00;50;0.00;1;0
4097;68.43;50;0.00;1;0
4098;0.00;50;0.01;1;0
4099;78.20;50;0.00;1;0
4100;0.00;50;0.01;1;0
4101;127.08;50;0.00;1;0
4102;0.00;50;0.01;1;0
4103;87.98;50;0.00;1;0
4104;0.00;50;0.01;1;0
4105;19.55;50;0.00;1;0
4106;0.00;50;0.00;1;0
4107;136.85;50;0.00;1;0
4108;0.00;50;0.01;1;0
4109;127.08;50;0.00;1;0
4110;0.00;50;0.01;1;0
4111;127.08;50;0.00;1;0
4112;0.00;50;0.01;1;0
4113;117.30;50;0.00;1;0
4114;0.00;50;0.01;1;0
4115;185.73;50;0.00;1;0
4116;0.00;50;0.02;1;0
4117;146.63;50;0.00;1;0
4118;0.00;50;0.01;1;0
4119;195.50;50;0.00;1;0
4120;0.00;50;0.02;1;0
4121;215.05;50;0.00;1;0
4122;0.00;50;0.02;1;0
4123;234.60;50;0.00;1;0
4124;0.00;50;0.02;1;0
4125;224.83;50;0.00;1;0
4126;0.00;50;0.02;1;0
4127;224.83;50;0.00;1;0
4128;0.00;50;0.02;1;0
4129;254.15;50;0.00;1;0
4130;0.00;50;0.03;1;0
4131;263.93;50;0.00;1;0
4132;0.00;50;0.03;1;0
4133;283.48;50;0.00;1;0
4134;0.00;50;0.03;1;0
4135;273.70;50;0.00;1;0
4136;0.00;50;0.03;1;0
4137;273.70;50;0.00;1;0
4138;0.00;50;0.03;1;0
4139;312.81;50;0.00;1;0
4140;0.00;50;0.03;1;0
4141;303.03;50;0.00;1;0
4142;0.00;50;0.03;1;0
4143;283.48;50;0.00;1;0
4144;0.00;50;0.03;1;0
4145;303.03;50;0.00;1;0
4146;0.00;50;0.03;1;0
4147;322.58;50;0.00;1;0
4148;0.00;50;0.03;1;0
4149;361.68;50;0.00;1;0
4150;0.00;50;0.04;1;0
4151;322.58;50;0.00;1;0
4152;0.00;50;0.03;1;0
4153;342.13;50;0.00;1;0
4154;0.00;50;0.03;1;0
4155;351.91;50;0.00;1;0
4156;0.00;50;0.04;1;0
4157;381.23;50;0.00;1;0
4158;0.00;50;0.04;1;0
4159;391.01;50;0.00;1;0
4160;0.00;50;0.04;1;0
4161;361.68;50;0.00;1;0
4162;0.00;50;0.04;1;0
4163;312.81;50;0.00;1;0
4164;9.78;50;0.03;1;0
4165;254.15;50;0.00;1;0
4166;87.98;50;0.03;1;0
4167;273.70;50;0.01;1;0
4168;127.08;50;0.03;1;0
4169;127.08;50;0.01;1;0
4170;195.50;50;0.01;1;0
4171;185.73;50;0.02;1;0
4172;205.28;50;0.02;1;0
4173;166.18;50;0.02;1;0
4174;244.38;50;0.02;1;0
4175;156.40;50;0.02;1;0
4176;283.48;50;0.02;1;0
4177;146.63;50;0.03;1;0
4178;244.38;50;0.01;1;0
4179;185.73;50;0.02;1;0
4180;283.48;50;0.02;1;0
4181;156.40;50;0.03;1;0
4182;263.93;50;0.02;1;0
4183;136.85;50;0.03;1;0
4184;293.26;50;0.01;1;0
4185;136.85;50;0.03;1;0
4186;263.93;50;0.01;1;0
4187;185.73;50;0.03;1;0
4188;303.03;50;0.02;1;0
4189;156.40;50;0.03;1;0
4190;215.05;50;0.02;1;0
4191;234.60;50;0.02;1;0
4192;263.93;50;0.02;1;0
4193;244.38;50;0.03;1;0
4194;244.38;50;0.02;1;0
4195;195.50;50;0.02;1;0
4196;215.05;50;0.02;1;0
4197;87.98;50;0.02;1;0
4198;361.68;50;0.01;1;0
4199;68.43;50;0.04;1;0
4200;322.58;50;0.01;1;0
4201;48.88;50;0.03;1;0
4202;351.91;50;0.00;1;0
4203;87.98;50;0.04;1;0
4204;391.01;50;0.01;1;0
4205;58.65;50;0.04;1;0
4206;391.01;50;0.01;1;0
4207;78.20;50;0.04;1;0
4208;322.58;50;0.01;1;0
4209;78.20;50;0.03;1;0
4210;381.23;50;0.01;1;0
4211;68.43;50;0.04;1;0
4212;361.68;50;0.01;1;0
4213;48.88;50;0.04;1;0
4214;391.01;50;0.00;1;0
4215;48.88;50;0.04;1;0
4216;332.36;50;0.00;1;0
4217;0.00;50;0.03;1;0
4218;439.88;50;0.00;1;0
4219;29.33;50;0.04;1;0
4220;410.56;50;0.00;1;0
4221;0.00;50;0.04;1;0
4222;469.21;50;0.00;1;0
4223;0.00;50;0.05;1;0
4224;420.33;50;0.00;1;0
4225;0.00;50;0.04;1;0
4226;498.53;50;0.00;1;0
4227;0.00;50;0.05;1;0
4228;498.53;50;0.00;1;0
4229;87.98;50;0.05;1;0
4230;400.78;50;0.01;1;0
4231;97.75;50;0.04;1;0
4232;469.21;50;0.01;1;0
4233;58.65;50;0.05;1;0
4234;449.66;50;0.01;1;0
4235;58.65;50;0.04;1;0
4236;527.86;50;0.01;1;0
4237;58.65;50;0.05;1;0
4238;508.31;50;0.01;1;0
4239;0.00;50;0.05;1;0
4240;557.18;50;0.00;1;0
4241;9.78;50;0.06;1;0
4242;508.31;50;0.00;1;0
4243;39.10;50;0.05;1;0
4244;469.21;50;0.00;1;0
4245;9.78;50;0.05;1;0
4246;547.41;50;0.00;1;0
4247;39.10;50;0.05;1;0
4248;488.76;50;0.00;1;0
4249;58.65;50;0.05;1;0
4250;615.84;50;0.01;1;0
4251;87.98;50;0.06;1;0
4252;596.29;50;0.01;1;0
4253;58.65;50;0.06;1;0
4254;557.18;50;0.01;1;0
4255;78.20;50;0.06;1;0
4256;615.84;50;0.01;1;0
4257;97.75;50;0.06;1;0
4258;664.71;50;0.01;1;0
4259;117.30;50;0.07;1;0
4260;703.81;50;0.01;1;0
4261;97.75;50;0.07;1;0
4262;684.26;50;0.01;1;0
4263;78.20;50;0.07;1;0
4264;645.16;50;0.01;1;0
4265;127.08;50;0.06;1;0
4266;713.59;50;0.01;1;0
4267;117.30;50;0.07;1;0
4268;723.36;50;0.01;1;0
4269;156.40;50;0.07;1;0
4270;742.91;50;0.02;1;0
4271;146.63;50;0.07;1;0
4272;752.69;50;0.01;1;0
4273;175.95;50;0.08;1;0
4274;733.14;50;0.02;1;0
4275;156.40;50;0.07;1;0
4276;762.46;50;0.02;1;0
4277;205.28;50;0.08;1;0
4278;762.46;50;0.02;1;0
4279;224.83;50;0.08;1;0
4280;742.91;50;0.02;1;0
4281;293.26;50;0.07;1;0
4282;733.14;50;0.03;1;0
4283;303.03;50;0.07;1;0
4284;713.59;50;0.03;1;0
4285;342.13;50;0.07;1;0
4286;782.01;50;0.03;1;0
4287;439.88;50;0.08;1;0
4288;733.14;50;0.04;1;0
4289;312.81;50;0.07;1;0
4290;742.91;50;0.03;1;0
4291;400.78;50;0.07;1;0
4292;723.36;50;0.04;1;0
4293;371.46;50;0.07;1;0
4294;576.74;50;0.04;1;0
4295;498.53;50;0.06;1;0
4296;547.41;50;0.05;1;0
4297;527.86;50;0.05;1;0
4298;557.18;50;0.05;1;0
4299;566.96;50;0.06;1;0
4300;586.51;50;0.06;1;0
4301;547.41;50;0.06;1;0
4302;586.51;50;0.05;1;0
4303;586.51;50;0.06;1;0
4304;576.74;50;0.06;1;0
4305;557.18;50;0.06;1;0
4306;566.96;50;0.06;1;0
4307;586.51;50;0.06;1;0
4308;527.86;50;0.06;1;0
4309;615.84;50;0.05;1;0
4310;527.86;50;0.06;1;0
4311;606.06;50;0.05;1;0
4312;527.86;50;0.06;1;0
4313;615.84;50;0.05;1;0
4314;518.08;50;0.06;1;0
4315;615.84;50;0.05;1;0
4316;488.76;50;0.06;1;0
4317;615.84;50;0.05;1;0
4318;488.76;50;0.06;1;0
4319;635.39;50;0.05;1;0
4320;459.43;50;0.06;1;0
4321;664.71;50;0.05;1;0
4322;469.21;50;0.07;1;0
4323;654.94;50;0.05;1;0
4324;469.21;50;0.07;1;0
4325;664.71;50;0.05;1;0
4326;469.21;50;0.07;1;0
4327;703.81;50;0.05;1;0
4328;469.21;50;0.07;1;0
4329;615.84;50;0.05;1;0
4330;410.56;50;0.06;1;0
4331;733.14;50;0.04;1;0
4332;332.36;50;0.07;1;0
4333;762.46;50;0.03;1;0
4334;400.78;50;0.08;1;0
4335;772.24;50;0.04;1;0
4336;322.58;50;0.08;1;0
4337;782.01;50;0.03;1;0
4338;312.81;50;0.08;1;0
4339;830.89;50;0.03;1;0
4340;303.03;50;0.08;1;0
4341;840.66;50;0.03;1;0
4342;293.26;50;0.08;1;0
4343;840.66;50;0.03;1;0
4344;273.70;50;0.08;1;0
4345;850.44;50;0.03;1;0
4346;224.83;50;0.09;1;0
4347;869.99;50;0.02;1;0
4348;244.38;50;0.09;1;0
4349;860.22;50;0.02;1;0
4350;254.15;50;0.09;1;0
4351;879.77;50;0.03;1;0
4352;263.93;50;0.09;1;0
4353;879.77;50;0.03;1;0
4354;263.93;50;0.09;1;0
4355;879.77;50;0.03;1;0
4356;263.93;50;0.09;1;0
4357;860.22;50;0.03;1;0
4358;293.26;50;0.09;1;0
4359;850.44;50;0.03;1;0
4360;234.60;50;0.09;1;0
4361;879.77;50;0.02;1;0
4362;273.70;50;0.09;1;0
4363;909.09;50;0.03;1;0
4364;254.15;50;0.09;1;0
4365;889.54;50;0.03;1;0
4366;273.70;50;0.09;1;0
4367;899.32;50;0.03;1;0
4368;322.58;50;0.09;1;0
4369;918.87;50;0.03;1;0
4370;303.03;50;0.09;1;0
4371;928.64;50;0.03;1;0
4372;322.58;50;0.09;1;0
4373;948.19;50;0.03;1;0
4374;312.81;50;0.09;1;0
4375;957.97;50;0.03;1;0
4376;332.36;50;0.10;1;0
4377;967.74;50;0.03;1;0
4378;332.36;50;0.10;1;0
4379;967.74;50;0.03;1;0
4380;361.68;50;0.10;1;0
4381;967.74;50;0.04;1;0
4382;361.68;50;0.10;1;0
4383;987.29;50;0.04;1;0
4384;391.01;50;0.10;1;0
4385;977.52;50;0.04;1;0
4386;400.78;50;0.10;1;0
4387;997.07;50;0.04;1;0
4388;469.21;50;0.10;1;0
4389;1006.84;50;0.05;1;0
4390;430.11;50;0.10;1;0
4391;1036.17;50;0.04;1;0
4392;430.11;50;0.10;1;0
4393;1026.39;50;0.04;1;0
4394;439.88;50;0.10;1;0
4395;1055.72;50;0.04;1;0
4396;488.76;50;0.11;1;0
4397;1094.82;50;0.05;1;0
4398;566.96;50;0.11;1;0
4399;1055.72;50;0.06;1;0
4400;547.41;50;0.11;1;0
4401;1094.82;50;0.05;1;0
4402;527.86;50;0.11;1;0
4403;1055.72;50;0.05;1;0
4404;537.63;50;0.11;1;0
4405;1085.04;50;0.05;1;0
4406;547.41;50;0.11;1;0
4407;1094.82;50;0.05;1;0
4408;566.96;50;0.11;1;0
4409;1133.92;50;0.06;1;0
4410;566.96;50;0.11;1;0
4411;1124.14;50;0.06;1;0
4412;586.51;50;0.11;1;0
4413;1124.14;50;0.06;1;0
4414;508.31;50;0.11;1;0
4415;1202.35;50;0.05;1;0
4416;576.74;50;0.12;1;0
4417;1173.02;50;0.06;1;0
4418;576.74;50;0.12;1;0
4419;1173.02;50;0.06;1;0
4420;586.51;50;0.12;1;0
4421;1143.70;50;0.06;1;0
4422;557.18;50;0.11;1;0
4423;1153.47;50;0.06;1;0
4424;547.41;50;0.12;1;0
4425;1163.25;50;0.05;1;0
4426;537.63;50;0.12;1;0
4427;1143.70;50;0.05;1;0
4428;547.41;50;0.11;1;0
4429;1173.02;50;0.05;1;0
4430;547.41;50;0.12;1;0
4431;1153.47;50;0.05;1;0
4432;566.96;50;0.12;1;0
4433;1173.02;50;0.06;1;0
4434;586.51;50;0.12;1;0
4435;1133.92;50;0.06;1;0
4436;566.96;50;0.11;1;0
4437;1143.70;50;0.06;1;0
4438;566.96;50;0.11;1;0
4439;1104.59;50;0.06;1;0
4440;576.74;50;0.11;1;0
4441;1124.14;50;0.06;1;0
4442;547.41;50;0.11;1;0
4443;1133.92;50;0.05;1;0
4444;576.74;50;0.11;1;0
4445;1114.37;50;0.06;1;0
4446;557.18;50;0.11;1;0
4447;1133.92;50;0.06;1;0
4448;596.29;50;0.11;1;0
4449;1104.59;50;0.06;1;0
4450;596.29;50;0.11;1;0
4451;1104.59;50;0.06;1;0
4452;576.74;50;0.11;1;0
4453;1075.27;50;0.06;1;0
4454;566.96;50;0.11;1;0
4455;1055.72;50;0.06;1;0
4456;566.96;50;0.11;1;0
4457;1075.27;50;0.06;1;0
4458;606.06;50;0.11;1;0
4459;948.19;50;0.06;1;0
4460;713.59;50;0.09;1;0
4461;1016.62;50;0.07;1;0
4462;713.59;50;0.10;1;0
4463;977.52;50;0.07;1;0
4464;723.36;50;0.10;1;0
4465;918.87;50;0.07;1;0
4466;733.14;50;0.09;1;0
4467;899.32;50;0.07;1;0
4468;752.69;50;0.09;1;0
4469;957.97;50;0.08;1;0
4470;703.81;50;0.10;1;0
4471;928.64;50;0.07;1;0
4472;782.01;50;0.09;1;0
4473;957.97;50;0.08;1;0
4474;830.89;50;0.10;1;0
4475;860.22;50;0.08;1;0
4476;791.79;50;0.09;1;0
4477;967.74;50;0.08;1;0
4478;791.79;50;0.10;1;0
4479;899.32;50;0.08;1;0
4480;869.99;50;0.09;1;0
4481;909.09;50;0.09;1;0
4482;899.32;50;0.09;1;0
4483;889.54;50;0.09;1;0
4484;909.09;50;0.09;1;0
4485;850.44;50;0.09;1;0
4486;850.44;50;0.09;1;0
4487;869.99;50;0.09;1;0
4488;938.42;50;0.09;1;0
4489;840.66;50;0.09;1;0
4490;1016.62;50;0.08;1;0
4491;791.79;50;0.10;1;0
4492;1026.39;50;0.08;1;0
4493;782.01;50;0.10;1;0
4494;1065.49;50;0.08;1;0
4495;791.79;50;0.11;1;0
4496;1094.82;50;0.08;1;0
4497;782.01;50;0.11;1;0
4498;1094.82;50;0.08;1;0
4499;840.66;50;0.11;1;0
4500;1075.27;50;0.08;1;0
4501;850.44;50;0.11;1;0
4502;1094.82;50;0.09;1;0
4503;801.56;50;0.11;1;0
4504;1094.82;50;0.08;1;0
4505;821.11;50;0.11;1;0
4506;1104.59;50;0.08;1;0
4507;869.99;50;0.11;1;0
4508;1212.12;50;0.09;1;0
4509;782.01;50;0.12;1;0
4510;1173.02;50;0.08;1;0
4511;899.32;50;0.12;1;0
4512;1221.90;50;0.09;1;0
4513;742.91;50;0.12;1;0
4514;1221.90;50;0.07;1;0
4515;821.11;50;0.12;1;0
4516;1280.55;50;0.08;1;0
4517;830.89;50;0.13;1;0
4518;1290.32;50;0.08;1;0
4519;762.46;50;0.13;1;0
4520;1339.20;50;0.08;1;0
4521;840.66;50;0.13;1;0
4522;1388.07;50;0.08;1;0
4523;811.34;50;0.14;1;0
4524;1309.87;50;0.08;1;0
4525;821.11;50;0.13;1;0
4526;1339.20;50;0.08;1;0
4527;811.34;50;0.13;1;0
4528;1339.20;50;0.08;1;0
4529;811.34;50;0.13;1;0
4530;1407.62;50;0.08;1;0
4531;821.11;50;0.14;1;0
4532;1358.75;50;0.08;1;0
4533;801.56;50;0.14;1;0
4534;1397.85;50;0.08;1;0
4535;821.11;50;0.14;1;0
4536;1417.40;50;0.08;1;0
4537;811.34;50;0.14;1;0
4538;1427.18;50;0.08;1;0
4539;762.46;50;0.14;1;0
4540;1407.62;50;0.08;1;0
4541;840.66;50;0.14;1;0
4542;1397.85;50;0.08;1;0
4543;772.24;50;0.14;1;0
4544;1397.85;50;0.08;1;0
4545;821.11;50;0.14;1;0
4546;1378.30;50;0.08;1;0
4547;821.11;50;0.14;1;0
4548;1436.95;50;0.08;1;0
4549;801.56;50;0.14;1;0
4550;1378.30;50;0.08;1;0
4551;791.79;50;0.14;1;0
4552;1378.30;50;0.08;1;0
4553;791.79;50;0.14;1;0
4554;1358.75;50;0.08;1;0
4555;782.01;50;0.14;1;0
4556;1378.30;50;0.08;1;0
4557;762.46;50;0.14;1;0
4558;1339.20;50;0.08;1;0
4559;782.01;50;0.13;1;0
4560;1358.75;50;0.08;1;0
4561;772.24;50;0.14;1;0
4562;1348.97;50;0.08;1;0
4563;742.91;50;0.13;1;0
4564;1358.75;50;0.07;1;0
4565;772.24;50;0.14;1;0
4566;1348.97;50;0.08;1;0
4567;733.14;50;0.13;1;0
4568;1348.97;50;0.07;1;0
4569;723.36;50;0.13;1;0
4570;1339.20;50;0.07;1;0
4571;742.91;50;0.13;1;0
4572;1329.42;50;0.07;1;0
4573;713.59;50;0.13;1;0
4574;1378.30;50;0.07;1;0
4575;752.69;50;0.14;1;0
4576;1368.52;50;0.08;1;0
4577;733.14;50;0.14;1;0
4578;1309.87;50;0.07;1;0
4579;703.81;50;0.13;1;0
4580;1319.65;50;0.07;1;0
4581;733.14;50;0.13;1;0
4582;1319.65;50;0.07;1;0
4583;762.46;50;0.13;1;0
4584;1339.20;50;0.08;1;0
4585;723.36;50;0.13;1;0
4586;1309.87;50;0.07;1;0
4587;752.69;50;0.13;1;0
4588;1339.20;50;0.08;1;0
4589;713.59;50;0.13;1;0
4590;1329.42;50;0.07;1;0
4591;723.36;50;0.13;1;0
4592;1358.75;50;0.07;1;0
4593;742.91;50;0.14;1;0
4594;1348.97;50;0.07;1;0
4595;733.14;50;0.13;1;0
4596;1348.97;50;0.07;1;0
4597;733.14;50;0.13;1;0
4598;1348.97;50;0.07;1;0
4599;752.69;50;0.13;1;0
4600;1378.30;50;0.08;1;0
4601;742.91;50;0.14;1;0
4602;1388.07;50;0.07;1;0
4603;772.24;50;0.14;1;0
4604;1358.75;50;0.08;1;0
4605;752.69;50;0.14;1;0
4606;1388.07;50;0.08;1;0
4607;801.56;50;0.14;1;0
4608;1388.07;50;0.08;1;0
4609;801.56;50;0.14;1;0
4610;1397.85;50;0.08;1;0
4611;801.56;50;0.14;1;0
4612;1417.40;50;0.08;1;0
4613;811.34;50;0.14;1;0
4614;1427.18;50;0.08;1;0
4615;811.34;50;0.14;1;0
4616;1417.40;50;0.08;1;0
4617;840.66;50;0.14;1;0
4618;1436.95;50;0.08;1;0
4619;860.22;50;0.14;1;0
4620;1436.95;50;0.09;1;0
4621;869.99;50;0.14;1;0
4622;1436.95;50;0.09;1;0
4623;879.77;50;0.14;1;0
4624;1446.73;50;0.09;1;0
4625;909.09;50;0.14;1;0
4626;1466.28;50;0.09;1;0
4627;889.54;50;0.15;1;0
4628;1485.83;50;0.09;1;0
4629;918.87;50;0.15;1;0
4630;1534.70;50;0.09;1;0
4631;928.64;50;0.15;1;0
4632;1524.93;50;0.09;1;0
4633;957.97;50;0.15;1;0
4634;1554.25;50;0.10;1;0
4635;967.74;50;0.16;1;0
4636;1544.48;50;0.10;1;0
4637;938.42;50;0.15;1;0
4638;1573.80;50;0.09;1;0
4639;1016.62;50;0.16;1;0
4640;1554.25;50;0.10;1;0
4641;987.29;50;0.16;1;0
4642;1573.80;50;0.10;1;0
4643;1016.62;50;0.16;1;0
4644;1593.35;50;0.10;1;0
4645;1026.39;50;0.16;1;0
4646;1612.90;50;0.10;1;0
4647;1016.62;50;0.16;1;0
4648;1632.45;50;0.10;1;0
4649;1055.72;50;0.16;1;0
4650;1622.68;50;0.11;1;0
4651;1026.39;50;0.16;1;0
4652;1632.45;50;0.10;1;0
4653;1026.39;50;0.16;1;0
4654;1622.68;50;0.10;1;0
4655;1026.39;50;0.16;1;0
4656;1642.23;50;0.10;1;0
4657;1026.39;50;0.16;1;0
4658;1632.45;50;0.10;1;0
4659;1036.17;50;0.16;1;0
4660;1632.45;50;0.10;1;0
4661;1045.94;50;0.16;1;0
4662;1622.68;50;0.10;1;0
4663;1016.62;50;0.16;1;0
4664;1642.23;50;0.10;1;0
4665;1016.62;50;0.16;1;0
4666;1612.90;50;0.10;1;0
4667;987.29;50;0.16;1;0
4668;1622.68;50;0.10;1;0
4669;977.52;50;0.16;1;0
4670;1612.90;50;0.10;1;0
4671;967.74;50;0.16;1;0
4672;1583.58;50;0.10;1;0
4673;1016.62;50;0.16;1;0
4674;1612.90;50;0.10;1;0
4675;1006.84;50;0.16;1;0
4676;1603.13;50;0.10;1;0
4677;987.29;50;0.16;1;0
4678;1603.13;50;0.10;1;0
4679;997.07;50;0.16;1;0
4680;1603.13;50;0.10;1;0
4681;997.07;50;0.16;1;0
4682;1573.80;50;0.10;1;0
4683;967.74;50;0.16;1;0
4684;1564.03;50;0.10;1;0
4685;987.29;50;0.16;1;0
4686;1573.80;50;0.10;1;0
4687;997.07;50;0.16;1;0
4688;1544.48;50;0.10;1;0
4689;987.29;50;0.15;1;0
4690;1515.15;50;0.10;1;0
4691;987.29;50;0.15;1;0
4692;1544.48;50;0.10;1;0
4693;987.29;50;0.15;1;0
4694;1554.25;50;0.10;1;0
4695;948.19;50;0.16;1;0
4696;1554.25;50;0.09;1;0
4697;957.97;50;0.16;1;0
4698;1554.25;50;0.10;1;0
4699;928.64;50;0.16;1;0
4700;1544.48;50;0.09;1;0
4701;957.97;50;0.15;1;0
4702;1564.03;50;0.10;1;0
4703;928.64;50;0.16;1;0
4704;1564.03;50;0.09;1;0
4705;977.52;50;0.16;1;0
4706;1524.93;50;0.10;1;0
4707;928.64;50;0.15;1;0
4708;1515.15;50;0.09;1;0
4709;967.74;50;0.15;1;0
4710;1505.38;50;0.10;1;0
4711;957.97;50;0.15;1;0
4712;1554.25;50;0.10;1;0
4713;938.42;50;0.16;1;0
4714;1554.25;50;0.09;1;0
4715;948.19;50;0.16;1;0
4716;1554.25;50;0.09;1;0
4717;957.97;50;0.16;1;0
4718;1573.80;50;0.10;1;0
4719;948.19;50;0.16;1;0
4720;1583.58;50;0.09;1;0
4721;948.19;50;0.16;1;0
4722;1564.03;50;0.09;1;0
4723;957.97;50;0.16;1;0
4724;1573.80;50;0.10;1;0
4725;948.19;50;0.16;1;0
4726;1603.13;50;0.09;1;0
4727;977.52;50;0.16;1;0
4728;1593.35;50;0.10;1;0
4729;967.74;50;0.16;1;0
4730;1573.80;50;0.10;1;0
4731;1045.94;50;0.16;1;0
4732;1583.58;50;0.10;1;0
4733;1045.94;50;0.16;1;0
4734;1652.00;50;0.10;1;0
4735;997.07;50;0.17;1;0
4736;1642.23;50;0.10;1;0
4737;1006.84;50;0.16;1;0
4738;1652.00;50;0.10;1;0
4739;1026.39;50;0.17;1;0
4740;1622.68;50;0.10;1;0
4741;1026.39;50;0.16;1;0
4742;1622.68;50;0.10;1;0
4743;1075.27;50;0.16;1;0
4744;1593.35;50;0.11;1;0
4745;1104.59;50;0.16;1;0
4746;1593.35;50;0.11;1;0
4747;1104.59;50;0.16;1;0
4748;1593.35;50;0.11;1;0
4749;1153.47;50;0.16;1;0
4750;1642.23;50;0.12;1;0
4751;1182.80;50;0.16;1;0
4752;1603.13;50;0.12;1;0
4753;1173.02;50;0.16;1;0
4754;1661.78;50;0.12;1;0
4755;1173.02;50;0.17;1;0
4756;1622.68;50;0.12;1;0
4757;1192.57;50;0.16;1;0
4758;1612.90;50;0.12;1;0
4759;1280.55;50;0.16;1;0
4760;1534.70;50;0.13;1;0
4761;1358.75;50;0.15;1;0
4762;1505.38;50;0.14;1;0
4763;1378.30;50;0.15;1;0
4764;1583.58;50;0.14;1;0
4765;1378.30;50;0.16;1;0
4766;1524.93;50;0.14;1;0
4767;1534.70;50;0.15;1;0
4768;1378.30;50;0.15;1;0
4769;1524.93;50;0.14;1;0
4770;1407.62;50;0.15;1;0
4771;1544.48;50;0.14;1;0
4772;1397.85;50;0.15;1;0
4773;1515.15;50;0.14;1;0
4774;1495.60;50;0.15;1;0
4775;1505.38;50;0.15;1;0
4776;1436.95;50;0.15;1;0
4777;1427.18;50;0.14;1;0
4778;1436.95;50;0.14;1;0
4779;1456.50;50;0.14;1;0
4780;1485.83;50;0.15;1;0
4781;1505.38;50;0.15;1;0
4782;1427.18;50;0.15;1;0
4783;1495.60;50;0.14;1;0
4784;1407.62;50;0.15;1;0
4785;1495.60;50;0.14;1;0
4786;1417.40;50;0.15;1;0
4787;1505.38;50;0.14;1;0
4788;1427.18;50;0.15;1;0
4789;1554.25;50;0.14;1;0
4790;1378.30;50;0.16;1;0
4791;1544.48;50;0.14;1;0
4792;1368.52;50;0.15;1;0
4793;1524.93;50;0.14;1;0
4794;1388.07;50;0.15;1;0
4795;1534.70;50;0.14;1;0
4796;1358.75;50;0.15;1;0
4797;1505.38;50;0.14;1;0
4798;1348.97;50;0.15;1;0
4799;1534.70;50;0.13;1;0
4800;1368.52;50;0.15;1;0
4801;1544.48;50;0.14;1;0
4802;1329.42;50;0.15;1;0
4803;1456.50;50;0.13;1;0
4804;1378.30;50;0.15;1;0
4805;1466.28;50;0.14;1;0
4806;1378.30;50;0.15;1;0
4807;1485.83;50;0.14;1;0
4808;1368.52;50;0.15;1;0
4809;1300.10;50;0.14;1;0
4810;1505.38;50;0.13;1;0
4811;1397.85;50;0.15;1;0
4812;1446.73;50;0.14;1;0
4813;1417.40;50;0.14;1;0
4814;1417.40;50;0.14;1;0
4815;1319.65;50;0.14;1;0
4816;1456.50;50;0.13;1;0
4817;1407.62;50;0.15;1;0
4818;1436.95;50;0.14;1;0
4819;1388.07;50;0.14;1;0
4820;1397.85;50;0.14;1;0
4821;1456.50;50;0.14;1;0
4822;1358.75;50;0.15;1;0
4823;1456.50;50;0.14;1;0
4824;1378.30;50;0.15;1;0
4825;1427.18;50;0.14;1;0
4826;1368.52;50;0.14;1;0
4827;1466.28;50;0.14;1;0
4828;1358.75;50;0.15;1;0
4829;1456.50;50;0.14;1;0
4830;1319.65;50;0.15;1;0
4831;1485.83;50;0.13;1;0
4832;1368.52;50;0.15;1;0
4833;1485.83;50;0.14;1;0
4834;1339.20;50;0.15;1;0
4835;1515.15;50;0.13;1;0
4836;1309.87;50;0.15;1;0
4837;1495.60;50;0.13;1;0
4838;1446.73;50;0.15;1;0
4839;1417.40;50;0.14;1;0
4840;1378.30;50;0.14;1;0
4841;1417.40;50;0.14;1;0
4842;1388.07;50;0.14;1;0
4843;1466.28;50;0.14;1;0
4844;1397.85;50;0.15;1;0
4845;1485.83;50;0.14;1;0
4846;1368.52;50;0.15;1;0
4847;1495.60;50;0.14;1;0
4848;1388.07;50;0.15;1;0
4849;1593.35;50;0.14;1;0
4850;1319.65;50;0.16;1;0
4851;1603.13;50;0.13;1;0
4852;1231.67;50;0.16;1;0
4853;1612.90;50;0.12;1;0
4854;1300.10;50;0.16;1;0
4855;1652.00;50;0.13;1;0
4856;1261.00;50;0.17;1;0
4857;1691.10;50;0.13;1;0
4858;1319.65;50;0.17;1;0
4859;1710.66;50;0.13;1;0
4860;1300.10;50;0.17;1;0
4861;1652.00;50;0.13;1;0
4862;1309.87;50;0.17;1;0
4863;1681.33;50;0.13;1;0
4864;1251.22;50;0.17;1;0
4865;1720.43;50;0.13;1;0
4866;1290.32;50;0.17;1;0
4867;1661.78;50;0.13;1;0
4868;1339.20;50;0.17;1;0
4869;1681.33;50;0.13;1;0
4870;1348.97;50;0.17;1;0
4871;1788.86;50;0.13;1;0
4872;1300.10;50;0.18;1;0
4873;1808.41;50;0.13;1;0
4874;1358.75;50;0.18;1;0
4875;1808.41;50;0.14;1;0
4876;1388.07;50;0.18;1;0
4877;1827.96;50;0.14;1;0
4878;1378.30;50;0.18;1;0
4879;1847.51;50;0.14;1;0
4880;1378.30;50;0.18;1;0
4881;1808.41;50;0.14;1;0
4882;1339.20;50;0.18;1;0
4883;1847.51;50;0.13;1;0
4884;1427.18;50;0.18;1;0
4885;1886.61;50;0.14;1;0
4886;1358.75;50;0.19;1;0
4887;1847.51;50;0.14;1;0
4888;1368.52;50;0.18;1;0
4889;1867.06;50;0.14;1;0
4890;1446.73;50;0.19;1;0
4891;1867.06;50;0.14;1;0
4892;1417.40;50;0.19;1;0
4893;1837.73;50;0.14;1;0
4894;1358.75;50;0.18;1;0
4895;1857.28;50;0.14;1;0
4896;1378.30;50;0.19;1;0
4897;1818.18;50;0.14;1;0
4898;1358.75;50;0.18;1;0
4899;1906.16;50;0.14;1;0
4900;1339.20;50;0.19;1;0
4901;1906.16;50;0.13;1;0
4902;1358.75;50;0.19;1;0
4903;1915.93;50;0.14;1;0
4904;1280.55;50;0.19;1;0
4905;1915.93;50;0.13;1;0
4906;1319.65;50;0.19;1;0
4907;1896.38;50;0.13;1;0
4908;1290.32;50;0.19;1;0
4909;1906.16;50;0.13;1;0
4910;1329.42;50;0.19;1;0
4911;1896.38;50;0.13;1;0
4912;1290.32;50;0.19;1;0
4913;1847.51;50;0.13;1;0
4914;1329.42;50;0.18;1;0
4915;1857.28;50;0.13;1;0
4916;1348.97;50;0.19;1;0
4917;1886.61;50;0.13;1;0
4918;1300.10;50;0.19;1;0
4919;1788.86;50;0.13;1;0
4920;1309.87;50;0.18;1;0
4921;1798.63;50;0.13;1;0
4922;1368.52;50;0.18;1;0
4923;1847.51;50;0.14;1;0
4924;1348.97;50;0.18;1;0
4925;1798.63;50;0.13;1;0
4926;1378.30;50;0.18;1;0
4927;1710.66;50;0.14;1;0
4928;1397.85;50;0.17;1;0
4929;1818.18;50;0.14;1;0
4930;1407.62;50;0.18;1;0
4931;1837.73;50;0.14;1;0
4932;1378.30;50;0.18;1;0
4933;1867.06;50;0.14;1;0
4934;1397.85;50;0.19;1;0
4935;1759.53;50;0.14;1;0
4936;1348.97;50;0.18;1;0
4937;1857.28;50;0.13;1;0
4938;1368.52;50;0.19;1;0
4939;1788.86;50;0.14;1;0
4940;1348.97;50;0.18;1;0
4941;1827.96;50;0.13;1;0
4942;1309.87;50;0.18;1;0
4943;1867.06;50;0.13;1;0
4944;1348.97;50;0.19;1;0
4945;1818.18;50;0.13;1;0
4946;1329.42;50;0.18;1;0
4947;1886.61;50;0.13;1;0
4948;1339.20;50;0.19;1;0
4949;1886.61;50;0.13;1;0
4950;1339.20;50;0.19;1;0
4951;1867.06;50;0.13;1;0
4952;1348.97;50;0.19;1;0
4953;1925.71;50;0.13;1;0
4954;1358.75;50;0.19;1;0
4955;1915.93;50;0.14;1;0
4956;1348.97;50;0.19;1;0
4957;1964.81;50;0.13;1;0
4958;1348.97;50;0.20;1;0
4959;1915.93;50;0.13;1;0
4960;1339.20;50;0.19;1;0
4961;1955.03;50;0.13;1;0
4962;1368.52;50;0.20;1;0
4963;1964.81;50;0.14;1;0
4964;1368.52;50;0.20;1;0
4965;1994.13;50;0.14;1;0
4966;1388.07;50;0.20;1;0
4967;2013.69;50;0.14;1;0
4968;1417.40;50;0.20;1;0
4969;2023.46;50;0.14;1;0
4970;1407.62;50;0.20;1;0
4971;2023.46;50;0.14;1;0
4972;1417.40;50;0.20;1;0
4973;2043.01;50;0.14;1;0
4974;1456.50;50;0.20;1;0
4975;2072.34;50;0.15;1;0
4976;1436.95;50;0.21;1;0
4977;2072.34;50;0.14;1;0
4978;1495.60;50;0.21;1;0
4979;2082.11;50;0.15;1;0
4980;1505.38;50;0.21;1;0
4981;2091.89;50;0.15;1;0
4982;1505.38;50;0.21;1;0
4983;2043.01;50;0.15;1;0
4984;1564.03;50;0.20;1;0
4985;2091.89;50;0.16;1;0
4986;1603.13;50;0.21;1;0
4987;2150.54;50;0.16;1;0
4988;1642.23;50;0.22;1;0
4989;2140.76;50;0.16;1;0
4990;1730.21;50;0.21;1;0
4991;2082.11;50;0.17;1;0
4992;1710.66;50;0.21;1;0
4993;2121.21;50;0.17;1;0
4994;1661.78;50;0.21;1;0
4995;2150.54;50;0.17;1;0
4996;1652.00;50;0.22;1;0
4997;2218.96;50;0.17;1;0
4998;1720.43;50;0.22;1;0
4999;2209.19;50;0.17;1;0
5000;1759.53;50;0.22;1;0
5001;2209.19;50;0.18;1;0
5002;1749.76;50;0.22;1;0
5003;2287.39;50;0.17;1;0
5004;1749.76;50;0.23;1;0
5005;2267.84;50;0.17;1;0
5006;1749.76;50;0.23;1;0
5007;2297.17;50;0.17;1;0
5008;1798.63;50;0.23;1;0
5009;2267.84;50;0.18;1;0
5010;1788.86;50;0.23;1;0
5011;2336.27;50;0.18;1;0
5012;1759.53;50;0.23;1;0
5013;2355.82;50;0.18;1;0
5014;1739.98;50;0.24;1;0
5015;2365.59;50;0.17;1;0
5016;1739.98;50;0.24;1;0
5017;2355.82;50;0.17;1;0
5018;1700.88;50;0.24;1;0
5019;2365.59;50;0.17;1;0
5020;1749.76;50;0.24;1;0
5021;2375.37;50;0.17;1;0
5022;1749.76;50;0.24;1;0
5023;2346.04;50;0.17;1;0
5024;1788.86;50;0.23;1;0
5025;2375.37;50;0.18;1;0
5026;1759.53;50;0.24;1;0
5027;2355.82;50;0.18;1;0
5028;1798.63;50;0.24;1;0
5029;2375.37;50;0.18;1;0
5030;1739.98;50;0.24;1;0
5031;2365.59;50;0.17;1;0
5032;1749.76;50;0.24;1;0
5033;2355.82;50;0.17;1;0
5034;1749.76;50;0.24;1;0
5035;2336.27;50;0.17;1;0
5036;1788.86;50;0.23;1;0
5037;2336.27;50;0.18;1;0
5038;1730.21;50;0.23;1;0
5039;2316.72;50;0.17;1;0
5040;1720.43;50;0.23;1;0
5041;2306.94;50;0.17;1;0
5042;1749.76;50;0.23;1;0
5043;2306.94;50;0.17;1;0
5044;1739.98;50;0.23;1;0
5045;2297.17;50;0.17;1;0
5046;1798.63;50;0.23;1;0
5047;2258.06;50;0.18;1;0
5048;1749.76;50;0.23;1;0
5049;2238.51;50;0.17;1;0
5050;1818.18;50;0.22;1;0
5051;2199.41;50;0.18;1;0
5052;1808.41;50;0.22;1;0
5053;2150.54;50;0.18;1;0
5054;1906.16;50;0.22;1;0
5055;2023.46;50;0.19;1;0
5056;1867.06;50;0.20;1;0
5057;1994.13;50;0.19;1;0
5058;1749.76;50;0.20;1;0
5059;2170.09;50;0.17;1;0
5060;1827.96;50;0.22;1;0
5061;2072.34;50;0.18;1;0
5062;1798.63;50;0.21;1;0
5063;2121.21;50;0.18;1;0
5064;1837.73;50;0.21;1;0
5065;2072.34;50;0.18;1;0
5066;1749.76;50;0.21;1;0
5067;2043.01;50;0.17;1;0
5068;1827.96;50;0.20;1;0
5069;2043.01;50;0.18;1;0
5070;1779.08;50;0.20;1;0
5071;1974.58;50;0.18;1;0
5072;1759.53;50;0.20;1;0
5073;1955.03;50;0.18;1;0
5074;1779.08;50;0.20;1;0
5075;1915.93;50;0.18;1;0
5076;1798.63;50;0.19;1;0
5077;1925.71;50;0.18;1;0
5078;1808.41;50;0.19;1;0
5079;1798.63;50;0.18;1;0
5080;1955.03;50;0.18;1;0
5081;1769.31;50;0.20;1;0
5082;1915.93;50;0.18;1;0
5083;1779.08;50;0.19;1;0
5084;1964.81;50;0.18;1;0
5085;1749.76;50;0.20;1;0
5086;1945.26;50;0.17;1;0
5087;1720.43;50;0.19;1;0
5088;1935.48;50;0.17;1;0
5089;1788.86;50;0.19;1;0
5090;1886.61;50;0.18;1;0
5091;1739.98;50;0.19;1;0
5092;1955.03;50;0.17;1;0
5093;1681.33;50;0.20;1;0
5094;1896.38;50;0.17;1;0
5095;1720.43;50;0.19;1;0
5096;1945.26;50;0.17;1;0
5097;1681.33;50;0.19;1;0
5098;1935.48;50;0.17;1;0
5099;1730.21;50;0.19;1;0
5100;1974.58;50;0.17;1;0
5101;1710.66;50;0.20;1;0
5102;1925.71;50;0.17;1;0
5103;1681.33;50;0.19;1;0
5104;1915.93;50;0.17;1;0
5105;1671.55;50;0.19;1;0
5106;1955.03;50;0.17;1;0
5107;1661.78;50;0.20;1;0
5108;1906.16;50;0.17;1;0
5109;1622.68;50;0.19;1;0
5110;1945.26;50;0.16;1;0
5111;1612.90;50;0.19;1;0
5112;1925.71;50;0.16;1;0
5113;1583.58;50;0.19;1;0
5114;1964.81;50;0.16;1;0
5115;1564.03;50;0.20;1;0
5116;1994.13;50;0.16;1;0
5117;1622.68;50;0.20;1;0
5118;2003.91;50;0.16;1;0
5119;1583.58;50;0.20;1;0
5120;1935.48;50;0.16;1;0
5121;1505.38;50;0.19;1;0
5122;2013.69;50;0.15;1;0
5123;1534.70;50;0.20;1;0
5124;2033.24;50;0.15;1;0
5125;1603.13;50;0.20;1;0
5126;2013.69;50;0.16;1;0
5127;1515.15;50;0.20;1;0
5128;2003.91;50;0.15;1;0
5129;1534.70;50;0.20;1;0
5130;2003.91;50;0.15;1;0
5131;1515.15;50;0.20;1;0
5132;1994.13;50;0.15;1;0
5133;1573.80;50;0.20;1;0
5134;1837.73;50;0.16;1;0
5135;1554.25;50;0.18;1;0
5136;1945.26;50;0.16;1;0
5137;1476.05;50;0.19;1;0
5138;1955.03;50;0.15;1;0
5139;1436.95;50;0.20;1;0
5140;1964.81;50;0.14;1;0
5141;1427.18;50;0.20;1;0
5142;1984.36;50;0.14;1;0
5143;1436.95;50;0.20;1;0
5144;1935.48;50;0.14;1;0
5145;1427.18;50;0.19;1;0
5146;1974.58;50;0.14;1;0
5147;1417.40;50;0.20;1;0
5148;1955.03;50;0.14;1;0
5149;1417.40;50;0.20;1;0
5150;1964.81;50;0.14;1;0
5151;1397.85;50;0.20;1;0
5152;1984.36;50;0.14;1;0
5153;1388.07;50;0.20;1;0
5154;1974.58;50;0.14;1;0
5155;1348.97;50;0.20;1;0
5156;1964.81;50;0.13;1;0
5157;1348.97;50;0.20;1;0
5158;1945.26;50;0.13;1;0
5159;1339.20;50;0.19;1;0
5160;1935.48;50;0.13;1;0
5161;1348.97;50;0.19;1;0
5162;1886.61;50;0.13;1;0
5163;1348.97;50;0.19;1;0
5164;1896.38;50;0.13;1;0
5165;1319.65;50;0.19;1;0
5166;1857.28;50;0.13;1;0
5167;1329.42;50;0.19;1;0
5168;1896.38;50;0.13;1;0
5169;1329.42;50;0.19;1;0
5170;1847.51;50;0.13;1;0
5171;1290.32;50;0.18;1;0
5172;1827.96;50;0.13;1;0
5173;1290.32;50;0.18;1;0
5174;1876.83;50;0.13;1;0
5175;1300.10;50;0.19;1;0
5176;1906.16;50;0.13;1;0
5177;1261.00;50;0.19;1;0
5178;1867.06;50;0.13;1;0
5179;1270.77;50;0.19;1;0
5180;1867.06;50;0.13;1;0
5181;1261.00;50;0.19;1;0
5182;1867.06;50;0.13;1;0
5183;1270.77;50;0.19;1;0
5184;1847.51;50;0.13;1;0
5185;1270.77;50;0.18;1;0
5186;1847.51;50;0.13;1;0
5187;1280.55;50;0.18;1;0
5188;1867.06;50;0.13;1;0
5189;1270.77;50;0.19;1;0
5190;1867.06;50;0.13;1;0
5191;1270.77;50;0.19;1;0
5192;1847.51;50;0.13;1;0
5193;1290.32;50;0.18;1;0
5194;1837.73;50;0.13;1;0
5195;1309.87;50;0.18;1;0
5196;1886.61;50;0.13;1;0
5197;1300.10;50;0.19;1;0
5198;1896.38;50;0.13;1;0
5199;1309.87;50;0.19;1;0
5200;1906.16;50;0.13;1;0
5201;1309.87;50;0.19;1;0
5202;1915.93;50;0.13;1;0
5203;1290.32;50;0.19;1;0
5204;1935.48;50;0.13;1;0
5205;1329.42;50;0.19;1;0
5206;1925.71;50;0.13;1;0
5207;1339.20;50;0.19;1;0
5208;1935.48;50;0.13;1;0
5209;1339.20;50;0.19;1;0
5210;1945.26;50;0.13;1;0
5211;1378.30;50;0.19;1;0
5212;1935.48;50;0.14;1;0
5213;1388.07;50;0.19;1;0
5214;1964.81;50;0.14;1;0
5215;1378.30;50;0.20;1;0
5216;2003.91;50;0.14;1;0
5217;1397.85;50;0.20;1;0
5218;1964.81;50;0.14;1;0
5219;1378.30;50;0.20;1;0
5220;1955.03;50;0.14;1;0
5221;1388.07;50;0.20;1;0
5222;1994.13;50;0.14;1;0
5223;1427.18;50;0.20;1;0
5224;2003.91;50;0.14;1;0
5225;1446.73;50;0.20;1;0
5226;2013.69;50;0.14;1;0
5227;1485.83;50;0.20;1;0
5228;2013.69;50;0.15;1;0
5229;1485.83;50;0.20;1;0
5230;2043.01;50;0.15;1;0
5231;1534.70;50;0.20;1;0
5232;2023.46;50;0.15;1;0
5233;1524.93;50;0.20;1;0
5234;2062.56;50;0.15;1;0
5235;1544.48;50;0.21;1;0
5236;2043.01;50;0.15;1;0
5237;1573.80;50;0.20;1;0
5238;2082.11;50;0.16;1;0
5239;1564.03;50;0.21;1;0
5240;2062.56;50;0.16;1;0
5241;1573.80;50;0.21;1;0
5242;2062.56;50;0.16;1;0
5243;1700.88;50;0.21;1;0
5244;1984.36;50;0.17;1;0
5245;1681.33;50;0.20;1;0
5246;2062.56;50;0.17;1;0
5247;1749.76;50;0.21;1;0
5248;1955.03;50;0.17;1;0
5249;1720.43;50;0.20;1;0
5250;2023.46;50;0.17;1;0
5251;1827.96;50;0.20;1;0
5252;1886.61;50;0.18;1;0
5253;1906.16;50;0.19;1;0
5254;1896.38;50;0.19;1;0
5255;1857.28;50;0.19;1;0
5256;1837.73;50;0.19;1;0
5257;1847.51;50;0.18;1;0
5258;1867.06;50;0.18;1;0
5259;1876.83;50;0.19;1;0
5260;1837.73;50;0.19;1;0
5261;1915.93;50;0.18;1;0
5262;1818.18;50;0.19;1;0
5263;1886.61;50;0.18;1;0
5264;1837.73;50;0.19;1;0
5265;1925.71;50;0.18;1;0
5266;1798.63;50;0.19;1;0
5267;1906.16;50;0.18;1;0
5268;1818.18;50;0.19;1;0
5269;1955.03;50;0.18;1;0
5270;1759.53;50;0.20;1;0
5271;1925.71;50;0.18;1;0
5272;1759.53;50;0.19;1;0
5273;1955.03;50;0.18;1;0
5274;1759.53;50;0.20;1;0
5275;1955.03;50;0.18;1;0
5276;1691.10;50;0.20;1;0
5277;1945.26;50;0.17;1;0
5278;1759.53;50;0.19;1;0
5279;1935.48;50;0.18;1;0
5280;1720.43;50;0.19;1;0
5281;1955.03;50;0.17;1;0
5282;1720.43;50;0.20;1;0
5283;1935.48;50;0.17;1;0
5284;1720.43;50;0.19;1;0
5285;1935.48;50;0.17;1;0
5286;1652.00;50;0.19;1;0
5287;1915.93;50;0.17;1;0
5288;1739.98;50;0.19;1;0
5289;1935.48;50;0.17;1;0
5290;1691.10;50;0.19;1;0
5291;1945.26;50;0.17;1;0
5292;1661.78;50;0.19;1;0
5293;1925.71;50;0.17;1;0
5294;1642.23;50;0.19;1;0
5295;1974.58;50;0.16;1;0
5296;1603.13;50;0.20;1;0
5297;1994.13;50;0.16;1;0
5298;1642.23;50;0.20;1;0
5299;2003.91;50;0.16;1;0
5300;1642.23;50;0.20;1;0
5301;2013.69;50;0.16;1;0
5302;1652.00;50;0.20;1;0
5303;1925.71;50;0.17;1;0
5304;1632.45;50;0.19;1;0
5305;2013.69;50;0.16;1;0
5306;1632.45;50;0.20;1;0
5307;1945.26;50;0.16;1;0
5308;1652.00;50;0.19;1;0
5309;1984.36;50;0.17;1;0
5310;1583.58;50;0.20;1;0
5311;2033.24;50;0.16;1;0
5312;1632.45;50;0.20;1;0
5313;1964.81;50;0.16;1;0
5314;1632.45;50;0.20;1;0
5315;2033.24;50;0.16;1;0
5316;1622.68;50;0.20;1;0
5317;2013.69;50;0.16;1;0
5318;1739.98;50;0.20;1;0
5319;1886.61;50;0.17;1;0
5320;1720.43;50;0.19;1;0
5321;1925.71;50;0.17;1;0
5322;1749.76;50;0.19;1;0
5323;1925.71;50;0.17;1;0
5324;1700.88;50;0.19;1;0
5325;1974.58;50;0.17;1;0
5326;1700.88;50;0.20;1;0
5327;1945.26;50;0.17;1;0
5328;1739.98;50;0.19;1;0
5329;1955.03;50;0.17;1;0
5330;1681.33;50;0.20;1;0
5331;1994.13;50;0.17;1;0
5332;1739.98;50;0.20;1;0
5333;1974.58;50;0.17;1;0
5334;1739.98;50;0.20;1;0
5335;1994.13;50;0.17;1;0
5336;1700.88;50;0.20;1;0
5337;2013.69;50;0.17;1;0
5338;1700.88;50;0.20;1;0
5339;1994.13;50;0.17;1;0
5340;1642.23;50;0.20;1;0
5341;2082.11;50;0.16;1;0
5342;1661.78;50;0.21;1;0
5343;2160.31;50;0.17;1;0
5344;1671.55;50;0.22;1;0
5345;2150.54;50;0.17;1;0
5346;1642.23;50;0.22;1;0
5347;2150.54;50;0.16;1;0
5348;1622.68;50;0.22;1;0
5349;2160.31;50;0.16;1;0
5350;1661.78;50;0.22;1;0
5351;2189.64;50;0.17;1;0
5352;1720.43;50;0.22;1;0
5353;2199.41;50;0.17;1;0
5354;1720.43;50;0.22;1;0
5355;2228.74;50;0.17;1;0
5356;1710.66;50;0.22;1;0
5357;2189.64;50;0.17;1;0
5358;1720.43;50;0.22;1;0
5359;2248.29;50;0.17;1;0
5360;1710.66;50;0.22;1;0
5361;2238.51;50;0.17;1;0
5362;1720.43;50;0.22;1;0
5363;2267.84;50;0.17;1;0
5364;1720.43;50;0.23;1;0
5365;2287.39;50;0.17;1;0
5366;1700.88;50;0.23;1;0
5367;2287.39;50;0.17;1;0
5368;1739.98;50;0.23;1;0
5369;2258.06;50;0.17;1;0
5370;1779.08;50;0.23;1;0
5371;2228.74;50;0.18;1;0
5372;1749.76;50;0.22;1;0
5373;2267.84;50;0.17;1;0
5374;1759.53;50;0.23;1;0
5375;2258.06;50;0.18;1;0
5376;1730.21;50;0.23;1;0
5377;2287.39;50;0.17;1;0
5378;1759.53;50;0.23;1;0
5379;2287.39;50;0.18;1;0
5380;1730.21;50;0.23;1;0
5381;2287.39;50;0.17;1;0
5382;1720.43;50;0.23;1;0
5383;2218.96;50;0.17;1;0
5384;1720.43;50;0.22;1;0
5385;2277.61;50;0.17;1;0
5386;1700.88;50;0.23;1;0
5387;2277.61;50;0.17;1;0
5388;1720.43;50;0.23;1;0
5389;2267.84;50;0.17;1;0
5390;1691.10;50;0.23;1;0
5391;2287.39;50;0.17;1;0
5392;1671.55;50;0.23;1;0
5393;2267.84;50;0.17;1;0
5394;1671.55;50;0.23;1;0
5395;2267.84;50;0.17;1;0
5396;1671.55;50;0.23;1;0
5397;2248.29;50;0.17;1;0
5398;1652.00;50;0.22;1;0
5399;2248.29;50;0.17;1;0
5400;1671.55;50;0.22;1;0
5401;2209.19;50;0.17;1;0
5402;1700.88;50;0.22;1;0
5403;2218.96;50;0.17;1;0
5404;1691.10;50;0.22;1;0
5405;2238.51;50;0.17;1;0
5406;1700.88;50;0.22;1;0
5407;2209.19;50;0.17;1;0
5408;1661.78;50;0.22;1;0
5409;2218.96;50;0.17;1;0
5410;1661.78;50;0.22;1;0
5411;2218.96;50;0.17;1;0
5412;1642.23;50;0.22;1;0
5413;2218.96;50;0.16;1;0
5414;1632.45;50;0.22;1;0
5415;2248.29;50;0.16;1;0
5416;1612.90;50;0.22;1;0
5417;2209.19;50;0.16;1;0
5418;1622.68;50;0.22;1;0
5419;2238.51;50;0.16;1;0
5420;1632.45;50;0.22;1;0
5421;2228.74;50;0.16;1;0
5422;1603.13;50;0.22;1;0
5423;2228.74;50;0.16;1;0
5424;1612.90;50;0.22;1;0
5425;2228.74;50;0.16;1;0
5426;1632.45;50;0.22;1;0
5427;2228.74;50;0.16;1;0
5428;1652.00;50;0.22;1;0
5429;2209.19;50;0.17;1;0
5430;1632.45;50;0.22;1;0
5431;2209.19;50;0.16;1;0
5432;1622.68;50;0.22;1;0
5433;2228.74;50;0.16;1;0
5434;1661.78;50;0.22;1;0
5435;2209.19;50;0.17;1;0
5436;1661.78;50;0.22;1;0
5437;2209.19;50;0.17;1;0
5438;1661.78;50;0.22;1;0
5439;2209.19;50;0.17;1;0
5440;1642.23;50;0.22;1;0
5441;2199.41;50;0.16;1;0
5442;1681.33;50;0.22;1;0
5443;2209.19;50;0.17;1;0
5444;1671.55;50;0.22;1;0
5445;2209.19;50;0.17;1;0
5446;1681.33;50;0.22;1;0
5447;2199.41;50;0.17;1;0
5448;1730.21;50;0.22;1;0
5449;2238.51;50;0.17;1;0
5450;1739.98;50;0.22;1;0
5451;2218.96;50;0.17;1;0
5452;1681.33;50;0.22;1;0
5453;2267.84;50;0.17;1;0
5454;1700.88;50;0.23;1;0
5455;2248.29;50;0.17;1;0
5456;1730.21;50;0.22;1;0
5457;2316.72;50;0.17;1;0
5458;1700.88;50;0.23;1;0
5459;2336.27;50;0.17;1;0
5460;1720.43;50;0.23;1;0
5461;2316.72;50;0.17;1;0
5462;1749.76;50;0.23;1;0
5463;2306.94;50;0.17;1;0
5464;1730.21;50;0.23;1;0
5465;2336.27;50;0.17;1;0
5466;1730.21;50;0.23;1;0
5467;2355.82;50;0.17;1;0
5468;1739.98;50;0.24;1;0
5469;2355.82;50;0.17;1;0
5470;1749.76;50;0.24;1;0
5471;2365.59;50;0.17;1;0
5472;1769.31;50;0.24;1;0
5473;2355.82;50;0.18;1;0
5474;1798.63;50;0.24;1;0
5475;2375.37;50;0.18;1;0
5476;1798.63;50;0.24;1;0
5477;2385.14;50;0.18;1;0
5478;1827.96;50;0.24;1;0
5479;2404.69;50;0.18;1;0
5480;1847.51;50;0.24;1;0
5481;2385.14;50;0.18;1;0
5482;1857.28;50;0.24;1;0
5483;2404.69;50;0.19;1;0
5484;1857.28;50;0.24;1;0
5485;2443.79;50;0.19;1;0
5486;1857.28;50;0.24;1;0
5487;2404.69;50;0.19;1;0
5488;1867.06;50;0.24;1;0
5489;2385.14;50;0.19;1;0
5490;1867.06;50;0.24;1;0
5491;2394.92;50;0.19;1;0
5492;1896.38;50;0.24;1;0
5493;2404.69;50;0.19;1;0
5494;1915.93;50;0.24;1;0
5495;2365.59;50;0.19;1;0
5496;1915.93;50;0.24;1;0
5497;2375.37;50;0.19;1;0
5498;1896.38;50;0.24;1;0
5499;2385.14;50;0.19;1;0
5500;1896.38;50;0.24;1;0
5501;2346.04;50;0.19;1;0
5502;1906.16;50;0.23;1;0
5503;2385.14;50;0.19;1;0
5504;1886.61;50;0.24;1;0
5505;2209.19;50;0.19;1;0
5506;1964.81;50;0.22;1;0
5507;2160.31;50;0.20;1;0
5508;2003.91;50;0.22;1;0
5509;2199.41;50;0.20;1;0
5510;2023.46;50;0.22;1;0
5511;2189.64;50;0.20;1;0
5512;2072.34;50;0.22;1;0
5513;2140.76;50;0.21;1;0
5514;2091.89;50;0.21;1;0
5515;2170.09;50;0.21;1;0
5516;2101.66;50;0.22;1;0
5517;2179.86;50;0.21;1;0
5518;2043.01;50;0.22;1;0
5519;2091.89;50;0.20;1;0
5520;2043.01;50;0.21;1;0
5521;2101.66;50;0.20;1;0
5522;2033.24;50;0.21;1;0
5523;2111.44;50;0.20;1;0
5524;2091.89;50;0.21;1;0
5525;2082.11;50;0.21;1;0
5526;2121.21;50;0.21;1;0
5527;2043.01;50;0.21;1;0
5528;2072.34;50;0.20;1;0
5529;2033.24;50;0.21;1;0
5530;2091.89;50;0.20;1;0
5531;2023.46;50;0.21;1;0
5532;2023.46;50;0.20;1;0
5533;2091.89;50;0.20;1;0
5534;2052.79;50;0.21;1;0
5535;2052.79;50;0.21;1;0
5536;2082.11;50;0.21;1;0
5537;2082.11;50;0.21;1;0
5538;1945.26;50;0.21;1;0
5539;2238.51;50;0.19;1;0
5540;1925.71;50;0.22;1;0
5541;2199.41;50;0.19;1;0
5542;1964.81;50;0.22;1;0
5543;2150.54;50;0.20;1;0
5544;1935.48;50;0.22;1;0
5545;2179.86;50;0.19;1;0
5546;1994.13;50;0.22;1;0
5547;2130.99;50;0.20;1;0
5548;2033.24;50;0.21;1;0
5549;2082.11;50;0.20;1;0
5550;2043.01;50;0.21;1;0
5551;2140.76;50;0.20;1;0
5552;2062.56;50;0.21;1;0
5553;2091.89;50;0.21;1;0
5554;2091.89;50;0.21;1;0
5555;2091.89;50;0.21;1;0
5556;2043.01;50;0.21;1;0
5557;2082.11;50;0.20;1;0
5558;2121.21;50;0.21;1;0
5559;2091.89;50;0.21;1;0
5560;2091.89;50;0.21;1;0
5561;2091.89;50;0.21;1;0
5562;2091.89;50;0.21;1;0
5563;2072.34;50;0.21;1;0
5564;2111.44;50;0.21;1;0
5565;2062.56;50;0.21;1;0
5566;2130.99;50;0.21;1;0
5567;2238.51;50;0.21;1;0
5568;2052.79;50;0.22;1;0
5569;2189.64;50;0.21;1;0
5570;2072.34;50;0.22;1;0
5571;2111.44;50;0.21;1;0
5572;2140.76;50;0.21;1;0
5573;2121.21;50;0.21;1;0
5574;2140.76;50;0.21;1;0
5575;2140.76;50;0.21;1;0
5576;2170.09;50;0.21;1;0
5577;2140.76;50;0.22;1;0
5578;2140.76;50;0.21;1;0
5579;2140.76;50;0.21;1;0
5580;2248.29;50;0.21;1;0
5581;2160.31;50;0.22;1;0
5582;2199.41;50;0.22;1;0
5583;2209.19;50;0.22;1;0
5584;2258.06;50;0.22;1;0
5585;2170.09;50;0.23;1;0
5586;2287.39;50;0.22;1;0
5587;2199.41;50;0.23;1;0
5588;2326.49;50;0.22;1;0
5589;2170.09;50;0.23;1;0
5590;2316.72;50;0.22;1;0
5591;2209.19;50;0.23;1;0
5592;2346.04;50;0.22;1;0
5593;2189.64;50;0.23;1;0
5594;2346.04;50;0.22;1;0
5595;2199.41;50;0.23;1;0
5596;2248.29;50;0.22;1;0
5597;2258.06;50;0.22;1;0
5598;2316.72;50;0.23;1;0
5599;2267.84;50;0.23;1;0
5600;2326.49;50;0.23;1;0
5601;2277.61;50;0.23;1;0
5602;2228.74;50;0.23;1;0
5603;2424.24;50;0.22;1;0
5604;2277.61;50;0.24;1;0
5605;2346.04;50;0.23;1;0
5606;2287.39;50;0.23;1;0
5607;2336.27;50;0.23;1;0
5608;2346.04;50;0.23;1;0
5609;2424.24;50;0.23;1;0
5610;2316.72;50;0.24;1;0
5611;2365.59;50;0.23;1;0
5612;2346.04;50;0.24;1;0
5613;2375.37;50;0.23;1;0
5614;2365.59;50;0.24;1;0
5615;2346.04;50;0.24;1;0
5616;2414.47;50;0.23;1;0
5617;2326.49;50;0.24;1;0
5618;2414.47;50;0.23;1;0
5619;2355.82;50;0.24;1;0
5620;2404.69;50;0.24;1;0
5621;2306.94;50;0.24;1;0
5622;2424.24;50;0.23;1;0
5623;2316.72;50;0.24;1;0
5624;2482.89;50;0.23;1;0
5625;2287.39;50;0.25;1;0
5626;2512.22;50;0.23;1;0
5627;2277.61;50;0.25;1;0
5628;2434.02;50;0.23;1;0
5629;2336.27;50;0.24;1;0
5630;2482.89;50;0.23;1;0
5631;2355.82;50;0.25;1;0
5632;2434.02;50;0.24;1;0
5633;2277.61;50;0.24;1;0
5634;2492.67;50;0.23;1;0
5635;2267.84;50;0.25;1;0
5636;2512.22;50;0.23;1;0
5637;2238.51;50;0.25;1;0
5638;2541.54;50;0.22;1;0
5639;2248.29;50;0.25;1;0
5640;2570.87;50;0.22;1;0
5641;2218.96;50;0.26;1;0
5642;2551.32;50;0.22;1;0
5643;2218.96;50;0.26;1;0
5644;2580.65;50;0.22;1;0
5645;2277.61;50;0.26;1;0
5646;2590.42;50;0.23;1;0
5647;2189.64;50;0.26;1;0
5648;2600.20;50;0.22;1;0
5649;2258.06;50;0.26;1;0
5650;2521.99;50;0.23;1;0
5651;2150.54;50;0.25;1;0
5652;2649.07;50;0.22;1;0
5653;2199.41;50;0.26;1;0
5654;2590.42;50;0.22;1;0
5655;2228.74;50;0.26;1;0
5656;2590.42;50;0.22;1;0
5657;2209.19;50;0.26;1;0
5658;2629.52;50;0.22;1;0
5659;2218.96;50;0.26;1;0
5660;2629.52;50;0.22;1;0
5661;2189.64;50;0.26;1;0
5662;2619.75;50;0.22;1;0
5663;2179.86;50;0.26;1;0
5664;2629.52;50;0.22;1;0
5665;2199.41;50;0.26;1;0
5666;2707.72;50;0.22;1;0
5667;2199.41;50;0.27;1;0
5668;2697.95;50;0.22;1;0
5669;2150.54;50;0.27;1;0
5670;2688.17;50;0.22;1;0
5671;2160.31;50;0.27;1;0
5672;2697.95;50;0.22;1;0
5673;2189.64;50;0.27;1;0
5674;2746.82;50;0.22;1;0
5675;2209.19;50;0.27;1;0
5676;2756.60;50;0.22;1;0
5677;2199.41;50;0.28;1;0
5678;2756.60;50;0.22;1;0
5679;2199.41;50;0.28;1;0
5680;2785.92;50;0.22;1;0
5681;2189.64;50;0.28;1;0
5682;2825.02;50;0.22;1;0
5683;2287.39;50;0.28;1;0
5684;2795.70;50;0.23;1;0
5685;2258.06;50;0.28;1;0
5686;2825.02;50;0.23;1;0
5687;2267.84;50;0.28;1;0
5688;2776.15;50;0.23;1;0
5689;2287.39;50;0.28;1;0
5690;2834.80;50;0.23;1;0
5691;2248.29;50;0.28;1;0
5692;2844.57;50;0.22;1;0
5693;2306.94;50;0.28;1;0
5694;2864.13;50;0.23;1;0
5695;2277.61;50;0.29;1;0
5696;2893.45;50;0.23;1;0
5697;2297.17;50;0.29;1;0
5698;2903.23;50;0.23;1;0
5699;2306.94;50;0.29;1;0
5700;2893.45;50;0.23;1;0
5701;2277.61;50;0.29;1;0
5702;2922.78;50;0.23;1;0
5703;2326.49;50;0.29;1;0
5704;2932.55;50;0.23;1;0
5705;2326.49;50;0.29;1;0
5706;2961.88;50;0.23;1;0
5707;2346.04;50;0.30;1;0
5708;2971.65;50;0.23;1;0
5709;2404.69;50;0.30;1;0
5710;2981.43;50;0.24;1;0
5711;2375.37;50;0.30;1;0
5712;3040.08;50;0.24;1;0
5713;2434.02;50;0.30;1;0
5714;2981.43;50;0.24;1;0
5715;2385.14;50;0.30;1;0
5716;3020.53;50;0.24;1;0
5717;2434.02;50;0.30;1;0
5718;2971.65;50;0.24;1;0
5719;2443.79;50;0.30;1;0
5720;3010.75;50;0.24;1;0
5721;2424.24;50;0.30;1;0
5722;3020.53;50;0.24;1;0
5723;2463.34;50;0.30;1;0
5724;3040.08;50;0.25;1;0
5725;2482.89;50;0.30;1;0
5726;3049.85;50;0.25;1;0
5727;2473.12;50;0.30;1;0
5728;3059.63;50;0.25;1;0
5729;2463.34;50;0.31;1;0
5730;3069.40;50;0.25;1;0
5731;2453.57;50;0.31;1;0
5732;3088.95;50;0.25;1;0
5733;2443.79;50;0.31;1;0
5734;3079.18;50;0.24;1;0
5735;2453.57;50;0.31;1;0
5736;3098.73;50;0.25;1;0
5737;2482.89;50;0.31;1;0
5738;3088.95;50;0.25;1;0
5739;2463.34;50;0.31;1;0
5740;3108.50;50;0.25;1;0
5741;2453.57;50;0.31;1;0
5742;3040.08;50;0.25;1;0
5743;2434.02;50;0.30;1;0
5744;3059.63;50;0.24;1;0
5745;2453.57;50;0.31;1;0
5746;3059.63;50;0.25;1;0
5747;2434.02;50;0.31;1;0
5748;3059.63;50;0.24;1;0
5749;2463.34;50;0.31;1;0
5750;3079.18;50;0.25;1;0
5751;2473.12;50;0.31;1;0
5752;3049.85;50;0.25;1;0
5753;2453.57;50;0.30;1;0
5754;3030.30;50;0.25;1;0
5755;2463.34;50;0.30;1;0
5756;3040.08;50;0.25;1;0
5757;2424.24;50;0.30;1;0
5758;3000.98;50;0.24;1;0
5759;2463.34;50;0.30;1;0
5760;3000.98;50;0.25;1;0
5761;2453.57;50;0.30;1;0
5762;3020.53;50;0.25;1;0
5763;2473.12;50;0.30;1;0
5764;2971.65;50;0.25;1;0
5765;2502.44;50;0.30;1;0
5766;2991.20;50;0.25;1;0
5767;2453.57;50;0.30;1;0
5768;3000.98;50;0.25;1;0
5769;2463.34;50;0.30;1;0
5770;3010.75;50;0.25;1;0
5771;2453.57;50;0.30;1;0
5772;3030.30;50;0.25;1;0
5773;2434.02;50;0.30;1;0
5774;2991.20;50;0.24;1;0
5775;2424.24;50;0.30;1;0
5776;3040.08;50;0.24;1;0
5777;2434.02;50;0.30;1;0
5778;3010.75;50;0.24;1;0
5779;2394.92;50;0.30;1;0
5780;3000.98;50;0.24;1;0
5781;2414.47;50;0.30;1;0
5782;3000.98;50;0.24;1;0
5783;2394.92;50;0.30;1;0
5784;3000.98;50;0.24;1;0
5785;2375.37;50;0.30;1;0
5786;2991.20;50;0.24;1;0
5787;2404.69;50;0.30;1;0
5788;3010.75;50;0.24;1;0
5789;2385.14;50;0.30;1;0
5790;3020.53;50;0.24;1;0
5791;2375.37;50;0.30;1;0
5792;3030.30;50;0.24;1;0
5793;2394.92;50;0.30;1;0
5794;2961.88;50;0.24;1;0
5795;2404.69;50;0.30;1;0
5796;2991.20;50;0.24;1;0
5797;2365.59;50;0.30;1;0
5798;2981.43;50;0.24;1;0
5799;2404.69;50;0.30;1;0
5800;3020.53;50;0.24;1;0
5801;2434.02;50;0.30;1;0
5802;3010.75;50;0.24;1;0
5803;2424.24;50;0.30;1;0
5804;3010.75;50;0.24;1;0
5805;2443.79;50;0.30;1;0
5806;3010.75;50;0.24;1;0
5807;2453.57;50;0.30;1;0
5808;3000.98;50;0.25;1;0
5809;2473.12;50;0.30;1;0
5810;3010.75;50;0.25;1;0
5811;2443.79;50;0.30;1;0
5812;3010.75;50;0.24;1;0
5813;2482.89;50;0.30;1;0
5814;2991.20;50;0.25;1;0
5815;2482.89;50;0.30;1;0
5816;3000.98;50;0.25;1;0
5817;2453.57;50;0.30;1;0
5818;3000.98;50;0.25;1;0
5819;2492.67;50;0.30;1;0
5820;2981.43;50;0.25;1;0
5821;2521.99;50;0.30;1;0
5822;2971.65;50;0.25;1;0
5823;2492.67;50;0.30;1;0
5824;2991.20;50;0.25;1;0
5825;2570.87;50;0.30;1;0
5826;2942.33;50;0.26;1;0
5827;2590.42;50;0.29;1;0
5828;2952.10;50;0.26;1;0
5829;2580.65;50;0.30;1;0
5830;2981.43;50;0.26;1;0
5831;2580.65;50;0.30;1;0
5832;2961.88;50;0.26;1;0
5833;2609.97;50;0.30;1;0
5834;3049.85;50;0.26;1;0
5835;2590.42;50;0.30;1;0
5836;3010.75;50;0.26;1;0
5837;2590.42;50;0.30;1;0
5838;3010.75;50;0.26;1;0
5839;2561.09;50;0.30;1;0
5840;3059.63;50;0.26;1;0
5841;2561.09;50;0.31;1;0
5842;3079.18;50;0.26;1;0
5843;2541.54;50;0.31;1;0
5844;3079.18;50;0.25;1;0
5845;2570.87;50;0.31;1;0
5846;3088.95;50;0.26;1;0
5847;2561.09;50;0.31;1;0
5848;3059.63;50;0.26;1;0
5849;2580.65;50;0.31;1;0
5850;3030.30;50;0.26;1;0
5851;2590.42;50;0.30;1;0
5852;3040.08;50;0.26;1;0
5853;2570.87;50;0.30;1;0
5854;3000.98;50;0.26;1;0
5855;2590.42;50;0.30;1;0
5856;3010.75;50;0.26;1;0
5857;2619.75;50;0.30;1;0
5858;3010.75;50;0.26;1;0
5859;2600.20;50;0.30;1;0
5860;2932.55;50;0.26;1;0
5861;2570.87;50;0.29;1;0
5862;2971.65;50;0.26;1;0
5863;2619.75;50;0.30;1;0
5864;2864.13;50;0.26;1;0
5865;2609.97;50;0.29;1;0
5866;2893.45;50;0.26;1;0
5867;2668.62;50;0.29;1;0
5868;2834.80;50;0.27;1;0
5869;2541.54;50;0.28;1;0
5870;2971.65;50;0.25;1;0
5871;2570.87;50;0.30;1;0
5872;2893.45;50;0.26;1;0
5873;2561.09;50;0.29;1;0
5874;2864.13;50;0.26;1;0
5875;2561.09;50;0.29;1;0
5876;2825.02;50;0.26;1;0
5877;2521.99;50;0.28;1;0
5878;2873.90;50;0.25;1;0
5879;2580.65;50;0.29;1;0
5880;2815.25;50;0.26;1;0
5881;2590.42;50;0.28;1;0
5882;2795.70;50;0.26;1;0
5883;2551.32;50;0.28;1;0
5884;2746.82;50;0.26;1;0
5885;2541.54;50;0.27;1;0
5886;2697.95;50;0.25;1;0
5887;2619.75;50;0.27;1;0
5888;2737.05;50;0.26;1;0
5889;2609.97;50;0.27;1;0
5890;2688.17;50;0.26;1;0
5891;2541.54;50;0.27;1;0
5892;2590.42;50;0.25;1;0
5893;2590.42;50;0.26;1;0
5894;2619.75;50;0.26;1;0
5895;2541.54;50;0.26;1;0
5896;2570.87;50;0.25;1;0
5897;2619.75;50;0.26;1;0
5898;2707.72;50;0.26;1;0
5899;2512.22;50;0.27;1;0
5900;2668.62;50;0.25;1;0
5901;2512.22;50;0.27;1;0
5902;2619.75;50;0.25;1;0
5903;2521.99;50;0.26;1;0
5904;2609.97;50;0.25;1;0
5905;2531.77;50;0.26;1;0
5906;2609.97;50;0.25;1;0
5907;2531.77;50;0.26;1;0
5908;2619.75;50;0.25;1;0
5909;2590.42;50;0.26;1;0
5910;2580.65;50;0.26;1;0
5911;2551.32;50;0.26;1;0
5912;2512.22;50;0.26;1;0
5913;2541.54;50;0.25;1;0
5914;2473.12;50;0.25;1;0
5915;2580.65;50;0.25;1;0
5916;2482.89;50;0.26;1;0
5917;2580.65;50;0.25;1;0
5918;2502.44;50;0.26;1;0
5919;2580.65;50;0.25;1;0
5920;2482.89;50;0.26;1;0
5921;2590.42;50;0.25;1;0
5922;2463.34;50;0.26;1;0
5923;2619.75;50;0.25;1;0
5924;2463.34;50;0.26;1;0
5925;2590.42;50;0.25;1;0
5926;2434.02;50;0.26;1;0
5927;2502.44;50;0.24;1;0
5928;2531.77;50;0.25;1;0
5929;2551.32;50;0.25;1;0
5930;2482.89;50;0.26;1;0
5931;2580.65;50;0.25;1;0
5932;2502.44;50;0.26;1;0
5933;2521.99;50;0.25;1;0
5934;2580.65;50;0.25;1;0
5935;2463.34;50;0.26;1;0
5936;2600.20;50;0.25;1;0
5937;2541.54;50;0.26;1;0
5938;2551.32;50;0.25;1;0
5939;2541.54;50;0.26;1;0
5940;2492.67;50;0.25;1;0
5941;2541.54;50;0.25;1;0
5942;2551.32;50;0.25;1;0
5943;2590.42;50;0.26;1;0
5944;2512.22;50;0.26;1;0
5945;2600.20;50;0.25;1;0
5946;2541.54;50;0.26;1;0
5947;2570.87;50;0.25;1;0
5948;2551.32;50;0.26;1;0
5949;2609.97;50;0.26;1;0
5950;2512.22;50;0.26;1;0
5951;2600.20;50;0.25;1;0
5952;2521.99;50;0.26;1;0
5953;2609.97;50;0.25;1;0
5954;2512.22;50;0.26;1;0
5955;2609.97;50;0.25;1;0
5956;2482.89;50;0.26;1;0
5957;2678.40;50;0.25;1;0
5958;2482.89;50;0.27;1;0
5959;2658.85;50;0.25;1;0
5960;2434.02;50;0.27;1;0
5961;2678.40;50;0.24;1;0
5962;2394.92;50;0.27;1;0
5963;2678.40;50;0.24;1;0
5964;2394.92;50;0.27;1;0
5965;2717.50;50;0.24;1;0
5966;2453.57;50;0.27;1;0
5967;2737.05;50;0.25;1;0
5968;2453.57;50;0.27;1;0
5969;2688.17;50;0.25;1;0
5970;2463.34;50;0.27;1;0
5971;2717.50;50;0.25;1;0
5972;2434.02;50;0.27;1;0
5973;2756.60;50;0.24;1;0
5974;2424.24;50;0.28;1;0
5975;2737.05;50;0.24;1;0
5976;2365.59;50;0.27;1;0
5977;2737.05;50;0.24;1;0
5978;2385.14;50;0.27;1;0
5979;2737.05;50;0.24;1;0
5980;2414.47;50;0.27;1;0
5981;2766.37;50;0.24;1;0
5982;2375.37;50;0.28;1;0
5983;2717.50;50;0.24;1;0
5984;2297.17;50;0.27;1;0
5985;2629.52;50;0.23;1;0
5986;2355.82;50;0.26;1;0
5987;2707.72;50;0.24;1;0
5988;2375.37;50;0.27;1;0
5989;2756.60;50;0.24;1;0
5990;2297.17;50;0.28;1;0
5991;2737.05;50;0.23;1;0
5992;2258.06;50;0.27;1;0
5993;2707.72;50;0.23;1;0
5994;2218.96;50;0.27;1;0
5995;2697.95;50;0.22;1;0
5996;2277.61;50;0.27;1;0
5997;2688.17;50;0.23;1;0
5998;2228.74;50;0.27;1;0
5999;2697.95;50;0.22;1;0
6000;2209.19;50;0.27;1;0
6001;2746.82;50;0.22;1;0
6002;2209.19;50;0.27;1;0
6003;2717.50;50;0.22;1;0
6004;2170.09;50;0.27;1;0
6005;2707.72;50;0.22;1;0
6006;2179.86;50;0.27;1;0
6007;2737.05;50;0.22;1;0
6008;2140.76;50;0.27;1;0
6009;2737.05;50;0.21;1;0
6010;2160.31;50;0.27;1;0
6011;2727.27;50;0.22;1;0
6012;2140.76;50;0.27;1;0
6013;2688.17;50;0.21;1;0
6014;2238.51;50;0.27;1;0
6015;2649.07;50;0.22;1;0
6016;2150.54;50;0.26;1;0
6017;2649.07;50;0.22;1;0
6018;2121.21;50;0.26;1;0
6019;2668.62;50;0.21;1;0
6020;2140.76;50;0.27;1;0
6021;2658.85;50;0.21;1;0
6022;2130.99;50;0.27;1;0
6023;2649.07;50;0.21;1;0
6024;2140.76;50;0.26;1;0
6025;2688.17;50;0.21;1;0
6026;2121.21;50;0.27;1;0
6027;2668.62;50;0.21;1;0
6028;2121.21;50;0.27;1;0
6029;2678.40;50;0.21;1;0
6030;2091.89;50;0.27;1;0
6031;2697.95;50;0.21;1;0
6032;2130.99;50;0.27;1;0
6033;2707.72;50;0.21;1;0
6034;2101.66;50;0.27;1;0
6035;2707.72;50;0.21;1;0
6036;2140.76;50;0.27;1;0
6037;2766.37;50;0.21;1;0
6038;2101.66;50;0.28;1;0
6039;2737.05;50;0.21;1;0
6040;2130.99;50;0.27;1;0
6041;2717.50;50;0.21;1;0
6042;2111.44;50;0.27;1;0
6043;2678.40;50;0.21;1;0
6044;2140.76;50;0.27;1;0
6045;2697.95;50;0.21;1;0
6046;2150.54;50;0.27;1;0
6047;2707.72;50;0.22;1;0
6048;2140.76;50;0.27;1;0
6049;2737.05;50;0.21;1;0
6050;2121.21;50;0.27;1;0
6051;2746.82;50;0.21;1;0
6052;2150.54;50;0.27;1;0
6053;2737.05;50;0.22;1;0
6054;2140.76;50;0.27;1;0
6055;2776.15;50;0.21;1;0
6056;2140.76;50;0.28;1;0
6057;2756.60;50;0.21;1;0
6058;2150.54;50;0.28;1;0
6059;2766.37;50;0.22;1;0
6060;2179.86;50;0.28;1;0
6061;2766.37;50;0.22;1;0
6062;2150.54;50;0.28;1;0
6063;2785.92;50;0.22;1;0
6064;2160.31;50;0.28;1;0
6065;2776.15;50;0.22;1;0
6066;2179.86;50;0.28;1;0
6067;2785.92;50;0.22;1;0
6068;2179.86;50;0.28;1;0
6069;2805.47;50;0.22;1;0
6070;2170.09;50;0.28;1;0
6071;2795.70;50;0.22;1;0
6072;2209.19;50;0.28;1;0
6073;2815.25;50;0.22;1;0
6074;2218.96;50;0.28;1;0
6075;2795.70;50;0.22;1;0
6076;2199.41;50;0.28;1;0
6077;2805.47;50;0.22;1;0
6078;2228.74;50;0.28;1;0
6079;2825.02;50;0.22;1;0
6080;2199.41;50;0.28;1;0
6081;2825.02;50;0.22;1;0
6082;2238.51;50;0.28;1;0
6083;2834.80;50;0.22;1;0
6084;2258.06;50;0.28;1;0
6085;2815.25;50;0.23;1;0
6086;2248.29;50;0.28;1;0
6087;2825.02;50;0.22;1;0
6088;2228.74;50;0.28;1;0
6089;2815.25;50;0.22;1;0
6090;2189.64;50;0.28;1;0
6091;2825.02;50;0.22;1;0
6092;2238.51;50;0.28;1;0
6093;2825.02;50;0.22;1;0
6094;2209.19;50;0.28;1;0
6095;2834.80;50;0.22;1;0
6096;2228.74;50;0.28;1;0
6097;2825.02;50;0.22;1;0
6098;2209.19;50;0.28;1;0
6099;2776.15;50;0.22;1;0
6100;2189.64;50;0.28;1;0
6101;2854.35;50;0.22;1;0
6102;2209.19;50;0.29;1;0
6103;2805.47;50;0.22;1;0
6104;2199.41;50;0.28;1;0
6105;2834.80;50;0.22;1;0
6106;2150.54;50;0.28;1;0
6107;2766.37;50;0.22;1;0
6108;2179.86;50;0.28;1;0
6109;2795.70;50;0.22;1;0
6110;2170.09;50;0.28;1;0
6111;2776.15;50;0.22;1;0
6112;2170.09;50;0.28;1;0
6113;2746.82;50;0.22;1;0
6114;2160.31;50;0.27;1;0
6115;2766.37;50;0.22;1;0
6116;2170.09;50;0.28;1;0
6117;2737.05;50;0.22;1;0
6118;2130.99;50;0.27;1;0
6119;2785.92;50;0.21;1;0
6120;2140.76;50;0.28;1;0
6121;2697.95;50;0.21;1;0
6122;2179.86;50;0.27;1;0
6123;2688.17;50;0.22;1;0
6124;2170.09;50;0.27;1;0
6125;2697.95;50;0.22;1;0
6126;2150.54;50;0.27;1;0
6127;2649.07;50;0.22;1;0
6128;2140.76;50;0.26;1;0
6129;2609.97;50;0.21;1;0
6130;2150.54;50;0.26;1;0
6131;2649.07;50;0.22;1;0
6132;2160.31;50;0.26;1;0
6133;2609.97;50;0.22;1;0
6134;2189.64;50;0.26;1;0
6135;2590.42;50;0.22;1;0
6136;2150.54;50;0.26;1;0
6137;2482.89;50;0.22;1;0
6138;2277.61;50;0.25;1;0
6139;2434.02;50;0.23;1;0
6140;2306.94;50;0.24;1;0
6141;2434.02;50;0.23;1;0
6142;2336.27;50;0.24;1;0
6143;2463.34;50;0.23;1;0
6144;2346.04;50;0.25;1;0
6145;2443.79;50;0.23;1;0
6146;2316.72;50;0.24;1;0
6147;2443.79;50;0.23;1;0
6148;2394.92;50;0.24;1;0
6149;2424.24;50;0.24;1;0
6150;2385.14;50;0.24;1;0
6151;2375.37;50;0.24;1;0
6152;2404.69;50;0.24;1;0
6153;2492.67;50;0.24;1;0
6154;2326.49;50;0.25;1;0
6155;2453.57;50;0.23;1;0
6156;2365.59;50;0.25;1;0
6157;2473.12;50;0.24;1;0
6158;2297.17;50;0.25;1;0
6159;2482.89;50;0.23;1;0
6160;2365.59;50;0.25;1;0
6161;2482.89;50;0.24;1;0
6162;2346.04;50;0.25;1;0
6163;2463.34;50;0.23;1;0
6164;2414.47;50;0.25;1;0
6165;2404.69;50;0.24;1;0
6166;2355.82;50;0.24;1;0
6167;2443.79;50;0.24;1;0
6168;2424.24;50;0.24;1;0
6169;2394.92;50;0.24;1;0
6170;2424.24;50;0.24;1;0
6171;2385.14;50;0.24;1;0
6172;2443.79;50;0.24;1;0
6173;2385.14;50;0.24;1;0
6174;2492.67;50;0.24;1;0
6175;2385.14;50;0.25;1;0
6176;2482.89;50;0.24;1;0
6177;2365.59;50;0.25;1;0
6178;2502.44;50;0.24;1;0
6179;2346.04;50;0.25;1;0
6180;2512.22;50;0.23;1;0
6181;2346.04;50;0.25;1;0
6182;2473.12;50;0.23;1;0
6183;2473.12;50;0.25;1;0
6184;2463.34;50;0.25;1;0
6185;2443.79;50;0.25;1;0
6186;2541.54;50;0.24;1;0
6187;2365.59;50;0.25;1;0
6188;2590.42;50;0.24;1;0
6189;2326.49;50;0.26;1;0
6190;2649.07;50;0.23;1;0
6191;2365.59;50;0.26;1;0
6192;2639.30;50;0.24;1;0
6193;2277.61;50;0.26;1;0
6194;2688.17;50;0.23;1;0
6195;2365.59;50;0.27;1;0
6196;2629.52;50;0.24;1;0
6197;2316.72;50;0.26;1;0
6198;2678.40;50;0.23;1;0
6199;2355.82;50;0.27;1;0
6200;2697.95;50;0.24;1;0
6201;2316.72;50;0.27;1;0
6202;2756.60;50;0.23;1;0
6203;2326.49;50;0.28;1;0
6204;2668.62;50;0.23;1;0
6205;2297.17;50;0.27;1;0
6206;2756.60;50;0.23;1;0
6207;2277.61;50;0.28;1;0
6208;2727.27;50;0.23;1;0
6209;2297.17;50;0.27;1;0
6210;2795.70;50;0.23;1;0
6211;2365.59;50;0.28;1;0
6212;2697.95;50;0.24;1;0
6213;2297.17;50;0.27;1;0
6214;2717.50;50;0.23;1;0
6215;2297.17;50;0.27;1;0
6216;2678.40;50;0.23;1;0
6217;2326.49;50;0.27;1;0
6218;2727.27;50;0.23;1;0
6219;2336.27;50;0.27;1;0
6220;2717.50;50;0.23;1;0
6221;2267.84;50;0.27;1;0
6222;2746.82;50;0.23;1;0
6223;2277.61;50;0.27;1;0
6224;2707.72;50;0.23;1;0
6225;2277.61;50;0.27;1;0
6226;2717.50;50;0.23;1;0
6227;2248.29;50;0.27;1;0
6228;2688.17;50;0.22;1;0
6229;2199.41;50;0.27;1;0
6230;2727.27;50;0.22;1;0
6231;2189.64;50;0.27;1;0
6232;2727.27;50;0.22;1;0
6233;2209.19;50;0.27;1;0
6234;2727.27;50;0.22;1;0
6235;2150.54;50;0.27;1;0
6236;2746.82;50;0.22;1;0
6237;2140.76;50;0.27;1;0
6238;2815.25;50;0.21;1;0
6239;2160.31;50;0.28;1;0
6240;2746.82;50;0.22;1;0
6241;2150.54;50;0.27;1;0
6242;2746.82;50;0.22;1;0
6243;2140.76;50;0.27;1;0
6244;2727.27;50;0.21;1;0
6245;2140.76;50;0.27;1;0
6246;2727.27;50;0.21;1;0
6247;2140.76;50;0.27;1;0
6248;2707.72;50;0.21;1;0
6249;2150.54;50;0.27;1;0
6250;2688.17;50;0.22;1;0
6251;2150.54;50;0.27;1;0
6252;2697.95;50;0.22;1;0
6253;2160.31;50;0.27;1;0
6254;2707.72;50;0.22;1;0
6255;2150.54;50;0.27;1;0
6256;2668.62;50;0.22;1;0
6257;2111.44;50;0.27;1;0
6258;2707.72;50;0.21;1;0
6259;2121.21;50;0.27;1;0
6260;2678.40;50;0.21;1;0
6261;2130.99;50;0.27;1;0
6262;2707.72;50;0.21;1;0
6263;2121.21;50;0.27;1;0
6264;2707.72;50;0.21;1;0
6265;2111.44;50;0.27;1;0
6266;2717.50;50;0.21;1;0
6267;2140.76;50;0.27;1;0
6268;2707.72;50;0.21;1;0
6269;2121.21;50;0.27;1;0
6270;2737.05;50;0.21;1;0
6271;2111.44;50;0.27;1;0
6272;2697.95;50;0.21;1;0
6273;2140.76;50;0.27;1;0
6274;2697.95;50;0.21;1;0
6275;2111.44;50;0.27;1;0
6276;2688.17;50;0.21;1;0
6277;2160.31;50;0.27;1;0
6278;2697.95;50;0.22;1;0
6279;2170.09;50;0.27;1;0
6280;2688.17;50;0.22;1;0
6281;2170.09;50;0.27;1;0
6282;2697.95;50;0.22;1;0
6283;2189.64;50;0.27;1;0
6284;2678.40;50;0.22;1;0
6285;2179.86;50;0.27;1;0
6286;2658.85;50;0.22;1;0
6287;2209.19;50;0.27;1;0
6288;2688.17;50;0.22;1;0
6289;2199.41;50;0.27;1;0
6290;2678.40;50;0.22;1;0
6291;2228.74;50;0.27;1;0
6292;2678.40;50;0.22;1;0
6293;2218.96;50;0.27;1;0
6294;2649.07;50;0.22;1;0
6295;2218.96;50;0.26;1;0
6296;2707.72;50;0.22;1;0
6297;2306.94;50;0.27;1;0
6298;2688.17;50;0.23;1;0
6299;2267.84;50;0.27;1;0
6300;2600.20;50;0.23;1;0
6301;2316.72;50;0.26;1;0
6302;2639.30;50;0.23;1;0
6303;2346.04;50;0.26;1;0
6304;2707.72;50;0.23;1;0
6305;2316.72;50;0.27;1;0
6306;2619.75;50;0.23;1;0
6307;2355.82;50;0.26;1;0
6308;2639.30;50;0.24;1;0
6309;2346.04;50;0.26;1;0
6310;2590.42;50;0.23;1;0
6311;2414.47;50;0.26;1;0
6312;2649.07;50;0.24;1;0
6313;2385.14;50;0.26;1;0
6314;2551.32;50;0.24;1;0
6315;2336.27;50;0.26;1;0
6316;2658.85;50;0.23;1;0
6317;2453.57;50;0.27;1;0
6318;2678.40;50;0.25;1;0
6319;2414.47;50;0.27;1;0
6320;2717.50;50;0.24;1;0
6321;2297.17;50;0.27;1;0
6322;2776.15;50;0.23;1;0
6323;2365.59;50;0.28;1;0
6324;2785.92;50;0.24;1;0
6325;2336.27;50;0.28;1;0
6326;2717.50;50;0.23;1;0
6327;2316.72;50;0.27;1;0
6328;2815.25;50;0.23;1;0
6329;2336.27;50;0.28;1;0
6330;2785.92;50;0.23;1;0
6331;2365.59;50;0.28;1;0
6332;2756.60;50;0.24;1;0
6333;2346.04;50;0.28;1;0
6334;2737.05;50;0.23;1;0
6335;2385.14;50;0.27;1;0
6336;2805.47;50;0.24;1;0
6337;2336.27;50;0.28;1;0
6338;2727.27;50;0.23;1;0
6339;2355.82;50;0.27;1;0
6340;2746.82;50;0.24;1;0
6341;2346.04;50;0.27;1;0
6342;2649.07;50;0.23;1;0
6343;2365.59;50;0.26;1;0
6344;2717.50;50;0.24;1;0
6345;2473.12;50;0.27;1;0
6346;2668.62;50;0.25;1;0
6347;2473.12;50;0.27;1;0
6348;2649.07;50;0.25;1;0
6349;2443.79;50;0.26;1;0
6350;2629.52;50;0.24;1;0
6351;2482.89;50;0.26;1;0
6352;2482.89;50;0.25;1;0
6353;2570.87;50;0.25;1;0
6354;2473.12;50;0.26;1;0
6355;2609.97;50;0.25;1;0
6356;2463.34;50;0.26;1;0
6357;2561.09;50;0.25;1;0
6358;2434.02;50;0.26;1;0
6359;2609.97;50;0.24;1;0
6360;2424.24;50;0.26;1;0
6361;2609.97;50;0.24;1;0
6362;2414.47;50;0.26;1;0
6363;2570.87;50;0.24;1;0
6364;2394.92;50;0.26;1;0
6365;2639.30;50;0.24;1;0
6366;2355.82;50;0.26;1;0
6367;2658.85;50;0.24;1;0
6368;2326.49;50;0.27;1;0
6369;2639.30;50;0.23;1;0
6370;2385.14;50;0.26;1;0
6371;2619.75;50;0.24;1;0
6372;2375.37;50;0.26;1;0
6373;2629.52;50;0.24;1;0
6374;2297.17;50;0.26;1;0
6375;2678.40;50;0.23;1;0
6376;2306.94;50;0.27;1;0
6377;2639.30;50;0.23;1;0
6378;2297.17;50;0.26;1;0
6379;2649.07;50;0.23;1;0
6380;2306.94;50;0.26;1;0
6381;2678.40;50;0.23;1;0
6382;2189.64;50;0.27;1;0
6383;2658.85;50;0.22;1;0
6384;2228.74;50;0.27;1;0
6385;2668.62;50;0.22;1;0
6386;2277.61;50;0.27;1;0
6387;2688.17;50;0.23;1;0
6388;2179.86;50;0.27;1;0
6389;2639.30;50;0.22;1;0
6390;2199.41;50;0.26;1;0
6391;2678.40;50;0.22;1;0
6392;2179.86;50;0.27;1;0
6393;2697.95;50;0.22;1;0
6394;2160.31;50;0.27;1;0
6395;2707.72;50;0.22;1;0
6396;2160.31;50;0.27;1;0
6397;2737.05;50;0.22;1;0
6398;2218.96;50;0.27;1;0
6399;2688.17;50;0.22;1;0
6400;2209.19;50;0.27;1;0
6401;2707.72;50;0.22;1;0
6402;2267.84;50;0.27;1;0
6403;2707.72;50;0.23;1;0
6404;2306.94;50;0.27;1;0
6405;2668.62;50;0.23;1;0
6406;2228.74;50;0.27;1;0
6407;2649.07;50;0.22;1;0
6408;2248.29;50;0.26;1;0
6409;2688.17;50;0.22;1;0
6410;2170.09;50;0.27;1;0
6411;2717.50;50;0.22;1;0
6412;2287.39;50;0.27;1;0
6413;2717.50;50;0.23;1;0
6414;2258.06;50;0.27;1;0
6415;2737.05;50;0.23;1;0
6416;2209.19;50;0.27;1;0
6417;2776.15;50;0.22;1;0
6418;2199.41;50;0.28;1;0
6419;2776.15;50;0.22;1;0
6420;2218.96;50;0.28;1;0
6421;2825.02;50;0.22;1;0
6422;2218.96;50;0.28;1;0
6423;2825.02;50;0.22;1;0
6424;2179.86;50;0.28;1;0
6425;2785.92;50;0.22;1;0
6426;2218.96;50;0.28;1;0
6427;2785.92;50;0.22;1;0
6428;2228.74;50;0.28;1;0
6429;2834.80;50;0.22;1;0
6430;2258.06;50;0.28;1;0
6431;2815.25;50;0.23;1;0
6432;2267.84;50;0.28;1;0
6433;2844.57;50;0.23;1;0
6434;2277.61;50;0.28;1;0
6435;2825.02;50;0.23;1;0
6436;2306.94;50;0.28;1;0
6437;2873.90;50;0.23;1;0
6438;2326.49;50;0.29;1;0
6439;2776.15;50;0.23;1;0
6440;2346.04;50;0.28;1;0
6441;2815.25;50;0.23;1;0
6442;2355.82;50;0.28;1;0
6443;2815.25;50;0.24;1;0
6444;2306.94;50;0.28;1;0
6445;2854.35;50;0.23;1;0
6446;2365.59;50;0.29;1;0
6447;2873.90;50;0.24;1;0
6448;2316.72;50;0.29;1;0
6449;2893.45;50;0.23;1;0
6450;2326.49;50;0.29;1;0
6451;2854.35;50;0.23;1;0
6452;2316.72;50;0.29;1;0
6453;2844.57;50;0.23;1;0
6454;2297.17;50;0.28;1;0
6455;2873.90;50;0.23;1;0
6456;2316.72;50;0.29;1;0
6457;2893.45;50;0.23;1;0
6458;2297.17;50;0.29;1;0
6459;2883.68;50;0.23;1;0
6460;2297.17;50;0.29;1;0
6461;2883.68;50;0.23;1;0
6462;2267.84;50;0.29;1;0
6463;2883.68;50;0.23;1;0
6464;2297.17;50;0.29;1;0
6465;2864.13;50;0.23;1;0
6466;2238.51;50;0.29;1;0
6467;2873.90;50;0.22;1;0
6468;2326.49;50;0.29;1;0
6469;2883.68;50;0.23;1;0
6470;2258.06;50;0.29;1;0
6471;2883.68;50;0.23;1;0
6472;2267.84;50;0.29;1;0
6473;2873.90;50;0.23;1;0
6474;2267.84;50;0.29;1;0
6475;2844.57;50;0.23;1;0
6476;2248.29;50;0.28;1;0
6477;2844.57;50;0.22;1;0
6478;2228.74;50;0.28;1;0
6479;2834.80;50;0.22;1;0
6480;2248.29;50;0.28;1;0
6481;2825.02;50;0.22;1;0
6482;2267.84;50;0.28;1;0
6483;2776.15;50;0.23;1;0
6484;2199.41;50;0.28;1;0
6485;2785.92;50;0.22;1;0
6486;2238.51;50;0.28;1;0
6487;2815.25;50;0.22;1;0
6488;2228.74;50;0.28;1;0
6489;2825.02;50;0.22;1;0
6490;2199.41;50;0.28;1;0
6491;2834.80;50;0.22;1;0
6492;2209.19;50;0.28;1;0
6493;2805.47;50;0.22;1;0
6494;2199.41;50;0.28;1;0
6495;2795.70;50;0.22;1;0
6496;2199.41;50;0.28;1;0
6497;2785.92;50;0.22;1;0
6498;2199.41;50;0.28;1;0
6499;2805.47;50;0.22;1;0
6500;2179.86;50;0.28;1;0
6501;2795.70;50;0.22;1;0
6502;2160.31;50;0.28;1;0
6503;2825.02;50;0.22;1;0
6504;2199.41;50;0.28;1;0
6505;2795.70;50;0.22;1;0
6506;2189.64;50;0.28;1;0
6507;2795.70;50;0.22;1;0
6508;2209.19;50;0.28;1;0
6509;2776.15;50;0.22;1;0
6510;2218.96;50;0.28;1;0
6511;2756.60;50;0.22;1;0
6512;2179.86;50;0.28;1;0
6513;2805.47;50;0.22;1;0
6514;2199.41;50;0.28;1;0
6515;2785.92;50;0.22;1;0
6516;2238.51;50;0.28;1;0
6517;2795.70;50;0.22;1;0
6518;2248.29;50;0.28;1;0
6519;2766.37;50;0.22;1;0
6520;2248.29;50;0.28;1;0
6521;2805.47;50;0.22;1;0
6522;2287.39;50;0.28;1;0
6523;2776.15;50;0.23;1;0
6524;2238.51;50;0.28;1;0
6525;2825.02;50;0.22;1;0
6526;2209.19;50;0.28;1;0
6527;2825.02;50;0.22;1;0
6528;2238.51;50;0.28;1;0
6529;2834.80;50;0.22;1;0
6530;2248.29;50;0.28;1;0
6531;2834.80;50;0.22;1;0
6532;2297.17;50;0.28;1;0
6533;2825.02;50;0.23;1;0
6534;2277.61;50;0.28;1;0
6535;2825.02;50;0.23;1;0
6536;2297.17;50;0.28;1;0
6537;2844.57;50;0.23;1;0
6538;2336.27;50;0.28;1;0
6539;2844.57;50;0.23;1;0
6540;2267.84;50;0.28;1;0
6541;2795.70;50;0.23;1;0
6542;2326.49;50;0.28;1;0
6543;2795.70;50;0.23;1;0
6544;2336.27;50;0.28;1;0
6545;2795.70;50;0.23;1;0
6546;2375.37;50;0.28;1;0
6547;2864.13;50;0.24;1;0
6548;2434.02;50;0.29;1;0
6549;2854.35;50;0.24;1;0
6550;2443.79;50;0.29;1;0
6551;2864.13;50;0.24;1;0
6552;2414.47;50;0.29;1;0
6553;2893.45;50;0.24;1;0
6554;2394.92;50;0.29;1;0
6555;2893.45;50;0.24;1;0
6556;2404.69;50;0.29;1;0
6557;2913.00;50;0.24;1;0
6558;2414.47;50;0.29;1;0
6559;2903.23;50;0.24;1;0
6560;2434.02;50;0.29;1;0
6561;2922.78;50;0.24;1;0
6562;2492.67;50;0.29;1;0
6563;2873.90;50;0.25;1;0
6564;2492.67;50;0.29;1;0
6565;2893.45;50;0.25;1;0
6566;2502.44;50;0.29;1;0
6567;2883.68;50;0.25;1;0
6568;2512.22;50;0.29;1;0
6569;2854.35;50;0.25;1;0
6570;2492.67;50;0.29;1;0
6571;2834.80;50;0.25;1;0
6572;2570.87;50;0.28;1;0
6573;2844.57;50;0.26;1;0
6574;2502.44;50;0.28;1;0
6575;2825.02;50;0.25;1;0
6576;2580.65;50;0.28;1;0
6577;2834.80;50;0.26;1;0
6578;2551.32;50;0.28;1;0
6579;2785.92;50;0.26;1;0
6580;2609.97;50;0.28;1;0
6581;2825.02;50;0.26;1;0
6582;2434.02;50;0.28;1;0
6583;2883.68;50;0.24;1;0
6584;2463.34;50;0.29;1;0
6585;2854.35;50;0.25;1;0
6586;2512.22;50;0.29;1;0
6587;2844.57;50;0.25;1;0
6588;2404.69;50;0.28;1;0
6589;2854.35;50;0.24;1;0
6590;2414.47;50;0.29;1;0
6591;2883.68;50;0.24;1;0
6592;2385.14;50;0.29;1;0
6593;2834.80;50;0.24;1;0
6594;2434.02;50;0.28;1;0
6595;2805.47;50;0.24;1;0
6596;2434.02;50;0.28;1;0
6597;2766.37;50;0.24;1;0
6598;2394.92;50;0.28;1;0
6599;2834.80;50;0.24;1;0
6600;2473.12;50;0.28;1;0
6601;2805.47;50;0.25;1;0
6602;2492.67;50;0.28;1;0
6603;2737.05;50;0.25;1;0
6604;2434.02;50;0.27;1;0
6605;2756.60;50;0.24;1;0
6606;2443.79;50;0.28;1;0
6607;2756.60;50;0.24;1;0
6608;2434.02;50;0.28;1;0
6609;2658.85;50;0.24;1;0
6610;2482.89;50;0.27;1;0
6611;2668.62;50;0.25;1;0
6612;2463.34;50;0.27;1;0
6613;2697.95;50;0.25;1;0
6614;2443.79;50;0.27;1;0
6615;2707.72;50;0.24;1;0
6616;2463.34;50;0.27;1;0
6617;2570.87;50;0.25;1;0
6618;2561.09;50;0.26;1;0
6619;2600.20;50;0.26;1;0
6620;2512.22;50;0.26;1;0
6621;2619.75;50;0.25;1;0
6622;2541.54;50;0.26;1;0
6623;2541.54;50;0.25;1;0
6624;2551.32;50;0.25;1;0
6625;2531.77;50;0.26;1;0
6626;2580.65;50;0.25;1;0
6627;2531.77;50;0.26;1;0
6628;2609.97;50;0.25;1;0
6629;2551.32;50;0.26;1;0
6630;2619.75;50;0.26;1;0
6631;2521.99;50;0.26;1;0
6632;2639.30;50;0.25;1;0
6633;2531.77;50;0.26;1;0
6634;2658.85;50;0.25;1;0
6635;2521.99;50;0.27;1;0
6636;2668.62;50;0.25;1;0
6637;2502.44;50;0.27;1;0
6638;2668.62;50;0.25;1;0
6639;2482.89;50;0.27;1;0
6640;2570.87;50;0.25;1;0
6641;2551.32;50;0.26;1;0
6642;2619.75;50;0.26;1;0
6643;2580.65;50;0.26;1;0
6644;2629.52;50;0.26;1;0
6645;2561.09;50;0.26;1;0
6646;2580.65;50;0.26;1;0
6647;2678.40;50;0.26;1;0
6648;2609.97;50;0.27;1;0
6649;2649.07;50;0.26;1;0
6650;2561.09;50;0.26;1;0
6651;2678.40;50;0.26;1;0
6652;2482.89;50;0.27;1;0
6653;2737.05;50;0.25;1;0
6654;2551.32;50;0.27;1;0
6655;2795.70;50;0.26;1;0
6656;2561.09;50;0.28;1;0
6657;2678.40;50;0.26;1;0
6658;2580.65;50;0.27;1;0
6659;2727.27;50;0.26;1;0
6660;2521.99;50;0.27;1;0
6661;2737.05;50;0.25;1;0
6662;2649.07;50;0.27;1;0
6663;2668.62;50;0.26;1;0
6664;2600.20;50;0.27;1;0
6665;2707.72;50;0.26;1;0
6666;2658.85;50;0.27;1;0
6667;2658.85;50;0.27;1;0
6668;2688.17;50;0.27;1;0
6669;2649.07;50;0.27;1;0
6670;2717.50;50;0.26;1;0
6671;2658.85;50;0.27;1;0
6672;2766.37;50;0.27;1;0
6673;2678.40;50;0.28;1;0
6674;2756.60;50;0.27;1;0
6675;2658.85;50;0.28;1;0
6676;2785.92;50;0.27;1;0
6677;2668.62;50;0.28;1;0
6678;2805.47;50;0.27;1;0
6679;2649.07;50;0.28;1;0
6680;2815.25;50;0.26;1;0
6681;2668.62;50;0.28;1;0
6682;2834.80;50;0.27;1;0
6683;2697.95;50;0.28;1;0
6684;2864.13;50;0.27;1;0
6685;2688.17;50;0.29;1;0
6686;2903.23;50;0.27;1;0
6687;2609.97;50;0.29;1;0
6688;2854.35;50;0.26;1;0
6689;2649.07;50;0.29;1;0
6690;2844.57;50;0.26;1;0
6691;2600.20;50;0.28;1;0
6692;2854.35;50;0.26;1;0
6693;2590.42;50;0.29;1;0
6694;2873.90;50;0.26;1;0
6695;2570.87;50;0.29;1;0
6696;2903.23;50;0.26;1;0
6697;2629.52;50;0.29;1;0
6698;2873.90;50;0.26;1;0
6699;2531.77;50;0.29;1;0
6700;2893.45;50;0.25;1;0
6701;2580.65;50;0.29;1;0
6702;2961.88;50;0.26;1;0
6703;2570.87;50;0.30;1;0
6704;2844.57;50;0.26;1;0
6705;2570.87;50;0.28;1;0
6706;2873.90;50;0.26;1;0
6707;2570.87;50;0.29;1;0
6708;2864.13;50;0.26;1;0
6709;2570.87;50;0.29;1;0
6710;2785.92;50;0.26;1;0
6711;2521.99;50;0.28;1;0
6712;2864.13;50;0.25;1;0
6713;2531.77;50;0.29;1;0
6714;2815.25;50;0.25;1;0
6715;2551.32;50;0.28;1;0
6716;2883.68;50;0.26;1;0
6717;2531.77;50;0.29;1;0
6718;2785.92;50;0.25;1;0
6719;2434.02;50;0.28;1;0
6720;2942.33;50;0.24;1;0
6721;2385.14;50;0.29;1;0
6722;2903.23;50;0.24;1;0
6723;2365.59;50;0.29;1;0
6724;2922.78;50;0.24;1;0
6725;2385.14;50;0.29;1;0
6726;2893.45;50;0.24;1;0
6727;2453.57;50;0.29;1;0
6728;2893.45;50;0.25;1;0
6729;2385.14;50;0.29;1;0
6730;2864.13;50;0.24;1;0
6731;2346.04;50;0.29;1;0
6732;2873.90;50;0.23;1;0
6733;2365.59;50;0.29;1;0
6734;2805.47;50;0.24;1;0
6735;2346.04;50;0.28;1;0
6736;2795.70;50;0.23;1;0
6737;2424.24;50;0.28;1;0
6738;2825.02;50;0.24;1;0
6739;2434.02;50;0.28;1;0
6740;2795.70;50;0.24;1;0
6741;2463.34;50;0.28;1;0
6742;2785.92;50;0.25;1;0
6743;2424.24;50;0.28;1;0
6744;2864.13;50;0.24;1;0
6745;2394.92;50;0.29;1;0
6746;2825.02;50;0.24;1;0
6747;2434.02;50;0.28;1;0
6748;2844.57;50;0.24;1;0
6749;2355.82;50;0.28;1;0
6750;2795.70;50;0.24;1;0
6751;2424.24;50;0.28;1;0
6752;2825.02;50;0.24;1;0
6753;2424.24;50;0.28;1;0
6754;2864.13;50;0.24;1;0
6755;2375.37;50;0.29;1;0
6756;2805.47;50;0.24;1;0
6757;2375.37;50;0.28;1;0
6758;2913.00;50;0.24;1;0
6759;2453.57;50;0.29;1;0
6760;2932.55;50;0.25;1;0
6761;2365.59;50;0.29;1;0
6762;2893.45;50;0.24;1;0
6763;2385.14;50;0.29;1;0
6764;2903.23;50;0.24;1;0
6765;2375.37;50;0.29;1;0
6766;2952.10;50;0.24;1;0
6767;2375.37;50;0.30;1;0
6768;2961.88;50;0.24;1;0
6769;2375.37;50;0.30;1;0
6770;2942.33;50;0.24;1;0
6771;2414.47;50;0.29;1;0
6772;2952.10;50;0.24;1;0
6773;2414.47;50;0.30;1;0
6774;2991.20;50;0.24;1;0
6775;2385.14;50;0.30;1;0
6776;3010.75;50;0.24;1;0
6777;2385.14;50;0.30;1;0
6778;3000.98;50;0.24;1;0
6779;2404.69;50;0.30;1;0
6780;3000.98;50;0.24;1;0
6781;2434.02;50;0.30;1;0
6782;3010.75;50;0.24;1;0
6783;2424.24;50;0.30;1;0
6784;3020.53;50;0.24;1;0
6785;2414.47;50;0.30;1;0
6786;3040.08;50;0.24;1;0
6787;2424.24;50;0.30;1;0
6788;3030.30;50;0.24;1;0
6789;2434.02;50;0.30;1;0
6790;3069.40;50;0.24;1;0
6791;2453.57;50;0.31;1;0
6792;3059.63;50;0.25;1;0
6793;2482.89;50;0.31;1;0
6794;3069.40;50;0.25;1;0
6795;2463.34;50;0.31;1;0
6796;3059.63;50;0.25;1;0
6797;2502.44;50;0.31;1;0
6798;3020.53;50;0.25;1;0
6799;2541.54;50;0.30;1;0
6800;3088.95;50;0.25;1;0
6801;2531.77;50;0.31;1;0
6802;3088.95;50;0.25;1;0
6803;2531.77;50;0.31;1;0
6804;3020.53;50;0.25;1;0
6805;2502.44;50;0.30;1;0
6806;3079.18;50;0.25;1;0
6807;2541.54;50;0.31;1;0
6808;3030.30;50;0.25;1;0
6809;2531.77;50;0.30;1;0
6810;3040.08;50;0.25;1;0
6811;2463.34;50;0.30;1;0
6812;3079.18;50;0.25;1;0
6813;2492.67;50;0.31;1;0
6814;3098.73;50;0.25;1;0
6815;2502.44;50;0.31;1;0
6816;3098.73;50;0.25;1;0
6817;2521.99;50;0.31;1;0
6818;3108.50;50;0.25;1;0
6819;2473.12;50;0.31;1;0
6820;3069.40;50;0.25;1;0
6821;2482.89;50;0.31;1;0
6822;3088.95;50;0.25;1;0
6823;2463.34;50;0.31;1;0
6824;3049.85;50;0.25;1;0
6825;2492.67;50;0.30;1;0
6826;3049.85;50;0.25;1;0
6827;2512.22;50;0.30;1;0
6828;3069.40;50;0.25;1;0
6829;2521.99;50;0.31;1;0
6830;3088.95;50;0.25;1;0
6831;2512.22;50;0.31;1;0
6832;2991.20;50;0.25;1;0
6833;2482.89;50;0.30;1;0
6834;3010.75;50;0.25;1;0
6835;2502.44;50;0.30;1;0
6836;3010.75;50;0.25;1;0
6837;2512.22;50;0.30;1;0
6838;2981.43;50;0.25;1;0
6839;2512.22;50;0.30;1;0
6840;2942.33;50;0.25;1;0
6841;2531.77;50;0.29;1;0
6842;2952.10;50;0.25;1;0
6843;2502.44;50;0.30;1;0
6844;2893.45;50;0.25;1;0
6845;2492.67;50;0.29;1;0
6846;2952.10;50;0.25;1;0
6847;2551.32;50;0.30;1;0
6848;2893.45;50;0.26;1;0
6849;2482.89;50;0.29;1;0
6850;2952.10;50;0.25;1;0
6851;2463.34;50;0.30;1;0
6852;2961.88;50;0.25;1;0
6853;2482.89;50;0.30;1;0
6854;2942.33;50;0.25;1;0
6855;2492.67;50;0.29;1;0
6856;2903.23;50;0.25;1;0
6857;2482.89;50;0.29;1;0
6858;2903.23;50;0.25;1;0
6859;2551.32;50;0.29;1;0
6860;2913.00;50;0.26;1;0
6861;2541.54;50;0.29;1;0
6862;2883.68;50;0.25;1;0
6863;2561.09;50;0.29;1;0
6864;2893.45;50;0.26;1;0
6865;2570.87;50;0.29;1;0
6866;2873.90;50;0.26;1;0
6867;2609.97;50;0.29;1;0
6868;2854.35;50;0.26;1;0
6869;2609.97;50;0.29;1;0
6870;2893.45;50;0.26;1;0
6871;2629.52;50;0.29;1;0
6872;2854.35;50;0.26;1;0
6873;2649.07;50;0.29;1;0
6874;2844.57;50;0.26;1;0
6875;2707.72;50;0.28;1;0
6876;2776.15;50;0.27;1;0
6877;2766.37;50;0.28;1;0
6878;2922.78;50;0.28;1;0
6879;2639.30;50;0.29;1;0
6880;2952.10;50;0.26;1;0
6881;2639.30;50;0.30;1;0
6882;2903.23;50;0.26;1;0
6883;2688.17;50;0.29;1;0
6884;2913.00;50;0.27;1;0
6885;2688.17;50;0.29;1;0
6886;2922.78;50;0.27;1;0
6887;2737.05;50;0.29;1;0
6888;2864.13;50;0.27;1;0
6889;2737.05;50;0.29;1;0
6890;2903.23;50;0.27;1;0
6891;2776.15;50;0.29;1;0
6892;2834.80;50;0.28;1;0
6893;2805.47;50;0.28;1;0
6894;2805.47;50;0.28;1;0
6895;2834.80;50;0.28;1;0
6896;2795.70;50;0.28;1;0
6897;2883.68;50;0.28;1;0
6898;2834.80;50;0.29;1;0
6899;2864.13;50;0.28;1;0
6900;2825.02;50;0.29;1;0
6901;2932.55;50;0.28;1;0
6902;2834.80;50;0.29;1;0
6903;2971.65;50;0.28;1;0
6904;2834.80;50;0.30;1;0
6905;2991.20;50;0.28;1;0
6906;2815.25;50;0.30;1;0
6907;2913.00;50;0.28;1;0
6908;2942.33;50;0.29;1;0
6909;2932.55;50;0.29;1;0
6910;2893.45;50;0.29;1;0
6911;2952.10;50;0.29;1;0
6912;2893.45;50;0.30;1;0
6913;2922.78;50;0.29;1;0
6914;2971.65;50;0.29;1;0
6915;2961.88;50;0.30;1;0
6916;2991.20;50;0.30;1;0
6917;2913.00;50;0.30;1;0
6918;3040.08;50;0.29;1;0
6919;2961.88;50;0.30;1;0
6920;2942.33;50;0.30;1;0
6921;2991.20;50;0.29;1;0
6922;2971.65;50;0.30;1;0
6923;3049.85;50;0.30;1;0
6924;2942.33;50;0.30;1;0
6925;3069.40;50;0.29;1;0
6926;2971.65;50;0.31;1;0
6927;3128.05;50;0.30;1;0
6928;3010.75;50;0.31;1;0
6929;3098.73;50;0.30;1;0
6930;2942.33;50;0.31;1;0
6931;3118.28;50;0.29;1;0
6932;2952.10;50;0.31;1;0
6933;3118.28;50;0.30;1;0
6934;2893.45;50;0.31;1;0
6935;3147.61;50;0.29;1;0
6936;2913.00;50;0.31;1;0
6937;3167.16;50;0.29;1;0
6938;2961.88;50;0.32;1;0
6939;3157.38;50;0.30;1;0
6940;2942.33;50;0.32;1;0
6941;3216.03;50;0.29;1;0
6942;2961.88;50;0.32;1;0
6943;3216.03;50;0.30;1;0
6944;2883.68;50;0.32;1;0
6945;3264.91;50;0.29;1;0
6946;2903.23;50;0.33;1;0
6947;3264.91;50;0.29;1;0
6948;2854.35;50;0.33;1;0
6949;3245.36;50;0.29;1;0
6950;2834.80;50;0.32;1;0
6951;3225.81;50;0.28;1;0
6952;2844.57;50;0.32;1;0
6953;3343.11;50;0.28;1;0
6954;2834.80;50;0.33;1;0
6955;3284.46;50;0.28;1;0
6956;2873.90;50;0.33;1;0
6957;3274.68;50;0.29;1;0
6958;2785.92;50;0.33;1;0
6959;3343.11;50;0.28;1;0
6960;2815.25;50;0.33;1;0
6961;3274.68;50;0.28;1;0
6962;2805.47;50;0.33;1;0
6963;3313.78;50;0.28;1;0
6964;2795.70;50;0.33;1;0
6965;3323.56;50;0.28;1;0
6966;2922.78;50;0.33;1;0
6967;3216.03;50;0.29;1;0
6968;2873.90;50;0.32;1;0
6969;3245.36;50;0.29;1;0
6970;2785.92;50;0.32;1;0
6971;3274.68;50;0.28;1;0
6972;2834.80;50;0.33;1;0
6973;3284.46;50;0.28;1;0
6974;2834.80;50;0.33;1;0
6975;3255.13;50;0.28;1;0
6976;2795.70;50;0.33;1;0
6977;3264.91;50;0.28;1;0
6978;2883.68;50;0.33;1;0
6979;3304.01;50;0.29;1;0
6980;2785.92;50;0.33;1;0
6981;3323.56;50;0.28;1;0
6982;2913.00;50;0.33;1;0
6983;3304.01;50;0.29;1;0
6984;2893.45;50;0.33;1;0
6985;3333.33;50;0.29;1;0
6986;2795.70;50;0.33;1;0
6987;3333.33;50;0.28;1;0
6988;2844.57;50;0.33;1;0
6989;3372.43;50;0.28;1;0
6990;2815.25;50;0.34;1;0
6991;3372.43;50;0.28;1;0
6992;2864.13;50;0.34;1;0
6993;3411.53;50;0.29;1;0
6994;2825.02;50;0.34;1;0
6995;3411.53;50;0.28;1;0
6996;2864.13;50;0.34;1;0
6997;3411.53;50;0.29;1;0
6998;2864.13;50;0.34;1;0
6999;3431.09;50;0.29;1;0
7000;2854.35;50;0.34;1;0
7001;3391.98;50;0.29;1;0
7002;2893.45;50;0.34;1;0
7003;3411.53;50;0.29;1;0
7004;2854.35;50;0.34;1;0
7005;3421.31;50;0.29;1;0
7006;2883.68;50;0.34;1;0
7007;3440.86;50;0.29;1;0
7008;2873.90;50;0.34;1;0
7009;3440.86;50;0.29;1;0
7010;2922.78;50;0.34;1;0
7011;3489.74;50;0.29;1;0
7012;2893.45;50;0.35;1;0
7013;3460.41;50;0.29;1;0
7014;2854.35;50;0.35;1;0
7015;3489.74;50;0.29;1;0
7016;2873.90;50;0.35;1;0
7017;3499.51;50;0.29;1;0
7018;2913.00;50;0.35;1;0
7019;3509.29;50;0.29;1;0
7020;2854.35;50;0.35;1;0
7021;3489.74;50;0.29;1;0
7022;2893.45;50;0.35;1;0
7023;3538.61;50;0.29;1;0
7024;2981.43;50;0.35;1;0
7025;3577.71;50;0.30;1;0
7026;2932.55;50;0.36;1;0
7027;3567.94;50;0.29;1;0
7028;2942.33;50;0.36;1;0
7029;3538.61;50;0.29;1;0
7030;2971.65;50;0.35;1;0
7031;3567.94;50;0.30;1;0
7032;2981.43;50;0.36;1;0
7033;3577.71;50;0.30;1;0
7034;3020.53;50;0.36;1;0
7035;3577.71;50;0.30;1;0
7036;3030.30;50;0.36;1;0
7037;3597.26;50;0.30;1;0
7038;3049.85;50;0.36;1;0
7039;3587.49;50;0.30;1;0
7040;3059.63;50;0.36;1;0
7041;3587.49;50;0.31;1;0
7042;3049.85;50;0.36;1;0
7043;3577.71;50;0.30;1;0
7044;3108.50;50;0.36;1;0
7045;3548.39;50;0.31;1;0
7046;3128.05;50;0.35;1;0
7047;3411.53;50;0.31;1;0
7048;3245.36;50;0.34;1;0
7049;3460.41;50;0.32;1;0
7050;3235.58;50;0.35;1;0
7051;3440.86;50;0.32;1;0
7052;3235.58;50;0.34;1;0
7053;3382.21;50;0.32;1;0
7054;3294.23;50;0.34;1;0
7055;3294.23;50;0.33;1;0
7056;3372.43;50;0.33;1;0
7057;3304.01;50;0.34;1;0
7058;3411.53;50;0.33;1;0
7059;3264.91;50;0.34;1;0
7060;3401.76;50;0.33;1;0
7061;3235.58;50;0.34;1;0
7062;3391.98;50;0.32;1;0
7063;3284.46;50;0.34;1;0
7064;3440.86;50;0.33;1;0
7065;3206.26;50;0.34;1;0
7066;3450.64;50;0.32;1;0
7067;3225.81;50;0.35;1;0
7068;3499.51;50;0.32;1;0
7069;3245.36;50;0.35;1;0
7070;3440.86;50;0.32;1;0
7071;3216.03;50;0.34;1;0
7072;3489.74;50;0.32;1;0
7073;3225.81;50;0.35;1;0
7074;3489.74;50;0.32;1;0
7075;3167.16;50;0.35;1;0
7076;3509.29;50;0.32;1;0
7077;3196.48;50;0.35;1;0
7078;3440.86;50;0.32;1;0
7079;3186.71;50;0.34;1;0
7080;3450.64;50;0.32;1;0
7081;3079.18;50;0.35;1;0
7082;3499.51;50;0.31;1;0
7083;3128.05;50;0.35;1;0
7084;3479.96;50;0.31;1;0
7085;3020.53;50;0.35;1;0
7086;3528.84;50;0.30;1;0
7087;3098.73;50;0.35;1;0
7088;3548.39;50;0.31;1;0
7089;3049.85;50;0.35;1;0
7090;3528.84;50;0.30;1;0
7091;3010.75;50;0.35;1;0
7092;3538.61;50;0.30;1;0
7093;3040.08;50;0.35;1;0
7094;3597.26;50;0.30;1;0
7095;3020.53;50;0.36;1;0
7096;3538.61;50;0.30;1;0
7097;3049.85;50;0.35;1;0
7098;3519.06;50;0.30;1;0
7099;3147.61;50;0.35;1;0
7100;3460.41;50;0.31;1;0
7101;3098.73;50;0.35;1;0
7102;3577.71;50;0.31;1;0
7103;3059.63;50;0.36;1;0
7104;3567.94;50;0.31;1;0
7105;3079.18;50;0.36;1;0
7106;3548.39;50;0.31;1;0
7107;3030.30;50;0.35;1;0
7108;3558.16;50;0.30;1;0
7109;3059.63;50;0.36;1;0
7110;3558.16;50;0.31;1;0
7111;3069.40;50;0.36;1;0
7112;3597.26;50;0.31;1;0
7113;3030.30;50;0.36;1;0
7114;3587.49;50;0.30;1;0
7115;3030.30;50;0.36;1;0
7116;3626.59;50;0.30;1;0
7117;3059.63;50;0.36;1;0
7118;3587.49;50;0.31;1;0
7119;3049.85;50;0.36;1;0
7120;3616.81;50;0.30;1;0
7121;3030.30;50;0.36;1;0
7122;3636.36;50;0.30;1;0
7123;3069.40;50;0.36;1;0
7124;3646.14;50;0.31;1;0
7125;3069.40;50;0.36;1;0
7126;3655.91;50;0.31;1;0
7127;3069.40;50;0.37;1;0
7128;3675.46;50;0.31;1;0
7129;3069.40;50;0.37;1;0
7130;3655.91;50;0.31;1;0
7131;3069.40;50;0.37;1;0
7132;3714.57;50;0.31;1;0
7133;3069.40;50;0.37;1;0
7134;3665.69;50;0.31;1;0
7135;3079.18;50;0.37;1;0
7136;3704.79;50;0.31;1;0
7137;3069.40;50;0.37;1;0
7138;3714.57;50;0.31;1;0
7139;3118.28;50;0.37;1;0
7140;3714.57;50;0.31;1;0
7141;3128.05;50;0.37;1;0
7142;3724.34;50;0.31;1;0
7143;3167.16;50;0.37;1;0
7144;3743.89;50;0.32;1;0
7145;3157.38;50;0.37;1;0
7146;3714.57;50;0.32;1;0
7147;3206.26;50;0.37;1;0
7148;3743.89;50;0.32;1;0
7149;3225.81;50;0.37;1;0
7150;3734.12;50;0.32;1;0
7151;3186.71;50;0.37;1;0
7152;3773.22;50;0.32;1;0
7153;3284.46;50;0.38;1;0
7154;3724.34;50;0.33;1;0
7155;3264.91;50;0.37;1;0
7156;3792.77;50;0.33;1;0
7157;3235.58;50;0.38;1;0
7158;3773.22;50;0.32;1;0
7159;3274.68;50;0.38;1;0
7160;3792.77;50;0.33;1;0
7161;3255.13;50;0.38;1;0
7162;3792.77;50;0.33;1;0
7163;3304.01;50;0.38;1;0
7164;3792.77;50;0.33;1;0
7165;3304.01;50;0.38;1;0
7166;3831.87;50;0.33;1;0
7167;3284.46;50;0.38;1;0
7168;3792.77;50;0.33;1;0
7169;3352.88;50;0.38;1;0
7170;3802.54;50;0.34;1;0
7171;3294.23;50;0.38;1;0
7172;3655.91;50;0.33;1;0
7173;3499.51;50;0.37;1;0
7174;3616.81;50;0.35;1;0
7175;3509.29;50;0.36;1;0
7176;3616.81;50;0.35;1;0
7177;3470.19;50;0.36;1;0
7178;3655.91;50;0.35;1;0
7179;3401.76;50;0.37;1;0
7180;3753.67;50;0.34;1;0
7181;3440.86;50;0.38;1;0
7182;3675.46;50;0.34;1;0
7183;3440.86;50;0.37;1;0
7184;3655.91;50;0.34;1;0
7185;3489.74;50;0.37;1;0
7186;3675.46;50;0.35;1;0
7187;3440.86;50;0.37;1;0
7188;3577.71;50;0.34;1;0
7189;3460.41;50;0.36;1;0
7190;3607.04;50;0.35;1;0
7191;3460.41;50;0.36;1;0
7192;3538.61;50;0.35;1;0
7193;3548.39;50;0.35;1;0
7194;3597.26;50;0.35;1;0
7195;3567.94;50;0.36;1;0
7196;3489.74;50;0.36;1;0
7197;3528.84;50;0.35;1;0
7198;3499.51;50;0.35;1;0
7199;3548.39;50;0.35;1;0
7200;3440.86;50;0.35;1;0
7201;3538.61;50;0.34;1;0
7202;3450.64;50;0.35;1;0
7203;3587.49;50;0.35;1;0
7204;3401.76;50;0.36;1;0
7205;3587.49;50;0.34;1;0
7206;3440.86;50;0.36;1;0
7207;3597.26;50;0.34;1;0
7208;3509.29;50;0.36;1;0
7209;3548.39;50;0.35;1;0
7210;3499.51;50;0.35;1;0
7211;3509.29;50;0.35;1;0
7212;3431.09;50;0.35;1;0
7213;3558.16;50;0.34;1;0
7214;3421.31;50;0.36;1;0
7215;3558.16;50;0.34;1;0
7216;3382.21;50;0.36;1;0
7217;3519.06;50;0.34;1;0
7218;3372.43;50;0.35;1;0
7219;3538.61;50;0.34;1;0
7220;3343.11;50;0.35;1;0
7221;3538.61;50;0.33;1;0
7222;3304.01;50;0.35;1;0
7223;3567.94;50;0.33;1;0
7224;3284.46;50;0.36;1;0
7225;3685.24;50;0.33;1;0
7226;3206.26;50;0.37;1;0
7227;3597.26;50;0.32;1;0
7228;3245.36;50;0.36;1;0
7229;3646.14;50;0.32;1;0
7230;3167.16;50;0.36;1;0
7231;3558.16;50;0.32;1;0
7232;3206.26;50;0.36;1;0
7233;3607.04;50;0.32;1;0
7234;3235.58;50;0.36;1;0
7235;3519.06;50;0.32;1;0
7236;3245.36;50;0.35;1;0
7237;3519.06;50;0.32;1;0
7238;3264.91;50;0.35;1;0
7239;3528.84;50;0.33;1;0
7240;3206.26;50;0.35;1;0
7241;3548.39;50;0.32;1;0
7242;3245.36;50;0.35;1;0
7243;3411.53;50;0.32;1;0
7244;3245.36;50;0.34;1;0
7245;3421.31;50;0.32;1;0
7246;3216.03;50;0.34;1;0
7247;3499.51;50;0.32;1;0
7248;3176.93;50;0.35;1;0
7249;3421.31;50;0.32;1;0
7250;3176.93;50;0.34;1;0
7251;3391.98;50;0.32;1;0
7252;3147.61;50;0.34;1;0
7253;3411.53;50;0.31;1;0
7254;3167.16;50;0.34;1;0
7255;3421.31;50;0.32;1;0
7256;3118.28;50;0.34;1;0
7257;3372.43;50;0.31;1;0
7258;3079.18;50;0.34;1;0
7259;3440.86;50;0.31;1;0
7260;3049.85;50;0.34;1;0
7261;3421.31;50;0.30;1;0
7262;3049.85;50;0.34;1;0
7263;3411.53;50;0.30;1;0
7264;3000.98;50;0.34;1;0
7265;3411.53;50;0.30;1;0
7266;2942.33;50;0.34;1;0
7267;3411.53;50;0.29;1;0
7268;2961.88;50;0.34;1;0
7269;3323.56;50;0.30;1;0
7270;2971.65;50;0.33;1;0
7271;3343.11;50;0.30;1;0
7272;2922.78;50;0.33;1;0
7273;3343.11;50;0.29;1;0
7274;2864.13;50;0.33;1;0
7275;3382.21;50;0.29;1;0
7276;2834.80;50;0.34;1;0
7277;3333.33;50;0.28;1;0
7278;2805.47;50;0.33;1;0
7279;3343.11;50;0.28;1;0
7280;2746.82;50;0.33;1;0
7281;3304.01;50;0.27;1;0
7282;2746.82;50;0.33;1;0
7283;3284.46;50;0.27;1;0
7284;2707.72;50;0.33;1;0
7285;3235.58;50;0.27;1;0
7286;2658.85;50;0.32;1;0
7287;3235.58;50;0.27;1;0
7288;2590.42;50;0.32;1;0
7289;3176.93;50;0.26;1;0
7290;2609.97;50;0.32;1;0
7291;3167.16;50;0.26;1;0
7292;2531.77;50;0.32;1;0
7293;3147.61;50;0.25;1;0
7294;2531.77;50;0.31;1;0
7295;3049.85;50;0.25;1;0
7296;2482.89;50;0.30;1;0
7297;3079.18;50;0.25;1;0
7298;2463.34;50;0.31;1;0
7299;3010.75;50;0.25;1;0
7300;2404.69;50;0.30;1;0
7301;2971.65;50;0.24;1;0
7302;2414.47;50;0.30;1;0
7303;2961.88;50;0.24;1;0
7304;2394.92;50;0.30;1;0
7305;2883.68;50;0.24;1;0
7306;2336.27;50;0.29;1;0
7307;2873.90;50;0.23;1;0
7308;2355.82;50;0.29;1;0
7309;2776.15;50;0.24;1;0
7310;2287.39;50;0.28;1;0
7311;2785.92;50;0.23;1;0
7312;2287.39;50;0.28;1;0
7313;2756.60;50;0.23;1;0
7314;2258.06;50;0.28;1;0
7315;2746.82;50;0.23;1;0
7316;2238.51;50;0.27;1;0
7317;2746.82;50;0.22;1;0
7318;2218.96;50;0.27;1;0
7319;2766.37;50;0.22;1;0
7320;2160.31;50;0.28;1;0
7321;2697.95;50;0.22;1;0
7322;2130.99;50;0.27;1;0
7323;2697.95;50;0.21;1;0
7324;2111.44;50;0.27;1;0
7325;2707.72;50;0.21;1;0
7326;2111.44;50;0.27;1;0
7327;2678.40;50;0.21;1;0
7328;2091.89;50;0.27;1;0
7329;2707.72;50;0.21;1;0
7330;2072.34;50;0.27;1;0
7331;2697.95;50;0.21;1;0
7332;2033.24;50;0.27;1;0
7333;2649.07;50;0.20;1;0
7334;2043.01;50;0.26;1;0
7335;2678.40;50;0.20;1;0
7336;2003.91;50;0.27;1;0
7337;2668.62;50;0.20;1;0
7338;2082.11;50;0.27;1;0
7339;2668.62;50;0.21;1;0
7340;2033.24;50;0.27;1;0
7341;2658.85;50;0.20;1;0
7342;2072.34;50;0.27;1;0
7343;2668.62;50;0.21;1;0
7344;2062.56;50;0.27;1;0
7345;2668.62;50;0.21;1;0
7346;2062.56;50;0.27;1;0
7347;2668.62;50;0.21;1;0
7348;2082.11;50;0.27;1;0
7349;2688.17;50;0.21;1;0
7350;2072.34;50;0.27;1;0
7351;2668.62;50;0.21;1;0
7352;2072.34;50;0.27;1;0
7353;2668.62;50;0.21;1;0
7354;2150.54;50;0.27;1;0
7355;2678.40;50;0.22;1;0
7356;2130.99;50;0.27;1;0
7357;2688.17;50;0.21;1;0
7358;2170.09;50;0.27;1;0
7359;2737.05;50;0.22;1;0
7360;2150.54;50;0.27;1;0
7361;2727.27;50;0.22;1;0
7362;2121.21;50;0.27;1;0
7363;2737.05;50;0.21;1;0
7364;2170.09;50;0.27;1;0
7365;2766.37;50;0.22;1;0
7366;2170.09;50;0.28;1;0
7367;2776.15;50;0.22;1;0
7368;2160.31;50;0.28;1;0
7369;2795.70;50;0.22;1;0
7370;2170.09;50;0.28;1;0
7371;2795.70;50;0.22;1;0
7372;2209.19;50;0.28;1;0
7373;2805.47;50;0.22;1;0
7374;2238.51;50;0.28;1;0
7375;2854.35;50;0.22;1;0
7376;2238.51;50;0.29;1;0
7377;2844.57;50;0.22;1;0
7378;2287.39;50;0.28;1;0
7379;2873.90;50;0.23;1;0
7380;2228.74;50;0.29;1;0
7381;2873.90;50;0.22;1;0
7382;2287.39;50;0.29;1;0
7383;2864.13;50;0.23;1;0
7384;2336.27;50;0.29;1;0
7385;2913.00;50;0.23;1;0
7386;2365.59;50;0.29;1;0
7387;2913.00;50;0.24;1;0
7388;2365.59;50;0.29;1;0
7389;2903.23;50;0.24;1;0
7390;2424.24;50;0.29;1;0
7391;2952.10;50;0.24;1;0
7392;2443.79;50;0.30;1;0
7393;2952.10;50;0.24;1;0
7394;2414.47;50;0.30;1;0
7395;2981.43;50;0.24;1;0
7396;2443.79;50;0.30;1;0
7397;2991.20;50;0.24;1;0
7398;2443.79;50;0.30;1;0
7399;2991.20;50;0.24;1;0
7400;2473.12;50;0.30;1;0
7401;3049.85;50;0.25;1;0
7402;2473.12;50;0.30;1;0
7403;2991.20;50;0.25;1;0
7404;2521.99;50;0.30;1;0
7405;2991.20;50;0.25;1;0
7406;2521.99;50;0.30;1;0
7407;2952.10;50;0.25;1;0
7408;2570.87;50;0.30;1;0
7409;3030.30;50;0.26;1;0
7410;2570.87;50;0.30;1;0
7411;3010.75;50;0.26;1;0
7412;2551.32;50;0.30;1;0
7413;3010.75;50;0.26;1;0
7414;2600.20;50;0.30;1;0
7415;2961.88;50;0.26;1;0
7416;2590.42;50;0.30;1;0
7417;3000.98;50;0.26;1;0
7418;2580.65;50;0.30;1;0
7419;2922.78;50;0.26;1;0
7420;2639.30;50;0.29;1;0
7421;2971.65;50;0.26;1;0
7422;2561.09;50;0.30;1;0
7423;2971.65;50;0.26;1;0
7424;2561.09;50;0.30;1;0
7425;3049.85;50;0.26;1;0
7426;2580.65;50;0.30;1;0
7427;2991.20;50;0.26;1;0
7428;2639.30;50;0.30;1;0
7429;2932.55;50;0.26;1;0
7430;2561.09;50;0.29;1;0
7431;2981.43;50;0.26;1;0
7432;2668.62;50;0.30;1;0
7433;2922.78;50;0.27;1;0
7434;2639.30;50;0.29;1;0
7435;2844.57;50;0.26;1;0
7436;2600.20;50;0.28;1;0
7437;2903.23;50;0.26;1;0
7438;2727.27;50;0.29;1;0
7439;2834.80;50;0.27;1;0
7440;2697.95;50;0.28;1;0
7441;2864.13;50;0.27;1;0
7442;2639.30;50;0.29;1;0
7443;2825.02;50;0.26;1;0
7444;2688.17;50;0.28;1;0
7445;2785.92;50;0.27;1;0
7446;2737.05;50;0.28;1;0
7447;2766.37;50;0.27;1;0
7448;2766.37;50;0.28;1;0
7449;2756.60;50;0.28;1;0
7450;2785.92;50;0.28;1;0
7451;2727.27;50;0.28;1;0
7452;2707.72;50;0.27;1;0
7453;2795.70;50;0.27;1;0
7454;2697.95;50;0.28;1;0
7455;2776.15;50;0.27;1;0
7456;2707.72;50;0.28;1;0
7457;2776.15;50;0.27;1;0
7458;2590.42;50;0.28;1;0
7459;2903.23;50;0.26;1;0
7460;2590.42;50;0.29;1;0
7461;2834.80;50;0.26;1;0
7462;2668.62;50;0.28;1;0
7463;2873.90;50;0.27;1;0
7464;2668.62;50;0.29;1;0
7465;2795.70;50;0.27;1;0
7466;2678.40;50;0.28;1;0
7467;2825.02;50;0.27;1;0
7468;2727.27;50;0.28;1;0
7469;2854.35;50;0.27;1;0
7470;2707.72;50;0.29;1;0
7471;2844.57;50;0.27;1;0
7472;2707.72;50;0.28;1;0
7473;2825.02;50;0.27;1;0
7474;2825.02;50;0.28;1;0
7475;2825.02;50;0.28;1;0
7476;2805.47;50;0.28;1;0
7477;2766.37;50;0.28;1;0
7478;2844.57;50;0.28;1;0
7479;2756.60;50;0.28;1;0
7480;2883.68;50;0.28;1;0
7481;2756.60;50;0.29;1;0
7482;2864.13;50;0.28;1;0
7483;2737.05;50;0.29;1;0
7484;2893.45;50;0.27;1;0
7485;2756.60;50;0.29;1;0
7486;2932.55;50;0.28;1;0
7487;2766.37;50;0.29;1;0
7488;2913.00;50;0.28;1;0
7489;2746.82;50;0.29;1;0
7490;2991.20;50;0.27;1;0
7491;2756.60;50;0.30;1;0
7492;2981.43;50;0.28;1;0
7493;2805.47;50;0.30;1;0
7494;3020.53;50;0.28;1;0
7495;2658.85;50;0.30;1;0
7496;2942.33;50;0.27;1;0
7497;2766.37;50;0.29;1;0
7498;2991.20;50;0.28;1;0
7499;2746.82;50;0.30;1;0
7500;3040.08;50;0.27;1;0
7501;2717.50;50;0.30;1;0
7502;3088.95;50;0.27;1;0
7503;2756.60;50;0.31;1;0
7504;3079.18;50;0.28;1;0
7505;2727.27;50;0.31;1;0
7506;3118.28;50;0.27;1;0
7507;2639.30;50;0.31;1;0
7508;3255.13;50;0.26;1;0
7509;2688.17;50;0.33;1;0
7510;3235.58;50;0.27;1;0
7511;2697.95;50;0.32;1;0
7512;3284.46;50;0.27;1;0
7513;2727.27;50;0.33;1;0
7514;3294.23;50;0.27;1;0
7515;2707.72;50;0.33;1;0
7516;3284.46;50;0.27;1;0
7517;2737.05;50;0.33;1;0
7518;3304.01;50;0.27;1;0
7519;2717.50;50;0.33;1;0
7520;3352.88;50;0.27;1;0
7521;2697.95;50;0.34;1;0
7522;3333.33;50;0.27;1;0
7523;2737.05;50;0.33;1;0
7524;3313.78;50;0.27;1;0
7525;2746.82;50;0.33;1;0
7526;3343.11;50;0.27;1;0
7527;2737.05;50;0.33;1;0
7528;3333.33;50;0.27;1;0
7529;2727.27;50;0.33;1;0
7530;3333.33;50;0.27;1;0
7531;2707.72;50;0.33;1;0
7532;3352.88;50;0.27;1;0
7533;2727.27;50;0.34;1;0
7534;3304.01;50;0.27;1;0
7535;2746.82;50;0.33;1;0
7536;3343.11;50;0.27;1;0
7537;2727.27;50;0.33;1;0
7538;3352.88;50;0.27;1;0
7539;2727.27;50;0.34;1;0
7540;3294.23;50;0.27;1;0
7541;2737.05;50;0.33;1;0
7542;3313.78;50;0.27;1;0
7543;2746.82;50;0.33;1;0
7544;3304.01;50;0.27;1;0
7545;2756.60;50;0.33;1;0
7546;3294.23;50;0.28;1;0
7547;2737.05;50;0.33;1;0
7548;3294.23;50;0.27;1;0
7549;2746.82;50;0.33;1;0
7550;3294.23;50;0.27;1;0
7551;2746.82;50;0.33;1;0
7552;3274.68;50;0.27;1;0
7553;2737.05;50;0.33;1;0
7554;3294.23;50;0.27;1;0
7555;2776.15;50;0.33;1;0
7556;3284.46;50;0.28;1;0
7557;2717.50;50;0.33;1;0
7558;3264.91;50;0.27;1;0
7559;2697.95;50;0.33;1;0
7560;3274.68;50;0.27;1;0
7561;2717.50;50;0.33;1;0
7562;3274.68;50;0.27;1;0
7563;2678.40;50;0.33;1;0
7564;3274.68;50;0.27;1;0
7565;2678.40;50;0.33;1;0
7566;3284.46;50;0.27;1;0
7567;2619.75;50;0.33;1;0
7568;3274.68;50;0.26;1;0
7569;2658.85;50;0.33;1;0
7570;3274.68;50;0.27;1;0
7571;2629.52;50;0.33;1;0
7572;3245.36;50;0.26;1;0
7573;2678.40;50;0.32;1;0
7574;3255.13;50;0.27;1;0
7575;2649.07;50;0.33;1;0
7576;3245.36;50;0.26;1;0
7577;2639.30;50;0.32;1;0
7578;3245.36;50;0.26;1;0
7579;2609.97;50;0.32;1;0
7580;3216.03;50;0.26;1;0
7581;2619.75;50;0.32;1;0
7582;3225.81;50;0.26;1;0
7583;2668.62;50;0.32;1;0
7584;3206.26;50;0.27;1;0
7585;2658.85;50;0.32;1;0
7586;3196.48;50;0.27;1;0
7587;2639.30;50;0.32;1;0
7588;3196.48;50;0.26;1;0
7589;2668.62;50;0.32;1;0
7590;3176.93;50;0.27;1;0
7591;2697.95;50;0.32;1;0
7592;3186.71;50;0.27;1;0
7593;2697.95;50;0.32;1;0
7594;3167.16;50;0.27;1;0
7595;2707.72;50;0.32;1;0
7596;3147.61;50;0.27;1;0
7597;2717.50;50;0.31;1;0
7598;3128.05;50;0.27;1;0
7599;2737.05;50;0.31;1;0
7600;3157.38;50;0.27;1;0
7601;2766.37;50;0.32;1;0
7602;3167.16;50;0.28;1;0
7603;2805.47;50;0.32;1;0
7604;3196.48;50;0.28;1;0
7605;2795.70;50;0.32;1;0
7606;3059.63;50;0.28;1;0
7607;2815.25;50;0.31;1;0
7608;3088.95;50;0.28;1;0
7609;2864.13;50;0.31;1;0
7610;3098.73;50;0.29;1;0
7611;2844.57;50;0.31;1;0
7612;3108.50;50;0.28;1;0
7613;2873.90;50;0.31;1;0
7614;3020.53;50;0.29;1;0
7615;2942.33;50;0.30;1;0
7616;3069.40;50;0.29;1;0
7617;2873.90;50;0.31;1;0
7618;2971.65;50;0.29;1;0
7619;2942.33;50;0.30;1;0
7620;3167.16;50;0.29;1;0
7621;2834.80;50;0.32;1;0
7622;3137.83;50;0.28;1;0
7623;2854.35;50;0.31;1;0
7624;3118.28;50;0.29;1;0
7625;2913.00;50;0.31;1;0
7626;3147.61;50;0.29;1;0
7627;2795.70;50;0.31;1;0
7628;3157.38;50;0.28;1;0
7629;2805.47;50;0.32;1;0
7630;3206.26;50;0.28;1;0
7631;2834.80;50;0.32;1;0
7632;3206.26;50;0.28;1;0
7633;2873.90;50;0.32;1;0
7634;3118.28;50;0.29;1;0
7635;2854.35;50;0.31;1;0
7636;3128.05;50;0.29;1;0
7637;2913.00;50;0.31;1;0
7638;3147.61;50;0.29;1;0
7639;2952.10;50;0.31;1;0
7640;3108.50;50;0.30;1;0
7641;3010.75;50;0.31;1;0
7642;3108.50;50;0.30;1;0
7643;2942.33;50;0.31;1;0
7644;3030.30;50;0.29;1;0
7645;3010.75;50;0.30;1;0
7646;3040.08;50;0.30;1;0
7647;3000.98;50;0.30;1;0
7648;3020.53;50;0.30;1;0
7649;3147.61;50;0.30;1;0
7650;2932.55;50;0.31;1;0
7651;3147.61;50;0.29;1;0
7652;2932.55;50;0.31;1;0
7653;3147.61;50;0.29;1;0
7654;2942.33;50;0.31;1;0
7655;3167.16;50;0.29;1;0
7656;2913.00;50;0.32;1;0
7657;3235.58;50;0.29;1;0
7658;2776.15;50;0.32;1;0
7659;3157.38;50;0.28;1;0
7660;2854.35;50;0.32;1;0
7661;3235.58;50;0.29;1;0
7662;2795.70;50;0.32;1;0
7663;3225.81;50;0.28;1;0
7664;2746.82;50;0.32;1;0
7665;3167.16;50;0.27;1;0
7666;2766.37;50;0.32;1;0
7667;3264.91;50;0.28;1;0
7668;2678.40;50;0.33;1;0
7669;3225.81;50;0.27;1;0
7670;2707.72;50;0.32;1;0
7671;3235.58;50;0.27;1;0
7672;2785.92;50;0.32;1;0
7673;3186.71;50;0.28;1;0
7674;2737.05;50;0.32;1;0
7675;3225.81;50;0.27;1;0
7676;2756.60;50;0.32;1;0
7677;3176.93;50;0.28;1;0
7678;2727.27;50;0.32;1;0
7679;3147.61;50;0.27;1;0
7680;2737.05;50;0.31;1;0
7681;3128.05;50;0.27;1;0
7682;2737.05;50;0.31;1;0
7683;3108.50;50;0.27;1;0
7684;2737.05;50;0.31;1;0
7685;3167.16;50;0.27;1;0
7686;2697.95;50;0.32;1;0
7687;3098.73;50;0.27;1;0
7688;2727.27;50;0.31;1;0
7689;3167.16;50;0.27;1;0
7690;2609.97;50;0.32;1;0
7691;3157.38;50;0.26;1;0
7692;2639.30;50;0.32;1;0
7693;3186.71;50;0.26;1;0
7694;2639.30;50;0.32;1;0
7695;3176.93;50;0.26;1;0
7696;2658.85;50;0.32;1;0
7697;3157.38;50;0.27;1;0
7698;2639.30;50;0.32;1;0
7699;3186.71;50;0.26;1;0
7700;2590.42;50;0.32;1;0
7701;3245.36;50;0.26;1;0
7702;2580.65;50;0.32;1;0
7703;3206.26;50;0.26;1;0
7704;2580.65;50;0.32;1;0
7705;3245.36;50;0.26;1;0
7706;2590.42;50;0.32;1;0
7707;3206.26;50;0.26;1;0
7708;2649.07;50;0.32;1;0
7709;3264.91;50;0.26;1;0
7710;2619.75;50;0.33;1;0
7711;3225.81;50;0.26;1;0
7712;2600.20;50;0.32;1;0
7713;3216.03;50;0.26;1;0
7714;2629.52;50;0.32;1;0
7715;3216.03;50;0.26;1;0
7716;2629.52;50;0.32;1;0
7717;3216.03;50;0.26;1;0
7718;2600.20;50;0.32;1;0
7719;3216.03;50;0.26;1;0
7720;2649.07;50;0.32;1;0
7721;3216.03;50;0.26;1;0
7722;2658.85;50;0.32;1;0
7723;3176.93;50;0.27;1;0
7724;2658.85;50;0.32;1;0
7725;3225.81;50;0.27;1;0
7726;2668.62;50;0.32;1;0
7727;3206.26;50;0.27;1;0
7728;2697.95;50;0.32;1;0
7729;3206.26;50;0.27;1;0
7730;2707.72;50;0.32;1;0
7731;3176.93;50;0.27;1;0
7732;2688.17;50;0.32;1;0
7733;3196.48;50;0.27;1;0
7734;2717.50;50;0.32;1;0
7735;3167.16;50;0.27;1;0
7736;2717.50;50;0.32;1;0
7737;3147.61;50;0.27;1;0
7738;2737.05;50;0.31;1;0
7739;3186.71;50;0.27;1;0
7740;2795.70;50;0.32;1;0
7741;3157.38;50;0.28;1;0
7742;2785.92;50;0.32;1;0
7743;3196.48;50;0.28;1;0
7744;2873.90;50;0.32;1;0
7745;3137.83;50;0.29;1;0
7746;2913.00;50;0.31;1;0
7747;3098.73;50;0.29;1;0
7748;2854.35;50;0.31;1;0
7749;3069.40;50;0.29;1;0
7750;2844.57;50;0.31;1;0
7751;3137.83;50;0.28;1;0
7752;2903.23;50;0.31;1;0
7753;3137.83;50;0.29;1;0
7754;2893.45;50;0.31;1;0
7755;3186.71;50;0.29;1;0
7756;2815.25;50;0.32;1;0
7757;3216.03;50;0.28;1;0
7758;2903.23;50;0.32;1;0
7759;3274.68;50;0.29;1;0
7760;2825.02;50;0.33;1;0
7761;3274.68;50;0.28;1;0
7762;2844.57;50;0.33;1;0
7763;3245.36;50;0.28;1;0
7764;2834.80;50;0.32;1;0
7765;3235.58;50;0.28;1;0
7766;2854.35;50;0.32;1;0
7767;3255.13;50;0.29;1;0
7768;2913.00;50;0.33;1;0
7769;3235.58;50;0.29;1;0
7770;2922.78;50;0.32;1;0
7771;3225.81;50;0.29;1;0
7772;2942.33;50;0.32;1;0
7773;3108.50;50;0.29;1;0
7774;2922.78;50;0.31;1;0
7775;3137.83;50;0.29;1;0
7776;2991.20;50;0.31;1;0
7777;3186.71;50;0.30;1;0
7778;2942.33;50;0.32;1;0
7779;3108.50;50;0.29;1;0
7780;3010.75;50;0.31;1;0
7781;3147.61;50;0.30;1;0
7782;3030.30;50;0.31;1;0
7783;3069.40;50;0.30;1;0
7784;3010.75;50;0.31;1;0
7785;3049.85;50;0.30;1;0
7786;3040.08;50;0.30;1;0
7787;3020.53;50;0.30;1;0
7788;2932.55;50;0.30;1;0
7789;3128.05;50;0.29;1;0
7790;2932.55;50;0.31;1;0
7791;3079.18;50;0.29;1;0
7792;2932.55;50;0.31;1;0
7793;3118.28;50;0.29;1;0
7794;3040.08;50;0.31;1;0
7795;3059.63;50;0.30;1;0
7796;3000.98;50;0.31;1;0
7797;3020.53;50;0.30;1;0
7798;3069.40;50;0.30;1;0
7799;3020.53;50;0.31;1;0
7800;2991.20;50;0.30;1;0
7801;2991.20;50;0.30;1;0
7802;3030.30;50;0.30;1;0
7803;2991.20;50;0.30;1;0
7804;3059.63;50;0.30;1;0
7805;2971.65;50;0.31;1;0
7806;3049.85;50;0.30;1;0
7807;2932.55;50;0.30;1;0
7808;3108.50;50;0.29;1;0
7809;2981.43;50;0.31;1;0
7810;3128.05;50;0.30;1;0
7811;2913.00;50;0.31;1;0
7812;3128.05;50;0.29;1;0
7813;2873.90;50;0.31;1;0
7814;3098.73;50;0.29;1;0
7815;2893.45;50;0.31;1;0
7816;3167.16;50;0.29;1;0
7817;2971.65;50;0.32;1;0
7818;3040.08;50;0.30;1;0
7819;2903.23;50;0.30;1;0
7820;3079.18;50;0.29;1;0
7821;2873.90;50;0.31;1;0
7822;3079.18;50;0.29;1;0
7823;3020.53;50;0.31;1;0
7824;2942.33;50;0.30;1;0
7825;2961.88;50;0.29;1;0
7826;3000.98;50;0.30;1;0
7827;2961.88;50;0.30;1;0
7828;3020.53;50;0.30;1;0
7829;2952.10;50;0.30;1;0
7830;3069.40;50;0.30;1;0
7831;2913.00;50;0.31;1;0
7832;3049.85;50;0.29;1;0
7833;2913.00;50;0.30;1;0
7834;3069.40;50;0.29;1;0
7835;2913.00;50;0.31;1;0
7836;3108.50;50;0.29;1;0
7837;2864.13;50;0.31;1;0
7838;3069.40;50;0.29;1;0
7839;2883.68;50;0.31;1;0
7840;3108.50;50;0.29;1;0
7841;2844.57;50;0.31;1;0
7842;3128.05;50;0.28;1;0
7843;2805.47;50;0.31;1;0
7844;3216.03;50;0.28;1;0
7845;2844.57;50;0.32;1;0
7846;3216.03;50;0.28;1;0
7847;2864.13;50;0.32;1;0
7848;3176.93;50;0.29;1;0
7849;2873.90;50;0.32;1;0
7850;3216.03;50;0.29;1;0
7851;2825.02;50;0.32;1;0
7852;3147.61;50;0.28;1;0
7853;2952.10;50;0.31;1;0
7854;3098.73;50;0.30;1;0
7855;2932.55;50;0.31;1;0
7856;3137.83;50;0.29;1;0
7857;2913.00;50;0.31;1;0
7858;3216.03;50;0.29;1;0
7859;2864.13;50;0.32;1;0
7860;3225.81;50;0.29;1;0
7861;2795.70;50;0.32;1;0
7862;3206.26;50;0.28;1;0
7863;2854.35;50;0.32;1;0
7864;3304.01;50;0.29;1;0
7865;2903.23;50;0.33;1;0
7866;3225.81;50;0.29;1;0
7867;2903.23;50;0.32;1;0
7868;3294.23;50;0.29;1;0
7869;2854.35;50;0.33;1;0
7870;3323.56;50;0.29;1;0
7871;2952.10;50;0.33;1;0
7872;3343.11;50;0.30;1;0
7873;2854.35;50;0.33;1;0
7874;3313.78;50;0.29;1;0
7875;2913.00;50;0.33;1;0
7876;3391.98;50;0.29;1;0
7877;2854.35;50;0.34;1;0
7878;3401.76;50;0.29;1;0
7879;2864.13;50;0.34;1;0
7880;3362.66;50;0.29;1;0
7881;2854.35;50;0.34;1;0
7882;3401.76;50;0.29;1;0
7883;2932.55;50;0.34;1;0
7884;3372.43;50;0.29;1;0
7885;2834.80;50;0.34;1;0
7886;3391.98;50;0.28;1;0
7887;2893.45;50;0.34;1;0
7888;3421.31;50;0.29;1;0
7889;2873.90;50;0.34;1;0
7890;3411.53;50;0.29;1;0
7891;2864.13;50;0.34;1;0
7892;3391.98;50;0.29;1;0
7893;2825.02;50;0.34;1;0
7894;3391.98;50;0.28;1;0
7895;2834.80;50;0.34;1;0
7896;3411.53;50;0.28;1;0
7897;2844.57;50;0.34;1;0
7898;3431.09;50;0.28;1;0
7899;2805.47;50;0.34;1;0
7900;3431.09;50;0.28;1;0
7901;2815.25;50;0.34;1;0
7902;3401.76;50;0.28;1;0
7903;2795.70;50;0.34;1;0
7904;3391.98;50;0.28;1;0
7905;2825.02;50;0.34;1;0
7906;3440.86;50;0.28;1;0
7907;2805.47;50;0.34;1;0
7908;3431.09;50;0.28;1;0
7909;2825.02;50;0.34;1;0
7910;3323.56;50;0.28;1;0
7911;2815.25;50;0.33;1;0
7912;3362.66;50;0.28;1;0
7913;2805.47;50;0.34;1;0
7914;3352.88;50;0.28;1;0
7915;2834.80;50;0.34;1;0
7916;3304.01;50;0.28;1;0
7917;2844.57;50;0.33;1;0
7918;3333.33;50;0.28;1;0
7919;2815.25;50;0.33;1;0
7920;3313.78;50;0.28;1;0
7921;2795.70;50;0.33;1;0
7922;3323.56;50;0.28;1;0
7923;2825.02;50;0.33;1;0
7924;3313.78;50;0.28;1;0
7925;2795.70;50;0.33;1;0
7926;3313.78;50;0.28;1;0
7927;2776.15;50;0.33;1;0
7928;3323.56;50;0.28;1;0
7929;2766.37;50;0.33;1;0
7930;3343.11;50;0.28;1;0
7931;2756.60;50;0.33;1;0
7932;3343.11;50;0.28;1;0
7933;2737.05;50;0.33;1;0
7934;3362.66;50;0.27;1;0
7935;2776.15;50;0.34;1;0
7936;3343.11;50;0.28;1;0
7937;2737.05;50;0.33;1;0
7938;3362.66;50;0.27;1;0
7939;2717.50;50;0.34;1;0
7940;3343.11;50;0.27;1;0
7941;2737.05;50;0.33;1;0
7942;3333.33;50;0.27;1;0
7943;2756.60;50;0.33;1;0
7944;3372.43;50;0.28;1;0
7945;2756.60;50;0.34;1;0
7946;3343.11;50;0.28;1;0
7947;2737.05;50;0.33;1;0
7948;3352.88;50;0.27;1;0
7949;2776.15;50;0.34;1;0
7950;3362.66;50;0.28;1;0
7951;2717.50;50;0.34;1;0
7952;3304.01;50;0.27;1;0
7953;2776.15;50;0.33;1;0
7954;3352.88;50;0.28;1;0
7955;2766.37;50;0.34;1;0
7956;3343.11;50;0.28;1;0
7957;2785.92;50;0.33;1;0
7958;3382.21;50;0.28;1;0
7959;2785.92;50;0.34;1;0
7960;3333.33;50;0.28;1;0
7961;2815.25;50;0.33;1;0
7962;3343.11;50;0.28;1;0
7963;2805.47;50;0.33;1;0
7964;3343.11;50;0.28;1;0
7965;2815.25;50;0.33;1;0
7966;3362.66;50;0.28;1;0
7967;2815.25;50;0.34;1;0
7968;3411.53;50;0.28;1;0
7969;2795.70;50;0.34;1;0
7970;3440.86;50;0.28;1;0
7971;2815.25;50;0.34;1;0
7972;3391.98;50;0.28;1;0
7973;2825.02;50;0.34;1;0
7974;3411.53;50;0.28;1;0
7975;2795.70;50;0.34;1;0
7976;3421.31;50;0.28;1;0
7977;2815.25;50;0.34;1;0
7978;3431.09;50;0.28;1;0
7979;2825.02;50;0.34;1;0
7980;3391.98;50;0.28;1;0
7981;2854.35;50;0.34;1;0
7982;3440.86;50;0.29;1;0
7983;2873.90;50;0.34;1;0
7984;3450.64;50;0.29;1;0
7985;2873.90;50;0.35;1;0
7986;3440.86;50;0.29;1;0
7987;2893.45;50;0.34;1;0
7988;3421.31;50;0.29;1;0
7989;2903.23;50;0.34;1;0
7990;3431.09;50;0.29;1;0
7991;2922.78;50;0.34;1;0
7992;3421.31;50;0.29;1;0
7993;2932.55;50;0.34;1;0
7994;3421.31;50;0.29;1;0
7995;2932.55;50;0.34;1;0
7996;3440.86;50;0.29;1;0
7997;2961.88;50;0.34;1;0
7998;3421.31;50;0.30;1;0
7999;2981.43;50;0.34;1;0
8000;3440.86;50;0.30;1;0
8001;3010.75;50;0.34;1;0
8002;3431.09;50;0.30;1;0
8003;2942.33;50;0.34;1;0
8004;3470.19;50;0.29;1;0
8005;2952.10;50;0.35;1;0
8006;3479.96;50;0.30;1;0
8007;2981.43;50;0.35;1;0
8008;3479.96;50;0.30;1;0
8009;2942.33;50;0.35;1;0
8010;3470.19;50;0.29;1;0
8011;2961.88;50;0.35;1;0
8012;3440.86;50;0.30;1;0
8013;2991.20;50;0.34;1;0
8014;3391.98;50;0.30;1;0
8015;2961.88;50;0.34;1;0
8016;3401.76;50;0.30;1;0
8017;3010.75;50;0.34;1;0
8018;3372.43;50;0.30;1;0
8019;2961.88;50;0.34;1;0
8020;3362.66;50;0.30;1;0
8021;3059.63;50;0.34;1;0
8022;3304.01;50;0.31;1;0
8023;3020.53;50;0.33;1;0
8024;3304.01;50;0.30;1;0
8025;3040.08;50;0.33;1;0
8026;3284.46;50;0.30;1;0
8027;3020.53;50;0.33;1;0
8028;3333.33;50;0.30;1;0
8029;3059.63;50;0.33;1;0
8030;3274.68;50;0.31;1;0
8031;3059.63;50;0.33;1;0
8032;3313.78;50;0.31;1;0
8033;3079.18;50;0.33;1;0
8034;3264.91;50;0.31;1;0
8035;3049.85;50;0.33;1;0
8036;3206.26;50;0.30;1;0
8037;3128.05;50;0.32;1;0
8038;3235.58;50;0.31;1;0
8039;3088.95;50;0.32;1;0
8040;3186.71;50;0.31;1;0
8041;3137.83;50;0.32;1;0
8042;3118.28;50;0.31;1;0
8043;3098.73;50;0.31;1;0
8044;3088.95;50;0.31;1;0
8045;3128.05;50;0.31;1;0
8046;3098.73;50;0.31;1;0
8047;3147.61;50;0.31;1;0
8048;3069.40;50;0.31;1;0
8049;3294.23;50;0.31;1;0
8050;2971.65;50;0.33;1;0
8051;3274.68;50;0.30;1;0
8052;2952.10;50;0.33;1;0
8053;3284.46;50;0.30;1;0
8054;2952.10;50;0.33;1;0
8055;3333.33;50;0.30;1;0
8056;3000.98;50;0.33;1;0
8057;3255.13;50;0.30;1;0
8058;2913.00;50;0.33;1;0
8059;3343.11;50;0.29;1;0
8060;2913.00;50;0.33;1;0
8061;3245.36;50;0.29;1;0
8062;2971.65;50;0.32;1;0
8063;3323.56;50;0.30;1;0
8064;2854.35;50;0.33;1;0
8065;3304.01;50;0.29;1;0
8066;2913.00;50;0.33;1;0
8067;3352.88;50;0.29;1;0
8068;2893.45;50;0.34;1;0
8069;3333.33;50;0.29;1;0
8070;2825.02;50;0.33;1;0
8071;3391.98;50;0.28;1;0
8072;2873.90;50;0.34;1;0
8073;3343.11;50;0.29;1;0
8074;2913.00;50;0.33;1;0
8075;3411.53;50;0.29;1;0
8076;2873.90;50;0.34;1;0
8077;3470.19;50;0.29;1;0
8078;2942.33;50;0.35;1;0
8079;3304.01;50;0.29;1;0
8080;2932.55;50;0.33;1;0
8081;3333.33;50;0.29;1;0
8082;2971.65;50;0.33;1;0
8083;3479.96;50;0.30;1;0
8084;3049.85;50;0.35;1;0
8085;3294.23;50;0.30;1;0
8086;2942.33;50;0.33;1;0
8087;3401.76;50;0.29;1;0
8088;3020.53;50;0.34;1;0
8089;3440.86;50;0.30;1;0
8090;2961.88;50;0.34;1;0
8091;3450.64;50;0.30;1;0
8092;3010.75;50;0.35;1;0
8093;3401.76;50;0.30;1;0
8094;2981.43;50;0.34;1;0
8095;3499.51;50;0.30;1;0
8096;3030.30;50;0.35;1;0
8097;3460.41;50;0.30;1;0
8098;3010.75;50;0.35;1;0
8099;3509.29;50;0.30;1;0
8100;2991.20;50;0.35;1;0
8101;3489.74;50;0.30;1;0
8102;2981.43;50;0.35;1;0
8103;3470.19;50;0.30;1;0
8104;2961.88;50;0.35;1;0
8105;3479.96;50;0.30;1;0
8106;2981.43;50;0.35;1;0
8107;3567.94;50;0.30;1;0
8108;3000.98;50;0.36;1;0
8109;3607.04;50;0.30;1;0
8110;2981.43;50;0.36;1;0
8111;3616.81;50;0.30;1;0
8112;2991.20;50;0.36;1;0
8113;3607.04;50;0.30;1;0
8114;3000.98;50;0.36;1;0
8115;3616.81;50;0.30;1;0
8116;3000.98;50;0.36;1;0
8117;3646.14;50;0.30;1;0
8118;3010.75;50;0.36;1;0
8119;3626.59;50;0.30;1;0
8120;3030.30;50;0.36;1;0
8121;3607.04;50;0.30;1;0
8122;3059.63;50;0.36;1;0
8123;3636.36;50;0.31;1;0
8124;3049.85;50;0.36;1;0
8125;3675.46;50;0.30;1;0
8126;3010.75;50;0.37;1;0
8127;3616.81;50;0.30;1;0
8128;3030.30;50;0.36;1;0
8129;3626.59;50;0.30;1;0
8130;3020.53;50;0.36;1;0
8131;3626.59;50;0.30;1;0
8132;3049.85;50;0.36;1;0
8133;3626.59;50;0.30;1;0
8134;3069.40;50;0.36;1;0
8135;3597.26;50;0.31;1;0
8136;3040.08;50;0.36;1;0
8137;3626.59;50;0.30;1;0
8138;3040.08;50;0.36;1;0
8139;3626.59;50;0.30;1;0
8140;3059.63;50;0.36;1;0
8141;3577.71;50;0.31;1;0
8142;3010.75;50;0.36;1;0
8143;3626.59;50;0.30;1;0
8144;3030.30;50;0.36;1;0
8145;3597.26;50;0.30;1;0
8146;3020.53;50;0.36;1;0
8147;3567.94;50;0.30;1;0
8148;3030.30;50;0.36;1;0
8149;3548.39;50;0.30;1;0
8150;3049.85;50;0.35;1;0
8151;3558.16;50;0.30;1;0
8152;3010.75;50;0.36;1;0
8153;3548.39;50;0.30;1;0
8154;3049.85;50;0.35;1;0
8155;3567.94;50;0.30;1;0
8156;3040.08;50;0.36;1;0
8157;3499.51;50;0.30;1;0
8158;3030.30;50;0.35;1;0
8159;3499.51;50;0.30;1;0
8160;3010.75;50;0.35;1;0
8161;3470.19;50;0.30;1;0
8162;3020.53;50;0.35;1;0
8163;3411.53;50;0.30;1;0
8164;3030.30;50;0.34;1;0
8165;3519.06;50;0.30;1;0
8166;2981.43;50;0.35;1;0
8167;3528.84;50;0.30;1;0
8168;3020.53;50;0.35;1;0
8169;3528.84;50;0.30;1;0
8170;2961.88;50;0.35;1;0
8171;3499.51;50;0.30;1;0
8172;3010.75;50;0.35;1;0
8173;3382.21;50;0.30;1;0
8174;3059.63;50;0.34;1;0
8175;3352.88;50;0.31;1;0
8176;3098.73;50;0.34;1;0
8177;3372.43;50;0.31;1;0
8178;3108.50;50;0.34;1;0
8179;3333.33;50;0.31;1;0
8180;3098.73;50;0.33;1;0
8181;3186.71;50;0.31;1;0
8182;3264.91;50;0.32;1;0
8183;3186.71;50;0.33;1;0
8184;3264.91;50;0.32;1;0
8185;3186.71;50;0.33;1;0
8186;3245.36;50;0.32;1;0
8187;3186.71;50;0.32;1;0
8188;3313.78;50;0.32;1;0
8189;3157.38;50;0.33;1;0
8190;3313.78;50;0.32;1;0
8191;3147.61;50;0.33;1;0
8192;3313.78;50;0.31;1;0
8193;3108.50;50;0.33;1;0
8194;3343.11;50;0.31;1;0
8195;3137.83;50;0.33;1;0
8196;3313.78;50;0.31;1;0
8197;3147.61;50;0.33;1;0
8198;3372.43;50;0.31;1;0
8199;3157.38;50;0.34;1;0
8200;3401.76;50;0.32;1;0
8201;3059.63;50;0.34;1;0
8202;3362.66;50;0.31;1;0
8203;3098.73;50;0.34;1;0
8204;3382.21;50;0.31;1;0
8205;3098.73;50;0.34;1;0
8206;3431.09;50;0.31;1;0
8207;3157.38;50;0.34;1;0
8208;3391.98;50;0.32;1;0
8209;3049.85;50;0.34;1;0
8210;3382.21;50;0.30;1;0
8211;3245.36;50;0.34;1;0
8212;3391.98;50;0.32;1;0
8213;3128.05;50;0.34;1;0
8214;3401.76;50;0.31;1;0
8215;3147.61;50;0.34;1;0
8216;3421.31;50;0.31;1;0
8217;3225.81;50;0.34;1;0
8218;3362.66;50;0.32;1;0
8219;3216.03;50;0.34;1;0
8220;3362.66;50;0.32;1;0
8221;3235.58;50;0.34;1;0
8222;3391.98;50;0.32;1;0
8223;3245.36;50;0.34;1;0
8224;3333.33;50;0.32;1;0
8225;3255.13;50;0.33;1;0
8226;3333.33;50;0.33;1;0
8227;3304.01;50;0.33;1;0
8228;3323.56;50;0.33;1;0
8229;3245.36;50;0.33;1;0
8230;3382.21;50;0.32;1;0
8231;3284.46;50;0.34;1;0
8232;3391.98;50;0.33;1;0
8233;3274.68;50;0.34;1;0
8234;3460.41;50;0.33;1;0
8235;3264.91;50;0.35;1;0
8236;3421.31;50;0.33;1;0
8237;3274.68;50;0.34;1;0
8238;3440.86;50;0.33;1;0
8239;3225.81;50;0.34;1;0
8240;3440.86;50;0.32;1;0
8241;3255.13;50;0.34;1;0
8242;3421.31;50;0.33;1;0
8243;3255.13;50;0.34;1;0
8244;3440.86;50;0.33;1;0
8245;3196.48;50;0.34;1;0
8246;3460.41;50;0.32;1;0
8247;3128.05;50;0.35;1;0
8248;3489.74;50;0.31;1;0
8249;3167.16;50;0.35;1;0
8250;3577.71;50;0.32;1;0
8251;3069.40;50;0.36;1;0
8252;3509.29;50;0.31;1;0
8253;3088.95;50;0.35;1;0
8254;3597.26;50;0.31;1;0
8255;3059.63;50;0.36;1;0
8256;3538.61;50;0.31;1;0
8257;3030.30;50;0.35;1;0
8258;3597.26;50;0.30;1;0
8259;3059.63;50;0.36;1;0
8260;3548.39;50;0.31;1;0
8261;3020.53;50;0.35;1;0
8262;3548.39;50;0.30;1;0
8263;3059.63;50;0.35;1;0
8264;3528.84;50;0.31;1;0
8265;2991.20;50;0.35;1;0
8266;3558.16;50;0.30;1;0
8267;2991.20;50;0.36;1;0
8268;3548.39;50;0.30;1;0
8269;2991.20;50;0.35;1;0
8270;3528.84;50;0.30;1;0
8271;3000.98;50;0.35;1;0
8272;3519.06;50;0.30;1;0
8273;2961.88;50;0.35;1;0
8274;3538.61;50;0.30;1;0
8275;2942.33;50;0.35;1;0
8276;3548.39;50;0.29;1;0
8277;2913.00;50;0.35;1;0
8278;3519.06;50;0.29;1;0
8279;2922.78;50;0.35;1;0
8280;3519.06;50;0.29;1;0
8281;2942.33;50;0.35;1;0
8282;3528.84;50;0.29;1;0
8283;2893.45;50;0.35;1;0
8284;3519.06;50;0.29;1;0
8285;2883.68;50;0.35;1;0
8286;3509.29;50;0.29;1;0
8287;2844.57;50;0.35;1;0
8288;3528.84;50;0.28;1;0
8289;2883.68;50;0.35;1;0
8290;3479.96;50;0.29;1;0
8291;2883.68;50;0.35;1;0
8292;3460.41;50;0.29;1;0
8293;2873.90;50;0.35;1;0
8294;3450.64;50;0.29;1;0
8295;2893.45;50;0.35;1;0
8296;3460.41;50;0.29;1;0
8297;2844.57;50;0.35;1;0
8298;3470.19;50;0.28;1;0
8299;2864.13;50;0.35;1;0
8300;3470.19;50;0.29;1;0
8301;2854.35;50;0.35;1;0
8302;3431.09;50;0.29;1;0
8303;2854.35;50;0.34;1;0
8304;3450.64;50;0.29;1;0
8305;2844.57;50;0.35;1;0
8306;3440.86;50;0.28;1;0
8307;2883.68;50;0.34;1;0
8308;3460.41;50;0.29;1;0
8309;2873.90;50;0.35;1;0
8310;3479.96;50;0.29;1;0
8311;2834.80;50;0.35;1;0
8312;3470.19;50;0.28;1;0
8313;2825.02;50;0.35;1;0
8314;3489.74;50;0.28;1;0
8315;2854.35;50;0.35;1;0
8316;3431.09;50;0.29;1;0
8317;2844.57;50;0.34;1;0
8318;3440.86;50;0.28;1;0
8319;2883.68;50;0.34;1;0
8320;3421.31;50;0.29;1;0
8321;2883.68;50;0.34;1;0
8322;3450.64;50;0.29;1;0
8323;3000.98;50;0.35;1;0
8324;3372.43;50;0.30;1;0
8325;3030.30;50;0.34;1;0
8326;3313.78;50;0.30;1;0
8327;2961.88;50;0.33;1;0
8328;3362.66;50;0.30;1;0
8329;3049.85;50;0.34;1;0
8330;3333.33;50;0.30;1;0
8331;3186.71;50;0.33;1;0
8332;3196.48;50;0.32;1;0
8333;3176.93;50;0.32;1;0
8334;3147.61;50;0.32;1;0
8335;3206.26;50;0.31;1;0
8336;3157.38;50;0.32;1;0
8337;3167.16;50;0.32;1;0
8338;3196.48;50;0.32;1;0
8339;3216.03;50;0.32;1;0
8340;3147.61;50;0.32;1;0
8341;3235.58;50;0.31;1;0
8342;3118.28;50;0.32;1;0
8343;3255.13;50;0.31;1;0
8344;3274.68;50;0.33;1;0
8345;3186.71;50;0.33;1;0
8346;3245.36;50;0.32;1;0
8347;3186.71;50;0.32;1;0
8348;3274.68;50;0.32;1;0
8349;3196.48;50;0.33;1;0
8350;3294.23;50;0.32;1;0
8351;3088.95;50;0.33;1;0
8352;3333.33;50;0.31;1;0
8353;3157.38;50;0.33;1;0
8354;3343.11;50;0.32;1;0
8355;3157.38;50;0.33;1;0
8356;3411.53;50;0.32;1;0
8357;3088.95;50;0.34;1;0
8358;3382.21;50;0.31;1;0
8359;3128.05;50;0.34;1;0
8360;3391.98;50;0.31;1;0
8361;3128.05;50;0.34;1;0
8362;3343.11;50;0.31;1;0
8363;3088.95;50;0.33;1;0
8364;3401.76;50;0.31;1;0
8365;3157.38;50;0.34;1;0
8366;3323.56;50;0.32;1;0
8367;3216.03;50;0.33;1;0
8368;3294.23;50;0.32;1;0
8369;3225.81;50;0.33;1;0
8370;3323.56;50;0.32;1;0
8371;3176.93;50;0.33;1;0
8372;3323.56;50;0.32;1;0
8373;3176.93;50;0.33;1;0
8374;3225.81;50;0.32;1;0
8375;3235.58;50;0.32;1;0
8376;3274.68;50;0.32;1;0
8377;3235.58;50;0.33;1;0
8378;3225.81;50;0.32;1;0
8379;3206.26;50;0.32;1;0
8380;3176.93;50;0.32;1;0
8381;3196.48;50;0.32;1;0
8382;3118.28;50;0.32;1;0
8383;3235.58;50;0.31;1;0
8384;3147.61;50;0.32;1;0
8385;3274.68;50;0.31;1;0
8386;3137.83;50;0.33;1;0
8387;3235.58;50;0.31;1;0
8388;3118.28;50;0.32;1;0
8389;3264.91;50;0.31;1;0
8390;3030.30;50;0.33;1;0
8391;3343.11;50;0.30;1;0
8392;2991.20;50;0.33;1;0
8393;3333.33;50;0.30;1;0
8394;3000.98;50;0.33;1;0
8395;3382.21;50;0.30;1;0
8396;2922.78;50;0.34;1;0
8397;3362.66;50;0.29;1;0
8398;3010.75;50;0.34;1;0
8399;3362.66;50;0.30;1;0
8400;2971.65;50;0.34;1;0
8401;3382.21;50;0.30;1;0
8402;2873.90;50;0.34;1;0
8403;3343.11;50;0.29;1;0
8404;2883.68;50;0.33;1;0
8405;3323.56;50;0.29;1;0
8406;2942.33;50;0.33;1;0
8407;3391.98;50;0.29;1;0
8408;2864.13;50;0.34;1;0
8409;3313.78;50;0.29;1;0
8410;2893.45;50;0.33;1;0
8411;3343.11;50;0.29;1;0
8412;2854.35;50;0.33;1;0
8413;3352.88;50;0.29;1;0
8414;2834.80;50;0.34;1;0
8415;3382.21;50;0.28;1;0
8416;2805.47;50;0.34;1;0
8417;3352.88;50;0.28;1;0
8418;2805.47;50;0.34;1;0
8419;3323.56;50;0.28;1;0
8420;2776.15;50;0.33;1;0
8421;3372.43;50;0.28;1;0
8422;2795.70;50;0.34;1;0
8423;3352.88;50;0.28;1;0
8424;2776.15;50;0.34;1;0
8425;3343.11;50;0.28;1;0
8426;2756.60;50;0.33;1;0
8427;3343.11;50;0.28;1;0
8428;2746.82;50;0.33;1;0
8429;3372.43;50;0.27;1;0
8430;2795.70;50;0.34;1;0
8431;3343.11;50;0.28;1;0
8432;2785.92;50;0.33;1;0
8433;3333.33;50;0.28;1;0
8434;2795.70;50;0.33;1;0
8435;3343.11;50;0.28;1;0
8436;2776.15;50;0.33;1;0
8437;3333.33;50;0.28;1;0
8438;2737.05;50;0.33;1;0
8439;3333.33;50;0.27;1;0
8440;2776.15;50;0.33;1;0
8441;3372.43;50;0.28;1;0
8442;2785.92;50;0.34;1;0
8443;3382.21;50;0.28;1;0
8444;2746.82;50;0.34;1;0
8445;3382.21;50;0.27;1;0
8446;2776.15;50;0.34;1;0
8447;3362.66;50;0.28;1;0
8448;2785.92;50;0.34;1;0
8449;3440.86;50;0.28;1;0
8450;2785.92;50;0.34;1;0
8451;3401.76;50;0.28;1;0
8452;2795.70;50;0.34;1;0
8453;3362.66;50;0.28;1;0
8454;2785.92;50;0.34;1;0
8455;3382.21;50;0.28;1;0
8456;2825.02;50;0.34;1;0
8457;3391.98;50;0.28;1;0
8458;2805.47;50;0.34;1;0
8459;3391.98;50;0.28;1;0
8460;2795.70;50;0.34;1;0
8461;3401.76;50;0.28;1;0
8462;2766.37;50;0.34;1;0
8463;3450.64;50;0.28;1;0
8464;2795.70;50;0.35;1;0
8465;3421.31;50;0.28;1;0
8466;2815.25;50;0.34;1;0
8467;3421.31;50;0.28;1;0
8468;2834.80;50;0.34;1;0
8469;3411.53;50;0.28;1;0
8470;2805.47;50;0.34;1;0
8471;3431.09;50;0.28;1;0
8472;2834.80;50;0.34;1;0
8473;3431.09;50;0.28;1;0
8474;2834.80;50;0.34;1;0
8475;3450.64;50;0.28;1;0
8476;2844.57;50;0.35;1;0
8477;3450.64;50;0.28;1;0
8478;2834.80;50;0.35;1;0
8479;3431.09;50;0.28;1;0
8480;2805.47;50;0.34;1;0
8481;3470.19;50;0.28;1;0
8482;2825.02;50;0.35;1;0
8483;3450.64;50;0.28;1;0
8484;2825.02;50;0.35;1;0
8485;3431.09;50;0.28;1;0
8486;2815.25;50;0.34;1;0
8487;3470.19;50;0.28;1;0
8488;2854.35;50;0.35;1;0
8489;3431.09;50;0.29;1;0
8490;2834.80;50;0.34;1;0
8491;3440.86;50;0.28;1;0
8492;2825.02;50;0.34;1;0
8493;3421.31;50;0.28;1;0
8494;2844.57;50;0.34;1;0
8495;3401.76;50;0.28;1;0
8496;2834.80;50;0.34;1;0
8497;3382.21;50;0.28;1;0
8498;2854.35;50;0.34;1;0
8499;3343.11;50;0.29;1;0
8500;2854.35;50;0.33;1;0
8501;3274.68;50;0.29;1;0
8502;2903.23;50;0.33;1;0
8503;3284.46;50;0.29;1;0
8504;2873.90;50;0.33;1;0
8505;3255.13;50;0.29;1;0
8506;2854.35;50;0.33;1;0
8507;3264.91;50;0.29;1;0
8508;2873.90;50;0.33;1;0
8509;3118.28;50;0.29;1;0
8510;2864.13;50;0.31;1;0
8511;3206.26;50;0.29;1;0
8512;2864.13;50;0.32;1;0
8513;3176.93;50;0.29;1;0
8514;2873.90;50;0.32;1;0
8515;3118.28;50;0.29;1;0
8516;2854.35;50;0.31;1;0
8517;3088.95;50;0.29;1;0
8518;2952.10;50;0.31;1;0
8519;3079.18;50;0.30;1;0
8520;2922.78;50;0.31;1;0
8521;3000.98;50;0.29;1;0
8522;2903.23;50;0.30;1;0
8523;2971.65;50;0.29;1;0
8524;2903.23;50;0.30;1;0
8525;2952.10;50;0.29;1;0
8526;2971.65;50;0.30;1;0
8527;2942.33;50;0.30;1;0
8528;2952.10;50;0.29;1;0
8529;2952.10;50;0.30;1;0
8530;2991.20;50;0.30;1;0
8531;2922.78;50;0.30;1;0
8532;2981.43;50;0.29;1;0
8533;2883.68;50;0.30;1;0
8534;2991.20;50;0.29;1;0
8535;2873.90;50;0.30;1;0
8536;3020.53;50;0.29;1;0
8537;2854.35;50;0.30;1;0
8538;3020.53;50;0.29;1;0
8539;2844.57;50;0.30;1;0
8540;3020.53;50;0.28;1;0
8541;2942.33;50;0.30;1;0
8542;2942.33;50;0.29;1;0
8543;2913.00;50;0.29;1;0
8544;2932.55;50;0.29;1;0
8545;2883.68;50;0.29;1;0
8546;2991.20;50;0.29;1;0
8547;2873.90;50;0.30;1;0
8548;2981.43;50;0.29;1;0
8549;2834.80;50;0.30;1;0
8550;3020.53;50;0.28;1;0
8551;2844.57;50;0.30;1;0
8552;2981.43;50;0.28;1;0
8553;2844.57;50;0.30;1;0
8554;3010.75;50;0.28;1;0
8555;2854.35;50;0.30;1;0
8556;3030.30;50;0.29;1;0
8557;2795.70;50;0.30;1;0
8558;3059.63;50;0.28;1;0
8559;2805.47;50;0.31;1;0
8560;3088.95;50;0.28;1;0
8561;2766.37;50;0.31;1;0
8562;3108.50;50;0.28;1;0
8563;2805.47;50;0.31;1;0
8564;3137.83;50;0.28;1;0
8565;2795.70;50;0.31;1;0
8566;3069.40;50;0.28;1;0
8567;2737.05;50;0.31;1;0
8568;3167.16;50;0.27;1;0
8569;2717.50;50;0.32;1;0
8570;3030.30;50;0.27;1;0
8571;2795.70;50;0.30;1;0
8572;3118.28;50;0.28;1;0
8573;2864.13;50;0.31;1;0
8574;3167.16;50;0.29;1;0
8575;2834.80;50;0.32;1;0
8576;3108.50;50;0.28;1;0
8577;2922.78;50;0.31;1;0
8578;3069.40;50;0.29;1;0
8579;2893.45;50;0.31;1;0
8580;3079.18;50;0.29;1;0
8581;2903.23;50;0.31;1;0
8582;3128.05;50;0.29;1;0
8583;2873.90;50;0.31;1;0
8584;3118.28;50;0.29;1;0
8585;2942.33;50;0.31;1;0
8586;3167.16;50;0.29;1;0
8587;2903.23;50;0.32;1;0
8588;3186.71;50;0.29;1;0
8589;2893.45;50;0.32;1;0
8590;3157.38;50;0.29;1;0
8591;2844.57;50;0.32;1;0
8592;3216.03;50;0.28;1;0
8593;2883.68;50;0.32;1;0
8594;3186.71;50;0.29;1;0
8595;2844.57;50;0.32;1;0
8596;3264.91;50;0.28;1;0
8597;2844.57;50;0.33;1;0
8598;3304.01;50;0.28;1;0
8599;2795.70;50;0.33;1;0
8600;3382.21;50;0.28;1;0
8601;2805.47;50;0.34;1;0
8602;3362.66;50;0.28;1;0
8603;2785.92;50;0.34;1;0
8604;3372.43;50;0.28;1;0
8605;2805.47;50;0.34;1;0
8606;3362.66;50;0.28;1;0
8607;2805.47;50;0.34;1;0
8608;3382.21;50;0.28;1;0
8609;2766.37;50;0.34;1;0
8610;3372.43;50;0.28;1;0
8611;2815.25;50;0.34;1;0
8612;3362.66;50;0.28;1;0
8613;2795.70;50;0.34;1;0
8614;3372.43;50;0.28;1;0
8615;2776.15;50;0.34;1;0
8616;3382.21;50;0.28;1;0
8617;2805.47;50;0.34;1;0
8618;3372.43;50;0.28;1;0
8619;2688.17;50;0.34;1;0
8620;3382.21;50;0.27;1;0
8621;2746.82;50;0.34;1;0
8622;3352.88;50;0.27;1;0
8623;2737.05;50;0.34;1;0
8624;3343.11;50;0.27;1;0
8625;2785.92;50;0.33;1;0
8626;3313.78;50;0.28;1;0
8627;2766.37;50;0.33;1;0
8628;3313.78;50;0.28;1;0
8629;2785.92;50;0.33;1;0
8630;3294.23;50;0.28;1;0
8631;2805.47;50;0.33;1;0
8632;3284.46;50;0.28;1;0
8633;2795.70;50;0.33;1;0
8634;3274.68;50;0.28;1;0
8635;2805.47;50;0.33;1;0
8636;3274.68;50;0.28;1;0
8637;2815.25;50;0.33;1;0
8638;3206.26;50;0.28;1;0
8639;2815.25;50;0.32;1;0
8640;3245.36;50;0.28;1;0
8641;2873.90;50;0.32;1;0
8642;3196.48;50;0.29;1;0
8643;2844.57;50;0.32;1;0
8644;3157.38;50;0.28;1;0
8645;2873.90;50;0.32;1;0
8646;3176.93;50;0.29;1;0
8647;2873.90;50;0.32;1;0
8648;3137.83;50;0.29;1;0
8649;3000.98;50;0.31;1;0
8650;2971.65;50;0.30;1;0
8651;3000.98;50;0.30;1;0
8652;2961.88;50;0.30;1;0
8653;3040.08;50;0.30;1;0
8654;2913.00;50;0.30;1;0
8655;3079.18;50;0.29;1;0
8656;2942.33;50;0.31;1;0
8657;3118.28;50;0.29;1;0
8658;2844.57;50;0.31;1;0
8659;3137.83;50;0.28;1;0
8660;2805.47;50;0.31;1;0
8661;3157.38;50;0.28;1;0
8662;2825.02;50;0.32;1;0
8663;3167.16;50;0.28;1;0
8664;2805.47;50;0.32;1;0
8665;3167.16;50;0.28;1;0
8666;2785.92;50;0.32;1;0
8667;3196.48;50;0.28;1;0
8668;2903.23;50;0.32;1;0
8669;3098.73;50;0.29;1;0
8670;2844.57;50;0.31;1;0
8671;3216.03;50;0.28;1;0
8672;2883.68;50;0.32;1;0
8673;3196.48;50;0.29;1;0
8674;2815.25;50;0.32;1;0
8675;3206.26;50;0.28;1;0
8676;2795.70;50;0.32;1;0
8677;3255.13;50;0.28;1;0
8678;2815.25;50;0.33;1;0
8679;3264.91;50;0.28;1;0
8680;2815.25;50;0.33;1;0
8681;3284.46;50;0.28;1;0
8682;2815.25;50;0.33;1;0
8683;3255.13;50;0.28;1;0
8684;2854.35;50;0.33;1;0
8685;3323.56;50;0.29;1;0
8686;2776.15;50;0.33;1;0
8687;3304.01;50;0.28;1;0
8688;2785.92;50;0.33;1;0
8689;3274.68;50;0.28;1;0
8690;2785.92;50;0.33;1;0
8691;3294.23;50;0.28;1;0
8692;2766.37;50;0.33;1;0
8693;3333.33;50;0.28;1;0
8694;2776.15;50;0.33;1;0
8695;3382.21;50;0.28;1;0
8696;2776.15;50;0.34;1;0
8697;3362.66;50;0.28;1;0
8698;2805.47;50;0.34;1;0
8699;3401.76;50;0.28;1;0
8700;2785.92;50;0.34;1;0
8701;3391.98;50;0.28;1;0
8702;2825.02;50;0.34;1;0
8703;3440.86;50;0.28;1;0
8704;2834.80;50;0.34;1;0
8705;3440.86;50;0.28;1;0
8706;2825.02;50;0.34;1;0
8707;3440.86;50;0.28;1;0
8708;2854.35;50;0.34;1;0
8709;3460.41;50;0.29;1;0
8710;2864.13;50;0.35;1;0
8711;3440.86;50;0.29;1;0
8712;2903.23;50;0.34;1;0
8713;3499.51;50;0.29;1;0
8714;2864.13;50;0.35;1;0
8715;3440.86;50;0.29;1;0
8716;2883.68;50;0.34;1;0
8717;3460.41;50;0.29;1;0
8718;2922.78;50;0.35;1;0
8719;3431.09;50;0.29;1;0
8720;2913.00;50;0.34;1;0
8721;3440.86;50;0.29;1;0
8722;2922.78;50;0.34;1;0
8723;3440.86;50;0.29;1;0
8724;2961.88;50;0.34;1;0
8725;3450.64;50;0.30;1;0
8726;2942.33;50;0.35;1;0
8727;3440.86;50;0.29;1;0
8728;2952.10;50;0.34;1;0
8729;3431.09;50;0.30;1;0
8730;2971.65;50;0.34;1;0
8731;3440.86;50;0.30;1;0
8732;3040.08;50;0.34;1;0
8733;3372.43;50;0.30;1;0
8734;2991.20;50;0.34;1;0
8735;3411.53;50;0.30;1;0
8736;3049.85;50;0.34;1;0
8737;3313.78;50;0.30;1;0
8738;3020.53;50;0.33;1;0
8739;3362.66;50;0.30;1;0
8740;3020.53;50;0.34;1;0
8741;3264.91;50;0.30;1;0
8742;3000.98;50;0.33;1;0
8743;3391.98;50;0.30;1;0
8744;2922.78;50;0.34;1;0
8745;3362.66;50;0.29;1;0
8746;2932.55;50;0.34;1;0
8747;3431.09;50;0.29;1;0
8748;3020.53;50;0.34;1;0
8749;3421.31;50;0.30;1;0
8750;2893.45;50;0.34;1;0
8751;3372.43;50;0.29;1;0
8752;2932.55;50;0.34;1;0
8753;3333.33;50;0.29;1;0
8754;2922.78;50;0.33;1;0
8755;3362.66;50;0.29;1;0
8756;2961.88;50;0.34;1;0
8757;3323.56;50;0.30;1;0
8758;2952.10;50;0.33;1;0
8759;3352.88;50;0.30;1;0
8760;2903.23;50;0.34;1;0
8761;3274.68;50;0.29;1;0
8762;2981.43;50;0.33;1;0
8763;3206.26;50;0.30;1;0
8764;2961.88;50;0.32;1;0
8765;3186.71;50;0.30;1;0
8766;2961.88;50;0.32;1;0
8767;3206.26;50;0.30;1;0
8768;2991.20;50;0.32;1;0
8769;3196.48;50;0.30;1;0
8770;3030.30;50;0.32;1;0
8771;3167.16;50;0.30;1;0
8772;3069.40;50;0.32;1;0
8773;3147.61;50;0.31;1;0
8774;3040.08;50;0.31;1;0
8775;3157.38;50;0.30;1;0
8776;3030.30;50;0.32;1;0
8777;3098.73;50;0.30;1;0
8778;2932.55;50;0.31;1;0
8779;3206.26;50;0.29;1;0
8780;3010.75;50;0.32;1;0
8781;3147.61;50;0.30;1;0
8782;2981.43;50;0.31;1;0
8783;3196.48;50;0.30;1;0
8784;3020.53;50;0.32;1;0
8785;3176.93;50;0.30;1;0
8786;3049.85;50;0.32;1;0
8787;3108.50;50;0.30;1;0
8788;3108.50;50;0.31;1;0
8789;3049.85;50;0.31;1;0
8790;3098.73;50;0.30;1;0
8791;3088.95;50;0.31;1;0
8792;3157.38;50;0.31;1;0
8793;3118.28;50;0.32;1;0
8794;3079.18;50;0.31;1;0
8795;3049.85;50;0.31;1;0
8796;3147.61;50;0.30;1;0
8797;3079.18;50;0.31;1;0
8798;3176.93;50;0.31;1;0
8799;3059.63;50;0.32;1;0
8800;3186.71;50;0.31;1;0
8801;3049.85;50;0.32;1;0
8802;3196.48;50;0.30;1;0
8803;3030.30;50;0.32;1;0
8804;3225.81;50;0.30;1;0
8805;3040.08;50;0.32;1;0
8806;3264.91;50;0.30;1;0
8807;3137.83;50;0.33;1;0
8808;3147.61;50;0.31;1;0
8809;3098.73;50;0.31;1;0
8810;3206.26;50;0.31;1;0
8811;3118.28;50;0.32;1;0
8812;3255.13;50;0.31;1;0
8813;3069.40;50;0.33;1;0
8814;3186.71;50;0.31;1;0
8815;3098.73;50;0.32;1;0
8816;3255.13;50;0.31;1;0
8817;3088.95;50;0.33;1;0
8818;3264.91;50;0.31;1;0
8819;3079.18;50;0.33;1;0
8820;3274.68;50;0.31;1;0
8821;3059.63;50;0.33;1;0
8822;3343.11;50;0.31;1;0
8823;3118.28;50;0.33;1;0
8824;3323.56;50;0.31;1;0
8825;3157.38;50;0.33;1;0
8826;3284.46;50;0.32;1;0
8827;3069.40;50;0.33;1;0
8828;3440.86;50;0.31;1;0
8829;3137.83;50;0.34;1;0
8830;3479.96;50;0.31;1;0
8831;3069.40;50;0.35;1;0
8832;3431.09;50;0.31;1;0
8833;3118.28;50;0.34;1;0
8834;3440.86;50;0.31;1;0
8835;3098.73;50;0.34;1;0
8836;3431.09;50;0.31;1;0
8837;3108.50;50;0.34;1;0
8838;3372.43;50;0.31;1;0
8839;3098.73;50;0.34;1;0
8840;3421.31;50;0.31;1;0
8841;3088.95;50;0.34;1;0
8842;3323.56;50;0.31;1;0
8843;3157.38;50;0.33;1;0
8844;3313.78;50;0.32;1;0
8845;3167.16;50;0.33;1;0
8846;3372.43;50;0.32;1;0
8847;3176.93;50;0.34;1;0
8848;3509.29;50;0.32;1;0
8849;3108.50;50;0.35;1;0
8850;3382.21;50;0.31;1;0
8851;3186.71;50;0.34;1;0
8852;3460.41;50;0.32;1;0
8853;3147.61;50;0.35;1;0
8854;3479.96;50;0.31;1;0
8855;3069.40;50;0.35;1;0
8856;3479.96;50;0.31;1;0
8857;3118.28;50;0.35;1;0
8858;3431.09;50;0.31;1;0
8859;3098.73;50;0.34;1;0
8860;3460.41;50;0.31;1;0
8861;3098.73;50;0.35;1;0
8862;3499.51;50;0.31;1;0
8863;3010.75;50;0.35;1;0
8864;3470.19;50;0.30;1;0
8865;3108.50;50;0.35;1;0
8866;3528.84;50;0.31;1;0
8867;3049.85;50;0.35;1;0
8868;3528.84;50;0.30;1;0
8869;2991.20;50;0.35;1;0
8870;3470.19;50;0.30;1;0
8871;2981.43;50;0.35;1;0
8872;3460.41;50;0.30;1;0
8873;2981.43;50;0.35;1;0
8874;3519.06;50;0.30;1;0
8875;2952.10;50;0.35;1;0
8876;3460.41;50;0.30;1;0
8877;2961.88;50;0.35;1;0
8878;3499.51;50;0.30;1;0
8879;2952.10;50;0.35;1;0
8880;3499.51;50;0.30;1;0
8881;2952.10;50;0.35;1;0
8882;3499.51;50;0.30;1;0
8883;2913.00;50;0.35;1;0
8884;3489.74;50;0.29;1;0
8885;2903.23;50;0.35;1;0
8886;3489.74;50;0.29;1;0
8887;2864.13;50;0.35;1;0
8888;3519.06;50;0.29;1;0
8889;2883.68;50;0.35;1;0
8890;3499.51;50;0.29;1;0
8891;2883.68;50;0.35;1;0
8892;3479.96;50;0.29;1;0
8893;2893.45;50;0.35;1;0
8894;3460.41;50;0.29;1;0
8895;2903.23;50;0.35;1;0
8896;3479.96;50;0.29;1;0
8897;2903.23;50;0.35;1;0
8898;3489.74;50;0.29;1;0
8899;2932.55;50;0.35;1;0
8900;3440.86;50;0.29;1;0
8901;2913.00;50;0.34;1;0
8902;3440.86;50;0.29;1;0
8903;2922.78;50;0.34;1;0
8904;3450.64;50;0.29;1;0
8905;2913.00;50;0.35;1;0
8906;3460.41;50;0.29;1;0
8907;2913.00;50;0.35;1;0
8908;3519.06;50;0.29;1;0
8909;2932.55;50;0.35;1;0
8910;3489.74;50;0.29;1;0
8911;2903.23;50;0.35;1;0
8912;3509.29;50;0.29;1;0
8913;2903.23;50;0.35;1;0
8914;3528.84;50;0.29;1;0
8915;2893.45;50;0.35;1;0
8916;3489.74;50;0.29;1;0
8917;2864.13;50;0.35;1;0
8918;3538.61;50;0.29;1;0
8919;2922.78;50;0.35;1;0
8920;3519.06;50;0.29;1;0
8921;2913.00;50;0.35;1;0
8922;3509.29;50;0.29;1;0
8923;2932.55;50;0.35;1;0
8924;3548.39;50;0.29;1;0
8925;2922.78;50;0.35;1;0
8926;3548.39;50;0.29;1;0
8927;2932.55;50;0.35;1;0
8928;3558.16;50;0.29;1;0
8929;2952.10;50;0.36;1;0
8930;3558.16;50;0.30;1;0
8931;2952.10;50;0.36;1;0
8932;3567.94;50;0.30;1;0
8933;2971.65;50;0.36;1;0
8934;3587.49;50;0.30;1;0
8935;2971.65;50;0.36;1;0
8936;3587.49;50;0.30;1;0
8937;2981.43;50;0.36;1;0
8938;3587.49;50;0.30;1;0
8939;3010.75;50;0.36;1;0
8940;3597.26;50;0.30;1;0
8941;3010.75;50;0.36;1;0
8942;3626.59;50;0.30;1;0
8943;3030.30;50;0.36;1;0
8944;3558.16;50;0.30;1;0
8945;3020.53;50;0.36;1;0
8946;3616.81;50;0.30;1;0
8947;3059.63;50;0.36;1;0
8948;3597.26;50;0.31;1;0
8949;3059.63;50;0.36;1;0
8950;3607.04;50;0.31;1;0
8951;3186.71;50;0.36;1;0
8952;3489.74;50;0.32;1;0
8953;3176.93;50;0.35;1;0
8954;3577.71;50;0.32;1;0
8955;3216.03;50;0.36;1;0
8956;3509.29;50;0.32;1;0
8957;3206.26;50;0.35;1;0
8958;3538.61;50;0.32;1;0
8959;3186.71;50;0.35;1;0
8960;3499.51;50;0.32;1;0
8961;3225.81;50;0.35;1;0
8962;3499.51;50;0.32;1;0
8963;3304.01;50;0.35;1;0
8964;3421.31;50;0.33;1;0
8965;3255.13;50;0.34;1;0
8966;3421.31;50;0.33;1;0
8967;3294.23;50;0.34;1;0
8968;3440.86;50;0.33;1;0
8969;3323.56;50;0.34;1;0
8970;3411.53;50;0.33;1;0
8971;3343.11;50;0.34;1;0
8972;3421.31;50;0.33;1;0
8973;3313.78;50;0.34;1;0
8974;3333.33;50;0.33;1;0
8975;3352.88;50;0.33;1;0
8976;3362.66;50;0.34;1;0
8977;3343.11;50;0.34;1;0
8978;3323.56;50;0.33;1;0
8979;3372.43;50;0.33;1;0
8980;3304.01;50;0.34;1;0
8981;3401.76;50;0.33;1;0
8982;3274.68;50;0.34;1;0
8983;3391.98;50;0.33;1;0
8984;3264.91;50;0.34;1;0
8985;3411.53;50;0.33;1;0
8986;3235.58;50;0.34;1;0
8987;3411.53;50;0.32;1;0
8988;3264.91;50;0.34;1;0
8989;3401.76;50;0.33;1;0
8990;3186.71;50;0.34;1;0
8991;3382.21;50;0.32;1;0
8992;3186.71;50;0.34;1;0
8993;3431.09;50;0.32;1;0
8994;3206.26;50;0.34;1;0
8995;3421.31;50;0.32;1;0
8996;3176.93;50;0.34;1;0
8997;3460.41;50;0.32;1;0
8998;3118.28;50;0.35;1;0
8999;3440.86;50;0.31;1;0
9000;3196.48;50;0.34;1;0
9001;3479.96;50;0.32;1;0
9002;3108.50;50;0.35;1;0
9003;3499.51;50;0.31;1;0
9004;3186.71;50;0.35;1;0
9005;3372.43;50;0.32;1;0
9006;3157.38;50;0.34;1;0
9007;3431.09;50;0.32;1;0
9008;3108.50;50;0.34;1;0
9009;3401.76;50;0.31;1;0
9010;3245.36;50;0.34;1;0
9011;3362.66;50;0.32;1;0
9012;3216.03;50;0.34;1;0
9013;3343.11;50;0.32;1;0
9014;3176.93;50;0.33;1;0
9015;3372.43;50;0.32;1;0
9016;3304.01;50;0.34;1;0
9017;3284.46;50;0.33;1;0
9018;3235.58;50;0.33;1;0
9019;3294.23;50;0.32;1;0
9020;3225.81;50;0.33;1;0
9021;3313.78;50;0.32;1;0
9022;3206.26;50;0.33;1;0
9023;3352.88;50;0.32;1;0
9024;3137.83;50;0.34;1;0
9025;3440.86;50;0.31;1;0
9026;3088.95;50;0.34;1;0
9027;3440.86;50;0.31;1;0
9028;3088.95;50;0.34;1;0
9029;3479.96;50;0.31;1;0
9030;3108.50;50;0.35;1;0
9031;3450.64;50;0.31;1;0
9032;3020.53;50;0.35;1;0
9033;3470.19;50;0.30;1;0
9034;3000.98;50;0.35;1;0
9035;3431.09;50;0.30;1;0
9036;3088.95;50;0.34;1;0
9037;3470.19;50;0.31;1;0
9038;3010.75;50;0.35;1;0
9039;3460.41;50;0.30;1;0
9040;3147.61;50;0.35;1;0
9041;3499.51;50;0.31;1;0
9042;3157.38;50;0.35;1;0
9043;3528.84;50;0.32;1;0
9044;3157.38;50;0.35;1;0
9045;3528.84;50;0.32;1;0
9046;3098.73;50;0.35;1;0
9047;3567.94;50;0.31;1;0
9048;3118.28;50;0.36;1;0
9049;3519.06;50;0.31;1;0
9050;3049.85;50;0.35;1;0
9051;3499.51;50;0.30;1;0
9052;3157.38;50;0.35;1;0
9053;3646.14;50;0.32;1;0
9054;3088.95;50;0.36;1;0
9055;3597.26;50;0.31;1;0
9056;3079.18;50;0.36;1;0
9057;3577.71;50;0.31;1;0
9058;3098.73;50;0.36;1;0
9059;3626.59;50;0.31;1;0
9060;3069.40;50;0.36;1;0
9061;3646.14;50;0.31;1;0
9062;3088.95;50;0.36;1;0
9063;3675.46;50;0.31;1;0
9064;3098.73;50;0.37;1;0
9065;3665.69;50;0.31;1;0
9066;3137.83;50;0.37;1;0
9067;3685.24;50;0.31;1;0
9068;3147.61;50;0.37;1;0
9069;3655.91;50;0.31;1;0
9070;3137.83;50;0.37;1;0
9071;3685.24;50;0.31;1;0
9072;3176.93;50;0.37;1;0
9073;3675.46;50;0.32;1;0
9074;3157.38;50;0.37;1;0
9075;3714.57;50;0.32;1;0
9076;3147.61;50;0.37;1;0
9077;3695.01;50;0.31;1;0
9078;3157.38;50;0.37;1;0
9079;3714.57;50;0.32;1;0
9080;3157.38;50;0.37;1;0
9081;3743.89;50;0.32;1;0
9082;3098.73;50;0.37;1;0
9083;3724.34;50;0.31;1;0
9084;3137.83;50;0.37;1;0
9085;3743.89;50;0.31;1;0
9086;3128.05;50;0.37;1;0
9087;3724.34;50;0.31;1;0
9088;3137.83;50;0.37;1;0
9089;3753.67;50;0.31;1;0
9090;3128.05;50;0.38;1;0
9091;3724.34;50;0.31;1;0
9092;3108.50;50;0.37;1;0
9093;3734.12;50;0.31;1;0
9094;3128.05;50;0.37;1;0
9095;3743.89;50;0.31;1;0
9096;3108.50;50;0.37;1;0
9097;3714.57;50;0.31;1;0
9098;3157.38;50;0.37;1;0
9099;3685.24;50;0.32;1;0
9100;3108.50;50;0.37;1;0
9101;3714.57;50;0.31;1;0
9102;3079.18;50;0.37;1;0
9103;3685.24;50;0.31;1;0
9104;3128.05;50;0.37;1;0
9105;3675.46;50;0.31;1;0
9106;3098.73;50;0.37;1;0
9107;3675.46;50;0.31;1;0
9108;3079.18;50;0.37;1;0
9109;3665.69;50;0.31;1;0
9110;3079.18;50;0.37;1;0
9111;3675.46;50;0.31;1;0
9112;3020.53;50;0.37;1;0
9113;3646.14;50;0.30;1;0
9114;3030.30;50;0.36;1;0
9115;3675.46;50;0.30;1;0
9116;3020.53;50;0.37;1;0
9117;3655.91;50;0.30;1;0
9118;3010.75;50;0.37;1;0
9119;3616.81;50;0.30;1;0
9120;3020.53;50;0.36;1;0
9121;3636.36;50;0.30;1;0
9122;3020.53;50;0.36;1;0
9123;3636.36;50;0.30;1;0
9124;3000.98;50;0.36;1;0
9125;3616.81;50;0.30;1;0
9126;2991.20;50;0.36;1;0
9127;3607.04;50;0.30;1;0
9128;3030.30;50;0.36;1;0
9129;3607.04;50;0.30;1;0
9130;3049.85;50;0.36;1;0
9131;3597.26;50;0.30;1;0
9132;3040.08;50;0.36;1;0
9133;3607.04;50;0.30;1;0
9134;3030.30;50;0.36;1;0
9135;3587.49;50;0.30;1;0
9136;3049.85;50;0.36;1;0
9137;3567.94;50;0.30;1;0
9138;3059.63;50;0.36;1;0
9139;3558.16;50;0.31;1;0
9140;3088.95;50;0.36;1;0
9141;3538.61;50;0.31;1;0
9142;3059.63;50;0.35;1;0
9143;3538.61;50;0.31;1;0
9144;3069.40;50;0.35;1;0
9145;3499.51;50;0.31;1;0
9146;3108.50;50;0.35;1;0
9147;3499.51;50;0.31;1;0
9148;3108.50;50;0.35;1;0
9149;3499.51;50;0.31;1;0
9150;3098.73;50;0.35;1;0
9151;3460.41;50;0.31;1;0
9152;3137.83;50;0.35;1;0
9153;3519.06;50;0.31;1;0
9154;3206.26;50;0.35;1;0
9155;3548.39;50;0.32;1;0
9156;3079.18;50;0.35;1;0
9157;3567.94;50;0.31;1;0
9158;3069.40;50;0.36;1;0
9159;3519.06;50;0.31;1;0
9160;3118.28;50;0.35;1;0
9161;3567.94;50;0.31;1;0
9162;3059.63;50;0.36;1;0
9163;3577.71;50;0.31;1;0
9164;3059.63;50;0.36;1;0
9165;3607.04;50;0.31;1;0
9166;3079.18;50;0.36;1;0
9167;3607.04;50;0.31;1;0
9168;3069.40;50;0.36;1;0
9169;3597.26;50;0.31;1;0
9170;3079.18;50;0.36;1;0
9171;3607.04;50;0.31;1;0
9172;3079.18;50;0.36;1;0
9173;3567.94;50;0.31;1;0
9174;3079.18;50;0.36;1;0
9175;3577.71;50;0.31;1;0
9176;3088.95;50;0.36;1;0
9177;3597.26;50;0.31;1;0
9178;3118.28;50;0.36;1;0
9179;3577.71;50;0.31;1;0
9180;3118.28;50;0.36;1;0
9181;3597.26;50;0.31;1;0
9182;3157.38;50;0.36;1;0
9183;3616.81;50;0.32;1;0
9184;3147.61;50;0.36;1;0
9185;3548.39;50;0.31;1;0
9186;3176.93;50;0.35;1;0
9187;3597.26;50;0.32;1;0
9188;3264.91;50;0.36;1;0
9189;3587.49;50;0.33;1;0
9190;3225.81;50;0.36;1;0
9191;3577.71;50;0.32;1;0
9192;3225.81;50;0.36;1;0
9193;3548.39;50;0.32;1;0
9194;3313.78;50;0.35;1;0
9195;3470.19;50;0.33;1;0
9196;3284.46;50;0.35;1;0
9197;3538.61;50;0.33;1;0
9198;3323.56;50;0.35;1;0
9199;3489.74;50;0.33;1;0
9200;3343.11;50;0.35;1;0
9201;3509.29;50;0.33;1;0
9202;3362.66;50;0.35;1;0
9203;3401.76;50;0.34;1;0
9204;3460.41;50;0.34;1;0
9205;3391.98;50;0.35;1;0
9206;3362.66;50;0.34;1;0
9207;3431.09;50;0.34;1;0
9208;3431.09;50;0.34;1;0
9209;3352.88;50;0.34;1;0
9210;3431.09;50;0.34;1;0
9211;3401.76;50;0.34;1;0
9212;3470.19;50;0.34;1;0
9213;3352.88;50;0.35;1;0
9214;3479.96;50;0.34;1;0
9215;3323.56;50;0.35;1;0
9216;3489.74;50;0.33;1;0
9217;3323.56;50;0.35;1;0
9218;3479.96;50;0.33;1;0
9219;3411.53;50;0.35;1;0
9220;3401.76;50;0.34;1;0
9221;3372.43;50;0.34;1;0
9222;3450.64;50;0.34;1;0
9223;3372.43;50;0.35;1;0
9224;3431.09;50;0.34;1;0
9225;3323.56;50;0.34;1;0
9226;3470.19;50;0.33;1;0
9227;3284.46;50;0.35;1;0
9228;3450.64;50;0.33;1;0
9229;3284.46;50;0.35;1;0
9230;3479.96;50;0.33;1;0
9231;3255.13;50;0.35;1;0
9232;3489.74;50;0.33;1;0
9233;3216.03;50;0.35;1;0
9234;3489.74;50;0.32;1;0
9235;3235.58;50;0.35;1;0
9236;3519.06;50;0.32;1;0
9237;3137.83;50;0.35;1;0
9238;3528.84;50;0.31;1;0
9239;3235.58;50;0.35;1;0
9240;3567.94;50;0.32;1;0
9241;3196.48;50;0.36;1;0
9242;3509.29;50;0.32;1;0
9243;3128.05;50;0.35;1;0
9244;3597.26;50;0.31;1;0
9245;3069.40;50;0.36;1;0
9246;3587.49;50;0.31;1;0
9247;3069.40;50;0.36;1;0
9248;3597.26;50;0.31;1;0
9249;3079.18;50;0.36;1;0
9250;3587.49;50;0.31;1;0
9251;3049.85;50;0.36;1;0
9252;3655.91;50;0.30;1;0
9253;3040.08;50;0.37;1;0
9254;3607.04;50;0.30;1;0
9255;3049.85;50;0.36;1;0
9256;3626.59;50;0.30;1;0
9257;3010.75;50;0.36;1;0
9258;3646.14;50;0.30;1;0
9259;3049.85;50;0.36;1;0
9260;3665.69;50;0.30;1;0
9261;3030.30;50;0.37;1;0
9262;3646.14;50;0.30;1;0
9263;3079.18;50;0.36;1;0
9264;3646.14;50;0.31;1;0
9265;3069.40;50;0.36;1;0
9266;3665.69;50;0.31;1;0
9267;3049.85;50;0.37;1;0
9268;3685.24;50;0.30;1;0
9269;3079.18;50;0.37;1;0
9270;3655.91;50;0.31;1;0
9271;3079.18;50;0.37;1;0
9272;3685.24;50;0.31;1;0
9273;3069.40;50;0.37;1;0
9274;3675.46;50;0.31;1;0
9275;3069.40;50;0.37;1;0
9276;3675.46;50;0.31;1;0
9277;3108.50;50;0.37;1;0
9278;3704.79;50;0.31;1;0
9279;3128.05;50;0.37;1;0
9280;3724.34;50;0.31;1;0
9281;3098.73;50;0.37;1;0
9282;3724.34;50;0.31;1;0
9283;3118.28;50;0.37;1;0
9284;3734.12;50;0.31;1;0
9285;3137.83;50;0.37;1;0
9286;3743.89;50;0.31;1;0
9287;3128.05;50;0.37;1;0
9288;3734.12;50;0.31;1;0
9289;3137.83;50;0.37;1;0
9290;3753.67;50;0.31;1;0
9291;3157.38;50;0.38;1;0
9292;3773.22;50;0.32;1;0
9293;3167.16;50;0.38;1;0
9294;3802.54;50;0.32;1;0
9295;3186.71;50;0.38;1;0
9296;3792.77;50;0.32;1;0
9297;3216.03;50;0.38;1;0
9298;3831.87;50;0.32;1;0
9299;3216.03;50;0.38;1;0
9300;3812.32;50;0.32;1;0
9301;3235.58;50;0.38;1;0
9302;3812.32;50;0.32;1;0
9303;3235.58;50;0.38;1;0
9304;3802.54;50;0.32;1;0
9305;3264.91;50;0.38;1;0
9306;3812.32;50;0.33;1;0
9307;3304.01;50;0.38;1;0
9308;3822.09;50;0.33;1;0
9309;3352.88;50;0.38;1;0
9310;3812.32;50;0.34;1;0
9311;3372.43;50;0.38;1;0
9312;3861.19;50;0.34;1;0
9313;3362.66;50;0.39;1;0
9314;3851.42;50;0.34;1;0
9315;3411.53;50;0.39;1;0
9316;3792.77;50;0.34;1;0
9317;3440.86;50;0.38;1;0
9318;3802.54;50;0.34;1;0
9319;3470.19;50;0.38;1;0
9320;3743.89;50;0.35;1;0
9321;3440.86;50;0.37;1;0
9322;3812.32;50;0.34;1;0
9323;3509.29;50;0.38;1;0
9324;3782.99;50;0.35;1;0
9325;3558.16;50;0.38;1;0
9326;3734.12;50;0.36;1;0
9327;3616.81;50;0.37;1;0
9328;3753.67;50;0.36;1;0
9329;3499.51;50;0.38;1;0
9330;3910.07;50;0.35;1;0
9331;3470.19;50;0.39;1;0
9332;3870.97;50;0.35;1;0
9333;3499.51;50;0.39;1;0
9334;3880.74;50;0.35;1;0
9335;3548.39;50;0.39;1;0
9336;3753.67;50;0.35;1;0
9337;3538.61;50;0.38;1;0
9338;3792.77;50;0.35;1;0
9339;3587.49;50;0.38;1;0
9340;3782.99;50;0.36;1;0
9341;3646.14;50;0.38;1;0
9342;3704.79;50;0.36;1;0
9343;3616.81;50;0.37;1;0
9344;3636.36;50;0.36;1;0
9345;3695.01;50;0.36;1;0
9346;3704.79;50;0.37;1;0
9347;3714.57;50;0.37;1;0
9348;3675.46;50;0.37;1;0
9349;3695.01;50;0.37;1;0
9350;3646.14;50;0.37;1;0
9351;3724.34;50;0.36;1;0
9352;3597.26;50;0.37;1;0
9353;3743.89;50;0.36;1;0
9354;3587.49;50;0.37;1;0
9355;3773.22;50;0.36;1;0
9356;3616.81;50;0.38;1;0
9357;3763.44;50;0.36;1;0
9358;3675.46;50;0.38;1;0
9359;3704.79;50;0.37;1;0
9360;3636.36;50;0.37;1;0
9361;3753.67;50;0.36;1;0
9362;3616.81;50;0.38;1;0
9363;3782.99;50;0.36;1;0
9364;3704.79;50;0.38;1;0
9365;3724.34;50;0.37;1;0
9366;3655.91;50;0.37;1;0
9367;3695.01;50;0.37;1;0
9368;3646.14;50;0.37;1;0
9369;3753.67;50;0.36;1;0
9370;3626.59;50;0.38;1;0
9371;3763.44;50;0.36;1;0
9372;3646.14;50;0.38;1;0
9373;3802.54;50;0.36;1;0
9374;3626.59;50;0.38;1;0
9375;3802.54;50;0.36;1;0
9376;3626.59;50;0.38;1;0
9377;3831.87;50;0.36;1;0
9378;3607.04;50;0.38;1;0
9379;3861.19;50;0.36;1;0
9380;3587.49;50;0.39;1;0
9381;3851.42;50;0.36;1;0
9382;3616.81;50;0.39;1;0
9383;3929.62;50;0.36;1;0
9384;3607.04;50;0.39;1;0
9385;3919.84;50;0.36;1;0
9386;3636.36;50;0.39;1;0
9387;3929.62;50;0.36;1;0
9388;3577.71;50;0.39;1;0
9389;3968.72;50;0.36;1;0
9390;3597.26;50;0.40;1;0
9391;4037.15;50;0.36;1;0
9392;3607.04;50;0.40;1;0
9393;3988.27;50;0.36;1;0
9394;3626.59;50;0.40;1;0
9395;4066.47;50;0.36;1;0
9396;3538.61;50;0.41;1;0
9397;4115.35;50;0.35;1;0
9398;3548.39;50;0.41;1;0
9399;4164.22;50;0.35;1;0
9400;3587.49;50;0.42;1;0
9401;4183.77;50;0.36;1;0
9402;3587.49;50;0.42;1;0
9403;4213.10;50;0.36;1;0
9404;3587.49;50;0.42;1;0
9405;4213.10;50;0.36;1;0
9406;3646.14;50;0.42;1;0
9407;4232.65;50;0.36;1;0
9408;3607.04;50;0.42;1;0
9409;4222.87;50;0.36;1;0
9410;3655.91;50;0.42;1;0
9411;4291.30;50;0.37;1;0
9412;3675.46;50;0.43;1;0
9413;4261.97;50;0.37;1;0
9414;3665.69;50;0.43;1;0
9415;4310.85;50;0.37;1;0
9416;3695.01;50;0.43;1;0
9417;4310.85;50;0.37;1;0
9418;3763.44;50;0.43;1;0
9419;4310.85;50;0.38;1;0
9420;3753.67;50;0.43;1;0
9421;4359.73;50;0.38;1;0
9422;3773.22;50;0.44;1;0
9423;4359.73;50;0.38;1;0
9424;3812.32;50;0.44;1;0
9425;4379.28;50;0.38;1;0
9426;3812.32;50;0.44;1;0
9427;4389.05;50;0.38;1;0
9428;3851.42;50;0.44;1;0
9429;4379.28;50;0.39;1;0
9430;3841.64;50;0.44;1;0
9431;4379.28;50;0.38;1;0
9432;3890.52;50;0.44;1;0
9433;4428.15;50;0.39;1;0
9434;3900.29;50;0.44;1;0
9435;4428.15;50;0.39;1;0
9436;4017.60;50;0.44;1;0
9437;4349.95;50;0.40;1;0
9438;4037.15;50;0.43;1;0
9439;4437.93;50;0.40;1;0
9440;3978.49;50;0.44;1;0
9441;4389.05;50;0.40;1;0
9442;3968.72;50;0.44;1;0
9443;4447.70;50;0.40;1;0
9444;4017.60;50;0.44;1;0
9445;4389.05;50;0.40;1;0
9446;4056.70;50;0.44;1;0
9447;4389.05;50;0.41;1;0
9448;4086.02;50;0.44;1;0
9449;4320.63;50;0.41;1;0
9450;4076.25;50;0.43;1;0
9451;4389.05;50;0.41;1;0
9452;4125.12;50;0.44;1;0
9453;4320.63;50;0.41;1;0
9454;4076.25;50;0.43;1;0
9455;4242.42;50;0.41;1;0
9456;4252.20;50;0.42;1;0
9457;4174.00;50;0.43;1;0
9458;4271.75;50;0.42;1;0
9459;4174.00;50;0.43;1;0
9460;4281.52;50;0.42;1;0
9461;4134.90;50;0.43;1;0
9462;4174.00;50;0.41;1;0
9463;4222.87;50;0.42;1;0
9464;4174.00;50;0.42;1;0
9465;4174.00;50;0.42;1;0
9466;4242.42;50;0.42;1;0
9467;4154.45;50;0.42;1;0
9468;4134.90;50;0.42;1;0
9469;4261.97;50;0.41;1;0
9470;4203.32;50;0.43;1;0
9471;4261.97;50;0.42;1;0
9472;4291.30;50;0.43;1;0
9473;4105.57;50;0.43;1;0
9474;4261.97;50;0.41;1;0
9475;4144.67;50;0.43;1;0
9476;4242.42;50;0.41;1;0
9477;4066.47;50;0.42;1;0
9478;4301.08;50;0.41;1;0
9479;4046.92;50;0.43;1;0
9480;4340.18;50;0.40;1;0
9481;4105.57;50;0.43;1;0
9482;4349.95;50;0.41;1;0
9483;4105.57;50;0.43;1;0
9484;4349.95;50;0.41;1;0
9485;3998.05;50;0.43;1;0
9486;4252.20;50;0.40;1;0
9487;4037.15;50;0.43;1;0
9488;4389.05;50;0.40;1;0
9489;3939.39;50;0.44;1;0
9490;4389.05;50;0.39;1;0
9491;3968.72;50;0.44;1;0
9492;4349.95;50;0.40;1;0
9493;3958.94;50;0.43;1;0
9494;4349.95;50;0.40;1;0
9495;3968.72;50;0.43;1;0
9496;4467.25;50;0.40;1;0
9497;3939.39;50;0.45;1;0
9498;4408.60;50;0.39;1;0
9499;3939.39;50;0.44;1;0
9500;4428.15;50;0.39;1;0
9501;3900.29;50;0.44;1;0
9502;4418.38;50;0.39;1;0
9503;3939.39;50;0.44;1;0
9504;4457.48;50;0.39;1;0
9505;3919.84;50;0.45;1;0
9506;4477.03;50;0.39;1;0
9507;3910.07;50;0.45;1;0
9508;4486.80;50;0.39;1;0
9509;3880.74;50;0.45;1;0
9510;4506.35;50;0.39;1;0
9511;3880.74;50;0.45;1;0
9512;4496.58;50;0.39;1;0
9513;3919.84;50;0.45;1;0
9514;4506.35;50;0.39;1;0
9515;3900.29;50;0.45;1;0
9516;4496.58;50;0.39;1;0
9517;3910.07;50;0.45;1;0
9518;4535.68;50;0.39;1;0
9519;3880.74;50;0.45;1;0
9520;4506.35;50;0.39;1;0
9521;3949.17;50;0.45;1;0
9522;4496.58;50;0.39;1;0
9523;3900.29;50;0.45;1;0
9524;4496.58;50;0.39;1;0
9525;3919.84;50;0.45;1;0
9526;4535.68;50;0.39;1;0
9527;3910.07;50;0.45;1;0
9528;4535.68;50;0.39;1;0
9529;3939.39;50;0.45;1;0
9530;4574.78;50;0.39;1;0
9531;3939.39;50;0.46;1;0
9532;4535.68;50;0.39;1;0
9533;3958.94;50;0.45;1;0
9534;4555.23;50;0.40;1;0
9535;3968.72;50;0.46;1;0
9536;4535.68;50;0.40;1;0
9537;3978.49;50;0.45;1;0
9538;4584.56;50;0.40;1;0
9539;4007.82;50;0.46;1;0
9540;4516.13;50;0.40;1;0
9541;3968.72;50;0.45;1;0
9542;4574.78;50;0.40;1;0
9543;3998.05;50;0.46;1;0
9544;4574.78;50;0.40;1;0
9545;4027.37;50;0.46;1;0
9546;4574.78;50;0.40;1;0
9547;4037.15;50;0.46;1;0
9548;4535.68;50;0.40;1;0
9549;4017.60;50;0.45;1;0
9550;4574.78;50;0.40;1;0
9551;4027.37;50;0.46;1;0
9552;4574.78;50;0.40;1;0
9553;4037.15;50;0.46;1;0
9554;4584.56;50;0.40;1;0
9555;4046.92;50;0.46;1;0
9556;4584.56;50;0.40;1;0
9557;4046.92;50;0.46;1;0
9558;4584.56;50;0.40;1;0
9559;4037.15;50;0.46;1;0
9560;4535.68;50;0.40;1;0
9561;4086.02;50;0.45;1;0
9562;4574.78;50;0.41;1;0
9563;4095.80;50;0.46;1;0
9564;4535.68;50;0.41;1;0
9565;4066.47;50;0.45;1;0
9566;4330.40;50;0.41;1;0
9567;4213.10;50;0.43;1;0
9568;4340.18;50;0.42;1;0
9569;4252.20;50;0.43;1;0
9570;4320.63;50;0.43;1;0
9571;4193.55;50;0.43;1;0
9572;4457.48;50;0.42;1;0
9573;4095.80;50;0.45;1;0
9574;4369.50;50;0.41;1;0
9575;4203.32;50;0.44;1;0
9576;4359.73;50;0.42;1;0
9577;4154.45;50;0.44;1;0
9578;4379.28;50;0.42;1;0
9579;4066.47;50;0.44;1;0
9580;4369.50;50;0.41;1;0
9581;4115.35;50;0.44;1;0
9582;4379.28;50;0.41;1;0
9583;4076.25;50;0.44;1;0
9584;4408.60;50;0.41;1;0
9585;3998.05;50;0.44;1;0
9586;4428.15;50;0.40;1;0
9587;4027.37;50;0.44;1;0
9588;4398.83;50;0.40;1;0
9589;4027.37;50;0.44;1;0
9590;4349.95;50;0.40;1;0
9591;4046.92;50;0.43;1;0
9592;4359.73;50;0.40;1;0
9593;4086.02;50;0.44;1;0
9594;4242.42;50;0.41;1;0
9595;4066.47;50;0.42;1;0
9596;4301.08;50;0.41;1;0
9597;3998.05;50;0.43;1;0
9598;4183.77;50;0.40;1;0
9599;4037.15;50;0.42;1;0
9600;4154.45;50;0.40;1;0
9601;4095.80;50;0.42;1;0
9602;4203.32;50;0.41;1;0
9603;4086.02;50;0.42;1;0
9604;4144.67;50;0.41;1;0
9605;4046.92;50;0.41;1;0
9606;4086.02;50;0.40;1;0
9607;4066.47;50;0.41;1;0
9608;4046.92;50;0.41;1;0
9609;4056.70;50;0.40;1;0
9610;3988.27;50;0.41;1;0
9611;4095.80;50;0.40;1;0
9612;3949.17;50;0.41;1;0
9613;4105.57;50;0.39;1;0
9614;3929.62;50;0.41;1;0
9615;4144.67;50;0.39;1;0
9616;3910.07;50;0.41;1;0
9617;4144.67;50;0.39;1;0
9618;3939.39;50;0.41;1;0
9619;4115.35;50;0.39;1;0
9620;3841.64;50;0.41;1;0
9621;4125.12;50;0.38;1;0
9622;3831.87;50;0.41;1;0
9623;4115.35;50;0.38;1;0
9624;3861.19;50;0.41;1;0
9625;4193.55;50;0.39;1;0
9626;3831.87;50;0.42;1;0
9627;4144.67;50;0.38;1;0
9628;3704.79;50;0.41;1;0
9629;4193.55;50;0.37;1;0
9630;3763.44;50;0.42;1;0
9631;4134.90;50;0.38;1;0
9632;3646.14;50;0.41;1;0
9633;4115.35;50;0.36;1;0
9634;3704.79;50;0.41;1;0
9635;4183.77;50;0.37;1;0
9636;3753.67;50;0.42;1;0
9637;4115.35;50;0.38;1;0
9638;3753.67;50;0.41;1;0
9639;4213.10;50;0.38;1;0
9640;3763.44;50;0.42;1;0
9641;4066.47;50;0.38;1;0
9642;3812.32;50;0.41;1;0
9643;4017.60;50;0.38;1;0
9644;3822.09;50;0.40;1;0
9645;4115.35;50;0.38;1;0
9646;3773.22;50;0.41;1;0
9647;4066.47;50;0.38;1;0
9648;3792.77;50;0.41;1;0
9649;4046.92;50;0.38;1;0
9650;3704.79;50;0.40;1;0
9651;4066.47;50;0.37;1;0
9652;3782.99;50;0.41;1;0
9653;4144.67;50;0.38;1;0
9654;3724.34;50;0.41;1;0
9655;4115.35;50;0.37;1;0
9656;3685.24;50;0.41;1;0
9657;4174.00;50;0.37;1;0
9658;3763.44;50;0.42;1;0
9659;4183.77;50;0.38;1;0
9660;3695.01;50;0.42;1;0
9661;4183.77;50;0.37;1;0
9662;3655.91;50;0.42;1;0
9663;4164.22;50;0.37;1;0
9664;3675.46;50;0.42;1;0
9665;4154.45;50;0.37;1;0
9666;3675.46;50;0.42;1;0
9667;4203.32;50;0.37;1;0
9668;3655.91;50;0.42;1;0
9669;4193.55;50;0.37;1;0
9670;3695.01;50;0.42;1;0
9671;4203.32;50;0.37;1;0
9672;3655.91;50;0.42;1;0
9673;4183.77;50;0.37;1;0
9674;3704.79;50;0.42;1;0
9675;4203.32;50;0.37;1;0
9676;3665.69;50;0.42;1;0
9677;4203.32;50;0.37;1;0
9678;3646.14;50;0.42;1;0
9679;4164.22;50;0.36;1;0
9680;3675.46;50;0.42;1;0
9681;4213.10;50;0.37;1;0
9682;3626.59;50;0.42;1;0
9683;4193.55;50;0.36;1;0
9684;3636.36;50;0.42;1;0
9685;4193.55;50;0.36;1;0
9686;3616.81;50;0.42;1;0
9687;4203.32;50;0.36;1;0
9688;3636.36;50;0.42;1;0
9689;4222.87;50;0.36;1;0
9690;3607.04;50;0.42;1;0
9691;4183.77;50;0.36;1;0
9692;3607.04;50;0.42;1;0
9693;4174.00;50;0.36;1;0
9694;3567.94;50;0.42;1;0
9695;4174.00;50;0.36;1;0
9696;3607.04;50;0.42;1;0
9697;4203.32;50;0.36;1;0
9698;3577.71;50;0.42;1;0
9699;4164.22;50;0.36;1;0
9700;3548.39;50;0.42;1;0
9701;4144.67;50;0.35;1;0
9702;3538.61;50;0.41;1;0
9703;4144.67;50;0.35;1;0
9704;3509.29;50;0.41;1;0
9705;4134.90;50;0.35;1;0
9706;3499.51;50;0.41;1;0
9707;4115.35;50;0.35;1;0
9708;3519.06;50;0.41;1;0
9709;4056.70;50;0.35;1;0
9710;3538.61;50;0.41;1;0
9711;4056.70;50;0.35;1;0
9712;3479.96;50;0.41;1;0
9713;4056.70;50;0.35;1;0
9714;3489.74;50;0.41;1;0
9715;4027.37;50;0.35;1;0
9716;3479.96;50;0.40;1;0
9717;4017.60;50;0.35;1;0
9718;3509.29;50;0.40;1;0
9719;4017.60;50;0.35;1;0
9720;3489.74;50;0.40;1;0
9721;3949.17;50;0.35;1;0
9722;3470.19;50;0.39;1;0
9723;3988.27;50;0.35;1;0
9724;3479.96;50;0.40;1;0
9725;3978.49;50;0.35;1;0
9726;3440.86;50;0.40;1;0
9727;3939.39;50;0.34;1;0
9728;3411.53;50;0.39;1;0
9729;3988.27;50;0.34;1;0
9730;3431.09;50;0.40;1;0
9731;3968.72;50;0.34;1;0
9732;3362.66;50;0.40;1;0
9733;3958.94;50;0.34;1;0
9734;3411.53;50;0.40;1;0
9735;3958.94;50;0.34;1;0
9736;3411.53;50;0.40;1;0
9737;3998.05;50;0.34;1;0
9738;3372.43;50;0.40;1;0
9739;3949.17;50;0.34;1;0
9740;3362.66;50;0.39;1;0
9741;3919.84;50;0.34;1;0
9742;3382.21;50;0.39;1;0
9743;3929.62;50;0.34;1;0
9744;3362.66;50;0.39;1;0
9745;3958.94;50;0.34;1;0
9746;3401.76;50;0.40;1;0
9747;3880.74;50;0.34;1;0
9748;3382.21;50;0.39;1;0
9749;3910.07;50;0.34;1;0
9750;3382.21;50;0.39;1;0
9751;3880.74;50;0.34;1;0
9752;3382.21;50;0.39;1;0
9753;3851.42;50;0.34;1;0
9754;3401.76;50;0.39;1;0
9755;3870.97;50;0.34;1;0
9756;3382.21;50;0.39;1;0
9757;3841.64;50;0.34;1;0
9758;3440.86;50;0.38;1;0
9759;3870.97;50;0.34;1;0
9760;3450.64;50;0.39;1;0
9761;3861.19;50;0.35;1;0
9762;3431.09;50;0.39;1;0
9763;3812.32;50;0.34;1;0
9764;3499.51;50;0.38;1;0
9765;3831.87;50;0.35;1;0
9766;3470.19;50;0.38;1;0
9767;3792.77;50;0.35;1;0
9768;3509.29;50;0.38;1;0
9769;3763.44;50;0.35;1;0
9770;3528.84;50;0.38;1;0
9771;3782.99;50;0.35;1;0
9772;3587.49;50;0.38;1;0
9773;3743.89;50;0.36;1;0
9774;3558.16;50;0.37;1;0
9775;3724.34;50;0.36;1;0
9776;3646.14;50;0.37;1;0
9777;3675.46;50;0.36;1;0
9778;3685.24;50;0.37;1;0
9779;3704.79;50;0.37;1;0
9780;3665.69;50;0.37;1;0
9781;3743.89;50;0.37;1;0
9782;3714.57;50;0.37;1;0
9783;3743.89;50;0.37;1;0
9784;3753.67;50;0.37;1;0
9785;3734.12;50;0.38;1;0
9786;3773.22;50;0.37;1;0
9787;3792.77;50;0.38;1;0
9788;3695.01;50;0.38;1;0
9789;3773.22;50;0.37;1;0
9790;3734.12;50;0.38;1;0
9791;3743.89;50;0.37;1;0
9792;3782.99;50;0.37;1;0
9793;3724.34;50;0.38;1;0
9794;3734.12;50;0.37;1;0
9795;3743.89;50;0.37;1;0
9796;3773.22;50;0.37;1;0
9797;3704.79;50;0.38;1;0
9798;3851.42;50;0.37;1;0
9799;3675.46;50;0.39;1;0
9800;3812.32;50;0.37;1;0
9801;3685.24;50;0.38;1;0
9802;3782.99;50;0.37;1;0
9803;3695.01;50;0.38;1;0
9804;3851.42;50;0.37;1;0
9805;3675.46;50;0.39;1;0
9806;3841.64;50;0.37;1;0
9807;3685.24;50;0.38;1;0
9808;3822.09;50;0.37;1;0
9809;3655.91;50;0.38;1;0
9810;3910.07;50;0.37;1;0
9811;3646.14;50;0.39;1;0
9812;3890.52;50;0.36;1;0
9813;3597.26;50;0.39;1;0
9814;3900.29;50;0.36;1;0
9815;3636.36;50;0.39;1;0
9816;3812.32;50;0.36;1;0
9817;3626.59;50;0.38;1;0
9818;3802.54;50;0.36;1;0
9819;3655.91;50;0.38;1;0
9820;3861.19;50;0.37;1;0
9821;3567.94;50;0.39;1;0
9822;3753.67;50;0.36;1;0
9823;3646.14;50;0.38;1;0
9824;3753.67;50;0.36;1;0
9825;3626.59;50;0.38;1;0
9826;3792.77;50;0.36;1;0
9827;3626.59;50;0.38;1;0
9828;3753.67;50;0.36;1;0
9829;3548.39;50;0.38;1;0
9830;3812.32;50;0.35;1;0
9831;3567.94;50;0.38;1;0
9832;3743.89;50;0.36;1;0
9833;3567.94;50;0.37;1;0
9834;3792.77;50;0.36;1;0
9835;3528.84;50;0.38;1;0
9836;3753.67;50;0.35;1;0
9837;3548.39;50;0.38;1;0
9838;3753.67;50;0.35;1;0
9839;3479.96;50;0.38;1;0
9840;3822.09;50;0.35;1;0
9841;3519.06;50;0.38;1;0
9842;3792.77;50;0.35;1;0
9843;3489.74;50;0.38;1;0
9844;3822.09;50;0.35;1;0
9845;3431.09;50;0.38;1;0
9846;3870.97;50;0.34;1;0
9847;3391.98;50;0.39;1;0
9848;3822.09;50;0.34;1;0
9849;3382.21;50;0.38;1;0
9850;3841.64;50;0.34;1;0
9851;3440.86;50;0.38;1;0
9852;3802.54;50;0.34;1;0
9853;3372.43;50;0.38;1;0
9854;3841.64;50;0.34;1;0
9855;3391.98;50;0.38;1;0
9856;3841.64;50;0.34;1;0
9857;3313.78;50;0.38;1;0
9858;3831.87;50;0.33;1;0
9859;3333.33;50;0.38;1;0
9860;3890.52;50;0.33;1;0
9861;3323.56;50;0.39;1;0
9862;3870.97;50;0.33;1;0
9863;3294.23;50;0.39;1;0
9864;3841.64;50;0.33;1;0
9865;3313.78;50;0.38;1;0
9866;3822.09;50;0.33;1;0
9867;3333.33;50;0.38;1;0
9868;3831.87;50;0.33;1;0
9869;3284.46;50;0.38;1;0
9870;3900.29;50;0.33;1;0
9871;3294.23;50;0.39;1;0
9872;3890.52;50;0.33;1;0
9873;3264.91;50;0.39;1;0
9874;3841.64;50;0.33;1;0
9875;3304.01;50;0.38;1;0
9876;3851.42;50;0.33;1;0
9877;3294.23;50;0.39;1;0
9878;3841.64;50;0.33;1;0
9879;3294.23;50;0.38;1;0
9880;3880.74;50;0.33;1;0
9881;3313.78;50;0.39;1;0
9882;3890.52;50;0.33;1;0
9883;3313.78;50;0.39;1;0
9884;3910.07;50;0.33;1;0
9885;3304.01;50;0.39;1;0
9886;3890.52;50;0.33;1;0
9887;3294.23;50;0.39;1;0
9888;3870.97;50;0.33;1;0
9889;3323.56;50;0.39;1;0
9890;3900.29;50;0.33;1;0
9891;3304.01;50;0.39;1;0
9892;3910.07;50;0.33;1;0
9893;3294.23;50;0.39;1;0
9894;3939.39;50;0.33;1;0
9895;3294.23;50;0.39;1;0
9896;3939.39;50;0.33;1;0
9897;3313.78;50;0.39;1;0
9898;3910.07;50;0.33;1;0
9899;3304.01;50;0.39;1;0
9900;3939.39;50;0.33;1;0
9901;3333.33;50;0.39;1;0
9902;3968.72;50;0.33;1;0
9903;3333.33;50;0.40;1;0
9904;3968.72;50;0.33;1;0
9905;3352.88;50;0.40;1;0
9906;3968.72;50;0.34;1;0
9907;3372.43;50;0.40;1;0
9908;3978.49;50;0.34;1;0
9909;3382.21;50;0.40;1;0
9910;3968.72;50;0.34;1;0
9911;3362.66;50;0.40;1;0
9912;3958.94;50;0.34;1;0
9913;3362.66;50;0.40;1;0
9914;3988.27;50;0.34;1;0
9915;3372.43;50;0.40;1;0
9916;3998.05;50;0.34;1;0
9917;3382.21;50;0.40;1;0
9918;3988.27;50;0.34;1;0
9919;3362.66;50;0.40;1;0
9920;3988.27;50;0.34;1;0
9921;3333.33;50;0.40;1;0
9922;3988.27;50;0.33;1;0
9923;3382.21;50;0.40;1;0
9924;3988.27;50;0.34;1;0
9925;3401.76;50;0.40;1;0
9926;3968.72;50;0.34;1;0
9927;3382.21;50;0.40;1;0
9928;3988.27;50;0.34;1;0
9929;3391.98;50;0.40;1;0
9930;3968.72;50;0.34;1;0
9931;3391.98;50;0.40;1;0
9932;3958.94;50;0.34;1;0
9933;3372.43;50;0.40;1;0
9934;3968.72;50;0.34;1;0
9935;3352.88;50;0.40;1;0
9936;3949.17;50;0.34;1;0
9937;3352.88;50;0.39;1;0
9938;3958.94;50;0.34;1;0
9939;3382.21;50;0.40;1;0
9940;3900.29;50;0.34;1;0
9941;3401.76;50;0.39;1;0
9942;3890.52;50;0.34;1;0
9943;3421.31;50;0.39;1;0
9944;3870.97;50;0.34;1;0
9945;3372.43;50;0.39;1;0
9946;3861.19;50;0.34;1;0
9947;3382.21;50;0.39;1;0
9948;3861.19;50;0.34;1;0
9949;3372.43;50;0.39;1;0
9950;3822.09;50;0.34;1;0
9951;3372.43;50;0.38;1;0
9952;3851.42;50;0.34;1;0
9953;3362.66;50;0.39;1;0
9954;3724.34;50;0.34;1;0
9955;3440.86;50;0.37;1;0
9956;3773.22;50;0.34;1;0
9957;3382.21;50;0.38;1;0
9958;3704.79;50;0.34;1;0
9959;3440.86;50;0.37;1;0
9960;3675.46;50;0.34;1;0
9961;3343.11;50;0.37;1;0
9962;3792.77;50;0.33;1;0
9963;3323.56;50;0.38;1;0
9964;3763.44;50;0.33;1;0
9965;3333.33;50;0.38;1;0
9966;3763.44;50;0.33;1;0
9967;3294.23;50;0.38;1;0
9968;3773.22;50;0.33;1;0
9969;3235.58;50;0.38;1;0
9970;3822.09;50;0.32;1;0
9971;3255.13;50;0.38;1;0
9972;3763.44;50;0.33;1;0
9973;3235.58;50;0.38;1;0
9974;3753.67;50;0.32;1;0
9975;3294.23;50;0.38;1;0
9976;3724.34;50;0.33;1;0
9977;3304.01;50;0.37;1;0
9978;3724.34;50;0.33;1;0
9979;3255.13;50;0.37;1;0
9980;3704.79;50;0.33;1;0
9981;3284.46;50;0.37;1;0
9982;3655.91;50;0.33;1;0
9983;3323.56;50;0.37;1;0
9984;3685.24;50;0.33;1;0
9985;3294.23;50;0.37;1;0
9986;3685.24;50;0.33;1;0
9987;3382.21;50;0.37;1;0
9988;3577.71;50;0.34;1;0
9989;3333.33;50;0.36;1;0
9990;3626.59;50;0.33;1;0
9991;3411.53;50;0.36;1;0
9992;3626.59;50;0.34;1;0
9993;3411.53;50;0.36;1;0
9994;3636.36;50;0.34;1;0
9995;3460.41;50;0.36;1;0
9996;3695.01;50;0.35;1;0
9997;3372.43;50;0.37;1;0
9998;3695.01;50;0.34;1;0
9999;3323.56;50;0.37;1;0
10000;3577.71;50;0.33;1;0
10001;3528.84;50;0.36;1;0
10002;3558.16;50;0.35;1;0
10003;3538.61;50;0.36;1;0
10004;3548.39;50;0.35;1;0
10005;3519.06;50;0.35;1;0
10006;3489.74;50;0.35;1;0
10007;3538.61;50;0.35;1;0
10008;3489.74;50;0.35;1;0
10009;3577.71;50;0.35;1;0
10010;3440.86;50;0.36;1;0
10011;3577.71;50;0.34;1;0
10012;3440.86;50;0.36;1;0
10013;3626.59;50;0.34;1;0
10014;3421.31;50;0.36;1;0
10015;3616.81;50;0.34;1;0
10016;3411.53;50;0.36;1;0
10017;3646.14;50;0.34;1;0
10018;3431.09;50;0.36;1;0
10019;3587.49;50;0.34;1;0
10020;3499.51;50;0.36;1;0
10021;3616.81;50;0.35;1;0
10022;3450.64;50;0.36;1;0
10023;3685.24;50;0.35;1;0
10024;3460.41;50;0.37;1;0
10025;3665.69;50;0.35;1;0
10026;3440.86;50;0.37;1;0
10027;3724.34;50;0.34;1;0
10028;3440.86;50;0.37;1;0
10029;3743.89;50;0.34;1;0
10030;3470.19;50;0.37;1;0
10031;3753.67;50;0.35;1;0
10032;3401.76;50;0.38;1;0
10033;3782.99;50;0.34;1;0
10034;3372.43;50;0.38;1;0
10035;3812.32;50;0.34;1;0
10036;3401.76;50;0.38;1;0
10037;3802.54;50;0.34;1;0
10038;3479.96;50;0.38;1;0
10039;3782.99;50;0.35;1;0
10040;3372.43;50;0.38;1;0
10041;3792.77;50;0.34;1;0
10042;3431.09;50;0.38;1;0
10043;3870.97;50;0.34;1;0
10044;3391.98;50;0.39;1;0
10045;3890.52;50;0.34;1;0
10046;3421.31;50;0.39;1;0
10047;3802.54;50;0.34;1;0
10048;3450.64;50;0.38;1;0
10049;3802.54;50;0.35;1;0
10050;3440.86;50;0.38;1;0
10051;3753.67;50;0.34;1;0
10052;3450.64;50;0.38;1;0
10053;3763.44;50;0.35;1;0
10054;3470.19;50;0.38;1;0
10055;3743.89;50;0.35;1;0
10056;3421.31;50;0.37;1;0
10057;3851.42;50;0.34;1;0
10058;3372.43;50;0.39;1;0
10059;3782.99;50;0.34;1;0
10060;3352.88;50;0.38;1;0
10061;3802.54;50;0.34;1;0
10062;3401.76;50;0.38;1;0
10063;3792.77;50;0.34;1;0
10064;3294.23;50;0.38;1;0
10065;3861.19;50;0.33;1;0
10066;3284.46;50;0.39;1;0
10067;3831.87;50;0.33;1;0
10068;3323.56;50;0.38;1;0
10069;3841.64;50;0.33;1;0
10070;3323.56;50;0.38;1;0
10071;3802.54;50;0.33;1;0
10072;3352.88;50;0.38;1;0
10073;3782.99;50;0.34;1;0
10074;3343.11;50;0.38;1;0
10075;3782.99;50;0.33;1;0
10076;3274.68;50;0.38;1;0
10077;3753.67;50;0.33;1;0
10078;3274.68;50;0.38;1;0
10079;3743.89;50;0.33;1;0
10080;3284.46;50;0.37;1;0
10081;3695.01;50;0.33;1;0
10082;3382.21;50;0.37;1;0
10083;3675.46;50;0.34;1;0
10084;3362.66;50;0.37;1;0
10085;3753.67;50;0.34;1;0
10086;3372.43;50;0.38;1;0
10087;3704.79;50;0.34;1;0
10088;3313.78;50;0.37;1;0
10089;3753.67;50;0.33;1;0
10090;3284.46;50;0.38;1;0
10091;3685.24;50;0.33;1;0
10092;3216.03;50;0.37;1;0
10093;3714.57;50;0.32;1;0
10094;3274.68;50;0.37;1;0
10095;3685.24;50;0.33;1;0
10096;3245.36;50;0.37;1;0
10097;3695.01;50;0.32;1;0
10098;3333.33;50;0.37;1;0
10099;3763.44;50;0.33;1;0
10100;3352.88;50;0.38;1;0
10101;3763.44;50;0.34;1;0
10102;3255.13;50;0.38;1;0
10103;3753.67;50;0.33;1;0
10104;3274.68;50;0.38;1;0
10105;3753.67;50;0.33;1;0
10106;3225.81;50;0.38;1;0
10107;3782.99;50;0.32;1;0
10108;3245.36;50;0.38;1;0
10109;3812.32;50;0.32;1;0
10110;3255.13;50;0.38;1;0
10111;3773.22;50;0.33;1;0
10112;3255.13;50;0.38;1;0
10113;3792.77;50;0.33;1;0
10114;3216.03;50;0.38;1;0
10115;3812.32;50;0.32;1;0
10116;3186.71;50;0.38;1;0
10117;3822.09;50;0.32;1;0
10118;3235.58;50;0.38;1;0
10119;3841.64;50;0.32;1;0
10120;3206.26;50;0.38;1;0
10121;3822.09;50;0.32;1;0
10122;3216.03;50;0.38;1;0
10123;3822.09;50;0.32;1;0
10124;3167.16;50;0.38;1;0
10125;3841.64;50;0.32;1;0
10126;3245.36;50;0.38;1;0
10127;3870.97;50;0.32;1;0
10128;3216.03;50;0.39;1;0
10129;3851.42;50;0.32;1;0
10130;3245.36;50;0.39;1;0
10131;3851.42;50;0.32;1;0
10132;3255.13;50;0.39;1;0
10133;3851.42;50;0.33;1;0
10134;3235.58;50;0.39;1;0
10135;3841.64;50;0.32;1;0
10136;3274.68;50;0.38;1;0
10137;3861.19;50;0.33;1;0
10138;3264.91;50;0.39;1;0
10139;3870.97;50;0.33;1;0
10140;3264.91;50;0.39;1;0
10141;3861.19;50;0.33;1;0
10142;3313.78;50;0.39;1;0
10143;3890.52;50;0.33;1;0
10144;3313.78;50;0.39;1;0
10145;3890.52;50;0.33;1;0
10146;3284.46;50;0.39;1;0
10147;3890.52;50;0.33;1;0
10148;3304.01;50;0.39;1;0
10149;3910.07;50;0.33;1;0
10150;3294.23;50;0.39;1;0
10151;3919.84;50;0.33;1;0
10152;3313.78;50;0.39;1;0
10153;3939.39;50;0.33;1;0
10154;3313.78;50;0.39;1;0
10155;3929.62;50;0.33;1;0
10156;3255.13;50;0.39;1;0
10157;3890.52;50;0.33;1;0
10158;3323.56;50;0.39;1;0
10159;3949.17;50;0.33;1;0
10160;3352.88;50;0.39;1;0
10161;3949.17;50;0.34;1;0
10162;3323.56;50;0.39;1;0
10163;3919.84;50;0.33;1;0
10164;3304.01;50;0.39;1;0
10165;3919.84;50;0.33;1;0
10166;3343.11;50;0.39;1;0
10167;3919.84;50;0.33;1;0
10168;3323.56;50;0.39;1;0
10169;3919.84;50;0.33;1;0
10170;3323.56;50;0.39;1;0
10171;3900.29;50;0.33;1;0
10172;3274.68;50;0.39;1;0
10173;3900.29;50;0.33;1;0
10174;3352.88;50;0.39;1;0
10175;3910.07;50;0.34;1;0
10176;3274.68;50;0.39;1;0
10177;3900.29;50;0.33;1;0
10178;3284.46;50;0.39;1;0
10179;3919.84;50;0.33;1;0
10180;3304.01;50;0.39;1;0
10181;3880.74;50;0.33;1;0
10182;3274.68;50;0.39;1;0
10183;3861.19;50;0.33;1;0
10184;3264.91;50;0.39;1;0
10185;3841.64;50;0.33;1;0
10186;3264.91;50;0.38;1;0
10187;3861.19;50;0.33;1;0
10188;3245.36;50;0.39;1;0
10189;3851.42;50;0.32;1;0
10190;3235.58;50;0.39;1;0
10191;3822.09;50;0.32;1;0
10192;3225.81;50;0.38;1;0
10193;3831.87;50;0.32;1;0
10194;3225.81;50;0.38;1;0
10195;3831.87;50;0.32;1;0
10196;3235.58;50;0.38;1;0
10197;3802.54;50;0.32;1;0
10198;3255.13;50;0.38;1;0
10199;3822.09;50;0.33;1;0
10200;3206.26;50;0.38;1;0
10201;3792.77;50;0.32;1;0
10202;3206.26;50;0.38;1;0
10203;3792.77;50;0.32;1;0
10204;3225.81;50;0.38;1;0
10205;3763.44;50;0.32;1;0
10206;3216.03;50;0.38;1;0
10207;3792.77;50;0.32;1;0
10208;3216.03;50;0.38;1;0
10209;3763.44;50;0.32;1;0
10210;3264.91;50;0.38;1;0
10211;3743.89;50;0.33;1;0
10212;3245.36;50;0.37;1;0
10213;3734.12;50;0.32;1;0
10214;3206.26;50;0.37;1;0
10215;3734.12;50;0.32;1;0
10216;3255.13;50;0.37;1;0
10217;3695.01;50;0.33;1;0
10218;3274.68;50;0.37;1;0
10219;3665.69;50;0.33;1;0
10220;3255.13;50;0.37;1;0
10221;3695.01;50;0.33;1;0
10222;3304.01;50;0.37;1;0
10223;3665.69;50;0.33;1;0
10224;3294.23;50;0.37;1;0
10225;3616.81;50;0.33;1;0
10226;3313.78;50;0.36;1;0
10227;3655.91;50;0.33;1;0
10228;3411.53;50;0.37;1;0
10229;3538.61;50;0.34;1;0
10230;3382.21;50;0.35;1;0
10231;3597.26;50;0.34;1;0
10232;3382.21;50;0.36;1;0
10233;3548.39;50;0.34;1;0
10234;3431.09;50;0.35;1;0
10235;3548.39;50;0.34;1;0
10236;3450.64;50;0.35;1;0
10237;3499.51;50;0.35;1;0
10238;3519.06;50;0.35;1;0
10239;3509.29;50;0.35;1;0
10240;3499.51;50;0.35;1;0
10241;3470.19;50;0.35;1;0
10242;3558.16;50;0.35;1;0
10243;3450.64;50;0.36;1;0
10244;3567.94;50;0.35;1;0
10245;3431.09;50;0.36;1;0
10246;3567.94;50;0.34;1;0
10247;3421.31;50;0.36;1;0
10248;3587.49;50;0.34;1;0
10249;3401.76;50;0.36;1;0
10250;3626.59;50;0.34;1;0
10251;3411.53;50;0.36;1;0
10252;3607.04;50;0.34;1;0
10253;3382.21;50;0.36;1;0
10254;3734.12;50;0.34;1;0
10255;3450.64;50;0.37;1;0
10256;3734.12;50;0.35;1;0
10257;3323.56;50;0.37;1;0
10258;3655.91;50;0.33;1;0
10259;3362.66;50;0.37;1;0
10260;3753.67;50;0.34;1;0
10261;3440.86;50;0.38;1;0
10262;3753.67;50;0.34;1;0
10263;3372.43;50;0.38;1;0
10264;3802.54;50;0.34;1;0
10265;3401.76;50;0.38;1;0
10266;3753.67;50;0.34;1;0
10267;3362.66;50;0.38;1;0
10268;3831.87;50;0.34;1;0
10269;3323.56;50;0.38;1;0
10270;3870.97;50;0.33;1;0
10271;3372.43;50;0.39;1;0
10272;3870.97;50;0.34;1;0
10273;3372.43;50;0.39;1;0
10274;3870.97;50;0.34;1;0
10275;3362.66;50;0.39;1;0
10276;3822.09;50;0.34;1;0
10277;3401.76;50;0.38;1;0
10278;3861.19;50;0.34;1;0
10279;3352.88;50;0.39;1;0
10280;3782.99;50;0.34;1;0
10281;3343.11;50;0.38;1;0
10282;3890.52;50;0.33;1;0
10283;3411.53;50;0.39;1;0
10284;3841.64;50;0.34;1;0
10285;3352.88;50;0.38;1;0
10286;3910.07;50;0.34;1;0
10287;3362.66;50;0.39;1;0
10288;3880.74;50;0.34;1;0
10289;3333.33;50;0.39;1;0
10290;3870.97;50;0.33;1;0
10291;3333.33;50;0.39;1;0
10292;3890.52;50;0.33;1;0
10293;3313.78;50;0.39;1;0
10294;3919.84;50;0.33;1;0
10295;3304.01;50;0.39;1;0
10296;3929.62;50;0.33;1;0
10297;3333.33;50;0.39;1;0
10298;3870.97;50;0.33;1;0
10299;3382.21;50;0.39;1;0
10300;3773.22;50;0.34;1;0
10301;3391.98;50;0.38;1;0
10302;3851.42;50;0.34;1;0
10303;3294.23;50;0.39;1;0
10304;3861.19;50;0.33;1;0
10305;3284.46;50;0.39;1;0
10306;3831.87;50;0.33;1;0
10307;3323.56;50;0.38;1;0
10308;3792.77;50;0.33;1;0
10309;3313.78;50;0.38;1;0
10310;3831.87;50;0.33;1;0
10311;3264.91;50;0.38;1;0
10312;3861.19;50;0.33;1;0
10313;3235.58;50;0.39;1;0
10314;3851.42;50;0.32;1;0
10315;3245.36;50;0.39;1;0
10316;3851.42;50;0.32;1;0
10317;3206.26;50;0.39;1;0
10318;3831.87;50;0.32;1;0
10319;3216.03;50;0.38;1;0
10320;3831.87;50;0.32;1;0
10321;3216.03;50;0.38;1;0
10322;3812.32;50;0.32;1;0
10323;3216.03;50;0.38;1;0
10324;3812.32;50;0.32;1;0
10325;3206.26;50;0.38;1;0
10326;3841.64;50;0.32;1;0
10327;3196.48;50;0.38;1;0
10328;3812.32;50;0.32;1;0
10329;3167.16;50;0.38;1;0
10330;3802.54;50;0.32;1;0
10331;3196.48;50;0.38;1;0
10332;3851.42;50;0.32;1;0
10333;3196.48;50;0.39;1;0
10334;3782.99;50;0.32;1;0
10335;3196.48;50;0.38;1;0
10336;3792.77;50;0.32;1;0
10337;3186.71;50;0.38;1;0
10338;3753.67;50;0.32;1;0
10339;3206.26;50;0.38;1;0
10340;3753.67;50;0.32;1;0
10341;3216.03;50;0.38;1;0
10342;3704.79;50;0.32;1;0
10343;3245.36;50;0.37;1;0
10344;3782.99;50;0.32;1;0
10345;3196.48;50;0.38;1;0
10346;3753.67;50;0.32;1;0
10347;3225.81;50;0.38;1;0
10348;3773.22;50;0.32;1;0
10349;3235.58;50;0.38;1;0
10350;3753.67;50;0.32;1;0
10351;3225.81;50;0.38;1;0
10352;3773.22;50;0.32;1;0
10353;3245.36;50;0.38;1;0
10354;3773.22;50;0.32;1;0
10355;3245.36;50;0.38;1;0
10356;3734.12;50;0.32;1;0
10357;3284.46;50;0.37;1;0
10358;3714.57;50;0.33;1;0
10359;3255.13;50;0.37;1;0
10360;3743.89;50;0.33;1;0
10361;3333.33;50;0.37;1;0
10362;3773.22;50;0.33;1;0
10363;3372.43;50;0.38;1;0
10364;3724.34;50;0.34;1;0
10365;3343.11;50;0.37;1;0
10366;3636.36;50;0.33;1;0
10367;3274.68;50;0.36;1;0
10368;3753.67;50;0.33;1;0
10369;3323.56;50;0.38;1;0
10370;3724.34;50;0.33;1;0
10371;3343.11;50;0.37;1;0
10372;3763.44;50;0.33;1;0
10373;3391.98;50;0.38;1;0
10374;3695.01;50;0.34;1;0
10375;3401.76;50;0.37;1;0
10376;3714.57;50;0.34;1;0
10377;3382.21;50;0.37;1;0
10378;3822.09;50;0.34;1;0
10379;3362.66;50;0.38;1;0
10380;3782.99;50;0.34;1;0
10381;3362.66;50;0.38;1;0
10382;3812.32;50;0.34;1;0
10383;3401.76;50;0.38;1;0
10384;3822.09;50;0.34;1;0
10385;3343.11;50;0.38;1;0
10386;3782.99;50;0.33;1;0
10387;3382.21;50;0.38;1;0
10388;3831.87;50;0.34;1;0
10389;3362.66;50;0.38;1;0
10390;3851.42;50;0.34;1;0
10391;3411.53;50;0.39;1;0
10392;3841.64;50;0.34;1;0
10393;3401.76;50;0.38;1;0
10394;3743.89;50;0.34;1;0
10395;3450.64;50;0.37;1;0
10396;3782.99;50;0.35;1;0
10397;3450.64;50;0.38;1;0
10398;3773.22;50;0.35;1;0
10399;3528.84;50;0.38;1;0
10400;3743.89;50;0.35;1;0
10401;3538.61;50;0.37;1;0
10402;3685.24;50;0.35;1;0
10403;3538.61;50;0.37;1;0
10404;3675.46;50;0.35;1;0
10405;3577.71;50;0.37;1;0
10406;3646.14;50;0.36;1;0
10407;3597.26;50;0.36;1;0
10408;3636.36;50;0.36;1;0
10409;3538.61;50;0.36;1;0
10410;3597.26;50;0.35;1;0
10411;3616.81;50;0.36;1;0
10412;3597.26;50;0.36;1;0
10413;3450.64;50;0.36;1;0
10414;3782.99;50;0.35;1;0
10415;3470.19;50;0.38;1;0
10416;3763.44;50;0.35;1;0
10417;3489.74;50;0.38;1;0
10418;3743.89;50;0.35;1;0
10419;3421.31;50;0.37;1;0
10420;3782.99;50;0.34;1;0
10421;3479.96;50;0.38;1;0
10422;3685.24;50;0.35;1;0
10423;3519.06;50;0.37;1;0
10424;3636.36;50;0.35;1;0
10425;3421.31;50;0.36;1;0
10426;3714.57;50;0.34;1;0
10427;3352.88;50;0.37;1;0
10428;3734.12;50;0.34;1;0
10429;3421.31;50;0.37;1;0
10430;3646.14;50;0.34;1;0
10431;3391.98;50;0.36;1;0
10432;3646.14;50;0.34;1;0
10433;3479.96;50;0.36;1;0
10434;3646.14;50;0.35;1;0
10435;3440.86;50;0.36;1;0
10436;3519.06;50;0.34;1;0
10437;3440.86;50;0.35;1;0
10438;3519.06;50;0.34;1;0
10439;3499.51;50;0.35;1;0
10440;3528.84;50;0.35;1;0
10441;3470.19;50;0.35;1;0
10442;3587.49;50;0.35;1;0
10443;3411.53;50;0.36;1;0
10444;3587.49;50;0.34;1;0
10445;3401.76;50;0.36;1;0
10446;3509.29;50;0.34;1;0
10447;3411.53;50;0.35;1;0
10448;3734.12;50;0.34;1;0
10449;3255.13;50;0.37;1;0
10450;3714.57;50;0.33;1;0
10451;3255.13;50;0.37;1;0
10452;3714.57;50;0.33;1;0
10453;3343.11;50;0.37;1;0
10454;3734.12;50;0.33;1;0
10455;3255.13;50;0.37;1;0
10456;3724.34;50;0.33;1;0
10457;3225.81;50;0.37;1;0
10458;3714.57;50;0.32;1;0
10459;3264.91;50;0.37;1;0
10460;3753.67;50;0.33;1;0
10461;3157.38;50;0.38;1;0
10462;3782.99;50;0.32;1;0
10463;3206.26;50;0.38;1;0
10464;3763.44;50;0.32;1;0
10465;3206.26;50;0.38;1;0
10466;3695.01;50;0.32;1;0
10467;3225.81;50;0.37;1;0
10468;3724.34;50;0.32;1;0
10469;3245.36;50;0.37;1;0
10470;3753.67;50;0.32;1;0
10471;3284.46;50;0.38;1;0
10472;3704.79;50;0.33;1;0
10473;3255.13;50;0.37;1;0
10474;3724.34;50;0.33;1;0
10475;3264.91;50;0.37;1;0
10476;3655.91;50;0.33;1;0
10477;3313.78;50;0.37;1;0
10478;3704.79;50;0.33;1;0
10479;3362.66;50;0.37;1;0
10480;3636.36;50;0.34;1;0
10481;3401.76;50;0.36;1;0
10482;3577.71;50;0.34;1;0
10483;3196.48;50;0.36;1;0
10484;3782.99;50;0.32;1;0
10485;3245.36;50;0.38;1;0
10486;3753.67;50;0.32;1;0
10487;3264.91;50;0.38;1;0
10488;3773.22;50;0.33;1;0
10489;3255.13;50;0.38;1;0
10490;3812.32;50;0.33;1;0
10491;3245.36;50;0.38;1;0
10492;3782.99;50;0.32;1;0
10493;3274.68;50;0.38;1;0
10494;3782.99;50;0.33;1;0
10495;3245.36;50;0.38;1;0
10496;3831.87;50;0.32;1;0
10497;3196.48;50;0.38;1;0
10498;3880.74;50;0.32;1;0
10499;3235.58;50;0.39;1;0
10500;3870.97;50;0.32;1;0
10501;3274.68;50;0.39;1;0
10502;3861.19;50;0.33;1;0
10503;3284.46;50;0.39;1;0
10504;3890.52;50;0.33;1;0
10505;3284.46;50;0.39;1;0
10506;3910.07;50;0.33;1;0
10507;3294.23;50;0.39;1;0
10508;3890.52;50;0.33;1;0
10509;3274.68;50;0.39;1;0
10510;3910.07;50;0.33;1;0
10511;3304.01;50;0.39;1;0
10512;3929.62;50;0.33;1;0
10513;3313.78;50;0.39;1;0
10514;3910.07;50;0.33;1;0
10515;3333.33;50;0.39;1;0
10516;3929.62;50;0.33;1;0
10517;3323.56;50;0.39;1;0
10518;3919.84;50;0.33;1;0
10519;3352.88;50;0.39;1;0
10520;3910.07;50;0.34;1;0
10521;3333.33;50;0.39;1;0
10522;3890.52;50;0.33;1;0
10523;3352.88;50;0.39;1;0
10524;3929.62;50;0.34;1;0
10525;3362.66;50;0.39;1;0
10526;3919.84;50;0.34;1;0
10527;3333.33;50;0.39;1;0
10528;3919.84;50;0.33;1;0
10529;3313.78;50;0.39;1;0
10530;3929.62;50;0.33;1;0
10531;3333.33;50;0.39;1;0
10532;3919.84;50;0.33;1;0
10533;3323.56;50;0.39;1;0
10534;3929.62;50;0.33;1;0
10535;3333.33;50;0.39;1;0
10536;3900.29;50;0.33;1;0
10537;3304.01;50;0.39;1;0
10538;3919.84;50;0.33;1;0
10539;3284.46;50;0.39;1;0
10540;3939.39;50;0.33;1;0
10541;3284.46;50;0.39;1;0
10542;3910.07;50;0.33;1;0
10543;3362.66;50;0.39;1;0
10544;3880.74;50;0.34;1;0
10545;3313.78;50;0.39;1;0
10546;3870.97;50;0.33;1;0
10547;3255.13;50;0.39;1;0
10548;3910.07;50;0.33;1;0
10549;3294.23;50;0.39;1;0
10550;3870.97;50;0.33;1;0
10551;3274.68;50;0.39;1;0
10552;3880.74;50;0.33;1;0
10553;3274.68;50;0.39;1;0
10554;3880.74;50;0.33;1;0
10555;3255.13;50;0.39;1;0
10556;3870.97;50;0.33;1;0
10557;3264.91;50;0.39;1;0
10558;3851.42;50;0.33;1;0
10559;3157.38;50;0.39;1;0
10560;3851.42;50;0.32;1;0
10561;3235.58;50;0.39;1;0
10562;3861.19;50;0.32;1;0
10563;3255.13;50;0.39;1;0
10564;3841.64;50;0.33;1;0
10565;3274.68;50;0.38;1;0
10566;3831.87;50;0.33;1;0
10567;3235.58;50;0.38;1;0
10568;3822.09;50;0.32;1;0
10569;3235.58;50;0.38;1;0
10570;3831.87;50;0.32;1;0
10571;3264.91;50;0.38;1;0
10572;3812.32;50;0.33;1;0
10573;3235.58;50;0.38;1;0
10574;3802.54;50;0.32;1;0
10575;3245.36;50;0.38;1;0
10576;3812.32;50;0.32;1;0
10577;3294.23;50;0.38;1;0
10578;3792.77;50;0.33;1;0
10579;3362.66;50;0.38;1;0
10580;3724.34;50;0.34;1;0
10581;3255.13;50;0.37;1;0
10582;3734.12;50;0.33;1;0
10583;3294.23;50;0.37;1;0
10584;3724.34;50;0.33;1;0
10585;3294.23;50;0.37;1;0
10586;3753.67;50;0.33;1;0
10587;3274.68;50;0.38;1;0
10588;3812.32;50;0.33;1;0
10589;3304.01;50;0.38;1;0
10590;3773.22;50;0.33;1;0
10591;3343.11;50;0.38;1;0
10592;3695.01;50;0.33;1;0
10593;3284.46;50;0.37;1;0
10594;3773.22;50;0.33;1;0
10595;3323.56;50;0.38;1;0
10596;3792.77;50;0.33;1;0
10597;3255.13;50;0.38;1;0
10598;3822.09;50;0.33;1;0
10599;3255.13;50;0.38;1;0
10600;3812.32;50;0.33;1;0
10601;3274.68;50;0.38;1;0
10602;3831.87;50;0.33;1;0
10603;3284.46;50;0.38;1;0
10604;3870.97;50;0.33;1;0
10605;3274.68;50;0.39;1;0
10606;3841.64;50;0.33;1;0
10607;3294.23;50;0.38;1;0
10608;3812.32;50;0.33;1;0
10609;3304.01;50;0.38;1;0
10610;3870.97;50;0.33;1;0
10611;3352.88;50;0.39;1;0
10612;3734.12;50;0.34;1;0
10613;3440.86;50;0.37;1;0
10614;3782.99;50;0.34;1;0
10615;3362.66;50;0.38;1;0
10616;3831.87;50;0.34;1;0
10617;3382.21;50;0.38;1;0
10618;3773.22;50;0.34;1;0
10619;3431.09;50;0.38;1;0
10620;3675.46;50;0.34;1;0
10621;3470.19;50;0.37;1;0
10622;3782.99;50;0.35;1;0
10623;3431.09;50;0.38;1;0
10624;3695.01;50;0.34;1;0
10625;3509.29;50;0.37;1;0
10626;3734.12;50;0.35;1;0
10627;3479.96;50;0.37;1;0
10628;3822.09;50;0.35;1;0
10629;3450.64;50;0.38;1;0
10630;3802.54;50;0.35;1;0
10631;3440.86;50;0.38;1;0
10632;3861.19;50;0.34;1;0
10633;3470.19;50;0.39;1;0
10634;3822.09;50;0.35;1;0
10635;3479.96;50;0.38;1;0
10636;3822.09;50;0.35;1;0
10637;3499.51;50;0.38;1;0
10638;3802.54;50;0.35;1;0
10639;3391.98;50;0.38;1;0
10640;3870.97;50;0.34;1;0
10641;3460.41;50;0.39;1;0
10642;3939.39;50;0.35;1;0
10643;3382.21;50;0.39;1;0
10644;3900.29;50;0.34;1;0
10645;3401.76;50;0.39;1;0
10646;3929.62;50;0.34;1;0
10647;3411.53;50;0.39;1;0
10648;3919.84;50;0.34;1;0
10649;3421.31;50;0.39;1;0
10650;3958.94;50;0.34;1;0
10651;3382.21;50;0.40;1;0
10652;3939.39;50;0.34;1;0
10653;3391.98;50;0.39;1;0
10654;3968.72;50;0.34;1;0
10655;3382.21;50;0.40;1;0
10656;3968.72;50;0.34;1;0
10657;3372.43;50;0.40;1;0
10658;3949.17;50;0.34;1;0
10659;3391.98;50;0.39;1;0
10660;3919.84;50;0.34;1;0
10661;3333.33;50;0.39;1;0
10662;3919.84;50;0.33;1;0
10663;3343.11;50;0.39;1;0
10664;3910.07;50;0.33;1;0
10665;3313.78;50;0.39;1;0
10666;3929.62;50;0.33;1;0
10667;3313.78;50;0.39;1;0
10668;3919.84;50;0.33;1;0
10669;3304.01;50;0.39;1;0
10670;3880.74;50;0.33;1;0
10671;3362.66;50;0.39;1;0
10672;3910.07;50;0.34;1;0
10673;3362.66;50;0.39;1;0
10674;3890.52;50;0.34;1;0
10675;3333.33;50;0.39;1;0
10676;3851.42;50;0.33;1;0
10677;3294.23;50;0.39;1;0
10678;3851.42;50;0.33;1;0
10679;3264.91;50;0.39;1;0
10680;3870.97;50;0.33;1;0
10681;3264.91;50;0.39;1;0
10682;3870.97;50;0.33;1;0
10683;3274.68;50;0.39;1;0
10684;3880.74;50;0.33;1;0
10685;3235.58;50;0.39;1;0
10686;3890.52;50;0.32;1;0
10687;3206.26;50;0.39;1;0
10688;3851.42;50;0.32;1;0
10689;3274.68;50;0.39;1;0
10690;3851.42;50;0.33;1;0
10691;3284.46;50;0.39;1;0
10692;3851.42;50;0.33;1;0
10693;3274.68;50;0.39;1;0
10694;3841.64;50;0.33;1;0
10695;3235.58;50;0.38;1;0
10696;3880.74;50;0.32;1;0
10697;3245.36;50;0.39;1;0
10698;3841.64;50;0.32;1;0
10699;3264.91;50;0.38;1;0
10700;3851.42;50;0.33;1;0
10701;3255.13;50;0.39;1;0
10702;3851.42;50;0.33;1;0
10703;3245.36;50;0.39;1;0
10704;3861.19;50;0.32;1;0
10705;3225.81;50;0.39;1;0
10706;3812.32;50;0.32;1;0
10707;3274.68;50;0.38;1;0
10708;3851.42;50;0.33;1;0
10709;3274.68;50;0.39;1;0
10710;3851.42;50;0.33;1;0
10711;3294.23;50;0.39;1;0
10712;3822.09;50;0.33;1;0
10713;3323.56;50;0.38;1;0
10714;3851.42;50;0.33;1;0
10715;3274.68;50;0.39;1;0
10716;3861.19;50;0.33;1;0
10717;3274.68;50;0.39;1;0
10718;3861.19;50;0.33;1;0
10719;3313.78;50;0.39;1;0
10720;3851.42;50;0.33;1;0
10721;3304.01;50;0.39;1;0
10722;3870.97;50;0.33;1;0
10723;3304.01;50;0.39;1;0
10724;3851.42;50;0.33;1;0
10725;3274.68;50;0.39;1;0
10726;3851.42;50;0.33;1;0
10727;3304.01;50;0.39;1;0
10728;3919.84;50;0.33;1;0
10729;3294.23;50;0.39;1;0
10730;3919.84;50;0.33;1;0
10731;3313.78;50;0.39;1;0
10732;3939.39;50;0.33;1;0
10733;3304.01;50;0.39;1;0
10734;3939.39;50;0.33;1;0
10735;3313.78;50;0.39;1;0
10736;3929.62;50;0.33;1;0
10737;3313.78;50;0.39;1;0
10738;3919.84;50;0.33;1;0
10739;3323.56;50;0.39;1;0
10740;3929.62;50;0.33;1;0
10741;3343.11;50;0.39;1;0
10742;3939.39;50;0.33;1;0
10743;3352.88;50;0.39;1;0
10744;3988.27;50;0.34;1;0
10745;3352.88;50;0.40;1;0
10746;3968.72;50;0.34;1;0
10747;3372.43;50;0.40;1;0
10748;3988.27;50;0.34;1;0
10749;3372.43;50;0.40;1;0
10750;3988.27;50;0.34;1;0
10751;3372.43;50;0.40;1;0
10752;3968.72;50;0.34;1;0
10753;3323.56;50;0.40;1;0
10754;3988.27;50;0.33;1;0
10755;3391.98;50;0.40;1;0
10756;3998.05;50;0.34;1;0
10757;3372.43;50;0.40;1;0
10758;4017.60;50;0.34;1;0
10759;3401.76;50;0.40;1;0
10760;3978.49;50;0.34;1;0
10761;3401.76;50;0.40;1;0
10762;3978.49;50;0.34;1;0
10763;3382.21;50;0.40;1;0
10764;3958.94;50;0.34;1;0
10765;3382.21;50;0.40;1;0
10766;3988.27;50;0.34;1;0
10767;3391.98;50;0.40;1;0
10768;3968.72;50;0.34;1;0
10769;3391.98;50;0.40;1;0
10770;3968.72;50;0.34;1;0
10771;3401.76;50;0.40;1;0
10772;3968.72;50;0.34;1;0
10773;3382.21;50;0.40;1;0
10774;3910.07;50;0.34;1;0
10775;3362.66;50;0.39;1;0
10776;3910.07;50;0.34;1;0
10777;3421.31;50;0.39;1;0
10778;3929.62;50;0.34;1;0
10779;3401.76;50;0.39;1;0
10780;3890.52;50;0.34;1;0
10781;3421.31;50;0.39;1;0
10782;3870.97;50;0.34;1;0
10783;3431.09;50;0.39;1;0
10784;3870.97;50;0.34;1;0
10785;3431.09;50;0.39;1;0
10786;3851.42;50;0.34;1;0
10787;3470.19;50;0.39;1;0
10788;3773.22;50;0.35;1;0
10789;3499.51;50;0.38;1;0
10790;3743.89;50;0.35;1;0
10791;3470.19;50;0.37;1;0
10792;3734.12;50;0.35;1;0
10793;3470.19;50;0.37;1;0
10794;3704.79;50;0.35;1;0
10795;3587.49;50;0.37;1;0
10796;3626.59;50;0.36;1;0
10797;3567.94;50;0.36;1;0
10798;3675.46;50;0.36;1;0
10799;3538.61;50;0.37;1;0
10800;3558.16;50;0.35;1;0
10801;3616.81;50;0.36;1;0
10802;3587.49;50;0.36;1;0
10803;3597.26;50;0.36;1;0
10804;3538.61;50;0.36;1;0
10805;3636.36;50;0.35;1;0
10806;3509.29;50;0.36;1;0
10807;3626.59;50;0.35;1;0
10808;3489.74;50;0.36;1;0
10809;3655.91;50;0.35;1;0
10810;3489.74;50;0.37;1;0
10811;3695.01;50;0.35;1;0
10812;3440.86;50;0.37;1;0
10813;3665.69;50;0.34;1;0
10814;3519.06;50;0.37;1;0
10815;3743.89;50;0.35;1;0
10816;3411.53;50;0.37;1;0
10817;3675.46;50;0.34;1;0
10818;3333.33;50;0.37;1;0
10819;3685.24;50;0.33;1;0
10820;3372.43;50;0.37;1;0
10821;3753.67;50;0.34;1;0
10822;3391.98;50;0.38;1;0
10823;3773.22;50;0.34;1;0
10824;3372.43;50;0.38;1;0
10825;3734.12;50;0.34;1;0
10826;3323.56;50;0.37;1;0
10827;3704.79;50;0.33;1;0
10828;3352.88;50;0.37;1;0
10829;3802.54;50;0.34;1;0
10830;3294.23;50;0.38;1;0
10831;3782.99;50;0.33;1;0
10832;3333.33;50;0.38;1;0
10833;3841.64;50;0.33;1;0
10834;3264.91;50;0.38;1;0
10835;3753.67;50;0.33;1;0
10836;3304.01;50;0.38;1;0
10837;3822.09;50;0.33;1;0
10838;3333.33;50;0.38;1;0
10839;3792.77;50;0.33;1;0
10840;3304.01;50;0.38;1;0
10841;3802.54;50;0.33;1;0
10842;3294.23;50;0.38;1;0
10843;3822.09;50;0.33;1;0
10844;3382.21;50;0.38;1;0
10845;3841.64;50;0.34;1;0
10846;3391.98;50;0.38;1;0
10847;3870.97;50;0.34;1;0
10848;3391.98;50;0.39;1;0
10849;3822.09;50;0.34;1;0
10850;3431.09;50;0.38;1;0
10851;3831.87;50;0.34;1;0
10852;3421.31;50;0.38;1;0
10853;3851.42;50;0.34;1;0
10854;3362.66;50;0.39;1;0
10855;3831.87;50;0.34;1;0
10856;3372.43;50;0.38;1;0
10857;3841.64;50;0.34;1;0
10858;3333.33;50;0.38;1;0
10859;3890.52;50;0.33;1;0
10860;3333.33;50;0.39;1;0
10861;3929.62;50;0.33;1;0
10862;3401.76;50;0.39;1;0
10863;3919.84;50;0.34;1;0
10864;3362.66;50;0.39;1;0
10865;3958.94;50;0.34;1;0
10866;3372.43;50;0.40;1;0
10867;3949.17;50;0.34;1;0
10868;3382.21;50;0.39;1;0
10869;3988.27;50;0.34;1;0
10870;3431.09;50;0.40;1;0
10871;3988.27;50;0.34;1;0
10872;3391.98;50;0.40;1;0
10873;3988.27;50;0.34;1;0
10874;3411.53;50;0.40;1;0
10875;3988.27;50;0.34;1;0
10876;3391.98;50;0.40;1;0
10877;4007.82;50;0.34;1;0
10878;3401.76;50;0.40;1;0
10879;3978.49;50;0.34;1;0
10880;3401.76;50;0.40;1;0
10881;3978.49;50;0.34;1;0
10882;3382.21;50;0.40;1;0
10883;3978.49;50;0.34;1;0
10884;3431.09;50;0.40;1;0
10885;3851.42;50;0.34;1;0
10886;3431.09;50;0.39;1;0
10887;3910.07;50;0.34;1;0
10888;3460.41;50;0.39;1;0
10889;3949.17;50;0.35;1;0
10890;3450.64;50;0.39;1;0
10891;3978.49;50;0.35;1;0
10892;3479.96;50;0.40;1;0
10893;3919.84;50;0.35;1;0
10894;3421.31;50;0.39;1;0
10895;3958.94;50;0.34;1;0
10896;3391.98;50;0.40;1;0
10897;3949.17;50;0.34;1;0
10898;3391.98;50;0.39;1;0
10899;3978.49;50;0.34;1;0
10900;3382.21;50;0.40;1;0
10901;3958.94;50;0.34;1;0
10902;3362.66;50;0.40;1;0
10903;3988.27;50;0.34;1;0
10904;3362.66;50;0.40;1;0
10905;3958.94;50;0.34;1;0
10906;3323.56;50;0.40;1;0
10907;3958.94;50;0.33;1;0
10908;3313.78;50;0.40;1;0
10909;3929.62;50;0.33;1;0
10910;3304.01;50;0.39;1;0
10911;3929.62;50;0.33;1;0
10912;3323.56;50;0.39;1;0
10913;3949.17;50;0.33;1;0
10914;3304.01;50;0.39;1;0
10915;3939.39;50;0.33;1;0
10916;3313.78;50;0.39;1;0
10917;3900.29;50;0.33;1;0
10918;3274.68;50;0.39;1;0
10919;3890.52;50;0.33;1;0
10920;3294.23;50;0.39;1;0
10921;3870.97;50;0.33;1;0
10922;3313.78;50;0.39;1;0
10923;3861.19;50;0.33;1;0
10924;3304.01;50;0.39;1;0
10925;3861.19;50;0.33;1;0
10926;3294.23;50;0.39;1;0
10927;3822.09;50;0.33;1;0
10928;3323.56;50;0.38;1;0
10929;3792.77;50;0.33;1;0
10930;3313.78;50;0.38;1;0
10931;3851.42;50;0.33;1;0
10932;3323.56;50;0.39;1;0
10933;3802.54;50;0.33;1;0
10934;3382.21;50;0.38;1;0
10935;3792.77;50;0.34;1;0
10936;3372.43;50;0.38;1;0
10937;3743.89;50;0.34;1;0
10938;3391.98;50;0.37;1;0
10939;3685.24;50;0.34;1;0
10940;3421.31;50;0.37;1;0
10941;3675.46;50;0.34;1;0
10942;3470.19;50;0.37;1;0
10943;3626.59;50;0.35;1;0
10944;3460.41;50;0.36;1;0
10945;3655.91;50;0.35;1;0
10946;3479.96;50;0.37;1;0
10947;3548.39;50;0.35;1;0
10948;3548.39;50;0.35;1;0
10949;3597.26;50;0.35;1;0
10950;3587.49;50;0.36;1;0
10951;3558.16;50;0.36;1;0
10952;3519.06;50;0.36;1;0
10953;3646.14;50;0.35;1;0
10954;3519.06;50;0.36;1;0
10955;3587.49;50;0.35;1;0
10956;3567.94;50;0.36;1;0
10957;3616.81;50;0.36;1;0
10958;3567.94;50;0.36;1;0
10959;3519.06;50;0.36;1;0
10960;3499.51;50;0.35;1;0
10961;3675.46;50;0.35;1;0
10962;3548.39;50;0.37;1;0
10963;3646.14;50;0.35;1;0
10964;3470.19;50;0.36;1;0
10965;3685.24;50;0.35;1;0
10966;3519.06;50;0.37;1;0
10967;3665.69;50;0.35;1;0
10968;3470.19;50;0.37;1;0
10969;3646.14;50;0.35;1;0
10970;3538.61;50;0.36;1;0
10971;3685.24;50;0.35;1;0
10972;3509.29;50;0.37;1;0
10973;3675.46;50;0.35;1;0
10974;3597.26;50;0.37;1;0
10975;3655.91;50;0.36;1;0
10976;3636.36;50;0.37;1;0
10977;3636.36;50;0.36;1;0
10978;3607.04;50;0.36;1;0
10979;3587.49;50;0.36;1;0
10980;3665.69;50;0.36;1;0
10981;3577.71;50;0.37;1;0
10982;3685.24;50;0.36;1;0
10983;3558.16;50;0.37;1;0
10984;3695.01;50;0.36;1;0
10985;3567.94;50;0.37;1;0
10986;3763.44;50;0.36;1;0
10987;3587.49;50;0.38;1;0
10988;3734.12;50;0.36;1;0
10989;3538.61;50;0.37;1;0
10990;3753.67;50;0.35;1;0
10991;3489.74;50;0.38;1;0
10992;3822.09;50;0.35;1;0
10993;3519.06;50;0.38;1;0
10994;3782.99;50;0.35;1;0
10995;3479.96;50;0.38;1;0
10996;3773.22;50;0.35;1;0
10997;3499.51;50;0.38;1;0
10998;3831.87;50;0.35;1;0
10999;3470.19;50;0.38;1;0
11000;3919.84;50;0.35;1;0
11001;3382.21;50;0.39;1;0
11002;3919.84;50;0.34;1;0
11003;3460.41;50;0.39;1;0
11004;3831.87;50;0.35;1;0
11005;3372.43;50;0.38;1;0
11006;3949.17;50;0.34;1;0
11007;3362.66;50;0.39;1;0
11008;3900.29;50;0.34;1;0
11009;3411.53;50;0.39;1;0
11010;3949.17;50;0.34;1;0
11011;3460.41;50;0.39;1;0
11012;3900.29;50;0.35;1;0
11013;3401.76;50;0.39;1;0
11014;3900.29;50;0.34;1;0
11015;3362.66;50;0.39;1;0
11016;3870.97;50;0.34;1;0
11017;3372.43;50;0.39;1;0
11018;3910.07;50;0.34;1;0
11019;3372.43;50;0.39;1;0
11020;3910.07;50;0.34;1;0
11021;3362.66;50;0.39;1;0
11022;3900.29;50;0.34;1;0
11023;3343.11;50;0.39;1;0
11024;3900.29;50;0.33;1;0
11025;3323.56;50;0.39;1;0
11026;3910.07;50;0.33;1;0
11027;3304.01;50;0.39;1;0
11028;3910.07;50;0.33;1;0
11029;3274.68;50;0.39;1;0
11030;3890.52;50;0.33;1;0
11031;3284.46;50;0.39;1;0
11032;3890.52;50;0.33;1;0
11033;3255.13;50;0.39;1;0
11034;3880.74;50;0.33;1;0
11035;3255.13;50;0.39;1;0
11036;3890.52;50;0.33;1;0
11037;3284.46;50;0.39;1;0
11038;3870.97;50;0.33;1;0
11039;3255.13;50;0.39;1;0
11040;3890.52;50;0.33;1;0
11041;3255.13;50;0.39;1;0
11042;3851.42;50;0.33;1;0
11043;3225.81;50;0.39;1;0
11044;3831.87;50;0.32;1;0
11045;3255.13;50;0.38;1;0
11046;3802.54;50;0.33;1;0
11047;3245.36;50;0.38;1;0
11048;3831.87;50;0.32;1;0
11049;3245.36;50;0.38;1;0
11050;3782.99;50;0.32;1;0
11051;3264.91;50;0.38;1;0
11052;3763.44;50;0.33;1;0
11053;3274.68;50;0.38;1;0
11054;3763.44;50;0.33;1;0
11055;3343.11;50;0.38;1;0
11056;3763.44;50;0.33;1;0
11057;3294.23;50;0.38;1;0
11058;3822.09;50;0.33;1;0
11059;3284.46;50;0.38;1;0
11060;3665.69;50;0.33;1;0
11061;3411.53;50;0.37;1;0
11062;3743.89;50;0.34;1;0
11063;3343.11;50;0.37;1;0
11064;3704.79;50;0.33;1;0
11065;3372.43;50;0.37;1;0
11066;3607.04;50;0.34;1;0
11067;3304.01;50;0.36;1;0
11068;3724.34;50;0.33;1;0
11069;3284.46;50;0.37;1;0
11070;3743.89;50;0.33;1;0
11071;3352.88;50;0.37;1;0
11072;3724.34;50;0.34;1;0
11073;3382.21;50;0.37;1;0
11074;3655.91;50;0.34;1;0
11075;3372.43;50;0.37;1;0
11076;3626.59;50;0.34;1;0
11077;3401.76;50;0.36;1;0
11078;3646.14;50;0.34;1;0
11079;3489.74;50;0.36;1;0
11080;3577.71;50;0.35;1;0
11081;3558.16;50;0.36;1;0
11082;3587.49;50;0.36;1;0
11083;3538.61;50;0.36;1;0
11084;3538.61;50;0.35;1;0
11085;3567.94;50;0.35;1;0
11086;3519.06;50;0.36;1;0
11087;3431.09;50;0.35;1;0
11088;3704.79;50;0.34;1;0
11089;3528.84;50;0.37;1;0
11090;3685.24;50;0.35;1;0
11091;3489.74;50;0.37;1;0
11092;3587.49;50;0.35;1;0
11093;3479.96;50;0.36;1;0
11094;3714.57;50;0.35;1;0
11095;3450.64;50;0.37;1;0
11096;3724.34;50;0.35;1;0
11097;3460.41;50;0.37;1;0
11098;3616.81;50;0.35;1;0
11099;3548.39;50;0.36;1;0
11100;3685.24;50;0.35;1;0
11101;3519.06;50;0.37;1;0
11102;3675.46;50;0.35;1;0
11103;3577.71;50;0.37;1;0
11104;3597.26;50;0.36;1;0
11105;3597.26;50;0.36;1;0
11106;3587.49;50;0.36;1;0
11107;3646.14;50;0.36;1;0
11108;3607.04;50;0.36;1;0
11109;3685.24;50;0.36;1;0
11110;3597.26;50;0.37;1;0
11111;3782.99;50;0.36;1;0
11112;3587.49;50;0.38;1;0
11113;3773.22;50;0.36;1;0
11114;3665.69;50;0.38;1;0
11115;3734.12;50;0.37;1;0
11116;3636.36;50;0.37;1;0
11117;3714.57;50;0.36;1;0
11118;3587.49;50;0.37;1;0
11119;3734.12;50;0.36;1;0
11120;3607.04;50;0.37;1;0
11121;3704.79;50;0.36;1;0
11122;3636.36;50;0.37;1;0
11123;3626.59;50;0.36;1;0
11124;3636.36;50;0.36;1;0
11125;3646.14;50;0.36;1;0
11126;3587.49;50;0.36;1;0
11127;3685.24;50;0.36;1;0
11128;3616.81;50;0.37;1;0
11129;3704.79;50;0.36;1;0
11130;3636.36;50;0.37;1;0
11131;3724.34;50;0.36;1;0
11132;3528.84;50;0.37;1;0
11133;3714.57;50;0.35;1;0
11134;3548.39;50;0.37;1;0
11135;3734.12;50;0.35;1;0
11136;3538.61;50;0.37;1;0
11137;3763.44;50;0.35;1;0
11138;3577.71;50;0.38;1;0
11139;3685.24;50;0.36;1;0
11140;3538.61;50;0.37;1;0
11141;3695.01;50;0.35;1;0
11142;3499.51;50;0.37;1;0
11143;3763.44;50;0.35;1;0
11144;3519.06;50;0.38;1;0
11145;3724.34;50;0.35;1;0
11146;3519.06;50;0.37;1;0
11147;3773.22;50;0.35;1;0
11148;3479.96;50;0.38;1;0
11149;3734.12;50;0.35;1;0
11150;3431.09;50;0.37;1;0
11151;3704.79;50;0.34;1;0
11152;3528.84;50;0.37;1;0
11153;3685.24;50;0.35;1;0
11154;3479.96;50;0.37;1;0
11155;3734.12;50;0.35;1;0
11156;3470.19;50;0.37;1;0
11157;3734.12;50;0.35;1;0
11158;3470.19;50;0.37;1;0
11159;3734.12;50;0.35;1;0
11160;3440.86;50;0.37;1;0
11161;3714.57;50;0.34;1;0
11162;3401.76;50;0.37;1;0
11163;3763.44;50;0.34;1;0
11164;3421.31;50;0.38;1;0
11165;3743.89;50;0.34;1;0
11166;3372.43;50;0.37;1;0
11167;3792.77;50;0.34;1;0
11168;3372.43;50;0.38;1;0
11169;3870.97;50;0.34;1;0
11170;3362.66;50;0.39;1;0
11171;3841.64;50;0.34;1;0
11172;3343.11;50;0.38;1;0
11173;3792.77;50;0.33;1;0
11174;3411.53;50;0.38;1;0
11175;3743.89;50;0.34;1;0
11176;3382.21;50;0.37;1;0
11177;3792.77;50;0.34;1;0
11178;3333.33;50;0.38;1;0
11179;3870.97;50;0.33;1;0
11180;3450.64;50;0.39;1;0
11181;3792.77;50;0.35;1;0
11182;3421.31;50;0.38;1;0
11183;3763.44;50;0.34;1;0
11184;3382.21;50;0.38;1;0
11185;3695.01;50;0.34;1;0
11186;3519.06;50;0.37;1;0
11187;3773.22;50;0.35;1;0
11188;3421.31;50;0.38;1;0
11189;3773.22;50;0.34;1;0
11190;3489.74;50;0.38;1;0
11191;3841.64;50;0.35;1;0
11192;3440.86;50;0.38;1;0
11193;3831.87;50;0.34;1;0
11194;3470.19;50;0.38;1;0
11195;3880.74;50;0.35;1;0
11196;3431.09;50;0.39;1;0
11197;3812.32;50;0.34;1;0
11198;3372.43;50;0.38;1;0
11199;3880.74;50;0.34;1;0
11200;3343.11;50;0.39;1;0
11201;3841.64;50;0.33;1;0
11202;3431.09;50;0.38;1;0
11203;3910.07;50;0.34;1;0
11204;3421.31;50;0.39;1;0
11205;3949.17;50;0.34;1;0
11206;3411.53;50;0.39;1;0
11207;3929.62;50;0.34;1;0
11208;3421.31;50;0.39;1;0
11209;3968.72;50;0.34;1;0
11210;3440.86;50;0.40;1;0
11211;4007.82;50;0.34;1;0
11212;3411.53;50;0.40;1;0
11213;4027.37;50;0.34;1;0
11214;3411.53;50;0.40;1;0
11215;4046.92;50;0.34;1;0
11216;3431.09;50;0.40;1;0
11217;4046.92;50;0.34;1;0
11218;3440.86;50;0.40;1;0
11219;4066.47;50;0.34;1;0
11220;3460.41;50;0.41;1;0
11221;4066.47;50;0.35;1;0
11222;3460.41;50;0.41;1;0
11223;4086.02;50;0.35;1;0
11224;3479.96;50;0.41;1;0
11225;4154.45;50;0.35;1;0
11226;3470.19;50;0.42;1;0
11227;4105.57;50;0.35;1;0
11228;3519.06;50;0.41;1;0
11229;4174.00;50;0.35;1;0
11230;3548.39;50;0.42;1;0
11231;4154.45;50;0.35;1;0
11232;3558.16;50;0.42;1;0
11233;4144.67;50;0.36;1;0
11234;3587.49;50;0.41;1;0
11235;4154.45;50;0.36;1;0
11236;3587.49;50;0.42;1;0
11237;4213.10;50;0.36;1;0
11238;3626.59;50;0.42;1;0
11239;4183.77;50;0.36;1;0
11240;3616.81;50;0.42;1;0
11241;4203.32;50;0.36;1;0
11242;3626.59;50;0.42;1;0
11243;4242.42;50;0.36;1;0
11244;3636.36;50;0.42;1;0
11245;4213.10;50;0.36;1;0
11246;3665.69;50;0.42;1;0
11247;4193.55;50;0.37;1;0
11248;3665.69;50;0.42;1;0
11249;4222.87;50;0.37;1;0
11250;3714.57;50;0.42;1;0
11251;4203.32;50;0.37;1;0
11252;3743.89;50;0.42;1;0
11253;4203.32;50;0.37;1;0
11254;3734.12;50;0.42;1;0
11255;4193.55;50;0.37;1;0
11256;3782.99;50;0.42;1;0
11257;4213.10;50;0.38;1;0
11258;3773.22;50;0.42;1;0
11259;4222.87;50;0.38;1;0
11260;3831.87;50;0.42;1;0
11261;4203.32;50;0.38;1;0
11262;3900.29;50;0.42;1;0
11263;4183.77;50;0.39;1;0
11264;3870.97;50;0.42;1;0
11265;4144.67;50;0.39;1;0
11266;3861.19;50;0.41;1;0
11267;4125.12;50;0.39;1;0
11268;3939.39;50;0.41;1;0
11269;4115.35;50;0.39;1;0
11270;3958.94;50;0.41;1;0
11271;4115.35;50;0.40;1;0
11272;4046.92;50;0.41;1;0
11273;4105.57;50;0.40;1;0
11274;4056.70;50;0.41;1;0
11275;4046.92;50;0.41;1;0
11276;4095.80;50;0.40;1;0
11277;4027.37;50;0.41;1;0
11278;4144.67;50;0.40;1;0
11279;4056.70;50;0.41;1;0
11280;4115.35;50;0.41;1;0
11281;4056.70;50;0.41;1;0
11282;4193.55;50;0.41;1;0
11283;4076.25;50;0.42;1;0
11284;4203.32;50;0.41;1;0
11285;4066.47;50;0.42;1;0
11286;4232.65;50;0.41;1;0
11287;4056.70;50;0.42;1;0
11288;4301.08;50;0.41;1;0
11289;4076.25;50;0.43;1;0
11290;4310.85;50;0.41;1;0
11291;4076.25;50;0.43;1;0
11292;4359.73;50;0.41;1;0
11293;4095.80;50;0.44;1;0
11294;4349.95;50;0.41;1;0
11295;4086.02;50;0.43;1;0
11296;4457.48;50;0.41;1;0
11297;4027.37;50;0.45;1;0
11298;4486.80;50;0.40;1;0
11299;4164.22;50;0.45;1;0
11300;4565.00;50;0.42;1;0
11301;4164.22;50;0.46;1;0
11302;4486.80;50;0.42;1;0
11303;4115.35;50;0.45;1;0
11304;4496.58;50;0.41;1;0
11305;4056.70;50;0.45;1;0
11306;4565.00;50;0.41;1;0
11307;4174.00;50;0.46;1;0
11308;4633.43;50;0.42;1;0
11309;4125.12;50;0.46;1;0
11310;4731.18;50;0.41;1;0
11311;4164.22;50;0.47;1;0
11312;4770.28;50;0.42;1;0
11313;4193.55;50;0.48;1;0
11314;4770.28;50;0.42;1;0
11315;4222.87;50;0.48;1;0
11316;4799.61;50;0.42;1;0
11317;4232.65;50;0.48;1;0
11318;4819.16;50;0.42;1;0
11319;4271.75;50;0.48;1;0
11320;4877.81;50;0.43;1;0
11321;4291.30;50;0.49;1;0
11322;4926.69;50;0.43;1;0
11323;4320.63;50;0.49;1;0
11324;4956.01;50;0.43;1;0
11325;4340.18;50;0.50;1;0
11326;4995.11;50;0.43;1;0
11327;4398.83;50;0.50;1;0
11328;4995.11;50;0.44;1;0
11329;4418.38;50;0.50;1;0
11330;5053.76;50;0.44;1;0
11331;4447.70;50;0.51;1;0
11332;5092.86;50;0.44;1;0
11333;4496.58;50;0.51;1;0
11334;5102.64;50;0.45;1;0
11335;4506.35;50;0.51;1;0
11336;5141.74;50;0.45;1;0
11337;4545.45;50;0.51;1;0
11338;5200.39;50;0.45;1;0
11339;4594.33;50;0.52;1;0
11340;5219.94;50;0.46;1;0
11341;4662.76;50;0.52;1;0
11342;5249.27;50;0.47;1;0
11343;4701.86;50;0.52;1;0
11344;5278.59;50;0.47;1;0
11345;4701.86;50;0.53;1;0
11346;5317.69;50;0.47;1;0
11347;4770.28;50;0.53;1;0
11348;5347.02;50;0.48;1;0
11349;4858.26;50;0.53;1;0
11350;5366.57;50;0.49;1;0
11351;4877.81;50;0.54;1;0
11352;5415.44;50;0.49;1;0
11353;4956.01;50;0.54;1;0
11354;5454.55;50;0.50;1;0
11355;4926.69;50;0.55;1;0
11356;5513.20;50;0.49;1;0
11357;4995.11;50;0.55;1;0
11358;5503.42;50;0.50;1;0
11359;5034.21;50;0.55;1;0
11360;5542.52;50;0.50;1;0
11361;5073.31;50;0.55;1;0
11362;5532.75;50;0.51;1;0
11363;5131.96;50;0.55;1;0
11364;5562.07;50;0.51;1;0
11365;5161.29;50;0.56;1;0
11366;5591.40;50;0.52;1;0
11367;5229.72;50;0.56;1;0
11368;5562.07;50;0.52;1;0
11369;5219.94;50;0.56;1;0
11370;5669.60;50;0.52;1;0
11371;5317.69;50;0.57;1;0
11372;5552.30;50;0.53;1;0
11373;5376.34;50;0.56;1;0
11374;5659.82;50;0.54;1;0
11375;5405.67;50;0.57;1;0
11376;5786.90;50;0.54;1;0
11377;5395.89;50;0.58;1;0
11378;5786.90;50;0.54;1;0
11379;5347.02;50;0.58;1;0
11380;5796.68;50;0.53;1;0
11381;5474.10;50;0.58;1;0
11382;5826.00;50;0.55;1;0
11383;5444.77;50;0.58;1;0
11384;5865.10;50;0.54;1;0
11385;5405.67;50;0.59;1;0
11386;5845.55;50;0.54;1;0
11387;5474.10;50;0.58;1;0
11388;5884.65;50;0.55;1;0
11389;5591.40;50;0.59;1;0
11390;5913.98;50;0.56;1;0
11391;5542.52;50;0.59;1;0
11392;5904.20;50;0.55;1;0
11393;5689.15;50;0.59;1;0
11394;5913.98;50;0.57;1;0
11395;5679.37;50;0.59;1;0
11396;5865.10;50;0.57;1;0
11397;5738.03;50;0.59;1;0
11398;5865.10;50;0.57;1;0
11399;5816.23;50;0.59;1;0
11400;5953.08;50;0.58;1;0
11401;5718.48;50;0.60;1;0
11402;6050.83;50;0.57;1;0
11403;5796.68;50;0.61;1;0
11404;5972.63;50;0.58;1;0
11405;5835.78;50;0.60;1;0
11406;5982.40;50;0.58;1;0
11407;5904.20;50;0.60;1;0
11408;6031.28;50;0.59;1;0
11409;5982.40;50;0.60;1;0
11410;6011.73;50;0.60;1;0
11411;5855.33;50;0.60;1;0
11412;6197.46;50;0.59;1;0
11413;5962.85;50;0.62;1;0
11414;6217.01;50;0.60;1;0
11415;5943.30;50;0.62;1;0
11416;6217.01;50;0.59;1;0
11417;6021.51;50;0.62;1;0
11418;6119.26;50;0.60;1;0
11419;6060.61;50;0.61;1;0
11420;6226.78;50;0.61;1;0
11421;6148.58;50;0.62;1;0
11422;6197.46;50;0.61;1;0
11423;6177.91;50;0.62;1;0
11424;6197.46;50;0.62;1;0
11425;6285.44;50;0.62;1;0
11426;6226.78;50;0.63;1;0
11427;6334.31;50;0.62;1;0
11428;6246.33;50;0.63;1;0
11429;6363.64;50;0.62;1;0
11430;6236.56;50;0.64;1;0
11431;6451.61;50;0.62;1;0
11432;6256.11;50;0.65;1;0
11433;6451.61;50;0.63;1;0
11434;6285.44;50;0.65;1;0
11435;6529.81;50;0.63;1;0
11436;6392.96;50;0.65;1;0
11437;6529.81;50;0.64;1;0
11438;6392.96;50;0.65;1;0
11439;6568.92;50;0.64;1;0
11440;6402.74;50;0.66;1;0
11441;6490.71;50;0.64;1;0
11442;6490.71;50;0.65;1;0
11443;6578.69;50;0.65;1;0
11444;6549.36;50;0.66;1;0
11445;6588.47;50;0.65;1;0
11446;6549.36;50;0.66;1;0
11447;6647.12;50;0.65;1;0
11448;6637.34;50;0.66;1;0
11449;6598.24;50;0.66;1;0
11450;6666.67;50;0.66;1;0
11451;6647.12;50;0.67;1;0
11452;6676.44;50;0.66;1;0
11453;6744.87;50;0.67;1;0
11454;6656.89;50;0.67;1;0
11455;6803.52;50;0.67;1;0
11456;6686.22;50;0.68;1;0
11457;6852.40;50;0.67;1;0
11458;6695.99;50;0.69;1;0
11459;6881.72;50;0.67;1;0
11460;6735.09;50;0.69;1;0
11461;6901.27;50;0.67;1;0
11462;6744.87;50;0.69;1;0
11463;6969.70;50;0.67;1;0
11464;6774.19;50;0.70;1;0
11465;7038.12;50;0.68;1;0
11466;6774.19;50;0.70;1;0
11467;7087.00;50;0.68;1;0
11468;6754.64;50;0.71;1;0
11469;7028.35;50;0.68;1;0
11470;6871.95;50;0.70;1;0
11471;7067.45;50;0.69;1;0
11472;6881.72;50;0.71;1;0
11473;7126.10;50;0.69;1;0
11474;6901.27;50;0.71;1;0
11475;7087.00;50;0.69;1;0
11476;6969.70;50;0.71;1;0
11477;7116.32;50;0.70;1;0
11478;6940.37;50;0.71;1;0
11479;7155.43;50;0.69;1;0
11480;6999.02;50;0.72;1;0
11481;7204.30;50;0.70;1;0
11482;6911.05;50;0.72;1;0
11483;7184.75;50;0.69;1;0
11484;6969.70;50;0.72;1;0
11485;7174.98;50;0.70;1;0
11486;6969.70;50;0.72;1;0
11487;7233.63;50;0.70;1;0
11488;6940.37;50;0.72;1;0
11489;7292.28;50;0.69;1;0
11490;7008.80;50;0.73;1;0
11491;7321.60;50;0.70;1;0
11492;6940.37;50;0.73;1;0
11493;7341.15;50;0.69;1;0
11494;6881.72;50;0.73;1;0
11495;7282.50;50;0.69;1;0
11496;6940.37;50;0.73;1;0
11497;7360.70;50;0.69;1;0
11498;6911.05;50;0.74;1;0
11499;7390.03;50;0.69;1;0
11500;6891.50;50;0.74;1;0
11501;7370.48;50;0.69;1;0
11502;6891.50;50;0.74;1;0
11503;7380.25;50;0.69;1;0
11504;6881.72;50;0.74;1;0
11505;7419.35;50;0.69;1;0
11506;6871.95;50;0.74;1;0
11507;7380.25;50;0.69;1;0
11508;6823.07;50;0.74;1;0
11509;7360.70;50;0.68;1;0
11510;6871.95;50;0.74;1;0
11511;7409.58;50;0.69;1;0
11512;6871.95;50;0.74;1;0
11513;7380.25;50;0.69;1;0
11514;6842.62;50;0.74;1;0
11515;7390.03;50;0.68;1;0
11516;6862.17;50;0.74;1;0
11517;7409.58;50;0.69;1;0
11518;6823.07;50;0.74;1;0
11519;7380.25;50;0.68;1;0
11520;6823.07;50;0.74;1;0
11521;7399.80;50;0.68;1;0
11522;6793.74;50;0.74;1;0
11523;7390.03;50;0.68;1;0
11524;6764.42;50;0.74;1;0
11525;7399.80;50;0.68;1;0
11526;6793.74;50;0.74;1;0
11527;7380.25;50;0.68;1;0
11528;6783.97;50;0.74;1;0
11529;7331.38;50;0.68;1;0
11530;6744.87;50;0.73;1;0
11531;7399.80;50;0.67;1;0
11532;6774.19;50;0.74;1;0
11533;7360.70;50;0.68;1;0
11534;6764.42;50;0.74;1;0
11535;7380.25;50;0.68;1;0
11536;6735.09;50;0.74;1;0
11537;7360.70;50;0.67;1;0
11538;6754.64;50;0.74;1;0
11539;7370.48;50;0.68;1;0
11540;6705.77;50;0.74;1;0
11541;7331.38;50;0.67;1;0
11542;6695.99;50;0.73;1;0
11543;7350.93;50;0.67;1;0
11544;6725.32;50;0.74;1;0
11545;7302.05;50;0.67;1;0
11546;6715.54;50;0.73;1;0
11547;7331.38;50;0.67;1;0
11548;6705.77;50;0.73;1;0
11549;7321.60;50;0.67;1;0
11550;6686.22;50;0.73;1;0
11551;7282.50;50;0.67;1;0
11552;6676.44;50;0.73;1;0
11553;7282.50;50;0.67;1;0
11554;6705.77;50;0.73;1;0
11555;7311.83;50;0.67;1;0
11556;6676.44;50;0.73;1;0
11557;7272.73;50;0.67;1;0
11558;6686.22;50;0.73;1;0
11559;7253.18;50;0.67;1;0
11560;6666.67;50;0.73;1;0
11561;7253.18;50;0.67;1;0
11562;6676.44;50;0.73;1;0
11563;7253.18;50;0.67;1;0
11564;6627.57;50;0.73;1;0
11565;7214.08;50;0.66;1;0
11566;6676.44;50;0.72;1;0
11567;7223.85;50;0.67;1;0
11568;6656.89;50;0.72;1;0
11569;7194.53;50;0.67;1;0
11570;6608.02;50;0.72;1;0
11571;7184.75;50;0.66;1;0
11572;6568.92;50;0.72;1;0
11573;7214.08;50;0.66;1;0
11574;6559.14;50;0.72;1;0
11575;7194.53;50;0.66;1;0
11576;6559.14;50;0.72;1;0
11577;7165.20;50;0.66;1;0
11578;6520.04;50;0.72;1;0
11579;7165.20;50;0.65;1;0
11580;6539.59;50;0.72;1;0
11581;7145.65;50;0.65;1;0
11582;6539.59;50;0.71;1;0
11583;7126.10;50;0.65;1;0
11584;6520.04;50;0.71;1;0
11585;7126.10;50;0.65;1;0
11586;6480.94;50;0.71;1;0
11587;7116.32;50;0.65;1;0
11588;6490.71;50;0.71;1;0
11589;7116.32;50;0.65;1;0
11590;6480.94;50;0.71;1;0
11591;7057.67;50;0.65;1;0
11592;6441.84;50;0.71;1;0
11593;7018.57;50;0.64;1;0
11594;6412.51;50;0.70;1;0
11595;7018.57;50;0.64;1;0
11596;6392.96;50;0.70;1;0
11597;6999.02;50;0.64;1;0
11598;6422.29;50;0.70;1;0
11599;6950.15;50;0.64;1;0
11600;6344.09;50;0.70;1;0
11601;6920.82;50;0.63;1;0
11602;6344.09;50;0.69;1;0
11603;6911.05;50;0.63;1;0
11604;6334.31;50;0.69;1;0
11605;6842.62;50;0.63;1;0
11606;6304.99;50;0.68;1;0
11607;6793.74;50;0.63;1;0
11608;6304.99;50;0.68;1;0
11609;6754.64;50;0.63;1;0
11610;6256.11;50;0.68;1;0
11611;6725.32;50;0.63;1;0
11612;6265.88;50;0.67;1;0
11613;6656.89;50;0.63;1;0
11614;6236.56;50;0.67;1;0
11615;6676.44;50;0.62;1;0
11616;6177.91;50;0.67;1;0
11617;6617.79;50;0.62;1;0
11618;6138.81;50;0.66;1;0
11619;6578.69;50;0.61;1;0
11620;6109.48;50;0.66;1;0
11621;6500.49;50;0.61;1;0
11622;6129.03;50;0.65;1;0
11623;6500.49;50;0.61;1;0
11624;6070.38;50;0.65;1;0
11625;6461.39;50;0.61;1;0
11626;6050.83;50;0.65;1;0
11627;6383.19;50;0.61;1;0
11628;6031.28;50;0.64;1;0
11629;6314.76;50;0.60;1;0
11630;5992.18;50;0.63;1;0
11631;6285.44;50;0.60;1;0
11632;5982.40;50;0.63;1;0
11633;6226.78;50;0.60;1;0
11634;5962.85;50;0.62;1;0
11635;6129.03;50;0.60;1;0
11636;5992.18;50;0.61;1;0
11637;6177.91;50;0.60;1;0
11638;5826.00;50;0.62;1;0
11639;6119.26;50;0.58;1;0
11640;5865.10;50;0.61;1;0
11641;6109.48;50;0.59;1;0
11642;5826.00;50;0.61;1;0
11643;6168.13;50;0.58;1;0
11644;5738.03;50;0.62;1;0
11645;6148.58;50;0.57;1;0
11646;5708.70;50;0.61;1;0
11647;6041.06;50;0.57;1;0
11648;5659.82;50;0.60;1;0
11649;5972.63;50;0.57;1;0
11650;5571.85;50;0.60;1;0
11651;6021.51;50;0.56;1;0
11652;5591.40;50;0.60;1;0
11653;6001.96;50;0.56;1;0
11654;5532.75;50;0.60;1;0
11655;5923.75;50;0.55;1;0
11656;5562.07;50;0.59;1;0
11657;5874.88;50;0.56;1;0
11658;5571.85;50;0.59;1;0
11659;5796.68;50;0.56;1;0
11660;5571.85;50;0.58;1;0
11661;5786.90;50;0.56;1;0
11662;5474.10;50;0.58;1;0
11663;5865.10;50;0.55;1;0
11664;5435.00;50;0.59;1;0
11665;5816.23;50;0.54;1;0
11666;5435.00;50;0.58;1;0
11667;5777.13;50;0.54;1;0
11668;5395.89;50;0.58;1;0
11669;5689.15;50;0.54;1;0
11670;5376.34;50;0.57;1;0
11671;5640.27;50;0.54;1;0
11672;5386.12;50;0.56;1;0
11673;5542.52;50;0.54;1;0
11674;5288.37;50;0.55;1;0
11675;5659.82;50;0.53;1;0
11676;5317.69;50;0.57;1;0
11677;5650.05;50;0.53;1;0
11678;5180.84;50;0.57;1;0
11679;5689.15;50;0.52;1;0
11680;5229.72;50;0.57;1;0
11681;5620.72;50;0.52;1;0
11682;5161.29;50;0.56;1;0
11683;5640.27;50;0.52;1;0
11684;5239.49;50;0.56;1;0
11685;5483.87;50;0.52;1;0
11686;5200.39;50;0.55;1;0
11687;5483.87;50;0.52;1;0
11688;5239.49;50;0.55;1;0
11689;5474.10;50;0.52;1;0
11690;5229.72;50;0.55;1;0
11691;5435.00;50;0.52;1;0
11692;5229.72;50;0.54;1;0
11693;5425.22;50;0.52;1;0
11694;5229.72;50;0.54;1;0
11695;5307.92;50;0.52;1;0
11696;5190.62;50;0.53;1;0
11697;5278.59;50;0.52;1;0
11698;5278.59;50;0.53;1;0
11699;5210.17;50;0.53;1;0
11700;5229.72;50;0.52;1;0
11701;5161.29;50;0.52;1;0
11702;5249.27;50;0.52;1;0
11703;5171.07;50;0.52;1;0
11704;5239.49;50;0.52;1;0
11705;5122.19;50;0.52;1;0
11706;5239.49;50;0.51;1;0
11707;5102.64;50;0.52;1;0
11708;5210.17;50;0.51;1;0
11709;5112.41;50;0.52;1;0
11710;5278.59;50;0.51;1;0
11711;5024.44;50;0.53;1;0
11712;5239.49;50;0.50;1;0
11713;4985.34;50;0.52;1;0
11714;5200.39;50;0.50;1;0
11715;4975.56;50;0.52;1;0
11716;5161.29;50;0.50;1;0
11717;4897.36;50;0.52;1;0
11718;5268.82;50;0.49;1;0
11719;4858.26;50;0.53;1;0
11720;5200.39;50;0.49;1;0
11721;4848.48;50;0.52;1;0
11722;5151.52;50;0.48;1;0
11723;4740.96;50;0.52;1;0
11724;5171.07;50;0.47;1;0
11725;4750.73;50;0.52;1;0
11726;5151.52;50;0.48;1;0
11727;4652.98;50;0.52;1;0
11728;5122.19;50;0.47;1;0
11729;4701.86;50;0.51;1;0
11730;5063.54;50;0.47;1;0
11731;4760.51;50;0.51;1;0
11732;5014.66;50;0.48;1;0
11733;4613.88;50;0.50;1;0
11734;4995.11;50;0.46;1;0
11735;4623.66;50;0.50;1;0
11736;5024.44;50;0.46;1;0
11737;4555.23;50;0.50;1;0
11738;4995.11;50;0.46;1;0
11739;4555.23;50;0.50;1;0
11740;4965.79;50;0.46;1;0
11741;4437.93;50;0.50;1;0
11742;4995.11;50;0.44;1;0
11743;4457.48;50;0.50;1;0
11744;4956.01;50;0.45;1;0
11745;4447.70;50;0.50;1;0
11746;4926.69;50;0.44;1;0
11747;4389.05;50;0.49;1;0
11748;4907.14;50;0.44;1;0
11749;4349.95;50;0.49;1;0
11750;4907.14;50;0.43;1;0
11751;4301.08;50;0.49;1;0
11752;4897.36;50;0.43;1;0
11753;4398.83;50;0.49;1;0
11754;4760.51;50;0.44;1;0
11755;4349.95;50;0.48;1;0
11756;4750.73;50;0.43;1;0
11757;4291.30;50;0.48;1;0
11758;4731.18;50;0.43;1;0
11759;4281.52;50;0.47;1;0
11760;4721.41;50;0.43;1;0
11761;4213.10;50;0.47;1;0
11762;4731.18;50;0.42;1;0
11763;4164.22;50;0.47;1;0
11764;4760.51;50;0.42;1;0
11765;4183.77;50;0.48;1;0
11766;4672.53;50;0.42;1;0
11767;4144.67;50;0.47;1;0
11768;4672.53;50;0.41;1;0
11769;4115.35;50;0.47;1;0
11770;4672.53;50;0.41;1;0
11771;4066.47;50;0.47;1;0
11772;4623.66;50;0.41;1;0
11773;4046.92;50;0.46;1;0
11774;4643.21;50;0.40;1;0
11775;4027.37;50;0.46;1;0
11776;4623.66;50;0.40;1;0
11777;4017.60;50;0.46;1;0
11778;4604.11;50;0.40;1;0
11779;3978.49;50;0.46;1;0
11780;4613.88;50;0.40;1;0
11781;4007.82;50;0.46;1;0
11782;4594.33;50;0.40;1;0
11783;3949.17;50;0.46;1;0
11784;4574.78;50;0.39;1;0
11785;3919.84;50;0.46;1;0
11786;4565.00;50;0.39;1;0
11787;3929.62;50;0.46;1;0
11788;4555.23;50;0.39;1;0
11789;3929.62;50;0.46;1;0
11790;4516.13;50;0.39;1;0
11791;3939.39;50;0.45;1;0
11792;4535.68;50;0.39;1;0
11793;3968.72;50;0.45;1;0
11794;4506.35;50;0.40;1;0
11795;3929.62;50;0.45;1;0
11796;4477.03;50;0.39;1;0
11797;3929.62;50;0.45;1;0
11798;4408.60;50;0.39;1;0
11799;3939.39;50;0.44;1;0
11800;4496.58;50;0.39;1;0
11801;3910.07;50;0.45;1;0
11802;4447.70;50;0.39;1;0
11803;3900.29;50;0.44;1;0
11804;4467.25;50;0.39;1;0
11805;3910.07;50;0.45;1;0
11806;4428.15;50;0.39;1;0
11807;3880.74;50;0.44;1;0
11808;4428.15;50;0.39;1;0
11809;3870.97;50;0.44;1;0
11810;4418.38;50;0.39;1;0
11811;3890.52;50;0.44;1;0
11812;4437.93;50;0.39;1;0
11813;3870.97;50;0.44;1;0
11814;4428.15;50;0.39;1;0
11815;3880.74;50;0.44;1;0
11816;4428.15;50;0.39;1;0
11817;3900.29;50;0.44;1;0
11818;4408.60;50;0.39;1;0
11819;3870.97;50;0.44;1;0
11820;4379.28;50;0.39;1;0
11821;3900.29;50;0.44;1;0
11822;4398.83;50;0.39;1;0
11823;3919.84;50;0.44;1;0
11824;4437.93;50;0.39;1;0
11825;3870.97;50;0.44;1;0
11826;4389.05;50;0.39;1;0
11827;3890.52;50;0.44;1;0
11828;4408.60;50;0.39;1;0
11829;3890.52;50;0.44;1;0
11830;4359.73;50;0.39;1;0
11831;3919.84;50;0.44;1;0
11832;4349.95;50;0.39;1;0
11833;3890.52;50;0.43;1;0
11834;4379.28;50;0.39;1;0
11835;3890.52;50;0.44;1;0
11836;4379.28;50;0.39;1;0
11837;3900.29;50;0.44;1;0
11838;4359.73;50;0.39;1;0
11839;3861.19;50;0.44;1;0
11840;4359.73;50;0.39;1;0
11841;3870.97;50;0.44;1;0
11842;4281.52;50;0.39;1;0
11843;3861.19;50;0.43;1;0
11844;4310.85;50;0.39;1;0
11845;3851.42;50;0.43;1;0
11846;4242.42;50;0.39;1;0
11847;3900.29;50;0.42;1;0
11848;4252.20;50;0.39;1;0
11849;3958.94;50;0.43;1;0
11850;4213.10;50;0.40;1;0
11851;3939.39;50;0.42;1;0
11852;4154.45;50;0.39;1;0
11853;3978.49;50;0.42;1;0
11854;4134.90;50;0.40;1;0
11855;3919.84;50;0.41;1;0
11856;4056.70;50;0.39;1;0
11857;3929.62;50;0.41;1;0
11858;3988.27;50;0.39;1;0
11859;3998.05;50;0.40;1;0
11860;4037.15;50;0.40;1;0
11861;3949.17;50;0.40;1;0
11862;3998.05;50;0.39;1;0
11863;3998.05;50;0.40;1;0
11864;3968.72;50;0.40;1;0
11865;4007.82;50;0.40;1;0
11866;3900.29;50;0.40;1;0
11867;4027.37;50;0.39;1;0
11868;3851.42;50;0.40;1;0
11869;4017.60;50;0.39;1;0
11870;3861.19;50;0.40;1;0
11871;4007.82;50;0.39;1;0
11872;3782.99;50;0.40;1;0
11873;4037.15;50;0.38;1;0
11874;3792.77;50;0.40;1;0
11875;4046.92;50;0.38;1;0
11876;3714.57;50;0.40;1;0
11877;4037.15;50;0.37;1;0
11878;3724.34;50;0.40;1;0
11879;4037.15;50;0.37;1;0
11880;3743.89;50;0.40;1;0
11881;4037.15;50;0.37;1;0
11882;3616.81;50;0.40;1;0
11883;4066.47;50;0.36;1;0
11884;3616.81;50;0.41;1;0
11885;3998.05;50;0.36;1;0
11886;3548.39;50;0.40;1;0
11887;4076.25;50;0.35;1;0
11888;3626.59;50;0.41;1;0
11889;4086.02;50;0.36;1;0
11890;3616.81;50;0.41;1;0
11891;4076.25;50;0.36;1;0
11892;3528.84;50;0.41;1;0
11893;4076.25;50;0.35;1;0
11894;3558.16;50;0.41;1;0
11895;4086.02;50;0.36;1;0
11896;3509.29;50;0.41;1;0
11897;4066.47;50;0.35;1;0
11898;3519.06;50;0.41;1;0
11899;4086.02;50;0.35;1;0
11900;3519.06;50;0.41;1;0
11901;4086.02;50;0.35;1;0
11902;3470.19;50;0.41;1;0
11903;4086.02;50;0.35;1;0
11904;3479.96;50;0.41;1;0
11905;4027.37;50;0.35;1;0
11906;3528.84;50;0.40;1;0
11907;4066.47;50;0.35;1;0
11908;3470.19;50;0.41;1;0
11909;4095.80;50;0.35;1;0
11910;3509.29;50;0.41;1;0
11911;4027.37;50;0.35;1;0
11912;3499.51;50;0.40;1;0
11913;4066.47;50;0.35;1;0
11914;3509.29;50;0.41;1;0
11915;4056.70;50;0.35;1;0
11916;3499.51;50;0.41;1;0
11917;4046.92;50;0.35;1;0
11918;3587.49;50;0.40;1;0
11919;4046.92;50;0.36;1;0
11920;3538.61;50;0.40;1;0
11921;4007.82;50;0.35;1;0
11922;3607.04;50;0.40;1;0
11923;4037.15;50;0.36;1;0
11924;3519.06;50;0.40;1;0
11925;4017.60;50;0.35;1;0
11926;3538.61;50;0.40;1;0
11927;4056.70;50;0.35;1;0
11928;3558.16;50;0.41;1;0
11929;4017.60;50;0.36;1;0
11930;3607.04;50;0.40;1;0
11931;3998.05;50;0.36;1;0
11932;3548.39;50;0.40;1;0
11933;4017.60;50;0.35;1;0
11934;3636.36;50;0.40;1;0
11935;4086.02;50;0.36;1;0
11936;3607.04;50;0.41;1;0
11937;4125.12;50;0.36;1;0
11938;3607.04;50;0.41;1;0
11939;4105.57;50;0.36;1;0
11940;3597.26;50;0.41;1;0
11941;4115.35;50;0.36;1;0
11942;3558.16;50;0.41;1;0
11943;4134.90;50;0.36;1;0
11944;3607.04;50;0.41;1;0
11945;4115.35;50;0.36;1;0
11946;3587.49;50;0.41;1;0
11947;4134.90;50;0.36;1;0
11948;3577.71;50;0.41;1;0
11949;4174.00;50;0.36;1;0
11950;3636.36;50;0.42;1;0
11951;4144.67;50;0.36;1;0
11952;3607.04;50;0.41;1;0
11953;4164.22;50;0.36;1;0
11954;3597.26;50;0.42;1;0
11955;4154.45;50;0.36;1;0
11956;3626.59;50;0.42;1;0
11957;4144.67;50;0.36;1;0
11958;3655.91;50;0.41;1;0
11959;4144.67;50;0.37;1;0
11960;3616.81;50;0.41;1;0
11961;4154.45;50;0.36;1;0
11962;3597.26;50;0.42;1;0
11963;4154.45;50;0.36;1;0
11964;3587.49;50;0.42;1;0
11965;4144.67;50;0.36;1;0
11966;3567.94;50;0.41;1;0
11967;4144.67;50;0.36;1;0
11968;3577.71;50;0.41;1;0
11969;4164.22;50;0.36;1;0
11970;3577.71;50;0.42;1;0
11971;4154.45;50;0.36;1;0
11972;3567.94;50;0.42;1;0
11973;4134.90;50;0.36;1;0
11974;3558.16;50;0.41;1;0
11975;4164.22;50;0.36;1;0
11976;3509.29;50;0.42;1;0
11977;4144.67;50;0.35;1;0
11978;3499.51;50;0.41;1;0
11979;4144.67;50;0.35;1;0
11980;3499.51;50;0.41;1;0
11981;4125.12;50;0.35;1;0
11982;3519.06;50;0.41;1;0
11983;4086.02;50;0.35;1;0
11984;3528.84;50;0.41;1;0
11985;4115.35;50;0.35;1;0
11986;3538.61;50;0.41;1;0
11987;4095.80;50;0.35;1;0
11988;3538.61;50;0.41;1;0
11989;4076.25;50;0.35;1;0
11990;3499.51;50;0.41;1;0
11991;4017.60;50;0.35;1;0
11992;3528.84;50;0.40;1;0
11993;3988.27;50;0.35;1;0
11994;3509.29;50;0.40;1;0
11995;3958.94;50;0.35;1;0
11996;3558.16;50;0.40;1;0
11997;4007.82;50;0.36;1;0
11998;3499.51;50;0.40;1;0
11999;3998.05;50;0.35;1;0
12000;3489.74;50;0.40;1;0
12001;3998.05;50;0.35;1;0
12002;3489.74;50;0.40;1;0
12003;3958.94;50;0.35;1;0
12004;3528.84;50;0.40;1;0
12005;3968.72;50;0.35;1;0
12006;3567.94;50;0.40;1;0
12007;3949.17;50;0.36;1;0
12008;3548.39;50;0.39;1;0
12009;3910.07;50;0.35;1;0
12010;3567.94;50;0.39;1;0
12011;3880.74;50;0.36;1;0
12012;3587.49;50;0.39;1;0
12013;3851.42;50;0.36;1;0
12014;3587.49;50;0.39;1;0
12015;3763.44;50;0.36;1;0
12016;3655.91;50;0.38;1;0
12017;3773.22;50;0.37;1;0
12018;3655.91;50;0.38;1;0
12019;3782.99;50;0.37;1;0
12020;3714.57;50;0.38;1;0
12021;3704.79;50;0.37;1;0
12022;3685.24;50;0.37;1;0
12023;3695.01;50;0.37;1;0
12024;3743.89;50;0.37;1;0
12025;3704.79;50;0.37;1;0
12026;3743.89;50;0.37;1;0
12027;3685.24;50;0.37;1;0
12028;3773.22;50;0.37;1;0
12029;3655.91;50;0.38;1;0
12030;3802.54;50;0.37;1;0
12031;3665.69;50;0.38;1;0
12032;3861.19;50;0.37;1;0
12033;3714.57;50;0.39;1;0
12034;3773.22;50;0.37;1;0
12035;3675.46;50;0.38;1;0
12036;3763.44;50;0.37;1;0
12037;3675.46;50;0.38;1;0
12038;3861.19;50;0.37;1;0
12039;3626.59;50;0.39;1;0
12040;3782.99;50;0.36;1;0
12041;3607.04;50;0.38;1;0
12042;3841.64;50;0.36;1;0
12043;3646.14;50;0.38;1;0
12044;3929.62;50;0.36;1;0
12045;3665.69;50;0.39;1;0
12046;3831.87;50;0.37;1;0
12047;3636.36;50;0.38;1;0
12048;3890.52;50;0.36;1;0
12049;3607.04;50;0.39;1;0
12050;3919.84;50;0.36;1;0
12051;3655.91;50;0.39;1;0
12052;3910.07;50;0.37;1;0
12053;3558.16;50;0.39;1;0
12054;3919.84;50;0.36;1;0
12055;3646.14;50;0.39;1;0
12056;3900.29;50;0.36;1;0
12057;3695.01;50;0.39;1;0
12058;3880.74;50;0.37;1;0
12059;3704.79;50;0.39;1;0
12060;3919.84;50;0.37;1;0
12061;3646.14;50;0.39;1;0
12062;3949.17;50;0.36;1;0
12063;3646.14;50;0.39;1;0
12064;4017.60;50;0.36;1;0
12065;3675.46;50;0.40;1;0
12066;3949.17;50;0.37;1;0
12067;3646.14;50;0.39;1;0
12068;4027.37;50;0.36;1;0
12069;3695.01;50;0.40;1;0
12070;4037.15;50;0.37;1;0
12071;3655.91;50;0.40;1;0
12072;4007.82;50;0.37;1;0
12073;3724.34;50;0.40;1;0
12074;3968.72;50;0.37;1;0
12075;3773.22;50;0.40;1;0
12076;3998.05;50;0.38;1;0
12077;3675.46;50;0.40;1;0
12078;4086.02;50;0.37;1;0
12079;3626.59;50;0.41;1;0
12080;4056.70;50;0.36;1;0
12081;3695.01;50;0.41;1;0
12082;4076.25;50;0.37;1;0
12083;3655.91;50;0.41;1;0
12084;4086.02;50;0.37;1;0
12085;3655.91;50;0.41;1;0
12086;4056.70;50;0.37;1;0
12087;3655.91;50;0.41;1;0
12088;4046.92;50;0.37;1;0
12089;3616.81;50;0.40;1;0
12090;4056.70;50;0.36;1;0
12091;3607.04;50;0.41;1;0
12092;4154.45;50;0.36;1;0
12093;3607.04;50;0.42;1;0
12094;4086.02;50;0.36;1;0
12095;3626.59;50;0.41;1;0
12096;4105.57;50;0.36;1;0
12097;3558.16;50;0.41;1;0
12098;4095.80;50;0.36;1;0
12099;3577.71;50;0.41;1;0
12100;4105.57;50;0.36;1;0
12101;3528.84;50;0.41;1;0
12102;4125.12;50;0.35;1;0
12103;3548.39;50;0.41;1;0
12104;4125.12;50;0.35;1;0
12105;3538.61;50;0.41;1;0
12106;4134.90;50;0.35;1;0
12107;3587.49;50;0.41;1;0
12108;4144.67;50;0.36;1;0
12109;3538.61;50;0.41;1;0
12110;4115.35;50;0.35;1;0
12111;3509.29;50;0.41;1;0
12112;4095.80;50;0.35;1;0
12113;3519.06;50;0.41;1;0
12114;4095.80;50;0.35;1;0
12115;3499.51;50;0.41;1;0
12116;4134.90;50;0.35;1;0
12117;3489.74;50;0.41;1;0
12118;4066.47;50;0.35;1;0
12119;3519.06;50;0.41;1;0
12120;4095.80;50;0.35;1;0
12121;3479.96;50;0.41;1;0
12122;4095.80;50;0.35;1;0
12123;3460.41;50;0.41;1;0
12124;4095.80;50;0.35;1;0
12125;3470.19;50;0.41;1;0
12126;4046.92;50;0.35;1;0
12127;3479.96;50;0.40;1;0
12128;4076.25;50;0.35;1;0
12129;3460.41;50;0.41;1;0
12130;4086.02;50;0.35;1;0
12131;3479.96;50;0.41;1;0
12132;4076.25;50;0.35;1;0
12133;3470.19;50;0.41;1;0
12134;4115.35;50;0.35;1;0
12135;3479.96;50;0.41;1;0
12136;4095.80;50;0.35;1;0
12137;3489.74;50;0.41;1;0
12138;4086.02;50;0.35;1;0
12139;3450.64;50;0.41;1;0
12140;4086.02;50;0.35;1;0
12141;3479.96;50;0.41;1;0
12142;4095.80;50;0.35;1;0
12143;3519.06;50;0.41;1;0
12144;4086.02;50;0.35;1;0
12145;3489.74;50;0.41;1;0
12146;4115.35;50;0.35;1;0
12147;3479.96;50;0.41;1;0
12148;4086.02;50;0.35;1;0
12149;3479.96;50;0.41;1;0
12150;4115.35;50;0.35;1;0
12151;3489.74;50;0.41;1;0
12152;4115.35;50;0.35;1;0
12153;3509.29;50;0.41;1;0
12154;4134.90;50;0.35;1;0
12155;3519.06;50;0.41;1;0
12156;4105.57;50;0.35;1;0
12157;3548.39;50;0.41;1;0
12158;4125.12;50;0.35;1;0
12159;3519.06;50;0.41;1;0
12160;4134.90;50;0.35;1;0
12161;3528.84;50;0.41;1;0
12162;4134.90;50;0.35;1;0
12163;3538.61;50;0.41;1;0
12164;4115.35;50;0.35;1;0
12165;3567.94;50;0.41;1;0
12166;4125.12;50;0.36;1;0
12167;3567.94;50;0.41;1;0
12168;4125.12;50;0.36;1;0
12169;3577.71;50;0.41;1;0
12170;4125.12;50;0.36;1;0
12171;3655.91;50;0.41;1;0
12172;4115.35;50;0.37;1;0
12173;3646.14;50;0.41;1;0
12174;4105.57;50;0.36;1;0
12175;3655.91;50;0.41;1;0
12176;4174.00;50;0.37;1;0
12177;3704.79;50;0.42;1;0
12178;4125.12;50;0.37;1;0
12179;3714.57;50;0.41;1;0
12180;4056.70;50;0.37;1;0
12181;3704.79;50;0.41;1;0
12182;4037.15;50;0.37;1;0
12183;3812.32;50;0.40;1;0
12184;4056.70;50;0.38;1;0
12185;3831.87;50;0.41;1;0
12186;4037.15;50;0.38;1;0
12187;3890.52;50;0.40;1;0
12188;4027.37;50;0.39;1;0
12189;3949.17;50;0.40;1;0
12190;4007.82;50;0.39;1;0
12191;3968.72;50;0.40;1;0
12192;3978.49;50;0.40;1;0
12193;3978.49;50;0.40;1;0
12194;3998.05;50;0.40;1;0
12195;4056.70;50;0.40;1;0
12196;3949.17;50;0.41;1;0
12197;4037.15;50;0.39;1;0
12198;3919.84;50;0.40;1;0
12199;4066.47;50;0.39;1;0
12200;3890.52;50;0.41;1;0
12201;4095.80;50;0.39;1;0
12202;3910.07;50;0.41;1;0
12203;4125.12;50;0.39;1;0
12204;3851.42;50;0.41;1;0
12205;4105.57;50;0.39;1;0
12206;3900.29;50;0.41;1;0
12207;4115.35;50;0.39;1;0
12208;3861.19;50;0.41;1;0
12209;4134.90;50;0.39;1;0
12210;3831.87;50;0.41;1;0
12211;4183.77;50;0.38;1;0
12212;3841.64;50;0.42;1;0
12213;4222.87;50;0.38;1;0
12214;3724.34;50;0.42;1;0
12215;4222.87;50;0.37;1;0
12216;3734.12;50;0.42;1;0
12217;4105.57;50;0.37;1;0
12218;3616.81;50;0.41;1;0
12219;4232.65;50;0.36;1;0
12220;3685.24;50;0.42;1;0
12221;4213.10;50;0.37;1;0
12222;3695.01;50;0.42;1;0
12223;4222.87;50;0.37;1;0
12224;3655.91;50;0.42;1;0
12225;4183.77;50;0.37;1;0
12226;3646.14;50;0.42;1;0
12227;4252.20;50;0.36;1;0
12228;3646.14;50;0.43;1;0
12229;4222.87;50;0.36;1;0
12230;3675.46;50;0.42;1;0
12231;4232.65;50;0.37;1;0
12232;3607.04;50;0.42;1;0
12233;4213.10;50;0.36;1;0
12234;3607.04;50;0.42;1;0
12235;4193.55;50;0.36;1;0
12236;3597.26;50;0.42;1;0
12237;4222.87;50;0.36;1;0
12238;3616.81;50;0.42;1;0
12239;4222.87;50;0.36;1;0
12240;3587.49;50;0.42;1;0
12241;4203.32;50;0.36;1;0
12242;3616.81;50;0.42;1;0
12243;4203.32;50;0.36;1;0
12244;3607.04;50;0.42;1;0
12245;4203.32;50;0.36;1;0
12246;3567.94;50;0.42;1;0
12247;4174.00;50;0.36;1;0
12248;3636.36;50;0.42;1;0
12249;4183.77;50;0.36;1;0
12250;3597.26;50;0.42;1;0
12251;4154.45;50;0.36;1;0
12252;3626.59;50;0.42;1;0
12253;4144.67;50;0.36;1;0
12254;3626.59;50;0.41;1;0
12255;4144.67;50;0.36;1;0
12256;3626.59;50;0.41;1;0
12257;4115.35;50;0.36;1;0
12258;3655.91;50;0.41;1;0
12259;4115.35;50;0.37;1;0
12260;3675.46;50;0.41;1;0
12261;4086.02;50;0.37;1;0
12262;3685.24;50;0.41;1;0
12263;4007.82;50;0.37;1;0
12264;3734.12;50;0.40;1;0
12265;4066.47;50;0.37;1;0
12266;3724.34;50;0.41;1;0
12267;3939.39;50;0.37;1;0
12268;3704.79;50;0.39;1;0
12269;4007.82;50;0.37;1;0
12270;3831.87;50;0.40;1;0
12271;3958.94;50;0.38;1;0
12272;3802.54;50;0.40;1;0
12273;3929.62;50;0.38;1;0
12274;3822.09;50;0.39;1;0
12275;3939.39;50;0.38;1;0
12276;3861.19;50;0.39;1;0
12277;3939.39;50;0.39;1;0
12278;3919.84;50;0.39;1;0
12279;3851.42;50;0.39;1;0
12280;3929.62;50;0.39;1;0
12281;3831.87;50;0.39;1;0
12282;3988.27;50;0.38;1;0
12283;3851.42;50;0.40;1;0
12284;3978.49;50;0.39;1;0
12285;3773.22;50;0.40;1;0
12286;4037.15;50;0.38;1;0
12287;3763.44;50;0.40;1;0
12288;4086.02;50;0.38;1;0
12289;3782.99;50;0.41;1;0
12290;4095.80;50;0.38;1;0
12291;3851.42;50;0.41;1;0
12292;4115.35;50;0.39;1;0
12293;3753.67;50;0.41;1;0
12294;4076.25;50;0.38;1;0
12295;3812.32;50;0.41;1;0
12296;4183.77;50;0.38;1;0
12297;3782.99;50;0.42;1;0
12298;4017.60;50;0.38;1;0
12299;3851.42;50;0.40;1;0
12300;4086.02;50;0.39;1;0
12301;3822.09;50;0.41;1;0
12302;4174.00;50;0.38;1;0
12303;3782.99;50;0.42;1;0
12304;4174.00;50;0.38;1;0
12305;3822.09;50;0.42;1;0
12306;4203.32;50;0.38;1;0
12307;3753.67;50;0.42;1;0
12308;4213.10;50;0.38;1;0
12309;3841.64;50;0.42;1;0
12310;4193.55;50;0.38;1;0
12311;3890.52;50;0.42;1;0
12312;4213.10;50;0.39;1;0
12313;3802.54;50;0.42;1;0
12314;4222.87;50;0.38;1;0
12315;3782.99;50;0.42;1;0
12316;4213.10;50;0.38;1;0
12317;3792.77;50;0.42;1;0
12318;4252.20;50;0.38;1;0
12319;3734.12;50;0.43;1;0
12320;4242.42;50;0.37;1;0
12321;3861.19;50;0.42;1;0
12322;4222.87;50;0.39;1;0
12323;3841.64;50;0.42;1;0
12324;4213.10;50;0.38;1;0
12325;3822.09;50;0.42;1;0
12326;4203.32;50;0.38;1;0
12327;3782.99;50;0.42;1;0
12328;4183.77;50;0.38;1;0
12329;3773.22;50;0.42;1;0
12330;4164.22;50;0.38;1;0
12331;3812.32;50;0.42;1;0
12332;4242.42;50;0.38;1;0
12333;3782.99;50;0.42;1;0
12334;4144.67;50;0.38;1;0
12335;3734.12;50;0.41;1;0
12336;4242.42;50;0.37;1;0
12337;3763.44;50;0.42;1;0
12338;4232.65;50;0.38;1;0
12339;3695.01;50;0.42;1;0
12340;4242.42;50;0.37;1;0
12341;3675.46;50;0.42;1;0
12342;4232.65;50;0.37;1;0
12343;3714.57;50;0.42;1;0
12344;4203.32;50;0.37;1;0
12345;3675.46;50;0.42;1;0
12346;4252.20;50;0.37;1;0
12347;3655.91;50;0.43;1;0
12348;4271.75;50;0.37;1;0
12349;3616.81;50;0.43;1;0
12350;4242.42;50;0.36;1;0
12351;3655.91;50;0.42;1;0
12352;4261.97;50;0.37;1;0
12353;3636.36;50;0.43;1;0
12354;4242.42;50;0.36;1;0
12355;3616.81;50;0.42;1;0
12356;4232.65;50;0.36;1;0
12357;3636.36;50;0.42;1;0
12358;4281.52;50;0.36;1;0
12359;3626.59;50;0.43;1;0
12360;4232.65;50;0.36;1;0
12361;3616.81;50;0.42;1;0
12362;4213.10;50;0.36;1;0
12363;3626.59;50;0.42;1;0
12364;4222.87;50;0.36;1;0
12365;3577.71;50;0.42;1;0
12366;4213.10;50;0.36;1;0
12367;3558.16;50;0.42;1;0
12368;4252.20;50;0.36;1;0
12369;3577.71;50;0.43;1;0
12370;4183.77;50;0.36;1;0
12371;3626.59;50;0.42;1;0
12372;4183.77;50;0.36;1;0
12373;3587.49;50;0.42;1;0
12374;4203.32;50;0.36;1;0
12375;3577.71;50;0.42;1;0
12376;4193.55;50;0.36;1;0
12377;3626.59;50;0.42;1;0
12378;4193.55;50;0.36;1;0
12379;3587.49;50;0.42;1;0
12380;4242.42;50;0.36;1;0
12381;3626.59;50;0.42;1;0
12382;4213.10;50;0.36;1;0
12383;3548.39;50;0.42;1;0
12384;4183.77;50;0.35;1;0
12385;3587.49;50;0.42;1;0
12386;4213.10;50;0.36;1;0
12387;3587.49;50;0.42;1;0
12388;4193.55;50;0.36;1;0
12389;3548.39;50;0.42;1;0
12390;4232.65;50;0.35;1;0
12391;3567.94;50;0.42;1;0
12392;4193.55;50;0.36;1;0
12393;3597.26;50;0.42;1;0
12394;4203.32;50;0.36;1;0
12395;3597.26;50;0.42;1;0
12396;4213.10;50;0.36;1;0
12397;3597.26;50;0.42;1;0
12398;4174.00;50;0.36;1;0
12399;3616.81;50;0.42;1;0
12400;4183.77;50;0.36;1;0
12401;3636.36;50;0.42;1;0
12402;4154.45;50;0.36;1;0
12403;3636.36;50;0.42;1;0
12404;4193.55;50;0.36;1;0
12405;3665.69;50;0.42;1;0
12406;4115.35;50;0.37;1;0
12407;3685.24;50;0.41;1;0
12408;4164.22;50;0.37;1;0
12409;3704.79;50;0.42;1;0
12410;4154.45;50;0.37;1;0
12411;3695.01;50;0.42;1;0
12412;4164.22;50;0.37;1;0
12413;3665.69;50;0.42;1;0
12414;4222.87;50;0.37;1;0
12415;3685.24;50;0.42;1;0
12416;4174.00;50;0.37;1;0
12417;3724.34;50;0.42;1;0
12418;4164.22;50;0.37;1;0
12419;3714.57;50;0.42;1;0
12420;4154.45;50;0.37;1;0
12421;3753.67;50;0.42;1;0
12422;4134.90;50;0.38;1;0
12423;3773.22;50;0.41;1;0
12424;4095.80;50;0.38;1;0
12425;3782.99;50;0.41;1;0
12426;4105.57;50;0.38;1;0
12427;3812.32;50;0.41;1;0
12428;4037.15;50;0.38;1;0
12429;3831.87;50;0.40;1;0
12430;4086.02;50;0.38;1;0
12431;3870.97;50;0.41;1;0
12432;4046.92;50;0.39;1;0
12433;3900.29;50;0.40;1;0
12434;4046.92;50;0.39;1;0
12435;3890.52;50;0.40;1;0
12436;3998.05;50;0.39;1;0
12437;3978.49;50;0.40;1;0
12438;3958.94;50;0.40;1;0
12439;3958.94;50;0.40;1;0
12440;3978.49;50;0.40;1;0
12441;4037.15;50;0.40;1;0
12442;3900.29;50;0.40;1;0
12443;4007.82;50;0.39;1;0
12444;3870.97;50;0.40;1;0
12445;4086.02;50;0.39;1;0
12446;3841.64;50;0.41;1;0
12447;4076.25;50;0.38;1;0
12448;3831.87;50;0.41;1;0
12449;4115.35;50;0.38;1;0
12450;3802.54;50;0.41;1;0
12451;4095.80;50;0.38;1;0
12452;3831.87;50;0.41;1;0
12453;4046.92;50;0.38;1;0
12454;3851.42;50;0.40;1;0
12455;4105.57;50;0.39;1;0
12456;3792.77;50;0.41;1;0
12457;4134.90;50;0.38;1;0
12458;3753.67;50;0.41;1;0
12459;3949.17;50;0.38;1;0
12460;3890.52;50;0.39;1;0
12461;4017.60;50;0.39;1;0
12462;3841.64;50;0.40;1;0
12463;3978.49;50;0.38;1;0
12464;3841.64;50;0.40;1;0
12465;3988.27;50;0.38;1;0
12466;3822.09;50;0.40;1;0
12467;4007.82;50;0.38;1;0
12468;3743.89;50;0.40;1;0
12469;3998.05;50;0.37;1;0
12470;3724.34;50;0.40;1;0
12471;3998.05;50;0.37;1;0
12472;3695.01;50;0.40;1;0
12473;4066.47;50;0.37;1;0
12474;3685.24;50;0.41;1;0
12475;4027.37;50;0.37;1;0
12476;3646.14;50;0.40;1;0
12477;4007.82;50;0.36;1;0
12478;3685.24;50;0.40;1;0
12479;4125.12;50;0.37;1;0
12480;3616.81;50;0.41;1;0
12481;4037.15;50;0.36;1;0
12482;3665.69;50;0.40;1;0
12483;4095.80;50;0.37;1;0
12484;3695.01;50;0.41;1;0
12485;3998.05;50;0.37;1;0
12486;3626.59;50;0.40;1;0
12487;4086.02;50;0.36;1;0
12488;3548.39;50;0.41;1;0
12489;4105.57;50;0.35;1;0
12490;3548.39;50;0.41;1;0
12491;4076.25;50;0.35;1;0
12492;3538.61;50;0.41;1;0
12493;4115.35;50;0.35;1;0
12494;3558.16;50;0.41;1;0
12495;4076.25;50;0.36;1;0
12496;3587.49;50;0.41;1;0
12497;4095.80;50;0.36;1;0
12498;3509.29;50;0.41;1;0
12499;4066.47;50;0.35;1;0
12500;3577.71;50;0.41;1;0
12501;4095.80;50;0.36;1;0
12502;3509.29;50;0.41;1;0
12503;4105.57;50;0.35;1;0
12504;3519.06;50;0.41;1;0
12505;4105.57;50;0.35;1;0
12506;3528.84;50;0.41;1;0
12507;4125.12;50;0.35;1;0
12508;3519.06;50;0.41;1;0
12509;4105.57;50;0.35;1;0
12510;3548.39;50;0.41;1;0
12511;4134.90;50;0.35;1;0
12512;3538.61;50;0.41;1;0
12513;4144.67;50;0.35;1;0
12514;3538.61;50;0.41;1;0
12515;4164.22;50;0.35;1;0
12516;3528.84;50;0.42;1;0
12517;4144.67;50;0.35;1;0
12518;3499.51;50;0.41;1;0
12519;4144.67;50;0.35;1;0
12520;3558.16;50;0.41;1;0
12521;4183.77;50;0.36;1;0
12522;3558.16;50;0.42;1;0
12523;4164.22;50;0.36;1;0
12524;3558.16;50;0.42;1;0
12525;4164.22;50;0.36;1;0
12526;3479.96;50;0.42;1;0
12527;4183.77;50;0.35;1;0
12528;3548.39;50;0.42;1;0
12529;4174.00;50;0.35;1;0
12530;3528.84;50;0.42;1;0
12531;4203.32;50;0.35;1;0
12532;3577.71;50;0.42;1;0
12533;4193.55;50;0.36;1;0
12534;3587.49;50;0.42;1;0
12535;4193.55;50;0.36;1;0
12536;3577.71;50;0.42;1;0
12537;4203.32;50;0.36;1;0
12538;3616.81;50;0.42;1;0
12539;4213.10;50;0.36;1;0
12540;3616.81;50;0.42;1;0
12541;4174.00;50;0.36;1;0
12542;3655.91;50;0.42;1;0
12543;4193.55;50;0.37;1;0
12544;3626.59;50;0.42;1;0
12545;4174.00;50;0.36;1;0
12546;3675.46;50;0.42;1;0
12547;4183.77;50;0.37;1;0
12548;3665.69;50;0.42;1;0
12549;4203.32;50;0.37;1;0
12550;3773.22;50;0.42;1;0
12551;4242.42;50;0.38;1;0
12552;3704.79;50;0.42;1;0
12553;4213.10;50;0.37;1;0
12554;3695.01;50;0.42;1;0
12555;4242.42;50;0.37;1;0
12556;3675.46;50;0.42;1;0
12557;4232.65;50;0.37;1;0
12558;3685.24;50;0.42;1;0
12559;4213.10;50;0.37;1;0
12560;3743.89;50;0.42;1;0
12561;4174.00;50;0.37;1;0
12562;3734.12;50;0.42;1;0
12563;4242.42;50;0.37;1;0
12564;3753.67;50;0.42;1;0
12565;4134.90;50;0.38;1;0
12566;3743.89;50;0.41;1;0
12567;4183.77;50;0.37;1;0
12568;3802.54;50;0.42;1;0
12569;4203.32;50;0.38;1;0
12570;3724.34;50;0.42;1;0
12571;4203.32;50;0.37;1;0
12572;3734.12;50;0.42;1;0
12573;4213.10;50;0.37;1;0
12574;3734.12;50;0.42;1;0
12575;4213.10;50;0.37;1;0
12576;3675.46;50;0.42;1;0
12577;4213.10;50;0.37;1;0
12578;3695.01;50;0.42;1;0
12579;4183.77;50;0.37;1;0
12580;3695.01;50;0.42;1;0
12581;4164.22;50;0.37;1;0
12582;3695.01;50;0.42;1;0
12583;4174.00;50;0.37;1;0
12584;3714.57;50;0.42;1;0
12585;4144.67;50;0.37;1;0
12586;3655.91;50;0.41;1;0
12587;4183.77;50;0.37;1;0
12588;3675.46;50;0.42;1;0
12589;4125.12;50;0.37;1;0
12590;3685.24;50;0.41;1;0
12591;4154.45;50;0.37;1;0
12592;3695.01;50;0.42;1;0
12593;4154.45;50;0.37;1;0
12594;3646.14;50;0.42;1;0
12595;4174.00;50;0.36;1;0
12596;3704.79;50;0.42;1;0
12597;4086.02;50;0.37;1;0
12598;3695.01;50;0.41;1;0
12599;4066.47;50;0.37;1;0
12600;3714.57;50;0.41;1;0
12601;4105.57;50;0.37;1;0
12602;3753.67;50;0.41;1;0
12603;4095.80;50;0.38;1;0
12604;3812.32;50;0.41;1;0
12605;4017.60;50;0.38;1;0
12606;3822.09;50;0.40;1;0
12607;3988.27;50;0.38;1;0
12608;3812.32;50;0.40;1;0
12609;4046.92;50;0.38;1;0
12610;3802.54;50;0.40;1;0
12611;3998.05;50;0.38;1;0
12612;3919.84;50;0.40;1;0
12613;3900.29;50;0.39;1;0
12614;3910.07;50;0.39;1;0
12615;3900.29;50;0.39;1;0
12616;3910.07;50;0.39;1;0
12617;3958.94;50;0.39;1;0
12618;3988.27;50;0.40;1;0
12619;3919.84;50;0.40;1;0
12620;3900.29;50;0.39;1;0
12621;3968.72;50;0.39;1;0
12622;3910.07;50;0.40;1;0
12623;3968.72;50;0.39;1;0
12624;3910.07;50;0.40;1;0
12625;3998.05;50;0.39;1;0
12626;3929.62;50;0.40;1;0
12627;4056.70;50;0.39;1;0
12628;3851.42;50;0.41;1;0
12629;4056.70;50;0.39;1;0
12630;3900.29;50;0.41;1;0
12631;4105.57;50;0.39;1;0
12632;3919.84;50;0.41;1;0
12633;4115.35;50;0.39;1;0
12634;3910.07;50;0.41;1;0
12635;4154.45;50;0.39;1;0
12636;3880.74;50;0.42;1;0
12637;4164.22;50;0.39;1;0
12638;3890.52;50;0.42;1;0
12639;4203.32;50;0.39;1;0
12640;3919.84;50;0.42;1;0
12641;4213.10;50;0.39;1;0
12642;3919.84;50;0.42;1;0
12643;4105.57;50;0.39;1;0
12644;3988.27;50;0.41;1;0
12645;4086.02;50;0.40;1;0
12646;4086.02;50;0.41;1;0
12647;4134.90;50;0.41;1;0
12648;4076.25;50;0.41;1;0
12649;4144.67;50;0.41;1;0
12650;4183.77;50;0.41;1;0
12651;4095.80;50;0.42;1;0
12652;4213.10;50;0.41;1;0
12653;4086.02;50;0.42;1;0
12654;4252.20;50;0.41;1;0
12655;4086.02;50;0.43;1;0
12656;4222.87;50;0.41;1;0
12657;4125.12;50;0.42;1;0
12658;4261.97;50;0.41;1;0
12659;4076.25;50;0.43;1;0
12660;4281.52;50;0.41;1;0
12661;4076.25;50;0.43;1;0
12662;4330.40;50;0.41;1;0
12663;4134.90;50;0.43;1;0
12664;4330.40;50;0.41;1;0
12665;4154.45;50;0.43;1;0
12666;4369.50;50;0.42;1;0
12667;4115.35;50;0.44;1;0
12668;4379.28;50;0.41;1;0
12669;4125.12;50;0.44;1;0
12670;4457.48;50;0.41;1;0
12671;4095.80;50;0.45;1;0
12672;4467.25;50;0.41;1;0
12673;4134.90;50;0.45;1;0
12674;4398.83;50;0.41;1;0
12675;4095.80;50;0.44;1;0
12676;4467.25;50;0.41;1;0
12677;4115.35;50;0.45;1;0
12678;4555.23;50;0.41;1;0
12679;4144.67;50;0.46;1;0
12680;4516.13;50;0.41;1;0
12681;4105.57;50;0.45;1;0
12682;4506.35;50;0.41;1;0
12683;4086.02;50;0.45;1;0
12684;4594.33;50;0.41;1;0
12685;4134.90;50;0.46;1;0
12686;4594.33;50;0.41;1;0
12687;4095.80;50;0.46;1;0
12688;4574.78;50;0.41;1;0
12689;4174.00;50;0.46;1;0
12690;4652.98;50;0.42;1;0
12691;4154.45;50;0.47;1;0
12692;4594.33;50;0.42;1;0
12693;4125.12;50;0.46;1;0
12694;4574.78;50;0.41;1;0
12695;4174.00;50;0.46;1;0
12696;4633.43;50;0.42;1;0
12697;4144.67;50;0.46;1;0
12698;4672.53;50;0.41;1;0
12699;4134.90;50;0.47;1;0
12700;4701.86;50;0.41;1;0
12701;4144.67;50;0.47;1;0
12702;4701.86;50;0.41;1;0
12703;4144.67;50;0.47;1;0
12704;4701.86;50;0.41;1;0
12705;4144.67;50;0.47;1;0
12706;4701.86;50;0.41;1;0
12707;4164.22;50;0.47;1;0
12708;4643.21;50;0.42;1;0
12709;4183.77;50;0.46;1;0
12710;4721.41;50;0.42;1;0
12711;4144.67;50;0.47;1;0
12712;4682.31;50;0.41;1;0
12713;4183.77;50;0.47;1;0
12714;4721.41;50;0.42;1;0
12715;4174.00;50;0.47;1;0
12716;4740.96;50;0.42;1;0
12717;4174.00;50;0.47;1;0
12718;4770.28;50;0.42;1;0
12719;4164.22;50;0.48;1;0
12720;4809.38;50;0.42;1;0
12721;4154.45;50;0.48;1;0
12722;4731.18;50;0.42;1;0
12723;4213.10;50;0.47;1;0
12724;4789.83;50;0.42;1;0
12725;4203.32;50;0.48;1;0
12726;4770.28;50;0.42;1;0
12727;4242.42;50;0.48;1;0
12728;4838.71;50;0.42;1;0
12729;4242.42;50;0.48;1;0
12730;4848.48;50;0.42;1;0
12731;4242.42;50;0.48;1;0
12732;4887.59;50;0.42;1;0
12733;4252.20;50;0.49;1;0
12734;4868.04;50;0.43;1;0
12735;4281.52;50;0.49;1;0
12736;4897.36;50;0.43;1;0
12737;4301.08;50;0.49;1;0
12738;4868.04;50;0.43;1;0
12739;4330.40;50;0.49;1;0
12740;4916.91;50;0.43;1;0
12741;4359.73;50;0.49;1;0
12742;4907.14;50;0.44;1;0
12743;4310.85;50;0.49;1;0
12744;4956.01;50;0.43;1;0
12745;4379.28;50;0.50;1;0
12746;4995.11;50;0.44;1;0
12747;4389.05;50;0.50;1;0
12748;5004.89;50;0.44;1;0
12749;4369.50;50;0.50;1;0
12750;4995.11;50;0.44;1;0
12751;4418.38;50;0.50;1;0
12752;5034.21;50;0.44;1;0
12753;4457.48;50;0.50;1;0
12754;5043.99;50;0.45;1;0
12755;4467.25;50;0.50;1;0
12756;5073.31;50;0.45;1;0
12757;4457.48;50;0.51;1;0
12758;5073.31;50;0.45;1;0
12759;4496.58;50;0.51;1;0
12760;5102.64;50;0.45;1;0
12761;4545.45;50;0.51;1;0
12762;5122.19;50;0.45;1;0
12763;4584.56;50;0.51;1;0
12764;5122.19;50;0.46;1;0
12765;4594.33;50;0.51;1;0
12766;5141.74;50;0.46;1;0
12767;4604.11;50;0.51;1;0
12768;5151.52;50;0.46;1;0
12769;4633.43;50;0.52;1;0
12770;5161.29;50;0.46;1;0
12771;4652.98;50;0.52;1;0
12772;5171.07;50;0.47;1;0
12773;4731.18;50;0.52;1;0
12774;5190.62;50;0.47;1;0
12775;4799.61;50;0.52;1;0
12776;5161.29;50;0.48;1;0
12777;4760.51;50;0.52;1;0
12778;5219.94;50;0.48;1;0
12779;4809.38;50;0.52;1;0
12780;5259.04;50;0.48;1;0
12781;4897.36;50;0.53;1;0
12782;5151.52;50;0.49;1;0
12783;4926.69;50;0.52;1;0
12784;5259.04;50;0.49;1;0
12785;4926.69;50;0.53;1;0
12786;5219.94;50;0.49;1;0
12787;5014.66;50;0.52;1;0
12788;5229.72;50;0.50;1;0
12789;4975.56;50;0.52;1;0
12790;5210.17;50;0.50;1;0
12791;5063.54;50;0.52;1;0
12792;5180.84;50;0.51;1;0
12793;5141.74;50;0.52;1;0
12794;5219.94;50;0.51;1;0
12795;5131.96;50;0.52;1;0
12796;5200.39;50;0.51;1;0
12797;5190.62;50;0.52;1;0
12798;5171.07;50;0.52;1;0
12799;5249.27;50;0.52;1;0
12800;5161.29;50;0.52;1;0
12801;5268.82;50;0.52;1;0
12802;5190.62;50;0.53;1;0
12803;5337.24;50;0.52;1;0
12804;5180.84;50;0.53;1;0
12805;5347.02;50;0.52;1;0
12806;5180.84;50;0.53;1;0
12807;5327.47;50;0.52;1;0
12808;5092.86;50;0.53;1;0
12809;5415.44;50;0.51;1;0
12810;5131.96;50;0.54;1;0
12811;5425.22;50;0.51;1;0
12812;5229.72;50;0.54;1;0
12813;5327.47;50;0.52;1;0
12814;5239.49;50;0.53;1;0
12815;5395.89;50;0.52;1;0
12816;5180.84;50;0.54;1;0
12817;5415.44;50;0.52;1;0
12818;5200.39;50;0.54;1;0
12819;5386.12;50;0.52;1;0
12820;5190.62;50;0.54;1;0
12821;5454.55;50;0.52;1;0
12822;5141.74;50;0.55;1;0
12823;5435.00;50;0.51;1;0
12824;5131.96;50;0.54;1;0
12825;5425.22;50;0.51;1;0
12826;5122.19;50;0.54;1;0
12827;5542.52;50;0.51;1;0
12828;5141.74;50;0.55;1;0
12829;5522.97;50;0.51;1;0
12830;5122.19;50;0.55;1;0
12831;5474.10;50;0.51;1;0
12832;5161.29;50;0.55;1;0
12833;5532.75;50;0.52;1;0
12834;5180.84;50;0.55;1;0
12835;5620.72;50;0.52;1;0
12836;5092.86;50;0.56;1;0
12837;5591.40;50;0.51;1;0
12838;5092.86;50;0.56;1;0
12839;5630.50;50;0.51;1;0
12840;5151.52;50;0.56;1;0
12841;5689.15;50;0.52;1;0
12842;5112.41;50;0.57;1;0
12843;5679.37;50;0.51;1;0
12844;5102.64;50;0.57;1;0
12845;5659.82;50;0.51;1;0
12846;5092.86;50;0.57;1;0
12847;5679.37;50;0.51;1;0
12848;5112.41;50;0.57;1;0
12849;5689.15;50;0.51;1;0
12850;5141.74;50;0.57;1;0
12851;5718.48;50;0.51;1;0
12852;5131.96;50;0.57;1;0
12853;5698.92;50;0.51;1;0
12854;5122.19;50;0.57;1;0
12855;5767.35;50;0.51;1;0
12856;5112.41;50;0.58;1;0
12857;5747.80;50;0.51;1;0
12858;5131.96;50;0.57;1;0
12859;5747.80;50;0.51;1;0
12860;5151.52;50;0.57;1;0
12861;5816.23;50;0.52;1;0
12862;5151.52;50;0.58;1;0
12863;5826.00;50;0.52;1;0
12864;5190.62;50;0.58;1;0
12865;5806.45;50;0.52;1;0
12866;5180.84;50;0.58;1;0
12867;5845.55;50;0.52;1;0
12868;5229.72;50;0.58;1;0
12869;5826.00;50;0.52;1;0
12870;5229.72;50;0.58;1;0
12871;5816.23;50;0.52;1;0
12872;5249.27;50;0.58;1;0
12873;5845.55;50;0.52;1;0
12874;5288.37;50;0.58;1;0
12875;5816.23;50;0.53;1;0
12876;5298.14;50;0.58;1;0
12877;5796.68;50;0.53;1;0
12878;5298.14;50;0.58;1;0
12879;5865.10;50;0.53;1;0
12880;5288.37;50;0.59;1;0
12881;5874.88;50;0.53;1;0
12882;5337.24;50;0.59;1;0
12883;5865.10;50;0.53;1;0
12884;5366.57;50;0.59;1;0
12885;5845.55;50;0.54;1;0
12886;5395.89;50;0.58;1;0
12887;5943.30;50;0.54;1;0
12888;5386.12;50;0.59;1;0
12889;5953.08;50;0.54;1;0
12890;5405.67;50;0.60;1;0
12891;5923.75;50;0.54;1;0
12892;5395.89;50;0.59;1;0
12893;5923.75;50;0.54;1;0
12894;5425.22;50;0.59;1;0
12895;5904.20;50;0.54;1;0
12896;5474.10;50;0.59;1;0
12897;5923.75;50;0.55;1;0
12898;5493.65;50;0.59;1;0
12899;5923.75;50;0.55;1;0
12900;5474.10;50;0.59;1;0
12901;5923.75;50;0.55;1;0
12902;5522.97;50;0.59;1;0
12903;5904.20;50;0.55;1;0
12904;5552.30;50;0.59;1;0
12905;5865.10;50;0.56;1;0
12906;5591.40;50;0.59;1;0
12907;5874.88;50;0.56;1;0
12908;5630.50;50;0.59;1;0
12909;5806.45;50;0.56;1;0
12910;5640.27;50;0.58;1;0
12911;5845.55;50;0.56;1;0
12912;5669.60;50;0.58;1;0
12913;5826.00;50;0.57;1;0
12914;5757.58;50;0.58;1;0
12915;5757.58;50;0.58;1;0
12916;5718.48;50;0.58;1;0
12917;5708.70;50;0.57;1;0
12918;5796.68;50;0.57;1;0
12919;5708.70;50;0.58;1;0
12920;5845.55;50;0.57;1;0
12921;5718.48;50;0.58;1;0
12922;5826.00;50;0.57;1;0
12923;5679.37;50;0.58;1;0
12924;5874.88;50;0.57;1;0
12925;5650.05;50;0.59;1;0
12926;5884.65;50;0.57;1;0
12927;5659.82;50;0.59;1;0
12928;5835.78;50;0.57;1;0
12929;5610.95;50;0.58;1;0
12930;5826.00;50;0.56;1;0
12931;5552.30;50;0.58;1;0
12932;5933.53;50;0.56;1;0
12933;5610.95;50;0.59;1;0
12934;5884.65;50;0.56;1;0
12935;5522.97;50;0.59;1;0
12936;5855.33;50;0.55;1;0
12937;5659.82;50;0.59;1;0
12938;5796.68;50;0.57;1;0
12939;5620.72;50;0.58;1;0
12940;5806.45;50;0.56;1;0
12941;5620.72;50;0.58;1;0
12942;5757.58;50;0.56;1;0
12943;5610.95;50;0.58;1;0
12944;5806.45;50;0.56;1;0
12945;5610.95;50;0.58;1;0
12946;5777.13;50;0.56;1;0
12947;5483.87;50;0.58;1;0
12948;5806.45;50;0.55;1;0
12949;5552.30;50;0.58;1;0
12950;5855.33;50;0.56;1;0
12951;5571.85;50;0.59;1;0
12952;5796.68;50;0.56;1;0
12953;5493.65;50;0.58;1;0
12954;5845.55;50;0.55;1;0
12955;5435.00;50;0.58;1;0
12956;5865.10;50;0.54;1;0
12957;5464.32;50;0.59;1;0
12958;5913.98;50;0.55;1;0
12959;5376.34;50;0.59;1;0
12960;5874.88;50;0.54;1;0
12961;5337.24;50;0.59;1;0
12962;5826.00;50;0.53;1;0
12963;5307.92;50;0.58;1;0
12964;5865.10;50;0.53;1;0
12965;5327.47;50;0.59;1;0
12966;5835.78;50;0.53;1;0
12967;5288.37;50;0.58;1;0
12968;5855.33;50;0.53;1;0
12969;5298.14;50;0.59;1;0
12970;5826.00;50;0.53;1;0
12971;5259.04;50;0.58;1;0
12972;5884.65;50;0.53;1;0
12973;5259.04;50;0.59;1;0
12974;5806.45;50;0.53;1;0
12975;5210.17;50;0.58;1;0
12976;5806.45;50;0.52;1;0
12977;5229.72;50;0.58;1;0
12978;5816.23;50;0.52;1;0
12979;5229.72;50;0.58;1;0
12980;5816.23;50;0.52;1;0
12981;5180.84;50;0.58;1;0
12982;5806.45;50;0.52;1;0
12983;5190.62;50;0.58;1;0
12984;5816.23;50;0.52;1;0
12985;5239.49;50;0.58;1;0
12986;5786.90;50;0.52;1;0
12987;5180.84;50;0.58;1;0
12988;5796.68;50;0.52;1;0
12989;5171.07;50;0.58;1;0
12990;5757.58;50;0.52;1;0
12991;5180.84;50;0.58;1;0
12992;5767.35;50;0.52;1;0
12993;5180.84;50;0.58;1;0
12994;5806.45;50;0.52;1;0
12995;5112.41;50;0.58;1;0
12996;5767.35;50;0.51;1;0
12997;5161.29;50;0.58;1;0
12998;5738.03;50;0.52;1;0
12999;5141.74;50;0.57;1;0
13000;5738.03;50;0.51;1;0
13001;5151.52;50;0.57;1;0
13002;5747.80;50;0.52;1;0
13003;5131.96;50;0.57;1;0
13004;5767.35;50;0.51;1;0
13005;5171.07;50;0.58;1;0
13006;5738.03;50;0.52;1;0
13007;5112.41;50;0.57;1;0
13008;5728.25;50;0.51;1;0
13009;5102.64;50;0.57;1;0
13010;5708.70;50;0.51;1;0
13011;5131.96;50;0.57;1;0
13012;5708.70;50;0.51;1;0
13013;5122.19;50;0.57;1;0
13014;5708.70;50;0.51;1;0
13015;5122.19;50;0.57;1;0
13016;5640.27;50;0.51;1;0
13017;5122.19;50;0.56;1;0
13018;5650.05;50;0.51;1;0
13019;5131.96;50;0.57;1;0
13020;5620.72;50;0.51;1;0
13021;5141.74;50;0.56;1;0
13022;5650.05;50;0.51;1;0
13023;5151.52;50;0.57;1;0
13024;5640.27;50;0.52;1;0
13025;5171.07;50;0.56;1;0
13026;5601.17;50;0.52;1;0
13027;5219.94;50;0.56;1;0
13028;5542.52;50;0.52;1;0
13029;5161.29;50;0.55;1;0
13030;5581.62;50;0.52;1;0
13031;5122.19;50;0.56;1;0
13032;5581.62;50;0.51;1;0
13033;5141.74;50;0.56;1;0
13034;5601.17;50;0.51;1;0
13035;5180.84;50;0.56;1;0
13036;5522.97;50;0.52;1;0
13037;5141.74;50;0.55;1;0
13038;5474.10;50;0.51;1;0
13039;5190.62;50;0.55;1;0
13040;5444.77;50;0.52;1;0
13041;5180.84;50;0.54;1;0
13042;5337.24;50;0.52;1;0
13043;5200.39;50;0.53;1;0
13044;5298.14;50;0.52;1;0
13045;5180.84;50;0.53;1;0
13046;5239.49;50;0.52;1;0
13047;5151.52;50;0.52;1;0
13048;5249.27;50;0.52;1;0
13049;5190.62;50;0.52;1;0
13050;5219.94;50;0.52;1;0
13051;5151.52;50;0.52;1;0
13052;5288.37;50;0.52;1;0
13053;5102.64;50;0.53;1;0
13054;5249.27;50;0.51;1;0
13055;5131.96;50;0.52;1;0
13056;5131.96;50;0.51;1;0
13057;5151.52;50;0.51;1;0
13058;5112.41;50;0.52;1;0
13059;5141.74;50;0.51;1;0
13060;5122.19;50;0.51;1;0
13061;5122.19;50;0.51;1;0
13062;5112.41;50;0.51;1;0
13063;5053.76;50;0.51;1;0
13064;5083.09;50;0.51;1;0
13065;5004.89;50;0.51;1;0
13066;5053.76;50;0.50;1;0
13067;4995.11;50;0.51;1;0
13068;5053.76;50;0.50;1;0
13069;5014.66;50;0.51;1;0
13070;4936.46;50;0.50;1;0
13071;4995.11;50;0.49;1;0
13072;4907.14;50;0.50;1;0
13073;5014.66;50;0.49;1;0
13074;4907.14;50;0.50;1;0
13075;5024.44;50;0.49;1;0
13076;4848.48;50;0.50;1;0
13077;5073.31;50;0.48;1;0
13078;4907.14;50;0.51;1;0
13079;4887.59;50;0.49;1;0
13080;4838.71;50;0.49;1;0
13081;4965.79;50;0.48;1;0
13082;4809.38;50;0.50;1;0
13083;4907.14;50;0.48;1;0
13084;4799.61;50;0.49;1;0
13085;4828.93;50;0.48;1;0
13086;4789.83;50;0.48;1;0
13087;4848.48;50;0.48;1;0
13088;4770.28;50;0.48;1;0
13089;4887.59;50;0.48;1;0
13090;4701.86;50;0.49;1;0
13091;4897.36;50;0.47;1;0
13092;4692.08;50;0.49;1;0
13093;4907.14;50;0.47;1;0
13094;4701.86;50;0.49;1;0
13095;4946.24;50;0.47;1;0
13096;4643.21;50;0.49;1;0
13097;4858.26;50;0.46;1;0
13098;4525.90;50;0.49;1;0
13099;4848.48;50;0.45;1;0
13100;4516.13;50;0.48;1;0
13101;4975.56;50;0.45;1;0
13102;4496.58;50;0.50;1;0
13103;4926.69;50;0.45;1;0
13104;4525.90;50;0.49;1;0
13105;4985.34;50;0.45;1;0
13106;4467.25;50;0.50;1;0
13107;4838.71;50;0.45;1;0
13108;4555.23;50;0.48;1;0
13109;4819.16;50;0.46;1;0
13110;4535.68;50;0.48;1;0
13111;4946.24;50;0.45;1;0
13112;4477.03;50;0.49;1;0
13113;4877.81;50;0.45;1;0
13114;4496.58;50;0.49;1;0
13115;4848.48;50;0.45;1;0
13116;4457.48;50;0.48;1;0
13117;4916.91;50;0.45;1;0
13118;4398.83;50;0.49;1;0
13119;4956.01;50;0.44;1;0
13120;4379.28;50;0.50;1;0
13121;4975.56;50;0.44;1;0
13122;4359.73;50;0.50;1;0
13123;4926.69;50;0.44;1;0
13124;4349.95;50;0.49;1;0
13125;4887.59;50;0.43;1;0
13126;4349.95;50;0.49;1;0
13127;4916.91;50;0.43;1;0
13128;4349.95;50;0.49;1;0
13129;4936.46;50;0.43;1;0
13130;4320.63;50;0.49;1;0
13131;4936.46;50;0.43;1;0
13132;4310.85;50;0.49;1;0
13133;4907.14;50;0.43;1;0
13134;4281.52;50;0.49;1;0
13135;4916.91;50;0.43;1;0
13136;4281.52;50;0.49;1;0
13137;4916.91;50;0.43;1;0
13138;4340.18;50;0.49;1;0
13139;4907.14;50;0.43;1;0
13140;4291.30;50;0.49;1;0
13141;4926.69;50;0.43;1;0
13142;4301.08;50;0.49;1;0
13143;4936.46;50;0.43;1;0
13144;4310.85;50;0.49;1;0
13145;4858.26;50;0.43;1;0
13146;4291.30;50;0.49;1;0
13147;4868.04;50;0.43;1;0
13148;4340.18;50;0.49;1;0
13149;4848.48;50;0.43;1;0
13150;4330.40;50;0.48;1;0
13151;4809.38;50;0.43;1;0
13152;4271.75;50;0.48;1;0
13153;4799.61;50;0.43;1;0
13154;4330.40;50;0.48;1;0
13155;4770.28;50;0.43;1;0
13156;4349.95;50;0.48;1;0
13157;4731.18;50;0.43;1;0
13158;4398.83;50;0.47;1;0
13159;4731.18;50;0.44;1;0
13160;4389.05;50;0.47;1;0
13161;4721.41;50;0.44;1;0
13162;4418.38;50;0.47;1;0
13163;4643.21;50;0.44;1;0
13164;4408.60;50;0.46;1;0
13165;4594.33;50;0.44;1;0
13166;4418.38;50;0.46;1;0
13167;4604.11;50;0.44;1;0
13168;4437.93;50;0.46;1;0
13169;4565.00;50;0.44;1;0
13170;4437.93;50;0.46;1;0
13171;4506.35;50;0.44;1;0
13172;4447.70;50;0.45;1;0
13173;4418.38;50;0.44;1;0
13174;4467.25;50;0.44;1;0
13175;4457.48;50;0.45;1;0
13176;4428.15;50;0.45;1;0
13177;4330.40;50;0.44;1;0
13178;4496.58;50;0.43;1;0
13179;4310.85;50;0.45;1;0
13180;4457.48;50;0.43;1;0
13181;4271.75;50;0.45;1;0
13182;4506.35;50;0.43;1;0
13183;4222.87;50;0.45;1;0
13184;4457.48;50;0.42;1;0
13185;4193.55;50;0.45;1;0
13186;4447.70;50;0.42;1;0
13187;4222.87;50;0.44;1;0
13188;4457.48;50;0.42;1;0
13189;4134.90;50;0.45;1;0
13190;4496.58;50;0.41;1;0
13191;4154.45;50;0.45;1;0
13192;4516.13;50;0.42;1;0
13193;4105.57;50;0.45;1;0
13194;4437.93;50;0.41;1;0
13195;4076.25;50;0.44;1;0
13196;4457.48;50;0.41;1;0
13197;4046.92;50;0.45;1;0
13198;4428.15;50;0.40;1;0
13199;3998.05;50;0.44;1;0
13200;4496.58;50;0.40;1;0
13201;3958.94;50;0.45;1;0
13202;4467.25;50;0.40;1;0
13203;3939.39;50;0.45;1;0
13204;4437.93;50;0.39;1;0
13205;3910.07;50;0.44;1;0
13206;4437.93;50;0.39;1;0
13207;3900.29;50;0.44;1;0
13208;4457.48;50;0.39;1;0
13209;3919.84;50;0.45;1;0
13210;4447.70;50;0.39;1;0
13211;3890.52;50;0.44;1;0
13212;4447.70;50;0.39;1;0
13213;3831.87;50;0.44;1;0
13214;4437.93;50;0.38;1;0
13215;3861.19;50;0.44;1;0
13216;4457.48;50;0.39;1;0
13217;3831.87;50;0.45;1;0
13218;4477.03;50;0.38;1;0
13219;3822.09;50;0.45;1;0
13220;4447.70;50;0.38;1;0
13221;3822.09;50;0.44;1;0
13222;4428.15;50;0.38;1;0
13223;3822.09;50;0.44;1;0
13224;4398.83;50;0.38;1;0
13225;3831.87;50;0.44;1;0
13226;4408.60;50;0.38;1;0
13227;3802.54;50;0.44;1;0
13228;4398.83;50;0.38;1;0
13229;3851.42;50;0.44;1;0
13230;4408.60;50;0.39;1;0
13231;3831.87;50;0.44;1;0
13232;4340.18;50;0.38;1;0
13233;3851.42;50;0.43;1;0
13234;4389.05;50;0.39;1;0
13235;3812.32;50;0.44;1;0
13236;4398.83;50;0.38;1;0
13237;3822.09;50;0.44;1;0
13238;4379.28;50;0.38;1;0
13239;3822.09;50;0.44;1;0
13240;4379.28;50;0.38;1;0
13241;3861.19;50;0.44;1;0
13242;4359.73;50;0.39;1;0
13243;3851.42;50;0.44;1;0
13244;4369.50;50;0.39;1;0
13245;3831.87;50;0.44;1;0
13246;4349.95;50;0.38;1;0
13247;3841.64;50;0.43;1;0
13248;4359.73;50;0.38;1;0
13249;3861.19;50;0.44;1;0
13250;4379.28;50;0.39;1;0
13251;3861.19;50;0.44;1;0
13252;4359.73;50;0.39;1;0
13253;3880.74;50;0.44;1;0
13254;4330.40;50;0.39;1;0
13255;3841.64;50;0.43;1;0
13256;4340.18;50;0.38;1;0
13257;3870.97;50;0.43;1;0
13258;4340.18;50;0.39;1;0
13259;3880.74;50;0.43;1;0
13260;4291.30;50;0.39;1;0
13261;3929.62;50;0.43;1;0
13262;4291.30;50;0.39;1;0
13263;3949.17;50;0.43;1;0
13264;4301.08;50;0.39;1;0
13265;3998.05;50;0.43;1;0
13266;4232.65;50;0.40;1;0
13267;4017.60;50;0.42;1;0
13268;4252.20;50;0.40;1;0
13269;4056.70;50;0.43;1;0
13270;4232.65;50;0.41;1;0
13271;3988.27;50;0.42;1;0
13272;4144.67;50;0.40;1;0
13273;4086.02;50;0.41;1;0
13274;4134.90;50;0.41;1;0
13275;4027.37;50;0.41;1;0
13276;4164.22;50;0.40;1;0
13277;4095.80;50;0.42;1;0
13278;4056.70;50;0.41;1;0
13279;4105.57;50;0.41;1;0
13280;4066.47;50;0.41;1;0
13281;4125.12;50;0.41;1;0
13282;4066.47;50;0.41;1;0
13283;4164.22;50;0.41;1;0
13284;4037.15;50;0.42;1;0
13285;4183.77;50;0.40;1;0
13286;4007.82;50;0.42;1;0
13287;4164.22;50;0.40;1;0
13288;3978.49;50;0.42;1;0
13289;4203.32;50;0.40;1;0
13290;3939.39;50;0.42;1;0
13291;4203.32;50;0.39;1;0
13292;3988.27;50;0.42;1;0
13293;4183.77;50;0.40;1;0
13294;3929.62;50;0.42;1;0
13295;4232.65;50;0.39;1;0
13296;3851.42;50;0.42;1;0
13297;4154.45;50;0.39;1;0
13298;3890.52;50;0.42;1;0
13299;4242.42;50;0.39;1;0
13300;3851.42;50;0.42;1;0
13301;4213.10;50;0.39;1;0
13302;3861.19;50;0.42;1;0
13303;4154.45;50;0.39;1;0
13304;3880.74;50;0.42;1;0
13305;4174.00;50;0.39;1;0
13306;3782.99;50;0.42;1;0
13307;4203.32;50;0.38;1;0
13308;3773.22;50;0.42;1;0
13309;4203.32;50;0.38;1;0
13310;3695.01;50;0.42;1;0
13311;4242.42;50;0.37;1;0
13312;3734.12;50;0.42;1;0
13313;4203.32;50;0.37;1;0
13314;3704.79;50;0.42;1;0
13315;4193.55;50;0.37;1;0
13316;3743.89;50;0.42;1;0
13317;4115.35;50;0.37;1;0
13318;3675.46;50;0.41;1;0
13319;4174.00;50;0.37;1;0
13320;3655.91;50;0.42;1;0
13321;4193.55;50;0.37;1;0
13322;3655.91;50;0.42;1;0
13323;4213.10;50;0.37;1;0
13324;3655.91;50;0.42;1;0
13325;4193.55;50;0.37;1;0
13326;3607.04;50;0.42;1;0
13327;4213.10;50;0.36;1;0
13328;3616.81;50;0.42;1;0
13329;4203.32;50;0.36;1;0
13330;3655.91;50;0.42;1;0
13331;4203.32;50;0.37;1;0
13332;3587.49;50;0.42;1;0
13333;4213.10;50;0.36;1;0
13334;3577.71;50;0.42;1;0
13335;4203.32;50;0.36;1;0
13336;3616.81;50;0.42;1;0
13337;4193.55;50;0.36;1;0
13338;3607.04;50;0.42;1;0
13339;4203.32;50;0.36;1;0
13340;3616.81;50;0.42;1;0
13341;4213.10;50;0.36;1;0
13342;3587.49;50;0.42;1;0
13343;4242.42;50;0.36;1;0
13344;3616.81;50;0.42;1;0
13345;4193.55;50;0.36;1;0
13346;3607.04;50;0.42;1;0
13347;4222.87;50;0.36;1;0
13348;3597.26;50;0.42;1;0
13349;4213.10;50;0.36;1;0
13350;3616.81;50;0.42;1;0
13351;4232.65;50;0.36;1;0
13352;3597.26;50;0.42;1;0
13353;4242.42;50;0.36;1;0
13354;3607.04;50;0.42;1;0
13355;4252.20;50;0.36;1;0
13356;3577.71;50;0.43;1;0
13357;4242.42;50;0.36;1;0
13358;3616.81;50;0.42;1;0
13359;4213.10;50;0.36;1;0
13360;3567.94;50;0.42;1;0
13361;4232.65;50;0.36;1;0
13362;3626.59;50;0.42;1;0
13363;4242.42;50;0.36;1;0
13364;3636.36;50;0.42;1;0
13365;4232.65;50;0.36;1;0
13366;3665.69;50;0.42;1;0
13367;4232.65;50;0.37;1;0
13368;3665.69;50;0.42;1;0
13369;4242.42;50;0.37;1;0
13370;3636.36;50;0.42;1;0
13371;4213.10;50;0.36;1;0
13372;3675.46;50;0.42;1;0
13373;4222.87;50;0.37;1;0
13374;3675.46;50;0.42;1;0
13375;4261.97;50;0.37;1;0
13376;3704.79;50;0.43;1;0
13377;4193.55;50;0.37;1;0
13378;3734.12;50;0.42;1;0
13379;4203.32;50;0.37;1;0
13380;3753.67;50;0.42;1;0
13381;4193.55;50;0.38;1;0
13382;3714.57;50;0.42;1;0
13383;4271.75;50;0.37;1;0
13384;3685.24;50;0.43;1;0
13385;4310.85;50;0.37;1;0
13386;3753.67;50;0.43;1;0
13387;4330.40;50;0.38;1;0
13388;3743.89;50;0.43;1;0
13389;4301.08;50;0.37;1;0
13390;3714.57;50;0.43;1;0
13391;4281.52;50;0.37;1;0
13392;3773.22;50;0.43;1;0
13393;4261.97;50;0.38;1;0
13394;3782.99;50;0.43;1;0
13395;4291.30;50;0.38;1;0
13396;3743.89;50;0.43;1;0
13397;4261.97;50;0.37;1;0
13398;3812.32;50;0.43;1;0
13399;4261.97;50;0.38;1;0
13400;3792.77;50;0.43;1;0
13401;4261.97;50;0.38;1;0
13402;3792.77;50;0.43;1;0
13403;4232.65;50;0.38;1;0
13404;3802.54;50;0.42;1;0
13405;4222.87;50;0.38;1;0
13406;3880.74;50;0.42;1;0
13407;4095.80;50;0.39;1;0
13408;3919.84;50;0.41;1;0
13409;4144.67;50;0.39;1;0
13410;3910.07;50;0.41;1;0
13411;4115.35;50;0.39;1;0
13412;3929.62;50;0.41;1;0
13413;4056.70;50;0.39;1;0
13414;3900.29;50;0.41;1;0
13415;4007.82;50;0.39;1;0
13416;3988.27;50;0.40;1;0
13417;4017.60;50;0.40;1;0
13418;3929.62;50;0.40;1;0
13419;3939.39;50;0.39;1;0
13420;3939.39;50;0.39;1;0
13421;3929.62;50;0.39;1;0
13422;4027.37;50;0.39;1;0
13423;3870.97;50;0.40;1;0
13424;4037.15;50;0.39;1;0
13425;3900.29;50;0.40;1;0
13426;4027.37;50;0.39;1;0
13427;3812.32;50;0.40;1;0
13428;3929.62;50;0.38;1;0
13429;3919.84;50;0.39;1;0
13430;3998.05;50;0.39;1;0
13431;3870.97;50;0.40;1;0
13432;3968.72;50;0.39;1;0
13433;3831.87;50;0.40;1;0
13434;3968.72;50;0.38;1;0
13435;3831.87;50;0.40;1;0
13436;3910.07;50;0.38;1;0
13437;3900.29;50;0.39;1;0
13438;3900.29;50;0.39;1;0
13439;3880.74;50;0.39;1;0
13440;3802.54;50;0.39;1;0
13441;3998.05;50;0.38;1;0
13442;3929.62;50;0.40;1;0
13443;3890.52;50;0.39;1;0
13444;3822.09;50;0.39;1;0
13445;3890.52;50;0.38;1;0
13446;3851.42;50;0.39;1;0
13447;3870.97;50;0.39;1;0
13448;3890.52;50;0.39;1;0
13449;3831.87;50;0.39;1;0
13450;3900.29;50;0.38;1;0
13451;3802.54;50;0.39;1;0
13452;3870.97;50;0.38;1;0
13453;3910.07;50;0.39;1;0
13454;3851.42;50;0.39;1;0
13455;3900.29;50;0.39;1;0
13456;3910.07;50;0.39;1;0
13457;3782.99;50;0.39;1;0
13458;3900.29;50;0.38;1;0
13459;3831.87;50;0.39;1;0
13460;3929.62;50;0.38;1;0
13461;3802.54;50;0.39;1;0
13462;3939.39;50;0.38;1;0
13463;3792.77;50;0.39;1;0
13464;3910.07;50;0.38;1;0
13465;3773.22;50;0.39;1;0
13466;3988.27;50;0.38;1;0
13467;3782.99;50;0.40;1;0
13468;3988.27;50;0.38;1;0
13469;3724.34;50;0.40;1;0
13470;4007.82;50;0.37;1;0
13471;3675.46;50;0.40;1;0
13472;4076.25;50;0.37;1;0
13473;3695.01;50;0.41;1;0
13474;4037.15;50;0.37;1;0
13475;3734.12;50;0.40;1;0
13476;4017.60;50;0.37;1;0
13477;3753.67;50;0.40;1;0
13478;4037.15;50;0.38;1;0
13479;3763.44;50;0.40;1;0
13480;4027.37;50;0.38;1;0
13481;3704.79;50;0.40;1;0
13482;4144.67;50;0.37;1;0
13483;3753.67;50;0.41;1;0
13484;4105.57;50;0.38;1;0
13485;3763.44;50;0.41;1;0
13486;4164.22;50;0.38;1;0
13487;3685.24;50;0.42;1;0
13488;4154.45;50;0.37;1;0
13489;3724.34;50;0.42;1;0
13490;4154.45;50;0.37;1;0
13491;3734.12;50;0.42;1;0
13492;4222.87;50;0.37;1;0
13493;3724.34;50;0.42;1;0
13494;4134.90;50;0.37;1;0
13495;3704.79;50;0.41;1;0
13496;4213.10;50;0.37;1;0
13497;3753.67;50;0.42;1;0
13498;4154.45;50;0.38;1;0
13499;3753.67;50;0.42;1;0
13500;4105.57;50;0.38;1;0
13501;3743.89;50;0.41;1;0
13502;4144.67;50;0.37;1;0
13503;3734.12;50;0.41;1;0
13504;4193.55;50;0.37;1;0
13505;3773.22;50;0.42;1;0
13506;4203.32;50;0.38;1;0
13507;3782.99;50;0.42;1;0
13508;4213.10;50;0.38;1;0
13509;3714.57;50;0.42;1;0
13510;4271.75;50;0.37;1;0
13511;3773.22;50;0.43;1;0
13512;4301.08;50;0.38;1;0
13513;3763.44;50;0.43;1;0
13514;4281.52;50;0.38;1;0
13515;3734.12;50;0.43;1;0
13516;4330.40;50;0.37;1;0
13517;3734.12;50;0.43;1;0
13518;4310.85;50;0.37;1;0
13519;3734.12;50;0.43;1;0
13520;4310.85;50;0.37;1;0
13521;3724.34;50;0.43;1;0
13522;4330.40;50;0.37;1;0
13523;3734.12;50;0.43;1;0
13524;4320.63;50;0.37;1;0
13525;3695.01;50;0.43;1;0
13526;4349.95;50;0.37;1;0
13527;3743.89;50;0.43;1;0
13528;4320.63;50;0.37;1;0
13529;3685.24;50;0.43;1;0
13530;4301.08;50;0.37;1;0
13531;3675.46;50;0.43;1;0
13532;4320.63;50;0.37;1;0
13533;3695.01;50;0.43;1;0
13534;4310.85;50;0.37;1;0
13535;3704.79;50;0.43;1;0
13536;4301.08;50;0.37;1;0
13537;3665.69;50;0.43;1;0
13538;4252.20;50;0.37;1;0
13539;3685.24;50;0.43;1;0
13540;4252.20;50;0.37;1;0
13541;3704.79;50;0.43;1;0
13542;4271.75;50;0.37;1;0
13543;3714.57;50;0.43;1;0
13544;4232.65;50;0.37;1;0
13545;3704.79;50;0.42;1;0
13546;4242.42;50;0.37;1;0
13547;3724.34;50;0.42;1;0
13548;4193.55;50;0.37;1;0
13549;3695.01;50;0.42;1;0
13550;4164.22;50;0.37;1;0
13551;3704.79;50;0.42;1;0
13552;4125.12;50;0.37;1;0
13553;3792.77;50;0.41;1;0
13554;4164.22;50;0.38;1;0
13555;3665.69;50;0.42;1;0
13556;4134.90;50;0.37;1;0
13557;3655.91;50;0.41;1;0
13558;4115.35;50;0.37;1;0
13559;3714.57;50;0.41;1;0
13560;4105.57;50;0.37;1;0
13561;3675.46;50;0.41;1;0
13562;4095.80;50;0.37;1;0
13563;3743.89;50;0.41;1;0
13564;4086.02;50;0.37;1;0
13565;3773.22;50;0.41;1;0
13566;4154.45;50;0.38;1;0
13567;3665.69;50;0.42;1;0
13568;4134.90;50;0.37;1;0
13569;3646.14;50;0.41;1;0
13570;4046.92;50;0.36;1;0
13571;3616.81;50;0.40;1;0
