3;32306.94;50;3.23;1;1
3;32306.94;50;3.23;1;1
4;32306.94;50;3.23;1;1
5;32306.94;50;3.23;1;1
6;32258.06;50;3.23;1;1
7;32258.06;50;3.23;1;1
8;32258.06;50;3.23;1;1
9;32258.06;50;3.23;1;1
10;32258.06;50;3.23;1;1
11;32258.06;50;3.23;1;1
12;32258.06;50;3.23;1;1
13;32258.06;50;3.23;1;1
14;32258.06;50;3.23;1;1
15;32258.06;50;3.23;1;1
16;32258.06;50;3.23;1;1
17;32258.06;50;3.23;1;1
18;32258.06;50;3.23;1;1
19;32306.94;50;3.23;1;1
20;32306.94;50;3.23;1;1
21;32306.94;50;3.23;1;1
22;32258.06;50;3.23;1;1
23;32258.06;50;3.23;1;1
24;32258.06;50;3.23;1;1
25;32258.06;50;3.23;1;1
26;32258.06;50;3.23;1;1
27;32258.06;50;3.23;1;1
28;32258.06;50;3.23;1;1
29;32306.94;50;3.23;1;1
30;32258.06;50;3.23;1;1
31;32258.06;50;3.23;1;1
32;32258.06;50;3.23;1;1
33;32258.06;50;3.23;1;1
34;32258.06;50;3.23;1;1
35;32258.06;50;3.23;1;1
36;32258.06;50;3.23;1;1
37;32258.06;50;3.23;1;1
38;32258.06;50;3.23;1;1
39;32258.06;50;3.23;1;1
40;32258.06;50;3.23;1;1
41;32258.06;50;3.23;1;1
42;32258.06;50;3.23;1;1
43;32258.06;50;3.23;1;1
44;32258.06;50;3.23;1;1
45;32258.06;50;3.23;1;1
46;32258.06;50;3.23;1;1
47;32258.06;50;3.23;1;1
48;32258.06;50;3.23;1;1
49;32258.06;50;3.23;1;1
50;32258.06;50;3.23;1;1
51;32258.06;50;3.23;1;1
52;32258.06;50;3.23;1;1
53;32258.06;50;3.23;1;1
54;32258.06;50;3.23;1;1
55;32258.06;50;3.23;1;1
56;32258.06;50;3.23;1;1
57;32258.06;50;3.23;1;1
58;32258.06;50;3.23;1;1
59;32258.06;50;3.23;1;1
60;32258.06;50;3.23;1;1
61;32258.06;50;3.23;1;1
62;32258.06;50;3.23;1;1
63;32258.06;50;3.23;1;1
64;32258.06;50;3.23;1;1
65;32258.06;50;3.23;1;1
66;32258.06;50;3.23;1;1
67;32258.06;50;3.23;1;1
68;32258.06;50;3.23;1;1
69;32258.06;50;3.23;1;1
70;32258.06;50;3.23;1;1
71;32258.06;50;3.23;1;1
72;32258.06;50;3.23;1;1
73;32258.06;50;3.23;1;1
74;32306.94;50;3.23;1;1
75;32306.94;50;3.23;1;1
76;32306.94;50;3.23;1;1
77;32306.94;50;3.23;1;1
78;32306.94;50;3.23;1;1
79;32306.94;50;3.23;1;1
80;32306.94;50;3.23;1;1
81;32306.94;50;3.23;1;1
82;32306.94;50;3.23;1;1
83;32306.94;50;3.23;1;1
84;32306.94;50;3.23;1;1
85;32306.94;50;3.23;1;1
86;32306.94;50;3.23;1;1
87;32306.94;50;3.23;1;1
88;32306.94;50;3.23;1;1
89;32306.94;50;3.23;1;1
90;32306.94;50;3.23;1;1
91;32306.94;50;3.23;1;1
92;32306.94;50;3.23;1;1
93;32306.94;50;3.23;1;1
94;32306.94;50;3.23;1;1
95;32306.94;50;3.23;1;1
96;32306.94;50;3.23;1;1
97;32306.94;50;3.23;1;1
98;32306.94;50;3.23;1;1
99;32306.94;50;3.23;1;1
100;32306.94;50;3.23;1;1
101;32306.94;50;3.23;1;1
102;32306.94;50;3.23;1;1
103;32306.94;50;3.23;1;1
104;32306.94;50;3.23;1;1
105;32306.94;50;3.23;1;1
106;32306.94;50;3.23;1;1
107;32306.94;50;3.23;1;1
108;32306.94;50;3.23;1;1
109;32306.94;50;3.23;1;1
110;32306.94;50;3.23;1;1
111;32306.94;50;3.23;1;1
112;32306.94;50;3.23;1;1
113;32306.94;50;3.23;1;1
114;32306.94;50;3.23;1;1
115;32306.94;50;3.23;1;1
116;32306.94;50;3.23;1;1
117;32306.94;50;3.23;1;1
118;32306.94;50;3.23;1;1
119;32306.94;50;3.23;1;1
120;32306.94;50;3.23;1;1
121;32306.94;50;3.23;1;1
122;32306.94;50;3.23;1;1
123;32258.06;50;3.23;1;1
124;32258.06;50;3.23;1;1
125;32306.94;50;3.23;1;1
126;32258.06;50;3.23;1;1
127;32258.06;50;3.23;1;1
128;32258.06;50;3.23;1;1
129;32306.94;50;3.23;1;1
130;32306.94;50;3.23;1;1
131;32306.94;50;3.23;1;1
132;32258.06;50;3.23;1;1
133;32306.94;50;3.23;1;1
134;32258.06;50;3.23;1;1
135;32258.06;50;3.23;1;1
136;32258.06;50;3.23;1;1
137;32258.06;50;3.23;1;1
138;32258.06;50;3.23;1;1
139;32258.06;50;3.23;1;1
140;32258.06;50;3.23;1;1
141;32258.06;50;3.23;1;1
142;32306.94;50;3.23;1;1
143;32306.94;50;3.23;1;1
144;32258.06;50;3.23;1;1
145;32258.06;50;3.23;1;1
146;32258.06;50;3.23;1;1
147;32306.94;50;3.23;1;1
148;32258.06;50;3.23;1;1
149;32258.06;50;3.23;1;1
150;32258.06;50;3.23;1;1
151;32258.06;50;3.23;1;1
152;32258.06;50;3.23;1;1
153;32258.06;50;3.23;1;1
154;32258.06;50;3.23;1;1
155;32306.94;50;3.23;1;1
156;32258.06;50;3.23;1;1
157;32258.06;50;3.23;1;1
158;32258.06;50;3.23;1;1
159;32258.06;50;3.23;1;1
160;32258.06;50;3.23;1;1
161;32306.94;50;3.23;1;1
162;32258.06;50;3.23;1;1
163;32306.94;50;3.23;1;1
164;32258.06;50;3.23;1;1
165;32258.06;50;3.23;1;1
166;32258.06;50;3.23;1;1
167;32258.06;50;3.23;1;1
168;32258.06;50;3.23;1;1
169;32306.94;50;3.23;1;1
170;32258.06;50;3.23;1;1
171;32258.06;50;3.23;1;1
172;32258.06;50;3.23;1;1
173;32306.94;50;3.23;1;1
174;32306.94;50;3.23;1;1
175;32306.94;50;3.23;1;1
176;32306.94;50;3.23;1;1
177;32258.06;50;3.23;1;1
178;32258.06;50;3.23;1;1
179;32258.06;50;3.23;1;1
180;32306.94;50;3.23;1;1
181;32306.94;50;3.23;1;1
182;32306.94;50;3.23;1;1
183;32306.94;50;3.23;1;1
184;32306.94;50;3.23;1;1
185;32306.94;50;3.23;1;1
186;32306.94;50;3.23;1;1
187;32306.94;50;3.23;1;1
188;32306.94;50;3.23;1;1
189;32306.94;50;3.23;1;1
190;32306.94;50;3.23;1;1
191;32306.94;50;3.23;1;1
192;32306.94;50;3.23;1;1
193;32306.94;50;3.23;1;1
194;32306.94;50;3.23;1;1
195;32306.94;50;3.23;1;1
196;32306.94;50;3.23;1;1
197;32306.94;50;3.23;1;1
198;32306.94;50;3.23;1;1
199;32306.94;50;3.23;1;1
200;32306.94;50;3.23;1;1
201;32306.94;50;3.23;1;1
202;32306.94;50;3.23;1;1
203;32306.94;50;3.23;1;1
204;32306.94;50;3.23;1;1
205;32502.44;50;3.23;1;1
206;32551.32;50;3.25;1;1
207;32551.32;50;3.26;1;1
208;32551.32;50;3.26;1;1
209;32258.06;50;3.26;1;1
210;32306.94;50;3.23;1;1
211;32258.06;50;3.23;1;1
212;32551.32;50;3.23;1;1
213;32551.32;50;3.26;1;1
214;32551.32;50;3.26;1;1
215;32551.32;50;3.26;1;1
216;32258.06;50;3.26;1;1
217;32258.06;50;3.23;1;1
218;32258.06;50;3.23;1;1
219;32258.06;50;3.23;1;1
220;32258.06;50;3.23;1;1
221;32258.06;50;3.23;1;1
222;32258.06;50;3.23;1;1
223;32258.06;50;3.23;1;1
224;32258.06;50;3.23;1;1
225;32258.06;50;3.23;1;1
226;32258.06;50;3.23;1;1
227;32258.06;50;3.23;1;1
228;32258.06;50;3.23;1;1
229;32258.06;50;3.23;1;1
230;32258.06;50;3.23;1;1
231;32258.06;50;3.23;1;1
232;32258.06;50;3.23;1;1
233;32258.06;50;3.23;1;1
234;32209.19;50;3.23;1;1
235;32209.19;50;3.22;1;1
236;32258.06;50;3.22;1;1
237;32258.06;50;3.23;1;1
238;32258.06;50;3.23;1;1
239;32209.19;50;3.23;1;1
240;32209.19;50;3.22;1;1
241;32209.19;50;3.22;1;1
242;32209.19;50;3.22;1;1
243;32209.19;50;3.22;1;1
244;32209.19;50;3.22;1;1
245;32209.19;50;3.22;1;1
246;32209.19;50;3.22;1;1
247;32209.19;50;3.22;1;1
248;32209.19;50;3.22;1;1
249;32209.19;50;3.22;1;1
250;32209.19;50;3.22;1;1
251;32209.19;50;3.22;1;1
252;32209.19;50;3.22;1;1
253;32209.19;50;3.22;1;1
254;32209.19;50;3.22;1;1
255;32209.19;50;3.22;1;1
256;32209.19;50;3.22;1;1
257;32209.19;50;3.22;1;1
258;32209.19;50;3.22;1;1
259;32209.19;50;3.22;1;1
260;32209.19;50;3.22;1;1
261;32209.19;50;3.22;1;1
262;32209.19;50;3.22;1;1
263;32209.19;50;3.22;1;1
264;32209.19;50;3.22;1;1
265;32209.19;50;3.22;1;1
266;32209.19;50;3.22;1;1
267;32209.19;50;3.22;1;1
268;32209.19;50;3.22;1;1
269;32209.19;50;3.22;1;1
270;32209.19;50;3.22;1;1
271;32209.19;50;3.22;1;1
272;32209.19;50;3.22;1;1
273;32209.19;50;3.22;1;1
274;32209.19;50;3.22;1;1
275;32209.19;50;3.22;1;1
276;32209.19;50;3.22;1;1
277;32209.19;50;3.22;1;1
278;32209.19;50;3.22;1;1
279;32209.19;50;3.22;1;1
280;32209.19;50;3.22;1;1
281;32209.19;50;3.22;1;1
282;32209.19;50;3.22;1;1
283;32209.19;50;3.22;1;1
284;32209.19;50;3.22;1;1
285;32209.19;50;3.22;1;1
286;32209.19;50;3.22;1;1
287;32209.19;50;3.22;1;1
288;32209.19;50;3.22;1;1
289;32209.19;50;3.22;1;1
290;32209.19;50;3.22;1;1
291;32209.19;50;3.22;1;1
292;32209.19;50;3.22;1;1
293;32209.19;50;3.22;1;1
294;32209.19;50;3.22;1;1
295;32209.19;50;3.22;1;1
296;32209.19;50;3.22;1;1
297;32209.19;50;3.22;1;1
298;32209.19;50;3.22;1;1
299;32209.19;50;3.22;1;1
300;32209.19;50;3.22;1;1
301;32209.19;50;3.22;1;1
302;32209.19;50;3.22;1;1
303;32209.19;50;3.22;1;1
304;32209.19;50;3.22;1;1
305;32209.19;50;3.22;1;1
306;32209.19;50;3.22;1;1
307;32209.19;50;3.22;1;1
308;32209.19;50;3.22;1;1
309;32209.19;50;3.22;1;1
310;32209.19;50;3.22;1;1
311;32209.19;50;3.22;1;1
312;32209.19;50;3.22;1;1
313;32209.19;50;3.22;1;1
314;32209.19;50;3.22;1;1
315;32209.19;50;3.22;1;1
316;32209.19;50;3.22;1;1
318;32209.19;50;3.22;1;1
319;32209.19;50;3.22;1;1
319;32209.19;50;3.22;1;1
320;32209.19;50;3.22;1;1
322;32209.19;50;3.22;1;1
322;32209.19;50;3.22;1;1
323;32209.19;50;3.22;1;1
324;32209.19;50;3.22;1;1
325;32209.19;50;3.22;1;1
326;32209.19;50;3.22;1;1
327;32258.06;50;3.22;1;1
328;32209.19;50;3.23;1;1
329;32209.19;50;3.22;1;1
330;32209.19;50;3.22;1;1
331;32209.19;50;3.22;1;1
332;32209.19;50;3.22;1;1
333;32209.19;50;3.22;1;1
334;32209.19;50;3.22;1;1
335;32209.19;50;3.22;1;1
336;32209.19;50;3.22;1;1
337;32209.19;50;3.22;1;1
338;32209.19;50;3.22;1;1
339;32209.19;50;3.22;1;1
340;32209.19;50;3.22;1;1
341;32258.06;50;3.22;1;1
342;32209.19;50;3.23;1;1
343;32209.19;50;3.22;1;1
344;32209.19;50;3.22;1;1
345;32209.19;50;3.22;1;1
346;32209.19;50;3.22;1;1
347;32209.19;50;3.22;1;1
348;32209.19;50;3.22;1;1
349;32209.19;50;3.22;1;1
350;32209.19;50;3.22;1;1
351;32209.19;50;3.22;1;1
352;32209.19;50;3.22;1;1
353;32209.19;50;3.22;1;1
354;32209.19;50;3.22;1;1
355;32258.06;50;3.22;1;1
356;32258.06;50;3.23;1;1
357;32258.06;50;3.23;1;1
358;32258.06;50;3.23;1;1
359;32258.06;50;3.23;1;1
360;32258.06;50;3.23;1;1
361;32258.06;50;3.23;1;1
362;32258.06;50;3.23;1;1
363;32258.06;50;3.23;1;1
364;32258.06;50;3.23;1;1
365;32258.06;50;3.23;1;1
366;32258.06;50;3.23;1;1
367;32258.06;50;3.23;1;1
370;32258.06;50;3.23;1;1
372;32258.06;50;3.23;1;1
372;32258.06;50;3.23;1;1
372;32258.06;50;3.23;1;1
373;32258.06;50;3.23;1;1
373;32258.06;50;3.23;1;1
374;32258.06;50;3.23;1;1
375;32258.06;50;3.23;1;1
376;32258.06;50;3.23;1;1
377;32258.06;50;3.23;1;1
378;32258.06;50;3.23;1;1
379;32258.06;50;3.23;1;1
380;32258.06;50;3.23;1;1
381;32258.06;50;3.23;1;1
382;32258.06;50;3.23;1;1
383;32258.06;50;3.23;1;1
384;32258.06;50;3.23;1;1
385;32258.06;50;3.23;1;1
386;32258.06;50;3.23;1;1
387;32258.06;50;3.23;1;1
388;32258.06;50;3.23;1;1
389;32258.06;50;3.23;1;1
390;32258.06;50;3.23;1;1
391;32258.06;50;3.23;1;1
392;32258.06;50;3.23;1;1
393;32258.06;50;3.23;1;1
394;32258.06;50;3.23;1;1
395;32258.06;50;3.23;1;1
396;32258.06;50;3.23;1;1
397;32258.06;50;3.23;1;1
398;32258.06;50;3.23;1;1
399;32258.06;50;3.23;1;1
400;32258.06;50;3.23;1;1
401;32258.06;50;3.23;1;1
402;32258.06;50;3.23;1;1
403;32258.06;50;3.23;1;1
404;32258.06;50;3.23;1;1
405;32258.06;50;3.23;1;1
406;32258.06;50;3.23;1;1
407;32258.06;50;3.23;1;1
408;32258.06;50;3.23;1;1
409;32258.06;50;3.23;1;1
410;32258.06;50;3.23;1;1
411;32258.06;50;3.23;1;1
412;32258.06;50;3.23;1;1
413;32258.06;50;3.23;1;1
414;32209.19;50;3.23;1;1
415;32258.06;50;3.22;1;1
416;32258.06;50;3.23;1;1
417;32258.06;50;3.23;1;1
418;32258.06;50;3.23;1;1
419;32258.06;50;3.23;1;1
420;32209.19;50;3.23;1;1
421;32209.19;50;3.22;1;1
422;32209.19;50;3.22;1;1
423;32258.06;50;3.22;1;1
424;32209.19;50;3.23;1;1
425;32209.19;50;3.22;1;1
426;32209.19;50;3.22;1;1
427;32209.19;50;3.22;1;1
428;32209.19;50;3.22;1;1
429;32209.19;50;3.22;1;1
430;32209.19;50;3.22;1;1
431;32209.19;50;3.22;1;1
432;32209.19;50;3.22;1;1
433;32209.19;50;3.22;1;1
434;32209.19;50;3.22;1;1
435;32209.19;50;3.22;1;1
436;32209.19;50;3.22;1;1
437;32209.19;50;3.22;1;1
438;32209.19;50;3.22;1;1
439;32258.06;50;3.22;1;1
440;32209.19;50;3.23;1;1
441;32209.19;50;3.22;1;1
442;32258.06;50;3.22;1;1
443;32258.06;50;3.23;1;1
444;32258.06;50;3.23;1;1
445;32258.06;50;3.23;1;1
446;32209.19;50;3.23;1;1
447;32209.19;50;3.22;1;1
448;32258.06;50;3.22;1;1
449;32258.06;50;3.23;1;1
450;32209.19;50;3.23;1;1
451;32209.19;50;3.22;1;1
452;32209.19;50;3.22;1;1
453;32209.19;50;3.22;1;1
454;32209.19;50;3.22;1;1
455;32209.19;50;3.22;1;1
456;32258.06;50;3.22;1;1
457;32209.19;50;3.23;1;1
458;32258.06;50;3.22;1;1
459;32209.19;50;3.23;1;1
460;32209.19;50;3.22;1;1
461;32209.19;50;3.22;1;1
462;32258.06;50;3.22;1;1
463;32551.32;50;3.23;1;1
464;32551.32;50;3.26;1;1
465;32551.32;50;3.26;1;1
466;32551.32;50;3.26;1;1
467;32551.32;50;3.26;1;1
468;32551.32;50;3.26;1;1
469;32551.32;50;3.26;1;1
470;32551.32;50;3.26;1;1
471;32551.32;50;3.26;1;1
472;32551.32;50;3.26;1;1
473;32551.32;50;3.26;1;1
474;32306.94;50;3.26;1;1
475;32306.94;50;3.23;1;1
476;32306.94;50;3.23;1;1
477;32306.94;50;3.23;1;1
478;32306.94;50;3.23;1;1
479;32306.94;50;3.23;1;1
480;32306.94;50;3.23;1;1
481;32306.94;50;3.23;1;1
482;32306.94;50;3.23;1;1
483;32306.94;50;3.23;1;1
484;32306.94;50;3.23;1;1
485;32306.94;50;3.23;1;1
486;32306.94;50;3.23;1;1
487;32306.94;50;3.23;1;1
488;32306.94;50;3.23;1;1
489;32306.94;50;3.23;1;1
490;32306.94;50;3.23;1;1
491;32306.94;50;3.23;1;1
492;32306.94;50;3.23;1;1
493;32306.94;50;3.23;1;1
494;32306.94;50;3.23;1;1
495;32306.94;50;3.23;1;1
496;32306.94;50;3.23;1;1
497;32306.94;50;3.23;1;1
498;32306.94;50;3.23;1;1
499;32306.94;50;3.23;1;1
500;32306.94;50;3.23;1;1
501;32306.94;50;3.23;1;1
502;32306.94;50;3.23;1;1
503;32306.94;50;3.23;1;1
504;32306.94;50;3.23;1;1
505;32306.94;50;3.23;1;1
506;32306.94;50;3.23;1;1
507;32306.94;50;3.23;1;1
508;32306.94;50;3.23;1;1
509;32306.94;50;3.23;1;1
510;32306.94;50;3.23;1;1
511;32306.94;50;3.23;1;1
512;32306.94;50;3.23;1;1
513;32306.94;50;3.23;1;1
514;32306.94;50;3.23;1;1
515;32306.94;50;3.23;1;1
516;32306.94;50;3.23;1;1
517;32306.94;50;3.23;1;1
518;32306.94;50;3.23;1;1
519;32306.94;50;3.23;1;1
520;32306.94;50;3.23;1;1
521;32306.94;50;3.23;1;1
522;32306.94;50;3.23;1;1
523;32306.94;50;3.23;1;1
524;32306.94;50;3.23;1;1
525;32306.94;50;3.23;1;1
526;32306.94;50;3.23;1;1
527;32306.94;50;3.23;1;1
528;32306.94;50;3.23;1;1
529;32258.06;50;3.23;1;1
530;32600.20;50;3.23;1;1
531;32600.20;50;3.26;1;1
532;32600.20;50;3.26;1;1
533;32600.20;50;3.26;1;1
534;32600.20;50;3.26;1;1
535;32600.20;50;3.26;1;1
536;32600.20;50;3.26;1;1
537;32600.20;50;3.26;1;1
538;32600.20;50;3.26;1;1
539;32600.20;50;3.26;1;1
540;32600.20;50;3.26;1;1
541;32600.20;50;3.26;1;1
542;32600.20;50;3.26;1;1
543;32600.20;50;3.26;1;1
544;32600.20;50;3.26;1;1
545;32600.20;50;3.26;1;1
546;32600.20;50;3.26;1;1
547;32600.20;50;3.26;1;1
548;32600.20;50;3.26;1;1
549;32600.20;50;3.26;1;1
550;32551.32;50;3.26;1;1
551;32551.32;50;3.26;1;1
552;32551.32;50;3.26;1;1
553;32502.44;50;3.26;1;1
554;32600.20;50;3.25;1;1
555;32600.20;50;3.26;1;1
556;32649.07;50;3.26;1;1
557;32649.07;50;3.26;1;1
558;32649.07;50;3.26;1;1
559;32649.07;50;3.26;1;1
560;32649.07;50;3.26;1;1
561;32649.07;50;3.26;1;1
562;32649.07;50;3.26;1;1
563;32649.07;50;3.26;1;1
564;32649.07;50;3.26;1;1
565;32649.07;50;3.26;1;1
566;32600.20;50;3.26;1;1
567;32600.20;50;3.26;1;1
568;32551.32;50;3.26;1;1
569;32551.32;50;3.26;1;1
570;32551.32;50;3.26;1;1
571;32600.20;50;3.26;1;1
572;32551.32;50;3.26;1;1
573;32551.32;50;3.26;1;1
574;32502.44;50;3.26;1;1
575;32502.44;50;3.25;1;1
576;32502.44;50;3.25;1;1
577;32453.57;50;3.25;1;1
578;32404.69;50;3.25;1;1
579;32404.69;50;3.24;1;1
580;32404.69;50;3.24;1;1
581;32404.69;50;3.24;1;1
582;32355.82;50;3.24;1;1
583;32355.82;50;3.24;1;1
584;32404.69;50;3.24;1;1
585;32404.69;50;3.24;1;1
586;32355.82;50;3.24;1;1
587;32404.69;50;3.24;1;1
588;32453.57;50;3.24;1;1
589;32404.69;50;3.25;1;1
590;32404.69;50;3.24;1;1
591;32404.69;50;3.24;1;1
592;32453.57;50;3.24;1;1
593;32453.57;50;3.25;1;1
594;32453.57;50;3.25;1;1
595;32453.57;50;3.25;1;1
596;32453.57;50;3.25;1;1
597;32453.57;50;3.25;1;1
598;32453.57;50;3.25;1;1
599;32453.57;50;3.25;1;1
600;32453.57;50;3.25;1;1
601;32453.57;50;3.25;1;1
602;32453.57;50;3.25;1;1
603;32453.57;50;3.25;1;1
604;32453.57;50;3.25;1;1
605;32453.57;50;3.25;1;1
606;32453.57;50;3.25;1;1
607;32453.57;50;3.25;1;1
608;32453.57;50;3.25;1;1
609;32453.57;50;3.25;1;1
610;32453.57;50;3.25;1;1
611;32453.57;50;3.25;1;1
612;32453.57;50;3.25;1;1
613;32453.57;50;3.25;1;1
614;32355.82;50;3.25;1;1
615;32355.82;50;3.24;1;1
616;32404.69;50;3.24;1;1
617;32404.69;50;3.24;1;1
618;32404.69;50;3.24;1;1
619;32404.69;50;3.24;1;1
620;32453.57;50;3.24;1;1
621;32453.57;50;3.25;1;1
622;32453.57;50;3.25;1;1
623;32453.57;50;3.25;1;1
624;32453.57;50;3.25;1;1
625;32404.69;50;3.25;1;1
626;32453.57;50;3.24;1;1
627;32453.57;50;3.25;1;1
628;32453.57;50;3.25;1;1
629;32502.44;50;3.25;1;1
630;32551.32;50;3.25;1;1
631;32600.20;50;3.26;1;1
632;32600.20;50;3.26;1;1
633;32600.20;50;3.26;1;1
634;32600.20;50;3.26;1;1
635;32600.20;50;3.26;1;1
636;32649.07;50;3.26;1;1
637;32649.07;50;3.26;1;1
638;32649.07;50;3.26;1;1
639;32649.07;50;3.26;1;1
640;32649.07;50;3.26;1;1
641;32649.07;50;3.26;1;1
642;32649.07;50;3.26;1;1
643;32649.07;50;3.26;1;1
644;32649.07;50;3.26;1;1
645;32649.07;50;3.26;1;1
646;32649.07;50;3.26;1;1
647;32649.07;50;3.26;1;1
648;32649.07;50;3.26;1;1
649;32649.07;50;3.26;1;1
650;32649.07;50;3.26;1;1
651;32649.07;50;3.26;1;1
652;32649.07;50;3.26;1;1
653;32649.07;50;3.26;1;1
654;32649.07;50;3.26;1;1
655;32649.07;50;3.26;1;1
656;32649.07;50;3.26;1;1
657;32649.07;50;3.26;1;1
658;32649.07;50;3.26;1;1
659;32697.95;50;3.26;1;1
660;32697.95;50;3.27;1;1
661;32697.95;50;3.27;1;1
662;32697.95;50;3.27;1;1
663;32697.95;50;3.27;1;1
664;32697.95;50;3.27;1;1
665;32697.95;50;3.27;1;1
666;32697.95;50;3.27;1;1
667;32697.95;50;3.27;1;1
668;32697.95;50;3.27;1;1
669;32697.95;50;3.27;1;1
670;32697.95;50;3.27;1;1
671;32697.95;50;3.27;1;1
672;32697.95;50;3.27;1;1
673;32697.95;50;3.27;1;1
674;32697.95;50;3.27;1;1
675;32697.95;50;3.27;1;1
676;32697.95;50;3.27;1;1
677;32697.95;50;3.27;1;1
678;32697.95;50;3.27;1;1
679;32697.95;50;3.27;1;1
680;32697.95;50;3.27;1;1
681;32697.95;50;3.27;1;1
682;32697.95;50;3.27;1;1
683;32697.95;50;3.27;1;1
684;32697.95;50;3.27;1;1
685;32697.95;50;3.27;1;1
686;32697.95;50;3.27;1;1
687;32697.95;50;3.27;1;1
688;32746.82;50;3.27;1;1
689;32697.95;50;3.27;1;1
690;32697.95;50;3.27;1;1
691;32697.95;50;3.27;1;1
692;32697.95;50;3.27;1;1
693;32697.95;50;3.27;1;1
694;32697.95;50;3.27;1;1
695;32697.95;50;3.27;1;1
696;32697.95;50;3.27;1;1
697;32697.95;50;3.27;1;1
698;32697.95;50;3.27;1;1
699;32649.07;50;3.27;1;1
700;32649.07;50;3.26;1;1
701;32649.07;50;3.26;1;1
702;32649.07;50;3.26;1;1
703;32649.07;50;3.26;1;1
704;32600.20;50;3.26;1;1
705;32600.20;50;3.26;1;1
706;32502.44;50;3.26;1;1
707;32404.69;50;3.25;1;1
708;32013.69;50;3.24;1;1
709;32013.69;50;3.20;1;1
710;32013.69;50;3.20;1;1
711;32013.69;50;3.20;1;1
712;32062.56;50;3.20;1;1
713;32062.56;50;3.21;1;1
714;32062.56;50;3.21;1;1
715;32062.56;50;3.21;1;1
716;32062.56;50;3.21;1;1
717;32062.56;50;3.21;1;1
718;32062.56;50;3.21;1;1
719;32062.56;50;3.21;1;1
720;32062.56;50;3.21;1;1
721;32062.56;50;3.21;1;1
722;32062.56;50;3.21;1;1
723;32062.56;50;3.21;1;1
724;32062.56;50;3.21;1;1
725;32062.56;50;3.21;1;1
726;32062.56;50;3.21;1;1
727;32062.56;50;3.21;1;1
728;32062.56;50;3.21;1;1
729;32062.56;50;3.21;1;1
730;32062.56;50;3.21;1;1
731;32062.56;50;3.21;1;1
732;32062.56;50;3.21;1;1
733;32062.56;50;3.21;1;1
734;32062.56;50;3.21;1;1
735;32062.56;50;3.21;1;1
736;32062.56;50;3.21;1;1
737;32062.56;50;3.21;1;1
738;32062.56;50;3.21;1;1
739;32062.56;50;3.21;1;1
740;32062.56;50;3.21;1;1
741;32062.56;50;3.21;1;1
742;32013.69;50;3.21;1;1
743;32062.56;50;3.20;1;1
744;32306.94;50;3.21;1;1
745;32355.82;50;3.23;1;1
746;32306.94;50;3.24;1;1
747;32209.19;50;3.23;1;1
748;32355.82;50;3.22;1;1
749;32355.82;50;3.24;1;1
750;32306.94;50;3.24;1;1
751;32306.94;50;3.23;1;1
752;32306.94;50;3.23;1;1
753;32306.94;50;3.23;1;1
754;32258.06;50;3.23;1;1
755;32258.06;50;3.23;1;1
756;32209.19;50;3.23;1;1
757;32306.94;50;3.22;1;1
758;32306.94;50;3.23;1;1
759;32306.94;50;3.23;1;1
760;32306.94;50;3.23;1;1
761;32209.19;50;3.23;1;1
762;32258.06;50;3.22;1;1
763;32258.06;50;3.23;1;1
764;32258.06;50;3.23;1;1
765;32306.94;50;3.23;1;1
766;32306.94;50;3.23;1;1
767;32258.06;50;3.23;1;1
768;32306.94;50;3.23;1;1
769;32404.69;50;3.23;1;1
770;32453.57;50;3.24;1;1
771;32306.94;50;3.25;1;1
772;32306.94;50;3.23;1;1
773;32306.94;50;3.23;1;1
774;32258.06;50;3.23;1;1
775;32306.94;50;3.23;1;1
776;32306.94;50;3.23;1;1
777;32306.94;50;3.23;1;1
778;32306.94;50;3.23;1;1
779;32306.94;50;3.23;1;1
780;32306.94;50;3.23;1;1
781;32306.94;50;3.23;1;1
782;32306.94;50;3.23;1;1
783;32306.94;50;3.23;1;1
784;32306.94;50;3.23;1;1
785;32258.06;50;3.23;1;1
786;32306.94;50;3.23;1;1
787;32306.94;50;3.23;1;1
788;32355.82;50;3.23;1;1
789;32355.82;50;3.24;1;1
790;32355.82;50;3.24;1;1
791;32355.82;50;3.24;1;1
792;32306.94;50;3.24;1;1
793;32306.94;50;3.23;1;1
794;32306.94;50;3.23;1;1
795;32306.94;50;3.23;1;1
796;32258.06;50;3.23;1;1
797;32258.06;50;3.23;1;1
798;32306.94;50;3.23;1;1
799;32306.94;50;3.23;1;1
800;32355.82;50;3.23;1;1
801;32355.82;50;3.24;1;1
802;32306.94;50;3.24;1;1
803;32306.94;50;3.23;1;1
804;32306.94;50;3.23;1;1
805;32306.94;50;3.23;1;1
806;32258.06;50;3.23;1;1
807;32306.94;50;3.23;1;1
808;32306.94;50;3.23;1;1
809;32258.06;50;3.23;1;1
810;32306.94;50;3.23;1;1
811;32306.94;50;3.23;1;1
812;32355.82;50;3.23;1;1
813;32355.82;50;3.24;1;1
814;32355.82;50;3.24;1;1
815;32306.94;50;3.24;1;1
816;31964.81;50;3.23;1;1
817;32111.44;50;3.20;1;1
818;32160.31;50;3.21;1;1
819;32160.31;50;3.22;1;1
820;32209.19;50;3.22;1;1
821;32209.19;50;3.22;1;1
822;32209.19;50;3.22;1;1
823;32258.06;50;3.22;1;1
824;32209.19;50;3.23;1;1
825;32258.06;50;3.22;1;1
826;32258.06;50;3.23;1;1
827;32258.06;50;3.23;1;1
828;32258.06;50;3.23;1;1
829;32355.82;50;3.23;1;1
830;32355.82;50;3.24;1;1
831;32355.82;50;3.24;1;1
832;32355.82;50;3.24;1;1
833;32355.82;50;3.24;1;1
834;32355.82;50;3.24;1;1
835;32355.82;50;3.24;1;1
836;32306.94;50;3.24;1;1
837;32355.82;50;3.23;1;1
838;32355.82;50;3.24;1;1
839;32355.82;50;3.24;1;1
840;32355.82;50;3.24;1;1
841;32404.69;50;3.24;1;1
842;32404.69;50;3.24;1;1
843;32404.69;50;3.24;1;1
844;32404.69;50;3.24;1;1
845;32306.94;50;3.24;1;1
846;32404.69;50;3.23;1;1
847;32404.69;50;3.24;1;1
848;32306.94;50;3.24;1;1
849;32355.82;50;3.23;1;1
850;32355.82;50;3.24;1;1
851;32355.82;50;3.24;1;1
852;32306.94;50;3.24;1;1
853;32306.94;50;3.23;1;1
854;32306.94;50;3.23;1;1
855;32306.94;50;3.23;1;1
856;32306.94;50;3.23;1;1
857;32306.94;50;3.23;1;1
858;32306.94;50;3.23;1;1
859;32306.94;50;3.23;1;1
860;32258.06;50;3.23;1;1
861;32209.19;50;3.23;1;1
862;32209.19;50;3.22;1;1
863;32209.19;50;3.22;1;1
864;32209.19;50;3.22;1;1
865;32209.19;50;3.22;1;1
866;32258.06;50;3.22;1;1
867;32306.94;50;3.23;1;1
868;32258.06;50;3.23;1;1
869;32258.06;50;3.23;1;1
870;32258.06;50;3.23;1;1
871;32258.06;50;3.23;1;1
872;32258.06;50;3.23;1;1
873;32258.06;50;3.23;1;1
874;32209.19;50;3.23;1;1
875;32160.31;50;3.22;1;1
876;32160.31;50;3.22;1;1
877;32160.31;50;3.22;1;1
878;32258.06;50;3.22;1;1
879;32209.19;50;3.23;1;1
880;32209.19;50;3.22;1;1
881;32258.06;50;3.22;1;1
882;32258.06;50;3.23;1;1
883;32258.06;50;3.23;1;1
884;32258.06;50;3.23;1;1
885;32306.94;50;3.23;1;1
886;32258.06;50;3.23;1;1
887;32258.06;50;3.23;1;1
888;32258.06;50;3.23;1;1
889;32258.06;50;3.23;1;1
890;32306.94;50;3.23;1;1
891;32306.94;50;3.23;1;1
892;32306.94;50;3.23;1;1
893;32306.94;50;3.23;1;1
894;32306.94;50;3.23;1;1
895;32306.94;50;3.23;1;1
896;32306.94;50;3.23;1;1
897;32258.06;50;3.23;1;1
898;32306.94;50;3.23;1;1
899;32306.94;50;3.23;1;1
900;32306.94;50;3.23;1;1
901;32306.94;50;3.23;1;1
902;32306.94;50;3.23;1;1
903;32306.94;50;3.23;1;1
904;32306.94;50;3.23;1;1
905;32306.94;50;3.23;1;1
906;32306.94;50;3.23;1;1
907;32258.06;50;3.23;1;1
908;32013.69;50;3.23;1;1
909;32013.69;50;3.20;1;1
910;32013.69;50;3.20;1;1
911;32013.69;50;3.20;1;1
912;32013.69;50;3.20;1;1
913;32013.69;50;3.20;1;1
914;32013.69;50;3.20;1;1
915;32013.69;50;3.20;1;1
916;32013.69;50;3.20;1;1
917;32013.69;50;3.20;1;1
918;32013.69;50;3.20;1;1
919;32013.69;50;3.20;1;1
920;32013.69;50;3.20;1;1
921;32013.69;50;3.20;1;1
922;32013.69;50;3.20;1;1
923;32013.69;50;3.20;1;1
924;32013.69;50;3.20;1;1
925;32013.69;50;3.20;1;1
926;32013.69;50;3.20;1;1
927;32013.69;50;3.20;1;1
928;32013.69;50;3.20;1;1
929;32013.69;50;3.20;1;1
930;32013.69;50;3.20;1;1
931;32013.69;50;3.20;1;1
932;32013.69;50;3.20;1;1
933;32013.69;50;3.20;1;1
934;32013.69;50;3.20;1;1
935;32013.69;50;3.20;1;1
936;32013.69;50;3.20;1;1
937;32013.69;50;3.20;1;1
938;32013.69;50;3.20;1;1
939;32013.69;50;3.20;1;1
940;32013.69;50;3.20;1;1
941;32013.69;50;3.20;1;1
942;32013.69;50;3.20;1;1
943;32013.69;50;3.20;1;1
944;31964.81;50;3.20;1;1
945;31964.81;50;3.20;1;1
946;31964.81;50;3.20;1;1
947;31964.81;50;3.20;1;1
948;31964.81;50;3.20;1;1
949;31964.81;50;3.20;1;1
950;31964.81;50;3.20;1;1
951;31964.81;50;3.20;1;1
952;31964.81;50;3.20;1;1
953;31964.81;50;3.20;1;1
954;31915.93;50;3.20;1;1
955;32355.82;50;3.19;1;1
956;32306.94;50;3.24;1;1
957;32258.06;50;3.23;1;1
958;32013.69;50;3.23;1;1
959;32258.06;50;3.20;1;1
960;32355.82;50;3.23;1;1
961;32355.82;50;3.24;1;1
962;32355.82;50;3.24;1;1
963;32355.82;50;3.24;1;1
964;32355.82;50;3.24;1;1
965;32306.94;50;3.24;1;1
966;32306.94;50;3.23;1;1
967;32306.94;50;3.23;1;1
968;32355.82;50;3.23;1;1
969;32355.82;50;3.24;1;1
970;32355.82;50;3.24;1;1
971;32355.82;50;3.24;1;1
972;32355.82;50;3.24;1;1
973;32355.82;50;3.24;1;1
974;32355.82;50;3.24;1;1
975;32355.82;50;3.24;1;1
976;32306.94;50;3.24;1;1
977;32355.82;50;3.23;1;1
978;32355.82;50;3.24;1;1
979;32355.82;50;3.24;1;1
980;32355.82;50;3.24;1;1
981;32355.82;50;3.24;1;1
982;32355.82;50;3.24;1;1
983;32355.82;50;3.24;1;1
984;32355.82;50;3.24;1;1
985;32306.94;50;3.24;1;1
986;31964.81;50;3.23;1;1
987;31964.81;50;3.20;1;1
988;31964.81;50;3.20;1;1
989;31964.81;50;3.20;1;1
990;31915.93;50;3.20;1;1
991;31964.81;50;3.19;1;1
992;31915.93;50;3.20;1;1
993;31915.93;50;3.19;1;1
994;31964.81;50;3.19;1;1
995;31915.93;50;3.20;1;1
996;31915.93;50;3.19;1;1
997;31915.93;50;3.19;1;1
998;31915.93;50;3.19;1;1
999;31915.93;50;3.19;1;1
1000;31964.81;50;3.19;1;1
1001;31915.93;50;3.20;1;1
1002;31915.93;50;3.19;1;1
1003;31915.93;50;3.19;1;1
1004;31915.93;50;3.19;1;1
1005;31915.93;50;3.19;1;1
1006;31915.93;50;3.19;1;1
1007;31915.93;50;3.19;1;1
1008;31915.93;50;3.19;1;1
1009;31915.93;50;3.19;1;1
1010;31915.93;50;3.19;1;1
1011;31915.93;50;3.19;1;1
1012;31915.93;50;3.19;1;1
1013;31915.93;50;3.19;1;1
1014;31915.93;50;3.19;1;1
1015;31915.93;50;3.19;1;1
1016;31915.93;50;3.19;1;1
1017;31915.93;50;3.19;1;1
1018;31915.93;50;3.19;1;1
1019;31915.93;50;3.19;1;1
1020;31915.93;50;3.19;1;1
1021;31915.93;50;3.19;1;1
1022;31915.93;50;3.19;1;1
1023;31915.93;50;3.19;1;1
1024;31915.93;50;3.19;1;1
1025;31915.93;50;3.19;1;1
1026;31915.93;50;3.19;1;1
1027;31915.93;50;3.19;1;1
1028;31915.93;50;3.19;1;1
1029;31915.93;50;3.19;1;1
1030;31915.93;50;3.19;1;1
1031;31915.93;50;3.19;1;1
1032;31915.93;50;3.19;1;1
1033;31915.93;50;3.19;1;1
1034;31915.93;50;3.19;1;1
1035;31915.93;50;3.19;1;1
1036;31915.93;50;3.19;1;1
1037;31915.93;50;3.19;1;1
1038;31915.93;50;3.19;1;1
1039;31915.93;50;3.19;1;1
1040;31915.93;50;3.19;1;1
1041;31915.93;50;3.19;1;1
1042;31915.93;50;3.19;1;1
1043;31915.93;50;3.19;1;1
1044;31915.93;50;3.19;1;1
1045;31915.93;50;3.19;1;1
1046;31915.93;50;3.19;1;1
1047;31915.93;50;3.19;1;1
1048;31915.93;50;3.19;1;1
1049;31915.93;50;3.19;1;1
1050;31915.93;50;3.19;1;1
1051;31915.93;50;3.19;1;1
1052;31915.93;50;3.19;1;1
1053;31915.93;50;3.19;1;1
1054;31915.93;50;3.19;1;1
1055;31915.93;50;3.19;1;1
1056;31915.93;50;3.19;1;1
1057;31915.93;50;3.19;1;1
1058;31915.93;50;3.19;1;1
1059;31915.93;50;3.19;1;1
1060;31915.93;50;3.19;1;1
1061;31915.93;50;3.19;1;1
1062;31915.93;50;3.19;1;1
1063;31915.93;50;3.19;1;1
1064;31915.93;50;3.19;1;1
1065;31915.93;50;3.19;1;1
1066;31915.93;50;3.19;1;1
1067;31915.93;50;3.19;1;1
1068;31915.93;50;3.19;1;1
1069;31915.93;50;3.19;1;1
1070;31915.93;50;3.19;1;1
1071;31915.93;50;3.19;1;1
1072;31915.93;50;3.19;1;1
1073;31915.93;50;3.19;1;1
1074;31915.93;50;3.19;1;1
1075;31915.93;50;3.19;1;1
1076;31915.93;50;3.19;1;1
1077;31915.93;50;3.19;1;1
1078;31915.93;50;3.19;1;1
1079;31915.93;50;3.19;1;1
1080;31915.93;50;3.19;1;1
1081;31915.93;50;3.19;1;1
1082;31964.81;50;3.19;1;1
1083;31964.81;50;3.20;1;1
1084;31964.81;50;3.20;1;1
1085;31964.81;50;3.20;1;1
1086;31964.81;50;3.20;1;1
1087;31964.81;50;3.20;1;1
1088;31964.81;50;3.20;1;1
1089;31964.81;50;3.20;1;1
1090;31964.81;50;3.20;1;1
1091;31964.81;50;3.20;1;1
1092;31964.81;50;3.20;1;1
1093;31964.81;50;3.20;1;1
1094;31964.81;50;3.20;1;1
1095;31964.81;50;3.20;1;1
1096;31964.81;50;3.20;1;1
1097;31964.81;50;3.20;1;1
1098;31964.81;50;3.20;1;1
1099;31964.81;50;3.20;1;1
1100;31964.81;50;3.20;1;1
1101;31964.81;50;3.20;1;1
1102;31964.81;50;3.20;1;1
1103;31964.81;50;3.20;1;1
1104;31964.81;50;3.20;1;1
1105;31964.81;50;3.20;1;1
1106;31964.81;50;3.20;1;1
1107;31964.81;50;3.20;1;1
1108;31964.81;50;3.20;1;1
1109;31964.81;50;3.20;1;1
1110;31964.81;50;3.20;1;1
1111;31964.81;50;3.20;1;1
1112;31964.81;50;3.20;1;1
1113;31964.81;50;3.20;1;1
1114;31964.81;50;3.20;1;1
1115;31964.81;50;3.20;1;1
1116;31964.81;50;3.20;1;1
1117;31964.81;50;3.20;1;1
1118;31964.81;50;3.20;1;1
1119;31964.81;50;3.20;1;1
1120;31964.81;50;3.20;1;1
1121;31964.81;50;3.20;1;1
1122;31964.81;50;3.20;1;1
1123;31964.81;50;3.20;1;1
1124;31964.81;50;3.20;1;1
1125;31964.81;50;3.20;1;1
1126;31964.81;50;3.20;1;1
1127;31964.81;50;3.20;1;1
1128;31964.81;50;3.20;1;1
1129;31964.81;50;3.20;1;1
1130;31964.81;50;3.20;1;1
1131;31964.81;50;3.20;1;1
1132;31964.81;50;3.20;1;1
1133;31964.81;50;3.20;1;1
1134;31964.81;50;3.20;1;1
1135;31964.81;50;3.20;1;1
1136;31964.81;50;3.20;1;1
1137;31964.81;50;3.20;1;1
1138;31964.81;50;3.20;1;1
1139;31964.81;50;3.20;1;1
1140;31964.81;50;3.20;1;1
1141;31964.81;50;3.20;1;1
1142;31964.81;50;3.20;1;1
1143;31964.81;50;3.20;1;1
1144;31964.81;50;3.20;1;1
1145;31964.81;50;3.20;1;1
1146;31964.81;50;3.20;1;1
1147;31964.81;50;3.20;1;1
1148;31964.81;50;3.20;1;1
1149;31964.81;50;3.20;1;1
1150;31964.81;50;3.20;1;1
1151;31964.81;50;3.20;1;1
1152;31964.81;50;3.20;1;1
1153;31964.81;50;3.20;1;1
1154;31964.81;50;3.20;1;1
1155;31964.81;50;3.20;1;1
1156;31964.81;50;3.20;1;1
1157;31964.81;50;3.20;1;1
1158;31964.81;50;3.20;1;1
1159;31964.81;50;3.20;1;1
1160;31964.81;50;3.20;1;1
1161;31964.81;50;3.20;1;1
1162;31964.81;50;3.20;1;1
1163;31964.81;50;3.20;1;1
1164;31964.81;50;3.20;1;1
1165;31964.81;50;3.20;1;1
1166;31964.81;50;3.20;1;1
1167;31964.81;50;3.20;1;1
1168;31964.81;50;3.20;1;1
1169;31964.81;50;3.20;1;1
1170;31964.81;50;3.20;1;1
1171;31964.81;50;3.20;1;1
1172;31964.81;50;3.20;1;1
1173;31964.81;50;3.20;1;1
1174;31964.81;50;3.20;1;1
1175;31964.81;50;3.20;1;1
1176;31964.81;50;3.20;1;1
1177;31964.81;50;3.20;1;1
1178;31964.81;50;3.20;1;1
1179;31964.81;50;3.20;1;1
1180;31964.81;50;3.20;1;1
1181;31964.81;50;3.20;1;1
1182;31964.81;50;3.20;1;1
1183;31964.81;50;3.20;1;1
1184;31964.81;50;3.20;1;1
1185;31964.81;50;3.20;1;1
1186;31964.81;50;3.20;1;1
1187;31964.81;50;3.20;1;1
1188;31964.81;50;3.20;1;1
1189;31964.81;50;3.20;1;1
1190;31964.81;50;3.20;1;1
1191;31964.81;50;3.20;1;1
1192;31964.81;50;3.20;1;1
1193;31964.81;50;3.20;1;1
1194;31964.81;50;3.20;1;1
1195;31964.81;50;3.20;1;1
1196;31964.81;50;3.20;1;1
1197;31964.81;50;3.20;1;1
1198;31964.81;50;3.20;1;1
1199;31964.81;50;3.20;1;1
1200;31964.81;50;3.20;1;1
1201;31964.81;50;3.20;1;1
1202;31964.81;50;3.20;1;1
1203;31964.81;50;3.20;1;1
1204;31964.81;50;3.20;1;1
1205;31964.81;50;3.20;1;1
1206;31964.81;50;3.20;1;1
1207;31964.81;50;3.20;1;1
1208;31964.81;50;3.20;1;1
1209;31964.81;50;3.20;1;1
1210;31964.81;50;3.20;1;1
1211;31964.81;50;3.20;1;1
1212;31964.81;50;3.20;1;1
1213;31964.81;50;3.20;1;1
1214;31964.81;50;3.20;1;1
1215;31964.81;50;3.20;1;1
1216;31964.81;50;3.20;1;1
1217;31964.81;50;3.20;1;1
1218;31964.81;50;3.20;1;1
1219;31964.81;50;3.20;1;1
1220;31964.81;50;3.20;1;1
1221;31964.81;50;3.20;1;1
1222;31964.81;50;3.20;1;1
1223;31964.81;50;3.20;1;1
1224;31964.81;50;3.20;1;1
1225;31964.81;50;3.20;1;1
1226;31964.81;50;3.20;1;1
1227;31964.81;50;3.20;1;1
1228;31964.81;50;3.20;1;1
1229;31964.81;50;3.20;1;1
1230;31964.81;50;3.20;1;1
1231;31964.81;50;3.20;1;1
1232;31964.81;50;3.20;1;1
1233;31964.81;50;3.20;1;1
1234;31964.81;50;3.20;1;1
1235;31964.81;50;3.20;1;1
1236;31964.81;50;3.20;1;1
1237;31964.81;50;3.20;1;1
1238;31964.81;50;3.20;1;1
1239;31964.81;50;3.20;1;1
1240;31964.81;50;3.20;1;1
1241;31964.81;50;3.20;1;1
1242;31964.81;50;3.20;1;1
1243;31964.81;50;3.20;1;1
1244;31964.81;50;3.20;1;1
1245;31964.81;50;3.20;1;1
1246;31964.81;50;3.20;1;1
1247;31964.81;50;3.20;1;1
1248;31964.81;50;3.20;1;1
1249;31964.81;50;3.20;1;1
1250;31964.81;50;3.20;1;1
1251;31964.81;50;3.20;1;1
1252;31964.81;50;3.20;1;1
1253;31964.81;50;3.20;1;1
1254;31964.81;50;3.20;1;1
1255;31964.81;50;3.20;1;1
1256;31964.81;50;3.20;1;1
1257;31964.81;50;3.20;1;1
1258;31964.81;50;3.20;1;1
1259;31964.81;50;3.20;1;1
1260;31964.81;50;3.20;1;1
1261;31964.81;50;3.20;1;1
1262;31964.81;50;3.20;1;1
1263;31964.81;50;3.20;1;1
1264;31964.81;50;3.20;1;1
1265;31964.81;50;3.20;1;1
1266;31964.81;50;3.20;1;1
1267;31964.81;50;3.20;1;1
1268;31964.81;50;3.20;1;1
1269;31964.81;50;3.20;1;1
1270;31964.81;50;3.20;1;1
1271;31964.81;50;3.20;1;1
1272;31964.81;50;3.20;1;1
1273;31964.81;50;3.20;1;1
1274;31964.81;50;3.20;1;1
1275;31964.81;50;3.20;1;1
1276;31964.81;50;3.20;1;1
1277;32013.69;50;3.20;1;1
1278;31964.81;50;3.20;1;1
1279;31964.81;50;3.20;1;1
1280;31964.81;50;3.20;1;1
1281;31964.81;50;3.20;1;1
1282;31964.81;50;3.20;1;1
1283;31964.81;50;3.20;1;1
1284;31964.81;50;3.20;1;1
1285;31964.81;50;3.20;1;1
1286;31964.81;50;3.20;1;1
1287;31964.81;50;3.20;1;1
1288;31964.81;50;3.20;1;1
1289;31964.81;50;3.20;1;1
1290;31964.81;50;3.20;1;1
1291;31964.81;50;3.20;1;1
1292;31964.81;50;3.20;1;1
1293;31964.81;50;3.20;1;1
1294;31964.81;50;3.20;1;1
1295;31964.81;50;3.20;1;1
1296;31964.81;50;3.20;1;1
1297;31964.81;50;3.20;1;1
1298;31964.81;50;3.20;1;1
1299;31964.81;50;3.20;1;1
1300;31964.81;50;3.20;1;1
1301;31964.81;50;3.20;1;1
1302;31964.81;50;3.20;1;1
1303;31964.81;50;3.20;1;1
1304;31964.81;50;3.20;1;1
1305;31964.81;50;3.20;1;1
1306;31964.81;50;3.20;1;1
1307;31964.81;50;3.20;1;1
1308;31964.81;50;3.20;1;1
1309;31964.81;50;3.20;1;1
1310;31964.81;50;3.20;1;1
1311;31964.81;50;3.20;1;1
1312;31964.81;50;3.20;1;1
1313;31964.81;50;3.20;1;1
1314;31964.81;50;3.20;1;1
1315;31964.81;50;3.20;1;1
1316;31964.81;50;3.20;1;1
1317;31964.81;50;3.20;1;1
1318;31964.81;50;3.20;1;1
1319;31964.81;50;3.20;1;1
1320;31964.81;50;3.20;1;1
1321;31964.81;50;3.20;1;1
1322;31964.81;50;3.20;1;1
1323;31964.81;50;3.20;1;1
1324;31964.81;50;3.20;1;1
1325;31964.81;50;3.20;1;1
1326;31964.81;50;3.20;1;1
1327;31964.81;50;3.20;1;1
1328;31964.81;50;3.20;1;1
1329;31964.81;50;3.20;1;1
1330;31964.81;50;3.20;1;1
1331;31964.81;50;3.20;1;1
1332;31964.81;50;3.20;1;1
1333;31964.81;50;3.20;1;1
1334;32013.69;50;3.20;1;1
1335;32062.56;50;3.20;1;1
1336;32062.56;50;3.21;1;1
1337;32062.56;50;3.21;1;1
1338;32062.56;50;3.21;1;1
1339;32062.56;50;3.21;1;1
1340;32062.56;50;3.21;1;1
1341;32062.56;50;3.21;1;1
1342;32062.56;50;3.21;1;1
1343;32062.56;50;3.21;1;1
1344;32062.56;50;3.21;1;1
1345;32062.56;50;3.21;1;1
1346;32062.56;50;3.21;1;1
1347;32062.56;50;3.21;1;1
1348;32062.56;50;3.21;1;1
1349;32062.56;50;3.21;1;1
1350;32062.56;50;3.21;1;1
1351;32062.56;50;3.21;1;1
1352;32062.56;50;3.21;1;1
1353;32062.56;50;3.21;1;1
1354;32062.56;50;3.21;1;1
1355;32062.56;50;3.21;1;1
1356;32062.56;50;3.21;1;1
1357;32062.56;50;3.21;1;1
1358;32062.56;50;3.21;1;1
1359;32062.56;50;3.21;1;1
1360;32062.56;50;3.21;1;1
1361;32062.56;50;3.21;1;1
1362;32062.56;50;3.21;1;1
1363;32062.56;50;3.21;1;1
1364;32062.56;50;3.21;1;1
1365;32062.56;50;3.21;1;1
1366;32062.56;50;3.21;1;1
1367;32062.56;50;3.21;1;1
1368;32062.56;50;3.21;1;1
1369;32062.56;50;3.21;1;1
1370;32062.56;50;3.21;1;1
1371;32062.56;50;3.21;1;1
1372;32062.56;50;3.21;1;1
1373;32062.56;50;3.21;1;1
1374;32062.56;50;3.21;1;1
1375;32062.56;50;3.21;1;1
1376;32062.56;50;3.21;1;1
1377;32062.56;50;3.21;1;1
1378;32062.56;50;3.21;1;1
1379;32062.56;50;3.21;1;1
1380;32062.56;50;3.21;1;1
1381;32062.56;50;3.21;1;1
1382;32062.56;50;3.21;1;1
1383;32062.56;50;3.21;1;1
1384;32062.56;50;3.21;1;1
1385;32062.56;50;3.21;1;1
1386;32062.56;50;3.21;1;1
1387;32062.56;50;3.21;1;1
1388;32062.56;50;3.21;1;1
1389;32062.56;50;3.21;1;1
1390;32062.56;50;3.21;1;1
1391;32062.56;50;3.21;1;1
1392;32062.56;50;3.21;1;1
1393;32062.56;50;3.21;1;1
1394;32062.56;50;3.21;1;1
1395;32062.56;50;3.21;1;1
1396;32062.56;50;3.21;1;1
1397;32062.56;50;3.21;1;1
1398;32062.56;50;3.21;1;1
1399;32062.56;50;3.21;1;1
1400;32062.56;50;3.21;1;1
1401;32062.56;50;3.21;1;1
1402;32062.56;50;3.21;1;1
1403;32062.56;50;3.21;1;1
1404;32062.56;50;3.21;1;1
1405;32062.56;50;3.21;1;1
1406;32062.56;50;3.21;1;1
1407;32062.56;50;3.21;1;1
1408;32062.56;50;3.21;1;1
1409;32062.56;50;3.21;1;1
1410;32062.56;50;3.21;1;1
1411;32062.56;50;3.21;1;1
1412;32062.56;50;3.21;1;1
1413;32062.56;50;3.21;1;1
1414;32062.56;50;3.21;1;1
1415;32062.56;50;3.21;1;1
1416;32062.56;50;3.21;1;1
1417;32062.56;50;3.21;1;1
1418;32062.56;50;3.21;1;1
1419;32062.56;50;3.21;1;1
1420;32062.56;50;3.21;1;1
1421;32062.56;50;3.21;1;1
1422;32062.56;50;3.21;1;1
1423;32062.56;50;3.21;1;1
1424;32062.56;50;3.21;1;1
1425;32062.56;50;3.21;1;1
1426;32062.56;50;3.21;1;1
1427;32062.56;50;3.21;1;1
1428;32062.56;50;3.21;1;1
1429;32062.56;50;3.21;1;1
1430;32062.56;50;3.21;1;1
1431;32062.56;50;3.21;1;1
1432;32062.56;50;3.21;1;1
1433;32062.56;50;3.21;1;1
1434;32062.56;50;3.21;1;1
1435;32062.56;50;3.21;1;1
1436;32062.56;50;3.21;1;1
1437;32062.56;50;3.21;1;1
1438;32062.56;50;3.21;1;1
1439;32062.56;50;3.21;1;1
1440;32062.56;50;3.21;1;1
1441;32062.56;50;3.21;1;1
1442;32062.56;50;3.21;1;1
1443;32062.56;50;3.21;1;1
1444;32062.56;50;3.21;1;1
1445;32062.56;50;3.21;1;1
1446;32062.56;50;3.21;1;1
1447;32062.56;50;3.21;1;1
1448;32062.56;50;3.21;1;1
1449;32062.56;50;3.21;1;1
1450;32062.56;50;3.21;1;1
1451;32062.56;50;3.21;1;1
1452;32062.56;50;3.21;1;1
1453;32062.56;50;3.21;1;1
1454;32062.56;50;3.21;1;1
1455;32062.56;50;3.21;1;1
1456;32062.56;50;3.21;1;1
1457;32062.56;50;3.21;1;1
1458;32062.56;50;3.21;1;1
1459;32062.56;50;3.21;1;1
1460;32062.56;50;3.21;1;1
1461;32062.56;50;3.21;1;1
1462;32062.56;50;3.21;1;1
1463;32062.56;50;3.21;1;1
1464;32062.56;50;3.21;1;1
1465;32062.56;50;3.21;1;1
1466;32062.56;50;3.21;1;1
1467;32062.56;50;3.21;1;1
1468;32062.56;50;3.21;1;1
1469;32062.56;50;3.21;1;1
1470;32062.56;50;3.21;1;1
1471;32062.56;50;3.21;1;1
1472;32062.56;50;3.21;1;1
1473;32062.56;50;3.21;1;1
1474;32062.56;50;3.21;1;1
1475;32062.56;50;3.21;1;1
1476;32062.56;50;3.21;1;1
1477;32062.56;50;3.21;1;1
1478;32062.56;50;3.21;1;1
1479;32062.56;50;3.21;1;1
1480;32062.56;50;3.21;1;1
1481;32062.56;50;3.21;1;1
1482;32062.56;50;3.21;1;1
1483;32062.56;50;3.21;1;1
1484;32062.56;50;3.21;1;1
1485;32062.56;50;3.21;1;1
1486;32062.56;50;3.21;1;1
1487;32062.56;50;3.21;1;1
1488;32062.56;50;3.21;1;1
1489;32062.56;50;3.21;1;1
1490;32062.56;50;3.21;1;1
1491;32062.56;50;3.21;1;1
1492;32062.56;50;3.21;1;1
1493;32062.56;50;3.21;1;1
1494;32062.56;50;3.21;1;1
1495;32062.56;50;3.21;1;1
1496;32062.56;50;3.21;1;1
1497;32062.56;50;3.21;1;1
1498;32062.56;50;3.21;1;1
1499;32062.56;50;3.21;1;1
1500;32062.56;50;3.21;1;1
1501;32062.56;50;3.21;1;1
1502;32062.56;50;3.21;1;1
1503;32062.56;50;3.21;1;1
1504;32062.56;50;3.21;1;1
1505;32062.56;50;3.21;1;1
1506;32062.56;50;3.21;1;1
1507;32062.56;50;3.21;1;1
1508;32062.56;50;3.21;1;1
1509;32062.56;50;3.21;1;1
1510;32062.56;50;3.21;1;1
1511;32062.56;50;3.21;1;1
1512;32062.56;50;3.21;1;1
1513;32062.56;50;3.21;1;1
1514;32062.56;50;3.21;1;1
1515;32062.56;50;3.21;1;1
1516;32062.56;50;3.21;1;1
1517;32062.56;50;3.21;1;1
1518;32062.56;50;3.21;1;1
1519;32062.56;50;3.21;1;1
1520;32062.56;50;3.21;1;1
1521;32062.56;50;3.21;1;1
1522;32013.69;50;3.21;1;1
1523;32062.56;50;3.20;1;1
1524;32062.56;50;3.21;1;1
1525;32062.56;50;3.21;1;1
1526;32062.56;50;3.21;1;1
1527;32062.56;50;3.21;1;1
1528;32013.69;50;3.21;1;1
1529;32062.56;50;3.20;1;1
1530;32013.69;50;3.21;1;1
1531;32062.56;50;3.20;1;1
1532;32062.56;50;3.21;1;1
1533;32062.56;50;3.21;1;1
1534;32062.56;50;3.21;1;1
1535;32062.56;50;3.21;1;1
1536;32062.56;50;3.21;1;1
1537;32062.56;50;3.21;1;1
1538;32062.56;50;3.21;1;1
1539;32062.56;50;3.21;1;1
1540;32062.56;50;3.21;1;1
1541;32062.56;50;3.21;1;1
1542;32062.56;50;3.21;1;1
1543;32062.56;50;3.21;1;1
1544;32062.56;50;3.21;1;1
1545;32062.56;50;3.21;1;1
1546;32062.56;50;3.21;1;1
1547;32062.56;50;3.21;1;1
1548;32062.56;50;3.21;1;1
1549;32062.56;50;3.21;1;1
1550;32062.56;50;3.21;1;1
1551;32062.56;50;3.21;1;1
1552;32062.56;50;3.21;1;1
1553;32062.56;50;3.21;1;1
1554;32062.56;50;3.21;1;1
1555;32062.56;50;3.21;1;1
1556;32062.56;50;3.21;1;1
1557;32062.56;50;3.21;1;1
1558;32062.56;50;3.21;1;1
1559;32062.56;50;3.21;1;1
1560;32062.56;50;3.21;1;1
1561;32062.56;50;3.21;1;1
1562;32062.56;50;3.21;1;1
1563;32062.56;50;3.21;1;1
1564;32062.56;50;3.21;1;1
1565;32062.56;50;3.21;1;1
1566;32062.56;50;3.21;1;1
1567;32062.56;50;3.21;1;1
1568;32062.56;50;3.21;1;1
1569;32062.56;50;3.21;1;1
1570;32062.56;50;3.21;1;1
1571;32062.56;50;3.21;1;1
1572;32062.56;50;3.21;1;1
1573;32062.56;50;3.21;1;1
1574;32062.56;50;3.21;1;1
1575;32062.56;50;3.21;1;1
1576;32062.56;50;3.21;1;1
1577;32062.56;50;3.21;1;1
1578;32062.56;50;3.21;1;1
1579;32062.56;50;3.21;1;1
1580;32062.56;50;3.21;1;1
1581;32062.56;50;3.21;1;1
1582;32062.56;50;3.21;1;1
1583;32062.56;50;3.21;1;1
1584;32062.56;50;3.21;1;1
1585;32062.56;50;3.21;1;1
1586;32062.56;50;3.21;1;1
1587;32062.56;50;3.21;1;1
1588;32062.56;50;3.21;1;1
1589;32062.56;50;3.21;1;1
1590;32062.56;50;3.21;1;1
1591;32062.56;50;3.21;1;1
1592;32062.56;50;3.21;1;1
1593;32062.56;50;3.21;1;1
1594;32062.56;50;3.21;1;1
1595;32062.56;50;3.21;1;1
1596;32062.56;50;3.21;1;1
1597;32062.56;50;3.21;1;1
1598;32062.56;50;3.21;1;1
1599;32062.56;50;3.21;1;1
1600;32062.56;50;3.21;1;1
1601;32062.56;50;3.21;1;1
1602;32062.56;50;3.21;1;1
1603;32062.56;50;3.21;1;1
1604;32062.56;50;3.21;1;1
1605;32062.56;50;3.21;1;1
1606;32062.56;50;3.21;1;1
1607;32062.56;50;3.21;1;1
1608;32062.56;50;3.21;1;1
1609;32062.56;50;3.21;1;1
1610;32062.56;50;3.21;1;1
1611;32062.56;50;3.21;1;1
1612;32062.56;50;3.21;1;1
1613;32062.56;50;3.21;1;1
1614;32062.56;50;3.21;1;1
1615;32062.56;50;3.21;1;1
1616;32062.56;50;3.21;1;1
1617;32013.69;50;3.21;1;1
1618;31964.81;50;3.20;1;1
1619;31964.81;50;3.20;1;1
1620;32160.31;50;3.20;1;1
1621;31915.93;50;3.22;1;1
1622;32013.69;50;3.19;1;1
1623;32013.69;50;3.20;1;1
1624;31915.93;50;3.20;1;1
1625;31915.93;50;3.19;1;1
1626;31964.81;50;3.19;1;1
1627;31964.81;50;3.20;1;1
1628;31964.81;50;3.20;1;1
1629;31915.93;50;3.20;1;1
1630;32062.56;50;3.19;1;1
1631;32160.31;50;3.21;1;1
1632;32013.69;50;3.22;1;1
1633;32013.69;50;3.20;1;1
1634;32013.69;50;3.20;1;1
1635;32013.69;50;3.20;1;1
1636;32160.31;50;3.20;1;1
1637;32160.31;50;3.22;1;1
1638;32160.31;50;3.22;1;1
1639;32111.44;50;3.22;1;1
1640;32111.44;50;3.21;1;1
1641;32111.44;50;3.21;1;1
1642;32111.44;50;3.21;1;1
1643;32160.31;50;3.21;1;1
1644;32160.31;50;3.22;1;1
1645;32111.44;50;3.22;1;1
1646;32160.31;50;3.21;1;1
1647;32160.31;50;3.22;1;1
1648;32160.31;50;3.22;1;1
1649;32160.31;50;3.22;1;1
1650;32160.31;50;3.22;1;1
1651;32160.31;50;3.22;1;1
1652;32209.19;50;3.22;1;1
1653;32160.31;50;3.22;1;1
1654;32160.31;50;3.22;1;1
1655;32160.31;50;3.22;1;1
1656;32160.31;50;3.22;1;1
1657;32111.44;50;3.22;1;1
1658;32111.44;50;3.21;1;1
1659;32160.31;50;3.21;1;1
1660;32160.31;50;3.22;1;1
1661;32209.19;50;3.22;1;1
1662;32209.19;50;3.22;1;1
1663;32209.19;50;3.22;1;1
1664;32209.19;50;3.22;1;1
1665;32013.69;50;3.22;1;1
1666;32013.69;50;3.20;1;1
1667;32013.69;50;3.20;1;1
1668;32013.69;50;3.20;1;1
1669;32013.69;50;3.20;1;1
1670;32062.56;50;3.20;1;1
1671;32062.56;50;3.21;1;1
1672;32062.56;50;3.21;1;1
1673;32062.56;50;3.21;1;1
1674;32062.56;50;3.21;1;1
1675;32062.56;50;3.21;1;1
1676;32062.56;50;3.21;1;1
1677;32062.56;50;3.21;1;1
1678;32062.56;50;3.21;1;1
1679;32062.56;50;3.21;1;1
1680;32062.56;50;3.21;1;1
1681;32062.56;50;3.21;1;1
1682;32062.56;50;3.21;1;1
1683;32062.56;50;3.21;1;1
1684;32062.56;50;3.21;1;1
1685;32062.56;50;3.21;1;1
1686;32111.44;50;3.21;1;1
1687;32062.56;50;3.21;1;1
1688;32111.44;50;3.21;1;1
1689;32111.44;50;3.21;1;1
1690;32111.44;50;3.21;1;1
1691;32111.44;50;3.21;1;1
1692;32111.44;50;3.21;1;1
1693;32111.44;50;3.21;1;1
1694;32111.44;50;3.21;1;1
1695;32306.94;50;3.21;1;1
1696;32111.44;50;3.23;1;1
1697;32111.44;50;3.21;1;1
1698;32111.44;50;3.21;1;1
1699;32111.44;50;3.21;1;1
1700;32111.44;50;3.21;1;1
1701;32111.44;50;3.21;1;1
1702;32111.44;50;3.21;1;1
1703;32111.44;50;3.21;1;1
1704;32111.44;50;3.21;1;1
1705;32111.44;50;3.21;1;1
1706;32111.44;50;3.21;1;1
1707;32111.44;50;3.21;1;1
1708;32111.44;50;3.21;1;1
1709;32111.44;50;3.21;1;1
1710;32111.44;50;3.21;1;1
1711;32111.44;50;3.21;1;1
1712;32111.44;50;3.21;1;1
1713;32111.44;50;3.21;1;1
1714;32111.44;50;3.21;1;1
1715;32111.44;50;3.21;1;1
1716;32111.44;50;3.21;1;1
1717;32111.44;50;3.21;1;1
1718;32160.31;50;3.21;1;1
1719;32111.44;50;3.22;1;1
1720;32160.31;50;3.21;1;1
1721;32160.31;50;3.22;1;1
1722;32111.44;50;3.22;1;1
1723;32111.44;50;3.21;1;1
1724;32111.44;50;3.21;1;1
1725;32111.44;50;3.21;1;1
1726;32111.44;50;3.21;1;1
1727;32111.44;50;3.21;1;1
1728;32111.44;50;3.21;1;1
1729;32111.44;50;3.21;1;1
1730;32111.44;50;3.21;1;1
1731;32111.44;50;3.21;1;1
1732;32111.44;50;3.21;1;1
1733;32111.44;50;3.21;1;1
1734;32111.44;50;3.21;1;1
1735;32111.44;50;3.21;1;1
1736;32111.44;50;3.21;1;1
1737;32111.44;50;3.21;1;1
1738;32111.44;50;3.21;1;1
1739;32111.44;50;3.21;1;1
1740;32111.44;50;3.21;1;1
1741;32111.44;50;3.21;1;1
1742;32111.44;50;3.21;1;1
1743;32111.44;50;3.21;1;1
1744;32111.44;50;3.21;1;1
1745;32111.44;50;3.21;1;1
1746;32111.44;50;3.21;1;1
1747;32111.44;50;3.21;1;1
1748;32111.44;50;3.21;1;1
1749;32111.44;50;3.21;1;1
1750;32111.44;50;3.21;1;1
1751;32111.44;50;3.21;1;1
1752;32111.44;50;3.21;1;1
1753;32111.44;50;3.21;1;1
1754;32111.44;50;3.21;1;1
1755;32111.44;50;3.21;1;1
1756;32111.44;50;3.21;1;1
1757;32111.44;50;3.21;1;1
1758;32111.44;50;3.21;1;1
1759;32111.44;50;3.21;1;1
1760;32111.44;50;3.21;1;1
1761;32111.44;50;3.21;1;1
1762;32111.44;50;3.21;1;1
1763;32111.44;50;3.21;1;1
1764;32111.44;50;3.21;1;1
1765;32111.44;50;3.21;1;1
1766;32111.44;50;3.21;1;1
1767;32111.44;50;3.21;1;1
1768;32111.44;50;3.21;1;1
1769;32111.44;50;3.21;1;1
1770;32111.44;50;3.21;1;1
1771;32111.44;50;3.21;1;1
1772;32111.44;50;3.21;1;1
1773;32111.44;50;3.21;1;1
1774;32111.44;50;3.21;1;1
1775;32111.44;50;3.21;1;1
1776;32111.44;50;3.21;1;1
1777;32111.44;50;3.21;1;1
1778;32111.44;50;3.21;1;1
1779;32111.44;50;3.21;1;1
1780;32111.44;50;3.21;1;1
1781;32111.44;50;3.21;1;1
1782;32111.44;50;3.21;1;1
1783;32111.44;50;3.21;1;1
1784;32111.44;50;3.21;1;1
1785;32111.44;50;3.21;1;1
1786;32111.44;50;3.21;1;1
1787;32111.44;50;3.21;1;1
1788;32111.44;50;3.21;1;1
1789;32111.44;50;3.21;1;1
1790;32111.44;50;3.21;1;1
1791;32111.44;50;3.21;1;1
1792;32111.44;50;3.21;1;1
1793;32111.44;50;3.21;1;1
1794;32111.44;50;3.21;1;1
1795;32111.44;50;3.21;1;1
1796;32111.44;50;3.21;1;1
1797;32111.44;50;3.21;1;1
1798;32111.44;50;3.21;1;1
1799;32111.44;50;3.21;1;1
1800;32111.44;50;3.21;1;1
1801;32111.44;50;3.21;1;1
1802;32111.44;50;3.21;1;1
1803;32111.44;50;3.21;1;1
1804;32111.44;50;3.21;1;1
1805;32111.44;50;3.21;1;1
1806;32111.44;50;3.21;1;1
1807;32111.44;50;3.21;1;1
1808;32111.44;50;3.21;1;1
1809;32111.44;50;3.21;1;1
1810;32111.44;50;3.21;1;1
1811;32111.44;50;3.21;1;1
1812;32111.44;50;3.21;1;1
1813;32111.44;50;3.21;1;1
1814;32111.44;50;3.21;1;1
1815;32111.44;50;3.21;1;1
1816;32111.44;50;3.21;1;1
1817;32111.44;50;3.21;1;1
1818;32111.44;50;3.21;1;1
1819;32111.44;50;3.21;1;1
1820;32111.44;50;3.21;1;1
1821;32111.44;50;3.21;1;1
1822;32111.44;50;3.21;1;1
1823;32111.44;50;3.21;1;1
1824;32111.44;50;3.21;1;1
1825;32111.44;50;3.21;1;1
1826;32111.44;50;3.21;1;1
1827;32111.44;50;3.21;1;1
1828;32111.44;50;3.21;1;1
1829;32111.44;50;3.21;1;1
1830;32111.44;50;3.21;1;1
1831;32111.44;50;3.21;1;1
1832;32111.44;50;3.21;1;1
1833;32111.44;50;3.21;1;1
1834;32111.44;50;3.21;1;1
1835;32111.44;50;3.21;1;1
1836;32111.44;50;3.21;1;1
1837;32111.44;50;3.21;1;1
1838;32111.44;50;3.21;1;1
1839;32111.44;50;3.21;1;1
1840;32111.44;50;3.21;1;1
1841;32111.44;50;3.21;1;1
1842;32111.44;50;3.21;1;1
1843;32111.44;50;3.21;1;1
1844;32111.44;50;3.21;1;1
1845;32111.44;50;3.21;1;1
1846;32062.56;50;3.21;1;1
1847;32062.56;50;3.21;1;1
1848;32111.44;50;3.21;1;1
1849;32111.44;50;3.21;1;1
1850;32111.44;50;3.21;1;1
1851;32111.44;50;3.21;1;1
1852;32111.44;50;3.21;1;1
1853;32111.44;50;3.21;1;1
1854;32111.44;50;3.21;1;1
1855;32062.56;50;3.21;1;1
1856;32111.44;50;3.21;1;1
1857;32111.44;50;3.21;1;1
1858;32111.44;50;3.21;1;1
1859;32111.44;50;3.21;1;1
1860;32111.44;50;3.21;1;1
1861;32111.44;50;3.21;1;1
1862;32111.44;50;3.21;1;1
1863;32111.44;50;3.21;1;1
1864;32111.44;50;3.21;1;1
1865;32062.56;50;3.21;1;1
1866;32111.44;50;3.21;1;1
1867;32111.44;50;3.21;1;1
1868;32111.44;50;3.21;1;1
1869;32111.44;50;3.21;1;1
1870;32111.44;50;3.21;1;1
1871;32062.56;50;3.21;1;1
1872;32111.44;50;3.21;1;1
1873;32111.44;50;3.21;1;1
1874;32111.44;50;3.21;1;1
1875;32111.44;50;3.21;1;1
1876;32111.44;50;3.21;1;1
1877;32062.56;50;3.21;1;1
1878;32111.44;50;3.21;1;1
1879;32111.44;50;3.21;1;1
1880;32111.44;50;3.21;1;1
1881;32111.44;50;3.21;1;1
1882;32111.44;50;3.21;1;1
1883;32111.44;50;3.21;1;1
1884;32111.44;50;3.21;1;1
1885;32111.44;50;3.21;1;1
1886;32111.44;50;3.21;1;1
1887;32062.56;50;3.21;1;1
1888;32111.44;50;3.21;1;1
1889;32111.44;50;3.21;1;1
1890;32062.56;50;3.21;1;1
1891;32111.44;50;3.21;1;1
1892;32111.44;50;3.21;1;1
1893;32111.44;50;3.21;1;1
1894;32111.44;50;3.21;1;1
1895;32111.44;50;3.21;1;1
1896;32111.44;50;3.21;1;1
1897;32111.44;50;3.21;1;1
1898;32062.56;50;3.21;1;1
1899;32111.44;50;3.21;1;1
1900;32111.44;50;3.21;1;1
1901;32111.44;50;3.21;1;1
1902;32111.44;50;3.21;1;1
1903;32306.94;50;3.21;1;1
1904;32111.44;50;3.23;1;1
1905;32111.44;50;3.21;1;1
1906;32062.56;50;3.21;1;1
1907;32111.44;50;3.21;1;1
1908;32111.44;50;3.21;1;1
1909;32111.44;50;3.21;1;1
1910;32111.44;50;3.21;1;1
1911;32111.44;50;3.21;1;1
1912;32111.44;50;3.21;1;1
1913;32111.44;50;3.21;1;1
1914;32111.44;50;3.21;1;1
1915;32111.44;50;3.21;1;1
1916;32111.44;50;3.21;1;1
1917;32111.44;50;3.21;1;1
1918;32111.44;50;3.21;1;1
1919;32111.44;50;3.21;1;1
1920;32111.44;50;3.21;1;1
1921;32111.44;50;3.21;1;1
1922;32111.44;50;3.21;1;1
1923;32111.44;50;3.21;1;1
1924;32111.44;50;3.21;1;1
1925;32111.44;50;3.21;1;1
1926;32111.44;50;3.21;1;1
1927;32111.44;50;3.21;1;1
1928;32111.44;50;3.21;1;1
1929;32111.44;50;3.21;1;1
1930;32111.44;50;3.21;1;1
1931;32111.44;50;3.21;1;1
1932;32111.44;50;3.21;1;1
1933;32111.44;50;3.21;1;1
1934;32111.44;50;3.21;1;1
1935;32111.44;50;3.21;1;1
1936;32111.44;50;3.21;1;1
1937;32111.44;50;3.21;1;1
1938;32111.44;50;3.21;1;1
1939;32111.44;50;3.21;1;1
1940;32111.44;50;3.21;1;1
1941;32111.44;50;3.21;1;1
1942;32111.44;50;3.21;1;1
1943;32111.44;50;3.21;1;1
1944;32062.56;50;3.21;1;1
1945;32111.44;50;3.21;1;1
1946;32111.44;50;3.21;1;1
1947;32111.44;50;3.21;1;1
1948;32111.44;50;3.21;1;1
1949;32111.44;50;3.21;1;1
1950;32111.44;50;3.21;1;1
1951;32111.44;50;3.21;1;1
1952;32111.44;50;3.21;1;1
1953;32111.44;50;3.21;1;1
1954;32111.44;50;3.21;1;1
1955;32111.44;50;3.21;1;1
1956;32111.44;50;3.21;1;1
1957;32111.44;50;3.21;1;1
1958;32111.44;50;3.21;1;1
1959;32111.44;50;3.21;1;1
1960;32062.56;50;3.21;1;1
1961;32111.44;50;3.21;1;1
1962;32111.44;50;3.21;1;1
1963;32111.44;50;3.21;1;1
1964;32111.44;50;3.21;1;1
1965;32111.44;50;3.21;1;1
1966;32111.44;50;3.21;1;1
1967;32111.44;50;3.21;1;1
1968;32111.44;50;3.21;1;1
1969;32111.44;50;3.21;1;1
1970;32111.44;50;3.21;1;1
1971;32111.44;50;3.21;1;1
1972;32111.44;50;3.21;1;1
1973;32111.44;50;3.21;1;1
1974;32111.44;50;3.21;1;1
1975;32111.44;50;3.21;1;1
1976;32111.44;50;3.21;1;1
1977;32111.44;50;3.21;1;1
1978;32111.44;50;3.21;1;1
1979;32111.44;50;3.21;1;1
1980;32062.56;50;3.21;1;1
1981;32111.44;50;3.21;1;1
1982;32111.44;50;3.21;1;1
1983;32111.44;50;3.21;1;1
1984;32111.44;50;3.21;1;1
1985;32111.44;50;3.21;1;1
1986;32111.44;50;3.21;1;1
1987;32111.44;50;3.21;1;1
1988;32111.44;50;3.21;1;1
1989;32111.44;50;3.21;1;1
1990;32062.56;50;3.21;1;1
1991;32111.44;50;3.21;1;1
1992;32111.44;50;3.21;1;1
1993;32111.44;50;3.21;1;1
1994;32111.44;50;3.21;1;1
1995;32111.44;50;3.21;1;1
1996;32111.44;50;3.21;1;1
1997;32111.44;50;3.21;1;1
1998;32111.44;50;3.21;1;1
1999;32111.44;50;3.21;1;1
2000;32111.44;50;3.21;1;1
2001;32111.44;50;3.21;1;1
2002;32111.44;50;3.21;1;1
2003;32111.44;50;3.21;1;1
2004;32111.44;50;3.21;1;1
2005;32111.44;50;3.21;1;1
2006;32111.44;50;3.21;1;1
2007;32111.44;50;3.21;1;1
2008;32111.44;50;3.21;1;1
2009;32111.44;50;3.21;1;1
2010;32111.44;50;3.21;1;1
2011;32062.56;50;3.21;1;1
2012;32111.44;50;3.21;1;1
2013;32111.44;50;3.21;1;1
2014;32111.44;50;3.21;1;1
2015;32111.44;50;3.21;1;1
2016;32111.44;50;3.21;1;1
2017;32062.56;50;3.21;1;1
2018;32111.44;50;3.21;1;1
2019;32111.44;50;3.21;1;1
2020;32111.44;50;3.21;1;1
2021;32111.44;50;3.21;1;1
2022;32111.44;50;3.21;1;1
2023;32111.44;50;3.21;1;1
2024;32062.56;50;3.21;1;1
2025;32111.44;50;3.21;1;1
2026;32111.44;50;3.21;1;1
2027;32111.44;50;3.21;1;1
2028;32111.44;50;3.21;1;1
2029;32111.44;50;3.21;1;1
2030;32111.44;50;3.21;1;1
2031;32062.56;50;3.21;1;1
2032;32111.44;50;3.21;1;1
2033;32111.44;50;3.21;1;1
2034;32111.44;50;3.21;1;1
2035;32111.44;50;3.21;1;1
2036;32111.44;50;3.21;1;1
2037;32111.44;50;3.21;1;1
2038;32111.44;50;3.21;1;1
2039;32111.44;50;3.21;1;1
2040;32111.44;50;3.21;1;1
2041;32111.44;50;3.21;1;1
2042;32111.44;50;3.21;1;1
2043;32111.44;50;3.21;1;1
2044;32111.44;50;3.21;1;1
2045;32111.44;50;3.21;1;1
2046;32111.44;50;3.21;1;1
2047;32062.56;50;3.21;1;1
2048;32111.44;50;3.21;1;1
2049;32111.44;50;3.21;1;1
2050;32111.44;50;3.21;1;1
2051;32111.44;50;3.21;1;1
2052;32062.56;50;3.21;1;1
2053;32111.44;50;3.21;1;1
2054;32111.44;50;3.21;1;1
2055;32111.44;50;3.21;1;1
2056;32111.44;50;3.21;1;1
2057;32111.44;50;3.21;1;1
2058;32111.44;50;3.21;1;1
2059;32111.44;50;3.21;1;1
2060;32111.44;50;3.21;1;1
2061;32062.56;50;3.21;1;1
2062;32111.44;50;3.21;1;1
2063;32111.44;50;3.21;1;1
2064;32111.44;50;3.21;1;1
2065;32111.44;50;3.21;1;1
2066;32111.44;50;3.21;1;1
2067;32111.44;50;3.21;1;1
2068;32111.44;50;3.21;1;1
2069;32111.44;50;3.21;1;1
2070;32111.44;50;3.21;1;1
2071;32111.44;50;3.21;1;1
2072;32111.44;50;3.21;1;1
2073;32111.44;50;3.21;1;1
2074;32306.94;50;3.21;1;1
2075;32306.94;50;3.23;1;1
2076;32306.94;50;3.23;1;1
2077;32306.94;50;3.23;1;1
2078;32306.94;50;3.23;1;1
2079;32111.44;50;3.23;1;1
2080;32111.44;50;3.21;1;1
2081;32111.44;50;3.21;1;1
2082;32111.44;50;3.21;1;1
2083;32111.44;50;3.21;1;1
2084;32111.44;50;3.21;1;1
2085;32111.44;50;3.21;1;1
2086;32111.44;50;3.21;1;1
2087;32111.44;50;3.21;1;1
2088;32111.44;50;3.21;1;1
2089;32111.44;50;3.21;1;1
2090;32111.44;50;3.21;1;1
2091;32111.44;50;3.21;1;1
2092;32111.44;50;3.21;1;1
2093;32111.44;50;3.21;1;1
2094;32111.44;50;3.21;1;1
2095;32111.44;50;3.21;1;1
2096;32111.44;50;3.21;1;1
2097;32111.44;50;3.21;1;1
2098;32111.44;50;3.21;1;1
2099;32111.44;50;3.21;1;1
2100;32111.44;50;3.21;1;1
2101;32111.44;50;3.21;1;1
2102;32111.44;50;3.21;1;1
2103;32111.44;50;3.21;1;1
2104;32111.44;50;3.21;1;1
2105;32111.44;50;3.21;1;1
2106;32111.44;50;3.21;1;1
2107;32111.44;50;3.21;1;1
2108;32111.44;50;3.21;1;1
2109;32111.44;50;3.21;1;1
2110;32111.44;50;3.21;1;1
2111;32111.44;50;3.21;1;1
2112;32111.44;50;3.21;1;1
2113;32111.44;50;3.21;1;1
2114;32111.44;50;3.21;1;1
2115;32111.44;50;3.21;1;1
2116;32111.44;50;3.21;1;1
2117;32111.44;50;3.21;1;1
2118;32160.31;50;3.21;1;1
2119;32111.44;50;3.22;1;1
2120;32111.44;50;3.21;1;1
2121;32111.44;50;3.21;1;1
2122;32160.31;50;3.21;1;1
2123;32111.44;50;3.22;1;1
2124;32111.44;50;3.21;1;1
2125;32160.31;50;3.21;1;1
2126;32160.31;50;3.22;1;1
2127;32111.44;50;3.22;1;1
2128;32111.44;50;3.21;1;1
2129;32160.31;50;3.21;1;1
2130;32111.44;50;3.22;1;1
2131;32111.44;50;3.21;1;1
2132;32111.44;50;3.21;1;1
2133;32111.44;50;3.21;1;1
2134;32111.44;50;3.21;1;1
2135;32111.44;50;3.21;1;1
2136;32111.44;50;3.21;1;1
2137;32160.31;50;3.21;1;1
2138;32111.44;50;3.22;1;1
2139;32111.44;50;3.21;1;1
2140;32111.44;50;3.21;1;1
2141;32111.44;50;3.21;1;1
2142;32111.44;50;3.21;1;1
2143;32111.44;50;3.21;1;1
2144;32111.44;50;3.21;1;1
2145;32111.44;50;3.21;1;1
2146;32111.44;50;3.21;1;1
2147;32111.44;50;3.21;1;1
2148;32111.44;50;3.21;1;1
2149;32111.44;50;3.21;1;1
2150;32111.44;50;3.21;1;1
2151;32111.44;50;3.21;1;1
2152;32111.44;50;3.21;1;1
2153;32111.44;50;3.21;1;1
2154;32111.44;50;3.21;1;1
2155;32111.44;50;3.21;1;1
2156;32111.44;50;3.21;1;1
2157;32111.44;50;3.21;1;1
2158;32111.44;50;3.21;1;1
2159;32111.44;50;3.21;1;1
2160;32111.44;50;3.21;1;1
2161;32111.44;50;3.21;1;1
2162;32111.44;50;3.21;1;1
2163;32111.44;50;3.21;1;1
2164;32111.44;50;3.21;1;1
2165;32111.44;50;3.21;1;1
2166;32111.44;50;3.21;1;1
2167;32111.44;50;3.21;1;1
2168;32111.44;50;3.21;1;1
2169;32111.44;50;3.21;1;1
2170;32111.44;50;3.21;1;1
2171;32111.44;50;3.21;1;1
2172;32111.44;50;3.21;1;1
2173;32111.44;50;3.21;1;1
2174;32111.44;50;3.21;1;1
2175;32111.44;50;3.21;1;1
2176;32111.44;50;3.21;1;1
2177;32111.44;50;3.21;1;1
2178;32111.44;50;3.21;1;1
2179;32111.44;50;3.21;1;1
2180;32111.44;50;3.21;1;1
2181;32111.44;50;3.21;1;1
2182;32111.44;50;3.21;1;1
2183;32111.44;50;3.21;1;1
2184;32111.44;50;3.21;1;1
2185;32111.44;50;3.21;1;1
2186;32111.44;50;3.21;1;1
2187;32111.44;50;3.21;1;1
2188;32111.44;50;3.21;1;1
2189;32111.44;50;3.21;1;1
2190;32111.44;50;3.21;1;1
2191;32111.44;50;3.21;1;1
2192;32111.44;50;3.21;1;1
2193;32111.44;50;3.21;1;1
2194;32111.44;50;3.21;1;1
2195;32111.44;50;3.21;1;1
2196;32111.44;50;3.21;1;1
2197;32111.44;50;3.21;1;1
2198;32111.44;50;3.21;1;1
2199;32111.44;50;3.21;1;1
2200;32111.44;50;3.21;1;1
2201;32111.44;50;3.21;1;1
2202;32111.44;50;3.21;1;1
2203;32111.44;50;3.21;1;1
2204;32111.44;50;3.21;1;1
2205;32111.44;50;3.21;1;1
2206;32111.44;50;3.21;1;1
2207;32160.31;50;3.21;1;1
2208;32111.44;50;3.22;1;1
2209;32111.44;50;3.21;1;1
2210;32111.44;50;3.21;1;1
2211;32111.44;50;3.21;1;1
2212;32160.31;50;3.21;1;1
2213;32160.31;50;3.22;1;1
2214;32111.44;50;3.22;1;1
2215;32111.44;50;3.21;1;1
2216;32111.44;50;3.21;1;1
2217;32111.44;50;3.21;1;1
2218;32111.44;50;3.21;1;1
2219;32111.44;50;3.21;1;1
2220;32160.31;50;3.21;1;1
2221;32160.31;50;3.22;1;1
2222;32111.44;50;3.22;1;1
2223;32160.31;50;3.21;1;1
2224;32111.44;50;3.22;1;1
2225;32306.94;50;3.21;1;1
2226;32306.94;50;3.23;1;1
2227;32306.94;50;3.23;1;1
2228;32258.06;50;3.23;1;1
2229;32258.06;50;3.23;1;1
2230;32258.06;50;3.23;1;1
2231;32306.94;50;3.23;1;1
2232;32306.94;50;3.23;1;1
2233;32306.94;50;3.23;1;1
2234;32306.94;50;3.23;1;1
2235;32306.94;50;3.23;1;1
2236;32306.94;50;3.23;1;1
2237;32306.94;50;3.23;1;1
2238;32306.94;50;3.23;1;1
2239;32258.06;50;3.23;1;1
2240;32258.06;50;3.23;1;1
2241;32306.94;50;3.23;1;1
2242;32258.06;50;3.23;1;1
2243;32258.06;50;3.23;1;1
2244;32258.06;50;3.23;1;1
2245;32258.06;50;3.23;1;1
2246;32258.06;50;3.23;1;1
2247;32258.06;50;3.23;1;1
2248;32258.06;50;3.23;1;1
2249;32258.06;50;3.23;1;1
2250;32258.06;50;3.23;1;1
2251;32258.06;50;3.23;1;1
2252;32258.06;50;3.23;1;1
2253;32258.06;50;3.23;1;1
2254;32258.06;50;3.23;1;1
2255;32258.06;50;3.23;1;1
2256;32258.06;50;3.23;1;1
2257;32258.06;50;3.23;1;1
2258;32258.06;50;3.23;1;1
2259;32258.06;50;3.23;1;1
2260;32258.06;50;3.23;1;1
2261;32258.06;50;3.23;1;1
2262;32258.06;50;3.23;1;1
2263;32258.06;50;3.23;1;1
2264;32258.06;50;3.23;1;1
2265;32258.06;50;3.23;1;1
2266;32258.06;50;3.23;1;1
2267;32258.06;50;3.23;1;1
2268;32258.06;50;3.23;1;1
2269;32258.06;50;3.23;1;1
2270;32258.06;50;3.23;1;1
2271;32258.06;50;3.23;1;1
2272;32258.06;50;3.23;1;1
2273;32258.06;50;3.23;1;1
2274;32258.06;50;3.23;1;1
2275;32258.06;50;3.23;1;1
2276;32258.06;50;3.23;1;1
2277;32258.06;50;3.23;1;1
2278;32258.06;50;3.23;1;1
2279;32258.06;50;3.23;1;1
2280;32258.06;50;3.23;1;1
2281;32258.06;50;3.23;1;1
2282;32258.06;50;3.23;1;1
2283;32258.06;50;3.23;1;1
2284;32258.06;50;3.23;1;1
2285;32258.06;50;3.23;1;1
2286;32258.06;50;3.23;1;1
2287;32258.06;50;3.23;1;1
2288;32258.06;50;3.23;1;1
2289;32258.06;50;3.23;1;1
2290;32258.06;50;3.23;1;1
2291;32258.06;50;3.23;1;1
2292;32258.06;50;3.23;1;1
2293;32258.06;50;3.23;1;1
2294;32258.06;50;3.23;1;1
2295;32258.06;50;3.23;1;1
2296;32258.06;50;3.23;1;1
2297;32258.06;50;3.23;1;1
2298;32258.06;50;3.23;1;1
2299;32258.06;50;3.23;1;1
2300;32258.06;50;3.23;1;1
2301;32209.19;50;3.23;1;1
2302;32258.06;50;3.22;1;1
2303;32209.19;50;3.23;1;1
2304;32258.06;50;3.22;1;1
2305;32258.06;50;3.23;1;1
2306;32209.19;50;3.23;1;1
2307;32209.19;50;3.22;1;1
2308;32258.06;50;3.22;1;1
2309;32258.06;50;3.23;1;1
2310;32209.19;50;3.23;1;1
2311;32209.19;50;3.22;1;1
2312;32209.19;50;3.22;1;1
2313;32209.19;50;3.22;1;1
2314;32258.06;50;3.22;1;1
2315;32258.06;50;3.23;1;1
2316;32258.06;50;3.23;1;1
2317;32258.06;50;3.23;1;1
2318;32258.06;50;3.23;1;1
2319;32209.19;50;3.23;1;1
2320;32209.19;50;3.22;1;1
2321;32209.19;50;3.22;1;1
2322;32209.19;50;3.22;1;1
2323;32209.19;50;3.22;1;1
2324;32209.19;50;3.22;1;1
2325;32209.19;50;3.22;1;1
2326;32209.19;50;3.22;1;1
2327;32209.19;50;3.22;1;1
2328;32209.19;50;3.22;1;1
2329;32209.19;50;3.22;1;1
2330;32209.19;50;3.22;1;1
2331;32209.19;50;3.22;1;1
2332;32209.19;50;3.22;1;1
2333;32209.19;50;3.22;1;1
2334;32209.19;50;3.22;1;1
2335;32209.19;50;3.22;1;1
2336;32209.19;50;3.22;1;1
2337;32209.19;50;3.22;1;1
2338;32209.19;50;3.22;1;1
2339;32209.19;50;3.22;1;1
2340;32209.19;50;3.22;1;1
2341;32209.19;50;3.22;1;1
2342;32209.19;50;3.22;1;1
2343;32209.19;50;3.22;1;1
2344;32209.19;50;3.22;1;1
2345;32209.19;50;3.22;1;1
2346;32209.19;50;3.22;1;1
2347;32209.19;50;3.22;1;1
2348;32209.19;50;3.22;1;1
2349;32209.19;50;3.22;1;1
2350;32209.19;50;3.22;1;1
2351;32209.19;50;3.22;1;1
2352;32209.19;50;3.22;1;1
2353;32209.19;50;3.22;1;1
2354;32209.19;50;3.22;1;1
2355;32209.19;50;3.22;1;1
2356;32209.19;50;3.22;1;1
2357;32209.19;50;3.22;1;1
2358;32209.19;50;3.22;1;1
2359;32209.19;50;3.22;1;1
2360;32209.19;50;3.22;1;1
2361;32209.19;50;3.22;1;1
2362;32209.19;50;3.22;1;1
2363;32209.19;50;3.22;1;1
2364;32209.19;50;3.22;1;1
2365;32209.19;50;3.22;1;1
2366;32209.19;50;3.22;1;1
2367;32209.19;50;3.22;1;1
2368;32209.19;50;3.22;1;1
2369;32209.19;50;3.22;1;1
2370;32209.19;50;3.22;1;1
2371;32209.19;50;3.22;1;1
2372;32209.19;50;3.22;1;1
2373;32209.19;50;3.22;1;1
2374;32209.19;50;3.22;1;1
2375;32209.19;50;3.22;1;1
2376;32209.19;50;3.22;1;1
2377;32209.19;50;3.22;1;1
2378;32209.19;50;3.22;1;1
2379;32209.19;50;3.22;1;1
2380;32209.19;50;3.22;1;1
2381;32209.19;50;3.22;1;1
2382;32209.19;50;3.22;1;1
2383;32209.19;50;3.22;1;1
2384;32209.19;50;3.22;1;1
2385;32209.19;50;3.22;1;1
2386;32209.19;50;3.22;1;1
2387;32209.19;50;3.22;1;1
2388;32209.19;50;3.22;1;1
2389;32209.19;50;3.22;1;1
2390;32209.19;50;3.22;1;1
2391;32209.19;50;3.22;1;1
2392;32209.19;50;3.22;1;1
2393;32209.19;50;3.22;1;1
2394;32209.19;50;3.22;1;1
2395;32209.19;50;3.22;1;1
2396;32209.19;50;3.22;1;1
2397;32209.19;50;3.22;1;1
2398;32209.19;50;3.22;1;1
2399;32209.19;50;3.22;1;1
2400;32209.19;50;3.22;1;1
2401;32209.19;50;3.22;1;1
2402;32209.19;50;3.22;1;1
2403;32209.19;50;3.22;1;1
2404;32209.19;50;3.22;1;1
2405;32209.19;50;3.22;1;1
2406;32209.19;50;3.22;1;1
2407;32209.19;50;3.22;1;1
2408;32209.19;50;3.22;1;1
2409;32209.19;50;3.22;1;1
2410;32209.19;50;3.22;1;1
2411;32209.19;50;3.22;1;1
2412;32209.19;50;3.22;1;1
2413;32209.19;50;3.22;1;1
2414;32209.19;50;3.22;1;1
2415;32209.19;50;3.22;1;1
2416;32209.19;50;3.22;1;1
2417;32209.19;50;3.22;1;1
2418;32209.19;50;3.22;1;1
2419;32209.19;50;3.22;1;1
2420;32209.19;50;3.22;1;1
2421;32209.19;50;3.22;1;1
2422;32209.19;50;3.22;1;1
2423;32209.19;50;3.22;1;1
2424;32209.19;50;3.22;1;1
2425;32160.31;50;3.22;1;1
2426;32209.19;50;3.22;1;1
2427;32209.19;50;3.22;1;1
2428;32209.19;50;3.22;1;1
2429;32209.19;50;3.22;1;1
2430;32209.19;50;3.22;1;1
2431;32209.19;50;3.22;1;1
2432;32209.19;50;3.22;1;1
2433;32209.19;50;3.22;1;1
2434;32160.31;50;3.22;1;1
2435;32209.19;50;3.22;1;1
2436;32209.19;50;3.22;1;1
2437;32209.19;50;3.22;1;1
2438;32209.19;50;3.22;1;1
2439;32209.19;50;3.22;1;1
2440;32209.19;50;3.22;1;1
2441;32209.19;50;3.22;1;1
2442;32209.19;50;3.22;1;1
2443;32209.19;50;3.22;1;1
2444;32209.19;50;3.22;1;1
2445;32209.19;50;3.22;1;1
2446;32209.19;50;3.22;1;1
2447;32209.19;50;3.22;1;1
2448;32209.19;50;3.22;1;1
2449;32209.19;50;3.22;1;1
2450;32209.19;50;3.22;1;1
2451;32209.19;50;3.22;1;1
2452;32209.19;50;3.22;1;1
2453;32209.19;50;3.22;1;1
2454;32209.19;50;3.22;1;1
2455;32209.19;50;3.22;1;1
2456;32209.19;50;3.22;1;1
2457;32209.19;50;3.22;1;1
2458;32209.19;50;3.22;1;1
2459;32209.19;50;3.22;1;1
2460;32209.19;50;3.22;1;1
2461;32209.19;50;3.22;1;1
2462;32209.19;50;3.22;1;1
2463;32209.19;50;3.22;1;1
2464;32209.19;50;3.22;1;1
2465;32209.19;50;3.22;1;1
2466;32209.19;50;3.22;1;1
2467;32209.19;50;3.22;1;1
2468;32209.19;50;3.22;1;1
2469;32209.19;50;3.22;1;1
2470;32258.06;50;3.22;1;1
2471;32209.19;50;3.23;1;1
2472;32258.06;50;3.22;1;1
2473;32209.19;50;3.23;1;1
2474;32209.19;50;3.22;1;1
2475;32209.19;50;3.22;1;1
2476;32209.19;50;3.22;1;1
2477;32209.19;50;3.22;1;1
2478;32209.19;50;3.22;1;1
2479;32209.19;50;3.22;1;1
2480;32209.19;50;3.22;1;1
2481;32209.19;50;3.22;1;1
2482;32209.19;50;3.22;1;1
2483;32209.19;50;3.22;1;1
2484;32209.19;50;3.22;1;1
2485;32209.19;50;3.22;1;1
2486;32209.19;50;3.22;1;1
2487;32160.31;50;3.22;1;1
2488;32258.06;50;3.22;1;1
2489;32258.06;50;3.23;1;1
2490;32209.19;50;3.23;1;1
2491;32160.31;50;3.22;1;1
2492;32160.31;50;3.22;1;1
2493;32160.31;50;3.22;1;1
2494;32160.31;50;3.22;1;1
2495;32160.31;50;3.22;1;1
2496;32160.31;50;3.22;1;1
2497;32160.31;50;3.22;1;1
2498;32160.31;50;3.22;1;1
2499;32111.44;50;3.22;1;1
2500;32160.31;50;3.21;1;1
2501;32111.44;50;3.22;1;1
2502;32111.44;50;3.21;1;1
2503;32062.56;50;3.21;1;1
2504;32062.56;50;3.21;1;1
2505;32062.56;50;3.21;1;1
2506;32062.56;50;3.21;1;1
2507;32013.69;50;3.21;1;1
2508;32013.69;50;3.20;1;1
2509;32013.69;50;3.20;1;1
2510;32062.56;50;3.20;1;1
2511;32013.69;50;3.21;1;1
2512;32013.69;50;3.20;1;1
2513;32013.69;50;3.20;1;1
2514;32062.56;50;3.20;1;1
2515;32013.69;50;3.21;1;1
2516;32062.56;50;3.20;1;1
2517;32013.69;50;3.21;1;1
2518;32013.69;50;3.20;1;1
2519;32062.56;50;3.20;1;1
2520;32062.56;50;3.21;1;1
2521;32062.56;50;3.21;1;1
2522;32062.56;50;3.21;1;1
2523;32062.56;50;3.21;1;1
2524;32062.56;50;3.21;1;1
2525;32062.56;50;3.21;1;1
2526;32062.56;50;3.21;1;1
2527;32062.56;50;3.21;1;1
2528;32111.44;50;3.21;1;1
2529;32062.56;50;3.21;1;1
2530;32111.44;50;3.21;1;1
2531;32062.56;50;3.21;1;1
2532;32111.44;50;3.21;1;1
2533;32160.31;50;3.21;1;1
2534;32111.44;50;3.22;1;1
2535;32111.44;50;3.21;1;1
2536;32111.44;50;3.21;1;1
2537;32111.44;50;3.21;1;1
2538;32111.44;50;3.21;1;1
2539;32111.44;50;3.21;1;1
2540;32111.44;50;3.21;1;1
2541;32111.44;50;3.21;1;1
2542;32111.44;50;3.21;1;1
2543;32160.31;50;3.21;1;1
2544;32111.44;50;3.22;1;1
2545;32111.44;50;3.21;1;1
2546;32111.44;50;3.21;1;1
2547;32111.44;50;3.21;1;1
2548;32111.44;50;3.21;1;1
2549;32111.44;50;3.21;1;1
2550;32111.44;50;3.21;1;1
2551;32111.44;50;3.21;1;1
2552;32013.69;50;3.21;1;1
2553;31964.81;50;3.20;1;1
2554;32013.69;50;3.20;1;1
2555;31964.81;50;3.20;1;1
2556;32013.69;50;3.20;1;1
2557;32013.69;50;3.20;1;1
2558;32062.56;50;3.20;1;1
2559;32062.56;50;3.21;1;1
2560;32062.56;50;3.21;1;1
2561;32062.56;50;3.21;1;1
2562;32062.56;50;3.21;1;1
2563;32062.56;50;3.21;1;1
2564;32062.56;50;3.21;1;1
2565;32062.56;50;3.21;1;1
2566;32062.56;50;3.21;1;1
2567;32062.56;50;3.21;1;1
2568;32062.56;50;3.21;1;1
2569;32062.56;50;3.21;1;1
2570;32062.56;50;3.21;1;1
2571;32062.56;50;3.21;1;1
2572;32062.56;50;3.21;1;1
2573;32062.56;50;3.21;1;1
2574;32062.56;50;3.21;1;1
2575;32062.56;50;3.21;1;1
2576;32062.56;50;3.21;1;1
2577;32062.56;50;3.21;1;1
2578;32062.56;50;3.21;1;1
2579;32062.56;50;3.21;1;1
2580;32062.56;50;3.21;1;1
2581;32062.56;50;3.21;1;1
2582;32062.56;50;3.21;1;1
2583;32062.56;50;3.21;1;1
2584;32062.56;50;3.21;1;1
2585;32062.56;50;3.21;1;1
2586;32062.56;50;3.21;1;1
2587;32062.56;50;3.21;1;1
2588;32062.56;50;3.21;1;1
2589;32062.56;50;3.21;1;1
2590;32062.56;50;3.21;1;1
2591;32062.56;50;3.21;1;1
2592;32062.56;50;3.21;1;1
2593;32062.56;50;3.21;1;1
2594;32062.56;50;3.21;1;1
2595;32062.56;50;3.21;1;1
2596;32062.56;50;3.21;1;1
2597;32062.56;50;3.21;1;1
2598;32062.56;50;3.21;1;1
2599;32062.56;50;3.21;1;1
2600;32062.56;50;3.21;1;1
2601;32062.56;50;3.21;1;1
2602;32062.56;50;3.21;1;1
2603;32062.56;50;3.21;1;1
2604;32062.56;50;3.21;1;1
2605;32111.44;50;3.21;1;1
2606;32062.56;50;3.21;1;1
2607;32062.56;50;3.21;1;1
2608;32062.56;50;3.21;1;1
2609;32062.56;50;3.21;1;1
2610;32062.56;50;3.21;1;1
2611;32062.56;50;3.21;1;1
2612;32062.56;50;3.21;1;1
2613;32062.56;50;3.21;1;1
2614;32062.56;50;3.21;1;1
2615;32111.44;50;3.21;1;1
2616;32062.56;50;3.21;1;1
2617;32062.56;50;3.21;1;1
2618;32062.56;50;3.21;1;1
2619;32111.44;50;3.21;1;1
2620;32062.56;50;3.21;1;1
2621;32062.56;50;3.21;1;1
2622;32062.56;50;3.21;1;1
2623;32062.56;50;3.21;1;1
2624;32062.56;50;3.21;1;1
2625;32062.56;50;3.21;1;1
2626;32062.56;50;3.21;1;1
2627;32062.56;50;3.21;1;1
2628;32062.56;50;3.21;1;1
2629;32062.56;50;3.21;1;1
2630;32062.56;50;3.21;1;1
2631;32062.56;50;3.21;1;1
2632;32062.56;50;3.21;1;1
2633;32062.56;50;3.21;1;1
2634;32062.56;50;3.21;1;1
2635;32062.56;50;3.21;1;1
2636;32062.56;50;3.21;1;1
2637;32062.56;50;3.21;1;1
2638;32062.56;50;3.21;1;1
2639;32062.56;50;3.21;1;1
2640;32062.56;50;3.21;1;1
2641;32062.56;50;3.21;1;1
2642;32062.56;50;3.21;1;1
2643;32062.56;50;3.21;1;1
2644;32062.56;50;3.21;1;1
2645;32062.56;50;3.21;1;1
2646;32062.56;50;3.21;1;1
2647;32062.56;50;3.21;1;1
2648;32062.56;50;3.21;1;1
2649;32062.56;50;3.21;1;1
2650;32062.56;50;3.21;1;1
2651;32062.56;50;3.21;1;1
2652;32062.56;50;3.21;1;1
2653;32062.56;50;3.21;1;1
2654;32062.56;50;3.21;1;1
2655;32062.56;50;3.21;1;1
2656;32062.56;50;3.21;1;1
2657;32062.56;50;3.21;1;1
2658;32062.56;50;3.21;1;1
2659;32062.56;50;3.21;1;1
2660;32062.56;50;3.21;1;1
2661;32062.56;50;3.21;1;1
2662;32062.56;50;3.21;1;1
2663;32062.56;50;3.21;1;1
2664;32062.56;50;3.21;1;1
2665;32062.56;50;3.21;1;1
2666;32062.56;50;3.21;1;1
2667;32062.56;50;3.21;1;1
2668;32062.56;50;3.21;1;1
2669;32062.56;50;3.21;1;1
2670;32062.56;50;3.21;1;1
2671;32062.56;50;3.21;1;1
2672;32062.56;50;3.21;1;1
2673;32062.56;50;3.21;1;1
2674;32062.56;50;3.21;1;1
2675;32013.69;50;3.21;1;1
2676;32062.56;50;3.20;1;1
2677;32013.69;50;3.21;1;1
2678;32062.56;50;3.20;1;1
2679;32062.56;50;3.21;1;1
2680;32062.56;50;3.21;1;1
2681;32062.56;50;3.21;1;1
2682;32062.56;50;3.21;1;1
2683;32062.56;50;3.21;1;1
2684;32062.56;50;3.21;1;1
2685;32013.69;50;3.21;1;1
2686;32062.56;50;3.20;1;1
2687;32062.56;50;3.21;1;1
2688;32062.56;50;3.21;1;1
2689;32062.56;50;3.21;1;1
2690;32062.56;50;3.21;1;1
2691;32062.56;50;3.21;1;1
2692;32062.56;50;3.21;1;1
2693;32062.56;50;3.21;1;1
2694;32062.56;50;3.21;1;1
2695;32013.69;50;3.21;1;1
2696;32062.56;50;3.20;1;1
2697;32062.56;50;3.21;1;1
2698;32062.56;50;3.21;1;1
2699;32062.56;50;3.21;1;1
2700;32062.56;50;3.21;1;1
2701;32062.56;50;3.21;1;1
2702;32062.56;50;3.21;1;1
2703;32062.56;50;3.21;1;1
2704;32062.56;50;3.21;1;1
2705;32062.56;50;3.21;1;1
2706;32062.56;50;3.21;1;1
2707;32062.56;50;3.21;1;1
2708;32062.56;50;3.21;1;1
2709;32062.56;50;3.21;1;1
2710;32062.56;50;3.21;1;1
2711;32062.56;50;3.21;1;1
2712;32062.56;50;3.21;1;1
2713;32062.56;50;3.21;1;1
2714;32062.56;50;3.21;1;1
2715;32062.56;50;3.21;1;1
2716;32062.56;50;3.21;1;1
2717;32062.56;50;3.21;1;1
2718;32062.56;50;3.21;1;1
2719;32062.56;50;3.21;1;1
2720;32062.56;50;3.21;1;1
2721;32062.56;50;3.21;1;1
2722;32062.56;50;3.21;1;1
2723;32062.56;50;3.21;1;1
2724;32062.56;50;3.21;1;1
2725;32062.56;50;3.21;1;1
2726;32062.56;50;3.21;1;1
2727;32062.56;50;3.21;1;1
2728;32062.56;50;3.21;1;1
2729;32062.56;50;3.21;1;1
2730;32062.56;50;3.21;1;1
2731;32062.56;50;3.21;1;1
2732;32062.56;50;3.21;1;1
2733;32062.56;50;3.21;1;1
2734;32062.56;50;3.21;1;1
2735;32062.56;50;3.21;1;1
2736;32062.56;50;3.21;1;1
2737;32062.56;50;3.21;1;1
2738;32062.56;50;3.21;1;1
2739;32062.56;50;3.21;1;1
2740;32062.56;50;3.21;1;1
2741;32062.56;50;3.21;1;1
2742;32062.56;50;3.21;1;1
2743;32062.56;50;3.21;1;1
2744;32062.56;50;3.21;1;1
2745;32062.56;50;3.21;1;1
2746;32062.56;50;3.21;1;1
2747;32062.56;50;3.21;1;1
2748;32062.56;50;3.21;1;1
2749;32062.56;50;3.21;1;1
2750;32062.56;50;3.21;1;1
2751;32062.56;50;3.21;1;1
2752;32062.56;50;3.21;1;1
2753;32062.56;50;3.21;1;1
2754;32062.56;50;3.21;1;1
2755;32062.56;50;3.21;1;1
2756;32062.56;50;3.21;1;1
2757;32062.56;50;3.21;1;1
2758;32062.56;50;3.21;1;1
2759;32062.56;50;3.21;1;1
2760;32062.56;50;3.21;1;1
2761;32062.56;50;3.21;1;1
2762;32062.56;50;3.21;1;1
2763;32062.56;50;3.21;1;1
2764;32062.56;50;3.21;1;1
2765;32062.56;50;3.21;1;1
2766;32062.56;50;3.21;1;1
2767;32062.56;50;3.21;1;1
2768;32062.56;50;3.21;1;1
2769;32062.56;50;3.21;1;1
2770;32062.56;50;3.21;1;1
2771;32062.56;50;3.21;1;1
2772;32062.56;50;3.21;1;1
2773;32062.56;50;3.21;1;1
2774;32062.56;50;3.21;1;1
2775;32062.56;50;3.21;1;1
2776;32062.56;50;3.21;1;1
2777;32062.56;50;3.21;1;1
2778;32062.56;50;3.21;1;1
2779;32062.56;50;3.21;1;1
2780;32062.56;50;3.21;1;1
2781;32062.56;50;3.21;1;1
2782;32062.56;50;3.21;1;1
2783;32062.56;50;3.21;1;1
2784;32062.56;50;3.21;1;1
2785;32062.56;50;3.21;1;1
2786;32062.56;50;3.21;1;1
2787;32062.56;50;3.21;1;1
2788;32062.56;50;3.21;1;1
2789;32062.56;50;3.21;1;1
2790;32062.56;50;3.21;1;1
2791;32062.56;50;3.21;1;1
2792;32062.56;50;3.21;1;1
2793;32062.56;50;3.21;1;1
2794;32062.56;50;3.21;1;1
2795;32062.56;50;3.21;1;1
2796;32062.56;50;3.21;1;1
2797;32062.56;50;3.21;1;1
2798;32062.56;50;3.21;1;1
2799;32062.56;50;3.21;1;1
2800;32062.56;50;3.21;1;1
2801;32062.56;50;3.21;1;1
2802;32062.56;50;3.21;1;1
2803;32062.56;50;3.21;1;1
2804;32062.56;50;3.21;1;1
2805;32062.56;50;3.21;1;1
2806;32062.56;50;3.21;1;1
2807;32062.56;50;3.21;1;1
2808;32062.56;50;3.21;1;1
2809;32062.56;50;3.21;1;1
2810;32062.56;50;3.21;1;1
2811;32062.56;50;3.21;1;1
2812;32062.56;50;3.21;1;1
2813;32062.56;50;3.21;1;1
2814;32062.56;50;3.21;1;1
2815;32062.56;50;3.21;1;1
2816;32062.56;50;3.21;1;1
2817;32062.56;50;3.21;1;1
2818;32062.56;50;3.21;1;1
2819;32062.56;50;3.21;1;1
2820;32062.56;50;3.21;1;1
2821;32062.56;50;3.21;1;1
2822;32062.56;50;3.21;1;1
2823;32062.56;50;3.21;1;1
2824;32062.56;50;3.21;1;1
2825;32062.56;50;3.21;1;1
2826;32062.56;50;3.21;1;1
2827;32062.56;50;3.21;1;1
2828;32062.56;50;3.21;1;1
2829;32062.56;50;3.21;1;1
2830;32062.56;50;3.21;1;1
2831;32062.56;50;3.21;1;1
2832;32062.56;50;3.21;1;1
2833;32062.56;50;3.21;1;1
2834;32062.56;50;3.21;1;1
2835;32062.56;50;3.21;1;1
2836;32062.56;50;3.21;1;1
2837;32062.56;50;3.21;1;1
2838;32062.56;50;3.21;1;1
2839;32062.56;50;3.21;1;1
2840;32062.56;50;3.21;1;1
2841;32062.56;50;3.21;1;1
2842;32062.56;50;3.21;1;1
2843;32062.56;50;3.21;1;1
2844;32062.56;50;3.21;1;1
2845;32062.56;50;3.21;1;1
2846;32062.56;50;3.21;1;1
2847;32062.56;50;3.21;1;1
2848;32062.56;50;3.21;1;1
2849;32062.56;50;3.21;1;1
2850;32062.56;50;3.21;1;1
2851;32062.56;50;3.21;1;1
2852;32062.56;50;3.21;1;1
2853;32062.56;50;3.21;1;1
2854;32062.56;50;3.21;1;1
2855;32062.56;50;3.21;1;1
2856;32062.56;50;3.21;1;1
2857;32062.56;50;3.21;1;1
2858;32062.56;50;3.21;1;1
2859;32062.56;50;3.21;1;1
2860;32062.56;50;3.21;1;1
2861;32062.56;50;3.21;1;1
2862;32062.56;50;3.21;1;1
2863;32062.56;50;3.21;1;1
2864;32062.56;50;3.21;1;1
2865;32062.56;50;3.21;1;1
2866;32062.56;50;3.21;1;1
2867;32062.56;50;3.21;1;1
2868;32062.56;50;3.21;1;1
2869;32062.56;50;3.21;1;1
2870;32062.56;50;3.21;1;1
2871;32062.56;50;3.21;1;1
2872;32062.56;50;3.21;1;1
2873;32062.56;50;3.21;1;1
2874;32062.56;50;3.21;1;1
2875;32062.56;50;3.21;1;1
2876;32062.56;50;3.21;1;1
2877;32062.56;50;3.21;1;1
2878;32062.56;50;3.21;1;1
2879;32062.56;50;3.21;1;1
2880;32062.56;50;3.21;1;1
2881;32062.56;50;3.21;1;1
2882;32062.56;50;3.21;1;1
2883;32062.56;50;3.21;1;1
2884;32062.56;50;3.21;1;1
2885;32062.56;50;3.21;1;1
2886;32062.56;50;3.21;1;1
2887;32062.56;50;3.21;1;1
2888;32062.56;50;3.21;1;1
2889;32062.56;50;3.21;1;1
2890;32062.56;50;3.21;1;1
2891;32062.56;50;3.21;1;1
2892;32062.56;50;3.21;1;1
2893;32062.56;50;3.21;1;1
2894;32062.56;50;3.21;1;1
2895;32062.56;50;3.21;1;1
2896;32062.56;50;3.21;1;1
2897;32062.56;50;3.21;1;1
2898;32062.56;50;3.21;1;1
2899;32062.56;50;3.21;1;1
2900;32062.56;50;3.21;1;1
2901;32062.56;50;3.21;1;1
2902;32062.56;50;3.21;1;1
2903;32062.56;50;3.21;1;1
2904;32062.56;50;3.21;1;1
2905;32062.56;50;3.21;1;1
2906;32062.56;50;3.21;1;1
2907;32062.56;50;3.21;1;1
2908;32062.56;50;3.21;1;1
2909;32062.56;50;3.21;1;1
2910;32062.56;50;3.21;1;1
2911;32062.56;50;3.21;1;1
2912;32062.56;50;3.21;1;1
2913;32062.56;50;3.21;1;1
2914;32062.56;50;3.21;1;1
2915;32062.56;50;3.21;1;1
2916;32062.56;50;3.21;1;1
2917;32062.56;50;3.21;1;1
2918;32062.56;50;3.21;1;1
2919;32062.56;50;3.21;1;1
2920;32062.56;50;3.21;1;1
2921;32062.56;50;3.21;1;1
2922;32062.56;50;3.21;1;1
2923;32062.56;50;3.21;1;1
2924;32062.56;50;3.21;1;1
2925;32062.56;50;3.21;1;1
2926;32062.56;50;3.21;1;1
2927;32062.56;50;3.21;1;1
2928;32062.56;50;3.21;1;1
2929;32062.56;50;3.21;1;1
2930;32062.56;50;3.21;1;1
2931;32062.56;50;3.21;1;1
2932;32062.56;50;3.21;1;1
2933;32062.56;50;3.21;1;1
2934;32062.56;50;3.21;1;1
2935;32062.56;50;3.21;1;1
2936;32062.56;50;3.21;1;1
2937;32062.56;50;3.21;1;1
2938;32062.56;50;3.21;1;1
2939;32062.56;50;3.21;1;1
2940;32062.56;50;3.21;1;1
2941;32062.56;50;3.21;1;1
2942;32062.56;50;3.21;1;1
2943;32062.56;50;3.21;1;1
2944;32062.56;50;3.21;1;1
2945;32062.56;50;3.21;1;1
2946;32062.56;50;3.21;1;1
2947;32062.56;50;3.21;1;1
2948;32062.56;50;3.21;1;1
2949;32062.56;50;3.21;1;1
2950;32062.56;50;3.21;1;1
2951;32062.56;50;3.21;1;1
2952;32062.56;50;3.21;1;1
2953;32062.56;50;3.21;1;1
2954;32062.56;50;3.21;1;1
2955;32062.56;50;3.21;1;1
2956;32062.56;50;3.21;1;1
2957;32062.56;50;3.21;1;1
2958;32062.56;50;3.21;1;1
2959;32062.56;50;3.21;1;1
2960;32062.56;50;3.21;1;1
2961;32062.56;50;3.21;1;1
2962;32062.56;50;3.21;1;1
2963;32062.56;50;3.21;1;1
2964;32062.56;50;3.21;1;1
2965;32062.56;50;3.21;1;1
2966;32062.56;50;3.21;1;1
2967;32062.56;50;3.21;1;1
2968;32062.56;50;3.21;1;1
2969;32062.56;50;3.21;1;1
2970;32062.56;50;3.21;1;1
2971;32062.56;50;3.21;1;1
2972;32062.56;50;3.21;1;1
2973;32062.56;50;3.21;1;1
2974;32062.56;50;3.21;1;1
2975;32062.56;50;3.21;1;1
2976;32062.56;50;3.21;1;1
2977;32062.56;50;3.21;1;1
2978;32062.56;50;3.21;1;1
2979;32062.56;50;3.21;1;1
2980;32062.56;50;3.21;1;1
2981;32062.56;50;3.21;1;1
2982;32062.56;50;3.21;1;1
2983;32062.56;50;3.21;1;1
2984;32062.56;50;3.21;1;1
2985;32062.56;50;3.21;1;1
2986;32062.56;50;3.21;1;1
2987;32062.56;50;3.21;1;1
2988;32062.56;50;3.21;1;1
2989;32062.56;50;3.21;1;1
2990;32062.56;50;3.21;1;1
2991;32062.56;50;3.21;1;1
2992;32062.56;50;3.21;1;1
2993;32062.56;50;3.21;1;1
2994;32062.56;50;3.21;1;1
2995;32062.56;50;3.21;1;1
2996;32062.56;50;3.21;1;1
2997;32062.56;50;3.21;1;1
2998;32062.56;50;3.21;1;1
2999;32062.56;50;3.21;1;1
3000;32062.56;50;3.21;1;1
3001;32062.56;50;3.21;1;1
3002;32062.56;50;3.21;1;1
3003;32062.56;50;3.21;1;1
3004;32062.56;50;3.21;1;1
3005;32062.56;50;3.21;1;1
3006;32062.56;50;3.21;1;1
3007;32062.56;50;3.21;1;1
3008;32062.56;50;3.21;1;1
3009;32062.56;50;3.21;1;1
3010;32062.56;50;3.21;1;1
3011;32062.56;50;3.21;1;1
3012;32062.56;50;3.21;1;1
3013;32062.56;50;3.21;1;1
3014;32062.56;50;3.21;1;1
3015;32062.56;50;3.21;1;1
3016;32062.56;50;3.21;1;1
3017;32062.56;50;3.21;1;1
3018;32062.56;50;3.21;1;1
3019;32062.56;50;3.21;1;1
3020;32062.56;50;3.21;1;1
3021;32062.56;50;3.21;1;1
3022;32062.56;50;3.21;1;1
3023;32062.56;50;3.21;1;1
3024;32062.56;50;3.21;1;1
3025;32062.56;50;3.21;1;1
3026;32062.56;50;3.21;1;1
3027;32062.56;50;3.21;1;1
3028;32062.56;50;3.21;1;1
3029;32062.56;50;3.21;1;1
3030;32062.56;50;3.21;1;1
3031;32062.56;50;3.21;1;1
3032;32062.56;50;3.21;1;1
3033;32062.56;50;3.21;1;1
3034;32062.56;50;3.21;1;1
3035;32062.56;50;3.21;1;1
3036;32062.56;50;3.21;1;1
3037;32062.56;50;3.21;1;1
3038;32062.56;50;3.21;1;1
3039;32062.56;50;3.21;1;1
3040;32062.56;50;3.21;1;1
3041;32062.56;50;3.21;1;1
3042;32062.56;50;3.21;1;1
3043;32062.56;50;3.21;1;1
3044;32062.56;50;3.21;1;1
3045;32062.56;50;3.21;1;1
3046;32062.56;50;3.21;1;1
3047;32062.56;50;3.21;1;1
3048;32062.56;50;3.21;1;1
3049;32062.56;50;3.21;1;1
3050;32062.56;50;3.21;1;1
3051;32062.56;50;3.21;1;1
3052;32062.56;50;3.21;1;1
3053;32062.56;50;3.21;1;1
3054;32062.56;50;3.21;1;1
3055;32062.56;50;3.21;1;1
3056;32062.56;50;3.21;1;1
3057;32062.56;50;3.21;1;1
3058;32062.56;50;3.21;1;1
3059;32062.56;50;3.21;1;1
3060;32062.56;50;3.21;1;1
3061;32062.56;50;3.21;1;1
3062;32062.56;50;3.21;1;1
3063;32062.56;50;3.21;1;1
3064;32062.56;50;3.21;1;1
3065;32062.56;50;3.21;1;1
3066;32062.56;50;3.21;1;1
3067;32062.56;50;3.21;1;1
3068;32062.56;50;3.21;1;1
3069;32062.56;50;3.21;1;1
3070;32062.56;50;3.21;1;1
3071;32062.56;50;3.21;1;1
3072;32062.56;50;3.21;1;1
3073;32062.56;50;3.21;1;1
3074;32062.56;50;3.21;1;1
3075;32062.56;50;3.21;1;1
3076;32062.56;50;3.21;1;1
3077;32062.56;50;3.21;1;1
3078;32062.56;50;3.21;1;1
3079;32062.56;50;3.21;1;1
3080;32062.56;50;3.21;1;1
3081;32062.56;50;3.21;1;1
3082;32062.56;50;3.21;1;1
3083;32062.56;50;3.21;1;1
3084;32062.56;50;3.21;1;1
3085;32062.56;50;3.21;1;1
3086;32062.56;50;3.21;1;1
3087;32062.56;50;3.21;1;1
3088;32062.56;50;3.21;1;1
3089;32062.56;50;3.21;1;1
3090;32062.56;50;3.21;1;1
3091;32062.56;50;3.21;1;1
3092;32062.56;50;3.21;1;1
3093;32062.56;50;3.21;1;1
3094;32062.56;50;3.21;1;1
3095;32062.56;50;3.21;1;1
3096;32062.56;50;3.21;1;1
3097;32062.56;50;3.21;1;1
3098;32062.56;50;3.21;1;1
3099;32062.56;50;3.21;1;1
3100;32062.56;50;3.21;1;1
3101;32062.56;50;3.21;1;1
3102;32062.56;50;3.21;1;1
3103;32062.56;50;3.21;1;1
3104;32062.56;50;3.21;1;1
3105;32062.56;50;3.21;1;1
3106;32062.56;50;3.21;1;1
3107;32062.56;50;3.21;1;1
3108;32062.56;50;3.21;1;1
3109;32062.56;50;3.21;1;1
3110;32062.56;50;3.21;1;1
3111;32062.56;50;3.21;1;1
3112;32062.56;50;3.21;1;1
3113;32062.56;50;3.21;1;1
3114;32013.69;50;3.21;1;1
3115;32062.56;50;3.20;1;1
3116;32062.56;50;3.21;1;1
3117;32013.69;50;3.21;1;1
3118;32062.56;50;3.20;1;1
3119;32062.56;50;3.21;1;1
3120;32062.56;50;3.21;1;1
3121;32062.56;50;3.21;1;1
3122;32062.56;50;3.21;1;1
3123;32062.56;50;3.21;1;1
3124;32062.56;50;3.21;1;1
3125;32062.56;50;3.21;1;1
3126;32062.56;50;3.21;1;1
3127;32062.56;50;3.21;1;1
3128;32062.56;50;3.21;1;1
3129;32062.56;50;3.21;1;1
3130;32062.56;50;3.21;1;1
3131;32062.56;50;3.21;1;1
3132;32062.56;50;3.21;1;1
3133;32013.69;50;3.21;1;1
3134;32062.56;50;3.20;1;1
3135;32062.56;50;3.21;1;1
3136;32062.56;50;3.21;1;1
3137;32062.56;50;3.21;1;1
3138;32062.56;50;3.21;1;1
3139;32062.56;50;3.21;1;1
3140;32062.56;50;3.21;1;1
3141;32013.69;50;3.21;1;1
3142;32062.56;50;3.20;1;1
3143;32062.56;50;3.21;1;1
3144;32062.56;50;3.21;1;1
3145;32062.56;50;3.21;1;1
3146;32062.56;50;3.21;1;1
3147;32062.56;50;3.21;1;1
3148;32062.56;50;3.21;1;1
3149;32062.56;50;3.21;1;1
3150;32062.56;50;3.21;1;1
3151;32062.56;50;3.21;1;1
3152;32013.69;50;3.21;1;1
3153;32062.56;50;3.20;1;1
3154;32062.56;50;3.21;1;1
3155;32062.56;50;3.21;1;1
3156;32062.56;50;3.21;1;1
3157;32013.69;50;3.21;1;1
3158;32062.56;50;3.20;1;1
3159;32013.69;50;3.21;1;1
3160;32062.56;50;3.20;1;1
3161;32062.56;50;3.21;1;1
3162;32013.69;50;3.21;1;1
3163;32062.56;50;3.20;1;1
3164;32062.56;50;3.21;1;1
3165;32062.56;50;3.21;1;1
3166;32062.56;50;3.21;1;1
3167;32062.56;50;3.21;1;1
3168;32062.56;50;3.21;1;1
3169;32062.56;50;3.21;1;1
3170;32062.56;50;3.21;1;1
3171;32062.56;50;3.21;1;1
3172;32062.56;50;3.21;1;1
3173;32062.56;50;3.21;1;1
3174;32062.56;50;3.21;1;1
3175;32062.56;50;3.21;1;1
3176;32062.56;50;3.21;1;1
3177;32062.56;50;3.21;1;1
3178;32062.56;50;3.21;1;1
3179;32062.56;50;3.21;1;1
3180;32062.56;50;3.21;1;1
3181;32062.56;50;3.21;1;1
3182;32062.56;50;3.21;1;1
3183;32062.56;50;3.21;1;1
3184;32062.56;50;3.21;1;1
3185;32062.56;50;3.21;1;1
3186;32062.56;50;3.21;1;1
3187;32062.56;50;3.21;1;1
3188;32062.56;50;3.21;1;1
3189;32062.56;50;3.21;1;1
3190;32013.69;50;3.21;1;1
3191;32062.56;50;3.20;1;1
3192;32062.56;50;3.21;1;1
3193;32062.56;50;3.21;1;1
3194;32062.56;50;3.21;1;1
3195;32062.56;50;3.21;1;1
3196;32062.56;50;3.21;1;1
3197;32062.56;50;3.21;1;1
3198;32062.56;50;3.21;1;1
3199;32062.56;50;3.21;1;1
3200;32062.56;50;3.21;1;1
3201;32062.56;50;3.21;1;1
3202;32062.56;50;3.21;1;1
3203;32062.56;50;3.21;1;1
3204;32062.56;50;3.21;1;1
3205;32062.56;50;3.21;1;1
3206;32062.56;50;3.21;1;1
3207;32062.56;50;3.21;1;1
3208;32062.56;50;3.21;1;1
3209;32062.56;50;3.21;1;1
3210;32062.56;50;3.21;1;1
3211;32062.56;50;3.21;1;1
3212;32062.56;50;3.21;1;1
3213;32062.56;50;3.21;1;1
3214;32062.56;50;3.21;1;1
3215;32062.56;50;3.21;1;1
3216;32062.56;50;3.21;1;1
3217;32062.56;50;3.21;1;1
3218;32062.56;50;3.21;1;1
3219;32062.56;50;3.21;1;1
3220;32062.56;50;3.21;1;1
3221;32062.56;50;3.21;1;1
3222;32062.56;50;3.21;1;1
3223;32062.56;50;3.21;1;1
3224;32062.56;50;3.21;1;1
3225;32062.56;50;3.21;1;1
3226;32062.56;50;3.21;1;1
3227;32062.56;50;3.21;1;1
3228;32013.69;50;3.21;1;1
3229;32062.56;50;3.20;1;1
3230;32062.56;50;3.21;1;1
3231;32062.56;50;3.21;1;1
3232;32062.56;50;3.21;1;1
3233;32062.56;50;3.21;1;1
3234;32062.56;50;3.21;1;1
3235;32062.56;50;3.21;1;1
3236;32062.56;50;3.21;1;1
3237;32062.56;50;3.21;1;1
3238;32013.69;50;3.21;1;1
3239;32062.56;50;3.20;1;1
3240;32062.56;50;3.21;1;1
3241;32062.56;50;3.21;1;1
3242;32062.56;50;3.21;1;1
3243;32062.56;50;3.21;1;1
3244;32062.56;50;3.21;1;1
3245;32062.56;50;3.21;1;1
3246;32062.56;50;3.21;1;1
3247;32062.56;50;3.21;1;1
3248;32062.56;50;3.21;1;1
3249;32062.56;50;3.21;1;1
3250;32062.56;50;3.21;1;1
3251;32062.56;50;3.21;1;1
3252;32062.56;50;3.21;1;1
3253;32062.56;50;3.21;1;1
3254;32062.56;50;3.21;1;1
3255;32062.56;50;3.21;1;1
3256;32062.56;50;3.21;1;1
3257;32062.56;50;3.21;1;1
3258;32062.56;50;3.21;1;1
3259;32062.56;50;3.21;1;1
3260;32062.56;50;3.21;1;1
3261;32062.56;50;3.21;1;1
3262;32062.56;50;3.21;1;1
3263;32062.56;50;3.21;1;1
3264;32062.56;50;3.21;1;1
3265;32062.56;50;3.21;1;1
3266;32062.56;50;3.21;1;1
3267;32062.56;50;3.21;1;1
3268;32062.56;50;3.21;1;1
3269;32062.56;50;3.21;1;1
3270;32062.56;50;3.21;1;1
3271;32062.56;50;3.21;1;1
3272;32062.56;50;3.21;1;1
3273;32062.56;50;3.21;1;1
3274;32062.56;50;3.21;1;1
3275;32062.56;50;3.21;1;1
3276;32062.56;50;3.21;1;1
3277;32062.56;50;3.21;1;1
3278;32062.56;50;3.21;1;1
3279;32062.56;50;3.21;1;1
3280;32062.56;50;3.21;1;1
3281;32062.56;50;3.21;1;1
3282;32062.56;50;3.21;1;1
3283;32062.56;50;3.21;1;1
3284;32062.56;50;3.21;1;1
3285;32062.56;50;3.21;1;1
3286;32062.56;50;3.21;1;1
3287;32062.56;50;3.21;1;1
3288;32062.56;50;3.21;1;1
3289;32062.56;50;3.21;1;1
3290;32062.56;50;3.21;1;1
3291;32062.56;50;3.21;1;1
3292;32062.56;50;3.21;1;1
3293;32062.56;50;3.21;1;1
3294;32062.56;50;3.21;1;1
3295;32062.56;50;3.21;1;1
3296;32062.56;50;3.21;1;1
3297;32062.56;50;3.21;1;1
3298;32062.56;50;3.21;1;1
3299;32062.56;50;3.21;1;1
3300;32062.56;50;3.21;1;1
3301;32062.56;50;3.21;1;1
3302;32062.56;50;3.21;1;1
3303;32062.56;50;3.21;1;1
3304;32062.56;50;3.21;1;1
3305;32062.56;50;3.21;1;1
3306;32062.56;50;3.21;1;1
3307;32062.56;50;3.21;1;1
3308;32062.56;50;3.21;1;1
3309;32062.56;50;3.21;1;1
3310;32062.56;50;3.21;1;1
3311;32062.56;50;3.21;1;1
3312;32062.56;50;3.21;1;1
3313;32062.56;50;3.21;1;1
3314;32062.56;50;3.21;1;1
3315;32062.56;50;3.21;1;1
3316;32062.56;50;3.21;1;1
3317;32062.56;50;3.21;1;1
3318;32062.56;50;3.21;1;1
3319;32062.56;50;3.21;1;1
3320;32062.56;50;3.21;1;1
3321;32062.56;50;3.21;1;1
3322;32062.56;50;3.21;1;1
3323;32062.56;50;3.21;1;1
3324;32062.56;50;3.21;1;1
3325;32062.56;50;3.21;1;1
3326;32062.56;50;3.21;1;1
3327;32062.56;50;3.21;1;1
3328;32062.56;50;3.21;1;1
3329;32062.56;50;3.21;1;1
3330;32062.56;50;3.21;1;1
3331;32062.56;50;3.21;1;1
3332;32062.56;50;3.21;1;1
3333;32062.56;50;3.21;1;1
3334;32062.56;50;3.21;1;1
3335;32062.56;50;3.21;1;1
3336;32062.56;50;3.21;1;1
3337;32062.56;50;3.21;1;1
3338;32062.56;50;3.21;1;1
3339;32062.56;50;3.21;1;1
3340;32062.56;50;3.21;1;1
3341;32062.56;50;3.21;1;1
3342;32062.56;50;3.21;1;1
3343;32062.56;50;3.21;1;1
3344;32062.56;50;3.21;1;1
3345;32062.56;50;3.21;1;1
3346;32062.56;50;3.21;1;1
3347;32062.56;50;3.21;1;1
3348;32062.56;50;3.21;1;1
3349;32062.56;50;3.21;1;1
3350;32062.56;50;3.21;1;1
3351;32062.56;50;3.21;1;1
3352;32062.56;50;3.21;1;1
3353;32062.56;50;3.21;1;1
3354;32062.56;50;3.21;1;1
3355;32062.56;50;3.21;1;1
3356;32062.56;50;3.21;1;1
3357;32062.56;50;3.21;1;1
3358;32062.56;50;3.21;1;1
3359;32062.56;50;3.21;1;1
3360;32062.56;50;3.21;1;1
3361;32062.56;50;3.21;1;1
3362;32062.56;50;3.21;1;1
3363;32062.56;50;3.21;1;1
3364;32062.56;50;3.21;1;1
3365;32062.56;50;3.21;1;1
3366;32062.56;50;3.21;1;1
3367;32062.56;50;3.21;1;1
3368;32062.56;50;3.21;1;1
3369;32062.56;50;3.21;1;1
3370;32062.56;50;3.21;1;1
3371;32062.56;50;3.21;1;1
3372;32062.56;50;3.21;1;1
3373;32062.56;50;3.21;1;1
3374;32062.56;50;3.21;1;1
3375;32062.56;50;3.21;1;1
3376;32062.56;50;3.21;1;1
3377;32062.56;50;3.21;1;1
3378;32062.56;50;3.21;1;1
3379;32062.56;50;3.21;1;1
3380;32062.56;50;3.21;1;1
3381;32062.56;50;3.21;1;1
3382;32062.56;50;3.21;1;1
3383;32062.56;50;3.21;1;1
3384;32062.56;50;3.21;1;1
3385;32062.56;50;3.21;1;1
3386;32062.56;50;3.21;1;1
3387;32062.56;50;3.21;1;1
3388;32062.56;50;3.21;1;1
3389;32062.56;50;3.21;1;1
3390;32062.56;50;3.21;1;1
3391;32062.56;50;3.21;1;1
3392;32062.56;50;3.21;1;1
3393;32062.56;50;3.21;1;1
3394;32062.56;50;3.21;1;1
3395;32062.56;50;3.21;1;1
3396;32062.56;50;3.21;1;1
3397;32062.56;50;3.21;1;1
3398;32062.56;50;3.21;1;1
3399;32062.56;50;3.21;1;1
3400;32062.56;50;3.21;1;1
3401;32062.56;50;3.21;1;1
3402;32062.56;50;3.21;1;1
3403;32062.56;50;3.21;1;1
3404;32062.56;50;3.21;1;1
3405;32062.56;50;3.21;1;1
3406;32062.56;50;3.21;1;1
3407;32062.56;50;3.21;1;1
3408;32062.56;50;3.21;1;1
3409;32062.56;50;3.21;1;1
3410;32062.56;50;3.21;1;1
3411;32062.56;50;3.21;1;1
3412;32062.56;50;3.21;1;1
3413;32062.56;50;3.21;1;1
3414;32062.56;50;3.21;1;1
3415;32062.56;50;3.21;1;1
3416;32062.56;50;3.21;1;1
3417;32062.56;50;3.21;1;1
3418;32062.56;50;3.21;1;1
3419;32062.56;50;3.21;1;1
3420;32062.56;50;3.21;1;1
3421;32062.56;50;3.21;1;1
3422;32062.56;50;3.21;1;1
3423;32062.56;50;3.21;1;1
3424;32062.56;50;3.21;1;1
3425;32062.56;50;3.21;1;1
3426;32062.56;50;3.21;1;1
3427;32062.56;50;3.21;1;1
3428;32062.56;50;3.21;1;1
3429;32062.56;50;3.21;1;1
3430;32062.56;50;3.21;1;1
3431;32062.56;50;3.21;1;1
3432;32062.56;50;3.21;1;1
3433;32062.56;50;3.21;1;1
3434;32062.56;50;3.21;1;1
3435;32062.56;50;3.21;1;1
3436;32062.56;50;3.21;1;1
3437;32062.56;50;3.21;1;1
3438;32062.56;50;3.21;1;1
3439;32062.56;50;3.21;1;1
3440;32062.56;50;3.21;1;1
3441;32062.56;50;3.21;1;1
3442;32062.56;50;3.21;1;1
3443;32062.56;50;3.21;1;1
3444;32062.56;50;3.21;1;1
3445;32062.56;50;3.21;1;1
3446;32062.56;50;3.21;1;1
3447;32062.56;50;3.21;1;1
3448;32062.56;50;3.21;1;1
3449;32062.56;50;3.21;1;1
3450;32062.56;50;3.21;1;1
3451;32062.56;50;3.21;1;1
3452;32062.56;50;3.21;1;1
3453;32062.56;50;3.21;1;1
3454;32062.56;50;3.21;1;1
3455;32062.56;50;3.21;1;1
3456;32062.56;50;3.21;1;1
3457;32062.56;50;3.21;1;1
3458;32062.56;50;3.21;1;1
3459;32062.56;50;3.21;1;1
3460;32062.56;50;3.21;1;1
3461;32062.56;50;3.21;1;1
3462;32062.56;50;3.21;1;1
3463;32062.56;50;3.21;1;1
3464;32062.56;50;3.21;1;1
3465;32062.56;50;3.21;1;1
3466;32062.56;50;3.21;1;1
3467;32062.56;50;3.21;1;1
3468;32062.56;50;3.21;1;1
3469;32062.56;50;3.21;1;1
3470;32062.56;50;3.21;1;1
3471;32062.56;50;3.21;1;1
3472;32062.56;50;3.21;1;1
3473;32062.56;50;3.21;1;1
3474;32062.56;50;3.21;1;1
3475;32062.56;50;3.21;1;1
3476;32062.56;50;3.21;1;1
3477;32062.56;50;3.21;1;1
3478;32062.56;50;3.21;1;1
3479;32062.56;50;3.21;1;1
3480;32062.56;50;3.21;1;1
3481;32062.56;50;3.21;1;1
3482;32062.56;50;3.21;1;1
3483;32062.56;50;3.21;1;1
3484;32062.56;50;3.21;1;1
3485;32062.56;50;3.21;1;1
3486;32062.56;50;3.21;1;1
3487;32062.56;50;3.21;1;1
3488;32062.56;50;3.21;1;1
3489;32062.56;50;3.21;1;1
3490;32062.56;50;3.21;1;1
3491;32062.56;50;3.21;1;1
3492;32062.56;50;3.21;1;1
3493;32062.56;50;3.21;1;1
3494;32062.56;50;3.21;1;1
3495;32062.56;50;3.21;1;1
3496;32062.56;50;3.21;1;1
3497;32062.56;50;3.21;1;1
3498;32062.56;50;3.21;1;1
3499;32062.56;50;3.21;1;1
3500;32062.56;50;3.21;1;1
3501;32062.56;50;3.21;1;1
3502;32062.56;50;3.21;1;1
3503;32062.56;50;3.21;1;1
3504;32062.56;50;3.21;1;1
3505;32062.56;50;3.21;1;1
3506;32062.56;50;3.21;1;1
3507;32062.56;50;3.21;1;1
3508;32062.56;50;3.21;1;1
3509;32062.56;50;3.21;1;1
3510;32062.56;50;3.21;1;1
3511;32062.56;50;3.21;1;1
3512;32062.56;50;3.21;1;1
3513;32062.56;50;3.21;1;1
3514;32062.56;50;3.21;1;1
3515;32062.56;50;3.21;1;1
3516;32062.56;50;3.21;1;1
3517;32062.56;50;3.21;1;1
3518;32062.56;50;3.21;1;1
3519;32062.56;50;3.21;1;1
3520;32062.56;50;3.21;1;1
3521;32062.56;50;3.21;1;1
3522;32062.56;50;3.21;1;1
3523;32062.56;50;3.21;1;1
3524;32062.56;50;3.21;1;1
3525;32062.56;50;3.21;1;1
3526;32062.56;50;3.21;1;1
3527;32062.56;50;3.21;1;1
3528;32062.56;50;3.21;1;1
3529;32062.56;50;3.21;1;1
3530;32062.56;50;3.21;1;1
3531;32062.56;50;3.21;1;1
3532;32062.56;50;3.21;1;1
3533;32062.56;50;3.21;1;1
3534;32062.56;50;3.21;1;1
3535;32062.56;50;3.21;1;1
3536;32062.56;50;3.21;1;1
3537;32062.56;50;3.21;1;1
3538;32062.56;50;3.21;1;1
3539;32062.56;50;3.21;1;1
3540;32062.56;50;3.21;1;1
3541;32062.56;50;3.21;1;1
3542;32062.56;50;3.21;1;1
3543;32062.56;50;3.21;1;1
3544;32062.56;50;3.21;1;1
3545;32062.56;50;3.21;1;1
3546;32062.56;50;3.21;1;1
3547;32062.56;50;3.21;1;1
3548;32062.56;50;3.21;1;1
3549;32062.56;50;3.21;1;1
3550;32062.56;50;3.21;1;1
3551;32062.56;50;3.21;1;1
3552;32062.56;50;3.21;1;1
3553;32062.56;50;3.21;1;1
3554;32062.56;50;3.21;1;1
3555;32062.56;50;3.21;1;1
3556;32062.56;50;3.21;1;1
3557;32062.56;50;3.21;1;1
3558;32062.56;50;3.21;1;1
3559;32062.56;50;3.21;1;1
3560;32062.56;50;3.21;1;1
3561;32062.56;50;3.21;1;1
3562;32062.56;50;3.21;1;1
3563;32062.56;50;3.21;1;1
3564;32062.56;50;3.21;1;1
3565;32062.56;50;3.21;1;1
3566;32062.56;50;3.21;1;1
3567;32062.56;50;3.21;1;1
3568;32062.56;50;3.21;1;1
3569;32062.56;50;3.21;1;1
3570;32062.56;50;3.21;1;1
3571;32062.56;50;3.21;1;1
3572;32062.56;50;3.21;1;1
3573;32062.56;50;3.21;1;1
3574;32062.56;50;3.21;1;1
3575;32062.56;50;3.21;1;1
3576;32062.56;50;3.21;1;1
3577;32062.56;50;3.21;1;1
3578;32062.56;50;3.21;1;1
3579;32062.56;50;3.21;1;1
3580;32062.56;50;3.21;1;1
3581;32062.56;50;3.21;1;1
3582;32062.56;50;3.21;1;1
3583;32062.56;50;3.21;1;1
3584;32062.56;50;3.21;1;1
3585;32062.56;50;3.21;1;1
3586;32062.56;50;3.21;1;1
3587;32062.56;50;3.21;1;1
3588;32062.56;50;3.21;1;1
3589;32062.56;50;3.21;1;1
3590;32062.56;50;3.21;1;1
3591;32062.56;50;3.21;1;1
3592;32062.56;50;3.21;1;1
3593;32062.56;50;3.21;1;1
3594;32062.56;50;3.21;1;1
3595;32062.56;50;3.21;1;1
3596;32062.56;50;3.21;1;1
3597;32062.56;50;3.21;1;1
3598;32062.56;50;3.21;1;1
3599;32062.56;50;3.21;1;1
3600;32062.56;50;3.21;1;1
3601;32062.56;50;3.21;1;1
3602;32062.56;50;3.21;1;1
3603;32062.56;50;3.21;1;1
3604;32062.56;50;3.21;1;1
3605;32062.56;50;3.21;1;1
3606;32062.56;50;3.21;1;1
3607;32062.56;50;3.21;1;1
3608;32062.56;50;3.21;1;1
3609;32062.56;50;3.21;1;1
3610;32062.56;50;3.21;1;1
3611;32062.56;50;3.21;1;1
3612;32062.56;50;3.21;1;1
3613;32062.56;50;3.21;1;1
3614;32062.56;50;3.21;1;1
3615;32062.56;50;3.21;1;1
3616;32062.56;50;3.21;1;1
3617;32062.56;50;3.21;1;1
3618;32062.56;50;3.21;1;1
3619;32062.56;50;3.21;1;1
3620;32062.56;50;3.21;1;1
3621;32062.56;50;3.21;1;1
3622;32062.56;50;3.21;1;1
3623;32062.56;50;3.21;1;1
3624;32062.56;50;3.21;1;1
3625;32062.56;50;3.21;1;1
3626;32062.56;50;3.21;1;1
3627;32062.56;50;3.21;1;1
3628;32062.56;50;3.21;1;1
3629;32062.56;50;3.21;1;1
3630;32062.56;50;3.21;1;1
3631;32062.56;50;3.21;1;1
3632;32062.56;50;3.21;1;1
3633;32062.56;50;3.21;1;1
3634;32062.56;50;3.21;1;1
3635;32062.56;50;3.21;1;1
3636;32062.56;50;3.21;1;1
3637;32062.56;50;3.21;1;1
3638;32062.56;50;3.21;1;1
3639;32062.56;50;3.21;1;1
3640;32062.56;50;3.21;1;1
3641;32062.56;50;3.21;1;1
3642;32062.56;50;3.21;1;1
3643;32062.56;50;3.21;1;1
3644;32062.56;50;3.21;1;1
3645;32062.56;50;3.21;1;1
3646;32062.56;50;3.21;1;1
3647;32062.56;50;3.21;1;1
3648;32062.56;50;3.21;1;1
3649;32062.56;50;3.21;1;1
3650;32062.56;50;3.21;1;1
3651;32062.56;50;3.21;1;1
3652;32062.56;50;3.21;1;1
3653;32062.56;50;3.21;1;1
3654;32062.56;50;3.21;1;1
3655;32062.56;50;3.21;1;1
3656;32062.56;50;3.21;1;1
3657;32062.56;50;3.21;1;1
3658;32013.69;50;3.21;1;1
3659;32062.56;50;3.20;1;1
3660;32062.56;50;3.21;1;1
3661;32062.56;50;3.21;1;1
3662;32062.56;50;3.21;1;1
3663;32062.56;50;3.21;1;1
3664;32062.56;50;3.21;1;1
3665;32062.56;50;3.21;1;1
3666;32062.56;50;3.21;1;1
3667;32062.56;50;3.21;1;1
3668;32062.56;50;3.21;1;1
3669;32062.56;50;3.21;1;1
3670;32062.56;50;3.21;1;1
3671;32062.56;50;3.21;1;1
3672;32062.56;50;3.21;1;1
3673;32062.56;50;3.21;1;1
3674;32062.56;50;3.21;1;1
3675;32062.56;50;3.21;1;1
3676;32062.56;50;3.21;1;1
3677;32062.56;50;3.21;1;1
3678;32062.56;50;3.21;1;1
3679;32062.56;50;3.21;1;1
3680;32062.56;50;3.21;1;1
3681;32062.56;50;3.21;1;1
3682;32062.56;50;3.21;1;1
3683;32062.56;50;3.21;1;1
3684;32062.56;50;3.21;1;1
3685;32062.56;50;3.21;1;1
3686;32062.56;50;3.21;1;1
3687;32062.56;50;3.21;1;1
3688;32062.56;50;3.21;1;1
3689;32062.56;50;3.21;1;1
3690;32062.56;50;3.21;1;1
3691;32062.56;50;3.21;1;1
3692;32062.56;50;3.21;1;1
3693;32062.56;50;3.21;1;1
3694;32062.56;50;3.21;1;1
3695;32062.56;50;3.21;1;1
3696;32062.56;50;3.21;1;1
3697;32062.56;50;3.21;1;1
3698;32062.56;50;3.21;1;1
3699;32062.56;50;3.21;1;1
3700;32062.56;50;3.21;1;1
3701;32062.56;50;3.21;1;1
3702;32062.56;50;3.21;1;1
3703;32062.56;50;3.21;1;1
3704;32062.56;50;3.21;1;1
3705;32062.56;50;3.21;1;1
3706;32062.56;50;3.21;1;1
3707;32062.56;50;3.21;1;1
3708;32062.56;50;3.21;1;1
3709;32062.56;50;3.21;1;1
3710;32062.56;50;3.21;1;1
3711;32062.56;50;3.21;1;1
3712;32062.56;50;3.21;1;1
3713;32062.56;50;3.21;1;1
3714;32062.56;50;3.21;1;1
3715;32062.56;50;3.21;1;1
3716;32062.56;50;3.21;1;1
3717;32062.56;50;3.21;1;1
3718;32062.56;50;3.21;1;1
3719;32062.56;50;3.21;1;1
3720;32062.56;50;3.21;1;1
3721;32062.56;50;3.21;1;1
3722;32062.56;50;3.21;1;1
3723;32062.56;50;3.21;1;1
3724;32062.56;50;3.21;1;1
3725;32062.56;50;3.21;1;1
3726;32062.56;50;3.21;1;1
3727;32062.56;50;3.21;1;1
3728;32062.56;50;3.21;1;1
3729;32062.56;50;3.21;1;1
3730;32062.56;50;3.21;1;1
3731;32062.56;50;3.21;1;1
3732;32062.56;50;3.21;1;1
3733;32062.56;50;3.21;1;1
3734;32062.56;50;3.21;1;1
3735;32062.56;50;3.21;1;1
3736;32062.56;50;3.21;1;1
3737;32062.56;50;3.21;1;1
3738;32062.56;50;3.21;1;1
3739;32062.56;50;3.21;1;1
3740;32062.56;50;3.21;1;1
3741;32062.56;50;3.21;1;1
3742;32062.56;50;3.21;1;1
3743;32062.56;50;3.21;1;1
3744;32062.56;50;3.21;1;1
3745;32062.56;50;3.21;1;1
3746;32062.56;50;3.21;1;1
3747;32062.56;50;3.21;1;1
3748;32062.56;50;3.21;1;1
3749;32062.56;50;3.21;1;1
3750;32062.56;50;3.21;1;1
3751;32062.56;50;3.21;1;1
3752;32062.56;50;3.21;1;1
3753;32062.56;50;3.21;1;1
3754;32062.56;50;3.21;1;1
3755;32062.56;50;3.21;1;1
3756;32062.56;50;3.21;1;1
3757;32062.56;50;3.21;1;1
3758;32062.56;50;3.21;1;1
3759;32062.56;50;3.21;1;1
3760;32062.56;50;3.21;1;1
3761;32062.56;50;3.21;1;1
3762;32062.56;50;3.21;1;1
3763;32062.56;50;3.21;1;1
3764;32062.56;50;3.21;1;1
3765;32062.56;50;3.21;1;1
3766;32062.56;50;3.21;1;1
3767;32062.56;50;3.21;1;1
3768;32062.56;50;3.21;1;1
3769;32062.56;50;3.21;1;1
3770;32062.56;50;3.21;1;1
3771;32013.69;50;3.21;1;1
3772;31964.81;50;3.20;1;1
3773;31915.93;50;3.20;1;1
3774;31915.93;50;3.19;1;1
3775;31964.81;50;3.19;1;1
3776;31964.81;50;3.20;1;1
3777;31964.81;50;3.20;1;1
3778;31964.81;50;3.20;1;1
3779;31964.81;50;3.20;1;1
3780;32013.69;50;3.20;1;1
3781;31964.81;50;3.20;1;1
3782;32013.69;50;3.20;1;1
3783;32013.69;50;3.20;1;1
3784;31964.81;50;3.20;1;1
3785;31964.81;50;3.20;1;1
3786;32013.69;50;3.20;1;1
3787;32013.69;50;3.20;1;1
3788;32013.69;50;3.20;1;1
3789;32013.69;50;3.20;1;1
3790;32013.69;50;3.20;1;1
3791;32013.69;50;3.20;1;1
3792;32013.69;50;3.20;1;1
3793;32013.69;50;3.20;1;1
3794;32013.69;50;3.20;1;1
3795;32013.69;50;3.20;1;1
3796;32013.69;50;3.20;1;1
3797;32013.69;50;3.20;1;1
3798;32013.69;50;3.20;1;1
3799;32013.69;50;3.20;1;1
3800;32013.69;50;3.20;1;1
3801;31964.81;50;3.20;1;1
3802;31964.81;50;3.20;1;1
3803;32013.69;50;3.20;1;1
3804;31964.81;50;3.20;1;1
3805;31964.81;50;3.20;1;1
3806;31964.81;50;3.20;1;1
3807;31964.81;50;3.20;1;1
3808;31964.81;50;3.20;1;1
3809;32013.69;50;3.20;1;1
3810;31964.81;50;3.20;1;1
3811;32013.69;50;3.20;1;1
3812;31964.81;50;3.20;1;1
3813;31964.81;50;3.20;1;1
3814;31964.81;50;3.20;1;1
3815;32013.69;50;3.20;1;1
3816;31964.81;50;3.20;1;1
3817;31964.81;50;3.20;1;1
3818;31964.81;50;3.20;1;1
3819;32013.69;50;3.20;1;1
3820;31964.81;50;3.20;1;1
3821;31964.81;50;3.20;1;1
3822;31964.81;50;3.20;1;1
3823;32013.69;50;3.20;1;1
3824;32013.69;50;3.20;1;1
3825;31964.81;50;3.20;1;1
3826;31964.81;50;3.20;1;1
3827;31964.81;50;3.20;1;1
3828;32013.69;50;3.20;1;1
3829;32013.69;50;3.20;1;1
3830;31964.81;50;3.20;1;1
3831;32013.69;50;3.20;1;1
3832;31964.81;50;3.20;1;1
3833;31964.81;50;3.20;1;1
3834;31964.81;50;3.20;1;1
3835;31964.81;50;3.20;1;1
3836;31964.81;50;3.20;1;1
3837;32013.69;50;3.20;1;1
3838;32013.69;50;3.20;1;1
3839;32013.69;50;3.20;1;1
3840;32013.69;50;3.20;1;1
3841;31964.81;50;3.20;1;1
3842;31964.81;50;3.20;1;1
3843;31964.81;50;3.20;1;1
3844;32013.69;50;3.20;1;1
3845;31964.81;50;3.20;1;1
3846;31964.81;50;3.20;1;1
3847;32013.69;50;3.20;1;1
3848;32013.69;50;3.20;1;1
3849;31964.81;50;3.20;1;1
3850;31964.81;50;3.20;1;1
3851;31964.81;50;3.20;1;1
3852;31964.81;50;3.20;1;1
3853;31964.81;50;3.20;1;1
3854;31964.81;50;3.20;1;1
3855;32013.69;50;3.20;1;1
3856;31964.81;50;3.20;1;1
3857;32013.69;50;3.20;1;1
3858;31964.81;50;3.20;1;1
3859;31964.81;50;3.20;1;1
3860;31964.81;50;3.20;1;1
3861;32013.69;50;3.20;1;1
3862;31964.81;50;3.20;1;1
3863;31964.81;50;3.20;1;1
3864;31964.81;50;3.20;1;1
3865;31964.81;50;3.20;1;1
3866;31964.81;50;3.20;1;1
3867;31964.81;50;3.20;1;1
3868;31964.81;50;3.20;1;1
3869;31964.81;50;3.20;1;1
3870;31964.81;50;3.20;1;1
3871;31964.81;50;3.20;1;1
3872;31964.81;50;3.20;1;1
3873;31964.81;50;3.20;1;1
3874;31964.81;50;3.20;1;1
3875;31964.81;50;3.20;1;1
3876;31964.81;50;3.20;1;1
3877;31964.81;50;3.20;1;1
3878;31964.81;50;3.20;1;1
3879;31964.81;50;3.20;1;1
3880;31964.81;50;3.20;1;1
3881;31964.81;50;3.20;1;1
3882;31964.81;50;3.20;1;1
3883;31964.81;50;3.20;1;1
3884;31964.81;50;3.20;1;1
3885;31964.81;50;3.20;1;1
3886;31964.81;50;3.20;1;1
3887;31964.81;50;3.20;1;1
3888;31964.81;50;3.20;1;1
3889;31964.81;50;3.20;1;1
3890;31964.81;50;3.20;1;1
3891;31964.81;50;3.20;1;1
3892;31964.81;50;3.20;1;1
3893;31964.81;50;3.20;1;1
3894;31964.81;50;3.20;1;1
3895;31964.81;50;3.20;1;1
3896;31964.81;50;3.20;1;1
3897;31964.81;50;3.20;1;1
3898;31964.81;50;3.20;1;1
3899;31964.81;50;3.20;1;1
3900;31964.81;50;3.20;1;1
3901;31964.81;50;3.20;1;1
3902;31964.81;50;3.20;1;1
3903;31964.81;50;3.20;1;1
3904;31964.81;50;3.20;1;1
3905;31964.81;50;3.20;1;1
3906;31964.81;50;3.20;1;1
3907;31964.81;50;3.20;1;1
3908;31964.81;50;3.20;1;1
3909;31964.81;50;3.20;1;1
3910;31964.81;50;3.20;1;1
3911;31964.81;50;3.20;1;1
3912;31964.81;50;3.20;1;1
3913;31964.81;50;3.20;1;1
3914;31964.81;50;3.20;1;1
3915;31964.81;50;3.20;1;1
3916;31964.81;50;3.20;1;1
3917;31964.81;50;3.20;1;1
3918;31964.81;50;3.20;1;1
3919;31964.81;50;3.20;1;1
3920;31964.81;50;3.20;1;1
3921;31964.81;50;3.20;1;1
3922;31964.81;50;3.20;1;1
3923;31964.81;50;3.20;1;1
3924;31964.81;50;3.20;1;1
3925;31964.81;50;3.20;1;1
3926;31964.81;50;3.20;1;1
3927;31964.81;50;3.20;1;1
3928;31964.81;50;3.20;1;1
3929;31964.81;50;3.20;1;1
3930;31964.81;50;3.20;1;1
3931;31964.81;50;3.20;1;1
3932;31964.81;50;3.20;1;1
3933;31964.81;50;3.20;1;1
3934;31964.81;50;3.20;1;1
3935;31964.81;50;3.20;1;1
3936;31964.81;50;3.20;1;1
3937;31964.81;50;3.20;1;1
3938;31964.81;50;3.20;1;1
3939;31964.81;50;3.20;1;1
3940;31964.81;50;3.20;1;1
3941;31964.81;50;3.20;1;1
3942;31964.81;50;3.20;1;1
3943;31964.81;50;3.20;1;1
3944;31964.81;50;3.20;1;1
3945;31964.81;50;3.20;1;1
3946;31964.81;50;3.20;1;1
3947;31964.81;50;3.20;1;1
3948;32013.69;50;3.20;1;1
3949;31964.81;50;3.20;1;1
3950;32013.69;50;3.20;1;1
3951;32013.69;50;3.20;1;1
3952;32013.69;50;3.20;1;1
3953;32013.69;50;3.20;1;1
3954;32013.69;50;3.20;1;1
3955;32013.69;50;3.20;1;1
3956;32013.69;50;3.20;1;1
3957;32013.69;50;3.20;1;1
3958;32013.69;50;3.20;1;1
3959;32013.69;50;3.20;1;1
3960;32013.69;50;3.20;1;1
3961;32013.69;50;3.20;1;1
3962;32013.69;50;3.20;1;1
3963;32013.69;50;3.20;1;1
3964;32013.69;50;3.20;1;1
3965;32013.69;50;3.20;1;1
3966;32013.69;50;3.20;1;1
3967;32013.69;50;3.20;1;1
3968;32013.69;50;3.20;1;1
3969;32013.69;50;3.20;1;1
3970;32013.69;50;3.20;1;1
3971;32013.69;50;3.20;1;1
3972;32013.69;50;3.20;1;1
3973;32013.69;50;3.20;1;1
3974;32013.69;50;3.20;1;1
3975;32013.69;50;3.20;1;1
3976;32013.69;50;3.20;1;1
3977;32013.69;50;3.20;1;1
3978;32013.69;50;3.20;1;1
3979;32013.69;50;3.20;1;1
3980;32013.69;50;3.20;1;1
3981;32013.69;50;3.20;1;1
3982;32013.69;50;3.20;1;1
3983;32013.69;50;3.20;1;1
3984;32013.69;50;3.20;1;1
3985;32013.69;50;3.20;1;1
3986;32013.69;50;3.20;1;1
3987;32013.69;50;3.20;1;1
3988;32013.69;50;3.20;1;1
3989;32013.69;50;3.20;1;1
3990;32013.69;50;3.20;1;1
3991;32013.69;50;3.20;1;1
3992;32013.69;50;3.20;1;1
3993;32013.69;50;3.20;1;1
3994;32013.69;50;3.20;1;1
3995;32013.69;50;3.20;1;1
3996;32013.69;50;3.20;1;1
3997;32013.69;50;3.20;1;1
3998;32013.69;50;3.20;1;1
3999;32013.69;50;3.20;1;1
4000;32013.69;50;3.20;1;1
4001;32013.69;50;3.20;1;1
4002;32013.69;50;3.20;1;1
4003;32013.69;50;3.20;1;1
4004;32013.69;50;3.20;1;1
4005;32013.69;50;3.20;1;1
4006;32013.69;50;3.20;1;1
4007;32013.69;50;3.20;1;1
4008;32013.69;50;3.20;1;1
4009;32013.69;50;3.20;1;1
4010;32013.69;50;3.20;1;1
4011;32013.69;50;3.20;1;1
4012;32013.69;50;3.20;1;1
4013;32013.69;50;3.20;1;1
4014;32013.69;50;3.20;1;1
4015;32013.69;50;3.20;1;1
4016;32013.69;50;3.20;1;1
4017;32013.69;50;3.20;1;1
4018;32013.69;50;3.20;1;1
4019;32013.69;50;3.20;1;1
4020;32013.69;50;3.20;1;1
4021;32013.69;50;3.20;1;1
4022;32013.69;50;3.20;1;1
4023;32013.69;50;3.20;1;1
4024;32013.69;50;3.20;1;1
4025;32013.69;50;3.20;1;1
4026;32013.69;50;3.20;1;1
4027;32013.69;50;3.20;1;1
4028;32013.69;50;3.20;1;1
4029;32013.69;50;3.20;1;1
4030;32013.69;50;3.20;1;1
4031;32013.69;50;3.20;1;1
4032;32013.69;50;3.20;1;1
4033;32013.69;50;3.20;1;1
4034;32013.69;50;3.20;1;1
4035;32013.69;50;3.20;1;1
4036;32013.69;50;3.20;1;1
4037;32013.69;50;3.20;1;1
4038;32013.69;50;3.20;1;1
4039;32013.69;50;3.20;1;1
4040;32013.69;50;3.20;1;1
4041;32013.69;50;3.20;1;1
4042;32013.69;50;3.20;1;1
4043;32013.69;50;3.20;1;1
4044;32013.69;50;3.20;1;1
4045;32013.69;50;3.20;1;1
4046;32013.69;50;3.20;1;1
4047;32013.69;50;3.20;1;1
4048;32013.69;50;3.20;1;1
4049;32013.69;50;3.20;1;1
4050;32013.69;50;3.20;1;1
4051;32013.69;50;3.20;1;1
4052;32013.69;50;3.20;1;1
4053;32013.69;50;3.20;1;1
4054;32013.69;50;3.20;1;1
4055;32013.69;50;3.20;1;1
4056;32013.69;50;3.20;1;1
4057;32013.69;50;3.20;1;1
4058;32013.69;50;3.20;1;1
4059;32013.69;50;3.20;1;1
4060;32013.69;50;3.20;1;1
4061;32013.69;50;3.20;1;1
4062;32013.69;50;3.20;1;1
4063;32013.69;50;3.20;1;1
4064;32013.69;50;3.20;1;1
4065;32013.69;50;3.20;1;1
4066;32013.69;50;3.20;1;1
4067;32013.69;50;3.20;1;1
4068;32013.69;50;3.20;1;1
4069;32013.69;50;3.20;1;1
4070;32013.69;50;3.20;1;1
4071;32013.69;50;3.20;1;1
4072;32013.69;50;3.20;1;1
4073;32013.69;50;3.20;1;1
4074;32013.69;50;3.20;1;1
4075;32013.69;50;3.20;1;1
4076;32013.69;50;3.20;1;1
4077;32013.69;50;3.20;1;1
4078;32013.69;50;3.20;1;1
4079;32013.69;50;3.20;1;1
4080;32013.69;50;3.20;1;1
4081;32013.69;50;3.20;1;1
4082;32013.69;50;3.20;1;1
4083;32013.69;50;3.20;1;1
4084;32013.69;50;3.20;1;1
4085;32013.69;50;3.20;1;1
4086;32013.69;50;3.20;1;1
4087;32013.69;50;3.20;1;1
4088;32013.69;50;3.20;1;1
4089;32013.69;50;3.20;1;1
4090;32013.69;50;3.20;1;1
4091;32013.69;50;3.20;1;1
4092;32013.69;50;3.20;1;1
4093;32013.69;50;3.20;1;1
4094;32013.69;50;3.20;1;1
4095;32013.69;50;3.20;1;1
4096;32013.69;50;3.20;1;1
4097;32013.69;50;3.20;1;1
4098;32013.69;50;3.20;1;1
4099;32013.69;50;3.20;1;1
4100;32013.69;50;3.20;1;1
4101;32013.69;50;3.20;1;1
4102;32013.69;50;3.20;1;1
4103;32013.69;50;3.20;1;1
4104;32013.69;50;3.20;1;1
4105;32013.69;50;3.20;1;1
4106;32013.69;50;3.20;1;1
4107;32013.69;50;3.20;1;1
4108;32013.69;50;3.20;1;1
4109;32013.69;50;3.20;1;1
4110;32013.69;50;3.20;1;1
4111;32013.69;50;3.20;1;1
4112;32013.69;50;3.20;1;1
4113;32013.69;50;3.20;1;1
4114;32013.69;50;3.20;1;1
4115;32013.69;50;3.20;1;1
4116;32013.69;50;3.20;1;1
4117;32013.69;50;3.20;1;1
4118;32013.69;50;3.20;1;1
4119;32013.69;50;3.20;1;1
4120;32013.69;50;3.20;1;1
4121;32013.69;50;3.20;1;1
4122;32013.69;50;3.20;1;1
4123;32013.69;50;3.20;1;1
4124;32013.69;50;3.20;1;1
4125;32013.69;50;3.20;1;1
4126;32013.69;50;3.20;1;1
4127;32013.69;50;3.20;1;1
4128;32013.69;50;3.20;1;1
4129;32013.69;50;3.20;1;1
4130;32013.69;50;3.20;1;1
4131;32013.69;50;3.20;1;1
4132;32013.69;50;3.20;1;1
4133;32013.69;50;3.20;1;1
4134;32013.69;50;3.20;1;1
4135;32013.69;50;3.20;1;1
4136;32013.69;50;3.20;1;1
4137;32013.69;50;3.20;1;1
4138;32013.69;50;3.20;1;1
4139;32013.69;50;3.20;1;1
4140;32013.69;50;3.20;1;1
4141;32013.69;50;3.20;1;1
4142;32013.69;50;3.20;1;1
4143;32013.69;50;3.20;1;1
4144;32013.69;50;3.20;1;1
4145;32013.69;50;3.20;1;1
4146;32013.69;50;3.20;1;1
4147;32013.69;50;3.20;1;1
4148;32013.69;50;3.20;1;1
4149;32013.69;50;3.20;1;1
4150;32013.69;50;3.20;1;1
4151;32013.69;50;3.20;1;1
4152;32013.69;50;3.20;1;1
4153;32013.69;50;3.20;1;1
4154;32013.69;50;3.20;1;1
4155;32013.69;50;3.20;1;1
4156;32013.69;50;3.20;1;1
4157;32013.69;50;3.20;1;1
4158;32013.69;50;3.20;1;1
4159;32013.69;50;3.20;1;1
4160;32013.69;50;3.20;1;1
4161;32013.69;50;3.20;1;1
4162;32013.69;50;3.20;1;1
4163;32013.69;50;3.20;1;1
4164;32013.69;50;3.20;1;1
4165;32013.69;50;3.20;1;1
4166;32013.69;50;3.20;1;1
4167;32013.69;50;3.20;1;1
4168;32013.69;50;3.20;1;1
4169;32013.69;50;3.20;1;1
4170;32013.69;50;3.20;1;1
4171;32013.69;50;3.20;1;1
4172;32013.69;50;3.20;1;1
4173;32013.69;50;3.20;1;1
4174;32013.69;50;3.20;1;1
4175;32013.69;50;3.20;1;1
4176;32013.69;50;3.20;1;1
4177;32013.69;50;3.20;1;1
4178;32013.69;50;3.20;1;1
4179;32013.69;50;3.20;1;1
4180;32013.69;50;3.20;1;1
4181;32013.69;50;3.20;1;1
4182;32013.69;50;3.20;1;1
4183;32013.69;50;3.20;1;1
4184;32013.69;50;3.20;1;1
4185;32013.69;50;3.20;1;1
4186;32013.69;50;3.20;1;1
4187;32013.69;50;3.20;1;1
4188;32013.69;50;3.20;1;1
4189;32013.69;50;3.20;1;1
4190;32013.69;50;3.20;1;1
4191;32013.69;50;3.20;1;1
4192;32013.69;50;3.20;1;1
4193;32013.69;50;3.20;1;1
4194;32013.69;50;3.20;1;1
4195;32013.69;50;3.20;1;1
4196;32013.69;50;3.20;1;1
4197;32013.69;50;3.20;1;1
4198;32013.69;50;3.20;1;1
4199;31964.81;50;3.20;1;1
4200;32013.69;50;3.20;1;1
4201;32013.69;50;3.20;1;1
4202;32013.69;50;3.20;1;1
4203;32013.69;50;3.20;1;1
4204;32013.69;50;3.20;1;1
4205;32013.69;50;3.20;1;1
4206;32013.69;50;3.20;1;1
4207;32013.69;50;3.20;1;1
4208;32013.69;50;3.20;1;1
4209;32013.69;50;3.20;1;1
4210;32013.69;50;3.20;1;1
4211;32013.69;50;3.20;1;1
4212;32013.69;50;3.20;1;1
4213;32013.69;50;3.20;1;1
4214;32013.69;50;3.20;1;1
4215;32013.69;50;3.20;1;1
4216;32013.69;50;3.20;1;1
4217;32013.69;50;3.20;1;1
4218;32013.69;50;3.20;1;1
4219;32013.69;50;3.20;1;1
4220;32013.69;50;3.20;1;1
4221;32013.69;50;3.20;1;1
4222;32013.69;50;3.20;1;1
4223;32013.69;50;3.20;1;1
4224;32013.69;50;3.20;1;1
4225;32013.69;50;3.20;1;1
4226;32013.69;50;3.20;1;1
4227;32013.69;50;3.20;1;1
4228;32013.69;50;3.20;1;1
4229;32013.69;50;3.20;1;1
4230;32013.69;50;3.20;1;1
4231;32013.69;50;3.20;1;1
4232;32013.69;50;3.20;1;1
4233;32013.69;50;3.20;1;1
4234;32013.69;50;3.20;1;1
4235;31964.81;50;3.20;1;1
4236;32062.56;50;3.20;1;1
4237;32111.44;50;3.21;1;1
4238;32111.44;50;3.21;1;1
4239;32111.44;50;3.21;1;1
4240;32111.44;50;3.21;1;1
4241;32111.44;50;3.21;1;1
4242;32111.44;50;3.21;1;1
4243;32111.44;50;3.21;1;1
4244;32111.44;50;3.21;1;1
4245;32111.44;50;3.21;1;1
4246;32111.44;50;3.21;1;1
4247;32160.31;50;3.21;1;1
4248;32111.44;50;3.22;1;1
4249;32111.44;50;3.21;1;1
4250;32160.31;50;3.21;1;1
4251;32111.44;50;3.22;1;1
4252;32160.31;50;3.21;1;1
4253;32160.31;50;3.22;1;1
4254;32160.31;50;3.22;1;1
4255;32160.31;50;3.22;1;1
4256;32160.31;50;3.22;1;1
4257;32160.31;50;3.22;1;1
4258;32160.31;50;3.22;1;1
4259;32160.31;50;3.22;1;1
4260;32160.31;50;3.22;1;1
4261;32160.31;50;3.22;1;1
4262;32160.31;50;3.22;1;1
4263;32209.19;50;3.22;1;1
4264;32209.19;50;3.22;1;1
4265;32209.19;50;3.22;1;1
4266;32209.19;50;3.22;1;1
4267;32160.31;50;3.22;1;1
4268;32209.19;50;3.22;1;1
4269;32209.19;50;3.22;1;1
4270;32209.19;50;3.22;1;1
4271;32209.19;50;3.22;1;1
4272;32209.19;50;3.22;1;1
4273;32209.19;50;3.22;1;1
4274;32209.19;50;3.22;1;1
4275;32209.19;50;3.22;1;1
4276;32258.06;50;3.22;1;1
4277;32209.19;50;3.23;1;1
4278;32258.06;50;3.22;1;1
4279;32258.06;50;3.23;1;1
4280;32258.06;50;3.23;1;1
4281;32258.06;50;3.23;1;1
4282;32306.94;50;3.23;1;1
4283;32306.94;50;3.23;1;1
4284;32306.94;50;3.23;1;1
4285;32306.94;50;3.23;1;1
4286;32306.94;50;3.23;1;1
4287;32355.82;50;3.23;1;1
4288;32355.82;50;3.24;1;1
4289;32355.82;50;3.24;1;1
4290;32355.82;50;3.24;1;1
4291;32355.82;50;3.24;1;1
4292;32355.82;50;3.24;1;1
4293;32355.82;50;3.24;1;1
4294;32355.82;50;3.24;1;1
4295;32404.69;50;3.24;1;1
4296;32404.69;50;3.24;1;1
4297;32404.69;50;3.24;1;1
4298;32404.69;50;3.24;1;1
4299;32404.69;50;3.24;1;1
4300;32404.69;50;3.24;1;1
4301;32404.69;50;3.24;1;1
4302;32404.69;50;3.24;1;1
4303;32404.69;50;3.24;1;1
4304;32404.69;50;3.24;1;1
4305;32404.69;50;3.24;1;1
4306;32404.69;50;3.24;1;1
4307;32453.57;50;3.24;1;1
4308;32404.69;50;3.25;1;1
4309;32404.69;50;3.24;1;1
4310;32453.57;50;3.24;1;1
4311;32453.57;50;3.25;1;1
4312;32453.57;50;3.25;1;1
4313;32453.57;50;3.25;1;1
4314;32453.57;50;3.25;1;1
4315;32453.57;50;3.25;1;1
4316;32453.57;50;3.25;1;1
4317;32453.57;50;3.25;1;1
4318;32453.57;50;3.25;1;1
4319;32453.57;50;3.25;1;1
4320;32453.57;50;3.25;1;1
4321;32502.44;50;3.25;1;1
4322;32453.57;50;3.25;1;1
4323;32453.57;50;3.25;1;1
4324;32502.44;50;3.25;1;1
4325;32502.44;50;3.25;1;1
4326;32502.44;50;3.25;1;1
4327;32502.44;50;3.25;1;1
4328;32502.44;50;3.25;1;1
4329;32502.44;50;3.25;1;1
4330;32502.44;50;3.25;1;1
4331;32502.44;50;3.25;1;1
4332;32502.44;50;3.25;1;1
4333;32502.44;50;3.25;1;1
4334;32502.44;50;3.25;1;1
4335;32551.32;50;3.25;1;1
4336;32551.32;50;3.26;1;1
4337;32551.32;50;3.26;1;1
4338;32551.32;50;3.26;1;1
4339;32551.32;50;3.26;1;1
4340;32600.20;50;3.26;1;1
4341;32600.20;50;3.26;1;1
4342;32600.20;50;3.26;1;1
4343;32600.20;50;3.26;1;1
4344;32649.07;50;3.26;1;1
4345;32649.07;50;3.26;1;1
4346;32600.20;50;3.26;1;1
4347;32649.07;50;3.26;1;1
4348;32649.07;50;3.26;1;1
4349;32649.07;50;3.26;1;1
4350;32649.07;50;3.26;1;1
4351;32649.07;50;3.26;1;1
4352;32649.07;50;3.26;1;1
4353;32649.07;50;3.26;1;1
4354;32649.07;50;3.26;1;1
4355;32649.07;50;3.26;1;1
4356;32697.95;50;3.26;1;1
4357;32697.95;50;3.27;1;1
4358;32697.95;50;3.27;1;1
4359;32697.95;50;3.27;1;1
4360;32697.95;50;3.27;1;1
4361;32697.95;50;3.27;1;1
4362;32697.95;50;3.27;1;1
4363;32697.95;50;3.27;1;1
4364;32697.95;50;3.27;1;1
4365;32697.95;50;3.27;1;1
4366;32697.95;50;3.27;1;1
4367;32697.95;50;3.27;1;1
4368;32697.95;50;3.27;1;1
4369;32649.07;50;3.27;1;1
4370;32697.95;50;3.26;1;1
4371;32649.07;50;3.27;1;1
4372;32649.07;50;3.26;1;1
4373;32649.07;50;3.26;1;1
4374;32697.95;50;3.26;1;1
4375;32649.07;50;3.27;1;1
4376;32649.07;50;3.26;1;1
4377;32649.07;50;3.26;1;1
4378;32649.07;50;3.26;1;1
4379;32649.07;50;3.26;1;1
4380;32649.07;50;3.26;1;1
4381;32649.07;50;3.26;1;1
4382;32649.07;50;3.26;1;1
4383;32697.95;50;3.26;1;1
4384;32697.95;50;3.27;1;1
4385;32697.95;50;3.27;1;1
4386;32697.95;50;3.27;1;1
4387;32649.07;50;3.27;1;1
4388;32697.95;50;3.26;1;1
4389;32697.95;50;3.27;1;1
4390;32697.95;50;3.27;1;1
4391;32697.95;50;3.27;1;1
4392;32697.95;50;3.27;1;1
4393;32697.95;50;3.27;1;1
4394;32697.95;50;3.27;1;1
4395;32697.95;50;3.27;1;1
4396;32697.95;50;3.27;1;1
4397;32697.95;50;3.27;1;1
4398;32697.95;50;3.27;1;1
4399;32697.95;50;3.27;1;1
4400;32697.95;50;3.27;1;1
4401;32697.95;50;3.27;1;1
4402;32746.82;50;3.27;1;1
4403;32697.95;50;3.27;1;1
4404;32697.95;50;3.27;1;1
4405;32697.95;50;3.27;1;1
4406;32697.95;50;3.27;1;1
4407;32697.95;50;3.27;1;1
4408;32697.95;50;3.27;1;1
4409;32697.95;50;3.27;1;1
4410;32697.95;50;3.27;1;1
4411;32697.95;50;3.27;1;1
4412;32697.95;50;3.27;1;1
4413;32697.95;50;3.27;1;1
4414;32697.95;50;3.27;1;1
4415;32697.95;50;3.27;1;1
4416;32697.95;50;3.27;1;1
4417;32697.95;50;3.27;1;1
4418;32697.95;50;3.27;1;1
4419;32697.95;50;3.27;1;1
4420;32697.95;50;3.27;1;1
4421;32697.95;50;3.27;1;1
4422;32697.95;50;3.27;1;1
4423;32697.95;50;3.27;1;1
4424;32697.95;50;3.27;1;1
4425;32697.95;50;3.27;1;1
4426;32697.95;50;3.27;1;1
4427;32697.95;50;3.27;1;1
4428;32697.95;50;3.27;1;1
4429;32697.95;50;3.27;1;1
4430;32697.95;50;3.27;1;1
4431;32697.95;50;3.27;1;1
4432;32697.95;50;3.27;1;1
4433;32697.95;50;3.27;1;1
4434;32697.95;50;3.27;1;1
4435;32697.95;50;3.27;1;1
4436;32697.95;50;3.27;1;1
4437;32697.95;50;3.27;1;1
4438;32697.95;50;3.27;1;1
4439;32697.95;50;3.27;1;1
4440;32697.95;50;3.27;1;1
4441;32697.95;50;3.27;1;1
4442;32697.95;50;3.27;1;1
4443;32697.95;50;3.27;1;1
4444;32697.95;50;3.27;1;1
4445;32697.95;50;3.27;1;1
4446;32697.95;50;3.27;1;1
4447;32697.95;50;3.27;1;1
4448;32697.95;50;3.27;1;1
4449;32697.95;50;3.27;1;1
4450;32697.95;50;3.27;1;1
4451;32697.95;50;3.27;1;1
4452;32697.95;50;3.27;1;1
4453;32697.95;50;3.27;1;1
4454;32697.95;50;3.27;1;1
4455;32649.07;50;3.27;1;1
4456;32649.07;50;3.26;1;1
4457;32649.07;50;3.26;1;1
4458;32649.07;50;3.26;1;1
4459;32649.07;50;3.26;1;1
4460;32649.07;50;3.26;1;1
4461;32649.07;50;3.26;1;1
4462;32649.07;50;3.26;1;1
4463;32600.20;50;3.26;1;1
4464;32600.20;50;3.26;1;1
4465;32600.20;50;3.26;1;1
4466;32600.20;50;3.26;1;1
4467;32600.20;50;3.26;1;1
4468;32600.20;50;3.26;1;1
4469;32600.20;50;3.26;1;1
4470;32600.20;50;3.26;1;1
4471;32600.20;50;3.26;1;1
4472;32600.20;50;3.26;1;1
4473;32600.20;50;3.26;1;1
4474;32600.20;50;3.26;1;1
4475;32600.20;50;3.26;1;1
4476;32600.20;50;3.26;1;1
4477;32600.20;50;3.26;1;1
4478;32600.20;50;3.26;1;1
4479;32600.20;50;3.26;1;1
4480;32600.20;50;3.26;1;1
4481;32600.20;50;3.26;1;1
4482;32600.20;50;3.26;1;1
4483;32600.20;50;3.26;1;1
4484;32600.20;50;3.26;1;1
4485;32600.20;50;3.26;1;1
4486;32600.20;50;3.26;1;1
4487;32600.20;50;3.26;1;1
4488;32600.20;50;3.26;1;1
4489;32649.07;50;3.26;1;1
4490;32600.20;50;3.26;1;1
4491;32600.20;50;3.26;1;1
4492;32600.20;50;3.26;1;1
4493;32600.20;50;3.26;1;1
4494;32600.20;50;3.26;1;1
4495;32649.07;50;3.26;1;1
4496;32600.20;50;3.26;1;1
4497;32649.07;50;3.26;1;1
4498;32600.20;50;3.26;1;1
4499;32600.20;50;3.26;1;1
4500;32600.20;50;3.26;1;1
4501;32600.20;50;3.26;1;1
4502;32600.20;50;3.26;1;1
4503;32600.20;50;3.26;1;1
4504;32600.20;50;3.26;1;1
4505;32600.20;50;3.26;1;1
4506;32649.07;50;3.26;1;1
4507;32649.07;50;3.26;1;1
4508;32649.07;50;3.26;1;1
4509;32649.07;50;3.26;1;1
4510;32600.20;50;3.26;1;1
4511;32600.20;50;3.26;1;1
4512;32600.20;50;3.26;1;1
4513;32600.20;50;3.26;1;1
4514;32600.20;50;3.26;1;1
4515;32600.20;50;3.26;1;1
4516;32600.20;50;3.26;1;1
4517;32600.20;50;3.26;1;1
4518;32600.20;50;3.26;1;1
4519;32600.20;50;3.26;1;1
4520;32600.20;50;3.26;1;1
4521;32600.20;50;3.26;1;1
4522;32600.20;50;3.26;1;1
4523;32600.20;50;3.26;1;1
4524;32600.20;50;3.26;1;1
4525;32600.20;50;3.26;1;1
4526;32600.20;50;3.26;1;1
4527;32600.20;50;3.26;1;1
4528;32600.20;50;3.26;1;1
4529;32600.20;50;3.26;1;1
4530;32600.20;50;3.26;1;1
4531;32600.20;50;3.26;1;1
4532;32600.20;50;3.26;1;1
4533;32600.20;50;3.26;1;1
4534;32600.20;50;3.26;1;1
4535;32600.20;50;3.26;1;1
4536;32600.20;50;3.26;1;1
4537;32600.20;50;3.26;1;1
4538;32600.20;50;3.26;1;1
4539;32600.20;50;3.26;1;1
4540;32600.20;50;3.26;1;1
4541;32600.20;50;3.26;1;1
4542;32600.20;50;3.26;1;1
4543;32600.20;50;3.26;1;1
4544;32600.20;50;3.26;1;1
4545;32600.20;50;3.26;1;1
4546;32600.20;50;3.26;1;1
4547;32600.20;50;3.26;1;1
4548;32551.32;50;3.26;1;1
4549;32551.32;50;3.26;1;1
4550;32551.32;50;3.26;1;1
4551;32551.32;50;3.26;1;1
4552;32551.32;50;3.26;1;1
4553;32551.32;50;3.26;1;1
4554;32551.32;50;3.26;1;1
4555;32551.32;50;3.26;1;1
4556;32600.20;50;3.26;1;1
4557;32600.20;50;3.26;1;1
4558;32600.20;50;3.26;1;1
4559;32600.20;50;3.26;1;1
4560;32600.20;50;3.26;1;1
4561;32600.20;50;3.26;1;1
4562;32600.20;50;3.26;1;1
4563;32600.20;50;3.26;1;1
4564;32600.20;50;3.26;1;1
4565;32600.20;50;3.26;1;1
4566;32600.20;50;3.26;1;1
4567;32600.20;50;3.26;1;1
4568;32600.20;50;3.26;1;1
4569;32600.20;50;3.26;1;1
4570;32600.20;50;3.26;1;1
4571;32600.20;50;3.26;1;1
4572;32600.20;50;3.26;1;1
4573;32600.20;50;3.26;1;1
4574;32600.20;50;3.26;1;1
4575;32600.20;50;3.26;1;1
4576;32600.20;50;3.26;1;1
4577;32551.32;50;3.26;1;1
4578;32551.32;50;3.26;1;1
4579;32600.20;50;3.26;1;1
4580;32600.20;50;3.26;1;1
4581;32551.32;50;3.26;1;1
4582;32600.20;50;3.26;1;1
4583;32600.20;50;3.26;1;1
4584;32600.20;50;3.26;1;1
4585;32600.20;50;3.26;1;1
4586;32600.20;50;3.26;1;1
4587;32600.20;50;3.26;1;1
4588;32600.20;50;3.26;1;1
4589;32600.20;50;3.26;1;1
4590;32551.32;50;3.26;1;1
4591;32600.20;50;3.26;1;1
4592;32600.20;50;3.26;1;1
4593;32551.32;50;3.26;1;1
4594;32600.20;50;3.26;1;1
4595;32551.32;50;3.26;1;1
4596;32600.20;50;3.26;1;1
4597;32551.32;50;3.26;1;1
4598;32551.32;50;3.26;1;1
4599;32600.20;50;3.26;1;1
4600;32551.32;50;3.26;1;1
4601;32600.20;50;3.26;1;1
4602;32600.20;50;3.26;1;1
4603;32551.32;50;3.26;1;1
4604;32551.32;50;3.26;1;1
4605;32600.20;50;3.26;1;1
4606;32551.32;50;3.26;1;1
4607;32551.32;50;3.26;1;1
4608;32551.32;50;3.26;1;1
4609;32551.32;50;3.26;1;1
4610;32600.20;50;3.26;1;1
4611;32600.20;50;3.26;1;1
4612;32649.07;50;3.26;1;1
4613;32600.20;50;3.26;1;1
4614;32600.20;50;3.26;1;1
4615;32649.07;50;3.26;1;1
4616;32649.07;50;3.26;1;1
4617;32600.20;50;3.26;1;1
4618;32600.20;50;3.26;1;1
4619;32600.20;50;3.26;1;1
4620;32600.20;50;3.26;1;1
4621;32600.20;50;3.26;1;1
4622;32600.20;50;3.26;1;1
4623;32600.20;50;3.26;1;1
4624;32600.20;50;3.26;1;1
4625;32600.20;50;3.26;1;1
4626;32600.20;50;3.26;1;1
4627;32600.20;50;3.26;1;1
4628;32600.20;50;3.26;1;1
4629;32600.20;50;3.26;1;1
4630;32600.20;50;3.26;1;1
4631;32600.20;50;3.26;1;1
4632;32600.20;50;3.26;1;1
4633;32600.20;50;3.26;1;1
4634;32600.20;50;3.26;1;1
4635;32600.20;50;3.26;1;1
4636;32600.20;50;3.26;1;1
4637;32600.20;50;3.26;1;1
4638;32600.20;50;3.26;1;1
4639;32600.20;50;3.26;1;1
4640;32600.20;50;3.26;1;1
4641;32600.20;50;3.26;1;1
4642;32600.20;50;3.26;1;1
4643;32600.20;50;3.26;1;1
4644;32600.20;50;3.26;1;1
4645;32600.20;50;3.26;1;1
4646;32600.20;50;3.26;1;1
4647;32600.20;50;3.26;1;1
4648;32600.20;50;3.26;1;1
4649;32600.20;50;3.26;1;1
4650;32600.20;50;3.26;1;1
4651;32600.20;50;3.26;1;1
4652;32600.20;50;3.26;1;1
4653;32600.20;50;3.26;1;1
4654;32600.20;50;3.26;1;1
4655;32600.20;50;3.26;1;1
4656;32600.20;50;3.26;1;1
4657;32600.20;50;3.26;1;1
4658;32600.20;50;3.26;1;1
4659;32600.20;50;3.26;1;1
4660;32600.20;50;3.26;1;1
4661;32600.20;50;3.26;1;1
4662;32600.20;50;3.26;1;1
4663;32600.20;50;3.26;1;1
4664;32600.20;50;3.26;1;1
4665;32600.20;50;3.26;1;1
4666;32600.20;50;3.26;1;1
4667;32600.20;50;3.26;1;1
4668;32600.20;50;3.26;1;1
4669;32600.20;50;3.26;1;1
4670;32600.20;50;3.26;1;1
4671;32600.20;50;3.26;1;1
4672;32600.20;50;3.26;1;1
4673;32600.20;50;3.26;1;1
4674;32600.20;50;3.26;1;1
4675;32600.20;50;3.26;1;1
4676;32600.20;50;3.26;1;1
4677;32600.20;50;3.26;1;1
4678;32600.20;50;3.26;1;1
4679;32600.20;50;3.26;1;1
4680;32600.20;50;3.26;1;1
4681;32600.20;50;3.26;1;1
4682;32600.20;50;3.26;1;1
4683;32649.07;50;3.26;1;1
4684;32649.07;50;3.26;1;1
4685;32649.07;50;3.26;1;1
4686;32649.07;50;3.26;1;1
4687;32649.07;50;3.26;1;1
4688;32649.07;50;3.26;1;1
4689;32649.07;50;3.26;1;1
4690;32649.07;50;3.26;1;1
4691;32649.07;50;3.26;1;1
4692;32649.07;50;3.26;1;1
4693;32649.07;50;3.26;1;1
4694;32649.07;50;3.26;1;1
4695;32600.20;50;3.26;1;1
4696;32600.20;50;3.26;1;1
4697;32600.20;50;3.26;1;1
4698;32600.20;50;3.26;1;1
4699;32600.20;50;3.26;1;1
4700;32600.20;50;3.26;1;1
4701;32600.20;50;3.26;1;1
4702;32600.20;50;3.26;1;1
4703;32649.07;50;3.26;1;1
4704;32600.20;50;3.26;1;1
4705;32600.20;50;3.26;1;1
4706;32600.20;50;3.26;1;1
4707;32600.20;50;3.26;1;1
4708;32600.20;50;3.26;1;1
4709;32600.20;50;3.26;1;1
4710;32600.20;50;3.26;1;1
4711;32600.20;50;3.26;1;1
4712;32600.20;50;3.26;1;1
4713;32649.07;50;3.26;1;1
4714;32600.20;50;3.26;1;1
4715;32600.20;50;3.26;1;1
4716;32600.20;50;3.26;1;1
4717;32649.07;50;3.26;1;1
4718;32649.07;50;3.26;1;1
4719;32649.07;50;3.26;1;1
4720;32649.07;50;3.26;1;1
4721;32600.20;50;3.26;1;1
4722;32649.07;50;3.26;1;1
4723;32600.20;50;3.26;1;1
4724;32600.20;50;3.26;1;1
4725;32600.20;50;3.26;1;1
4726;32600.20;50;3.26;1;1
4727;32600.20;50;3.26;1;1
4728;32649.07;50;3.26;1;1
4729;32649.07;50;3.26;1;1
4730;32600.20;50;3.26;1;1
4731;32649.07;50;3.26;1;1
4732;32649.07;50;3.26;1;1
4733;32600.20;50;3.26;1;1
4734;32600.20;50;3.26;1;1
4735;32649.07;50;3.26;1;1
4736;32649.07;50;3.26;1;1
4737;32649.07;50;3.26;1;1
4738;32600.20;50;3.26;1;1
4739;32649.07;50;3.26;1;1
4740;32600.20;50;3.26;1;1
4741;32600.20;50;3.26;1;1
4742;32600.20;50;3.26;1;1
4743;32600.20;50;3.26;1;1
4744;32600.20;50;3.26;1;1
4745;32600.20;50;3.26;1;1
4746;32600.20;50;3.26;1;1
4747;32600.20;50;3.26;1;1
4748;32600.20;50;3.26;1;1
4749;32600.20;50;3.26;1;1
4750;32600.20;50;3.26;1;1
4751;32600.20;50;3.26;1;1
4752;32600.20;50;3.26;1;1
4753;32600.20;50;3.26;1;1
4754;32600.20;50;3.26;1;1
4755;32649.07;50;3.26;1;1
4756;32649.07;50;3.26;1;1
4757;32649.07;50;3.26;1;1
4758;32600.20;50;3.26;1;1
4759;32600.20;50;3.26;1;1
4760;32600.20;50;3.26;1;1
4761;32649.07;50;3.26;1;1
4762;32649.07;50;3.26;1;1
4763;32600.20;50;3.26;1;1
4764;32649.07;50;3.26;1;1
4765;32649.07;50;3.26;1;1
4766;32649.07;50;3.26;1;1
4767;32649.07;50;3.26;1;1
4768;32649.07;50;3.26;1;1
4769;32649.07;50;3.26;1;1
4770;32649.07;50;3.26;1;1
4771;32649.07;50;3.26;1;1
4772;32600.20;50;3.26;1;1
4773;32600.20;50;3.26;1;1
4774;32600.20;50;3.26;1;1
4775;32600.20;50;3.26;1;1
4776;32649.07;50;3.26;1;1
4777;32649.07;50;3.26;1;1
4778;32600.20;50;3.26;1;1
4779;32600.20;50;3.26;1;1
4780;32649.07;50;3.26;1;1
4781;32600.20;50;3.26;1;1
4782;32600.20;50;3.26;1;1
4783;32649.07;50;3.26;1;1
4784;32600.20;50;3.26;1;1
4785;32649.07;50;3.26;1;1
4786;32649.07;50;3.26;1;1
4787;32649.07;50;3.26;1;1
4788;32649.07;50;3.26;1;1
4789;32600.20;50;3.26;1;1
4790;32600.20;50;3.26;1;1
4791;32600.20;50;3.26;1;1
4792;32600.20;50;3.26;1;1
4793;32600.20;50;3.26;1;1
4794;32600.20;50;3.26;1;1
4795;32600.20;50;3.26;1;1
4796;32600.20;50;3.26;1;1
4797;32600.20;50;3.26;1;1
4798;32600.20;50;3.26;1;1
4799;32600.20;50;3.26;1;1
4800;32600.20;50;3.26;1;1
4801;32600.20;50;3.26;1;1
4802;32600.20;50;3.26;1;1
4803;32600.20;50;3.26;1;1
4804;32600.20;50;3.26;1;1
4805;32600.20;50;3.26;1;1
4806;32600.20;50;3.26;1;1
4807;32600.20;50;3.26;1;1
4808;32600.20;50;3.26;1;1
4809;32600.20;50;3.26;1;1
4810;32600.20;50;3.26;1;1
4811;32600.20;50;3.26;1;1
4812;32600.20;50;3.26;1;1
4813;32600.20;50;3.26;1;1
4814;32600.20;50;3.26;1;1
4815;32600.20;50;3.26;1;1
4816;32600.20;50;3.26;1;1
4817;32600.20;50;3.26;1;1
4818;32600.20;50;3.26;1;1
4819;32600.20;50;3.26;1;1
4820;32600.20;50;3.26;1;1
4821;32600.20;50;3.26;1;1
4822;32600.20;50;3.26;1;1
4823;32600.20;50;3.26;1;1
4824;32600.20;50;3.26;1;1
4825;32600.20;50;3.26;1;1
4826;32600.20;50;3.26;1;1
4827;32600.20;50;3.26;1;1
4828;32600.20;50;3.26;1;1
4829;32600.20;50;3.26;1;1
4830;32600.20;50;3.26;1;1
4831;32600.20;50;3.26;1;1
4832;32600.20;50;3.26;1;1
4833;32600.20;50;3.26;1;1
4834;32600.20;50;3.26;1;1
4835;32600.20;50;3.26;1;1
4836;32600.20;50;3.26;1;1
4837;32600.20;50;3.26;1;1
4838;32600.20;50;3.26;1;1
4839;32600.20;50;3.26;1;1
4840;32600.20;50;3.26;1;1
4841;32600.20;50;3.26;1;1
4842;32600.20;50;3.26;1;1
4843;32600.20;50;3.26;1;1
4844;32600.20;50;3.26;1;1
4845;32600.20;50;3.26;1;1
4846;32600.20;50;3.26;1;1
4847;32600.20;50;3.26;1;1
4848;32600.20;50;3.26;1;1
4849;32600.20;50;3.26;1;1
4850;32600.20;50;3.26;1;1
4851;32600.20;50;3.26;1;1
4852;32600.20;50;3.26;1;1
4853;32600.20;50;3.26;1;1
4854;32600.20;50;3.26;1;1
4855;32600.20;50;3.26;1;1
4856;32600.20;50;3.26;1;1
4857;32600.20;50;3.26;1;1
4858;32600.20;50;3.26;1;1
4859;32600.20;50;3.26;1;1
4860;32600.20;50;3.26;1;1
4861;32600.20;50;3.26;1;1
4862;32600.20;50;3.26;1;1
4863;32600.20;50;3.26;1;1
4864;32600.20;50;3.26;1;1
4865;32600.20;50;3.26;1;1
4866;32600.20;50;3.26;1;1
4867;32600.20;50;3.26;1;1
4868;32600.20;50;3.26;1;1
4869;32600.20;50;3.26;1;1
4870;32600.20;50;3.26;1;1
4871;32600.20;50;3.26;1;1
4872;32600.20;50;3.26;1;1
4873;32600.20;50;3.26;1;1
4874;32600.20;50;3.26;1;1
4875;32600.20;50;3.26;1;1
4876;32600.20;50;3.26;1;1
4877;32600.20;50;3.26;1;1
4878;32600.20;50;3.26;1;1
4879;32600.20;50;3.26;1;1
4880;32600.20;50;3.26;1;1
4881;32600.20;50;3.26;1;1
4882;32600.20;50;3.26;1;1
4883;32600.20;50;3.26;1;1
4884;32600.20;50;3.26;1;1
4885;32600.20;50;3.26;1;1
4886;32600.20;50;3.26;1;1
4887;32600.20;50;3.26;1;1
4888;32600.20;50;3.26;1;1
4889;32600.20;50;3.26;1;1
4890;32600.20;50;3.26;1;1
4891;32600.20;50;3.26;1;1
4892;32600.20;50;3.26;1;1
4893;32600.20;50;3.26;1;1
4894;32600.20;50;3.26;1;1
4895;32600.20;50;3.26;1;1
4896;32600.20;50;3.26;1;1
4897;32600.20;50;3.26;1;1
4898;32600.20;50;3.26;1;1
4899;32600.20;50;3.26;1;1
4900;32600.20;50;3.26;1;1
4901;32600.20;50;3.26;1;1
4902;32600.20;50;3.26;1;1
4903;32600.20;50;3.26;1;1
4904;32600.20;50;3.26;1;1
4905;32600.20;50;3.26;1;1
4906;32600.20;50;3.26;1;1
4907;32600.20;50;3.26;1;1
4908;32600.20;50;3.26;1;1
4909;32600.20;50;3.26;1;1
4910;32600.20;50;3.26;1;1
4911;32600.20;50;3.26;1;1
4912;32600.20;50;3.26;1;1
4913;32600.20;50;3.26;1;1
4914;32600.20;50;3.26;1;1
4915;32600.20;50;3.26;1;1
4916;32600.20;50;3.26;1;1
4917;32600.20;50;3.26;1;1
4918;32600.20;50;3.26;1;1
4919;32600.20;50;3.26;1;1
4920;32600.20;50;3.26;1;1
4921;32600.20;50;3.26;1;1
4922;32600.20;50;3.26;1;1
4923;32600.20;50;3.26;1;1
4924;32600.20;50;3.26;1;1
4925;32600.20;50;3.26;1;1
4926;32600.20;50;3.26;1;1
4927;32649.07;50;3.26;1;1
4928;32649.07;50;3.26;1;1
4929;32600.20;50;3.26;1;1
4930;32649.07;50;3.26;1;1
4931;32600.20;50;3.26;1;1
4932;32600.20;50;3.26;1;1
4933;32600.20;50;3.26;1;1
4934;32600.20;50;3.26;1;1
4935;32600.20;50;3.26;1;1
4936;32600.20;50;3.26;1;1
4937;32600.20;50;3.26;1;1
4938;32600.20;50;3.26;1;1
4939;32600.20;50;3.26;1;1
4940;32600.20;50;3.26;1;1
4941;32600.20;50;3.26;1;1
4942;32600.20;50;3.26;1;1
4943;32600.20;50;3.26;1;1
4944;32600.20;50;3.26;1;1
4945;32600.20;50;3.26;1;1
4946;32600.20;50;3.26;1;1
4947;32600.20;50;3.26;1;1
4948;32600.20;50;3.26;1;1
4949;32600.20;50;3.26;1;1
4950;32600.20;50;3.26;1;1
4951;32600.20;50;3.26;1;1
4952;32600.20;50;3.26;1;1
4953;32600.20;50;3.26;1;1
4954;32600.20;50;3.26;1;1
4955;32600.20;50;3.26;1;1
4956;32600.20;50;3.26;1;1
4957;32600.20;50;3.26;1;1
4958;32600.20;50;3.26;1;1
4959;32600.20;50;3.26;1;1
4960;32600.20;50;3.26;1;1
4961;32600.20;50;3.26;1;1
4962;32600.20;50;3.26;1;1
4963;32600.20;50;3.26;1;1
4964;32600.20;50;3.26;1;1
4965;32600.20;50;3.26;1;1
4966;32600.20;50;3.26;1;1
4967;32600.20;50;3.26;1;1
4968;32600.20;50;3.26;1;1
4969;32600.20;50;3.26;1;1
4970;32600.20;50;3.26;1;1
4971;32600.20;50;3.26;1;1
4972;32600.20;50;3.26;1;1
4973;32600.20;50;3.26;1;1
4974;32600.20;50;3.26;1;1
4975;32600.20;50;3.26;1;1
4976;32600.20;50;3.26;1;1
4977;32600.20;50;3.26;1;1
4978;32600.20;50;3.26;1;1
4979;32600.20;50;3.26;1;1
4980;32600.20;50;3.26;1;1
4981;32600.20;50;3.26;1;1
4982;32600.20;50;3.26;1;1
4983;32600.20;50;3.26;1;1
4984;32600.20;50;3.26;1;1
4985;32600.20;50;3.26;1;1
4986;32600.20;50;3.26;1;1
4987;32600.20;50;3.26;1;1
4988;32600.20;50;3.26;1;1
4989;32600.20;50;3.26;1;1
4990;32600.20;50;3.26;1;1
4991;32600.20;50;3.26;1;1
4992;32600.20;50;3.26;1;1
4993;32600.20;50;3.26;1;1
4994;32600.20;50;3.26;1;1
4995;32600.20;50;3.26;1;1
4996;32600.20;50;3.26;1;1
4997;32600.20;50;3.26;1;1
4998;32600.20;50;3.26;1;1
4999;32600.20;50;3.26;1;1
5000;32600.20;50;3.26;1;1
5001;32600.20;50;3.26;1;1
5002;32600.20;50;3.26;1;1
5003;32600.20;50;3.26;1;1
5004;32600.20;50;3.26;1;1
5005;32600.20;50;3.26;1;1
5006;32600.20;50;3.26;1;1
5007;32600.20;50;3.26;1;1
5008;32600.20;50;3.26;1;1
5009;32600.20;50;3.26;1;1
5010;32600.20;50;3.26;1;1
5011;32600.20;50;3.26;1;1
5012;32600.20;50;3.26;1;1
5013;32600.20;50;3.26;1;1
5014;32600.20;50;3.26;1;1
5015;32600.20;50;3.26;1;1
5016;32600.20;50;3.26;1;1
5017;32600.20;50;3.26;1;1
5018;32600.20;50;3.26;1;1
5019;32600.20;50;3.26;1;1
5020;32600.20;50;3.26;1;1
5021;32600.20;50;3.26;1;1
5022;32600.20;50;3.26;1;1
5023;32600.20;50;3.26;1;1
5024;32600.20;50;3.26;1;1
5025;32600.20;50;3.26;1;1
5026;32600.20;50;3.26;1;1
5027;32600.20;50;3.26;1;1
5028;32600.20;50;3.26;1;1
5029;32600.20;50;3.26;1;1
5030;32600.20;50;3.26;1;1
5031;32600.20;50;3.26;1;1
5032;32600.20;50;3.26;1;1
5033;32600.20;50;3.26;1;1
5034;32600.20;50;3.26;1;1
5035;32600.20;50;3.26;1;1
5036;32600.20;50;3.26;1;1
5037;32600.20;50;3.26;1;1
5038;32600.20;50;3.26;1;1
5039;32600.20;50;3.26;1;1
5040;32600.20;50;3.26;1;1
5041;32600.20;50;3.26;1;1
5042;32600.20;50;3.26;1;1
5043;32600.20;50;3.26;1;1
5044;32600.20;50;3.26;1;1
5045;32600.20;50;3.26;1;1
5046;32600.20;50;3.26;1;1
5047;32600.20;50;3.26;1;1
5048;32600.20;50;3.26;1;1
5049;32600.20;50;3.26;1;1
5050;32600.20;50;3.26;1;1
5051;32600.20;50;3.26;1;1
5052;32600.20;50;3.26;1;1
5053;32600.20;50;3.26;1;1
5054;32600.20;50;3.26;1;1
5055;32600.20;50;3.26;1;1
5056;32600.20;50;3.26;1;1
5057;32600.20;50;3.26;1;1
5058;32600.20;50;3.26;1;1
5059;32600.20;50;3.26;1;1
5060;32600.20;50;3.26;1;1
5061;32600.20;50;3.26;1;1
5062;32600.20;50;3.26;1;1
5063;32600.20;50;3.26;1;1
5064;32600.20;50;3.26;1;1
5065;32600.20;50;3.26;1;1
5066;32600.20;50;3.26;1;1
5067;32600.20;50;3.26;1;1
5068;32600.20;50;3.26;1;1
5069;32600.20;50;3.26;1;1
5070;32600.20;50;3.26;1;1
5071;32600.20;50;3.26;1;1
5072;32600.20;50;3.26;1;1
5073;32600.20;50;3.26;1;1
5074;32600.20;50;3.26;1;1
5075;32600.20;50;3.26;1;1
5076;32600.20;50;3.26;1;1
5077;32600.20;50;3.26;1;1
5078;32600.20;50;3.26;1;1
5079;32600.20;50;3.26;1;1
5080;32600.20;50;3.26;1;1
5081;32600.20;50;3.26;1;1
5082;32649.07;50;3.26;1;1
5083;32600.20;50;3.26;1;1
5084;32600.20;50;3.26;1;1
5085;32600.20;50;3.26;1;1
5086;32600.20;50;3.26;1;1
5087;32600.20;50;3.26;1;1
5088;32600.20;50;3.26;1;1
5089;32600.20;50;3.26;1;1
5090;32600.20;50;3.26;1;1
5091;32600.20;50;3.26;1;1
5092;32600.20;50;3.26;1;1
5093;32600.20;50;3.26;1;1
5094;32600.20;50;3.26;1;1
5095;32600.20;50;3.26;1;1
5096;32600.20;50;3.26;1;1
5097;32600.20;50;3.26;1;1
5098;32600.20;50;3.26;1;1
5099;32600.20;50;3.26;1;1
5100;32600.20;50;3.26;1;1
5101;32600.20;50;3.26;1;1
5102;32600.20;50;3.26;1;1
5103;32600.20;50;3.26;1;1
5104;32600.20;50;3.26;1;1
5105;32600.20;50;3.26;1;1
5106;32600.20;50;3.26;1;1
5107;32600.20;50;3.26;1;1
5108;32600.20;50;3.26;1;1
5109;32600.20;50;3.26;1;1
5110;32600.20;50;3.26;1;1
5111;32600.20;50;3.26;1;1
5112;32600.20;50;3.26;1;1
5113;32600.20;50;3.26;1;1
5114;32600.20;50;3.26;1;1
5115;32600.20;50;3.26;1;1
5116;32600.20;50;3.26;1;1
5117;32600.20;50;3.26;1;1
5118;32600.20;50;3.26;1;1
5119;32600.20;50;3.26;1;1
5120;32600.20;50;3.26;1;1
5121;32600.20;50;3.26;1;1
5122;32600.20;50;3.26;1;1
5123;32600.20;50;3.26;1;1
5124;32600.20;50;3.26;1;1
5125;32600.20;50;3.26;1;1
5126;32600.20;50;3.26;1;1
5127;32600.20;50;3.26;1;1
5128;32600.20;50;3.26;1;1
5129;32600.20;50;3.26;1;1
5130;32600.20;50;3.26;1;1
5131;32600.20;50;3.26;1;1
5132;32600.20;50;3.26;1;1
5133;32600.20;50;3.26;1;1
5134;32600.20;50;3.26;1;1
5135;32600.20;50;3.26;1;1
5136;32600.20;50;3.26;1;1
5137;32600.20;50;3.26;1;1
5138;32600.20;50;3.26;1;1
5139;32600.20;50;3.26;1;1
5140;32600.20;50;3.26;1;1
5141;32600.20;50;3.26;1;1
5142;32600.20;50;3.26;1;1
5143;32600.20;50;3.26;1;1
5144;32600.20;50;3.26;1;1
5145;32600.20;50;3.26;1;1
5146;32600.20;50;3.26;1;1
5147;32600.20;50;3.26;1;1
5148;32600.20;50;3.26;1;1
5149;32600.20;50;3.26;1;1
5150;32600.20;50;3.26;1;1
5151;32600.20;50;3.26;1;1
5152;32600.20;50;3.26;1;1
5153;32649.07;50;3.26;1;1
5154;32649.07;50;3.26;1;1
5155;32600.20;50;3.26;1;1
5156;32600.20;50;3.26;1;1
5157;32600.20;50;3.26;1;1
5158;32649.07;50;3.26;1;1
5159;32600.20;50;3.26;1;1
5160;32600.20;50;3.26;1;1
5161;32649.07;50;3.26;1;1
5162;32649.07;50;3.26;1;1
5163;32649.07;50;3.26;1;1
5164;32649.07;50;3.26;1;1
5165;32649.07;50;3.26;1;1
5166;32600.20;50;3.26;1;1
5167;32649.07;50;3.26;1;1
5168;32649.07;50;3.26;1;1
5169;32649.07;50;3.26;1;1
5170;32649.07;50;3.26;1;1
5171;32600.20;50;3.26;1;1
5172;32649.07;50;3.26;1;1
5173;32600.20;50;3.26;1;1
5174;32649.07;50;3.26;1;1
5175;32600.20;50;3.26;1;1
5176;32649.07;50;3.26;1;1
5177;32600.20;50;3.26;1;1
5178;32600.20;50;3.26;1;1
5179;32649.07;50;3.26;1;1
5180;32649.07;50;3.26;1;1
5181;32600.20;50;3.26;1;1
5182;32649.07;50;3.26;1;1
5183;32649.07;50;3.26;1;1
5184;32649.07;50;3.26;1;1
5185;32600.20;50;3.26;1;1
5186;32649.07;50;3.26;1;1
5187;32649.07;50;3.26;1;1
5188;32649.07;50;3.26;1;1
5189;32600.20;50;3.26;1;1
5190;32600.20;50;3.26;1;1
5191;32649.07;50;3.26;1;1
5192;32600.20;50;3.26;1;1
5193;32649.07;50;3.26;1;1
5194;32600.20;50;3.26;1;1
5195;32600.20;50;3.26;1;1
5196;32649.07;50;3.26;1;1
5197;32649.07;50;3.26;1;1
5198;32649.07;50;3.26;1;1
5199;32649.07;50;3.26;1;1
5200;32649.07;50;3.26;1;1
5201;32600.20;50;3.26;1;1
5202;32649.07;50;3.26;1;1
5203;32600.20;50;3.26;1;1
5204;32649.07;50;3.26;1;1
5205;32649.07;50;3.26;1;1
5206;32649.07;50;3.26;1;1
5207;32649.07;50;3.26;1;1
5208;32649.07;50;3.26;1;1
5209;32649.07;50;3.26;1;1
5210;32600.20;50;3.26;1;1
5211;32649.07;50;3.26;1;1
5212;32600.20;50;3.26;1;1
5213;32649.07;50;3.26;1;1
5214;32649.07;50;3.26;1;1
5215;32649.07;50;3.26;1;1
5216;32649.07;50;3.26;1;1
5217;32649.07;50;3.26;1;1
5218;32649.07;50;3.26;1;1
5219;32649.07;50;3.26;1;1
5220;32649.07;50;3.26;1;1
5221;32649.07;50;3.26;1;1
5222;32600.20;50;3.26;1;1
5223;32649.07;50;3.26;1;1
5224;32649.07;50;3.26;1;1
5225;32649.07;50;3.26;1;1
5226;32649.07;50;3.26;1;1
5227;32649.07;50;3.26;1;1
5228;32649.07;50;3.26;1;1
5229;32649.07;50;3.26;1;1
5230;32600.20;50;3.26;1;1
5231;32600.20;50;3.26;1;1
5232;32600.20;50;3.26;1;1
5233;32649.07;50;3.26;1;1
5234;32649.07;50;3.26;1;1
5235;32600.20;50;3.26;1;1
5236;32649.07;50;3.26;1;1
5237;32649.07;50;3.26;1;1
5238;32649.07;50;3.26;1;1
5239;32649.07;50;3.26;1;1
5240;32600.20;50;3.26;1;1
5241;32600.20;50;3.26;1;1
5242;32649.07;50;3.26;1;1
5243;32649.07;50;3.26;1;1
5244;32649.07;50;3.26;1;1
5245;32649.07;50;3.26;1;1
5246;32600.20;50;3.26;1;1
5247;32649.07;50;3.26;1;1
5248;32649.07;50;3.26;1;1
5249;32649.07;50;3.26;1;1
5250;32600.20;50;3.26;1;1
5251;32649.07;50;3.26;1;1
5252;32649.07;50;3.26;1;1
5253;32649.07;50;3.26;1;1
5254;32649.07;50;3.26;1;1
5255;32649.07;50;3.26;1;1
5256;32649.07;50;3.26;1;1
5257;32649.07;50;3.26;1;1
5258;32600.20;50;3.26;1;1
5259;32649.07;50;3.26;1;1
5260;32600.20;50;3.26;1;1
5261;32649.07;50;3.26;1;1
5262;32649.07;50;3.26;1;1
5263;32649.07;50;3.26;1;1
5264;32649.07;50;3.26;1;1
5265;32649.07;50;3.26;1;1
5266;32649.07;50;3.26;1;1
5267;32649.07;50;3.26;1;1
5268;32600.20;50;3.26;1;1
5269;32649.07;50;3.26;1;1
5270;32600.20;50;3.26;1;1
5271;32649.07;50;3.26;1;1
5272;32649.07;50;3.26;1;1
5273;32649.07;50;3.26;1;1
5274;32649.07;50;3.26;1;1
5275;32649.07;50;3.26;1;1
5276;32649.07;50;3.26;1;1
5277;32649.07;50;3.26;1;1
5278;32600.20;50;3.26;1;1
5279;32649.07;50;3.26;1;1
5280;32649.07;50;3.26;1;1
5281;32649.07;50;3.26;1;1
5282;32649.07;50;3.26;1;1
5283;32649.07;50;3.26;1;1
5284;32649.07;50;3.26;1;1
5285;32649.07;50;3.26;1;1
5286;32649.07;50;3.26;1;1
5287;32649.07;50;3.26;1;1
5288;32649.07;50;3.26;1;1
5289;32649.07;50;3.26;1;1
5290;32649.07;50;3.26;1;1
5291;32649.07;50;3.26;1;1
5292;32649.07;50;3.26;1;1
5293;32649.07;50;3.26;1;1
5294;32649.07;50;3.26;1;1
5295;32649.07;50;3.26;1;1
5296;32649.07;50;3.26;1;1
5297;32649.07;50;3.26;1;1
5298;32649.07;50;3.26;1;1
5299;32649.07;50;3.26;1;1
5300;32649.07;50;3.26;1;1
5301;32649.07;50;3.26;1;1
5302;32649.07;50;3.26;1;1
5303;32649.07;50;3.26;1;1
5304;32649.07;50;3.26;1;1
5305;32649.07;50;3.26;1;1
5306;32649.07;50;3.26;1;1
5307;32649.07;50;3.26;1;1
5308;32649.07;50;3.26;1;1
5309;32649.07;50;3.26;1;1
5310;32649.07;50;3.26;1;1
5311;32649.07;50;3.26;1;1
5312;32649.07;50;3.26;1;1
5313;32649.07;50;3.26;1;1
5314;32649.07;50;3.26;1;1
5315;32649.07;50;3.26;1;1
5316;32649.07;50;3.26;1;1
5317;32649.07;50;3.26;1;1
5318;32649.07;50;3.26;1;1
5319;32649.07;50;3.26;1;1
5320;32649.07;50;3.26;1;1
5321;32649.07;50;3.26;1;1
5322;32649.07;50;3.26;1;1
5323;32649.07;50;3.26;1;1
5324;32649.07;50;3.26;1;1
5325;32649.07;50;3.26;1;1
5326;32649.07;50;3.26;1;1
5327;32649.07;50;3.26;1;1
5328;32649.07;50;3.26;1;1
5329;32649.07;50;3.26;1;1
5330;32649.07;50;3.26;1;1
5331;32649.07;50;3.26;1;1
5332;32649.07;50;3.26;1;1
5333;32649.07;50;3.26;1;1
5334;32649.07;50;3.26;1;1
5335;32649.07;50;3.26;1;1
5336;32649.07;50;3.26;1;1
5337;32649.07;50;3.26;1;1
5338;32649.07;50;3.26;1;1
5339;32649.07;50;3.26;1;1
5340;32649.07;50;3.26;1;1
5341;32649.07;50;3.26;1;1
5342;32649.07;50;3.26;1;1
5343;32649.07;50;3.26;1;1
5344;32649.07;50;3.26;1;1
5345;32649.07;50;3.26;1;1
5346;32649.07;50;3.26;1;1
5347;32649.07;50;3.26;1;1
5348;32649.07;50;3.26;1;1
5349;32649.07;50;3.26;1;1
5350;32697.95;50;3.26;1;1
5351;32649.07;50;3.27;1;1
5352;32649.07;50;3.26;1;1
5353;32649.07;50;3.26;1;1
5354;32649.07;50;3.26;1;1
5355;32649.07;50;3.26;1;1
5356;32649.07;50;3.26;1;1
5357;32649.07;50;3.26;1;1
5358;32697.95;50;3.26;1;1
5359;32649.07;50;3.27;1;1
5360;32697.95;50;3.26;1;1
5361;32649.07;50;3.27;1;1
5362;32649.07;50;3.26;1;1
5363;32649.07;50;3.26;1;1
5364;32697.95;50;3.26;1;1
5365;32697.95;50;3.27;1;1
5366;32697.95;50;3.27;1;1
5367;32649.07;50;3.27;1;1
5368;32697.95;50;3.26;1;1
5369;32697.95;50;3.27;1;1
5370;32697.95;50;3.27;1;1
5371;32649.07;50;3.27;1;1
5372;32697.95;50;3.26;1;1
5373;32697.95;50;3.27;1;1
5374;32697.95;50;3.27;1;1
5375;32697.95;50;3.27;1;1
5376;32649.07;50;3.27;1;1
5377;32697.95;50;3.26;1;1
5378;32649.07;50;3.27;1;1
5379;32649.07;50;3.26;1;1
5380;32649.07;50;3.26;1;1
5381;32697.95;50;3.26;1;1
5382;32697.95;50;3.27;1;1
5383;32697.95;50;3.27;1;1
5384;32697.95;50;3.27;1;1
5385;32697.95;50;3.27;1;1
5386;32697.95;50;3.27;1;1
5387;32649.07;50;3.27;1;1
5388;32649.07;50;3.26;1;1
5389;32697.95;50;3.26;1;1
5390;32697.95;50;3.27;1;1
5391;32649.07;50;3.27;1;1
5392;32697.95;50;3.26;1;1
5393;32697.95;50;3.27;1;1
5394;32697.95;50;3.27;1;1
5395;32697.95;50;3.27;1;1
5396;32697.95;50;3.27;1;1
5397;32649.07;50;3.27;1;1
5398;32697.95;50;3.26;1;1
5399;32697.95;50;3.27;1;1
5400;32697.95;50;3.27;1;1
5401;32697.95;50;3.27;1;1
5402;32649.07;50;3.27;1;1
5403;32697.95;50;3.26;1;1
5404;32697.95;50;3.27;1;1
5405;32697.95;50;3.27;1;1
5406;32697.95;50;3.27;1;1
5407;32697.95;50;3.27;1;1
5408;32697.95;50;3.27;1;1
5409;32697.95;50;3.27;1;1
5410;32697.95;50;3.27;1;1
5411;32697.95;50;3.27;1;1
5412;32697.95;50;3.27;1;1
5413;32697.95;50;3.27;1;1
5414;32697.95;50;3.27;1;1
5415;32697.95;50;3.27;1;1
5416;32697.95;50;3.27;1;1
5417;32697.95;50;3.27;1;1
5418;32697.95;50;3.27;1;1
5419;32697.95;50;3.27;1;1
5420;32697.95;50;3.27;1;1
5421;32697.95;50;3.27;1;1
5422;32697.95;50;3.27;1;1
5423;32697.95;50;3.27;1;1
5424;32697.95;50;3.27;1;1
5425;32697.95;50;3.27;1;1
5426;32697.95;50;3.27;1;1
5427;32697.95;50;3.27;1;1
5428;32697.95;50;3.27;1;1
5429;32697.95;50;3.27;1;1
5430;32697.95;50;3.27;1;1
5431;32697.95;50;3.27;1;1
5432;32697.95;50;3.27;1;1
5433;32697.95;50;3.27;1;1
5434;32697.95;50;3.27;1;1
5435;32697.95;50;3.27;1;1
5436;32697.95;50;3.27;1;1
5437;32697.95;50;3.27;1;1
5438;32697.95;50;3.27;1;1
5439;32697.95;50;3.27;1;1
5440;32697.95;50;3.27;1;1
5441;32697.95;50;3.27;1;1
5442;32697.95;50;3.27;1;1
5443;32697.95;50;3.27;1;1
5444;32697.95;50;3.27;1;1
5445;32697.95;50;3.27;1;1
5446;32697.95;50;3.27;1;1
5447;32697.95;50;3.27;1;1
5448;32697.95;50;3.27;1;1
5449;32697.95;50;3.27;1;1
5450;32697.95;50;3.27;1;1
5451;32697.95;50;3.27;1;1
5452;32697.95;50;3.27;1;1
5453;32697.95;50;3.27;1;1
5454;32697.95;50;3.27;1;1
5455;32697.95;50;3.27;1;1
5456;32697.95;50;3.27;1;1
5457;32697.95;50;3.27;1;1
5458;32697.95;50;3.27;1;1
5459;32697.95;50;3.27;1;1
5460;32697.95;50;3.27;1;1
5461;32697.95;50;3.27;1;1
5462;32697.95;50;3.27;1;1
5463;32697.95;50;3.27;1;1
5464;32697.95;50;3.27;1;1
5465;32697.95;50;3.27;1;1
5466;32697.95;50;3.27;1;1
5467;32697.95;50;3.27;1;1
5468;32697.95;50;3.27;1;1
5469;32697.95;50;3.27;1;1
5470;32697.95;50;3.27;1;1
5471;32697.95;50;3.27;1;1
5472;32697.95;50;3.27;1;1
5473;32697.95;50;3.27;1;1
5474;32697.95;50;3.27;1;1
5475;32697.95;50;3.27;1;1
5476;32697.95;50;3.27;1;1
5477;32697.95;50;3.27;1;1
5478;32697.95;50;3.27;1;1
5479;32697.95;50;3.27;1;1
5480;32697.95;50;3.27;1;1
5481;32697.95;50;3.27;1;1
5482;32697.95;50;3.27;1;1
5483;32697.95;50;3.27;1;1
5484;32697.95;50;3.27;1;1
5485;32697.95;50;3.27;1;1
5486;32697.95;50;3.27;1;1
5487;32697.95;50;3.27;1;1
5488;32697.95;50;3.27;1;1
5489;32697.95;50;3.27;1;1
5490;32697.95;50;3.27;1;1
5491;32697.95;50;3.27;1;1
5492;32697.95;50;3.27;1;1
5493;32697.95;50;3.27;1;1
5494;32697.95;50;3.27;1;1
5495;32697.95;50;3.27;1;1
5496;32697.95;50;3.27;1;1
5497;32697.95;50;3.27;1;1
5498;32697.95;50;3.27;1;1
5499;32697.95;50;3.27;1;1
5500;32697.95;50;3.27;1;1
5501;32697.95;50;3.27;1;1
5502;32697.95;50;3.27;1;1
5503;32697.95;50;3.27;1;1
5504;32697.95;50;3.27;1;1
5505;32697.95;50;3.27;1;1
5506;32697.95;50;3.27;1;1
5507;32697.95;50;3.27;1;1
5508;32697.95;50;3.27;1;1
5509;32697.95;50;3.27;1;1
5510;32697.95;50;3.27;1;1
5511;32697.95;50;3.27;1;1
5512;32746.82;50;3.27;1;1
5513;32697.95;50;3.27;1;1
5514;32697.95;50;3.27;1;1
5515;32697.95;50;3.27;1;1
5516;32697.95;50;3.27;1;1
5517;32697.95;50;3.27;1;1
5518;32697.95;50;3.27;1;1
5519;32697.95;50;3.27;1;1
5520;32697.95;50;3.27;1;1
5521;32697.95;50;3.27;1;1
5522;32697.95;50;3.27;1;1
5523;32697.95;50;3.27;1;1
5524;32697.95;50;3.27;1;1
5525;32746.82;50;3.27;1;1
5526;32697.95;50;3.27;1;1
5527;32697.95;50;3.27;1;1
5528;32697.95;50;3.27;1;1
5529;32746.82;50;3.27;1;1
5530;32697.95;50;3.27;1;1
5531;32746.82;50;3.27;1;1
5532;32746.82;50;3.27;1;1
5533;32697.95;50;3.27;1;1
5534;32746.82;50;3.27;1;1
5535;32697.95;50;3.27;1;1
5536;32697.95;50;3.27;1;1
5537;32697.95;50;3.27;1;1
5538;32746.82;50;3.27;1;1
5539;32746.82;50;3.27;1;1
5540;32697.95;50;3.27;1;1
5541;32697.95;50;3.27;1;1
5542;32697.95;50;3.27;1;1
5543;32697.95;50;3.27;1;1
5544;32697.95;50;3.27;1;1
5545;32697.95;50;3.27;1;1
5546;32697.95;50;3.27;1;1
5547;32697.95;50;3.27;1;1
5548;32746.82;50;3.27;1;1
5549;32697.95;50;3.27;1;1
5550;32746.82;50;3.27;1;1
5551;32746.82;50;3.27;1;1
5552;32697.95;50;3.27;1;1
5553;32746.82;50;3.27;1;1
5554;32697.95;50;3.27;1;1
5555;32746.82;50;3.27;1;1
5556;32746.82;50;3.27;1;1
5557;32697.95;50;3.27;1;1
5558;32746.82;50;3.27;1;1
5559;32746.82;50;3.27;1;1
5560;32746.82;50;3.27;1;1
5561;32697.95;50;3.27;1;1
5562;32746.82;50;3.27;1;1
5563;32697.95;50;3.27;1;1
5564;32746.82;50;3.27;1;1
5565;32746.82;50;3.27;1;1
5566;32697.95;50;3.27;1;1
5567;32697.95;50;3.27;1;1
5568;32697.95;50;3.27;1;1
5569;32697.95;50;3.27;1;1
5570;32697.95;50;3.27;1;1
5571;32746.82;50;3.27;1;1
5572;32697.95;50;3.27;1;1
5573;32697.95;50;3.27;1;1
5574;32746.82;50;3.27;1;1
5575;32746.82;50;3.27;1;1
5576;32746.82;50;3.27;1;1
5577;32746.82;50;3.27;1;1
5578;32746.82;50;3.27;1;1
5579;32697.95;50;3.27;1;1
5580;32746.82;50;3.27;1;1
5581;32746.82;50;3.27;1;1
5582;32746.82;50;3.27;1;1
5583;32746.82;50;3.27;1;1
5584;32746.82;50;3.27;1;1
5585;32746.82;50;3.27;1;1
5586;32111.44;50;3.27;1;1
5587;32160.31;50;3.21;1;1
5588;32258.06;50;3.22;1;1
5589;32306.94;50;3.23;1;1
5590;32453.57;50;3.23;1;1
5591;32795.70;50;3.25;1;1
5592;33137.83;50;3.28;1;1
5593;33088.95;50;3.31;1;1
5594;33040.08;50;3.31;1;1
5595;33040.08;50;3.30;1;1
5596;33040.08;50;3.30;1;1
5597;33040.08;50;3.30;1;1
5598;33040.08;50;3.30;1;1
5599;33040.08;50;3.30;1;1
5600;33040.08;50;3.30;1;1
5601;33040.08;50;3.30;1;1
5602;33040.08;50;3.30;1;1
5603;33040.08;50;3.30;1;1
5604;33040.08;50;3.30;1;1
5605;33040.08;50;3.30;1;1
5606;33040.08;50;3.30;1;1
5607;33040.08;50;3.30;1;1
5608;33040.08;50;3.30;1;1
5609;33040.08;50;3.30;1;1
5610;33040.08;50;3.30;1;1
5611;33040.08;50;3.30;1;1
5612;33040.08;50;3.30;1;1
5613;33040.08;50;3.30;1;1
5614;33088.95;50;3.30;1;1
5615;33088.95;50;3.31;1;1
5616;33088.95;50;3.31;1;1
5617;33088.95;50;3.31;1;1
5618;33088.95;50;3.31;1;1
5619;33088.95;50;3.31;1;1
5620;33088.95;50;3.31;1;1
5621;33088.95;50;3.31;1;1
5622;33088.95;50;3.31;1;1
5623;33088.95;50;3.31;1;1
5624;33088.95;50;3.31;1;1
5625;33088.95;50;3.31;1;1
5626;33088.95;50;3.31;1;1
5627;33088.95;50;3.31;1;1
5628;33088.95;50;3.31;1;1
5629;33088.95;50;3.31;1;1
5630;33088.95;50;3.31;1;1
5631;33088.95;50;3.31;1;1
5632;33088.95;50;3.31;1;1
5633;33088.95;50;3.31;1;1
5634;33088.95;50;3.31;1;1
5635;33088.95;50;3.31;1;1
5636;33088.95;50;3.31;1;1
5637;33088.95;50;3.31;1;1
5638;33088.95;50;3.31;1;1
5639;33088.95;50;3.31;1;1
5640;33088.95;50;3.31;1;1
5641;33088.95;50;3.31;1;1
5642;33088.95;50;3.31;1;1
5643;33088.95;50;3.31;1;1
5644;33088.95;50;3.31;1;1
5645;33088.95;50;3.31;1;1
5646;33088.95;50;3.31;1;1
5647;33088.95;50;3.31;1;1
5648;33088.95;50;3.31;1;1
5649;33088.95;50;3.31;1;1
5650;33088.95;50;3.31;1;1
5651;33088.95;50;3.31;1;1
5652;33088.95;50;3.31;1;1
5653;33088.95;50;3.31;1;1
5654;33088.95;50;3.31;1;1
5655;33088.95;50;3.31;1;1
5656;33088.95;50;3.31;1;1
5657;33088.95;50;3.31;1;1
5658;33088.95;50;3.31;1;1
5659;33088.95;50;3.31;1;1
5660;33088.95;50;3.31;1;1
5661;33088.95;50;3.31;1;1
5662;33088.95;50;3.31;1;1
5663;33088.95;50;3.31;1;1
5664;33088.95;50;3.31;1;1
5665;33088.95;50;3.31;1;1
5666;33088.95;50;3.31;1;1
5667;33088.95;50;3.31;1;1
5668;33088.95;50;3.31;1;1
5669;33088.95;50;3.31;1;1
5670;33088.95;50;3.31;1;1
5671;33088.95;50;3.31;1;1
5672;33088.95;50;3.31;1;1
5673;33088.95;50;3.31;1;1
5674;33088.95;50;3.31;1;1
5675;33088.95;50;3.31;1;1
5676;33088.95;50;3.31;1;1
5677;33088.95;50;3.31;1;1
5678;33088.95;50;3.31;1;1
5679;33088.95;50;3.31;1;1
5680;33088.95;50;3.31;1;1
5681;33088.95;50;3.31;1;1
5682;33088.95;50;3.31;1;1
5683;33088.95;50;3.31;1;1
5684;33088.95;50;3.31;1;1
5685;33088.95;50;3.31;1;1
5686;33088.95;50;3.31;1;1
5687;33088.95;50;3.31;1;1
5688;33088.95;50;3.31;1;1
5689;33088.95;50;3.31;1;1
5690;33088.95;50;3.31;1;1
5691;33088.95;50;3.31;1;1
5692;33088.95;50;3.31;1;1
5693;33088.95;50;3.31;1;1
5694;33088.95;50;3.31;1;1
5695;33088.95;50;3.31;1;1
5696;33088.95;50;3.31;1;1
5697;33088.95;50;3.31;1;1
5698;33088.95;50;3.31;1;1
5699;33088.95;50;3.31;1;1
5700;33088.95;50;3.31;1;1
5701;33088.95;50;3.31;1;1
5702;33088.95;50;3.31;1;1
5703;33088.95;50;3.31;1;1
5704;33088.95;50;3.31;1;1
5705;33088.95;50;3.31;1;1
5706;33088.95;50;3.31;1;1
5707;33088.95;50;3.31;1;1
5708;33088.95;50;3.31;1;1
5709;33088.95;50;3.31;1;1
5710;33088.95;50;3.31;1;1
5711;33088.95;50;3.31;1;1
5712;33088.95;50;3.31;1;1
5713;33088.95;50;3.31;1;1
5714;33088.95;50;3.31;1;1
5715;33088.95;50;3.31;1;1
5716;33088.95;50;3.31;1;1
5717;33088.95;50;3.31;1;1
5718;33088.95;50;3.31;1;1
5719;33088.95;50;3.31;1;1
5720;33088.95;50;3.31;1;1
5721;33088.95;50;3.31;1;1
5722;33088.95;50;3.31;1;1
5723;33088.95;50;3.31;1;1
5724;33088.95;50;3.31;1;1
5725;33088.95;50;3.31;1;1
5726;33088.95;50;3.31;1;1
5727;33088.95;50;3.31;1;1
5728;33088.95;50;3.31;1;1
5729;33088.95;50;3.31;1;1
5730;33088.95;50;3.31;1;1
5731;33088.95;50;3.31;1;1
5732;33088.95;50;3.31;1;1
5733;33088.95;50;3.31;1;1
5734;33088.95;50;3.31;1;1
5735;33088.95;50;3.31;1;1
5736;33088.95;50;3.31;1;1
5737;33088.95;50;3.31;1;1
5738;33088.95;50;3.31;1;1
5739;33088.95;50;3.31;1;1
5740;33088.95;50;3.31;1;1
5741;33088.95;50;3.31;1;1
5742;33088.95;50;3.31;1;1
5743;33088.95;50;3.31;1;1
5744;33088.95;50;3.31;1;1
5745;33088.95;50;3.31;1;1
5746;33088.95;50;3.31;1;1
5747;33088.95;50;3.31;1;1
5748;33088.95;50;3.31;1;1
5749;33088.95;50;3.31;1;1
5750;33088.95;50;3.31;1;1
5751;33088.95;50;3.31;1;1
5752;33088.95;50;3.31;1;1
5753;33088.95;50;3.31;1;1
5754;33088.95;50;3.31;1;1
5755;33088.95;50;3.31;1;1
5756;33088.95;50;3.31;1;1
5757;33088.95;50;3.31;1;1
5758;33088.95;50;3.31;1;1
5759;33088.95;50;3.31;1;1
5760;33088.95;50;3.31;1;1
5761;33088.95;50;3.31;1;1
5762;33088.95;50;3.31;1;1
5763;33088.95;50;3.31;1;1
5764;33088.95;50;3.31;1;1
5765;33088.95;50;3.31;1;1
5766;33088.95;50;3.31;1;1
5767;33088.95;50;3.31;1;1
5768;33088.95;50;3.31;1;1
5769;33088.95;50;3.31;1;1
5770;33088.95;50;3.31;1;1
5771;33088.95;50;3.31;1;1
5772;33088.95;50;3.31;1;1
5773;33088.95;50;3.31;1;1
5774;33088.95;50;3.31;1;1
5775;33088.95;50;3.31;1;1
5776;33088.95;50;3.31;1;1
5777;33088.95;50;3.31;1;1
5778;33088.95;50;3.31;1;1
5779;33088.95;50;3.31;1;1
5780;33088.95;50;3.31;1;1
5781;33088.95;50;3.31;1;1
5782;33088.95;50;3.31;1;1
5783;33088.95;50;3.31;1;1
5784;33088.95;50;3.31;1;1
5785;33088.95;50;3.31;1;1
5786;33088.95;50;3.31;1;1
5787;33088.95;50;3.31;1;1
5788;33088.95;50;3.31;1;1
5789;33088.95;50;3.31;1;1
5790;33088.95;50;3.31;1;1
5791;33088.95;50;3.31;1;1
5792;33088.95;50;3.31;1;1
5793;33088.95;50;3.31;1;1
5794;33088.95;50;3.31;1;1
5795;33088.95;50;3.31;1;1
5796;33088.95;50;3.31;1;1
5797;33088.95;50;3.31;1;1
5798;33088.95;50;3.31;1;1
5799;33088.95;50;3.31;1;1
5800;33088.95;50;3.31;1;1
5801;33088.95;50;3.31;1;1
5802;33088.95;50;3.31;1;1
5803;33088.95;50;3.31;1;1
5804;33088.95;50;3.31;1;1
5805;33088.95;50;3.31;1;1
5806;33088.95;50;3.31;1;1
5807;33088.95;50;3.31;1;1
5808;33088.95;50;3.31;1;1
5809;33088.95;50;3.31;1;1
5810;33088.95;50;3.31;1;1
5811;33088.95;50;3.31;1;1
5812;33088.95;50;3.31;1;1
5813;33088.95;50;3.31;1;1
5814;33088.95;50;3.31;1;1
5815;33088.95;50;3.31;1;1
5816;33088.95;50;3.31;1;1
5817;33088.95;50;3.31;1;1
5818;33088.95;50;3.31;1;1
5819;33088.95;50;3.31;1;1
5820;33088.95;50;3.31;1;1
5821;33088.95;50;3.31;1;1
5822;33088.95;50;3.31;1;1
5823;33088.95;50;3.31;1;1
5824;33088.95;50;3.31;1;1
5825;33088.95;50;3.31;1;1
5826;33088.95;50;3.31;1;1
5827;33088.95;50;3.31;1;1
5828;33088.95;50;3.31;1;1
5829;33088.95;50;3.31;1;1
5830;33088.95;50;3.31;1;1
5831;33088.95;50;3.31;1;1
5832;33088.95;50;3.31;1;1
5833;33088.95;50;3.31;1;1
5834;33088.95;50;3.31;1;1
5835;33088.95;50;3.31;1;1
5836;33088.95;50;3.31;1;1
5837;33088.95;50;3.31;1;1
5838;33088.95;50;3.31;1;1
5839;33088.95;50;3.31;1;1
5840;33088.95;50;3.31;1;1
5841;33088.95;50;3.31;1;1
5842;33088.95;50;3.31;1;1
5843;33088.95;50;3.31;1;1
5844;33088.95;50;3.31;1;1
5845;33088.95;50;3.31;1;1
5846;33088.95;50;3.31;1;1
5847;33088.95;50;3.31;1;1
5848;33088.95;50;3.31;1;1
5849;33088.95;50;3.31;1;1
5850;33088.95;50;3.31;1;1
5851;33088.95;50;3.31;1;1
5852;33088.95;50;3.31;1;1
5853;33088.95;50;3.31;1;1
5854;33088.95;50;3.31;1;1
5855;33088.95;50;3.31;1;1
5856;33088.95;50;3.31;1;1
5857;33088.95;50;3.31;1;1
5858;33088.95;50;3.31;1;1
5859;33088.95;50;3.31;1;1
5860;33088.95;50;3.31;1;1
5861;33088.95;50;3.31;1;1
5862;33088.95;50;3.31;1;1
5863;33088.95;50;3.31;1;1
5864;33088.95;50;3.31;1;1
5865;33088.95;50;3.31;1;1
5866;33088.95;50;3.31;1;1
5867;33088.95;50;3.31;1;1
5868;33088.95;50;3.31;1;1
5869;33088.95;50;3.31;1;1
5870;33088.95;50;3.31;1;1
5871;33088.95;50;3.31;1;1
5872;33088.95;50;3.31;1;1
5873;33088.95;50;3.31;1;1
5874;33088.95;50;3.31;1;1
5875;33088.95;50;3.31;1;1
5876;33088.95;50;3.31;1;1
5877;33088.95;50;3.31;1;1
5878;33088.95;50;3.31;1;1
5879;33088.95;50;3.31;1;1
5880;33088.95;50;3.31;1;1
5881;33088.95;50;3.31;1;1
5882;33088.95;50;3.31;1;1
5883;33088.95;50;3.31;1;1
5884;33088.95;50;3.31;1;1
5885;33088.95;50;3.31;1;1
5886;33088.95;50;3.31;1;1
5887;33088.95;50;3.31;1;1
5888;33088.95;50;3.31;1;1
5889;33088.95;50;3.31;1;1
5890;33088.95;50;3.31;1;1
5891;33088.95;50;3.31;1;1
5892;33088.95;50;3.31;1;1
5893;33088.95;50;3.31;1;1
5894;33088.95;50;3.31;1;1
5895;33088.95;50;3.31;1;1
5896;33088.95;50;3.31;1;1
5897;33088.95;50;3.31;1;1
5898;33088.95;50;3.31;1;1
5899;33088.95;50;3.31;1;1
5900;33088.95;50;3.31;1;1
5901;33088.95;50;3.31;1;1
5902;33088.95;50;3.31;1;1
5903;33088.95;50;3.31;1;1
5904;33088.95;50;3.31;1;1
5905;33088.95;50;3.31;1;1
5906;33088.95;50;3.31;1;1
5907;33088.95;50;3.31;1;1
5908;33088.95;50;3.31;1;1
5909;33088.95;50;3.31;1;1
5910;33088.95;50;3.31;1;1
5911;33088.95;50;3.31;1;1
5912;33088.95;50;3.31;1;1
5913;33088.95;50;3.31;1;1
5914;33088.95;50;3.31;1;1
5915;33088.95;50;3.31;1;1
5916;33088.95;50;3.31;1;1
5917;33088.95;50;3.31;1;1
5918;33088.95;50;3.31;1;1
5919;33088.95;50;3.31;1;1
5920;33088.95;50;3.31;1;1
5921;33088.95;50;3.31;1;1
5922;33088.95;50;3.31;1;1
5923;33088.95;50;3.31;1;1
5924;33088.95;50;3.31;1;1
5925;33088.95;50;3.31;1;1
5926;33088.95;50;3.31;1;1
5927;33088.95;50;3.31;1;1
5928;33088.95;50;3.31;1;1
5929;33088.95;50;3.31;1;1
5930;33088.95;50;3.31;1;1
5931;33088.95;50;3.31;1;1
5932;33088.95;50;3.31;1;1
5933;33088.95;50;3.31;1;1
5934;33088.95;50;3.31;1;1
5935;33088.95;50;3.31;1;1
5936;33088.95;50;3.31;1;1
5937;33088.95;50;3.31;1;1
5938;33088.95;50;3.31;1;1
5939;33088.95;50;3.31;1;1
5940;33088.95;50;3.31;1;1
5941;33088.95;50;3.31;1;1
5942;33088.95;50;3.31;1;1
5943;33088.95;50;3.31;1;1
5944;33088.95;50;3.31;1;1
5945;33088.95;50;3.31;1;1
5946;33088.95;50;3.31;1;1
5947;33088.95;50;3.31;1;1
5948;33088.95;50;3.31;1;1
5949;33088.95;50;3.31;1;1
5950;33088.95;50;3.31;1;1
5951;33088.95;50;3.31;1;1
5952;33088.95;50;3.31;1;1
5953;33088.95;50;3.31;1;1
5954;33088.95;50;3.31;1;1
5955;33088.95;50;3.31;1;1
5956;33088.95;50;3.31;1;1
5957;33088.95;50;3.31;1;1
5958;33088.95;50;3.31;1;1
5959;33088.95;50;3.31;1;1
5960;33088.95;50;3.31;1;1
5961;33088.95;50;3.31;1;1
5962;33088.95;50;3.31;1;1
5963;33088.95;50;3.31;1;1
5964;33088.95;50;3.31;1;1
5965;33088.95;50;3.31;1;1
5966;33088.95;50;3.31;1;1
5967;33088.95;50;3.31;1;1
5968;33088.95;50;3.31;1;1
5969;33088.95;50;3.31;1;1
5970;33088.95;50;3.31;1;1
5971;33088.95;50;3.31;1;1
5972;33088.95;50;3.31;1;1
5973;33088.95;50;3.31;1;1
5974;33088.95;50;3.31;1;1
5975;33088.95;50;3.31;1;1
5976;33088.95;50;3.31;1;1
5977;33088.95;50;3.31;1;1
5978;33088.95;50;3.31;1;1
5979;33088.95;50;3.31;1;1
5980;33088.95;50;3.31;1;1
5981;33088.95;50;3.31;1;1
5982;33088.95;50;3.31;1;1
5983;33088.95;50;3.31;1;1
5984;33088.95;50;3.31;1;1
5985;33088.95;50;3.31;1;1
5986;33088.95;50;3.31;1;1
5987;33088.95;50;3.31;1;1
5988;33088.95;50;3.31;1;1
5989;33088.95;50;3.31;1;1
5990;33088.95;50;3.31;1;1
5991;33088.95;50;3.31;1;1
5992;33088.95;50;3.31;1;1
5993;33088.95;50;3.31;1;1
5994;33088.95;50;3.31;1;1
5995;33088.95;50;3.31;1;1
5996;33088.95;50;3.31;1;1
5997;33088.95;50;3.31;1;1
5998;33088.95;50;3.31;1;1
5999;33088.95;50;3.31;1;1
6000;33088.95;50;3.31;1;1
6001;33088.95;50;3.31;1;1
6002;33088.95;50;3.31;1;1
6003;33088.95;50;3.31;1;1
6004;33088.95;50;3.31;1;1
6005;33088.95;50;3.31;1;1
6006;33088.95;50;3.31;1;1
6007;33088.95;50;3.31;1;1
6008;33088.95;50;3.31;1;1
6009;33088.95;50;3.31;1;1
6010;33088.95;50;3.31;1;1
6011;33088.95;50;3.31;1;1
6012;33088.95;50;3.31;1;1
6013;33088.95;50;3.31;1;1
6014;33088.95;50;3.31;1;1
6015;33088.95;50;3.31;1;1
6016;33088.95;50;3.31;1;1
6017;33088.95;50;3.31;1;1
6018;33088.95;50;3.31;1;1
6019;33088.95;50;3.31;1;1
6020;33088.95;50;3.31;1;1
6021;33088.95;50;3.31;1;1
6022;33088.95;50;3.31;1;1
6023;33088.95;50;3.31;1;1
6024;33088.95;50;3.31;1;1
6025;33088.95;50;3.31;1;1
6026;33088.95;50;3.31;1;1
6027;33088.95;50;3.31;1;1
6028;33088.95;50;3.31;1;1
6029;33088.95;50;3.31;1;1
6030;33088.95;50;3.31;1;1
6031;33088.95;50;3.31;1;1
6032;33088.95;50;3.31;1;1
6033;33088.95;50;3.31;1;1
6034;33088.95;50;3.31;1;1
6035;33088.95;50;3.31;1;1
6036;33088.95;50;3.31;1;1
6037;33088.95;50;3.31;1;1
6038;33088.95;50;3.31;1;1
6039;33088.95;50;3.31;1;1
6040;33088.95;50;3.31;1;1
6041;33088.95;50;3.31;1;1
6042;33088.95;50;3.31;1;1
6043;33088.95;50;3.31;1;1
6044;33088.95;50;3.31;1;1
6045;33088.95;50;3.31;1;1
6046;33088.95;50;3.31;1;1
6047;33088.95;50;3.31;1;1
6048;33088.95;50;3.31;1;1
6049;33088.95;50;3.31;1;1
6050;33088.95;50;3.31;1;1
6051;33088.95;50;3.31;1;1
6052;33088.95;50;3.31;1;1
6053;33088.95;50;3.31;1;1
6054;33088.95;50;3.31;1;1
6055;33088.95;50;3.31;1;1
6056;33088.95;50;3.31;1;1
6057;33088.95;50;3.31;1;1
6058;33088.95;50;3.31;1;1
6059;33088.95;50;3.31;1;1
6060;33088.95;50;3.31;1;1
6061;33088.95;50;3.31;1;1
6062;33088.95;50;3.31;1;1
6063;33088.95;50;3.31;1;1
6064;33088.95;50;3.31;1;1
6065;33088.95;50;3.31;1;1
6066;33088.95;50;3.31;1;1
6067;33088.95;50;3.31;1;1
6068;33088.95;50;3.31;1;1
6069;33088.95;50;3.31;1;1
6070;33088.95;50;3.31;1;1
6071;33088.95;50;3.31;1;1
6072;33088.95;50;3.31;1;1
6073;33088.95;50;3.31;1;1
6074;33088.95;50;3.31;1;1
6075;33088.95;50;3.31;1;1
6076;33088.95;50;3.31;1;1
6077;33088.95;50;3.31;1;1
6078;33088.95;50;3.31;1;1
6079;33088.95;50;3.31;1;1
6080;33088.95;50;3.31;1;1
6081;33088.95;50;3.31;1;1
6082;33088.95;50;3.31;1;1
6083;33088.95;50;3.31;1;1
6084;33088.95;50;3.31;1;1
6085;33088.95;50;3.31;1;1
6086;33088.95;50;3.31;1;1
6087;33088.95;50;3.31;1;1
6088;33088.95;50;3.31;1;1
6089;33088.95;50;3.31;1;1
6090;33088.95;50;3.31;1;1
6091;33088.95;50;3.31;1;1
6092;33088.95;50;3.31;1;1
6093;33088.95;50;3.31;1;1
6094;33088.95;50;3.31;1;1
6095;33088.95;50;3.31;1;1
6096;33088.95;50;3.31;1;1
6097;33088.95;50;3.31;1;1
6098;33088.95;50;3.31;1;1
6099;33088.95;50;3.31;1;1
6100;33088.95;50;3.31;1;1
6101;33088.95;50;3.31;1;1
6102;33088.95;50;3.31;1;1
6103;33088.95;50;3.31;1;1
6104;33088.95;50;3.31;1;1
6105;33088.95;50;3.31;1;1
6106;33088.95;50;3.31;1;1
6107;33088.95;50;3.31;1;1
6108;33088.95;50;3.31;1;1
6109;33088.95;50;3.31;1;1
6110;33088.95;50;3.31;1;1
6111;33088.95;50;3.31;1;1
6112;33088.95;50;3.31;1;1
6113;33088.95;50;3.31;1;1
6114;33088.95;50;3.31;1;1
6115;33088.95;50;3.31;1;1
6116;33088.95;50;3.31;1;1
6117;33088.95;50;3.31;1;1
6118;33088.95;50;3.31;1;1
6119;33088.95;50;3.31;1;1
6120;33088.95;50;3.31;1;1
6121;33088.95;50;3.31;1;1
6122;33088.95;50;3.31;1;1
6123;33088.95;50;3.31;1;1
6124;33088.95;50;3.31;1;1
6125;33088.95;50;3.31;1;1
6126;33088.95;50;3.31;1;1
6127;33088.95;50;3.31;1;1
6128;33088.95;50;3.31;1;1
6129;33088.95;50;3.31;1;1
6130;33088.95;50;3.31;1;1
6131;33088.95;50;3.31;1;1
6132;33088.95;50;3.31;1;1
6133;33088.95;50;3.31;1;1
6134;33088.95;50;3.31;1;1
6135;33088.95;50;3.31;1;1
6136;33088.95;50;3.31;1;1
6137;33088.95;50;3.31;1;1
6138;33088.95;50;3.31;1;1
6139;33088.95;50;3.31;1;1
6140;33088.95;50;3.31;1;1
6141;33088.95;50;3.31;1;1
6142;33088.95;50;3.31;1;1
6143;33088.95;50;3.31;1;1
6144;33088.95;50;3.31;1;1
6145;33088.95;50;3.31;1;1
6146;33088.95;50;3.31;1;1
6147;33088.95;50;3.31;1;1
6148;33088.95;50;3.31;1;1
6149;33088.95;50;3.31;1;1
6150;33088.95;50;3.31;1;1
6151;33088.95;50;3.31;1;1
6152;33088.95;50;3.31;1;1
6153;33088.95;50;3.31;1;1
6154;33088.95;50;3.31;1;1
6155;33088.95;50;3.31;1;1
6156;33088.95;50;3.31;1;1
6157;33088.95;50;3.31;1;1
6158;33088.95;50;3.31;1;1
6159;33088.95;50;3.31;1;1
6160;33088.95;50;3.31;1;1
6161;33088.95;50;3.31;1;1
6162;33088.95;50;3.31;1;1
6163;33088.95;50;3.31;1;1
6164;33088.95;50;3.31;1;1
6165;33088.95;50;3.31;1;1
6166;33088.95;50;3.31;1;1
6167;33088.95;50;3.31;1;1
6168;33088.95;50;3.31;1;1
6169;33088.95;50;3.31;1;1
6170;33088.95;50;3.31;1;1
6171;33088.95;50;3.31;1;1
6172;33088.95;50;3.31;1;1
6173;33088.95;50;3.31;1;1
6174;33088.95;50;3.31;1;1
6175;33088.95;50;3.31;1;1
6176;33088.95;50;3.31;1;1
6177;33088.95;50;3.31;1;1
6178;33088.95;50;3.31;1;1
6179;33088.95;50;3.31;1;1
6180;33088.95;50;3.31;1;1
6181;33088.95;50;3.31;1;1
6182;33088.95;50;3.31;1;1
6183;33088.95;50;3.31;1;1
6184;33088.95;50;3.31;1;1
6185;33088.95;50;3.31;1;1
6186;33088.95;50;3.31;1;1
6187;33088.95;50;3.31;1;1
6188;33088.95;50;3.31;1;1
6189;33088.95;50;3.31;1;1
6190;33088.95;50;3.31;1;1
6191;33088.95;50;3.31;1;1
6192;33088.95;50;3.31;1;1
6193;33088.95;50;3.31;1;1
6194;33088.95;50;3.31;1;1
6195;33088.95;50;3.31;1;1
6196;33088.95;50;3.31;1;1
6197;33088.95;50;3.31;1;1
6198;33088.95;50;3.31;1;1
6199;33088.95;50;3.31;1;1
6200;33088.95;50;3.31;1;1
6201;33088.95;50;3.31;1;1
6202;33088.95;50;3.31;1;1
6203;33088.95;50;3.31;1;1
6204;33088.95;50;3.31;1;1
6205;33088.95;50;3.31;1;1
6206;33088.95;50;3.31;1;1
6207;33088.95;50;3.31;1;1
6208;33088.95;50;3.31;1;1
6209;33088.95;50;3.31;1;1
6210;33088.95;50;3.31;1;1
6211;33088.95;50;3.31;1;1
6212;33088.95;50;3.31;1;1
6213;33088.95;50;3.31;1;1
6214;33088.95;50;3.31;1;1
6215;33088.95;50;3.31;1;1
6216;33088.95;50;3.31;1;1
6217;33088.95;50;3.31;1;1
6218;33088.95;50;3.31;1;1
6219;33088.95;50;3.31;1;1
6220;33088.95;50;3.31;1;1
6221;33088.95;50;3.31;1;1
6222;33088.95;50;3.31;1;1
6223;33088.95;50;3.31;1;1
6224;33088.95;50;3.31;1;1
6225;33088.95;50;3.31;1;1
6226;33088.95;50;3.31;1;1
6227;33088.95;50;3.31;1;1
6228;33088.95;50;3.31;1;1
6229;33088.95;50;3.31;1;1
6230;33088.95;50;3.31;1;1
6231;33088.95;50;3.31;1;1
6232;33088.95;50;3.31;1;1
6233;33088.95;50;3.31;1;1
6234;33088.95;50;3.31;1;1
6235;33088.95;50;3.31;1;1
6236;33088.95;50;3.31;1;1
6237;33088.95;50;3.31;1;1
6238;33088.95;50;3.31;1;1
6239;33088.95;50;3.31;1;1
6240;33088.95;50;3.31;1;1
6241;33088.95;50;3.31;1;1
6242;33088.95;50;3.31;1;1
6243;33088.95;50;3.31;1;1
6244;33088.95;50;3.31;1;1
6245;33088.95;50;3.31;1;1
6246;33088.95;50;3.31;1;1
6247;33088.95;50;3.31;1;1
6248;33088.95;50;3.31;1;1
6249;33088.95;50;3.31;1;1
6250;33088.95;50;3.31;1;1
6251;33088.95;50;3.31;1;1
6252;33088.95;50;3.31;1;1
6253;33088.95;50;3.31;1;1
6254;33088.95;50;3.31;1;1
6255;33088.95;50;3.31;1;1
6256;33088.95;50;3.31;1;1
6257;33088.95;50;3.31;1;1
6258;33088.95;50;3.31;1;1
6259;33088.95;50;3.31;1;1
6260;33088.95;50;3.31;1;1
6261;33040.08;50;3.31;1;1
6262;33040.08;50;3.30;1;1
6263;33040.08;50;3.30;1;1
6264;33040.08;50;3.30;1;1
6265;32942.32;50;3.30;1;1
6266;32502.44;50;3.29;1;1
6267;32355.82;50;3.25;1;1
6268;32258.06;50;3.24;1;1
6269;32160.31;50;3.23;1;1
6270;32258.06;50;3.22;1;1
6271;32258.06;50;3.23;1;1
6272;32258.06;50;3.23;1;1
6273;32209.19;50;3.23;1;1
6274;32160.31;50;3.22;1;1
6275;32160.31;50;3.22;1;1
6276;32111.44;50;3.22;1;1
6277;32062.56;50;3.21;1;1
6278;32013.69;50;3.21;1;1
6279;32649.07;50;3.20;1;1
6280;32697.95;50;3.26;1;1
6281;32991.20;50;3.27;1;1
6282;32991.20;50;3.30;1;1
6283;33040.08;50;3.30;1;1
6284;32991.20;50;3.30;1;1
6285;32453.57;50;3.30;1;1
6286;32258.06;50;3.25;1;1
6287;32746.82;50;3.23;1;1
6288;32942.32;50;3.27;1;1
6289;33040.08;50;3.29;1;1
6290;33088.95;50;3.30;1;1
6291;32942.32;50;3.31;1;1
6292;32453.57;50;3.29;1;1
6293;33235.58;50;3.25;1;1
6294;33235.58;50;3.32;1;1
6295;33186.71;50;3.32;1;1
6296;33186.71;50;3.32;1;1
6297;33186.71;50;3.32;1;1
6298;33186.71;50;3.32;1;1
6299;33186.71;50;3.32;1;1
6300;33186.71;50;3.32;1;1
6301;33186.71;50;3.32;1;1
6302;33186.71;50;3.32;1;1
6303;33186.71;50;3.32;1;1
6304;33186.71;50;3.32;1;1
6305;33186.71;50;3.32;1;1
6306;33186.71;50;3.32;1;1
6307;33186.71;50;3.32;1;1
6308;33186.71;50;3.32;1;1
6309;33186.71;50;3.32;1;1
6310;33186.71;50;3.32;1;1
6311;33186.71;50;3.32;1;1
6312;33186.71;50;3.32;1;1
6313;33186.71;50;3.32;1;1
6314;33186.71;50;3.32;1;1
6315;33186.71;50;3.32;1;1
6316;33186.71;50;3.32;1;1
6317;33186.71;50;3.32;1;1
6318;33186.71;50;3.32;1;1
6319;33186.71;50;3.32;1;1
6320;33186.71;50;3.32;1;1
6321;33186.71;50;3.32;1;1
6322;33186.71;50;3.32;1;1
6323;33137.83;50;3.32;1;1
6324;33137.83;50;3.31;1;1
6325;33137.83;50;3.31;1;1
6326;33137.83;50;3.31;1;1
6327;33186.71;50;3.31;1;1
6328;33186.71;50;3.32;1;1
6329;33137.83;50;3.32;1;1
6330;33186.71;50;3.31;1;1
6331;33137.83;50;3.32;1;1
6332;33137.83;50;3.31;1;1
6333;33137.83;50;3.31;1;1
6334;33137.83;50;3.31;1;1
6335;33186.71;50;3.31;1;1
6336;33186.71;50;3.32;1;1
6337;33186.71;50;3.32;1;1
6338;33186.71;50;3.32;1;1
6339;33137.83;50;3.32;1;1
6340;33186.71;50;3.31;1;1
6341;33137.83;50;3.32;1;1
6342;33186.71;50;3.31;1;1
6343;33137.83;50;3.32;1;1
6344;33137.83;50;3.31;1;1
6345;33137.83;50;3.31;1;1
6346;33186.71;50;3.31;1;1
6347;33186.71;50;3.32;1;1
6348;33137.83;50;3.32;1;1
6349;33137.83;50;3.31;1;1
6350;33137.83;50;3.31;1;1
6351;33186.71;50;3.31;1;1
6352;33186.71;50;3.32;1;1
6353;33186.71;50;3.32;1;1
6354;33186.71;50;3.32;1;1
6355;33186.71;50;3.32;1;1
6356;33186.71;50;3.32;1;1
6357;33186.71;50;3.32;1;1
6358;33186.71;50;3.32;1;1
6359;33186.71;50;3.32;1;1
6360;33186.71;50;3.32;1;1
6361;33186.71;50;3.32;1;1
6362;33186.71;50;3.32;1;1
6363;33186.71;50;3.32;1;1
6364;33186.71;50;3.32;1;1
6365;33186.71;50;3.32;1;1
6366;33186.71;50;3.32;1;1
6367;33186.71;50;3.32;1;1
6368;33186.71;50;3.32;1;1
6369;33186.71;50;3.32;1;1
6370;33186.71;50;3.32;1;1
6371;33186.71;50;3.32;1;1
6372;33186.71;50;3.32;1;1
6373;33186.71;50;3.32;1;1
6374;33186.71;50;3.32;1;1
6375;33186.71;50;3.32;1;1
6376;33186.71;50;3.32;1;1
6377;33186.71;50;3.32;1;1
6378;33186.71;50;3.32;1;1
6379;33186.71;50;3.32;1;1
6380;33186.71;50;3.32;1;1
6381;33186.71;50;3.32;1;1
6382;33186.71;50;3.32;1;1
6383;33186.71;50;3.32;1;1
6384;33186.71;50;3.32;1;1
6385;33186.71;50;3.32;1;1
6386;33186.71;50;3.32;1;1
6387;33186.71;50;3.32;1;1
6388;33186.71;50;3.32;1;1
6389;33186.71;50;3.32;1;1
6390;33186.71;50;3.32;1;1
6391;33186.71;50;3.32;1;1
6392;33186.71;50;3.32;1;1
6393;33186.71;50;3.32;1;1
6394;33186.71;50;3.32;1;1
6395;33186.71;50;3.32;1;1
6396;33186.71;50;3.32;1;1
6397;33186.71;50;3.32;1;1
6398;33186.71;50;3.32;1;1
6399;33186.71;50;3.32;1;1
6400;33186.71;50;3.32;1;1
6401;33186.71;50;3.32;1;1
6402;33186.71;50;3.32;1;1
6403;33186.71;50;3.32;1;1
6404;33186.71;50;3.32;1;1
6405;33186.71;50;3.32;1;1
6406;33186.71;50;3.32;1;1
6407;33186.71;50;3.32;1;1
6408;33186.71;50;3.32;1;1
6409;33186.71;50;3.32;1;1
6410;33186.71;50;3.32;1;1
6411;33186.71;50;3.32;1;1
6412;33186.71;50;3.32;1;1
6413;33186.71;50;3.32;1;1
6414;33186.71;50;3.32;1;1
6415;33186.71;50;3.32;1;1
6416;33186.71;50;3.32;1;1
6417;33186.71;50;3.32;1;1
6418;33186.71;50;3.32;1;1
6419;33186.71;50;3.32;1;1
6420;33186.71;50;3.32;1;1
6421;33186.71;50;3.32;1;1
6422;33186.71;50;3.32;1;1
6423;33186.71;50;3.32;1;1
6424;33186.71;50;3.32;1;1
6425;33186.71;50;3.32;1;1
6426;33186.71;50;3.32;1;1
6427;33186.71;50;3.32;1;1
6428;33186.71;50;3.32;1;1
6429;33186.71;50;3.32;1;1
6430;33186.71;50;3.32;1;1
6431;33186.71;50;3.32;1;1
6432;33186.71;50;3.32;1;1
6433;33186.71;50;3.32;1;1
6434;33186.71;50;3.32;1;1
6435;33186.71;50;3.32;1;1
6436;33186.71;50;3.32;1;1
6437;33186.71;50;3.32;1;1
6438;33186.71;50;3.32;1;1
6439;33186.71;50;3.32;1;1
6440;33186.71;50;3.32;1;1
6441;33186.71;50;3.32;1;1
6442;33186.71;50;3.32;1;1
6443;33186.71;50;3.32;1;1
6444;33186.71;50;3.32;1;1
6445;33186.71;50;3.32;1;1
6446;33186.71;50;3.32;1;1
6447;33186.71;50;3.32;1;1
6448;33186.71;50;3.32;1;1
6449;33186.71;50;3.32;1;1
6450;33186.71;50;3.32;1;1
6451;33186.71;50;3.32;1;1
6452;33186.71;50;3.32;1;1
6453;33186.71;50;3.32;1;1
6454;33186.71;50;3.32;1;1
6455;33186.71;50;3.32;1;1
6456;33186.71;50;3.32;1;1
6457;33186.71;50;3.32;1;1
6458;33186.71;50;3.32;1;1
6459;33186.71;50;3.32;1;1
6460;33186.71;50;3.32;1;1
6461;33186.71;50;3.32;1;1
6462;33186.71;50;3.32;1;1
6463;33186.71;50;3.32;1;1
6464;33186.71;50;3.32;1;1
6465;33186.71;50;3.32;1;1
6466;33186.71;50;3.32;1;1
6467;33186.71;50;3.32;1;1
6468;33186.71;50;3.32;1;1
6469;33186.71;50;3.32;1;1
6470;33186.71;50;3.32;1;1
6471;33186.71;50;3.32;1;1
6472;33186.71;50;3.32;1;1
6473;33186.71;50;3.32;1;1
6474;33186.71;50;3.32;1;1
6475;33186.71;50;3.32;1;1
6476;33186.71;50;3.32;1;1
6477;33186.71;50;3.32;1;1
6478;33186.71;50;3.32;1;1
6479;33186.71;50;3.32;1;1
6480;33186.71;50;3.32;1;1
6481;33186.71;50;3.32;1;1
6482;33186.71;50;3.32;1;1
6483;33186.71;50;3.32;1;1
6484;33186.71;50;3.32;1;1
6485;33186.71;50;3.32;1;1
6486;33186.71;50;3.32;1;1
6487;33186.71;50;3.32;1;1
6488;33186.71;50;3.32;1;1
6489;33186.71;50;3.32;1;1
6490;33186.71;50;3.32;1;1
6491;33186.71;50;3.32;1;1
6492;33186.71;50;3.32;1;1
6493;33186.71;50;3.32;1;1
6494;33186.71;50;3.32;1;1
6495;33186.71;50;3.32;1;1
6496;33186.71;50;3.32;1;1
6497;33186.71;50;3.32;1;1
6498;33186.71;50;3.32;1;1
6499;33186.71;50;3.32;1;1
6500;33186.71;50;3.32;1;1
6501;33186.71;50;3.32;1;1
6502;33186.71;50;3.32;1;1
6503;33186.71;50;3.32;1;1
6504;33186.71;50;3.32;1;1
6505;33186.71;50;3.32;1;1
6506;33186.71;50;3.32;1;1
6507;33186.71;50;3.32;1;1
6508;33186.71;50;3.32;1;1
6509;33186.71;50;3.32;1;1
6510;33186.71;50;3.32;1;1
6511;33186.71;50;3.32;1;1
6512;33186.71;50;3.32;1;1
6513;33186.71;50;3.32;1;1
6514;33186.71;50;3.32;1;1
6515;33186.71;50;3.32;1;1
6516;33186.71;50;3.32;1;1
6517;33186.71;50;3.32;1;1
6518;33186.71;50;3.32;1;1
6519;33186.71;50;3.32;1;1
6520;33186.71;50;3.32;1;1
6521;33186.71;50;3.32;1;1
6522;33186.71;50;3.32;1;1
6523;33186.71;50;3.32;1;1
6524;33186.71;50;3.32;1;1
6525;33186.71;50;3.32;1;1
6526;33186.71;50;3.32;1;1
6527;33186.71;50;3.32;1;1
6528;33186.71;50;3.32;1;1
6529;33186.71;50;3.32;1;1
6530;33186.71;50;3.32;1;1
6531;33186.71;50;3.32;1;1
6532;33186.71;50;3.32;1;1
6533;33186.71;50;3.32;1;1
6534;33186.71;50;3.32;1;1
6535;33186.71;50;3.32;1;1
6536;33186.71;50;3.32;1;1
6537;33186.71;50;3.32;1;1
6538;33186.71;50;3.32;1;1
6539;33186.71;50;3.32;1;1
6540;33186.71;50;3.32;1;1
6541;33186.71;50;3.32;1;1
6542;33186.71;50;3.32;1;1
6543;33186.71;50;3.32;1;1
6544;33186.71;50;3.32;1;1
6545;33186.71;50;3.32;1;1
6546;33186.71;50;3.32;1;1
6547;33186.71;50;3.32;1;1
6548;33186.71;50;3.32;1;1
6549;33186.71;50;3.32;1;1
6550;33186.71;50;3.32;1;1
6551;33186.71;50;3.32;1;1
6552;33186.71;50;3.32;1;1
6553;33186.71;50;3.32;1;1
6554;33186.71;50;3.32;1;1
6555;33186.71;50;3.32;1;1
6556;33186.71;50;3.32;1;1
6557;33186.71;50;3.32;1;1
6558;33186.71;50;3.32;1;1
6559;33186.71;50;3.32;1;1
6560;33186.71;50;3.32;1;1
6561;33186.71;50;3.32;1;1
6562;33186.71;50;3.32;1;1
6563;33186.71;50;3.32;1;1
6564;33186.71;50;3.32;1;1
6565;33186.71;50;3.32;1;1
6566;33186.71;50;3.32;1;1
6567;33186.71;50;3.32;1;1
6568;33186.71;50;3.32;1;1
6569;33186.71;50;3.32;1;1
6570;33186.71;50;3.32;1;1
6571;33186.71;50;3.32;1;1
6572;33186.71;50;3.32;1;1
6573;33186.71;50;3.32;1;1
6574;33186.71;50;3.32;1;1
6575;33186.71;50;3.32;1;1
6576;33186.71;50;3.32;1;1
6577;33186.71;50;3.32;1;1
6578;33186.71;50;3.32;1;1
6579;33186.71;50;3.32;1;1
6580;33186.71;50;3.32;1;1
6581;33186.71;50;3.32;1;1
6582;33186.71;50;3.32;1;1
6583;33186.71;50;3.32;1;1
6584;33186.71;50;3.32;1;1
6585;33186.71;50;3.32;1;1
6586;33186.71;50;3.32;1;1
6587;33186.71;50;3.32;1;1
6588;33186.71;50;3.32;1;1
6589;33186.71;50;3.32;1;1
6590;33186.71;50;3.32;1;1
6591;33186.71;50;3.32;1;1
6592;33186.71;50;3.32;1;1
6593;33186.71;50;3.32;1;1
6594;33186.71;50;3.32;1;1
6595;33186.71;50;3.32;1;1
6596;33186.71;50;3.32;1;1
6597;33186.71;50;3.32;1;1
6598;33186.71;50;3.32;1;1
6599;33186.71;50;3.32;1;1
6600;33186.71;50;3.32;1;1
6601;33186.71;50;3.32;1;1
6602;33186.71;50;3.32;1;1
6603;33186.71;50;3.32;1;1
6604;33186.71;50;3.32;1;1
6605;33186.71;50;3.32;1;1
6606;33186.71;50;3.32;1;1
6607;33186.71;50;3.32;1;1
6608;33186.71;50;3.32;1;1
6609;33186.71;50;3.32;1;1
6610;33186.71;50;3.32;1;1
6611;33186.71;50;3.32;1;1
6612;33186.71;50;3.32;1;1
6613;33186.71;50;3.32;1;1
6614;33186.71;50;3.32;1;1
6615;33186.71;50;3.32;1;1
6616;33186.71;50;3.32;1;1
6617;33186.71;50;3.32;1;1
6618;33186.71;50;3.32;1;1
6619;33186.71;50;3.32;1;1
6620;33186.71;50;3.32;1;1
6621;33186.71;50;3.32;1;1
6622;33186.71;50;3.32;1;1
6623;33186.71;50;3.32;1;1
6624;33186.71;50;3.32;1;1
6625;33186.71;50;3.32;1;1
6626;33186.71;50;3.32;1;1
6627;33186.71;50;3.32;1;1
6628;33186.71;50;3.32;1;1
6629;33186.71;50;3.32;1;1
6630;33186.71;50;3.32;1;1
6631;33186.71;50;3.32;1;1
6632;33186.71;50;3.32;1;1
6633;33186.71;50;3.32;1;1
6634;33186.71;50;3.32;1;1
6635;33186.71;50;3.32;1;1
6636;33186.71;50;3.32;1;1
6637;33186.71;50;3.32;1;1
6638;33186.71;50;3.32;1;1
6639;33186.71;50;3.32;1;1
6640;33186.71;50;3.32;1;1
6641;33186.71;50;3.32;1;1
6642;33186.71;50;3.32;1;1
6643;33186.71;50;3.32;1;1
6644;33186.71;50;3.32;1;1
6645;33186.71;50;3.32;1;1
6646;33186.71;50;3.32;1;1
6647;33186.71;50;3.32;1;1
6648;33186.71;50;3.32;1;1
6649;33186.71;50;3.32;1;1
6650;33186.71;50;3.32;1;1
6651;33186.71;50;3.32;1;1
6652;33186.71;50;3.32;1;1
6653;33186.71;50;3.32;1;1
6654;33186.71;50;3.32;1;1
6655;33186.71;50;3.32;1;1
6656;33186.71;50;3.32;1;1
6657;33186.71;50;3.32;1;1
6658;33186.71;50;3.32;1;1
6659;33186.71;50;3.32;1;1
6660;33186.71;50;3.32;1;1
6661;33186.71;50;3.32;1;1
6662;33186.71;50;3.32;1;1
6663;33186.71;50;3.32;1;1
6664;33186.71;50;3.32;1;1
6665;33186.71;50;3.32;1;1
6666;33186.71;50;3.32;1;1
6667;33186.71;50;3.32;1;1
6668;33186.71;50;3.32;1;1
6669;33186.71;50;3.32;1;1
6670;33186.71;50;3.32;1;1
6671;33186.71;50;3.32;1;1
6672;33186.71;50;3.32;1;1
6673;33186.71;50;3.32;1;1
6674;33186.71;50;3.32;1;1
6675;33186.71;50;3.32;1;1
6676;33186.71;50;3.32;1;1
6677;33186.71;50;3.32;1;1
6678;33186.71;50;3.32;1;1
6679;33186.71;50;3.32;1;1
6680;33186.71;50;3.32;1;1
6681;33186.71;50;3.32;1;1
6682;33186.71;50;3.32;1;1
6683;33186.71;50;3.32;1;1
6684;33186.71;50;3.32;1;1
6685;33186.71;50;3.32;1;1
6686;33186.71;50;3.32;1;1
6687;33186.71;50;3.32;1;1
6688;33186.71;50;3.32;1;1
6689;33186.71;50;3.32;1;1
6690;33186.71;50;3.32;1;1
6691;33186.71;50;3.32;1;1
6692;33186.71;50;3.32;1;1
6693;33186.71;50;3.32;1;1
6694;33186.71;50;3.32;1;1
6695;33186.71;50;3.32;1;1
6696;33186.71;50;3.32;1;1
6697;33186.71;50;3.32;1;1
6698;33186.71;50;3.32;1;1
6699;33186.71;50;3.32;1;1
6700;33186.71;50;3.32;1;1
6701;33186.71;50;3.32;1;1
6702;33186.71;50;3.32;1;1
6703;33186.71;50;3.32;1;1
6704;33186.71;50;3.32;1;1
6705;33186.71;50;3.32;1;1
6706;33186.71;50;3.32;1;1
6707;33186.71;50;3.32;1;1
6708;33186.71;50;3.32;1;1
6709;33186.71;50;3.32;1;1
6710;33186.71;50;3.32;1;1
6711;33186.71;50;3.32;1;1
6712;33186.71;50;3.32;1;1
6713;33186.71;50;3.32;1;1
6714;33186.71;50;3.32;1;1
6715;33186.71;50;3.32;1;1
6716;33186.71;50;3.32;1;1
6717;33186.71;50;3.32;1;1
6718;33186.71;50;3.32;1;1
6719;33186.71;50;3.32;1;1
6720;33186.71;50;3.32;1;1
6721;33186.71;50;3.32;1;1
6722;33186.71;50;3.32;1;1
6723;33186.71;50;3.32;1;1
6724;33186.71;50;3.32;1;1
6725;33186.71;50;3.32;1;1
6726;33186.71;50;3.32;1;1
6727;33186.71;50;3.32;1;1
6728;33186.71;50;3.32;1;1
6729;33186.71;50;3.32;1;1
6730;33186.71;50;3.32;1;1
6731;33186.71;50;3.32;1;1
6732;33186.71;50;3.32;1;1
6733;33186.71;50;3.32;1;1
6734;33186.71;50;3.32;1;1
6735;33186.71;50;3.32;1;1
6736;33186.71;50;3.32;1;1
6737;33186.71;50;3.32;1;1
6738;33186.71;50;3.32;1;1
6739;33186.71;50;3.32;1;1
6740;33186.71;50;3.32;1;1
6741;33186.71;50;3.32;1;1
6742;33186.71;50;3.32;1;1
6743;33186.71;50;3.32;1;1
6744;33186.71;50;3.32;1;1
6745;33186.71;50;3.32;1;1
6746;33186.71;50;3.32;1;1
6747;33186.71;50;3.32;1;1
6748;33186.71;50;3.32;1;1
6749;33186.71;50;3.32;1;1
6750;33186.71;50;3.32;1;1
6751;33186.71;50;3.32;1;1
6752;33186.71;50;3.32;1;1
6753;33186.71;50;3.32;1;1
6754;33186.71;50;3.32;1;1
6755;33186.71;50;3.32;1;1
6756;33186.71;50;3.32;1;1
6757;33186.71;50;3.32;1;1
6758;33186.71;50;3.32;1;1
6759;33186.71;50;3.32;1;1
6760;33186.71;50;3.32;1;1
6761;33186.71;50;3.32;1;1
6762;33186.71;50;3.32;1;1
6763;33186.71;50;3.32;1;1
6764;33186.71;50;3.32;1;1
6765;33186.71;50;3.32;1;1
6766;33186.71;50;3.32;1;1
6767;33186.71;50;3.32;1;1
6768;33186.71;50;3.32;1;1
6769;33186.71;50;3.32;1;1
6770;33186.71;50;3.32;1;1
6771;33186.71;50;3.32;1;1
6772;33186.71;50;3.32;1;1
6773;33186.71;50;3.32;1;1
6774;33186.71;50;3.32;1;1
6775;33186.71;50;3.32;1;1
6776;33186.71;50;3.32;1;1
6777;33186.71;50;3.32;1;1
6778;33186.71;50;3.32;1;1
6779;33186.71;50;3.32;1;1
6780;33186.71;50;3.32;1;1
6781;33186.71;50;3.32;1;1
6782;33186.71;50;3.32;1;1
6783;33186.71;50;3.32;1;1
6784;33186.71;50;3.32;1;1
6785;33186.71;50;3.32;1;1
6786;33186.71;50;3.32;1;1
6787;33186.71;50;3.32;1;1
6788;33186.71;50;3.32;1;1
6789;33186.71;50;3.32;1;1
6790;33186.71;50;3.32;1;1
6791;33186.71;50;3.32;1;1
6792;33186.71;50;3.32;1;1
6793;33186.71;50;3.32;1;1
6794;33186.71;50;3.32;1;1
6795;33186.71;50;3.32;1;1
6796;33186.71;50;3.32;1;1
6797;33186.71;50;3.32;1;1
6798;33186.71;50;3.32;1;1
6799;33186.71;50;3.32;1;1
6800;33186.71;50;3.32;1;1
6801;33186.71;50;3.32;1;1
6802;33186.71;50;3.32;1;1
6803;33186.71;50;3.32;1;1
6804;33186.71;50;3.32;1;1
6805;33186.71;50;3.32;1;1
6806;33186.71;50;3.32;1;1
6807;33186.71;50;3.32;1;1
6808;33186.71;50;3.32;1;1
6809;33186.71;50;3.32;1;1
6810;33186.71;50;3.32;1;1
6811;33186.71;50;3.32;1;1
6812;33186.71;50;3.32;1;1
6813;33186.71;50;3.32;1;1
6814;33186.71;50;3.32;1;1
6815;33186.71;50;3.32;1;1
6816;33186.71;50;3.32;1;1
6817;33186.71;50;3.32;1;1
6818;33186.71;50;3.32;1;1
6819;33186.71;50;3.32;1;1
6820;33186.71;50;3.32;1;1
6821;33186.71;50;3.32;1;1
6822;33186.71;50;3.32;1;1
6823;33186.71;50;3.32;1;1
6824;33186.71;50;3.32;1;1
6825;33186.71;50;3.32;1;1
6826;33186.71;50;3.32;1;1
6827;33186.71;50;3.32;1;1
6828;33186.71;50;3.32;1;1
6829;33186.71;50;3.32;1;1
6830;33186.71;50;3.32;1;1
6831;33186.71;50;3.32;1;1
6832;33186.71;50;3.32;1;1
6833;33186.71;50;3.32;1;1
6834;33186.71;50;3.32;1;1
6835;33186.71;50;3.32;1;1
6836;33186.71;50;3.32;1;1
6837;33186.71;50;3.32;1;1
6838;33186.71;50;3.32;1;1
6839;33186.71;50;3.32;1;1
6840;33186.71;50;3.32;1;1
6841;33186.71;50;3.32;1;1
6842;33186.71;50;3.32;1;1
6843;33186.71;50;3.32;1;1
6844;33186.71;50;3.32;1;1
6845;33186.71;50;3.32;1;1
6846;33186.71;50;3.32;1;1
6847;33186.71;50;3.32;1;1
6848;33186.71;50;3.32;1;1
6849;33186.71;50;3.32;1;1
6850;33186.71;50;3.32;1;1
6851;33186.71;50;3.32;1;1
6852;33186.71;50;3.32;1;1
6853;33186.71;50;3.32;1;1
6854;33186.71;50;3.32;1;1
6855;33186.71;50;3.32;1;1
6856;33186.71;50;3.32;1;1
6857;33186.71;50;3.32;1;1
6858;33186.71;50;3.32;1;1
6859;33186.71;50;3.32;1;1
6860;33186.71;50;3.32;1;1
6861;33186.71;50;3.32;1;1
6862;33186.71;50;3.32;1;1
6863;33186.71;50;3.32;1;1
6864;33186.71;50;3.32;1;1
6865;33186.71;50;3.32;1;1
6866;33186.71;50;3.32;1;1
6867;33186.71;50;3.32;1;1
6868;33186.71;50;3.32;1;1
6869;33186.71;50;3.32;1;1
6870;33186.71;50;3.32;1;1
6871;33186.71;50;3.32;1;1
6872;33186.71;50;3.32;1;1
6873;33186.71;50;3.32;1;1
6874;33186.71;50;3.32;1;1
6875;33186.71;50;3.32;1;1
6876;33186.71;50;3.32;1;1
6877;33186.71;50;3.32;1;1
6878;33186.71;50;3.32;1;1
6879;33186.71;50;3.32;1;1
6880;33186.71;50;3.32;1;1
6881;33186.71;50;3.32;1;1
6882;33186.71;50;3.32;1;1
6883;33186.71;50;3.32;1;1
6884;33186.71;50;3.32;1;1
6885;33186.71;50;3.32;1;1
6886;33186.71;50;3.32;1;1
6887;33186.71;50;3.32;1;1
6888;33186.71;50;3.32;1;1
6889;33186.71;50;3.32;1;1
6890;33186.71;50;3.32;1;1
6891;33186.71;50;3.32;1;1
6892;33186.71;50;3.32;1;1
6893;33186.71;50;3.32;1;1
6894;33186.71;50;3.32;1;1
6895;33186.71;50;3.32;1;1
6896;33186.71;50;3.32;1;1
6897;33186.71;50;3.32;1;1
6898;33186.71;50;3.32;1;1
6899;33186.71;50;3.32;1;1
6900;33186.71;50;3.32;1;1
6901;33186.71;50;3.32;1;1
6902;33186.71;50;3.32;1;1
6903;33186.71;50;3.32;1;1
6904;33186.71;50;3.32;1;1
6905;33186.71;50;3.32;1;1
6906;33186.71;50;3.32;1;1
6907;33186.71;50;3.32;1;1
6908;33186.71;50;3.32;1;1
6909;33186.71;50;3.32;1;1
6910;33186.71;50;3.32;1;1
6911;33186.71;50;3.32;1;1
6912;33186.71;50;3.32;1;1
6913;33186.71;50;3.32;1;1
6914;33186.71;50;3.32;1;1
6915;33186.71;50;3.32;1;1
6916;33186.71;50;3.32;1;1
6917;33186.71;50;3.32;1;1
6918;33186.71;50;3.32;1;1
6919;33186.71;50;3.32;1;1
6920;33186.71;50;3.32;1;1
6921;33186.71;50;3.32;1;1
6922;33186.71;50;3.32;1;1
6923;33186.71;50;3.32;1;1
6924;33186.71;50;3.32;1;1
6925;33186.71;50;3.32;1;1
6926;33186.71;50;3.32;1;1
6927;33186.71;50;3.32;1;1
6928;33186.71;50;3.32;1;1
6929;33186.71;50;3.32;1;1
6930;33186.71;50;3.32;1;1
6931;33186.71;50;3.32;1;1
6932;33186.71;50;3.32;1;1
6933;33186.71;50;3.32;1;1
6934;33186.71;50;3.32;1;1
6935;33186.71;50;3.32;1;1
6936;33186.71;50;3.32;1;1
6937;33186.71;50;3.32;1;1
6938;33186.71;50;3.32;1;1
6939;33186.71;50;3.32;1;1
6940;33186.71;50;3.32;1;1
6941;33186.71;50;3.32;1;1
6942;33186.71;50;3.32;1;1
6943;33186.71;50;3.32;1;1
6944;33186.71;50;3.32;1;1
6945;33186.71;50;3.32;1;1
6946;33186.71;50;3.32;1;1
6947;33186.71;50;3.32;1;1
6948;33186.71;50;3.32;1;1
6949;33186.71;50;3.32;1;1
6950;33186.71;50;3.32;1;1
6951;33186.71;50;3.32;1;1
6952;33186.71;50;3.32;1;1
6953;33186.71;50;3.32;1;1
6954;33186.71;50;3.32;1;1
6955;33186.71;50;3.32;1;1
6956;33186.71;50;3.32;1;1
6957;33186.71;50;3.32;1;1
6958;33186.71;50;3.32;1;1
6959;33186.71;50;3.32;1;1
6960;33186.71;50;3.32;1;1
6961;33186.71;50;3.32;1;1
6962;33186.71;50;3.32;1;1
6963;33186.71;50;3.32;1;1
6964;33186.71;50;3.32;1;1
6965;33186.71;50;3.32;1;1
6966;33186.71;50;3.32;1;1
6967;33186.71;50;3.32;1;1
6968;33186.71;50;3.32;1;1
6969;33186.71;50;3.32;1;1
6970;33186.71;50;3.32;1;1
6971;33186.71;50;3.32;1;1
6972;33186.71;50;3.32;1;1
6973;33186.71;50;3.32;1;1
6974;33186.71;50;3.32;1;1
6975;33186.71;50;3.32;1;1
6976;33186.71;50;3.32;1;1
6977;33186.71;50;3.32;1;1
6978;33186.71;50;3.32;1;1
6979;33186.71;50;3.32;1;1
6980;33186.71;50;3.32;1;1
6981;33186.71;50;3.32;1;1
6982;33186.71;50;3.32;1;1
6983;33186.71;50;3.32;1;1
6984;33186.71;50;3.32;1;1
6985;33186.71;50;3.32;1;1
6986;33186.71;50;3.32;1;1
6987;33186.71;50;3.32;1;1
6988;33186.71;50;3.32;1;1
6989;33186.71;50;3.32;1;1
6990;33186.71;50;3.32;1;1
6991;33186.71;50;3.32;1;1
6992;33186.71;50;3.32;1;1
6993;33186.71;50;3.32;1;1
6994;33186.71;50;3.32;1;1
6995;33186.71;50;3.32;1;1
6996;33186.71;50;3.32;1;1
6997;33186.71;50;3.32;1;1
6998;33186.71;50;3.32;1;1
6999;33186.71;50;3.32;1;1
7000;33186.71;50;3.32;1;1
7001;33186.71;50;3.32;1;1
7002;33186.71;50;3.32;1;1
7003;33186.71;50;3.32;1;1
7004;33186.71;50;3.32;1;1
7005;33186.71;50;3.32;1;1
7006;33186.71;50;3.32;1;1
7007;33186.71;50;3.32;1;1
7008;33186.71;50;3.32;1;1
7009;33186.71;50;3.32;1;1
7010;33186.71;50;3.32;1;1
7011;33186.71;50;3.32;1;1
7012;33186.71;50;3.32;1;1
7013;33186.71;50;3.32;1;1
7014;33186.71;50;3.32;1;1
7015;33186.71;50;3.32;1;1
7016;33186.71;50;3.32;1;1
7017;33186.71;50;3.32;1;1
7018;33186.71;50;3.32;1;1
7019;33186.71;50;3.32;1;1
7020;33186.71;50;3.32;1;1
7021;33186.71;50;3.32;1;1
7022;33186.71;50;3.32;1;1
7023;33186.71;50;3.32;1;1
7024;33186.71;50;3.32;1;1
7025;33186.71;50;3.32;1;1
7026;33186.71;50;3.32;1;1
7027;33186.71;50;3.32;1;1
7028;33186.71;50;3.32;1;1
7029;33186.71;50;3.32;1;1
7030;33186.71;50;3.32;1;1
7031;33186.71;50;3.32;1;1
7032;33186.71;50;3.32;1;1
7033;33186.71;50;3.32;1;1
7034;33186.71;50;3.32;1;1
7035;33186.71;50;3.32;1;1
7036;33186.71;50;3.32;1;1
7037;33186.71;50;3.32;1;1
7038;33186.71;50;3.32;1;1
7039;33186.71;50;3.32;1;1
7040;33186.71;50;3.32;1;1
7041;33186.71;50;3.32;1;1
7042;33186.71;50;3.32;1;1
7043;33186.71;50;3.32;1;1
7044;33186.71;50;3.32;1;1
7045;33186.71;50;3.32;1;1
7046;33186.71;50;3.32;1;1
7047;33186.71;50;3.32;1;1
7048;33186.71;50;3.32;1;1
7049;33186.71;50;3.32;1;1
7050;33186.71;50;3.32;1;1
7051;33186.71;50;3.32;1;1
7052;33186.71;50;3.32;1;1
7053;33186.71;50;3.32;1;1
7054;33186.71;50;3.32;1;1
7055;33186.71;50;3.32;1;1
7056;33186.71;50;3.32;1;1
7057;33186.71;50;3.32;1;1
7058;33186.71;50;3.32;1;1
7059;33186.71;50;3.32;1;1
7060;33186.71;50;3.32;1;1
7061;33186.71;50;3.32;1;1
7062;33186.71;50;3.32;1;1
7063;33186.71;50;3.32;1;1
7064;33186.71;50;3.32;1;1
7065;33186.71;50;3.32;1;1
7066;33186.71;50;3.32;1;1
7067;33186.71;50;3.32;1;1
7068;33186.71;50;3.32;1;1
7069;33186.71;50;3.32;1;1
7070;33186.71;50;3.32;1;1
7071;33186.71;50;3.32;1;1
7072;33186.71;50;3.32;1;1
7073;33186.71;50;3.32;1;1
7074;33186.71;50;3.32;1;1
7075;33186.71;50;3.32;1;1
7076;33186.71;50;3.32;1;1
7077;33186.71;50;3.32;1;1
7078;33186.71;50;3.32;1;1
7079;33186.71;50;3.32;1;1
7080;33186.71;50;3.32;1;1
7081;33186.71;50;3.32;1;1
7082;33186.71;50;3.32;1;1
7083;33186.71;50;3.32;1;1
7084;33186.71;50;3.32;1;1
7085;33186.71;50;3.32;1;1
7086;33186.71;50;3.32;1;1
7087;33186.71;50;3.32;1;1
7088;33186.71;50;3.32;1;1
7089;33186.71;50;3.32;1;1
7090;33186.71;50;3.32;1;1
7091;33186.71;50;3.32;1;1
7092;33186.71;50;3.32;1;1
7093;33186.71;50;3.32;1;1
7094;33186.71;50;3.32;1;1
7095;33186.71;50;3.32;1;1
7096;33186.71;50;3.32;1;1
7097;33186.71;50;3.32;1;1
7098;33186.71;50;3.32;1;1
7099;33186.71;50;3.32;1;1
7100;33186.71;50;3.32;1;1
7101;33186.71;50;3.32;1;1
7102;33186.71;50;3.32;1;1
7103;33186.71;50;3.32;1;1
7104;33186.71;50;3.32;1;1
7105;33186.71;50;3.32;1;1
7106;33186.71;50;3.32;1;1
7107;33186.71;50;3.32;1;1
7108;33186.71;50;3.32;1;1
7109;33186.71;50;3.32;1;1
7110;33186.71;50;3.32;1;1
7111;33186.71;50;3.32;1;1
7112;33186.71;50;3.32;1;1
7113;33186.71;50;3.32;1;1
7114;33186.71;50;3.32;1;1
7115;33186.71;50;3.32;1;1
7116;33186.71;50;3.32;1;1
7117;33186.71;50;3.32;1;1
7118;33186.71;50;3.32;1;1
7119;33186.71;50;3.32;1;1
7120;33186.71;50;3.32;1;1
7121;33186.71;50;3.32;1;1
7122;33186.71;50;3.32;1;1
7123;33186.71;50;3.32;1;1
7124;33186.71;50;3.32;1;1
7125;33186.71;50;3.32;1;1
7126;33186.71;50;3.32;1;1
7127;33186.71;50;3.32;1;1
7128;33186.71;50;3.32;1;1
7129;33186.71;50;3.32;1;1
7130;33186.71;50;3.32;1;1
7131;33186.71;50;3.32;1;1
7132;33186.71;50;3.32;1;1
7133;33186.71;50;3.32;1;1
7134;33186.71;50;3.32;1;1
7135;33186.71;50;3.32;1;1
7136;33186.71;50;3.32;1;1
7137;33186.71;50;3.32;1;1
7138;33186.71;50;3.32;1;1
7139;33186.71;50;3.32;1;1
7140;33186.71;50;3.32;1;1
7141;33186.71;50;3.32;1;1
7142;33186.71;50;3.32;1;1
7143;33186.71;50;3.32;1;1
7144;33186.71;50;3.32;1;1
7145;33186.71;50;3.32;1;1
7146;33186.71;50;3.32;1;1
7147;33186.71;50;3.32;1;1
7148;33186.71;50;3.32;1;1
7149;33186.71;50;3.32;1;1
7150;33186.71;50;3.32;1;1
7151;33186.71;50;3.32;1;1
7152;33186.71;50;3.32;1;1
7153;33186.71;50;3.32;1;1
7154;33186.71;50;3.32;1;1
7155;33186.71;50;3.32;1;1
7156;33186.71;50;3.32;1;1
7157;33186.71;50;3.32;1;1
7158;33186.71;50;3.32;1;1
7159;33186.71;50;3.32;1;1
7160;33186.71;50;3.32;1;1
7161;33186.71;50;3.32;1;1
7162;33186.71;50;3.32;1;1
7163;33186.71;50;3.32;1;1
7164;33186.71;50;3.32;1;1
7165;33186.71;50;3.32;1;1
7166;33186.71;50;3.32;1;1
7167;33186.71;50;3.32;1;1
7168;33186.71;50;3.32;1;1
7169;33186.71;50;3.32;1;1
7170;33186.71;50;3.32;1;1
7171;33186.71;50;3.32;1;1
7172;33186.71;50;3.32;1;1
7173;33186.71;50;3.32;1;1
7174;33186.71;50;3.32;1;1
7175;33186.71;50;3.32;1;1
7176;33186.71;50;3.32;1;1
7177;33186.71;50;3.32;1;1
7178;33186.71;50;3.32;1;1
7179;33186.71;50;3.32;1;1
7180;33186.71;50;3.32;1;1
7181;33186.71;50;3.32;1;1
7182;33186.71;50;3.32;1;1
7183;33186.71;50;3.32;1;1
7184;33186.71;50;3.32;1;1
7185;33186.71;50;3.32;1;1
7186;33186.71;50;3.32;1;1
7187;33186.71;50;3.32;1;1
7188;33186.71;50;3.32;1;1
7189;33186.71;50;3.32;1;1
7190;33186.71;50;3.32;1;1
7191;33186.71;50;3.32;1;1
7192;33186.71;50;3.32;1;1
7193;33186.71;50;3.32;1;1
7194;33186.71;50;3.32;1;1
7195;33186.71;50;3.32;1;1
7196;33186.71;50;3.32;1;1
7197;33186.71;50;3.32;1;1
7198;33186.71;50;3.32;1;1
7199;33186.71;50;3.32;1;1
7200;33186.71;50;3.32;1;1
7201;33186.71;50;3.32;1;1
7202;33186.71;50;3.32;1;1
7203;33186.71;50;3.32;1;1
7204;33186.71;50;3.32;1;1
7205;33186.71;50;3.32;1;1
7206;33186.71;50;3.32;1;1
7207;33186.71;50;3.32;1;1
7208;33186.71;50;3.32;1;1
7209;33186.71;50;3.32;1;1
7210;33186.71;50;3.32;1;1
7211;33186.71;50;3.32;1;1
7212;33186.71;50;3.32;1;1
7213;33186.71;50;3.32;1;1
7214;33186.71;50;3.32;1;1
7215;33186.71;50;3.32;1;1
7216;33186.71;50;3.32;1;1
7217;33186.71;50;3.32;1;1
7218;33186.71;50;3.32;1;1
7219;33186.71;50;3.32;1;1
7220;33186.71;50;3.32;1;1
7221;33186.71;50;3.32;1;1
7222;33186.71;50;3.32;1;1
7223;33186.71;50;3.32;1;1
7224;33186.71;50;3.32;1;1
7225;33186.71;50;3.32;1;1
7226;33186.71;50;3.32;1;1
7227;33186.71;50;3.32;1;1
7228;33186.71;50;3.32;1;1
7229;33186.71;50;3.32;1;1
7230;33186.71;50;3.32;1;1
7231;33186.71;50;3.32;1;1
7232;33186.71;50;3.32;1;1
7233;33186.71;50;3.32;1;1
7234;33186.71;50;3.32;1;1
7235;33186.71;50;3.32;1;1
7236;33186.71;50;3.32;1;1
7237;33186.71;50;3.32;1;1
7238;33186.71;50;3.32;1;1
7239;33186.71;50;3.32;1;1
7240;33186.71;50;3.32;1;1
7241;33186.71;50;3.32;1;1
7242;33186.71;50;3.32;1;1
7243;33186.71;50;3.32;1;1
7244;33186.71;50;3.32;1;1
7245;33186.71;50;3.32;1;1
7246;33186.71;50;3.32;1;1
7247;33186.71;50;3.32;1;1
7248;33186.71;50;3.32;1;1
7249;33186.71;50;3.32;1;1
7250;33186.71;50;3.32;1;1
7251;33186.71;50;3.32;1;1
7252;33186.71;50;3.32;1;1
7253;33186.71;50;3.32;1;1
7254;33186.71;50;3.32;1;1
7255;33186.71;50;3.32;1;1
7256;33186.71;50;3.32;1;1
7257;33186.71;50;3.32;1;1
7258;33186.71;50;3.32;1;1
7259;33186.71;50;3.32;1;1
7260;33186.71;50;3.32;1;1
7261;33186.71;50;3.32;1;1
7262;33186.71;50;3.32;1;1
7263;33186.71;50;3.32;1;1
7264;33186.71;50;3.32;1;1
7265;33186.71;50;3.32;1;1
7266;33186.71;50;3.32;1;1
7267;33186.71;50;3.32;1;1
7268;33186.71;50;3.32;1;1
7269;33186.71;50;3.32;1;1
7270;33186.71;50;3.32;1;1
7271;33186.71;50;3.32;1;1
7272;33186.71;50;3.32;1;1
7273;33186.71;50;3.32;1;1
7274;33186.71;50;3.32;1;1
7275;33186.71;50;3.32;1;1
7276;33186.71;50;3.32;1;1
7277;33186.71;50;3.32;1;1
7278;33186.71;50;3.32;1;1
7279;33186.71;50;3.32;1;1
7280;33186.71;50;3.32;1;1
7281;33186.71;50;3.32;1;1
7282;33186.71;50;3.32;1;1
7283;33186.71;50;3.32;1;1
7284;33186.71;50;3.32;1;1
7285;33186.71;50;3.32;1;1
7286;33186.71;50;3.32;1;1
7287;33186.71;50;3.32;1;1
7288;33186.71;50;3.32;1;1
7289;33186.71;50;3.32;1;1
7290;33186.71;50;3.32;1;1
7291;33186.71;50;3.32;1;1
7292;33186.71;50;3.32;1;1
7293;33186.71;50;3.32;1;1
7294;33186.71;50;3.32;1;1
7295;33186.71;50;3.32;1;1
7296;33186.71;50;3.32;1;1
7297;33186.71;50;3.32;1;1
7298;33186.71;50;3.32;1;1
7299;33186.71;50;3.32;1;1
7300;33186.71;50;3.32;1;1
7301;33186.71;50;3.32;1;1
7302;33186.71;50;3.32;1;1
7303;33186.71;50;3.32;1;1
7304;33186.71;50;3.32;1;1
7305;33186.71;50;3.32;1;1
7306;33186.71;50;3.32;1;1
7307;33186.71;50;3.32;1;1
7308;33186.71;50;3.32;1;1
7309;33186.71;50;3.32;1;1
7310;33186.71;50;3.32;1;1
7311;33186.71;50;3.32;1;1
7312;33186.71;50;3.32;1;1
7313;33186.71;50;3.32;1;1
7314;33186.71;50;3.32;1;1
7315;33186.71;50;3.32;1;1
7316;33186.71;50;3.32;1;1
7317;33186.71;50;3.32;1;1
7318;33186.71;50;3.32;1;1
7319;33186.71;50;3.32;1;1
7320;33186.71;50;3.32;1;1
7321;33186.71;50;3.32;1;1
7322;33186.71;50;3.32;1;1
7323;33186.71;50;3.32;1;1
7324;33186.71;50;3.32;1;1
7325;33186.71;50;3.32;1;1
7326;33186.71;50;3.32;1;1
7327;33186.71;50;3.32;1;1
7328;33186.71;50;3.32;1;1
7329;33186.71;50;3.32;1;1
7330;33186.71;50;3.32;1;1
7331;33186.71;50;3.32;1;1
7332;33186.71;50;3.32;1;1
7333;33186.71;50;3.32;1;1
7334;33186.71;50;3.32;1;1
7335;33186.71;50;3.32;1;1
7336;33186.71;50;3.32;1;1
7337;33186.71;50;3.32;1;1
7338;33186.71;50;3.32;1;1
7339;33186.71;50;3.32;1;1
7340;33186.71;50;3.32;1;1
7341;33186.71;50;3.32;1;1
7342;33186.71;50;3.32;1;1
7343;33186.71;50;3.32;1;1
7344;33186.71;50;3.32;1;1
7345;33186.71;50;3.32;1;1
7346;33186.71;50;3.32;1;1
7347;33186.71;50;3.32;1;1
7348;33186.71;50;3.32;1;1
7349;33186.71;50;3.32;1;1
7350;33186.71;50;3.32;1;1
7351;33186.71;50;3.32;1;1
7352;33186.71;50;3.32;1;1
7353;33186.71;50;3.32;1;1
7354;33186.71;50;3.32;1;1
7355;33186.71;50;3.32;1;1
7356;33186.71;50;3.32;1;1
7357;33186.71;50;3.32;1;1
7358;33186.71;50;3.32;1;1
7359;33186.71;50;3.32;1;1
7360;33186.71;50;3.32;1;1
7361;33186.71;50;3.32;1;1
7362;33186.71;50;3.32;1;1
7363;33186.71;50;3.32;1;1
7364;33186.71;50;3.32;1;1
7365;33186.71;50;3.32;1;1
7366;33186.71;50;3.32;1;1
7367;33186.71;50;3.32;1;1
7368;33186.71;50;3.32;1;1
7369;33186.71;50;3.32;1;1
7370;33186.71;50;3.32;1;1
7371;33186.71;50;3.32;1;1
7372;33186.71;50;3.32;1;1
7373;33186.71;50;3.32;1;1
7374;33186.71;50;3.32;1;1
7375;33186.71;50;3.32;1;1
7376;33186.71;50;3.32;1;1
7377;33186.71;50;3.32;1;1
7378;33186.71;50;3.32;1;1
7379;33186.71;50;3.32;1;1
7380;33186.71;50;3.32;1;1
7381;33186.71;50;3.32;1;1
7382;33186.71;50;3.32;1;1
7383;33186.71;50;3.32;1;1
7384;33186.71;50;3.32;1;1
7385;33186.71;50;3.32;1;1
7386;33186.71;50;3.32;1;1
7387;33186.71;50;3.32;1;1
7388;33186.71;50;3.32;1;1
7389;33186.71;50;3.32;1;1
7390;33186.71;50;3.32;1;1
7391;33186.71;50;3.32;1;1
7392;33186.71;50;3.32;1;1
7393;33186.71;50;3.32;1;1
7394;33186.71;50;3.32;1;1
7395;33186.71;50;3.32;1;1
7396;33186.71;50;3.32;1;1
7397;33186.71;50;3.32;1;1
7398;33186.71;50;3.32;1;1
7399;33186.71;50;3.32;1;1
7400;33186.71;50;3.32;1;1
7401;33186.71;50;3.32;1;1
7402;33186.71;50;3.32;1;1
7403;33186.71;50;3.32;1;1
7404;33186.71;50;3.32;1;1
7405;33186.71;50;3.32;1;1
7406;33186.71;50;3.32;1;1
7407;33186.71;50;3.32;1;1
7408;33186.71;50;3.32;1;1
7409;33186.71;50;3.32;1;1
7410;33186.71;50;3.32;1;1
7411;33186.71;50;3.32;1;1
7412;33186.71;50;3.32;1;1
7413;33186.71;50;3.32;1;1
7414;33186.71;50;3.32;1;1
7415;33186.71;50;3.32;1;1
7416;33186.71;50;3.32;1;1
7417;33186.71;50;3.32;1;1
7418;33186.71;50;3.32;1;1
7419;33186.71;50;3.32;1;1
7420;33186.71;50;3.32;1;1
7421;33186.71;50;3.32;1;1
7422;33186.71;50;3.32;1;1
7423;33186.71;50;3.32;1;1
7424;33186.71;50;3.32;1;1
7425;33186.71;50;3.32;1;1
7426;33186.71;50;3.32;1;1
7427;33186.71;50;3.32;1;1
7428;33186.71;50;3.32;1;1
7429;33186.71;50;3.32;1;1
7430;33186.71;50;3.32;1;1
7431;33186.71;50;3.32;1;1
7432;33186.71;50;3.32;1;1
7433;33186.71;50;3.32;1;1
7434;33186.71;50;3.32;1;1
7435;33186.71;50;3.32;1;1
7436;33186.71;50;3.32;1;1
7437;33186.71;50;3.32;1;1
7438;33186.71;50;3.32;1;1
7439;33186.71;50;3.32;1;1
7440;33186.71;50;3.32;1;1
7441;33186.71;50;3.32;1;1
7442;33186.71;50;3.32;1;1
7443;33186.71;50;3.32;1;1
7444;33186.71;50;3.32;1;1
7445;33186.71;50;3.32;1;1
7446;33186.71;50;3.32;1;1
7447;33186.71;50;3.32;1;1
7448;33186.71;50;3.32;1;1
7449;33186.71;50;3.32;1;1
7450;33186.71;50;3.32;1;1
7451;33186.71;50;3.32;1;1
7452;33186.71;50;3.32;1;1
7453;33186.71;50;3.32;1;1
7454;33186.71;50;3.32;1;1
7455;33186.71;50;3.32;1;1
7456;33186.71;50;3.32;1;1
7457;33186.71;50;3.32;1;1
7458;33186.71;50;3.32;1;1
7459;33186.71;50;3.32;1;1
7460;33186.71;50;3.32;1;1
7461;33186.71;50;3.32;1;1
7462;33186.71;50;3.32;1;1
7463;33186.71;50;3.32;1;1
7464;33186.71;50;3.32;1;1
7465;33186.71;50;3.32;1;1
7466;33186.71;50;3.32;1;1
7467;33186.71;50;3.32;1;1
7468;33186.71;50;3.32;1;1
7469;33186.71;50;3.32;1;1
7470;33186.71;50;3.32;1;1
7471;33186.71;50;3.32;1;1
7472;33186.71;50;3.32;1;1
7473;33186.71;50;3.32;1;1
7474;33186.71;50;3.32;1;1
7475;33186.71;50;3.32;1;1
7476;33186.71;50;3.32;1;1
7477;33186.71;50;3.32;1;1
7478;33186.71;50;3.32;1;1
7479;33186.71;50;3.32;1;1
7480;33186.71;50;3.32;1;1
7481;33186.71;50;3.32;1;1
7482;33186.71;50;3.32;1;1
7483;33186.71;50;3.32;1;1
7484;33186.71;50;3.32;1;1
7485;33186.71;50;3.32;1;1
7486;33186.71;50;3.32;1;1
7487;33186.71;50;3.32;1;1
7488;33186.71;50;3.32;1;1
7489;33186.71;50;3.32;1;1
7490;33186.71;50;3.32;1;1
7491;33186.71;50;3.32;1;1
7492;33186.71;50;3.32;1;1
7493;33186.71;50;3.32;1;1
7494;33186.71;50;3.32;1;1
7495;33186.71;50;3.32;1;1
7496;33186.71;50;3.32;1;1
7497;33186.71;50;3.32;1;1
7498;33186.71;50;3.32;1;1
7499;33186.71;50;3.32;1;1
7500;33186.71;50;3.32;1;1
7501;33186.71;50;3.32;1;1
7502;33186.71;50;3.32;1;1
7503;33186.71;50;3.32;1;1
7504;33186.71;50;3.32;1;1
7505;33186.71;50;3.32;1;1
7506;33186.71;50;3.32;1;1
7507;33186.71;50;3.32;1;1
7508;33186.71;50;3.32;1;1
7509;33186.71;50;3.32;1;1
7510;33186.71;50;3.32;1;1
7511;33186.71;50;3.32;1;1
7512;33186.71;50;3.32;1;1
7513;33186.71;50;3.32;1;1
7514;33186.71;50;3.32;1;1
7515;33186.71;50;3.32;1;1
7516;33186.71;50;3.32;1;1
7517;33186.71;50;3.32;1;1
7518;33186.71;50;3.32;1;1
7519;33186.71;50;3.32;1;1
7520;33186.71;50;3.32;1;1
7521;33186.71;50;3.32;1;1
7522;33186.71;50;3.32;1;1
7523;33186.71;50;3.32;1;1
7524;33186.71;50;3.32;1;1
7525;33186.71;50;3.32;1;1
7526;33186.71;50;3.32;1;1
7527;33186.71;50;3.32;1;1
7528;33186.71;50;3.32;1;1
7529;33186.71;50;3.32;1;1
7530;33186.71;50;3.32;1;1
7531;33186.71;50;3.32;1;1
7532;33186.71;50;3.32;1;1
7533;33186.71;50;3.32;1;1
7534;33186.71;50;3.32;1;1
7535;33186.71;50;3.32;1;1
7536;33186.71;50;3.32;1;1
7537;33186.71;50;3.32;1;1
7538;33186.71;50;3.32;1;1
7539;33186.71;50;3.32;1;1
7540;33186.71;50;3.32;1;1
7541;33186.71;50;3.32;1;1
7542;33186.71;50;3.32;1;1
7543;33186.71;50;3.32;1;1
7544;33186.71;50;3.32;1;1
7545;33186.71;50;3.32;1;1
7546;33186.71;50;3.32;1;1
7547;33186.71;50;3.32;1;1
7548;33186.71;50;3.32;1;1
7549;33186.71;50;3.32;1;1
7550;33186.71;50;3.32;1;1
7551;33186.71;50;3.32;1;1
7552;33186.71;50;3.32;1;1
7553;33186.71;50;3.32;1;1
7554;33186.71;50;3.32;1;1
7555;33186.71;50;3.32;1;1
7556;33186.71;50;3.32;1;1
7557;33186.71;50;3.32;1;1
7558;33186.71;50;3.32;1;1
7559;33186.71;50;3.32;1;1
7560;33186.71;50;3.32;1;1
7561;33186.71;50;3.32;1;1
7562;33186.71;50;3.32;1;1
7563;33186.71;50;3.32;1;1
7564;33186.71;50;3.32;1;1
7565;33186.71;50;3.32;1;1
7566;33186.71;50;3.32;1;1
7567;33186.71;50;3.32;1;1
7568;33186.71;50;3.32;1;1
7569;33186.71;50;3.32;1;1
7570;33186.71;50;3.32;1;1
7571;33186.71;50;3.32;1;1
7572;33186.71;50;3.32;1;1
7573;33186.71;50;3.32;1;1
7574;33186.71;50;3.32;1;1
7575;33186.71;50;3.32;1;1
7576;33186.71;50;3.32;1;1
7577;33186.71;50;3.32;1;1
7578;33186.71;50;3.32;1;1
7579;33186.71;50;3.32;1;1
7580;33186.71;50;3.32;1;1
7581;33186.71;50;3.32;1;1
7582;33186.71;50;3.32;1;1
7583;33186.71;50;3.32;1;1
7584;33186.71;50;3.32;1;1
7585;33186.71;50;3.32;1;1
7586;33186.71;50;3.32;1;1
7587;33186.71;50;3.32;1;1
7588;33186.71;50;3.32;1;1
7589;33186.71;50;3.32;1;1
7590;33186.71;50;3.32;1;1
7591;33186.71;50;3.32;1;1
7592;33186.71;50;3.32;1;1
7593;33186.71;50;3.32;1;1
7594;33186.71;50;3.32;1;1
7595;33186.71;50;3.32;1;1
7596;33186.71;50;3.32;1;1
7597;33186.71;50;3.32;1;1
7598;33186.71;50;3.32;1;1
7599;33186.71;50;3.32;1;1
7600;33186.71;50;3.32;1;1
7601;33186.71;50;3.32;1;1
7602;33186.71;50;3.32;1;1
7603;33186.71;50;3.32;1;1
7604;33186.71;50;3.32;1;1
7605;33186.71;50;3.32;1;1
7606;33186.71;50;3.32;1;1
7607;33186.71;50;3.32;1;1
7608;33186.71;50;3.32;1;1
7609;33186.71;50;3.32;1;1
7610;33186.71;50;3.32;1;1
7611;33186.71;50;3.32;1;1
7612;33186.71;50;3.32;1;1
7613;33186.71;50;3.32;1;1
7614;33186.71;50;3.32;1;1
7615;33186.71;50;3.32;1;1
7616;33186.71;50;3.32;1;1
7617;33186.71;50;3.32;1;1
7618;33186.71;50;3.32;1;1
7619;33186.71;50;3.32;1;1
7620;33186.71;50;3.32;1;1
7621;33186.71;50;3.32;1;1
7622;33186.71;50;3.32;1;1
7623;33186.71;50;3.32;1;1
7624;33186.71;50;3.32;1;1
7625;33186.71;50;3.32;1;1
7626;33186.71;50;3.32;1;1
7627;33186.71;50;3.32;1;1
7628;33186.71;50;3.32;1;1
7629;33186.71;50;3.32;1;1
7630;33186.71;50;3.32;1;1
7631;33186.71;50;3.32;1;1
7632;33186.71;50;3.32;1;1
7633;33186.71;50;3.32;1;1
7634;33186.71;50;3.32;1;1
7635;33186.71;50;3.32;1;1
7636;33186.71;50;3.32;1;1
7637;33186.71;50;3.32;1;1
7638;33186.71;50;3.32;1;1
7639;33186.71;50;3.32;1;1
7640;33186.71;50;3.32;1;1
7641;33186.71;50;3.32;1;1
7642;33186.71;50;3.32;1;1
7643;33186.71;50;3.32;1;1
7644;33186.71;50;3.32;1;1
7645;33186.71;50;3.32;1;1
7646;33186.71;50;3.32;1;1
7647;33186.71;50;3.32;1;1
7648;33186.71;50;3.32;1;1
7649;33186.71;50;3.32;1;1
7650;33186.71;50;3.32;1;1
7651;33186.71;50;3.32;1;1
7652;33186.71;50;3.32;1;1
7653;33186.71;50;3.32;1;1
7654;33186.71;50;3.32;1;1
7655;33186.71;50;3.32;1;1
7656;33186.71;50;3.32;1;1
7657;33186.71;50;3.32;1;1
7658;33186.71;50;3.32;1;1
7659;33186.71;50;3.32;1;1
7660;33186.71;50;3.32;1;1
7661;33186.71;50;3.32;1;1
7662;33186.71;50;3.32;1;1
7663;33186.71;50;3.32;1;1
7664;33186.71;50;3.32;1;1
7665;33186.71;50;3.32;1;1
7666;33186.71;50;3.32;1;1
7667;33186.71;50;3.32;1;1
7668;33186.71;50;3.32;1;1
7669;33186.71;50;3.32;1;1
7670;33186.71;50;3.32;1;1
7671;33186.71;50;3.32;1;1
7672;33186.71;50;3.32;1;1
7673;33186.71;50;3.32;1;1
7674;33186.71;50;3.32;1;1
7675;33186.71;50;3.32;1;1
7676;33186.71;50;3.32;1;1
7677;33186.71;50;3.32;1;1
7678;33186.71;50;3.32;1;1
7679;33186.71;50;3.32;1;1
7680;33186.71;50;3.32;1;1
7681;33186.71;50;3.32;1;1
7682;33186.71;50;3.32;1;1
7683;33186.71;50;3.32;1;1
7684;33186.71;50;3.32;1;1
7685;33186.71;50;3.32;1;1
7686;33186.71;50;3.32;1;1
7687;33186.71;50;3.32;1;1
7688;33186.71;50;3.32;1;1
7689;33186.71;50;3.32;1;1
7690;33186.71;50;3.32;1;1
7691;33186.71;50;3.32;1;1
7692;33186.71;50;3.32;1;1
7693;33186.71;50;3.32;1;1
7694;33186.71;50;3.32;1;1
7695;33186.71;50;3.32;1;1
7696;33186.71;50;3.32;1;1
7697;33186.71;50;3.32;1;1
7698;33186.71;50;3.32;1;1
7699;33186.71;50;3.32;1;1
7700;33186.71;50;3.32;1;1
7701;33186.71;50;3.32;1;1
7702;33186.71;50;3.32;1;1
7703;33186.71;50;3.32;1;1
7704;33186.71;50;3.32;1;1
7705;33186.71;50;3.32;1;1
7706;33186.71;50;3.32;1;1
7707;33186.71;50;3.32;1;1
7708;33186.71;50;3.32;1;1
7709;33186.71;50;3.32;1;1
7710;33186.71;50;3.32;1;1
7711;33186.71;50;3.32;1;1
7712;33186.71;50;3.32;1;1
7713;33186.71;50;3.32;1;1
7714;33186.71;50;3.32;1;1
7715;33186.71;50;3.32;1;1
7716;33186.71;50;3.32;1;1
7717;33186.71;50;3.32;1;1
7718;33186.71;50;3.32;1;1
7719;33186.71;50;3.32;1;1
7720;33186.71;50;3.32;1;1
7721;33186.71;50;3.32;1;1
7722;33186.71;50;3.32;1;1
7723;33186.71;50;3.32;1;1
7724;33186.71;50;3.32;1;1
7725;33186.71;50;3.32;1;1
7726;33186.71;50;3.32;1;1
7727;33186.71;50;3.32;1;1
7728;33186.71;50;3.32;1;1
7729;33186.71;50;3.32;1;1
7730;33186.71;50;3.32;1;1
7731;33186.71;50;3.32;1;1
7732;33186.71;50;3.32;1;1
7733;33186.71;50;3.32;1;1
7734;33186.71;50;3.32;1;1
7735;33186.71;50;3.32;1;1
7736;33186.71;50;3.32;1;1
7737;33186.71;50;3.32;1;1
7738;33186.71;50;3.32;1;1
7739;33186.71;50;3.32;1;1
7740;33186.71;50;3.32;1;1
7741;33186.71;50;3.32;1;1
7742;33186.71;50;3.32;1;1
7743;33186.71;50;3.32;1;1
7744;33186.71;50;3.32;1;1
7745;33186.71;50;3.32;1;1
7746;33186.71;50;3.32;1;1
7747;33186.71;50;3.32;1;1
7748;33186.71;50;3.32;1;1
7749;33186.71;50;3.32;1;1
7750;33186.71;50;3.32;1;1
7751;33186.71;50;3.32;1;1
7752;33186.71;50;3.32;1;1
7753;33186.71;50;3.32;1;1
7754;33186.71;50;3.32;1;1
7755;33186.71;50;3.32;1;1
7756;33186.71;50;3.32;1;1
7757;33186.71;50;3.32;1;1
7758;33186.71;50;3.32;1;1
7759;33186.71;50;3.32;1;1
7760;33186.71;50;3.32;1;1
7761;33186.71;50;3.32;1;1
7762;33186.71;50;3.32;1;1
7763;33186.71;50;3.32;1;1
7764;33186.71;50;3.32;1;1
7765;33186.71;50;3.32;1;1
7766;33186.71;50;3.32;1;1
7767;33186.71;50;3.32;1;1
7768;33186.71;50;3.32;1;1
7769;33186.71;50;3.32;1;1
7770;33186.71;50;3.32;1;1
7771;33186.71;50;3.32;1;1
7772;33186.71;50;3.32;1;1
7773;33186.71;50;3.32;1;1
7774;33186.71;50;3.32;1;1
7775;33186.71;50;3.32;1;1
7776;33186.71;50;3.32;1;1
7777;33186.71;50;3.32;1;1
7778;33186.71;50;3.32;1;1
7779;33186.71;50;3.32;1;1
7780;33186.71;50;3.32;1;1
7781;33186.71;50;3.32;1;1
7782;33186.71;50;3.32;1;1
7783;33186.71;50;3.32;1;1
7784;33186.71;50;3.32;1;1
7785;33186.71;50;3.32;1;1
7786;33186.71;50;3.32;1;1
7787;33186.71;50;3.32;1;1
7788;33186.71;50;3.32;1;1
7789;33186.71;50;3.32;1;1
7790;33186.71;50;3.32;1;1
7791;33186.71;50;3.32;1;1
7792;33186.71;50;3.32;1;1
7793;33186.71;50;3.32;1;1
7794;33186.71;50;3.32;1;1
7795;33186.71;50;3.32;1;1
7796;33186.71;50;3.32;1;1
7797;33186.71;50;3.32;1;1
7798;33186.71;50;3.32;1;1
7799;33186.71;50;3.32;1;1
7800;33186.71;50;3.32;1;1
7801;33186.71;50;3.32;1;1
7802;33186.71;50;3.32;1;1
7803;33186.71;50;3.32;1;1
7804;33186.71;50;3.32;1;1
7805;33186.71;50;3.32;1;1
7806;33186.71;50;3.32;1;1
7807;33186.71;50;3.32;1;1
7808;33186.71;50;3.32;1;1
7809;33186.71;50;3.32;1;1
7810;33186.71;50;3.32;1;1
7811;33186.71;50;3.32;1;1
7812;33186.71;50;3.32;1;1
7813;33186.71;50;3.32;1;1
7814;33186.71;50;3.32;1;1
7815;33186.71;50;3.32;1;1
7816;33186.71;50;3.32;1;1
7817;33186.71;50;3.32;1;1
7818;33186.71;50;3.32;1;1
7819;33186.71;50;3.32;1;1
7820;33186.71;50;3.32;1;1
7821;33186.71;50;3.32;1;1
7822;33186.71;50;3.32;1;1
7823;33186.71;50;3.32;1;1
7824;33186.71;50;3.32;1;1
7825;33186.71;50;3.32;1;1
7826;33186.71;50;3.32;1;1
7827;33186.71;50;3.32;1;1
7828;33186.71;50;3.32;1;1
7829;33186.71;50;3.32;1;1
7830;33186.71;50;3.32;1;1
7831;33186.71;50;3.32;1;1
7832;33186.71;50;3.32;1;1
7833;33186.71;50;3.32;1;1
7834;33186.71;50;3.32;1;1
7835;33186.71;50;3.32;1;1
7836;33186.71;50;3.32;1;1
7837;33186.71;50;3.32;1;1
7838;33186.71;50;3.32;1;1
7839;33186.71;50;3.32;1;1
7840;33186.71;50;3.32;1;1
7841;33186.71;50;3.32;1;1
7842;33186.71;50;3.32;1;1
7843;33186.71;50;3.32;1;1
7844;33186.71;50;3.32;1;1
7845;33186.71;50;3.32;1;1
7846;33186.71;50;3.32;1;1
7847;33186.71;50;3.32;1;1
7848;33186.71;50;3.32;1;1
7849;33186.71;50;3.32;1;1
7850;33186.71;50;3.32;1;1
7851;33186.71;50;3.32;1;1
7852;33186.71;50;3.32;1;1
7853;33186.71;50;3.32;1;1
7854;33186.71;50;3.32;1;1
7855;33186.71;50;3.32;1;1
7856;33186.71;50;3.32;1;1
7857;33186.71;50;3.32;1;1
7858;33186.71;50;3.32;1;1
7859;33186.71;50;3.32;1;1
7860;33186.71;50;3.32;1;1
7861;33186.71;50;3.32;1;1
7862;33186.71;50;3.32;1;1
7863;33186.71;50;3.32;1;1
7864;33186.71;50;3.32;1;1
7865;33186.71;50;3.32;1;1
7866;33186.71;50;3.32;1;1
7867;33186.71;50;3.32;1;1
7868;33186.71;50;3.32;1;1
7869;33186.71;50;3.32;1;1
7870;33186.71;50;3.32;1;1
7871;33186.71;50;3.32;1;1
7872;33186.71;50;3.32;1;1
7873;33186.71;50;3.32;1;1
7874;33186.71;50;3.32;1;1
7875;33186.71;50;3.32;1;1
7876;33186.71;50;3.32;1;1
7877;33186.71;50;3.32;1;1
7878;33186.71;50;3.32;1;1
7879;33186.71;50;3.32;1;1
7880;33186.71;50;3.32;1;1
7881;33186.71;50;3.32;1;1
7882;33186.71;50;3.32;1;1
7883;33186.71;50;3.32;1;1
7884;33186.71;50;3.32;1;1
7885;33186.71;50;3.32;1;1
7886;33186.71;50;3.32;1;1
7887;33186.71;50;3.32;1;1
7888;33186.71;50;3.32;1;1
7889;33186.71;50;3.32;1;1
7890;33186.71;50;3.32;1;1
7891;33186.71;50;3.32;1;1
7892;33186.71;50;3.32;1;1
7893;33186.71;50;3.32;1;1
7894;33186.71;50;3.32;1;1
7895;33186.71;50;3.32;1;1
7896;33186.71;50;3.32;1;1
7897;33186.71;50;3.32;1;1
7898;33186.71;50;3.32;1;1
7899;33186.71;50;3.32;1;1
7900;33186.71;50;3.32;1;1
7901;33186.71;50;3.32;1;1
7902;33186.71;50;3.32;1;1
7903;33186.71;50;3.32;1;1
7904;33186.71;50;3.32;1;1
7905;33186.71;50;3.32;1;1
7906;33186.71;50;3.32;1;1
7907;33186.71;50;3.32;1;1
7908;33186.71;50;3.32;1;1
7909;33186.71;50;3.32;1;1
7910;33186.71;50;3.32;1;1
7911;33186.71;50;3.32;1;1
7912;33186.71;50;3.32;1;1
7913;33186.71;50;3.32;1;1
7914;33186.71;50;3.32;1;1
7915;33186.71;50;3.32;1;1
7916;33186.71;50;3.32;1;1
7917;33186.71;50;3.32;1;1
7918;33186.71;50;3.32;1;1
7919;33186.71;50;3.32;1;1
7920;33186.71;50;3.32;1;1
7921;33186.71;50;3.32;1;1
7922;33186.71;50;3.32;1;1
7923;33186.71;50;3.32;1;1
7924;33186.71;50;3.32;1;1
7925;33186.71;50;3.32;1;1
7926;33186.71;50;3.32;1;1
7927;33186.71;50;3.32;1;1
7928;33186.71;50;3.32;1;1
7929;33186.71;50;3.32;1;1
7930;33186.71;50;3.32;1;1
7931;33186.71;50;3.32;1;1
7932;33186.71;50;3.32;1;1
7933;33186.71;50;3.32;1;1
7934;33186.71;50;3.32;1;1
7935;33186.71;50;3.32;1;1
7936;33186.71;50;3.32;1;1
7937;33186.71;50;3.32;1;1
7938;33186.71;50;3.32;1;1
7939;33186.71;50;3.32;1;1
7940;33186.71;50;3.32;1;1
7941;33186.71;50;3.32;1;1
7942;33186.71;50;3.32;1;1
7943;33186.71;50;3.32;1;1
7944;33186.71;50;3.32;1;1
7945;33186.71;50;3.32;1;1
7946;33186.71;50;3.32;1;1
7947;33186.71;50;3.32;1;1
7948;33186.71;50;3.32;1;1
7949;33186.71;50;3.32;1;1
7950;33186.71;50;3.32;1;1
7951;33186.71;50;3.32;1;1
7952;33186.71;50;3.32;1;1
7953;33186.71;50;3.32;1;1
7954;33186.71;50;3.32;1;1
7955;33186.71;50;3.32;1;1
7956;33186.71;50;3.32;1;1
7957;33186.71;50;3.32;1;1
7958;33186.71;50;3.32;1;1
7959;33186.71;50;3.32;1;1
7960;33186.71;50;3.32;1;1
7961;33186.71;50;3.32;1;1
7962;33186.71;50;3.32;1;1
7963;33186.71;50;3.32;1;1
7964;33186.71;50;3.32;1;1
7965;33186.71;50;3.32;1;1
7966;33186.71;50;3.32;1;1
7967;33186.71;50;3.32;1;1
7968;33186.71;50;3.32;1;1
7969;33186.71;50;3.32;1;1
7970;33186.71;50;3.32;1;1
7971;33186.71;50;3.32;1;1
7972;33186.71;50;3.32;1;1
7973;33186.71;50;3.32;1;1
7974;33186.71;50;3.32;1;1
7975;33186.71;50;3.32;1;1
7976;33186.71;50;3.32;1;1
7977;33186.71;50;3.32;1;1
7978;33186.71;50;3.32;1;1
7979;33186.71;50;3.32;1;1
7980;33186.71;50;3.32;1;1
7981;33186.71;50;3.32;1;1
7982;33186.71;50;3.32;1;1
7983;33186.71;50;3.32;1;1
7984;33186.71;50;3.32;1;1
7985;33186.71;50;3.32;1;1
7986;33186.71;50;3.32;1;1
7987;33186.71;50;3.32;1;1
7988;33186.71;50;3.32;1;1
7989;33186.71;50;3.32;1;1
7990;33186.71;50;3.32;1;1
7991;33186.71;50;3.32;1;1
7992;33186.71;50;3.32;1;1
7993;33186.71;50;3.32;1;1
7994;33186.71;50;3.32;1;1
7995;33186.71;50;3.32;1;1
7996;33186.71;50;3.32;1;1
7997;33186.71;50;3.32;1;1
7998;33186.71;50;3.32;1;1
7999;33186.71;50;3.32;1;1
8000;33186.71;50;3.32;1;1
8001;33186.71;50;3.32;1;1
8002;33186.71;50;3.32;1;1
8003;33186.71;50;3.32;1;1
8004;33186.71;50;3.32;1;1
8005;33186.71;50;3.32;1;1
8006;33186.71;50;3.32;1;1
8007;33186.71;50;3.32;1;1
8008;33186.71;50;3.32;1;1
8009;33186.71;50;3.32;1;1
8010;33186.71;50;3.32;1;1
8011;33186.71;50;3.32;1;1
8012;33186.71;50;3.32;1;1
8013;33186.71;50;3.32;1;1
8014;33186.71;50;3.32;1;1
8015;33186.71;50;3.32;1;1
8016;33186.71;50;3.32;1;1
8017;33186.71;50;3.32;1;1
8018;33186.71;50;3.32;1;1
8019;33186.71;50;3.32;1;1
8020;33186.71;50;3.32;1;1
8021;33186.71;50;3.32;1;1
8022;33186.71;50;3.32;1;1
8023;33186.71;50;3.32;1;1
8024;33186.71;50;3.32;1;1
8025;33186.71;50;3.32;1;1
8026;33186.71;50;3.32;1;1
8027;33186.71;50;3.32;1;1
8028;33186.71;50;3.32;1;1
8029;33186.71;50;3.32;1;1
8030;33186.71;50;3.32;1;1
8031;33186.71;50;3.32;1;1
8032;33186.71;50;3.32;1;1
8033;33186.71;50;3.32;1;1
8034;33186.71;50;3.32;1;1
8035;33186.71;50;3.32;1;1
8036;33186.71;50;3.32;1;1
8037;33186.71;50;3.32;1;1
8038;33186.71;50;3.32;1;1
8039;33186.71;50;3.32;1;1
8040;33186.71;50;3.32;1;1
8041;33186.71;50;3.32;1;1
8042;33186.71;50;3.32;1;1
8043;33186.71;50;3.32;1;1
8044;33186.71;50;3.32;1;1
8045;33186.71;50;3.32;1;1
8046;33186.71;50;3.32;1;1
8047;33186.71;50;3.32;1;1
8048;33186.71;50;3.32;1;1
8049;33186.71;50;3.32;1;1
8050;33186.71;50;3.32;1;1
8051;33186.71;50;3.32;1;1
8052;33186.71;50;3.32;1;1
8053;33186.71;50;3.32;1;1
8054;33186.71;50;3.32;1;1
8055;33186.71;50;3.32;1;1
8056;33186.71;50;3.32;1;1
8057;33186.71;50;3.32;1;1
8058;33186.71;50;3.32;1;1
8059;33186.71;50;3.32;1;1
8060;33186.71;50;3.32;1;1
8061;33186.71;50;3.32;1;1
8062;33186.71;50;3.32;1;1
8063;33186.71;50;3.32;1;1
8064;33186.71;50;3.32;1;1
8065;33186.71;50;3.32;1;1
8066;33186.71;50;3.32;1;1
8067;33186.71;50;3.32;1;1
8068;33186.71;50;3.32;1;1
8069;33186.71;50;3.32;1;1
8070;33186.71;50;3.32;1;1
8071;33186.71;50;3.32;1;1
8072;33186.71;50;3.32;1;1
8073;33186.71;50;3.32;1;1
8074;33186.71;50;3.32;1;1
8075;33186.71;50;3.32;1;1
8076;33186.71;50;3.32;1;1
8077;33186.71;50;3.32;1;1
8078;33186.71;50;3.32;1;1
8079;33186.71;50;3.32;1;1
8080;33186.71;50;3.32;1;1
8081;33186.71;50;3.32;1;1
8082;33186.71;50;3.32;1;1
8083;33186.71;50;3.32;1;1
8084;33186.71;50;3.32;1;1
8085;33186.71;50;3.32;1;1
8086;33186.71;50;3.32;1;1
8087;33186.71;50;3.32;1;1
8088;33186.71;50;3.32;1;1
8089;33186.71;50;3.32;1;1
8090;33186.71;50;3.32;1;1
8091;33186.71;50;3.32;1;1
8092;33186.71;50;3.32;1;1
8093;33186.71;50;3.32;1;1
8094;33186.71;50;3.32;1;1
8095;33186.71;50;3.32;1;1
8096;33186.71;50;3.32;1;1
8097;33186.71;50;3.32;1;1
8098;33186.71;50;3.32;1;1
8099;33186.71;50;3.32;1;1
8100;33186.71;50;3.32;1;1
8101;33186.71;50;3.32;1;1
8102;33186.71;50;3.32;1;1
8103;33186.71;50;3.32;1;1
8104;33186.71;50;3.32;1;1
8105;33186.71;50;3.32;1;1
8106;33186.71;50;3.32;1;1
8107;33186.71;50;3.32;1;1
8108;33186.71;50;3.32;1;1
8109;33186.71;50;3.32;1;1
8110;33186.71;50;3.32;1;1
8111;33186.71;50;3.32;1;1
8112;33186.71;50;3.32;1;1
8113;33186.71;50;3.32;1;1
8114;33186.71;50;3.32;1;1
8115;33186.71;50;3.32;1;1
8116;33186.71;50;3.32;1;1
8117;33235.58;50;3.32;1;1
8118;33235.58;50;3.32;1;1
8119;33235.58;50;3.32;1;1
8120;33235.58;50;3.32;1;1
8121;33186.71;50;3.32;1;1
8122;33186.71;50;3.32;1;1
8123;33186.71;50;3.32;1;1
8124;33186.71;50;3.32;1;1
8125;33186.71;50;3.32;1;1
8126;33186.71;50;3.32;1;1
8127;33186.71;50;3.32;1;1
8128;33186.71;50;3.32;1;1
8129;33186.71;50;3.32;1;1
8130;33186.71;50;3.32;1;1
8131;33186.71;50;3.32;1;1
8132;33186.71;50;3.32;1;1
8133;33186.71;50;3.32;1;1
8134;33186.71;50;3.32;1;1
8135;33186.71;50;3.32;1;1
8136;33186.71;50;3.32;1;1
8137;33186.71;50;3.32;1;1
8138;33186.71;50;3.32;1;1
8139;33186.71;50;3.32;1;1
8140;33186.71;50;3.32;1;1
8141;33186.71;50;3.32;1;1
8142;33186.71;50;3.32;1;1
8143;33186.71;50;3.32;1;1
8144;33186.71;50;3.32;1;1
8145;33186.71;50;3.32;1;1
8146;33186.71;50;3.32;1;1
8147;33186.71;50;3.32;1;1
8148;33186.71;50;3.32;1;1
8149;33186.71;50;3.32;1;1
8150;33186.71;50;3.32;1;1
8151;33186.71;50;3.32;1;1
8152;33186.71;50;3.32;1;1
8153;33186.71;50;3.32;1;1
8154;33186.71;50;3.32;1;1
8155;33186.71;50;3.32;1;1
8156;33186.71;50;3.32;1;1
8157;33186.71;50;3.32;1;1
8158;33186.71;50;3.32;1;1
8159;33186.71;50;3.32;1;1
8160;33186.71;50;3.32;1;1
8161;33186.71;50;3.32;1;1
8162;33186.71;50;3.32;1;1
8163;33186.71;50;3.32;1;1
8164;33186.71;50;3.32;1;1
8165;33186.71;50;3.32;1;1
8166;33186.71;50;3.32;1;1
8167;33186.71;50;3.32;1;1
8168;33186.71;50;3.32;1;1
8169;33186.71;50;3.32;1;1
8170;33186.71;50;3.32;1;1
8171;33186.71;50;3.32;1;1
8172;33186.71;50;3.32;1;1
8173;33186.71;50;3.32;1;1
8174;33186.71;50;3.32;1;1
8175;33186.71;50;3.32;1;1
8176;33186.71;50;3.32;1;1
8177;33186.71;50;3.32;1;1
8178;33186.71;50;3.32;1;1
8179;33186.71;50;3.32;1;1
8180;33186.71;50;3.32;1;1
8181;33186.71;50;3.32;1;1
8182;33186.71;50;3.32;1;1
8183;33186.71;50;3.32;1;1
8184;33186.71;50;3.32;1;1
8185;33186.71;50;3.32;1;1
8186;33186.71;50;3.32;1;1
8187;33186.71;50;3.32;1;1
8188;33186.71;50;3.32;1;1
8189;33186.71;50;3.32;1;1
8190;33186.71;50;3.32;1;1
8191;33186.71;50;3.32;1;1
8192;33186.71;50;3.32;1;1
8193;33186.71;50;3.32;1;1
8194;33186.71;50;3.32;1;1
8195;33186.71;50;3.32;1;1
8196;33186.71;50;3.32;1;1
8197;33186.71;50;3.32;1;1
8198;33186.71;50;3.32;1;1
8199;33186.71;50;3.32;1;1
8200;33186.71;50;3.32;1;1
8201;33186.71;50;3.32;1;1
8202;33186.71;50;3.32;1;1
8203;33186.71;50;3.32;1;1
8204;33186.71;50;3.32;1;1
8205;33186.71;50;3.32;1;1
8206;33186.71;50;3.32;1;1
8207;33186.71;50;3.32;1;1
8208;33186.71;50;3.32;1;1
8209;33186.71;50;3.32;1;1
8210;33186.71;50;3.32;1;1
8211;33186.71;50;3.32;1;1
8212;33186.71;50;3.32;1;1
8213;33186.71;50;3.32;1;1
8214;33186.71;50;3.32;1;1
8215;33186.71;50;3.32;1;1
8216;33186.71;50;3.32;1;1
8217;33186.71;50;3.32;1;1
8218;33186.71;50;3.32;1;1
8219;33186.71;50;3.32;1;1
8220;33186.71;50;3.32;1;1
8221;33186.71;50;3.32;1;1
8222;33186.71;50;3.32;1;1
8223;33186.71;50;3.32;1;1
8224;33186.71;50;3.32;1;1
8225;33186.71;50;3.32;1;1
8226;33186.71;50;3.32;1;1
8227;33186.71;50;3.32;1;1
8228;33186.71;50;3.32;1;1
8229;33186.71;50;3.32;1;1
8230;33186.71;50;3.32;1;1
8231;33186.71;50;3.32;1;1
8232;33186.71;50;3.32;1;1
8233;33186.71;50;3.32;1;1
8234;33186.71;50;3.32;1;1
8235;33186.71;50;3.32;1;1
8236;33186.71;50;3.32;1;1
8237;33186.71;50;3.32;1;1
8238;33186.71;50;3.32;1;1
8239;33186.71;50;3.32;1;1
8240;33186.71;50;3.32;1;1
8241;33186.71;50;3.32;1;1
8242;33186.71;50;3.32;1;1
8243;33186.71;50;3.32;1;1
8244;33186.71;50;3.32;1;1
8245;33186.71;50;3.32;1;1
8246;33186.71;50;3.32;1;1
8247;33186.71;50;3.32;1;1
8248;33186.71;50;3.32;1;1
8249;33186.71;50;3.32;1;1
8250;33186.71;50;3.32;1;1
8251;33186.71;50;3.32;1;1
8252;33186.71;50;3.32;1;1
8253;33186.71;50;3.32;1;1
8254;33186.71;50;3.32;1;1
8255;33186.71;50;3.32;1;1
8256;33186.71;50;3.32;1;1
8257;33186.71;50;3.32;1;1
8258;33186.71;50;3.32;1;1
8259;33186.71;50;3.32;1;1
8260;33186.71;50;3.32;1;1
8261;33186.71;50;3.32;1;1
8262;33186.71;50;3.32;1;1
8263;33186.71;50;3.32;1;1
8264;33186.71;50;3.32;1;1
8265;33186.71;50;3.32;1;1
8266;33186.71;50;3.32;1;1
8267;33186.71;50;3.32;1;1
8268;33186.71;50;3.32;1;1
8269;33186.71;50;3.32;1;1
8270;33186.71;50;3.32;1;1
8271;33186.71;50;3.32;1;1
8272;33235.58;50;3.32;1;1
8273;33186.71;50;3.32;1;1
8274;33186.71;50;3.32;1;1
8275;33186.71;50;3.32;1;1
8276;33186.71;50;3.32;1;1
8277;33186.71;50;3.32;1;1
8278;33186.71;50;3.32;1;1
8279;33186.71;50;3.32;1;1
8280;33186.71;50;3.32;1;1
8281;33186.71;50;3.32;1;1
8282;33186.71;50;3.32;1;1
8283;33186.71;50;3.32;1;1
8284;33186.71;50;3.32;1;1
8285;33186.71;50;3.32;1;1
8286;33186.71;50;3.32;1;1
8287;33186.71;50;3.32;1;1
8288;33186.71;50;3.32;1;1
8289;33186.71;50;3.32;1;1
8290;33186.71;50;3.32;1;1
8291;33186.71;50;3.32;1;1
8292;33186.71;50;3.32;1;1
8293;33186.71;50;3.32;1;1
8294;33186.71;50;3.32;1;1
8295;33186.71;50;3.32;1;1
8296;33186.71;50;3.32;1;1
8297;33186.71;50;3.32;1;1
8298;33186.71;50;3.32;1;1
8299;33186.71;50;3.32;1;1
8300;33186.71;50;3.32;1;1
8301;33186.71;50;3.32;1;1
8302;33186.71;50;3.32;1;1
8303;33186.71;50;3.32;1;1
8304;33186.71;50;3.32;1;1
8305;33186.71;50;3.32;1;1
8306;33186.71;50;3.32;1;1
8307;33186.71;50;3.32;1;1
8308;33186.71;50;3.32;1;1
8309;33186.71;50;3.32;1;1
8310;33186.71;50;3.32;1;1
8311;33186.71;50;3.32;1;1
8312;33186.71;50;3.32;1;1
8313;33186.71;50;3.32;1;1
8314;33186.71;50;3.32;1;1
8315;33186.71;50;3.32;1;1
8316;33186.71;50;3.32;1;1
8317;33186.71;50;3.32;1;1
8318;33186.71;50;3.32;1;1
8319;33186.71;50;3.32;1;1
8320;33186.71;50;3.32;1;1
8321;33186.71;50;3.32;1;1
8322;33186.71;50;3.32;1;1
8323;33186.71;50;3.32;1;1
8324;33186.71;50;3.32;1;1
8325;33186.71;50;3.32;1;1
8326;33186.71;50;3.32;1;1
8327;33186.71;50;3.32;1;1
8328;33186.71;50;3.32;1;1
8329;33186.71;50;3.32;1;1
8330;33186.71;50;3.32;1;1
8331;33186.71;50;3.32;1;1
8332;33186.71;50;3.32;1;1
8333;33186.71;50;3.32;1;1
8334;33186.71;50;3.32;1;1
8335;33186.71;50;3.32;1;1
8336;33186.71;50;3.32;1;1
8337;33186.71;50;3.32;1;1
8338;33186.71;50;3.32;1;1
8339;33186.71;50;3.32;1;1
8340;33186.71;50;3.32;1;1
8341;33186.71;50;3.32;1;1
8342;33186.71;50;3.32;1;1
8343;33186.71;50;3.32;1;1
8344;33186.71;50;3.32;1;1
8345;33186.71;50;3.32;1;1
8346;33186.71;50;3.32;1;1
8347;33186.71;50;3.32;1;1
8348;33186.71;50;3.32;1;1
8349;33186.71;50;3.32;1;1
8350;33186.71;50;3.32;1;1
8351;33186.71;50;3.32;1;1
8352;33186.71;50;3.32;1;1
8353;33186.71;50;3.32;1;1
8354;33186.71;50;3.32;1;1
8355;33186.71;50;3.32;1;1
8356;33186.71;50;3.32;1;1
8357;33186.71;50;3.32;1;1
8358;33186.71;50;3.32;1;1
8359;33186.71;50;3.32;1;1
8360;33186.71;50;3.32;1;1
8361;33186.71;50;3.32;1;1
8362;33186.71;50;3.32;1;1
8363;33186.71;50;3.32;1;1
8364;33186.71;50;3.32;1;1
8365;33186.71;50;3.32;1;1
8366;33186.71;50;3.32;1;1
8367;33186.71;50;3.32;1;1
8368;33186.71;50;3.32;1;1
8369;33186.71;50;3.32;1;1
8370;33186.71;50;3.32;1;1
8371;33186.71;50;3.32;1;1
8372;33186.71;50;3.32;1;1
8373;33186.71;50;3.32;1;1
8374;33186.71;50;3.32;1;1
8375;33186.71;50;3.32;1;1
8376;33186.71;50;3.32;1;1
8377;33186.71;50;3.32;1;1
8378;33186.71;50;3.32;1;1
8379;33186.71;50;3.32;1;1
8380;33186.71;50;3.32;1;1
8381;33186.71;50;3.32;1;1
8382;33186.71;50;3.32;1;1
8383;33186.71;50;3.32;1;1
8384;33186.71;50;3.32;1;1
8385;33186.71;50;3.32;1;1
8386;33186.71;50;3.32;1;1
8387;33186.71;50;3.32;1;1
8388;33186.71;50;3.32;1;1
8389;33186.71;50;3.32;1;1
8390;33186.71;50;3.32;1;1
8391;33186.71;50;3.32;1;1
8392;33186.71;50;3.32;1;1
8393;33186.71;50;3.32;1;1
8394;33186.71;50;3.32;1;1
8395;33186.71;50;3.32;1;1
8396;33186.71;50;3.32;1;1
8397;33186.71;50;3.32;1;1
8398;33186.71;50;3.32;1;1
8399;33186.71;50;3.32;1;1
8400;33186.71;50;3.32;1;1
8401;33186.71;50;3.32;1;1
8402;33186.71;50;3.32;1;1
8403;33186.71;50;3.32;1;1
8404;33186.71;50;3.32;1;1
8405;33186.71;50;3.32;1;1
8406;33186.71;50;3.32;1;1
8407;33186.71;50;3.32;1;1
8408;33186.71;50;3.32;1;1
8409;33186.71;50;3.32;1;1
8410;33186.71;50;3.32;1;1
8411;33186.71;50;3.32;1;1
8412;33186.71;50;3.32;1;1
8413;33186.71;50;3.32;1;1
8414;33186.71;50;3.32;1;1
8415;33186.71;50;3.32;1;1
8416;33186.71;50;3.32;1;1
8417;33186.71;50;3.32;1;1
8418;33186.71;50;3.32;1;1
8419;33186.71;50;3.32;1;1
8420;33186.71;50;3.32;1;1
8421;33186.71;50;3.32;1;1
8422;33186.71;50;3.32;1;1
8423;33186.71;50;3.32;1;1
8424;33186.71;50;3.32;1;1
8425;33186.71;50;3.32;1;1
8426;33186.71;50;3.32;1;1
8427;33186.71;50;3.32;1;1
8428;33186.71;50;3.32;1;1
8429;33186.71;50;3.32;1;1
8430;33186.71;50;3.32;1;1
8431;33186.71;50;3.32;1;1
8432;33186.71;50;3.32;1;1
8433;33186.71;50;3.32;1;1
8434;33186.71;50;3.32;1;1
8435;33186.71;50;3.32;1;1
8436;33186.71;50;3.32;1;1
8437;33186.71;50;3.32;1;1
8438;33186.71;50;3.32;1;1
8439;33186.71;50;3.32;1;1
8440;33186.71;50;3.32;1;1
8441;33186.71;50;3.32;1;1
8442;33186.71;50;3.32;1;1
8443;33186.71;50;3.32;1;1
8444;33186.71;50;3.32;1;1
8445;33186.71;50;3.32;1;1
8446;33186.71;50;3.32;1;1
8447;33186.71;50;3.32;1;1
8448;33186.71;50;3.32;1;1
8449;33186.71;50;3.32;1;1
8450;33186.71;50;3.32;1;1
8451;33186.71;50;3.32;1;1
8452;33186.71;50;3.32;1;1
8453;33186.71;50;3.32;1;1
8454;33186.71;50;3.32;1;1
8455;33186.71;50;3.32;1;1
8456;33186.71;50;3.32;1;1
8457;33186.71;50;3.32;1;1
8458;33186.71;50;3.32;1;1
8459;33186.71;50;3.32;1;1
8460;33186.71;50;3.32;1;1
8461;33186.71;50;3.32;1;1
8462;33186.71;50;3.32;1;1
8463;33186.71;50;3.32;1;1
8464;33186.71;50;3.32;1;1
8465;33186.71;50;3.32;1;1
8466;33186.71;50;3.32;1;1
8467;33186.71;50;3.32;1;1
8468;33186.71;50;3.32;1;1
8469;33186.71;50;3.32;1;1
8470;33186.71;50;3.32;1;1
8471;33186.71;50;3.32;1;1
8472;33186.71;50;3.32;1;1
8473;33186.71;50;3.32;1;1
8474;33186.71;50;3.32;1;1
8475;33186.71;50;3.32;1;1
8476;33186.71;50;3.32;1;1
8477;33186.71;50;3.32;1;1
8478;33186.71;50;3.32;1;1
8479;33186.71;50;3.32;1;1
8480;33186.71;50;3.32;1;1
8481;33186.71;50;3.32;1;1
8482;33186.71;50;3.32;1;1
8483;33186.71;50;3.32;1;1
8484;33186.71;50;3.32;1;1
8485;33186.71;50;3.32;1;1
8486;33186.71;50;3.32;1;1
8487;33186.71;50;3.32;1;1
8488;33186.71;50;3.32;1;1
8489;33186.71;50;3.32;1;1
8490;33186.71;50;3.32;1;1
8491;33186.71;50;3.32;1;1
8492;33186.71;50;3.32;1;1
8493;33186.71;50;3.32;1;1
8494;33186.71;50;3.32;1;1
8495;33186.71;50;3.32;1;1
8496;33186.71;50;3.32;1;1
8497;33186.71;50;3.32;1;1
8498;33186.71;50;3.32;1;1
8499;33186.71;50;3.32;1;1
8500;33186.71;50;3.32;1;1
8501;33186.71;50;3.32;1;1
8502;33186.71;50;3.32;1;1
8503;33186.71;50;3.32;1;1
8504;33186.71;50;3.32;1;1
8505;33186.71;50;3.32;1;1
8506;33186.71;50;3.32;1;1
8507;33186.71;50;3.32;1;1
8508;33186.71;50;3.32;1;1
8509;33186.71;50;3.32;1;1
8510;33186.71;50;3.32;1;1
8511;33186.71;50;3.32;1;1
8512;33186.71;50;3.32;1;1
8513;33186.71;50;3.32;1;1
8514;33186.71;50;3.32;1;1
8515;33186.71;50;3.32;1;1
8516;33186.71;50;3.32;1;1
8517;33186.71;50;3.32;1;1
8518;33186.71;50;3.32;1;1
8519;33186.71;50;3.32;1;1
8520;33186.71;50;3.32;1;1
8521;33186.71;50;3.32;1;1
8522;33186.71;50;3.32;1;1
8523;33186.71;50;3.32;1;1
8524;33186.71;50;3.32;1;1
8525;33186.71;50;3.32;1;1
8526;33186.71;50;3.32;1;1
8527;33186.71;50;3.32;1;1
8528;33186.71;50;3.32;1;1
8529;33186.71;50;3.32;1;1
8530;33186.71;50;3.32;1;1
8531;33186.71;50;3.32;1;1
8532;33186.71;50;3.32;1;1
8533;33186.71;50;3.32;1;1
8534;33186.71;50;3.32;1;1
8535;33186.71;50;3.32;1;1
8536;33186.71;50;3.32;1;1
8537;33186.71;50;3.32;1;1
8538;33186.71;50;3.32;1;1
8539;33186.71;50;3.32;1;1
8540;33186.71;50;3.32;1;1
8541;33186.71;50;3.32;1;1
8542;33186.71;50;3.32;1;1
8543;33186.71;50;3.32;1;1
8544;33186.71;50;3.32;1;1
8545;33186.71;50;3.32;1;1
8546;33186.71;50;3.32;1;1
8547;33186.71;50;3.32;1;1
8548;33186.71;50;3.32;1;1
8549;33186.71;50;3.32;1;1
8550;33186.71;50;3.32;1;1
8551;33186.71;50;3.32;1;1
8552;33186.71;50;3.32;1;1
8553;33186.71;50;3.32;1;1
8554;33186.71;50;3.32;1;1
8555;33186.71;50;3.32;1;1
8556;33186.71;50;3.32;1;1
8557;33186.71;50;3.32;1;1
8558;33186.71;50;3.32;1;1
8559;33186.71;50;3.32;1;1
8560;33186.71;50;3.32;1;1
8561;33186.71;50;3.32;1;1
8562;33186.71;50;3.32;1;1
8563;33186.71;50;3.32;1;1
8564;33186.71;50;3.32;1;1
8565;33186.71;50;3.32;1;1
8566;33186.71;50;3.32;1;1
8567;33186.71;50;3.32;1;1
8568;33186.71;50;3.32;1;1
8569;33186.71;50;3.32;1;1
8570;33186.71;50;3.32;1;1
8571;33186.71;50;3.32;1;1
8572;33186.71;50;3.32;1;1
8573;33186.71;50;3.32;1;1
8574;33186.71;50;3.32;1;1
8575;33186.71;50;3.32;1;1
8576;33186.71;50;3.32;1;1
8577;33186.71;50;3.32;1;1
8578;33186.71;50;3.32;1;1
8579;33186.71;50;3.32;1;1
8580;33186.71;50;3.32;1;1
8581;33186.71;50;3.32;1;1
8582;33186.71;50;3.32;1;1
8583;33186.71;50;3.32;1;1
8584;33186.71;50;3.32;1;1
8585;33186.71;50;3.32;1;1
8586;33186.71;50;3.32;1;1
8587;33186.71;50;3.32;1;1
8588;33186.71;50;3.32;1;1
8589;33186.71;50;3.32;1;1
8590;33186.71;50;3.32;1;1
8591;33186.71;50;3.32;1;1
8592;33186.71;50;3.32;1;1
8593;33186.71;50;3.32;1;1
8594;33186.71;50;3.32;1;1
8595;33186.71;50;3.32;1;1
8596;33186.71;50;3.32;1;1
8597;33186.71;50;3.32;1;1
8598;33186.71;50;3.32;1;1
8599;33186.71;50;3.32;1;1
8600;33186.71;50;3.32;1;1
8601;33186.71;50;3.32;1;1
8602;33186.71;50;3.32;1;1
8603;33186.71;50;3.32;1;1
8604;33186.71;50;3.32;1;1
8605;33186.71;50;3.32;1;1
8606;33186.71;50;3.32;1;1
8607;33186.71;50;3.32;1;1
8608;33186.71;50;3.32;1;1
8609;33186.71;50;3.32;1;1
8610;33186.71;50;3.32;1;1
8611;33186.71;50;3.32;1;1
8612;33186.71;50;3.32;1;1
8613;33186.71;50;3.32;1;1
8614;33186.71;50;3.32;1;1
8615;33186.71;50;3.32;1;1
8616;33186.71;50;3.32;1;1
8617;33186.71;50;3.32;1;1
8618;33186.71;50;3.32;1;1
8619;33186.71;50;3.32;1;1
8620;33186.71;50;3.32;1;1
8621;33186.71;50;3.32;1;1
8622;33186.71;50;3.32;1;1
8623;33186.71;50;3.32;1;1
8624;33186.71;50;3.32;1;1
8625;33186.71;50;3.32;1;1
8626;33186.71;50;3.32;1;1
8627;33186.71;50;3.32;1;1
8628;33186.71;50;3.32;1;1
8629;33186.71;50;3.32;1;1
8630;33186.71;50;3.32;1;1
8631;33186.71;50;3.32;1;1
8632;33186.71;50;3.32;1;1
8633;33186.71;50;3.32;1;1
8634;33186.71;50;3.32;1;1
8635;33186.71;50;3.32;1;1
8636;33186.71;50;3.32;1;1
8637;33186.71;50;3.32;1;1
8638;33186.71;50;3.32;1;1
8639;33186.71;50;3.32;1;1
8640;33186.71;50;3.32;1;1
8641;33186.71;50;3.32;1;1
8642;33186.71;50;3.32;1;1
8643;33186.71;50;3.32;1;1
8644;33186.71;50;3.32;1;1
8645;33186.71;50;3.32;1;1
8646;33186.71;50;3.32;1;1
8647;33186.71;50;3.32;1;1
8648;33186.71;50;3.32;1;1
8649;33186.71;50;3.32;1;1
8650;33186.71;50;3.32;1;1
8651;33186.71;50;3.32;1;1
8652;33186.71;50;3.32;1;1
8653;33186.71;50;3.32;1;1
8654;33186.71;50;3.32;1;1
8655;33186.71;50;3.32;1;1
8656;33186.71;50;3.32;1;1
8657;33186.71;50;3.32;1;1
8658;33186.71;50;3.32;1;1
8659;33186.71;50;3.32;1;1
8660;33186.71;50;3.32;1;1
8661;33186.71;50;3.32;1;1
8662;33186.71;50;3.32;1;1
8663;33186.71;50;3.32;1;1
8664;33186.71;50;3.32;1;1
8665;33186.71;50;3.32;1;1
8666;33186.71;50;3.32;1;1
8667;33186.71;50;3.32;1;1
8668;33186.71;50;3.32;1;1
8669;33186.71;50;3.32;1;1
8670;33186.71;50;3.32;1;1
8671;33186.71;50;3.32;1;1
8672;33186.71;50;3.32;1;1
8673;33186.71;50;3.32;1;1
8674;33186.71;50;3.32;1;1
8675;33186.71;50;3.32;1;1
8676;33186.71;50;3.32;1;1
8677;33186.71;50;3.32;1;1
8678;33186.71;50;3.32;1;1
8679;33186.71;50;3.32;1;1
8680;33186.71;50;3.32;1;1
8681;33186.71;50;3.32;1;1
8682;33186.71;50;3.32;1;1
8683;33186.71;50;3.32;1;1
8684;33186.71;50;3.32;1;1
8685;33186.71;50;3.32;1;1
8686;33186.71;50;3.32;1;1
8687;33186.71;50;3.32;1;1
8688;33186.71;50;3.32;1;1
8689;33186.71;50;3.32;1;1
8690;33186.71;50;3.32;1;1
8691;33186.71;50;3.32;1;1
8692;33186.71;50;3.32;1;1
8693;33186.71;50;3.32;1;1
8694;33186.71;50;3.32;1;1
8695;33186.71;50;3.32;1;1
8696;33186.71;50;3.32;1;1
8697;33186.71;50;3.32;1;1
8698;33186.71;50;3.32;1;1
8699;33186.71;50;3.32;1;1
8700;33186.71;50;3.32;1;1
8701;33186.71;50;3.32;1;1
8702;33186.71;50;3.32;1;1
8703;33186.71;50;3.32;1;1
8704;33186.71;50;3.32;1;1
8705;33186.71;50;3.32;1;1
8706;33186.71;50;3.32;1;1
8707;33186.71;50;3.32;1;1
8708;33186.71;50;3.32;1;1
8709;33186.71;50;3.32;1;1
8710;33186.71;50;3.32;1;1
8711;33186.71;50;3.32;1;1
8712;33186.71;50;3.32;1;1
8713;33186.71;50;3.32;1;1
8714;33186.71;50;3.32;1;1
8715;33186.71;50;3.32;1;1
8716;33186.71;50;3.32;1;1
8717;33186.71;50;3.32;1;1
8718;33186.71;50;3.32;1;1
8719;33186.71;50;3.32;1;1
8720;33186.71;50;3.32;1;1
8721;33186.71;50;3.32;1;1
8722;33186.71;50;3.32;1;1
8723;33186.71;50;3.32;1;1
8724;33186.71;50;3.32;1;1
8725;33186.71;50;3.32;1;1
8726;33186.71;50;3.32;1;1
8727;33186.71;50;3.32;1;1
8728;33186.71;50;3.32;1;1
8729;33186.71;50;3.32;1;1
8730;33186.71;50;3.32;1;1
8731;33186.71;50;3.32;1;1
8732;33186.71;50;3.32;1;1
8733;33186.71;50;3.32;1;1
8734;33186.71;50;3.32;1;1
8735;33186.71;50;3.32;1;1
8736;33186.71;50;3.32;1;1
8737;33186.71;50;3.32;1;1
8738;33186.71;50;3.32;1;1
8739;33186.71;50;3.32;1;1
8740;33186.71;50;3.32;1;1
8741;33186.71;50;3.32;1;1
8742;33186.71;50;3.32;1;1
8743;33186.71;50;3.32;1;1
8744;33186.71;50;3.32;1;1
8745;33186.71;50;3.32;1;1
8746;33186.71;50;3.32;1;1
8747;33186.71;50;3.32;1;1
8748;33186.71;50;3.32;1;1
8749;33186.71;50;3.32;1;1
8750;33186.71;50;3.32;1;1
8751;33186.71;50;3.32;1;1
8752;33186.71;50;3.32;1;1
8753;33186.71;50;3.32;1;1
8754;33186.71;50;3.32;1;1
8755;33186.71;50;3.32;1;1
8756;33186.71;50;3.32;1;1
8757;33186.71;50;3.32;1;1
8758;33186.71;50;3.32;1;1
8759;33186.71;50;3.32;1;1
8760;33186.71;50;3.32;1;1
8761;33186.71;50;3.32;1;1
8762;33186.71;50;3.32;1;1
8763;33186.71;50;3.32;1;1
8764;33186.71;50;3.32;1;1
8765;33186.71;50;3.32;1;1
8766;33186.71;50;3.32;1;1
8767;33186.71;50;3.32;1;1
8768;33186.71;50;3.32;1;1
8769;33186.71;50;3.32;1;1
8770;33186.71;50;3.32;1;1
8771;33186.71;50;3.32;1;1
8772;33186.71;50;3.32;1;1
8773;33186.71;50;3.32;1;1
8774;33186.71;50;3.32;1;1
8775;33186.71;50;3.32;1;1
8776;33186.71;50;3.32;1;1
8777;33186.71;50;3.32;1;1
8778;33186.71;50;3.32;1;1
8779;33186.71;50;3.32;1;1
8780;33186.71;50;3.32;1;1
8781;33186.71;50;3.32;1;1
8782;33186.71;50;3.32;1;1
8783;33186.71;50;3.32;1;1
8784;33186.71;50;3.32;1;1
8785;33186.71;50;3.32;1;1
8786;33186.71;50;3.32;1;1
8787;33186.71;50;3.32;1;1
8788;33186.71;50;3.32;1;1
8789;33186.71;50;3.32;1;1
8790;33186.71;50;3.32;1;1
8791;33186.71;50;3.32;1;1
8792;33186.71;50;3.32;1;1
8793;33186.71;50;3.32;1;1
8794;33186.71;50;3.32;1;1
8795;33186.71;50;3.32;1;1
8796;33186.71;50;3.32;1;1
8797;33186.71;50;3.32;1;1
8798;33186.71;50;3.32;1;1
8799;33186.71;50;3.32;1;1
8800;33186.71;50;3.32;1;1
8801;33186.71;50;3.32;1;1
8802;33186.71;50;3.32;1;1
8803;33186.71;50;3.32;1;1
8804;33186.71;50;3.32;1;1
8805;33186.71;50;3.32;1;1
8806;33186.71;50;3.32;1;1
8807;33186.71;50;3.32;1;1
8808;33186.71;50;3.32;1;1
8809;33186.71;50;3.32;1;1
8810;33186.71;50;3.32;1;1
8811;33186.71;50;3.32;1;1
8812;33186.71;50;3.32;1;1
8813;33186.71;50;3.32;1;1
8814;33186.71;50;3.32;1;1
8815;33186.71;50;3.32;1;1
8816;33186.71;50;3.32;1;1
8817;33186.71;50;3.32;1;1
8818;33186.71;50;3.32;1;1
8819;33186.71;50;3.32;1;1
8820;33186.71;50;3.32;1;1
8821;33186.71;50;3.32;1;1
8822;33186.71;50;3.32;1;1
8823;33186.71;50;3.32;1;1
8824;33186.71;50;3.32;1;1
8825;33186.71;50;3.32;1;1
8826;33186.71;50;3.32;1;1
8827;33186.71;50;3.32;1;1
8828;33186.71;50;3.32;1;1
8829;33186.71;50;3.32;1;1
8830;33186.71;50;3.32;1;1
8831;33186.71;50;3.32;1;1
8832;33186.71;50;3.32;1;1
8833;33186.71;50;3.32;1;1
8834;33186.71;50;3.32;1;1
8835;33186.71;50;3.32;1;1
8836;33186.71;50;3.32;1;1
8837;33186.71;50;3.32;1;1
8838;33186.71;50;3.32;1;1
8839;33186.71;50;3.32;1;1
8840;33186.71;50;3.32;1;1
8841;33186.71;50;3.32;1;1
8842;33186.71;50;3.32;1;1
8843;33186.71;50;3.32;1;1
8844;33186.71;50;3.32;1;1
8845;33186.71;50;3.32;1;1
8846;33186.71;50;3.32;1;1
8847;33186.71;50;3.32;1;1
8848;33186.71;50;3.32;1;1
8849;33186.71;50;3.32;1;1
8850;33186.71;50;3.32;1;1
8851;33186.71;50;3.32;1;1
8852;33186.71;50;3.32;1;1
8853;33186.71;50;3.32;1;1
8854;33186.71;50;3.32;1;1
8855;33186.71;50;3.32;1;1
8856;33186.71;50;3.32;1;1
8857;33186.71;50;3.32;1;1
8858;33186.71;50;3.32;1;1
8859;33186.71;50;3.32;1;1
8860;33186.71;50;3.32;1;1
8861;33186.71;50;3.32;1;1
8862;33186.71;50;3.32;1;1
8863;33186.71;50;3.32;1;1
8864;33186.71;50;3.32;1;1
8865;33186.71;50;3.32;1;1
8866;33186.71;50;3.32;1;1
8867;33186.71;50;3.32;1;1
8868;33186.71;50;3.32;1;1
8869;33186.71;50;3.32;1;1
8870;33186.71;50;3.32;1;1
8871;33186.71;50;3.32;1;1
8872;33186.71;50;3.32;1;1
8873;33186.71;50;3.32;1;1
8874;33186.71;50;3.32;1;1
8875;33186.71;50;3.32;1;1
8876;33186.71;50;3.32;1;1
8877;33186.71;50;3.32;1;1
8878;33186.71;50;3.32;1;1
8879;33186.71;50;3.32;1;1
8880;33186.71;50;3.32;1;1
8881;33186.71;50;3.32;1;1
8882;33186.71;50;3.32;1;1
8883;33186.71;50;3.32;1;1
8884;33186.71;50;3.32;1;1
8885;33186.71;50;3.32;1;1
8886;33186.71;50;3.32;1;1
8887;33186.71;50;3.32;1;1
8888;33186.71;50;3.32;1;1
8889;33186.71;50;3.32;1;1
8890;33186.71;50;3.32;1;1
8891;33186.71;50;3.32;1;1
8892;33186.71;50;3.32;1;1
8893;33186.71;50;3.32;1;1
8894;33186.71;50;3.32;1;1
8895;33186.71;50;3.32;1;1
8896;33186.71;50;3.32;1;1
8897;33186.71;50;3.32;1;1
8898;33186.71;50;3.32;1;1
8899;33186.71;50;3.32;1;1
8900;33186.71;50;3.32;1;1
8901;33186.71;50;3.32;1;1
8902;33186.71;50;3.32;1;1
8903;33186.71;50;3.32;1;1
8904;33186.71;50;3.32;1;1
8905;33186.71;50;3.32;1;1
8906;33186.71;50;3.32;1;1
8907;33186.71;50;3.32;1;1
8908;33186.71;50;3.32;1;1
8909;33186.71;50;3.32;1;1
8910;33186.71;50;3.32;1;1
8911;33186.71;50;3.32;1;1
8912;33186.71;50;3.32;1;1
8913;33186.71;50;3.32;1;1
8914;33186.71;50;3.32;1;1
8915;33186.71;50;3.32;1;1
8916;33186.71;50;3.32;1;1
8917;33186.71;50;3.32;1;1
8918;33186.71;50;3.32;1;1
8919;33186.71;50;3.32;1;1
8920;33186.71;50;3.32;1;1
8921;33186.71;50;3.32;1;1
8922;33186.71;50;3.32;1;1
8923;33186.71;50;3.32;1;1
8924;33186.71;50;3.32;1;1
8925;33186.71;50;3.32;1;1
8926;33186.71;50;3.32;1;1
8927;33186.71;50;3.32;1;1
8928;33186.71;50;3.32;1;1
8929;33186.71;50;3.32;1;1
8930;33186.71;50;3.32;1;1
8931;33186.71;50;3.32;1;1
8932;33186.71;50;3.32;1;1
8933;33186.71;50;3.32;1;1
8934;33186.71;50;3.32;1;1
8935;33186.71;50;3.32;1;1
8936;33186.71;50;3.32;1;1
8937;33186.71;50;3.32;1;1
8938;33186.71;50;3.32;1;1
8939;33186.71;50;3.32;1;1
8940;33186.71;50;3.32;1;1
8941;33186.71;50;3.32;1;1
8942;33186.71;50;3.32;1;1
8943;33186.71;50;3.32;1;1
8944;33186.71;50;3.32;1;1
8945;33186.71;50;3.32;1;1
8946;33186.71;50;3.32;1;1
8947;33186.71;50;3.32;1;1
8948;33186.71;50;3.32;1;1
8949;33186.71;50;3.32;1;1
8950;33186.71;50;3.32;1;1
8951;33186.71;50;3.32;1;1
8952;33186.71;50;3.32;1;1
8953;33186.71;50;3.32;1;1
8954;33186.71;50;3.32;1;1
8955;33186.71;50;3.32;1;1
8956;33186.71;50;3.32;1;1
8957;33186.71;50;3.32;1;1
8958;33186.71;50;3.32;1;1
8959;33186.71;50;3.32;1;1
8960;33186.71;50;3.32;1;1
8961;33186.71;50;3.32;1;1
8962;33186.71;50;3.32;1;1
8963;33186.71;50;3.32;1;1
8964;33186.71;50;3.32;1;1
8965;33186.71;50;3.32;1;1
8966;33186.71;50;3.32;1;1
8967;33186.71;50;3.32;1;1
8968;33186.71;50;3.32;1;1
8969;33186.71;50;3.32;1;1
8970;33186.71;50;3.32;1;1
8971;33186.71;50;3.32;1;1
8972;33186.71;50;3.32;1;1
8973;33186.71;50;3.32;1;1
8974;33186.71;50;3.32;1;1
8975;33186.71;50;3.32;1;1
8976;33186.71;50;3.32;1;1
8977;33186.71;50;3.32;1;1
8978;33186.71;50;3.32;1;1
8979;33186.71;50;3.32;1;1
8980;33186.71;50;3.32;1;1
8981;33186.71;50;3.32;1;1
8982;33186.71;50;3.32;1;1
8983;33186.71;50;3.32;1;1
8984;33186.71;50;3.32;1;1
8985;33186.71;50;3.32;1;1
8986;33186.71;50;3.32;1;1
8987;33186.71;50;3.32;1;1
8988;33186.71;50;3.32;1;1
8989;33186.71;50;3.32;1;1
8990;33186.71;50;3.32;1;1
8991;33186.71;50;3.32;1;1
8992;33186.71;50;3.32;1;1
8993;33186.71;50;3.32;1;1
8994;33186.71;50;3.32;1;1
8995;33186.71;50;3.32;1;1
8996;33186.71;50;3.32;1;1
8997;33186.71;50;3.32;1;1
8998;33186.71;50;3.32;1;1
8999;33186.71;50;3.32;1;1
9000;33186.71;50;3.32;1;1
9001;33186.71;50;3.32;1;1
9002;33186.71;50;3.32;1;1
9003;33186.71;50;3.32;1;1
9004;33186.71;50;3.32;1;1
9005;33186.71;50;3.32;1;1
9006;33186.71;50;3.32;1;1
9007;33186.71;50;3.32;1;1
9008;33186.71;50;3.32;1;1
9009;33186.71;50;3.32;1;1
9010;33186.71;50;3.32;1;1
9011;33186.71;50;3.32;1;1
9012;33186.71;50;3.32;1;1
9013;33186.71;50;3.32;1;1
9014;33186.71;50;3.32;1;1
9015;33186.71;50;3.32;1;1
9016;33186.71;50;3.32;1;1
9017;33186.71;50;3.32;1;1
9018;33186.71;50;3.32;1;1
9019;33186.71;50;3.32;1;1
9020;33186.71;50;3.32;1;1
9021;33186.71;50;3.32;1;1
9022;33186.71;50;3.32;1;1
9023;33186.71;50;3.32;1;1
9024;33186.71;50;3.32;1;1
9025;33186.71;50;3.32;1;1
9026;33186.71;50;3.32;1;1
9027;33186.71;50;3.32;1;1
9028;33186.71;50;3.32;1;1
9029;33186.71;50;3.32;1;1
9030;33186.71;50;3.32;1;1
9031;33186.71;50;3.32;1;1
9032;33186.71;50;3.32;1;1
9033;33186.71;50;3.32;1;1
9034;33186.71;50;3.32;1;1
9035;33186.71;50;3.32;1;1
9036;33186.71;50;3.32;1;1
9037;33186.71;50;3.32;1;1
9038;33186.71;50;3.32;1;1
9039;33186.71;50;3.32;1;1
9040;33186.71;50;3.32;1;1
9041;33186.71;50;3.32;1;1
9042;33186.71;50;3.32;1;1
9043;33186.71;50;3.32;1;1
9044;33186.71;50;3.32;1;1
9045;33186.71;50;3.32;1;1
9046;33186.71;50;3.32;1;1
9047;33186.71;50;3.32;1;1
9048;33186.71;50;3.32;1;1
9049;33186.71;50;3.32;1;1
9050;33186.71;50;3.32;1;1
9051;33186.71;50;3.32;1;1
9052;33186.71;50;3.32;1;1
9053;33186.71;50;3.32;1;1
9054;33186.71;50;3.32;1;1
9055;33186.71;50;3.32;1;1
9056;33186.71;50;3.32;1;1
9057;33186.71;50;3.32;1;1
9058;33186.71;50;3.32;1;1
9059;33186.71;50;3.32;1;1
9060;33186.71;50;3.32;1;1
9061;33186.71;50;3.32;1;1
9062;33186.71;50;3.32;1;1
9063;33186.71;50;3.32;1;1
9064;33186.71;50;3.32;1;1
9065;33186.71;50;3.32;1;1
9066;33186.71;50;3.32;1;1
9067;33186.71;50;3.32;1;1
9068;33186.71;50;3.32;1;1
9069;33186.71;50;3.32;1;1
9070;33186.71;50;3.32;1;1
9071;33186.71;50;3.32;1;1
9072;33186.71;50;3.32;1;1
9073;33186.71;50;3.32;1;1
9074;33186.71;50;3.32;1;1
9075;33186.71;50;3.32;1;1
9076;33186.71;50;3.32;1;1
9077;33186.71;50;3.32;1;1
9078;33186.71;50;3.32;1;1
9079;33186.71;50;3.32;1;1
9080;33186.71;50;3.32;1;1
9081;33186.71;50;3.32;1;1
9082;33186.71;50;3.32;1;1
9083;33186.71;50;3.32;1;1
9084;33186.71;50;3.32;1;1
9085;33186.71;50;3.32;1;1
9086;33186.71;50;3.32;1;1
9087;33186.71;50;3.32;1;1
9088;33186.71;50;3.32;1;1
9089;33186.71;50;3.32;1;1
9090;33186.71;50;3.32;1;1
9091;33186.71;50;3.32;1;1
9092;33186.71;50;3.32;1;1
9093;33186.71;50;3.32;1;1
9094;33186.71;50;3.32;1;1
9095;33186.71;50;3.32;1;1
9096;33186.71;50;3.32;1;1
9097;33186.71;50;3.32;1;1
9098;33186.71;50;3.32;1;1
9099;33186.71;50;3.32;1;1
9100;33186.71;50;3.32;1;1
9101;33186.71;50;3.32;1;1
9102;33186.71;50;3.32;1;1
9103;33186.71;50;3.32;1;1
9104;33186.71;50;3.32;1;1
9105;33186.71;50;3.32;1;1
9106;33186.71;50;3.32;1;1
9107;33186.71;50;3.32;1;1
9108;33186.71;50;3.32;1;1
9109;33186.71;50;3.32;1;1
9110;33186.71;50;3.32;1;1
9111;33186.71;50;3.32;1;1
9112;33186.71;50;3.32;1;1
9113;33186.71;50;3.32;1;1
9114;33186.71;50;3.32;1;1
9115;33186.71;50;3.32;1;1
9116;33186.71;50;3.32;1;1
9117;33186.71;50;3.32;1;1
9118;33186.71;50;3.32;1;1
9119;33186.71;50;3.32;1;1
9120;33186.71;50;3.32;1;1
9121;33186.71;50;3.32;1;1
9122;33186.71;50;3.32;1;1
9123;33186.71;50;3.32;1;1
9124;33186.71;50;3.32;1;1
9125;33186.71;50;3.32;1;1
9126;33186.71;50;3.32;1;1
9127;33186.71;50;3.32;1;1
9128;33186.71;50;3.32;1;1
9129;33186.71;50;3.32;1;1
9130;33186.71;50;3.32;1;1
9131;33186.71;50;3.32;1;1
9132;33186.71;50;3.32;1;1
9133;33186.71;50;3.32;1;1
9134;33186.71;50;3.32;1;1
9135;33186.71;50;3.32;1;1
9136;33186.71;50;3.32;1;1
9137;33186.71;50;3.32;1;1
9138;33186.71;50;3.32;1;1
9139;33186.71;50;3.32;1;1
9140;33186.71;50;3.32;1;1
9141;33186.71;50;3.32;1;1
9142;33186.71;50;3.32;1;1
9143;33186.71;50;3.32;1;1
9144;33186.71;50;3.32;1;1
9145;33186.71;50;3.32;1;1
9146;33186.71;50;3.32;1;1
9147;33186.71;50;3.32;1;1
9148;33186.71;50;3.32;1;1
9149;33186.71;50;3.32;1;1
9150;33186.71;50;3.32;1;1
9151;33186.71;50;3.32;1;1
9152;33186.71;50;3.32;1;1
9153;33186.71;50;3.32;1;1
9154;33186.71;50;3.32;1;1
9155;33186.71;50;3.32;1;1
9156;33186.71;50;3.32;1;1
9157;33186.71;50;3.32;1;1
9158;33186.71;50;3.32;1;1
9159;33186.71;50;3.32;1;1
9160;33186.71;50;3.32;1;1
9161;33186.71;50;3.32;1;1
9162;33186.71;50;3.32;1;1
9163;33186.71;50;3.32;1;1
9164;33186.71;50;3.32;1;1
9165;33186.71;50;3.32;1;1
9166;33186.71;50;3.32;1;1
9167;33186.71;50;3.32;1;1
9168;33186.71;50;3.32;1;1
9169;33186.71;50;3.32;1;1
9170;33186.71;50;3.32;1;1
9171;33186.71;50;3.32;1;1
9172;33186.71;50;3.32;1;1
9173;33186.71;50;3.32;1;1
9174;33186.71;50;3.32;1;1
9175;33186.71;50;3.32;1;1
9176;33186.71;50;3.32;1;1
9177;33186.71;50;3.32;1;1
9178;33186.71;50;3.32;1;1
9179;33186.71;50;3.32;1;1
9180;33186.71;50;3.32;1;1
9181;33186.71;50;3.32;1;1
9182;33186.71;50;3.32;1;1
9183;33186.71;50;3.32;1;1
9184;33186.71;50;3.32;1;1
9185;33186.71;50;3.32;1;1
9186;33186.71;50;3.32;1;1
9187;33186.71;50;3.32;1;1
9188;33186.71;50;3.32;1;1
9189;33186.71;50;3.32;1;1
9190;33186.71;50;3.32;1;1
9191;33186.71;50;3.32;1;1
9192;33186.71;50;3.32;1;1
9193;33186.71;50;3.32;1;1
9194;33186.71;50;3.32;1;1
9195;33186.71;50;3.32;1;1
9196;33186.71;50;3.32;1;1
9197;33186.71;50;3.32;1;1
9198;33186.71;50;3.32;1;1
9199;33186.71;50;3.32;1;1
9200;33186.71;50;3.32;1;1
9201;33235.58;50;3.32;1;1
9202;33186.71;50;3.32;1;1
9203;33186.71;50;3.32;1;1
9204;33186.71;50;3.32;1;1
9205;33186.71;50;3.32;1;1
9206;33186.71;50;3.32;1;1
9207;33186.71;50;3.32;1;1
9208;33186.71;50;3.32;1;1
9209;33186.71;50;3.32;1;1
9210;33235.58;50;3.32;1;1
9211;33235.58;50;3.32;1;1
9212;33186.71;50;3.32;1;1
9213;33235.58;50;3.32;1;1
9214;33186.71;50;3.32;1;1
9215;33235.58;50;3.32;1;1
9216;33186.71;50;3.32;1;1
9217;33186.71;50;3.32;1;1
9218;33186.71;50;3.32;1;1
9219;33186.71;50;3.32;1;1
9220;33186.71;50;3.32;1;1
9221;33186.71;50;3.32;1;1
9222;33186.71;50;3.32;1;1
9223;33186.71;50;3.32;1;1
9224;33186.71;50;3.32;1;1
9225;33186.71;50;3.32;1;1
9226;33186.71;50;3.32;1;1
9227;33186.71;50;3.32;1;1
9228;33186.71;50;3.32;1;1
9229;33186.71;50;3.32;1;1
9230;33186.71;50;3.32;1;1
9231;33186.71;50;3.32;1;1
9232;33186.71;50;3.32;1;1
9233;33186.71;50;3.32;1;1
9234;33186.71;50;3.32;1;1
9235;33186.71;50;3.32;1;1
9236;33235.58;50;3.32;1;1
9237;33186.71;50;3.32;1;1
9238;33186.71;50;3.32;1;1
9239;33235.58;50;3.32;1;1
9240;33186.71;50;3.32;1;1
9241;33186.71;50;3.32;1;1
9242;33186.71;50;3.32;1;1
9243;33186.71;50;3.32;1;1
9244;33186.71;50;3.32;1;1
9245;33186.71;50;3.32;1;1
9246;33186.71;50;3.32;1;1
9247;33186.71;50;3.32;1;1
9248;33186.71;50;3.32;1;1
9249;33186.71;50;3.32;1;1
9250;33186.71;50;3.32;1;1
9251;33186.71;50;3.32;1;1
9252;33235.58;50;3.32;1;1
9253;33186.71;50;3.32;1;1
9254;33186.71;50;3.32;1;1
9255;33186.71;50;3.32;1;1
9256;33186.71;50;3.32;1;1
9257;33186.71;50;3.32;1;1
9258;33186.71;50;3.32;1;1
9259;33186.71;50;3.32;1;1
9260;33186.71;50;3.32;1;1
9261;33186.71;50;3.32;1;1
9262;33186.71;50;3.32;1;1
9263;33186.71;50;3.32;1;1
9264;33186.71;50;3.32;1;1
9265;33186.71;50;3.32;1;1
9266;33186.71;50;3.32;1;1
9267;33186.71;50;3.32;1;1
9268;33186.71;50;3.32;1;1
9269;33186.71;50;3.32;1;1
9270;33186.71;50;3.32;1;1
9271;33186.71;50;3.32;1;1
9272;33186.71;50;3.32;1;1
9273;33186.71;50;3.32;1;1
9274;33186.71;50;3.32;1;1
9275;33186.71;50;3.32;1;1
9276;33186.71;50;3.32;1;1
9277;33186.71;50;3.32;1;1
9278;33186.71;50;3.32;1;1
9279;33186.71;50;3.32;1;1
9280;33186.71;50;3.32;1;1
9281;33186.71;50;3.32;1;1
9282;33186.71;50;3.32;1;1
9283;33186.71;50;3.32;1;1
9284;33186.71;50;3.32;1;1
9285;33186.71;50;3.32;1;1
9286;33186.71;50;3.32;1;1
9287;33186.71;50;3.32;1;1
9288;33186.71;50;3.32;1;1
9289;33186.71;50;3.32;1;1
9290;33186.71;50;3.32;1;1
9291;33186.71;50;3.32;1;1
9292;33186.71;50;3.32;1;1
9293;33186.71;50;3.32;1;1
9294;33186.71;50;3.32;1;1
9295;33186.71;50;3.32;1;1
9296;33186.71;50;3.32;1;1
9297;33186.71;50;3.32;1;1
9298;33186.71;50;3.32;1;1
9299;33186.71;50;3.32;1;1
9300;33186.71;50;3.32;1;1
9301;33186.71;50;3.32;1;1
9302;33186.71;50;3.32;1;1
9303;33186.71;50;3.32;1;1
9304;33186.71;50;3.32;1;1
9305;33186.71;50;3.32;1;1
9306;33235.58;50;3.32;1;1
9307;33186.71;50;3.32;1;1
9308;33235.58;50;3.32;1;1
9309;33186.71;50;3.32;1;1
9310;33186.71;50;3.32;1;1
9311;33186.71;50;3.32;1;1
9312;33186.71;50;3.32;1;1
9313;33186.71;50;3.32;1;1
9314;33186.71;50;3.32;1;1
9315;33186.71;50;3.32;1;1
9316;33235.58;50;3.32;1;1
9317;33186.71;50;3.32;1;1
9318;33235.58;50;3.32;1;1
9319;33186.71;50;3.32;1;1
9320;33186.71;50;3.32;1;1
9321;33186.71;50;3.32;1;1
9322;33186.71;50;3.32;1;1
9323;33186.71;50;3.32;1;1
9324;33186.71;50;3.32;1;1
9325;33186.71;50;3.32;1;1
9326;33186.71;50;3.32;1;1
9327;33186.71;50;3.32;1;1
9328;33186.71;50;3.32;1;1
9329;33235.58;50;3.32;1;1
9330;33186.71;50;3.32;1;1
9331;33186.71;50;3.32;1;1
9332;33186.71;50;3.32;1;1
9333;33186.71;50;3.32;1;1
9334;33186.71;50;3.32;1;1
9335;33186.71;50;3.32;1;1
9336;33186.71;50;3.32;1;1
9337;33186.71;50;3.32;1;1
9338;33186.71;50;3.32;1;1
9339;33186.71;50;3.32;1;1
9340;33186.71;50;3.32;1;1
9341;33186.71;50;3.32;1;1
9342;33186.71;50;3.32;1;1
9343;33186.71;50;3.32;1;1
9344;33186.71;50;3.32;1;1
9345;33186.71;50;3.32;1;1
9346;33186.71;50;3.32;1;1
9347;33186.71;50;3.32;1;1
9348;33186.71;50;3.32;1;1
9349;33186.71;50;3.32;1;1
9350;33186.71;50;3.32;1;1
9351;33186.71;50;3.32;1;1
9352;33186.71;50;3.32;1;1
9353;33186.71;50;3.32;1;1
9354;33186.71;50;3.32;1;1
9355;33186.71;50;3.32;1;1
9356;33186.71;50;3.32;1;1
9357;33186.71;50;3.32;1;1
9358;33186.71;50;3.32;1;1
9359;33186.71;50;3.32;1;1
9360;33186.71;50;3.32;1;1
9361;33186.71;50;3.32;1;1
9362;33186.71;50;3.32;1;1
9363;33186.71;50;3.32;1;1
9364;33186.71;50;3.32;1;1
9365;33186.71;50;3.32;1;1
9366;33186.71;50;3.32;1;1
9367;33186.71;50;3.32;1;1
9368;33186.71;50;3.32;1;1
9369;33186.71;50;3.32;1;1
9370;33186.71;50;3.32;1;1
9371;33186.71;50;3.32;1;1
9372;33186.71;50;3.32;1;1
9373;33235.58;50;3.32;1;1
9374;33186.71;50;3.32;1;1
9375;33235.58;50;3.32;1;1
9376;33186.71;50;3.32;1;1
9377;33186.71;50;3.32;1;1
9378;33186.71;50;3.32;1;1
9379;33186.71;50;3.32;1;1
9380;33186.71;50;3.32;1;1
9381;33186.71;50;3.32;1;1
9382;33186.71;50;3.32;1;1
9383;33186.71;50;3.32;1;1
9384;33186.71;50;3.32;1;1
9385;33235.58;50;3.32;1;1
9386;33186.71;50;3.32;1;1
9387;33186.71;50;3.32;1;1
9388;33186.71;50;3.32;1;1
9389;33186.71;50;3.32;1;1
9390;33186.71;50;3.32;1;1
9391;33186.71;50;3.32;1;1
9392;33186.71;50;3.32;1;1
9393;33186.71;50;3.32;1;1
9394;33186.71;50;3.32;1;1
9395;33186.71;50;3.32;1;1
9396;33186.71;50;3.32;1;1
9397;33186.71;50;3.32;1;1
9398;33186.71;50;3.32;1;1
9399;33186.71;50;3.32;1;1
9400;33186.71;50;3.32;1;1
9401;33186.71;50;3.32;1;1
9402;33186.71;50;3.32;1;1
9403;33186.71;50;3.32;1;1
9404;33186.71;50;3.32;1;1
9405;33186.71;50;3.32;1;1
9406;33186.71;50;3.32;1;1
9407;33186.71;50;3.32;1;1
9408;33186.71;50;3.32;1;1
9409;33186.71;50;3.32;1;1
9410;33186.71;50;3.32;1;1
9411;33186.71;50;3.32;1;1
9412;33186.71;50;3.32;1;1
9413;33186.71;50;3.32;1;1
9414;33186.71;50;3.32;1;1
9415;33186.71;50;3.32;1;1
9416;33186.71;50;3.32;1;1
9417;33186.71;50;3.32;1;1
9418;33186.71;50;3.32;1;1
9419;33186.71;50;3.32;1;1
9420;33186.71;50;3.32;1;1
9421;33186.71;50;3.32;1;1
9422;33186.71;50;3.32;1;1
9423;33186.71;50;3.32;1;1
9424;33186.71;50;3.32;1;1
9425;33186.71;50;3.32;1;1
9426;33186.71;50;3.32;1;1
9427;33186.71;50;3.32;1;1
9428;33186.71;50;3.32;1;1
9429;33186.71;50;3.32;1;1
9430;33186.71;50;3.32;1;1
9431;33186.71;50;3.32;1;1
9432;33186.71;50;3.32;1;1
9433;33186.71;50;3.32;1;1
9434;33186.71;50;3.32;1;1
9435;33186.71;50;3.32;1;1
9436;33186.71;50;3.32;1;1
9437;33186.71;50;3.32;1;1
9438;33186.71;50;3.32;1;1
9439;33186.71;50;3.32;1;1
9440;33186.71;50;3.32;1;1
9441;33186.71;50;3.32;1;1
9442;33186.71;50;3.32;1;1
9443;33186.71;50;3.32;1;1
9444;33186.71;50;3.32;1;1
9445;33186.71;50;3.32;1;1
9446;33186.71;50;3.32;1;1
9447;33186.71;50;3.32;1;1
9448;33186.71;50;3.32;1;1
9449;33186.71;50;3.32;1;1
9450;33186.71;50;3.32;1;1
9451;33186.71;50;3.32;1;1
9452;33186.71;50;3.32;1;1
9453;33235.58;50;3.32;1;1
9454;33186.71;50;3.32;1;1
9455;33235.58;50;3.32;1;1
9456;33186.71;50;3.32;1;1
9457;33186.71;50;3.32;1;1
9458;33186.71;50;3.32;1;1
9459;33186.71;50;3.32;1;1
9460;33186.71;50;3.32;1;1
9461;33186.71;50;3.32;1;1
9462;33186.71;50;3.32;1;1
9463;33186.71;50;3.32;1;1
9464;33186.71;50;3.32;1;1
9465;33186.71;50;3.32;1;1
9466;33186.71;50;3.32;1;1
9467;33186.71;50;3.32;1;1
9468;33186.71;50;3.32;1;1
9469;33186.71;50;3.32;1;1
9470;33186.71;50;3.32;1;1
9471;33186.71;50;3.32;1;1
9472;33186.71;50;3.32;1;1
9473;33186.71;50;3.32;1;1
9474;33186.71;50;3.32;1;1
9475;33186.71;50;3.32;1;1
9476;33186.71;50;3.32;1;1
9477;33186.71;50;3.32;1;1
9478;33186.71;50;3.32;1;1
9479;33186.71;50;3.32;1;1
9480;33186.71;50;3.32;1;1
9481;33186.71;50;3.32;1;1
9482;33186.71;50;3.32;1;1
9483;33235.58;50;3.32;1;1
9484;33186.71;50;3.32;1;1
9485;33235.58;50;3.32;1;1
9486;33186.71;50;3.32;1;1
9487;33186.71;50;3.32;1;1
9488;33186.71;50;3.32;1;1
9489;33186.71;50;3.32;1;1
9490;33186.71;50;3.32;1;1
9491;33186.71;50;3.32;1;1
9492;33186.71;50;3.32;1;1
9493;33186.71;50;3.32;1;1
9494;33186.71;50;3.32;1;1
9495;33186.71;50;3.32;1;1
9496;33186.71;50;3.32;1;1
9497;33186.71;50;3.32;1;1
9498;33186.71;50;3.32;1;1
9499;33186.71;50;3.32;1;1
9500;33186.71;50;3.32;1;1
9501;33186.71;50;3.32;1;1
9502;33186.71;50;3.32;1;1
9503;33186.71;50;3.32;1;1
9504;33186.71;50;3.32;1;1
9505;33186.71;50;3.32;1;1
9506;33186.71;50;3.32;1;1
9507;33186.71;50;3.32;1;1
9508;33186.71;50;3.32;1;1
9509;33186.71;50;3.32;1;1
9510;33186.71;50;3.32;1;1
9511;33186.71;50;3.32;1;1
9512;33186.71;50;3.32;1;1
9513;33186.71;50;3.32;1;1
9514;33186.71;50;3.32;1;1
9515;33186.71;50;3.32;1;1
9516;33186.71;50;3.32;1;1
9517;33186.71;50;3.32;1;1
9518;33186.71;50;3.32;1;1
9519;33186.71;50;3.32;1;1
9520;33186.71;50;3.32;1;1
9521;33186.71;50;3.32;1;1
9522;33186.71;50;3.32;1;1
9523;33186.71;50;3.32;1;1
9524;33186.71;50;3.32;1;1
9525;33186.71;50;3.32;1;1
9526;33186.71;50;3.32;1;1
9527;33186.71;50;3.32;1;1
9528;33186.71;50;3.32;1;1
9529;33186.71;50;3.32;1;1
9530;33186.71;50;3.32;1;1
9531;33186.71;50;3.32;1;1
9532;33186.71;50;3.32;1;1
9533;33186.71;50;3.32;1;1
9534;33186.71;50;3.32;1;1
9535;33186.71;50;3.32;1;1
9536;33186.71;50;3.32;1;1
9537;33235.58;50;3.32;1;1
9538;33186.71;50;3.32;1;1
9539;33186.71;50;3.32;1;1
9540;33186.71;50;3.32;1;1
9541;33186.71;50;3.32;1;1
9542;33186.71;50;3.32;1;1
9543;33186.71;50;3.32;1;1
9544;33186.71;50;3.32;1;1
9545;33186.71;50;3.32;1;1
9546;33235.58;50;3.32;1;1
9547;33235.58;50;3.32;1;1
9548;33186.71;50;3.32;1;1
9549;33186.71;50;3.32;1;1
9550;33186.71;50;3.32;1;1
9551;33186.71;50;3.32;1;1
9552;33186.71;50;3.32;1;1
9553;33186.71;50;3.32;1;1
9554;33186.71;50;3.32;1;1
9555;33235.58;50;3.32;1;1
9556;33186.71;50;3.32;1;1
9557;33186.71;50;3.32;1;1
9558;33186.71;50;3.32;1;1
9559;33186.71;50;3.32;1;1
9560;33186.71;50;3.32;1;1
9561;33186.71;50;3.32;1;1
9562;33186.71;50;3.32;1;1
9563;33186.71;50;3.32;1;1
9564;33186.71;50;3.32;1;1
9565;33186.71;50;3.32;1;1
9566;33186.71;50;3.32;1;1
9567;33186.71;50;3.32;1;1
9568;33186.71;50;3.32;1;1
9569;33186.71;50;3.32;1;1
9570;33186.71;50;3.32;1;1
9571;33186.71;50;3.32;1;1
9572;33186.71;50;3.32;1;1
9573;33235.58;50;3.32;1;1
9574;33186.71;50;3.32;1;1
9575;33186.71;50;3.32;1;1
9576;33186.71;50;3.32;1;1
9577;33186.71;50;3.32;1;1
9578;33235.58;50;3.32;1;1
9579;33186.71;50;3.32;1;1
9580;33186.71;50;3.32;1;1
9581;33186.71;50;3.32;1;1
9582;33186.71;50;3.32;1;1
9583;33186.71;50;3.32;1;1
9584;33186.71;50;3.32;1;1
9585;33186.71;50;3.32;1;1
9586;33186.71;50;3.32;1;1
9587;33186.71;50;3.32;1;1
9588;33186.71;50;3.32;1;1
9589;33186.71;50;3.32;1;1
9590;33186.71;50;3.32;1;1
9591;33186.71;50;3.32;1;1
9592;33186.71;50;3.32;1;1
9593;33186.71;50;3.32;1;1
9594;33186.71;50;3.32;1;1
9595;33186.71;50;3.32;1;1
9596;33186.71;50;3.32;1;1
9597;33186.71;50;3.32;1;1
9598;33186.71;50;3.32;1;1
9599;33186.71;50;3.32;1;1
9600;33186.71;50;3.32;1;1
9601;33186.71;50;3.32;1;1
9602;33186.71;50;3.32;1;1
9603;33186.71;50;3.32;1;1
9604;33186.71;50;3.32;1;1
9605;33186.71;50;3.32;1;1
9606;33186.71;50;3.32;1;1
9607;33186.71;50;3.32;1;1
9608;33186.71;50;3.32;1;1
9609;33186.71;50;3.32;1;1
9610;33186.71;50;3.32;1;1
9611;33186.71;50;3.32;1;1
9612;33186.71;50;3.32;1;1
9613;33186.71;50;3.32;1;1
9614;33186.71;50;3.32;1;1
9615;33186.71;50;3.32;1;1
9616;33186.71;50;3.32;1;1
9617;33186.71;50;3.32;1;1
9618;33186.71;50;3.32;1;1
9619;33186.71;50;3.32;1;1
9620;33186.71;50;3.32;1;1
9621;33186.71;50;3.32;1;1
9622;33186.71;50;3.32;1;1
9623;33186.71;50;3.32;1;1
9624;33186.71;50;3.32;1;1
9625;33186.71;50;3.32;1;1
9626;33186.71;50;3.32;1;1
9627;33186.71;50;3.32;1;1
9628;33186.71;50;3.32;1;1
9629;33186.71;50;3.32;1;1
9630;33186.71;50;3.32;1;1
9631;33186.71;50;3.32;1;1
9632;33186.71;50;3.32;1;1
9633;33186.71;50;3.32;1;1
9634;33186.71;50;3.32;1;1
9635;33186.71;50;3.32;1;1
9636;33186.71;50;3.32;1;1
9637;33186.71;50;3.32;1;1
9638;33186.71;50;3.32;1;1
9639;33186.71;50;3.32;1;1
9640;33186.71;50;3.32;1;1
9641;33186.71;50;3.32;1;1
9642;33186.71;50;3.32;1;1
9643;33186.71;50;3.32;1;1
9644;33186.71;50;3.32;1;1
9645;33186.71;50;3.32;1;1
9646;33186.71;50;3.32;1;1
9647;33186.71;50;3.32;1;1
9648;33186.71;50;3.32;1;1
9649;33186.71;50;3.32;1;1
9650;33186.71;50;3.32;1;1
9651;33186.71;50;3.32;1;1
9652;33186.71;50;3.32;1;1
9653;33186.71;50;3.32;1;1
9654;33186.71;50;3.32;1;1
9655;33186.71;50;3.32;1;1
9656;33186.71;50;3.32;1;1
9657;33186.71;50;3.32;1;1
9658;33186.71;50;3.32;1;1
9659;33186.71;50;3.32;1;1
9660;33186.71;50;3.32;1;1
9661;33186.71;50;3.32;1;1
9662;33186.71;50;3.32;1;1
9663;33186.71;50;3.32;1;1
9664;33186.71;50;3.32;1;1
9665;33186.71;50;3.32;1;1
9666;33186.71;50;3.32;1;1
9667;33186.71;50;3.32;1;1
9668;33186.71;50;3.32;1;1
9669;33186.71;50;3.32;1;1
9670;33186.71;50;3.32;1;1
9671;33186.71;50;3.32;1;1
9672;33186.71;50;3.32;1;1
9673;33186.71;50;3.32;1;1
9674;33186.71;50;3.32;1;1
9675;33186.71;50;3.32;1;1
9676;33186.71;50;3.32;1;1
9677;33186.71;50;3.32;1;1
9678;33186.71;50;3.32;1;1
9679;33186.71;50;3.32;1;1
9680;33186.71;50;3.32;1;1
9681;33186.71;50;3.32;1;1
9682;33186.71;50;3.32;1;1
9683;33186.71;50;3.32;1;1
9684;33186.71;50;3.32;1;1
9685;33186.71;50;3.32;1;1
9686;33186.71;50;3.32;1;1
9687;33186.71;50;3.32;1;1
9688;33186.71;50;3.32;1;1
9689;33186.71;50;3.32;1;1
9690;33186.71;50;3.32;1;1
9691;33186.71;50;3.32;1;1
9692;33186.71;50;3.32;1;1
9693;33186.71;50;3.32;1;1
9694;33186.71;50;3.32;1;1
9695;33186.71;50;3.32;1;1
9696;33186.71;50;3.32;1;1
9697;33186.71;50;3.32;1;1
9698;33186.71;50;3.32;1;1
9699;33186.71;50;3.32;1;1
9700;33186.71;50;3.32;1;1
9701;33186.71;50;3.32;1;1
9702;33186.71;50;3.32;1;1
9703;33186.71;50;3.32;1;1
9704;33186.71;50;3.32;1;1
9705;33186.71;50;3.32;1;1
9706;33186.71;50;3.32;1;1
9707;33186.71;50;3.32;1;1
9708;33235.58;50;3.32;1;1
9709;33235.58;50;3.32;1;1
9710;33186.71;50;3.32;1;1
9711;33186.71;50;3.32;1;1
9712;33186.71;50;3.32;1;1
9713;33186.71;50;3.32;1;1
9714;33186.71;50;3.32;1;1
9715;33186.71;50;3.32;1;1
9716;33186.71;50;3.32;1;1
9717;33186.71;50;3.32;1;1
9718;33186.71;50;3.32;1;1
9719;33186.71;50;3.32;1;1
9720;33186.71;50;3.32;1;1
9721;33186.71;50;3.32;1;1
9722;33186.71;50;3.32;1;1
9723;33186.71;50;3.32;1;1
9724;33186.71;50;3.32;1;1
9725;33186.71;50;3.32;1;1
9726;33186.71;50;3.32;1;1
9727;33186.71;50;3.32;1;1
9728;33186.71;50;3.32;1;1
9729;33186.71;50;3.32;1;1
9730;33186.71;50;3.32;1;1
9731;33186.71;50;3.32;1;1
9732;33186.71;50;3.32;1;1
9733;33186.71;50;3.32;1;1
9734;33186.71;50;3.32;1;1
9735;33186.71;50;3.32;1;1
9736;33186.71;50;3.32;1;1
9737;33186.71;50;3.32;1;1
9738;33186.71;50;3.32;1;1
9739;33186.71;50;3.32;1;1
9740;33186.71;50;3.32;1;1
9741;33186.71;50;3.32;1;1
9742;33186.71;50;3.32;1;1
9743;33186.71;50;3.32;1;1
9744;33186.71;50;3.32;1;1
9745;33186.71;50;3.32;1;1
9746;33186.71;50;3.32;1;1
9747;33186.71;50;3.32;1;1
9748;33186.71;50;3.32;1;1
9749;33186.71;50;3.32;1;1
9750;33186.71;50;3.32;1;1
9751;33186.71;50;3.32;1;1
9752;33186.71;50;3.32;1;1
9753;33186.71;50;3.32;1;1
9754;33186.71;50;3.32;1;1
9755;33186.71;50;3.32;1;1
9756;33186.71;50;3.32;1;1
9757;33186.71;50;3.32;1;1
9758;33186.71;50;3.32;1;1
9759;33186.71;50;3.32;1;1
9760;33186.71;50;3.32;1;1
9761;33186.71;50;3.32;1;1
9762;33186.71;50;3.32;1;1
9763;33186.71;50;3.32;1;1
9764;33235.58;50;3.32;1;1
9765;33186.71;50;3.32;1;1
9766;33186.71;50;3.32;1;1
9767;33235.58;50;3.32;1;1
9768;33186.71;50;3.32;1;1
9769;33186.71;50;3.32;1;1
9770;33186.71;50;3.32;1;1
9771;33186.71;50;3.32;1;1
9772;33186.71;50;3.32;1;1
9773;33186.71;50;3.32;1;1
9774;33186.71;50;3.32;1;1
9775;33186.71;50;3.32;1;1
9776;33186.71;50;3.32;1;1
9777;33186.71;50;3.32;1;1
9778;33186.71;50;3.32;1;1
9779;33186.71;50;3.32;1;1
9780;33186.71;50;3.32;1;1
9781;33186.71;50;3.32;1;1
9782;33186.71;50;3.32;1;1
9783;33186.71;50;3.32;1;1
9784;33186.71;50;3.32;1;1
9785;33186.71;50;3.32;1;1
9786;33186.71;50;3.32;1;1
9787;33235.58;50;3.32;1;1
9788;33186.71;50;3.32;1;1
9789;33186.71;50;3.32;1;1
9790;33186.71;50;3.32;1;1
9791;33186.71;50;3.32;1;1
9792;33186.71;50;3.32;1;1
9793;33235.58;50;3.32;1;1
9794;33186.71;50;3.32;1;1
9795;33235.58;50;3.32;1;1
9796;33186.71;50;3.32;1;1
9797;33186.71;50;3.32;1;1
9798;33186.71;50;3.32;1;1
9799;33186.71;50;3.32;1;1
9800;33186.71;50;3.32;1;1
9801;33186.71;50;3.32;1;1
9802;33186.71;50;3.32;1;1
9803;33186.71;50;3.32;1;1
9804;33186.71;50;3.32;1;1
9805;33186.71;50;3.32;1;1
9806;33186.71;50;3.32;1;1
9807;33186.71;50;3.32;1;1
9808;33186.71;50;3.32;1;1
9809;33186.71;50;3.32;1;1
9810;33186.71;50;3.32;1;1
9811;33186.71;50;3.32;1;1
9812;33186.71;50;3.32;1;1
9813;33186.71;50;3.32;1;1
9814;33186.71;50;3.32;1;1
9815;33186.71;50;3.32;1;1
9816;33186.71;50;3.32;1;1
9817;33186.71;50;3.32;1;1
9818;33186.71;50;3.32;1;1
9819;33186.71;50;3.32;1;1
9820;33186.71;50;3.32;1;1
9821;33186.71;50;3.32;1;1
9822;33186.71;50;3.32;1;1
9823;33186.71;50;3.32;1;1
9824;33186.71;50;3.32;1;1
9825;33186.71;50;3.32;1;1
9826;33186.71;50;3.32;1;1
9827;33186.71;50;3.32;1;1
9828;33186.71;50;3.32;1;1
9829;33186.71;50;3.32;1;1
9830;33186.71;50;3.32;1;1
9831;33186.71;50;3.32;1;1
9832;33186.71;50;3.32;1;1
9833;33186.71;50;3.32;1;1
9834;33186.71;50;3.32;1;1
9835;33186.71;50;3.32;1;1
9836;33186.71;50;3.32;1;1
9837;33186.71;50;3.32;1;1
9838;33186.71;50;3.32;1;1
9839;33235.58;50;3.32;1;1
9840;33186.71;50;3.32;1;1
9841;33186.71;50;3.32;1;1
9842;33186.71;50;3.32;1;1
9843;33186.71;50;3.32;1;1
9844;33186.71;50;3.32;1;1
9845;33186.71;50;3.32;1;1
9846;33186.71;50;3.32;1;1
9847;33186.71;50;3.32;1;1
9848;33186.71;50;3.32;1;1
9849;33186.71;50;3.32;1;1
9850;33186.71;50;3.32;1;1
9851;33186.71;50;3.32;1;1
9852;33186.71;50;3.32;1;1
9853;33186.71;50;3.32;1;1
9854;33186.71;50;3.32;1;1
9855;33186.71;50;3.32;1;1
9856;33186.71;50;3.32;1;1
9857;33186.71;50;3.32;1;1
9858;33186.71;50;3.32;1;1
9859;33186.71;50;3.32;1;1
9860;33186.71;50;3.32;1;1
9861;33186.71;50;3.32;1;1
9862;33186.71;50;3.32;1;1
9863;33186.71;50;3.32;1;1
9864;33186.71;50;3.32;1;1
9865;33186.71;50;3.32;1;1
9866;33186.71;50;3.32;1;1
9867;33186.71;50;3.32;1;1
9868;33186.71;50;3.32;1;1
9869;33186.71;50;3.32;1;1
9870;33186.71;50;3.32;1;1
9871;33186.71;50;3.32;1;1
9872;33186.71;50;3.32;1;1
9873;33186.71;50;3.32;1;1
9874;33186.71;50;3.32;1;1
9875;33186.71;50;3.32;1;1
9876;33186.71;50;3.32;1;1
9877;33186.71;50;3.32;1;1
9878;33186.71;50;3.32;1;1
9879;33186.71;50;3.32;1;1
9880;33186.71;50;3.32;1;1
9881;33235.58;50;3.32;1;1
9882;33186.71;50;3.32;1;1
9883;33186.71;50;3.32;1;1
9884;33186.71;50;3.32;1;1
9885;33235.58;50;3.32;1;1
9886;33186.71;50;3.32;1;1
9887;33186.71;50;3.32;1;1
9888;33186.71;50;3.32;1;1
9889;33186.71;50;3.32;1;1
9890;33186.71;50;3.32;1;1
9891;33186.71;50;3.32;1;1
9892;33186.71;50;3.32;1;1
9893;33186.71;50;3.32;1;1
9894;33186.71;50;3.32;1;1
9895;33186.71;50;3.32;1;1
9896;33186.71;50;3.32;1;1
9897;33235.58;50;3.32;1;1
9898;33186.71;50;3.32;1;1
9899;33186.71;50;3.32;1;1
9900;33186.71;50;3.32;1;1
9901;33186.71;50;3.32;1;1
9902;33186.71;50;3.32;1;1
9903;33186.71;50;3.32;1;1
9904;33186.71;50;3.32;1;1
9905;33186.71;50;3.32;1;1
9906;33186.71;50;3.32;1;1
9907;33186.71;50;3.32;1;1
9908;33186.71;50;3.32;1;1
9909;33186.71;50;3.32;1;1
9910;33186.71;50;3.32;1;1
9911;33186.71;50;3.32;1;1
9912;33186.71;50;3.32;1;1
9913;33186.71;50;3.32;1;1
9914;33186.71;50;3.32;1;1
9915;33186.71;50;3.32;1;1
9916;33235.58;50;3.32;1;1
9917;33186.71;50;3.32;1;1
9918;33186.71;50;3.32;1;1
9919;33186.71;50;3.32;1;1
9920;33186.71;50;3.32;1;1
9921;33186.71;50;3.32;1;1
9922;33186.71;50;3.32;1;1
9923;33186.71;50;3.32;1;1
9924;33186.71;50;3.32;1;1
9925;33186.71;50;3.32;1;1
9926;33186.71;50;3.32;1;1
9927;33186.71;50;3.32;1;1
9928;33235.58;50;3.32;1;1
9929;33186.71;50;3.32;1;1
9930;33186.71;50;3.32;1;1
9931;33235.58;50;3.32;1;1
9932;33186.71;50;3.32;1;1
9933;33186.71;50;3.32;1;1
9934;33186.71;50;3.32;1;1
9935;33186.71;50;3.32;1;1
9936;33186.71;50;3.32;1;1
9937;33186.71;50;3.32;1;1
9938;33186.71;50;3.32;1;1
9939;33186.71;50;3.32;1;1
9940;33186.71;50;3.32;1;1
9941;33186.71;50;3.32;1;1
9942;33186.71;50;3.32;1;1
9943;33186.71;50;3.32;1;1
9944;33186.71;50;3.32;1;1
9945;33186.71;50;3.32;1;1
9946;33186.71;50;3.32;1;1
9947;33186.71;50;3.32;1;1
9948;33186.71;50;3.32;1;1
9949;33186.71;50;3.32;1;1
9950;33186.71;50;3.32;1;1
9951;33186.71;50;3.32;1;1
9952;33186.71;50;3.32;1;1
9953;33186.71;50;3.32;1;1
9954;33186.71;50;3.32;1;1
9955;33186.71;50;3.32;1;1
9956;33235.58;50;3.32;1;1
9957;33186.71;50;3.32;1;1
9958;33186.71;50;3.32;1;1
9959;33186.71;50;3.32;1;1
9960;33186.71;50;3.32;1;1
9961;33186.71;50;3.32;1;1
9962;33186.71;50;3.32;1;1
9963;33186.71;50;3.32;1;1
9964;33186.71;50;3.32;1;1
9965;33186.71;50;3.32;1;1
9966;33186.71;50;3.32;1;1
9967;33186.71;50;3.32;1;1
9968;33186.71;50;3.32;1;1
9969;33186.71;50;3.32;1;1
9970;33186.71;50;3.32;1;1
9971;33186.71;50;3.32;1;1
9972;33186.71;50;3.32;1;1
9973;33186.71;50;3.32;1;1
9974;33186.71;50;3.32;1;1
9975;33186.71;50;3.32;1;1
9976;33186.71;50;3.32;1;1
9977;33186.71;50;3.32;1;1
9978;33186.71;50;3.32;1;1
9979;33186.71;50;3.32;1;1
9980;33235.58;50;3.32;1;1
9981;33235.58;50;3.32;1;1
9982;33235.58;50;3.32;1;1
9983;33235.58;50;3.32;1;1
9984;33186.71;50;3.32;1;1
9985;33186.71;50;3.32;1;1
9986;33186.71;50;3.32;1;1
9987;33186.71;50;3.32;1;1
9988;33186.71;50;3.32;1;1
9989;33186.71;50;3.32;1;1
9990;33186.71;50;3.32;1;1
9991;33186.71;50;3.32;1;1
9992;33186.71;50;3.32;1;1
9993;33186.71;50;3.32;1;1
9994;33186.71;50;3.32;1;1
9995;33186.71;50;3.32;1;1
9996;33186.71;50;3.32;1;1
9997;33186.71;50;3.32;1;1
9998;33235.58;50;3.32;1;1
9999;33235.58;50;3.32;1;1
10000;33186.71;50;3.32;1;1
10001;33186.71;50;3.32;1;1
10002;33186.71;50;3.32;1;1
10003;33186.71;50;3.32;1;1
10004;33186.71;50;3.32;1;1
10005;33186.71;50;3.32;1;1
10006;33186.71;50;3.32;1;1
10007;33186.71;50;3.32;1;1
10008;33186.71;50;3.32;1;1
10009;33186.71;50;3.32;1;1
10010;33186.71;50;3.32;1;1
10011;33186.71;50;3.32;1;1
10012;33235.58;50;3.32;1;1
10013;33186.71;50;3.32;1;1
10014;33186.71;50;3.32;1;1
10015;33186.71;50;3.32;1;1
10016;33186.71;50;3.32;1;1
10017;33235.58;50;3.32;1;1
10018;33186.71;50;3.32;1;1
10019;33186.71;50;3.32;1;1
10020;33186.71;50;3.32;1;1
10021;33186.71;50;3.32;1;1
10022;33186.71;50;3.32;1;1
10023;33186.71;50;3.32;1;1
10024;33235.58;50;3.32;1;1
10025;33186.71;50;3.32;1;1
10026;33186.71;50;3.32;1;1
10027;33186.71;50;3.32;1;1
10028;33186.71;50;3.32;1;1
10029;33186.71;50;3.32;1;1
10030;33186.71;50;3.32;1;1
10031;33186.71;50;3.32;1;1
10032;33186.71;50;3.32;1;1
10033;33186.71;50;3.32;1;1
10034;33186.71;50;3.32;1;1
10035;33186.71;50;3.32;1;1
10036;33186.71;50;3.32;1;1
10037;33186.71;50;3.32;1;1
10038;33235.58;50;3.32;1;1
10039;33186.71;50;3.32;1;1
10040;33186.71;50;3.32;1;1
10041;33186.71;50;3.32;1;1
10042;33186.71;50;3.32;1;1
10043;33186.71;50;3.32;1;1
10044;33186.71;50;3.32;1;1
10045;33186.71;50;3.32;1;1
10046;33235.58;50;3.32;1;1
10047;33186.71;50;3.32;1;1
10048;33186.71;50;3.32;1;1
10049;33186.71;50;3.32;1;1
10050;33186.71;50;3.32;1;1
10051;33186.71;50;3.32;1;1
10052;33235.58;50;3.32;1;1
10053;33186.71;50;3.32;1;1
10054;33186.71;50;3.32;1;1
10055;33186.71;50;3.32;1;1
10056;33186.71;50;3.32;1;1
10057;33186.71;50;3.32;1;1
10058;33186.71;50;3.32;1;1
10059;33186.71;50;3.32;1;1
10060;33235.58;50;3.32;1;1
10061;33186.71;50;3.32;1;1
10062;33186.71;50;3.32;1;1
10063;33186.71;50;3.32;1;1
10064;33186.71;50;3.32;1;1
10065;33186.71;50;3.32;1;1
10066;33186.71;50;3.32;1;1
10067;33186.71;50;3.32;1;1
10068;33186.71;50;3.32;1;1
10069;33186.71;50;3.32;1;1
10070;33235.58;50;3.32;1;1
10071;33186.71;50;3.32;1;1
10072;33186.71;50;3.32;1;1
10073;33186.71;50;3.32;1;1
10074;33186.71;50;3.32;1;1
10075;33186.71;50;3.32;1;1
10076;33186.71;50;3.32;1;1
10077;33186.71;50;3.32;1;1
10078;33186.71;50;3.32;1;1
10079;33186.71;50;3.32;1;1
10080;33186.71;50;3.32;1;1
10081;33186.71;50;3.32;1;1
10082;33186.71;50;3.32;1;1
10083;33186.71;50;3.32;1;1
10084;33186.71;50;3.32;1;1
10085;33186.71;50;3.32;1;1
10086;33186.71;50;3.32;1;1
10087;33186.71;50;3.32;1;1
10088;33186.71;50;3.32;1;1
10089;33235.58;50;3.32;1;1
10090;33186.71;50;3.32;1;1
10091;33186.71;50;3.32;1;1
10092;33186.71;50;3.32;1;1
10093;33186.71;50;3.32;1;1
10094;33186.71;50;3.32;1;1
10095;33186.71;50;3.32;1;1
10096;33186.71;50;3.32;1;1
10097;33186.71;50;3.32;1;1
10098;33186.71;50;3.32;1;1
10099;33186.71;50;3.32;1;1
10100;33186.71;50;3.32;1;1
10101;33186.71;50;3.32;1;1
10102;33186.71;50;3.32;1;1
10103;33186.71;50;3.32;1;1
10104;33186.71;50;3.32;1;1
10105;33186.71;50;3.32;1;1
10106;33186.71;50;3.32;1;1
10107;33186.71;50;3.32;1;1
10108;33186.71;50;3.32;1;1
10109;33186.71;50;3.32;1;1
10110;33186.71;50;3.32;1;1
10111;33186.71;50;3.32;1;1
10112;33186.71;50;3.32;1;1
10113;33235.58;50;3.32;1;1
10114;33186.71;50;3.32;1;1
10115;33186.71;50;3.32;1;1
10116;33186.71;50;3.32;1;1
10117;33186.71;50;3.32;1;1
10118;33186.71;50;3.32;1;1
10119;33186.71;50;3.32;1;1
10120;33186.71;50;3.32;1;1
10121;33186.71;50;3.32;1;1
10122;33186.71;50;3.32;1;1
10123;33186.71;50;3.32;1;1
10124;33186.71;50;3.32;1;1
10125;33186.71;50;3.32;1;1
10126;33186.71;50;3.32;1;1
10127;33235.58;50;3.32;1;1
10128;33186.71;50;3.32;1;1
10129;33186.71;50;3.32;1;1
10130;33186.71;50;3.32;1;1
10131;33186.71;50;3.32;1;1
10132;33186.71;50;3.32;1;1
10133;33186.71;50;3.32;1;1
10134;33186.71;50;3.32;1;1
10135;33186.71;50;3.32;1;1
10136;33186.71;50;3.32;1;1
10137;33186.71;50;3.32;1;1
10138;33186.71;50;3.32;1;1
10139;33186.71;50;3.32;1;1
10140;33186.71;50;3.32;1;1
10141;33186.71;50;3.32;1;1
10142;33186.71;50;3.32;1;1
10143;33186.71;50;3.32;1;1
10144;33186.71;50;3.32;1;1
10145;33186.71;50;3.32;1;1
10146;33186.71;50;3.32;1;1
10147;33186.71;50;3.32;1;1
10148;33186.71;50;3.32;1;1
10149;33186.71;50;3.32;1;1
10150;33186.71;50;3.32;1;1
10151;33235.58;50;3.32;1;1
10152;33186.71;50;3.32;1;1
10153;33186.71;50;3.32;1;1
10154;33186.71;50;3.32;1;1
10155;33186.71;50;3.32;1;1
10156;33186.71;50;3.32;1;1
10157;33186.71;50;3.32;1;1
10158;33186.71;50;3.32;1;1
10159;33186.71;50;3.32;1;1
10160;33186.71;50;3.32;1;1
10161;33186.71;50;3.32;1;1
10162;33186.71;50;3.32;1;1
10163;33186.71;50;3.32;1;1
10164;33186.71;50;3.32;1;1
10165;33186.71;50;3.32;1;1
10166;33186.71;50;3.32;1;1
10167;33186.71;50;3.32;1;1
10168;33186.71;50;3.32;1;1
10169;33186.71;50;3.32;1;1
10170;33186.71;50;3.32;1;1
10171;33186.71;50;3.32;1;1
10172;33186.71;50;3.32;1;1
10173;33186.71;50;3.32;1;1
10174;33186.71;50;3.32;1;1
10175;33186.71;50;3.32;1;1
10176;33186.71;50;3.32;1;1
10177;33186.71;50;3.32;1;1
10178;33186.71;50;3.32;1;1
10179;33186.71;50;3.32;1;1
10180;33186.71;50;3.32;1;1
10181;33186.71;50;3.32;1;1
10182;33186.71;50;3.32;1;1
10183;33186.71;50;3.32;1;1
10184;33186.71;50;3.32;1;1
10185;33186.71;50;3.32;1;1
10186;33186.71;50;3.32;1;1
10187;33235.58;50;3.32;1;1
10188;33186.71;50;3.32;1;1
10189;33186.71;50;3.32;1;1
10190;33186.71;50;3.32;1;1
10191;33186.71;50;3.32;1;1
10192;33186.71;50;3.32;1;1
10193;33186.71;50;3.32;1;1
10194;33186.71;50;3.32;1;1
10195;33186.71;50;3.32;1;1
10196;33186.71;50;3.32;1;1
10197;33186.71;50;3.32;1;1
10198;33186.71;50;3.32;1;1
10199;33186.71;50;3.32;1;1
10200;33186.71;50;3.32;1;1
10201;33186.71;50;3.32;1;1
10202;33186.71;50;3.32;1;1
10203;33186.71;50;3.32;1;1
10204;33186.71;50;3.32;1;1
10205;33186.71;50;3.32;1;1
10206;33186.71;50;3.32;1;1
10207;33186.71;50;3.32;1;1
10208;33186.71;50;3.32;1;1
10209;33186.71;50;3.32;1;1
10210;33186.71;50;3.32;1;1
10211;33186.71;50;3.32;1;1
10212;33186.71;50;3.32;1;1
10213;33186.71;50;3.32;1;1
10214;33186.71;50;3.32;1;1
10215;33186.71;50;3.32;1;1
10216;33186.71;50;3.32;1;1
10217;33186.71;50;3.32;1;1
10218;33186.71;50;3.32;1;1
10219;33186.71;50;3.32;1;1
10220;33186.71;50;3.32;1;1
10221;33186.71;50;3.32;1;1
10222;33186.71;50;3.32;1;1
10223;33186.71;50;3.32;1;1
10224;33186.71;50;3.32;1;1
10225;33186.71;50;3.32;1;1
10226;33186.71;50;3.32;1;1
10227;33186.71;50;3.32;1;1
10228;33186.71;50;3.32;1;1
10229;33186.71;50;3.32;1;1
10230;33186.71;50;3.32;1;1
10231;33186.71;50;3.32;1;1
10232;33186.71;50;3.32;1;1
10233;33186.71;50;3.32;1;1
10234;33186.71;50;3.32;1;1
10235;33186.71;50;3.32;1;1
10236;33186.71;50;3.32;1;1
10237;33186.71;50;3.32;1;1
10238;33186.71;50;3.32;1;1
10239;33186.71;50;3.32;1;1
10240;33186.71;50;3.32;1;1
10241;33186.71;50;3.32;1;1
10242;33186.71;50;3.32;1;1
10243;33186.71;50;3.32;1;1
10244;33186.71;50;3.32;1;1
10245;33186.71;50;3.32;1;1
10246;33186.71;50;3.32;1;1
10247;33186.71;50;3.32;1;1
10248;33235.58;50;3.32;1;1
10249;33186.71;50;3.32;1;1
10250;33235.58;50;3.32;1;1
10251;33186.71;50;3.32;1;1
10252;33186.71;50;3.32;1;1
10253;33186.71;50;3.32;1;1
10254;33186.71;50;3.32;1;1
10255;33186.71;50;3.32;1;1
10256;33186.71;50;3.32;1;1
10257;33186.71;50;3.32;1;1
10258;33186.71;50;3.32;1;1
10259;33186.71;50;3.32;1;1
10260;33235.58;50;3.32;1;1
10261;33186.71;50;3.32;1;1
10262;33186.71;50;3.32;1;1
10263;33186.71;50;3.32;1;1
10264;33186.71;50;3.32;1;1
10265;33186.71;50;3.32;1;1
10266;33186.71;50;3.32;1;1
10267;33186.71;50;3.32;1;1
10268;33186.71;50;3.32;1;1
10269;33186.71;50;3.32;1;1
10270;33186.71;50;3.32;1;1
10271;33186.71;50;3.32;1;1
10272;33186.71;50;3.32;1;1
10273;33186.71;50;3.32;1;1
10274;33186.71;50;3.32;1;1
10275;33186.71;50;3.32;1;1
10276;33186.71;50;3.32;1;1
10277;33186.71;50;3.32;1;1
10278;33186.71;50;3.32;1;1
10279;33186.71;50;3.32;1;1
10280;33186.71;50;3.32;1;1
10281;33186.71;50;3.32;1;1
10282;33186.71;50;3.32;1;1
10283;33186.71;50;3.32;1;1
10284;33186.71;50;3.32;1;1
10285;33186.71;50;3.32;1;1
10286;33186.71;50;3.32;1;1
10287;33186.71;50;3.32;1;1
10288;33186.71;50;3.32;1;1
10289;33186.71;50;3.32;1;1
10290;33186.71;50;3.32;1;1
10291;33235.58;50;3.32;1;1
10292;33186.71;50;3.32;1;1
10293;33186.71;50;3.32;1;1
10294;33186.71;50;3.32;1;1
10295;33186.71;50;3.32;1;1
10296;33186.71;50;3.32;1;1
10297;33186.71;50;3.32;1;1
10298;33186.71;50;3.32;1;1
10299;33186.71;50;3.32;1;1
10300;33186.71;50;3.32;1;1
10301;33186.71;50;3.32;1;1
10302;33186.71;50;3.32;1;1
10303;33186.71;50;3.32;1;1
10304;33186.71;50;3.32;1;1
10305;33235.58;50;3.32;1;1
10306;33186.71;50;3.32;1;1
10307;33186.71;50;3.32;1;1
10308;33186.71;50;3.32;1;1
10309;33186.71;50;3.32;1;1
10310;33186.71;50;3.32;1;1
10311;33186.71;50;3.32;1;1
10312;33186.71;50;3.32;1;1
10313;33186.71;50;3.32;1;1
10314;33186.71;50;3.32;1;1
10315;33186.71;50;3.32;1;1
10316;33186.71;50;3.32;1;1
10317;33186.71;50;3.32;1;1
10318;33186.71;50;3.32;1;1
10319;33186.71;50;3.32;1;1
10320;33235.58;50;3.32;1;1
10321;33186.71;50;3.32;1;1
10322;33186.71;50;3.32;1;1
10323;33186.71;50;3.32;1;1
10324;33186.71;50;3.32;1;1
10325;33186.71;50;3.32;1;1
10326;33186.71;50;3.32;1;1
10327;33186.71;50;3.32;1;1
10328;33186.71;50;3.32;1;1
10329;33186.71;50;3.32;1;1
10330;33186.71;50;3.32;1;1
10331;33186.71;50;3.32;1;1
10332;33186.71;50;3.32;1;1
10333;33186.71;50;3.32;1;1
10334;33186.71;50;3.32;1;1
10335;33186.71;50;3.32;1;1
10336;33186.71;50;3.32;1;1
10337;33235.58;50;3.32;1;1
10338;33186.71;50;3.32;1;1
10339;33186.71;50;3.32;1;1
10340;33186.71;50;3.32;1;1
10341;33186.71;50;3.32;1;1
10342;33186.71;50;3.32;1;1
10343;33186.71;50;3.32;1;1
10344;33186.71;50;3.32;1;1
10345;33186.71;50;3.32;1;1
10346;33186.71;50;3.32;1;1
10347;33186.71;50;3.32;1;1
10348;33186.71;50;3.32;1;1
10349;33186.71;50;3.32;1;1
10350;33186.71;50;3.32;1;1
10351;33186.71;50;3.32;1;1
10352;33186.71;50;3.32;1;1
10353;33186.71;50;3.32;1;1
10354;33235.58;50;3.32;1;1
10355;33186.71;50;3.32;1;1
10356;33186.71;50;3.32;1;1
10357;33186.71;50;3.32;1;1
10358;33186.71;50;3.32;1;1
10359;33186.71;50;3.32;1;1
10360;33186.71;50;3.32;1;1
10361;33186.71;50;3.32;1;1
10362;33186.71;50;3.32;1;1
10363;33186.71;50;3.32;1;1
10364;33186.71;50;3.32;1;1
10365;33186.71;50;3.32;1;1
10366;33186.71;50;3.32;1;1
10367;33186.71;50;3.32;1;1
10368;33186.71;50;3.32;1;1
10369;33186.71;50;3.32;1;1
10370;33186.71;50;3.32;1;1
10371;33186.71;50;3.32;1;1
10372;33186.71;50;3.32;1;1
10373;33186.71;50;3.32;1;1
10374;33186.71;50;3.32;1;1
10375;33186.71;50;3.32;1;1
10376;33186.71;50;3.32;1;1
10377;33186.71;50;3.32;1;1
10378;33186.71;50;3.32;1;1
10379;33186.71;50;3.32;1;1
10380;33186.71;50;3.32;1;1
10381;33186.71;50;3.32;1;1
10382;33186.71;50;3.32;1;1
10383;33235.58;50;3.32;1;1
10384;33186.71;50;3.32;1;1
10385;33186.71;50;3.32;1;1
10386;33186.71;50;3.32;1;1
10387;33186.71;50;3.32;1;1
10388;33186.71;50;3.32;1;1
10389;33186.71;50;3.32;1;1
10390;33186.71;50;3.32;1;1
10391;33186.71;50;3.32;1;1
10392;33186.71;50;3.32;1;1
10393;33186.71;50;3.32;1;1
10394;33186.71;50;3.32;1;1
10395;33186.71;50;3.32;1;1
10396;33186.71;50;3.32;1;1
10397;33186.71;50;3.32;1;1
10398;33186.71;50;3.32;1;1
10399;33186.71;50;3.32;1;1
10400;33186.71;50;3.32;1;1
10401;33186.71;50;3.32;1;1
10402;33186.71;50;3.32;1;1
10403;33186.71;50;3.32;1;1
10404;33186.71;50;3.32;1;1
10405;33186.71;50;3.32;1;1
10406;33186.71;50;3.32;1;1
10407;33186.71;50;3.32;1;1
10408;33186.71;50;3.32;1;1
10409;33186.71;50;3.32;1;1
10410;33186.71;50;3.32;1;1
10411;33186.71;50;3.32;1;1
10412;33186.71;50;3.32;1;1
10413;33186.71;50;3.32;1;1
10414;33186.71;50;3.32;1;1
10415;33186.71;50;3.32;1;1
10416;33235.58;50;3.32;1;1
10417;33186.71;50;3.32;1;1
10418;33186.71;50;3.32;1;1
10419;33186.71;50;3.32;1;1
10420;33186.71;50;3.32;1;1
10421;33186.71;50;3.32;1;1
10422;33186.71;50;3.32;1;1
10423;33186.71;50;3.32;1;1
10424;33186.71;50;3.32;1;1
10425;33186.71;50;3.32;1;1
10426;33186.71;50;3.32;1;1
10427;33186.71;50;3.32;1;1
10428;33186.71;50;3.32;1;1
10429;33186.71;50;3.32;1;1
10430;33186.71;50;3.32;1;1
10431;33186.71;50;3.32;1;1
10432;33186.71;50;3.32;1;1
10433;33186.71;50;3.32;1;1
10434;33186.71;50;3.32;1;1
10435;33186.71;50;3.32;1;1
10436;33186.71;50;3.32;1;1
10437;33186.71;50;3.32;1;1
10438;33186.71;50;3.32;1;1
10439;33186.71;50;3.32;1;1
10440;33186.71;50;3.32;1;1
10441;33186.71;50;3.32;1;1
10442;33186.71;50;3.32;1;1
10443;33186.71;50;3.32;1;1
10444;33186.71;50;3.32;1;1
10445;33186.71;50;3.32;1;1
10446;33186.71;50;3.32;1;1
10447;33186.71;50;3.32;1;1
10448;33186.71;50;3.32;1;1
10449;33186.71;50;3.32;1;1
10450;33186.71;50;3.32;1;1
10451;33186.71;50;3.32;1;1
10452;33186.71;50;3.32;1;1
10453;33186.71;50;3.32;1;1
10454;33186.71;50;3.32;1;1
10455;33186.71;50;3.32;1;1
10456;33186.71;50;3.32;1;1
10457;33186.71;50;3.32;1;1
10458;33186.71;50;3.32;1;1
10459;33186.71;50;3.32;1;1
10460;33186.71;50;3.32;1;1
10461;33186.71;50;3.32;1;1
10462;33186.71;50;3.32;1;1
10463;33186.71;50;3.32;1;1
10464;33186.71;50;3.32;1;1
10465;33186.71;50;3.32;1;1
10466;33186.71;50;3.32;1;1
10467;33186.71;50;3.32;1;1
10468;33186.71;50;3.32;1;1
10469;33186.71;50;3.32;1;1
10470;33186.71;50;3.32;1;1
10471;33186.71;50;3.32;1;1
10472;33186.71;50;3.32;1;1
10473;33186.71;50;3.32;1;1
10474;33186.71;50;3.32;1;1
10475;33186.71;50;3.32;1;1
10476;33186.71;50;3.32;1;1
10477;33186.71;50;3.32;1;1
10478;33186.71;50;3.32;1;1
10479;33186.71;50;3.32;1;1
10480;33186.71;50;3.32;1;1
10481;33186.71;50;3.32;1;1
10482;33186.71;50;3.32;1;1
10483;33186.71;50;3.32;1;1
10484;33186.71;50;3.32;1;1
10485;33186.71;50;3.32;1;1
10486;33186.71;50;3.32;1;1
10487;33186.71;50;3.32;1;1
10488;33186.71;50;3.32;1;1
10489;33186.71;50;3.32;1;1
10490;33186.71;50;3.32;1;1
10491;33186.71;50;3.32;1;1
10492;33186.71;50;3.32;1;1
10493;33186.71;50;3.32;1;1
10494;33186.71;50;3.32;1;1
10495;33186.71;50;3.32;1;1
10496;33186.71;50;3.32;1;1
10497;33186.71;50;3.32;1;1
10498;33186.71;50;3.32;1;1
10499;33186.71;50;3.32;1;1
10500;33186.71;50;3.32;1;1
10501;33186.71;50;3.32;1;1
10502;33186.71;50;3.32;1;1
10503;33186.71;50;3.32;1;1
10504;33186.71;50;3.32;1;1
10505;33186.71;50;3.32;1;1
10506;33186.71;50;3.32;1;1
10507;33186.71;50;3.32;1;1
10508;33186.71;50;3.32;1;1
10509;33186.71;50;3.32;1;1
10510;33186.71;50;3.32;1;1
10511;33186.71;50;3.32;1;1
10512;33235.58;50;3.32;1;1
10513;33186.71;50;3.32;1;1
10514;33186.71;50;3.32;1;1
10515;33186.71;50;3.32;1;1
10516;33186.71;50;3.32;1;1
10517;33186.71;50;3.32;1;1
10518;33186.71;50;3.32;1;1
10519;33186.71;50;3.32;1;1
10520;33186.71;50;3.32;1;1
10521;33186.71;50;3.32;1;1
10522;33186.71;50;3.32;1;1
10523;33186.71;50;3.32;1;1
10524;33186.71;50;3.32;1;1
10525;33186.71;50;3.32;1;1
10526;33186.71;50;3.32;1;1
10527;33186.71;50;3.32;1;1
10528;33186.71;50;3.32;1;1
10529;33186.71;50;3.32;1;1
10530;33186.71;50;3.32;1;1
10531;33186.71;50;3.32;1;1
10532;33186.71;50;3.32;1;1
10533;33186.71;50;3.32;1;1
10534;33186.71;50;3.32;1;1
10535;33186.71;50;3.32;1;1
10536;33186.71;50;3.32;1;1
10537;33186.71;50;3.32;1;1
10538;33186.71;50;3.32;1;1
10539;33186.71;50;3.32;1;1
10540;33186.71;50;3.32;1;1
10541;33186.71;50;3.32;1;1
10542;33186.71;50;3.32;1;1
10543;33186.71;50;3.32;1;1
10544;33186.71;50;3.32;1;1
10545;33186.71;50;3.32;1;1
10546;33235.58;50;3.32;1;1
10547;33186.71;50;3.32;1;1
10548;33186.71;50;3.32;1;1
10549;33186.71;50;3.32;1;1
10550;33186.71;50;3.32;1;1
10551;33186.71;50;3.32;1;1
10552;33186.71;50;3.32;1;1
10553;33186.71;50;3.32;1;1
10554;33186.71;50;3.32;1;1
10555;33186.71;50;3.32;1;1
10556;33186.71;50;3.32;1;1
10557;33186.71;50;3.32;1;1
10558;33186.71;50;3.32;1;1
10559;33186.71;50;3.32;1;1
10560;33186.71;50;3.32;1;1
10561;33186.71;50;3.32;1;1
10562;33186.71;50;3.32;1;1
10563;33186.71;50;3.32;1;1
10564;33186.71;50;3.32;1;1
10565;33186.71;50;3.32;1;1
10566;33186.71;50;3.32;1;1
10567;33186.71;50;3.32;1;1
10568;33186.71;50;3.32;1;1
10569;33186.71;50;3.32;1;1
10570;33186.71;50;3.32;1;1
10571;33186.71;50;3.32;1;1
10572;33186.71;50;3.32;1;1
10573;33186.71;50;3.32;1;1
10574;33186.71;50;3.32;1;1
10575;33186.71;50;3.32;1;1
10576;33186.71;50;3.32;1;1
10577;33186.71;50;3.32;1;1
10578;33186.71;50;3.32;1;1
10579;33186.71;50;3.32;1;1
10580;33186.71;50;3.32;1;1
10581;33186.71;50;3.32;1;1
10582;33186.71;50;3.32;1;1
10583;33186.71;50;3.32;1;1
10584;33186.71;50;3.32;1;1
10585;33186.71;50;3.32;1;1
10586;33186.71;50;3.32;1;1
10587;33186.71;50;3.32;1;1
10588;33186.71;50;3.32;1;1
10589;33186.71;50;3.32;1;1
10590;33186.71;50;3.32;1;1
10591;33186.71;50;3.32;1;1
10592;33186.71;50;3.32;1;1
10593;33186.71;50;3.32;1;1
10594;33186.71;50;3.32;1;1
10595;33186.71;50;3.32;1;1
10596;33186.71;50;3.32;1;1
10597;33186.71;50;3.32;1;1
10598;33186.71;50;3.32;1;1
10599;33186.71;50;3.32;1;1
10600;33186.71;50;3.32;1;1
10601;33186.71;50;3.32;1;1
10602;33186.71;50;3.32;1;1
10603;33186.71;50;3.32;1;1
10604;33186.71;50;3.32;1;1
10605;33186.71;50;3.32;1;1
10606;33186.71;50;3.32;1;1
10607;33186.71;50;3.32;1;1
10608;33186.71;50;3.32;1;1
10609;33186.71;50;3.32;1;1
10610;33186.71;50;3.32;1;1
10611;33186.71;50;3.32;1;1
10612;33186.71;50;3.32;1;1
10613;33186.71;50;3.32;1;1
10614;33186.71;50;3.32;1;1
10615;33186.71;50;3.32;1;1
10616;33186.71;50;3.32;1;1
10617;33186.71;50;3.32;1;1
10618;33186.71;50;3.32;1;1
10619;33186.71;50;3.32;1;1
10620;33186.71;50;3.32;1;1
10621;33186.71;50;3.32;1;1
10622;33186.71;50;3.32;1;1
10623;33186.71;50;3.32;1;1
10624;33186.71;50;3.32;1;1
10625;33235.58;50;3.32;1;1
10626;33186.71;50;3.32;1;1
10627;33186.71;50;3.32;1;1
10628;33186.71;50;3.32;1;1
10629;33186.71;50;3.32;1;1
10630;33186.71;50;3.32;1;1
10631;33186.71;50;3.32;1;1
10632;33186.71;50;3.32;1;1
10633;33186.71;50;3.32;1;1
10634;33186.71;50;3.32;1;1
10635;33186.71;50;3.32;1;1
10636;33186.71;50;3.32;1;1
10637;33186.71;50;3.32;1;1
10638;33186.71;50;3.32;1;1
10639;33235.58;50;3.32;1;1
10640;33186.71;50;3.32;1;1
10641;33186.71;50;3.32;1;1
10642;33186.71;50;3.32;1;1
10643;33186.71;50;3.32;1;1
10644;33186.71;50;3.32;1;1
10645;33186.71;50;3.32;1;1
10646;33186.71;50;3.32;1;1
10647;33186.71;50;3.32;1;1
10648;33186.71;50;3.32;1;1
10649;33186.71;50;3.32;1;1
10650;33186.71;50;3.32;1;1
10651;33186.71;50;3.32;1;1
10652;33186.71;50;3.32;1;1
10653;33186.71;50;3.32;1;1
10654;33186.71;50;3.32;1;1
10655;33186.71;50;3.32;1;1
10656;33186.71;50;3.32;1;1
10657;33186.71;50;3.32;1;1
10658;33186.71;50;3.32;1;1
10659;33186.71;50;3.32;1;1
10660;33186.71;50;3.32;1;1
10661;33186.71;50;3.32;1;1
10662;33186.71;50;3.32;1;1
10663;33186.71;50;3.32;1;1
10664;33186.71;50;3.32;1;1
10665;33186.71;50;3.32;1;1
10666;33186.71;50;3.32;1;1
10667;33186.71;50;3.32;1;1
10668;33186.71;50;3.32;1;1
10669;33186.71;50;3.32;1;1
10670;33186.71;50;3.32;1;1
10671;33186.71;50;3.32;1;1
10672;33186.71;50;3.32;1;1
10673;33186.71;50;3.32;1;1
10674;33186.71;50;3.32;1;1
10675;33186.71;50;3.32;1;1
10676;33186.71;50;3.32;1;1
10677;33235.58;50;3.32;1;1
10678;33186.71;50;3.32;1;1
10679;33186.71;50;3.32;1;1
10680;33186.71;50;3.32;1;1
10681;33186.71;50;3.32;1;1
10682;33186.71;50;3.32;1;1
10683;33186.71;50;3.32;1;1
10684;33186.71;50;3.32;1;1
10685;33186.71;50;3.32;1;1
10686;33186.71;50;3.32;1;1
10687;33186.71;50;3.32;1;1
10688;33186.71;50;3.32;1;1
10689;33186.71;50;3.32;1;1
10690;33186.71;50;3.32;1;1
10691;33186.71;50;3.32;1;1
10692;33186.71;50;3.32;1;1
10693;33186.71;50;3.32;1;1
10694;33186.71;50;3.32;1;1
10695;33186.71;50;3.32;1;1
10696;33186.71;50;3.32;1;1
10697;33186.71;50;3.32;1;1
10698;33186.71;50;3.32;1;1
10699;33186.71;50;3.32;1;1
10700;33186.71;50;3.32;1;1
10701;33186.71;50;3.32;1;1
10702;33186.71;50;3.32;1;1
10703;33186.71;50;3.32;1;1
10704;33186.71;50;3.32;1;1
10705;33186.71;50;3.32;1;1
10706;33186.71;50;3.32;1;1
10707;33186.71;50;3.32;1;1
10708;33186.71;50;3.32;1;1
10709;33186.71;50;3.32;1;1
10710;33186.71;50;3.32;1;1
10711;33137.83;50;3.32;1;1
10712;33137.83;50;3.31;1;1
10713;33137.83;50;3.31;1;1
10714;33088.95;50;3.31;1;1
10715;33088.95;50;3.31;1;1
10716;33088.95;50;3.31;1;1
10717;33088.95;50;3.31;1;1
10718;33040.08;50;3.31;1;1
10719;33088.95;50;3.30;1;1
10720;33088.95;50;3.31;1;1
10721;33088.95;50;3.31;1;1
10722;33088.95;50;3.31;1;1
10723;33088.95;50;3.31;1;1
10724;33040.08;50;3.31;1;1
10725;33040.08;50;3.30;1;1
10726;33040.08;50;3.30;1;1
10727;33040.08;50;3.30;1;1
10728;33040.08;50;3.30;1;1
10729;33040.08;50;3.30;1;1
10730;33040.08;50;3.30;1;1
10731;33040.08;50;3.30;1;1
10732;33040.08;50;3.30;1;1
10733;33040.08;50;3.30;1;1
10734;33040.08;50;3.30;1;1
10735;33040.08;50;3.30;1;1
10736;33040.08;50;3.30;1;1
10737;33040.08;50;3.30;1;1
10738;33040.08;50;3.30;1;1
10739;32991.20;50;3.30;1;1
10740;32991.20;50;3.30;1;1
10741;32991.20;50;3.30;1;1
10742;32991.20;50;3.30;1;1
10743;32991.20;50;3.30;1;1
10744;32991.20;50;3.30;1;1
10745;32991.20;50;3.30;1;1
10746;32991.20;50;3.30;1;1
10747;32991.20;50;3.30;1;1
10748;32991.20;50;3.30;1;1
10749;33040.08;50;3.30;1;1
10750;32600.20;50;3.30;1;1
10751;32746.82;50;3.26;1;1
10752;32795.70;50;3.27;1;1
10753;32844.57;50;3.28;1;1
10754;32844.57;50;3.28;1;1
10755;32844.57;50;3.28;1;1
10756;32795.70;50;3.28;1;1
10757;32649.07;50;3.28;1;1
10758;32600.20;50;3.26;1;1
10759;32649.07;50;3.26;1;1
10760;32649.07;50;3.26;1;1
10761;32697.95;50;3.26;1;1
10762;32795.70;50;3.27;1;1
10763;32649.07;50;3.28;1;1
10764;32697.95;50;3.26;1;1
10765;32649.07;50;3.27;1;1
10766;32649.07;50;3.26;1;1
10767;32746.82;50;3.26;1;1
10768;32697.95;50;3.27;1;1
10769;32844.57;50;3.27;1;1
10770;33040.08;50;3.28;1;1
10771;33040.08;50;3.30;1;1
10772;33040.08;50;3.30;1;1
10773;32942.32;50;3.30;1;1
10774;32942.32;50;3.29;1;1
10775;32942.32;50;3.29;1;1
10776;32942.32;50;3.29;1;1
10777;32942.32;50;3.29;1;1
10778;32942.32;50;3.29;1;1
10779;32942.32;50;3.29;1;1
10780;32942.32;50;3.29;1;1
10781;32942.32;50;3.29;1;1
10782;32893.45;50;3.29;1;1
10783;32893.45;50;3.29;1;1
10784;32893.45;50;3.29;1;1
10785;32844.57;50;3.29;1;1
10786;32991.20;50;3.28;1;1
10787;32991.20;50;3.30;1;1
10788;32991.20;50;3.30;1;1
10789;33040.08;50;3.30;1;1
10790;33040.08;50;3.30;1;1
10791;33040.08;50;3.30;1;1
10792;33040.08;50;3.30;1;1
10793;33040.08;50;3.30;1;1
10794;33040.08;50;3.30;1;1
10795;33040.08;50;3.30;1;1
10796;33040.08;50;3.30;1;1
10797;33040.08;50;3.30;1;1
10798;33040.08;50;3.30;1;1
10799;33040.08;50;3.30;1;1
10800;33040.08;50;3.30;1;1
10801;33040.08;50;3.30;1;1
10802;33040.08;50;3.30;1;1
10803;33040.08;50;3.30;1;1
10804;33040.08;50;3.30;1;1
10805;33040.08;50;3.30;1;1
10806;33040.08;50;3.30;1;1
10807;33040.08;50;3.30;1;1
10808;33040.08;50;3.30;1;1
10809;33040.08;50;3.30;1;1
10810;33040.08;50;3.30;1;1
10811;33040.08;50;3.30;1;1
10812;33040.08;50;3.30;1;1
10813;33040.08;50;3.30;1;1
10814;33040.08;50;3.30;1;1
10815;33040.08;50;3.30;1;1
10816;33040.08;50;3.30;1;1
10817;33040.08;50;3.30;1;1
10818;33040.08;50;3.30;1;1
10819;33040.08;50;3.30;1;1
10820;33040.08;50;3.30;1;1
10821;33040.08;50;3.30;1;1
10822;33040.08;50;3.30;1;1
10823;33040.08;50;3.30;1;1
10824;33040.08;50;3.30;1;1
10825;33040.08;50;3.30;1;1
10826;33040.08;50;3.30;1;1
10827;33040.08;50;3.30;1;1
10828;33040.08;50;3.30;1;1
10829;33040.08;50;3.30;1;1
10830;33040.08;50;3.30;1;1
10831;33040.08;50;3.30;1;1
10832;33040.08;50;3.30;1;1
10833;33040.08;50;3.30;1;1
10834;33040.08;50;3.30;1;1
10835;33040.08;50;3.30;1;1
10836;33040.08;50;3.30;1;1
10837;33040.08;50;3.30;1;1
10838;33040.08;50;3.30;1;1
10839;33040.08;50;3.30;1;1
10840;33040.08;50;3.30;1;1
10841;33040.08;50;3.30;1;1
10842;33040.08;50;3.30;1;1
10843;33040.08;50;3.30;1;1
10844;33040.08;50;3.30;1;1
10845;33040.08;50;3.30;1;1
10846;33040.08;50;3.30;1;1
10847;33040.08;50;3.30;1;1
10848;33040.08;50;3.30;1;1
10849;33040.08;50;3.30;1;1
10850;33040.08;50;3.30;1;1
10851;33040.08;50;3.30;1;1
10852;33040.08;50;3.30;1;1
10853;33040.08;50;3.30;1;1
10854;33040.08;50;3.30;1;1
10855;33040.08;50;3.30;1;1
10856;33040.08;50;3.30;1;1
10857;33040.08;50;3.30;1;1
10858;33040.08;50;3.30;1;1
10859;33040.08;50;3.30;1;1
10860;33040.08;50;3.30;1;1
10861;33040.08;50;3.30;1;1
10862;33040.08;50;3.30;1;1
10863;33040.08;50;3.30;1;1
10864;33040.08;50;3.30;1;1
10865;33040.08;50;3.30;1;1
10866;33040.08;50;3.30;1;1
10867;33040.08;50;3.30;1;1
10868;33040.08;50;3.30;1;1
10869;33040.08;50;3.30;1;1
10870;33040.08;50;3.30;1;1
10871;33040.08;50;3.30;1;1
10872;33040.08;50;3.30;1;1
10873;33040.08;50;3.30;1;1
10874;33040.08;50;3.30;1;1
10875;33040.08;50;3.30;1;1
10876;33040.08;50;3.30;1;1
10877;33040.08;50;3.30;1;1
10878;33040.08;50;3.30;1;1
10879;33040.08;50;3.30;1;1
10880;33040.08;50;3.30;1;1
10881;33040.08;50;3.30;1;1
10882;33040.08;50;3.30;1;1
10883;33040.08;50;3.30;1;1
10884;33040.08;50;3.30;1;1
10885;33040.08;50;3.30;1;1
10886;33040.08;50;3.30;1;1
10887;33040.08;50;3.30;1;1
10888;33040.08;50;3.30;1;1
10889;33040.08;50;3.30;1;1
10890;33040.08;50;3.30;1;1
10891;33040.08;50;3.30;1;1
10892;33040.08;50;3.30;1;1
10893;33040.08;50;3.30;1;1
10894;33040.08;50;3.30;1;1
10895;33040.08;50;3.30;1;1
10896;33040.08;50;3.30;1;1
10897;33040.08;50;3.30;1;1
10898;33040.08;50;3.30;1;1
10899;33040.08;50;3.30;1;1
10900;33040.08;50;3.30;1;1
10901;33040.08;50;3.30;1;1
10902;33040.08;50;3.30;1;1
10903;33040.08;50;3.30;1;1
10904;33040.08;50;3.30;1;1
10905;33040.08;50;3.30;1;1
10906;33040.08;50;3.30;1;1
10907;33040.08;50;3.30;1;1
10908;33040.08;50;3.30;1;1
10909;33040.08;50;3.30;1;1
10910;33040.08;50;3.30;1;1
10911;33040.08;50;3.30;1;1
10912;33040.08;50;3.30;1;1
10913;33040.08;50;3.30;1;1
10914;33040.08;50;3.30;1;1
10915;33040.08;50;3.30;1;1
10916;33040.08;50;3.30;1;1
10917;33040.08;50;3.30;1;1
10918;33040.08;50;3.30;1;1
10919;33040.08;50;3.30;1;1
10920;33040.08;50;3.30;1;1
10921;33040.08;50;3.30;1;1
10922;33040.08;50;3.30;1;1
10923;33040.08;50;3.30;1;1
10924;33040.08;50;3.30;1;1
10925;33040.08;50;3.30;1;1
10926;33040.08;50;3.30;1;1
10927;33040.08;50;3.30;1;1
10928;33040.08;50;3.30;1;1
10929;33040.08;50;3.30;1;1
10930;33040.08;50;3.30;1;1
10931;33040.08;50;3.30;1;1
10932;33040.08;50;3.30;1;1
10933;33040.08;50;3.30;1;1
10934;33040.08;50;3.30;1;1
10935;33040.08;50;3.30;1;1
10936;33040.08;50;3.30;1;1
10937;33040.08;50;3.30;1;1
10938;33040.08;50;3.30;1;1
10939;33040.08;50;3.30;1;1
10940;33040.08;50;3.30;1;1
10941;33040.08;50;3.30;1;1
10942;33040.08;50;3.30;1;1
10943;33040.08;50;3.30;1;1
10944;33040.08;50;3.30;1;1
10945;33040.08;50;3.30;1;1
10946;33040.08;50;3.30;1;1
10947;33040.08;50;3.30;1;1
10948;33040.08;50;3.30;1;1
10949;33040.08;50;3.30;1;1
10950;33040.08;50;3.30;1;1
10951;33040.08;50;3.30;1;1
10952;33040.08;50;3.30;1;1
10953;33040.08;50;3.30;1;1
10954;33040.08;50;3.30;1;1
10955;33040.08;50;3.30;1;1
10956;33040.08;50;3.30;1;1
10957;33040.08;50;3.30;1;1
10958;33040.08;50;3.30;1;1
10959;33040.08;50;3.30;1;1
10960;33040.08;50;3.30;1;1
10961;33040.08;50;3.30;1;1
10962;33040.08;50;3.30;1;1
10963;33040.08;50;3.30;1;1
10964;33040.08;50;3.30;1;1
10965;33040.08;50;3.30;1;1
10966;33040.08;50;3.30;1;1
10967;33040.08;50;3.30;1;1
10968;33040.08;50;3.30;1;1
10969;33040.08;50;3.30;1;1
10970;33040.08;50;3.30;1;1
10971;33040.08;50;3.30;1;1
10972;33040.08;50;3.30;1;1
10973;33040.08;50;3.30;1;1
10974;33040.08;50;3.30;1;1
10975;33040.08;50;3.30;1;1
10976;33040.08;50;3.30;1;1
10977;33040.08;50;3.30;1;1
10978;33040.08;50;3.30;1;1
10979;33040.08;50;3.30;1;1
10980;33040.08;50;3.30;1;1
10981;33040.08;50;3.30;1;1
10982;33040.08;50;3.30;1;1
10983;33040.08;50;3.30;1;1
10984;33040.08;50;3.30;1;1
10985;33040.08;50;3.30;1;1
10986;33040.08;50;3.30;1;1
10987;33040.08;50;3.30;1;1
10988;33040.08;50;3.30;1;1
10989;33040.08;50;3.30;1;1
10990;33040.08;50;3.30;1;1
10991;33040.08;50;3.30;1;1
10992;33040.08;50;3.30;1;1
10993;33040.08;50;3.30;1;1
10994;33040.08;50;3.30;1;1
10995;33040.08;50;3.30;1;1
10996;33040.08;50;3.30;1;1
10997;33040.08;50;3.30;1;1
10998;33040.08;50;3.30;1;1
10999;33040.08;50;3.30;1;1
11000;33040.08;50;3.30;1;1
11001;33040.08;50;3.30;1;1
11002;33040.08;50;3.30;1;1
11003;33040.08;50;3.30;1;1
11004;33040.08;50;3.30;1;1
11005;33040.08;50;3.30;1;1
11006;33040.08;50;3.30;1;1
11007;33040.08;50;3.30;1;1
11008;33040.08;50;3.30;1;1
11009;33040.08;50;3.30;1;1
11010;33040.08;50;3.30;1;1
11011;33040.08;50;3.30;1;1
11012;33040.08;50;3.30;1;1
11013;33040.08;50;3.30;1;1
11014;33040.08;50;3.30;1;1
11015;33040.08;50;3.30;1;1
11016;33040.08;50;3.30;1;1
11017;33040.08;50;3.30;1;1
11018;33040.08;50;3.30;1;1
11019;33040.08;50;3.30;1;1
11020;33040.08;50;3.30;1;1
11021;33040.08;50;3.30;1;1
11022;33040.08;50;3.30;1;1
11023;33040.08;50;3.30;1;1
11024;33040.08;50;3.30;1;1
11025;33040.08;50;3.30;1;1
11026;33040.08;50;3.30;1;1
11027;33040.08;50;3.30;1;1
11028;33040.08;50;3.30;1;1
11029;33040.08;50;3.30;1;1
11030;33040.08;50;3.30;1;1
11031;33040.08;50;3.30;1;1
11032;33040.08;50;3.30;1;1
11033;33040.08;50;3.30;1;1
11034;33040.08;50;3.30;1;1
11035;33040.08;50;3.30;1;1
11036;33040.08;50;3.30;1;1
11037;33040.08;50;3.30;1;1
11038;33040.08;50;3.30;1;1
11039;33040.08;50;3.30;1;1
11040;33040.08;50;3.30;1;1
11041;33040.08;50;3.30;1;1
11042;33040.08;50;3.30;1;1
11043;33040.08;50;3.30;1;1
11044;33040.08;50;3.30;1;1
11045;33040.08;50;3.30;1;1
11046;33040.08;50;3.30;1;1
11047;33040.08;50;3.30;1;1
11048;33040.08;50;3.30;1;1
11049;33040.08;50;3.30;1;1
11050;33040.08;50;3.30;1;1
11051;33040.08;50;3.30;1;1
11052;33040.08;50;3.30;1;1
11053;33040.08;50;3.30;1;1
11054;33040.08;50;3.30;1;1
11055;33040.08;50;3.30;1;1
11056;33040.08;50;3.30;1;1
11057;33040.08;50;3.30;1;1
11058;33040.08;50;3.30;1;1
11059;33040.08;50;3.30;1;1
11060;33040.08;50;3.30;1;1
11061;33040.08;50;3.30;1;1
11062;33040.08;50;3.30;1;1
11063;33040.08;50;3.30;1;1
11064;33040.08;50;3.30;1;1
11065;33040.08;50;3.30;1;1
11066;33040.08;50;3.30;1;1
11067;33040.08;50;3.30;1;1
11068;33040.08;50;3.30;1;1
11069;33040.08;50;3.30;1;1
11070;33040.08;50;3.30;1;1
11071;33040.08;50;3.30;1;1
11072;33040.08;50;3.30;1;1
11073;33040.08;50;3.30;1;1
11074;33040.08;50;3.30;1;1
11075;33040.08;50;3.30;1;1
11076;33040.08;50;3.30;1;1
11077;33040.08;50;3.30;1;1
11078;33040.08;50;3.30;1;1
11079;33040.08;50;3.30;1;1
11080;33040.08;50;3.30;1;1
11081;33040.08;50;3.30;1;1
11082;33040.08;50;3.30;1;1
11083;33040.08;50;3.30;1;1
11084;33040.08;50;3.30;1;1
11085;33040.08;50;3.30;1;1
11086;33040.08;50;3.30;1;1
11087;33040.08;50;3.30;1;1
11088;33040.08;50;3.30;1;1
11089;33040.08;50;3.30;1;1
11090;33040.08;50;3.30;1;1
11091;33040.08;50;3.30;1;1
11092;33040.08;50;3.30;1;1
11093;33040.08;50;3.30;1;1
11094;33040.08;50;3.30;1;1
11095;33040.08;50;3.30;1;1
11096;33040.08;50;3.30;1;1
11097;33040.08;50;3.30;1;1
11098;33040.08;50;3.30;1;1
11099;33040.08;50;3.30;1;1
11100;33040.08;50;3.30;1;1
11101;33040.08;50;3.30;1;1
11102;33040.08;50;3.30;1;1
11103;33040.08;50;3.30;1;1
11104;33040.08;50;3.30;1;1
11105;33040.08;50;3.30;1;1
11106;33040.08;50;3.30;1;1
11107;33040.08;50;3.30;1;1
11108;33040.08;50;3.30;1;1
11109;33040.08;50;3.30;1;1
11110;33040.08;50;3.30;1;1
11111;33040.08;50;3.30;1;1
11112;33040.08;50;3.30;1;1
11113;33040.08;50;3.30;1;1
11114;33040.08;50;3.30;1;1
11115;33040.08;50;3.30;1;1
11116;33040.08;50;3.30;1;1
11117;33040.08;50;3.30;1;1
11118;33040.08;50;3.30;1;1
11119;33040.08;50;3.30;1;1
11120;33040.08;50;3.30;1;1
11121;33040.08;50;3.30;1;1
11122;33040.08;50;3.30;1;1
11123;33040.08;50;3.30;1;1
11124;33040.08;50;3.30;1;1
11125;33040.08;50;3.30;1;1
11126;33040.08;50;3.30;1;1
11127;33040.08;50;3.30;1;1
11128;33040.08;50;3.30;1;1
11129;33040.08;50;3.30;1;1
11130;33040.08;50;3.30;1;1
11131;33040.08;50;3.30;1;1
11132;33040.08;50;3.30;1;1
11133;33040.08;50;3.30;1;1
11134;33040.08;50;3.30;1;1
11135;33040.08;50;3.30;1;1
11136;33040.08;50;3.30;1;1
11137;33040.08;50;3.30;1;1
11138;33040.08;50;3.30;1;1
11139;33040.08;50;3.30;1;1
11140;33040.08;50;3.30;1;1
11141;33040.08;50;3.30;1;1
11142;33040.08;50;3.30;1;1
11143;33040.08;50;3.30;1;1
11144;33040.08;50;3.30;1;1
11145;33040.08;50;3.30;1;1
11146;33040.08;50;3.30;1;1
11147;33040.08;50;3.30;1;1
11148;33040.08;50;3.30;1;1
11149;33040.08;50;3.30;1;1
11150;33040.08;50;3.30;1;1
11151;33040.08;50;3.30;1;1
11152;33040.08;50;3.30;1;1
11153;33040.08;50;3.30;1;1
11154;33040.08;50;3.30;1;1
11155;33040.08;50;3.30;1;1
11156;33040.08;50;3.30;1;1
11157;33040.08;50;3.30;1;1
11158;33040.08;50;3.30;1;1
11159;33040.08;50;3.30;1;1
11160;33040.08;50;3.30;1;1
11161;33040.08;50;3.30;1;1
11162;33040.08;50;3.30;1;1
11163;33040.08;50;3.30;1;1
11164;33040.08;50;3.30;1;1
11165;33040.08;50;3.30;1;1
11166;33040.08;50;3.30;1;1
11167;33040.08;50;3.30;1;1
11168;33040.08;50;3.30;1;1
11169;33040.08;50;3.30;1;1
11170;33040.08;50;3.30;1;1
11171;33040.08;50;3.30;1;1
11172;33040.08;50;3.30;1;1
11173;33040.08;50;3.30;1;1
11174;33040.08;50;3.30;1;1
11175;33040.08;50;3.30;1;1
11176;33040.08;50;3.30;1;1
11177;33040.08;50;3.30;1;1
11178;33040.08;50;3.30;1;1
11179;33040.08;50;3.30;1;1
11180;33040.08;50;3.30;1;1
11181;33040.08;50;3.30;1;1
11182;33040.08;50;3.30;1;1
11183;33040.08;50;3.30;1;1
11184;33040.08;50;3.30;1;1
11185;33040.08;50;3.30;1;1
11186;33040.08;50;3.30;1;1
11187;33040.08;50;3.30;1;1
11188;33040.08;50;3.30;1;1
11189;33040.08;50;3.30;1;1
11190;33040.08;50;3.30;1;1
11191;33040.08;50;3.30;1;1
11192;33040.08;50;3.30;1;1
11193;33040.08;50;3.30;1;1
11194;33040.08;50;3.30;1;1
11195;33040.08;50;3.30;1;1
11196;33040.08;50;3.30;1;1
11197;33040.08;50;3.30;1;1
11198;33040.08;50;3.30;1;1
11199;33040.08;50;3.30;1;1
11200;33040.08;50;3.30;1;1
11201;33040.08;50;3.30;1;1
11202;33040.08;50;3.30;1;1
11203;33040.08;50;3.30;1;1
11204;33040.08;50;3.30;1;1
11205;33040.08;50;3.30;1;1
11206;33040.08;50;3.30;1;1
11207;33040.08;50;3.30;1;1
11208;33040.08;50;3.30;1;1
11209;33040.08;50;3.30;1;1
11210;33040.08;50;3.30;1;1
11211;33040.08;50;3.30;1;1
11212;33040.08;50;3.30;1;1
11213;33040.08;50;3.30;1;1
11214;33040.08;50;3.30;1;1
11215;33040.08;50;3.30;1;1
11216;33040.08;50;3.30;1;1
11217;33040.08;50;3.30;1;1
11218;33040.08;50;3.30;1;1
11219;33040.08;50;3.30;1;1
11220;33040.08;50;3.30;1;1
11221;33040.08;50;3.30;1;1
11222;33040.08;50;3.30;1;1
11223;33040.08;50;3.30;1;1
11224;33040.08;50;3.30;1;1
11225;33040.08;50;3.30;1;1
11226;33040.08;50;3.30;1;1
11227;33040.08;50;3.30;1;1
11228;33040.08;50;3.30;1;1
11229;33040.08;50;3.30;1;1
11230;33040.08;50;3.30;1;1
11231;33040.08;50;3.30;1;1
11232;33040.08;50;3.30;1;1
11233;33040.08;50;3.30;1;1
11234;33040.08;50;3.30;1;1
11235;33040.08;50;3.30;1;1
11236;33040.08;50;3.30;1;1
11237;33040.08;50;3.30;1;1
11238;33040.08;50;3.30;1;1
11239;33040.08;50;3.30;1;1
11240;33040.08;50;3.30;1;1
11241;33040.08;50;3.30;1;1
11242;33040.08;50;3.30;1;1
11243;33040.08;50;3.30;1;1
11244;33040.08;50;3.30;1;1
11245;33040.08;50;3.30;1;1
11246;33040.08;50;3.30;1;1
11247;33040.08;50;3.30;1;1
11248;33040.08;50;3.30;1;1
11249;33040.08;50;3.30;1;1
11250;33040.08;50;3.30;1;1
11251;33040.08;50;3.30;1;1
11252;33040.08;50;3.30;1;1
11253;33040.08;50;3.30;1;1
11254;33040.08;50;3.30;1;1
11255;33040.08;50;3.30;1;1
11256;33040.08;50;3.30;1;1
11257;33040.08;50;3.30;1;1
11258;33040.08;50;3.30;1;1
11259;33040.08;50;3.30;1;1
11260;33040.08;50;3.30;1;1
11261;33040.08;50;3.30;1;1
11262;33040.08;50;3.30;1;1
11263;33040.08;50;3.30;1;1
11264;33040.08;50;3.30;1;1
11265;33040.08;50;3.30;1;1
11266;33040.08;50;3.30;1;1
11267;33040.08;50;3.30;1;1
11268;33040.08;50;3.30;1;1
11269;33040.08;50;3.30;1;1
11270;33040.08;50;3.30;1;1
11271;33040.08;50;3.30;1;1
11272;33040.08;50;3.30;1;1
11273;33040.08;50;3.30;1;1
11274;33040.08;50;3.30;1;1
11275;33040.08;50;3.30;1;1
11276;33040.08;50;3.30;1;1
11277;33040.08;50;3.30;1;1
11278;33040.08;50;3.30;1;1
11279;33040.08;50;3.30;1;1
11280;33040.08;50;3.30;1;1
11281;33040.08;50;3.30;1;1
11282;33040.08;50;3.30;1;1
11283;33040.08;50;3.30;1;1
11284;33040.08;50;3.30;1;1
11285;33040.08;50;3.30;1;1
11286;33040.08;50;3.30;1;1
11287;33040.08;50;3.30;1;1
11288;33040.08;50;3.30;1;1
11289;33040.08;50;3.30;1;1
11290;33040.08;50;3.30;1;1
11291;33040.08;50;3.30;1;1
11292;33040.08;50;3.30;1;1
11293;33040.08;50;3.30;1;1
11294;33040.08;50;3.30;1;1
11295;33040.08;50;3.30;1;1
11296;33040.08;50;3.30;1;1
11297;33040.08;50;3.30;1;1
11298;33040.08;50;3.30;1;1
11299;33040.08;50;3.30;1;1
11300;33040.08;50;3.30;1;1
11301;33040.08;50;3.30;1;1
11302;33040.08;50;3.30;1;1
11303;33040.08;50;3.30;1;1
11304;33040.08;50;3.30;1;1
11305;33040.08;50;3.30;1;1
11306;33040.08;50;3.30;1;1
11307;33040.08;50;3.30;1;1
11308;33040.08;50;3.30;1;1
11309;33040.08;50;3.30;1;1
11310;33040.08;50;3.30;1;1
11311;33040.08;50;3.30;1;1
11312;33040.08;50;3.30;1;1
11313;33040.08;50;3.30;1;1
11314;33040.08;50;3.30;1;1
11315;33040.08;50;3.30;1;1
11316;33040.08;50;3.30;1;1
11317;33040.08;50;3.30;1;1
11318;33040.08;50;3.30;1;1
11319;33040.08;50;3.30;1;1
11320;33040.08;50;3.30;1;1
11321;33040.08;50;3.30;1;1
11322;33040.08;50;3.30;1;1
11323;33040.08;50;3.30;1;1
11324;33040.08;50;3.30;1;1
11325;33040.08;50;3.30;1;1
11326;33040.08;50;3.30;1;1
11327;33040.08;50;3.30;1;1
11328;33040.08;50;3.30;1;1
11329;33040.08;50;3.30;1;1
11330;33040.08;50;3.30;1;1
11331;33040.08;50;3.30;1;1
11332;33040.08;50;3.30;1;1
11333;33040.08;50;3.30;1;1
11334;33040.08;50;3.30;1;1
11335;33040.08;50;3.30;1;1
11336;33040.08;50;3.30;1;1
11337;33040.08;50;3.30;1;1
11338;33040.08;50;3.30;1;1
11339;33040.08;50;3.30;1;1
11340;33040.08;50;3.30;1;1
11341;33040.08;50;3.30;1;1
11342;33040.08;50;3.30;1;1
11343;33040.08;50;3.30;1;1
11344;33040.08;50;3.30;1;1
11345;33040.08;50;3.30;1;1
11346;33040.08;50;3.30;1;1
11347;33040.08;50;3.30;1;1
11348;33040.08;50;3.30;1;1
11349;33040.08;50;3.30;1;1
11350;33040.08;50;3.30;1;1
11351;33040.08;50;3.30;1;1
11352;33040.08;50;3.30;1;1
11353;33040.08;50;3.30;1;1
11354;33040.08;50;3.30;1;1
11355;33040.08;50;3.30;1;1
11356;33040.08;50;3.30;1;1
11357;33040.08;50;3.30;1;1
11358;33040.08;50;3.30;1;1
11359;33040.08;50;3.30;1;1
11360;33040.08;50;3.30;1;1
11361;33040.08;50;3.30;1;1
11362;33040.08;50;3.30;1;1
11363;33040.08;50;3.30;1;1
11364;33040.08;50;3.30;1;1
11365;33040.08;50;3.30;1;1
11366;33040.08;50;3.30;1;1
11367;33040.08;50;3.30;1;1
11368;33040.08;50;3.30;1;1
11369;33040.08;50;3.30;1;1
11370;33040.08;50;3.30;1;1
11371;33040.08;50;3.30;1;1
11372;33040.08;50;3.30;1;1
11373;33040.08;50;3.30;1;1
11374;33040.08;50;3.30;1;1
11375;33040.08;50;3.30;1;1
11376;33040.08;50;3.30;1;1
11377;33040.08;50;3.30;1;1
11378;33040.08;50;3.30;1;1
11379;33040.08;50;3.30;1;1
11380;33040.08;50;3.30;1;1
11381;33040.08;50;3.30;1;1
11382;33040.08;50;3.30;1;1
11383;33040.08;50;3.30;1;1
11384;33040.08;50;3.30;1;1
11385;33040.08;50;3.30;1;1
11386;33040.08;50;3.30;1;1
11387;33040.08;50;3.30;1;1
11388;33040.08;50;3.30;1;1
11389;33040.08;50;3.30;1;1
11390;33040.08;50;3.30;1;1
11391;33040.08;50;3.30;1;1
11392;33040.08;50;3.30;1;1
11393;33040.08;50;3.30;1;1
11394;33040.08;50;3.30;1;1
11395;33040.08;50;3.30;1;1
11396;33040.08;50;3.30;1;1
11397;33040.08;50;3.30;1;1
11398;33040.08;50;3.30;1;1
11399;33040.08;50;3.30;1;1
11400;33040.08;50;3.30;1;1
11401;33040.08;50;3.30;1;1
11402;33040.08;50;3.30;1;1
11403;33040.08;50;3.30;1;1
11404;33040.08;50;3.30;1;1
11405;33040.08;50;3.30;1;1
11406;33040.08;50;3.30;1;1
11407;33040.08;50;3.30;1;1
11408;33040.08;50;3.30;1;1
11409;33040.08;50;3.30;1;1
11410;33040.08;50;3.30;1;1
11411;33040.08;50;3.30;1;1
11412;33040.08;50;3.30;1;1
11413;33040.08;50;3.30;1;1
11414;33040.08;50;3.30;1;1
11415;33040.08;50;3.30;1;1
11416;33040.08;50;3.30;1;1
11417;33040.08;50;3.30;1;1
11418;33040.08;50;3.30;1;1
11419;33040.08;50;3.30;1;1
11420;33040.08;50;3.30;1;1
11421;33040.08;50;3.30;1;1
11422;33040.08;50;3.30;1;1
11423;33040.08;50;3.30;1;1
11424;33040.08;50;3.30;1;1
11425;33040.08;50;3.30;1;1
11426;33040.08;50;3.30;1;1
11427;33040.08;50;3.30;1;1
11428;33040.08;50;3.30;1;1
11429;33040.08;50;3.30;1;1
11430;33040.08;50;3.30;1;1
11431;33040.08;50;3.30;1;1
11432;33040.08;50;3.30;1;1
11433;33040.08;50;3.30;1;1
11434;33040.08;50;3.30;1;1
11435;33040.08;50;3.30;1;1
11436;33040.08;50;3.30;1;1
11437;33040.08;50;3.30;1;1
11438;33040.08;50;3.30;1;1
11439;33040.08;50;3.30;1;1
11440;33040.08;50;3.30;1;1
11441;33040.08;50;3.30;1;1
11442;33040.08;50;3.30;1;1
11443;33040.08;50;3.30;1;1
11444;33040.08;50;3.30;1;1
11445;33040.08;50;3.30;1;1
11446;33040.08;50;3.30;1;1
11447;33040.08;50;3.30;1;1
11448;33040.08;50;3.30;1;1
11449;33040.08;50;3.30;1;1
11450;33040.08;50;3.30;1;1
11451;33040.08;50;3.30;1;1
11452;33040.08;50;3.30;1;1
11453;33040.08;50;3.30;1;1
11454;33040.08;50;3.30;1;1
11455;33040.08;50;3.30;1;1
11456;33040.08;50;3.30;1;1
11457;33040.08;50;3.30;1;1
11458;33040.08;50;3.30;1;1
11459;33040.08;50;3.30;1;1
11460;33040.08;50;3.30;1;1
11461;33040.08;50;3.30;1;1
11462;33040.08;50;3.30;1;1
11463;33040.08;50;3.30;1;1
11464;33040.08;50;3.30;1;1
11465;33040.08;50;3.30;1;1
11466;33040.08;50;3.30;1;1
11467;33040.08;50;3.30;1;1
11468;33040.08;50;3.30;1;1
11469;33040.08;50;3.30;1;1
11470;33040.08;50;3.30;1;1
11471;33040.08;50;3.30;1;1
11472;33040.08;50;3.30;1;1
11473;33040.08;50;3.30;1;1
11474;33040.08;50;3.30;1;1
11475;33040.08;50;3.30;1;1
11476;33040.08;50;3.30;1;1
11477;33040.08;50;3.30;1;1
11478;33040.08;50;3.30;1;1
11479;33040.08;50;3.30;1;1
11480;33040.08;50;3.30;1;1
11481;33040.08;50;3.30;1;1
11482;33040.08;50;3.30;1;1
11483;33040.08;50;3.30;1;1
11484;33040.08;50;3.30;1;1
11485;33040.08;50;3.30;1;1
11486;33040.08;50;3.30;1;1
11487;33040.08;50;3.30;1;1
11488;33040.08;50;3.30;1;1
11489;33040.08;50;3.30;1;1
11490;33040.08;50;3.30;1;1
11491;33040.08;50;3.30;1;1
11492;33040.08;50;3.30;1;1
11493;33040.08;50;3.30;1;1
11494;33040.08;50;3.30;1;1
11495;33040.08;50;3.30;1;1
11496;33040.08;50;3.30;1;1
11497;33040.08;50;3.30;1;1
11498;33040.08;50;3.30;1;1
11499;33040.08;50;3.30;1;1
11500;33040.08;50;3.30;1;1
11501;33040.08;50;3.30;1;1
11502;33040.08;50;3.30;1;1
11503;33040.08;50;3.30;1;1
11504;33040.08;50;3.30;1;1
11505;33040.08;50;3.30;1;1
11506;33040.08;50;3.30;1;1
11507;33040.08;50;3.30;1;1
11508;33040.08;50;3.30;1;1
11509;33040.08;50;3.30;1;1
11510;33040.08;50;3.30;1;1
11511;33040.08;50;3.30;1;1
11512;33040.08;50;3.30;1;1
11513;33040.08;50;3.30;1;1
11514;33040.08;50;3.30;1;1
11515;33040.08;50;3.30;1;1
11516;33040.08;50;3.30;1;1
11517;33040.08;50;3.30;1;1
11518;33040.08;50;3.30;1;1
11519;33040.08;50;3.30;1;1
11520;33040.08;50;3.30;1;1
11521;33040.08;50;3.30;1;1
11522;33040.08;50;3.30;1;1
11523;33040.08;50;3.30;1;1
11524;33040.08;50;3.30;1;1
11525;33040.08;50;3.30;1;1
11526;33040.08;50;3.30;1;1
11527;33040.08;50;3.30;1;1
11528;33040.08;50;3.30;1;1
11529;33040.08;50;3.30;1;1
11530;33040.08;50;3.30;1;1
11531;33040.08;50;3.30;1;1
11532;33040.08;50;3.30;1;1
11533;33040.08;50;3.30;1;1
11534;33040.08;50;3.30;1;1
11535;33040.08;50;3.30;1;1
11536;33040.08;50;3.30;1;1
11537;33040.08;50;3.30;1;1
11538;33040.08;50;3.30;1;1
11539;33040.08;50;3.30;1;1
11540;33040.08;50;3.30;1;1
11541;33040.08;50;3.30;1;1
11542;33040.08;50;3.30;1;1
11543;33040.08;50;3.30;1;1
11544;33040.08;50;3.30;1;1
11545;33040.08;50;3.30;1;1
11546;33040.08;50;3.30;1;1
11547;33040.08;50;3.30;1;1
11548;33040.08;50;3.30;1;1
11549;33040.08;50;3.30;1;1
11550;33040.08;50;3.30;1;1
11551;33088.95;50;3.30;1;1
11552;33040.08;50;3.31;1;1
11553;33040.08;50;3.30;1;1
11554;33040.08;50;3.30;1;1
11555;33040.08;50;3.30;1;1
11556;33040.08;50;3.30;1;1
11557;33040.08;50;3.30;1;1
11558;33040.08;50;3.30;1;1
11559;33040.08;50;3.30;1;1
11560;33040.08;50;3.30;1;1
11561;33040.08;50;3.30;1;1
11562;33040.08;50;3.30;1;1
11563;33040.08;50;3.30;1;1
11564;33040.08;50;3.30;1;1
11565;33040.08;50;3.30;1;1
11566;33040.08;50;3.30;1;1
11567;33040.08;50;3.30;1;1
11568;33040.08;50;3.30;1;1
11569;33040.08;50;3.30;1;1
11570;33040.08;50;3.30;1;1
11571;33040.08;50;3.30;1;1
11572;33040.08;50;3.30;1;1
11573;33040.08;50;3.30;1;1
11574;33040.08;50;3.30;1;1
11575;33040.08;50;3.30;1;1
11576;33040.08;50;3.30;1;1
11577;33040.08;50;3.30;1;1
11578;33040.08;50;3.30;1;1
11579;33040.08;50;3.30;1;1
11580;33040.08;50;3.30;1;1
11581;33040.08;50;3.30;1;1
11582;33040.08;50;3.30;1;1
11583;33040.08;50;3.30;1;1
11584;33040.08;50;3.30;1;1
11585;33040.08;50;3.30;1;1
11586;33040.08;50;3.30;1;1
11587;33040.08;50;3.30;1;1
11588;33040.08;50;3.30;1;1
11589;33040.08;50;3.30;1;1
11590;33040.08;50;3.30;1;1
11591;33040.08;50;3.30;1;1
11592;33040.08;50;3.30;1;1
11593;33040.08;50;3.30;1;1
11594;33040.08;50;3.30;1;1
11595;33040.08;50;3.30;1;1
11596;33040.08;50;3.30;1;1
11597;33040.08;50;3.30;1;1
11598;33040.08;50;3.30;1;1
11599;33040.08;50;3.30;1;1
11600;33040.08;50;3.30;1;1
11601;33040.08;50;3.30;1;1
11602;33040.08;50;3.30;1;1
11603;33040.08;50;3.30;1;1
11604;33040.08;50;3.30;1;1
11605;33040.08;50;3.30;1;1
11606;33040.08;50;3.30;1;1
11607;33040.08;50;3.30;1;1
11608;33040.08;50;3.30;1;1
11609;33040.08;50;3.30;1;1
11610;33040.08;50;3.30;1;1
11611;33040.08;50;3.30;1;1
11612;33040.08;50;3.30;1;1
11613;33040.08;50;3.30;1;1
11614;33040.08;50;3.30;1;1
11615;33040.08;50;3.30;1;1
11616;33040.08;50;3.30;1;1
11617;33040.08;50;3.30;1;1
11618;33040.08;50;3.30;1;1
11619;33040.08;50;3.30;1;1
11620;33040.08;50;3.30;1;1
11621;33040.08;50;3.30;1;1
11622;33040.08;50;3.30;1;1
11623;33040.08;50;3.30;1;1
11624;33040.08;50;3.30;1;1
11625;33040.08;50;3.30;1;1
11626;33040.08;50;3.30;1;1
11627;33040.08;50;3.30;1;1
11628;33040.08;50;3.30;1;1
11629;33040.08;50;3.30;1;1
11630;33040.08;50;3.30;1;1
11631;33040.08;50;3.30;1;1
11632;33040.08;50;3.30;1;1
11633;33040.08;50;3.30;1;1
11634;33040.08;50;3.30;1;1
11635;33040.08;50;3.30;1;1
11636;33040.08;50;3.30;1;1
11637;33040.08;50;3.30;1;1
11638;33040.08;50;3.30;1;1
11639;33040.08;50;3.30;1;1
11640;33040.08;50;3.30;1;1
11641;33040.08;50;3.30;1;1
11642;33040.08;50;3.30;1;1
11643;33040.08;50;3.30;1;1
11644;33040.08;50;3.30;1;1
11645;33040.08;50;3.30;1;1
11646;33040.08;50;3.30;1;1
11647;33040.08;50;3.30;1;1
11648;33040.08;50;3.30;1;1
11649;33040.08;50;3.30;1;1
11650;33040.08;50;3.30;1;1
11651;33040.08;50;3.30;1;1
11652;33040.08;50;3.30;1;1
11653;33040.08;50;3.30;1;1
11654;33040.08;50;3.30;1;1
11655;33040.08;50;3.30;1;1
11656;33040.08;50;3.30;1;1
11657;33040.08;50;3.30;1;1
11658;33040.08;50;3.30;1;1
11659;33040.08;50;3.30;1;1
11660;33040.08;50;3.30;1;1
11661;33040.08;50;3.30;1;1
11662;33040.08;50;3.30;1;1
11663;33040.08;50;3.30;1;1
11664;33040.08;50;3.30;1;1
11665;33040.08;50;3.30;1;1
11666;33040.08;50;3.30;1;1
11667;33040.08;50;3.30;1;1
11668;33040.08;50;3.30;1;1
11669;33040.08;50;3.30;1;1
11670;33040.08;50;3.30;1;1
11671;33040.08;50;3.30;1;1
11672;33040.08;50;3.30;1;1
11673;33040.08;50;3.30;1;1
11674;33040.08;50;3.30;1;1
11675;33040.08;50;3.30;1;1
11676;33040.08;50;3.30;1;1
11677;33040.08;50;3.30;1;1
11678;33040.08;50;3.30;1;1
11679;33040.08;50;3.30;1;1
11680;33040.08;50;3.30;1;1
11681;33040.08;50;3.30;1;1
11682;33040.08;50;3.30;1;1
11683;33040.08;50;3.30;1;1
11684;33040.08;50;3.30;1;1
11685;33040.08;50;3.30;1;1
11686;33040.08;50;3.30;1;1
11687;33040.08;50;3.30;1;1
11688;33040.08;50;3.30;1;1
11689;33040.08;50;3.30;1;1
11690;33040.08;50;3.30;1;1
11691;33040.08;50;3.30;1;1
11692;33040.08;50;3.30;1;1
11693;33040.08;50;3.30;1;1
11694;33040.08;50;3.30;1;1
11695;33040.08;50;3.30;1;1
11696;33040.08;50;3.30;1;1
11697;33040.08;50;3.30;1;1
11698;33040.08;50;3.30;1;1
11699;33040.08;50;3.30;1;1
11700;33040.08;50;3.30;1;1
11701;33040.08;50;3.30;1;1
11702;33040.08;50;3.30;1;1
11703;33040.08;50;3.30;1;1
11704;33040.08;50;3.30;1;1
11705;33040.08;50;3.30;1;1
11706;33040.08;50;3.30;1;1
11707;33040.08;50;3.30;1;1
11708;33040.08;50;3.30;1;1
11709;33040.08;50;3.30;1;1
11710;33040.08;50;3.30;1;1
11711;33040.08;50;3.30;1;1
11712;33040.08;50;3.30;1;1
11713;33040.08;50;3.30;1;1
11714;33040.08;50;3.30;1;1
11715;33040.08;50;3.30;1;1
11716;33040.08;50;3.30;1;1
11717;33040.08;50;3.30;1;1
11718;33040.08;50;3.30;1;1
11719;33040.08;50;3.30;1;1
11720;33040.08;50;3.30;1;1
11721;33040.08;50;3.30;1;1
11722;33040.08;50;3.30;1;1
11723;33040.08;50;3.30;1;1
11724;33040.08;50;3.30;1;1
11725;33040.08;50;3.30;1;1
11726;33040.08;50;3.30;1;1
11727;33040.08;50;3.30;1;1
11728;33040.08;50;3.30;1;1
11729;33040.08;50;3.30;1;1
11730;33040.08;50;3.30;1;1
11731;33040.08;50;3.30;1;1
11732;33040.08;50;3.30;1;1
11733;33040.08;50;3.30;1;1
11734;33040.08;50;3.30;1;1
11735;33040.08;50;3.30;1;1
11736;33040.08;50;3.30;1;1
11737;33040.08;50;3.30;1;1
11738;33040.08;50;3.30;1;1
11739;33040.08;50;3.30;1;1
11740;33040.08;50;3.30;1;1
11741;33040.08;50;3.30;1;1
11742;33040.08;50;3.30;1;1
11743;33040.08;50;3.30;1;1
11744;33040.08;50;3.30;1;1
11745;33040.08;50;3.30;1;1
11746;33040.08;50;3.30;1;1
11747;33040.08;50;3.30;1;1
11748;33040.08;50;3.30;1;1
11749;33040.08;50;3.30;1;1
11750;32991.20;50;3.30;1;1
11751;32991.20;50;3.30;1;1
11752;32991.20;50;3.30;1;1
11753;32991.20;50;3.30;1;1
11754;32991.20;50;3.30;1;1
11755;32991.20;50;3.30;1;1
11756;32991.20;50;3.30;1;1
11757;32991.20;50;3.30;1;1
11758;32991.20;50;3.30;1;1
11759;32942.32;50;3.30;1;1
11760;32893.45;50;3.29;1;1
11761;32893.45;50;3.29;1;1
11762;32893.45;50;3.29;1;1
11763;32893.45;50;3.29;1;1
11764;32893.45;50;3.29;1;1
11765;32893.45;50;3.29;1;1
11766;32893.45;50;3.29;1;1
11767;32893.45;50;3.29;1;1
11768;32893.45;50;3.29;1;1
11769;32893.45;50;3.29;1;1
11770;32893.45;50;3.29;1;1
11771;32893.45;50;3.29;1;1
11772;32893.45;50;3.29;1;1
11773;32893.45;50;3.29;1;1
11774;32893.45;50;3.29;1;1
11775;32893.45;50;3.29;1;1
11776;32893.45;50;3.29;1;1
11777;32893.45;50;3.29;1;1
11778;32893.45;50;3.29;1;1
11779;32893.45;50;3.29;1;1
11780;32942.32;50;3.29;1;1
11781;32893.45;50;3.29;1;1
11782;32893.45;50;3.29;1;1
11783;32893.45;50;3.29;1;1
11784;32893.45;50;3.29;1;1
11785;32893.45;50;3.29;1;1
11786;32893.45;50;3.29;1;1
11787;32893.45;50;3.29;1;1
11788;32893.45;50;3.29;1;1
11789;32893.45;50;3.29;1;1
11790;32893.45;50;3.29;1;1
11791;32893.45;50;3.29;1;1
11792;32893.45;50;3.29;1;1
11793;32893.45;50;3.29;1;1
11794;32893.45;50;3.29;1;1
11795;32942.32;50;3.29;1;1
11796;32893.45;50;3.29;1;1
11797;32893.45;50;3.29;1;1
11798;32942.32;50;3.29;1;1
11799;32942.32;50;3.29;1;1
11800;32942.32;50;3.29;1;1
11801;32942.32;50;3.29;1;1
11802;32942.32;50;3.29;1;1
11803;32893.45;50;3.29;1;1
11804;32893.45;50;3.29;1;1
11805;32942.32;50;3.29;1;1
11806;32893.45;50;3.29;1;1
11807;32942.32;50;3.29;1;1
11808;32942.32;50;3.29;1;1
11809;32893.45;50;3.29;1;1
11810;32942.32;50;3.29;1;1
11811;32893.45;50;3.29;1;1
11812;32893.45;50;3.29;1;1
11813;32942.32;50;3.29;1;1
11814;32893.45;50;3.29;1;1
11815;32942.32;50;3.29;1;1
11816;32893.45;50;3.29;1;1
11817;32893.45;50;3.29;1;1
11818;32942.32;50;3.29;1;1
11819;32942.32;50;3.29;1;1
11820;32893.45;50;3.29;1;1
11821;32942.32;50;3.29;1;1
11822;32942.32;50;3.29;1;1
11823;32942.32;50;3.29;1;1
11824;32893.45;50;3.29;1;1
11825;32893.45;50;3.29;1;1
11826;32893.45;50;3.29;1;1
11827;32942.32;50;3.29;1;1
11828;32893.45;50;3.29;1;1
11829;32942.32;50;3.29;1;1
11830;32893.45;50;3.29;1;1
11831;32942.32;50;3.29;1;1
11832;32893.45;50;3.29;1;1
11833;32942.32;50;3.29;1;1
11834;32942.32;50;3.29;1;1
11835;32942.32;50;3.29;1;1
11836;32942.32;50;3.29;1;1
11837;32942.32;50;3.29;1;1
11838;32942.32;50;3.29;1;1
11839;32942.32;50;3.29;1;1
11840;32942.32;50;3.29;1;1
11841;32942.32;50;3.29;1;1
11842;32893.45;50;3.29;1;1
11843;32942.32;50;3.29;1;1
11844;32893.45;50;3.29;1;1
11845;32942.32;50;3.29;1;1
11846;32942.32;50;3.29;1;1
11847;32893.45;50;3.29;1;1
11848;32942.32;50;3.29;1;1
11849;32942.32;50;3.29;1;1
11850;32942.32;50;3.29;1;1
11851;32942.32;50;3.29;1;1
11852;32942.32;50;3.29;1;1
11853;32893.45;50;3.29;1;1
11854;32942.32;50;3.29;1;1
11855;32893.45;50;3.29;1;1
11856;32942.32;50;3.29;1;1
11857;32942.32;50;3.29;1;1
11858;32893.45;50;3.29;1;1
11859;32942.32;50;3.29;1;1
11860;32942.32;50;3.29;1;1
11861;32942.32;50;3.29;1;1
11862;32893.45;50;3.29;1;1
11863;32893.45;50;3.29;1;1
11864;32942.32;50;3.29;1;1
11865;32942.32;50;3.29;1;1
11866;32942.32;50;3.29;1;1
11867;32942.32;50;3.29;1;1
11868;32942.32;50;3.29;1;1
11869;32942.32;50;3.29;1;1
11870;32942.32;50;3.29;1;1
11871;32942.32;50;3.29;1;1
11872;32893.45;50;3.29;1;1
11873;32893.45;50;3.29;1;1
11874;32942.32;50;3.29;1;1
11875;32942.32;50;3.29;1;1
11876;32942.32;50;3.29;1;1
11877;32893.45;50;3.29;1;1
11878;32942.32;50;3.29;1;1
11879;32942.32;50;3.29;1;1
11880;32942.32;50;3.29;1;1
11881;32942.32;50;3.29;1;1
11882;32942.32;50;3.29;1;1
11883;32942.32;50;3.29;1;1
11884;32893.45;50;3.29;1;1
11885;32942.32;50;3.29;1;1
11886;32942.32;50;3.29;1;1
11887;32942.32;50;3.29;1;1
11888;32942.32;50;3.29;1;1
11889;32942.32;50;3.29;1;1
11890;32942.32;50;3.29;1;1
11891;32942.32;50;3.29;1;1
11892;32942.32;50;3.29;1;1
11893;32942.32;50;3.29;1;1
11894;32942.32;50;3.29;1;1
11895;32942.32;50;3.29;1;1
11896;32942.32;50;3.29;1;1
11897;32942.32;50;3.29;1;1
11898;32942.32;50;3.29;1;1
11899;32942.32;50;3.29;1;1
11900;32942.32;50;3.29;1;1
11901;32942.32;50;3.29;1;1
11902;32942.32;50;3.29;1;1
11903;32942.32;50;3.29;1;1
11904;32942.32;50;3.29;1;1
11905;32942.32;50;3.29;1;1
11906;32942.32;50;3.29;1;1
11907;32942.32;50;3.29;1;1
11908;32942.32;50;3.29;1;1
11909;32942.32;50;3.29;1;1
11910;32942.32;50;3.29;1;1
11911;32893.45;50;3.29;1;1
11912;32893.45;50;3.29;1;1
11913;32893.45;50;3.29;1;1
11914;32893.45;50;3.29;1;1
11915;32893.45;50;3.29;1;1
11916;32893.45;50;3.29;1;1
11917;32893.45;50;3.29;1;1
11918;32893.45;50;3.29;1;1
11919;32893.45;50;3.29;1;1
11920;32893.45;50;3.29;1;1
11921;32893.45;50;3.29;1;1
11922;32893.45;50;3.29;1;1
11923;32893.45;50;3.29;1;1
11924;32893.45;50;3.29;1;1
11925;32893.45;50;3.29;1;1
11926;32893.45;50;3.29;1;1
11927;32893.45;50;3.29;1;1
11928;32893.45;50;3.29;1;1
11929;32893.45;50;3.29;1;1
11930;32893.45;50;3.29;1;1
11931;32893.45;50;3.29;1;1
11932;32893.45;50;3.29;1;1
11933;32893.45;50;3.29;1;1
11934;32893.45;50;3.29;1;1
11935;32893.45;50;3.29;1;1
11936;32893.45;50;3.29;1;1
11937;32893.45;50;3.29;1;1
11938;32893.45;50;3.29;1;1
11939;32844.57;50;3.29;1;1
11940;32844.57;50;3.28;1;1
11941;32844.57;50;3.28;1;1
11942;32844.57;50;3.28;1;1
11943;32844.57;50;3.28;1;1
11944;32844.57;50;3.28;1;1
11945;32844.57;50;3.28;1;1
11946;32844.57;50;3.28;1;1
11947;32844.57;50;3.28;1;1
11948;32844.57;50;3.28;1;1
11949;32844.57;50;3.28;1;1
11950;32844.57;50;3.28;1;1
11951;32844.57;50;3.28;1;1
11952;32844.57;50;3.28;1;1
11953;32844.57;50;3.28;1;1
11954;32844.57;50;3.28;1;1
11955;32844.57;50;3.28;1;1
11956;32893.45;50;3.28;1;1
11957;32844.57;50;3.29;1;1
11958;32893.45;50;3.28;1;1
11959;32893.45;50;3.29;1;1
11960;32893.45;50;3.29;1;1
11961;32942.32;50;3.29;1;1
11962;32942.32;50;3.29;1;1
11963;32942.32;50;3.29;1;1
11964;32942.32;50;3.29;1;1
11965;32942.32;50;3.29;1;1
11966;32942.32;50;3.29;1;1
11967;32942.32;50;3.29;1;1
11968;32942.32;50;3.29;1;1
11969;32942.32;50;3.29;1;1
11970;32942.32;50;3.29;1;1
11971;32893.45;50;3.29;1;1
11972;32942.32;50;3.29;1;1
11973;32942.32;50;3.29;1;1
11974;32942.32;50;3.29;1;1
11975;32942.32;50;3.29;1;1
11976;32942.32;50;3.29;1;1
11977;32942.32;50;3.29;1;1
11978;32942.32;50;3.29;1;1
11979;32893.45;50;3.29;1;1
11980;32942.32;50;3.29;1;1
11981;32942.32;50;3.29;1;1
11982;32942.32;50;3.29;1;1
11983;32942.32;50;3.29;1;1
11984;32893.45;50;3.29;1;1
11985;32893.45;50;3.29;1;1
11986;32893.45;50;3.29;1;1
11987;32942.32;50;3.29;1;1
11988;32942.32;50;3.29;1;1
11989;32942.32;50;3.29;1;1
11990;32942.32;50;3.29;1;1
11991;32893.45;50;3.29;1;1
11992;32942.32;50;3.29;1;1
11993;32893.45;50;3.29;1;1
11994;32942.32;50;3.29;1;1
11995;32942.32;50;3.29;1;1
11996;32942.32;50;3.29;1;1
11997;32942.32;50;3.29;1;1
11998;32942.32;50;3.29;1;1
11999;32942.32;50;3.29;1;1
12000;32942.32;50;3.29;1;1
12001;32942.32;50;3.29;1;1
12002;32942.32;50;3.29;1;1
12003;32942.32;50;3.29;1;1
12004;32942.32;50;3.29;1;1
12005;32893.45;50;3.29;1;1
12006;32942.32;50;3.29;1;1
12007;32893.45;50;3.29;1;1
12008;32942.32;50;3.29;1;1
12009;32942.32;50;3.29;1;1
12010;32942.32;50;3.29;1;1
12011;32942.32;50;3.29;1;1
12012;32942.32;50;3.29;1;1
12013;32942.32;50;3.29;1;1
12014;32942.32;50;3.29;1;1
12015;32942.32;50;3.29;1;1
12016;32893.45;50;3.29;1;1
12017;32942.32;50;3.29;1;1
12018;32942.32;50;3.29;1;1
12019;32893.45;50;3.29;1;1
12020;32942.32;50;3.29;1;1
12021;32942.32;50;3.29;1;1
12022;32942.32;50;3.29;1;1
12023;32893.45;50;3.29;1;1
12024;32893.45;50;3.29;1;1
12025;32942.32;50;3.29;1;1
12026;32942.32;50;3.29;1;1
12027;32942.32;50;3.29;1;1
12028;32893.45;50;3.29;1;1
12029;32942.32;50;3.29;1;1
12030;32893.45;50;3.29;1;1
12031;32942.32;50;3.29;1;1
12032;32942.32;50;3.29;1;1
12033;32942.32;50;3.29;1;1
12034;32942.32;50;3.29;1;1
12035;32942.32;50;3.29;1;1
12036;32942.32;50;3.29;1;1
12037;32893.45;50;3.29;1;1
12038;32893.45;50;3.29;1;1
12039;32942.32;50;3.29;1;1
12040;32942.32;50;3.29;1;1
12041;32942.32;50;3.29;1;1
12042;32942.32;50;3.29;1;1
12043;32942.32;50;3.29;1;1
12044;32942.32;50;3.29;1;1
12045;32942.32;50;3.29;1;1
12046;32942.32;50;3.29;1;1
12047;32942.32;50;3.29;1;1
12048;32942.32;50;3.29;1;1
12049;32942.32;50;3.29;1;1
12050;32942.32;50;3.29;1;1
12051;32942.32;50;3.29;1;1
12052;32942.32;50;3.29;1;1
12053;32942.32;50;3.29;1;1
12054;32942.32;50;3.29;1;1
12055;32942.32;50;3.29;1;1
12056;32942.32;50;3.29;1;1
12057;32942.32;50;3.29;1;1
12058;32893.45;50;3.29;1;1
12059;32942.32;50;3.29;1;1
12060;32942.32;50;3.29;1;1
12061;32942.32;50;3.29;1;1
12062;32942.32;50;3.29;1;1
12063;32942.32;50;3.29;1;1
12064;32942.32;50;3.29;1;1
12065;32942.32;50;3.29;1;1
12066;32942.32;50;3.29;1;1
12067;32893.45;50;3.29;1;1
12068;32893.45;50;3.29;1;1
12069;32942.32;50;3.29;1;1
12070;32893.45;50;3.29;1;1
12071;32942.32;50;3.29;1;1
12072;32942.32;50;3.29;1;1
12073;32942.32;50;3.29;1;1
12074;32893.45;50;3.29;1;1
12075;32942.32;50;3.29;1;1
12076;32893.45;50;3.29;1;1
12077;32942.32;50;3.29;1;1
12078;32942.32;50;3.29;1;1
12079;32942.32;50;3.29;1;1
12080;32893.45;50;3.29;1;1
12081;32942.32;50;3.29;1;1
12082;32893.45;50;3.29;1;1
12083;32942.32;50;3.29;1;1
12084;32942.32;50;3.29;1;1
12085;32942.32;50;3.29;1;1
12086;32893.45;50;3.29;1;1
12087;32942.32;50;3.29;1;1
12088;32942.32;50;3.29;1;1
12089;32893.45;50;3.29;1;1
12090;32942.32;50;3.29;1;1
12091;32942.32;50;3.29;1;1
12092;32942.32;50;3.29;1;1
12093;32942.32;50;3.29;1;1
12094;32942.32;50;3.29;1;1
12095;32942.32;50;3.29;1;1
12096;32893.45;50;3.29;1;1
12097;32942.32;50;3.29;1;1
12098;32942.32;50;3.29;1;1
12099;32942.32;50;3.29;1;1
12100;32893.45;50;3.29;1;1
12101;32942.32;50;3.29;1;1
12102;32893.45;50;3.29;1;1
12103;32942.32;50;3.29;1;1
12104;32893.45;50;3.29;1;1
12105;32942.32;50;3.29;1;1
12106;32942.32;50;3.29;1;1
12107;32942.32;50;3.29;1;1
12108;32942.32;50;3.29;1;1
12109;32942.32;50;3.29;1;1
12110;32942.32;50;3.29;1;1
12111;32893.45;50;3.29;1;1
12112;32942.32;50;3.29;1;1
12113;32942.32;50;3.29;1;1
12114;32942.32;50;3.29;1;1
12115;32942.32;50;3.29;1;1
12116;32893.45;50;3.29;1;1
12117;32942.32;50;3.29;1;1
12118;32942.32;50;3.29;1;1
12119;32942.32;50;3.29;1;1
12120;32942.32;50;3.29;1;1
12121;32942.32;50;3.29;1;1
12122;32893.45;50;3.29;1;1
12123;32942.32;50;3.29;1;1
12124;32942.32;50;3.29;1;1
12125;32893.45;50;3.29;1;1
12126;32942.32;50;3.29;1;1
12127;32942.32;50;3.29;1;1
12128;32942.32;50;3.29;1;1
12129;32942.32;50;3.29;1;1
12130;32942.32;50;3.29;1;1
12131;32942.32;50;3.29;1;1
12132;32942.32;50;3.29;1;1
12133;32893.45;50;3.29;1;1
12134;32942.32;50;3.29;1;1
12135;32942.32;50;3.29;1;1
12136;32942.32;50;3.29;1;1
12137;32942.32;50;3.29;1;1
12138;32942.32;50;3.29;1;1
12139;32942.32;50;3.29;1;1
12140;32942.32;50;3.29;1;1
12141;32893.45;50;3.29;1;1
12142;32942.32;50;3.29;1;1
12143;32942.32;50;3.29;1;1
12144;32942.32;50;3.29;1;1
12145;32942.32;50;3.29;1;1
12146;32942.32;50;3.29;1;1
12147;32942.32;50;3.29;1;1
12148;32893.45;50;3.29;1;1
12149;32942.32;50;3.29;1;1
12150;32942.32;50;3.29;1;1
12151;32942.32;50;3.29;1;1
12152;32942.32;50;3.29;1;1
12153;32942.32;50;3.29;1;1
12154;32942.32;50;3.29;1;1
12155;32893.45;50;3.29;1;1
12156;32942.32;50;3.29;1;1
12157;32942.32;50;3.29;1;1
12158;32893.45;50;3.29;1;1
12159;32942.32;50;3.29;1;1
12160;32893.45;50;3.29;1;1
12161;32942.32;50;3.29;1;1
12162;32893.45;50;3.29;1;1
12163;32893.45;50;3.29;1;1
12164;32942.32;50;3.29;1;1
12165;32942.32;50;3.29;1;1
12166;32942.32;50;3.29;1;1
12167;32942.32;50;3.29;1;1
12168;32942.32;50;3.29;1;1
12169;32893.45;50;3.29;1;1
12170;32942.32;50;3.29;1;1
12171;32942.32;50;3.29;1;1
12172;32942.32;50;3.29;1;1
12173;32942.32;50;3.29;1;1
12174;32942.32;50;3.29;1;1
12175;32942.32;50;3.29;1;1
12176;32942.32;50;3.29;1;1
12177;32893.45;50;3.29;1;1
12178;32942.32;50;3.29;1;1
12179;32942.32;50;3.29;1;1
12180;32942.32;50;3.29;1;1
12181;32942.32;50;3.29;1;1
12182;32942.32;50;3.29;1;1
12183;32893.45;50;3.29;1;1
12184;32893.45;50;3.29;1;1
12185;32942.32;50;3.29;1;1
12186;32942.32;50;3.29;1;1
12187;32942.32;50;3.29;1;1
12188;32844.57;50;3.29;1;1
12189;32844.57;50;3.28;1;1
12190;32844.57;50;3.28;1;1
12191;32844.57;50;3.28;1;1
12192;32844.57;50;3.28;1;1
12193;32844.57;50;3.28;1;1
12194;32844.57;50;3.28;1;1
12195;32844.57;50;3.28;1;1
12196;32844.57;50;3.28;1;1
12197;32844.57;50;3.28;1;1
12198;32893.45;50;3.28;1;1
12199;32893.45;50;3.29;1;1
12200;32893.45;50;3.29;1;1
12201;32893.45;50;3.29;1;1
12202;32893.45;50;3.29;1;1
12203;32893.45;50;3.29;1;1
12204;32893.45;50;3.29;1;1
12205;32893.45;50;3.29;1;1
12206;32893.45;50;3.29;1;1
12207;32893.45;50;3.29;1;1
12208;32893.45;50;3.29;1;1
12209;32893.45;50;3.29;1;1
12210;32893.45;50;3.29;1;1
12211;32893.45;50;3.29;1;1
12212;32893.45;50;3.29;1;1
12213;32893.45;50;3.29;1;1
12214;32893.45;50;3.29;1;1
12215;32893.45;50;3.29;1;1
12216;32893.45;50;3.29;1;1
12217;32893.45;50;3.29;1;1
12218;32893.45;50;3.29;1;1
12219;32893.45;50;3.29;1;1
12220;32893.45;50;3.29;1;1
12221;32893.45;50;3.29;1;1
12222;32942.32;50;3.29;1;1
12223;32893.45;50;3.29;1;1
12224;32893.45;50;3.29;1;1
12225;32893.45;50;3.29;1;1
12226;32893.45;50;3.29;1;1
12227;32893.45;50;3.29;1;1
12228;32893.45;50;3.29;1;1
12229;32893.45;50;3.29;1;1
12230;32893.45;50;3.29;1;1
12231;32893.45;50;3.29;1;1
12232;32942.32;50;3.29;1;1
12233;32893.45;50;3.29;1;1
12234;32893.45;50;3.29;1;1
12235;32893.45;50;3.29;1;1
12236;32893.45;50;3.29;1;1
12237;32893.45;50;3.29;1;1
12238;32893.45;50;3.29;1;1
12239;32893.45;50;3.29;1;1
12240;32942.32;50;3.29;1;1
12241;32893.45;50;3.29;1;1
12242;32893.45;50;3.29;1;1
12243;32893.45;50;3.29;1;1
12244;32893.45;50;3.29;1;1
12245;32893.45;50;3.29;1;1
12246;32942.32;50;3.29;1;1
12247;32893.45;50;3.29;1;1
12248;32893.45;50;3.29;1;1
12249;32893.45;50;3.29;1;1
12250;32942.32;50;3.29;1;1
12251;32893.45;50;3.29;1;1
12252;32942.32;50;3.29;1;1
12253;32893.45;50;3.29;1;1
12254;32942.32;50;3.29;1;1
12255;32893.45;50;3.29;1;1
12256;32893.45;50;3.29;1;1
12257;32893.45;50;3.29;1;1
12258;32893.45;50;3.29;1;1
12259;32942.32;50;3.29;1;1
12260;32893.45;50;3.29;1;1
12261;32942.32;50;3.29;1;1
12262;32893.45;50;3.29;1;1
12263;32893.45;50;3.29;1;1
12264;32893.45;50;3.29;1;1
12265;32893.45;50;3.29;1;1
12266;32893.45;50;3.29;1;1
12267;32893.45;50;3.29;1;1
12268;32893.45;50;3.29;1;1
12269;32893.45;50;3.29;1;1
12270;32893.45;50;3.29;1;1
12271;32893.45;50;3.29;1;1
12272;32893.45;50;3.29;1;1
12273;32942.32;50;3.29;1;1
12274;32942.32;50;3.29;1;1
12275;32893.45;50;3.29;1;1
12276;32893.45;50;3.29;1;1
12277;32893.45;50;3.29;1;1
12278;32893.45;50;3.29;1;1
12279;32893.45;50;3.29;1;1
12280;32942.32;50;3.29;1;1
12281;32893.45;50;3.29;1;1
12282;32893.45;50;3.29;1;1
12283;32893.45;50;3.29;1;1
12284;32942.32;50;3.29;1;1
12285;32893.45;50;3.29;1;1
12286;32893.45;50;3.29;1;1
12287;32893.45;50;3.29;1;1
12288;32893.45;50;3.29;1;1
12289;32893.45;50;3.29;1;1
12290;32893.45;50;3.29;1;1
12291;32893.45;50;3.29;1;1
12292;32893.45;50;3.29;1;1
12293;32893.45;50;3.29;1;1
12294;32942.32;50;3.29;1;1
12295;32893.45;50;3.29;1;1
12296;32942.32;50;3.29;1;1
12297;32893.45;50;3.29;1;1
12298;32942.32;50;3.29;1;1
12299;32893.45;50;3.29;1;1
12300;32893.45;50;3.29;1;1
12301;32942.32;50;3.29;1;1
12302;32942.32;50;3.29;1;1
12303;32942.32;50;3.29;1;1
12304;32942.32;50;3.29;1;1
12305;32893.45;50;3.29;1;1
12306;32942.32;50;3.29;1;1
12307;32893.45;50;3.29;1;1
12308;32893.45;50;3.29;1;1
12309;32893.45;50;3.29;1;1
12310;32942.32;50;3.29;1;1
12311;32893.45;50;3.29;1;1
12312;32942.32;50;3.29;1;1
12313;32893.45;50;3.29;1;1
12314;32893.45;50;3.29;1;1
12315;32893.45;50;3.29;1;1
12316;32893.45;50;3.29;1;1
12317;32893.45;50;3.29;1;1
12318;32942.32;50;3.29;1;1
12319;32893.45;50;3.29;1;1
12320;32942.32;50;3.29;1;1
12321;32893.45;50;3.29;1;1
12322;32893.45;50;3.29;1;1
12323;32942.32;50;3.29;1;1
12324;32893.45;50;3.29;1;1
12325;32942.32;50;3.29;1;1
12326;32893.45;50;3.29;1;1
12327;32942.32;50;3.29;1;1
12328;32893.45;50;3.29;1;1
12329;32893.45;50;3.29;1;1
12330;32893.45;50;3.29;1;1
12331;32942.32;50;3.29;1;1
12332;32942.32;50;3.29;1;1
12333;32893.45;50;3.29;1;1
12334;32942.32;50;3.29;1;1
12335;32893.45;50;3.29;1;1
12336;32893.45;50;3.29;1;1
12337;32893.45;50;3.29;1;1
12338;32942.32;50;3.29;1;1
12339;32893.45;50;3.29;1;1
12340;32893.45;50;3.29;1;1
12341;32942.32;50;3.29;1;1
12342;32893.45;50;3.29;1;1
12343;32893.45;50;3.29;1;1
12344;32942.32;50;3.29;1;1
12345;32893.45;50;3.29;1;1
12346;32893.45;50;3.29;1;1
12347;32942.32;50;3.29;1;1
12348;32893.45;50;3.29;1;1
12349;32893.45;50;3.29;1;1
12350;32893.45;50;3.29;1;1
12351;32893.45;50;3.29;1;1
12352;32893.45;50;3.29;1;1
12353;32942.32;50;3.29;1;1
12354;32942.32;50;3.29;1;1
12355;32942.32;50;3.29;1;1
12356;32942.32;50;3.29;1;1
12357;32942.32;50;3.29;1;1
12358;32893.45;50;3.29;1;1
12359;32942.32;50;3.29;1;1
12360;32893.45;50;3.29;1;1
12361;32942.32;50;3.29;1;1
12362;32893.45;50;3.29;1;1
12363;32942.32;50;3.29;1;1
12364;32893.45;50;3.29;1;1
12365;32893.45;50;3.29;1;1
12366;32942.32;50;3.29;1;1
12367;32893.45;50;3.29;1;1
12368;32893.45;50;3.29;1;1
12369;32942.32;50;3.29;1;1
12370;32893.45;50;3.29;1;1
12371;32942.32;50;3.29;1;1
12372;32893.45;50;3.29;1;1
12373;32942.32;50;3.29;1;1
12374;32893.45;50;3.29;1;1
12375;32942.32;50;3.29;1;1
12376;32942.32;50;3.29;1;1
12377;32942.32;50;3.29;1;1
12378;32942.32;50;3.29;1;1
12379;32893.45;50;3.29;1;1
12380;32893.45;50;3.29;1;1
12381;32942.32;50;3.29;1;1
12382;32893.45;50;3.29;1;1
12383;32942.32;50;3.29;1;1
12384;32942.32;50;3.29;1;1
12385;32942.32;50;3.29;1;1
12386;32942.32;50;3.29;1;1
12387;32893.45;50;3.29;1;1
12388;32893.45;50;3.29;1;1
12389;32942.32;50;3.29;1;1
12390;32893.45;50;3.29;1;1
12391;32942.32;50;3.29;1;1
12392;32942.32;50;3.29;1;1
12393;32942.32;50;3.29;1;1
12394;32893.45;50;3.29;1;1
12395;32893.45;50;3.29;1;1
12396;32942.32;50;3.29;1;1
12397;32942.32;50;3.29;1;1
12398;32893.45;50;3.29;1;1
12399;32942.32;50;3.29;1;1
12400;32893.45;50;3.29;1;1
12401;32942.32;50;3.29;1;1
12402;32893.45;50;3.29;1;1
12403;32942.32;50;3.29;1;1
12404;32942.32;50;3.29;1;1
12405;32942.32;50;3.29;1;1
12406;32942.32;50;3.29;1;1
12407;32942.32;50;3.29;1;1
12408;32893.45;50;3.29;1;1
12409;32893.45;50;3.29;1;1
12410;32942.32;50;3.29;1;1
12411;32942.32;50;3.29;1;1
12412;32893.45;50;3.29;1;1
12413;32942.32;50;3.29;1;1
12414;32893.45;50;3.29;1;1
12415;32893.45;50;3.29;1;1
12416;32893.45;50;3.29;1;1
12417;32942.32;50;3.29;1;1
12418;32893.45;50;3.29;1;1
12419;32942.32;50;3.29;1;1
12420;32893.45;50;3.29;1;1
12421;32893.45;50;3.29;1;1
12422;32893.45;50;3.29;1;1
12423;32893.45;50;3.29;1;1
12424;32893.45;50;3.29;1;1
12425;32893.45;50;3.29;1;1
12426;32893.45;50;3.29;1;1
12427;32893.45;50;3.29;1;1
12428;32893.45;50;3.29;1;1
12429;32893.45;50;3.29;1;1
12430;32893.45;50;3.29;1;1
12431;32893.45;50;3.29;1;1
12432;32893.45;50;3.29;1;1
12433;32893.45;50;3.29;1;1
12434;32893.45;50;3.29;1;1
12435;32893.45;50;3.29;1;1
12436;32942.32;50;3.29;1;1
12437;32942.32;50;3.29;1;1
12438;32893.45;50;3.29;1;1
12439;32942.32;50;3.29;1;1
12440;32942.32;50;3.29;1;1
12441;32942.32;50;3.29;1;1
12442;32942.32;50;3.29;1;1
12443;32942.32;50;3.29;1;1
12444;32942.32;50;3.29;1;1
12445;32942.32;50;3.29;1;1
12446;32942.32;50;3.29;1;1
12447;32942.32;50;3.29;1;1
12448;32942.32;50;3.29;1;1
12449;32942.32;50;3.29;1;1
12450;32942.32;50;3.29;1;1
12451;32942.32;50;3.29;1;1
12452;32942.32;50;3.29;1;1
12453;32942.32;50;3.29;1;1
12454;32942.32;50;3.29;1;1
12455;32942.32;50;3.29;1;1
12456;32942.32;50;3.29;1;1
12457;32942.32;50;3.29;1;1
12458;32942.32;50;3.29;1;1
12459;32942.32;50;3.29;1;1
12460;32942.32;50;3.29;1;1
12461;32942.32;50;3.29;1;1
12462;32942.32;50;3.29;1;1
12463;32942.32;50;3.29;1;1
12464;32942.32;50;3.29;1;1
12465;32942.32;50;3.29;1;1
12466;32942.32;50;3.29;1;1
12467;32942.32;50;3.29;1;1
12468;32942.32;50;3.29;1;1
12469;32942.32;50;3.29;1;1
12470;32893.45;50;3.29;1;1
12471;32893.45;50;3.29;1;1
12472;32893.45;50;3.29;1;1
12473;32942.32;50;3.29;1;1
12474;32893.45;50;3.29;1;1
12475;32893.45;50;3.29;1;1
12476;32893.45;50;3.29;1;1
12477;32893.45;50;3.29;1;1
12478;32893.45;50;3.29;1;1
12479;32893.45;50;3.29;1;1
12480;32893.45;50;3.29;1;1
12481;32893.45;50;3.29;1;1
12482;32893.45;50;3.29;1;1
12483;32893.45;50;3.29;1;1
12484;32893.45;50;3.29;1;1
12485;32893.45;50;3.29;1;1
12486;32893.45;50;3.29;1;1
12487;32893.45;50;3.29;1;1
12488;32893.45;50;3.29;1;1
12489;32893.45;50;3.29;1;1
12490;32893.45;50;3.29;1;1
12491;32893.45;50;3.29;1;1
12492;32893.45;50;3.29;1;1
12493;32893.45;50;3.29;1;1
12494;32893.45;50;3.29;1;1
12495;32893.45;50;3.29;1;1
12496;32893.45;50;3.29;1;1
12497;32893.45;50;3.29;1;1
12498;32893.45;50;3.29;1;1
12499;32893.45;50;3.29;1;1
12500;32893.45;50;3.29;1;1
12501;32893.45;50;3.29;1;1
12502;32893.45;50;3.29;1;1
12503;32893.45;50;3.29;1;1
12504;32893.45;50;3.29;1;1
12505;32893.45;50;3.29;1;1
12506;32893.45;50;3.29;1;1
12507;32893.45;50;3.29;1;1
12508;32893.45;50;3.29;1;1
12509;32893.45;50;3.29;1;1
12510;32893.45;50;3.29;1;1
12511;32893.45;50;3.29;1;1
12512;32893.45;50;3.29;1;1
12513;32893.45;50;3.29;1;1
12514;32893.45;50;3.29;1;1
12515;32893.45;50;3.29;1;1
12516;32893.45;50;3.29;1;1
12517;32893.45;50;3.29;1;1
12518;32844.57;50;3.29;1;1
12519;32844.57;50;3.28;1;1
12520;32893.45;50;3.28;1;1
12521;32893.45;50;3.29;1;1
12522;32893.45;50;3.29;1;1
12523;32893.45;50;3.29;1;1
12524;32893.45;50;3.29;1;1
12525;32893.45;50;3.29;1;1
12526;32893.45;50;3.29;1;1
12527;32893.45;50;3.29;1;1
12528;32893.45;50;3.29;1;1
12529;32893.45;50;3.29;1;1
12530;32893.45;50;3.29;1;1
12531;32893.45;50;3.29;1;1
12532;32893.45;50;3.29;1;1
12533;32893.45;50;3.29;1;1
12534;32893.45;50;3.29;1;1
12535;32746.82;50;3.29;1;1
12536;32795.70;50;3.27;1;1
12537;32795.70;50;3.28;1;1
12538;32844.57;50;3.28;1;1
12539;32795.70;50;3.28;1;1
12540;32844.57;50;3.28;1;1
12541;32844.57;50;3.28;1;1
12542;32844.57;50;3.28;1;1
12543;32844.57;50;3.28;1;1
12544;32844.57;50;3.28;1;1
12545;32844.57;50;3.28;1;1
12546;32844.57;50;3.28;1;1
12547;32844.57;50;3.28;1;1
12548;32844.57;50;3.28;1;1
12549;32893.45;50;3.28;1;1
12550;32893.45;50;3.29;1;1
12551;32893.45;50;3.29;1;1
12552;32893.45;50;3.29;1;1
12553;32893.45;50;3.29;1;1
12554;32893.45;50;3.29;1;1
12555;32893.45;50;3.29;1;1
12556;32893.45;50;3.29;1;1
12557;32893.45;50;3.29;1;1
12558;32893.45;50;3.29;1;1
12559;32893.45;50;3.29;1;1
12560;32893.45;50;3.29;1;1
12561;32893.45;50;3.29;1;1
12562;32893.45;50;3.29;1;1
12563;32893.45;50;3.29;1;1
12564;32893.45;50;3.29;1;1
12565;32893.45;50;3.29;1;1
12566;32893.45;50;3.29;1;1
12567;32893.45;50;3.29;1;1
12568;32942.32;50;3.29;1;1
12569;32893.45;50;3.29;1;1
12570;32942.32;50;3.29;1;1
12571;32942.32;50;3.29;1;1
12572;32942.32;50;3.29;1;1
12573;32893.45;50;3.29;1;1
12574;32942.32;50;3.29;1;1
12575;32942.32;50;3.29;1;1
12576;32893.45;50;3.29;1;1
12577;32942.32;50;3.29;1;1
12578;32942.32;50;3.29;1;1
12579;32942.32;50;3.29;1;1
12580;32942.32;50;3.29;1;1
12581;32942.32;50;3.29;1;1
12582;32942.32;50;3.29;1;1
12583;32942.32;50;3.29;1;1
12584;32942.32;50;3.29;1;1
12585;32942.32;50;3.29;1;1
12586;32942.32;50;3.29;1;1
12587;32942.32;50;3.29;1;1
12588;32942.32;50;3.29;1;1
12589;32942.32;50;3.29;1;1
12590;32942.32;50;3.29;1;1
12591;32942.32;50;3.29;1;1
12592;32942.32;50;3.29;1;1
12593;32942.32;50;3.29;1;1
12594;32942.32;50;3.29;1;1
12595;32991.20;50;3.29;1;1
12596;32991.20;50;3.30;1;1
12597;32991.20;50;3.30;1;1
12598;32991.20;50;3.30;1;1
12599;32991.20;50;3.30;1;1
12600;32991.20;50;3.30;1;1
12601;32991.20;50;3.30;1;1
12602;32991.20;50;3.30;1;1
12603;32991.20;50;3.30;1;1
12604;32991.20;50;3.30;1;1
12605;32991.20;50;3.30;1;1
12606;32991.20;50;3.30;1;1
12607;32991.20;50;3.30;1;1
12608;32991.20;50;3.30;1;1
12609;32991.20;50;3.30;1;1
12610;32991.20;50;3.30;1;1
12611;32991.20;50;3.30;1;1
12612;32991.20;50;3.30;1;1
12613;32991.20;50;3.30;1;1
12614;32991.20;50;3.30;1;1
12615;32991.20;50;3.30;1;1
12616;32991.20;50;3.30;1;1
12617;32991.20;50;3.30;1;1
12618;32991.20;50;3.30;1;1
12619;32991.20;50;3.30;1;1
12620;32991.20;50;3.30;1;1
12621;32991.20;50;3.30;1;1
12622;32991.20;50;3.30;1;1
12623;32991.20;50;3.30;1;1
12624;32991.20;50;3.30;1;1
12625;32991.20;50;3.30;1;1
12626;32991.20;50;3.30;1;1
12627;32991.20;50;3.30;1;1
12628;32991.20;50;3.30;1;1
12629;32991.20;50;3.30;1;1
12630;32991.20;50;3.30;1;1
12631;32991.20;50;3.30;1;1
12632;32991.20;50;3.30;1;1
12633;32991.20;50;3.30;1;1
12634;32991.20;50;3.30;1;1
12635;32991.20;50;3.30;1;1
12636;32991.20;50;3.30;1;1
12637;32991.20;50;3.30;1;1
12638;32991.20;50;3.30;1;1
12639;32991.20;50;3.30;1;1
12640;32991.20;50;3.30;1;1
12641;32991.20;50;3.30;1;1
12642;32991.20;50;3.30;1;1
12643;32991.20;50;3.30;1;1
12644;32991.20;50;3.30;1;1
12645;32991.20;50;3.30;1;1
12646;32991.20;50;3.30;1;1
12647;32991.20;50;3.30;1;1
12648;32991.20;50;3.30;1;1
12649;32991.20;50;3.30;1;1
12650;32991.20;50;3.30;1;1
12651;32991.20;50;3.30;1;1
12652;32991.20;50;3.30;1;1
12653;32991.20;50;3.30;1;1
12654;32991.20;50;3.30;1;1
12655;32991.20;50;3.30;1;1
12656;32991.20;50;3.30;1;1
12657;33040.08;50;3.30;1;1
12658;32991.20;50;3.30;1;1
12659;32991.20;50;3.30;1;1
12660;32991.20;50;3.30;1;1
12661;32991.20;50;3.30;1;1
12662;32991.20;50;3.30;1;1
12663;32991.20;50;3.30;1;1
12664;32991.20;50;3.30;1;1
12665;33040.08;50;3.30;1;1
12666;33040.08;50;3.30;1;1
12667;33040.08;50;3.30;1;1
12668;33040.08;50;3.30;1;1
12669;32991.20;50;3.30;1;1
12670;33040.08;50;3.30;1;1
12671;33040.08;50;3.30;1;1
12672;33040.08;50;3.30;1;1
12673;33040.08;50;3.30;1;1
12674;33040.08;50;3.30;1;1
12675;33040.08;50;3.30;1;1
12676;33040.08;50;3.30;1;1
12677;33040.08;50;3.30;1;1
12678;33040.08;50;3.30;1;1
12679;33040.08;50;3.30;1;1
12680;33040.08;50;3.30;1;1
12681;33040.08;50;3.30;1;1
12682;33040.08;50;3.30;1;1
12683;33040.08;50;3.30;1;1
12684;33040.08;50;3.30;1;1
12685;33040.08;50;3.30;1;1
12686;33040.08;50;3.30;1;1
12687;33040.08;50;3.30;1;1
12688;33040.08;50;3.30;1;1
12689;33040.08;50;3.30;1;1
12690;33040.08;50;3.30;1;1
12691;33040.08;50;3.30;1;1
12692;33040.08;50;3.30;1;1
12693;33040.08;50;3.30;1;1
12694;33040.08;50;3.30;1;1
12695;33040.08;50;3.30;1;1
12696;33040.08;50;3.30;1;1
12697;33040.08;50;3.30;1;1
12698;33040.08;50;3.30;1;1
12699;33040.08;50;3.30;1;1
12700;33040.08;50;3.30;1;1
12701;33040.08;50;3.30;1;1
12702;33040.08;50;3.30;1;1
12703;33040.08;50;3.30;1;1
12704;33040.08;50;3.30;1;1
12705;33040.08;50;3.30;1;1
12706;33040.08;50;3.30;1;1
12707;33040.08;50;3.30;1;1
12708;33040.08;50;3.30;1;1
12709;33040.08;50;3.30;1;1
12710;33040.08;50;3.30;1;1
12711;33040.08;50;3.30;1;1
12712;33040.08;50;3.30;1;1
12713;33040.08;50;3.30;1;1
12714;33040.08;50;3.30;1;1
12715;33040.08;50;3.30;1;1
12716;33040.08;50;3.30;1;1
12717;33040.08;50;3.30;1;1
12718;33040.08;50;3.30;1;1
12719;33040.08;50;3.30;1;1
12720;33040.08;50;3.30;1;1
12721;33040.08;50;3.30;1;1
12722;33040.08;50;3.30;1;1
12723;33040.08;50;3.30;1;1
12724;33040.08;50;3.30;1;1
12725;33040.08;50;3.30;1;1
12726;33040.08;50;3.30;1;1
12727;33040.08;50;3.30;1;1
12728;33040.08;50;3.30;1;1
12729;33040.08;50;3.30;1;1
12730;33040.08;50;3.30;1;1
12731;33040.08;50;3.30;1;1
12732;33040.08;50;3.30;1;1
12733;33088.95;50;3.30;1;1
12734;33040.08;50;3.31;1;1
12735;33040.08;50;3.30;1;1
12736;33040.08;50;3.30;1;1
12737;33040.08;50;3.30;1;1
12738;33040.08;50;3.30;1;1
12739;33040.08;50;3.30;1;1
12740;33040.08;50;3.30;1;1
12741;33088.95;50;3.30;1;1
12742;33040.08;50;3.31;1;1
12743;33088.95;50;3.30;1;1
12744;33088.95;50;3.31;1;1
12745;33040.08;50;3.31;1;1
12746;33088.95;50;3.30;1;1
12747;33040.08;50;3.31;1;1
12748;33040.08;50;3.30;1;1
12749;33040.08;50;3.30;1;1
12750;33040.08;50;3.30;1;1
12751;33040.08;50;3.30;1;1
12752;33088.95;50;3.30;1;1
12753;33040.08;50;3.31;1;1
12754;33040.08;50;3.30;1;1
12755;33088.95;50;3.30;1;1
12756;33040.08;50;3.31;1;1
12757;33088.95;50;3.30;1;1
12758;33088.95;50;3.31;1;1
12759;33040.08;50;3.31;1;1
12760;33088.95;50;3.30;1;1
12761;33040.08;50;3.31;1;1
12762;33040.08;50;3.30;1;1
12763;33040.08;50;3.30;1;1
12764;33088.95;50;3.30;1;1
12765;33088.95;50;3.31;1;1
12766;33088.95;50;3.31;1;1
12767;33088.95;50;3.31;1;1
12768;33040.08;50;3.31;1;1
12769;33040.08;50;3.30;1;1
12770;33040.08;50;3.30;1;1
12771;33040.08;50;3.30;1;1
12772;33088.95;50;3.30;1;1
12773;33088.95;50;3.31;1;1
12774;33088.95;50;3.31;1;1
12775;33040.08;50;3.31;1;1
12776;33088.95;50;3.30;1;1
12777;33040.08;50;3.31;1;1
12778;33088.95;50;3.30;1;1
12779;33088.95;50;3.31;1;1
12780;33040.08;50;3.31;1;1
12781;33040.08;50;3.30;1;1
12782;33040.08;50;3.30;1;1
12783;33088.95;50;3.30;1;1
12784;33040.08;50;3.31;1;1
12785;33040.08;50;3.30;1;1
12786;33088.95;50;3.30;1;1
12787;33040.08;50;3.31;1;1
12788;33088.95;50;3.30;1;1
12789;33088.95;50;3.31;1;1
12790;33040.08;50;3.31;1;1
12791;33040.08;50;3.30;1;1
12792;33040.08;50;3.30;1;1
12793;33088.95;50;3.30;1;1
12794;33088.95;50;3.31;1;1
12795;33040.08;50;3.31;1;1
12796;33088.95;50;3.30;1;1
12797;33088.95;50;3.31;1;1
12798;33088.95;50;3.31;1;1
12799;33040.08;50;3.31;1;1
12800;33088.95;50;3.30;1;1
12801;33088.95;50;3.31;1;1
12802;33088.95;50;3.31;1;1
12803;33088.95;50;3.31;1;1
12804;33088.95;50;3.31;1;1
12805;33040.08;50;3.31;1;1
12806;33088.95;50;3.30;1;1
12807;33040.08;50;3.31;1;1
12808;33040.08;50;3.30;1;1
12809;33088.95;50;3.30;1;1
12810;33088.95;50;3.31;1;1
12811;33088.95;50;3.31;1;1
12812;33088.95;50;3.31;1;1
12813;33088.95;50;3.31;1;1
12814;33088.95;50;3.31;1;1
12815;33088.95;50;3.31;1;1
12816;33088.95;50;3.31;1;1
12817;33088.95;50;3.31;1;1
12818;33088.95;50;3.31;1;1
12819;33088.95;50;3.31;1;1
12820;33040.08;50;3.31;1;1
12821;33040.08;50;3.30;1;1
12822;33088.95;50;3.30;1;1
12823;33088.95;50;3.31;1;1
12824;33088.95;50;3.31;1;1
12825;33088.95;50;3.31;1;1
12826;33088.95;50;3.31;1;1
12827;33088.95;50;3.31;1;1
12828;33040.08;50;3.31;1;1
12829;33088.95;50;3.30;1;1
12830;33088.95;50;3.31;1;1
12831;33040.08;50;3.31;1;1
12832;33088.95;50;3.30;1;1
12833;33040.08;50;3.31;1;1
12834;33040.08;50;3.30;1;1
12835;33040.08;50;3.30;1;1
12836;33088.95;50;3.30;1;1
12837;33040.08;50;3.31;1;1
12838;33088.95;50;3.30;1;1
12839;33088.95;50;3.31;1;1
12840;33040.08;50;3.31;1;1
12841;33088.95;50;3.30;1;1
12842;33088.95;50;3.31;1;1
12843;33040.08;50;3.31;1;1
12844;33088.95;50;3.30;1;1
12845;33088.95;50;3.31;1;1
12846;33088.95;50;3.31;1;1
12847;33088.95;50;3.31;1;1
12848;33088.95;50;3.31;1;1
12849;33040.08;50;3.31;1;1
12850;33088.95;50;3.30;1;1
12851;33088.95;50;3.31;1;1
12852;33088.95;50;3.31;1;1
12853;33088.95;50;3.31;1;1
12854;33088.95;50;3.31;1;1
12855;33040.08;50;3.31;1;1
12856;33088.95;50;3.30;1;1
12857;33040.08;50;3.31;1;1
12858;33088.95;50;3.30;1;1
12859;33040.08;50;3.31;1;1
12860;33088.95;50;3.30;1;1
12861;33088.95;50;3.31;1;1
12862;33088.95;50;3.31;1;1
12863;33088.95;50;3.31;1;1
12864;33040.08;50;3.31;1;1
12865;33040.08;50;3.30;1;1
12866;33088.95;50;3.30;1;1
12867;33088.95;50;3.31;1;1
12868;33088.95;50;3.31;1;1
12869;33040.08;50;3.31;1;1
12870;33088.95;50;3.30;1;1
12871;33088.95;50;3.31;1;1
12872;33088.95;50;3.31;1;1
12873;33088.95;50;3.31;1;1
12874;33088.95;50;3.31;1;1
12875;33088.95;50;3.31;1;1
12876;33040.08;50;3.31;1;1
12877;33088.95;50;3.30;1;1
12878;33088.95;50;3.31;1;1
12879;33040.08;50;3.31;1;1
12880;33040.08;50;3.30;1;1
12881;33088.95;50;3.30;1;1
12882;33088.95;50;3.31;1;1
12883;33088.95;50;3.31;1;1
12884;33088.95;50;3.31;1;1
12885;33040.08;50;3.31;1;1
12886;33088.95;50;3.30;1;1
12887;33040.08;50;3.31;1;1
12888;33088.95;50;3.30;1;1
12889;33088.95;50;3.31;1;1
12890;33040.08;50;3.31;1;1
12891;33040.08;50;3.30;1;1
12892;33040.08;50;3.30;1;1
12893;33088.95;50;3.30;1;1
12894;33040.08;50;3.31;1;1
12895;33088.95;50;3.30;1;1
12896;33040.08;50;3.31;1;1
12897;33040.08;50;3.30;1;1
12898;33040.08;50;3.30;1;1
12899;33088.95;50;3.30;1;1
12900;33088.95;50;3.31;1;1
12901;33088.95;50;3.31;1;1
12902;33088.95;50;3.31;1;1
12903;33040.08;50;3.31;1;1
12904;33088.95;50;3.30;1;1
12905;33040.08;50;3.31;1;1
12906;33088.95;50;3.30;1;1
12907;33088.95;50;3.31;1;1
12908;33088.95;50;3.31;1;1
12909;33040.08;50;3.31;1;1
12910;33088.95;50;3.30;1;1
12911;33088.95;50;3.31;1;1
12912;33088.95;50;3.31;1;1
12913;33088.95;50;3.31;1;1
12914;33088.95;50;3.31;1;1
12915;33040.08;50;3.31;1;1
12916;33040.08;50;3.30;1;1
12917;33040.08;50;3.30;1;1
12918;33088.95;50;3.30;1;1
12919;33088.95;50;3.31;1;1
12920;33088.95;50;3.31;1;1
12921;33040.08;50;3.31;1;1
12922;33088.95;50;3.30;1;1
12923;33088.95;50;3.31;1;1
12924;33040.08;50;3.31;1;1
12925;33040.08;50;3.30;1;1
12926;33088.95;50;3.30;1;1
12927;33088.95;50;3.31;1;1
12928;33088.95;50;3.31;1;1
12929;33088.95;50;3.31;1;1
12930;33088.95;50;3.31;1;1
12931;33040.08;50;3.31;1;1
12932;33088.95;50;3.30;1;1
12933;33088.95;50;3.31;1;1
12934;33088.95;50;3.31;1;1
12935;33088.95;50;3.31;1;1
12936;33088.95;50;3.31;1;1
12937;33088.95;50;3.31;1;1
12938;33040.08;50;3.31;1;1
12939;33088.95;50;3.30;1;1
12940;33088.95;50;3.31;1;1
12941;33040.08;50;3.31;1;1
12942;33088.95;50;3.30;1;1
12943;33040.08;50;3.31;1;1
12944;33088.95;50;3.30;1;1
12945;33040.08;50;3.31;1;1
12946;33040.08;50;3.30;1;1
12947;33088.95;50;3.30;1;1
12948;33088.95;50;3.31;1;1
12949;33088.95;50;3.31;1;1
12950;33088.95;50;3.31;1;1
12951;33088.95;50;3.31;1;1
12952;33040.08;50;3.31;1;1
12953;33040.08;50;3.30;1;1
12954;33088.95;50;3.30;1;1
12955;33088.95;50;3.31;1;1
12956;33040.08;50;3.31;1;1
12957;33088.95;50;3.30;1;1
12958;33088.95;50;3.31;1;1
12959;33088.95;50;3.31;1;1
12960;33040.08;50;3.31;1;1
12961;33040.08;50;3.30;1;1
12962;33088.95;50;3.30;1;1
12963;33088.95;50;3.31;1;1
12964;33088.95;50;3.31;1;1
12965;33088.95;50;3.31;1;1
12966;33040.08;50;3.31;1;1
12967;33040.08;50;3.30;1;1
12968;33040.08;50;3.30;1;1
12969;33088.95;50;3.30;1;1
12970;33088.95;50;3.31;1;1
12971;33088.95;50;3.31;1;1
12972;33088.95;50;3.31;1;1
12973;33088.95;50;3.31;1;1
12974;33088.95;50;3.31;1;1
12975;33088.95;50;3.31;1;1
12976;33088.95;50;3.31;1;1
12977;33088.95;50;3.31;1;1
12978;33088.95;50;3.31;1;1
12979;33088.95;50;3.31;1;1
12980;33088.95;50;3.31;1;1
12981;33088.95;50;3.31;1;1
12982;33040.08;50;3.31;1;1
12983;33088.95;50;3.30;1;1
12984;33040.08;50;3.31;1;1
12985;33088.95;50;3.30;1;1
12986;33088.95;50;3.31;1;1
12987;33088.95;50;3.31;1;1
12988;33088.95;50;3.31;1;1
12989;33088.95;50;3.31;1;1
12990;33088.95;50;3.31;1;1
12991;33088.95;50;3.31;1;1
12992;33088.95;50;3.31;1;1
12993;33088.95;50;3.31;1;1
12994;33088.95;50;3.31;1;1
12995;33088.95;50;3.31;1;1
12996;33088.95;50;3.31;1;1
12997;33088.95;50;3.31;1;1
12998;33088.95;50;3.31;1;1
12999;33088.95;50;3.31;1;1
13000;33088.95;50;3.31;1;1
13001;33088.95;50;3.31;1;1
13002;33088.95;50;3.31;1;1
13003;33088.95;50;3.31;1;1
13004;33040.08;50;3.31;1;1
13005;33088.95;50;3.30;1;1
13006;33088.95;50;3.31;1;1
13007;33088.95;50;3.31;1;1
13008;33088.95;50;3.31;1;1
13009;33088.95;50;3.31;1;1
13010;33088.95;50;3.31;1;1
13011;33088.95;50;3.31;1;1
13012;33088.95;50;3.31;1;1
13013;33088.95;50;3.31;1;1
13014;33088.95;50;3.31;1;1
13015;33088.95;50;3.31;1;1
13016;33088.95;50;3.31;1;1
13017;33088.95;50;3.31;1;1
13018;33040.08;50;3.31;1;1
13019;33088.95;50;3.30;1;1
13020;33088.95;50;3.31;1;1
13021;33088.95;50;3.31;1;1
13022;33040.08;50;3.31;1;1
13023;33088.95;50;3.30;1;1
13024;33088.95;50;3.31;1;1
13025;33088.95;50;3.31;1;1
13026;33088.95;50;3.31;1;1
13027;33088.95;50;3.31;1;1
13028;33088.95;50;3.31;1;1
13029;33088.95;50;3.31;1;1
13030;33088.95;50;3.31;1;1
13031;33088.95;50;3.31;1;1
13032;33040.08;50;3.31;1;1
13033;33088.95;50;3.30;1;1
13034;33088.95;50;3.31;1;1
13035;33088.95;50;3.31;1;1
13036;33040.08;50;3.31;1;1
13037;33040.08;50;3.30;1;1
13038;33088.95;50;3.30;1;1
13039;33088.95;50;3.31;1;1
13040;33040.08;50;3.31;1;1
13041;33088.95;50;3.30;1;1
13042;33088.95;50;3.31;1;1
13043;33088.95;50;3.31;1;1
13044;33088.95;50;3.31;1;1
13045;33040.08;50;3.31;1;1
13046;33088.95;50;3.30;1;1
13047;33088.95;50;3.31;1;1
13048;33088.95;50;3.31;1;1
13049;33088.95;50;3.31;1;1
13050;33088.95;50;3.31;1;1
13051;33088.95;50;3.31;1;1
13052;33088.95;50;3.31;1;1
13053;33088.95;50;3.31;1;1
13054;33040.08;50;3.31;1;1
13055;33040.08;50;3.30;1;1
13056;33088.95;50;3.30;1;1
13057;33040.08;50;3.31;1;1
13058;33088.95;50;3.30;1;1
13059;33088.95;50;3.31;1;1
13060;33088.95;50;3.31;1;1
13061;33088.95;50;3.31;1;1
13062;33088.95;50;3.31;1;1
13063;33088.95;50;3.31;1;1
13064;33088.95;50;3.31;1;1
13065;33088.95;50;3.31;1;1
13066;33088.95;50;3.31;1;1
13067;33040.08;50;3.31;1;1
13068;33040.08;50;3.30;1;1
13069;33088.95;50;3.30;1;1
13070;33088.95;50;3.31;1;1
13071;33040.08;50;3.31;1;1
13072;33088.95;50;3.30;1;1
13073;33088.95;50;3.31;1;1
13074;33088.95;50;3.31;1;1
13075;33088.95;50;3.31;1;1
13076;33040.08;50;3.31;1;1
13077;33088.95;50;3.30;1;1
13078;33088.95;50;3.31;1;1
13079;33088.95;50;3.31;1;1
13080;33088.95;50;3.31;1;1
13081;33088.95;50;3.31;1;1
13082;33088.95;50;3.31;1;1
13083;33040.08;50;3.31;1;1
13084;33088.95;50;3.30;1;1
13085;33088.95;50;3.31;1;1
13086;33040.08;50;3.31;1;1
13087;33088.95;50;3.30;1;1
13088;33088.95;50;3.31;1;1
13089;33088.95;50;3.31;1;1
13090;33040.08;50;3.31;1;1
13091;33040.08;50;3.30;1;1
13092;33088.95;50;3.30;1;1
13093;33088.95;50;3.31;1;1
13094;33040.08;50;3.31;1;1
13095;33088.95;50;3.30;1;1
13096;33088.95;50;3.31;1;1
13097;33088.95;50;3.31;1;1
13098;33040.08;50;3.31;1;1
13099;33088.95;50;3.30;1;1
13100;33088.95;50;3.31;1;1
13101;33088.95;50;3.31;1;1
13102;33088.95;50;3.31;1;1
13103;33088.95;50;3.31;1;1
13104;33040.08;50;3.31;1;1
13105;33088.95;50;3.30;1;1
13106;33088.95;50;3.31;1;1
13107;33088.95;50;3.31;1;1
13108;33088.95;50;3.31;1;1
13109;33088.95;50;3.31;1;1
13110;33088.95;50;3.31;1;1
13111;33088.95;50;3.31;1;1
13112;33088.95;50;3.31;1;1
13113;33040.08;50;3.31;1;1
13114;33088.95;50;3.30;1;1
13115;33088.95;50;3.31;1;1
13116;33088.95;50;3.31;1;1
13117;33088.95;50;3.31;1;1
13118;33040.08;50;3.31;1;1
13119;33088.95;50;3.30;1;1
13120;33040.08;50;3.31;1;1
13121;33088.95;50;3.30;1;1
13122;33088.95;50;3.31;1;1
13123;33088.95;50;3.31;1;1
13124;33040.08;50;3.31;1;1
13125;33088.95;50;3.30;1;1
13126;33088.95;50;3.31;1;1
13127;33040.08;50;3.31;1;1
13128;33088.95;50;3.30;1;1
13129;33088.95;50;3.31;1;1
13130;33088.95;50;3.31;1;1
13131;33088.95;50;3.31;1;1
13132;33088.95;50;3.31;1;1
13133;33088.95;50;3.31;1;1
13134;33040.08;50;3.31;1;1
13135;33088.95;50;3.30;1;1
13136;33040.08;50;3.31;1;1
13137;33088.95;50;3.30;1;1
13138;33088.95;50;3.31;1;1
13139;33088.95;50;3.31;1;1
13140;33088.95;50;3.31;1;1
13141;33088.95;50;3.31;1;1
13142;33088.95;50;3.31;1;1
13143;33088.95;50;3.31;1;1
13144;33088.95;50;3.31;1;1
13145;33088.95;50;3.31;1;1
13146;33088.95;50;3.31;1;1
13147;33088.95;50;3.31;1;1
13148;33088.95;50;3.31;1;1
13149;33088.95;50;3.31;1;1
13150;33088.95;50;3.31;1;1
13151;33088.95;50;3.31;1;1
13152;33088.95;50;3.31;1;1
13153;33088.95;50;3.31;1;1
13154;33088.95;50;3.31;1;1
13155;33088.95;50;3.31;1;1
13156;33088.95;50;3.31;1;1
13157;33088.95;50;3.31;1;1
13158;33088.95;50;3.31;1;1
13159;33088.95;50;3.31;1;1
13160;33040.08;50;3.31;1;1
13161;33088.95;50;3.30;1;1
13162;33088.95;50;3.31;1;1
13163;33088.95;50;3.31;1;1
13164;33088.95;50;3.31;1;1
13165;33088.95;50;3.31;1;1
13166;33088.95;50;3.31;1;1
13167;33040.08;50;3.31;1;1
13168;33088.95;50;3.30;1;1
13169;33088.95;50;3.31;1;1
13170;33040.08;50;3.31;1;1
13171;33088.95;50;3.30;1;1
13172;33088.95;50;3.31;1;1
13173;33088.95;50;3.31;1;1
13174;33088.95;50;3.31;1;1
13175;33088.95;50;3.31;1;1
13176;33088.95;50;3.31;1;1
13177;33040.08;50;3.31;1;1
13178;33088.95;50;3.30;1;1
13179;33088.95;50;3.31;1;1
13180;33040.08;50;3.31;1;1
13181;33088.95;50;3.30;1;1
13182;33088.95;50;3.31;1;1
13183;33088.95;50;3.31;1;1
13184;33088.95;50;3.31;1;1
13185;33088.95;50;3.31;1;1
13186;33088.95;50;3.31;1;1
13187;33088.95;50;3.31;1;1
13188;33088.95;50;3.31;1;1
13189;33088.95;50;3.31;1;1
13190;33088.95;50;3.31;1;1
13191;33088.95;50;3.31;1;1
13192;33088.95;50;3.31;1;1
13193;33088.95;50;3.31;1;1
13194;33088.95;50;3.31;1;1
13195;33088.95;50;3.31;1;1
13196;33088.95;50;3.31;1;1
13197;33088.95;50;3.31;1;1
13198;33088.95;50;3.31;1;1
13199;33040.08;50;3.31;1;1
13200;33088.95;50;3.30;1;1
13201;33088.95;50;3.31;1;1
13202;33088.95;50;3.31;1;1
13203;33088.95;50;3.31;1;1
13204;33088.95;50;3.31;1;1
13205;33088.95;50;3.31;1;1
13206;33088.95;50;3.31;1;1
13207;33088.95;50;3.31;1;1
13208;33088.95;50;3.31;1;1
13209;33088.95;50;3.31;1;1
13210;33088.95;50;3.31;1;1
13211;33088.95;50;3.31;1;1
13212;33088.95;50;3.31;1;1
13213;33040.08;50;3.31;1;1
13214;33088.95;50;3.30;1;1
13215;33088.95;50;3.31;1;1
13216;33088.95;50;3.31;1;1
13217;33040.08;50;3.31;1;1
13218;33088.95;50;3.30;1;1
13219;33088.95;50;3.31;1;1
13220;33040.08;50;3.31;1;1
13221;33088.95;50;3.30;1;1
13222;33088.95;50;3.31;1;1
13223;33088.95;50;3.31;1;1
13224;33088.95;50;3.31;1;1
13225;33088.95;50;3.31;1;1
13226;33088.95;50;3.31;1;1
13227;33088.95;50;3.31;1;1
13228;33088.95;50;3.31;1;1
13229;33088.95;50;3.31;1;1
13230;33088.95;50;3.31;1;1
13231;33088.95;50;3.31;1;1
13232;33088.95;50;3.31;1;1
13233;33088.95;50;3.31;1;1
13234;33088.95;50;3.31;1;1
13235;33088.95;50;3.31;1;1
13236;33088.95;50;3.31;1;1
13237;33088.95;50;3.31;1;1
13238;33088.95;50;3.31;1;1
13239;33088.95;50;3.31;1;1
13240;33088.95;50;3.31;1;1
13241;33088.95;50;3.31;1;1
13242;33088.95;50;3.31;1;1
13243;33088.95;50;3.31;1;1
13244;33088.95;50;3.31;1;1
13245;33088.95;50;3.31;1;1
13246;33088.95;50;3.31;1;1
13247;33088.95;50;3.31;1;1
13248;33088.95;50;3.31;1;1
13249;33088.95;50;3.31;1;1
13250;33088.95;50;3.31;1;1
13251;33088.95;50;3.31;1;1
13252;33088.95;50;3.31;1;1
13253;33088.95;50;3.31;1;1
13254;33088.95;50;3.31;1;1
13255;33088.95;50;3.31;1;1
13256;33088.95;50;3.31;1;1
13257;33088.95;50;3.31;1;1
13258;33088.95;50;3.31;1;1
13259;33088.95;50;3.31;1;1
13260;33088.95;50;3.31;1;1
13261;33040.08;50;3.31;1;1
13262;33088.95;50;3.30;1;1
13263;33088.95;50;3.31;1;1
13264;33088.95;50;3.31;1;1
13265;33088.95;50;3.31;1;1
13266;33088.95;50;3.31;1;1
13267;33088.95;50;3.31;1;1
13268;33088.95;50;3.31;1;1
13269;33088.95;50;3.31;1;1
13270;33088.95;50;3.31;1;1
13271;33088.95;50;3.31;1;1
13272;33088.95;50;3.31;1;1
13273;33088.95;50;3.31;1;1
13274;33088.95;50;3.31;1;1
13275;33088.95;50;3.31;1;1
13276;33088.95;50;3.31;1;1
13277;33088.95;50;3.31;1;1
13278;33088.95;50;3.31;1;1
13279;33088.95;50;3.31;1;1
13280;33088.95;50;3.31;1;1
13281;33088.95;50;3.31;1;1
13282;33088.95;50;3.31;1;1
13283;33088.95;50;3.31;1;1
13284;33088.95;50;3.31;1;1
13285;33088.95;50;3.31;1;1
13286;33088.95;50;3.31;1;1
13287;33088.95;50;3.31;1;1
13288;33040.08;50;3.31;1;1
13289;33088.95;50;3.30;1;1
13290;33088.95;50;3.31;1;1
13291;33088.95;50;3.31;1;1
13292;33088.95;50;3.31;1;1
13293;33088.95;50;3.31;1;1
13294;33040.08;50;3.31;1;1
13295;33088.95;50;3.30;1;1
13296;33088.95;50;3.31;1;1
13297;33088.95;50;3.31;1;1
13298;33088.95;50;3.31;1;1
13299;33088.95;50;3.31;1;1
13300;33088.95;50;3.31;1;1
13301;33088.95;50;3.31;1;1
13302;33088.95;50;3.31;1;1
13303;33088.95;50;3.31;1;1
13304;33088.95;50;3.31;1;1
13305;33040.08;50;3.31;1;1
13306;33040.08;50;3.30;1;1
13307;33088.95;50;3.30;1;1
13308;33088.95;50;3.31;1;1
13309;33088.95;50;3.31;1;1
13310;33088.95;50;3.31;1;1
13311;33088.95;50;3.31;1;1
13312;33088.95;50;3.31;1;1
13313;33088.95;50;3.31;1;1
13314;33088.95;50;3.31;1;1
13315;33088.95;50;3.31;1;1
13316;33088.95;50;3.31;1;1
13317;33088.95;50;3.31;1;1
13318;33088.95;50;3.31;1;1
13319;33088.95;50;3.31;1;1
13320;33088.95;50;3.31;1;1
13321;33088.95;50;3.31;1;1
13322;33088.95;50;3.31;1;1
13323;33088.95;50;3.31;1;1
13324;33088.95;50;3.31;1;1
13325;33088.95;50;3.31;1;1
13326;33088.95;50;3.31;1;1
13327;33088.95;50;3.31;1;1
13328;33088.95;50;3.31;1;1
13329;33088.95;50;3.31;1;1
13330;33088.95;50;3.31;1;1
13331;33088.95;50;3.31;1;1
13332;33088.95;50;3.31;1;1
13333;33088.95;50;3.31;1;1
13334;33088.95;50;3.31;1;1
13335;33088.95;50;3.31;1;1
13336;33088.95;50;3.31;1;1
13337;33088.95;50;3.31;1;1
13338;33088.95;50;3.31;1;1
13339;33088.95;50;3.31;1;1
13340;33040.08;50;3.31;1;1
13341;33088.95;50;3.30;1;1
13342;33088.95;50;3.31;1;1
13343;33088.95;50;3.31;1;1
13344;33088.95;50;3.31;1;1
13345;33088.95;50;3.31;1;1
13346;33088.95;50;3.31;1;1
13347;33088.95;50;3.31;1;1
13348;33088.95;50;3.31;1;1
13349;33088.95;50;3.31;1;1
13350;33088.95;50;3.31;1;1
13351;33088.95;50;3.31;1;1
13352;33088.95;50;3.31;1;1
13353;33088.95;50;3.31;1;1
13354;33088.95;50;3.31;1;1
13355;33088.95;50;3.31;1;1
13356;33040.08;50;3.31;1;1
13357;33088.95;50;3.30;1;1
13358;33088.95;50;3.31;1;1
13359;33088.95;50;3.31;1;1
13360;33088.95;50;3.31;1;1
13361;33088.95;50;3.31;1;1
13362;33088.95;50;3.31;1;1
13363;33088.95;50;3.31;1;1
13364;33088.95;50;3.31;1;1
13365;33088.95;50;3.31;1;1
13366;33088.95;50;3.31;1;1
13367;33088.95;50;3.31;1;1
13368;33088.95;50;3.31;1;1
13369;33088.95;50;3.31;1;1
13370;33088.95;50;3.31;1;1
13371;33088.95;50;3.31;1;1
13372;33088.95;50;3.31;1;1
13373;33088.95;50;3.31;1;1
13374;33040.08;50;3.31;1;1
13375;33088.95;50;3.30;1;1
13376;33088.95;50;3.31;1;1
13377;33040.08;50;3.31;1;1
13378;33088.95;50;3.30;1;1
13379;33088.95;50;3.31;1;1
13380;33088.95;50;3.31;1;1
13381;33088.95;50;3.31;1;1
13382;33088.95;50;3.31;1;1
13383;33088.95;50;3.31;1;1
13384;33040.08;50;3.31;1;1
13385;33040.08;50;3.30;1;1
13386;33088.95;50;3.30;1;1
13387;33088.95;50;3.31;1;1
13388;33088.95;50;3.31;1;1
13389;33088.95;50;3.31;1;1
13390;33088.95;50;3.31;1;1
13391;33088.95;50;3.31;1;1
13392;33088.95;50;3.31;1;1
13393;33088.95;50;3.31;1;1
13394;33088.95;50;3.31;1;1
13395;33088.95;50;3.31;1;1
13396;33088.95;50;3.31;1;1
13397;33088.95;50;3.31;1;1
13398;33088.95;50;3.31;1;1
13399;33088.95;50;3.31;1;1
13400;33088.95;50;3.31;1;1
13401;33088.95;50;3.31;1;1
13402;33088.95;50;3.31;1;1
13403;33088.95;50;3.31;1;1
13404;33088.95;50;3.31;1;1
13405;33088.95;50;3.31;1;1
13406;33040.08;50;3.31;1;1
13407;33088.95;50;3.30;1;1
13408;33088.95;50;3.31;1;1
13409;33088.95;50;3.31;1;1
13410;33088.95;50;3.31;1;1
13411;33088.95;50;3.31;1;1
13412;33088.95;50;3.31;1;1
13413;33088.95;50;3.31;1;1
13414;33088.95;50;3.31;1;1
13415;33088.95;50;3.31;1;1
13416;33040.08;50;3.31;1;1
13417;33088.95;50;3.30;1;1
13418;33088.95;50;3.31;1;1
13419;33088.95;50;3.31;1;1
13420;33088.95;50;3.31;1;1
13421;33088.95;50;3.31;1;1
13422;33088.95;50;3.31;1;1
13423;33088.95;50;3.31;1;1
13424;33040.08;50;3.31;1;1
13425;33088.95;50;3.30;1;1
13426;33088.95;50;3.31;1;1
13427;33088.95;50;3.31;1;1
13428;33088.95;50;3.31;1;1
13429;33088.95;50;3.31;1;1
13430;33088.95;50;3.31;1;1
13431;33088.95;50;3.31;1;1
13432;33040.08;50;3.31;1;1
13433;33088.95;50;3.30;1;1
13434;33088.95;50;3.31;1;1
13435;33040.08;50;3.31;1;1
13436;33088.95;50;3.30;1;1
13437;33088.95;50;3.31;1;1
13438;33088.95;50;3.31;1;1
13439;33088.95;50;3.31;1;1
13440;33088.95;50;3.31;1;1
13441;33040.08;50;3.31;1;1
13442;33040.08;50;3.30;1;1
13443;33088.95;50;3.30;1;1
13444;33088.95;50;3.31;1;1
13445;33088.95;50;3.31;1;1
13446;33088.95;50;3.31;1;1
13447;33088.95;50;3.31;1;1
13448;33088.95;50;3.31;1;1
13449;33088.95;50;3.31;1;1
13450;33088.95;50;3.31;1;1
13451;33088.95;50;3.31;1;1
13452;33088.95;50;3.31;1;1
13453;33088.95;50;3.31;1;1
13454;33088.95;50;3.31;1;1
13455;33088.95;50;3.31;1;1
13456;33088.95;50;3.31;1;1
13457;33088.95;50;3.31;1;1
13458;33088.95;50;3.31;1;1
13459;33088.95;50;3.31;1;1
13460;33088.95;50;3.31;1;1
13461;33088.95;50;3.31;1;1
13462;33088.95;50;3.31;1;1
13463;33088.95;50;3.31;1;1
13464;33088.95;50;3.31;1;1
13465;33088.95;50;3.31;1;1
13466;33088.95;50;3.31;1;1
13467;33088.95;50;3.31;1;1
13468;33088.95;50;3.31;1;1
13469;33088.95;50;3.31;1;1
13470;33040.08;50;3.31;1;1
13471;33088.95;50;3.30;1;1
13472;33088.95;50;3.31;1;1
13473;33088.95;50;3.31;1;1
13474;33088.95;50;3.31;1;1
13475;33088.95;50;3.31;1;1
13476;33088.95;50;3.31;1;1
13477;33088.95;50;3.31;1;1
13478;33088.95;50;3.31;1;1
13479;33088.95;50;3.31;1;1
13480;33088.95;50;3.31;1;1
13481;33088.95;50;3.31;1;1
13482;33088.95;50;3.31;1;1
13483;33088.95;50;3.31;1;1
13484;33088.95;50;3.31;1;1
13485;33088.95;50;3.31;1;1
13486;33088.95;50;3.31;1;1
13487;33088.95;50;3.31;1;1
13488;33088.95;50;3.31;1;1
13489;33088.95;50;3.31;1;1
13490;33088.95;50;3.31;1;1
13491;33088.95;50;3.31;1;1
13492;33088.95;50;3.31;1;1
13493;33088.95;50;3.31;1;1
13494;33088.95;50;3.31;1;1
13495;33040.08;50;3.31;1;1
13496;33088.95;50;3.30;1;1
13497;33088.95;50;3.31;1;1
13498;33088.95;50;3.31;1;1
13499;33088.95;50;3.31;1;1
13500;33088.95;50;3.31;1;1
13501;33088.95;50;3.31;1;1
13502;33088.95;50;3.31;1;1
13503;33088.95;50;3.31;1;1
13504;33088.95;50;3.31;1;1
13505;33088.95;50;3.31;1;1
13506;33088.95;50;3.31;1;1
13507;33040.08;50;3.31;1;1
13508;33088.95;50;3.30;1;1
13509;33088.95;50;3.31;1;1
13510;33088.95;50;3.31;1;1
13511;33088.95;50;3.31;1;1
13512;33088.95;50;3.31;1;1
13513;33088.95;50;3.31;1;1
13514;33088.95;50;3.31;1;1
13515;33088.95;50;3.31;1;1
13516;33088.95;50;3.31;1;1
13517;33088.95;50;3.31;1;1
13518;33088.95;50;3.31;1;1
13519;33088.95;50;3.31;1;1
13520;33088.95;50;3.31;1;1
13521;33088.95;50;3.31;1;1
13522;33088.95;50;3.31;1;1
13523;33088.95;50;3.31;1;1
13524;33088.95;50;3.31;1;1
13525;33088.95;50;3.31;1;1
13526;33088.95;50;3.31;1;1
13527;33088.95;50;3.31;1;1
13528;33088.95;50;3.31;1;1
13529;33088.95;50;3.31;1;1
13530;33088.95;50;3.31;1;1
13531;33088.95;50;3.31;1;1
13532;33088.95;50;3.31;1;1
13533;33088.95;50;3.31;1;1
13534;33088.95;50;3.31;1;1
13535;33088.95;50;3.31;1;1
13536;33088.95;50;3.31;1;1
13537;33088.95;50;3.31;1;1
13538;33088.95;50;3.31;1;1
13539;33088.95;50;3.31;1;1
13540;33088.95;50;3.31;1;1
13541;33088.95;50;3.31;1;1
13542;33088.95;50;3.31;1;1
13543;33088.95;50;3.31;1;1
13544;33088.95;50;3.31;1;1
13545;33088.95;50;3.31;1;1
13546;33088.95;50;3.31;1;1
13547;33088.95;50;3.31;1;1
13548;33088.95;50;3.31;1;1
13549;33040.08;50;3.31;1;1
13550;33088.95;50;3.30;1;1
13551;33088.95;50;3.31;1;1
13552;33088.95;50;3.31;1;1
13553;33088.95;50;3.31;1;1
13554;33088.95;50;3.31;1;1
13555;33088.95;50;3.31;1;1
13556;33088.95;50;3.31;1;1
13557;33088.95;50;3.31;1;1
13558;33088.95;50;3.31;1;1
13559;33088.95;50;3.31;1;1
13560;33088.95;50;3.31;1;1
13561;33088.95;50;3.31;1;1
13562;33088.95;50;3.31;1;1
13563;33088.95;50;3.31;1;1
13564;33088.95;50;3.31;1;1
13565;33088.95;50;3.31;1;1
13566;33088.95;50;3.31;1;1
13567;33088.95;50;3.31;1;1
13568;33088.95;50;3.31;1;1
13569;33088.95;50;3.31;1;1
13570;33088.95;50;3.31;1;1
13571;33040.08;50;3.31;1;1
13572;33088.95;50;3.30;1;1
13573;33088.95;50;3.31;1;1
13574;33088.95;50;3.31;1;1
13575;33088.95;50;3.31;1;1
13576;33088.95;50;3.31;1;1
13577;33088.95;50;3.31;1;1
13578;33088.95;50;3.31;1;1
13579;33088.95;50;3.31;1;1
13580;33088.95;50;3.31;1;1
13581;33088.95;50;3.31;1;1
13582;33088.95;50;3.31;1;1
13583;33088.95;50;3.31;1;1
13584;33088.95;50;3.31;1;1
13585;33040.08;50;3.31;1;1
13586;33088.95;50;3.30;1;1
13587;33088.95;50;3.31;1;1
13588;33088.95;50;3.31;1;1
13589;33088.95;50;3.31;1;1
13590;33088.95;50;3.31;1;1
13591;33088.95;50;3.31;1;1
13592;33088.95;50;3.31;1;1
13593;33088.95;50;3.31;1;1
13594;33088.95;50;3.31;1;1
13595;33088.95;50;3.31;1;1
13596;33088.95;50;3.31;1;1
13597;33088.95;50;3.31;1;1
13598;33088.95;50;3.31;1;1
13599;33088.95;50;3.31;1;1
13600;33088.95;50;3.31;1;1
13601;33088.95;50;3.31;1;1
13602;33088.95;50;3.31;1;1
13603;33088.95;50;3.31;1;1
13604;33088.95;50;3.31;1;1
13605;33088.95;50;3.31;1;1
13606;33088.95;50;3.31;1;1
13607;33088.95;50;3.31;1;1
13608;33088.95;50;3.31;1;1
13609;33088.95;50;3.31;1;1
13610;33088.95;50;3.31;1;1
13611;33088.95;50;3.31;1;1
13612;33088.95;50;3.31;1;1
13613;33088.95;50;3.31;1;1
13614;33088.95;50;3.31;1;1
13615;33088.95;50;3.31;1;1
13616;33088.95;50;3.31;1;1
13617;33088.95;50;3.31;1;1
13618;33088.95;50;3.31;1;1
13619;33088.95;50;3.31;1;1
13620;33040.08;50;3.31;1;1
13621;33088.95;50;3.30;1;1
13622;33088.95;50;3.31;1;1
13623;33088.95;50;3.31;1;1
13624;33088.95;50;3.31;1;1
13625;33088.95;50;3.31;1;1
13626;33088.95;50;3.31;1;1
13627;33088.95;50;3.31;1;1
13628;33040.08;50;3.31;1;1
13629;33088.95;50;3.30;1;1
13630;33088.95;50;3.31;1;1
13631;33088.95;50;3.31;1;1
13632;33088.95;50;3.31;1;1
13633;33088.95;50;3.31;1;1
13634;33088.95;50;3.31;1;1
13635;33088.95;50;3.31;1;1
13636;33088.95;50;3.31;1;1
13637;33088.95;50;3.31;1;1
13638;33088.95;50;3.31;1;1
13639;33088.95;50;3.31;1;1
13640;33088.95;50;3.31;1;1
13641;33088.95;50;3.31;1;1
13642;33088.95;50;3.31;1;1
13643;33088.95;50;3.31;1;1
13644;33088.95;50;3.31;1;1
13645;33088.95;50;3.31;1;1
13646;33088.95;50;3.31;1;1
13647;33088.95;50;3.31;1;1
13648;33088.95;50;3.31;1;1
13649;33088.95;50;3.31;1;1
13650;33088.95;50;3.31;1;1
13651;33088.95;50;3.31;1;1
13652;33040.08;50;3.31;1;1
13653;33088.95;50;3.30;1;1
13654;33088.95;50;3.31;1;1
13655;33088.95;50;3.31;1;1
13656;33088.95;50;3.31;1;1
13657;33088.95;50;3.31;1;1
13658;33088.95;50;3.31;1;1
13659;33088.95;50;3.31;1;1
13660;33088.95;50;3.31;1;1
13661;33088.95;50;3.31;1;1
13662;33088.95;50;3.31;1;1
13663;33088.95;50;3.31;1;1
13664;33088.95;50;3.31;1;1
13665;33088.95;50;3.31;1;1
13666;33088.95;50;3.31;1;1
13667;33088.95;50;3.31;1;1
13668;33088.95;50;3.31;1;1
13669;33088.95;50;3.31;1;1
13670;33088.95;50;3.31;1;1
13671;33088.95;50;3.31;1;1
13672;33088.95;50;3.31;1;1
13673;33088.95;50;3.31;1;1
13674;33088.95;50;3.31;1;1
13675;33088.95;50;3.31;1;1
13676;33088.95;50;3.31;1;1
13677;33088.95;50;3.31;1;1
13678;33040.08;50;3.31;1;1
13679;33088.95;50;3.30;1;1
13680;33088.95;50;3.31;1;1
13681;33088.95;50;3.31;1;1
13682;33088.95;50;3.31;1;1
13683;33088.95;50;3.31;1;1
13684;33088.95;50;3.31;1;1
13685;33088.95;50;3.31;1;1
13686;33088.95;50;3.31;1;1
13687;33088.95;50;3.31;1;1
13688;33088.95;50;3.31;1;1
13689;33088.95;50;3.31;1;1
13690;33088.95;50;3.31;1;1
13691;33088.95;50;3.31;1;1
13692;33088.95;50;3.31;1;1
13693;33088.95;50;3.31;1;1
13694;33088.95;50;3.31;1;1
13695;33088.95;50;3.31;1;1
13696;33088.95;50;3.31;1;1
13697;33088.95;50;3.31;1;1
13698;33088.95;50;3.31;1;1
13699;33088.95;50;3.31;1;1
13700;33040.08;50;3.31;1;1
13701;33088.95;50;3.30;1;1
13702;33088.95;50;3.31;1;1
13703;33088.95;50;3.31;1;1
13704;33088.95;50;3.31;1;1
13705;33088.95;50;3.31;1;1
13706;33088.95;50;3.31;1;1
13707;33088.95;50;3.31;1;1
13708;33088.95;50;3.31;1;1
13709;33088.95;50;3.31;1;1
13710;33040.08;50;3.31;1;1
13711;33088.95;50;3.30;1;1
13712;33088.95;50;3.31;1;1
13713;33088.95;50;3.31;1;1
13714;33088.95;50;3.31;1;1
13715;33088.95;50;3.31;1;1
13716;33088.95;50;3.31;1;1
13717;33088.95;50;3.31;1;1
13718;33088.95;50;3.31;1;1
13719;33088.95;50;3.31;1;1
13720;33088.95;50;3.31;1;1
13721;33088.95;50;3.31;1;1
13722;33088.95;50;3.31;1;1
13723;33088.95;50;3.31;1;1
13724;33088.95;50;3.31;1;1
13725;33088.95;50;3.31;1;1
13726;33088.95;50;3.31;1;1
13727;33088.95;50;3.31;1;1
13728;33088.95;50;3.31;1;1
13729;33088.95;50;3.31;1;1
13730;33088.95;50;3.31;1;1
13731;33088.95;50;3.31;1;1
13732;33088.95;50;3.31;1;1
13733;33088.95;50;3.31;1;1
13734;33088.95;50;3.31;1;1
13735;33088.95;50;3.31;1;1
13736;33088.95;50;3.31;1;1
13737;33088.95;50;3.31;1;1
13738;33088.95;50;3.31;1;1
13739;33088.95;50;3.31;1;1
13740;33040.08;50;3.31;1;1
13741;33088.95;50;3.30;1;1
13742;33088.95;50;3.31;1;1
13743;33088.95;50;3.31;1;1
13744;33088.95;50;3.31;1;1
13745;33088.95;50;3.31;1;1
13746;33088.95;50;3.31;1;1
13747;33088.95;50;3.31;1;1
13748;33088.95;50;3.31;1;1
13749;33088.95;50;3.31;1;1
13750;33040.08;50;3.31;1;1
13751;33088.95;50;3.30;1;1
13752;33088.95;50;3.31;1;1
13753;33088.95;50;3.31;1;1
13754;33088.95;50;3.31;1;1
13755;33088.95;50;3.31;1;1
13756;33088.95;50;3.31;1;1
13757;33088.95;50;3.31;1;1
13758;33088.95;50;3.31;1;1
13759;33088.95;50;3.31;1;1
13760;33040.08;50;3.31;1;1
13761;33040.08;50;3.30;1;1
13762;33088.95;50;3.30;1;1
13763;33088.95;50;3.31;1;1
13764;33088.95;50;3.31;1;1
13765;33088.95;50;3.31;1;1
13766;33088.95;50;3.31;1;1
13767;33088.95;50;3.31;1;1
13768;33088.95;50;3.31;1;1
13769;33088.95;50;3.31;1;1
13770;33088.95;50;3.31;1;1
13771;33088.95;50;3.31;1;1
13772;33088.95;50;3.31;1;1
13773;33088.95;50;3.31;1;1
13774;33088.95;50;3.31;1;1
13775;33088.95;50;3.31;1;1
13776;33088.95;50;3.31;1;1
13777;33088.95;50;3.31;1;1
13778;33088.95;50;3.31;1;1
13779;33040.08;50;3.31;1;1
13780;33088.95;50;3.30;1;1
13781;33088.95;50;3.31;1;1
13782;33088.95;50;3.31;1;1
13783;33088.95;50;3.31;1;1
13784;33088.95;50;3.31;1;1
13785;33088.95;50;3.31;1;1
13786;33088.95;50;3.31;1;1
13787;33088.95;50;3.31;1;1
13788;33088.95;50;3.31;1;1
13789;33088.95;50;3.31;1;1
13790;33088.95;50;3.31;1;1
13791;33088.95;50;3.31;1;1
13792;33088.95;50;3.31;1;1
13793;33040.08;50;3.31;1;1
13794;33088.95;50;3.30;1;1
13795;33088.95;50;3.31;1;1
13796;33088.95;50;3.31;1;1
13797;33088.95;50;3.31;1;1
13798;33088.95;50;3.31;1;1
13799;33088.95;50;3.31;1;1
13800;33088.95;50;3.31;1;1
13801;33088.95;50;3.31;1;1
13802;33088.95;50;3.31;1;1
13803;33088.95;50;3.31;1;1
13804;33088.95;50;3.31;1;1
13805;33088.95;50;3.31;1;1
13806;33088.95;50;3.31;1;1
13807;33088.95;50;3.31;1;1
13808;33088.95;50;3.31;1;1
13809;33088.95;50;3.31;1;1
13810;33040.08;50;3.31;1;1
13811;33088.95;50;3.30;1;1
13812;33088.95;50;3.31;1;1
13813;33088.95;50;3.31;1;1
13814;33088.95;50;3.31;1;1
13815;33088.95;50;3.31;1;1
13816;33088.95;50;3.31;1;1
13817;33088.95;50;3.31;1;1
13818;33088.95;50;3.31;1;1
13819;33088.95;50;3.31;1;1
13820;33088.95;50;3.31;1;1
13821;33088.95;50;3.31;1;1
13822;33088.95;50;3.31;1;1
13823;33088.95;50;3.31;1;1
13824;33040.08;50;3.31;1;1
13825;33088.95;50;3.30;1;1
13826;33088.95;50;3.31;1;1
13827;33088.95;50;3.31;1;1
13828;33088.95;50;3.31;1;1
13829;33088.95;50;3.31;1;1
13830;33088.95;50;3.31;1;1
13831;33088.95;50;3.31;1;1
13832;33088.95;50;3.31;1;1
13833;33088.95;50;3.31;1;1
13834;33088.95;50;3.31;1;1
13835;33088.95;50;3.31;1;1
13836;33088.95;50;3.31;1;1
13837;33088.95;50;3.31;1;1
13838;33088.95;50;3.31;1;1
13839;33088.95;50;3.31;1;1
13840;33088.95;50;3.31;1;1
13841;33088.95;50;3.31;1;1
13842;33088.95;50;3.31;1;1
13843;33088.95;50;3.31;1;1
13844;33088.95;50;3.31;1;1
13845;33088.95;50;3.31;1;1
13846;33088.95;50;3.31;1;1
13847;33088.95;50;3.31;1;1
13848;33088.95;50;3.31;1;1
13849;33088.95;50;3.31;1;1
13850;33040.08;50;3.31;1;1
13851;33088.95;50;3.30;1;1
13852;33088.95;50;3.31;1;1
13853;33088.95;50;3.31;1;1
13854;33088.95;50;3.31;1;1
13855;33088.95;50;3.31;1;1
13856;33088.95;50;3.31;1;1
13857;33088.95;50;3.31;1;1
13858;33088.95;50;3.31;1;1
13859;33088.95;50;3.31;1;1
13860;33088.95;50;3.31;1;1
13861;33088.95;50;3.31;1;1
13862;33088.95;50;3.31;1;1
13863;33088.95;50;3.31;1;1
13864;33088.95;50;3.31;1;1
13865;33088.95;50;3.31;1;1
13866;33088.95;50;3.31;1;1
13867;33088.95;50;3.31;1;1
13868;33088.95;50;3.31;1;1
13869;33088.95;50;3.31;1;1
13870;33088.95;50;3.31;1;1
13871;33088.95;50;3.31;1;1
13872;33088.95;50;3.31;1;1
13873;33088.95;50;3.31;1;1
13874;33088.95;50;3.31;1;1
13875;33088.95;50;3.31;1;1
13876;33088.95;50;3.31;1;1
13877;33088.95;50;3.31;1;1
13878;33088.95;50;3.31;1;1
13879;33088.95;50;3.31;1;1
13880;33088.95;50;3.31;1;1
13881;33088.95;50;3.31;1;1
13882;33040.08;50;3.31;1;1
13883;33088.95;50;3.30;1;1
13884;33088.95;50;3.31;1;1
13885;33088.95;50;3.31;1;1
13886;33088.95;50;3.31;1;1
13887;33088.95;50;3.31;1;1
13888;33088.95;50;3.31;1;1
13889;33088.95;50;3.31;1;1
13890;33088.95;50;3.31;1;1
13891;33088.95;50;3.31;1;1
13892;33088.95;50;3.31;1;1
13893;33040.08;50;3.31;1;1
13894;33088.95;50;3.30;1;1
13895;33088.95;50;3.31;1;1
13896;33088.95;50;3.31;1;1
13897;33088.95;50;3.31;1;1
13898;33088.95;50;3.31;1;1
13899;33088.95;50;3.31;1;1
13900;33088.95;50;3.31;1;1
13901;33088.95;50;3.31;1;1
13902;33088.95;50;3.31;1;1
13903;33088.95;50;3.31;1;1
13904;33088.95;50;3.31;1;1
13905;33088.95;50;3.31;1;1
13906;33088.95;50;3.31;1;1
13907;33088.95;50;3.31;1;1
13908;33088.95;50;3.31;1;1
13909;33088.95;50;3.31;1;1
13910;33088.95;50;3.31;1;1
13911;33088.95;50;3.31;1;1
13912;33088.95;50;3.31;1;1
13913;33088.95;50;3.31;1;1
13914;33088.95;50;3.31;1;1
13915;33088.95;50;3.31;1;1
13916;33088.95;50;3.31;1;1
13917;33088.95;50;3.31;1;1
13918;33088.95;50;3.31;1;1
13919;33088.95;50;3.31;1;1
13920;33088.95;50;3.31;1;1
13921;33088.95;50;3.31;1;1
13922;33040.08;50;3.31;1;1
13923;33088.95;50;3.30;1;1
13924;33088.95;50;3.31;1;1
13925;33088.95;50;3.31;1;1
13926;33040.08;50;3.31;1;1
13927;33040.08;50;3.30;1;1
13928;33088.95;50;3.30;1;1
13929;33088.95;50;3.31;1;1
13930;33088.95;50;3.31;1;1
13931;33088.95;50;3.31;1;1
13932;33088.95;50;3.31;1;1
13933;33088.95;50;3.31;1;1
13934;33088.95;50;3.31;1;1
13935;33088.95;50;3.31;1;1
13936;33088.95;50;3.31;1;1
13937;33088.95;50;3.31;1;1
13938;33088.95;50;3.31;1;1
13939;33088.95;50;3.31;1;1
13940;33088.95;50;3.31;1;1
13941;33088.95;50;3.31;1;1
13942;33088.95;50;3.31;1;1
13943;33088.95;50;3.31;1;1
13944;33088.95;50;3.31;1;1
13945;33088.95;50;3.31;1;1
13946;33088.95;50;3.31;1;1
13947;33088.95;50;3.31;1;1
13948;33088.95;50;3.31;1;1
13949;33088.95;50;3.31;1;1
13950;33088.95;50;3.31;1;1
13951;33088.95;50;3.31;1;1
13952;33088.95;50;3.31;1;1
13953;33088.95;50;3.31;1;1
13954;33088.95;50;3.31;1;1
13955;33040.08;50;3.31;1;1
13956;33088.95;50;3.30;1;1
13957;33088.95;50;3.31;1;1
13958;33088.95;50;3.31;1;1
13959;33088.95;50;3.31;1;1
13960;33088.95;50;3.31;1;1
13961;33088.95;50;3.31;1;1
13962;33088.95;50;3.31;1;1
13963;33088.95;50;3.31;1;1
13964;33088.95;50;3.31;1;1
13965;33040.08;50;3.31;1;1
13966;33088.95;50;3.30;1;1
13967;33088.95;50;3.31;1;1
13968;33088.95;50;3.31;1;1
13969;33088.95;50;3.31;1;1
13970;33088.95;50;3.31;1;1
13971;33088.95;50;3.31;1;1
13972;33088.95;50;3.31;1;1
13973;33088.95;50;3.31;1;1
13974;33088.95;50;3.31;1;1
13975;33088.95;50;3.31;1;1
13976;33088.95;50;3.31;1;1
13977;33088.95;50;3.31;1;1
13978;33088.95;50;3.31;1;1
13979;33088.95;50;3.31;1;1
13980;33088.95;50;3.31;1;1
13981;33088.95;50;3.31;1;1
13982;33088.95;50;3.31;1;1
13983;33088.95;50;3.31;1;1
13984;33088.95;50;3.31;1;1
13985;33088.95;50;3.31;1;1
13986;33088.95;50;3.31;1;1
13987;33088.95;50;3.31;1;1
13988;33088.95;50;3.31;1;1
13989;33088.95;50;3.31;1;1
13990;33088.95;50;3.31;1;1
13991;33088.95;50;3.31;1;1
13992;33088.95;50;3.31;1;1
13993;33088.95;50;3.31;1;1
13994;33088.95;50;3.31;1;1
13995;33088.95;50;3.31;1;1
13996;33088.95;50;3.31;1;1
13997;33088.95;50;3.31;1;1
13998;33088.95;50;3.31;1;1
13999;33088.95;50;3.31;1;1
14000;33088.95;50;3.31;1;1
14001;33088.95;50;3.31;1;1
14002;33088.95;50;3.31;1;1
14003;33088.95;50;3.31;1;1
14004;33088.95;50;3.31;1;1
14005;33088.95;50;3.31;1;1
14006;33088.95;50;3.31;1;1
14007;33088.95;50;3.31;1;1
14008;33088.95;50;3.31;1;1
14009;33088.95;50;3.31;1;1
14010;33088.95;50;3.31;1;1
14011;33088.95;50;3.31;1;1
14012;33040.08;50;3.31;1;1
14013;33088.95;50;3.30;1;1
14014;33088.95;50;3.31;1;1
14015;33088.95;50;3.31;1;1
14016;33088.95;50;3.31;1;1
14017;33088.95;50;3.31;1;1
14018;33088.95;50;3.31;1;1
14019;33088.95;50;3.31;1;1
14020;33088.95;50;3.31;1;1
14021;33088.95;50;3.31;1;1
14022;33088.95;50;3.31;1;1
14023;33088.95;50;3.31;1;1
14024;33088.95;50;3.31;1;1
14025;33088.95;50;3.31;1;1
14026;33088.95;50;3.31;1;1
14027;33088.95;50;3.31;1;1
14028;33040.08;50;3.31;1;1
14029;33088.95;50;3.30;1;1
14030;33088.95;50;3.31;1;1
14031;33088.95;50;3.31;1;1
14032;33088.95;50;3.31;1;1
14033;33088.95;50;3.31;1;1
14034;33088.95;50;3.31;1;1
14035;33088.95;50;3.31;1;1
14036;33088.95;50;3.31;1;1
14037;33088.95;50;3.31;1;1
14038;33088.95;50;3.31;1;1
14039;33088.95;50;3.31;1;1
14040;33088.95;50;3.31;1;1
14041;33088.95;50;3.31;1;1
14042;33088.95;50;3.31;1;1
14043;33088.95;50;3.31;1;1
14044;33088.95;50;3.31;1;1
14045;33088.95;50;3.31;1;1
14046;33088.95;50;3.31;1;1
14047;33040.08;50;3.31;1;1
14048;33088.95;50;3.30;1;1
14049;33088.95;50;3.31;1;1
14050;33088.95;50;3.31;1;1
14051;33088.95;50;3.31;1;1
14052;33088.95;50;3.31;1;1
14053;33088.95;50;3.31;1;1
14054;33088.95;50;3.31;1;1
14055;33088.95;50;3.31;1;1
14056;33088.95;50;3.31;1;1
14057;33040.08;50;3.31;1;1
14058;33088.95;50;3.30;1;1
14059;33088.95;50;3.31;1;1
14060;33088.95;50;3.31;1;1
14061;33088.95;50;3.31;1;1
14062;33088.95;50;3.31;1;1
14063;33088.95;50;3.31;1;1
14064;33088.95;50;3.31;1;1
14065;33088.95;50;3.31;1;1
14066;33088.95;50;3.31;1;1
14067;33088.95;50;3.31;1;1
14068;33088.95;50;3.31;1;1
14069;33088.95;50;3.31;1;1
14070;33088.95;50;3.31;1;1
14071;33088.95;50;3.31;1;1
14072;33088.95;50;3.31;1;1
14073;33088.95;50;3.31;1;1
14074;33088.95;50;3.31;1;1
14075;33088.95;50;3.31;1;1
14076;33088.95;50;3.31;1;1
14077;33088.95;50;3.31;1;1
14078;33088.95;50;3.31;1;1
14079;33088.95;50;3.31;1;1
14080;33088.95;50;3.31;1;1
14081;33088.95;50;3.31;1;1
14082;33088.95;50;3.31;1;1
14083;33088.95;50;3.31;1;1
14084;33088.95;50;3.31;1;1
14085;33088.95;50;3.31;1;1
14086;33088.95;50;3.31;1;1
14087;33088.95;50;3.31;1;1
14088;33088.95;50;3.31;1;1
14089;33088.95;50;3.31;1;1
14090;33088.95;50;3.31;1;1
14091;33088.95;50;3.31;1;1
14092;33088.95;50;3.31;1;1
14093;33088.95;50;3.31;1;1
14094;33040.08;50;3.31;1;1
14095;33040.08;50;3.30;1;1
14096;33088.95;50;3.30;1;1
14097;33088.95;50;3.31;1;1
14098;33088.95;50;3.31;1;1
14099;33088.95;50;3.31;1;1
14100;33088.95;50;3.31;1;1
14101;33088.95;50;3.31;1;1
14102;33088.95;50;3.31;1;1
14103;33088.95;50;3.31;1;1
14104;33088.95;50;3.31;1;1
14105;33088.95;50;3.31;1;1
14106;33088.95;50;3.31;1;1
14107;33088.95;50;3.31;1;1
14108;33088.95;50;3.31;1;1
14109;33088.95;50;3.31;1;1
14110;33088.95;50;3.31;1;1
14111;33088.95;50;3.31;1;1
14112;33088.95;50;3.31;1;1
14113;33088.95;50;3.31;1;1
14114;33088.95;50;3.31;1;1
14115;33088.95;50;3.31;1;1
14116;33088.95;50;3.31;1;1
14117;33088.95;50;3.31;1;1
14118;33088.95;50;3.31;1;1
14119;33088.95;50;3.31;1;1
14120;33088.95;50;3.31;1;1
14121;33088.95;50;3.31;1;1
14122;33088.95;50;3.31;1;1
14123;33088.95;50;3.31;1;1
14124;33088.95;50;3.31;1;1
14125;33088.95;50;3.31;1;1
14126;33088.95;50;3.31;1;1
14127;33088.95;50;3.31;1;1
14128;33088.95;50;3.31;1;1
14129;33088.95;50;3.31;1;1
14130;33088.95;50;3.31;1;1
14131;33088.95;50;3.31;1;1
14132;33088.95;50;3.31;1;1
14133;33088.95;50;3.31;1;1
14134;33088.95;50;3.31;1;1
14135;33088.95;50;3.31;1;1
14136;33088.95;50;3.31;1;1
14137;33040.08;50;3.31;1;1
14138;33088.95;50;3.30;1;1
14139;33088.95;50;3.31;1;1
14140;33088.95;50;3.31;1;1
14141;33088.95;50;3.31;1;1
14142;33088.95;50;3.31;1;1
14143;33088.95;50;3.31;1;1
14144;33040.08;50;3.31;1;1
14145;33088.95;50;3.30;1;1
14146;33088.95;50;3.31;1;1
14147;33088.95;50;3.31;1;1
14148;33088.95;50;3.31;1;1
14149;33088.95;50;3.31;1;1
14150;33088.95;50;3.31;1;1
14151;33088.95;50;3.31;1;1
14152;33088.95;50;3.31;1;1
14153;33088.95;50;3.31;1;1
14154;33040.08;50;3.31;1;1
14155;33088.95;50;3.30;1;1
14156;33088.95;50;3.31;1;1
14157;33088.95;50;3.31;1;1
14158;33088.95;50;3.31;1;1
14159;33088.95;50;3.31;1;1
14160;33088.95;50;3.31;1;1
14161;33040.08;50;3.31;1;1
14162;33088.95;50;3.30;1;1
14163;33088.95;50;3.31;1;1
14164;33088.95;50;3.31;1;1
14165;33088.95;50;3.31;1;1
14166;33040.08;50;3.31;1;1
14167;33088.95;50;3.30;1;1
14168;33088.95;50;3.31;1;1
14169;33088.95;50;3.31;1;1
14170;33088.95;50;3.31;1;1
14171;33088.95;50;3.31;1;1
14172;33088.95;50;3.31;1;1
14173;33040.08;50;3.31;1;1
14174;33088.95;50;3.30;1;1
14175;33088.95;50;3.31;1;1
14176;33040.08;50;3.31;1;1
14177;33088.95;50;3.30;1;1
14178;33088.95;50;3.31;1;1
14179;33088.95;50;3.31;1;1
14180;33088.95;50;3.31;1;1
14181;33040.08;50;3.31;1;1
14182;33088.95;50;3.30;1;1
14183;33088.95;50;3.31;1;1
14184;33088.95;50;3.31;1;1
14185;33088.95;50;3.31;1;1
14186;33088.95;50;3.31;1;1
14187;33088.95;50;3.31;1;1
14188;33088.95;50;3.31;1;1
14189;33088.95;50;3.31;1;1
14190;33088.95;50;3.31;1;1
14191;33088.95;50;3.31;1;1
14192;33088.95;50;3.31;1;1
14193;33088.95;50;3.31;1;1
14194;33088.95;50;3.31;1;1
14195;33088.95;50;3.31;1;1
14196;33088.95;50;3.31;1;1
14197;33040.08;50;3.31;1;1
14198;33088.95;50;3.30;1;1
14199;33088.95;50;3.31;1;1
14200;33088.95;50;3.31;1;1
14201;33088.95;50;3.31;1;1
14202;33088.95;50;3.31;1;1
14203;33088.95;50;3.31;1;1
14204;33088.95;50;3.31;1;1
14205;33088.95;50;3.31;1;1
14206;33088.95;50;3.31;1;1
14207;33088.95;50;3.31;1;1
14208;33088.95;50;3.31;1;1
14209;33088.95;50;3.31;1;1
14210;33088.95;50;3.31;1;1
14211;33088.95;50;3.31;1;1
14212;33088.95;50;3.31;1;1
14213;33088.95;50;3.31;1;1
14214;33088.95;50;3.31;1;1
14215;33088.95;50;3.31;1;1
14216;33088.95;50;3.31;1;1
14217;33088.95;50;3.31;1;1
14218;33088.95;50;3.31;1;1
14219;33088.95;50;3.31;1;1
14220;33088.95;50;3.31;1;1
14221;33088.95;50;3.31;1;1
14222;33088.95;50;3.31;1;1
14223;33088.95;50;3.31;1;1
14224;33088.95;50;3.31;1;1
14225;33088.95;50;3.31;1;1
14226;33088.95;50;3.31;1;1
14227;33088.95;50;3.31;1;1
14228;33088.95;50;3.31;1;1
14229;33088.95;50;3.31;1;1
14230;33088.95;50;3.31;1;1
14231;33088.95;50;3.31;1;1
14232;33088.95;50;3.31;1;1
14233;33088.95;50;3.31;1;1
14234;33088.95;50;3.31;1;1
14235;33088.95;50;3.31;1;1
14236;33088.95;50;3.31;1;1
14237;33040.08;50;3.31;1;1
14238;33088.95;50;3.30;1;1
14239;33088.95;50;3.31;1;1
14240;33088.95;50;3.31;1;1
14241;33088.95;50;3.31;1;1
14242;33088.95;50;3.31;1;1
14243;33088.95;50;3.31;1;1
14244;33088.95;50;3.31;1;1
14245;33088.95;50;3.31;1;1
14246;33088.95;50;3.31;1;1
14247;33088.95;50;3.31;1;1
14248;33088.95;50;3.31;1;1
14249;33088.95;50;3.31;1;1
14250;33088.95;50;3.31;1;1
14251;33088.95;50;3.31;1;1
14252;33040.08;50;3.31;1;1
14253;33088.95;50;3.30;1;1
14254;33088.95;50;3.31;1;1
14255;33088.95;50;3.31;1;1
14256;33040.08;50;3.31;1;1
14257;33088.95;50;3.30;1;1
14258;33088.95;50;3.31;1;1
14259;33040.08;50;3.31;1;1
14260;33088.95;50;3.30;1;1
14261;33088.95;50;3.31;1;1
14262;33088.95;50;3.31;1;1
14263;33088.95;50;3.31;1;1
14264;33088.95;50;3.31;1;1
14265;33088.95;50;3.31;1;1
14266;33040.08;50;3.31;1;1
14267;33088.95;50;3.30;1;1
14268;33088.95;50;3.31;1;1
14269;33088.95;50;3.31;1;1
14270;33088.95;50;3.31;1;1
14271;33088.95;50;3.31;1;1
14272;33088.95;50;3.31;1;1
14273;33088.95;50;3.31;1;1
14274;33088.95;50;3.31;1;1
14275;33088.95;50;3.31;1;1
14276;33088.95;50;3.31;1;1
14277;33088.95;50;3.31;1;1
14278;33088.95;50;3.31;1;1
14279;33088.95;50;3.31;1;1
14280;33088.95;50;3.31;1;1
14281;33088.95;50;3.31;1;1
14282;33088.95;50;3.31;1;1
14283;33088.95;50;3.31;1;1
14284;33088.95;50;3.31;1;1
14285;33088.95;50;3.31;1;1
14286;33088.95;50;3.31;1;1
14287;33088.95;50;3.31;1;1
14288;33088.95;50;3.31;1;1
14289;33088.95;50;3.31;1;1
14290;33088.95;50;3.31;1;1
14291;33088.95;50;3.31;1;1
14292;33088.95;50;3.31;1;1
14293;33088.95;50;3.31;1;1
14294;33088.95;50;3.31;1;1
14295;33088.95;50;3.31;1;1
14296;33088.95;50;3.31;1;1
14297;33088.95;50;3.31;1;1
14298;33088.95;50;3.31;1;1
14299;33088.95;50;3.31;1;1
14300;33088.95;50;3.31;1;1
14301;33088.95;50;3.31;1;1
14302;33088.95;50;3.31;1;1
14303;33088.95;50;3.31;1;1
14304;33088.95;50;3.31;1;1
14305;33088.95;50;3.31;1;1
14306;33088.95;50;3.31;1;1
14307;33088.95;50;3.31;1;1
14308;33088.95;50;3.31;1;1
14309;33040.08;50;3.31;1;1
14310;33088.95;50;3.30;1;1
14311;33088.95;50;3.31;1;1
14312;33088.95;50;3.31;1;1
14313;33088.95;50;3.31;1;1
14314;33088.95;50;3.31;1;1
14315;33088.95;50;3.31;1;1
14316;33088.95;50;3.31;1;1
14317;33088.95;50;3.31;1;1
14318;33088.95;50;3.31;1;1
14319;33088.95;50;3.31;1;1
14320;33088.95;50;3.31;1;1
14321;33088.95;50;3.31;1;1
14322;33088.95;50;3.31;1;1
14323;33088.95;50;3.31;1;1
14324;33088.95;50;3.31;1;1
14325;33088.95;50;3.31;1;1
14326;33088.95;50;3.31;1;1
14327;33088.95;50;3.31;1;1
14328;33088.95;50;3.31;1;1
14329;33088.95;50;3.31;1;1
14330;33088.95;50;3.31;1;1
14331;33088.95;50;3.31;1;1
14332;33088.95;50;3.31;1;1
14333;33088.95;50;3.31;1;1
14334;33088.95;50;3.31;1;1
14335;33088.95;50;3.31;1;1
14336;33088.95;50;3.31;1;1
14337;33040.08;50;3.31;1;1
14338;33088.95;50;3.30;1;1
14339;33088.95;50;3.31;1;1
14340;33088.95;50;3.31;1;1
14341;33088.95;50;3.31;1;1
14342;33088.95;50;3.31;1;1
14343;33088.95;50;3.31;1;1
14344;33088.95;50;3.31;1;1
14345;33088.95;50;3.31;1;1
14346;33040.08;50;3.31;1;1
14347;33088.95;50;3.30;1;1
14348;33088.95;50;3.31;1;1
14349;33088.95;50;3.31;1;1
14350;33088.95;50;3.31;1;1
14351;33088.95;50;3.31;1;1
14352;33088.95;50;3.31;1;1
14353;33088.95;50;3.31;1;1
14354;33088.95;50;3.31;1;1
14355;33088.95;50;3.31;1;1
14356;33088.95;50;3.31;1;1
14357;33088.95;50;3.31;1;1
14358;33088.95;50;3.31;1;1
14359;33088.95;50;3.31;1;1
14360;33040.08;50;3.31;1;1
14361;33088.95;50;3.30;1;1
14362;33088.95;50;3.31;1;1
14363;33088.95;50;3.31;1;1
14364;33088.95;50;3.31;1;1
14365;33088.95;50;3.31;1;1
14366;33088.95;50;3.31;1;1
14367;33088.95;50;3.31;1;1
14368;33088.95;50;3.31;1;1
14369;33088.95;50;3.31;1;1
14370;33088.95;50;3.31;1;1
14371;33088.95;50;3.31;1;1
14372;33088.95;50;3.31;1;1
14373;33088.95;50;3.31;1;1
14374;33088.95;50;3.31;1;1
14375;33088.95;50;3.31;1;1
14376;33088.95;50;3.31;1;1
14377;33088.95;50;3.31;1;1
14378;33088.95;50;3.31;1;1
14379;33088.95;50;3.31;1;1
14380;33088.95;50;3.31;1;1
14381;33088.95;50;3.31;1;1
14382;33088.95;50;3.31;1;1
14383;33088.95;50;3.31;1;1
14384;33088.95;50;3.31;1;1
14385;33088.95;50;3.31;1;1
14386;33088.95;50;3.31;1;1
14387;33088.95;50;3.31;1;1
14388;33088.95;50;3.31;1;1
14389;33088.95;50;3.31;1;1
14390;33088.95;50;3.31;1;1
14391;33088.95;50;3.31;1;1
14392;33088.95;50;3.31;1;1
14393;33088.95;50;3.31;1;1
14394;33088.95;50;3.31;1;1
14395;33088.95;50;3.31;1;1
14396;33088.95;50;3.31;1;1
14397;33088.95;50;3.31;1;1
14398;33088.95;50;3.31;1;1
14399;33088.95;50;3.31;1;1
14400;33088.95;50;3.31;1;1
14401;33088.95;50;3.31;1;1
14402;33040.08;50;3.31;1;1
14403;33088.95;50;3.30;1;1
14404;33088.95;50;3.31;1;1
14405;33088.95;50;3.31;1;1
14406;33088.95;50;3.31;1;1
14407;33088.95;50;3.31;1;1
14408;33088.95;50;3.31;1;1
14409;33088.95;50;3.31;1;1
14410;33088.95;50;3.31;1;1
14411;33088.95;50;3.31;1;1
14412;33088.95;50;3.31;1;1
14413;33088.95;50;3.31;1;1
14414;33088.95;50;3.31;1;1
14415;33088.95;50;3.31;1;1
14416;33088.95;50;3.31;1;1
14417;33088.95;50;3.31;1;1
14418;33088.95;50;3.31;1;1
14419;33088.95;50;3.31;1;1
14420;33088.95;50;3.31;1;1
14421;33088.95;50;3.31;1;1
14422;33040.08;50;3.31;1;1
14423;33088.95;50;3.30;1;1
14424;33040.08;50;3.31;1;1
14425;33088.95;50;3.30;1;1
14426;33088.95;50;3.31;1;1
14427;33040.08;50;3.31;1;1
14428;33088.95;50;3.30;1;1
14429;33088.95;50;3.31;1;1
14430;33088.95;50;3.31;1;1
14431;33040.08;50;3.31;1;1
14432;33088.95;50;3.30;1;1
14433;33088.95;50;3.31;1;1
14434;33088.95;50;3.31;1;1
14435;33088.95;50;3.31;1;1
14436;33088.95;50;3.31;1;1
14437;33088.95;50;3.31;1;1
14438;33088.95;50;3.31;1;1
14439;33088.95;50;3.31;1;1
14440;33088.95;50;3.31;1;1
14441;33088.95;50;3.31;1;1
14442;33088.95;50;3.31;1;1
14443;33040.08;50;3.31;1;1
14444;33088.95;50;3.30;1;1
14445;33088.95;50;3.31;1;1
14446;33088.95;50;3.31;1;1
14447;33040.08;50;3.31;1;1
14448;33088.95;50;3.30;1;1
14449;33088.95;50;3.31;1;1
14450;33088.95;50;3.31;1;1
14451;33088.95;50;3.31;1;1
14452;33088.95;50;3.31;1;1
14453;33040.08;50;3.31;1;1
14454;33088.95;50;3.30;1;1
14455;33088.95;50;3.31;1;1
14456;33088.95;50;3.31;1;1
14457;33088.95;50;3.31;1;1
14458;33088.95;50;3.31;1;1
14459;33088.95;50;3.31;1;1
14460;33088.95;50;3.31;1;1
14461;33088.95;50;3.31;1;1
14462;33088.95;50;3.31;1;1
14463;33088.95;50;3.31;1;1
14464;33088.95;50;3.31;1;1
14465;33088.95;50;3.31;1;1
14466;33088.95;50;3.31;1;1
14467;33040.08;50;3.31;1;1
14468;33088.95;50;3.30;1;1
14469;33088.95;50;3.31;1;1
14470;33088.95;50;3.31;1;1
14471;33040.08;50;3.31;1;1
14472;33088.95;50;3.30;1;1
14473;33088.95;50;3.31;1;1
14474;33040.08;50;3.31;1;1
14475;33040.08;50;3.30;1;1
14476;33088.95;50;3.30;1;1
14477;33088.95;50;3.31;1;1
14478;33088.95;50;3.31;1;1
14479;33088.95;50;3.31;1;1
14480;33088.95;50;3.31;1;1
14481;33088.95;50;3.31;1;1
14482;33088.95;50;3.31;1;1
14483;33088.95;50;3.31;1;1
14484;33088.95;50;3.31;1;1
14485;33088.95;50;3.31;1;1
14486;33088.95;50;3.31;1;1
14487;33088.95;50;3.31;1;1
14488;33088.95;50;3.31;1;1
14489;33088.95;50;3.31;1;1
14490;33088.95;50;3.31;1;1
14491;33088.95;50;3.31;1;1
14492;33088.95;50;3.31;1;1
14493;33088.95;50;3.31;1;1
14494;33088.95;50;3.31;1;1
14495;33088.95;50;3.31;1;1
14496;33040.08;50;3.31;1;1
14497;33088.95;50;3.30;1;1
14498;33088.95;50;3.31;1;1
14499;33088.95;50;3.31;1;1
14500;33088.95;50;3.31;1;1
14501;33088.95;50;3.31;1;1
14502;33088.95;50;3.31;1;1
14503;33040.08;50;3.31;1;1
14504;33088.95;50;3.30;1;1
14505;33088.95;50;3.31;1;1
14506;33088.95;50;3.31;1;1
14507;33088.95;50;3.31;1;1
14508;33088.95;50;3.31;1;1
14509;33088.95;50;3.31;1;1
14510;33088.95;50;3.31;1;1
14511;33088.95;50;3.31;1;1
14512;33088.95;50;3.31;1;1
14513;33088.95;50;3.31;1;1
14514;33088.95;50;3.31;1;1
14515;33088.95;50;3.31;1;1
14516;33088.95;50;3.31;1;1
14517;33088.95;50;3.31;1;1
14518;33088.95;50;3.31;1;1
14519;33088.95;50;3.31;1;1
14520;33088.95;50;3.31;1;1
14521;33088.95;50;3.31;1;1
14522;33088.95;50;3.31;1;1
14523;33088.95;50;3.31;1;1
14524;33088.95;50;3.31;1;1
14525;33040.08;50;3.31;1;1
14526;33088.95;50;3.30;1;1
14527;33088.95;50;3.31;1;1
14528;33088.95;50;3.31;1;1
14529;33088.95;50;3.31;1;1
14530;33088.95;50;3.31;1;1
14531;33088.95;50;3.31;1;1
14532;33088.95;50;3.31;1;1
14533;33088.95;50;3.31;1;1
14534;33088.95;50;3.31;1;1
14535;33040.08;50;3.31;1;1
14536;33088.95;50;3.30;1;1
14537;33088.95;50;3.31;1;1
14538;33088.95;50;3.31;1;1
14539;33088.95;50;3.31;1;1
14540;33088.95;50;3.31;1;1
14541;33088.95;50;3.31;1;1
14542;33088.95;50;3.31;1;1
14543;33088.95;50;3.31;1;1
14544;33088.95;50;3.31;1;1
14545;33088.95;50;3.31;1;1
14546;33088.95;50;3.31;1;1
14547;33088.95;50;3.31;1;1
14548;33088.95;50;3.31;1;1
14549;33088.95;50;3.31;1;1
14550;33088.95;50;3.31;1;1
14551;33088.95;50;3.31;1;1
14552;33088.95;50;3.31;1;1
14553;33088.95;50;3.31;1;1
14554;33088.95;50;3.31;1;1
14555;33088.95;50;3.31;1;1
14556;33088.95;50;3.31;1;1
14557;33088.95;50;3.31;1;1
14558;33088.95;50;3.31;1;1
14559;33040.08;50;3.31;1;1
14560;33088.95;50;3.30;1;1
14561;33088.95;50;3.31;1;1
14562;33088.95;50;3.31;1;1
14563;33088.95;50;3.31;1;1
14564;33088.95;50;3.31;1;1
14565;33088.95;50;3.31;1;1
14566;33088.95;50;3.31;1;1
14567;33088.95;50;3.31;1;1
14568;33088.95;50;3.31;1;1
14569;33088.95;50;3.31;1;1
14570;33088.95;50;3.31;1;1
14571;33088.95;50;3.31;1;1
14572;33088.95;50;3.31;1;1
14573;33088.95;50;3.31;1;1
14574;33088.95;50;3.31;1;1
14575;33088.95;50;3.31;1;1
14576;33088.95;50;3.31;1;1
14577;33088.95;50;3.31;1;1
14578;33088.95;50;3.31;1;1
14579;33088.95;50;3.31;1;1
14580;33040.08;50;3.31;1;1
14581;33088.95;50;3.30;1;1
14582;33040.08;50;3.31;1;1
14583;33088.95;50;3.30;1;1
14584;33088.95;50;3.31;1;1
14585;33088.95;50;3.31;1;1
14586;33088.95;50;3.31;1;1
14587;33088.95;50;3.31;1;1
14588;33088.95;50;3.31;1;1
14589;33040.08;50;3.31;1;1
14590;33088.95;50;3.30;1;1
14591;33088.95;50;3.31;1;1
14592;33088.95;50;3.31;1;1
14593;33088.95;50;3.31;1;1
14594;33088.95;50;3.31;1;1
14595;33088.95;50;3.31;1;1
14596;33088.95;50;3.31;1;1
14597;33088.95;50;3.31;1;1
14598;33088.95;50;3.31;1;1
14599;33088.95;50;3.31;1;1
14600;33088.95;50;3.31;1;1
14601;33088.95;50;3.31;1;1
14602;33088.95;50;3.31;1;1
14603;33088.95;50;3.31;1;1
14604;33088.95;50;3.31;1;1
14605;33040.08;50;3.31;1;1
14606;33088.95;50;3.30;1;1
14607;33088.95;50;3.31;1;1
14608;33088.95;50;3.31;1;1
14609;33088.95;50;3.31;1;1
14610;33088.95;50;3.31;1;1
14611;33088.95;50;3.31;1;1
14612;33088.95;50;3.31;1;1
14613;33088.95;50;3.31;1;1
14614;33088.95;50;3.31;1;1
14615;33088.95;50;3.31;1;1
14616;33088.95;50;3.31;1;1
14617;33088.95;50;3.31;1;1
14618;33088.95;50;3.31;1;1
14619;33088.95;50;3.31;1;1
14620;33040.08;50;3.31;1;1
14621;33088.95;50;3.30;1;1
14622;33088.95;50;3.31;1;1
14623;33040.08;50;3.31;1;1
14624;33088.95;50;3.30;1;1
14625;33088.95;50;3.31;1;1
14626;33088.95;50;3.31;1;1
14627;33088.95;50;3.31;1;1
14628;33088.95;50;3.31;1;1
14629;33088.95;50;3.31;1;1
14630;33088.95;50;3.31;1;1
14631;33088.95;50;3.31;1;1
14632;33088.95;50;3.31;1;1
14633;33088.95;50;3.31;1;1
14634;33088.95;50;3.31;1;1
14635;33088.95;50;3.31;1;1
14636;33088.95;50;3.31;1;1
14637;33040.08;50;3.31;1;1
14638;33088.95;50;3.30;1;1
14639;33088.95;50;3.31;1;1
14640;33088.95;50;3.31;1;1
14641;33088.95;50;3.31;1;1
14642;33088.95;50;3.31;1;1
14643;33040.08;50;3.31;1;1
14644;33088.95;50;3.30;1;1
14645;33088.95;50;3.31;1;1
14646;33088.95;50;3.31;1;1
14647;33088.95;50;3.31;1;1
14648;33088.95;50;3.31;1;1
14649;33088.95;50;3.31;1;1
14650;33088.95;50;3.31;1;1
14651;33088.95;50;3.31;1;1
14652;33088.95;50;3.31;1;1
14653;33088.95;50;3.31;1;1
14654;33088.95;50;3.31;1;1
14655;33088.95;50;3.31;1;1
14656;33088.95;50;3.31;1;1
14657;33088.95;50;3.31;1;1
14658;33088.95;50;3.31;1;1
14659;33088.95;50;3.31;1;1
14660;33088.95;50;3.31;1;1
14661;33040.08;50;3.31;1;1
14662;33088.95;50;3.30;1;1
14663;33088.95;50;3.31;1;1
14664;33040.08;50;3.31;1;1
14665;33040.08;50;3.30;1;1
14666;33088.95;50;3.30;1;1
14667;33088.95;50;3.31;1;1
14668;33088.95;50;3.31;1;1
14669;33088.95;50;3.31;1;1
14670;33088.95;50;3.31;1;1
14671;33088.95;50;3.31;1;1
14672;33040.08;50;3.31;1;1
14673;33088.95;50;3.30;1;1
14674;33088.95;50;3.31;1;1
14675;33088.95;50;3.31;1;1
14676;33088.95;50;3.31;1;1
14677;33088.95;50;3.31;1;1
14678;33088.95;50;3.31;1;1
14679;33088.95;50;3.31;1;1
14680;33088.95;50;3.31;1;1
14681;33088.95;50;3.31;1;1
14682;33088.95;50;3.31;1;1
14683;33088.95;50;3.31;1;1
14684;33088.95;50;3.31;1;1
14685;33088.95;50;3.31;1;1
14686;33088.95;50;3.31;1;1
14687;33088.95;50;3.31;1;1
14688;33088.95;50;3.31;1;1
14689;33088.95;50;3.31;1;1
14690;33088.95;50;3.31;1;1
14691;33088.95;50;3.31;1;1
14692;33088.95;50;3.31;1;1
14693;33088.95;50;3.31;1;1
14694;33088.95;50;3.31;1;1
14695;33088.95;50;3.31;1;1
14696;33088.95;50;3.31;1;1
14697;33088.95;50;3.31;1;1
14698;33088.95;50;3.31;1;1
14699;33088.95;50;3.31;1;1
14700;33088.95;50;3.31;1;1
14701;33088.95;50;3.31;1;1
14702;33088.95;50;3.31;1;1
14703;33088.95;50;3.31;1;1
14704;33040.08;50;3.31;1;1
14705;33088.95;50;3.30;1;1
14706;33088.95;50;3.31;1;1
14707;33040.08;50;3.31;1;1
14708;33088.95;50;3.30;1;1
14709;33088.95;50;3.31;1;1
14710;33088.95;50;3.31;1;1
14711;33088.95;50;3.31;1;1
14712;33088.95;50;3.31;1;1
14713;33088.95;50;3.31;1;1
14714;33088.95;50;3.31;1;1
14715;33088.95;50;3.31;1;1
14716;33088.95;50;3.31;1;1
14717;33088.95;50;3.31;1;1
14718;33088.95;50;3.31;1;1
14719;33088.95;50;3.31;1;1
14720;33088.95;50;3.31;1;1
14721;33088.95;50;3.31;1;1
14722;33088.95;50;3.31;1;1
14723;33088.95;50;3.31;1;1
14724;33088.95;50;3.31;1;1
14725;33088.95;50;3.31;1;1
14726;33088.95;50;3.31;1;1
14727;33088.95;50;3.31;1;1
14728;33088.95;50;3.31;1;1
14729;33088.95;50;3.31;1;1
14730;33088.95;50;3.31;1;1
14731;33088.95;50;3.31;1;1
14732;33088.95;50;3.31;1;1
14733;33088.95;50;3.31;1;1
14734;33088.95;50;3.31;1;1
14735;33088.95;50;3.31;1;1
14736;33088.95;50;3.31;1;1
14737;33088.95;50;3.31;1;1
14738;33088.95;50;3.31;1;1
14739;33088.95;50;3.31;1;1
14740;33088.95;50;3.31;1;1
14741;33088.95;50;3.31;1;1
14742;33088.95;50;3.31;1;1
14743;33088.95;50;3.31;1;1
14744;33088.95;50;3.31;1;1
14745;33088.95;50;3.31;1;1
14746;33088.95;50;3.31;1;1
14747;33088.95;50;3.31;1;1
14748;33088.95;50;3.31;1;1
14749;33088.95;50;3.31;1;1
14750;33088.95;50;3.31;1;1
14751;33040.08;50;3.31;1;1
14752;33088.95;50;3.30;1;1
14753;33088.95;50;3.31;1;1
14754;33088.95;50;3.31;1;1
14755;33088.95;50;3.31;1;1
14756;33088.95;50;3.31;1;1
14757;33088.95;50;3.31;1;1
14758;33088.95;50;3.31;1;1
14759;33088.95;50;3.31;1;1
14760;33088.95;50;3.31;1;1
14761;33088.95;50;3.31;1;1
14762;33088.95;50;3.31;1;1
14763;33088.95;50;3.31;1;1
14764;33088.95;50;3.31;1;1
14765;33088.95;50;3.31;1;1
14766;33088.95;50;3.31;1;1
14767;33088.95;50;3.31;1;1
14768;33088.95;50;3.31;1;1
14769;33088.95;50;3.31;1;1
14770;33088.95;50;3.31;1;1
14771;33088.95;50;3.31;1;1
14772;33088.95;50;3.31;1;1
14773;33040.08;50;3.31;1;1
14774;33088.95;50;3.30;1;1
14775;33088.95;50;3.31;1;1
14776;33088.95;50;3.31;1;1
14777;33088.95;50;3.31;1;1
14778;33088.95;50;3.31;1;1
14779;33040.08;50;3.31;1;1
14780;33088.95;50;3.30;1;1
14781;33040.08;50;3.31;1;1
14782;33088.95;50;3.30;1;1
14783;33088.95;50;3.31;1;1
14784;33088.95;50;3.31;1;1
14785;33088.95;50;3.31;1;1
14786;33088.95;50;3.31;1;1
14787;33088.95;50;3.31;1;1
14788;33088.95;50;3.31;1;1
14789;33088.95;50;3.31;1;1
14790;33088.95;50;3.31;1;1
14791;33088.95;50;3.31;1;1
14792;33088.95;50;3.31;1;1
14793;33088.95;50;3.31;1;1
14794;33088.95;50;3.31;1;1
14795;33088.95;50;3.31;1;1
14796;33088.95;50;3.31;1;1
14797;33088.95;50;3.31;1;1
14798;33088.95;50;3.31;1;1
14799;33088.95;50;3.31;1;1
14800;33088.95;50;3.31;1;1
14801;33088.95;50;3.31;1;1
14802;33088.95;50;3.31;1;1
14803;33040.08;50;3.31;1;1
14804;33040.08;50;3.30;1;1
14805;33088.95;50;3.30;1;1
14806;33088.95;50;3.31;1;1
14807;33088.95;50;3.31;1;1
14808;33088.95;50;3.31;1;1
14809;33088.95;50;3.31;1;1
14810;33088.95;50;3.31;1;1
14811;33088.95;50;3.31;1;1
14812;33088.95;50;3.31;1;1
14813;33040.08;50;3.31;1;1
14814;33088.95;50;3.30;1;1
14815;33088.95;50;3.31;1;1
14816;33088.95;50;3.31;1;1
14817;33040.08;50;3.31;1;1
14818;33088.95;50;3.30;1;1
14819;33088.95;50;3.31;1;1
14820;33088.95;50;3.31;1;1
14821;33088.95;50;3.31;1;1
14822;33088.95;50;3.31;1;1
14823;33088.95;50;3.31;1;1
14824;33088.95;50;3.31;1;1
14825;33088.95;50;3.31;1;1
14826;33088.95;50;3.31;1;1
14827;33088.95;50;3.31;1;1
14828;33088.95;50;3.31;1;1
14829;33088.95;50;3.31;1;1
14830;33088.95;50;3.31;1;1
14831;33088.95;50;3.31;1;1
14832;33088.95;50;3.31;1;1
14833;33088.95;50;3.31;1;1
14834;33088.95;50;3.31;1;1
14835;33088.95;50;3.31;1;1
14836;33088.95;50;3.31;1;1
14837;33088.95;50;3.31;1;1
14838;33088.95;50;3.31;1;1
14839;33088.95;50;3.31;1;1
14840;33088.95;50;3.31;1;1
14841;33088.95;50;3.31;1;1
14842;33088.95;50;3.31;1;1
14843;33088.95;50;3.31;1;1
14844;33088.95;50;3.31;1;1
14845;33088.95;50;3.31;1;1
14846;33088.95;50;3.31;1;1
14847;33088.95;50;3.31;1;1
14848;33088.95;50;3.31;1;1
14849;33088.95;50;3.31;1;1
14850;33088.95;50;3.31;1;1
14851;33088.95;50;3.31;1;1
14852;33088.95;50;3.31;1;1
14853;33088.95;50;3.31;1;1
14854;33088.95;50;3.31;1;1
14855;33088.95;50;3.31;1;1
14856;33040.08;50;3.31;1;1
14857;33088.95;50;3.30;1;1
14858;33088.95;50;3.31;1;1
14859;33088.95;50;3.31;1;1
14860;33088.95;50;3.31;1;1
14861;33088.95;50;3.31;1;1
14862;33088.95;50;3.31;1;1
14863;33088.95;50;3.31;1;1
14864;33088.95;50;3.31;1;1
14865;33088.95;50;3.31;1;1
14866;33040.08;50;3.31;1;1
14867;33088.95;50;3.30;1;1
14868;33088.95;50;3.31;1;1
14869;33088.95;50;3.31;1;1
14870;33040.08;50;3.31;1;1
14871;33088.95;50;3.30;1;1
14872;33088.95;50;3.31;1;1
14873;33088.95;50;3.31;1;1
14874;33088.95;50;3.31;1;1
14875;33088.95;50;3.31;1;1
14876;33088.95;50;3.31;1;1
14877;33088.95;50;3.31;1;1
14878;33088.95;50;3.31;1;1
14879;33088.95;50;3.31;1;1
14880;33088.95;50;3.31;1;1
14881;33088.95;50;3.31;1;1
14882;33088.95;50;3.31;1;1
14883;33088.95;50;3.31;1;1
14884;33040.08;50;3.31;1;1
14885;33088.95;50;3.30;1;1
14886;33088.95;50;3.31;1;1
14887;33088.95;50;3.31;1;1
14888;33040.08;50;3.31;1;1
14889;33088.95;50;3.30;1;1
14890;33040.08;50;3.31;1;1
14891;33088.95;50;3.30;1;1
14892;33088.95;50;3.31;1;1
14893;33088.95;50;3.31;1;1
14894;33088.95;50;3.31;1;1
14895;33088.95;50;3.31;1;1
14896;33088.95;50;3.31;1;1
14897;33088.95;50;3.31;1;1
14898;33088.95;50;3.31;1;1
14899;33088.95;50;3.31;1;1
14900;33088.95;50;3.31;1;1
14901;33088.95;50;3.31;1;1
14902;33040.08;50;3.31;1;1
14903;33088.95;50;3.30;1;1
14904;33040.08;50;3.31;1;1
14905;33088.95;50;3.30;1;1
14906;33088.95;50;3.31;1;1
14907;33088.95;50;3.31;1;1
14908;33088.95;50;3.31;1;1
14909;33088.95;50;3.31;1;1
14910;33088.95;50;3.31;1;1
14911;33088.95;50;3.31;1;1
14912;33088.95;50;3.31;1;1
14913;33088.95;50;3.31;1;1
14914;33088.95;50;3.31;1;1
14915;33088.95;50;3.31;1;1
14916;33088.95;50;3.31;1;1
14917;33088.95;50;3.31;1;1
14918;33088.95;50;3.31;1;1
14919;33088.95;50;3.31;1;1
14920;33088.95;50;3.31;1;1
14921;33088.95;50;3.31;1;1
14922;33088.95;50;3.31;1;1
14923;33088.95;50;3.31;1;1
14924;33088.95;50;3.31;1;1
14925;33088.95;50;3.31;1;1
14926;33088.95;50;3.31;1;1
14927;33088.95;50;3.31;1;1
14928;33040.08;50;3.31;1;1
14929;33088.95;50;3.30;1;1
14930;33088.95;50;3.31;1;1
14931;33088.95;50;3.31;1;1
14932;33088.95;50;3.31;1;1
14933;33040.08;50;3.31;1;1
14934;33088.95;50;3.30;1;1
14935;33088.95;50;3.31;1;1
14936;33088.95;50;3.31;1;1
14937;33088.95;50;3.31;1;1
14938;33088.95;50;3.31;1;1
14939;33088.95;50;3.31;1;1
14940;33088.95;50;3.31;1;1
14941;33088.95;50;3.31;1;1
14942;33088.95;50;3.31;1;1
14943;33088.95;50;3.31;1;1
14944;33088.95;50;3.31;1;1
14945;33088.95;50;3.31;1;1
14946;33088.95;50;3.31;1;1
14947;33088.95;50;3.31;1;1
14948;33088.95;50;3.31;1;1
14949;33088.95;50;3.31;1;1
14950;33088.95;50;3.31;1;1
14951;33040.08;50;3.31;1;1
14952;33088.95;50;3.30;1;1
14953;33088.95;50;3.31;1;1
14954;33088.95;50;3.31;1;1
14955;33088.95;50;3.31;1;1
14956;33088.95;50;3.31;1;1
14957;33088.95;50;3.31;1;1
14958;33088.95;50;3.31;1;1
14959;33088.95;50;3.31;1;1
14960;33088.95;50;3.31;1;1
14961;33088.95;50;3.31;1;1
14962;33088.95;50;3.31;1;1
14963;33088.95;50;3.31;1;1
14964;33088.95;50;3.31;1;1
14965;33088.95;50;3.31;1;1
14966;33088.95;50;3.31;1;1
14967;33088.95;50;3.31;1;1
14968;33088.95;50;3.31;1;1
14969;33088.95;50;3.31;1;1
14970;33088.95;50;3.31;1;1
14971;33088.95;50;3.31;1;1
14972;33088.95;50;3.31;1;1
14973;33088.95;50;3.31;1;1
14974;33088.95;50;3.31;1;1
14975;33088.95;50;3.31;1;1
14976;33088.95;50;3.31;1;1
14977;33088.95;50;3.31;1;1
14978;33088.95;50;3.31;1;1
14979;33088.95;50;3.31;1;1
14980;33088.95;50;3.31;1;1
14981;33088.95;50;3.31;1;1
14982;33088.95;50;3.31;1;1
14983;33088.95;50;3.31;1;1
14984;33088.95;50;3.31;1;1
14985;33088.95;50;3.31;1;1
14986;33088.95;50;3.31;1;1
14987;33088.95;50;3.31;1;1
14988;33088.95;50;3.31;1;1
14989;33088.95;50;3.31;1;1
14990;33088.95;50;3.31;1;1
14991;33040.08;50;3.31;1;1
14992;33088.95;50;3.30;1;1
14993;33088.95;50;3.31;1;1
14994;33088.95;50;3.31;1;1
14995;33088.95;50;3.31;1;1
14996;33088.95;50;3.31;1;1
14997;33088.95;50;3.31;1;1
14998;33088.95;50;3.31;1;1
14999;33088.95;50;3.31;1;1
15000;33088.95;50;3.31;1;1
15001;33088.95;50;3.31;1;1
15002;33088.95;50;3.31;1;1
15003;33088.95;50;3.31;1;1
15004;33088.95;50;3.31;1;1
15005;33088.95;50;3.31;1;1
15006;33088.95;50;3.31;1;1
15007;33088.95;50;3.31;1;1
15008;33088.95;50;3.31;1;1
15009;33088.95;50;3.31;1;1
15010;33088.95;50;3.31;1;1
15011;33088.95;50;3.31;1;1
15012;33088.95;50;3.31;1;1
15013;33088.95;50;3.31;1;1
15014;33088.95;50;3.31;1;1
15015;33088.95;50;3.31;1;1
15016;33088.95;50;3.31;1;1
15017;33088.95;50;3.31;1;1
15018;33088.95;50;3.31;1;1
15019;33040.08;50;3.31;1;1
15020;33088.95;50;3.30;1;1
15021;33088.95;50;3.31;1;1
15022;33088.95;50;3.31;1;1
15023;33088.95;50;3.31;1;1
15024;33088.95;50;3.31;1;1
15025;33088.95;50;3.31;1;1
15026;33088.95;50;3.31;1;1
15027;33088.95;50;3.31;1;1
15028;33088.95;50;3.31;1;1
15029;33088.95;50;3.31;1;1
15030;33088.95;50;3.31;1;1
15031;33088.95;50;3.31;1;1
15032;33088.95;50;3.31;1;1
15033;33088.95;50;3.31;1;1
15034;33088.95;50;3.31;1;1
15035;33088.95;50;3.31;1;1
15036;33088.95;50;3.31;1;1
15037;33088.95;50;3.31;1;1
15038;33088.95;50;3.31;1;1
15039;33088.95;50;3.31;1;1
15040;33088.95;50;3.31;1;1
15041;33088.95;50;3.31;1;1
15042;33040.08;50;3.31;1;1
15043;33088.95;50;3.30;1;1
15044;33088.95;50;3.31;1;1
15045;33088.95;50;3.31;1;1
15046;33088.95;50;3.31;1;1
15047;33088.95;50;3.31;1;1
15048;33088.95;50;3.31;1;1
15049;33088.95;50;3.31;1;1
15050;33088.95;50;3.31;1;1
15051;33088.95;50;3.31;1;1
15052;33088.95;50;3.31;1;1
15053;33088.95;50;3.31;1;1
15054;33088.95;50;3.31;1;1
15055;33088.95;50;3.31;1;1
15056;33088.95;50;3.31;1;1
15057;33088.95;50;3.31;1;1
15058;33088.95;50;3.31;1;1
15059;33088.95;50;3.31;1;1
15060;33088.95;50;3.31;1;1
15061;33088.95;50;3.31;1;1
15062;33088.95;50;3.31;1;1
15063;33088.95;50;3.31;1;1
15064;33088.95;50;3.31;1;1
15065;33088.95;50;3.31;1;1
15066;33088.95;50;3.31;1;1
15067;33088.95;50;3.31;1;1
15068;33088.95;50;3.31;1;1
15069;33088.95;50;3.31;1;1
15070;33088.95;50;3.31;1;1
15071;33088.95;50;3.31;1;1
15072;33088.95;50;3.31;1;1
15073;33088.95;50;3.31;1;1
15074;33088.95;50;3.31;1;1
15075;33088.95;50;3.31;1;1
15076;33040.08;50;3.31;1;1
15077;33088.95;50;3.30;1;1
15078;33088.95;50;3.31;1;1
15079;33088.95;50;3.31;1;1
15080;33088.95;50;3.31;1;1
15081;33088.95;50;3.31;1;1
15082;33088.95;50;3.31;1;1
15083;33088.95;50;3.31;1;1
15084;33088.95;50;3.31;1;1
15085;33088.95;50;3.31;1;1
15086;33088.95;50;3.31;1;1
15087;33088.95;50;3.31;1;1
15088;33088.95;50;3.31;1;1
15089;33088.95;50;3.31;1;1
15090;33088.95;50;3.31;1;1
15091;33088.95;50;3.31;1;1
15092;33088.95;50;3.31;1;1
15093;33088.95;50;3.31;1;1
15094;33088.95;50;3.31;1;1
15095;33088.95;50;3.31;1;1
15096;33088.95;50;3.31;1;1
15097;33088.95;50;3.31;1;1
15098;33040.08;50;3.31;1;1
15099;33088.95;50;3.30;1;1
15100;33088.95;50;3.31;1;1
15101;33088.95;50;3.31;1;1
15102;33088.95;50;3.31;1;1
15103;33088.95;50;3.31;1;1
15104;33040.08;50;3.31;1;1
15105;33088.95;50;3.30;1;1
15106;33088.95;50;3.31;1;1
15107;33088.95;50;3.31;1;1
15108;33088.95;50;3.31;1;1
15109;33088.95;50;3.31;1;1
15110;33088.95;50;3.31;1;1
15111;33088.95;50;3.31;1;1
15112;33088.95;50;3.31;1;1
15113;33088.95;50;3.31;1;1
15114;33088.95;50;3.31;1;1
15115;33088.95;50;3.31;1;1
15116;33088.95;50;3.31;1;1
15117;33088.95;50;3.31;1;1
15118;33088.95;50;3.31;1;1
15119;33088.95;50;3.31;1;1
15120;33088.95;50;3.31;1;1
15121;33088.95;50;3.31;1;1
15122;33088.95;50;3.31;1;1
15123;33088.95;50;3.31;1;1
15124;33040.08;50;3.31;1;1
15125;32942.32;50;3.30;1;1
15126;32893.45;50;3.29;1;1
15127;32844.57;50;3.29;1;1
15128;32893.45;50;3.28;1;1
15129;32844.57;50;3.29;1;1
15130;32893.45;50;3.28;1;1
15131;32893.45;50;3.29;1;1
15132;32893.45;50;3.29;1;1
15133;32893.45;50;3.29;1;1
15134;32893.45;50;3.29;1;1
15135;31915.93;50;3.29;1;1
15136;31964.81;50;3.19;1;1
15137;31915.93;50;3.20;1;1
15138;31818.18;50;3.19;1;1
15139;31818.18;50;3.18;1;1
15140;31818.18;50;3.18;1;1
15141;32453.57;50;3.18;1;1
15142;32453.57;50;3.25;1;1
15143;32355.82;50;3.25;1;1
15144;32453.57;50;3.24;1;1
15145;32404.69;50;3.25;1;1
15146;32453.57;50;3.24;1;1
15147;32453.57;50;3.25;1;1
15148;32404.69;50;3.25;1;1
15149;32453.57;50;3.24;1;1
15150;32453.57;50;3.25;1;1
15151;32453.57;50;3.25;1;1
15152;32502.44;50;3.25;1;1
15153;32502.44;50;3.25;1;1
15154;32795.70;50;3.25;1;1
15155;33186.71;50;3.28;1;1
15156;33137.83;50;3.32;1;1
15157;33137.83;50;3.31;1;1
15158;33137.83;50;3.31;1;1
15159;33137.83;50;3.31;1;1
15160;33137.83;50;3.31;1;1
15161;33137.83;50;3.31;1;1
15162;33137.83;50;3.31;1;1
15163;33137.83;50;3.31;1;1
15164;33137.83;50;3.31;1;1
15165;33137.83;50;3.31;1;1
15166;33137.83;50;3.31;1;1
15167;33137.83;50;3.31;1;1
15168;33137.83;50;3.31;1;1
15169;33137.83;50;3.31;1;1
15170;33137.83;50;3.31;1;1
15171;33137.83;50;3.31;1;1
15172;33137.83;50;3.31;1;1
15173;33137.83;50;3.31;1;1
15174;33137.83;50;3.31;1;1
15175;33137.83;50;3.31;1;1
15176;33137.83;50;3.31;1;1
15177;33137.83;50;3.31;1;1
15178;33137.83;50;3.31;1;1
15179;33137.83;50;3.31;1;1
15180;33137.83;50;3.31;1;1
15181;33137.83;50;3.31;1;1
15182;33137.83;50;3.31;1;1
15183;33137.83;50;3.31;1;1
15184;33137.83;50;3.31;1;1
15185;33137.83;50;3.31;1;1
15186;33137.83;50;3.31;1;1
15187;33137.83;50;3.31;1;1
15188;33137.83;50;3.31;1;1
15189;33137.83;50;3.31;1;1
15190;33137.83;50;3.31;1;1
15191;33137.83;50;3.31;1;1
15192;33137.83;50;3.31;1;1
15193;33137.83;50;3.31;1;1
15194;33137.83;50;3.31;1;1
15195;33137.83;50;3.31;1;1
15196;33137.83;50;3.31;1;1
15197;33137.83;50;3.31;1;1
15198;33137.83;50;3.31;1;1
15199;33137.83;50;3.31;1;1
15200;33137.83;50;3.31;1;1
15201;33137.83;50;3.31;1;1
15202;33137.83;50;3.31;1;1
15203;33137.83;50;3.31;1;1
15204;33137.83;50;3.31;1;1
15205;33137.83;50;3.31;1;1
15206;33137.83;50;3.31;1;1
15207;33137.83;50;3.31;1;1
15208;33137.83;50;3.31;1;1
15209;33137.83;50;3.31;1;1
15210;33137.83;50;3.31;1;1
15211;33137.83;50;3.31;1;1
15212;33137.83;50;3.31;1;1
15213;33137.83;50;3.31;1;1
15214;33137.83;50;3.31;1;1
15215;33137.83;50;3.31;1;1
15216;33137.83;50;3.31;1;1
15217;33137.83;50;3.31;1;1
15218;33137.83;50;3.31;1;1
15219;33137.83;50;3.31;1;1
15220;33137.83;50;3.31;1;1
15221;33137.83;50;3.31;1;1
15222;33137.83;50;3.31;1;1
15223;33137.83;50;3.31;1;1
15224;33137.83;50;3.31;1;1
15225;33137.83;50;3.31;1;1
15226;33137.83;50;3.31;1;1
15227;33137.83;50;3.31;1;1
15228;33137.83;50;3.31;1;1
15229;33137.83;50;3.31;1;1
15230;33137.83;50;3.31;1;1
15231;33137.83;50;3.31;1;1
15232;33137.83;50;3.31;1;1
15233;33137.83;50;3.31;1;1
15234;33137.83;50;3.31;1;1
15235;33137.83;50;3.31;1;1
15236;33137.83;50;3.31;1;1
15237;33137.83;50;3.31;1;1
15238;33137.83;50;3.31;1;1
15239;33137.83;50;3.31;1;1
15240;33137.83;50;3.31;1;1
15241;33137.83;50;3.31;1;1
15242;33137.83;50;3.31;1;1
15243;33137.83;50;3.31;1;1
15244;33137.83;50;3.31;1;1
15245;33137.83;50;3.31;1;1
15246;33137.83;50;3.31;1;1
15247;33137.83;50;3.31;1;1
15248;33137.83;50;3.31;1;1
15249;33137.83;50;3.31;1;1
15250;33137.83;50;3.31;1;1
15251;33137.83;50;3.31;1;1
15252;33137.83;50;3.31;1;1
15253;33137.83;50;3.31;1;1
15254;33137.83;50;3.31;1;1
15255;33137.83;50;3.31;1;1
15256;33137.83;50;3.31;1;1
15257;33137.83;50;3.31;1;1
15258;33137.83;50;3.31;1;1
15259;33137.83;50;3.31;1;1
15260;33137.83;50;3.31;1;1
15261;33137.83;50;3.31;1;1
15262;33137.83;50;3.31;1;1
15263;33137.83;50;3.31;1;1
15264;33137.83;50;3.31;1;1
15265;33137.83;50;3.31;1;1
15266;33137.83;50;3.31;1;1
15267;33137.83;50;3.31;1;1
15268;33137.83;50;3.31;1;1
15269;33137.83;50;3.31;1;1
15270;33137.83;50;3.31;1;1
15271;33137.83;50;3.31;1;1
15272;33137.83;50;3.31;1;1
15273;33137.83;50;3.31;1;1
15274;33137.83;50;3.31;1;1
15275;33137.83;50;3.31;1;1
15276;33137.83;50;3.31;1;1
15277;33137.83;50;3.31;1;1
15278;33137.83;50;3.31;1;1
15279;33137.83;50;3.31;1;1
15280;33137.83;50;3.31;1;1
15281;33137.83;50;3.31;1;1
15282;33137.83;50;3.31;1;1
15283;33137.83;50;3.31;1;1
15284;33137.83;50;3.31;1;1
15285;33137.83;50;3.31;1;1
15286;33137.83;50;3.31;1;1
15287;33137.83;50;3.31;1;1
15288;33137.83;50;3.31;1;1
15289;33137.83;50;3.31;1;1
15290;33137.83;50;3.31;1;1
15291;33137.83;50;3.31;1;1
15292;33137.83;50;3.31;1;1
15293;33137.83;50;3.31;1;1
15294;33137.83;50;3.31;1;1
15295;33137.83;50;3.31;1;1
15296;33137.83;50;3.31;1;1
15297;33137.83;50;3.31;1;1
15298;33137.83;50;3.31;1;1
15299;33137.83;50;3.31;1;1
15300;33137.83;50;3.31;1;1
15301;33137.83;50;3.31;1;1
15302;33137.83;50;3.31;1;1
15303;33137.83;50;3.31;1;1
15304;32991.20;50;3.31;1;1
15305;32844.57;50;3.30;1;1
15306;32795.70;50;3.28;1;1
15307;32795.70;50;3.28;1;1
15308;32795.70;50;3.28;1;1
15309;32795.70;50;3.28;1;1
15310;32795.70;50;3.28;1;1
15311;32795.70;50;3.28;1;1
15312;32795.70;50;3.28;1;1
15313;32795.70;50;3.28;1;1
15314;32746.82;50;3.28;1;1
15315;32697.95;50;3.27;1;1
15316;32649.07;50;3.27;1;1
15317;32649.07;50;3.26;1;1
15318;32649.07;50;3.26;1;1
15319;32649.07;50;3.26;1;1
15320;32649.07;50;3.26;1;1
15321;32649.07;50;3.26;1;1
15322;32649.07;50;3.26;1;1
15323;32649.07;50;3.26;1;1
15324;32649.07;50;3.26;1;1
15325;32600.20;50;3.26;1;1
15326;32600.20;50;3.26;1;1
15327;32600.20;50;3.26;1;1
15328;32551.32;50;3.26;1;1
15329;32600.20;50;3.26;1;1
15330;32600.20;50;3.26;1;1
15331;32551.32;50;3.26;1;1
15332;32551.32;50;3.26;1;1
15333;32502.44;50;3.26;1;1
15334;32502.44;50;3.25;1;1
15335;32502.44;50;3.25;1;1
15336;32453.57;50;3.25;1;1
15337;32453.57;50;3.25;1;1
15338;32355.82;50;3.25;1;1
15339;32453.57;50;3.24;1;1
15340;32502.44;50;3.25;1;1
15341;32502.44;50;3.25;1;1
15342;32502.44;50;3.25;1;1
15343;32502.44;50;3.25;1;1
15344;32502.44;50;3.25;1;1
15345;32502.44;50;3.25;1;1
15346;32502.44;50;3.25;1;1
15347;32502.44;50;3.25;1;1
15348;32502.44;50;3.25;1;1
15349;32502.44;50;3.25;1;1
15350;32551.32;50;3.25;1;1
15351;32502.44;50;3.26;1;1
15352;32600.20;50;3.25;1;1
15353;32600.20;50;3.26;1;1
15354;32600.20;50;3.26;1;1
15355;32600.20;50;3.26;1;1
15356;32551.32;50;3.26;1;1
15357;32551.32;50;3.26;1;1
15358;32551.32;50;3.26;1;1
15359;32551.32;50;3.26;1;1
15360;32551.32;50;3.26;1;1
15361;32551.32;50;3.26;1;1
15362;32502.44;50;3.26;1;1
15363;32453.57;50;3.25;1;1
15364;32453.57;50;3.25;1;1
15365;32502.44;50;3.25;1;1
15366;32502.44;50;3.25;1;1
15367;32502.44;50;3.25;1;1
15368;32453.57;50;3.25;1;1
15369;32404.69;50;3.25;1;1
15370;32306.94;50;3.24;1;1
15371;32453.57;50;3.23;1;1
15372;32502.44;50;3.25;1;1
15373;32502.44;50;3.25;1;1
15374;32502.44;50;3.25;1;1
15375;32502.44;50;3.25;1;1
15376;32502.44;50;3.25;1;1
15377;32502.44;50;3.25;1;1
15378;32502.44;50;3.25;1;1
15379;32502.44;50;3.25;1;1
15380;32502.44;50;3.25;1;1
15381;32551.32;50;3.25;1;1
15382;32551.32;50;3.26;1;1
15383;32551.32;50;3.26;1;1
15384;32551.32;50;3.26;1;1
15385;32551.32;50;3.26;1;1
15386;32551.32;50;3.26;1;1
15387;32551.32;50;3.26;1;1
15388;32551.32;50;3.26;1;1
15389;32551.32;50;3.26;1;1
15390;32551.32;50;3.26;1;1
15391;32551.32;50;3.26;1;1
15392;32551.32;50;3.26;1;1
15393;32551.32;50;3.26;1;1
15394;32600.20;50;3.26;1;1
15395;32551.32;50;3.26;1;1
15396;32600.20;50;3.26;1;1
15397;32600.20;50;3.26;1;1
15398;32600.20;50;3.26;1;1
15399;32600.20;50;3.26;1;1
15400;32551.32;50;3.26;1;1
15401;32551.32;50;3.26;1;1
15402;32600.20;50;3.26;1;1
15403;32600.20;50;3.26;1;1
15404;32600.20;50;3.26;1;1
15405;32600.20;50;3.26;1;1
15406;32600.20;50;3.26;1;1
15407;32551.32;50;3.26;1;1
15408;32600.20;50;3.26;1;1
15409;32600.20;50;3.26;1;1
15410;32600.20;50;3.26;1;1
15411;32600.20;50;3.26;1;1
15412;32600.20;50;3.26;1;1
15413;32600.20;50;3.26;1;1
15414;32600.20;50;3.26;1;1
15415;32600.20;50;3.26;1;1
15416;32600.20;50;3.26;1;1
15417;32600.20;50;3.26;1;1
15418;32600.20;50;3.26;1;1
15419;32600.20;50;3.26;1;1
15420;32600.20;50;3.26;1;1
15421;32551.32;50;3.26;1;1
15422;32551.32;50;3.26;1;1
15423;32600.20;50;3.26;1;1
15424;32600.20;50;3.26;1;1
15425;32600.20;50;3.26;1;1
15426;32600.20;50;3.26;1;1
15427;32600.20;50;3.26;1;1
15428;32600.20;50;3.26;1;1
15429;32600.20;50;3.26;1;1
15430;32551.32;50;3.26;1;1
15431;32600.20;50;3.26;1;1
15432;32600.20;50;3.26;1;1
15433;32600.20;50;3.26;1;1
15434;32600.20;50;3.26;1;1
15435;32600.20;50;3.26;1;1
15436;32600.20;50;3.26;1;1
15437;32551.32;50;3.26;1;1
15438;32600.20;50;3.26;1;1
15439;32600.20;50;3.26;1;1
15440;32551.32;50;3.26;1;1
15441;32600.20;50;3.26;1;1
15442;32600.20;50;3.26;1;1
15443;32600.20;50;3.26;1;1
15444;32600.20;50;3.26;1;1
15445;32551.32;50;3.26;1;1
15446;32600.20;50;3.26;1;1
15447;32600.20;50;3.26;1;1
15448;32600.20;50;3.26;1;1
15449;32649.07;50;3.26;1;1
15450;32649.07;50;3.26;1;1
15451;32649.07;50;3.26;1;1
15452;32649.07;50;3.26;1;1
15453;32649.07;50;3.26;1;1
15454;32649.07;50;3.26;1;1
15455;32649.07;50;3.26;1;1
15456;32649.07;50;3.26;1;1
15457;32649.07;50;3.26;1;1
15458;32649.07;50;3.26;1;1
15459;32649.07;50;3.26;1;1
15460;32649.07;50;3.26;1;1
15461;32649.07;50;3.26;1;1
15462;32649.07;50;3.26;1;1
15463;32649.07;50;3.26;1;1
15464;32649.07;50;3.26;1;1
15465;32649.07;50;3.26;1;1
15466;32649.07;50;3.26;1;1
15467;32649.07;50;3.26;1;1
15468;32649.07;50;3.26;1;1
15469;32649.07;50;3.26;1;1
15470;32649.07;50;3.26;1;1
15471;32649.07;50;3.26;1;1
15472;32649.07;50;3.26;1;1
15473;32649.07;50;3.26;1;1
15474;32649.07;50;3.26;1;1
15475;32649.07;50;3.26;1;1
15476;32649.07;50;3.26;1;1
15477;32649.07;50;3.26;1;1
15478;32649.07;50;3.26;1;1
15479;32649.07;50;3.26;1;1
15480;32649.07;50;3.26;1;1
15481;32649.07;50;3.26;1;1
15482;32649.07;50;3.26;1;1
15483;32649.07;50;3.26;1;1
15484;32649.07;50;3.26;1;1
15485;32649.07;50;3.26;1;1
15486;32649.07;50;3.26;1;1
15487;32649.07;50;3.26;1;1
15488;32649.07;50;3.26;1;1
15489;32649.07;50;3.26;1;1
15490;32649.07;50;3.26;1;1
15491;32649.07;50;3.26;1;1
15492;32649.07;50;3.26;1;1
15493;32649.07;50;3.26;1;1
15494;32649.07;50;3.26;1;1
15495;32649.07;50;3.26;1;1
15496;32649.07;50;3.26;1;1
15497;32649.07;50;3.26;1;1
15498;32649.07;50;3.26;1;1
15499;32649.07;50;3.26;1;1
15500;32649.07;50;3.26;1;1
15501;32649.07;50;3.26;1;1
15502;32649.07;50;3.26;1;1
15503;32649.07;50;3.26;1;1
15504;32697.95;50;3.26;1;1
15505;32649.07;50;3.27;1;1
15506;32697.95;50;3.26;1;1
15507;32697.95;50;3.27;1;1
15508;32697.95;50;3.27;1;1
15509;32649.07;50;3.27;1;1
15510;32697.95;50;3.26;1;1
15511;32649.07;50;3.27;1;1
15512;32649.07;50;3.26;1;1
15513;32649.07;50;3.26;1;1
15514;32649.07;50;3.26;1;1
15515;32697.95;50;3.26;1;1
15516;32649.07;50;3.27;1;1
15517;32697.95;50;3.26;1;1
15518;32697.95;50;3.27;1;1
15519;32697.95;50;3.27;1;1
15520;32697.95;50;3.27;1;1
15521;32697.95;50;3.27;1;1
15522;32697.95;50;3.27;1;1
15523;32649.07;50;3.27;1;1
15524;32697.95;50;3.26;1;1
15525;32697.95;50;3.27;1;1
15526;32697.95;50;3.27;1;1
15527;32697.95;50;3.27;1;1
15528;32697.95;50;3.27;1;1
15529;32697.95;50;3.27;1;1
15530;32697.95;50;3.27;1;1
15531;32649.07;50;3.27;1;1
15532;32697.95;50;3.26;1;1
15533;32697.95;50;3.27;1;1
15534;32697.95;50;3.27;1;1
15535;32697.95;50;3.27;1;1
15536;32697.95;50;3.27;1;1
15537;32697.95;50;3.27;1;1
15538;32697.95;50;3.27;1;1
15539;32697.95;50;3.27;1;1
15540;32697.95;50;3.27;1;1
15541;32697.95;50;3.27;1;1
15542;32697.95;50;3.27;1;1
15543;32649.07;50;3.27;1;1
15544;32697.95;50;3.26;1;1
15545;32697.95;50;3.27;1;1
15546;32697.95;50;3.27;1;1
15547;32697.95;50;3.27;1;1
15548;32697.95;50;3.27;1;1
15549;32697.95;50;3.27;1;1
15550;32697.95;50;3.27;1;1
15551;32697.95;50;3.27;1;1
15552;32697.95;50;3.27;1;1
15553;32697.95;50;3.27;1;1
15554;32697.95;50;3.27;1;1
15555;32697.95;50;3.27;1;1
15556;32697.95;50;3.27;1;1
15557;32697.95;50;3.27;1;1
15558;32697.95;50;3.27;1;1
15559;32697.95;50;3.27;1;1
15560;32697.95;50;3.27;1;1
15561;32649.07;50;3.27;1;1
15562;32697.95;50;3.26;1;1
15563;32649.07;50;3.27;1;1
15564;32697.95;50;3.26;1;1
15565;32697.95;50;3.27;1;1
15566;32697.95;50;3.27;1;1
15567;32697.95;50;3.27;1;1
15568;32697.95;50;3.27;1;1
15569;32697.95;50;3.27;1;1
15570;32697.95;50;3.27;1;1
15571;32697.95;50;3.27;1;1
15572;32697.95;50;3.27;1;1
15573;32649.07;50;3.27;1;1
15574;32697.95;50;3.26;1;1
15575;32649.07;50;3.27;1;1
15576;32697.95;50;3.26;1;1
15577;32697.95;50;3.27;1;1
15578;32697.95;50;3.27;1;1
15579;32697.95;50;3.27;1;1
15580;32697.95;50;3.27;1;1
15581;32697.95;50;3.27;1;1
15582;32697.95;50;3.27;1;1
15583;32697.95;50;3.27;1;1
15584;32697.95;50;3.27;1;1
15585;32697.95;50;3.27;1;1
15586;32697.95;50;3.27;1;1
15587;32697.95;50;3.27;1;1
15588;32697.95;50;3.27;1;1
15589;32697.95;50;3.27;1;1
15590;32697.95;50;3.27;1;1
15591;32697.95;50;3.27;1;1
15592;32697.95;50;3.27;1;1
15593;32697.95;50;3.27;1;1
15594;32697.95;50;3.27;1;1
15595;32697.95;50;3.27;1;1
15596;32697.95;50;3.27;1;1
15597;32697.95;50;3.27;1;1
15598;32697.95;50;3.27;1;1
15599;32697.95;50;3.27;1;1
15600;32697.95;50;3.27;1;1
15601;32697.95;50;3.27;1;1
15602;32697.95;50;3.27;1;1
15603;32697.95;50;3.27;1;1
15604;32697.95;50;3.27;1;1
15605;32697.95;50;3.27;1;1
15606;32697.95;50;3.27;1;1
15607;32697.95;50;3.27;1;1
15608;32697.95;50;3.27;1;1
15609;32697.95;50;3.27;1;1
15610;32697.95;50;3.27;1;1
15611;32697.95;50;3.27;1;1
15612;32697.95;50;3.27;1;1
15613;32697.95;50;3.27;1;1
15614;32697.95;50;3.27;1;1
15615;32697.95;50;3.27;1;1
15616;32697.95;50;3.27;1;1
15617;32697.95;50;3.27;1;1
15618;32697.95;50;3.27;1;1
15619;32697.95;50;3.27;1;1
15620;32697.95;50;3.27;1;1
15621;32697.95;50;3.27;1;1
15622;32697.95;50;3.27;1;1
15623;32697.95;50;3.27;1;1
15624;32697.95;50;3.27;1;1
15625;32697.95;50;3.27;1;1
15626;32697.95;50;3.27;1;1
15627;32697.95;50;3.27;1;1
15628;32697.95;50;3.27;1;1
15629;32697.95;50;3.27;1;1
15630;32697.95;50;3.27;1;1
15631;32697.95;50;3.27;1;1
15632;32697.95;50;3.27;1;1
15633;32697.95;50;3.27;1;1
15634;32697.95;50;3.27;1;1
15635;32697.95;50;3.27;1;1
15636;32697.95;50;3.27;1;1
15637;32697.95;50;3.27;1;1
15638;32697.95;50;3.27;1;1
15639;32697.95;50;3.27;1;1
15640;32697.95;50;3.27;1;1
15641;32697.95;50;3.27;1;1
15642;32697.95;50;3.27;1;1
15643;32697.95;50;3.27;1;1
15644;32697.95;50;3.27;1;1
15645;32697.95;50;3.27;1;1
15646;32697.95;50;3.27;1;1
15647;32697.95;50;3.27;1;1
15648;32697.95;50;3.27;1;1
15649;32697.95;50;3.27;1;1
15650;32649.07;50;3.27;1;1
15651;32649.07;50;3.26;1;1
15652;32697.95;50;3.26;1;1
15653;32697.95;50;3.27;1;1
15654;32697.95;50;3.27;1;1
15655;32697.95;50;3.27;1;1
15656;32697.95;50;3.27;1;1
15657;32697.95;50;3.27;1;1
15658;32697.95;50;3.27;1;1
15659;32697.95;50;3.27;1;1
15660;32697.95;50;3.27;1;1
15661;32697.95;50;3.27;1;1
15662;32697.95;50;3.27;1;1
15663;32697.95;50;3.27;1;1
15664;32697.95;50;3.27;1;1
15665;32697.95;50;3.27;1;1
15666;32697.95;50;3.27;1;1
15667;32697.95;50;3.27;1;1
15668;32649.07;50;3.27;1;1
15669;32697.95;50;3.26;1;1
15670;32697.95;50;3.27;1;1
15671;32697.95;50;3.27;1;1
15672;32697.95;50;3.27;1;1
15673;32697.95;50;3.27;1;1
15674;32697.95;50;3.27;1;1
15675;32697.95;50;3.27;1;1
15676;32697.95;50;3.27;1;1
15677;32697.95;50;3.27;1;1
15678;32697.95;50;3.27;1;1
15679;32697.95;50;3.27;1;1
15680;32697.95;50;3.27;1;1
15681;32697.95;50;3.27;1;1
15682;32697.95;50;3.27;1;1
15683;32697.95;50;3.27;1;1
15684;32697.95;50;3.27;1;1
15685;32697.95;50;3.27;1;1
15686;32697.95;50;3.27;1;1
15687;32697.95;50;3.27;1;1
15688;32697.95;50;3.27;1;1
15689;32697.95;50;3.27;1;1
15690;32697.95;50;3.27;1;1
15691;32697.95;50;3.27;1;1
15692;32697.95;50;3.27;1;1
15693;32697.95;50;3.27;1;1
15694;32697.95;50;3.27;1;1
15695;32697.95;50;3.27;1;1
15696;32697.95;50;3.27;1;1
15697;32697.95;50;3.27;1;1
15698;32697.95;50;3.27;1;1
15699;32697.95;50;3.27;1;1
15700;32697.95;50;3.27;1;1
15701;32697.95;50;3.27;1;1
15702;32697.95;50;3.27;1;1
15703;32697.95;50;3.27;1;1
15704;32697.95;50;3.27;1;1
15705;32697.95;50;3.27;1;1
15706;32697.95;50;3.27;1;1
15707;32697.95;50;3.27;1;1
15708;32697.95;50;3.27;1;1
15709;32697.95;50;3.27;1;1
15710;32649.07;50;3.27;1;1
15711;32697.95;50;3.26;1;1
15712;32697.95;50;3.27;1;1
15713;32697.95;50;3.27;1;1
15714;32649.07;50;3.27;1;1
15715;32697.95;50;3.26;1;1
15716;32649.07;50;3.27;1;1
15717;32697.95;50;3.26;1;1
15718;32697.95;50;3.27;1;1
15719;32697.95;50;3.27;1;1
15720;32697.95;50;3.27;1;1
15721;32697.95;50;3.27;1;1
15722;32697.95;50;3.27;1;1
15723;32697.95;50;3.27;1;1
15724;32697.95;50;3.27;1;1
15725;32697.95;50;3.27;1;1
15726;32697.95;50;3.27;1;1
15727;32697.95;50;3.27;1;1
15728;32697.95;50;3.27;1;1
15729;32697.95;50;3.27;1;1
15730;32649.07;50;3.27;1;1
15731;32697.95;50;3.26;1;1
15732;32697.95;50;3.27;1;1
15733;32697.95;50;3.27;1;1
15734;32697.95;50;3.27;1;1
15735;32697.95;50;3.27;1;1
15736;32697.95;50;3.27;1;1
15737;32697.95;50;3.27;1;1
15738;32697.95;50;3.27;1;1
15739;32697.95;50;3.27;1;1
15740;32649.07;50;3.27;1;1
15741;32697.95;50;3.26;1;1
15742;32649.07;50;3.27;1;1
15743;32697.95;50;3.26;1;1
15744;32649.07;50;3.27;1;1
15745;32697.95;50;3.26;1;1
15746;32697.95;50;3.27;1;1
15747;32697.95;50;3.27;1;1
15748;32697.95;50;3.27;1;1
15749;32697.95;50;3.27;1;1
15750;32697.95;50;3.27;1;1
15751;32697.95;50;3.27;1;1
15752;32649.07;50;3.27;1;1
15753;32697.95;50;3.26;1;1
15754;32697.95;50;3.27;1;1
15755;32697.95;50;3.27;1;1
15756;32697.95;50;3.27;1;1
15757;32697.95;50;3.27;1;1
15758;32649.07;50;3.27;1;1
15759;32697.95;50;3.26;1;1
15760;32697.95;50;3.27;1;1
15761;32697.95;50;3.27;1;1
15762;32697.95;50;3.27;1;1
15763;32697.95;50;3.27;1;1
15764;32697.95;50;3.27;1;1
15765;32697.95;50;3.27;1;1
15766;32649.07;50;3.27;1;1
15767;32697.95;50;3.26;1;1
15768;32697.95;50;3.27;1;1
15769;32697.95;50;3.27;1;1
15770;32697.95;50;3.27;1;1
15771;32649.07;50;3.27;1;1
15772;32697.95;50;3.26;1;1
15773;32649.07;50;3.27;1;1
15774;32649.07;50;3.26;1;1
15775;32697.95;50;3.26;1;1
15776;32697.95;50;3.27;1;1
15777;32697.95;50;3.27;1;1
15778;32649.07;50;3.27;1;1
15779;32697.95;50;3.26;1;1
15780;32697.95;50;3.27;1;1
15781;32697.95;50;3.27;1;1
15782;32697.95;50;3.27;1;1
15783;32697.95;50;3.27;1;1
15784;32649.07;50;3.27;1;1
15785;32649.07;50;3.26;1;1
15786;32697.95;50;3.26;1;1
15787;32697.95;50;3.27;1;1
15788;32649.07;50;3.27;1;1
15789;32697.95;50;3.26;1;1
15790;32697.95;50;3.27;1;1
15791;32649.07;50;3.27;1;1
15792;32649.07;50;3.26;1;1
15793;32697.95;50;3.26;1;1
15794;32649.07;50;3.27;1;1
15795;32649.07;50;3.26;1;1
15796;32697.95;50;3.26;1;1
15797;32697.95;50;3.27;1;1
15798;32697.95;50;3.27;1;1
15799;32649.07;50;3.27;1;1
15800;32697.95;50;3.26;1;1
15801;32697.95;50;3.27;1;1
15802;32697.95;50;3.27;1;1
15803;32697.95;50;3.27;1;1
15804;32697.95;50;3.27;1;1
15805;32649.07;50;3.27;1;1
15806;32649.07;50;3.26;1;1
15807;32697.95;50;3.26;1;1
15808;32649.07;50;3.27;1;1
15809;32649.07;50;3.26;1;1
15810;32697.95;50;3.26;1;1
15811;32649.07;50;3.27;1;1
15812;32649.07;50;3.26;1;1
15813;32649.07;50;3.26;1;1
15814;32649.07;50;3.26;1;1
15815;32697.95;50;3.26;1;1
15816;32697.95;50;3.27;1;1
15817;32697.95;50;3.27;1;1
15818;32697.95;50;3.27;1;1
15819;32649.07;50;3.27;1;1
15820;32649.07;50;3.26;1;1
15821;32697.95;50;3.26;1;1
15822;32649.07;50;3.27;1;1
15823;32697.95;50;3.26;1;1
15824;32697.95;50;3.27;1;1
15825;32697.95;50;3.27;1;1
15826;32649.07;50;3.27;1;1
15827;32649.07;50;3.26;1;1
15828;32697.95;50;3.26;1;1
15829;32649.07;50;3.27;1;1
15830;32697.95;50;3.26;1;1
15831;32697.95;50;3.27;1;1
15832;32697.95;50;3.27;1;1
15833;32649.07;50;3.27;1;1
15834;32697.95;50;3.26;1;1
15835;32697.95;50;3.27;1;1
15836;32697.95;50;3.27;1;1
15837;32649.07;50;3.27;1;1
15838;32649.07;50;3.26;1;1
15839;32649.07;50;3.26;1;1
15840;32697.95;50;3.26;1;1
15841;32649.07;50;3.27;1;1
15842;32697.95;50;3.26;1;1
15843;32697.95;50;3.27;1;1
15844;32697.95;50;3.27;1;1
15845;32649.07;50;3.27;1;1
15846;32697.95;50;3.26;1;1
15847;32649.07;50;3.27;1;1
15848;32649.07;50;3.26;1;1
15849;32649.07;50;3.26;1;1
15850;32697.95;50;3.26;1;1
15851;32649.07;50;3.27;1;1
15852;32697.95;50;3.26;1;1
15853;32649.07;50;3.27;1;1
15854;32649.07;50;3.26;1;1
15855;32649.07;50;3.26;1;1
15856;32697.95;50;3.26;1;1
15857;32649.07;50;3.27;1;1
15858;32649.07;50;3.26;1;1
15859;32649.07;50;3.26;1;1
15860;32649.07;50;3.26;1;1
15861;32649.07;50;3.26;1;1
15862;32649.07;50;3.26;1;1
15863;32649.07;50;3.26;1;1
15864;32697.95;50;3.26;1;1
15865;32649.07;50;3.27;1;1
15866;32697.95;50;3.26;1;1
15867;32697.95;50;3.27;1;1
15868;32649.07;50;3.27;1;1
15869;32649.07;50;3.26;1;1
15870;32697.95;50;3.26;1;1
15871;32649.07;50;3.27;1;1
15872;32697.95;50;3.26;1;1
15873;32697.95;50;3.27;1;1
15874;32697.95;50;3.27;1;1
15875;32649.07;50;3.27;1;1
15876;32649.07;50;3.26;1;1
15877;32649.07;50;3.26;1;1
15878;32697.95;50;3.26;1;1
15879;32649.07;50;3.27;1;1
15880;32697.95;50;3.26;1;1
15881;32649.07;50;3.27;1;1
15882;32649.07;50;3.26;1;1
15883;32649.07;50;3.26;1;1
15884;32697.95;50;3.26;1;1
15885;32697.95;50;3.27;1;1
15886;32697.95;50;3.27;1;1
15887;32697.95;50;3.27;1;1
15888;32697.95;50;3.27;1;1
15889;32649.07;50;3.27;1;1
15890;32697.95;50;3.26;1;1
15891;32697.95;50;3.27;1;1
15892;32697.95;50;3.27;1;1
15893;32649.07;50;3.27;1;1
15894;32649.07;50;3.26;1;1
15895;32649.07;50;3.26;1;1
15896;32649.07;50;3.26;1;1
15897;32649.07;50;3.26;1;1
15898;32649.07;50;3.26;1;1
15899;32649.07;50;3.26;1;1
15900;32649.07;50;3.26;1;1
15901;32649.07;50;3.26;1;1
15902;32649.07;50;3.26;1;1
15903;32649.07;50;3.26;1;1
15904;32649.07;50;3.26;1;1
15905;32649.07;50;3.26;1;1
15906;32697.95;50;3.26;1;1
15907;32697.95;50;3.27;1;1
15908;32649.07;50;3.27;1;1
15909;32649.07;50;3.26;1;1
15910;32649.07;50;3.26;1;1
15911;32697.95;50;3.26;1;1
15912;32649.07;50;3.27;1;1
15913;32697.95;50;3.26;1;1
15914;32697.95;50;3.27;1;1
15915;32697.95;50;3.27;1;1
15916;32649.07;50;3.27;1;1
15917;32649.07;50;3.26;1;1
15918;32697.95;50;3.26;1;1
15919;32649.07;50;3.27;1;1
15920;32649.07;50;3.26;1;1
15921;32697.95;50;3.26;1;1
15922;32697.95;50;3.27;1;1
15923;32697.95;50;3.27;1;1
15924;32649.07;50;3.27;1;1
15925;32649.07;50;3.26;1;1
15926;32697.95;50;3.26;1;1
15927;32697.95;50;3.27;1;1
15928;32649.07;50;3.27;1;1
15929;32697.95;50;3.26;1;1
15930;32649.07;50;3.27;1;1
15931;32649.07;50;3.26;1;1
15932;32649.07;50;3.26;1;1
15933;32649.07;50;3.26;1;1
15934;32697.95;50;3.26;1;1
15935;32649.07;50;3.27;1;1
15936;32697.95;50;3.26;1;1
15937;32697.95;50;3.27;1;1
15938;32649.07;50;3.27;1;1
15939;32649.07;50;3.26;1;1
15940;32697.95;50;3.26;1;1
15941;32697.95;50;3.27;1;1
15942;32649.07;50;3.27;1;1
15943;32697.95;50;3.26;1;1
15944;32649.07;50;3.27;1;1
15945;32649.07;50;3.26;1;1
15946;32649.07;50;3.26;1;1
15947;32697.95;50;3.26;1;1
15948;32697.95;50;3.27;1;1
15949;32649.07;50;3.27;1;1
15950;32649.07;50;3.26;1;1
15951;32649.07;50;3.26;1;1
15952;32649.07;50;3.26;1;1
15953;32649.07;50;3.26;1;1
15954;32649.07;50;3.26;1;1
15955;32649.07;50;3.26;1;1
15956;32649.07;50;3.26;1;1
15957;32697.95;50;3.26;1;1
15958;32649.07;50;3.27;1;1
15959;32649.07;50;3.26;1;1
15960;32649.07;50;3.26;1;1
15961;32649.07;50;3.26;1;1
15962;32649.07;50;3.26;1;1
15963;32649.07;50;3.26;1;1
15964;32649.07;50;3.26;1;1
15965;32649.07;50;3.26;1;1
15966;32649.07;50;3.26;1;1
15967;32649.07;50;3.26;1;1
15968;32649.07;50;3.26;1;1
15969;32697.95;50;3.26;1;1
15970;32649.07;50;3.27;1;1
15971;32697.95;50;3.26;1;1
15972;32649.07;50;3.27;1;1
15973;32649.07;50;3.26;1;1
15974;32649.07;50;3.26;1;1
15975;32697.95;50;3.26;1;1
15976;32649.07;50;3.27;1;1
15977;32649.07;50;3.26;1;1
15978;32649.07;50;3.26;1;1
15979;32649.07;50;3.26;1;1
15980;32649.07;50;3.26;1;1
15981;32649.07;50;3.26;1;1
15982;32649.07;50;3.26;1;1
15983;32649.07;50;3.26;1;1
15984;32649.07;50;3.26;1;1
15985;32649.07;50;3.26;1;1
15986;32649.07;50;3.26;1;1
15987;32697.95;50;3.26;1;1
15988;32649.07;50;3.27;1;1
15989;32697.95;50;3.26;1;1
15990;32649.07;50;3.27;1;1
15991;32649.07;50;3.26;1;1
15992;32649.07;50;3.26;1;1
15993;32649.07;50;3.26;1;1
15994;32697.95;50;3.26;1;1
15995;32649.07;50;3.27;1;1
15996;32649.07;50;3.26;1;1
15997;32649.07;50;3.26;1;1
15998;32649.07;50;3.26;1;1
15999;32649.07;50;3.26;1;1
16000;32649.07;50;3.26;1;1
16001;32649.07;50;3.26;1;1
16002;32649.07;50;3.26;1;1
16003;32649.07;50;3.26;1;1
16004;32649.07;50;3.26;1;1
16005;32697.95;50;3.26;1;1
16006;32649.07;50;3.27;1;1
16007;32649.07;50;3.26;1;1
16008;32649.07;50;3.26;1;1
16009;32649.07;50;3.26;1;1
16010;32697.95;50;3.26;1;1
16011;32649.07;50;3.27;1;1
16012;32649.07;50;3.26;1;1
16013;32649.07;50;3.26;1;1
16014;32649.07;50;3.26;1;1
16015;32649.07;50;3.26;1;1
16016;32649.07;50;3.26;1;1
16017;32649.07;50;3.26;1;1
16018;32649.07;50;3.26;1;1
16019;32649.07;50;3.26;1;1
16020;32649.07;50;3.26;1;1
16021;32649.07;50;3.26;1;1
16022;32649.07;50;3.26;1;1
16023;32649.07;50;3.26;1;1
16024;32649.07;50;3.26;1;1
16025;32649.07;50;3.26;1;1
16026;32649.07;50;3.26;1;1
16027;32649.07;50;3.26;1;1
16028;32649.07;50;3.26;1;1
16029;32649.07;50;3.26;1;1
16030;32649.07;50;3.26;1;1
16031;32649.07;50;3.26;1;1
16032;32649.07;50;3.26;1;1
16033;32649.07;50;3.26;1;1
16034;32649.07;50;3.26;1;1
16035;32649.07;50;3.26;1;1
16036;32649.07;50;3.26;1;1
16037;32649.07;50;3.26;1;1
16038;32649.07;50;3.26;1;1
16039;32649.07;50;3.26;1;1
16040;32649.07;50;3.26;1;1
16041;32649.07;50;3.26;1;1
16042;32649.07;50;3.26;1;1
16043;32649.07;50;3.26;1;1
16044;32649.07;50;3.26;1;1
16045;32649.07;50;3.26;1;1
16046;32649.07;50;3.26;1;1
16047;32649.07;50;3.26;1;1
16048;32649.07;50;3.26;1;1
16049;32649.07;50;3.26;1;1
16050;32649.07;50;3.26;1;1
16051;32649.07;50;3.26;1;1
16052;32649.07;50;3.26;1;1
16053;32649.07;50;3.26;1;1
16054;32649.07;50;3.26;1;1
16055;32649.07;50;3.26;1;1
16056;32649.07;50;3.26;1;1
16057;32649.07;50;3.26;1;1
16058;32649.07;50;3.26;1;1
16059;32649.07;50;3.26;1;1
16060;32649.07;50;3.26;1;1
16061;32649.07;50;3.26;1;1
16062;32649.07;50;3.26;1;1
16063;32649.07;50;3.26;1;1
16064;32649.07;50;3.26;1;1
16065;32649.07;50;3.26;1;1
16066;32649.07;50;3.26;1;1
16067;32649.07;50;3.26;1;1
16068;32649.07;50;3.26;1;1
16069;32649.07;50;3.26;1;1
16070;32649.07;50;3.26;1;1
16071;32649.07;50;3.26;1;1
16072;32649.07;50;3.26;1;1
16073;32649.07;50;3.26;1;1
16074;32649.07;50;3.26;1;1
16075;32649.07;50;3.26;1;1
16076;32649.07;50;3.26;1;1
16077;32649.07;50;3.26;1;1
16078;32649.07;50;3.26;1;1
16079;32649.07;50;3.26;1;1
16080;32649.07;50;3.26;1;1
16081;32649.07;50;3.26;1;1
16082;32649.07;50;3.26;1;1
16083;32649.07;50;3.26;1;1
16084;32649.07;50;3.26;1;1
16085;32649.07;50;3.26;1;1
16086;32649.07;50;3.26;1;1
16087;32649.07;50;3.26;1;1
16088;32649.07;50;3.26;1;1
16089;32649.07;50;3.26;1;1
16090;32649.07;50;3.26;1;1
16091;32649.07;50;3.26;1;1
16092;32649.07;50;3.26;1;1
16093;32649.07;50;3.26;1;1
16094;32649.07;50;3.26;1;1
16095;32649.07;50;3.26;1;1
16096;32649.07;50;3.26;1;1
16097;32649.07;50;3.26;1;1
16098;32649.07;50;3.26;1;1
16099;32649.07;50;3.26;1;1
16100;32649.07;50;3.26;1;1
16101;32649.07;50;3.26;1;1
16102;32649.07;50;3.26;1;1
16103;32649.07;50;3.26;1;1
16104;32649.07;50;3.26;1;1
16105;32649.07;50;3.26;1;1
16106;32649.07;50;3.26;1;1
16107;32649.07;50;3.26;1;1
16108;32649.07;50;3.26;1;1
16109;32649.07;50;3.26;1;1
16110;32649.07;50;3.26;1;1
16111;32649.07;50;3.26;1;1
16112;32649.07;50;3.26;1;1
16113;32649.07;50;3.26;1;1
16114;32649.07;50;3.26;1;1
16115;32649.07;50;3.26;1;1
16116;32649.07;50;3.26;1;1
16117;32649.07;50;3.26;1;1
16118;32649.07;50;3.26;1;1
16119;32649.07;50;3.26;1;1
16120;32649.07;50;3.26;1;1
16121;32649.07;50;3.26;1;1
16122;32649.07;50;3.26;1;1
16123;32649.07;50;3.26;1;1
16124;32649.07;50;3.26;1;1
16125;32649.07;50;3.26;1;1
16126;32649.07;50;3.26;1;1
16127;32649.07;50;3.26;1;1
16128;32649.07;50;3.26;1;1
16129;32649.07;50;3.26;1;1
16130;32649.07;50;3.26;1;1
16131;32649.07;50;3.26;1;1
16132;32649.07;50;3.26;1;1
16133;32649.07;50;3.26;1;1
16134;32649.07;50;3.26;1;1
16135;32649.07;50;3.26;1;1
16136;32649.07;50;3.26;1;1
16137;32649.07;50;3.26;1;1
16138;32649.07;50;3.26;1;1
16139;32649.07;50;3.26;1;1
16140;32649.07;50;3.26;1;1
16141;32649.07;50;3.26;1;1
16142;32649.07;50;3.26;1;1
16143;32649.07;50;3.26;1;1
16144;32649.07;50;3.26;1;1
16145;32649.07;50;3.26;1;1
16146;32649.07;50;3.26;1;1
16147;32649.07;50;3.26;1;1
16148;32649.07;50;3.26;1;1
16149;32649.07;50;3.26;1;1
16150;32649.07;50;3.26;1;1
16151;32649.07;50;3.26;1;1
16152;32649.07;50;3.26;1;1
16153;32649.07;50;3.26;1;1
16154;32649.07;50;3.26;1;1
16155;32649.07;50;3.26;1;1
16156;32649.07;50;3.26;1;1
16157;32649.07;50;3.26;1;1
16158;32649.07;50;3.26;1;1
16159;32649.07;50;3.26;1;1
16160;32649.07;50;3.26;1;1
16161;32649.07;50;3.26;1;1
16162;32649.07;50;3.26;1;1
16163;32649.07;50;3.26;1;1
16164;32649.07;50;3.26;1;1
16165;32649.07;50;3.26;1;1
16166;32649.07;50;3.26;1;1
16167;32649.07;50;3.26;1;1
16168;32649.07;50;3.26;1;1
16169;32649.07;50;3.26;1;1
16170;32649.07;50;3.26;1;1
16171;32649.07;50;3.26;1;1
16172;32649.07;50;3.26;1;1
16173;32649.07;50;3.26;1;1
16174;32649.07;50;3.26;1;1
16175;32649.07;50;3.26;1;1
16176;32649.07;50;3.26;1;1
16177;32649.07;50;3.26;1;1
16178;32649.07;50;3.26;1;1
16179;32649.07;50;3.26;1;1
16180;32649.07;50;3.26;1;1
16181;32649.07;50;3.26;1;1
16182;32649.07;50;3.26;1;1
16183;32649.07;50;3.26;1;1
16184;32649.07;50;3.26;1;1
16185;32649.07;50;3.26;1;1
16186;32649.07;50;3.26;1;1
16187;32649.07;50;3.26;1;1
16188;32649.07;50;3.26;1;1
16189;32649.07;50;3.26;1;1
16190;32649.07;50;3.26;1;1
16191;32649.07;50;3.26;1;1
16192;32649.07;50;3.26;1;1
16193;32649.07;50;3.26;1;1
16194;32649.07;50;3.26;1;1
16195;32649.07;50;3.26;1;1
16196;32649.07;50;3.26;1;1
16197;32649.07;50;3.26;1;1
16198;32649.07;50;3.26;1;1
16199;32649.07;50;3.26;1;1
16200;32649.07;50;3.26;1;1
16201;32649.07;50;3.26;1;1
16202;32649.07;50;3.26;1;1
16203;32649.07;50;3.26;1;1
16204;32649.07;50;3.26;1;1
16205;32649.07;50;3.26;1;1
16206;32649.07;50;3.26;1;1
16207;32649.07;50;3.26;1;1
16208;32649.07;50;3.26;1;1
16209;32649.07;50;3.26;1;1
16210;32649.07;50;3.26;1;1
16211;32649.07;50;3.26;1;1
16212;32649.07;50;3.26;1;1
16213;32649.07;50;3.26;1;1
16214;32649.07;50;3.26;1;1
16215;32649.07;50;3.26;1;1
16216;32649.07;50;3.26;1;1
16217;32649.07;50;3.26;1;1
16218;32649.07;50;3.26;1;1
16219;32649.07;50;3.26;1;1
16220;32649.07;50;3.26;1;1
16221;32649.07;50;3.26;1;1
16222;32649.07;50;3.26;1;1
16223;32649.07;50;3.26;1;1
16224;32649.07;50;3.26;1;1
16225;32649.07;50;3.26;1;1
16226;32649.07;50;3.26;1;1
16227;32649.07;50;3.26;1;1
16228;32649.07;50;3.26;1;1
16229;32649.07;50;3.26;1;1
16230;32649.07;50;3.26;1;1
16231;32649.07;50;3.26;1;1
16232;32649.07;50;3.26;1;1
16233;32649.07;50;3.26;1;1
16234;32649.07;50;3.26;1;1
16235;32649.07;50;3.26;1;1
16236;32649.07;50;3.26;1;1
16237;32649.07;50;3.26;1;1
16238;32649.07;50;3.26;1;1
16239;32649.07;50;3.26;1;1
16240;32649.07;50;3.26;1;1
16241;32649.07;50;3.26;1;1
16242;32649.07;50;3.26;1;1
16243;32649.07;50;3.26;1;1
16244;32649.07;50;3.26;1;1
16245;32649.07;50;3.26;1;1
16246;32649.07;50;3.26;1;1
16247;32649.07;50;3.26;1;1
16248;32649.07;50;3.26;1;1
16249;32649.07;50;3.26;1;1
16250;32649.07;50;3.26;1;1
16251;32649.07;50;3.26;1;1
16252;32649.07;50;3.26;1;1
16253;32649.07;50;3.26;1;1
16254;32649.07;50;3.26;1;1
16255;32649.07;50;3.26;1;1
16256;32649.07;50;3.26;1;1
16257;32649.07;50;3.26;1;1
16258;32649.07;50;3.26;1;1
16259;32649.07;50;3.26;1;1
16260;32649.07;50;3.26;1;1
16261;32649.07;50;3.26;1;1
16262;32649.07;50;3.26;1;1
16263;32649.07;50;3.26;1;1
16264;32649.07;50;3.26;1;1
16265;32649.07;50;3.26;1;1
16266;32649.07;50;3.26;1;1
16267;32649.07;50;3.26;1;1
16268;32649.07;50;3.26;1;1
16269;32649.07;50;3.26;1;1
16270;32649.07;50;3.26;1;1
16271;32649.07;50;3.26;1;1
16272;32649.07;50;3.26;1;1
16273;32649.07;50;3.26;1;1
16274;32649.07;50;3.26;1;1
16275;32649.07;50;3.26;1;1
16276;32649.07;50;3.26;1;1
16277;32649.07;50;3.26;1;1
16278;32649.07;50;3.26;1;1
16279;32649.07;50;3.26;1;1
16280;32649.07;50;3.26;1;1
16281;32649.07;50;3.26;1;1
16282;32649.07;50;3.26;1;1
16283;32649.07;50;3.26;1;1
16284;32649.07;50;3.26;1;1
16285;32649.07;50;3.26;1;1
16286;32649.07;50;3.26;1;1
16287;32649.07;50;3.26;1;1
16288;32649.07;50;3.26;1;1
16289;32649.07;50;3.26;1;1
16290;32649.07;50;3.26;1;1
16291;32649.07;50;3.26;1;1
16292;32649.07;50;3.26;1;1
16293;32649.07;50;3.26;1;1
16294;32649.07;50;3.26;1;1
16295;32649.07;50;3.26;1;1
16296;32649.07;50;3.26;1;1
16297;32649.07;50;3.26;1;1
16298;32649.07;50;3.26;1;1
16299;32649.07;50;3.26;1;1
16300;32649.07;50;3.26;1;1
16301;32649.07;50;3.26;1;1
16302;32649.07;50;3.26;1;1
16303;32649.07;50;3.26;1;1
16304;32649.07;50;3.26;1;1
16305;32649.07;50;3.26;1;1
16306;32649.07;50;3.26;1;1
16307;32649.07;50;3.26;1;1
16308;32649.07;50;3.26;1;1
16309;32649.07;50;3.26;1;1
16310;32649.07;50;3.26;1;1
16311;32649.07;50;3.26;1;1
16312;32649.07;50;3.26;1;1
16313;32649.07;50;3.26;1;1
16314;32649.07;50;3.26;1;1
16315;32649.07;50;3.26;1;1
16316;32649.07;50;3.26;1;1
16317;32649.07;50;3.26;1;1
16318;32649.07;50;3.26;1;1
16319;32649.07;50;3.26;1;1
16320;32649.07;50;3.26;1;1
16321;32649.07;50;3.26;1;1
16322;32649.07;50;3.26;1;1
16323;32649.07;50;3.26;1;1
16324;32649.07;50;3.26;1;1
16325;32649.07;50;3.26;1;1
16326;32649.07;50;3.26;1;1
16327;32649.07;50;3.26;1;1
16328;32649.07;50;3.26;1;1
16329;32649.07;50;3.26;1;1
16330;32649.07;50;3.26;1;1
16331;32649.07;50;3.26;1;1
16332;32649.07;50;3.26;1;1
16333;32649.07;50;3.26;1;1
16334;32649.07;50;3.26;1;1
16335;32649.07;50;3.26;1;1
16336;32649.07;50;3.26;1;1
16337;32649.07;50;3.26;1;1
16338;32649.07;50;3.26;1;1
16339;32649.07;50;3.26;1;1
16340;32649.07;50;3.26;1;1
16341;32649.07;50;3.26;1;1
16342;32649.07;50;3.26;1;1
16343;32649.07;50;3.26;1;1
16344;32649.07;50;3.26;1;1
16345;32649.07;50;3.26;1;1
16346;32649.07;50;3.26;1;1
16347;32649.07;50;3.26;1;1
16348;32649.07;50;3.26;1;1
16349;32649.07;50;3.26;1;1
16350;32649.07;50;3.26;1;1
16351;32649.07;50;3.26;1;1
16352;32649.07;50;3.26;1;1
16353;32649.07;50;3.26;1;1
16354;32649.07;50;3.26;1;1
16355;32649.07;50;3.26;1;1
16356;32649.07;50;3.26;1;1
16357;32649.07;50;3.26;1;1
16358;32649.07;50;3.26;1;1
16359;32649.07;50;3.26;1;1
16360;32649.07;50;3.26;1;1
16361;32649.07;50;3.26;1;1
16362;32649.07;50;3.26;1;1
16363;32649.07;50;3.26;1;1
16364;32649.07;50;3.26;1;1
16365;32649.07;50;3.26;1;1
16366;32649.07;50;3.26;1;1
16367;32649.07;50;3.26;1;1
16368;32649.07;50;3.26;1;1
16369;32649.07;50;3.26;1;1
16370;32649.07;50;3.26;1;1
16371;32649.07;50;3.26;1;1
16372;32649.07;50;3.26;1;1
16373;32649.07;50;3.26;1;1
16374;32649.07;50;3.26;1;1
16375;32649.07;50;3.26;1;1
16376;32649.07;50;3.26;1;1
16377;32649.07;50;3.26;1;1
16378;32649.07;50;3.26;1;1
16379;32649.07;50;3.26;1;1
16380;32649.07;50;3.26;1;1
16381;32649.07;50;3.26;1;1
16382;32649.07;50;3.26;1;1
16383;32649.07;50;3.26;1;1
16384;32649.07;50;3.26;1;1
16385;32649.07;50;3.26;1;1
16386;32649.07;50;3.26;1;1
16387;32649.07;50;3.26;1;1
16388;32649.07;50;3.26;1;1
16389;32649.07;50;3.26;1;1
16390;32649.07;50;3.26;1;1
16391;32649.07;50;3.26;1;1
16392;32649.07;50;3.26;1;1
16393;32649.07;50;3.26;1;1
16394;32649.07;50;3.26;1;1
16395;32649.07;50;3.26;1;1
16396;32649.07;50;3.26;1;1
16397;32649.07;50;3.26;1;1
16398;32649.07;50;3.26;1;1
16399;32649.07;50;3.26;1;1
16400;32649.07;50;3.26;1;1
16401;32649.07;50;3.26;1;1
16402;32649.07;50;3.26;1;1
16403;32649.07;50;3.26;1;1
16404;32649.07;50;3.26;1;1
16405;32649.07;50;3.26;1;1
16406;32649.07;50;3.26;1;1
16407;32649.07;50;3.26;1;1
16408;32649.07;50;3.26;1;1
16409;32649.07;50;3.26;1;1
16410;32649.07;50;3.26;1;1
16411;32649.07;50;3.26;1;1
16412;32649.07;50;3.26;1;1
16413;32649.07;50;3.26;1;1
16414;32649.07;50;3.26;1;1
16415;32649.07;50;3.26;1;1
16416;32649.07;50;3.26;1;1
16417;32649.07;50;3.26;1;1
16418;32649.07;50;3.26;1;1
16419;32649.07;50;3.26;1;1
16420;32649.07;50;3.26;1;1
16421;32649.07;50;3.26;1;1
16422;32649.07;50;3.26;1;1
16423;32649.07;50;3.26;1;1
16424;32649.07;50;3.26;1;1
16425;32649.07;50;3.26;1;1
16426;32649.07;50;3.26;1;1
16427;32649.07;50;3.26;1;1
16428;32649.07;50;3.26;1;1
16429;32649.07;50;3.26;1;1
16430;32649.07;50;3.26;1;1
16431;32649.07;50;3.26;1;1
16432;32649.07;50;3.26;1;1
16433;32649.07;50;3.26;1;1
16434;32649.07;50;3.26;1;1
16435;32649.07;50;3.26;1;1
16436;32649.07;50;3.26;1;1
16437;32649.07;50;3.26;1;1
16438;32600.20;50;3.26;1;1
16439;32649.07;50;3.26;1;1
16440;32649.07;50;3.26;1;1
16441;32649.07;50;3.26;1;1
16442;32649.07;50;3.26;1;1
16443;32649.07;50;3.26;1;1
16444;32649.07;50;3.26;1;1
16445;32649.07;50;3.26;1;1
16446;32649.07;50;3.26;1;1
16447;32649.07;50;3.26;1;1
16448;32649.07;50;3.26;1;1
16449;32649.07;50;3.26;1;1
16450;32600.20;50;3.26;1;1
16451;32649.07;50;3.26;1;1
16452;32649.07;50;3.26;1;1
16453;32649.07;50;3.26;1;1
16454;32649.07;50;3.26;1;1
16455;32649.07;50;3.26;1;1
16456;32649.07;50;3.26;1;1
16457;32649.07;50;3.26;1;1
16458;32649.07;50;3.26;1;1
16459;32649.07;50;3.26;1;1
16460;32600.20;50;3.26;1;1
16461;32600.20;50;3.26;1;1
16462;32649.07;50;3.26;1;1
16463;32649.07;50;3.26;1;1
16464;32649.07;50;3.26;1;1
16465;32649.07;50;3.26;1;1
16466;32649.07;50;3.26;1;1
16467;32600.20;50;3.26;1;1
16468;32649.07;50;3.26;1;1
16469;32649.07;50;3.26;1;1
16470;32649.07;50;3.26;1;1
16471;32649.07;50;3.26;1;1
16472;32649.07;50;3.26;1;1
16473;32649.07;50;3.26;1;1
16474;32600.20;50;3.26;1;1
16475;32649.07;50;3.26;1;1
16476;32649.07;50;3.26;1;1
16477;32649.07;50;3.26;1;1
16478;32649.07;50;3.26;1;1
16479;32649.07;50;3.26;1;1
16480;32649.07;50;3.26;1;1
16481;32649.07;50;3.26;1;1
16482;32649.07;50;3.26;1;1
16483;32649.07;50;3.26;1;1
16484;32649.07;50;3.26;1;1
16485;32649.07;50;3.26;1;1
16486;32649.07;50;3.26;1;1
16487;32649.07;50;3.26;1;1
16488;32649.07;50;3.26;1;1
16489;32649.07;50;3.26;1;1
16490;32649.07;50;3.26;1;1
16491;32649.07;50;3.26;1;1
16492;32649.07;50;3.26;1;1
16493;32649.07;50;3.26;1;1
16494;32649.07;50;3.26;1;1
16495;32649.07;50;3.26;1;1
16496;32649.07;50;3.26;1;1
16497;32649.07;50;3.26;1;1
16498;32649.07;50;3.26;1;1
16499;32649.07;50;3.26;1;1
16500;32649.07;50;3.26;1;1
16501;32649.07;50;3.26;1;1
16502;32649.07;50;3.26;1;1
16503;32649.07;50;3.26;1;1
16504;32600.20;50;3.26;1;1
16505;32649.07;50;3.26;1;1
16506;32649.07;50;3.26;1;1
16507;32649.07;50;3.26;1;1
16508;32649.07;50;3.26;1;1
16509;32649.07;50;3.26;1;1
16510;32649.07;50;3.26;1;1
16511;32649.07;50;3.26;1;1
16512;32649.07;50;3.26;1;1
16513;32649.07;50;3.26;1;1
16514;32649.07;50;3.26;1;1
16515;32649.07;50;3.26;1;1
16516;32649.07;50;3.26;1;1
16517;32649.07;50;3.26;1;1
16518;32649.07;50;3.26;1;1
16519;32649.07;50;3.26;1;1
16520;32649.07;50;3.26;1;1
16521;32649.07;50;3.26;1;1
16522;32649.07;50;3.26;1;1
16523;32649.07;50;3.26;1;1
16524;32649.07;50;3.26;1;1
16525;32649.07;50;3.26;1;1
16526;32649.07;50;3.26;1;1
16527;32649.07;50;3.26;1;1
16528;32649.07;50;3.26;1;1
16529;32649.07;50;3.26;1;1
16530;32649.07;50;3.26;1;1
16531;32649.07;50;3.26;1;1
16532;32649.07;50;3.26;1;1
16533;32649.07;50;3.26;1;1
16534;32649.07;50;3.26;1;1
16535;32649.07;50;3.26;1;1
16536;32649.07;50;3.26;1;1
16537;32649.07;50;3.26;1;1
16538;32649.07;50;3.26;1;1
16539;32649.07;50;3.26;1;1
16540;32649.07;50;3.26;1;1
16541;32649.07;50;3.26;1;1
16542;32649.07;50;3.26;1;1
16543;32649.07;50;3.26;1;1
16544;32649.07;50;3.26;1;1
16545;32649.07;50;3.26;1;1
16546;32649.07;50;3.26;1;1
16547;32649.07;50;3.26;1;1
16548;32649.07;50;3.26;1;1
16549;32649.07;50;3.26;1;1
16550;32649.07;50;3.26;1;1
16551;32649.07;50;3.26;1;1
16552;32649.07;50;3.26;1;1
16553;32649.07;50;3.26;1;1
16554;32649.07;50;3.26;1;1
16555;32649.07;50;3.26;1;1
16556;32649.07;50;3.26;1;1
16557;32649.07;50;3.26;1;1
16558;32649.07;50;3.26;1;1
16559;32649.07;50;3.26;1;1
16560;32649.07;50;3.26;1;1
16561;32649.07;50;3.26;1;1
16562;32649.07;50;3.26;1;1
16563;32600.20;50;3.26;1;1
16564;32649.07;50;3.26;1;1
16565;32649.07;50;3.26;1;1
16566;32649.07;50;3.26;1;1
16567;32649.07;50;3.26;1;1
16568;32600.20;50;3.26;1;1
16569;32649.07;50;3.26;1;1
16570;32649.07;50;3.26;1;1
16571;32649.07;50;3.26;1;1
16572;32600.20;50;3.26;1;1
16573;32600.20;50;3.26;1;1
16574;32649.07;50;3.26;1;1
16575;32600.20;50;3.26;1;1
16576;32649.07;50;3.26;1;1
16577;32649.07;50;3.26;1;1
16578;32649.07;50;3.26;1;1
16579;32649.07;50;3.26;1;1
16580;32600.20;50;3.26;1;1
16581;32649.07;50;3.26;1;1
16582;32600.20;50;3.26;1;1
16583;32649.07;50;3.26;1;1
16584;32649.07;50;3.26;1;1
16585;32649.07;50;3.26;1;1
16586;32600.20;50;3.26;1;1
16587;32649.07;50;3.26;1;1
16588;32649.07;50;3.26;1;1
16589;32600.20;50;3.26;1;1
16590;32649.07;50;3.26;1;1
16591;32649.07;50;3.26;1;1
16592;32649.07;50;3.26;1;1
16593;32600.20;50;3.26;1;1
16594;32649.07;50;3.26;1;1
16595;32649.07;50;3.26;1;1
16596;32649.07;50;3.26;1;1
16597;32649.07;50;3.26;1;1
16598;32600.20;50;3.26;1;1
16599;32649.07;50;3.26;1;1
16600;32649.07;50;3.26;1;1
16601;32649.07;50;3.26;1;1
16602;32649.07;50;3.26;1;1
16603;32600.20;50;3.26;1;1
16604;32600.20;50;3.26;1;1
16605;32649.07;50;3.26;1;1
16606;32649.07;50;3.26;1;1
16607;32600.20;50;3.26;1;1
16608;32649.07;50;3.26;1;1
16609;32649.07;50;3.26;1;1
16610;32649.07;50;3.26;1;1
16611;32600.20;50;3.26;1;1
16612;32649.07;50;3.26;1;1
16613;32649.07;50;3.26;1;1
16614;32649.07;50;3.26;1;1
16615;32600.20;50;3.26;1;1
16616;32649.07;50;3.26;1;1
16617;32649.07;50;3.26;1;1
16618;32649.07;50;3.26;1;1
16619;32649.07;50;3.26;1;1
16620;32649.07;50;3.26;1;1
16621;32649.07;50;3.26;1;1
16622;32649.07;50;3.26;1;1
16623;32649.07;50;3.26;1;1
16624;32649.07;50;3.26;1;1
16625;32649.07;50;3.26;1;1
16626;32649.07;50;3.26;1;1
16627;32649.07;50;3.26;1;1
16628;32649.07;50;3.26;1;1
16629;32649.07;50;3.26;1;1
16630;32649.07;50;3.26;1;1
16631;32649.07;50;3.26;1;1
16632;32600.20;50;3.26;1;1
16633;32649.07;50;3.26;1;1
16634;32649.07;50;3.26;1;1
16635;32649.07;50;3.26;1;1
16636;32649.07;50;3.26;1;1
16637;32649.07;50;3.26;1;1
16638;32649.07;50;3.26;1;1
16639;32649.07;50;3.26;1;1
16640;32600.20;50;3.26;1;1
16641;32649.07;50;3.26;1;1
16642;32649.07;50;3.26;1;1
16643;32649.07;50;3.26;1;1
16644;32649.07;50;3.26;1;1
16645;32649.07;50;3.26;1;1
16646;32649.07;50;3.26;1;1
16647;32600.20;50;3.26;1;1
16648;32649.07;50;3.26;1;1
16649;32649.07;50;3.26;1;1
16650;32649.07;50;3.26;1;1
16651;32649.07;50;3.26;1;1
16652;32649.07;50;3.26;1;1
16653;32649.07;50;3.26;1;1
16654;32649.07;50;3.26;1;1
16655;32649.07;50;3.26;1;1
16656;32649.07;50;3.26;1;1
16657;32649.07;50;3.26;1;1
16658;32649.07;50;3.26;1;1
16659;32649.07;50;3.26;1;1
16660;32600.20;50;3.26;1;1
16661;32600.20;50;3.26;1;1
16662;32649.07;50;3.26;1;1
16663;32649.07;50;3.26;1;1
16664;32649.07;50;3.26;1;1
16665;32649.07;50;3.26;1;1
16666;32649.07;50;3.26;1;1
16667;32649.07;50;3.26;1;1
16668;32600.20;50;3.26;1;1
16669;32649.07;50;3.26;1;1
16670;32649.07;50;3.26;1;1
16671;32649.07;50;3.26;1;1
16672;32649.07;50;3.26;1;1
16673;32649.07;50;3.26;1;1
16674;32649.07;50;3.26;1;1
16675;32649.07;50;3.26;1;1
16676;32649.07;50;3.26;1;1
16677;32649.07;50;3.26;1;1
16678;32649.07;50;3.26;1;1
16679;32649.07;50;3.26;1;1
16680;32649.07;50;3.26;1;1
16681;32600.20;50;3.26;1;1
16682;32649.07;50;3.26;1;1
16683;32649.07;50;3.26;1;1
16684;32649.07;50;3.26;1;1
16685;32649.07;50;3.26;1;1
16686;32649.07;50;3.26;1;1
16687;32649.07;50;3.26;1;1
16688;32649.07;50;3.26;1;1
16689;32649.07;50;3.26;1;1
16690;32600.20;50;3.26;1;1
16691;32649.07;50;3.26;1;1
16692;32649.07;50;3.26;1;1
16693;32649.07;50;3.26;1;1
16694;32649.07;50;3.26;1;1
16695;32649.07;50;3.26;1;1
16696;32649.07;50;3.26;1;1
16697;32600.20;50;3.26;1;1
16698;32649.07;50;3.26;1;1
16699;32600.20;50;3.26;1;1
16700;32649.07;50;3.26;1;1
16701;32649.07;50;3.26;1;1
16702;32649.07;50;3.26;1;1
16703;32649.07;50;3.26;1;1
16704;32600.20;50;3.26;1;1
16705;32649.07;50;3.26;1;1
16706;32649.07;50;3.26;1;1
16707;32649.07;50;3.26;1;1
16708;32649.07;50;3.26;1;1
16709;32649.07;50;3.26;1;1
16710;32649.07;50;3.26;1;1
16711;32600.20;50;3.26;1;1
16712;32600.20;50;3.26;1;1
16713;32649.07;50;3.26;1;1
16714;32649.07;50;3.26;1;1
16715;32649.07;50;3.26;1;1
16716;32600.20;50;3.26;1;1
16717;32600.20;50;3.26;1;1
16718;32600.20;50;3.26;1;1
16719;32600.20;50;3.26;1;1
16720;32649.07;50;3.26;1;1
16721;32649.07;50;3.26;1;1
16722;32600.20;50;3.26;1;1
16723;32600.20;50;3.26;1;1
16724;32649.07;50;3.26;1;1
16725;32649.07;50;3.26;1;1
16726;32600.20;50;3.26;1;1
16727;32649.07;50;3.26;1;1
16728;32600.20;50;3.26;1;1
16729;32649.07;50;3.26;1;1
16730;32649.07;50;3.26;1;1
16731;32600.20;50;3.26;1;1
16732;32600.20;50;3.26;1;1
16733;32600.20;50;3.26;1;1
16734;32600.20;50;3.26;1;1
16735;32600.20;50;3.26;1;1
16736;32649.07;50;3.26;1;1
16737;32600.20;50;3.26;1;1
16738;32600.20;50;3.26;1;1
16739;32600.20;50;3.26;1;1
16740;32600.20;50;3.26;1;1
16741;32600.20;50;3.26;1;1
16742;32600.20;50;3.26;1;1
16743;32355.82;50;3.26;1;1
16744;32600.20;50;3.24;1;1
16745;32649.07;50;3.26;1;1
16746;32844.57;50;3.26;1;1
16747;32160.31;50;3.28;1;1
16748;32697.95;50;3.22;1;1
16749;32697.95;50;3.27;1;1
16750;32697.95;50;3.27;1;1
16751;32697.95;50;3.27;1;1
16752;32746.82;50;3.27;1;1
16753;32746.82;50;3.27;1;1
16754;32746.82;50;3.27;1;1
16755;32746.82;50;3.27;1;1
16756;32746.82;50;3.27;1;1
16757;32746.82;50;3.27;1;1
16758;32746.82;50;3.27;1;1
16759;32746.82;50;3.27;1;1
16760;32746.82;50;3.27;1;1
16761;32746.82;50;3.27;1;1
16762;32746.82;50;3.27;1;1
16763;32746.82;50;3.27;1;1
16764;32746.82;50;3.27;1;1
16765;32746.82;50;3.27;1;1
16766;32746.82;50;3.27;1;1
16767;32746.82;50;3.27;1;1
16768;32746.82;50;3.27;1;1
16769;32746.82;50;3.27;1;1
16770;32746.82;50;3.27;1;1
16771;32746.82;50;3.27;1;1
16772;32746.82;50;3.27;1;1
16773;32746.82;50;3.27;1;1
16774;32746.82;50;3.27;1;1
16775;32746.82;50;3.27;1;1
16776;32746.82;50;3.27;1;1
16777;32746.82;50;3.27;1;1
16778;32746.82;50;3.27;1;1
16779;32746.82;50;3.27;1;1
16780;32746.82;50;3.27;1;1
16781;32746.82;50;3.27;1;1
16782;32746.82;50;3.27;1;1
16783;32746.82;50;3.27;1;1
16784;32746.82;50;3.27;1;1
16785;32746.82;50;3.27;1;1
16786;32746.82;50;3.27;1;1
16787;32746.82;50;3.27;1;1
16788;32746.82;50;3.27;1;1
16789;32746.82;50;3.27;1;1
16790;32746.82;50;3.27;1;1
16791;32697.95;50;3.27;1;1
16792;32600.20;50;3.27;1;1
16793;32600.20;50;3.26;1;1
16794;32502.44;50;3.26;1;1
16795;32746.82;50;3.25;1;1
16796;32697.95;50;3.27;1;1
16797;32746.82;50;3.27;1;1
16798;32746.82;50;3.27;1;1
16799;32746.82;50;3.27;1;1
16800;32746.82;50;3.27;1;1
16801;32746.82;50;3.27;1;1
16802;32795.70;50;3.27;1;1
16803;32746.82;50;3.28;1;1
16804;32746.82;50;3.27;1;1
16805;32795.70;50;3.27;1;1
16806;32795.70;50;3.28;1;1
16807;32795.70;50;3.28;1;1
16808;32795.70;50;3.28;1;1
16809;32795.70;50;3.28;1;1
16810;32795.70;50;3.28;1;1
16811;32795.70;50;3.28;1;1
16812;32795.70;50;3.28;1;1
16813;32795.70;50;3.28;1;1
16814;32795.70;50;3.28;1;1
16815;32795.70;50;3.28;1;1
16816;32795.70;50;3.28;1;1
16817;32795.70;50;3.28;1;1
16818;32795.70;50;3.28;1;1
16819;32795.70;50;3.28;1;1
16820;32795.70;50;3.28;1;1
16821;32795.70;50;3.28;1;1
16822;32795.70;50;3.28;1;1
16823;32795.70;50;3.28;1;1
16824;32795.70;50;3.28;1;1
16825;32795.70;50;3.28;1;1
16826;32795.70;50;3.28;1;1
16827;32795.70;50;3.28;1;1
16828;32795.70;50;3.28;1;1
16829;32795.70;50;3.28;1;1
16830;32795.70;50;3.28;1;1
16831;32795.70;50;3.28;1;1
16832;32795.70;50;3.28;1;1
16833;32795.70;50;3.28;1;1
16834;32795.70;50;3.28;1;1
16835;32795.70;50;3.28;1;1
16836;32795.70;50;3.28;1;1
16837;32795.70;50;3.28;1;1
16838;32795.70;50;3.28;1;1
16839;32795.70;50;3.28;1;1
16840;32795.70;50;3.28;1;1
16841;32795.70;50;3.28;1;1
16842;32795.70;50;3.28;1;1
16843;32795.70;50;3.28;1;1
16844;32795.70;50;3.28;1;1
16845;32795.70;50;3.28;1;1
16846;32844.57;50;3.28;1;1
16847;32844.57;50;3.28;1;1
16848;32844.57;50;3.28;1;1
16849;32795.70;50;3.28;1;1
16850;32844.57;50;3.28;1;1
16851;32844.57;50;3.28;1;1
16852;32795.70;50;3.28;1;1
16853;32697.95;50;3.28;1;1
16854;32746.82;50;3.27;1;1
16855;32795.70;50;3.27;1;1
16856;32795.70;50;3.28;1;1
16857;32795.70;50;3.28;1;1
16858;32795.70;50;3.28;1;1
16859;32795.70;50;3.28;1;1
16860;32795.70;50;3.28;1;1
16861;32844.57;50;3.28;1;1
16862;32795.70;50;3.28;1;1
16863;32844.57;50;3.28;1;1
16864;32844.57;50;3.28;1;1
16865;32844.57;50;3.28;1;1
16866;32844.57;50;3.28;1;1
16867;32844.57;50;3.28;1;1
16868;32844.57;50;3.28;1;1
16869;32844.57;50;3.28;1;1
16870;32844.57;50;3.28;1;1
16871;32844.57;50;3.28;1;1
16872;32844.57;50;3.28;1;1
16873;32844.57;50;3.28;1;1
16874;32844.57;50;3.28;1;1
16875;32844.57;50;3.28;1;1
16876;32844.57;50;3.28;1;1
16877;32844.57;50;3.28;1;1
16878;32844.57;50;3.28;1;1
16879;32844.57;50;3.28;1;1
16880;32844.57;50;3.28;1;1
16881;32844.57;50;3.28;1;1
16882;32844.57;50;3.28;1;1
16883;32844.57;50;3.28;1;1
16884;32844.57;50;3.28;1;1
16885;32893.45;50;3.28;1;1
16886;32844.57;50;3.29;1;1
16887;32844.57;50;3.28;1;1
16888;32844.57;50;3.28;1;1
16889;32893.45;50;3.28;1;1
16890;32893.45;50;3.29;1;1
16891;32893.45;50;3.29;1;1
16892;32844.57;50;3.29;1;1
16893;32893.45;50;3.28;1;1
16894;32893.45;50;3.29;1;1
16895;32893.45;50;3.29;1;1
16896;32893.45;50;3.29;1;1
16897;32893.45;50;3.29;1;1
16898;32893.45;50;3.29;1;1
16899;32893.45;50;3.29;1;1
16900;32844.57;50;3.29;1;1
16901;32893.45;50;3.28;1;1
16902;32844.57;50;3.29;1;1
16903;32893.45;50;3.28;1;1
16904;32893.45;50;3.29;1;1
16905;32844.57;50;3.29;1;1
16906;32893.45;50;3.28;1;1
16907;32893.45;50;3.29;1;1
16908;32893.45;50;3.29;1;1
16909;32893.45;50;3.29;1;1
16912;32893.45;50;3.29;1;1
16912;32893.45;50;3.29;1;1
16912;32893.45;50;3.29;1;1
16913;32893.45;50;3.29;1;1
16914;32893.45;50;3.29;1;1
16915;32893.45;50;3.29;1;1
16916;32893.45;50;3.29;1;1
16917;32893.45;50;3.29;1;1
16918;32893.45;50;3.29;1;1
16919;32893.45;50;3.29;1;1
16920;32893.45;50;3.29;1;1
16921;32893.45;50;3.29;1;1
16922;32893.45;50;3.29;1;1
16923;32893.45;50;3.29;1;1
16924;32893.45;50;3.29;1;1
16925;32893.45;50;3.29;1;1
16926;32893.45;50;3.29;1;1
16927;32893.45;50;3.29;1;1
16928;32893.45;50;3.29;1;1
16929;32893.45;50;3.29;1;1
16930;32893.45;50;3.29;1;1
16931;32893.45;50;3.29;1;1
16932;32893.45;50;3.29;1;1
16933;32893.45;50;3.29;1;1
16934;32893.45;50;3.29;1;1
16935;32893.45;50;3.29;1;1
16936;32893.45;50;3.29;1;1
16937;32893.45;50;3.29;1;1
16938;32893.45;50;3.29;1;1
16939;32893.45;50;3.29;1;1
16940;32893.45;50;3.29;1;1
16941;32893.45;50;3.29;1;1
16942;32893.45;50;3.29;1;1
16943;32893.45;50;3.29;1;1
16944;32893.45;50;3.29;1;1
16945;32893.45;50;3.29;1;1
16946;32893.45;50;3.29;1;1
16947;32893.45;50;3.29;1;1
16948;32893.45;50;3.29;1;1
16949;32893.45;50;3.29;1;1
16950;32893.45;50;3.29;1;1
16951;32893.45;50;3.29;1;1
16952;32893.45;50;3.29;1;1
16953;32893.45;50;3.29;1;1
16954;32893.45;50;3.29;1;1
16955;32893.45;50;3.29;1;1
16956;32893.45;50;3.29;1;1
16957;32893.45;50;3.29;1;1
16958;32893.45;50;3.29;1;1
16959;32893.45;50;3.29;1;1
16960;32893.45;50;3.29;1;1
16961;32893.45;50;3.29;1;1
16962;32893.45;50;3.29;1;1
16963;32893.45;50;3.29;1;1
16964;32893.45;50;3.29;1;1
16965;32893.45;50;3.29;1;1
16966;32893.45;50;3.29;1;1
16967;32893.45;50;3.29;1;1
16968;32893.45;50;3.29;1;1
16969;32893.45;50;3.29;1;1
16970;32893.45;50;3.29;1;1
16971;32893.45;50;3.29;1;1
16972;32893.45;50;3.29;1;1
16973;32893.45;50;3.29;1;1
16974;32893.45;50;3.29;1;1
16975;32893.45;50;3.29;1;1
16976;32893.45;50;3.29;1;1
16977;32893.45;50;3.29;1;1
16978;32893.45;50;3.29;1;1
16979;32893.45;50;3.29;1;1
16980;32893.45;50;3.29;1;1
16981;32893.45;50;3.29;1;1
16982;32893.45;50;3.29;1;1
16983;32893.45;50;3.29;1;1
16984;32893.45;50;3.29;1;1
16985;32893.45;50;3.29;1;1
16986;32893.45;50;3.29;1;1
16987;32893.45;50;3.29;1;1
16988;32893.45;50;3.29;1;1
16989;32893.45;50;3.29;1;1
16990;32893.45;50;3.29;1;1
16991;32893.45;50;3.29;1;1
16992;32893.45;50;3.29;1;1
16993;32893.45;50;3.29;1;1
16994;32893.45;50;3.29;1;1
16995;32893.45;50;3.29;1;1
16996;32893.45;50;3.29;1;1
16997;32893.45;50;3.29;1;1
16998;32893.45;50;3.29;1;1
16999;32893.45;50;3.29;1;1
17000;32893.45;50;3.29;1;1
17001;32893.45;50;3.29;1;1
17002;32893.45;50;3.29;1;1
17003;32893.45;50;3.29;1;1
17004;32942.32;50;3.29;1;1
