6;713.59;50;0.06;1;0
7;723.36;50;0.07;1;0
7;723.36;50;0.07;1;0
7;723.36;50;0.07;1;0
7;723.36;50;0.07;1;0
8;733.14;50;0.07;1;0
9;782.01;50;0.07;1;0
10;703.81;50;0.08;1;0
11;772.24;50;0.07;1;0
12;723.36;50;0.08;1;0
13;742.91;50;0.07;1;0
14;713.59;50;0.07;1;0
15;782.01;50;0.07;1;0
16;723.36;50;0.08;1;0
17;694.04;50;0.07;1;0
18;723.36;50;0.07;1;0
19;782.01;50;0.07;1;0
20;703.81;50;0.08;1;0
21;684.26;50;0.07;1;0
22;782.01;50;0.07;1;0
23;762.46;50;0.08;1;0
24;801.56;50;0.08;1;0
25;791.79;50;0.08;1;0
26;762.46;50;0.08;1;0
27;752.69;50;0.08;1;0
28;733.14;50;0.08;1;0
29;762.46;50;0.07;1;0
30;752.69;50;0.08;1;0
31;801.56;50;0.08;1;0
32;791.79;50;0.08;1;0
33;782.01;50;0.08;1;0
34;752.69;50;0.08;1;0
35;742.91;50;0.08;1;0
36;703.81;50;0.07;1;0
37;742.91;50;0.07;1;0
38;547.41;50;0.07;1;0
39;713.59;50;0.05;1;0
40;684.26;50;0.07;1;0
41;742.91;50;0.07;1;0
42;752.69;50;0.07;1;0
43;772.24;50;0.08;1;0
44;674.49;50;0.08;1;0
45;723.36;50;0.07;1;0
46;762.46;50;0.07;1;0
47;742.91;50;0.08;1;0
48;723.36;50;0.07;1;0
49;742.91;50;0.07;1;0
50;733.14;50;0.07;1;0
51;762.46;50;0.07;1;0
52;801.56;50;0.08;1;0
53;782.01;50;0.08;1;0
54;752.69;50;0.08;1;0
55;733.14;50;0.08;1;0
56;713.59;50;0.07;1;0
57;772.24;50;0.07;1;0
58;830.89;50;0.08;1;0
59;830.89;50;0.08;1;0
60;762.46;50;0.08;1;0
61;772.24;50;0.08;1;0
62;703.81;50;0.08;1;0
63;664.71;50;0.07;1;0
64;596.29;50;0.07;1;0
65;615.84;50;0.06;1;0
66;713.59;50;0.06;1;0
67;733.14;50;0.07;1;0
68;694.04;50;0.07;1;0
69;694.04;50;0.07;1;0
70;752.69;50;0.07;1;0
71;703.81;50;0.08;1;0
72;713.59;50;0.07;1;0
73;723.36;50;0.07;1;0
74;733.14;50;0.07;1;0
75;684.26;50;0.07;1;0
76;742.91;50;0.07;1;0
77;723.36;50;0.07;1;0
78;713.59;50;0.07;1;0
79;703.81;50;0.07;1;0
80;703.81;50;0.07;1;0
81;645.16;50;0.07;1;0
82;654.94;50;0.06;1;0
83;684.26;50;0.07;1;0
84;713.59;50;0.07;1;0
85;723.36;50;0.07;1;0
86;723.36;50;0.07;1;0
87;703.81;50;0.07;1;0
88;684.26;50;0.07;1;0
89;684.26;50;0.07;1;0
90;733.14;50;0.07;1;0
91;664.71;50;0.07;1;0
92;782.01;50;0.07;1;0
93;694.04;50;0.08;1;0
94;694.04;50;0.07;1;0
95;723.36;50;0.07;1;0
96;674.49;50;0.07;1;0
97;664.71;50;0.07;1;0
98;723.36;50;0.07;1;0
99;694.04;50;0.07;1;0
100;684.26;50;0.07;1;0
101;654.94;50;0.07;1;0
102;684.26;50;0.07;1;0
103;684.26;50;0.07;1;0
104;703.81;50;0.07;1;0
105;645.16;50;0.07;1;0
106;694.04;50;0.06;1;0
107;674.49;50;0.07;1;0
108;713.59;50;0.07;1;0
109;586.51;50;0.07;1;0
110;654.94;50;0.06;1;0
111;684.26;50;0.07;1;0
112;742.91;50;0.07;1;0
113;645.16;50;0.07;1;0
114;772.24;50;0.06;1;0
115;723.36;50;0.08;1;0
116;782.01;50;0.07;1;0
117;713.59;50;0.08;1;0
118;772.24;50;0.07;1;0
119;674.49;50;0.08;1;0
120;703.81;50;0.07;1;0
121;703.81;50;0.07;1;0
122;713.59;50;0.07;1;0
123;654.94;50;0.07;1;0
124;821.11;50;0.07;1;0
125;703.81;50;0.08;1;0
126;742.91;50;0.07;1;0
127;733.14;50;0.07;1;0
128;723.36;50;0.07;1;0
129;713.59;50;0.07;1;0
130;772.24;50;0.07;1;0
131;752.69;50;0.08;1;0
132;762.46;50;0.08;1;0
133;811.34;50;0.08;1;0
134;791.79;50;0.08;1;0
135;850.44;50;0.08;1;0
136;703.81;50;0.09;1;0
137;674.49;50;0.07;1;0
138;733.14;50;0.07;1;0
139;801.56;50;0.07;1;0
140;782.01;50;0.08;1;0
141;723.36;50;0.08;1;0
142;801.56;50;0.07;1;0
143;821.11;50;0.08;1;0
144;782.01;50;0.08;1;0
145;791.79;50;0.08;1;0
146;742.91;50;0.08;1;0
147;752.69;50;0.07;1;0
148;742.91;50;0.08;1;0
149;752.69;50;0.07;1;0
150;782.01;50;0.08;1;0
151;723.36;50;0.08;1;0
152;772.24;50;0.07;1;0
153;762.46;50;0.08;1;0
154;713.59;50;0.08;1;0
155;752.69;50;0.07;1;0
156;694.04;50;0.08;1;0
157;801.56;50;0.07;1;0
158;791.79;50;0.08;1;0
159;782.01;50;0.08;1;0
160;752.69;50;0.08;1;0
161;762.46;50;0.08;1;0
162;782.01;50;0.08;1;0
163;752.69;50;0.08;1;0
164;762.46;50;0.08;1;0
165;752.69;50;0.08;1;0
166;762.46;50;0.08;1;0
167;742.91;50;0.08;1;0
168;742.91;50;0.07;1;0
169;723.36;50;0.07;1;0
170;703.81;50;0.07;1;0
171;723.36;50;0.07;1;0
172;752.69;50;0.07;1;0
173;723.36;50;0.08;1;0
174;723.36;50;0.07;1;0
175;684.26;50;0.07;1;0
176;674.49;50;0.07;1;0
177;752.69;50;0.07;1;0
178;625.61;50;0.08;1;0
179;674.49;50;0.06;1;0
180;615.84;50;0.07;1;0
181;742.91;50;0.06;1;0
182;645.16;50;0.07;1;0
183;684.26;50;0.06;1;0
184;713.59;50;0.07;1;0
185;742.91;50;0.07;1;0
186;674.49;50;0.07;1;0
187;694.04;50;0.07;1;0
188;674.49;50;0.07;1;0
189;606.06;50;0.07;1;0
190;635.39;50;0.06;1;0
191;615.84;50;0.06;1;0
192;635.39;50;0.06;1;0
193;615.84;50;0.06;1;0
194;606.06;50;0.06;1;0
195;654.94;50;0.06;1;0
196;566.96;50;0.07;1;0
197;449.66;50;0.06;1;0
198;537.63;50;0.04;1;0
2;508.31;50;0.05;1;0
3;488.76;50;0.05;1;0
4;430.11;50;0.05;1;0
6;449.66;50;0.05;1;0
10;430.11;50;0.04;1;0
10;430.11;50;0.04;1;0
10;430.11;50;0.04;1;0
10;430.11;50;0.04;1;0
11;469.21;50;0.04;1;0
11;469.21;50;0.04;1;0
12;469.21;50;0.05;1;0
13;420.33;50;0.05;1;0
14;459.43;50;0.04;1;0
15;430.11;50;0.05;1;0
16;449.66;50;0.04;1;0
17;449.66;50;0.04;1;0
18;420.33;50;0.04;1;0
19;537.63;50;0.04;1;0
20;420.33;50;0.05;1;0
21;488.76;50;0.04;1;0
22;439.88;50;0.05;1;0
23;410.56;50;0.04;1;0
24;488.76;50;0.04;1;0
25;430.11;50;0.05;1;0
26;478.98;50;0.04;1;0
27;469.21;50;0.05;1;0
28;508.31;50;0.05;1;0
29;576.74;50;0.05;1;0
30;459.43;50;0.06;1;0
31;537.63;50;0.05;1;0
32;498.53;50;0.05;1;0
33;478.98;50;0.05;1;0
34;449.66;50;0.05;1;0
35;557.18;50;0.04;1;0
36;518.08;50;0.06;1;0
37;615.84;50;0.05;1;0
38;478.98;50;0.06;1;0
39;566.96;50;0.05;1;0
40;430.11;50;0.06;1;0
41;488.76;50;0.04;1;0
42;410.56;50;0.05;1;0
43;420.33;50;0.04;1;0
44;400.78;50;0.04;1;0
45;488.76;50;0.04;1;0
46;488.76;50;0.05;1;0
47;566.96;50;0.05;1;0
48;439.88;50;0.06;1;0
49;518.08;50;0.04;1;0
50;498.53;50;0.05;1;0
51;537.63;50;0.05;1;0
52;557.18;50;0.05;1;0
53;537.63;50;0.06;1;0
54;478.98;50;0.05;1;0
55;596.29;50;0.05;1;0
56;518.08;50;0.06;1;0
57;586.51;50;0.05;1;0
58;518.08;50;0.06;1;0
59;625.61;50;0.05;1;0
60;518.08;50;0.06;1;0
61;586.51;50;0.05;1;0
62;566.96;50;0.06;1;0
63;547.41;50;0.06;1;0
64;566.96;50;0.05;1;0
65;606.06;50;0.06;1;0
66;635.39;50;0.06;1;0
67;566.96;50;0.06;1;0
68;576.74;50;0.06;1;0
69;625.61;50;0.06;1;0
70;586.51;50;0.06;1;0
71;606.06;50;0.06;1;0
72;586.51;50;0.06;1;0
73;684.26;50;0.06;1;0
74;596.29;50;0.07;1;0
75;547.41;50;0.06;1;0
76;596.29;50;0.05;1;0
77;557.18;50;0.06;1;0
78;635.39;50;0.06;1;0
79;635.39;50;0.06;1;0
80;654.94;50;0.06;1;0
81;625.61;50;0.07;1;0
82;615.84;50;0.06;1;0
83;576.74;50;0.06;1;0
84;615.84;50;0.06;1;0
85;625.61;50;0.06;1;0
86;586.51;50;0.06;1;0
87;606.06;50;0.06;1;0
88;615.84;50;0.06;1;0
89;586.51;50;0.06;1;0
90;635.39;50;0.06;1;0
91;674.49;50;0.06;1;0
92;596.29;50;0.07;1;0
93;615.84;50;0.06;1;0
94;645.16;50;0.06;1;0
95;596.29;50;0.06;1;0
96;635.39;50;0.06;1;0
97;606.06;50;0.06;1;0
98;527.86;50;0.06;1;0
99;674.49;50;0.05;1;0
100;635.39;50;0.07;1;0
101;606.06;50;0.06;1;0
102;615.84;50;0.06;1;0
103;596.29;50;0.06;1;0
104;596.29;50;0.06;1;0
105;615.84;50;0.06;1;0
106;703.81;50;0.06;1;0
107;576.74;50;0.07;1;0
108;635.39;50;0.06;1;0
109;488.76;50;0.06;1;0
110;596.29;50;0.05;1;0
111;606.06;50;0.06;1;0
112;684.26;50;0.06;1;0
113;566.96;50;0.07;1;0
114;527.86;50;0.06;1;0
115;527.86;50;0.05;1;0
116;518.08;50;0.05;1;0
117;488.76;50;0.05;1;0
118;527.86;50;0.05;1;0
119;518.08;50;0.05;1;0
120;498.53;50;0.05;1;0
121;586.51;50;0.05;1;0
122;488.76;50;0.06;1;0
123;498.53;50;0.05;1;0
124;488.76;50;0.05;1;0
125;371.46;50;0.05;1;0
126;459.43;50;0.04;1;0
127;420.33;50;0.05;1;0
128;400.78;50;0.04;1;0
129;420.33;50;0.04;1;0
130;547.41;50;0.04;1;0
131;459.43;50;0.05;1;0
132;430.11;50;0.05;1;0
133;420.33;50;0.04;1;0
134;478.98;50;0.04;1;0
135;478.98;50;0.05;1;0
136;381.23;50;0.05;1;0
137;449.66;50;0.04;1;0
138;459.43;50;0.04;1;0
139;391.01;50;0.05;1;0
140;430.11;50;0.04;1;0
141;469.21;50;0.04;1;0
142;459.43;50;0.05;1;0
143;430.11;50;0.05;1;0
144;430.11;50;0.04;1;0
145;391.01;50;0.04;1;0
146;459.43;50;0.04;1;0
147;410.56;50;0.05;1;0
148;449.66;50;0.04;1;0
149;508.31;50;0.04;1;0
150;478.98;50;0.05;1;0
151;439.88;50;0.05;1;0
152;557.18;50;0.04;1;0
153;566.96;50;0.06;1;0
154;518.08;50;0.06;1;0
155;430.11;50;0.05;1;0
156;498.53;50;0.04;1;0
157;381.23;50;0.05;1;0
158;478.98;50;0.04;1;0
159;469.21;50;0.05;1;0
160;498.53;50;0.05;1;0
161;430.11;50;0.05;1;0
162;439.88;50;0.04;1;0
163;469.21;50;0.04;1;0
164;469.21;50;0.05;1;0
165;596.29;50;0.05;1;0
166;537.63;50;0.06;1;0
167;518.08;50;0.05;1;0
168;557.18;50;0.05;1;0
169;498.53;50;0.06;1;0
170;469.21;50;0.05;1;0
171;488.76;50;0.05;1;0
172;547.41;50;0.05;1;0
173;478.98;50;0.05;1;0
174;488.76;50;0.05;1;0
175;596.29;50;0.05;1;0
176;518.08;50;0.06;1;0
177;576.74;50;0.05;1;0
178;498.53;50;0.06;1;0
179;508.31;50;0.05;1;0
180;547.41;50;0.05;1;0
181;645.16;50;0.05;1;0
182;518.08;50;0.06;1;0
183;596.29;50;0.05;1;0
184;576.74;50;0.06;1;0
185;645.16;50;0.06;1;0
186;537.63;50;0.06;1;0
187;596.29;50;0.05;1;0
188;547.41;50;0.06;1;0
189;518.08;50;0.05;1;0
190;527.86;50;0.05;1;0
191;557.18;50;0.05;1;0
192;596.29;50;0.06;1;0
193;615.84;50;0.06;1;0
194;645.16;50;0.06;1;0
195;615.84;50;0.06;1;0
196;654.94;50;0.06;1;0
197;664.71;50;0.07;1;0
198;606.06;50;0.07;1;0
199;645.16;50;0.06;1;0
200;645.16;50;0.06;1;0
201;596.29;50;0.06;1;0
202;606.06;50;0.06;1;0
203;625.61;50;0.06;1;0
204;713.59;50;0.06;1;0
205;645.16;50;0.07;1;0
206;586.51;50;0.06;1;0
207;586.51;50;0.06;1;0
208;654.94;50;0.06;1;0
209;586.51;50;0.07;1;0
210;645.16;50;0.06;1;0
211;596.29;50;0.06;1;0
212;615.84;50;0.06;1;0
213;645.16;50;0.06;1;0
214;615.84;50;0.06;1;0
215;694.04;50;0.06;1;0
216;654.94;50;0.07;1;0
217;664.71;50;0.07;1;0
218;586.51;50;0.07;1;0
219;625.61;50;0.06;1;0
220;635.39;50;0.06;1;0
221;615.84;50;0.06;1;0
222;645.16;50;0.06;1;0
223;664.71;50;0.06;1;0
224;557.18;50;0.07;1;0
225;596.29;50;0.06;1;0
226;586.51;50;0.06;1;0
227;674.49;50;0.06;1;0
228;566.96;50;0.07;1;0
229;566.96;50;0.06;1;0
230;566.96;50;0.06;1;0
231;547.41;50;0.06;1;0
232;527.86;50;0.05;1;0
233;488.76;50;0.05;1;0
234;586.51;50;0.05;1;0
235;566.96;50;0.06;1;0
236;586.51;50;0.06;1;0
237;576.74;50;0.06;1;0
238;615.84;50;0.06;1;0
239;576.74;50;0.06;1;0
240;625.61;50;0.06;1;0
241;527.86;50;0.06;1;0
242;566.96;50;0.05;1;0
243;576.74;50;0.06;1;0
244;557.18;50;0.06;1;0
245;537.63;50;0.06;1;0
246;488.76;50;0.05;1;0
247;537.63;50;0.05;1;0
248;518.08;50;0.05;1;0
249;518.08;50;0.05;1;0
250;469.21;50;0.05;1;0
251;547.41;50;0.05;1;0
252;498.53;50;0.05;1;0
253;537.63;50;0.05;1;0
254;488.76;50;0.05;1;0
255;439.88;50;0.05;1;0
256;488.76;50;0.04;1;0
257;518.08;50;0.05;1;0
258;498.53;50;0.05;1;0
259;498.53;50;0.05;1;0
260;527.86;50;0.05;1;0
261;478.98;50;0.05;1;0
262;498.53;50;0.05;1;0
263;537.63;50;0.05;1;0
264;469.21;50;0.05;1;0
265;518.08;50;0.05;1;0
266;537.63;50;0.05;1;0
267;478.98;50;0.05;1;0
268;547.41;50;0.05;1;0
269;508.31;50;0.05;1;0
270;508.31;50;0.05;1;0
271;537.63;50;0.05;1;0
272;469.21;50;0.05;1;0
273;508.31;50;0.05;1;0
274;537.63;50;0.05;1;0
275;518.08;50;0.05;1;0
276;566.96;50;0.05;1;0
277;527.86;50;0.06;1;0
278;557.18;50;0.05;1;0
279;518.08;50;0.06;1;0
280;537.63;50;0.05;1;0
281;508.31;50;0.05;1;0
282;576.74;50;0.05;1;0
283;478.98;50;0.06;1;0
284;586.51;50;0.05;1;0
285;606.06;50;0.06;1;0
286;596.29;50;0.06;1;0
287;566.96;50;0.06;1;0
288;606.06;50;0.06;1;0
289;586.51;50;0.06;1;0
290;615.84;50;0.06;1;0
291;596.29;50;0.06;1;0
292;547.41;50;0.06;1;0
293;586.51;50;0.05;1;0
294;615.84;50;0.06;1;0
295;664.71;50;0.06;1;0
296;664.71;50;0.07;1;0
297;635.39;50;0.07;1;0
298;576.74;50;0.06;1;0
299;606.06;50;0.06;1;0
300;615.84;50;0.06;1;0
301;537.63;50;0.06;1;0
302;615.84;50;0.05;1;0
303;615.84;50;0.06;1;0
304;586.51;50;0.06;1;0
305;615.84;50;0.06;1;0
306;537.63;50;0.06;1;0
307;606.06;50;0.05;1;0
308;674.49;50;0.06;1;0
309;557.18;50;0.07;1;0
310;664.71;50;0.06;1;0
311;615.84;50;0.07;1;0
312;596.29;50;0.06;1;0
313;606.06;50;0.06;1;0
314;684.26;50;0.06;1;0
315;664.71;50;0.07;1;0
316;615.84;50;0.07;1;0
317;723.36;50;0.06;1;0
318;615.84;50;0.07;1;0
319;723.36;50;0.06;1;0
320;469.21;50;0.07;1;0
321;703.81;50;0.05;1;0
322;606.06;50;0.07;1;0
323;625.61;50;0.06;1;0
324;674.49;50;0.06;1;0
325;566.96;50;0.07;1;0
326;684.26;50;0.06;1;0
327;625.61;50;0.07;1;0
328;606.06;50;0.06;1;0
329;635.39;50;0.06;1;0
330;576.74;50;0.06;1;0
331;615.84;50;0.06;1;0
332;615.84;50;0.06;1;0
333;752.69;50;0.06;1;0
334;606.06;50;0.08;1;0
335;635.39;50;0.06;1;0
336;596.29;50;0.06;1;0
337;566.96;50;0.06;1;0
338;606.06;50;0.06;1;0
339;576.74;50;0.06;1;0
340;615.84;50;0.06;1;0
341;635.39;50;0.06;1;0
342;606.06;50;0.06;1;0
343;635.39;50;0.06;1;0
344;615.84;50;0.06;1;0
345;635.39;50;0.06;1;0
346;654.94;50;0.06;1;0
347;615.84;50;0.07;1;0
348;684.26;50;0.06;1;0
349;566.96;50;0.07;1;0
350;586.51;50;0.06;1;0
351;586.51;50;0.06;1;0
352;547.41;50;0.06;1;0
353;576.74;50;0.05;1;0
354;596.29;50;0.06;1;0
355;537.63;50;0.06;1;0
356;518.08;50;0.05;1;0
357;518.08;50;0.05;1;0
358;469.21;50;0.05;1;0
359;596.29;50;0.05;1;0
360;478.98;50;0.06;1;0
361;576.74;50;0.05;1;0
362;537.63;50;0.06;1;0
363;498.53;50;0.05;1;0
364;527.86;50;0.05;1;0
365;547.41;50;0.05;1;0
366;537.63;50;0.05;1;0
367;606.06;50;0.05;1;0
368;527.86;50;0.06;1;0
369;635.39;50;0.05;1;0
370;488.76;50;0.06;1;0
371;518.08;50;0.05;1;0
372;478.98;50;0.05;1;0
373;488.76;50;0.05;1;0
374;518.08;50;0.05;1;0
375;518.08;50;0.05;1;0
376;537.63;50;0.05;1;0
377;527.86;50;0.05;1;0
378;469.21;50;0.05;1;0
379;449.66;50;0.05;1;0
380;508.31;50;0.04;1;0
381;498.53;50;0.05;1;0
382;547.41;50;0.05;1;0
383;449.66;50;0.05;1;0
384;586.51;50;0.04;1;0
385;586.51;50;0.06;1;0
386;518.08;50;0.06;1;0
387;459.43;50;0.05;1;0
388;527.86;50;0.05;1;0
389;381.23;50;0.05;1;0
390;527.86;50;0.04;1;0
391;478.98;50;0.05;1;0
392;518.08;50;0.05;1;0
393;586.51;50;0.05;1;0
394;576.74;50;0.06;1;0
395;459.43;50;0.06;1;0
396;527.86;50;0.05;1;0
397;391.01;50;0.05;1;0
398;498.53;50;0.04;1;0
399;547.41;50;0.05;1;0
400;547.41;50;0.05;1;0
401;566.96;50;0.05;1;0
402;606.06;50;0.06;1;0
403;518.08;50;0.06;1;0
404;557.18;50;0.05;1;0
405;547.41;50;0.06;1;0
406;537.63;50;0.05;1;0
407;508.31;50;0.05;1;0
408;654.94;50;0.05;1;0
409;606.06;50;0.07;1;0
410;625.61;50;0.06;1;0
411;596.29;50;0.06;1;0
412;606.06;50;0.06;1;0
413;537.63;50;0.06;1;0
414;537.63;50;0.05;1;0
415;508.31;50;0.05;1;0
416;615.84;50;0.05;1;0
417;518.08;50;0.06;1;0
418;527.86;50;0.05;1;0
419;557.18;50;0.05;1;0
420;498.53;50;0.06;1;0
421;518.08;50;0.05;1;0
422;547.41;50;0.05;1;0
423;527.86;50;0.05;1;0
424;547.41;50;0.05;1;0
425;557.18;50;0.05;1;0
426;684.26;50;0.06;1;0
427;469.21;50;0.07;1;0
428;586.51;50;0.05;1;0
429;527.86;50;0.06;1;0
430;684.26;50;0.05;1;0
431;596.29;50;0.07;1;0
432;527.86;50;0.06;1;0
433;576.74;50;0.05;1;0
434;625.61;50;0.06;1;0
435;713.59;50;0.06;1;0
436;576.74;50;0.07;1;0
437;615.84;50;0.06;1;0
438;557.18;50;0.06;1;0
439;537.63;50;0.06;1;0
440;645.16;50;0.05;1;0
441;645.16;50;0.06;1;0
442;566.96;50;0.06;1;0
443;557.18;50;0.06;1;0
444;606.06;50;0.06;1;0
445;547.41;50;0.06;1;0
446;586.51;50;0.05;1;0
447;586.51;50;0.06;1;0
448;615.84;50;0.06;1;0
449;606.06;50;0.06;1;0
450;606.06;50;0.06;1;0
451;635.39;50;0.06;1;0
452;606.06;50;0.06;1;0
453;566.96;50;0.06;1;0
454;664.71;50;0.06;1;0
455;645.16;50;0.07;1;0
456;606.06;50;0.06;1;0
457;625.61;50;0.06;1;0
458;547.41;50;0.06;1;0
459;645.16;50;0.05;1;0
460;625.61;50;0.06;1;0
461;576.74;50;0.06;1;0
462;576.74;50;0.06;1;0
463;518.08;50;0.06;1;0
464;527.86;50;0.05;1;0
465;527.86;50;0.05;1;0
466;615.84;50;0.05;1;0
467;547.41;50;0.06;1;0
468;557.18;50;0.05;1;0
469;459.43;50;0.06;1;0
470;557.18;50;0.05;1;0
471;576.74;50;0.06;1;0
472;615.84;50;0.06;1;0
473;547.41;50;0.06;1;0
474;606.06;50;0.05;1;0
475;518.08;50;0.06;1;0
476;508.31;50;0.05;1;0
477;518.08;50;0.05;1;0
478;537.63;50;0.05;1;0
479;518.08;50;0.05;1;0
480;498.53;50;0.05;1;0
481;586.51;50;0.05;1;0
482;508.31;50;0.06;1;0
483;547.41;50;0.05;1;0
484;527.86;50;0.05;1;0
485;498.53;50;0.05;1;0
486;439.88;50;0.05;1;0
487;508.31;50;0.04;1;0
488;557.18;50;0.05;1;0
489;449.66;50;0.06;1;0
490;391.01;50;0.04;1;0
491;547.41;50;0.04;1;0
492;430.11;50;0.05;1;0
493;527.86;50;0.04;1;0
494;400.78;50;0.05;1;0
495;488.76;50;0.04;1;0
496;606.06;50;0.05;1;0
497;459.43;50;0.06;1;0
498;508.31;50;0.05;1;0
499;547.41;50;0.05;1;0
500;478.98;50;0.05;1;0
501;478.98;50;0.05;1;0
502;498.53;50;0.05;1;0
503;449.66;50;0.05;1;0
504;478.98;50;0.04;1;0
505;508.31;50;0.05;1;0
506;498.53;50;0.05;1;0
507;478.98;50;0.05;1;0
508;478.98;50;0.05;1;0
509;449.66;50;0.05;1;0
510;547.41;50;0.04;1;0
511;527.86;50;0.05;1;0
512;586.51;50;0.05;1;0
513;478.98;50;0.06;1;0
514;557.18;50;0.05;1;0
515;566.96;50;0.06;1;0
516;586.51;50;0.06;1;0
517;625.61;50;0.06;1;0
518;557.18;50;0.06;1;0
519;586.51;50;0.06;1;0
520;625.61;50;0.06;1;0
521;537.63;50;0.06;1;0
522;625.61;50;0.05;1;0
523;615.84;50;0.06;1;0
524;508.31;50;0.06;1;0
525;527.86;50;0.05;1;0
526;654.94;50;0.05;1;0
527;557.18;50;0.07;1;0
528;625.61;50;0.06;1;0
529;615.84;50;0.06;1;0
530;674.49;50;0.06;1;0
531;615.84;50;0.07;1;0
532;606.06;50;0.06;1;0
533;615.84;50;0.06;1;0
534;674.49;50;0.06;1;0
535;664.71;50;0.07;1;0
536;654.94;50;0.07;1;0
537;615.84;50;0.07;1;0
538;566.96;50;0.06;1;0
539;654.94;50;0.06;1;0
540;703.81;50;0.07;1;0
541;674.49;50;0.07;1;0
542;635.39;50;0.07;1;0
543;713.59;50;0.06;1;0
544;664.71;50;0.07;1;0
545;723.36;50;0.07;1;0
546;694.04;50;0.07;1;0
547;694.04;50;0.07;1;0
548;733.14;50;0.07;1;0
549;713.59;50;0.07;1;0
550;684.26;50;0.07;1;0
551;674.49;50;0.07;1;0
552;674.49;50;0.07;1;0
553;723.36;50;0.07;1;0
554;684.26;50;0.07;1;0
555;703.81;50;0.07;1;0
556;674.49;50;0.07;1;0
557;742.91;50;0.07;1;0
558;664.71;50;0.07;1;0
559;733.14;50;0.07;1;0
560;694.04;50;0.07;1;0
561;684.26;50;0.07;1;0
562;703.81;50;0.07;1;0
563;694.04;50;0.07;1;0
564;733.14;50;0.07;1;0
565;664.71;50;0.07;1;0
566;694.04;50;0.07;1;0
567;703.81;50;0.07;1;0
568;674.49;50;0.07;1;0
569;674.49;50;0.07;1;0
570;664.71;50;0.07;1;0
571;625.61;50;0.07;1;0
572;723.36;50;0.06;1;0
573;694.04;50;0.07;1;0
574;674.49;50;0.07;1;0
575;664.71;50;0.07;1;0
576;635.39;50;0.07;1;0
577;684.26;50;0.06;1;0
578;694.04;50;0.07;1;0
579;752.69;50;0.07;1;0
580;664.71;50;0.08;1;0
581;664.71;50;0.07;1;0
582;645.16;50;0.07;1;0
583;703.81;50;0.06;1;0
584;723.36;50;0.07;1;0
585;684.26;50;0.07;1;0
586;596.29;50;0.07;1;0
587;645.16;50;0.06;1;0
588;586.51;50;0.06;1;0
589;615.84;50;0.06;1;0
590;586.51;50;0.06;1;0
591;518.08;50;0.06;1;0
592;596.29;50;0.05;1;0
593;606.06;50;0.06;1;0
594;606.06;50;0.06;1;0
595;557.18;50;0.06;1;0
596;566.96;50;0.06;1;0
597;498.53;50;0.06;1;0
598;537.63;50;0.05;1;0
599;566.96;50;0.05;1;0
600;557.18;50;0.06;1;0
601;547.41;50;0.06;1;0
602;576.74;50;0.05;1;0
603;566.96;50;0.06;1;0
604;547.41;50;0.06;1;0
605;508.31;50;0.05;1;0
606;586.51;50;0.05;1;0
607;557.18;50;0.06;1;0
608;566.96;50;0.06;1;0
609;547.41;50;0.06;1;0
610;557.18;50;0.05;1;0
611;615.84;50;0.06;1;0
612;654.94;50;0.06;1;0
613;645.16;50;0.07;1;0
614;625.61;50;0.06;1;0
615;557.18;50;0.06;1;0
616;537.63;50;0.06;1;0
617;537.63;50;0.05;1;0
618;596.29;50;0.05;1;0
619;586.51;50;0.06;1;0
620;566.96;50;0.06;1;0
621;586.51;50;0.06;1;0
622;547.41;50;0.06;1;0
623;566.96;50;0.05;1;0
624;576.74;50;0.06;1;0
625;586.51;50;0.06;1;0
626;547.41;50;0.06;1;0
627;586.51;50;0.05;1;0
628;635.39;50;0.06;1;0
629;606.06;50;0.06;1;0
630;557.18;50;0.06;1;0
631;547.41;50;0.06;1;0
632;586.51;50;0.05;1;0
633;576.74;50;0.06;1;0
634;625.61;50;0.06;1;0
635;547.41;50;0.06;1;0
636;576.74;50;0.05;1;0
637;420.33;50;0.06;1;0
638;576.74;50;0.04;1;0
639;547.41;50;0.06;1;0
640;664.71;50;0.05;1;0
641;586.51;50;0.07;1;0
642;635.39;50;0.06;1;0
643;527.86;50;0.06;1;0
644;566.96;50;0.05;1;0
645;547.41;50;0.06;1;0
646;645.16;50;0.05;1;0
647;635.39;50;0.06;1;0
648;615.84;50;0.06;1;0
649;703.81;50;0.06;1;0
650;576.74;50;0.07;1;0
651;674.49;50;0.06;1;0
652;596.29;50;0.07;1;0
653;615.84;50;0.06;1;0
654;674.49;50;0.06;1;0
655;654.94;50;0.07;1;0
656;615.84;50;0.07;1;0
657;684.26;50;0.06;1;0
658;674.49;50;0.07;1;0
659;684.26;50;0.07;1;0
660;703.81;50;0.07;1;0
661;635.39;50;0.07;1;0
662;606.06;50;0.06;1;0
663;576.74;50;0.06;1;0
664;742.91;50;0.06;1;0
665;723.36;50;0.07;1;0
666;694.04;50;0.07;1;0
667;664.71;50;0.07;1;0
668;684.26;50;0.07;1;0
669;762.46;50;0.07;1;0
670;742.91;50;0.08;1;0
671;772.24;50;0.07;1;0
672;821.11;50;0.08;1;0
673;791.79;50;0.08;1;0
674;733.14;50;0.08;1;0
675;713.59;50;0.07;1;0
676;694.04;50;0.07;1;0
677;713.59;50;0.07;1;0
678;723.36;50;0.07;1;0
679;694.04;50;0.07;1;0
680;664.71;50;0.07;1;0
681;615.84;50;0.07;1;0
682;703.81;50;0.06;1;0
683;635.39;50;0.07;1;0
684;674.49;50;0.06;1;0
685;772.24;50;0.07;1;0
686;576.74;50;0.08;1;0
687;762.46;50;0.06;1;0
688;674.49;50;0.08;1;0
689;684.26;50;0.07;1;0
690;723.36;50;0.07;1;0
691;762.46;50;0.07;1;0
692;762.46;50;0.08;1;0
693;723.36;50;0.08;1;0
694;703.81;50;0.07;1;0
695;606.06;50;0.07;1;0
696;742.91;50;0.06;1;0
697;762.46;50;0.07;1;0
698;645.16;50;0.08;1;0
699;772.24;50;0.06;1;0
700;615.84;50;0.08;1;0
701;654.94;50;0.06;1;0
702;654.94;50;0.07;1;0
703;703.81;50;0.07;1;0
704;674.49;50;0.07;1;0
705;625.61;50;0.07;1;0
706;684.26;50;0.06;1;0
707;664.71;50;0.07;1;0
708;586.51;50;0.07;1;0
709;664.71;50;0.06;1;0
710;733.14;50;0.07;1;0
711;527.86;50;0.07;1;0
712;537.63;50;0.05;1;0
713;547.41;50;0.05;1;0
714;557.18;50;0.05;1;0
715;527.86;50;0.06;1;0
716;625.61;50;0.05;1;0
717;527.86;50;0.06;1;0
718;547.41;50;0.05;1;0
719;654.94;50;0.05;1;0
720;557.18;50;0.07;1;0
721;488.76;50;0.06;1;0
722;518.08;50;0.05;1;0
723;498.53;50;0.05;1;0
724;527.86;50;0.05;1;0
725;537.63;50;0.05;1;0
726;547.41;50;0.05;1;0
727;498.53;50;0.05;1;0
728;566.96;50;0.05;1;0
729;488.76;50;0.06;1;0
730;537.63;50;0.05;1;0
731;469.21;50;0.05;1;0
732;508.31;50;0.05;1;0
733;518.08;50;0.05;1;0
734;488.76;50;0.05;1;0
735;518.08;50;0.05;1;0
736;381.23;50;0.05;1;0
737;498.53;50;0.04;1;0
738;449.66;50;0.05;1;0
739;478.98;50;0.04;1;0
740;488.76;50;0.05;1;0
741;527.86;50;0.05;1;0
742;488.76;50;0.05;1;0
743;518.08;50;0.05;1;0
744;576.74;50;0.05;1;0
745;508.31;50;0.06;1;0
746;469.21;50;0.05;1;0
747;430.11;50;0.05;1;0
748;439.88;50;0.04;1;0
749;430.11;50;0.04;1;0
750;449.66;50;0.04;1;0
751;430.11;50;0.04;1;0
752;449.66;50;0.04;1;0
753;508.31;50;0.04;1;0
754;478.98;50;0.05;1;0
755;478.98;50;0.05;1;0
756;537.63;50;0.05;1;0
757;478.98;50;0.05;1;0
758;498.53;50;0.05;1;0
759;430.11;50;0.05;1;0
760;459.43;50;0.04;1;0
761;478.98;50;0.05;1;0
762;478.98;50;0.05;1;0
763;478.98;50;0.05;1;0
764;518.08;50;0.05;1;0
765;469.21;50;0.05;1;0
766;469.21;50;0.05;1;0
767;488.76;50;0.05;1;0
768;508.31;50;0.05;1;0
769;498.53;50;0.05;1;0
770;537.63;50;0.05;1;0
771;557.18;50;0.05;1;0
772;488.76;50;0.06;1;0
773;488.76;50;0.05;1;0
774;498.53;50;0.05;1;0
775;478.98;50;0.05;1;0
776;518.08;50;0.05;1;0
777;566.96;50;0.05;1;0
778;547.41;50;0.06;1;0
779;537.63;50;0.05;1;0
780;449.66;50;0.05;1;0
781;498.53;50;0.04;1;0
782;557.18;50;0.05;1;0
783;469.21;50;0.06;1;0
784;596.29;50;0.05;1;0
785;606.06;50;0.06;1;0
786;586.51;50;0.06;1;0
787;576.74;50;0.06;1;0
788;596.29;50;0.06;1;0
789;547.41;50;0.06;1;0
790;566.96;50;0.05;1;0
791;518.08;50;0.06;1;0
792;606.06;50;0.05;1;0
793;615.84;50;0.06;1;0
794;684.26;50;0.06;1;0
795;527.86;50;0.07;1;0
796;645.16;50;0.05;1;0
797;586.51;50;0.06;1;0
798;654.94;50;0.06;1;0
799;694.04;50;0.07;1;0
800;645.16;50;0.07;1;0
801;596.29;50;0.06;1;0
802;508.31;50;0.06;1;0
803;566.96;50;0.05;1;0
804;586.51;50;0.06;1;0
805;635.39;50;0.06;1;0
806;576.74;50;0.06;1;0
807;586.51;50;0.06;1;0
808;586.51;50;0.06;1;0
809;576.74;50;0.06;1;0
810;518.08;50;0.06;1;0
811;635.39;50;0.05;1;0
812;566.96;50;0.06;1;0
813;566.96;50;0.06;1;0
814;498.53;50;0.06;1;0
815;527.86;50;0.05;1;0
816;557.18;50;0.05;1;0
817;547.41;50;0.06;1;0
818;596.29;50;0.05;1;0
819;596.29;50;0.06;1;0
820;547.41;50;0.06;1;0
821;557.18;50;0.05;1;0
822;508.31;50;0.06;1;0
823;635.39;50;0.05;1;0
824;547.41;50;0.06;1;0
825;537.63;50;0.05;1;0
826;586.51;50;0.05;1;0
827;498.53;50;0.06;1;0
828;508.31;50;0.05;1;0
829;625.61;50;0.05;1;0
830;508.31;50;0.06;1;0
831;586.51;50;0.05;1;0
832;449.66;50;0.06;1;0
833;566.96;50;0.04;1;0
834;469.21;50;0.06;1;0
835;547.41;50;0.05;1;0
836;469.21;50;0.05;1;0
837;527.86;50;0.05;1;0
838;527.86;50;0.05;1;0
839;508.31;50;0.05;1;0
840;547.41;50;0.05;1;0
841;518.08;50;0.05;1;0
842;586.51;50;0.05;1;0
843;566.96;50;0.06;1;0
844;439.88;50;0.06;1;0
845;439.88;50;0.04;1;0
846;361.68;50;0.04;1;0
847;469.21;50;0.04;1;0
848;381.23;50;0.05;1;0
849;449.66;50;0.04;1;0
850;400.78;50;0.04;1;0
851;439.88;50;0.04;1;0
852;430.11;50;0.04;1;0
853;469.21;50;0.04;1;0
854;420.33;50;0.05;1;0
855;420.33;50;0.04;1;0
856;449.66;50;0.04;1;0
857;381.23;50;0.04;1;0
858;381.23;50;0.04;1;0
859;498.53;50;0.04;1;0
860;430.11;50;0.05;1;0
861;557.18;50;0.04;1;0
862;430.11;50;0.06;1;0
863;488.76;50;0.04;1;0
864;537.63;50;0.05;1;0
865;449.66;50;0.05;1;0
866;498.53;50;0.04;1;0
867;537.63;50;0.05;1;0
868;527.86;50;0.05;1;0
869;488.76;50;0.05;1;0
870;498.53;50;0.05;1;0
871;547.41;50;0.05;1;0
872;527.86;50;0.05;1;0
873;498.53;50;0.05;1;0
874;498.53;50;0.05;1;0
875;488.76;50;0.05;1;0
876;478.98;50;0.05;1;0
877;527.86;50;0.05;1;0
878;615.84;50;0.05;1;0
879;576.74;50;0.06;1;0
880;596.29;50;0.06;1;0
881;576.74;50;0.06;1;0
882;566.96;50;0.06;1;0
883;498.53;50;0.06;1;0
884;586.51;50;0.05;1;0
885;566.96;50;0.06;1;0
886;606.06;50;0.06;1;0
887;586.51;50;0.06;1;0
888;576.74;50;0.06;1;0
889;654.94;50;0.06;1;0
890;625.61;50;0.07;1;0
891;547.41;50;0.06;1;0
892;537.63;50;0.05;1;0
893;625.61;50;0.05;1;0
894;615.84;50;0.06;1;0
895;518.08;50;0.06;1;0
896;557.18;50;0.05;1;0
897;557.18;50;0.06;1;0
898;606.06;50;0.06;1;0
899;625.61;50;0.06;1;0
900;645.16;50;0.06;1;0
901;596.29;50;0.06;1;0
902;615.84;50;0.06;1;0
903;596.29;50;0.06;1;0
904;596.29;50;0.06;1;0
905;615.84;50;0.06;1;0
906;684.26;50;0.06;1;0
907;615.84;50;0.07;1;0
908;625.61;50;0.06;1;0
909;596.29;50;0.06;1;0
910;645.16;50;0.06;1;0
911;606.06;50;0.06;1;0
912;654.94;50;0.06;1;0
913;684.26;50;0.07;1;0
914;606.06;50;0.07;1;0
915;615.84;50;0.06;1;0
916;635.39;50;0.06;1;0
917;596.29;50;0.06;1;0
918;713.59;50;0.06;1;0
919;625.61;50;0.07;1;0
920;723.36;50;0.06;1;0
921;654.94;50;0.07;1;0
922;694.04;50;0.07;1;0
923;684.26;50;0.07;1;0
924;635.39;50;0.07;1;0
925;606.06;50;0.06;1;0
926;615.84;50;0.06;1;0
927;635.39;50;0.06;1;0
928;615.84;50;0.06;1;0
929;635.39;50;0.06;1;0
930;625.61;50;0.06;1;0
931;518.08;50;0.06;1;0
932;625.61;50;0.05;1;0
933;566.96;50;0.06;1;0
934;586.51;50;0.06;1;0
935;615.84;50;0.06;1;0
936;547.41;50;0.06;1;0
937;547.41;50;0.05;1;0
938;596.29;50;0.05;1;0
939;664.71;50;0.06;1;0
940;625.61;50;0.07;1;0
941;694.04;50;0.06;1;0
942;527.86;50;0.07;1;0
943;586.51;50;0.05;1;0
944;537.63;50;0.06;1;0
945;654.94;50;0.05;1;0
946;557.18;50;0.07;1;0
947;674.49;50;0.06;1;0
948;606.06;50;0.07;1;0
949;576.74;50;0.06;1;0
950;576.74;50;0.06;1;0
951;664.71;50;0.06;1;0
952;615.84;50;0.07;1;0
953;635.39;50;0.06;1;0
954;576.74;50;0.06;1;0
955;606.06;50;0.06;1;0
956;566.96;50;0.06;1;0
957;596.29;50;0.06;1;0
958;576.74;50;0.06;1;0
959;547.41;50;0.06;1;0
960;547.41;50;0.05;1;0
961;557.18;50;0.05;1;0
962;547.41;50;0.06;1;0
963;547.41;50;0.05;1;0
964;498.53;50;0.05;1;0
965;586.51;50;0.05;1;0
966;576.74;50;0.06;1;0
967;537.63;50;0.06;1;0
968;566.96;50;0.05;1;0
969;557.18;50;0.06;1;0
970;488.76;50;0.06;1;0
971;635.39;50;0.05;1;0
972;508.31;50;0.06;1;0
973;527.86;50;0.05;1;0
974;518.08;50;0.05;1;0
975;508.31;50;0.05;1;0
976;508.31;50;0.05;1;0
977;420.33;50;0.05;1;0
978;420.33;50;0.04;1;0
979;488.76;50;0.04;1;0
980;488.76;50;0.05;1;0
981;557.18;50;0.05;1;0
982;508.31;50;0.06;1;0
983;469.21;50;0.05;1;0
984;498.53;50;0.05;1;0
985;537.63;50;0.05;1;0
986;557.18;50;0.05;1;0
987;586.51;50;0.06;1;0
988;498.53;50;0.06;1;0
989;537.63;50;0.05;1;0
990;576.74;50;0.05;1;0
991;596.29;50;0.06;1;0
992;566.96;50;0.06;1;0
993;606.06;50;0.06;1;0
994;508.31;50;0.06;1;0
995;566.96;50;0.05;1;0
996;557.18;50;0.06;1;0
997;586.51;50;0.06;1;0
998;498.53;50;0.06;1;0
999;557.18;50;0.05;1;0
1000;518.08;50;0.06;1;0
1001;576.74;50;0.05;1;0
1002;557.18;50;0.06;1;0
1003;606.06;50;0.06;1;0
1004;459.43;50;0.06;1;0
1005;537.63;50;0.05;1;0
1006;586.51;50;0.05;1;0
1007;625.61;50;0.06;1;0
1008;557.18;50;0.06;1;0
1009;723.36;50;0.06;1;0
1010;635.39;50;0.07;1;0
1011;654.94;50;0.06;1;0
1012;694.04;50;0.07;1;0
1013;742.91;50;0.07;1;0
1014;713.59;50;0.07;1;0
1015;694.04;50;0.07;1;0
1016;723.36;50;0.07;1;0
1017;723.36;50;0.07;1;0
1018;664.71;50;0.07;1;0
1019;703.81;50;0.07;1;0
1020;674.49;50;0.07;1;0
1021;615.84;50;0.07;1;0
1022;654.94;50;0.06;1;0
1023;547.41;50;0.07;1;0
1024;684.26;50;0.05;1;0
1025;664.71;50;0.07;1;0
1026;615.84;50;0.07;1;0
1027;723.36;50;0.06;1;0
1028;645.16;50;0.07;1;0
1029;664.71;50;0.06;1;0
1030;645.16;50;0.07;1;0
1031;703.81;50;0.06;1;0
1032;713.59;50;0.07;1;0
1033;625.61;50;0.07;1;0
1034;703.81;50;0.06;1;0
1035;713.59;50;0.07;1;0
1036;694.04;50;0.07;1;0
1037;713.59;50;0.07;1;0
1038;713.59;50;0.07;1;0
1039;684.26;50;0.07;1;0
1040;703.81;50;0.07;1;0
1041;684.26;50;0.07;1;0
1042;684.26;50;0.07;1;0
1043;645.16;50;0.07;1;0
1044;703.81;50;0.06;1;0
1045;694.04;50;0.07;1;0
1046;664.71;50;0.07;1;0
1047;684.26;50;0.07;1;0
1048;654.94;50;0.07;1;0
1049;674.49;50;0.07;1;0
1050;694.04;50;0.07;1;0
1051;635.39;50;0.07;1;0
1052;733.14;50;0.06;1;0
1053;645.16;50;0.07;1;0
1054;586.51;50;0.06;1;0
1055;625.61;50;0.06;1;0
1056;615.84;50;0.06;1;0
1057;615.84;50;0.06;1;0
1058;674.49;50;0.06;1;0
1059;664.71;50;0.07;1;0
1060;703.81;50;0.07;1;0
1061;713.59;50;0.07;1;0
1062;713.59;50;0.07;1;0
1063;645.16;50;0.07;1;0
1064;684.26;50;0.06;1;0
1065;684.26;50;0.07;1;0
1066;674.49;50;0.07;1;0
1067;674.49;50;0.07;1;0
1068;596.29;50;0.07;1;0
1069;684.26;50;0.06;1;0
1070;625.61;50;0.07;1;0
1071;645.16;50;0.06;1;0
1072;606.06;50;0.06;1;0
1073;645.16;50;0.06;1;0
1074;625.61;50;0.06;1;0
1075;596.29;50;0.06;1;0
1076;478.98;50;0.06;1;0
1077;596.29;50;0.05;1;0
1078;576.74;50;0.06;1;0
1079;518.08;50;0.06;1;0
1080;537.63;50;0.05;1;0
1081;478.98;50;0.05;1;0
1082;537.63;50;0.05;1;0
1083;566.96;50;0.05;1;0
1084;537.63;50;0.06;1;0
1085;566.96;50;0.05;1;0
1086;576.74;50;0.06;1;0
1087;557.18;50;0.06;1;0
1088;557.18;50;0.06;1;0
1089;606.06;50;0.06;1;0
1090;557.18;50;0.06;1;0
1091;576.74;50;0.06;1;0
1092;557.18;50;0.06;1;0
1093;606.06;50;0.06;1;0
1094;400.78;50;0.06;1;0
1095;615.84;50;0.04;1;0
1096;625.61;50;0.06;1;0
1097;498.53;50;0.06;1;0
1098;557.18;50;0.05;1;0
1099;625.61;50;0.06;1;0
1100;625.61;50;0.06;1;0
1101;518.08;50;0.06;1;0
1102;547.41;50;0.05;1;0
1103;547.41;50;0.05;1;0
1104;537.63;50;0.05;1;0
1105;537.63;50;0.05;1;0
1106;576.74;50;0.05;1;0
1107;615.84;50;0.06;1;0
1108;576.74;50;0.06;1;0
1109;566.96;50;0.06;1;0
1110;615.84;50;0.06;1;0
1111;635.39;50;0.06;1;0
1112;664.71;50;0.06;1;0
1113;586.51;50;0.07;1;0
1114;684.26;50;0.06;1;0
1115;645.16;50;0.07;1;0
1116;596.29;50;0.06;1;0
1117;586.51;50;0.06;1;0
1118;615.84;50;0.06;1;0
1119;576.74;50;0.06;1;0
1120;664.71;50;0.06;1;0
1121;635.39;50;0.07;1;0
1122;674.49;50;0.06;1;0
1123;713.59;50;0.07;1;0
1124;625.61;50;0.07;1;0
1125;645.16;50;0.06;1;0
1126;596.29;50;0.06;1;0
1127;674.49;50;0.06;1;0
1128;566.96;50;0.07;1;0
1129;645.16;50;0.06;1;0
1130;596.29;50;0.06;1;0
1131;606.06;50;0.06;1;0
1132;635.39;50;0.06;1;0
1133;654.94;50;0.06;1;0
1134;635.39;50;0.07;1;0
1135;713.59;50;0.06;1;0
1136;713.59;50;0.07;1;0
1137;645.16;50;0.07;1;0
1138;694.04;50;0.06;1;0
1139;791.79;50;0.07;1;0
1140;703.81;50;0.08;1;0
1141;694.04;50;0.07;1;0
1142;694.04;50;0.07;1;0
1143;645.16;50;0.07;1;0
1144;713.59;50;0.06;1;0
1145;625.61;50;0.07;1;0
1146;615.84;50;0.06;1;0
1147;654.94;50;0.06;1;0
1148;606.06;50;0.07;1;0
1149;645.16;50;0.06;1;0
1150;566.96;50;0.06;1;0
1151;645.16;50;0.06;1;0
1152;684.26;50;0.06;1;0
1153;664.71;50;0.07;1;0
1154;733.14;50;0.07;1;0
1155;703.81;50;0.07;1;0
1156;723.36;50;0.07;1;0
1157;723.36;50;0.07;1;0
1158;742.91;50;0.07;1;0
1159;684.26;50;0.07;1;0
1160;635.39;50;0.07;1;0
1161;703.81;50;0.06;1;0
1162;723.36;50;0.07;1;0
1163;723.36;50;0.07;1;0
1164;674.49;50;0.07;1;0
1165;703.81;50;0.07;1;0
1166;703.81;50;0.07;1;0
1167;684.26;50;0.07;1;0
1168;694.04;50;0.07;1;0
1169;733.14;50;0.07;1;0
1170;742.91;50;0.07;1;0
1171;654.94;50;0.07;1;0
1172;694.04;50;0.07;1;0
1173;664.71;50;0.07;1;0
1174;684.26;50;0.07;1;0
1175;733.14;50;0.07;1;0
1176;703.81;50;0.07;1;0
1177;742.91;50;0.07;1;0
1178;625.61;50;0.07;1;0
1179;703.81;50;0.06;1;0
1180;645.16;50;0.07;1;0
1181;694.04;50;0.06;1;0
1182;635.39;50;0.07;1;0
1183;752.69;50;0.06;1;0
1184;654.94;50;0.08;1;0
1185;654.94;50;0.07;1;0
1186;654.94;50;0.07;1;0
1187;645.16;50;0.07;1;0
1188;615.84;50;0.06;1;0
1189;625.61;50;0.06;1;0
1190;615.84;50;0.06;1;0
1191;752.69;50;0.06;1;0
1192;606.06;50;0.08;1;0
1193;654.94;50;0.06;1;0
1194;557.18;50;0.07;1;0
1195;596.29;50;0.06;1;0
1196;664.71;50;0.06;1;0
1197;566.96;50;0.07;1;0
1198;606.06;50;0.06;1;0
1199;606.06;50;0.06;1;0
1200;566.96;50;0.06;1;0
1201;488.76;50;0.06;1;0
1202;625.61;50;0.05;1;0
1203;518.08;50;0.06;1;0
1204;586.51;50;0.05;1;0
1205;586.51;50;0.06;1;0
1206;459.43;50;0.06;1;0
1207;488.76;50;0.05;1;0
1208;537.63;50;0.05;1;0
1209;498.53;50;0.05;1;0
1210;518.08;50;0.05;1;0
1211;508.31;50;0.05;1;0
1212;459.43;50;0.05;1;0
1213;508.31;50;0.05;1;0
1214;439.88;50;0.05;1;0
1215;469.21;50;0.04;1;0
1216;351.91;50;0.05;1;0
1217;449.66;50;0.04;1;0
1218;439.88;50;0.04;1;0
1219;498.53;50;0.04;1;0
1220;439.88;50;0.05;1;0
1221;527.86;50;0.04;1;0
1222;469.21;50;0.05;1;0
1223;430.11;50;0.05;1;0
1224;469.21;50;0.04;1;0
1225;586.51;50;0.05;1;0
1226;547.41;50;0.06;1;0
1227;527.86;50;0.05;1;0
1228;537.63;50;0.05;1;0
1229;518.08;50;0.05;1;0
1230;508.31;50;0.05;1;0
1231;478.98;50;0.05;1;0
1232;586.51;50;0.05;1;0
1233;606.06;50;0.06;1;0
1234;576.74;50;0.06;1;0
1235;498.53;50;0.06;1;0
1236;625.61;50;0.05;1;0
1237;625.61;50;0.06;1;0
1238;645.16;50;0.06;1;0
1239;674.49;50;0.06;1;0
1240;694.04;50;0.07;1;0
1241;596.29;50;0.07;1;0
1242;586.51;50;0.06;1;0
1243;596.29;50;0.06;1;0
1244;606.06;50;0.06;1;0
1245;664.71;50;0.06;1;0
1246;654.94;50;0.07;1;0
1247;684.26;50;0.07;1;0
1248;635.39;50;0.07;1;0
1249;703.81;50;0.06;1;0
1250;664.71;50;0.07;1;0
1251;674.49;50;0.07;1;0
1252;654.94;50;0.07;1;0
1253;654.94;50;0.07;1;0
1254;723.36;50;0.07;1;0
1255;713.59;50;0.07;1;0
1256;654.94;50;0.07;1;0
1257;742.91;50;0.07;1;0
1258;742.91;50;0.07;1;0
1259;782.01;50;0.07;1;0
1260;772.24;50;0.08;1;0
1261;752.69;50;0.08;1;0
1262;791.79;50;0.08;1;0
1263;684.26;50;0.08;1;0
1264;742.91;50;0.07;1;0
1265;723.36;50;0.07;1;0
1266;723.36;50;0.07;1;0
1267;733.14;50;0.07;1;0
1268;713.59;50;0.07;1;0
1269;723.36;50;0.07;1;0
1270;713.59;50;0.07;1;0
1271;723.36;50;0.07;1;0
1272;733.14;50;0.07;1;0
1273;694.04;50;0.07;1;0
1274;674.49;50;0.07;1;0
1275;684.26;50;0.07;1;0
1276;703.81;50;0.07;1;0
1277;733.14;50;0.07;1;0
1278;694.04;50;0.07;1;0
1279;703.81;50;0.07;1;0
1280;674.49;50;0.07;1;0
1281;713.59;50;0.07;1;0
1282;723.36;50;0.07;1;0
1283;694.04;50;0.07;1;0
1284;723.36;50;0.07;1;0
1285;645.16;50;0.07;1;0
1286;733.14;50;0.06;1;0
1287;742.91;50;0.07;1;0
1288;752.69;50;0.07;1;0
1289;752.69;50;0.08;1;0
1290;703.81;50;0.08;1;0
1291;645.16;50;0.07;1;0
1292;703.81;50;0.06;1;0
1293;684.26;50;0.07;1;0
1294;742.91;50;0.07;1;0
1295;664.71;50;0.07;1;0
1296;664.71;50;0.07;1;0
1297;723.36;50;0.07;1;0
1298;703.81;50;0.07;1;0
1299;742.91;50;0.07;1;0
1300;694.04;50;0.07;1;0
1301;684.26;50;0.07;1;0
1302;703.81;50;0.07;1;0
1303;654.94;50;0.07;1;0
1304;723.36;50;0.07;1;0
1305;635.39;50;0.07;1;0
1306;664.71;50;0.06;1;0
1307;625.61;50;0.07;1;0
1308;713.59;50;0.06;1;0
1309;654.94;50;0.07;1;0
1310;694.04;50;0.07;1;0
1311;703.81;50;0.07;1;0
1312;713.59;50;0.07;1;0
1313;674.49;50;0.07;1;0
1314;664.71;50;0.07;1;0
1315;635.39;50;0.07;1;0
1316;664.71;50;0.06;1;0
1317;625.61;50;0.07;1;0
1318;654.94;50;0.06;1;0
1319;596.29;50;0.07;1;0
1320;606.06;50;0.06;1;0
1321;635.39;50;0.06;1;0
1322;615.84;50;0.06;1;0
1323;606.06;50;0.06;1;0
1324;615.84;50;0.06;1;0
1325;576.74;50;0.06;1;0
1326;606.06;50;0.06;1;0
1327;606.06;50;0.06;1;0
1328;625.61;50;0.06;1;0
1329;576.74;50;0.06;1;0
1330;596.29;50;0.06;1;0
1331;566.96;50;0.06;1;0
1332;566.96;50;0.06;1;0
1333;469.21;50;0.06;1;0
1334;645.16;50;0.05;1;0
1335;684.26;50;0.06;1;0
1336;557.18;50;0.07;1;0
1337;566.96;50;0.06;1;0
1338;625.61;50;0.06;1;0
1339;576.74;50;0.06;1;0
1340;596.29;50;0.06;1;0
1341;635.39;50;0.06;1;0
1342;635.39;50;0.06;1;0
1343;684.26;50;0.06;1;0
1344;586.51;50;0.07;1;0
1345;586.51;50;0.06;1;0
1346;596.29;50;0.06;1;0
1347;615.84;50;0.06;1;0
1348;596.29;50;0.06;1;0
1349;586.51;50;0.06;1;0
1350;576.74;50;0.06;1;0
1351;557.18;50;0.06;1;0
1352;537.63;50;0.06;1;0
1353;586.51;50;0.05;1;0
1354;606.06;50;0.06;1;0
1355;606.06;50;0.06;1;0
1356;615.84;50;0.06;1;0
1357;615.84;50;0.06;1;0
1358;596.29;50;0.06;1;0
1359;615.84;50;0.06;1;0
1360;606.06;50;0.06;1;0
1361;635.39;50;0.06;1;0
1362;606.06;50;0.06;1;0
1363;694.04;50;0.06;1;0
1364;586.51;50;0.07;1;0
1365;635.39;50;0.06;1;0
1366;674.49;50;0.06;1;0
1367;586.51;50;0.07;1;0
1368;654.94;50;0.06;1;0
1369;654.94;50;0.07;1;0
1370;635.39;50;0.07;1;0
1371;635.39;50;0.06;1;0
1372;615.84;50;0.06;1;0
1373;654.94;50;0.06;1;0
1374;713.59;50;0.07;1;0
1375;703.81;50;0.07;1;0
1376;674.49;50;0.07;1;0
1377;703.81;50;0.07;1;0
1378;684.26;50;0.07;1;0
1379;703.81;50;0.07;1;0
1380;723.36;50;0.07;1;0
1381;654.94;50;0.07;1;0
1382;615.84;50;0.07;1;0
1383;674.49;50;0.06;1;0
1384;635.39;50;0.07;1;0
1385;694.04;50;0.06;1;0
1386;674.49;50;0.07;1;0
1387;654.94;50;0.07;1;0
1388;615.84;50;0.07;1;0
1389;684.26;50;0.06;1;0
1390;684.26;50;0.07;1;0
1391;762.46;50;0.07;1;0
1392;694.04;50;0.08;1;0
1393;752.69;50;0.07;1;0
1394;703.81;50;0.08;1;0
1395;684.26;50;0.07;1;0
1396;645.16;50;0.07;1;0
1397;703.81;50;0.06;1;0
1398;645.16;50;0.07;1;0
1399;723.36;50;0.06;1;0
1400;606.06;50;0.07;1;0
1401;752.69;50;0.06;1;0
1402;586.51;50;0.08;1;0
1403;664.71;50;0.06;1;0
1404;684.26;50;0.07;1;0
1405;733.14;50;0.07;1;0
1406;742.91;50;0.07;1;0
1407;713.59;50;0.07;1;0
1408;723.36;50;0.07;1;0
1409;733.14;50;0.07;1;0
1410;674.49;50;0.07;1;0
1411;703.81;50;0.07;1;0
1412;742.91;50;0.07;1;0
1413;684.26;50;0.07;1;0
1414;684.26;50;0.07;1;0
1415;733.14;50;0.07;1;0
1416;762.46;50;0.07;1;0
1417;684.26;50;0.08;1;0
1418;762.46;50;0.07;1;0
1419;772.24;50;0.08;1;0
1420;713.59;50;0.08;1;0
1421;674.49;50;0.07;1;0
1422;762.46;50;0.07;1;0
1423;664.71;50;0.08;1;0
1424;801.56;50;0.07;1;0
1425;713.59;50;0.08;1;0
1426;762.46;50;0.07;1;0
1427;782.01;50;0.08;1;0
1428;713.59;50;0.08;1;0
1429;694.04;50;0.07;1;0
1430;723.36;50;0.07;1;0
1431;674.49;50;0.07;1;0
1432;645.16;50;0.07;1;0
1433;635.39;50;0.06;1;0
1434;557.18;50;0.06;1;0
1435;635.39;50;0.06;1;0
1436;606.06;50;0.06;1;0
1437;635.39;50;0.06;1;0
1438;596.29;50;0.06;1;0
1439;566.96;50;0.06;1;0
1440;576.74;50;0.06;1;0
1441;547.41;50;0.06;1;0
1442;606.06;50;0.05;1;0
1443;586.51;50;0.06;1;0
1444;576.74;50;0.06;1;0
1445;547.41;50;0.06;1;0
1446;576.74;50;0.05;1;0
1447;596.29;50;0.06;1;0
1448;606.06;50;0.06;1;0
1449;508.31;50;0.06;1;0
1450;586.51;50;0.05;1;0
1451;654.94;50;0.06;1;0
1452;606.06;50;0.07;1;0
1453;615.84;50;0.06;1;0
1454;606.06;50;0.06;1;0
1455;576.74;50;0.06;1;0
1456;596.29;50;0.06;1;0
1457;635.39;50;0.06;1;0
1458;606.06;50;0.06;1;0
1459;596.29;50;0.06;1;0
1460;586.51;50;0.06;1;0
1461;576.74;50;0.06;1;0
1462;586.51;50;0.06;1;0
1463;566.96;50;0.06;1;0
1464;566.96;50;0.06;1;0
1465;547.41;50;0.06;1;0
1466;606.06;50;0.05;1;0
1467;576.74;50;0.06;1;0
1468;537.63;50;0.06;1;0
1469;576.74;50;0.05;1;0
1470;606.06;50;0.06;1;0
1471;576.74;50;0.06;1;0
1472;537.63;50;0.06;1;0
1473;596.29;50;0.05;1;0
1474;508.31;50;0.06;1;0
1475;547.41;50;0.05;1;0
1476;527.86;50;0.05;1;0
1477;615.84;50;0.05;1;0
1478;576.74;50;0.06;1;0
1479;557.18;50;0.06;1;0
1480;596.29;50;0.06;1;0
1481;566.96;50;0.06;1;0
1482;615.84;50;0.06;1;0
1483;606.06;50;0.06;1;0
1484;537.63;50;0.06;1;0
1485;586.51;50;0.05;1;0
1486;537.63;50;0.06;1;0
1487;557.18;50;0.05;1;0
1488;645.16;50;0.06;1;0
1489;586.51;50;0.06;1;0
1490;684.26;50;0.06;1;0
1491;645.16;50;0.07;1;0
1492;615.84;50;0.06;1;0
1493;635.39;50;0.06;1;0
1494;576.74;50;0.06;1;0
1495;615.84;50;0.06;1;0
1496;586.51;50;0.06;1;0
1497;645.16;50;0.06;1;0
1498;645.16;50;0.06;1;0
1499;596.29;50;0.06;1;0
1500;586.51;50;0.06;1;0
1501;576.74;50;0.06;1;0
1502;606.06;50;0.06;1;0
1503;537.63;50;0.06;1;0
1504;615.84;50;0.05;1;0
1505;566.96;50;0.06;1;0
1506;645.16;50;0.06;1;0
1507;654.94;50;0.06;1;0
1508;586.51;50;0.07;1;0
1509;625.61;50;0.06;1;0
1510;684.26;50;0.06;1;0
1511;615.84;50;0.07;1;0
1512;684.26;50;0.06;1;0
1513;537.63;50;0.07;1;0
1514;635.39;50;0.05;1;0
1515;615.84;50;0.06;1;0
1516;606.06;50;0.06;1;0
1517;596.29;50;0.06;1;0
1518;625.61;50;0.06;1;0
1519;674.49;50;0.06;1;0
1520;654.94;50;0.07;1;0
1521;645.16;50;0.07;1;0
1522;703.81;50;0.06;1;0
1523;606.06;50;0.07;1;0
1524;703.81;50;0.06;1;0
1525;645.16;50;0.07;1;0
1526;664.71;50;0.06;1;0
1527;645.16;50;0.07;1;0
1528;703.81;50;0.06;1;0
1529;664.71;50;0.07;1;0
1530;654.94;50;0.07;1;0
1531;635.39;50;0.07;1;0
1532;713.59;50;0.06;1;0
1533;645.16;50;0.07;1;0
1534;654.94;50;0.06;1;0
1535;645.16;50;0.07;1;0
1536;606.06;50;0.06;1;0
1537;606.06;50;0.06;1;0
1538;645.16;50;0.06;1;0
1539;615.84;50;0.06;1;0
1540;615.84;50;0.06;1;0
1541;596.29;50;0.06;1;0
1542;586.51;50;0.06;1;0
1543;684.26;50;0.06;1;0
1544;645.16;50;0.07;1;0
1545;586.51;50;0.06;1;0
1546;635.39;50;0.06;1;0
1547;694.04;50;0.06;1;0
1548;645.16;50;0.07;1;0
1549;625.61;50;0.06;1;0
1550;664.71;50;0.06;1;0
1551;615.84;50;0.07;1;0
1552;547.41;50;0.06;1;0
1553;654.94;50;0.05;1;0
1554;586.51;50;0.07;1;0
1555;615.84;50;0.06;1;0
1556;586.51;50;0.06;1;0
1557;615.84;50;0.06;1;0
1558;557.18;50;0.06;1;0
1559;537.63;50;0.06;1;0
1560;596.29;50;0.05;1;0
1561;508.31;50;0.06;1;0
1562;478.98;50;0.05;1;0
1563;527.86;50;0.05;1;0
1564;527.86;50;0.05;1;0
1565;518.08;50;0.05;1;0
1566;576.74;50;0.05;1;0
1567;606.06;50;0.06;1;0
1568;527.86;50;0.06;1;0
1569;518.08;50;0.05;1;0
1570;537.63;50;0.05;1;0
1571;586.51;50;0.05;1;0
1572;547.41;50;0.06;1;0
1573;449.66;50;0.05;1;0
1574;410.56;50;0.04;1;0
1575;566.96;50;0.04;1;0
1576;547.41;50;0.06;1;0
1577;518.08;50;0.05;1;0
1578;566.96;50;0.05;1;0
1579;615.84;50;0.06;1;0
1580;557.18;50;0.06;1;0
1581;664.71;50;0.06;1;0
1582;606.06;50;0.07;1;0
1583;752.69;50;0.06;1;0
1584;566.96;50;0.08;1;0
1585;547.41;50;0.06;1;0
1586;606.06;50;0.05;1;0
1587;557.18;50;0.06;1;0
1588;547.41;50;0.06;1;0
1589;635.39;50;0.05;1;0
1590;596.29;50;0.06;1;0
1591;586.51;50;0.06;1;0
1592;615.84;50;0.06;1;0
1593;606.06;50;0.06;1;0
1594;537.63;50;0.06;1;0
1595;596.29;50;0.05;1;0
1596;557.18;50;0.06;1;0
1597;537.63;50;0.06;1;0
1598;527.86;50;0.05;1;0
1599;586.51;50;0.05;1;0
1600;557.18;50;0.06;1;0
1601;664.71;50;0.06;1;0
1602;635.39;50;0.07;1;0
1603;684.26;50;0.06;1;0
1604;694.04;50;0.07;1;0
1605;694.04;50;0.07;1;0
1606;654.94;50;0.07;1;0
1607;645.16;50;0.07;1;0
1608;674.49;50;0.06;1;0
1609;664.71;50;0.07;1;0
1610;684.26;50;0.07;1;0
1611;654.94;50;0.07;1;0
1612;684.26;50;0.07;1;0
1613;674.49;50;0.07;1;0
1614;674.49;50;0.07;1;0
1615;664.71;50;0.07;1;0
1616;625.61;50;0.07;1;0
1617;625.61;50;0.06;1;0
1618;645.16;50;0.06;1;0
1619;674.49;50;0.06;1;0
1620;645.16;50;0.07;1;0
1621;664.71;50;0.06;1;0
1622;684.26;50;0.07;1;0
1623;694.04;50;0.07;1;0
1624;674.49;50;0.07;1;0
1625;635.39;50;0.07;1;0
1626;694.04;50;0.06;1;0
1627;723.36;50;0.07;1;0
1628;703.81;50;0.07;1;0
1629;713.59;50;0.07;1;0
1630;654.94;50;0.07;1;0
1631;586.51;50;0.07;1;0
1632;645.16;50;0.06;1;0
1633;733.14;50;0.06;1;0
1634;703.81;50;0.07;1;0
1635;723.36;50;0.07;1;0
1636;625.61;50;0.07;1;0
1637;645.16;50;0.06;1;0
1638;723.36;50;0.06;1;0
1639;742.91;50;0.07;1;0
1640;694.04;50;0.07;1;0
1641;723.36;50;0.07;1;0
1642;664.71;50;0.07;1;0
1643;566.96;50;0.07;1;0
1644;703.81;50;0.06;1;0
1645;684.26;50;0.07;1;0
1646;694.04;50;0.07;1;0
1647;645.16;50;0.07;1;0
1648;664.71;50;0.06;1;0
1649;713.59;50;0.07;1;0
1650;772.24;50;0.07;1;0
1651;684.26;50;0.08;1;0
1652;645.16;50;0.07;1;0
1653;713.59;50;0.06;1;0
1654;664.71;50;0.07;1;0
1655;791.79;50;0.07;1;0
1656;742.91;50;0.08;1;0
1657;684.26;50;0.07;1;0
1658;703.81;50;0.07;1;0
1659;694.04;50;0.07;1;0
1660;713.59;50;0.07;1;0
1661;762.46;50;0.07;1;0
1662;694.04;50;0.08;1;0
1663;713.59;50;0.07;1;0
1664;664.71;50;0.07;1;0
1665;674.49;50;0.07;1;0
1666;703.81;50;0.07;1;0
1667;713.59;50;0.07;1;0
1668;645.16;50;0.07;1;0
1669;645.16;50;0.06;1;0
1670;694.04;50;0.06;1;0
1671;674.49;50;0.07;1;0
1672;664.71;50;0.07;1;0
1673;684.26;50;0.07;1;0
1674;606.06;50;0.07;1;0
1675;723.36;50;0.06;1;0
1676;625.61;50;0.07;1;0
1677;635.39;50;0.06;1;0
1678;596.29;50;0.06;1;0
1679;547.41;50;0.06;1;0
1680;547.41;50;0.05;1;0
1681;606.06;50;0.05;1;0
1682;596.29;50;0.06;1;0
1683;606.06;50;0.06;1;0
1684;635.39;50;0.06;1;0
1685;586.51;50;0.06;1;0
1686;635.39;50;0.06;1;0
1687;615.84;50;0.06;1;0
1688;586.51;50;0.06;1;0
1689;557.18;50;0.06;1;0
1690;645.16;50;0.06;1;0
1691;557.18;50;0.06;1;0
1692;518.08;50;0.06;1;0
1693;557.18;50;0.05;1;0
1694;586.51;50;0.06;1;0
1695;498.53;50;0.06;1;0
1696;654.94;50;0.05;1;0
1697;459.43;50;0.07;1;0
1698;469.21;50;0.05;1;0
1699;498.53;50;0.05;1;0
1700;576.74;50;0.05;1;0
1701;518.08;50;0.06;1;0
1702;586.51;50;0.05;1;0
1703;586.51;50;0.06;1;0
1704;596.29;50;0.06;1;0
1705;606.06;50;0.06;1;0
1706;606.06;50;0.06;1;0
1707;518.08;50;0.06;1;0
1708;615.84;50;0.05;1;0
1709;527.86;50;0.06;1;0
1710;557.18;50;0.05;1;0
1711;576.74;50;0.06;1;0
1712;606.06;50;0.06;1;0
1713;645.16;50;0.06;1;0
1714;674.49;50;0.06;1;0
1715;566.96;50;0.07;1;0
1716;606.06;50;0.06;1;0
1717;664.71;50;0.06;1;0
1718;635.39;50;0.07;1;0
1719;576.74;50;0.06;1;0
1720;576.74;50;0.06;1;0
1721;596.29;50;0.06;1;0
1722;694.04;50;0.06;1;0
1723;684.26;50;0.07;1;0
1724;684.26;50;0.07;1;0
1725;654.94;50;0.07;1;0
1726;703.81;50;0.07;1;0
1727;694.04;50;0.07;1;0
1728;674.49;50;0.07;1;0
1729;703.81;50;0.07;1;0
1730;752.69;50;0.07;1;0
1731;713.59;50;0.08;1;0
1732;742.91;50;0.07;1;0
1733;635.39;50;0.07;1;0
1734;762.46;50;0.06;1;0
1735;811.34;50;0.08;1;0
1736;703.81;50;0.08;1;0
1737;713.59;50;0.07;1;0
1738;733.14;50;0.07;1;0
1739;713.59;50;0.07;1;0
1740;782.01;50;0.07;1;0
1741;772.24;50;0.08;1;0
1742;713.59;50;0.08;1;0
1743;684.26;50;0.07;1;0
1744;811.34;50;0.07;1;0
1745;791.79;50;0.08;1;0
1746;733.14;50;0.08;1;0
1747;674.49;50;0.07;1;0
1748;772.24;50;0.07;1;0
1749;742.91;50;0.08;1;0
1750;762.46;50;0.07;1;0
1751;723.36;50;0.08;1;0
1752;733.14;50;0.07;1;0
1753;742.91;50;0.07;1;0
1754;821.11;50;0.07;1;0
1755;782.01;50;0.08;1;0
1756;752.69;50;0.08;1;0
1757;684.26;50;0.08;1;0
1758;742.91;50;0.07;1;0
1759;713.59;50;0.07;1;0
1760;723.36;50;0.07;1;0
1761;772.24;50;0.07;1;0
1762;733.14;50;0.08;1;0
1763;723.36;50;0.07;1;0
1764;752.69;50;0.07;1;0
1765;762.46;50;0.08;1;0
1766;733.14;50;0.08;1;0
1767;684.26;50;0.07;1;0
1768;742.91;50;0.07;1;0
1769;703.81;50;0.07;1;0
1770;703.81;50;0.07;1;0
1771;713.59;50;0.07;1;0
1772;664.71;50;0.07;1;0
1773;645.16;50;0.07;1;0
1774;713.59;50;0.06;1;0
1775;664.71;50;0.07;1;0
1776;703.81;50;0.07;1;0
1777;664.71;50;0.07;1;0
1778;782.01;50;0.07;1;0
1779;654.94;50;0.08;1;0
1780;664.71;50;0.07;1;0
1781;694.04;50;0.07;1;0
1782;713.59;50;0.07;1;0
1783;635.39;50;0.07;1;0
1784;645.16;50;0.06;1;0
1785;615.84;50;0.06;1;0
1786;576.74;50;0.06;1;0
1787;586.51;50;0.06;1;0
1788;615.84;50;0.06;1;0
1789;654.94;50;0.06;1;0
1790;625.61;50;0.07;1;0
1791;527.86;50;0.06;1;0
1792;547.41;50;0.05;1;0
1793;596.29;50;0.05;1;0
1794;537.63;50;0.06;1;0
1795;508.31;50;0.05;1;0
1796;566.96;50;0.05;1;0
1797;566.96;50;0.06;1;0
1798;615.84;50;0.06;1;0
1799;586.51;50;0.06;1;0
1800;606.06;50;0.06;1;0
1801;488.76;50;0.06;1;0
1802;508.31;50;0.05;1;0
1803;478.98;50;0.05;1;0
1804;488.76;50;0.05;1;0
1805;596.29;50;0.05;1;0
1806;586.51;50;0.06;1;0
1807;498.53;50;0.06;1;0
1808;537.63;50;0.05;1;0
1809;547.41;50;0.05;1;0
1810;488.76;50;0.05;1;0
1811;488.76;50;0.05;1;0
1812;566.96;50;0.05;1;0
1813;518.08;50;0.06;1;0
1814;557.18;50;0.05;1;0
1815;459.43;50;0.06;1;0
1816;566.96;50;0.05;1;0
1817;469.21;50;0.06;1;0
1818;547.41;50;0.05;1;0
1819;508.31;50;0.05;1;0
1820;459.43;50;0.05;1;0
1821;488.76;50;0.05;1;0
1822;654.94;50;0.05;1;0
1823;537.63;50;0.07;1;0
1824;576.74;50;0.05;1;0
1825;596.29;50;0.06;1;0
1826;527.86;50;0.06;1;0
1827;527.86;50;0.05;1;0
1828;566.96;50;0.05;1;0
1829;508.31;50;0.06;1;0
1830;635.39;50;0.05;1;0
1831;586.51;50;0.06;1;0
1832;518.08;50;0.06;1;0
1833;576.74;50;0.05;1;0
1834;557.18;50;0.06;1;0
1835;547.41;50;0.06;1;0
1836;547.41;50;0.05;1;0
1837;576.74;50;0.05;1;0
1838;586.51;50;0.06;1;0
1839;606.06;50;0.06;1;0
1840;566.96;50;0.06;1;0
1841;557.18;50;0.06;1;0
1842;566.96;50;0.06;1;0
1843;606.06;50;0.06;1;0
1844;596.29;50;0.06;1;0
1845;586.51;50;0.06;1;0
1846;586.51;50;0.06;1;0
1847;645.16;50;0.06;1;0
1848;566.96;50;0.06;1;0
1849;625.61;50;0.06;1;0
1850;635.39;50;0.06;1;0
1851;645.16;50;0.06;1;0
1852;606.06;50;0.06;1;0
1853;635.39;50;0.06;1;0
1854;606.06;50;0.06;1;0
1855;635.39;50;0.06;1;0
1856;615.84;50;0.06;1;0
1857;635.39;50;0.06;1;0
1858;664.71;50;0.06;1;0
1859;654.94;50;0.07;1;0
1860;596.29;50;0.07;1;0
1861;547.41;50;0.06;1;0
1862;508.31;50;0.05;1;0
1863;537.63;50;0.05;1;0
1864;537.63;50;0.05;1;0
1865;527.86;50;0.05;1;0
1866;488.76;50;0.05;1;0
1867;664.71;50;0.05;1;0
1868;508.31;50;0.07;1;0
1869;459.43;50;0.05;1;0
1870;459.43;50;0.05;1;0
1871;469.21;50;0.05;1;0
1872;469.21;50;0.05;1;0
1873;488.76;50;0.05;1;0
1874;498.53;50;0.05;1;0
1875;508.31;50;0.05;1;0
1876;478.98;50;0.05;1;0
1877;478.98;50;0.05;1;0
1878;566.96;50;0.05;1;0
1879;449.66;50;0.06;1;0
1880;664.71;50;0.04;1;0
1881;547.41;50;0.07;1;0
1882;508.31;50;0.05;1;0
1883;547.41;50;0.05;1;0
1884;547.41;50;0.05;1;0
1885;596.29;50;0.05;1;0
1886;762.46;50;0.06;1;0
1887;654.94;50;0.08;1;0
1888;684.26;50;0.07;1;0
1889;733.14;50;0.07;1;0
1890;713.59;50;0.07;1;0
1891;752.69;50;0.07;1;0
1892;772.24;50;0.08;1;0
1893;733.14;50;0.08;1;0
1894;703.81;50;0.07;1;0
1895;684.26;50;0.07;1;0
1896;782.01;50;0.07;1;0
1897;703.81;50;0.08;1;0
1898;674.49;50;0.07;1;0
1899;811.34;50;0.07;1;0
1900;762.46;50;0.08;1;0
1901;782.01;50;0.08;1;0
1902;918.87;50;0.08;1;0
1903;762.46;50;0.09;1;0
1904;811.34;50;0.08;1;0
1905;967.74;50;0.08;1;0
1906;723.36;50;0.10;1;0
1907;791.79;50;0.07;1;0
1908;840.66;50;0.08;1;0
1909;801.56;50;0.08;1;0
1910;723.36;50;0.08;1;0
1911;811.34;50;0.07;1;0
1912;782.01;50;0.08;1;0
1913;909.09;50;0.08;1;0
1914;713.59;50;0.09;1;0
1915;752.69;50;0.07;1;0
1916;762.46;50;0.08;1;0
1917;830.89;50;0.08;1;0
1918;791.79;50;0.08;1;0
1919;811.34;50;0.08;1;0
1920;772.24;50;0.08;1;0
1921;840.66;50;0.08;1;0
1922;772.24;50;0.08;1;0
1923;752.69;50;0.08;1;0
1924;811.34;50;0.08;1;0
1925;703.81;50;0.08;1;0
1926;713.59;50;0.07;1;0
1927;733.14;50;0.07;1;0
1928;772.24;50;0.07;1;0
1929;821.11;50;0.08;1;0
1930;694.04;50;0.08;1;0
1931;782.01;50;0.07;1;0
1932;879.77;50;0.08;1;0
1933;762.46;50;0.09;1;0
1934;733.14;50;0.08;1;0
1935;684.26;50;0.07;1;0
1936;821.11;50;0.07;1;0
1937;576.74;50;0.08;1;0
1938;703.81;50;0.06;1;0
1939;684.26;50;0.07;1;0
1940;654.94;50;0.07;1;0
1941;703.81;50;0.07;1;0
1942;654.94;50;0.07;1;0
1943;625.61;50;0.07;1;0
1944;801.56;50;0.06;1;0
1945;752.69;50;0.08;1;0
1946;811.34;50;0.08;1;0
1947;645.16;50;0.08;1;0
1948;723.36;50;0.06;1;0
1949;703.81;50;0.07;1;0
1950;762.46;50;0.07;1;0
1951;703.81;50;0.08;1;0
1952;723.36;50;0.07;1;0
1953;713.59;50;0.07;1;0
1954;664.71;50;0.07;1;0
1955;694.04;50;0.07;1;0
1956;645.16;50;0.07;1;0
1957;713.59;50;0.06;1;0
1958;684.26;50;0.07;1;0
1959;694.04;50;0.07;1;0
1960;723.36;50;0.07;1;0
1961;654.94;50;0.07;1;0
1962;645.16;50;0.07;1;0
1963;654.94;50;0.06;1;0
1964;615.84;50;0.07;1;0
1965;664.71;50;0.06;1;0
1966;674.49;50;0.07;1;0
1967;723.36;50;0.07;1;0
1968;645.16;50;0.07;1;0
1969;615.84;50;0.06;1;0
1970;684.26;50;0.06;1;0
1971;645.16;50;0.07;1;0
1972;684.26;50;0.06;1;0
1973;654.94;50;0.07;1;0
1974;664.71;50;0.07;1;0
1975;654.94;50;0.07;1;0
1976;654.94;50;0.07;1;0
1977;684.26;50;0.07;1;0
1978;674.49;50;0.07;1;0
1979;654.94;50;0.07;1;0
1980;635.39;50;0.07;1;0
1981;645.16;50;0.06;1;0
1982;606.06;50;0.06;1;0
1983;606.06;50;0.06;1;0
1984;625.61;50;0.06;1;0
1985;596.29;50;0.06;1;0
1986;645.16;50;0.06;1;0
1987;664.71;50;0.06;1;0
1988;566.96;50;0.07;1;0
1989;635.39;50;0.06;1;0
1990;664.71;50;0.06;1;0
1991;674.49;50;0.07;1;0
1992;684.26;50;0.07;1;0
1993;742.91;50;0.07;1;0
1994;674.49;50;0.07;1;0
1995;645.16;50;0.07;1;0
1996;684.26;50;0.06;1;0
1997;596.29;50;0.07;1;0
1998;645.16;50;0.06;1;0
1999;596.29;50;0.06;1;0
2000;606.06;50;0.06;1;0
2001;596.29;50;0.06;1;0
2002;596.29;50;0.06;1;0
2003;557.18;50;0.06;1;0
2004;596.29;50;0.06;1;0
2005;547.41;50;0.06;1;0
2006;537.63;50;0.05;1;0
2007;518.08;50;0.05;1;0
2008;469.21;50;0.05;1;0
2009;576.74;50;0.05;1;0
2010;508.31;50;0.06;1;0
2011;606.06;50;0.05;1;0
2012;518.08;50;0.06;1;0
2013;527.86;50;0.05;1;0
2014;547.41;50;0.05;1;0
2015;518.08;50;0.05;1;0
2016;527.86;50;0.05;1;0
2017;537.63;50;0.05;1;0
2018;508.31;50;0.05;1;0
2019;557.18;50;0.05;1;0
2020;586.51;50;0.06;1;0
2021;576.74;50;0.06;1;0
2022;566.96;50;0.06;1;0
2023;527.86;50;0.06;1;0
2024;586.51;50;0.05;1;0
2025;557.18;50;0.06;1;0
2026;645.16;50;0.06;1;0
2027;537.63;50;0.06;1;0
2028;625.61;50;0.05;1;0
2029;625.61;50;0.06;1;0
2030;723.36;50;0.06;1;0
2031;625.61;50;0.07;1;0
2032;557.18;50;0.06;1;0
2033;606.06;50;0.06;1;0
2034;664.71;50;0.06;1;0
2035;664.71;50;0.07;1;0
2036;645.16;50;0.07;1;0
2037;606.06;50;0.06;1;0
2038;635.39;50;0.06;1;0
2039;606.06;50;0.06;1;0
2040;635.39;50;0.06;1;0
2041;635.39;50;0.06;1;0
2042;664.71;50;0.06;1;0
2043;606.06;50;0.07;1;0
2044;684.26;50;0.06;1;0
2045;654.94;50;0.07;1;0
2046;635.39;50;0.07;1;0
2047;645.16;50;0.06;1;0
2048;674.49;50;0.06;1;0
2049;645.16;50;0.07;1;0
2050;703.81;50;0.06;1;0
2051;703.81;50;0.07;1;0
2052;703.81;50;0.07;1;0
2053;674.49;50;0.07;1;0
2054;694.04;50;0.07;1;0
2055;674.49;50;0.07;1;0
2056;723.36;50;0.07;1;0
2057;713.59;50;0.07;1;0
2058;733.14;50;0.07;1;0
2059;713.59;50;0.07;1;0
2060;713.59;50;0.07;1;0
2061;674.49;50;0.07;1;0
2062;762.46;50;0.07;1;0
2063;645.16;50;0.08;1;0
2064;733.14;50;0.06;1;0
2065;723.36;50;0.07;1;0
2066;625.61;50;0.07;1;0
2067;713.59;50;0.06;1;0
2068;684.26;50;0.07;1;0
2069;742.91;50;0.07;1;0
2070;713.59;50;0.07;1;0
2071;723.36;50;0.07;1;0
2072;684.26;50;0.07;1;0
2073;762.46;50;0.07;1;0
2074;703.81;50;0.08;1;0
2075;752.69;50;0.07;1;0
2076;713.59;50;0.08;1;0
2077;821.11;50;0.07;1;0
2078;733.14;50;0.08;1;0
2079;742.91;50;0.07;1;0
2080;742.91;50;0.07;1;0
2081;742.91;50;0.07;1;0
2082;782.01;50;0.07;1;0
2083;742.91;50;0.08;1;0
2084;703.81;50;0.07;1;0
2085;782.01;50;0.07;1;0
2086;762.46;50;0.08;1;0
2087;713.59;50;0.08;1;0
2088;742.91;50;0.07;1;0
2089;733.14;50;0.07;1;0
2090;694.04;50;0.07;1;0
2091;713.59;50;0.07;1;0
2092;713.59;50;0.07;1;0
2093;723.36;50;0.07;1;0
2094;723.36;50;0.07;1;0
2095;694.04;50;0.07;1;0
2096;694.04;50;0.07;1;0
2097;586.51;50;0.07;1;0
2098;625.61;50;0.06;1;0
2099;762.46;50;0.06;1;0
2100;713.59;50;0.08;1;0
2101;703.81;50;0.07;1;0
2102;703.81;50;0.07;1;0
2103;733.14;50;0.07;1;0
2104;869.99;50;0.07;1;0
2105;762.46;50;0.09;1;0
2106;821.11;50;0.08;1;0
2107;742.91;50;0.08;1;0
2108;723.36;50;0.07;1;0
2109;850.44;50;0.07;1;0
2110;801.56;50;0.09;1;0
2111;654.94;50;0.08;1;0
2112;772.24;50;0.07;1;0
2113;723.36;50;0.08;1;0
2114;791.79;50;0.07;1;0
2115;664.71;50;0.08;1;0
2116;674.49;50;0.07;1;0
2117;645.16;50;0.07;1;0
2118;645.16;50;0.06;1;0
2119;684.26;50;0.06;1;0
2120;606.06;50;0.07;1;0
2121;615.84;50;0.06;1;0
2122;664.71;50;0.06;1;0
2123;615.84;50;0.07;1;0
2124;645.16;50;0.06;1;0
2125;684.26;50;0.06;1;0
2126;694.04;50;0.07;1;0
2127;723.36;50;0.07;1;0
2128;791.79;50;0.07;1;0
2129;752.69;50;0.08;1;0
2130;733.14;50;0.08;1;0
2131;791.79;50;0.07;1;0
2132;703.81;50;0.08;1;0
2133;674.49;50;0.07;1;0
2134;742.91;50;0.07;1;0
2135;674.49;50;0.07;1;0
2136;772.24;50;0.07;1;0
2137;762.46;50;0.08;1;0
2138;733.14;50;0.08;1;0
2139;752.69;50;0.07;1;0
2140;664.71;50;0.08;1;0
2141;703.81;50;0.07;1;0
2142;654.94;50;0.07;1;0
2143;742.91;50;0.07;1;0
2144;596.29;50;0.07;1;0
2145;713.59;50;0.06;1;0
2146;625.61;50;0.07;1;0
2147;713.59;50;0.06;1;0
2148;645.16;50;0.07;1;0
2149;694.04;50;0.06;1;0
2150;635.39;50;0.07;1;0
2151;664.71;50;0.06;1;0
2152;635.39;50;0.07;1;0
2153;703.81;50;0.06;1;0
2154;596.29;50;0.07;1;0
2155;557.18;50;0.06;1;0
2156;527.86;50;0.06;1;0
2157;625.61;50;0.05;1;0
2158;664.71;50;0.06;1;0
2159;645.16;50;0.07;1;0
2160;596.29;50;0.06;1;0
2161;606.06;50;0.06;1;0
2162;498.53;50;0.06;1;0
2163;645.16;50;0.05;1;0
2164;635.39;50;0.06;1;0
2165;576.74;50;0.06;1;0
2166;596.29;50;0.06;1;0
2167;576.74;50;0.06;1;0
2168;557.18;50;0.06;1;0
2169;566.96;50;0.06;1;0
2170;566.96;50;0.06;1;0
2171;615.84;50;0.06;1;0
2172;576.74;50;0.06;1;0
2173;645.16;50;0.06;1;0
2174;586.51;50;0.06;1;0
2175;596.29;50;0.06;1;0
2176;478.98;50;0.06;1;0
2177;635.39;50;0.05;1;0
2178;723.36;50;0.06;1;0
2179;576.74;50;0.07;1;0
2180;576.74;50;0.06;1;0
2181;625.61;50;0.06;1;0
2182;645.16;50;0.06;1;0
2183;557.18;50;0.06;1;0
2184;518.08;50;0.06;1;0
2185;518.08;50;0.05;1;0
2186;439.88;50;0.05;1;0
2187;459.43;50;0.04;1;0
2188;527.86;50;0.05;1;0
2189;635.39;50;0.05;1;0
2190;547.41;50;0.06;1;0
2191;664.71;50;0.05;1;0
2192;537.63;50;0.07;1;0
2193;645.16;50;0.05;1;0
2194;635.39;50;0.06;1;0
2195;674.49;50;0.06;1;0
2196;684.26;50;0.07;1;0
2197;654.94;50;0.07;1;0
2198;684.26;50;0.07;1;0
2199;664.71;50;0.07;1;0
2200;654.94;50;0.07;1;0
2201;694.04;50;0.07;1;0
2202;664.71;50;0.07;1;0
2203;703.81;50;0.07;1;0
2204;703.81;50;0.07;1;0
2205;664.71;50;0.07;1;0
2206;723.36;50;0.07;1;0
2207;615.84;50;0.07;1;0
2208;596.29;50;0.06;1;0
2209;664.71;50;0.06;1;0
2210;625.61;50;0.07;1;0
2211;557.18;50;0.06;1;0
2212;576.74;50;0.06;1;0
2213;498.53;50;0.06;1;0
2214;625.61;50;0.05;1;0
2215;664.71;50;0.06;1;0
2216;615.84;50;0.07;1;0
2217;654.94;50;0.06;1;0
2218;674.49;50;0.07;1;0
2219;557.18;50;0.07;1;0
2220;576.74;50;0.06;1;0
2221;547.41;50;0.06;1;0
2222;615.84;50;0.05;1;0
2223;606.06;50;0.06;1;0
2224;606.06;50;0.06;1;0
2225;625.61;50;0.06;1;0
2226;557.18;50;0.06;1;0
2227;684.26;50;0.06;1;0
2228;713.59;50;0.07;1;0
2229;645.16;50;0.07;1;0
2230;635.39;50;0.06;1;0
2231;742.91;50;0.06;1;0
2232;664.71;50;0.07;1;0
2233;625.61;50;0.07;1;0
2234;606.06;50;0.06;1;0
2235;625.61;50;0.06;1;0
2236;645.16;50;0.06;1;0
2237;684.26;50;0.06;1;0
2238;625.61;50;0.07;1;0
2239;664.71;50;0.06;1;0
2240;684.26;50;0.07;1;0
2241;596.29;50;0.07;1;0
2242;713.59;50;0.06;1;0
2243;674.49;50;0.07;1;0
2244;654.94;50;0.07;1;0
2245;625.61;50;0.07;1;0
2246;566.96;50;0.06;1;0
2247;625.61;50;0.06;1;0
2248;606.06;50;0.06;1;0
2249;635.39;50;0.06;1;0
2250;635.39;50;0.06;1;0
2251;557.18;50;0.06;1;0
2252;625.61;50;0.06;1;0
2253;566.96;50;0.06;1;0
2254;606.06;50;0.06;1;0
2255;664.71;50;0.06;1;0
2256;547.41;50;0.07;1;0
2257;557.18;50;0.05;1;0
2258;518.08;50;0.06;1;0
2259;576.74;50;0.05;1;0
2260;547.41;50;0.06;1;0
2261;557.18;50;0.05;1;0
2262;586.51;50;0.06;1;0
2263;557.18;50;0.06;1;0
2264;537.63;50;0.06;1;0
2265;508.31;50;0.05;1;0
2266;508.31;50;0.05;1;0
2267;508.31;50;0.05;1;0
2268;527.86;50;0.05;1;0
2269;518.08;50;0.05;1;0
2270;527.86;50;0.05;1;0
2271;508.31;50;0.05;1;0
2272;566.96;50;0.05;1;0
2273;566.96;50;0.06;1;0
2274;508.31;50;0.06;1;0
2275;478.98;50;0.05;1;0
2276;420.33;50;0.05;1;0
2277;488.76;50;0.04;1;0
2278;518.08;50;0.05;1;0
2279;449.66;50;0.05;1;0
2280;439.88;50;0.04;1;0
2281;420.33;50;0.04;1;0
2282;410.56;50;0.04;1;0
2283;430.11;50;0.04;1;0
2284;430.11;50;0.04;1;0
2285;400.78;50;0.04;1;0
2286;410.56;50;0.04;1;0
2287;400.78;50;0.04;1;0
2288;430.11;50;0.04;1;0
2289;430.11;50;0.04;1;0
2290;420.33;50;0.04;1;0
2291;410.56;50;0.04;1;0
2292;342.13;50;0.04;1;0
2293;400.78;50;0.03;1;0
2294;410.56;50;0.04;1;0
2295;400.78;50;0.04;1;0
2296;420.33;50;0.04;1;0
2297;439.88;50;0.04;1;0
2298;439.88;50;0.04;1;0
2299;361.68;50;0.04;1;0
2300;391.01;50;0.04;1;0
2301;371.46;50;0.04;1;0
2302;420.33;50;0.04;1;0
2303;342.13;50;0.04;1;0
2304;420.33;50;0.03;1;0
2305;391.01;50;0.04;1;0
2306;449.66;50;0.04;1;0
2307;322.58;50;0.04;1;0
2308;381.23;50;0.03;1;0
2309;430.11;50;0.04;1;0
2310;381.23;50;0.04;1;0
2311;332.36;50;0.04;1;0
2312;391.01;50;0.03;1;0
2313;439.88;50;0.04;1;0
2314;400.78;50;0.04;1;0
2315;459.43;50;0.04;1;0
2316;478.98;50;0.05;1;0
2317;508.31;50;0.05;1;0
2318;508.31;50;0.05;1;0
2319;478.98;50;0.05;1;0
2320;488.76;50;0.05;1;0
2321;566.96;50;0.05;1;0
2322;459.43;50;0.06;1;0
2323;576.74;50;0.05;1;0
2324;586.51;50;0.06;1;0
2325;566.96;50;0.06;1;0
2326;586.51;50;0.06;1;0
2327;527.86;50;0.06;1;0
2328;625.61;50;0.05;1;0
2329;606.06;50;0.06;1;0
2330;635.39;50;0.06;1;0
2331;547.41;50;0.06;1;0
2332;615.84;50;0.05;1;0
2333;596.29;50;0.06;1;0
2334;615.84;50;0.06;1;0
2335;557.18;50;0.06;1;0
2336;615.84;50;0.06;1;0
2337;566.96;50;0.06;1;0
2338;645.16;50;0.06;1;0
2339;527.86;50;0.06;1;0
2340;615.84;50;0.05;1;0
2341;596.29;50;0.06;1;0
2342;694.04;50;0.06;1;0
2343;586.51;50;0.07;1;0
2344;566.96;50;0.06;1;0
2345;566.96;50;0.06;1;0
2346;606.06;50;0.06;1;0
2347;606.06;50;0.06;1;0
2348;694.04;50;0.06;1;0
2349;615.84;50;0.07;1;0
2350;694.04;50;0.06;1;0
2351;635.39;50;0.07;1;0
2352;684.26;50;0.06;1;0
2353;625.61;50;0.07;1;0
2354;664.71;50;0.06;1;0
2355;635.39;50;0.07;1;0
2356;713.59;50;0.06;1;0
2357;615.84;50;0.07;1;0
2358;615.84;50;0.06;1;0
2359;596.29;50;0.06;1;0
2360;645.16;50;0.06;1;0
2361;615.84;50;0.06;1;0
2362;664.71;50;0.06;1;0
2363;557.18;50;0.07;1;0
2364;635.39;50;0.06;1;0
2365;596.29;50;0.06;1;0
2366;684.26;50;0.06;1;0
2367;606.06;50;0.07;1;0
2368;635.39;50;0.06;1;0
2369;596.29;50;0.06;1;0
2370;596.29;50;0.06;1;0
2371;557.18;50;0.06;1;0
2372;566.96;50;0.06;1;0
2373;586.51;50;0.06;1;0
2374;635.39;50;0.06;1;0
2375;645.16;50;0.06;1;0
2376;596.29;50;0.06;1;0
2377;586.51;50;0.06;1;0
2378;625.61;50;0.06;1;0
2379;576.74;50;0.06;1;0
2380;694.04;50;0.06;1;0
2381;557.18;50;0.07;1;0
2382;684.26;50;0.06;1;0
2383;586.51;50;0.07;1;0
2384;635.39;50;0.06;1;0
2385;566.96;50;0.06;1;0
2386;596.29;50;0.06;1;0
2387;537.63;50;0.06;1;0
2388;576.74;50;0.05;1;0
2389;586.51;50;0.06;1;0
2390;615.84;50;0.06;1;0
2391;576.74;50;0.06;1;0
2392;537.63;50;0.06;1;0
2393;615.84;50;0.05;1;0
2394;615.84;50;0.06;1;0
2395;606.06;50;0.06;1;0
2396;586.51;50;0.06;1;0
2397;606.06;50;0.06;1;0
2398;606.06;50;0.06;1;0
2399;518.08;50;0.06;1;0
2400;635.39;50;0.05;1;0
2401;566.96;50;0.06;1;0
2402;557.18;50;0.06;1;0
2403;596.29;50;0.06;1;0
2404;645.16;50;0.06;1;0
2405;566.96;50;0.06;1;0
2406;537.63;50;0.06;1;0
2407;586.51;50;0.05;1;0
2408;606.06;50;0.06;1;0
2409;527.86;50;0.06;1;0
2410;518.08;50;0.05;1;0
2411;488.76;50;0.05;1;0
2412;537.63;50;0.05;1;0
2413;527.86;50;0.05;1;0
2414;498.53;50;0.05;1;0
2415;625.61;50;0.05;1;0
2416;625.61;50;0.06;1;0
2417;625.61;50;0.06;1;0
2418;557.18;50;0.06;1;0
2419;576.74;50;0.06;1;0
2420;557.18;50;0.06;1;0
2421;576.74;50;0.06;1;0
2422;576.74;50;0.06;1;0
2423;625.61;50;0.06;1;0
2424;547.41;50;0.06;1;0
2425;547.41;50;0.05;1;0
2426;498.53;50;0.05;1;0
2427;478.98;50;0.05;1;0
2428;508.31;50;0.05;1;0
2429;459.43;50;0.05;1;0
2430;518.08;50;0.05;1;0
2431;498.53;50;0.05;1;0
2432;606.06;50;0.05;1;0
2433;527.86;50;0.06;1;0
2434;527.86;50;0.05;1;0
2435;547.41;50;0.05;1;0
2436;625.61;50;0.05;1;0
2437;478.98;50;0.06;1;0
2438;410.56;50;0.05;1;0
2439;615.84;50;0.04;1;0
2440;566.96;50;0.06;1;0
2441;566.96;50;0.06;1;0
2442;537.63;50;0.06;1;0
2443;527.86;50;0.05;1;0
2444;576.74;50;0.05;1;0
2445;566.96;50;0.06;1;0
2446;518.08;50;0.06;1;0
2447;596.29;50;0.05;1;0
2448;537.63;50;0.06;1;0
2449;606.06;50;0.05;1;0
2450;635.39;50;0.06;1;0
2451;664.71;50;0.06;1;0
2452;537.63;50;0.07;1;0
2453;654.94;50;0.05;1;0
2454;586.51;50;0.07;1;0
2455;576.74;50;0.06;1;0
2456;596.29;50;0.06;1;0
2457;694.04;50;0.06;1;0
2458;596.29;50;0.07;1;0
2459;664.71;50;0.06;1;0
2460;586.51;50;0.07;1;0
2461;576.74;50;0.06;1;0
2462;566.96;50;0.06;1;0
2463;537.63;50;0.06;1;0
2464;586.51;50;0.05;1;0
2465;625.61;50;0.06;1;0
2466;576.74;50;0.06;1;0
2467;547.41;50;0.06;1;0
2468;596.29;50;0.05;1;0
2469;606.06;50;0.06;1;0
2470;596.29;50;0.06;1;0
2471;635.39;50;0.06;1;0
2472;557.18;50;0.06;1;0
2473;606.06;50;0.06;1;0
2474;615.84;50;0.06;1;0
2475;547.41;50;0.06;1;0
2476;713.59;50;0.05;1;0
2477;596.29;50;0.07;1;0
2478;566.96;50;0.06;1;0
2479;586.51;50;0.06;1;0
2480;576.74;50;0.06;1;0
2481;596.29;50;0.06;1;0
2482;566.96;50;0.06;1;0
2483;527.86;50;0.06;1;0
2484;518.08;50;0.05;1;0
2485;557.18;50;0.05;1;0
2486;547.41;50;0.06;1;0
2487;654.94;50;0.05;1;0
2488;518.08;50;0.07;1;0
2489;645.16;50;0.05;1;0
2490;459.43;50;0.06;1;0
2491;508.31;50;0.05;1;0
2492;478.98;50;0.05;1;0
2493;527.86;50;0.05;1;0
2494;498.53;50;0.05;1;0
2495;576.74;50;0.05;1;0
2496;527.86;50;0.06;1;0
2497;547.41;50;0.05;1;0
2498;488.76;50;0.05;1;0
2499;576.74;50;0.05;1;0
2500;488.76;50;0.06;1;0
2501;586.51;50;0.05;1;0
2502;537.63;50;0.06;1;0
2503;498.53;50;0.05;1;0
2504;498.53;50;0.05;1;0
2505;420.33;50;0.05;1;0
2506;537.63;50;0.04;1;0
2507;459.43;50;0.05;1;0
2508;478.98;50;0.05;1;0
2509;488.76;50;0.05;1;0
2510;478.98;50;0.05;1;0
2511;420.33;50;0.05;1;0
2512;459.43;50;0.04;1;0
2513;391.01;50;0.05;1;0
2514;371.46;50;0.04;1;0
2515;430.11;50;0.04;1;0
2516;391.01;50;0.04;1;0
2517;391.01;50;0.04;1;0
2518;449.66;50;0.04;1;0
2519;381.23;50;0.04;1;0
2520;430.11;50;0.04;1;0
2521;430.11;50;0.04;1;0
2522;381.23;50;0.04;1;0
2523;391.01;50;0.04;1;0
2524;371.46;50;0.04;1;0
2525;361.68;50;0.04;1;0
2526;332.36;50;0.04;1;0
2527;371.46;50;0.03;1;0
2528;391.01;50;0.04;1;0
2529;342.13;50;0.04;1;0
2530;381.23;50;0.03;1;0
2531;351.91;50;0.04;1;0
2532;430.11;50;0.04;1;0
2533;391.01;50;0.04;1;0
2534;371.46;50;0.04;1;0
2535;391.01;50;0.04;1;0
2536;322.58;50;0.04;1;0
2537;283.48;50;0.03;1;0
2538;312.81;50;0.03;1;0
2539;430.11;50;0.03;1;0
2540;400.78;50;0.04;1;0
2541;400.78;50;0.04;1;0
2542;391.01;50;0.04;1;0
2543;351.91;50;0.04;1;0
2544;391.01;50;0.04;1;0
2545;371.46;50;0.04;1;0
2546;361.68;50;0.04;1;0
2547;342.13;50;0.04;1;0
2548;518.08;50;0.03;1;0
2549;469.21;50;0.05;1;0
2550;439.88;50;0.05;1;0
2551;420.33;50;0.04;1;0
2552;498.53;50;0.04;1;0
2553;439.88;50;0.05;1;0
2554;459.43;50;0.04;1;0
2555;420.33;50;0.05;1;0
2556;410.56;50;0.04;1;0
2557;430.11;50;0.04;1;0
2558;508.31;50;0.04;1;0
2559;449.66;50;0.05;1;0
2560;430.11;50;0.04;1;0
2561;400.78;50;0.04;1;0
2562;527.86;50;0.04;1;0
2563;488.76;50;0.05;1;0
2564;459.43;50;0.05;1;0
2565;488.76;50;0.05;1;0
2566;488.76;50;0.05;1;0
2567;478.98;50;0.05;1;0
2568;488.76;50;0.05;1;0
2569;449.66;50;0.05;1;0
2570;508.31;50;0.04;1;0
2571;557.18;50;0.05;1;0
2572;498.53;50;0.06;1;0
2573;537.63;50;0.05;1;0
2574;488.76;50;0.05;1;0
2575;488.76;50;0.05;1;0
2576;547.41;50;0.05;1;0
2577;488.76;50;0.05;1;0
2578;498.53;50;0.05;1;0
2579;498.53;50;0.05;1;0
2580;508.31;50;0.05;1;0
2581;469.21;50;0.05;1;0
2582;459.43;50;0.05;1;0
2583;459.43;50;0.05;1;0
2584;498.53;50;0.05;1;0
2585;527.86;50;0.05;1;0
2586;508.31;50;0.05;1;0
2587;508.31;50;0.05;1;0
2588;518.08;50;0.05;1;0
2589;469.21;50;0.05;1;0
2590;527.86;50;0.05;1;0
2591;459.43;50;0.05;1;0
2592;508.31;50;0.05;1;0
2593;518.08;50;0.05;1;0
2594;557.18;50;0.05;1;0
2595;478.98;50;0.06;1;0
2596;606.06;50;0.05;1;0
2597;615.84;50;0.06;1;0
2598;566.96;50;0.06;1;0
2599;547.41;50;0.06;1;0
2600;478.98;50;0.05;1;0
2601;459.43;50;0.05;1;0
2602;547.41;50;0.05;1;0
2603;488.76;50;0.05;1;0
2604;410.56;50;0.05;1;0
2605;527.86;50;0.04;1;0
2606;527.86;50;0.05;1;0
2607;498.53;50;0.05;1;0
2608;537.63;50;0.05;1;0
2609;508.31;50;0.05;1;0
2610;527.86;50;0.05;1;0
2611;547.41;50;0.05;1;0
2612;518.08;50;0.05;1;0
2613;566.96;50;0.05;1;0
2614;508.31;50;0.06;1;0
2615;469.21;50;0.05;1;0
2616;498.53;50;0.05;1;0
2617;469.21;50;0.05;1;0
2618;498.53;50;0.05;1;0
2619;449.66;50;0.05;1;0
2620;488.76;50;0.04;1;0
2621;400.78;50;0.05;1;0
2622;430.11;50;0.04;1;0
2623;449.66;50;0.04;1;0
2624;478.98;50;0.04;1;0
2625;459.43;50;0.05;1;0
2626;449.66;50;0.05;1;0
2627;469.21;50;0.04;1;0
2628;478.98;50;0.05;1;0
2629;410.56;50;0.05;1;0
2630;478.98;50;0.04;1;0
2631;459.43;50;0.05;1;0
2632;459.43;50;0.05;1;0
2633;430.11;50;0.05;1;0
2634;439.88;50;0.04;1;0
2635;410.56;50;0.04;1;0
2636;430.11;50;0.04;1;0
2637;430.11;50;0.04;1;0
2638;351.91;50;0.04;1;0
2639;391.01;50;0.04;1;0
2640;391.01;50;0.04;1;0
2641;400.78;50;0.04;1;0
2642;293.26;50;0.04;1;0
2643;391.01;50;0.03;1;0
2644;342.13;50;0.04;1;0
2645;351.91;50;0.03;1;0
2646;332.36;50;0.04;1;0
2647;361.68;50;0.03;1;0
2648;332.36;50;0.04;1;0
2649;312.81;50;0.03;1;0
2650;322.58;50;0.03;1;0
2651;361.68;50;0.03;1;0
2652;303.03;50;0.04;1;0
2653;361.68;50;0.03;1;0
2654;361.68;50;0.04;1;0
2655;224.83;50;0.04;1;0
2656;391.01;50;0.02;1;0
2657;244.38;50;0.04;1;0
2658;303.03;50;0.02;1;0
2659;391.01;50;0.03;1;0
2660;400.78;50;0.04;1;0
2661;293.26;50;0.04;1;0
2662;361.68;50;0.03;1;0
2663;322.58;50;0.04;1;0
2664;400.78;50;0.03;1;0
2665;312.81;50;0.04;1;0
2666;439.88;50;0.03;1;0
2667;430.11;50;0.04;1;0
2668;449.66;50;0.04;1;0
2669;361.68;50;0.04;1;0
2670;420.33;50;0.04;1;0
2671;410.56;50;0.04;1;0
2672;469.21;50;0.04;1;0
2673;439.88;50;0.05;1;0
2674;391.01;50;0.04;1;0
2675;391.01;50;0.04;1;0
2676;527.86;50;0.04;1;0
2677;488.76;50;0.05;1;0
2678;498.53;50;0.05;1;0
2679;430.11;50;0.05;1;0
2680;537.63;50;0.04;1;0
2681;459.43;50;0.05;1;0
2682;518.08;50;0.05;1;0
2683;586.51;50;0.05;1;0
2684;547.41;50;0.06;1;0
2685;547.41;50;0.05;1;0
2686;488.76;50;0.05;1;0
2687;557.18;50;0.05;1;0
2688;498.53;50;0.06;1;0
2689;625.61;50;0.05;1;0
2690;557.18;50;0.06;1;0
2691;508.31;50;0.06;1;0
2692;576.74;50;0.05;1;0
2693;596.29;50;0.06;1;0
2694;537.63;50;0.06;1;0
2695;596.29;50;0.05;1;0
2696;537.63;50;0.06;1;0
2697;586.51;50;0.05;1;0
2698;537.63;50;0.06;1;0
2699;576.74;50;0.05;1;0
2700;547.41;50;0.06;1;0
2701;547.41;50;0.05;1;0
2702;537.63;50;0.05;1;0
2703;537.63;50;0.05;1;0
2704;547.41;50;0.05;1;0
2705;527.86;50;0.05;1;0
2706;527.86;50;0.05;1;0
2707;498.53;50;0.05;1;0
2708;527.86;50;0.05;1;0
2709;586.51;50;0.05;1;0
2710;606.06;50;0.06;1;0
2711;537.63;50;0.06;1;0
2712;518.08;50;0.05;1;0
2713;586.51;50;0.05;1;0
2714;576.74;50;0.06;1;0
2715;596.29;50;0.06;1;0
2716;537.63;50;0.06;1;0
2717;527.86;50;0.05;1;0
2718;537.63;50;0.05;1;0
2719;527.86;50;0.05;1;0
2720;508.31;50;0.05;1;0
2721;566.96;50;0.05;1;0
2722;625.61;50;0.06;1;0
2723;547.41;50;0.06;1;0
2724;557.18;50;0.05;1;0
2725;459.43;50;0.06;1;0
2726;527.86;50;0.05;1;0
2727;527.86;50;0.05;1;0
2728;547.41;50;0.05;1;0
2729;498.53;50;0.05;1;0
2730;498.53;50;0.05;1;0
2731;596.29;50;0.05;1;0
2732;635.39;50;0.06;1;0
2733;537.63;50;0.06;1;0
2734;596.29;50;0.05;1;0
2735;557.18;50;0.06;1;0
2736;537.63;50;0.06;1;0
2737;596.29;50;0.05;1;0
2738;586.51;50;0.06;1;0
2739;547.41;50;0.06;1;0
2740;527.86;50;0.05;1;0
2741;566.96;50;0.05;1;0
2742;557.18;50;0.06;1;0
2743;654.94;50;0.06;1;0
2744;576.74;50;0.07;1;0
2745;527.86;50;0.06;1;0
2746;537.63;50;0.05;1;0
2747;606.06;50;0.05;1;0
2748;557.18;50;0.06;1;0
2749;469.21;50;0.06;1;0
2750;478.98;50;0.05;1;0
2751;488.76;50;0.05;1;0
2752;439.88;50;0.05;1;0
2753;478.98;50;0.04;1;0
2754;527.86;50;0.05;1;0
2755;537.63;50;0.05;1;0
2756;537.63;50;0.05;1;0
2757;557.18;50;0.05;1;0
2758;547.41;50;0.06;1;0
2759;557.18;50;0.05;1;0
2760;508.31;50;0.06;1;0
2761;498.53;50;0.05;1;0
2762;469.21;50;0.05;1;0
2763;498.53;50;0.05;1;0
2764;498.53;50;0.05;1;0
2765;518.08;50;0.05;1;0
2766;469.21;50;0.05;1;0
2767;459.43;50;0.05;1;0
2768;527.86;50;0.05;1;0
2769;459.43;50;0.05;1;0
2770;547.41;50;0.05;1;0
2771;478.98;50;0.05;1;0
2772;469.21;50;0.05;1;0
2773;537.63;50;0.05;1;0
2774;547.41;50;0.05;1;0
2775;459.43;50;0.05;1;0
2776;449.66;50;0.05;1;0
2777;518.08;50;0.04;1;0
2778;547.41;50;0.05;1;0
2779;518.08;50;0.05;1;0
2780;410.56;50;0.05;1;0
2781;508.31;50;0.04;1;0
2782;508.31;50;0.05;1;0
2783;566.96;50;0.05;1;0
2784;430.11;50;0.06;1;0
2785;606.06;50;0.04;1;0
2786;478.98;50;0.06;1;0
2787;566.96;50;0.05;1;0
2788;527.86;50;0.06;1;0
2789;469.21;50;0.05;1;0
2790;498.53;50;0.05;1;0
2791;478.98;50;0.05;1;0
2792;498.53;50;0.05;1;0
2793;508.31;50;0.05;1;0
2794;508.31;50;0.05;1;0
2795;547.41;50;0.05;1;0
2796;527.86;50;0.05;1;0
2797;576.74;50;0.05;1;0
2798;557.18;50;0.06;1;0
2799;508.31;50;0.06;1;0
2800;596.29;50;0.05;1;0
2801;527.86;50;0.06;1;0
2802;478.98;50;0.05;1;0
2803;566.96;50;0.05;1;0
2804;498.53;50;0.06;1;0
2805;488.76;50;0.05;1;0
2806;537.63;50;0.05;1;0
2807;498.53;50;0.05;1;0
2808;478.98;50;0.05;1;0
2809;527.86;50;0.05;1;0
2810;527.86;50;0.05;1;0
2811;488.76;50;0.05;1;0
2812;488.76;50;0.05;1;0
2813;586.51;50;0.05;1;0
2814;557.18;50;0.06;1;0
2815;586.51;50;0.06;1;0
2816;586.51;50;0.06;1;0
2817;615.84;50;0.06;1;0
2818;606.06;50;0.06;1;0
2819;537.63;50;0.06;1;0
2820;566.96;50;0.05;1;0
2821;557.18;50;0.06;1;0
2822;586.51;50;0.06;1;0
2823;625.61;50;0.06;1;0
2824;625.61;50;0.06;1;0
2825;606.06;50;0.06;1;0
2826;586.51;50;0.06;1;0
2827;586.51;50;0.06;1;0
2828;615.84;50;0.06;1;0
2829;635.39;50;0.06;1;0
2830;625.61;50;0.06;1;0
2831;596.29;50;0.06;1;0
2832;635.39;50;0.06;1;0
2833;606.06;50;0.06;1;0
2834;596.29;50;0.06;1;0
2835;635.39;50;0.06;1;0
2836;566.96;50;0.06;1;0
2837;645.16;50;0.06;1;0
2838;664.71;50;0.06;1;0
2839;566.96;50;0.07;1;0
2840;654.94;50;0.06;1;0
2841;635.39;50;0.07;1;0
2842;606.06;50;0.06;1;0
2843;606.06;50;0.06;1;0
2844;645.16;50;0.06;1;0
2845;674.49;50;0.06;1;0
2846;596.29;50;0.07;1;0
2847;596.29;50;0.06;1;0
2848;606.06;50;0.06;1;0
2849;518.08;50;0.06;1;0
2850;625.61;50;0.05;1;0
2851;527.86;50;0.06;1;0
2852;488.76;50;0.05;1;0
2853;586.51;50;0.05;1;0
2854;635.39;50;0.06;1;0
2855;596.29;50;0.06;1;0
2856;615.84;50;0.06;1;0
2857;586.51;50;0.06;1;0
2858;576.74;50;0.06;1;0
2859;557.18;50;0.06;1;0
2860;566.96;50;0.06;1;0
2861;586.51;50;0.06;1;0
2862;557.18;50;0.06;1;0
2863;566.96;50;0.06;1;0
2864;576.74;50;0.06;1;0
2865;537.63;50;0.06;1;0
2866;596.29;50;0.05;1;0
2867;518.08;50;0.06;1;0
2868;566.96;50;0.05;1;0
2869;518.08;50;0.06;1;0
2870;576.74;50;0.05;1;0
2871;469.21;50;0.06;1;0
2872;547.41;50;0.05;1;0
2873;488.76;50;0.05;1;0
2874;547.41;50;0.05;1;0
2875;459.43;50;0.05;1;0
2876;459.43;50;0.05;1;0
2877;508.31;50;0.05;1;0
2878;420.33;50;0.05;1;0
2879;332.36;50;0.04;1;0
2880;459.43;50;0.03;1;0
2881;391.01;50;0.05;1;0
2882;381.23;50;0.04;1;0
2883;459.43;50;0.04;1;0
2884;488.76;50;0.05;1;0
2885;420.33;50;0.05;1;0
2886;381.23;50;0.04;1;0
2887;391.01;50;0.04;1;0
2888;400.78;50;0.04;1;0
2889;312.81;50;0.04;1;0
2890;351.91;50;0.03;1;0
2891;410.56;50;0.04;1;0
2892;420.33;50;0.04;1;0
2893;342.13;50;0.04;1;0
2894;381.23;50;0.03;1;0
2895;400.78;50;0.04;1;0
2896;351.91;50;0.04;1;0
2897;410.56;50;0.04;1;0
2898;449.66;50;0.04;1;0
2899;400.78;50;0.04;1;0
2900;400.78;50;0.04;1;0
2901;371.46;50;0.04;1;0
2902;410.56;50;0.04;1;0
2903;430.11;50;0.04;1;0
2904;459.43;50;0.04;1;0
2905;439.88;50;0.05;1;0
2906;439.88;50;0.04;1;0
2907;459.43;50;0.04;1;0
2908;459.43;50;0.05;1;0
2909;391.01;50;0.05;1;0
2910;518.08;50;0.04;1;0
2911;410.56;50;0.05;1;0
2912;449.66;50;0.04;1;0
2913;459.43;50;0.04;1;0
2914;410.56;50;0.05;1;0
2915;410.56;50;0.04;1;0
2916;508.31;50;0.04;1;0
2917;410.56;50;0.05;1;0
2918;459.43;50;0.04;1;0
2919;420.33;50;0.05;1;0
2920;518.08;50;0.04;1;0
2921;430.11;50;0.05;1;0
2922;488.76;50;0.04;1;0
2923;439.88;50;0.05;1;0
2924;527.86;50;0.04;1;0
2925;508.31;50;0.05;1;0
2926;488.76;50;0.05;1;0
2927;518.08;50;0.05;1;0
2928;508.31;50;0.05;1;0
2929;527.86;50;0.05;1;0
2930;547.41;50;0.05;1;0
2931;508.31;50;0.05;1;0
2932;488.76;50;0.05;1;0
2933;410.56;50;0.05;1;0
2934;469.21;50;0.04;1;0
2935;518.08;50;0.05;1;0
2936;449.66;50;0.05;1;0
2937;566.96;50;0.04;1;0
2938;586.51;50;0.06;1;0
2939;459.43;50;0.06;1;0
2940;498.53;50;0.05;1;0
2941;527.86;50;0.05;1;0
2942;527.86;50;0.05;1;0
2943;518.08;50;0.05;1;0
2944;469.21;50;0.05;1;0
2945;410.56;50;0.05;1;0
2946;518.08;50;0.04;1;0
2947;469.21;50;0.05;1;0
2948;439.88;50;0.05;1;0
2949;420.33;50;0.04;1;0
2950;410.56;50;0.04;1;0
2951;518.08;50;0.04;1;0
2952;469.21;50;0.05;1;0
2953;557.18;50;0.05;1;0
2954;391.01;50;0.06;1;0
2955;391.01;50;0.04;1;0
2956;430.11;50;0.04;1;0
2957;508.31;50;0.04;1;0
2958;508.31;50;0.05;1;0
2959;469.21;50;0.05;1;0
2960;478.98;50;0.05;1;0
2961;439.88;50;0.05;1;0
2962;449.66;50;0.04;1;0
2963;430.11;50;0.04;1;0
2964;439.88;50;0.04;1;0
2965;439.88;50;0.04;1;0
2966;400.78;50;0.04;1;0
2967;469.21;50;0.04;1;0
2968;488.76;50;0.05;1;0
2969;498.53;50;0.05;1;0
2970;459.43;50;0.05;1;0
2971;518.08;50;0.05;1;0
2972;488.76;50;0.05;1;0
2973;420.33;50;0.05;1;0
2974;430.11;50;0.04;1;0
2975;420.33;50;0.04;1;0
2976;449.66;50;0.04;1;0
2977;439.88;50;0.04;1;0
2978;410.56;50;0.04;1;0
2979;410.56;50;0.04;1;0
2980;381.23;50;0.04;1;0
2981;420.33;50;0.04;1;0
2982;420.33;50;0.04;1;0
2983;400.78;50;0.04;1;0
2984;381.23;50;0.04;1;0
2985;400.78;50;0.04;1;0
2986;381.23;50;0.04;1;0
2987;312.81;50;0.04;1;0
2988;371.46;50;0.03;1;0
2989;351.91;50;0.04;1;0
2990;371.46;50;0.04;1;0
2991;410.56;50;0.04;1;0
2992;351.91;50;0.04;1;0
2993;361.68;50;0.04;1;0
2994;332.36;50;0.04;1;0
2995;351.91;50;0.03;1;0
2996;312.81;50;0.04;1;0
2997;361.68;50;0.03;1;0
2998;332.36;50;0.04;1;0
2999;400.78;50;0.03;1;0
3000;283.48;50;0.04;1;0
3001;283.48;50;0.03;1;0
3002;469.21;50;0.03;1;0
3003;420.33;50;0.05;1;0
3004;351.91;50;0.04;1;0
3005;371.46;50;0.04;1;0
3006;361.68;50;0.04;1;0
3007;391.01;50;0.04;1;0
3008;342.13;50;0.04;1;0
3009;351.91;50;0.03;1;0
3010;332.36;50;0.04;1;0
3011;332.36;50;0.03;1;0
3012;381.23;50;0.03;1;0
3013;351.91;50;0.04;1;0
3014;361.68;50;0.04;1;0
3015;449.66;50;0.04;1;0
3016;361.68;50;0.04;1;0
3017;332.36;50;0.04;1;0
3018;361.68;50;0.03;1;0
3019;371.46;50;0.04;1;0
3020;351.91;50;0.04;1;0
3021;371.46;50;0.04;1;0
3022;420.33;50;0.04;1;0
3023;351.91;50;0.04;1;0
3024;283.48;50;0.04;1;0
3025;342.13;50;0.03;1;0
3026;312.81;50;0.03;1;0
3027;371.46;50;0.03;1;0
3028;391.01;50;0.04;1;0
3029;332.36;50;0.04;1;0
3030;430.11;50;0.03;1;0
3031;400.78;50;0.04;1;0
3032;381.23;50;0.04;1;0
3033;371.46;50;0.04;1;0
3034;351.91;50;0.04;1;0
3035;371.46;50;0.04;1;0
3036;361.68;50;0.04;1;0
3037;312.81;50;0.04;1;0
3038;410.56;50;0.03;1;0
3039;391.01;50;0.04;1;0
3040;400.78;50;0.04;1;0
3041;430.11;50;0.04;1;0
3042;400.78;50;0.04;1;0
3043;351.91;50;0.04;1;0
3044;371.46;50;0.04;1;0
3045;420.33;50;0.04;1;0
3046;351.91;50;0.04;1;0
3047;430.11;50;0.04;1;0
3048;391.01;50;0.04;1;0
3049;400.78;50;0.04;1;0
3050;420.33;50;0.04;1;0
3051;381.23;50;0.04;1;0
3052;381.23;50;0.04;1;0
3053;381.23;50;0.04;1;0
3054;439.88;50;0.04;1;0
3055;391.01;50;0.04;1;0
3056;381.23;50;0.04;1;0
3057;439.88;50;0.04;1;0
3058;381.23;50;0.04;1;0
3059;430.11;50;0.04;1;0
3060;459.43;50;0.04;1;0
3061;478.98;50;0.05;1;0
3062;478.98;50;0.05;1;0
3063;459.43;50;0.05;1;0
3064;449.66;50;0.05;1;0
3065;391.01;50;0.04;1;0
3066;420.33;50;0.04;1;0
3067;439.88;50;0.04;1;0
3068;459.43;50;0.04;1;0
3069;449.66;50;0.05;1;0
3070;439.88;50;0.04;1;0
3071;430.11;50;0.04;1;0
3072;430.11;50;0.04;1;0
3073;410.56;50;0.04;1;0
3074;478.98;50;0.04;1;0
3075;449.66;50;0.05;1;0
3076;469.21;50;0.04;1;0
3077;498.53;50;0.05;1;0
3078;420.33;50;0.05;1;0
3079;410.56;50;0.04;1;0
3080;459.43;50;0.04;1;0
3081;478.98;50;0.05;1;0
3082;381.23;50;0.05;1;0
3083;420.33;50;0.04;1;0
3084;391.01;50;0.04;1;0
3085;400.78;50;0.04;1;0
3086;410.56;50;0.04;1;0
3087;449.66;50;0.04;1;0
3088;478.98;50;0.04;1;0
3089;478.98;50;0.05;1;0
3090;459.43;50;0.05;1;0
3091;430.11;50;0.05;1;0
3092;439.88;50;0.04;1;0
3093;381.23;50;0.04;1;0
3094;381.23;50;0.04;1;0
3095;449.66;50;0.04;1;0
3096;400.78;50;0.04;1;0
3097;381.23;50;0.04;1;0
3098;400.78;50;0.04;1;0
3099;351.91;50;0.04;1;0
3100;410.56;50;0.04;1;0
3101;430.11;50;0.04;1;0
3102;332.36;50;0.04;1;0
3103;410.56;50;0.03;1;0
3104;381.23;50;0.04;1;0
3105;410.56;50;0.04;1;0
3106;410.56;50;0.04;1;0
3107;420.33;50;0.04;1;0
3108;342.13;50;0.04;1;0
3109;322.58;50;0.03;1;0
3110;283.48;50;0.03;1;0
3111;351.91;50;0.03;1;0
3112;283.48;50;0.04;1;0
3113;391.01;50;0.03;1;0
3114;332.36;50;0.04;1;0
3115;351.91;50;0.03;1;0
3116;351.91;50;0.04;1;0
3117;342.13;50;0.04;1;0
3118;283.48;50;0.03;1;0
3119;351.91;50;0.03;1;0
3120;205.28;50;0.04;1;0
3121;322.58;50;0.02;1;0
3122;283.48;50;0.03;1;0
3123;283.48;50;0.03;1;0
3124;361.68;50;0.03;1;0
3125;342.13;50;0.04;1;0
3126;361.68;50;0.03;1;0
3127;293.26;50;0.04;1;0
3128;244.38;50;0.03;1;0
3129;303.03;50;0.02;1;0
3130;234.60;50;0.03;1;0
3131;342.13;50;0.02;1;0
3132;224.83;50;0.03;1;0
3133;293.26;50;0.02;1;0
3134;215.05;50;0.03;1;0
3135;351.91;50;0.02;1;0
3136;234.60;50;0.04;1;0
3137;244.38;50;0.02;1;0
3138;234.60;50;0.02;1;0
3139;273.70;50;0.02;1;0
3140;244.38;50;0.03;1;0
3141;283.48;50;0.02;1;0
3142;215.05;50;0.03;1;0
3143;312.81;50;0.02;1;0
3144;303.03;50;0.03;1;0
3145;263.93;50;0.03;1;0
3146;342.13;50;0.03;1;0
3147;332.36;50;0.03;1;0
3148;283.48;50;0.03;1;0
3149;351.91;50;0.03;1;0
3150;391.01;50;0.04;1;0
3151;283.48;50;0.04;1;0
3152;303.03;50;0.03;1;0
3153;303.03;50;0.03;1;0
3154;361.68;50;0.03;1;0
3155;303.03;50;0.04;1;0
3156;322.58;50;0.03;1;0
3157;312.81;50;0.03;1;0
3158;332.36;50;0.03;1;0
3159;283.48;50;0.03;1;0
3160;322.58;50;0.03;1;0
3161;342.13;50;0.03;1;0
3162;371.46;50;0.03;1;0
3163;273.70;50;0.04;1;0
3164;391.01;50;0.03;1;0
3165;283.48;50;0.04;1;0
3166;303.03;50;0.03;1;0
3167;361.68;50;0.03;1;0
3168;400.78;50;0.04;1;0
3169;312.81;50;0.04;1;0
3170;410.56;50;0.03;1;0
3171;420.33;50;0.04;1;0
3172;371.46;50;0.04;1;0
3173;273.70;50;0.04;1;0
3174;332.36;50;0.03;1;0
3175;381.23;50;0.03;1;0
3176;508.31;50;0.04;1;0
3177;430.11;50;0.05;1;0
3178;361.68;50;0.04;1;0
3179;420.33;50;0.04;1;0
3180;371.46;50;0.04;1;0
3181;420.33;50;0.04;1;0
3182;576.74;50;0.04;1;0
3183;410.56;50;0.06;1;0
3184;410.56;50;0.04;1;0
3185;449.66;50;0.04;1;0
3186;371.46;50;0.04;1;0
3187;430.11;50;0.04;1;0
3188;430.11;50;0.04;1;0
3189;371.46;50;0.04;1;0
3190;430.11;50;0.04;1;0
3191;449.66;50;0.04;1;0
3192;459.43;50;0.04;1;0
3193;459.43;50;0.05;1;0
3194;596.29;50;0.05;1;0
3195;576.74;50;0.06;1;0
3196;557.18;50;0.06;1;0
3197;518.08;50;0.06;1;0
3198;547.41;50;0.05;1;0
3199;566.96;50;0.05;1;0
3200;488.76;50;0.06;1;0
3201;498.53;50;0.05;1;0
3202;518.08;50;0.05;1;0
3203;566.96;50;0.05;1;0
3204;566.96;50;0.06;1;0
3205;478.98;50;0.06;1;0
3206;586.51;50;0.05;1;0
3207;576.74;50;0.06;1;0
3208;576.74;50;0.06;1;0
3209;508.31;50;0.06;1;0
3210;547.41;50;0.05;1;0
3211;459.43;50;0.05;1;0
3212;537.63;50;0.05;1;0
3213;391.01;50;0.05;1;0
3214;400.78;50;0.04;1;0
3215;410.56;50;0.04;1;0
3216;459.43;50;0.04;1;0
3217;508.31;50;0.05;1;0
3218;478.98;50;0.05;1;0
3219;518.08;50;0.05;1;0
3220;508.31;50;0.05;1;0
3221;508.31;50;0.05;1;0
3222;488.76;50;0.05;1;0
3223;498.53;50;0.05;1;0
3224;508.31;50;0.05;1;0
3225;498.53;50;0.05;1;0
3226;439.88;50;0.05;1;0
3227;498.53;50;0.04;1;0
3228;469.21;50;0.05;1;0
3229;478.98;50;0.05;1;0
3230;410.56;50;0.05;1;0
3231;488.76;50;0.04;1;0
3232;478.98;50;0.05;1;0
3233;459.43;50;0.05;1;0
3234;459.43;50;0.05;1;0
3235;459.43;50;0.05;1;0
3236;469.21;50;0.05;1;0
3237;459.43;50;0.05;1;0
3238;478.98;50;0.05;1;0
3239;449.66;50;0.05;1;0
3240;478.98;50;0.04;1;0
3241;488.76;50;0.05;1;0
3242;547.41;50;0.05;1;0
3243;439.88;50;0.05;1;0
3244;469.21;50;0.04;1;0
3245;430.11;50;0.05;1;0
3246;498.53;50;0.04;1;0
3247;439.88;50;0.05;1;0
3248;478.98;50;0.04;1;0
3249;381.23;50;0.05;1;0
3250;488.76;50;0.04;1;0
3251;459.43;50;0.05;1;0
3252;420.33;50;0.05;1;0
3253;342.13;50;0.04;1;0
3254;371.46;50;0.03;1;0
3255;303.03;50;0.04;1;0
3256;351.91;50;0.03;1;0
3257;342.13;50;0.04;1;0
3258;322.58;50;0.03;1;0
3259;371.46;50;0.03;1;0
3260;361.68;50;0.04;1;0
3261;410.56;50;0.04;1;0
3262;371.46;50;0.04;1;0
3263;439.88;50;0.04;1;0
3264;508.31;50;0.04;1;0
3265;420.33;50;0.05;1;0
3266;498.53;50;0.04;1;0
3267;430.11;50;0.05;1;0
3268;508.31;50;0.04;1;0
3269;547.41;50;0.05;1;0
3270;488.76;50;0.05;1;0
3271;547.41;50;0.05;1;0
3272;508.31;50;0.05;1;0
3273;518.08;50;0.05;1;0
3274;527.86;50;0.05;1;0
3275;527.86;50;0.05;1;0
3276;547.41;50;0.05;1;0
3277;527.86;50;0.05;1;0
3278;596.29;50;0.05;1;0
3279;576.74;50;0.06;1;0
3280;547.41;50;0.06;1;0
3281;606.06;50;0.05;1;0
3282;625.61;50;0.06;1;0
3283;596.29;50;0.06;1;0
3284;596.29;50;0.06;1;0
3285;527.86;50;0.06;1;0
3286;576.74;50;0.05;1;0
3287;615.84;50;0.06;1;0
3288;576.74;50;0.06;1;0
3289;576.74;50;0.06;1;0
3290;645.16;50;0.06;1;0
3291;566.96;50;0.06;1;0
3292;586.51;50;0.06;1;0
3293;478.98;50;0.06;1;0
3294;654.94;50;0.05;1;0
3295;586.51;50;0.07;1;0
3296;586.51;50;0.06;1;0
3297;576.74;50;0.06;1;0
3298;615.84;50;0.06;1;0
3299;557.18;50;0.06;1;0
3300;723.36;50;0.06;1;0
3301;645.16;50;0.07;1;0
3302;635.39;50;0.06;1;0
3303;586.51;50;0.06;1;0
3304;635.39;50;0.06;1;0
3305;586.51;50;0.06;1;0
3306;566.96;50;0.06;1;0
3307;566.96;50;0.06;1;0
3308;430.11;50;0.06;1;0
3309;547.41;50;0.04;1;0
3310;537.63;50;0.05;1;0
3311;498.53;50;0.05;1;0
3312;488.76;50;0.05;1;0
3313;478.98;50;0.05;1;0
3314;430.11;50;0.05;1;0
3315;498.53;50;0.04;1;0
3316;518.08;50;0.05;1;0
3317;527.86;50;0.05;1;0
3318;518.08;50;0.05;1;0
3319;430.11;50;0.05;1;0
3320;400.78;50;0.04;1;0
3321;488.76;50;0.04;1;0
3322;469.21;50;0.05;1;0
3323;488.76;50;0.05;1;0
3324;596.29;50;0.05;1;0
3325;449.66;50;0.06;1;0
3326;478.98;50;0.04;1;0
3327;498.53;50;0.05;1;0
3328;527.86;50;0.05;1;0
3329;459.43;50;0.05;1;0
3330;586.51;50;0.05;1;0
3331;615.84;50;0.06;1;0
3332;488.76;50;0.06;1;0
3333;508.31;50;0.05;1;0
3334;488.76;50;0.05;1;0
3335;488.76;50;0.05;1;0
3336;488.76;50;0.05;1;0
3337;527.86;50;0.05;1;0
3338;430.11;50;0.05;1;0
3339;557.18;50;0.04;1;0
3340;478.98;50;0.06;1;0
3341;488.76;50;0.05;1;0
3342;478.98;50;0.05;1;0
3343;361.68;50;0.05;1;0
3344;410.56;50;0.04;1;0
3345;410.56;50;0.04;1;0
3346;420.33;50;0.04;1;0
3347;254.15;50;0.04;1;0
3348;361.68;50;0.03;1;0
3349;420.33;50;0.04;1;0
3350;371.46;50;0.04;1;0
3351;430.11;50;0.04;1;0
3352;361.68;50;0.04;1;0
3353;371.46;50;0.04;1;0
3354;371.46;50;0.04;1;0
3355;312.81;50;0.04;1;0
3356;410.56;50;0.03;1;0
3357;371.46;50;0.04;1;0
3358;371.46;50;0.04;1;0
3359;361.68;50;0.04;1;0
3360;293.26;50;0.04;1;0
3361;332.36;50;0.03;1;0
3362;391.01;50;0.03;1;0
3363;361.68;50;0.04;1;0
3364;381.23;50;0.04;1;0
3365;283.48;50;0.04;1;0
3366;303.03;50;0.03;1;0
3367;303.03;50;0.03;1;0
3368;283.48;50;0.03;1;0
3369;283.48;50;0.03;1;0
3370;410.56;50;0.03;1;0
3371;351.91;50;0.04;1;0
3372;322.58;50;0.04;1;0
3373;322.58;50;0.03;1;0
3374;303.03;50;0.03;1;0
3375;293.26;50;0.03;1;0
3376;293.26;50;0.03;1;0
3377;332.36;50;0.03;1;0
3378;322.58;50;0.03;1;0
3379;342.13;50;0.03;1;0
3380;381.23;50;0.03;1;0
3381;410.56;50;0.04;1;0
3382;381.23;50;0.04;1;0
3383;410.56;50;0.04;1;0
3384;351.91;50;0.04;1;0
3385;342.13;50;0.04;1;0
3386;381.23;50;0.03;1;0
3387;361.68;50;0.04;1;0
3388;322.58;50;0.04;1;0
3389;351.91;50;0.03;1;0
3390;303.03;50;0.04;1;0
3391;351.91;50;0.03;1;0
3392;293.26;50;0.04;1;0
3393;371.46;50;0.03;1;0
3394;332.36;50;0.04;1;0
3395;391.01;50;0.03;1;0
3396;371.46;50;0.04;1;0
3397;439.88;50;0.04;1;0
3398;283.48;50;0.04;1;0
3399;371.46;50;0.03;1;0
3400;400.78;50;0.04;1;0
3401;469.21;50;0.04;1;0
3402;381.23;50;0.05;1;0
3403;449.66;50;0.04;1;0
3404;381.23;50;0.04;1;0
3405;361.68;50;0.04;1;0
3406;361.68;50;0.04;1;0
3407;391.01;50;0.04;1;0
3408;342.13;50;0.04;1;0
3409;557.18;50;0.03;1;0
3410;351.91;50;0.06;1;0
3411;498.53;50;0.04;1;0
3412;488.76;50;0.05;1;0
3413;430.11;50;0.05;1;0
3414;420.33;50;0.04;1;0
3415;469.21;50;0.04;1;0
3416;303.03;50;0.05;1;0
3417;303.03;50;0.03;1;0
3418;478.98;50;0.03;1;0
3419;381.23;50;0.05;1;0
3420;449.66;50;0.04;1;0
3421;430.11;50;0.04;1;0
3422;459.43;50;0.04;1;0
3423;439.88;50;0.05;1;0
3424;430.11;50;0.04;1;0
3425;420.33;50;0.04;1;0
3426;430.11;50;0.04;1;0
3427;342.13;50;0.04;1;0
3428;498.53;50;0.03;1;0
3429;469.21;50;0.05;1;0
3430;488.76;50;0.05;1;0
3431;439.88;50;0.05;1;0
3432;459.43;50;0.04;1;0
3433;351.91;50;0.05;1;0
3434;371.46;50;0.04;1;0
3435;488.76;50;0.04;1;0
3436;420.33;50;0.05;1;0
3437;439.88;50;0.04;1;0
3438;469.21;50;0.04;1;0
3439;430.11;50;0.05;1;0
3440;410.56;50;0.04;1;0
3441;420.33;50;0.04;1;0
3442;449.66;50;0.04;1;0
3443;478.98;50;0.04;1;0
3444;400.78;50;0.05;1;0
3445;498.53;50;0.04;1;0
3446;400.78;50;0.05;1;0
3447;488.76;50;0.04;1;0
3448;410.56;50;0.05;1;0
3449;469.21;50;0.04;1;0
3450;439.88;50;0.05;1;0
3451;439.88;50;0.04;1;0
3452;381.23;50;0.04;1;0
3453;400.78;50;0.04;1;0
3454;459.43;50;0.04;1;0
3455;430.11;50;0.05;1;0
3456;478.98;50;0.04;1;0
3457;508.31;50;0.05;1;0
3458;449.66;50;0.05;1;0
3459;400.78;50;0.04;1;0
3460;508.31;50;0.04;1;0
3461;381.23;50;0.05;1;0
3462;410.56;50;0.04;1;0
3463;459.43;50;0.04;1;0
3464;518.08;50;0.05;1;0
3465;400.78;50;0.05;1;0
3466;469.21;50;0.04;1;0
3467;430.11;50;0.05;1;0
3468;430.11;50;0.04;1;0
3469;361.68;50;0.04;1;0
3470;439.88;50;0.04;1;0
3471;400.78;50;0.04;1;0
3472;449.66;50;0.04;1;0
3473;361.68;50;0.04;1;0
3474;400.78;50;0.04;1;0
3475;312.81;50;0.04;1;0
3476;351.91;50;0.03;1;0
3477;254.15;50;0.04;1;0
3478;342.13;50;0.03;1;0
3479;205.28;50;0.03;1;0
3480;312.81;50;0.02;1;0
3481;234.60;50;0.03;1;0
3482;244.38;50;0.02;1;0
3483;195.50;50;0.02;1;0
3484;205.28;50;0.02;1;0
3485;156.40;50;0.02;1;0
3486;136.85;50;0.02;1;0
3487;117.30;50;0.01;1;0
3488;107.53;50;0.01;1;0
3489;19.55;50;0.01;1;0
3490;0.00;50;0.00;1;0
3491;0.00;50;0.00;1;0
3492;0.00;50;0.00;1;0
3493;0.00;50;0.00;1;0
3494;0.00;50;0.00;1;0
3495;0.00;50;0.00;1;0
3496;0.00;50;0.00;1;0
3497;0.00;50;0.00;1;0
3498;0.00;50;0.00;1;0
3499;0.00;50;0.00;1;0
3500;0.00;50;0.00;1;0
3501;0.00;50;0.00;1;0
3502;0.00;50;0.00;1;0
3503;0.00;50;0.00;1;0
3504;0.00;50;0.00;1;0
3505;0.00;50;0.00;1;0
3506;0.00;50;0.00;1;0
3507;0.00;50;0.00;1;0
3508;0.00;50;0.00;1;0
3509;0.00;50;0.00;1;0
3510;0.00;50;0.00;1;0
3511;0.00;50;0.00;1;0
3512;0.00;50;0.00;1;0
3513;0.00;50;0.00;1;0
3514;0.00;50;0.00;1;0
3515;0.00;50;0.00;1;0
3516;0.00;50;0.00;1;0
3517;0.00;50;0.00;1;0
3518;0.00;50;0.00;1;0
3519;0.00;50;0.00;1;0
3520;0.00;50;0.00;1;0
3521;0.00;50;0.00;1;0
3522;0.00;50;0.00;1;0
3523;0.00;50;0.00;1;0
3524;0.00;50;0.00;1;0
3525;0.00;50;0.00;1;0
3526;0.00;50;0.00;1;0
3527;0.00;50;0.00;1;0
3528;0.00;50;0.00;1;0
3529;0.00;50;0.00;1;0
3530;0.00;50;0.00;1;0
3531;0.00;50;0.00;1;0
3532;0.00;50;0.00;1;0
3533;0.00;50;0.00;1;0
3534;0.00;50;0.00;1;0
3535;0.00;50;0.00;1;0
3536;0.00;50;0.00;1;0
3537;0.00;50;0.00;1;0
3538;0.00;50;0.00;1;0
3539;0.00;50;0.00;1;0
3540;0.00;50;0.00;1;0
3541;0.00;50;0.00;1;0
3542;0.00;50;0.00;1;0
3543;0.00;50;0.00;1;0
3544;0.00;50;0.00;1;0
3545;0.00;50;0.00;1;0
3546;0.00;50;0.00;1;0
3547;0.00;50;0.00;1;0
3548;0.00;50;0.00;1;0
3549;0.00;50;0.00;1;0
3550;0.00;50;0.00;1;0
3551;0.00;50;0.00;1;0
3552;0.00;50;0.00;1;0
3553;0.00;50;0.00;1;0
3554;0.00;50;0.00;1;0
3555;0.00;50;0.00;1;0
3556;0.00;50;0.00;1;0
3557;0.00;50;0.00;1;0
3558;0.00;50;0.00;1;0
3559;0.00;50;0.00;1;0
3560;0.00;50;0.00;1;0
3561;0.00;50;0.00;1;0
3562;0.00;50;0.00;1;0
3563;0.00;50;0.00;1;0
3564;0.00;50;0.00;1;0
3565;0.00;50;0.00;1;0
3566;0.00;50;0.00;1;0
3567;0.00;50;0.00;1;0
3568;0.00;50;0.00;1;0
3569;0.00;50;0.00;1;0
3570;0.00;50;0.00;1;0
3571;0.00;50;0.00;1;0
3572;0.00;50;0.00;1;0
3573;0.00;50;0.00;1;0
3574;0.00;50;0.00;1;0
3575;566.96;50;0.00;1;0
3576;1476.05;50;0.06;1;0
3577;2492.67;50;0.15;1;0
3578;3831.87;50;0.25;1;0
3579;5376.34;50;0.38;1;0
3580;7223.85;50;0.54;1;0
3581;9335.29;50;0.72;1;0
3582;14125.12;50;0.93;1;1
3583;17595.31;50;1.41;1;1
3584;21212.12;50;1.76;1;1
3585;25562.07;50;2.12;1;1
3586;30303.03;50;2.56;1;1
3587;34017.59;50;3.03;1;1
3588;34017.59;50;3.40;1;1
3589;34066.47;50;3.40;1;1
3590;34017.59;50;3.41;1;1
3591;34017.59;50;3.40;1;1
3592;34017.59;50;3.40;1;1
3593;34017.59;50;3.40;1;1
3594;34017.59;50;3.40;1;1
3595;34017.59;50;3.40;1;1
3596;34017.59;50;3.40;1;1
3597;34017.59;50;3.40;1;1
3598;34017.59;50;3.40;1;1
3599;34017.59;50;3.40;1;1
3600;34017.59;50;3.40;1;1
3601;34017.59;50;3.40;1;1
3602;34017.59;50;3.40;1;1
3603;34066.47;50;3.40;1;1
3604;34017.59;50;3.41;1;1
3605;34017.59;50;3.40;1;1
3606;34017.59;50;3.40;1;1
3607;34017.59;50;3.40;1;1
3608;34017.59;50;3.40;1;1
3609;34017.59;50;3.40;1;1
3610;34017.59;50;3.40;1;1
3611;34017.59;50;3.40;1;1
3612;34066.47;50;3.40;1;1
3613;34017.59;50;3.41;1;1
3614;34017.59;50;3.40;1;1
3615;34017.59;50;3.40;1;1
3616;34017.59;50;3.40;1;1
3617;34017.59;50;3.40;1;1
3618;34066.47;50;3.40;1;1
3619;34017.59;50;3.41;1;1
3620;34066.47;50;3.40;1;1
3621;34017.59;50;3.41;1;1
3622;34017.59;50;3.40;1;1
3623;34017.59;50;3.40;1;1
3624;34017.59;50;3.40;1;1
3625;34017.59;50;3.40;1;1
3626;34017.59;50;3.40;1;1
3627;34017.59;50;3.40;1;1
3628;34017.59;50;3.40;1;1
3629;34017.59;50;3.40;1;1
3630;34017.59;50;3.40;1;1
3631;34017.59;50;3.40;1;1
3632;34115.35;50;3.40;1;1
3633;34017.59;50;3.41;1;1
3634;34017.59;50;3.40;1;1
3635;34017.59;50;3.40;1;1
3636;34017.59;50;3.40;1;1
3637;34017.59;50;3.40;1;1
3638;34017.59;50;3.40;1;1
3639;34017.59;50;3.40;1;1
3640;34017.59;50;3.40;1;1
3641;34017.59;50;3.40;1;1
3642;34066.47;50;3.40;1;1
3643;34017.59;50;3.41;1;1
3644;34017.59;50;3.40;1;1
3645;34017.59;50;3.40;1;1
3646;34066.47;50;3.40;1;1
3647;34017.59;50;3.41;1;1
3648;34066.47;50;3.40;1;1
3649;34017.59;50;3.41;1;1
3650;34017.59;50;3.40;1;1
3651;34017.59;50;3.40;1;1
3652;34017.59;50;3.40;1;1
3653;34017.59;50;3.40;1;1
3654;34017.59;50;3.40;1;1
3655;34017.59;50;3.40;1;1
3656;34017.59;50;3.40;1;1
3657;34017.59;50;3.40;1;1
3658;34017.59;50;3.40;1;1
3659;34115.35;50;3.40;1;1
3660;34017.59;50;3.41;1;1
3661;34017.59;50;3.40;1;1
3662;34017.59;50;3.40;1;1
3663;34017.59;50;3.40;1;1
3664;34017.59;50;3.40;1;1
3665;34017.59;50;3.40;1;1
3666;34017.59;50;3.40;1;1
3667;34017.59;50;3.40;1;1
3668;34066.47;50;3.40;1;1
3669;34017.59;50;3.41;1;1
3670;34017.59;50;3.40;1;1
3671;34017.59;50;3.40;1;1
3672;34017.59;50;3.40;1;1
3673;34017.59;50;3.40;1;1
3674;33968.72;50;3.40;1;1
3675;34017.59;50;3.40;1;1
3676;34017.59;50;3.40;1;1
3677;33968.72;50;3.40;1;1
3678;34017.59;50;3.40;1;1
3679;34017.59;50;3.40;1;1
3680;34017.59;50;3.40;1;1
3681;34017.59;50;3.40;1;1
3682;34017.59;50;3.40;1;1
3683;34017.59;50;3.40;1;1
3684;34017.59;50;3.40;1;1
3685;34017.59;50;3.40;1;1
3686;34066.47;50;3.40;1;1
3687;34017.59;50;3.41;1;1
3688;34017.59;50;3.40;1;1
3689;34017.59;50;3.40;1;1
3690;34017.59;50;3.40;1;1
3691;34066.47;50;3.40;1;1
3692;34017.59;50;3.41;1;1
3693;34017.59;50;3.40;1;1
3694;34115.35;50;3.40;1;1
3695;34017.59;50;3.41;1;1
3696;34017.59;50;3.40;1;1
3697;34115.35;50;3.40;1;1
3698;34017.59;50;3.41;1;1
3699;34066.47;50;3.40;1;1
3700;34017.59;50;3.41;1;1
3701;34017.59;50;3.40;1;1
3702;34017.59;50;3.40;1;1
3703;34017.59;50;3.40;1;1
3704;34017.59;50;3.40;1;1
3705;34017.59;50;3.40;1;1
3706;34017.59;50;3.40;1;1
3707;34017.59;50;3.40;1;1
3708;34017.59;50;3.40;1;1
3709;34017.59;50;3.40;1;1
3710;33968.72;50;3.40;1;1
3711;34017.59;50;3.40;1;1
3712;34066.47;50;3.40;1;1
3713;34017.59;50;3.41;1;1
3714;34017.59;50;3.40;1;1
3715;34066.47;50;3.40;1;1
3716;34115.35;50;3.41;1;1
3717;34017.59;50;3.41;1;1
3718;34017.59;50;3.40;1;1
3719;34066.47;50;3.40;1;1
3720;34017.59;50;3.41;1;1
3721;34017.59;50;3.40;1;1
3722;34017.59;50;3.40;1;1
3723;34017.59;50;3.40;1;1
3724;34017.59;50;3.40;1;1
3725;34017.59;50;3.40;1;1
3726;34017.59;50;3.40;1;1
3727;34017.59;50;3.40;1;1
3728;34017.59;50;3.40;1;1
3729;34017.59;50;3.40;1;1
3730;34017.59;50;3.40;1;1
3731;34017.59;50;3.40;1;1
3732;34017.59;50;3.40;1;1
3733;34017.59;50;3.40;1;1
3734;34017.59;50;3.40;1;1
3735;34066.47;50;3.40;1;1
3736;34115.35;50;3.41;1;1
3737;34017.59;50;3.41;1;1
3738;34017.59;50;3.40;1;1
3739;34017.59;50;3.40;1;1
3740;34066.47;50;3.40;1;1
3741;34017.59;50;3.41;1;1
3742;34066.47;50;3.40;1;1
3743;34017.59;50;3.41;1;1
3744;34066.47;50;3.40;1;1
3745;34017.59;50;3.41;1;1
3746;34017.59;50;3.40;1;1
3747;34017.59;50;3.40;1;1
3748;34017.59;50;3.40;1;1
3749;34017.59;50;3.40;1;1
3750;34017.59;50;3.40;1;1
3751;34017.59;50;3.40;1;1
3752;34017.59;50;3.40;1;1
3753;34017.59;50;3.40;1;1
3754;34017.59;50;3.40;1;1
3755;34017.59;50;3.40;1;1
3756;34017.59;50;3.40;1;1
3757;34017.59;50;3.40;1;1
3758;34017.59;50;3.40;1;1
3759;34017.59;50;3.40;1;1
3760;34066.47;50;3.40;1;1
3761;34017.59;50;3.41;1;1
3762;34017.59;50;3.40;1;1
3763;34017.59;50;3.40;1;1
3764;34017.59;50;3.40;1;1
3765;34017.59;50;3.40;1;1
3766;34017.59;50;3.40;1;1
3767;34017.59;50;3.40;1;1
3768;34115.35;50;3.40;1;1
3769;34017.59;50;3.41;1;1
3770;34017.59;50;3.40;1;1
3771;34017.59;50;3.40;1;1
3772;34017.59;50;3.40;1;1
3773;34017.59;50;3.40;1;1
3774;34017.59;50;3.40;1;1
3775;34017.59;50;3.40;1;1
3776;34066.47;50;3.40;1;1
3777;34017.59;50;3.41;1;1
3778;34017.59;50;3.40;1;1
3779;34017.59;50;3.40;1;1
3780;34017.59;50;3.40;1;1
3781;34066.47;50;3.40;1;1
3782;34066.47;50;3.41;1;1
3783;34017.59;50;3.41;1;1
3784;34017.59;50;3.40;1;1
3785;34017.59;50;3.40;1;1
3786;34017.59;50;3.40;1;1
3787;34066.47;50;3.40;1;1
3788;34115.35;50;3.41;1;1
3789;34017.59;50;3.41;1;1
3790;33235.58;50;3.40;1;1
3791;32209.19;50;3.32;1;1
3792;31329.42;50;3.22;1;1
3793;30303.03;50;3.13;1;1
3794;29276.64;50;3.03;1;1
3795;28250.24;50;2.93;1;1
3796;27419.35;50;2.83;1;1
3797;26295.21;50;2.74;1;1
3798;25415.45;50;2.63;1;1
3799;24291.30;50;2.54;1;1
3800;23411.54;50;2.43;1;1
3801;22434.02;50;2.34;1;1
3802;21456.50;50;2.24;1;1
3803;20381.23;50;2.15;1;1
3804;19354.84;50;2.04;1;1
3805;18426.20;50;1.94;1;1
3806;17497.56;50;1.84;1;1
3807;16471.16;50;1.75;1;1
3808;15640.27;50;1.65;1;1
3809;14516.13;50;1.56;1;1
3810;13636.36;50;1.45;1;1
3811;12609.97;50;1.36;1;1
3812;11730.21;50;1.26;1;1
3813;10703.81;50;1.17;1;1
3814;9872.92;50;1.07;1;1
3815;8846.53;50;0.99;1;1
3816;1505.38;50;0.88;1;0
3817;5953.08;50;0.15;1;0
3818;5151.52;50;0.60;1;0
3819;4379.28;50;0.52;1;0
3820;3655.91;50;0.44;1;0
3821;2932.55;50;0.37;1;0
3822;2209.19;50;0.29;1;0
3823;1456.50;50;0.22;1;0
3824;752.69;50;0.15;1;0
3825;68.43;50;0.08;1;0
3826;0.00;50;0.01;1;0
3827;0.00;50;0.00;1;0
3828;0.00;50;0.00;1;0
3829;0.00;50;0.00;1;0
3830;0.00;50;0.00;1;0
3831;0.00;50;0.00;1;0
3832;0.00;50;0.00;1;0
3833;0.00;50;0.00;1;0
3834;0.00;50;0.00;1;0
3835;0.00;50;0.00;1;0
3836;0.00;50;0.00;1;0
3837;0.00;50;0.00;1;0
3838;0.00;50;0.00;1;0
3839;0.00;50;0.00;1;0
3840;0.00;50;0.00;1;0
3841;0.00;50;0.00;1;0
3842;0.00;50;0.00;1;0
3843;0.00;50;0.00;1;0
3844;0.00;50;0.00;1;0
3845;0.00;50;0.00;1;0
3846;0.00;50;0.00;1;0
3847;0.00;50;0.00;1;0
3848;0.00;50;0.00;1;0
3849;0.00;50;0.00;1;0
3850;0.00;50;0.00;1;0
3851;0.00;50;0.00;1;0
3852;0.00;50;0.00;1;0
3853;0.00;50;0.00;1;0
3854;0.00;50;0.00;1;0
3855;0.00;50;0.00;1;0
3856;0.00;50;0.00;1;0
3857;0.00;50;0.00;1;0
3858;0.00;50;0.00;1;0
3859;0.00;50;0.00;1;0
3860;0.00;50;0.00;1;0
3861;0.00;50;0.00;1;0
3862;0.00;50;0.00;1;0
3863;0.00;50;0.00;1;0
3864;0.00;50;0.00;1;0
3865;0.00;50;0.00;1;0
3866;0.00;50;0.00;1;0
3867;0.00;50;0.00;1;0
3868;0.00;50;0.00;1;0
3869;0.00;50;0.00;1;0
3870;0.00;50;0.00;1;0
3871;0.00;50;0.00;1;0
3872;0.00;50;0.00;1;0
3873;0.00;50;0.00;1;0
3874;0.00;50;0.00;1;0
3875;0.00;50;0.00;1;0
3876;0.00;50;0.00;1;0
3877;0.00;50;0.00;1;0
3878;0.00;50;0.00;1;0
3879;0.00;50;0.00;1;0
3880;0.00;50;0.00;1;0
3881;0.00;50;0.00;1;0
3882;0.00;50;0.00;1;0
3883;0.00;50;0.00;1;0
3884;0.00;50;0.00;1;0
3885;0.00;50;0.00;1;0
3886;0.00;50;0.00;1;0
3887;0.00;50;0.00;1;0
3888;0.00;50;0.00;1;0
3889;0.00;50;0.00;1;0
3890;0.00;50;0.00;1;0
3891;0.00;50;0.00;1;0
3892;0.00;50;0.00;1;0
3893;0.00;50;0.00;1;0
3894;0.00;50;0.00;1;0
3895;0.00;50;0.00;1;0
3896;0.00;50;0.00;1;0
3897;0.00;50;0.00;1;0
3898;0.00;50;0.00;1;0
3899;0.00;50;0.00;1;0
3900;0.00;50;0.00;1;0
3901;0.00;50;0.00;1;0
3902;0.00;50;0.00;1;0
3903;0.00;50;0.00;1;0
3904;0.00;50;0.00;1;0
3905;0.00;50;0.00;1;0
3906;0.00;50;0.00;1;0
3907;0.00;50;0.00;1;0
3908;0.00;50;0.00;1;0
3909;0.00;50;0.00;1;0
3910;0.00;50;0.00;1;0
3911;0.00;50;0.00;1;0
3912;0.00;50;0.00;1;0
3913;0.00;50;0.00;1;0
3914;0.00;50;0.00;1;0
3915;0.00;50;0.00;1;0
3916;0.00;50;0.00;1;0
3917;0.00;50;0.00;1;0
3918;0.00;50;0.00;1;0
3919;0.00;50;0.00;1;0
3920;0.00;50;0.00;1;0
3921;0.00;50;0.00;1;0
3922;0.00;50;0.00;1;0
3923;0.00;50;0.00;1;0
3924;0.00;50;0.00;1;0
3925;0.00;50;0.00;1;0
3926;0.00;50;0.00;1;0
3927;0.00;50;0.00;1;0
3928;0.00;50;0.00;1;0
3929;0.00;50;0.00;1;0
3930;0.00;50;0.00;1;0
3931;0.00;50;0.00;1;0
3932;0.00;50;0.00;1;0
3933;0.00;50;0.00;1;0
3934;0.00;50;0.00;1;0
3935;0.00;50;0.00;1;0
3936;0.00;50;0.00;1;0
3937;0.00;50;0.00;1;0
3938;0.00;50;0.00;1;0
3939;0.00;50;0.00;1;0
3940;0.00;50;0.00;1;0
3941;0.00;50;0.00;1;0
3942;0.00;50;0.00;1;0
3943;0.00;50;0.00;1;0
3944;0.00;50;0.00;1;0
3945;0.00;50;0.00;1;0
3946;0.00;50;0.00;1;0
3947;0.00;50;0.00;1;0
3948;0.00;50;0.00;1;0
3949;0.00;50;0.00;1;0
3950;0.00;50;0.00;1;0
3951;0.00;50;0.00;1;0
3952;0.00;50;0.00;1;0
3953;0.00;50;0.00;1;0
3954;0.00;50;0.00;1;0
3955;0.00;50;0.00;1;0
3956;0.00;50;0.00;1;0
3957;0.00;50;0.00;1;0
3958;0.00;50;0.00;1;0
3959;0.00;50;0.00;1;0
3960;0.00;50;0.00;1;0
3961;0.00;50;0.00;1;0
3963;0.00;50;0.00;1;0
3965;0.00;50;0.00;1;0
3965;0.00;50;0.00;1;0
3965;0.00;50;0.00;1;0
3966;0.00;50;0.00;1;0
3967;0.00;50;0.00;1;0
3968;0.00;50;0.00;1;0
3969;0.00;50;0.00;1;0
3970;0.00;50;0.00;1;0
3971;0.00;50;0.00;1;0
3972;0.00;50;0.00;1;0
3973;0.00;50;0.00;1;0
3974;0.00;50;0.00;1;0
3975;0.00;50;0.00;1;0
3976;0.00;50;0.00;1;0
3977;0.00;50;0.00;1;0
3978;0.00;50;0.00;1;0
3979;0.00;50;0.00;1;0
3980;0.00;50;0.00;1;0
3981;0.00;50;0.00;1;0
3982;0.00;50;0.00;1;0
3983;0.00;50;0.00;1;0
3984;0.00;50;0.00;1;0
3985;0.00;50;0.00;1;0
3986;0.00;50;0.00;1;0
3987;0.00;50;0.00;1;0
3988;0.00;50;0.00;1;0
3989;0.00;50;0.00;1;0
3990;0.00;50;0.00;1;0
3991;0.00;50;0.00;1;0
3992;0.00;50;0.00;1;0
3993;0.00;50;0.00;1;0
3994;0.00;50;0.00;1;0
3995;0.00;50;0.00;1;0
3996;0.00;50;0.00;1;0
3997;0.00;50;0.00;1;0
3998;0.00;50;0.00;1;0
3999;0.00;50;0.00;1;0
4000;0.00;50;0.00;1;0
4001;0.00;50;0.00;1;0
4002;0.00;50;0.00;1;0
4003;0.00;50;0.00;1;0
4004;0.00;50;0.00;1;0
4005;0.00;50;0.00;1;0
4006;0.00;50;0.00;1;0
4007;0.00;50;0.00;1;0
4008;0.00;50;0.00;1;0
4009;0.00;50;0.00;1;0
4010;0.00;50;0.00;1;0
4011;0.00;50;0.00;1;0
4012;0.00;50;0.00;1;0
4013;0.00;50;0.00;1;0
4014;0.00;50;0.00;1;0
4015;0.00;50;0.00;1;0
4016;0.00;50;0.00;1;0
4017;0.00;50;0.00;1;0
4018;0.00;50;0.00;1;0
4019;0.00;50;0.00;1;0
4020;0.00;50;0.00;1;0
4021;0.00;50;0.00;1;0
4022;0.00;50;0.00;1;0
4023;0.00;50;0.00;1;0
4024;0.00;50;0.00;1;0
4025;0.00;50;0.00;1;0
4026;0.00;50;0.00;1;0
4027;0.00;50;0.00;1;0
4028;0.00;50;0.00;1;0
4029;0.00;50;0.00;1;0
4030;0.00;50;0.00;1;0
4031;0.00;50;0.00;1;0
4032;0.00;50;0.00;1;0
4033;0.00;50;0.00;1;0
4034;0.00;50;0.00;1;0
4035;0.00;50;0.00;1;0
4036;0.00;50;0.00;1;0
4037;0.00;50;0.00;1;0
4038;0.00;50;0.00;1;0
4039;0.00;50;0.00;1;0
4040;0.00;50;0.00;1;0
4041;0.00;50;0.00;1;0
4042;0.00;50;0.00;1;0
4043;0.00;50;0.00;1;0
4044;0.00;50;0.00;1;0
4045;0.00;50;0.00;1;0
4046;0.00;50;0.00;1;0
4047;0.00;50;0.00;1;0
4048;0.00;50;0.00;1;0
4049;0.00;50;0.00;1;0
4050;0.00;50;0.00;1;0
4051;0.00;50;0.00;1;0
4052;0.00;50;0.00;1;0
4053;0.00;50;0.00;1;0
4054;0.00;50;0.00;1;0
4055;0.00;50;0.00;1;0
4056;0.00;50;0.00;1;0
4057;0.00;50;0.00;1;0
4058;0.00;50;0.00;1;0
4059;0.00;50;0.00;1;0
4060;0.00;50;0.00;1;0
4061;0.00;50;0.00;1;0
4062;0.00;50;0.00;1;0
4063;0.00;50;0.00;1;0
4064;0.00;50;0.00;1;0
4065;0.00;50;0.00;1;0
4066;0.00;50;0.00;1;0
4067;0.00;50;0.00;1;0
4068;0.00;50;0.00;1;0
4069;0.00;50;0.00;1;0
4070;0.00;50;0.00;1;0
4071;0.00;50;0.00;1;0
4072;0.00;50;0.00;1;0
4073;0.00;50;0.00;1;0
4074;0.00;50;0.00;1;0
4075;0.00;50;0.00;1;0
4076;0.00;50;0.00;1;0
4077;0.00;50;0.00;1;0
4078;0.00;50;0.00;1;0
4079;0.00;50;0.00;1;0
4080;0.00;50;0.00;1;0
4081;0.00;50;0.00;1;0
4082;0.00;50;0.00;1;0
4083;0.00;50;0.00;1;0
4084;0.00;50;0.00;1;0
4085;0.00;50;0.00;1;0
4086;0.00;50;0.00;1;0
4087;0.00;50;0.00;1;0
4088;0.00;50;0.00;1;0
4089;0.00;50;0.00;1;0
4090;0.00;50;0.00;1;0
4091;0.00;50;0.00;1;0
4092;0.00;50;0.00;1;0
4093;0.00;50;0.00;1;0
4094;0.00;50;0.00;1;0
4095;0.00;50;0.00;1;0
4096;0.00;50;0.00;1;0
4097;0.00;50;0.00;1;0
4098;0.00;50;0.00;1;0
4099;0.00;50;0.00;1;0
4100;0.00;50;0.00;1;0
4101;0.00;50;0.00;1;0
4102;0.00;50;0.00;1;0
4103;0.00;50;0.00;1;0
4104;0.00;50;0.00;1;0
4105;0.00;50;0.00;1;0
4106;0.00;50;0.00;1;0
4107;0.00;50;0.00;1;0
4108;0.00;50;0.00;1;0
4109;0.00;50;0.00;1;0
4110;0.00;50;0.00;1;0
4111;0.00;50;0.00;1;0
4112;0.00;50;0.00;1;0
4113;0.00;50;0.00;1;0
4114;0.00;50;0.00;1;0
4115;0.00;50;0.00;1;0
4116;0.00;50;0.00;1;0
4117;0.00;50;0.00;1;0
4118;0.00;50;0.00;1;0
4119;0.00;50;0.00;1;0
4120;0.00;50;0.00;1;0
4121;0.00;50;0.00;1;0
4122;0.00;50;0.00;1;0
4123;0.00;50;0.00;1;0
4124;0.00;50;0.00;1;0
4125;0.00;50;0.00;1;0
4126;0.00;50;0.00;1;0
4127;0.00;50;0.00;1;0
4128;0.00;50;0.00;1;0
4129;0.00;50;0.00;1;0
4130;0.00;50;0.00;1;0
4131;0.00;50;0.00;1;0
4132;0.00;50;0.00;1;0
4133;0.00;50;0.00;1;0
4134;0.00;50;0.00;1;0
4135;0.00;50;0.00;1;0
4136;0.00;50;0.00;1;0
4137;0.00;50;0.00;1;0
4138;0.00;50;0.00;1;0
4139;0.00;50;0.00;1;0
4140;0.00;50;0.00;1;0
4141;0.00;50;0.00;1;0
4142;0.00;50;0.00;1;0
4143;0.00;50;0.00;1;0
4144;0.00;50;0.00;1;0
4145;0.00;50;0.00;1;0
4146;0.00;50;0.00;1;0
4147;0.00;50;0.00;1;0
4148;0.00;50;0.00;1;0
4149;0.00;50;0.00;1;0
4150;0.00;50;0.00;1;0
4151;0.00;50;0.00;1;0
4152;0.00;50;0.00;1;0
4153;0.00;50;0.00;1;0
4154;0.00;50;0.00;1;0
4155;0.00;50;0.00;1;0
4156;0.00;50;0.00;1;0
4157;0.00;50;0.00;1;0
4158;0.00;50;0.00;1;0
4159;0.00;50;0.00;1;0
4160;0.00;50;0.00;1;0
4161;0.00;50;0.00;1;0
4162;0.00;50;0.00;1;0
4163;0.00;50;0.00;1;0
4164;0.00;50;0.00;1;0
4165;0.00;50;0.00;1;0
4166;0.00;50;0.00;1;0
4167;0.00;50;0.00;1;0
4168;0.00;50;0.00;1;0
4169;0.00;50;0.00;1;0
4170;0.00;50;0.00;1;0
4171;0.00;50;0.00;1;0
4172;0.00;50;0.00;1;0
4173;0.00;50;0.00;1;0
4174;0.00;50;0.00;1;0
4175;0.00;50;0.00;1;0
4176;0.00;50;0.00;1;0
4177;0.00;50;0.00;1;0
4178;0.00;50;0.00;1;0
4179;0.00;50;0.00;1;0
4180;0.00;50;0.00;1;0
4181;0.00;50;0.00;1;0
4182;0.00;50;0.00;1;0
4183;0.00;50;0.00;1;0
4184;0.00;50;0.00;1;0
4185;0.00;50;0.00;1;0
4186;0.00;50;0.00;1;0
4187;0.00;50;0.00;1;0
4188;0.00;50;0.00;1;0
4189;0.00;50;0.00;1;0
4190;0.00;50;0.00;1;0
4191;0.00;50;0.00;1;0
4192;0.00;50;0.00;1;0
4193;0.00;50;0.00;1;0
4194;0.00;50;0.00;1;0
4195;0.00;50;0.00;1;0
4196;0.00;50;0.00;1;0
4197;0.00;50;0.00;1;0
4198;0.00;50;0.00;1;0
4199;0.00;50;0.00;1;0
4200;0.00;50;0.00;1;0
4201;0.00;50;0.00;1;0
4202;0.00;50;0.00;1;0
4203;0.00;50;0.00;1;0
4204;0.00;50;0.00;1;0
4205;0.00;50;0.00;1;0
4206;0.00;50;0.00;1;0
4207;0.00;50;0.00;1;0
4208;0.00;50;0.00;1;0
4209;0.00;50;0.00;1;0
4210;0.00;50;0.00;1;0
4211;0.00;50;0.00;1;0
4212;0.00;50;0.00;1;0
4213;0.00;50;0.00;1;0
4214;0.00;50;0.00;1;0
4215;0.00;50;0.00;1;0
4216;0.00;50;0.00;1;0
4217;0.00;50;0.00;1;0
4218;0.00;50;0.00;1;0
4219;0.00;50;0.00;1;0
4220;0.00;50;0.00;1;0
4221;0.00;50;0.00;1;0
4222;0.00;50;0.00;1;0
4223;0.00;50;0.00;1;0
4224;0.00;50;0.00;1;0
4225;0.00;50;0.00;1;0
4226;0.00;50;0.00;1;0
4227;0.00;50;0.00;1;0
4228;0.00;50;0.00;1;0
4229;0.00;50;0.00;1;0
4230;0.00;50;0.00;1;0
4231;0.00;50;0.00;1;0
4232;0.00;50;0.00;1;0
4233;0.00;50;0.00;1;0
4234;0.00;50;0.00;1;0
4235;0.00;50;0.00;1;0
4236;0.00;50;0.00;1;0
4237;0.00;50;0.00;1;0
4238;0.00;50;0.00;1;0
4239;0.00;50;0.00;1;0
4240;0.00;50;0.00;1;0
4241;0.00;50;0.00;1;0
4242;0.00;50;0.00;1;0
4243;0.00;50;0.00;1;0
4244;0.00;50;0.00;1;0
4245;0.00;50;0.00;1;0
4246;0.00;50;0.00;1;0
4247;0.00;50;0.00;1;0
4248;0.00;50;0.00;1;0
4249;0.00;50;0.00;1;0
4250;0.00;50;0.00;1;0
4251;0.00;50;0.00;1;0
4252;0.00;50;0.00;1;0
4253;0.00;50;0.00;1;0
4254;0.00;50;0.00;1;0
4255;0.00;50;0.00;1;0
4256;0.00;50;0.00;1;0
4257;0.00;50;0.00;1;0
4258;0.00;50;0.00;1;0
4259;0.00;50;0.00;1;0
4260;0.00;50;0.00;1;0
4261;0.00;50;0.00;1;0
4262;0.00;50;0.00;1;0
4264;0.00;50;0.00;1;0
4264;0.00;50;0.00;1;0
4265;0.00;50;0.00;1;0
4266;0.00;50;0.00;1;0
4267;0.00;50;0.00;1;0
4268;0.00;50;0.00;1;0
4269;0.00;50;0.00;1;0
4270;0.00;50;0.00;1;0
4271;0.00;50;0.00;1;0
4272;0.00;50;0.00;1;0
4273;0.00;50;0.00;1;0
4274;0.00;50;0.00;1;0
4275;0.00;50;0.00;1;0
4276;0.00;50;0.00;1;0
4277;0.00;50;0.00;1;0
4278;0.00;50;0.00;1;0
4279;0.00;50;0.00;1;0
4280;0.00;50;0.00;1;0
4281;0.00;50;0.00;1;0
4282;0.00;50;0.00;1;0
4283;0.00;50;0.00;1;0
4284;0.00;50;0.00;1;0
4285;0.00;50;0.00;1;0
4286;0.00;50;0.00;1;0
4287;0.00;50;0.00;1;0
4288;0.00;50;0.00;1;0
4289;0.00;50;0.00;1;0
4290;0.00;50;0.00;1;0
4291;0.00;50;0.00;1;0
4292;0.00;50;0.00;1;0
4293;0.00;50;0.00;1;0
4294;0.00;50;0.00;1;0
4295;0.00;50;0.00;1;0
4296;0.00;50;0.00;1;0
4297;0.00;50;0.00;1;0
4298;0.00;50;0.00;1;0
4299;0.00;50;0.00;1;0
4300;0.00;50;0.00;1;0
4301;0.00;50;0.00;1;0
4302;0.00;50;0.00;1;0
4303;0.00;50;0.00;1;0
4304;0.00;50;0.00;1;0
4305;0.00;50;0.00;1;0
4306;0.00;50;0.00;1;0
4307;0.00;50;0.00;1;0
4308;0.00;50;0.00;1;0
4309;0.00;50;0.00;1;0
4310;0.00;50;0.00;1;0
4311;0.00;50;0.00;1;0
4312;0.00;50;0.00;1;0
4313;0.00;50;0.00;1;0
4314;0.00;50;0.00;1;0
4315;0.00;50;0.00;1;0
4316;0.00;50;0.00;1;0
4317;0.00;50;0.00;1;0
4318;0.00;50;0.00;1;0
4319;0.00;50;0.00;1;0
4320;0.00;50;0.00;1;0
4321;0.00;50;0.00;1;0
4322;0.00;50;0.00;1;0
4323;0.00;50;0.00;1;0
4324;0.00;50;0.00;1;0
4325;0.00;50;0.00;1;0
4326;0.00;50;0.00;1;0
4327;0.00;50;0.00;1;0
4328;0.00;50;0.00;1;0
4329;0.00;50;0.00;1;0
4330;0.00;50;0.00;1;0
4331;0.00;50;0.00;1;0
4332;0.00;50;0.00;1;0
4333;0.00;50;0.00;1;0
4334;0.00;50;0.00;1;0
4335;0.00;50;0.00;1;0
4336;0.00;50;0.00;1;0
4337;0.00;50;0.00;1;0
4338;0.00;50;0.00;1;0
4339;0.00;50;0.00;1;0
4340;0.00;50;0.00;1;0
4341;0.00;50;0.00;1;0
4342;0.00;50;0.00;1;0
4343;0.00;50;0.00;1;0
4344;0.00;50;0.00;1;0
4345;0.00;50;0.00;1;0
4346;0.00;50;0.00;1;0
4347;0.00;50;0.00;1;0
4348;0.00;50;0.00;1;0
4349;0.00;50;0.00;1;0
4350;0.00;50;0.00;1;0
4351;0.00;50;0.00;1;0
4352;0.00;50;0.00;1;0
4353;0.00;50;0.00;1;0
4354;0.00;50;0.00;1;0
4355;0.00;50;0.00;1;0
4356;0.00;50;0.00;1;0
4357;0.00;50;0.00;1;0
4358;0.00;50;0.00;1;0
4359;0.00;50;0.00;1;0
4360;0.00;50;0.00;1;0
4361;0.00;50;0.00;1;0
4362;0.00;50;0.00;1;0
4363;0.00;50;0.00;1;0
4364;0.00;50;0.00;1;0
4365;0.00;50;0.00;1;0
4366;0.00;50;0.00;1;0
4367;0.00;50;0.00;1;0
4368;0.00;50;0.00;1;0
4369;0.00;50;0.00;1;0
4370;0.00;50;0.00;1;0
4371;0.00;50;0.00;1;0
4372;0.00;50;0.00;1;0
4373;0.00;50;0.00;1;0
4374;0.00;50;0.00;1;0
4375;0.00;50;0.00;1;0
4376;0.00;50;0.00;1;0
4377;0.00;50;0.00;1;0
4378;0.00;50;0.00;1;0
4379;0.00;50;0.00;1;0
4380;0.00;50;0.00;1;0
4381;0.00;50;0.00;1;0
4382;0.00;50;0.00;1;0
4383;0.00;50;0.00;1;0
4384;0.00;50;0.00;1;0
4385;0.00;50;0.00;1;0
4386;0.00;50;0.00;1;0
4387;0.00;50;0.00;1;0
4388;0.00;50;0.00;1;0
4389;0.00;50;0.00;1;0
4390;0.00;50;0.00;1;0
4391;0.00;50;0.00;1;0
4392;0.00;50;0.00;1;0
4393;0.00;50;0.00;1;0
4394;0.00;50;0.00;1;0
4395;0.00;50;0.00;1;0
4396;0.00;50;0.00;1;0
4397;0.00;50;0.00;1;0
4398;0.00;50;0.00;1;0
4399;0.00;50;0.00;1;0
4400;0.00;50;0.00;1;0
4401;0.00;50;0.00;1;0
4402;0.00;50;0.00;1;0
4403;0.00;50;0.00;1;0
4404;0.00;50;0.00;1;0
4405;0.00;50;0.00;1;0
4406;0.00;50;0.00;1;0
4407;0.00;50;0.00;1;0
4408;0.00;50;0.00;1;0
4409;0.00;50;0.00;1;0
4410;0.00;50;0.00;1;0
4411;0.00;50;0.00;1;0
4412;0.00;50;0.00;1;0
4413;0.00;50;0.00;1;0
4414;0.00;50;0.00;1;0
4415;0.00;50;0.00;1;0
4416;0.00;50;0.00;1;0
4417;0.00;50;0.00;1;0
4418;0.00;50;0.00;1;0
4419;0.00;50;0.00;1;0
4420;0.00;50;0.00;1;0
4421;0.00;50;0.00;1;0
4422;0.00;50;0.00;1;0
4423;0.00;50;0.00;1;0
4424;0.00;50;0.00;1;0
4425;0.00;50;0.00;1;0
4426;0.00;50;0.00;1;0
4427;0.00;50;0.00;1;0
4428;0.00;50;0.00;1;0
4429;0.00;50;0.00;1;0
4430;0.00;50;0.00;1;0
4431;0.00;50;0.00;1;0
4432;0.00;50;0.00;1;0
4433;0.00;50;0.00;1;0
4434;0.00;50;0.00;1;0
4435;0.00;50;0.00;1;0
4436;0.00;50;0.00;1;0
4437;0.00;50;0.00;1;0
4438;0.00;50;0.00;1;0
4439;0.00;50;0.00;1;0
4440;0.00;50;0.00;1;0
4441;0.00;50;0.00;1;0
4442;0.00;50;0.00;1;0
4443;0.00;50;0.00;1;0
4444;0.00;50;0.00;1;0
4445;0.00;50;0.00;1;0
4446;0.00;50;0.00;1;0
4447;0.00;50;0.00;1;0
4448;0.00;50;0.00;1;0
4449;0.00;50;0.00;1;0
4450;0.00;50;0.00;1;0
4451;0.00;50;0.00;1;0
4452;0.00;50;0.00;1;0
4453;0.00;50;0.00;1;0
4454;0.00;50;0.00;1;0
4455;0.00;50;0.00;1;0
4456;0.00;50;0.00;1;0
4457;0.00;50;0.00;1;0
4458;0.00;50;0.00;1;0
4459;0.00;50;0.00;1;0
4460;0.00;50;0.00;1;0
4461;0.00;50;0.00;1;0
4462;0.00;50;0.00;1;0
4463;0.00;50;0.00;1;0
4464;0.00;50;0.00;1;0
4465;0.00;50;0.00;1;0
4466;0.00;50;0.00;1;0
4467;0.00;50;0.00;1;0
4468;0.00;50;0.00;1;0
4469;0.00;50;0.00;1;0
4470;0.00;50;0.00;1;0
4471;0.00;50;0.00;1;0
4472;0.00;50;0.00;1;0
4473;0.00;50;0.00;1;0
4474;0.00;50;0.00;1;0
4475;0.00;50;0.00;1;0
4476;0.00;50;0.00;1;0
4477;0.00;50;0.00;1;0
4478;0.00;50;0.00;1;0
4479;0.00;50;0.00;1;0
4480;0.00;50;0.00;1;0
4481;0.00;50;0.00;1;0
4482;0.00;50;0.00;1;0
4483;0.00;50;0.00;1;0
4484;0.00;50;0.00;1;0
4485;0.00;50;0.00;1;0
4486;0.00;50;0.00;1;0
4487;0.00;50;0.00;1;0
4488;0.00;50;0.00;1;0
4489;0.00;50;0.00;1;0
4490;0.00;50;0.00;1;0
4491;0.00;50;0.00;1;0
4492;0.00;50;0.00;1;0
4493;0.00;50;0.00;1;0
4494;0.00;50;0.00;1;0
4495;0.00;50;0.00;1;0
4496;0.00;50;0.00;1;0
4497;0.00;50;0.00;1;0
4498;0.00;50;0.00;1;0
4499;0.00;50;0.00;1;0
4500;0.00;50;0.00;1;0
4501;0.00;50;0.00;1;0
4502;0.00;50;0.00;1;0
4503;0.00;50;0.00;1;0
4504;0.00;50;0.00;1;0
4505;0.00;50;0.00;1;0
4506;0.00;50;0.00;1;0
4507;0.00;50;0.00;1;0
4508;0.00;50;0.00;1;0
4509;0.00;50;0.00;1;0
4510;0.00;50;0.00;1;0
4511;0.00;50;0.00;1;0
4512;0.00;50;0.00;1;0
4513;0.00;50;0.00;1;0
4514;0.00;50;0.00;1;0
4515;0.00;50;0.00;1;0
4516;0.00;50;0.00;1;0
4517;0.00;50;0.00;1;0
4518;0.00;50;0.00;1;0
4519;0.00;50;0.00;1;0
4520;0.00;50;0.00;1;0
4521;0.00;50;0.00;1;0
4522;0.00;50;0.00;1;0
4523;0.00;50;0.00;1;0
4524;0.00;50;0.00;1;0
4525;0.00;50;0.00;1;0
4526;0.00;50;0.00;1;0
4527;0.00;50;0.00;1;0
4528;0.00;50;0.00;1;0
4529;0.00;50;0.00;1;0
4530;0.00;50;0.00;1;0
4531;0.00;50;0.00;1;0
4532;0.00;50;0.00;1;0
4533;0.00;50;0.00;1;0
4534;0.00;50;0.00;1;0
4535;0.00;50;0.00;1;0
4536;0.00;50;0.00;1;0
4537;0.00;50;0.00;1;0
4538;0.00;50;0.00;1;0
4539;0.00;50;0.00;1;0
4540;0.00;50;0.00;1;0
4541;0.00;50;0.00;1;0
4542;0.00;50;0.00;1;0
4543;0.00;50;0.00;1;0
4544;0.00;50;0.00;1;0
4545;0.00;50;0.00;1;0
4546;0.00;50;0.00;1;0
4547;0.00;50;0.00;1;0
4548;0.00;50;0.00;1;0
4549;0.00;50;0.00;1;0
4550;0.00;50;0.00;1;0
4551;0.00;50;0.00;1;0
4552;0.00;50;0.00;1;0
4553;0.00;50;0.00;1;0
4554;0.00;50;0.00;1;0
4555;0.00;50;0.00;1;0
4556;0.00;50;0.00;1;0
4557;0.00;50;0.00;1;0
4558;0.00;50;0.00;1;0
4559;0.00;50;0.00;1;0
4560;0.00;50;0.00;1;0
4561;0.00;50;0.00;1;0
4562;0.00;50;0.00;1;0
4563;0.00;50;0.00;1;0
4564;0.00;50;0.00;1;0
4565;0.00;50;0.00;1;0
4566;0.00;50;0.00;1;0
4567;0.00;50;0.00;1;0
4568;0.00;50;0.00;1;0
4569;0.00;50;0.00;1;0
4570;0.00;50;0.00;1;0
4571;0.00;50;0.00;1;0
4572;0.00;50;0.00;1;0
4573;0.00;50;0.00;1;0
4574;0.00;50;0.00;1;0
4575;0.00;50;0.00;1;0
4576;0.00;50;0.00;1;0
4577;0.00;50;0.00;1;0
4578;0.00;50;0.00;1;0
4579;0.00;50;0.00;1;0
4580;0.00;50;0.00;1;0
4581;0.00;50;0.00;1;0
4582;0.00;50;0.00;1;0
4583;0.00;50;0.00;1;0
4584;0.00;50;0.00;1;0
4585;0.00;50;0.00;1;0
4586;0.00;50;0.00;1;0
4587;0.00;50;0.00;1;0
4588;0.00;50;0.00;1;0
4589;0.00;50;0.00;1;0
4590;0.00;50;0.00;1;0
4591;0.00;50;0.00;1;0
4592;0.00;50;0.00;1;0
4593;0.00;50;0.00;1;0
4594;0.00;50;0.00;1;0
4595;0.00;50;0.00;1;0
4596;0.00;50;0.00;1;0
4597;0.00;50;0.00;1;0
4598;0.00;50;0.00;1;0
4599;0.00;50;0.00;1;0
4600;0.00;50;0.00;1;0
4601;0.00;50;0.00;1;0
4602;0.00;50;0.00;1;0
4603;0.00;50;0.00;1;0
4604;0.00;50;0.00;1;0
4605;0.00;50;0.00;1;0
4606;0.00;50;0.00;1;0
4607;0.00;50;0.00;1;0
4608;0.00;50;0.00;1;0
4609;0.00;50;0.00;1;0
4610;0.00;50;0.00;1;0
4611;0.00;50;0.00;1;0
4612;0.00;50;0.00;1;0
4613;0.00;50;0.00;1;0
4614;0.00;50;0.00;1;0
4615;0.00;50;0.00;1;0
4616;0.00;50;0.00;1;0
4617;0.00;50;0.00;1;0
4618;0.00;50;0.00;1;0
4619;0.00;50;0.00;1;0
4620;0.00;50;0.00;1;0
4621;0.00;50;0.00;1;0
4622;0.00;50;0.00;1;0
4623;0.00;50;0.00;1;0
4624;0.00;50;0.00;1;0
4625;0.00;50;0.00;1;0
4626;0.00;50;0.00;1;0
4627;0.00;50;0.00;1;0
4628;0.00;50;0.00;1;0
4629;0.00;50;0.00;1;0
4630;0.00;50;0.00;1;0
4631;0.00;50;0.00;1;0
4632;0.00;50;0.00;1;0
4633;0.00;50;0.00;1;0
4634;0.00;50;0.00;1;0
4635;0.00;50;0.00;1;0
4636;0.00;50;0.00;1;0
4637;0.00;50;0.00;1;0
4638;0.00;50;0.00;1;0
4639;0.00;50;0.00;1;0
4640;0.00;50;0.00;1;0
4641;0.00;50;0.00;1;0
4642;0.00;50;0.00;1;0
4643;0.00;50;0.00;1;0
4644;0.00;50;0.00;1;0
4645;0.00;50;0.00;1;0
4646;0.00;50;0.00;1;0
4647;0.00;50;0.00;1;0
4648;0.00;50;0.00;1;0
4649;0.00;50;0.00;1;0
4650;0.00;50;0.00;1;0
4651;0.00;50;0.00;1;0
4652;0.00;50;0.00;1;0
4653;0.00;50;0.00;1;0
4654;0.00;50;0.00;1;0
4655;0.00;50;0.00;1;0
4656;0.00;50;0.00;1;0
4657;0.00;50;0.00;1;0
4658;0.00;50;0.00;1;0
4659;0.00;50;0.00;1;0
4660;0.00;50;0.00;1;0
4661;0.00;50;0.00;1;0
4662;0.00;50;0.00;1;0
4663;0.00;50;0.00;1;0
4664;0.00;50;0.00;1;0
4665;0.00;50;0.00;1;0
4666;0.00;50;0.00;1;0
4667;0.00;50;0.00;1;0
4668;0.00;50;0.00;1;0
4669;0.00;50;0.00;1;0
4670;0.00;50;0.00;1;0
4671;0.00;50;0.00;1;0
4672;0.00;50;0.00;1;0
4673;0.00;50;0.00;1;0
4674;0.00;50;0.00;1;0
4675;0.00;50;0.00;1;0
4676;0.00;50;0.00;1;0
4677;0.00;50;0.00;1;0
4678;0.00;50;0.00;1;0
4679;0.00;50;0.00;1;0
4680;0.00;50;0.00;1;0
4681;0.00;50;0.00;1;0
4682;0.00;50;0.00;1;0
4683;0.00;50;0.00;1;0
4684;0.00;50;0.00;1;0
4685;0.00;50;0.00;1;0
4686;0.00;50;0.00;1;0
4687;0.00;50;0.00;1;0
4688;0.00;50;0.00;1;0
4689;0.00;50;0.00;1;0
4690;0.00;50;0.00;1;0
4691;0.00;50;0.00;1;0
4692;0.00;50;0.00;1;0
4693;0.00;50;0.00;1;0
4694;0.00;50;0.00;1;0
4695;0.00;50;0.00;1;0
4696;0.00;50;0.00;1;0
4697;0.00;50;0.00;1;0
4698;0.00;50;0.00;1;0
4699;0.00;50;0.00;1;0
4700;0.00;50;0.00;1;0
4701;0.00;50;0.00;1;0
4702;0.00;50;0.00;1;0
4703;0.00;50;0.00;1;0
4704;0.00;50;0.00;1;0
4705;0.00;50;0.00;1;0
4706;0.00;50;0.00;1;0
4707;0.00;50;0.00;1;0
4708;0.00;50;0.00;1;0
4709;0.00;50;0.00;1;0
4710;0.00;50;0.00;1;0
4711;0.00;50;0.00;1;0
4712;0.00;50;0.00;1;0
4713;0.00;50;0.00;1;0
4714;0.00;50;0.00;1;0
4715;0.00;50;0.00;1;0
4716;0.00;50;0.00;1;0
4717;0.00;50;0.00;1;0
4718;0.00;50;0.00;1;0
4719;0.00;50;0.00;1;0
4720;0.00;50;0.00;1;0
4721;0.00;50;0.00;1;0
4722;0.00;50;0.00;1;0
4723;0.00;50;0.00;1;0
4724;0.00;50;0.00;1;0
4725;0.00;50;0.00;1;0
4726;0.00;50;0.00;1;0
4727;0.00;50;0.00;1;0
4728;0.00;50;0.00;1;0
4729;0.00;50;0.00;1;0
4730;0.00;50;0.00;1;0
4731;0.00;50;0.00;1;0
4732;0.00;50;0.00;1;0
4733;0.00;50;0.00;1;0
4734;0.00;50;0.00;1;0
4735;0.00;50;0.00;1;0
4736;0.00;50;0.00;1;0
4737;0.00;50;0.00;1;0
4738;0.00;50;0.00;1;0
4739;0.00;50;0.00;1;0
4740;0.00;50;0.00;1;0
4741;0.00;50;0.00;1;0
4742;0.00;50;0.00;1;0
4743;0.00;50;0.00;1;0
4744;0.00;50;0.00;1;0
4745;0.00;50;0.00;1;0
4746;0.00;50;0.00;1;0
4747;0.00;50;0.00;1;0
4748;0.00;50;0.00;1;0
4749;0.00;50;0.00;1;0
4750;0.00;50;0.00;1;0
4751;0.00;50;0.00;1;0
4752;0.00;50;0.00;1;0
4753;0.00;50;0.00;1;0
4754;0.00;50;0.00;1;0
4755;0.00;50;0.00;1;0
4756;0.00;50;0.00;1;0
4757;0.00;50;0.00;1;0
4758;0.00;50;0.00;1;0
4759;0.00;50;0.00;1;0
4760;0.00;50;0.00;1;0
4761;0.00;50;0.00;1;0
4762;0.00;50;0.00;1;0
4763;0.00;50;0.00;1;0
4764;0.00;50;0.00;1;0
4765;0.00;50;0.00;1;0
4766;0.00;50;0.00;1;0
4767;0.00;50;0.00;1;0
4768;0.00;50;0.00;1;0
4769;0.00;50;0.00;1;0
4770;0.00;50;0.00;1;0
4771;0.00;50;0.00;1;0
4772;0.00;50;0.00;1;0
4773;0.00;50;0.00;1;0
4774;0.00;50;0.00;1;0
4775;0.00;50;0.00;1;0
4776;0.00;50;0.00;1;0
4777;0.00;50;0.00;1;0
4778;0.00;50;0.00;1;0
4779;0.00;50;0.00;1;0
4780;0.00;50;0.00;1;0
4781;0.00;50;0.00;1;0
4782;0.00;50;0.00;1;0
4783;0.00;50;0.00;1;0
4784;0.00;50;0.00;1;0
4785;0.00;50;0.00;1;0
4786;0.00;50;0.00;1;0
4787;0.00;50;0.00;1;0
4788;0.00;50;0.00;1;0
4789;0.00;50;0.00;1;0
4790;0.00;50;0.00;1;0
4791;0.00;50;0.00;1;0
4792;0.00;50;0.00;1;0
4793;0.00;50;0.00;1;0
4794;0.00;50;0.00;1;0
4795;0.00;50;0.00;1;0
4796;0.00;50;0.00;1;0
4797;0.00;50;0.00;1;0
4798;0.00;50;0.00;1;0
4799;0.00;50;0.00;1;0
4800;0.00;50;0.00;1;0
4801;0.00;50;0.00;1;0
4802;0.00;50;0.00;1;0
4803;0.00;50;0.00;1;0
4804;0.00;50;0.00;1;0
4805;0.00;50;0.00;1;0
4806;0.00;50;0.00;1;0
4807;0.00;50;0.00;1;0
4808;0.00;50;0.00;1;0
4809;0.00;50;0.00;1;0
4810;0.00;50;0.00;1;0
4811;0.00;50;0.00;1;0
4812;0.00;50;0.00;1;0
4813;0.00;50;0.00;1;0
4814;0.00;50;0.00;1;0
4815;0.00;50;0.00;1;0
4816;0.00;50;0.00;1;0
4817;0.00;50;0.00;1;0
4818;0.00;50;0.00;1;0
4819;0.00;50;0.00;1;0
4820;0.00;50;0.00;1;0
4821;0.00;50;0.00;1;0
4822;0.00;50;0.00;1;0
4823;0.00;50;0.00;1;0
4824;0.00;50;0.00;1;0
4825;0.00;50;0.00;1;0
4826;0.00;50;0.00;1;0
4827;0.00;50;0.00;1;0
4828;0.00;50;0.00;1;0
4829;0.00;50;0.00;1;0
4830;0.00;50;0.00;1;0
4831;0.00;50;0.00;1;0
4832;0.00;50;0.00;1;0
4833;0.00;50;0.00;1;0
4834;0.00;50;0.00;1;0
4835;0.00;50;0.00;1;0
4836;0.00;50;0.00;1;0
4837;0.00;50;0.00;1;0
4838;0.00;50;0.00;1;0
4839;0.00;50;0.00;1;0
4840;0.00;50;0.00;1;0
4841;0.00;50;0.00;1;0
4842;0.00;50;0.00;1;0
4843;0.00;50;0.00;1;0
4844;0.00;50;0.00;1;0
4845;0.00;50;0.00;1;0
4846;0.00;50;0.00;1;0
4847;0.00;50;0.00;1;0
4848;0.00;50;0.00;1;0
4849;0.00;50;0.00;1;0
4850;0.00;50;0.00;1;0
4851;0.00;50;0.00;1;0
4852;0.00;50;0.00;1;0
4853;0.00;50;0.00;1;0
4854;0.00;50;0.00;1;0
4855;0.00;50;0.00;1;0
4856;0.00;50;0.00;1;0
4857;0.00;50;0.00;1;0
4858;0.00;50;0.00;1;0
4859;0.00;50;0.00;1;0
4860;0.00;50;0.00;1;0
4861;0.00;50;0.00;1;0
4862;0.00;50;0.00;1;0
4863;0.00;50;0.00;1;0
4864;0.00;50;0.00;1;0
4865;0.00;50;0.00;1;0
4866;0.00;50;0.00;1;0
4867;0.00;50;0.00;1;0
4868;0.00;50;0.00;1;0
4869;0.00;50;0.00;1;0
4870;0.00;50;0.00;1;0
4871;0.00;50;0.00;1;0
4872;0.00;50;0.00;1;0
4873;0.00;50;0.00;1;0
4874;0.00;50;0.00;1;0
4875;0.00;50;0.00;1;0
4876;0.00;50;0.00;1;0
4877;0.00;50;0.00;1;0
4878;0.00;50;0.00;1;0
4879;0.00;50;0.00;1;0
4880;0.00;50;0.00;1;0
4881;0.00;50;0.00;1;0
4882;0.00;50;0.00;1;0
4883;0.00;50;0.00;1;0
4884;0.00;50;0.00;1;0
4885;0.00;50;0.00;1;0
4886;0.00;50;0.00;1;0
4887;0.00;50;0.00;1;0
4888;0.00;50;0.00;1;0
4889;0.00;50;0.00;1;0
4890;0.00;50;0.00;1;0
4891;0.00;50;0.00;1;0
4892;0.00;50;0.00;1;0
4893;0.00;50;0.00;1;0
4894;0.00;50;0.00;1;0
4895;0.00;50;0.00;1;0
4896;0.00;50;0.00;1;0
4897;0.00;50;0.00;1;0
4898;0.00;50;0.00;1;0
4899;0.00;50;0.00;1;0
4900;0.00;50;0.00;1;0
4901;0.00;50;0.00;1;0
4902;0.00;50;0.00;1;0
4903;0.00;50;0.00;1;0
4904;0.00;50;0.00;1;0
4905;0.00;50;0.00;1;0
4906;0.00;50;0.00;1;0
4907;0.00;50;0.00;1;0
4908;0.00;50;0.00;1;0
4909;0.00;50;0.00;1;0
4910;0.00;50;0.00;1;0
4911;0.00;50;0.00;1;0
4912;0.00;50;0.00;1;0
4913;0.00;50;0.00;1;0
4914;0.00;50;0.00;1;0
4915;0.00;50;0.00;1;0
4916;0.00;50;0.00;1;0
4917;0.00;50;0.00;1;0
4918;0.00;50;0.00;1;0
4919;0.00;50;0.00;1;0
4920;0.00;50;0.00;1;0
4921;0.00;50;0.00;1;0
4922;0.00;50;0.00;1;0
4923;0.00;50;0.00;1;0
4924;0.00;50;0.00;1;0
4925;0.00;50;0.00;1;0
4926;0.00;50;0.00;1;0
4927;0.00;50;0.00;1;0
4928;0.00;50;0.00;1;0
4929;0.00;50;0.00;1;0
4930;0.00;50;0.00;1;0
4931;0.00;50;0.00;1;0
4932;0.00;50;0.00;1;0
4933;0.00;50;0.00;1;0
4934;0.00;50;0.00;1;0
4935;0.00;50;0.00;1;0
4936;0.00;50;0.00;1;0
4937;0.00;50;0.00;1;0
4938;0.00;50;0.00;1;0
4939;0.00;50;0.00;1;0
4940;0.00;50;0.00;1;0
4941;0.00;50;0.00;1;0
4942;0.00;50;0.00;1;0
4943;0.00;50;0.00;1;0
4944;0.00;50;0.00;1;0
4945;0.00;50;0.00;1;0
4946;0.00;50;0.00;1;0
4947;0.00;50;0.00;1;0
4948;0.00;50;0.00;1;0
4949;0.00;50;0.00;1;0
4950;0.00;50;0.00;1;0
4951;0.00;50;0.00;1;0
4952;0.00;50;0.00;1;0
4953;0.00;50;0.00;1;0
4954;0.00;50;0.00;1;0
4955;0.00;50;0.00;1;0
4956;0.00;50;0.00;1;0
4957;0.00;50;0.00;1;0
4958;0.00;50;0.00;1;0
4959;0.00;50;0.00;1;0
4960;0.00;50;0.00;1;0
4961;0.00;50;0.00;1;0
4962;0.00;50;0.00;1;0
4963;0.00;50;0.00;1;0
4964;0.00;50;0.00;1;0
4965;0.00;50;0.00;1;0
4966;0.00;50;0.00;1;0
4967;0.00;50;0.00;1;0
4968;0.00;50;0.00;1;0
4969;0.00;50;0.00;1;0
4970;0.00;50;0.00;1;0
4971;0.00;50;0.00;1;0
4972;0.00;50;0.00;1;0
4973;0.00;50;0.00;1;0
4974;0.00;50;0.00;1;0
4975;0.00;50;0.00;1;0
4976;0.00;50;0.00;1;0
4977;0.00;50;0.00;1;0
4978;0.00;50;0.00;1;0
4979;0.00;50;0.00;1;0
4980;0.00;50;0.00;1;0
4981;0.00;50;0.00;1;0
4982;0.00;50;0.00;1;0
4983;0.00;50;0.00;1;0
4984;0.00;50;0.00;1;0
4985;0.00;50;0.00;1;0
4986;0.00;50;0.00;1;0
4987;0.00;50;0.00;1;0
4988;0.00;50;0.00;1;0
4989;0.00;50;0.00;1;0
4990;0.00;50;0.00;1;0
4991;0.00;50;0.00;1;0
4992;0.00;50;0.00;1;0
4993;0.00;50;0.00;1;0
4994;0.00;50;0.00;1;0
4995;0.00;50;0.00;1;0
4996;0.00;50;0.00;1;0
4997;0.00;50;0.00;1;0
4998;0.00;50;0.00;1;0
4999;0.00;50;0.00;1;0
5000;0.00;50;0.00;1;0
5001;0.00;50;0.00;1;0
5002;0.00;50;0.00;1;0
5003;0.00;50;0.00;1;0
5004;0.00;50;0.00;1;0
5005;0.00;50;0.00;1;0
5006;0.00;50;0.00;1;0
5007;0.00;50;0.00;1;0
5008;0.00;50;0.00;1;0
5009;0.00;50;0.00;1;0
5010;0.00;50;0.00;1;0
5011;0.00;50;0.00;1;0
5012;0.00;50;0.00;1;0
5013;0.00;50;0.00;1;0
5014;0.00;50;0.00;1;0
5015;0.00;50;0.00;1;0
5016;0.00;50;0.00;1;0
5017;0.00;50;0.00;1;0
5018;0.00;50;0.00;1;0
5019;0.00;50;0.00;1;0
5020;0.00;50;0.00;1;0
5021;0.00;50;0.00;1;0
5022;0.00;50;0.00;1;0
5023;0.00;50;0.00;1;0
5024;0.00;50;0.00;1;0
5025;0.00;50;0.00;1;0
5026;0.00;50;0.00;1;0
5027;0.00;50;0.00;1;0
5028;0.00;50;0.00;1;0
5029;0.00;50;0.00;1;0
5030;0.00;50;0.00;1;0
5031;0.00;50;0.00;1;0
5032;0.00;50;0.00;1;0
5033;0.00;50;0.00;1;0
5034;0.00;50;0.00;1;0
5035;0.00;50;0.00;1;0
5036;0.00;50;0.00;1;0
5037;0.00;50;0.00;1;0
5038;0.00;50;0.00;1;0
5039;0.00;50;0.00;1;0
5040;0.00;50;0.00;1;0
5041;0.00;50;0.00;1;0
5042;0.00;50;0.00;1;0
5043;0.00;50;0.00;1;0
5044;0.00;50;0.00;1;0
5045;0.00;50;0.00;1;0
5046;0.00;50;0.00;1;0
5047;0.00;50;0.00;1;0
5048;0.00;50;0.00;1;0
5049;0.00;50;0.00;1;0
5050;0.00;50;0.00;1;0
5051;0.00;50;0.00;1;0
5052;0.00;50;0.00;1;0
5053;0.00;50;0.00;1;0
5054;0.00;50;0.00;1;0
5055;0.00;50;0.00;1;0
5056;0.00;50;0.00;1;0
5057;0.00;50;0.00;1;0
5058;0.00;50;0.00;1;0
5059;0.00;50;0.00;1;0
5060;0.00;50;0.00;1;0
5061;0.00;50;0.00;1;0
5062;0.00;50;0.00;1;0
5063;0.00;50;0.00;1;0
5064;0.00;50;0.00;1;0
5065;0.00;50;0.00;1;0
5066;0.00;50;0.00;1;0
5067;0.00;50;0.00;1;0
5068;0.00;50;0.00;1;0
5069;0.00;50;0.00;1;0
5070;0.00;50;0.00;1;0
5071;0.00;50;0.00;1;0
5072;0.00;50;0.00;1;0
5073;0.00;50;0.00;1;0
5074;0.00;50;0.00;1;0
5075;0.00;50;0.00;1;0
5076;0.00;50;0.00;1;0
5077;0.00;50;0.00;1;0
5078;0.00;50;0.00;1;0
5079;0.00;50;0.00;1;0
5080;0.00;50;0.00;1;0
5081;0.00;50;0.00;1;0
5082;0.00;50;0.00;1;0
5083;0.00;50;0.00;1;0
5084;0.00;50;0.00;1;0
5085;0.00;50;0.00;1;0
5086;0.00;50;0.00;1;0
5087;0.00;50;0.00;1;0
5088;615.84;50;0.00;1;0
5089;2482.89;50;0.06;1;0
5090;4330.40;50;0.25;1;0
5091;6217.01;50;0.43;1;0
5092;7996.09;50;0.62;1;0
5093;9824.05;50;0.80;1;0
5094;13929.62;50;0.98;1;1
5095;16177.91;50;1.39;1;1
5096;18279.57;50;1.62;1;1
5097;20332.36;50;1.83;1;1
5098;22482.89;50;2.03;1;1
5099;24535.68;50;2.25;1;1
5100;26539.59;50;2.45;1;1
5101;28690.13;50;2.65;1;1
5102;30547.41;50;2.87;1;1
5103;32600.20;50;3.05;1;1
5104;34310.85;50;3.26;1;1
5105;34310.85;50;3.43;1;1
5106;34310.85;50;3.43;1;1
5107;34310.85;50;3.43;1;1
5108;34310.85;50;3.43;1;1
5109;34359.73;50;3.43;1;1
5110;34310.85;50;3.44;1;1
5111;34310.85;50;3.43;1;1
5112;34310.85;50;3.43;1;1
5113;34310.85;50;3.43;1;1
5114;34359.73;50;3.43;1;1
5115;34310.85;50;3.44;1;1
5116;34310.85;50;3.43;1;1
5117;34310.85;50;3.43;1;1
5118;34310.85;50;3.43;1;1
5119;34310.85;50;3.43;1;1
5120;34359.73;50;3.43;1;1
5121;34310.85;50;3.44;1;1
5122;34310.85;50;3.43;1;1
5123;34310.85;50;3.43;1;1
5124;34261.97;50;3.43;1;1
5125;34261.97;50;3.43;1;1
5126;34261.97;50;3.43;1;1
5127;34310.85;50;3.43;1;1
5128;34261.97;50;3.43;1;1
5129;34310.85;50;3.43;1;1
5130;34310.85;50;3.43;1;1
5131;34359.73;50;3.43;1;1
5132;34310.85;50;3.44;1;1
5133;34310.85;50;3.43;1;1
5134;34310.85;50;3.43;1;1
5135;34261.97;50;3.43;1;1
5136;34310.85;50;3.43;1;1
5137;34310.85;50;3.43;1;1
5138;34261.97;50;3.43;1;1
5139;34310.85;50;3.43;1;1
5140;34261.97;50;3.43;1;1
5141;34310.85;50;3.43;1;1
5142;34310.85;50;3.43;1;1
5143;34261.97;50;3.43;1;1
5144;34261.97;50;3.43;1;1
5145;34261.97;50;3.43;1;1
5146;34261.97;50;3.43;1;1
5147;34310.85;50;3.43;1;1
5148;34261.97;50;3.43;1;1
5149;34261.97;50;3.43;1;1
5150;34261.97;50;3.43;1;1
5151;34261.97;50;3.43;1;1
5152;34310.85;50;3.43;1;1
5153;34261.97;50;3.43;1;1
5154;34261.97;50;3.43;1;1
5155;34310.85;50;3.43;1;1
5156;34261.97;50;3.43;1;1
5157;34359.73;50;3.43;1;1
5158;34310.85;50;3.44;1;1
5159;34261.97;50;3.43;1;1
5160;34310.85;50;3.43;1;1
5161;34261.97;50;3.43;1;1
5162;34261.97;50;3.43;1;1
5163;34261.97;50;3.43;1;1
5164;34310.85;50;3.43;1;1
5165;34359.73;50;3.43;1;1
5166;34310.85;50;3.44;1;1
5167;34261.97;50;3.43;1;1
5168;34310.85;50;3.43;1;1
5169;34261.97;50;3.43;1;1
5170;34261.97;50;3.43;1;1
5171;34261.97;50;3.43;1;1
5172;34261.97;50;3.43;1;1
5173;34261.97;50;3.43;1;1
5174;34261.97;50;3.43;1;1
5175;34261.97;50;3.43;1;1
5176;34261.97;50;3.43;1;1
5177;34359.73;50;3.43;1;1
5178;34261.97;50;3.44;1;1
5179;34261.97;50;3.43;1;1
5180;34359.73;50;3.43;1;1
5181;34261.97;50;3.44;1;1
5182;34261.97;50;3.43;1;1
5183;34261.97;50;3.43;1;1
5184;34261.97;50;3.43;1;1
5185;34261.97;50;3.43;1;1
5186;34261.97;50;3.43;1;1
5187;34261.97;50;3.43;1;1
5188;34310.85;50;3.43;1;1
5189;34310.85;50;3.43;1;1
5190;34261.97;50;3.43;1;1
5191;34261.97;50;3.43;1;1
5192;34261.97;50;3.43;1;1
5193;34261.97;50;3.43;1;1
5194;34261.97;50;3.43;1;1
5195;34310.85;50;3.43;1;1
5196;34261.97;50;3.43;1;1
5197;34261.97;50;3.43;1;1
5198;34261.97;50;3.43;1;1
5199;34261.97;50;3.43;1;1
5200;34261.97;50;3.43;1;1
5201;34310.85;50;3.43;1;1
5202;34261.97;50;3.43;1;1
5203;34261.97;50;3.43;1;1
5204;34261.97;50;3.43;1;1
5205;34261.97;50;3.43;1;1
5206;34261.97;50;3.43;1;1
5207;34261.97;50;3.43;1;1
5208;34213.10;50;3.43;1;1
5209;34213.10;50;3.42;1;1
5210;34261.97;50;3.42;1;1
5211;34261.97;50;3.43;1;1
5212;34261.97;50;3.43;1;1
5213;34213.10;50;3.43;1;1
5214;34261.97;50;3.42;1;1
5215;34261.97;50;3.43;1;1
5216;34213.10;50;3.43;1;1
5217;34213.10;50;3.42;1;1
5218;34261.97;50;3.42;1;1
5219;34261.97;50;3.43;1;1
5220;34261.97;50;3.43;1;1
5221;34261.97;50;3.43;1;1
5222;34213.10;50;3.43;1;1
5223;34261.97;50;3.42;1;1
5224;34261.97;50;3.43;1;1
5225;34261.97;50;3.43;1;1
5226;34213.10;50;3.43;1;1
5227;34261.97;50;3.42;1;1
5228;34261.97;50;3.43;1;1
5229;34213.10;50;3.43;1;1
5230;34310.85;50;3.42;1;1
5231;34261.97;50;3.43;1;1
5232;34261.97;50;3.43;1;1
5233;34213.10;50;3.43;1;1
5234;34261.97;50;3.42;1;1
5235;34261.97;50;3.43;1;1
5236;34261.97;50;3.43;1;1
5237;34213.10;50;3.43;1;1
5238;34261.97;50;3.42;1;1
5239;34261.97;50;3.43;1;1
5240;34213.10;50;3.43;1;1
5241;34261.97;50;3.42;1;1
5242;34261.97;50;3.43;1;1
5243;34213.10;50;3.43;1;1
5244;34261.97;50;3.42;1;1
5245;34213.10;50;3.43;1;1
5246;34213.10;50;3.42;1;1
5247;34213.10;50;3.42;1;1
5248;33626.59;50;3.42;1;1
5249;32893.45;50;3.36;1;1
5250;32355.82;50;3.29;1;1
5251;31769.30;50;3.24;1;1
5252;31085.04;50;3.18;1;1
5253;30400.78;50;3.11;1;1
5254;29618.77;50;3.04;1;1
5255;29032.26;50;2.96;1;1
5256;28348.00;50;2.90;1;1
5257;27761.48;50;2.83;1;1
5258;27077.22;50;2.78;1;1
5259;26588.46;50;2.71;1;1
5260;25904.20;50;2.66;1;1
5261;25268.82;50;2.59;1;1
5262;24731.18;50;2.53;1;1
5263;24144.67;50;2.47;1;1
5264;23509.29;50;2.41;1;1
5265;22873.90;50;2.35;1;1
5266;22434.02;50;2.29;1;1
5267;22043.01;50;2.24;1;1
5268;21407.63;50;2.20;1;1
5269;20821.11;50;2.14;1;1
5270;20283.48;50;2.08;1;1
5271;19892.47;50;2.03;1;1
5272;19305.96;50;1.99;1;1
5273;18817.20;50;1.93;1;1
5274;18328.45;50;1.88;1;1
5275;17888.56;50;1.83;1;1
5276;17399.80;50;1.79;1;1
5277;17008.80;50;1.74;1;1
5278;16373.41;50;1.70;1;1
5279;16080.16;50;1.64;1;1
5280;15591.40;50;1.61;1;1
5281;15249.27;50;1.56;1;1
5282;14809.38;50;1.52;1;1
5283;14418.38;50;1.48;1;1
5284;13978.49;50;1.44;1;1
5285;13636.36;50;1.40;1;1
5286;13294.23;50;1.36;1;1
5287;12903.23;50;1.33;1;1
5288;12609.97;50;1.29;1;1
5289;12267.84;50;1.26;1;1
5290;11925.71;50;1.23;1;1
5291;11583.58;50;1.19;1;1
5292;11290.32;50;1.16;1;1
5293;11045.94;50;1.13;1;1
5294;10703.81;50;1.10;1;1
5295;10410.56;50;1.07;1;1
5296;10068.43;50;1.04;1;1
5297;9824.05;50;1.01;1;1
5298;9530.79;50;0.98;1;1
5299;9335.29;50;0.95;1;1
5300;8993.16;50;0.93;1;1
5301;1681.33;50;0.90;1;0
5302;7174.98;50;0.17;1;0
5303;6979.47;50;0.72;1;0
5304;6832.84;50;0.70;1;0
5305;6598.24;50;0.68;1;0
5306;6441.84;50;0.66;1;0
5307;6256.11;50;0.64;1;0
5308;6031.28;50;0.63;1;0
5309;6001.96;50;0.60;1;0
5310;5747.80;50;0.60;1;0
5311;5610.95;50;0.57;1;0
5312;5483.87;50;0.56;1;0
5313;5298.14;50;0.55;1;0
5314;5171.07;50;0.53;1;0
5315;5131.96;50;0.52;1;0
5316;4965.79;50;0.51;1;0
5317;4780.06;50;0.50;1;0
5318;4701.86;50;0.48;1;0
5319;4604.11;50;0.47;1;0
5320;4486.80;50;0.46;1;0
5321;4369.50;50;0.45;1;0
5322;4340.18;50;0.44;1;0
5323;4125.12;50;0.43;1;0
5324;4066.47;50;0.41;1;0
5325;3910.07;50;0.41;1;0
5326;3831.87;50;0.39;1;0
5327;3743.89;50;0.38;1;0
5328;3626.59;50;0.37;1;0
5329;3528.84;50;0.36;1;0
5330;3421.31;50;0.35;1;0
5331;3323.56;50;0.34;1;0
5332;3284.46;50;0.33;1;0
5333;3196.48;50;0.33;1;0
5334;3206.26;50;0.32;1;0
5335;2991.20;50;0.32;1;0
5336;2893.45;50;0.30;1;0
5337;2727.27;50;0.29;1;0
5338;2668.62;50;0.27;1;0
5339;2600.20;50;0.27;1;0
5340;2531.77;50;0.26;1;0
5341;2463.34;50;0.25;1;0
5342;2336.27;50;0.25;1;0
5343;2277.61;50;0.23;1;0
5344;2326.49;50;0.23;1;0
5345;2170.09;50;0.23;1;0
5346;2111.44;50;0.22;1;0
5347;1994.13;50;0.21;1;0
5348;1955.03;50;0.20;1;0
5349;1906.16;50;0.20;1;0
5350;1739.98;50;0.19;1;0
5351;1700.88;50;0.17;1;0
5352;1632.45;50;0.17;1;0
5353;1485.83;50;0.16;1;0
5354;1456.50;50;0.15;1;0
5355;1358.75;50;0.15;1;0
5356;1212.12;50;0.14;1;0
5357;1251.22;50;0.12;1;0
5358;1094.82;50;0.13;1;0
5359;1085.04;50;0.11;1;0
5360;1065.49;50;0.11;1;0
5361;957.97;50;0.11;1;0
5362;869.99;50;0.10;1;0
5363;723.36;50;0.09;1;0
5364;850.44;50;0.07;1;0
5365;821.11;50;0.09;1;0
5366;518.08;50;0.08;1;0
5367;518.08;50;0.05;1;0
5368;547.41;50;0.05;1;0
5369;410.56;50;0.05;1;0
5370;449.66;50;0.04;1;0
5371;283.48;50;0.04;1;0
5372;146.63;50;0.03;1;0
5373;87.98;50;0.01;1;0
5374;68.43;50;0.01;1;0
5375;0.00;50;0.01;1;0
5376;0.00;50;0.00;1;0
5377;0.00;50;0.00;1;0
5378;0.00;50;0.00;1;0
5379;0.00;50;0.00;1;0
5380;0.00;50;0.00;1;0
5381;0.00;50;0.00;1;0
5382;0.00;50;0.00;1;0
5383;0.00;50;0.00;1;0
5384;0.00;50;0.00;1;0
5385;0.00;50;0.00;1;0
5386;0.00;50;0.00;1;0
5387;0.00;50;0.00;1;0
5388;0.00;50;0.00;1;0
5389;0.00;50;0.00;1;0
5390;0.00;50;0.00;1;0
5391;0.00;50;0.00;1;0
5392;0.00;50;0.00;1;0
5393;0.00;50;0.00;1;0
5394;0.00;50;0.00;1;0
5395;0.00;50;0.00;1;0
5396;0.00;50;0.00;1;0
5397;0.00;50;0.00;1;0
5398;0.00;50;0.00;1;0
5399;0.00;50;0.00;1;0
5400;0.00;50;0.00;1;0
5401;0.00;50;0.00;1;0
5402;0.00;50;0.00;1;0
5403;0.00;50;0.00;1;0
5404;0.00;50;0.00;1;0
5405;0.00;50;0.00;1;0
5406;0.00;50;0.00;1;0
5407;0.00;50;0.00;1;0
5408;0.00;50;0.00;1;0
5409;0.00;50;0.00;1;0
5410;0.00;50;0.00;1;0
5411;0.00;50;0.00;1;0
5412;0.00;50;0.00;1;0
5413;0.00;50;0.00;1;0
5414;0.00;50;0.00;1;0
5415;0.00;50;0.00;1;0
5416;0.00;50;0.00;1;0
5417;0.00;50;0.00;1;0
5418;0.00;50;0.00;1;0
5419;0.00;50;0.00;1;0
5420;0.00;50;0.00;1;0
5421;0.00;50;0.00;1;0
5422;0.00;50;0.00;1;0
5423;0.00;50;0.00;1;0
5424;0.00;50;0.00;1;0
5425;0.00;50;0.00;1;0
5426;0.00;50;0.00;1;0
5427;0.00;50;0.00;1;0
5428;0.00;50;0.00;1;0
5429;0.00;50;0.00;1;0
5430;0.00;50;0.00;1;0
5431;0.00;50;0.00;1;0
5432;0.00;50;0.00;1;0
5433;0.00;50;0.00;1;0
5434;0.00;50;0.00;1;0
5435;0.00;50;0.00;1;0
5436;0.00;50;0.00;1;0
5437;0.00;50;0.00;1;0
5438;0.00;50;0.00;1;0
5439;0.00;50;0.00;1;0
5440;0.00;50;0.00;1;0
5441;0.00;50;0.00;1;0
5442;0.00;50;0.00;1;0
5443;0.00;50;0.00;1;0
5444;0.00;50;0.00;1;0
5445;0.00;50;0.00;1;0
5446;0.00;50;0.00;1;0
5447;0.00;50;0.00;1;0
5448;0.00;50;0.00;1;0
5449;0.00;50;0.00;1;0
5450;0.00;50;0.00;1;0
5451;0.00;50;0.00;1;0
5452;0.00;50;0.00;1;0
5453;0.00;50;0.00;1;0
5454;0.00;50;0.00;1;0
5455;0.00;50;0.00;1;0
5456;0.00;50;0.00;1;0
5457;0.00;50;0.00;1;0
5458;0.00;50;0.00;1;0
5459;0.00;50;0.00;1;0
5460;0.00;50;0.00;1;0
5461;0.00;50;0.00;1;0
5462;0.00;50;0.00;1;0
5463;0.00;50;0.00;1;0
5464;0.00;50;0.00;1;0
5465;0.00;50;0.00;1;0
5466;0.00;50;0.00;1;0
5467;0.00;50;0.00;1;0
5468;0.00;50;0.00;1;0
5469;0.00;50;0.00;1;0
5470;0.00;50;0.00;1;0
5471;0.00;50;0.00;1;0
5472;0.00;50;0.00;1;0
5473;0.00;50;0.00;1;0
5474;0.00;50;0.00;1;0
5475;0.00;50;0.00;1;0
5476;0.00;50;0.00;1;0
5477;0.00;50;0.00;1;0
5478;0.00;50;0.00;1;0
5479;0.00;50;0.00;1;0
5480;0.00;50;0.00;1;0
5481;0.00;50;0.00;1;0
5482;0.00;50;0.00;1;0
5483;0.00;50;0.00;1;0
5484;0.00;50;0.00;1;0
5485;0.00;50;0.00;1;0
5486;0.00;50;0.00;1;0
5487;0.00;50;0.00;1;0
5488;0.00;50;0.00;1;0
5489;0.00;50;0.00;1;0
5490;0.00;50;0.00;1;0
5491;0.00;50;0.00;1;0
5492;0.00;50;0.00;1;0
5493;0.00;50;0.00;1;0
5494;0.00;50;0.00;1;0
5495;0.00;50;0.00;1;0
5496;0.00;50;0.00;1;0
5497;0.00;50;0.00;1;0
5498;0.00;50;0.00;1;0
5499;0.00;50;0.00;1;0
5500;0.00;50;0.00;1;0
5501;0.00;50;0.00;1;0
5502;0.00;50;0.00;1;0
5503;0.00;50;0.00;1;0
5504;0.00;50;0.00;1;0
5505;0.00;50;0.00;1;0
5506;0.00;50;0.00;1;0
5507;0.00;50;0.00;1;0
5508;0.00;50;0.00;1;0
5509;0.00;50;0.00;1;0
5510;0.00;50;0.00;1;0
5511;0.00;50;0.00;1;0
5512;0.00;50;0.00;1;0
5513;0.00;50;0.00;1;0
5514;0.00;50;0.00;1;0
5515;0.00;50;0.00;1;0
5516;0.00;50;0.00;1;0
5517;0.00;50;0.00;1;0
5518;0.00;50;0.00;1;0
5519;0.00;50;0.00;1;0
5520;0.00;50;0.00;1;0
5521;0.00;50;0.00;1;0
5522;0.00;50;0.00;1;0
5523;0.00;50;0.00;1;0
5524;0.00;50;0.00;1;0
5525;0.00;50;0.00;1;0
5526;0.00;50;0.00;1;0
5527;0.00;50;0.00;1;0
5528;0.00;50;0.00;1;0
5529;0.00;50;0.00;1;0
5530;0.00;50;0.00;1;0
5531;0.00;50;0.00;1;0
5532;0.00;50;0.00;1;0
5533;0.00;50;0.00;1;0
5534;0.00;50;0.00;1;0
5535;0.00;50;0.00;1;0
5536;0.00;50;0.00;1;0
5537;0.00;50;0.00;1;0
5538;0.00;50;0.00;1;0
5539;0.00;50;0.00;1;0
5540;0.00;50;0.00;1;0
5541;0.00;50;0.00;1;0
5542;0.00;50;0.00;1;0
5543;0.00;50;0.00;1;0
5544;0.00;50;0.00;1;0
5545;0.00;50;0.00;1;0
5546;0.00;50;0.00;1;0
5547;0.00;50;0.00;1;0
5548;0.00;50;0.00;1;0
5549;0.00;50;0.00;1;0
5550;0.00;50;0.00;1;0
5551;0.00;50;0.00;1;0
5552;0.00;50;0.00;1;0
5553;0.00;50;0.00;1;0
5554;0.00;50;0.00;1;0
5555;0.00;50;0.00;1;0
5556;0.00;50;0.00;1;0
5557;0.00;50;0.00;1;0
5558;0.00;50;0.00;1;0
5559;0.00;50;0.00;1;0
5560;0.00;50;0.00;1;0
5561;0.00;50;0.00;1;0
5562;0.00;50;0.00;1;0
5563;0.00;50;0.00;1;0
5564;0.00;50;0.00;1;0
5565;0.00;50;0.00;1;0
5566;0.00;50;0.00;1;0
5567;0.00;50;0.00;1;0
5568;0.00;50;0.00;1;0
5569;0.00;50;0.00;1;0
5570;0.00;50;0.00;1;0
5571;0.00;50;0.00;1;0
5572;0.00;50;0.00;1;0
5573;0.00;50;0.00;1;0
5574;0.00;50;0.00;1;0
5575;0.00;50;0.00;1;0
5576;0.00;50;0.00;1;0
5577;0.00;50;0.00;1;0
5578;0.00;50;0.00;1;0
5579;0.00;50;0.00;1;0
5580;0.00;50;0.00;1;0
5581;0.00;50;0.00;1;0
5582;0.00;50;0.00;1;0
5583;0.00;50;0.00;1;0
5584;0.00;50;0.00;1;0
5585;0.00;50;0.00;1;0
5586;0.00;50;0.00;1;0
5587;0.00;50;0.00;1;0
5588;0.00;50;0.00;1;0
5589;0.00;50;0.00;1;0
5590;0.00;50;0.00;1;0
5591;0.00;50;0.00;1;0
5592;0.00;50;0.00;1;0
5593;0.00;50;0.00;1;0
5594;0.00;50;0.00;1;0
5595;0.00;50;0.00;1;0
5596;0.00;50;0.00;1;0
5597;0.00;50;0.00;1;0
5598;0.00;50;0.00;1;0
5599;0.00;50;0.00;1;0
5600;0.00;50;0.00;1;0
5601;0.00;50;0.00;1;0
5602;0.00;50;0.00;1;0
5603;0.00;50;0.00;1;0
5604;0.00;50;0.00;1;0
5605;0.00;50;0.00;1;0
5606;0.00;50;0.00;1;0
5607;0.00;50;0.00;1;0
5608;0.00;50;0.00;1;0
5609;0.00;50;0.00;1;0
5610;0.00;50;0.00;1;0
5611;0.00;50;0.00;1;0
5612;0.00;50;0.00;1;0
5613;0.00;50;0.00;1;0
5614;0.00;50;0.00;1;0
5615;0.00;50;0.00;1;0
5616;0.00;50;0.00;1;0
5617;0.00;50;0.00;1;0
5618;0.00;50;0.00;1;0
5619;0.00;50;0.00;1;0
5620;0.00;50;0.00;1;0
5621;0.00;50;0.00;1;0
5622;9.78;50;0.00;1;0
5623;0.00;50;0.00;1;0
5624;0.00;50;0.00;1;0
5625;87.98;50;0.00;1;0
5626;68.43;50;0.01;1;0
5627;0.00;50;0.01;1;0
5628;9.78;50;0.00;1;0
5629;29.33;50;0.00;1;0
5630;78.20;50;0.00;1;0
5631;29.33;50;0.01;1;0
5632;19.55;50;0.00;1;0
5633;97.75;50;0.00;1;0
5634;48.88;50;0.01;1;0
5635;48.88;50;0.00;1;0
5636;48.88;50;0.00;1;0
5637;39.10;50;0.00;1;0
5638;166.18;50;0.00;1;0
5639;195.50;50;0.02;1;0
5640;58.65;50;0.02;1;0
5641;39.10;50;0.01;1;0
5642;48.88;50;0.00;1;0
5643;136.85;50;0.00;1;0
5644;78.20;50;0.01;1;0
5645;97.75;50;0.01;1;0
5646;78.20;50;0.01;1;0
5647;107.53;50;0.01;1;0
5648;156.40;50;0.01;1;0
5649;68.43;50;0.02;1;0
5650;127.08;50;0.01;1;0
5651;107.53;50;0.01;1;0
5652;136.85;50;0.01;1;0
5653;127.08;50;0.01;1;0
5654;175.95;50;0.01;1;0
5655;146.63;50;0.02;1;0
5656;224.83;50;0.01;1;0
5657;166.18;50;0.02;1;0
5658;175.95;50;0.02;1;0
5659;224.83;50;0.02;1;0
5660;234.60;50;0.02;1;0
5661;195.50;50;0.02;1;0
5662;175.95;50;0.02;1;0
5663;185.73;50;0.02;1;0
5664;244.38;50;0.02;1;0
5665;234.60;50;0.02;1;0
5666;244.38;50;0.02;1;0
5667;254.15;50;0.02;1;0
5668;224.83;50;0.03;1;0
5669;303.03;50;0.02;1;0
5670;303.03;50;0.03;1;0
5671;234.60;50;0.03;1;0
5672;351.91;50;0.02;1;0
5673;312.81;50;0.04;1;0
5674;293.26;50;0.03;1;0
5675;215.05;50;0.03;1;0
5676;293.26;50;0.02;1;0
5677;361.68;50;0.03;1;0
5678;283.48;50;0.04;1;0
5679;351.91;50;0.03;1;0
5680;322.58;50;0.04;1;0
5681;342.13;50;0.03;1;0
5682;322.58;50;0.03;1;0
5683;391.01;50;0.03;1;0
5684;410.56;50;0.04;1;0
5685;381.23;50;0.04;1;0
5686;371.46;50;0.04;1;0
5687;430.11;50;0.04;1;0
5688;430.11;50;0.04;1;0
5689;459.43;50;0.04;1;0
5690;439.88;50;0.05;1;0
5691;508.31;50;0.04;1;0
5692;469.21;50;0.05;1;0
5693;391.01;50;0.05;1;0
5694;459.43;50;0.04;1;0
5695;430.11;50;0.05;1;0
5696;478.98;50;0.04;1;0
5697;478.98;50;0.05;1;0
5698;459.43;50;0.05;1;0
5699;478.98;50;0.05;1;0
5700;527.86;50;0.05;1;0
5701;478.98;50;0.05;1;0
5702;537.63;50;0.05;1;0
5703;527.86;50;0.05;1;0
5704;410.56;50;0.05;1;0
5705;430.11;50;0.04;1;0
5706;420.33;50;0.04;1;0
5707;400.78;50;0.04;1;0
5708;400.78;50;0.04;1;0
5709;420.33;50;0.04;1;0
5710;508.31;50;0.04;1;0
5711;449.66;50;0.05;1;0
5712;488.76;50;0.04;1;0
5713;469.21;50;0.05;1;0
5714;459.43;50;0.05;1;0
5715;449.66;50;0.05;1;0
5716;469.21;50;0.04;1;0
5717;459.43;50;0.05;1;0
5718;449.66;50;0.05;1;0
5719;469.21;50;0.04;1;0
5720;469.21;50;0.05;1;0
5721;478.98;50;0.05;1;0
5722;459.43;50;0.05;1;0
5723;478.98;50;0.05;1;0
5724;449.66;50;0.05;1;0
5725;478.98;50;0.04;1;0
5726;371.46;50;0.05;1;0
5727;410.56;50;0.04;1;0
5728;332.36;50;0.04;1;0
5729;400.78;50;0.03;1;0
5730;420.33;50;0.04;1;0
5731;371.46;50;0.04;1;0
5732;361.68;50;0.04;1;0
5733;400.78;50;0.04;1;0
5734;381.23;50;0.04;1;0
5735;391.01;50;0.04;1;0
5736;439.88;50;0.04;1;0
5737;430.11;50;0.04;1;0
5738;361.68;50;0.04;1;0
5739;400.78;50;0.04;1;0
5740;361.68;50;0.04;1;0
5741;410.56;50;0.04;1;0
5742;400.78;50;0.04;1;0
5743;351.91;50;0.04;1;0
5744;391.01;50;0.04;1;0
5745;371.46;50;0.04;1;0
5746;381.23;50;0.04;1;0
5747;263.93;50;0.04;1;0
5748;293.26;50;0.03;1;0
5749;381.23;50;0.03;1;0
5750;391.01;50;0.04;1;0
5751;312.81;50;0.04;1;0
5752;322.58;50;0.03;1;0
5753;351.91;50;0.03;1;0
5754;342.13;50;0.04;1;0
5755;273.70;50;0.03;1;0
5756;293.26;50;0.03;1;0
5757;351.91;50;0.03;1;0
5758;283.48;50;0.04;1;0
5759;224.83;50;0.03;1;0
5760;244.38;50;0.02;1;0
5761;215.05;50;0.02;1;0
5762;146.63;50;0.02;1;0
5763;263.93;50;0.01;1;0
5764;156.40;50;0.03;1;0
5765;215.05;50;0.02;1;0
5766;185.73;50;0.02;1;0
5767;146.63;50;0.02;1;0
5768;244.38;50;0.01;1;0
5769;205.28;50;0.02;1;0
5770;136.85;50;0.02;1;0
5771;224.83;50;0.01;1;0
5772;195.50;50;0.02;1;0
5773;332.36;50;0.02;1;0
5774;244.38;50;0.03;1;0
5775;205.28;50;0.02;1;0
5776;127.08;50;0.02;1;0
5777;273.70;50;0.01;1;0
5778;185.73;50;0.03;1;0
5779;303.03;50;0.02;1;0
5780;244.38;50;0.03;1;0
5781;195.50;50;0.02;1;0
5782;146.63;50;0.02;1;0
5783;175.95;50;0.01;1;0
5784;175.95;50;0.02;1;0
5785;185.73;50;0.02;1;0
5786;166.18;50;0.02;1;0
5787;254.15;50;0.02;1;0
5788;254.15;50;0.03;1;0
5789;215.05;50;0.03;1;0
5790;224.83;50;0.02;1;0
5791;234.60;50;0.02;1;0
5792;215.05;50;0.02;1;0
5793;215.05;50;0.02;1;0
5794;205.28;50;0.02;1;0
5795;254.15;50;0.02;1;0
5796;234.60;50;0.03;1;0
5797;263.93;50;0.02;1;0
5798;215.05;50;0.03;1;0
5799;283.48;50;0.02;1;0
5800;175.95;50;0.03;1;0
5801;215.05;50;0.02;1;0
5802;273.70;50;0.02;1;0
5803;215.05;50;0.03;1;0
5804;244.38;50;0.02;1;0
5805;283.48;50;0.02;1;0
5806;195.50;50;0.03;1;0
5807;312.81;50;0.02;1;0
5808;234.60;50;0.03;1;0
5809;146.63;50;0.02;1;0
5810;166.18;50;0.01;1;0
5811;205.28;50;0.02;1;0
5812;263.93;50;0.02;1;0
5813;283.48;50;0.03;1;0
5814;146.63;50;0.03;1;0
5815;293.26;50;0.01;1;0
5816;175.95;50;0.03;1;0
5817;156.40;50;0.02;1;0
5818;215.05;50;0.02;1;0
5819;205.28;50;0.02;1;0
5820;195.50;50;0.02;1;0
5821;185.73;50;0.02;1;0
5822;175.95;50;0.02;1;0
5823;254.15;50;0.02;1;0
5824;136.85;50;0.03;1;0
5825;234.60;50;0.01;1;0
5826;205.28;50;0.02;1;0
5827;146.63;50;0.02;1;0
5828;195.50;50;0.01;1;0
5829;215.05;50;0.02;1;0
5830;205.28;50;0.02;1;0
5831;175.95;50;0.02;1;0
5832;146.63;50;0.02;1;0
5833;224.83;50;0.01;1;0
5834;185.73;50;0.02;1;0
5835;205.28;50;0.02;1;0
5836;156.40;50;0.02;1;0
5837;195.50;50;0.02;1;0
5838;254.15;50;0.02;1;0
5839;195.50;50;0.03;1;0
5840;156.40;50;0.02;1;0
5841;195.50;50;0.02;1;0
5842;136.85;50;0.02;1;0
5843;283.48;50;0.01;1;0
5844;127.08;50;0.03;1;0
5845;166.18;50;0.01;1;0
5846;107.53;50;0.02;1;0
5847;175.95;50;0.01;1;0
5848;58.65;50;0.02;1;0
5849;107.53;50;0.01;1;0
5850;234.60;50;0.01;1;0
5851;146.63;50;0.02;1;0
5852;156.40;50;0.01;1;0
5853;195.50;50;0.02;1;0
5854;136.85;50;0.02;1;0
5855;127.08;50;0.01;1;0
5856;107.53;50;0.01;1;0
5857;97.75;50;0.01;1;0
5858;78.20;50;0.01;1;0
5859;78.20;50;0.01;1;0
5860;136.85;50;0.01;1;0
5861;117.30;50;0.01;1;0
5862;39.10;50;0.01;1;0
5863;39.10;50;0.00;1;0
5864;48.88;50;0.00;1;0
5865;29.33;50;0.00;1;0
5866;29.33;50;0.00;1;0
5867;0.00;50;0.00;1;0
5868;0.00;50;0.00;1;0
5869;0.00;50;0.00;1;0
5870;0.00;50;0.00;1;0
5871;0.00;50;0.00;1;0
5872;0.00;50;0.00;1;0
5873;0.00;50;0.00;1;0
5874;0.00;50;0.00;1;0
5875;0.00;50;0.00;1;0
5876;0.00;50;0.00;1;0
5877;0.00;50;0.00;1;0
5878;0.00;50;0.00;1;0
5879;0.00;50;0.00;1;0
5880;29.33;50;0.00;1;0
5881;0.00;50;0.00;1;0
5882;0.00;50;0.00;1;0
5883;9.78;50;0.00;1;0
5884;0.00;50;0.00;1;0
5885;0.00;50;0.00;1;0
5886;0.00;50;0.00;1;0
5887;0.00;50;0.00;1;0
5888;0.00;50;0.00;1;0
5889;0.00;50;0.00;1;0
5890;0.00;50;0.00;1;0
5891;0.00;50;0.00;1;0
5892;0.00;50;0.00;1;0
5893;0.00;50;0.00;1;0
5894;0.00;50;0.00;1;0
5895;0.00;50;0.00;1;0
5896;0.00;50;0.00;1;0
5897;0.00;50;0.00;1;0
5898;0.00;50;0.00;1;0
5899;0.00;50;0.00;1;0
5900;9.78;50;0.00;1;0
5901;0.00;50;0.00;1;0
5902;0.00;50;0.00;1;0
5903;0.00;50;0.00;1;0
5904;0.00;50;0.00;1;0
5905;0.00;50;0.00;1;0
5906;0.00;50;0.00;1;0
5907;0.00;50;0.00;1;0
5908;0.00;50;0.00;1;0
5909;0.00;50;0.00;1;0
5910;0.00;50;0.00;1;0
5911;0.00;50;0.00;1;0
5912;0.00;50;0.00;1;0
5913;0.00;50;0.00;1;0
5914;0.00;50;0.00;1;0
5915;0.00;50;0.00;1;0
5916;0.00;50;0.00;1;0
5917;0.00;50;0.00;1;0
5918;0.00;50;0.00;1;0
5919;0.00;50;0.00;1;0
5920;0.00;50;0.00;1;0
5921;0.00;50;0.00;1;0
5922;9.78;50;0.00;1;0
5923;0.00;50;0.00;1;0
5924;0.00;50;0.00;1;0
5925;0.00;50;0.00;1;0
5926;0.00;50;0.00;1;0
5927;0.00;50;0.00;1;0
5928;0.00;50;0.00;1;0
5929;29.33;50;0.00;1;0
5930;9.78;50;0.00;1;0
5931;0.00;50;0.00;1;0
5932;0.00;50;0.00;1;0
5933;0.00;50;0.00;1;0
5934;0.00;50;0.00;1;0
5935;0.00;50;0.00;1;0
5936;0.00;50;0.00;1;0
5938;0.00;50;0.00;1;0
5938;0.00;50;0.00;1;0
5939;0.00;50;0.00;1;0
5940;48.88;50;0.00;1;0
5941;0.00;50;0.00;1;0
5942;29.33;50;0.00;1;0
5943;0.00;50;0.00;1;0
5944;29.33;50;0.00;1;0
5945;0.00;50;0.00;1;0
5946;58.65;50;0.00;1;0
5947;39.10;50;0.01;1;0
5948;9.78;50;0.00;1;0
5949;58.65;50;0.00;1;0
5950;29.33;50;0.01;1;0
5951;9.78;50;0.00;1;0
5952;48.88;50;0.00;1;0
5953;9.78;50;0.00;1;0
5954;97.75;50;0.00;1;0
5955;0.00;50;0.01;1;0
5956;0.00;50;0.00;1;0
5957;0.00;50;0.00;1;0
5958;0.00;50;0.00;1;0
5959;0.00;50;0.00;1;0
5960;0.00;50;0.00;1;0
5961;0.00;50;0.00;1;0
5962;19.55;50;0.00;1;0
5963;39.10;50;0.00;1;0
5964;48.88;50;0.00;1;0
5965;0.00;50;0.00;1;0
5966;0.00;50;0.00;1;0
5967;0.00;50;0.00;1;0
5968;0.00;50;0.00;1;0
5969;0.00;50;0.00;1;0
5970;19.55;50;0.00;1;0
5971;0.00;50;0.00;1;0
5972;9.78;50;0.00;1;0
5973;0.00;50;0.00;1;0
5974;0.00;50;0.00;1;0
5975;0.00;50;0.00;1;0
5976;0.00;50;0.00;1;0
5977;0.00;50;0.00;1;0
5978;0.00;50;0.00;1;0
5979;0.00;50;0.00;1;0
5980;0.00;50;0.00;1;0
5981;0.00;50;0.00;1;0
5982;0.00;50;0.00;1;0
5983;0.00;50;0.00;1;0
5984;0.00;50;0.00;1;0
5985;0.00;50;0.00;1;0
5986;0.00;50;0.00;1;0
5987;0.00;50;0.00;1;0
5988;0.00;50;0.00;1;0
5989;0.00;50;0.00;1;0
5990;0.00;50;0.00;1;0
5991;0.00;50;0.00;1;0
5992;0.00;50;0.00;1;0
5993;0.00;50;0.00;1;0
5994;0.00;50;0.00;1;0
5995;0.00;50;0.00;1;0
5996;0.00;50;0.00;1;0
5997;0.00;50;0.00;1;0
5998;0.00;50;0.00;1;0
5999;0.00;50;0.00;1;0
6000;0.00;50;0.00;1;0
6001;0.00;50;0.00;1;0
6002;0.00;50;0.00;1;0
6003;0.00;50;0.00;1;0
6004;0.00;50;0.00;1;0
6005;0.00;50;0.00;1;0
6006;0.00;50;0.00;1;0
6007;0.00;50;0.00;1;0
6008;0.00;50;0.00;1;0
6009;0.00;50;0.00;1;0
6010;0.00;50;0.00;1;0
6011;0.00;50;0.00;1;0
6012;0.00;50;0.00;1;0
6013;0.00;50;0.00;1;0
6014;0.00;50;0.00;1;0
6015;0.00;50;0.00;1;0
6016;0.00;50;0.00;1;0
6017;0.00;50;0.00;1;0
6018;0.00;50;0.00;1;0
6019;0.00;50;0.00;1;0
6020;0.00;50;0.00;1;0
6021;0.00;50;0.00;1;0
6022;0.00;50;0.00;1;0
6023;0.00;50;0.00;1;0
6024;0.00;50;0.00;1;0
6025;0.00;50;0.00;1;0
6026;0.00;50;0.00;1;0
6027;0.00;50;0.00;1;0
6028;0.00;50;0.00;1;0
6029;0.00;50;0.00;1;0
6030;0.00;50;0.00;1;0
6031;0.00;50;0.00;1;0
6032;0.00;50;0.00;1;0
6033;0.00;50;0.00;1;0
6034;0.00;50;0.00;1;0
6035;0.00;50;0.00;1;0
6036;0.00;50;0.00;1;0
6037;0.00;50;0.00;1;0
6038;0.00;50;0.00;1;0
6039;0.00;50;0.00;1;0
6040;0.00;50;0.00;1;0
6041;0.00;50;0.00;1;0
6042;0.00;50;0.00;1;0
6043;0.00;50;0.00;1;0
6044;0.00;50;0.00;1;0
6045;0.00;50;0.00;1;0
6046;0.00;50;0.00;1;0
6047;0.00;50;0.00;1;0
6048;0.00;50;0.00;1;0
6049;0.00;50;0.00;1;0
6050;0.00;50;0.00;1;0
6051;0.00;50;0.00;1;0
6052;0.00;50;0.00;1;0
6053;0.00;50;0.00;1;0
6054;0.00;50;0.00;1;0
6055;0.00;50;0.00;1;0
6056;0.00;50;0.00;1;0
6057;0.00;50;0.00;1;0
6058;0.00;50;0.00;1;0
6059;0.00;50;0.00;1;0
6060;0.00;50;0.00;1;0
6061;0.00;50;0.00;1;0
6062;0.00;50;0.00;1;0
6063;0.00;50;0.00;1;0
6064;0.00;50;0.00;1;0
6065;0.00;50;0.00;1;0
6066;0.00;50;0.00;1;0
6067;0.00;50;0.00;1;0
6068;0.00;50;0.00;1;0
6069;0.00;50;0.00;1;0
6070;0.00;50;0.00;1;0
6071;0.00;50;0.00;1;0
6072;0.00;50;0.00;1;0
6073;0.00;50;0.00;1;0
6074;0.00;50;0.00;1;0
6075;0.00;50;0.00;1;0
6076;0.00;50;0.00;1;0
6077;0.00;50;0.00;1;0
6078;0.00;50;0.00;1;0
6079;0.00;50;0.00;1;0
6080;0.00;50;0.00;1;0
6081;0.00;50;0.00;1;0
6082;0.00;50;0.00;1;0
6083;0.00;50;0.00;1;0
6084;0.00;50;0.00;1;0
6085;0.00;50;0.00;1;0
6086;0.00;50;0.00;1;0
6087;0.00;50;0.00;1;0
6088;0.00;50;0.00;1;0
6089;0.00;50;0.00;1;0
6090;0.00;50;0.00;1;0
6091;0.00;50;0.00;1;0
6092;0.00;50;0.00;1;0
6093;0.00;50;0.00;1;0
6094;0.00;50;0.00;1;0
6095;0.00;50;0.00;1;0
6096;0.00;50;0.00;1;0
6097;0.00;50;0.00;1;0
6098;0.00;50;0.00;1;0
6099;0.00;50;0.00;1;0
6100;0.00;50;0.00;1;0
6101;0.00;50;0.00;1;0
6102;0.00;50;0.00;1;0
6103;0.00;50;0.00;1;0
6104;0.00;50;0.00;1;0
6105;0.00;50;0.00;1;0
6106;0.00;50;0.00;1;0
6107;0.00;50;0.00;1;0
6108;0.00;50;0.00;1;0
6109;0.00;50;0.00;1;0
6110;0.00;50;0.00;1;0
6111;0.00;50;0.00;1;0
6112;0.00;50;0.00;1;0
6113;0.00;50;0.00;1;0
6114;0.00;50;0.00;1;0
6115;0.00;50;0.00;1;0
6116;0.00;50;0.00;1;0
6117;0.00;50;0.00;1;0
6118;0.00;50;0.00;1;0
6119;0.00;50;0.00;1;0
6120;0.00;50;0.00;1;0
6121;0.00;50;0.00;1;0
6122;0.00;50;0.00;1;0
6123;0.00;50;0.00;1;0
6124;0.00;50;0.00;1;0
6125;0.00;50;0.00;1;0
6126;0.00;50;0.00;1;0
6127;0.00;50;0.00;1;0
6128;0.00;50;0.00;1;0
6129;0.00;50;0.00;1;0
6130;0.00;50;0.00;1;0
6131;0.00;50;0.00;1;0
6132;0.00;50;0.00;1;0
6133;0.00;50;0.00;1;0
6134;0.00;50;0.00;1;0
6135;0.00;50;0.00;1;0
6136;0.00;50;0.00;1;0
6137;0.00;50;0.00;1;0
6138;0.00;50;0.00;1;0
6139;0.00;50;0.00;1;0
6140;0.00;50;0.00;1;0
6141;0.00;50;0.00;1;0
6142;0.00;50;0.00;1;0
6143;0.00;50;0.00;1;0
6144;0.00;50;0.00;1;0
6145;0.00;50;0.00;1;0
6146;0.00;50;0.00;1;0
6147;0.00;50;0.00;1;0
6148;0.00;50;0.00;1;0
6149;0.00;50;0.00;1;0
6150;0.00;50;0.00;1;0
6151;0.00;50;0.00;1;0
6152;0.00;50;0.00;1;0
6153;0.00;50;0.00;1;0
6154;0.00;50;0.00;1;0
6155;0.00;50;0.00;1;0
6156;0.00;50;0.00;1;0
6157;0.00;50;0.00;1;0
6158;0.00;50;0.00;1;0
6159;0.00;50;0.00;1;0
6160;0.00;50;0.00;1;0
6161;0.00;50;0.00;1;0
6162;0.00;50;0.00;1;0
6163;0.00;50;0.00;1;0
6164;0.00;50;0.00;1;0
6165;0.00;50;0.00;1;0
6166;0.00;50;0.00;1;0
6167;0.00;50;0.00;1;0
6168;0.00;50;0.00;1;0
6169;0.00;50;0.00;1;0
6170;0.00;50;0.00;1;0
6171;0.00;50;0.00;1;0
6172;0.00;50;0.00;1;0
6173;0.00;50;0.00;1;0
6174;0.00;50;0.00;1;0
6175;0.00;50;0.00;1;0
6176;0.00;50;0.00;1;0
6177;0.00;50;0.00;1;0
6178;0.00;50;0.00;1;0
6179;0.00;50;0.00;1;0
6180;0.00;50;0.00;1;0
6181;0.00;50;0.00;1;0
6182;0.00;50;0.00;1;0
6183;0.00;50;0.00;1;0
6184;0.00;50;0.00;1;0
6185;0.00;50;0.00;1;0
6186;0.00;50;0.00;1;0
6187;0.00;50;0.00;1;0
6188;0.00;50;0.00;1;0
6189;0.00;50;0.00;1;0
6190;0.00;50;0.00;1;0
6191;0.00;50;0.00;1;0
6192;0.00;50;0.00;1;0
6193;0.00;50;0.00;1;0
6194;0.00;50;0.00;1;0
6195;0.00;50;0.00;1;0
6196;0.00;50;0.00;1;0
6197;0.00;50;0.00;1;0
6198;0.00;50;0.00;1;0
6199;0.00;50;0.00;1;0
6200;0.00;50;0.00;1;0
6201;0.00;50;0.00;1;0
6202;0.00;50;0.00;1;0
6203;0.00;50;0.00;1;0
6204;0.00;50;0.00;1;0
6205;0.00;50;0.00;1;0
6206;0.00;50;0.00;1;0
6207;0.00;50;0.00;1;0
6208;0.00;50;0.00;1;0
6209;0.00;50;0.00;1;0
6210;0.00;50;0.00;1;0
6211;0.00;50;0.00;1;0
6212;0.00;50;0.00;1;0
6213;0.00;50;0.00;1;0
6214;0.00;50;0.00;1;0
6215;0.00;50;0.00;1;0
6216;0.00;50;0.00;1;0
6217;0.00;50;0.00;1;0
6218;0.00;50;0.00;1;0
6219;0.00;50;0.00;1;0
6220;0.00;50;0.00;1;0
6221;0.00;50;0.00;1;0
6222;0.00;50;0.00;1;0
6223;0.00;50;0.00;1;0
6224;0.00;50;0.00;1;0
6225;0.00;50;0.00;1;0
6226;0.00;50;0.00;1;0
6227;0.00;50;0.00;1;0
6228;0.00;50;0.00;1;0
6229;0.00;50;0.00;1;0
6230;0.00;50;0.00;1;0
6231;0.00;50;0.00;1;0
6232;0.00;50;0.00;1;0
6233;0.00;50;0.00;1;0
6234;0.00;50;0.00;1;0
6235;0.00;50;0.00;1;0
6236;0.00;50;0.00;1;0
6237;0.00;50;0.00;1;0
6239;0.00;50;0.00;1;0
6239;0.00;50;0.00;1;0
6240;0.00;50;0.00;1;0
6241;0.00;50;0.00;1;0
6242;0.00;50;0.00;1;0
6243;0.00;50;0.00;1;0
6244;0.00;50;0.00;1;0
6245;0.00;50;0.00;1;0
6246;0.00;50;0.00;1;0
6247;0.00;50;0.00;1;0
6248;0.00;50;0.00;1;0
6249;0.00;50;0.00;1;0
6250;0.00;50;0.00;1;0
6251;0.00;50;0.00;1;0
6252;0.00;50;0.00;1;0
6253;0.00;50;0.00;1;0
6254;0.00;50;0.00;1;0
6255;0.00;50;0.00;1;0
6256;0.00;50;0.00;1;0
6257;0.00;50;0.00;1;0
6258;0.00;50;0.00;1;0
6259;0.00;50;0.00;1;0
6260;0.00;50;0.00;1;0
6261;0.00;50;0.00;1;0
6262;0.00;50;0.00;1;0
6263;0.00;50;0.00;1;0
6264;0.00;50;0.00;1;0
6265;0.00;50;0.00;1;0
6266;0.00;50;0.00;1;0
6267;0.00;50;0.00;1;0
6268;0.00;50;0.00;1;0
6269;0.00;50;0.00;1;0
6270;0.00;50;0.00;1;0
6271;0.00;50;0.00;1;0
6272;0.00;50;0.00;1;0
6273;0.00;50;0.00;1;0
6274;0.00;50;0.00;1;0
6275;0.00;50;0.00;1;0
6276;0.00;50;0.00;1;0
6277;0.00;50;0.00;1;0
6278;0.00;50;0.00;1;0
6279;0.00;50;0.00;1;0
6280;0.00;50;0.00;1;0
6281;0.00;50;0.00;1;0
6282;0.00;50;0.00;1;0
6283;0.00;50;0.00;1;0
6284;0.00;50;0.00;1;0
6285;0.00;50;0.00;1;0
6286;0.00;50;0.00;1;0
6287;0.00;50;0.00;1;0
6288;0.00;50;0.00;1;0
6289;0.00;50;0.00;1;0
6290;0.00;50;0.00;1;0
6291;0.00;50;0.00;1;0
6292;0.00;50;0.00;1;0
6293;0.00;50;0.00;1;0
6294;0.00;50;0.00;1;0
6295;0.00;50;0.00;1;0
6296;0.00;50;0.00;1;0
6297;0.00;50;0.00;1;0
6298;0.00;50;0.00;1;0
6299;0.00;50;0.00;1;0
6300;0.00;50;0.00;1;0
6301;0.00;50;0.00;1;0
6302;0.00;50;0.00;1;0
6303;0.00;50;0.00;1;0
6304;0.00;50;0.00;1;0
6305;0.00;50;0.00;1;0
6306;0.00;50;0.00;1;0
6307;0.00;50;0.00;1;0
6308;0.00;50;0.00;1;0
6309;0.00;50;0.00;1;0
6310;0.00;50;0.00;1;0
6311;0.00;50;0.00;1;0
6312;0.00;50;0.00;1;0
6313;0.00;50;0.00;1;0
6314;0.00;50;0.00;1;0
6315;0.00;50;0.00;1;0
6316;0.00;50;0.00;1;0
6317;0.00;50;0.00;1;0
6318;0.00;50;0.00;1;0
6319;0.00;50;0.00;1;0
6320;0.00;50;0.00;1;0
6321;0.00;50;0.00;1;0
6322;0.00;50;0.00;1;0
6323;0.00;50;0.00;1;0
6324;0.00;50;0.00;1;0
6325;0.00;50;0.00;1;0
6326;0.00;50;0.00;1;0
6327;0.00;50;0.00;1;0
6328;0.00;50;0.00;1;0
6329;0.00;50;0.00;1;0
6330;0.00;50;0.00;1;0
6331;0.00;50;0.00;1;0
6332;0.00;50;0.00;1;0
6333;0.00;50;0.00;1;0
6334;0.00;50;0.00;1;0
6335;0.00;50;0.00;1;0
6336;0.00;50;0.00;1;0
6337;0.00;50;0.00;1;0
6338;0.00;50;0.00;1;0
6339;0.00;50;0.00;1;0
6340;0.00;50;0.00;1;0
6341;0.00;50;0.00;1;0
6342;0.00;50;0.00;1;0
6343;0.00;50;0.00;1;0
6344;0.00;50;0.00;1;0
6345;0.00;50;0.00;1;0
6346;0.00;50;0.00;1;0
6347;0.00;50;0.00;1;0
6348;0.00;50;0.00;1;0
6349;0.00;50;0.00;1;0
6350;0.00;50;0.00;1;0
6351;0.00;50;0.00;1;0
6352;0.00;50;0.00;1;0
6353;0.00;50;0.00;1;0
6354;0.00;50;0.00;1;0
6355;0.00;50;0.00;1;0
6356;0.00;50;0.00;1;0
6357;0.00;50;0.00;1;0
6358;0.00;50;0.00;1;0
6359;0.00;50;0.00;1;0
6360;0.00;50;0.00;1;0
6361;0.00;50;0.00;1;0
6362;0.00;50;0.00;1;0
6363;0.00;50;0.00;1;0
6364;0.00;50;0.00;1;0
6365;0.00;50;0.00;1;0
6366;0.00;50;0.00;1;0
6367;0.00;50;0.00;1;0
6368;0.00;50;0.00;1;0
6369;0.00;50;0.00;1;0
6370;0.00;50;0.00;1;0
6371;0.00;50;0.00;1;0
6372;0.00;50;0.00;1;0
6373;0.00;50;0.00;1;0
6374;0.00;50;0.00;1;0
6375;0.00;50;0.00;1;0
6376;0.00;50;0.00;1;0
6377;0.00;50;0.00;1;0
6378;0.00;50;0.00;1;0
6379;0.00;50;0.00;1;0
6380;0.00;50;0.00;1;0
6381;0.00;50;0.00;1;0
6382;0.00;50;0.00;1;0
6383;0.00;50;0.00;1;0
6384;0.00;50;0.00;1;0
6385;0.00;50;0.00;1;0
6386;0.00;50;0.00;1;0
6387;0.00;50;0.00;1;0
6388;0.00;50;0.00;1;0
6389;0.00;50;0.00;1;0
6390;0.00;50;0.00;1;0
6391;0.00;50;0.00;1;0
6392;0.00;50;0.00;1;0
6393;0.00;50;0.00;1;0
6394;0.00;50;0.00;1;0
6395;0.00;50;0.00;1;0
6396;0.00;50;0.00;1;0
6397;0.00;50;0.00;1;0
6398;0.00;50;0.00;1;0
6399;0.00;50;0.00;1;0
6400;0.00;50;0.00;1;0
6401;0.00;50;0.00;1;0
6402;0.00;50;0.00;1;0
6403;0.00;50;0.00;1;0
6404;0.00;50;0.00;1;0
6405;0.00;50;0.00;1;0
6406;0.00;50;0.00;1;0
6407;0.00;50;0.00;1;0
6408;0.00;50;0.00;1;0
6409;0.00;50;0.00;1;0
6410;0.00;50;0.00;1;0
6411;0.00;50;0.00;1;0
6412;0.00;50;0.00;1;0
6413;0.00;50;0.00;1;0
6414;0.00;50;0.00;1;0
6415;0.00;50;0.00;1;0
6416;0.00;50;0.00;1;0
6417;0.00;50;0.00;1;0
6418;0.00;50;0.00;1;0
6419;0.00;50;0.00;1;0
6420;0.00;50;0.00;1;0
6421;0.00;50;0.00;1;0
6422;0.00;50;0.00;1;0
6423;0.00;50;0.00;1;0
6424;0.00;50;0.00;1;0
6425;0.00;50;0.00;1;0
6426;0.00;50;0.00;1;0
6427;0.00;50;0.00;1;0
6428;0.00;50;0.00;1;0
6429;0.00;50;0.00;1;0
6430;0.00;50;0.00;1;0
6431;0.00;50;0.00;1;0
6432;0.00;50;0.00;1;0
6433;0.00;50;0.00;1;0
6434;0.00;50;0.00;1;0
6435;0.00;50;0.00;1;0
6436;0.00;50;0.00;1;0
6437;0.00;50;0.00;1;0
6438;0.00;50;0.00;1;0
6439;0.00;50;0.00;1;0
6440;0.00;50;0.00;1;0
6441;0.00;50;0.00;1;0
6442;0.00;50;0.00;1;0
6443;0.00;50;0.00;1;0
6444;0.00;50;0.00;1;0
6445;0.00;50;0.00;1;0
6446;0.00;50;0.00;1;0
6447;0.00;50;0.00;1;0
6448;0.00;50;0.00;1;0
6449;0.00;50;0.00;1;0
6450;0.00;50;0.00;1;0
6451;0.00;50;0.00;1;0
6452;0.00;50;0.00;1;0
6453;0.00;50;0.00;1;0
6454;0.00;50;0.00;1;0
6455;0.00;50;0.00;1;0
6456;0.00;50;0.00;1;0
6457;0.00;50;0.00;1;0
6458;0.00;50;0.00;1;0
6459;0.00;50;0.00;1;0
6460;0.00;50;0.00;1;0
6461;0.00;50;0.00;1;0
6462;0.00;50;0.00;1;0
6463;0.00;50;0.00;1;0
6464;0.00;50;0.00;1;0
6465;0.00;50;0.00;1;0
6466;0.00;50;0.00;1;0
6467;0.00;50;0.00;1;0
6468;0.00;50;0.00;1;0
6469;0.00;50;0.00;1;0
6470;0.00;50;0.00;1;0
6471;0.00;50;0.00;1;0
6472;0.00;50;0.00;1;0
6473;0.00;50;0.00;1;0
6474;0.00;50;0.00;1;0
6475;0.00;50;0.00;1;0
6476;0.00;50;0.00;1;0
6477;0.00;50;0.00;1;0
6478;0.00;50;0.00;1;0
6479;0.00;50;0.00;1;0
6480;0.00;50;0.00;1;0
6481;0.00;50;0.00;1;0
6482;0.00;50;0.00;1;0
6483;0.00;50;0.00;1;0
6484;0.00;50;0.00;1;0
6485;0.00;50;0.00;1;0
6486;0.00;50;0.00;1;0
6487;0.00;50;0.00;1;0
6488;0.00;50;0.00;1;0
6489;0.00;50;0.00;1;0
6490;0.00;50;0.00;1;0
6491;0.00;50;0.00;1;0
6492;0.00;50;0.00;1;0
6493;0.00;50;0.00;1;0
6494;0.00;50;0.00;1;0
6495;0.00;50;0.00;1;0
6496;0.00;50;0.00;1;0
6497;0.00;50;0.00;1;0
6498;0.00;50;0.00;1;0
6499;0.00;50;0.00;1;0
6500;0.00;50;0.00;1;0
6501;0.00;50;0.00;1;0
6502;0.00;50;0.00;1;0
6503;0.00;50;0.00;1;0
6504;0.00;50;0.00;1;0
6505;0.00;50;0.00;1;0
6506;0.00;50;0.00;1;0
6507;0.00;50;0.00;1;0
6508;0.00;50;0.00;1;0
6509;0.00;50;0.00;1;0
6510;0.00;50;0.00;1;0
6511;0.00;50;0.00;1;0
6512;0.00;50;0.00;1;0
6513;0.00;50;0.00;1;0
6514;0.00;50;0.00;1;0
6515;0.00;50;0.00;1;0
6516;0.00;50;0.00;1;0
6517;0.00;50;0.00;1;0
6518;0.00;50;0.00;1;0
6519;0.00;50;0.00;1;0
6520;0.00;50;0.00;1;0
6521;0.00;50;0.00;1;0
6522;0.00;50;0.00;1;0
6523;0.00;50;0.00;1;0
6524;0.00;50;0.00;1;0
6525;0.00;50;0.00;1;0
6526;0.00;50;0.00;1;0
6527;0.00;50;0.00;1;0
6528;0.00;50;0.00;1;0
6529;0.00;50;0.00;1;0
6530;0.00;50;0.00;1;0
6531;0.00;50;0.00;1;0
6532;0.00;50;0.00;1;0
6533;0.00;50;0.00;1;0
6534;0.00;50;0.00;1;0
6535;0.00;50;0.00;1;0
6536;0.00;50;0.00;1;0
6537;0.00;50;0.00;1;0
6538;0.00;50;0.00;1;0
6539;0.00;50;0.00;1;0
6540;0.00;50;0.00;1;0
6541;0.00;50;0.00;1;0
6542;0.00;50;0.00;1;0
6543;0.00;50;0.00;1;0
6544;0.00;50;0.00;1;0
6545;0.00;50;0.00;1;0
6546;0.00;50;0.00;1;0
6547;0.00;50;0.00;1;0
6548;0.00;50;0.00;1;0
6549;0.00;50;0.00;1;0
6550;0.00;50;0.00;1;0
6551;0.00;50;0.00;1;0
6552;0.00;50;0.00;1;0
6553;0.00;50;0.00;1;0
6554;0.00;50;0.00;1;0
6555;0.00;50;0.00;1;0
6556;0.00;50;0.00;1;0
6557;0.00;50;0.00;1;0
6558;0.00;50;0.00;1;0
6559;0.00;50;0.00;1;0
6560;0.00;50;0.00;1;0
6561;0.00;50;0.00;1;0
6562;0.00;50;0.00;1;0
6563;0.00;50;0.00;1;0
6564;0.00;50;0.00;1;0
6565;0.00;50;0.00;1;0
6566;0.00;50;0.00;1;0
6567;0.00;50;0.00;1;0
6568;0.00;50;0.00;1;0
6569;0.00;50;0.00;1;0
6570;0.00;50;0.00;1;0
6571;0.00;50;0.00;1;0
6572;0.00;50;0.00;1;0
6573;0.00;50;0.00;1;0
6574;0.00;50;0.00;1;0
6575;0.00;50;0.00;1;0
6576;0.00;50;0.00;1;0
6577;0.00;50;0.00;1;0
6578;0.00;50;0.00;1;0
6579;0.00;50;0.00;1;0
6580;0.00;50;0.00;1;0
6581;0.00;50;0.00;1;0
6582;0.00;50;0.00;1;0
6583;0.00;50;0.00;1;0
6584;0.00;50;0.00;1;0
6585;0.00;50;0.00;1;0
6586;0.00;50;0.00;1;0
6587;0.00;50;0.00;1;0
6588;0.00;50;0.00;1;0
6589;0.00;50;0.00;1;0
6590;0.00;50;0.00;1;0
6591;0.00;50;0.00;1;0
6592;0.00;50;0.00;1;0
6593;0.00;50;0.00;1;0
6594;0.00;50;0.00;1;0
6595;0.00;50;0.00;1;0
6596;0.00;50;0.00;1;0
6597;0.00;50;0.00;1;0
6598;0.00;50;0.00;1;0
6599;0.00;50;0.00;1;0
6600;0.00;50;0.00;1;0
6601;0.00;50;0.00;1;0
6602;0.00;50;0.00;1;0
6603;0.00;50;0.00;1;0
6604;0.00;50;0.00;1;0
6605;0.00;50;0.00;1;0
6606;0.00;50;0.00;1;0
6607;0.00;50;0.00;1;0
6608;0.00;50;0.00;1;0
6609;0.00;50;0.00;1;0
6610;0.00;50;0.00;1;0
6611;0.00;50;0.00;1;0
6612;0.00;50;0.00;1;0
6613;0.00;50;0.00;1;0
6614;0.00;50;0.00;1;0
6615;0.00;50;0.00;1;0
6616;0.00;50;0.00;1;0
6617;0.00;50;0.00;1;0
6618;0.00;50;0.00;1;0
6619;0.00;50;0.00;1;0
6620;0.00;50;0.00;1;0
6621;0.00;50;0.00;1;0
6622;0.00;50;0.00;1;0
6623;0.00;50;0.00;1;0
6624;0.00;50;0.00;1;0
6625;0.00;50;0.00;1;0
6626;0.00;50;0.00;1;0
6627;0.00;50;0.00;1;0
6628;0.00;50;0.00;1;0
6629;0.00;50;0.00;1;0
6630;0.00;50;0.00;1;0
6631;0.00;50;0.00;1;0
6632;0.00;50;0.00;1;0
6633;0.00;50;0.00;1;0
6634;0.00;50;0.00;1;0
6635;0.00;50;0.00;1;0
6636;0.00;50;0.00;1;0
6637;0.00;50;0.00;1;0
6638;0.00;50;0.00;1;0
6639;0.00;50;0.00;1;0
6640;0.00;50;0.00;1;0
6641;0.00;50;0.00;1;0
6642;0.00;50;0.00;1;0
6643;0.00;50;0.00;1;0
6644;0.00;50;0.00;1;0
6645;0.00;50;0.00;1;0
6646;0.00;50;0.00;1;0
6647;0.00;50;0.00;1;0
6648;0.00;50;0.00;1;0
6649;0.00;50;0.00;1;0
6650;0.00;50;0.00;1;0
6651;0.00;50;0.00;1;0
6652;0.00;50;0.00;1;0
6653;0.00;50;0.00;1;0
6654;0.00;50;0.00;1;0
6655;0.00;50;0.00;1;0
6656;0.00;50;0.00;1;0
6657;0.00;50;0.00;1;0
6658;0.00;50;0.00;1;0
6659;0.00;50;0.00;1;0
6660;0.00;50;0.00;1;0
6661;0.00;50;0.00;1;0
6662;0.00;50;0.00;1;0
6663;0.00;50;0.00;1;0
6664;0.00;50;0.00;1;0
6665;0.00;50;0.00;1;0
6666;0.00;50;0.00;1;0
6667;0.00;50;0.00;1;0
6668;0.00;50;0.00;1;0
6669;0.00;50;0.00;1;0
6670;0.00;50;0.00;1;0
6671;0.00;50;0.00;1;0
6672;0.00;50;0.00;1;0
6673;0.00;50;0.00;1;0
6674;0.00;50;0.00;1;0
6675;0.00;50;0.00;1;0
6676;0.00;50;0.00;1;0
6677;0.00;50;0.00;1;0
6678;0.00;50;0.00;1;0
6679;0.00;50;0.00;1;0
6680;0.00;50;0.00;1;0
6681;0.00;50;0.00;1;0
6682;0.00;50;0.00;1;0
6683;0.00;50;0.00;1;0
6684;0.00;50;0.00;1;0
6685;0.00;50;0.00;1;0
6686;0.00;50;0.00;1;0
6687;0.00;50;0.00;1;0
6688;0.00;50;0.00;1;0
6689;0.00;50;0.00;1;0
6690;0.00;50;0.00;1;0
6691;0.00;50;0.00;1;0
6692;0.00;50;0.00;1;0
6693;0.00;50;0.00;1;0
6694;0.00;50;0.00;1;0
6695;0.00;50;0.00;1;0
6696;0.00;50;0.00;1;0
6697;0.00;50;0.00;1;0
6698;0.00;50;0.00;1;0
6699;0.00;50;0.00;1;0
6700;0.00;50;0.00;1;0
6701;0.00;50;0.00;1;0
6702;0.00;50;0.00;1;0
6703;0.00;50;0.00;1;0
6704;0.00;50;0.00;1;0
6705;0.00;50;0.00;1;0
6706;0.00;50;0.00;1;0
6707;0.00;50;0.00;1;0
6708;0.00;50;0.00;1;0
6709;0.00;50;0.00;1;0
6710;0.00;50;0.00;1;0
6711;0.00;50;0.00;1;0
6712;0.00;50;0.00;1;0
6713;0.00;50;0.00;1;0
6714;0.00;50;0.00;1;0
6715;0.00;50;0.00;1;0
6716;0.00;50;0.00;1;0
6717;0.00;50;0.00;1;0
6718;0.00;50;0.00;1;0
6719;0.00;50;0.00;1;0
6720;0.00;50;0.00;1;0
6721;0.00;50;0.00;1;0
6722;0.00;50;0.00;1;0
6723;0.00;50;0.00;1;0
6724;0.00;50;0.00;1;0
6725;0.00;50;0.00;1;0
6726;0.00;50;0.00;1;0
6727;0.00;50;0.00;1;0
6728;0.00;50;0.00;1;0
6729;0.00;50;0.00;1;0
6730;0.00;50;0.00;1;0
6731;0.00;50;0.00;1;0
6732;0.00;50;0.00;1;0
6733;0.00;50;0.00;1;0
6734;0.00;50;0.00;1;0
6735;0.00;50;0.00;1;0
6736;0.00;50;0.00;1;0
6737;0.00;50;0.00;1;0
6738;0.00;50;0.00;1;0
6739;0.00;50;0.00;1;0
6740;0.00;50;0.00;1;0
6741;0.00;50;0.00;1;0
6742;0.00;50;0.00;1;0
6743;0.00;50;0.00;1;0
6744;0.00;50;0.00;1;0
6745;0.00;50;0.00;1;0
6746;0.00;50;0.00;1;0
6747;0.00;50;0.00;1;0
6748;0.00;50;0.00;1;0
6749;0.00;50;0.00;1;0
6750;0.00;50;0.00;1;0
6751;0.00;50;0.00;1;0
6752;0.00;50;0.00;1;0
6753;0.00;50;0.00;1;0
6754;0.00;50;0.00;1;0
6755;0.00;50;0.00;1;0
6756;0.00;50;0.00;1;0
6757;0.00;50;0.00;1;0
6758;0.00;50;0.00;1;0
6759;0.00;50;0.00;1;0
6760;0.00;50;0.00;1;0
6761;0.00;50;0.00;1;0
6762;0.00;50;0.00;1;0
6763;0.00;50;0.00;1;0
6764;0.00;50;0.00;1;0
6765;0.00;50;0.00;1;0
6766;0.00;50;0.00;1;0
6767;0.00;50;0.00;1;0
6768;0.00;50;0.00;1;0
6769;0.00;50;0.00;1;0
6770;0.00;50;0.00;1;0
6771;0.00;50;0.00;1;0
6772;0.00;50;0.00;1;0
6773;0.00;50;0.00;1;0
6774;0.00;50;0.00;1;0
6775;0.00;50;0.00;1;0
6776;0.00;50;0.00;1;0
6777;0.00;50;0.00;1;0
6778;0.00;50;0.00;1;0
6779;0.00;50;0.00;1;0
6780;0.00;50;0.00;1;0
6781;0.00;50;0.00;1;0
6782;0.00;50;0.00;1;0
6783;0.00;50;0.00;1;0
6784;0.00;50;0.00;1;0
6785;0.00;50;0.00;1;0
6786;0.00;50;0.00;1;0
6787;0.00;50;0.00;1;0
6788;0.00;50;0.00;1;0
6789;0.00;50;0.00;1;0
6790;0.00;50;0.00;1;0
6791;0.00;50;0.00;1;0
6792;0.00;50;0.00;1;0
6793;0.00;50;0.00;1;0
6794;0.00;50;0.00;1;0
6795;0.00;50;0.00;1;0
6796;0.00;50;0.00;1;0
6797;0.00;50;0.00;1;0
6798;0.00;50;0.00;1;0
6799;0.00;50;0.00;1;0
6800;0.00;50;0.00;1;0
6801;0.00;50;0.00;1;0
6802;0.00;50;0.00;1;0
6803;0.00;50;0.00;1;0
6804;0.00;50;0.00;1;0
6805;0.00;50;0.00;1;0
6806;0.00;50;0.00;1;0
6807;0.00;50;0.00;1;0
6808;0.00;50;0.00;1;0
6809;0.00;50;0.00;1;0
6810;0.00;50;0.00;1;0
6811;0.00;50;0.00;1;0
6812;0.00;50;0.00;1;0
6813;0.00;50;0.00;1;0
6814;0.00;50;0.00;1;0
6815;0.00;50;0.00;1;0
6816;0.00;50;0.00;1;0
6817;0.00;50;0.00;1;0
6818;0.00;50;0.00;1;0
6819;0.00;50;0.00;1;0
6820;0.00;50;0.00;1;0
6821;0.00;50;0.00;1;0
6822;0.00;50;0.00;1;0
6823;0.00;50;0.00;1;0
6824;0.00;50;0.00;1;0
6825;0.00;50;0.00;1;0
6826;0.00;50;0.00;1;0
6827;0.00;50;0.00;1;0
6828;0.00;50;0.00;1;0
6829;0.00;50;0.00;1;0
6830;0.00;50;0.00;1;0
6831;0.00;50;0.00;1;0
6832;0.00;50;0.00;1;0
6833;0.00;50;0.00;1;0
6834;0.00;50;0.00;1;0
6835;0.00;50;0.00;1;0
6836;0.00;50;0.00;1;0
6837;0.00;50;0.00;1;0
6838;0.00;50;0.00;1;0
6839;0.00;50;0.00;1;0
6840;0.00;50;0.00;1;0
6841;0.00;50;0.00;1;0
6842;0.00;50;0.00;1;0
6843;0.00;50;0.00;1;0
6844;0.00;50;0.00;1;0
6845;0.00;50;0.00;1;0
6846;0.00;50;0.00;1;0
6847;0.00;50;0.00;1;0
6848;0.00;50;0.00;1;0
6849;0.00;50;0.00;1;0
6850;0.00;50;0.00;1;0
6851;0.00;50;0.00;1;0
6852;0.00;50;0.00;1;0
6853;0.00;50;0.00;1;0
6854;0.00;50;0.00;1;0
6855;0.00;50;0.00;1;0
6856;0.00;50;0.00;1;0
6857;0.00;50;0.00;1;0
6858;0.00;50;0.00;1;0
6859;0.00;50;0.00;1;0
6860;0.00;50;0.00;1;0
6861;0.00;50;0.00;1;0
6862;0.00;50;0.00;1;0
6863;0.00;50;0.00;1;0
6864;0.00;50;0.00;1;0
6865;0.00;50;0.00;1;0
6866;0.00;50;0.00;1;0
6867;0.00;50;0.00;1;0
6868;0.00;50;0.00;1;0
6869;0.00;50;0.00;1;0
6870;0.00;50;0.00;1;0
6871;0.00;50;0.00;1;0
6872;0.00;50;0.00;1;0
6873;0.00;50;0.00;1;0
6874;0.00;50;0.00;1;0
6875;0.00;50;0.00;1;0
6876;0.00;50;0.00;1;0
6877;0.00;50;0.00;1;0
6878;0.00;50;0.00;1;0
6879;0.00;50;0.00;1;0
6880;0.00;50;0.00;1;0
6881;0.00;50;0.00;1;0
6882;0.00;50;0.00;1;0
6883;0.00;50;0.00;1;0
6884;0.00;50;0.00;1;0
6885;0.00;50;0.00;1;0
6886;0.00;50;0.00;1;0
6887;0.00;50;0.00;1;0
6888;0.00;50;0.00;1;0
6889;0.00;50;0.00;1;0
6890;0.00;50;0.00;1;0
6891;0.00;50;0.00;1;0
6892;0.00;50;0.00;1;0
6893;0.00;50;0.00;1;0
6894;0.00;50;0.00;1;0
6895;0.00;50;0.00;1;0
6896;0.00;50;0.00;1;0
6897;0.00;50;0.00;1;0
6898;0.00;50;0.00;1;0
6899;0.00;50;0.00;1;0
6900;0.00;50;0.00;1;0
6901;0.00;50;0.00;1;0
6902;0.00;50;0.00;1;0
6903;0.00;50;0.00;1;0
6904;0.00;50;0.00;1;0
6905;0.00;50;0.00;1;0
6906;0.00;50;0.00;1;0
6907;0.00;50;0.00;1;0
6908;0.00;50;0.00;1;0
6909;0.00;50;0.00;1;0
6910;0.00;50;0.00;1;0
6911;0.00;50;0.00;1;0
6912;0.00;50;0.00;1;0
6913;0.00;50;0.00;1;0
6914;0.00;50;0.00;1;0
6915;0.00;50;0.00;1;0
6916;0.00;50;0.00;1;0
6917;0.00;50;0.00;1;0
6918;0.00;50;0.00;1;0
6919;0.00;50;0.00;1;0
6920;0.00;50;0.00;1;0
6921;0.00;50;0.00;1;0
6922;0.00;50;0.00;1;0
6923;0.00;50;0.00;1;0
6924;0.00;50;0.00;1;0
6925;0.00;50;0.00;1;0
6926;0.00;50;0.00;1;0
6927;0.00;50;0.00;1;0
6928;0.00;50;0.00;1;0
6929;0.00;50;0.00;1;0
6930;0.00;50;0.00;1;0
6931;0.00;50;0.00;1;0
6932;0.00;50;0.00;1;0
6933;0.00;50;0.00;1;0
6934;0.00;50;0.00;1;0
6935;0.00;50;0.00;1;0
6936;0.00;50;0.00;1;0
6937;0.00;50;0.00;1;0
6938;0.00;50;0.00;1;0
6939;0.00;50;0.00;1;0
6940;0.00;50;0.00;1;0
6941;0.00;50;0.00;1;0
6942;0.00;50;0.00;1;0
6943;0.00;50;0.00;1;0
6944;0.00;50;0.00;1;0
6945;0.00;50;0.00;1;0
6946;0.00;50;0.00;1;0
6947;0.00;50;0.00;1;0
6948;0.00;50;0.00;1;0
6949;0.00;50;0.00;1;0
6950;0.00;50;0.00;1;0
6951;0.00;50;0.00;1;0
6952;0.00;50;0.00;1;0
6953;0.00;50;0.00;1;0
6954;0.00;50;0.00;1;0
6955;0.00;50;0.00;1;0
6956;0.00;50;0.00;1;0
6957;0.00;50;0.00;1;0
6958;0.00;50;0.00;1;0
6959;0.00;50;0.00;1;0
6960;0.00;50;0.00;1;0
6961;0.00;50;0.00;1;0
6962;0.00;50;0.00;1;0
6963;0.00;50;0.00;1;0
6964;0.00;50;0.00;1;0
6965;0.00;50;0.00;1;0
6966;0.00;50;0.00;1;0
6967;0.00;50;0.00;1;0
6968;0.00;50;0.00;1;0
6969;0.00;50;0.00;1;0
6970;0.00;50;0.00;1;0
6971;0.00;50;0.00;1;0
6972;0.00;50;0.00;1;0
6973;0.00;50;0.00;1;0
6974;0.00;50;0.00;1;0
6975;0.00;50;0.00;1;0
6976;0.00;50;0.00;1;0
6977;0.00;50;0.00;1;0
6978;0.00;50;0.00;1;0
6979;0.00;50;0.00;1;0
6980;0.00;50;0.00;1;0
6981;0.00;50;0.00;1;0
6982;0.00;50;0.00;1;0
6983;0.00;50;0.00;1;0
6984;0.00;50;0.00;1;0
6985;0.00;50;0.00;1;0
6986;0.00;50;0.00;1;0
6987;0.00;50;0.00;1;0
6988;0.00;50;0.00;1;0
6989;0.00;50;0.00;1;0
6990;0.00;50;0.00;1;0
6991;0.00;50;0.00;1;0
6992;0.00;50;0.00;1;0
6993;0.00;50;0.00;1;0
6994;0.00;50;0.00;1;0
6995;0.00;50;0.00;1;0
6996;0.00;50;0.00;1;0
6997;0.00;50;0.00;1;0
6998;0.00;50;0.00;1;0
6999;0.00;50;0.00;1;0
7000;0.00;50;0.00;1;0
7001;0.00;50;0.00;1;0
7002;0.00;50;0.00;1;0
7003;0.00;50;0.00;1;0
7004;0.00;50;0.00;1;0
7005;0.00;50;0.00;1;0
7006;0.00;50;0.00;1;0
7007;0.00;50;0.00;1;0
7008;0.00;50;0.00;1;0
7009;0.00;50;0.00;1;0
7010;0.00;50;0.00;1;0
7011;0.00;50;0.00;1;0
7012;0.00;50;0.00;1;0
7013;0.00;50;0.00;1;0
7014;0.00;50;0.00;1;0
7015;0.00;50;0.00;1;0
7016;0.00;50;0.00;1;0
7017;0.00;50;0.00;1;0
7018;0.00;50;0.00;1;0
7019;0.00;50;0.00;1;0
7020;0.00;50;0.00;1;0
7021;0.00;50;0.00;1;0
7022;0.00;50;0.00;1;0
7023;0.00;50;0.00;1;0
7024;0.00;50;0.00;1;0
7025;0.00;50;0.00;1;0
7026;0.00;50;0.00;1;0
7027;0.00;50;0.00;1;0
7028;0.00;50;0.00;1;0
7029;0.00;50;0.00;1;0
7030;0.00;50;0.00;1;0
7031;0.00;50;0.00;1;0
7032;0.00;50;0.00;1;0
7033;0.00;50;0.00;1;0
7034;0.00;50;0.00;1;0
7035;0.00;50;0.00;1;0
7036;0.00;50;0.00;1;0
7037;0.00;50;0.00;1;0
7038;0.00;50;0.00;1;0
7039;0.00;50;0.00;1;0
7040;0.00;50;0.00;1;0
7041;0.00;50;0.00;1;0
7042;0.00;50;0.00;1;0
7043;0.00;50;0.00;1;0
7044;0.00;50;0.00;1;0
7045;0.00;50;0.00;1;0
7046;0.00;50;0.00;1;0
7047;0.00;50;0.00;1;0
7048;0.00;50;0.00;1;0
7049;0.00;50;0.00;1;0
7050;0.00;50;0.00;1;0
7051;0.00;50;0.00;1;0
7052;0.00;50;0.00;1;0
7053;0.00;50;0.00;1;0
7054;0.00;50;0.00;1;0
7055;0.00;50;0.00;1;0
7056;0.00;50;0.00;1;0
7057;0.00;50;0.00;1;0
7058;0.00;50;0.00;1;0
7059;0.00;50;0.00;1;0
7060;0.00;50;0.00;1;0
7061;0.00;50;0.00;1;0
7062;0.00;50;0.00;1;0
7063;0.00;50;0.00;1;0
7064;0.00;50;0.00;1;0
7065;0.00;50;0.00;1;0
7066;0.00;50;0.00;1;0
7067;0.00;50;0.00;1;0
7068;0.00;50;0.00;1;0
7069;0.00;50;0.00;1;0
7070;0.00;50;0.00;1;0
7071;0.00;50;0.00;1;0
7072;0.00;50;0.00;1;0
7073;0.00;50;0.00;1;0
7074;0.00;50;0.00;1;0
7075;0.00;50;0.00;1;0
7076;0.00;50;0.00;1;0
7077;0.00;50;0.00;1;0
7078;0.00;50;0.00;1;0
7079;0.00;50;0.00;1;0
7080;0.00;50;0.00;1;0
7081;0.00;50;0.00;1;0
7082;0.00;50;0.00;1;0
7083;0.00;50;0.00;1;0
7084;0.00;50;0.00;1;0
7085;0.00;50;0.00;1;0
7086;0.00;50;0.00;1;0
7087;0.00;50;0.00;1;0
7088;0.00;50;0.00;1;0
7089;0.00;50;0.00;1;0
7090;0.00;50;0.00;1;0
7091;0.00;50;0.00;1;0
7092;0.00;50;0.00;1;0
7093;0.00;50;0.00;1;0
7094;0.00;50;0.00;1;0
7095;0.00;50;0.00;1;0
7096;0.00;50;0.00;1;0
7097;0.00;50;0.00;1;0
7098;0.00;50;0.00;1;0
7099;0.00;50;0.00;1;0
7100;0.00;50;0.00;1;0
7101;0.00;50;0.00;1;0
7102;0.00;50;0.00;1;0
7103;0.00;50;0.00;1;0
7104;0.00;50;0.00;1;0
7105;0.00;50;0.00;1;0
7106;0.00;50;0.00;1;0
7107;0.00;50;0.00;1;0
7108;0.00;50;0.00;1;0
7109;0.00;50;0.00;1;0
7110;0.00;50;0.00;1;0
7111;0.00;50;0.00;1;0
7112;0.00;50;0.00;1;0
7113;0.00;50;0.00;1;0
7114;0.00;50;0.00;1;0
7115;0.00;50;0.00;1;0
7116;0.00;50;0.00;1;0
7117;0.00;50;0.00;1;0
7118;0.00;50;0.00;1;0
7119;0.00;50;0.00;1;0
7120;0.00;50;0.00;1;0
7121;0.00;50;0.00;1;0
7122;0.00;50;0.00;1;0
7123;0.00;50;0.00;1;0
7124;0.00;50;0.00;1;0
7125;0.00;50;0.00;1;0
7126;0.00;50;0.00;1;0
7127;0.00;50;0.00;1;0
7128;0.00;50;0.00;1;0
7129;0.00;50;0.00;1;0
7130;0.00;50;0.00;1;0
7131;0.00;50;0.00;1;0
7132;0.00;50;0.00;1;0
7133;0.00;50;0.00;1;0
7134;0.00;50;0.00;1;0
7135;0.00;50;0.00;1;0
7136;0.00;50;0.00;1;0
7137;0.00;50;0.00;1;0
7138;0.00;50;0.00;1;0
7139;0.00;50;0.00;1;0
7140;0.00;50;0.00;1;0
7141;0.00;50;0.00;1;0
7142;0.00;50;0.00;1;0
7143;0.00;50;0.00;1;0
7144;0.00;50;0.00;1;0
7145;0.00;50;0.00;1;0
7146;0.00;50;0.00;1;0
7147;0.00;50;0.00;1;0
7148;0.00;50;0.00;1;0
7149;0.00;50;0.00;1;0
7150;0.00;50;0.00;1;0
7151;0.00;50;0.00;1;0
7152;0.00;50;0.00;1;0
7153;0.00;50;0.00;1;0
7154;0.00;50;0.00;1;0
7155;0.00;50;0.00;1;0
7156;0.00;50;0.00;1;0
7157;0.00;50;0.00;1;0
7158;0.00;50;0.00;1;0
7159;0.00;50;0.00;1;0
7160;0.00;50;0.00;1;0
7161;0.00;50;0.00;1;0
7162;0.00;50;0.00;1;0
7163;0.00;50;0.00;1;0
7164;0.00;50;0.00;1;0
7165;0.00;50;0.00;1;0
7166;0.00;50;0.00;1;0
7167;0.00;50;0.00;1;0
7168;0.00;50;0.00;1;0
7169;0.00;50;0.00;1;0
7170;0.00;50;0.00;1;0
7171;0.00;50;0.00;1;0
7172;0.00;50;0.00;1;0
7173;0.00;50;0.00;1;0
7174;0.00;50;0.00;1;0
7175;0.00;50;0.00;1;0
7176;0.00;50;0.00;1;0
7177;0.00;50;0.00;1;0
7178;0.00;50;0.00;1;0
7179;0.00;50;0.00;1;0
7180;0.00;50;0.00;1;0
7181;0.00;50;0.00;1;0
7182;0.00;50;0.00;1;0
7183;0.00;50;0.00;1;0
7184;0.00;50;0.00;1;0
7185;0.00;50;0.00;1;0
7186;0.00;50;0.00;1;0
7187;0.00;50;0.00;1;0
7188;0.00;50;0.00;1;0
7189;0.00;50;0.00;1;0
7190;0.00;50;0.00;1;0
7191;0.00;50;0.00;1;0
7192;0.00;50;0.00;1;0
7193;0.00;50;0.00;1;0
7194;0.00;50;0.00;1;0
7195;0.00;50;0.00;1;0
7196;0.00;50;0.00;1;0
7197;0.00;50;0.00;1;0
7198;0.00;50;0.00;1;0
7199;0.00;50;0.00;1;0
7200;0.00;50;0.00;1;0
7201;0.00;50;0.00;1;0
7202;0.00;50;0.00;1;0
7203;0.00;50;0.00;1;0
7204;0.00;50;0.00;1;0
7205;0.00;50;0.00;1;0
7206;0.00;50;0.00;1;0
7207;0.00;50;0.00;1;0
7208;0.00;50;0.00;1;0
7209;0.00;50;0.00;1;0
7210;0.00;50;0.00;1;0
7211;0.00;50;0.00;1;0
7212;0.00;50;0.00;1;0
7213;0.00;50;0.00;1;0
7214;0.00;50;0.00;1;0
7215;0.00;50;0.00;1;0
7216;0.00;50;0.00;1;0
7217;0.00;50;0.00;1;0
7218;0.00;50;0.00;1;0
7219;0.00;50;0.00;1;0
7220;0.00;50;0.00;1;0
7221;0.00;50;0.00;1;0
7222;0.00;50;0.00;1;0
7223;0.00;50;0.00;1;0
7224;0.00;50;0.00;1;0
7225;0.00;50;0.00;1;0
7226;0.00;50;0.00;1;0
7227;0.00;50;0.00;1;0
7228;0.00;50;0.00;1;0
7229;0.00;50;0.00;1;0
7230;0.00;50;0.00;1;0
7231;0.00;50;0.00;1;0
7232;0.00;50;0.00;1;0
7233;0.00;50;0.00;1;0
7234;0.00;50;0.00;1;0
7235;0.00;50;0.00;1;0
7236;0.00;50;0.00;1;0
7237;0.00;50;0.00;1;0
7238;0.00;50;0.00;1;0
7239;0.00;50;0.00;1;0
7240;0.00;50;0.00;1;0
7241;0.00;50;0.00;1;0
7242;0.00;50;0.00;1;0
7243;0.00;50;0.00;1;0
7244;0.00;50;0.00;1;0
7245;0.00;50;0.00;1;0
7246;0.00;50;0.00;1;0
7247;0.00;50;0.00;1;0
7248;0.00;50;0.00;1;0
7249;0.00;50;0.00;1;0
7250;0.00;50;0.00;1;0
7251;0.00;50;0.00;1;0
7252;0.00;50;0.00;1;0
7253;0.00;50;0.00;1;0
7254;0.00;50;0.00;1;0
7255;0.00;50;0.00;1;0
7256;0.00;50;0.00;1;0
7257;0.00;50;0.00;1;0
7258;0.00;50;0.00;1;0
7259;0.00;50;0.00;1;0
7260;0.00;50;0.00;1;0
7261;0.00;50;0.00;1;0
7262;0.00;50;0.00;1;0
7263;0.00;50;0.00;1;0
7264;0.00;50;0.00;1;0
7265;0.00;50;0.00;1;0
7266;0.00;50;0.00;1;0
7267;0.00;50;0.00;1;0
7268;0.00;50;0.00;1;0
7269;0.00;50;0.00;1;0
7270;0.00;50;0.00;1;0
7271;0.00;50;0.00;1;0
7272;0.00;50;0.00;1;0
7273;0.00;50;0.00;1;0
7274;0.00;50;0.00;1;0
7275;0.00;50;0.00;1;0
7276;0.00;50;0.00;1;0
7277;0.00;50;0.00;1;0
7278;0.00;50;0.00;1;0
7279;0.00;50;0.00;1;0
7280;0.00;50;0.00;1;0
7281;0.00;50;0.00;1;0
7282;0.00;50;0.00;1;0
7283;0.00;50;0.00;1;0
7284;0.00;50;0.00;1;0
7285;0.00;50;0.00;1;0
7286;0.00;50;0.00;1;0
7287;0.00;50;0.00;1;0
7288;0.00;50;0.00;1;0
7289;0.00;50;0.00;1;0
7290;0.00;50;0.00;1;0
7291;0.00;50;0.00;1;0
7292;0.00;50;0.00;1;0
7293;0.00;50;0.00;1;0
7294;0.00;50;0.00;1;0
7295;0.00;50;0.00;1;0
7296;0.00;50;0.00;1;0
7297;0.00;50;0.00;1;0
7298;0.00;50;0.00;1;0
7299;0.00;50;0.00;1;0
7300;0.00;50;0.00;1;0
7301;0.00;50;0.00;1;0
7302;0.00;50;0.00;1;0
7303;0.00;50;0.00;1;0
7304;0.00;50;0.00;1;0
7305;0.00;50;0.00;1;0
7306;0.00;50;0.00;1;0
7307;0.00;50;0.00;1;0
7308;0.00;50;0.00;1;0
7309;0.00;50;0.00;1;0
7310;0.00;50;0.00;1;0
7311;0.00;50;0.00;1;0
7312;0.00;50;0.00;1;0
7313;0.00;50;0.00;1;0
7314;0.00;50;0.00;1;0
7315;0.00;50;0.00;1;0
7316;0.00;50;0.00;1;0
7317;0.00;50;0.00;1;0
7318;0.00;50;0.00;1;0
7319;0.00;50;0.00;1;0
7320;0.00;50;0.00;1;0
7321;0.00;50;0.00;1;0
7322;0.00;50;0.00;1;0
7323;0.00;50;0.00;1;0
7324;0.00;50;0.00;1;0
7325;0.00;50;0.00;1;0
7326;0.00;50;0.00;1;0
7327;0.00;50;0.00;1;0
7328;0.00;50;0.00;1;0
7329;0.00;50;0.00;1;0
7330;0.00;50;0.00;1;0
7331;0.00;50;0.00;1;0
7332;0.00;50;0.00;1;0
7333;0.00;50;0.00;1;0
7334;0.00;50;0.00;1;0
7335;0.00;50;0.00;1;0
7336;0.00;50;0.00;1;0
7337;0.00;50;0.00;1;0
7338;0.00;50;0.00;1;0
7339;0.00;50;0.00;1;0
7340;0.00;50;0.00;1;0
7341;0.00;50;0.00;1;0
7342;0.00;50;0.00;1;0
7343;0.00;50;0.00;1;0
7344;0.00;50;0.00;1;0
7345;0.00;50;0.00;1;0
7346;0.00;50;0.00;1;0
7347;0.00;50;0.00;1;0
7348;0.00;50;0.00;1;0
7349;0.00;50;0.00;1;0
7350;0.00;50;0.00;1;0
7351;0.00;50;0.00;1;0
7352;0.00;50;0.00;1;0
7353;0.00;50;0.00;1;0
7354;0.00;50;0.00;1;0
7355;0.00;50;0.00;1;0
7356;0.00;50;0.00;1;0
7357;0.00;50;0.00;1;0
7358;0.00;50;0.00;1;0
7359;0.00;50;0.00;1;0
7360;0.00;50;0.00;1;0
7361;0.00;50;0.00;1;0
7362;0.00;50;0.00;1;0
7363;0.00;50;0.00;1;0
7364;0.00;50;0.00;1;0
7365;0.00;50;0.00;1;0
7366;0.00;50;0.00;1;0
7367;0.00;50;0.00;1;0
7368;0.00;50;0.00;1;0
7369;0.00;50;0.00;1;0
7370;0.00;50;0.00;1;0
7371;0.00;50;0.00;1;0
7372;0.00;50;0.00;1;0
7373;0.00;50;0.00;1;0
7374;0.00;50;0.00;1;0
7375;0.00;50;0.00;1;0
7376;0.00;50;0.00;1;0
7377;0.00;50;0.00;1;0
7378;0.00;50;0.00;1;0
7379;0.00;50;0.00;1;0
7380;0.00;50;0.00;1;0
7381;0.00;50;0.00;1;0
7382;0.00;50;0.00;1;0
7383;0.00;50;0.00;1;0
7384;0.00;50;0.00;1;0
7385;0.00;50;0.00;1;0
7386;0.00;50;0.00;1;0
7387;0.00;50;0.00;1;0
7388;0.00;50;0.00;1;0
7389;0.00;50;0.00;1;0
7390;0.00;50;0.00;1;0
7391;0.00;50;0.00;1;0
7392;0.00;50;0.00;1;0
7393;0.00;50;0.00;1;0
7394;0.00;50;0.00;1;0
7395;0.00;50;0.00;1;0
7396;0.00;50;0.00;1;0
7397;0.00;50;0.00;1;0
7398;0.00;50;0.00;1;0
7399;0.00;50;0.00;1;0
7400;0.00;50;0.00;1;0
7401;0.00;50;0.00;1;0
7402;0.00;50;0.00;1;0
7403;0.00;50;0.00;1;0
7404;0.00;50;0.00;1;0
7405;0.00;50;0.00;1;0
7406;0.00;50;0.00;1;0
7407;0.00;50;0.00;1;0
7408;0.00;50;0.00;1;0
7409;0.00;50;0.00;1;0
7410;0.00;50;0.00;1;0
7411;0.00;50;0.00;1;0
7412;0.00;50;0.00;1;0
7413;0.00;50;0.00;1;0
7414;0.00;50;0.00;1;0
7415;0.00;50;0.00;1;0
7416;0.00;50;0.00;1;0
7417;0.00;50;0.00;1;0
7418;0.00;50;0.00;1;0
7419;0.00;50;0.00;1;0
7420;0.00;50;0.00;1;0
7421;0.00;50;0.00;1;0
7422;0.00;50;0.00;1;0
7423;0.00;50;0.00;1;0
7424;0.00;50;0.00;1;0
7425;0.00;50;0.00;1;0
7426;0.00;50;0.00;1;0
7427;0.00;50;0.00;1;0
7428;0.00;50;0.00;1;0
7429;0.00;50;0.00;1;0
7430;0.00;50;0.00;1;0
7431;0.00;50;0.00;1;0
7432;0.00;50;0.00;1;0
7433;0.00;50;0.00;1;0
7434;0.00;50;0.00;1;0
7435;0.00;50;0.00;1;0
7436;0.00;50;0.00;1;0
7437;0.00;50;0.00;1;0
7438;0.00;50;0.00;1;0
7439;0.00;50;0.00;1;0
7440;0.00;50;0.00;1;0
7441;0.00;50;0.00;1;0
7442;0.00;50;0.00;1;0
7443;0.00;50;0.00;1;0
7444;0.00;50;0.00;1;0
7445;0.00;50;0.00;1;0
7446;0.00;50;0.00;1;0
7447;0.00;50;0.00;1;0
7448;0.00;50;0.00;1;0
7449;0.00;50;0.00;1;0
7450;0.00;50;0.00;1;0
7451;0.00;50;0.00;1;0
7452;0.00;50;0.00;1;0
7453;0.00;50;0.00;1;0
7454;0.00;50;0.00;1;0
7455;0.00;50;0.00;1;0
7456;0.00;50;0.00;1;0
7457;0.00;50;0.00;1;0
7458;0.00;50;0.00;1;0
7459;0.00;50;0.00;1;0
7460;0.00;50;0.00;1;0
7461;0.00;50;0.00;1;0
7462;0.00;50;0.00;1;0
7463;0.00;50;0.00;1;0
7464;0.00;50;0.00;1;0
7465;0.00;50;0.00;1;0
7466;0.00;50;0.00;1;0
7467;0.00;50;0.00;1;0
7468;0.00;50;0.00;1;0
7469;0.00;50;0.00;1;0
7470;0.00;50;0.00;1;0
7471;0.00;50;0.00;1;0
7472;0.00;50;0.00;1;0
7473;0.00;50;0.00;1;0
7474;0.00;50;0.00;1;0
7475;0.00;50;0.00;1;0
7476;0.00;50;0.00;1;0
7477;0.00;50;0.00;1;0
7478;0.00;50;0.00;1;0
7479;0.00;50;0.00;1;0
7480;0.00;50;0.00;1;0
7481;0.00;50;0.00;1;0
7482;0.00;50;0.00;1;0
7483;0.00;50;0.00;1;0
7484;0.00;50;0.00;1;0
7485;0.00;50;0.00;1;0
7486;0.00;50;0.00;1;0
7487;0.00;50;0.00;1;0
7488;0.00;50;0.00;1;0
7489;0.00;50;0.00;1;0
7490;0.00;50;0.00;1;0
7491;0.00;50;0.00;1;0
7492;0.00;50;0.00;1;0
7493;0.00;50;0.00;1;0
7494;0.00;50;0.00;1;0
7495;0.00;50;0.00;1;0
7496;0.00;50;0.00;1;0
7497;0.00;50;0.00;1;0
7498;0.00;50;0.00;1;0
7499;0.00;50;0.00;1;0
7500;0.00;50;0.00;1;0
7501;0.00;50;0.00;1;0
7502;0.00;50;0.00;1;0
7503;0.00;50;0.00;1;0
7504;0.00;50;0.00;1;0
7505;0.00;50;0.00;1;0
7506;0.00;50;0.00;1;0
7507;0.00;50;0.00;1;0
7508;0.00;50;0.00;1;0
7509;0.00;50;0.00;1;0
7510;0.00;50;0.00;1;0
7511;0.00;50;0.00;1;0
7512;0.00;50;0.00;1;0
7513;0.00;50;0.00;1;0
7514;0.00;50;0.00;1;0
7515;0.00;50;0.00;1;0
7516;0.00;50;0.00;1;0
7517;0.00;50;0.00;1;0
7518;0.00;50;0.00;1;0
7519;0.00;50;0.00;1;0
7520;0.00;50;0.00;1;0
7521;0.00;50;0.00;1;0
7522;0.00;50;0.00;1;0
7523;0.00;50;0.00;1;0
7524;0.00;50;0.00;1;0
7525;0.00;50;0.00;1;0
7526;0.00;50;0.00;1;0
7527;0.00;50;0.00;1;0
7528;0.00;50;0.00;1;0
7529;0.00;50;0.00;1;0
7530;0.00;50;0.00;1;0
7531;0.00;50;0.00;1;0
7532;0.00;50;0.00;1;0
7533;0.00;50;0.00;1;0
7534;0.00;50;0.00;1;0
7535;0.00;50;0.00;1;0
7536;0.00;50;0.00;1;0
7537;0.00;50;0.00;1;0
7538;0.00;50;0.00;1;0
7539;0.00;50;0.00;1;0
7540;0.00;50;0.00;1;0
7541;0.00;50;0.00;1;0
7542;0.00;50;0.00;1;0
7543;0.00;50;0.00;1;0
7544;0.00;50;0.00;1;0
7545;0.00;50;0.00;1;0
7546;0.00;50;0.00;1;0
7547;0.00;50;0.00;1;0
7548;0.00;50;0.00;1;0
7549;0.00;50;0.00;1;0
7550;0.00;50;0.00;1;0
7551;0.00;50;0.00;1;0
7552;0.00;50;0.00;1;0
7553;0.00;50;0.00;1;0
7554;0.00;50;0.00;1;0
7555;0.00;50;0.00;1;0
7556;0.00;50;0.00;1;0
7557;0.00;50;0.00;1;0
7558;0.00;50;0.00;1;0
7559;0.00;50;0.00;1;0
7560;0.00;50;0.00;1;0
7561;0.00;50;0.00;1;0
7562;0.00;50;0.00;1;0
7563;0.00;50;0.00;1;0
7564;0.00;50;0.00;1;0
7565;0.00;50;0.00;1;0
7566;0.00;50;0.00;1;0
7567;0.00;50;0.00;1;0
7568;0.00;50;0.00;1;0
7569;0.00;50;0.00;1;0
7570;0.00;50;0.00;1;0
7571;0.00;50;0.00;1;0
7572;0.00;50;0.00;1;0
7573;0.00;50;0.00;1;0
7574;0.00;50;0.00;1;0
7575;0.00;50;0.00;1;0
7576;0.00;50;0.00;1;0
7577;0.00;50;0.00;1;0
7578;0.00;50;0.00;1;0
7579;0.00;50;0.00;1;0
7580;0.00;50;0.00;1;0
7581;0.00;50;0.00;1;0
7582;0.00;50;0.00;1;0
7583;0.00;50;0.00;1;0
7584;0.00;50;0.00;1;0
7585;0.00;50;0.00;1;0
7586;0.00;50;0.00;1;0
7587;0.00;50;0.00;1;0
7588;0.00;50;0.00;1;0
7589;0.00;50;0.00;1;0
7590;0.00;50;0.00;1;0
7591;0.00;50;0.00;1;0
7592;0.00;50;0.00;1;0
7593;0.00;50;0.00;1;0
7594;0.00;50;0.00;1;0
7595;0.00;50;0.00;1;0
7596;0.00;50;0.00;1;0
7597;0.00;50;0.00;1;0
7598;0.00;50;0.00;1;0
7599;0.00;50;0.00;1;0
7600;0.00;50;0.00;1;0
7601;0.00;50;0.00;1;0
7602;0.00;50;0.00;1;0
7603;0.00;50;0.00;1;0
7604;0.00;50;0.00;1;0
7605;0.00;50;0.00;1;0
7606;0.00;50;0.00;1;0
7607;0.00;50;0.00;1;0
7608;0.00;50;0.00;1;0
7609;0.00;50;0.00;1;0
7610;0.00;50;0.00;1;0
7611;0.00;50;0.00;1;0
7612;0.00;50;0.00;1;0
7613;0.00;50;0.00;1;0
7614;0.00;50;0.00;1;0
7615;0.00;50;0.00;1;0
7616;0.00;50;0.00;1;0
7617;0.00;50;0.00;1;0
7618;0.00;50;0.00;1;0
7619;0.00;50;0.00;1;0
7620;0.00;50;0.00;1;0
7621;0.00;50;0.00;1;0
7622;0.00;50;0.00;1;0
7623;0.00;50;0.00;1;0
7624;0.00;50;0.00;1;0
7625;0.00;50;0.00;1;0
7626;0.00;50;0.00;1;0
7627;0.00;50;0.00;1;0
7628;0.00;50;0.00;1;0
7629;0.00;50;0.00;1;0
7630;0.00;50;0.00;1;0
7631;0.00;50;0.00;1;0
7632;0.00;50;0.00;1;0
7633;0.00;50;0.00;1;0
7634;0.00;50;0.00;1;0
7635;0.00;50;0.00;1;0
7636;0.00;50;0.00;1;0
7637;0.00;50;0.00;1;0
7638;0.00;50;0.00;1;0
7639;0.00;50;0.00;1;0
7640;0.00;50;0.00;1;0
7641;0.00;50;0.00;1;0
7642;0.00;50;0.00;1;0
7643;0.00;50;0.00;1;0
7644;0.00;50;0.00;1;0
7645;0.00;50;0.00;1;0
7646;0.00;50;0.00;1;0
7647;0.00;50;0.00;1;0
7648;0.00;50;0.00;1;0
7649;0.00;50;0.00;1;0
7650;0.00;50;0.00;1;0
7651;0.00;50;0.00;1;0
7652;0.00;50;0.00;1;0
7653;0.00;50;0.00;1;0
7654;0.00;50;0.00;1;0
7655;0.00;50;0.00;1;0
7656;0.00;50;0.00;1;0
7657;0.00;50;0.00;1;0
7658;0.00;50;0.00;1;0
7659;0.00;50;0.00;1;0
7660;0.00;50;0.00;1;0
7661;0.00;50;0.00;1;0
7662;0.00;50;0.00;1;0
7663;0.00;50;0.00;1;0
7664;0.00;50;0.00;1;0
7665;0.00;50;0.00;1;0
7666;0.00;50;0.00;1;0
7667;0.00;50;0.00;1;0
7668;0.00;50;0.00;1;0
7669;0.00;50;0.00;1;0
7670;0.00;50;0.00;1;0
7671;0.00;50;0.00;1;0
7672;0.00;50;0.00;1;0
7673;0.00;50;0.00;1;0
7674;0.00;50;0.00;1;0
7675;0.00;50;0.00;1;0
7676;0.00;50;0.00;1;0
7677;0.00;50;0.00;1;0
7678;0.00;50;0.00;1;0
7679;0.00;50;0.00;1;0
7680;0.00;50;0.00;1;0
7681;0.00;50;0.00;1;0
7682;0.00;50;0.00;1;0
7683;0.00;50;0.00;1;0
7684;0.00;50;0.00;1;0
7685;0.00;50;0.00;1;0
7686;0.00;50;0.00;1;0
7687;0.00;50;0.00;1;0
7688;0.00;50;0.00;1;0
7689;0.00;50;0.00;1;0
7690;0.00;50;0.00;1;0
7691;0.00;50;0.00;1;0
7692;0.00;50;0.00;1;0
7693;0.00;50;0.00;1;0
7694;0.00;50;0.00;1;0
7695;0.00;50;0.00;1;0
7696;0.00;50;0.00;1;0
7697;0.00;50;0.00;1;0
7698;0.00;50;0.00;1;0
7699;0.00;50;0.00;1;0
7700;0.00;50;0.00;1;0
7701;0.00;50;0.00;1;0
7702;0.00;50;0.00;1;0
7703;0.00;50;0.00;1;0
7704;0.00;50;0.00;1;0
7705;0.00;50;0.00;1;0
7706;0.00;50;0.00;1;0
7707;0.00;50;0.00;1;0
7708;0.00;50;0.00;1;0
7709;0.00;50;0.00;1;0
7710;0.00;50;0.00;1;0
7711;0.00;50;0.00;1;0
7712;0.00;50;0.00;1;0
7713;0.00;50;0.00;1;0
7714;0.00;50;0.00;1;0
7715;0.00;50;0.00;1;0
7716;0.00;50;0.00;1;0
7717;0.00;50;0.00;1;0
7718;0.00;50;0.00;1;0
7719;0.00;50;0.00;1;0
7720;0.00;50;0.00;1;0
7721;0.00;50;0.00;1;0
7722;0.00;50;0.00;1;0
7723;0.00;50;0.00;1;0
7724;0.00;50;0.00;1;0
7725;0.00;50;0.00;1;0
7726;0.00;50;0.00;1;0
7727;0.00;50;0.00;1;0
7728;0.00;50;0.00;1;0
7729;0.00;50;0.00;1;0
7730;0.00;50;0.00;1;0
7731;0.00;50;0.00;1;0
7732;0.00;50;0.00;1;0
7733;0.00;50;0.00;1;0
7734;0.00;50;0.00;1;0
7735;0.00;50;0.00;1;0
7736;0.00;50;0.00;1;0
7737;0.00;50;0.00;1;0
7738;0.00;50;0.00;1;0
7739;0.00;50;0.00;1;0
7740;0.00;50;0.00;1;0
7741;0.00;50;0.00;1;0
7742;0.00;50;0.00;1;0
7743;0.00;50;0.00;1;0
7744;0.00;50;0.00;1;0
7745;0.00;50;0.00;1;0
7746;0.00;50;0.00;1;0
7747;0.00;50;0.00;1;0
7748;0.00;50;0.00;1;0
7749;0.00;50;0.00;1;0
7750;0.00;50;0.00;1;0
7751;0.00;50;0.00;1;0
7752;0.00;50;0.00;1;0
7753;0.00;50;0.00;1;0
7754;0.00;50;0.00;1;0
7755;0.00;50;0.00;1;0
7756;0.00;50;0.00;1;0
7757;0.00;50;0.00;1;0
7758;0.00;50;0.00;1;0
7759;0.00;50;0.00;1;0
7760;0.00;50;0.00;1;0
7761;0.00;50;0.00;1;0
7762;0.00;50;0.00;1;0
7763;0.00;50;0.00;1;0
7764;0.00;50;0.00;1;0
7765;0.00;50;0.00;1;0
7766;0.00;50;0.00;1;0
7767;0.00;50;0.00;1;0
7768;0.00;50;0.00;1;0
7769;0.00;50;0.00;1;0
7770;0.00;50;0.00;1;0
7771;0.00;50;0.00;1;0
7772;0.00;50;0.00;1;0
7773;0.00;50;0.00;1;0
7774;0.00;50;0.00;1;0
7775;0.00;50;0.00;1;0
7776;0.00;50;0.00;1;0
7777;0.00;50;0.00;1;0
7778;0.00;50;0.00;1;0
7779;0.00;50;0.00;1;0
7780;0.00;50;0.00;1;0
7781;0.00;50;0.00;1;0
7782;0.00;50;0.00;1;0
7783;0.00;50;0.00;1;0
7784;0.00;50;0.00;1;0
7785;0.00;50;0.00;1;0
7786;0.00;50;0.00;1;0
7787;0.00;50;0.00;1;0
7788;0.00;50;0.00;1;0
7789;0.00;50;0.00;1;0
7790;0.00;50;0.00;1;0
7791;0.00;50;0.00;1;0
7792;0.00;50;0.00;1;0
7793;0.00;50;0.00;1;0
7794;0.00;50;0.00;1;0
7795;0.00;50;0.00;1;0
7796;0.00;50;0.00;1;0
7797;0.00;50;0.00;1;0
7798;0.00;50;0.00;1;0
7799;0.00;50;0.00;1;0
7800;0.00;50;0.00;1;0
7801;0.00;50;0.00;1;0
7802;0.00;50;0.00;1;0
7803;0.00;50;0.00;1;0
7804;0.00;50;0.00;1;0
7805;0.00;50;0.00;1;0
7806;0.00;50;0.00;1;0
7807;0.00;50;0.00;1;0
7808;0.00;50;0.00;1;0
7809;0.00;50;0.00;1;0
7810;0.00;50;0.00;1;0
7811;0.00;50;0.00;1;0
7812;0.00;50;0.00;1;0
7813;0.00;50;0.00;1;0
7814;0.00;50;0.00;1;0
7815;0.00;50;0.00;1;0
7816;0.00;50;0.00;1;0
7817;0.00;50;0.00;1;0
7818;0.00;50;0.00;1;0
7819;0.00;50;0.00;1;0
7820;0.00;50;0.00;1;0
7821;0.00;50;0.00;1;0
7822;0.00;50;0.00;1;0
7823;0.00;50;0.00;1;0
7824;0.00;50;0.00;1;0
7825;0.00;50;0.00;1;0
7826;0.00;50;0.00;1;0
7827;0.00;50;0.00;1;0
7828;0.00;50;0.00;1;0
7829;0.00;50;0.00;1;0
7830;0.00;50;0.00;1;0
7831;0.00;50;0.00;1;0
7832;0.00;50;0.00;1;0
7833;0.00;50;0.00;1;0
7834;0.00;50;0.00;1;0
7835;0.00;50;0.00;1;0
7836;0.00;50;0.00;1;0
7837;0.00;50;0.00;1;0
7838;0.00;50;0.00;1;0
7839;0.00;50;0.00;1;0
7840;0.00;50;0.00;1;0
7841;0.00;50;0.00;1;0
7842;0.00;50;0.00;1;0
7843;0.00;50;0.00;1;0
7844;0.00;50;0.00;1;0
7845;0.00;50;0.00;1;0
7846;0.00;50;0.00;1;0
7847;0.00;50;0.00;1;0
7848;0.00;50;0.00;1;0
7849;0.00;50;0.00;1;0
7850;0.00;50;0.00;1;0
7851;0.00;50;0.00;1;0
7852;0.00;50;0.00;1;0
7853;0.00;50;0.00;1;0
7854;0.00;50;0.00;1;0
7855;0.00;50;0.00;1;0
7856;0.00;50;0.00;1;0
7857;0.00;50;0.00;1;0
7858;0.00;50;0.00;1;0
7859;0.00;50;0.00;1;0
7860;0.00;50;0.00;1;0
7861;0.00;50;0.00;1;0
7862;0.00;50;0.00;1;0
7863;0.00;50;0.00;1;0
7864;0.00;50;0.00;1;0
7865;0.00;50;0.00;1;0
7866;0.00;50;0.00;1;0
7867;0.00;50;0.00;1;0
7868;0.00;50;0.00;1;0
7869;0.00;50;0.00;1;0
7870;0.00;50;0.00;1;0
7871;0.00;50;0.00;1;0
7872;0.00;50;0.00;1;0
7873;0.00;50;0.00;1;0
7874;0.00;50;0.00;1;0
7875;0.00;50;0.00;1;0
7876;0.00;50;0.00;1;0
7877;0.00;50;0.00;1;0
7878;0.00;50;0.00;1;0
7879;0.00;50;0.00;1;0
7880;0.00;50;0.00;1;0
7881;0.00;50;0.00;1;0
7882;0.00;50;0.00;1;0
7883;0.00;50;0.00;1;0
7884;0.00;50;0.00;1;0
7885;0.00;50;0.00;1;0
7886;0.00;50;0.00;1;0
7887;0.00;50;0.00;1;0
7888;0.00;50;0.00;1;0
7889;0.00;50;0.00;1;0
7890;0.00;50;0.00;1;0
7891;0.00;50;0.00;1;0
7892;0.00;50;0.00;1;0
7893;0.00;50;0.00;1;0
7894;0.00;50;0.00;1;0
7895;0.00;50;0.00;1;0
7896;0.00;50;0.00;1;0
7897;0.00;50;0.00;1;0
7898;0.00;50;0.00;1;0
7899;0.00;50;0.00;1;0
7900;0.00;50;0.00;1;0
7901;0.00;50;0.00;1;0
7902;0.00;50;0.00;1;0
7903;0.00;50;0.00;1;0
7904;0.00;50;0.00;1;0
7905;0.00;50;0.00;1;0
7906;0.00;50;0.00;1;0
7907;0.00;50;0.00;1;0
7908;0.00;50;0.00;1;0
7909;0.00;50;0.00;1;0
7910;0.00;50;0.00;1;0
7911;0.00;50;0.00;1;0
7912;0.00;50;0.00;1;0
7913;0.00;50;0.00;1;0
7914;0.00;50;0.00;1;0
7915;0.00;50;0.00;1;0
7916;0.00;50;0.00;1;0
7917;0.00;50;0.00;1;0
7918;0.00;50;0.00;1;0
7919;0.00;50;0.00;1;0
7920;0.00;50;0.00;1;0
7921;0.00;50;0.00;1;0
7922;0.00;50;0.00;1;0
7923;0.00;50;0.00;1;0
7924;0.00;50;0.00;1;0
7925;0.00;50;0.00;1;0
7926;0.00;50;0.00;1;0
7927;0.00;50;0.00;1;0
7928;0.00;50;0.00;1;0
7929;0.00;50;0.00;1;0
7930;0.00;50;0.00;1;0
7931;0.00;50;0.00;1;0
7932;0.00;50;0.00;1;0
7933;0.00;50;0.00;1;0
7934;0.00;50;0.00;1;0
7935;0.00;50;0.00;1;0
7936;0.00;50;0.00;1;0
7937;0.00;50;0.00;1;0
7938;0.00;50;0.00;1;0
7939;0.00;50;0.00;1;0
7940;0.00;50;0.00;1;0
7941;0.00;50;0.00;1;0
7942;0.00;50;0.00;1;0
7943;0.00;50;0.00;1;0
7944;0.00;50;0.00;1;0
7945;0.00;50;0.00;1;0
7946;0.00;50;0.00;1;0
7947;0.00;50;0.00;1;0
7948;0.00;50;0.00;1;0
7949;0.00;50;0.00;1;0
7950;0.00;50;0.00;1;0
7951;0.00;50;0.00;1;0
7952;0.00;50;0.00;1;0
7953;0.00;50;0.00;1;0
7954;0.00;50;0.00;1;0
7955;0.00;50;0.00;1;0
7956;0.00;50;0.00;1;0
7957;0.00;50;0.00;1;0
7958;0.00;50;0.00;1;0
7959;0.00;50;0.00;1;0
7960;0.00;50;0.00;1;0
7961;0.00;50;0.00;1;0
7962;0.00;50;0.00;1;0
7963;0.00;50;0.00;1;0
7964;0.00;50;0.00;1;0
7965;0.00;50;0.00;1;0
7966;0.00;50;0.00;1;0
7967;0.00;50;0.00;1;0
7968;0.00;50;0.00;1;0
7969;0.00;50;0.00;1;0
7970;0.00;50;0.00;1;0
7971;0.00;50;0.00;1;0
7972;0.00;50;0.00;1;0
7973;0.00;50;0.00;1;0
7974;0.00;50;0.00;1;0
7975;0.00;50;0.00;1;0
7976;0.00;50;0.00;1;0
7977;0.00;50;0.00;1;0
7978;0.00;50;0.00;1;0
7979;0.00;50;0.00;1;0
7980;0.00;50;0.00;1;0
7981;0.00;50;0.00;1;0
7982;0.00;50;0.00;1;0
7983;0.00;50;0.00;1;0
7984;0.00;50;0.00;1;0
7985;0.00;50;0.00;1;0
7986;0.00;50;0.00;1;0
7987;0.00;50;0.00;1;0
7988;0.00;50;0.00;1;0
7989;0.00;50;0.00;1;0
7990;0.00;50;0.00;1;0
7991;0.00;50;0.00;1;0
7992;0.00;50;0.00;1;0
7993;0.00;50;0.00;1;0
7994;0.00;50;0.00;1;0
7995;0.00;50;0.00;1;0
7996;0.00;50;0.00;1;0
7997;0.00;50;0.00;1;0
7998;0.00;50;0.00;1;0
7999;0.00;50;0.00;1;0
8000;0.00;50;0.00;1;0
8001;0.00;50;0.00;1;0
8002;0.00;50;0.00;1;0
8003;0.00;50;0.00;1;0
8004;0.00;50;0.00;1;0
8005;0.00;50;0.00;1;0
8006;0.00;50;0.00;1;0
8007;0.00;50;0.00;1;0
8008;0.00;50;0.00;1;0
8009;0.00;50;0.00;1;0
8010;0.00;50;0.00;1;0
8011;0.00;50;0.00;1;0
8012;0.00;50;0.00;1;0
8013;0.00;50;0.00;1;0
8014;0.00;50;0.00;1;0
8015;0.00;50;0.00;1;0
8016;0.00;50;0.00;1;0
8017;0.00;50;0.00;1;0
8018;0.00;50;0.00;1;0
8019;0.00;50;0.00;1;0
8020;0.00;50;0.00;1;0
8021;0.00;50;0.00;1;0
8022;0.00;50;0.00;1;0
8023;0.00;50;0.00;1;0
8024;0.00;50;0.00;1;0
8025;0.00;50;0.00;1;0
8026;0.00;50;0.00;1;0
8027;0.00;50;0.00;1;0
8028;0.00;50;0.00;1;0
8029;0.00;50;0.00;1;0
8030;0.00;50;0.00;1;0
8031;0.00;50;0.00;1;0
8032;0.00;50;0.00;1;0
8033;0.00;50;0.00;1;0
8034;0.00;50;0.00;1;0
8035;0.00;50;0.00;1;0
8036;0.00;50;0.00;1;0
8037;0.00;50;0.00;1;0
8038;0.00;50;0.00;1;0
8039;0.00;50;0.00;1;0
8040;0.00;50;0.00;1;0
8041;0.00;50;0.00;1;0
8042;0.00;50;0.00;1;0
8043;0.00;50;0.00;1;0
8044;0.00;50;0.00;1;0
8045;0.00;50;0.00;1;0
8046;0.00;50;0.00;1;0
8047;0.00;50;0.00;1;0
8048;0.00;50;0.00;1;0
8049;0.00;50;0.00;1;0
8050;0.00;50;0.00;1;0
8051;0.00;50;0.00;1;0
8052;0.00;50;0.00;1;0
8053;0.00;50;0.00;1;0
8054;0.00;50;0.00;1;0
8055;0.00;50;0.00;1;0
8056;0.00;50;0.00;1;0
8057;0.00;50;0.00;1;0
8058;0.00;50;0.00;1;0
8059;0.00;50;0.00;1;0
8060;0.00;50;0.00;1;0
8061;0.00;50;0.00;1;0
8062;0.00;50;0.00;1;0
8063;0.00;50;0.00;1;0
8064;0.00;50;0.00;1;0
8065;0.00;50;0.00;1;0
8066;0.00;50;0.00;1;0
8067;0.00;50;0.00;1;0
8068;0.00;50;0.00;1;0
8069;0.00;50;0.00;1;0
8070;0.00;50;0.00;1;0
8071;0.00;50;0.00;1;0
8072;0.00;50;0.00;1;0
8073;0.00;50;0.00;1;0
8074;0.00;50;0.00;1;0
8075;0.00;50;0.00;1;0
8076;0.00;50;0.00;1;0
8077;0.00;50;0.00;1;0
8078;0.00;50;0.00;1;0
8079;0.00;50;0.00;1;0
8080;0.00;50;0.00;1;0
8081;0.00;50;0.00;1;0
8082;0.00;50;0.00;1;0
8083;0.00;50;0.00;1;0
8084;0.00;50;0.00;1;0
8085;0.00;50;0.00;1;0
8086;0.00;50;0.00;1;0
8087;0.00;50;0.00;1;0
8088;0.00;50;0.00;1;0
8089;0.00;50;0.00;1;0
8090;0.00;50;0.00;1;0
8091;0.00;50;0.00;1;0
8092;0.00;50;0.00;1;0
8093;0.00;50;0.00;1;0
8094;0.00;50;0.00;1;0
8095;0.00;50;0.00;1;0
8096;0.00;50;0.00;1;0
8097;0.00;50;0.00;1;0
8098;0.00;50;0.00;1;0
8099;0.00;50;0.00;1;0
8100;0.00;50;0.00;1;0
8101;0.00;50;0.00;1;0
8102;0.00;50;0.00;1;0
8103;0.00;50;0.00;1;0
8104;0.00;50;0.00;1;0
8105;0.00;50;0.00;1;0
8106;0.00;50;0.00;1;0
8107;0.00;50;0.00;1;0
8108;0.00;50;0.00;1;0
8109;0.00;50;0.00;1;0
8110;0.00;50;0.00;1;0
8111;0.00;50;0.00;1;0
8112;0.00;50;0.00;1;0
8113;0.00;50;0.00;1;0
8114;0.00;50;0.00;1;0
8115;0.00;50;0.00;1;0
8116;0.00;50;0.00;1;0
8117;0.00;50;0.00;1;0
8118;0.00;50;0.00;1;0
8119;0.00;50;0.00;1;0
8120;0.00;50;0.00;1;0
8121;0.00;50;0.00;1;0
8122;0.00;50;0.00;1;0
8123;0.00;50;0.00;1;0
8124;0.00;50;0.00;1;0
8125;0.00;50;0.00;1;0
8126;0.00;50;0.00;1;0
8127;0.00;50;0.00;1;0
8128;0.00;50;0.00;1;0
8129;0.00;50;0.00;1;0
8130;0.00;50;0.00;1;0
8131;0.00;50;0.00;1;0
8132;0.00;50;0.00;1;0
8133;0.00;50;0.00;1;0
8134;0.00;50;0.00;1;0
8135;0.00;50;0.00;1;0
8136;0.00;50;0.00;1;0
8137;0.00;50;0.00;1;0
8138;0.00;50;0.00;1;0
8139;0.00;50;0.00;1;0
8140;0.00;50;0.00;1;0
8141;0.00;50;0.00;1;0
8142;0.00;50;0.00;1;0
8143;0.00;50;0.00;1;0
8144;0.00;50;0.00;1;0
8145;0.00;50;0.00;1;0
8146;0.00;50;0.00;1;0
8147;0.00;50;0.00;1;0
8148;0.00;50;0.00;1;0
8149;0.00;50;0.00;1;0
8150;0.00;50;0.00;1;0
8151;0.00;50;0.00;1;0
8152;0.00;50;0.00;1;0
8153;0.00;50;0.00;1;0
8154;0.00;50;0.00;1;0
8155;0.00;50;0.00;1;0
8156;0.00;50;0.00;1;0
8157;0.00;50;0.00;1;0
8158;0.00;50;0.00;1;0
8159;0.00;50;0.00;1;0
8160;0.00;50;0.00;1;0
8161;0.00;50;0.00;1;0
8162;0.00;50;0.00;1;0
8163;0.00;50;0.00;1;0
8164;0.00;50;0.00;1;0
8165;0.00;50;0.00;1;0
8166;0.00;50;0.00;1;0
8167;0.00;50;0.00;1;0
8168;0.00;50;0.00;1;0
8169;0.00;50;0.00;1;0
8170;0.00;50;0.00;1;0
8171;0.00;50;0.00;1;0
8172;0.00;50;0.00;1;0
8173;0.00;50;0.00;1;0
8174;0.00;50;0.00;1;0
8175;0.00;50;0.00;1;0
8176;0.00;50;0.00;1;0
8177;0.00;50;0.00;1;0
8178;0.00;50;0.00;1;0
8179;0.00;50;0.00;1;0
8180;0.00;50;0.00;1;0
8181;0.00;50;0.00;1;0
8182;0.00;50;0.00;1;0
8183;0.00;50;0.00;1;0
8184;0.00;50;0.00;1;0
8185;0.00;50;0.00;1;0
8186;0.00;50;0.00;1;0
8187;0.00;50;0.00;1;0
8188;0.00;50;0.00;1;0
8189;0.00;50;0.00;1;0
8190;0.00;50;0.00;1;0
8191;0.00;50;0.00;1;0
8192;0.00;50;0.00;1;0
8193;0.00;50;0.00;1;0
8194;0.00;50;0.00;1;0
8195;0.00;50;0.00;1;0
8196;0.00;50;0.00;1;0
8197;0.00;50;0.00;1;0
8198;0.00;50;0.00;1;0
8199;0.00;50;0.00;1;0
8200;0.00;50;0.00;1;0
8201;0.00;50;0.00;1;0
8202;0.00;50;0.00;1;0
8203;0.00;50;0.00;1;0
8204;0.00;50;0.00;1;0
8205;0.00;50;0.00;1;0
8206;0.00;50;0.00;1;0
8207;0.00;50;0.00;1;0
8208;0.00;50;0.00;1;0
8209;0.00;50;0.00;1;0
8210;0.00;50;0.00;1;0
8211;0.00;50;0.00;1;0
8212;0.00;50;0.00;1;0
8213;0.00;50;0.00;1;0
8214;0.00;50;0.00;1;0
8215;0.00;50;0.00;1;0
8216;0.00;50;0.00;1;0
8217;0.00;50;0.00;1;0
8218;0.00;50;0.00;1;0
8219;0.00;50;0.00;1;0
8220;0.00;50;0.00;1;0
8221;0.00;50;0.00;1;0
8222;0.00;50;0.00;1;0
8223;0.00;50;0.00;1;0
8224;0.00;50;0.00;1;0
8225;0.00;50;0.00;1;0
8226;0.00;50;0.00;1;0
8227;0.00;50;0.00;1;0
8228;0.00;50;0.00;1;0
8229;0.00;50;0.00;1;0
8230;0.00;50;0.00;1;0
8231;0.00;50;0.00;1;0
8232;0.00;50;0.00;1;0
8233;0.00;50;0.00;1;0
8234;0.00;50;0.00;1;0
8235;0.00;50;0.00;1;0
8236;0.00;50;0.00;1;0
8237;0.00;50;0.00;1;0
8238;0.00;50;0.00;1;0
8239;0.00;50;0.00;1;0
8240;0.00;50;0.00;1;0
8241;0.00;50;0.00;1;0
8242;0.00;50;0.00;1;0
8243;0.00;50;0.00;1;0
8244;0.00;50;0.00;1;0
8245;0.00;50;0.00;1;0
8246;0.00;50;0.00;1;0
8247;0.00;50;0.00;1;0
8248;0.00;50;0.00;1;0
8249;0.00;50;0.00;1;0
8250;0.00;50;0.00;1;0
8251;0.00;50;0.00;1;0
8252;0.00;50;0.00;1;0
8253;0.00;50;0.00;1;0
8254;0.00;50;0.00;1;0
8255;0.00;50;0.00;1;0
8256;0.00;50;0.00;1;0
8257;0.00;50;0.00;1;0
8258;0.00;50;0.00;1;0
8259;0.00;50;0.00;1;0
8260;0.00;50;0.00;1;0
8261;0.00;50;0.00;1;0
8262;0.00;50;0.00;1;0
8263;0.00;50;0.00;1;0
8264;0.00;50;0.00;1;0
8265;0.00;50;0.00;1;0
8266;0.00;50;0.00;1;0
8267;0.00;50;0.00;1;0
8268;0.00;50;0.00;1;0
8269;0.00;50;0.00;1;0
8270;0.00;50;0.00;1;0
8271;0.00;50;0.00;1;0
8272;0.00;50;0.00;1;0
8273;0.00;50;0.00;1;0
8274;0.00;50;0.00;1;0
8275;0.00;50;0.00;1;0
8276;0.00;50;0.00;1;0
8277;0.00;50;0.00;1;0
8278;0.00;50;0.00;1;0
8279;0.00;50;0.00;1;0
8280;0.00;50;0.00;1;0
8281;0.00;50;0.00;1;0
8282;0.00;50;0.00;1;0
8283;0.00;50;0.00;1;0
8284;0.00;50;0.00;1;0
8285;0.00;50;0.00;1;0
8286;0.00;50;0.00;1;0
8287;0.00;50;0.00;1;0
8288;0.00;50;0.00;1;0
8289;0.00;50;0.00;1;0
8290;0.00;50;0.00;1;0
8291;0.00;50;0.00;1;0
8292;0.00;50;0.00;1;0
8293;0.00;50;0.00;1;0
8294;0.00;50;0.00;1;0
8295;0.00;50;0.00;1;0
8296;0.00;50;0.00;1;0
8297;0.00;50;0.00;1;0
8298;0.00;50;0.00;1;0
8299;0.00;50;0.00;1;0
8300;0.00;50;0.00;1;0
8301;0.00;50;0.00;1;0
8302;0.00;50;0.00;1;0
8303;0.00;50;0.00;1;0
8304;0.00;50;0.00;1;0
8305;0.00;50;0.00;1;0
8306;0.00;50;0.00;1;0
8307;0.00;50;0.00;1;0
8308;0.00;50;0.00;1;0
8309;0.00;50;0.00;1;0
8310;0.00;50;0.00;1;0
8311;0.00;50;0.00;1;0
8312;0.00;50;0.00;1;0
8313;0.00;50;0.00;1;0
8314;0.00;50;0.00;1;0
8315;0.00;50;0.00;1;0
8316;0.00;50;0.00;1;0
8317;0.00;50;0.00;1;0
8318;0.00;50;0.00;1;0
8319;0.00;50;0.00;1;0
8320;0.00;50;0.00;1;0
8321;0.00;50;0.00;1;0
8322;0.00;50;0.00;1;0
8323;0.00;50;0.00;1;0
8324;0.00;50;0.00;1;0
8325;0.00;50;0.00;1;0
8326;0.00;50;0.00;1;0
8327;0.00;50;0.00;1;0
8328;0.00;50;0.00;1;0
8329;0.00;50;0.00;1;0
8330;0.00;50;0.00;1;0
8331;0.00;50;0.00;1;0
8332;0.00;50;0.00;1;0
8333;0.00;50;0.00;1;0
8334;0.00;50;0.00;1;0
8335;0.00;50;0.00;1;0
8336;0.00;50;0.00;1;0
8337;0.00;50;0.00;1;0
8338;0.00;50;0.00;1;0
8339;0.00;50;0.00;1;0
8340;0.00;50;0.00;1;0
8341;0.00;50;0.00;1;0
8342;0.00;50;0.00;1;0
8343;0.00;50;0.00;1;0
8344;0.00;50;0.00;1;0
8345;0.00;50;0.00;1;0
8346;0.00;50;0.00;1;0
8347;0.00;50;0.00;1;0
8348;0.00;50;0.00;1;0
8349;0.00;50;0.00;1;0
8350;0.00;50;0.00;1;0
8351;0.00;50;0.00;1;0
8352;0.00;50;0.00;1;0
8353;0.00;50;0.00;1;0
8354;0.00;50;0.00;1;0
8355;0.00;50;0.00;1;0
8356;0.00;50;0.00;1;0
8357;0.00;50;0.00;1;0
8358;0.00;50;0.00;1;0
8359;0.00;50;0.00;1;0
8360;0.00;50;0.00;1;0
8361;0.00;50;0.00;1;0
8362;0.00;50;0.00;1;0
8363;0.00;50;0.00;1;0
8364;0.00;50;0.00;1;0
8365;0.00;50;0.00;1;0
8366;0.00;50;0.00;1;0
8367;0.00;50;0.00;1;0
8368;0.00;50;0.00;1;0
8369;0.00;50;0.00;1;0
8370;0.00;50;0.00;1;0
8371;0.00;50;0.00;1;0
8372;0.00;50;0.00;1;0
8373;0.00;50;0.00;1;0
8374;0.00;50;0.00;1;0
8375;0.00;50;0.00;1;0
8376;0.00;50;0.00;1;0
8377;0.00;50;0.00;1;0
8378;0.00;50;0.00;1;0
8379;0.00;50;0.00;1;0
8380;0.00;50;0.00;1;0
8381;0.00;50;0.00;1;0
8382;0.00;50;0.00;1;0
8383;0.00;50;0.00;1;0
8384;0.00;50;0.00;1;0
8385;0.00;50;0.00;1;0
8386;0.00;50;0.00;1;0
8387;0.00;50;0.00;1;0
8388;0.00;50;0.00;1;0
8389;0.00;50;0.00;1;0
8390;0.00;50;0.00;1;0
8391;0.00;50;0.00;1;0
8392;0.00;50;0.00;1;0
8393;0.00;50;0.00;1;0
8394;0.00;50;0.00;1;0
8395;0.00;50;0.00;1;0
8396;0.00;50;0.00;1;0
8397;0.00;50;0.00;1;0
8398;0.00;50;0.00;1;0
8399;0.00;50;0.00;1;0
8400;0.00;50;0.00;1;0
8401;0.00;50;0.00;1;0
8402;0.00;50;0.00;1;0
8403;0.00;50;0.00;1;0
8404;0.00;50;0.00;1;0
8405;0.00;50;0.00;1;0
8406;0.00;50;0.00;1;0
8407;0.00;50;0.00;1;0
8408;0.00;50;0.00;1;0
8409;0.00;50;0.00;1;0
8410;0.00;50;0.00;1;0
8411;0.00;50;0.00;1;0
8412;0.00;50;0.00;1;0
8413;0.00;50;0.00;1;0
8414;0.00;50;0.00;1;0
8415;0.00;50;0.00;1;0
8416;0.00;50;0.00;1;0
8417;0.00;50;0.00;1;0
8418;0.00;50;0.00;1;0
8419;0.00;50;0.00;1;0
8420;0.00;50;0.00;1;0
8421;0.00;50;0.00;1;0
8422;0.00;50;0.00;1;0
8423;0.00;50;0.00;1;0
8424;0.00;50;0.00;1;0
8425;0.00;50;0.00;1;0
8426;0.00;50;0.00;1;0
8427;0.00;50;0.00;1;0
8428;0.00;50;0.00;1;0
8429;0.00;50;0.00;1;0
8430;0.00;50;0.00;1;0
8431;0.00;50;0.00;1;0
8432;0.00;50;0.00;1;0
8433;0.00;50;0.00;1;0
8434;0.00;50;0.00;1;0
8435;0.00;50;0.00;1;0
8436;0.00;50;0.00;1;0
8437;0.00;50;0.00;1;0
8438;0.00;50;0.00;1;0
8439;0.00;50;0.00;1;0
8440;0.00;50;0.00;1;0
8441;0.00;50;0.00;1;0
8442;0.00;50;0.00;1;0
8443;0.00;50;0.00;1;0
8444;0.00;50;0.00;1;0
8445;0.00;50;0.00;1;0
8446;0.00;50;0.00;1;0
8447;0.00;50;0.00;1;0
8448;0.00;50;0.00;1;0
8449;0.00;50;0.00;1;0
8450;0.00;50;0.00;1;0
8451;0.00;50;0.00;1;0
8452;0.00;50;0.00;1;0
8453;0.00;50;0.00;1;0
8454;0.00;50;0.00;1;0
8455;0.00;50;0.00;1;0
8456;0.00;50;0.00;1;0
8457;0.00;50;0.00;1;0
8458;0.00;50;0.00;1;0
8459;0.00;50;0.00;1;0
8460;0.00;50;0.00;1;0
8461;0.00;50;0.00;1;0
8462;0.00;50;0.00;1;0
8463;0.00;50;0.00;1;0
8464;0.00;50;0.00;1;0
8465;0.00;50;0.00;1;0
8466;0.00;50;0.00;1;0
8467;0.00;50;0.00;1;0
8468;0.00;50;0.00;1;0
8469;0.00;50;0.00;1;0
8470;0.00;50;0.00;1;0
8471;0.00;50;0.00;1;0
8472;0.00;50;0.00;1;0
8473;0.00;50;0.00;1;0
8474;0.00;50;0.00;1;0
8475;0.00;50;0.00;1;0
8476;0.00;50;0.00;1;0
8477;0.00;50;0.00;1;0
8478;0.00;50;0.00;1;0
8479;0.00;50;0.00;1;0
8480;0.00;50;0.00;1;0
8481;0.00;50;0.00;1;0
8482;0.00;50;0.00;1;0
8483;0.00;50;0.00;1;0
8484;0.00;50;0.00;1;0
8485;0.00;50;0.00;1;0
8486;0.00;50;0.00;1;0
8487;0.00;50;0.00;1;0
8488;0.00;50;0.00;1;0
8489;0.00;50;0.00;1;0
8490;0.00;50;0.00;1;0
8491;0.00;50;0.00;1;0
8492;0.00;50;0.00;1;0
8493;0.00;50;0.00;1;0
8494;0.00;50;0.00;1;0
8495;0.00;50;0.00;1;0
8496;0.00;50;0.00;1;0
8497;0.00;50;0.00;1;0
8498;0.00;50;0.00;1;0
8499;0.00;50;0.00;1;0
8500;0.00;50;0.00;1;0
8501;0.00;50;0.00;1;0
8502;0.00;50;0.00;1;0
8503;0.00;50;0.00;1;0
8504;0.00;50;0.00;1;0
8505;0.00;50;0.00;1;0
8506;0.00;50;0.00;1;0
8507;0.00;50;0.00;1;0
8508;0.00;50;0.00;1;0
8509;0.00;50;0.00;1;0
8510;0.00;50;0.00;1;0
8511;0.00;50;0.00;1;0
8512;0.00;50;0.00;1;0
8513;0.00;50;0.00;1;0
8514;0.00;50;0.00;1;0
8515;0.00;50;0.00;1;0
8516;0.00;50;0.00;1;0
8517;0.00;50;0.00;1;0
8518;0.00;50;0.00;1;0
8519;0.00;50;0.00;1;0
8520;0.00;50;0.00;1;0
8521;0.00;50;0.00;1;0
8522;0.00;50;0.00;1;0
8523;0.00;50;0.00;1;0
8524;0.00;50;0.00;1;0
8525;0.00;50;0.00;1;0
8526;0.00;50;0.00;1;0
8527;0.00;50;0.00;1;0
8528;0.00;50;0.00;1;0
8529;0.00;50;0.00;1;0
8530;0.00;50;0.00;1;0
8531;0.00;50;0.00;1;0
8532;0.00;50;0.00;1;0
8533;0.00;50;0.00;1;0
8534;0.00;50;0.00;1;0
8535;0.00;50;0.00;1;0
8536;0.00;50;0.00;1;0
8537;0.00;50;0.00;1;0
8538;0.00;50;0.00;1;0
8539;0.00;50;0.00;1;0
8540;0.00;50;0.00;1;0
8541;0.00;50;0.00;1;0
8542;0.00;50;0.00;1;0
8543;0.00;50;0.00;1;0
8544;0.00;50;0.00;1;0
8545;0.00;50;0.00;1;0
8546;0.00;50;0.00;1;0
8547;0.00;50;0.00;1;0
8548;0.00;50;0.00;1;0
8549;0.00;50;0.00;1;0
8550;0.00;50;0.00;1;0
8551;0.00;50;0.00;1;0
8552;0.00;50;0.00;1;0
8553;0.00;50;0.00;1;0
8554;0.00;50;0.00;1;0
8555;0.00;50;0.00;1;0
8556;0.00;50;0.00;1;0
8557;0.00;50;0.00;1;0
8558;0.00;50;0.00;1;0
8559;0.00;50;0.00;1;0
8560;0.00;50;0.00;1;0
8561;0.00;50;0.00;1;0
8562;0.00;50;0.00;1;0
8563;0.00;50;0.00;1;0
8564;0.00;50;0.00;1;0
8565;0.00;50;0.00;1;0
8566;0.00;50;0.00;1;0
8567;0.00;50;0.00;1;0
8568;0.00;50;0.00;1;0
8569;0.00;50;0.00;1;0
8570;0.00;50;0.00;1;0
8571;0.00;50;0.00;1;0
8572;0.00;50;0.00;1;0
8573;0.00;50;0.00;1;0
8574;0.00;50;0.00;1;0
8575;0.00;50;0.00;1;0
8576;0.00;50;0.00;1;0
8577;0.00;50;0.00;1;0
8578;0.00;50;0.00;1;0
8579;0.00;50;0.00;1;0
8580;0.00;50;0.00;1;0
8581;0.00;50;0.00;1;0
8582;0.00;50;0.00;1;0
8583;0.00;50;0.00;1;0
8584;0.00;50;0.00;1;0
8585;0.00;50;0.00;1;0
8586;0.00;50;0.00;1;0
8587;0.00;50;0.00;1;0
8588;0.00;50;0.00;1;0
8589;0.00;50;0.00;1;0
8590;0.00;50;0.00;1;0
8591;0.00;50;0.00;1;0
8592;0.00;50;0.00;1;0
8593;0.00;50;0.00;1;0
8594;0.00;50;0.00;1;0
8595;0.00;50;0.00;1;0
8596;0.00;50;0.00;1;0
8597;0.00;50;0.00;1;0
8598;0.00;50;0.00;1;0
8599;0.00;50;0.00;1;0
8600;0.00;50;0.00;1;0
8601;0.00;50;0.00;1;0
8602;0.00;50;0.00;1;0
8603;0.00;50;0.00;1;0
8604;0.00;50;0.00;1;0
8605;0.00;50;0.00;1;0
8606;0.00;50;0.00;1;0
8607;0.00;50;0.00;1;0
8608;0.00;50;0.00;1;0
8609;0.00;50;0.00;1;0
8610;0.00;50;0.00;1;0
8611;0.00;50;0.00;1;0
8612;0.00;50;0.00;1;0
8613;0.00;50;0.00;1;0
8614;0.00;50;0.00;1;0
8615;0.00;50;0.00;1;0
8616;0.00;50;0.00;1;0
8617;0.00;50;0.00;1;0
8618;0.00;50;0.00;1;0
8619;0.00;50;0.00;1;0
8620;0.00;50;0.00;1;0
8621;0.00;50;0.00;1;0
8622;0.00;50;0.00;1;0
8623;0.00;50;0.00;1;0
8624;0.00;50;0.00;1;0
8625;0.00;50;0.00;1;0
8626;0.00;50;0.00;1;0
8627;0.00;50;0.00;1;0
8628;0.00;50;0.00;1;0
8629;0.00;50;0.00;1;0
8630;0.00;50;0.00;1;0
8631;0.00;50;0.00;1;0
8632;0.00;50;0.00;1;0
8633;0.00;50;0.00;1;0
8634;0.00;50;0.00;1;0
8635;0.00;50;0.00;1;0
8636;0.00;50;0.00;1;0
8637;0.00;50;0.00;1;0
8638;0.00;50;0.00;1;0
8639;0.00;50;0.00;1;0
8640;0.00;50;0.00;1;0
8641;0.00;50;0.00;1;0
8642;0.00;50;0.00;1;0
8643;0.00;50;0.00;1;0
8644;0.00;50;0.00;1;0
8645;0.00;50;0.00;1;0
8646;0.00;50;0.00;1;0
8647;0.00;50;0.00;1;0
8648;0.00;50;0.00;1;0
8649;0.00;50;0.00;1;0
8650;0.00;50;0.00;1;0
8651;0.00;50;0.00;1;0
8652;0.00;50;0.00;1;0
8653;0.00;50;0.00;1;0
8654;0.00;50;0.00;1;0
8655;0.00;50;0.00;1;0
8656;0.00;50;0.00;1;0
8657;0.00;50;0.00;1;0
8658;0.00;50;0.00;1;0
8659;0.00;50;0.00;1;0
8660;0.00;50;0.00;1;0
8661;0.00;50;0.00;1;0
8662;0.00;50;0.00;1;0
8663;0.00;50;0.00;1;0
8664;0.00;50;0.00;1;0
8665;0.00;50;0.00;1;0
8666;0.00;50;0.00;1;0
8667;0.00;50;0.00;1;0
8668;0.00;50;0.00;1;0
8669;0.00;50;0.00;1;0
8670;0.00;50;0.00;1;0
8671;0.00;50;0.00;1;0
8672;0.00;50;0.00;1;0
8673;0.00;50;0.00;1;0
8674;0.00;50;0.00;1;0
8675;0.00;50;0.00;1;0
8676;0.00;50;0.00;1;0
8677;0.00;50;0.00;1;0
8678;0.00;50;0.00;1;0
8679;0.00;50;0.00;1;0
8680;0.00;50;0.00;1;0
8681;0.00;50;0.00;1;0
8682;0.00;50;0.00;1;0
8683;0.00;50;0.00;1;0
8684;0.00;50;0.00;1;0
8685;0.00;50;0.00;1;0
8686;0.00;50;0.00;1;0
8687;0.00;50;0.00;1;0
8688;0.00;50;0.00;1;0
8689;0.00;50;0.00;1;0
8690;0.00;50;0.00;1;0
8691;0.00;50;0.00;1;0
8692;0.00;50;0.00;1;0
8693;0.00;50;0.00;1;0
8694;0.00;50;0.00;1;0
8695;0.00;50;0.00;1;0
8696;0.00;50;0.00;1;0
8697;0.00;50;0.00;1;0
8698;0.00;50;0.00;1;0
8699;0.00;50;0.00;1;0
8700;0.00;50;0.00;1;0
8701;0.00;50;0.00;1;0
8702;0.00;50;0.00;1;0
8703;0.00;50;0.00;1;0
8704;0.00;50;0.00;1;0
8705;0.00;50;0.00;1;0
8706;0.00;50;0.00;1;0
8707;0.00;50;0.00;1;0
8708;0.00;50;0.00;1;0
8709;0.00;50;0.00;1;0
8710;0.00;50;0.00;1;0
8711;0.00;50;0.00;1;0
8712;0.00;50;0.00;1;0
8713;0.00;50;0.00;1;0
8714;0.00;50;0.00;1;0
8715;0.00;50;0.00;1;0
8716;0.00;50;0.00;1;0
8717;0.00;50;0.00;1;0
8718;0.00;50;0.00;1;0
8719;0.00;50;0.00;1;0
8720;0.00;50;0.00;1;0
8721;0.00;50;0.00;1;0
8722;0.00;50;0.00;1;0
8723;0.00;50;0.00;1;0
8724;0.00;50;0.00;1;0
8725;0.00;50;0.00;1;0
8726;0.00;50;0.00;1;0
8727;0.00;50;0.00;1;0
8728;0.00;50;0.00;1;0
8729;0.00;50;0.00;1;0
8730;0.00;50;0.00;1;0
8731;0.00;50;0.00;1;0
8732;0.00;50;0.00;1;0
8733;0.00;50;0.00;1;0
8734;0.00;50;0.00;1;0
8735;0.00;50;0.00;1;0
8736;0.00;50;0.00;1;0
8737;0.00;50;0.00;1;0
8738;0.00;50;0.00;1;0
8739;0.00;50;0.00;1;0
8740;0.00;50;0.00;1;0
8741;0.00;50;0.00;1;0
8742;0.00;50;0.00;1;0
8743;0.00;50;0.00;1;0
8744;0.00;50;0.00;1;0
8745;0.00;50;0.00;1;0
8746;0.00;50;0.00;1;0
8747;0.00;50;0.00;1;0
8748;0.00;50;0.00;1;0
8749;0.00;50;0.00;1;0
8750;0.00;50;0.00;1;0
8751;0.00;50;0.00;1;0
8752;0.00;50;0.00;1;0
8753;0.00;50;0.00;1;0
8754;0.00;50;0.00;1;0
8755;0.00;50;0.00;1;0
8756;0.00;50;0.00;1;0
8757;0.00;50;0.00;1;0
8758;0.00;50;0.00;1;0
8759;0.00;50;0.00;1;0
8760;0.00;50;0.00;1;0
8761;0.00;50;0.00;1;0
8762;0.00;50;0.00;1;0
8763;0.00;50;0.00;1;0
8764;0.00;50;0.00;1;0
8765;0.00;50;0.00;1;0
8766;0.00;50;0.00;1;0
8767;0.00;50;0.00;1;0
8768;0.00;50;0.00;1;0
8769;0.00;50;0.00;1;0
8770;0.00;50;0.00;1;0
8771;0.00;50;0.00;1;0
8772;0.00;50;0.00;1;0
8773;0.00;50;0.00;1;0
8774;0.00;50;0.00;1;0
8775;0.00;50;0.00;1;0
8776;0.00;50;0.00;1;0
8777;0.00;50;0.00;1;0
8778;0.00;50;0.00;1;0
8779;0.00;50;0.00;1;0
8780;0.00;50;0.00;1;0
8781;0.00;50;0.00;1;0
8782;0.00;50;0.00;1;0
8783;0.00;50;0.00;1;0
8784;0.00;50;0.00;1;0
8785;0.00;50;0.00;1;0
8786;0.00;50;0.00;1;0
8787;0.00;50;0.00;1;0
8788;0.00;50;0.00;1;0
8789;0.00;50;0.00;1;0
8790;0.00;50;0.00;1;0
8791;0.00;50;0.00;1;0
8792;0.00;50;0.00;1;0
8793;0.00;50;0.00;1;0
8794;0.00;50;0.00;1;0
8795;0.00;50;0.00;1;0
8796;0.00;50;0.00;1;0
8797;0.00;50;0.00;1;0
8798;0.00;50;0.00;1;0
8799;0.00;50;0.00;1;0
8800;0.00;50;0.00;1;0
8801;0.00;50;0.00;1;0
8802;0.00;50;0.00;1;0
8803;0.00;50;0.00;1;0
8804;0.00;50;0.00;1;0
8805;0.00;50;0.00;1;0
8806;0.00;50;0.00;1;0
8807;0.00;50;0.00;1;0
8808;0.00;50;0.00;1;0
8809;0.00;50;0.00;1;0
8810;0.00;50;0.00;1;0
8811;0.00;50;0.00;1;0
8812;0.00;50;0.00;1;0
8813;0.00;50;0.00;1;0
8814;0.00;50;0.00;1;0
8815;0.00;50;0.00;1;0
8816;0.00;50;0.00;1;0
8817;0.00;50;0.00;1;0
8818;0.00;50;0.00;1;0
8819;0.00;50;0.00;1;0
8820;0.00;50;0.00;1;0
8821;0.00;50;0.00;1;0
8822;0.00;50;0.00;1;0
8823;0.00;50;0.00;1;0
8824;0.00;50;0.00;1;0
8825;0.00;50;0.00;1;0
8826;0.00;50;0.00;1;0
8827;0.00;50;0.00;1;0
8828;0.00;50;0.00;1;0
8829;0.00;50;0.00;1;0
8830;0.00;50;0.00;1;0
8831;0.00;50;0.00;1;0
8832;0.00;50;0.00;1;0
8833;0.00;50;0.00;1;0
8834;0.00;50;0.00;1;0
8835;0.00;50;0.00;1;0
8836;0.00;50;0.00;1;0
8837;0.00;50;0.00;1;0
8838;0.00;50;0.00;1;0
8839;0.00;50;0.00;1;0
8840;0.00;50;0.00;1;0
8841;0.00;50;0.00;1;0
8842;0.00;50;0.00;1;0
8843;0.00;50;0.00;1;0
8844;0.00;50;0.00;1;0
8845;0.00;50;0.00;1;0
8846;0.00;50;0.00;1;0
8847;0.00;50;0.00;1;0
8848;0.00;50;0.00;1;0
8849;0.00;50;0.00;1;0
8850;0.00;50;0.00;1;0
8851;0.00;50;0.00;1;0
8852;0.00;50;0.00;1;0
8853;0.00;50;0.00;1;0
8854;0.00;50;0.00;1;0
8855;0.00;50;0.00;1;0
8856;0.00;50;0.00;1;0
8857;0.00;50;0.00;1;0
8858;0.00;50;0.00;1;0
8859;0.00;50;0.00;1;0
8860;0.00;50;0.00;1;0
8861;0.00;50;0.00;1;0
8862;0.00;50;0.00;1;0
8863;0.00;50;0.00;1;0
8864;0.00;50;0.00;1;0
8865;0.00;50;0.00;1;0
8866;0.00;50;0.00;1;0
8867;0.00;50;0.00;1;0
8868;0.00;50;0.00;1;0
8869;0.00;50;0.00;1;0
8870;0.00;50;0.00;1;0
8871;0.00;50;0.00;1;0
8872;0.00;50;0.00;1;0
8873;0.00;50;0.00;1;0
8874;0.00;50;0.00;1;0
8875;0.00;50;0.00;1;0
8876;0.00;50;0.00;1;0
8877;0.00;50;0.00;1;0
8878;0.00;50;0.00;1;0
8879;0.00;50;0.00;1;0
8880;0.00;50;0.00;1;0
8881;0.00;50;0.00;1;0
8882;0.00;50;0.00;1;0
8883;0.00;50;0.00;1;0
8884;0.00;50;0.00;1;0
8885;0.00;50;0.00;1;0
8886;0.00;50;0.00;1;0
8887;0.00;50;0.00;1;0
8888;0.00;50;0.00;1;0
8889;0.00;50;0.00;1;0
8890;0.00;50;0.00;1;0
8891;0.00;50;0.00;1;0
8892;0.00;50;0.00;1;0
8893;0.00;50;0.00;1;0
8894;0.00;50;0.00;1;0
8895;0.00;50;0.00;1;0
8896;0.00;50;0.00;1;0
8897;0.00;50;0.00;1;0
8898;0.00;50;0.00;1;0
8899;0.00;50;0.00;1;0
8900;0.00;50;0.00;1;0
8901;0.00;50;0.00;1;0
8902;0.00;50;0.00;1;0
8903;0.00;50;0.00;1;0
8904;0.00;50;0.00;1;0
8905;0.00;50;0.00;1;0
8906;0.00;50;0.00;1;0
8907;0.00;50;0.00;1;0
8908;0.00;50;0.00;1;0
8909;0.00;50;0.00;1;0
8910;0.00;50;0.00;1;0
8911;0.00;50;0.00;1;0
8912;0.00;50;0.00;1;0
8913;0.00;50;0.00;1;0
8914;0.00;50;0.00;1;0
8915;0.00;50;0.00;1;0
8916;0.00;50;0.00;1;0
8917;0.00;50;0.00;1;0
8918;0.00;50;0.00;1;0
8919;0.00;50;0.00;1;0
8920;0.00;50;0.00;1;0
8921;0.00;50;0.00;1;0
8922;0.00;50;0.00;1;0
8923;0.00;50;0.00;1;0
8924;0.00;50;0.00;1;0
8925;0.00;50;0.00;1;0
8926;0.00;50;0.00;1;0
8927;0.00;50;0.00;1;0
8928;0.00;50;0.00;1;0
8929;0.00;50;0.00;1;0
8930;0.00;50;0.00;1;0
8931;0.00;50;0.00;1;0
8932;0.00;50;0.00;1;0
8933;0.00;50;0.00;1;0
8934;0.00;50;0.00;1;0
8935;0.00;50;0.00;1;0
8936;0.00;50;0.00;1;0
8937;0.00;50;0.00;1;0
8938;0.00;50;0.00;1;0
8939;0.00;50;0.00;1;0
8940;0.00;50;0.00;1;0
8941;0.00;50;0.00;1;0
8942;0.00;50;0.00;1;0
8943;0.00;50;0.00;1;0
8944;0.00;50;0.00;1;0
8945;0.00;50;0.00;1;0
8946;0.00;50;0.00;1;0
8947;0.00;50;0.00;1;0
8948;0.00;50;0.00;1;0
8949;0.00;50;0.00;1;0
8950;0.00;50;0.00;1;0
8951;0.00;50;0.00;1;0
8952;0.00;50;0.00;1;0
8953;0.00;50;0.00;1;0
8954;0.00;50;0.00;1;0
8955;0.00;50;0.00;1;0
8956;0.00;50;0.00;1;0
8957;0.00;50;0.00;1;0
8958;0.00;50;0.00;1;0
8959;0.00;50;0.00;1;0
8960;0.00;50;0.00;1;0
8961;0.00;50;0.00;1;0
8962;0.00;50;0.00;1;0
8963;0.00;50;0.00;1;0
8964;0.00;50;0.00;1;0
8965;0.00;50;0.00;1;0
8966;0.00;50;0.00;1;0
8967;0.00;50;0.00;1;0
8968;0.00;50;0.00;1;0
8969;0.00;50;0.00;1;0
8970;0.00;50;0.00;1;0
8971;0.00;50;0.00;1;0
8972;0.00;50;0.00;1;0
8973;0.00;50;0.00;1;0
8974;0.00;50;0.00;1;0
8975;0.00;50;0.00;1;0
8976;0.00;50;0.00;1;0
8977;0.00;50;0.00;1;0
8978;0.00;50;0.00;1;0
8979;0.00;50;0.00;1;0
8980;0.00;50;0.00;1;0
8981;0.00;50;0.00;1;0
8982;0.00;50;0.00;1;0
8983;0.00;50;0.00;1;0
8984;0.00;50;0.00;1;0
8985;0.00;50;0.00;1;0
8986;0.00;50;0.00;1;0
8987;0.00;50;0.00;1;0
8988;0.00;50;0.00;1;0
8989;0.00;50;0.00;1;0
8990;0.00;50;0.00;1;0
8991;0.00;50;0.00;1;0
8992;0.00;50;0.00;1;0
8993;0.00;50;0.00;1;0
8994;0.00;50;0.00;1;0
8995;0.00;50;0.00;1;0
8996;0.00;50;0.00;1;0
8997;0.00;50;0.00;1;0
8998;0.00;50;0.00;1;0
8999;0.00;50;0.00;1;0
9000;0.00;50;0.00;1;0
9001;0.00;50;0.00;1;0
9002;0.00;50;0.00;1;0
9003;0.00;50;0.00;1;0
9004;0.00;50;0.00;1;0
9005;0.00;50;0.00;1;0
9006;0.00;50;0.00;1;0
9007;0.00;50;0.00;1;0
9008;0.00;50;0.00;1;0
9009;0.00;50;0.00;1;0
9010;0.00;50;0.00;1;0
9011;0.00;50;0.00;1;0
9012;0.00;50;0.00;1;0
9013;0.00;50;0.00;1;0
9014;0.00;50;0.00;1;0
9015;0.00;50;0.00;1;0
9016;0.00;50;0.00;1;0
9017;0.00;50;0.00;1;0
9018;0.00;50;0.00;1;0
9019;0.00;50;0.00;1;0
9020;0.00;50;0.00;1;0
9021;0.00;50;0.00;1;0
9022;0.00;50;0.00;1;0
9023;0.00;50;0.00;1;0
9024;0.00;50;0.00;1;0
9025;0.00;50;0.00;1;0
9026;0.00;50;0.00;1;0
9027;0.00;50;0.00;1;0
9028;0.00;50;0.00;1;0
9029;0.00;50;0.00;1;0
9030;0.00;50;0.00;1;0
9031;0.00;50;0.00;1;0
9032;0.00;50;0.00;1;0
9033;0.00;50;0.00;1;0
9034;0.00;50;0.00;1;0
9035;0.00;50;0.00;1;0
9036;0.00;50;0.00;1;0
9037;0.00;50;0.00;1;0
9038;0.00;50;0.00;1;0
9039;0.00;50;0.00;1;0
9040;0.00;50;0.00;1;0
9041;0.00;50;0.00;1;0
9042;0.00;50;0.00;1;0
9043;0.00;50;0.00;1;0
9044;0.00;50;0.00;1;0
9045;0.00;50;0.00;1;0
9046;0.00;50;0.00;1;0
9047;0.00;50;0.00;1;0
9048;0.00;50;0.00;1;0
9049;0.00;50;0.00;1;0
9050;0.00;50;0.00;1;0
9051;0.00;50;0.00;1;0
9052;0.00;50;0.00;1;0
9053;0.00;50;0.00;1;0
9054;0.00;50;0.00;1;0
9055;0.00;50;0.00;1;0
9056;0.00;50;0.00;1;0
9057;0.00;50;0.00;1;0
9058;0.00;50;0.00;1;0
9059;0.00;50;0.00;1;0
9060;0.00;50;0.00;1;0
9061;0.00;50;0.00;1;0
9062;0.00;50;0.00;1;0
9063;0.00;50;0.00;1;0
9064;0.00;50;0.00;1;0
9065;0.00;50;0.00;1;0
9066;0.00;50;0.00;1;0
9067;0.00;50;0.00;1;0
9068;0.00;50;0.00;1;0
9069;0.00;50;0.00;1;0
9070;0.00;50;0.00;1;0
9071;0.00;50;0.00;1;0
9072;0.00;50;0.00;1;0
9073;0.00;50;0.00;1;0
9074;0.00;50;0.00;1;0
9075;0.00;50;0.00;1;0
9076;0.00;50;0.00;1;0
9077;0.00;50;0.00;1;0
9078;0.00;50;0.00;1;0
9079;0.00;50;0.00;1;0
9080;0.00;50;0.00;1;0
9081;0.00;50;0.00;1;0
9082;0.00;50;0.00;1;0
9083;0.00;50;0.00;1;0
9084;0.00;50;0.00;1;0
9085;0.00;50;0.00;1;0
9086;0.00;50;0.00;1;0
9087;0.00;50;0.00;1;0
9088;0.00;50;0.00;1;0
9089;0.00;50;0.00;1;0
9090;0.00;50;0.00;1;0
9091;0.00;50;0.00;1;0
9092;0.00;50;0.00;1;0
9093;0.00;50;0.00;1;0
9094;0.00;50;0.00;1;0
9095;0.00;50;0.00;1;0
9096;0.00;50;0.00;1;0
9097;0.00;50;0.00;1;0
9098;0.00;50;0.00;1;0
9099;0.00;50;0.00;1;0
9100;0.00;50;0.00;1;0
9101;0.00;50;0.00;1;0
9102;0.00;50;0.00;1;0
9103;0.00;50;0.00;1;0
9104;0.00;50;0.00;1;0
9105;0.00;50;0.00;1;0
9106;0.00;50;0.00;1;0
9107;0.00;50;0.00;1;0
9108;0.00;50;0.00;1;0
9109;0.00;50;0.00;1;0
9110;0.00;50;0.00;1;0
9111;0.00;50;0.00;1;0
9112;0.00;50;0.00;1;0
9113;0.00;50;0.00;1;0
9114;0.00;50;0.00;1;0
9115;0.00;50;0.00;1;0
9116;0.00;50;0.00;1;0
9117;0.00;50;0.00;1;0
9118;0.00;50;0.00;1;0
9119;0.00;50;0.00;1;0
9120;0.00;50;0.00;1;0
9121;0.00;50;0.00;1;0
9122;0.00;50;0.00;1;0
9123;0.00;50;0.00;1;0
9124;0.00;50;0.00;1;0
9125;0.00;50;0.00;1;0
9126;0.00;50;0.00;1;0
9127;0.00;50;0.00;1;0
9128;0.00;50;0.00;1;0
9129;0.00;50;0.00;1;0
9130;0.00;50;0.00;1;0
9131;0.00;50;0.00;1;0
9132;0.00;50;0.00;1;0
9133;0.00;50;0.00;1;0
9134;0.00;50;0.00;1;0
9135;0.00;50;0.00;1;0
9136;0.00;50;0.00;1;0
9137;0.00;50;0.00;1;0
9138;0.00;50;0.00;1;0
9139;0.00;50;0.00;1;0
9140;0.00;50;0.00;1;0
9141;0.00;50;0.00;1;0
9142;0.00;50;0.00;1;0
9143;0.00;50;0.00;1;0
9144;0.00;50;0.00;1;0
9145;0.00;50;0.00;1;0
9146;0.00;50;0.00;1;0
9147;0.00;50;0.00;1;0
9148;0.00;50;0.00;1;0
9149;0.00;50;0.00;1;0
9150;0.00;50;0.00;1;0
9151;0.00;50;0.00;1;0
9152;0.00;50;0.00;1;0
9153;0.00;50;0.00;1;0
9154;0.00;50;0.00;1;0
9155;0.00;50;0.00;1;0
9156;0.00;50;0.00;1;0
9157;0.00;50;0.00;1;0
9158;0.00;50;0.00;1;0
9159;0.00;50;0.00;1;0
9160;0.00;50;0.00;1;0
9161;0.00;50;0.00;1;0
9162;0.00;50;0.00;1;0
9163;0.00;50;0.00;1;0
9164;0.00;50;0.00;1;0
9165;0.00;50;0.00;1;0
9166;0.00;50;0.00;1;0
9167;0.00;50;0.00;1;0
9168;0.00;50;0.00;1;0
9169;0.00;50;0.00;1;0
9170;0.00;50;0.00;1;0
9171;0.00;50;0.00;1;0
9172;0.00;50;0.00;1;0
9173;0.00;50;0.00;1;0
9174;0.00;50;0.00;1;0
9175;0.00;50;0.00;1;0
9176;0.00;50;0.00;1;0
9177;0.00;50;0.00;1;0
9178;0.00;50;0.00;1;0
9179;0.00;50;0.00;1;0
9180;0.00;50;0.00;1;0
9181;0.00;50;0.00;1;0
9182;0.00;50;0.00;1;0
9183;0.00;50;0.00;1;0
9184;0.00;50;0.00;1;0
9185;0.00;50;0.00;1;0
9186;0.00;50;0.00;1;0
9187;0.00;50;0.00;1;0
9188;0.00;50;0.00;1;0
9189;0.00;50;0.00;1;0
9190;0.00;50;0.00;1;0
9191;0.00;50;0.00;1;0
9192;0.00;50;0.00;1;0
9193;0.00;50;0.00;1;0
9194;0.00;50;0.00;1;0
9195;0.00;50;0.00;1;0
9196;0.00;50;0.00;1;0
9197;0.00;50;0.00;1;0
9198;0.00;50;0.00;1;0
9199;0.00;50;0.00;1;0
9200;0.00;50;0.00;1;0
9201;0.00;50;0.00;1;0
9202;0.00;50;0.00;1;0
9203;0.00;50;0.00;1;0
9204;0.00;50;0.00;1;0
9205;0.00;50;0.00;1;0
9206;0.00;50;0.00;1;0
9207;0.00;50;0.00;1;0
9208;0.00;50;0.00;1;0
9209;0.00;50;0.00;1;0
9210;0.00;50;0.00;1;0
9211;0.00;50;0.00;1;0
9212;0.00;50;0.00;1;0
9213;0.00;50;0.00;1;0
9214;0.00;50;0.00;1;0
9215;0.00;50;0.00;1;0
9216;0.00;50;0.00;1;0
9217;0.00;50;0.00;1;0
9218;0.00;50;0.00;1;0
9219;0.00;50;0.00;1;0
9220;0.00;50;0.00;1;0
9221;0.00;50;0.00;1;0
9222;0.00;50;0.00;1;0
9223;0.00;50;0.00;1;0
9224;0.00;50;0.00;1;0
9225;0.00;50;0.00;1;0
9226;0.00;50;0.00;1;0
9227;0.00;50;0.00;1;0
9228;0.00;50;0.00;1;0
9229;0.00;50;0.00;1;0
9230;0.00;50;0.00;1;0
9231;0.00;50;0.00;1;0
9232;0.00;50;0.00;1;0
9233;0.00;50;0.00;1;0
9234;0.00;50;0.00;1;0
9235;0.00;50;0.00;1;0
9236;0.00;50;0.00;1;0
9237;0.00;50;0.00;1;0
9238;0.00;50;0.00;1;0
9239;0.00;50;0.00;1;0
9240;0.00;50;0.00;1;0
9241;0.00;50;0.00;1;0
9242;0.00;50;0.00;1;0
9243;0.00;50;0.00;1;0
9244;0.00;50;0.00;1;0
9245;0.00;50;0.00;1;0
9246;0.00;50;0.00;1;0
9247;0.00;50;0.00;1;0
9248;0.00;50;0.00;1;0
9249;0.00;50;0.00;1;0
9250;0.00;50;0.00;1;0
9251;0.00;50;0.00;1;0
9252;0.00;50;0.00;1;0
9253;0.00;50;0.00;1;0
9254;0.00;50;0.00;1;0
9255;0.00;50;0.00;1;0
9256;0.00;50;0.00;1;0
9257;0.00;50;0.00;1;0
9258;0.00;50;0.00;1;0
9259;0.00;50;0.00;1;0
9260;0.00;50;0.00;1;0
9261;0.00;50;0.00;1;0
9262;0.00;50;0.00;1;0
9263;0.00;50;0.00;1;0
9264;0.00;50;0.00;1;0
9265;0.00;50;0.00;1;0
9266;0.00;50;0.00;1;0
9267;0.00;50;0.00;1;0
9268;0.00;50;0.00;1;0
9269;0.00;50;0.00;1;0
9270;0.00;50;0.00;1;0
9271;0.00;50;0.00;1;0
9272;0.00;50;0.00;1;0
9273;0.00;50;0.00;1;0
9274;0.00;50;0.00;1;0
9275;0.00;50;0.00;1;0
9276;0.00;50;0.00;1;0
9277;0.00;50;0.00;1;0
9278;0.00;50;0.00;1;0
9279;0.00;50;0.00;1;0
9280;0.00;50;0.00;1;0
9281;0.00;50;0.00;1;0
9282;0.00;50;0.00;1;0
9283;0.00;50;0.00;1;0
9284;0.00;50;0.00;1;0
9285;0.00;50;0.00;1;0
9286;0.00;50;0.00;1;0
9287;0.00;50;0.00;1;0
9288;0.00;50;0.00;1;0
9289;0.00;50;0.00;1;0
9290;0.00;50;0.00;1;0
9291;0.00;50;0.00;1;0
9292;0.00;50;0.00;1;0
9293;0.00;50;0.00;1;0
9294;0.00;50;0.00;1;0
9295;0.00;50;0.00;1;0
9296;0.00;50;0.00;1;0
9297;0.00;50;0.00;1;0
9298;0.00;50;0.00;1;0
9299;0.00;50;0.00;1;0
9300;0.00;50;0.00;1;0
9301;0.00;50;0.00;1;0
9302;0.00;50;0.00;1;0
9303;0.00;50;0.00;1;0
9304;0.00;50;0.00;1;0
9305;0.00;50;0.00;1;0
9306;0.00;50;0.00;1;0
9307;0.00;50;0.00;1;0
9308;0.00;50;0.00;1;0
9309;0.00;50;0.00;1;0
9310;0.00;50;0.00;1;0
9311;0.00;50;0.00;1;0
9312;0.00;50;0.00;1;0
9313;0.00;50;0.00;1;0
9314;0.00;50;0.00;1;0
9315;0.00;50;0.00;1;0
9316;0.00;50;0.00;1;0
9317;0.00;50;0.00;1;0
9318;0.00;50;0.00;1;0
9319;0.00;50;0.00;1;0
9320;0.00;50;0.00;1;0
9321;0.00;50;0.00;1;0
9322;0.00;50;0.00;1;0
9323;0.00;50;0.00;1;0
9324;0.00;50;0.00;1;0
9325;0.00;50;0.00;1;0
9326;0.00;50;0.00;1;0
9327;0.00;50;0.00;1;0
9328;0.00;50;0.00;1;0
9329;0.00;50;0.00;1;0
9330;0.00;50;0.00;1;0
9331;0.00;50;0.00;1;0
9332;0.00;50;0.00;1;0
9333;0.00;50;0.00;1;0
9334;0.00;50;0.00;1;0
9335;0.00;50;0.00;1;0
9336;0.00;50;0.00;1;0
9337;0.00;50;0.00;1;0
9338;0.00;50;0.00;1;0
9339;0.00;50;0.00;1;0
9340;0.00;50;0.00;1;0
9341;0.00;50;0.00;1;0
9342;0.00;50;0.00;1;0
9343;0.00;50;0.00;1;0
9344;0.00;50;0.00;1;0
9345;0.00;50;0.00;1;0
9346;0.00;50;0.00;1;0
9347;0.00;50;0.00;1;0
9348;0.00;50;0.00;1;0
9349;0.00;50;0.00;1;0
9350;0.00;50;0.00;1;0
9351;0.00;50;0.00;1;0
9352;0.00;50;0.00;1;0
9353;0.00;50;0.00;1;0
9354;0.00;50;0.00;1;0
9355;0.00;50;0.00;1;0
9356;0.00;50;0.00;1;0
9357;0.00;50;0.00;1;0
9358;0.00;50;0.00;1;0
9359;0.00;50;0.00;1;0
9360;0.00;50;0.00;1;0
9361;0.00;50;0.00;1;0
9362;0.00;50;0.00;1;0
9363;0.00;50;0.00;1;0
9364;0.00;50;0.00;1;0
9365;0.00;50;0.00;1;0
9366;0.00;50;0.00;1;0
9367;0.00;50;0.00;1;0
9368;0.00;50;0.00;1;0
9369;0.00;50;0.00;1;0
9370;0.00;50;0.00;1;0
9371;0.00;50;0.00;1;0
9372;0.00;50;0.00;1;0
9373;0.00;50;0.00;1;0
9374;0.00;50;0.00;1;0
9375;0.00;50;0.00;1;0
9376;0.00;50;0.00;1;0
9377;0.00;50;0.00;1;0
9378;0.00;50;0.00;1;0
9379;0.00;50;0.00;1;0
9380;0.00;50;0.00;1;0
9381;0.00;50;0.00;1;0
9382;0.00;50;0.00;1;0
9383;0.00;50;0.00;1;0
9384;0.00;50;0.00;1;0
9385;0.00;50;0.00;1;0
9386;0.00;50;0.00;1;0
9387;0.00;50;0.00;1;0
9388;0.00;50;0.00;1;0
9389;0.00;50;0.00;1;0
9390;0.00;50;0.00;1;0
9391;0.00;50;0.00;1;0
9392;0.00;50;0.00;1;0
9393;0.00;50;0.00;1;0
9394;0.00;50;0.00;1;0
9395;0.00;50;0.00;1;0
9396;0.00;50;0.00;1;0
9397;0.00;50;0.00;1;0
9398;0.00;50;0.00;1;0
9399;0.00;50;0.00;1;0
9400;0.00;50;0.00;1;0
9401;0.00;50;0.00;1;0
9402;0.00;50;0.00;1;0
9403;0.00;50;0.00;1;0
9404;0.00;50;0.00;1;0
9405;0.00;50;0.00;1;0
9406;0.00;50;0.00;1;0
9407;0.00;50;0.00;1;0
9408;0.00;50;0.00;1;0
9409;0.00;50;0.00;1;0
9410;0.00;50;0.00;1;0
9411;0.00;50;0.00;1;0
9412;0.00;50;0.00;1;0
9413;0.00;50;0.00;1;0
9414;0.00;50;0.00;1;0
9415;0.00;50;0.00;1;0
9416;0.00;50;0.00;1;0
9417;0.00;50;0.00;1;0
9418;0.00;50;0.00;1;0
9419;0.00;50;0.00;1;0
9420;0.00;50;0.00;1;0
9421;0.00;50;0.00;1;0
9422;0.00;50;0.00;1;0
9423;0.00;50;0.00;1;0
9424;0.00;50;0.00;1;0
9425;0.00;50;0.00;1;0
9426;0.00;50;0.00;1;0
9427;0.00;50;0.00;1;0
9428;0.00;50;0.00;1;0
9429;0.00;50;0.00;1;0
9430;0.00;50;0.00;1;0
9431;0.00;50;0.00;1;0
9432;0.00;50;0.00;1;0
9433;0.00;50;0.00;1;0
9434;0.00;50;0.00;1;0
9435;0.00;50;0.00;1;0
9436;0.00;50;0.00;1;0
9437;0.00;50;0.00;1;0
9438;0.00;50;0.00;1;0
9439;0.00;50;0.00;1;0
9440;0.00;50;0.00;1;0
9441;0.00;50;0.00;1;0
9442;0.00;50;0.00;1;0
9443;0.00;50;0.00;1;0
9444;0.00;50;0.00;1;0
9445;0.00;50;0.00;1;0
9446;0.00;50;0.00;1;0
9447;0.00;50;0.00;1;0
9448;0.00;50;0.00;1;0
9449;0.00;50;0.00;1;0
9450;0.00;50;0.00;1;0
9451;0.00;50;0.00;1;0
9452;0.00;50;0.00;1;0
9453;0.00;50;0.00;1;0
9454;0.00;50;0.00;1;0
9455;0.00;50;0.00;1;0
9456;0.00;50;0.00;1;0
9457;0.00;50;0.00;1;0
9458;0.00;50;0.00;1;0
9459;0.00;50;0.00;1;0
9460;0.00;50;0.00;1;0
9461;0.00;50;0.00;1;0
9462;0.00;50;0.00;1;0
9463;0.00;50;0.00;1;0
9464;0.00;50;0.00;1;0
9465;0.00;50;0.00;1;0
9466;0.00;50;0.00;1;0
9467;0.00;50;0.00;1;0
9468;0.00;50;0.00;1;0
9469;0.00;50;0.00;1;0
9470;0.00;50;0.00;1;0
9471;0.00;50;0.00;1;0
9472;0.00;50;0.00;1;0
9473;0.00;50;0.00;1;0
9474;0.00;50;0.00;1;0
9475;0.00;50;0.00;1;0
9476;0.00;50;0.00;1;0
9477;0.00;50;0.00;1;0
9478;0.00;50;0.00;1;0
9479;0.00;50;0.00;1;0
9480;0.00;50;0.00;1;0
9481;0.00;50;0.00;1;0
9482;0.00;50;0.00;1;0
9483;0.00;50;0.00;1;0
9484;0.00;50;0.00;1;0
9485;0.00;50;0.00;1;0
9486;0.00;50;0.00;1;0
9487;0.00;50;0.00;1;0
9488;0.00;50;0.00;1;0
9489;0.00;50;0.00;1;0
9490;0.00;50;0.00;1;0
9491;0.00;50;0.00;1;0
9492;0.00;50;0.00;1;0
9493;0.00;50;0.00;1;0
9494;0.00;50;0.00;1;0
9495;0.00;50;0.00;1;0
9496;0.00;50;0.00;1;0
9497;0.00;50;0.00;1;0
9498;0.00;50;0.00;1;0
9499;0.00;50;0.00;1;0
9500;0.00;50;0.00;1;0
9501;0.00;50;0.00;1;0
9502;0.00;50;0.00;1;0
9503;0.00;50;0.00;1;0
9504;0.00;50;0.00;1;0
9505;0.00;50;0.00;1;0
9506;0.00;50;0.00;1;0
9507;0.00;50;0.00;1;0
9508;0.00;50;0.00;1;0
9509;0.00;50;0.00;1;0
9510;0.00;50;0.00;1;0
9511;0.00;50;0.00;1;0
9512;0.00;50;0.00;1;0
9513;0.00;50;0.00;1;0
9514;0.00;50;0.00;1;0
9515;0.00;50;0.00;1;0
9516;0.00;50;0.00;1;0
9517;0.00;50;0.00;1;0
9518;0.00;50;0.00;1;0
9519;0.00;50;0.00;1;0
9520;0.00;50;0.00;1;0
9521;0.00;50;0.00;1;0
9522;0.00;50;0.00;1;0
9523;0.00;50;0.00;1;0
9524;0.00;50;0.00;1;0
9525;0.00;50;0.00;1;0
9526;0.00;50;0.00;1;0
9527;0.00;50;0.00;1;0
9528;0.00;50;0.00;1;0
9529;0.00;50;0.00;1;0
9530;0.00;50;0.00;1;0
9531;0.00;50;0.00;1;0
9532;10000.00;50;0.00;1;0
9533;34115.35;50;1.00;1;1
9534;34115.35;50;3.41;1;1
9535;34115.35;50;3.41;1;1
9536;34115.35;50;3.41;1;1
9537;34115.35;50;3.41;1;1
9538;34115.35;50;3.41;1;1
9539;34115.35;50;3.41;1;1
9540;34115.35;50;3.41;1;1
9541;34115.35;50;3.41;1;1
9542;34115.35;50;3.41;1;1
9543;34066.47;50;3.41;1;1
9544;34066.47;50;3.41;1;1
9545;34066.47;50;3.41;1;1
9546;34066.47;50;3.41;1;1
9547;34066.47;50;3.41;1;1
9548;34115.35;50;3.41;1;1
9549;34115.35;50;3.41;1;1
9550;34066.47;50;3.41;1;1
9551;34115.35;50;3.41;1;1
9552;34115.35;50;3.41;1;1
9553;34115.35;50;3.41;1;1
9554;34066.47;50;3.41;1;1
9555;34066.47;50;3.41;1;1
9556;34066.47;50;3.41;1;1
9557;34066.47;50;3.41;1;1
9558;34066.47;50;3.41;1;1
9559;34066.47;50;3.41;1;1
9560;34066.47;50;3.41;1;1
9561;34066.47;50;3.41;1;1
9562;34066.47;50;3.41;1;1
9563;0.00;50;3.41;1;1
9564;6911.05;50;0.00;1;0
9565;10000.00;50;0.69;1;0
9566;34164.22;50;1.00;1;1
9567;0.00;50;3.42;1;1
9568;2502.44;50;0.00;1;0
9569;0.00;50;0.25;1;0
9570;4125.12;50;0.00;1;0
9571;0.00;50;0.41;1;0
9572;0.00;50;0.00;1;0
9573;0.00;50;0.00;1;0
9574;3313.78;50;0.00;1;0
9575;3323.56;50;0.33;1;0
9576;2121.21;50;0.33;1;0
9577;0.00;50;0.21;1;0
9578;1603.13;50;0.00;1;0
9579;3274.68;50;0.16;1;0
9580;3284.46;50;0.33;1;0
9581;3304.01;50;0.33;1;0
9582;3274.68;50;0.33;1;0
9583;3294.23;50;0.33;1;0
9584;3264.91;50;0.33;1;0
9585;3294.23;50;0.33;1;0
9586;3372.43;50;0.33;1;0
9587;3323.56;50;0.34;1;0
9588;3313.78;50;0.33;1;0
9589;3284.46;50;0.33;1;0
9590;3264.91;50;0.33;1;0
9591;3294.23;50;0.33;1;0
9592;3294.23;50;0.33;1;0
9593;3343.11;50;0.33;1;0
9594;3313.78;50;0.33;1;0
9595;3372.43;50;0.33;1;0
9596;3284.46;50;0.34;1;0
9597;3391.98;50;0.33;1;0
9598;3255.13;50;0.34;1;0
9599;3313.78;50;0.33;1;0
9600;3362.66;50;0.33;1;0
9601;3382.21;50;0.34;1;0
9602;3333.33;50;0.34;1;0
9603;3245.36;50;0.33;1;0
9604;3235.58;50;0.32;1;0
9605;3264.91;50;0.32;1;0
9606;3225.81;50;0.33;1;0
9607;3186.71;50;0.32;1;0
9608;3255.13;50;0.32;1;0
9609;3304.01;50;0.33;1;0
9610;3225.81;50;0.33;1;0
9611;3313.78;50;0.32;1;0
9612;3274.68;50;0.33;1;0
9613;3216.03;50;0.33;1;0
9614;3264.91;50;0.32;1;0
9615;3284.46;50;0.33;1;0
9616;3206.26;50;0.33;1;0
9617;0.00;50;0.32;1;0
9618;7741.94;50;0.00;1;0
9619;0.00;50;0.77;1;0
9620;4780.06;50;0.00;1;0
9621;0.00;50;0.48;1;0
9622;10000.00;50;0.00;1;0
9623;0.00;50;1.00;1;1
9624;6911.05;50;0.00;1;0
9625;0.00;50;0.69;1;0
9626;0.00;50;0.00;1;0
9627;0.00;50;0.00;1;0
9628;0.00;50;0.00;1;0
9629;0.00;50;0.00;1;0
9630;303.03;50;0.00;1;0
9631;0.00;50;0.03;1;0
9632;3978.49;50;0.00;1;0
9633;0.00;50;0.40;1;0
9634;9765.40;50;0.00;1;0
9635;8260.02;50;0.98;1;1
9636;2971.65;50;0.83;1;0
9637;4486.80;50;0.30;1;0
9638;9530.79;50;0.45;1;0
9639;3079.18;50;0.95;1;1
9640;6930.60;50;0.31;1;0
9641;10000.00;50;0.69;1;0
9642;34115.35;50;1.00;1;1
9643;6989.25;50;3.41;1;1
9644;6911.05;50;0.70;1;0
9645;10000.00;50;0.69;1;0
9646;29912.02;50;1.00;1;1
9647;0.00;50;2.99;1;1
9648;6911.05;50;0.00;1;0
9649;10000.00;50;0.69;1;0
9650;34164.22;50;1.00;1;1
9651;0.00;50;3.42;1;1
9652;6911.05;50;0.00;1;0
9653;10000.00;50;0.69;1;0
9654;34164.22;50;1.00;1;1
9655;34115.35;50;3.42;1;1
9656;34115.35;50;3.41;1;1
9657;0.00;50;3.41;1;1
9658;6911.05;50;0.00;1;0
9659;10000.00;50;0.69;1;0
9660;34164.22;50;1.00;1;1
9661;33968.72;50;3.42;1;1
9662;34164.22;50;3.40;1;1
9663;34017.59;50;3.42;1;1
9664;34115.35;50;3.40;1;1
9665;34066.47;50;3.41;1;1
9666;34261.97;50;3.41;1;1
9667;34066.47;50;3.43;1;1
9668;34115.35;50;3.41;1;1
9669;34017.59;50;3.41;1;1
9670;34115.35;50;3.40;1;1
9671;34066.47;50;3.41;1;1
9672;34115.35;50;3.41;1;1
9673;34066.47;50;3.41;1;1
9674;34164.22;50;3.41;1;1
9675;34115.35;50;3.42;1;1
9676;9237.54;50;3.41;1;1
9677;9139.79;50;0.92;1;1
9678;9188.66;50;0.91;1;1
9679;9042.03;50;0.92;1;1
9680;9090.91;50;0.90;1;1
9681;9237.54;50;0.91;1;1
9682;9188.66;50;0.92;1;1
9683;9335.29;50;0.92;1;1
9684;9237.54;50;0.93;1;1
9685;9042.03;50;0.92;1;1
9686;8993.16;50;0.90;1;1
9687;1720.43;50;0.90;1;0
9688;7536.66;50;0.17;1;0
9689;7781.04;50;0.75;1;0
9690;7673.51;50;0.78;1;0
9691;7732.16;50;0.77;1;0
9692;7634.41;50;0.77;1;0
9693;7829.91;50;0.76;1;0
9694;7712.61;50;0.78;1;0
9695;7820.14;50;0.77;1;0
9696;7702.83;50;0.78;1;0
9697;7927.66;50;0.77;1;0
9698;7644.18;50;0.79;1;0
9699;7898.34;50;0.76;1;0
9700;7663.73;50;0.79;1;0
9701;7937.44;50;0.77;1;0
9702;7644.18;50;0.79;1;0
9703;8064.52;50;0.76;1;0
9704;7702.83;50;0.81;1;0
9705;8064.52;50;0.77;1;0
9706;7741.94;50;0.81;1;0
9707;8025.42;50;0.77;1;0
9708;7624.63;50;0.80;1;0
9709;7927.66;50;0.76;1;0
9710;7673.51;50;0.79;1;0
9711;7908.11;50;0.77;1;0
9712;7702.83;50;0.79;1;0
9713;8005.87;50;0.77;1;0
9714;7712.61;50;0.80;1;0
9715;7996.09;50;0.77;1;0
9716;7761.49;50;0.80;1;0
9717;7986.31;50;0.78;1;0
9718;7663.73;50;0.80;1;0
9719;7917.89;50;0.77;1;0
9720;7653.96;50;0.79;1;0
9721;8044.97;50;0.77;1;0
9722;7722.39;50;0.80;1;0
9723;7966.76;50;0.77;1;0
9724;7781.04;50;0.80;1;0
9725;8093.84;50;0.78;1;0
9726;7722.39;50;0.81;1;0
9727;8074.29;50;0.77;1;0
9728;7722.39;50;0.81;1;0
9729;8113.39;50;0.77;1;0
9730;7810.36;50;0.81;1;0
9731;7927.66;50;0.78;1;0
9732;7595.31;50;0.79;1;0
9733;7947.21;50;0.76;1;0
9734;7585.53;50;0.79;1;0
9735;7927.66;50;0.76;1;0
9736;7663.73;50;0.79;1;0
9737;8015.64;50;0.77;1;0
9738;7605.08;50;0.80;1;0
9739;7966.76;50;0.76;1;0
9740;7683.28;50;0.80;1;0
9741;8172.04;50;0.77;1;0
9742;7614.86;50;0.82;1;0
9743;8074.29;50;0.76;1;0
9744;7634.41;50;0.81;1;0
9745;8093.84;50;0.76;1;0
9746;7712.61;50;0.81;1;0
9747;8035.19;50;0.77;1;0
9748;7683.28;50;0.80;1;0
9749;8084.07;50;0.77;1;0
9750;7634.41;50;0.81;1;0
9751;8054.74;50;0.76;1;0
9752;7575.76;50;0.81;1;0
9753;8035.19;50;0.76;1;0
9754;7634.41;50;0.80;1;0
9755;8044.97;50;0.76;1;0
9756;7634.41;50;0.80;1;0
9757;8005.87;50;0.76;1;0
9758;7693.06;50;0.80;1;0
9759;8005.87;50;0.77;1;0
9760;7595.31;50;0.80;1;0
9761;7927.66;50;0.76;1;0
9762;7634.41;50;0.79;1;0
9763;8005.87;50;0.76;1;0
9764;7683.28;50;0.80;1;0
9765;7927.66;50;0.77;1;0
9766;7565.98;50;0.79;1;0
9767;7859.24;50;0.76;1;0
9768;7595.31;50;0.79;1;0
9769;7947.21;50;0.76;1;0
9770;7653.96;50;0.79;1;0
9771;7996.09;50;0.77;1;0
9772;7595.31;50;0.80;1;0
9773;8005.87;50;0.76;1;0
9774;7565.98;50;0.80;1;0
9775;8015.64;50;0.76;1;0
9776;7653.96;50;0.80;1;0
9777;7937.44;50;0.77;1;0
9778;7546.43;50;0.79;1;0
9779;7927.66;50;0.75;1;0
9780;7517.11;50;0.79;1;0
9781;7986.31;50;0.75;1;0
9782;7575.76;50;0.80;1;0
9783;7966.76;50;0.76;1;0
9784;7634.41;50;0.80;1;0
9785;7986.31;50;0.76;1;0
9786;7614.86;50;0.80;1;0
9787;7996.09;50;0.76;1;0
9788;7644.18;50;0.80;1;0
9789;7986.31;50;0.76;1;0
9790;7644.18;50;0.80;1;0
9791;8084.07;50;0.76;1;0
9792;7634.41;50;0.81;1;0
9793;7996.09;50;0.76;1;0
9794;7585.53;50;0.80;1;0
9795;8054.74;50;0.76;1;0
9796;7556.21;50;0.81;1;0
9797;7986.31;50;0.76;1;0
9798;7517.11;50;0.80;1;0
9799;7956.99;50;0.75;1;0
9800;7556.21;50;0.80;1;0
9801;7947.21;50;0.76;1;0
9802;7517.11;50;0.79;1;0
9803;7937.44;50;0.75;1;0
9804;7575.76;50;0.79;1;0
9805;7956.99;50;0.76;1;0
9806;7526.88;50;0.80;1;0
9807;7976.54;50;0.75;1;0
9808;7546.43;50;0.80;1;0
9809;7986.31;50;0.75;1;0
9810;7468.23;50;0.80;1;0
9811;8035.19;50;0.75;1;0
9812;7556.21;50;0.80;1;0
9813;7966.76;50;0.76;1;0
9814;7595.31;50;0.80;1;0
9815;7966.76;50;0.76;1;0
9816;7468.23;50;0.80;1;0
9817;7986.31;50;0.75;1;0
9818;7575.76;50;0.80;1;0
9819;7956.99;50;0.76;1;0
9820;7478.01;50;0.80;1;0
9821;7947.21;50;0.75;1;0
9822;7614.86;50;0.79;1;0
9823;7947.21;50;0.76;1;0
9824;7653.96;50;0.79;1;0
9825;7966.76;50;0.77;1;0
9826;7605.08;50;0.80;1;0
9827;7947.21;50;0.76;1;0
9828;7653.96;50;0.79;1;0
9829;8064.52;50;0.77;1;0
9830;7820.14;50;0.81;1;0
9831;8064.52;50;0.78;1;0
9832;7634.41;50;0.81;1;0
9833;7956.99;50;0.76;1;0
9834;7673.51;50;0.80;1;0
9835;7947.21;50;0.77;1;0
9836;7644.18;50;0.79;1;0
9837;7947.21;50;0.76;1;0
9838;7634.41;50;0.79;1;0
9839;8005.87;50;0.76;1;0
9840;7732.16;50;0.80;1;0
9841;7956.99;50;0.77;1;0
9842;7614.86;50;0.80;1;0
9843;7898.34;50;0.76;1;0
9844;7614.86;50;0.79;1;0
9845;7976.54;50;0.76;1;0
9846;7595.31;50;0.80;1;0
9847;8123.17;50;0.76;1;0
9848;7673.51;50;0.81;1;0
9849;8035.19;50;0.77;1;0
9850;7683.28;50;0.80;1;0
9851;7986.31;50;0.77;1;0
9852;7653.96;50;0.80;1;0
9853;7947.21;50;0.77;1;0
9854;7605.08;50;0.79;1;0
9855;8005.87;50;0.76;1;0
9856;7595.31;50;0.80;1;0
9857;7908.11;50;0.76;1;0
9858;7771.26;50;0.79;1;0
9859;7996.09;50;0.78;1;0
9860;7663.73;50;0.80;1;0
9861;7947.21;50;0.77;1;0
9862;7605.08;50;0.79;1;0
9863;7898.34;50;0.76;1;0
9864;7663.73;50;0.79;1;0
9865;7996.09;50;0.77;1;0
9866;7849.46;50;0.80;1;0
9867;8103.62;50;0.78;1;0
9868;7888.56;50;0.81;1;0
9869;7956.99;50;0.79;1;0
9870;7800.59;50;0.80;1;0
9871;8005.87;50;0.78;1;0
9872;7800.59;50;0.80;1;0
9873;7986.31;50;0.78;1;0
9874;7800.59;50;0.80;1;0
9875;8152.49;50;0.78;1;0
9876;7683.28;50;0.82;1;0
9877;8074.29;50;0.77;1;0
9878;7859.24;50;0.81;1;0
9879;7996.09;50;0.79;1;0
9880;7741.94;50;0.80;1;0
9881;7986.31;50;0.77;1;0
9882;7790.81;50;0.80;1;0
9883;8054.74;50;0.78;1;0
9884;7634.41;50;0.81;1;0
9885;7839.69;50;0.76;1;0
9886;7712.61;50;0.78;1;0
9887;7781.04;50;0.77;1;0
9888;7820.14;50;0.78;1;0
9889;7790.81;50;0.78;1;0
9890;7927.66;50;0.78;1;0
9891;7869.01;50;0.79;1;0
9892;7908.11;50;0.79;1;0
9893;7761.49;50;0.79;1;0
9894;7869.01;50;0.78;1;0
9895;7908.11;50;0.79;1;0
9896;7917.89;50;0.79;1;0
9897;7810.36;50;0.79;1;0
9898;7888.56;50;0.78;1;0
9899;7741.94;50;0.79;1;0
9900;7908.11;50;0.77;1;0
9901;7761.49;50;0.79;1;0
9902;7878.79;50;0.78;1;0
9903;7771.26;50;0.79;1;0
9904;7976.54;50;0.78;1;0
9905;7702.83;50;0.80;1;0
9906;7947.21;50;0.77;1;0
9907;7634.41;50;0.79;1;0
9908;7839.69;50;0.76;1;0
9909;7585.53;50;0.78;1;0
9910;8054.74;50;0.76;1;0
9911;7663.73;50;0.81;1;0
9912;7859.24;50;0.77;1;0
9913;7565.98;50;0.79;1;0
9914;7888.56;50;0.76;1;0
9915;7536.66;50;0.79;1;0
9916;7927.66;50;0.75;1;0
9917;7536.66;50;0.79;1;0
9918;7956.99;50;0.75;1;0
9919;7507.33;50;0.80;1;0
9920;7888.56;50;0.75;1;0
9921;7712.61;50;0.79;1;0
9922;8132.94;50;0.77;1;0
9923;7673.51;50;0.81;1;0
9924;7937.44;50;0.77;1;0
9925;7702.83;50;0.79;1;0
9926;8015.64;50;0.77;1;0
9927;7820.14;50;0.80;1;0
9928;8191.59;50;0.78;1;0
9929;7761.49;50;0.82;1;0
9930;8064.52;50;0.78;1;0
9931;7722.39;50;0.81;1;0
9932;8132.94;50;0.77;1;0
9933;7751.71;50;0.81;1;0
9934;8054.74;50;0.78;1;0
9935;7800.59;50;0.81;1;0
9936;8230.69;50;0.78;1;0
9937;7663.73;50;0.82;1;0
9938;8093.84;50;0.77;1;0
9939;7673.51;50;0.81;1;0
9940;8015.64;50;0.77;1;0
9941;7614.86;50;0.80;1;0
9942;8054.74;50;0.76;1;0
9943;7741.94;50;0.81;1;0
9944;8162.27;50;0.77;1;0
9945;7751.71;50;0.82;1;0
9946;8289.35;50;0.78;1;0
9947;7800.59;50;0.83;1;0
9948;8181.82;50;0.78;1;0
9949;7820.14;50;0.82;1;0
9950;8250.24;50;0.78;1;0
9951;7898.34;50;0.83;1;0
9952;8299.12;50;0.79;1;0
9953;7859.24;50;0.83;1;0
9954;8377.32;50;0.79;1;0
9955;7908.11;50;0.84;1;0
9956;8367.55;50;0.79;1;0
9957;7859.24;50;0.84;1;0
9958;8308.90;50;0.79;1;0
9959;7878.79;50;0.83;1;0
9960;8211.14;50;0.79;1;0
9961;7800.59;50;0.82;1;0
9962;8299.12;50;0.78;1;0
9963;7800.59;50;0.83;1;0
9964;8191.59;50;0.78;1;0
9965;7722.39;50;0.82;1;0
9966;8289.35;50;0.77;1;0
9967;7751.71;50;0.83;1;0
9968;8181.82;50;0.78;1;0
9969;7761.49;50;0.82;1;0
9970;8201.37;50;0.78;1;0
9971;7781.04;50;0.82;1;0
9972;8172.04;50;0.78;1;0
9973;7722.39;50;0.82;1;0
9974;8172.04;50;0.77;1;0
9975;7839.69;50;0.82;1;0
9976;8220.92;50;0.78;1;0
9977;7781.04;50;0.82;1;0
9978;8260.02;50;0.78;1;0
9979;7751.71;50;0.83;1;0
9980;8211.14;50;0.78;1;0
9981;7781.04;50;0.82;1;0
9982;8260.02;50;0.78;1;0
9983;7829.91;50;0.83;1;0
9984;8220.92;50;0.78;1;0
9985;7839.69;50;0.82;1;0
9986;8250.24;50;0.78;1;0
9987;7790.81;50;0.83;1;0
9988;8240.47;50;0.78;1;0
9989;7810.36;50;0.82;1;0
9990;8191.59;50;0.78;1;0
9991;7771.26;50;0.82;1;0
9992;8132.94;50;0.78;1;0
9993;7781.04;50;0.81;1;0
9994;8220.92;50;0.78;1;0
9995;7761.49;50;0.82;1;0
9996;8230.69;50;0.78;1;0
9997;7810.36;50;0.82;1;0
9998;8220.92;50;0.78;1;0
9999;7771.26;50;0.82;1;0
10000;8093.84;50;0.78;1;0
10001;7761.49;50;0.81;1;0
10002;8279.57;50;0.78;1;0
10003;7702.83;50;0.83;1;0
10004;8162.27;50;0.77;1;0
10005;7771.26;50;0.82;1;0
10006;8103.62;50;0.78;1;0
10007;7751.71;50;0.81;1;0
10008;8152.49;50;0.78;1;0
10009;7800.59;50;0.82;1;0
10010;8142.72;50;0.78;1;0
10011;7732.16;50;0.81;1;0
10012;8132.94;50;0.77;1;0
10013;7712.61;50;0.81;1;0
10014;8084.07;50;0.77;1;0
10015;7693.06;50;0.81;1;0
10016;8093.84;50;0.77;1;0
10017;7722.39;50;0.81;1;0
10018;8123.17;50;0.77;1;0
10019;7751.71;50;0.81;1;0
10020;8113.39;50;0.78;1;0
10021;7732.16;50;0.81;1;0
10022;8132.94;50;0.77;1;0
10023;7741.94;50;0.81;1;0
10024;8142.72;50;0.77;1;0
10025;7878.79;50;0.81;1;0
10026;8132.94;50;0.79;1;0
10027;7741.94;50;0.81;1;0
10028;8152.49;50;0.77;1;0
10029;7800.59;50;0.82;1;0
10030;8260.02;50;0.78;1;0
10031;7810.36;50;0.83;1;0
10032;8162.27;50;0.78;1;0
10033;7771.26;50;0.82;1;0
10034;8201.37;50;0.78;1;0
10035;7741.94;50;0.82;1;0
10036;8142.72;50;0.77;1;0
10037;7741.94;50;0.81;1;0
10038;8132.94;50;0.77;1;0
10039;7820.14;50;0.81;1;0
10040;8142.72;50;0.78;1;0
10041;7771.26;50;0.81;1;0
10042;8211.14;50;0.78;1;0
10043;7751.71;50;0.82;1;0
10044;8220.92;50;0.78;1;0
10045;7908.11;50;0.82;1;0
10046;8123.17;50;0.79;1;0
10047;7927.66;50;0.81;1;0
10048;8132.94;50;0.79;1;0
10049;7849.46;50;0.81;1;0
10050;8142.72;50;0.78;1;0
10051;7878.79;50;0.81;1;0
10052;8181.82;50;0.79;1;0
10053;8025.42;50;0.82;1;0
10054;8211.14;50;0.80;1;0
10055;7986.31;50;0.82;1;0
10056;8142.72;50;0.80;1;0
10057;8035.19;50;0.81;1;0
10058;8132.94;50;0.80;1;0
10059;8084.07;50;0.81;1;0
10060;8093.84;50;0.81;1;0
10061;8005.87;50;0.81;1;0
10062;8181.82;50;0.80;1;0
10063;8113.39;50;0.82;1;0
10064;8220.92;50;0.81;1;0
10065;8132.94;50;0.82;1;0
10066;8084.07;50;0.81;1;0
10067;8181.82;50;0.81;1;0
10068;8230.69;50;0.82;1;0
10069;8191.59;50;0.82;1;0
10070;8132.94;50;0.82;1;0
10071;8201.37;50;0.81;1;0
10072;8142.72;50;0.82;1;0
10073;8299.12;50;0.81;1;0
10074;8162.27;50;0.83;1;0
10075;8162.27;50;0.82;1;0
10076;8123.17;50;0.82;1;0
10077;8260.02;50;0.81;1;0
10078;8123.17;50;0.83;1;0
10079;8318.67;50;0.81;1;0
10080;8132.94;50;0.83;1;0
10081;8279.57;50;0.81;1;0
10082;8123.17;50;0.83;1;0
10083;8357.77;50;0.81;1;0
10084;8132.94;50;0.84;1;0
10085;8289.35;50;0.81;1;0
10086;8054.74;50;0.83;1;0
10087;8269.79;50;0.81;1;0
10088;8142.72;50;0.83;1;0
10089;8318.67;50;0.81;1;0
10090;8054.74;50;0.83;1;0
10091;8299.12;50;0.81;1;0
10092;8054.74;50;0.83;1;0
10093;8338.22;50;0.81;1;0
10094;7878.79;50;0.83;1;0
10095;8367.55;50;0.79;1;0
10096;8025.42;50;0.84;1;0
10097;8308.90;50;0.80;1;0
10098;8044.97;50;0.83;1;0
10099;8426.20;50;0.80;1;0
10100;7996.09;50;0.84;1;0
10101;8289.35;50;0.80;1;0
10102;8015.64;50;0.83;1;0
10103;8367.55;50;0.80;1;0
10104;8005.87;50;0.84;1;0
10105;8426.20;50;0.80;1;0
10106;7927.66;50;0.84;1;0
10107;8328.45;50;0.79;1;0
10108;7927.66;50;0.83;1;0
10109;8308.90;50;0.79;1;0
10110;7849.46;50;0.83;1;0
10111;8357.77;50;0.78;1;0
10112;7966.76;50;0.84;1;0
10113;8328.45;50;0.80;1;0
10114;7996.09;50;0.83;1;0
10115;8396.87;50;0.80;1;0
10116;7927.66;50;0.84;1;0
10117;8367.55;50;0.79;1;0
10118;7956.99;50;0.84;1;0
10119;8465.30;50;0.80;1;0
10120;8035.19;50;0.85;1;0
10121;8357.77;50;0.80;1;0
10122;7927.66;50;0.84;1;0
10123;8299.12;50;0.79;1;0
10124;7908.11;50;0.83;1;0
10125;8318.67;50;0.79;1;0
10126;7888.56;50;0.83;1;0
10127;8201.37;50;0.79;1;0
10128;7898.34;50;0.82;1;0
10129;8338.22;50;0.79;1;0
10130;7917.89;50;0.83;1;0
10131;8338.22;50;0.79;1;0
10132;7800.59;50;0.83;1;0
10133;8250.24;50;0.78;1;0
10134;7849.46;50;0.83;1;0
10135;8279.57;50;0.78;1;0
10136;7869.01;50;0.83;1;0
10137;8308.90;50;0.79;1;0
10138;7908.11;50;0.83;1;0
10139;8328.45;50;0.79;1;0
10140;7927.66;50;0.83;1;0
10141;8260.02;50;0.79;1;0
10142;7927.66;50;0.83;1;0
10143;8299.12;50;0.79;1;0
10144;7937.44;50;0.83;1;0
10145;8299.12;50;0.79;1;0
10146;7947.21;50;0.83;1;0
10147;8260.02;50;0.79;1;0
10148;7898.34;50;0.83;1;0
10149;8328.45;50;0.79;1;0
10150;7888.56;50;0.83;1;0
10151;8260.02;50;0.79;1;0
10152;7869.01;50;0.83;1;0
10153;8328.45;50;0.79;1;0
10154;7917.89;50;0.83;1;0
10155;8289.35;50;0.79;1;0
10156;7956.99;50;0.83;1;0
10157;8328.45;50;0.80;1;0
10158;7898.34;50;0.83;1;0
10159;8348.00;50;0.79;1;0
10160;7908.11;50;0.83;1;0
10161;8318.67;50;0.79;1;0
10162;7966.76;50;0.83;1;0
10163;8308.90;50;0.80;1;0
10164;7917.89;50;0.83;1;0
10165;8357.77;50;0.79;1;0
10166;7908.11;50;0.84;1;0
10167;8357.77;50;0.79;1;0
10168;7927.66;50;0.84;1;0
10169;8396.87;50;0.79;1;0
10170;7976.54;50;0.84;1;0
10171;8396.87;50;0.80;1;0
10172;7956.99;50;0.84;1;0
10173;8367.55;50;0.80;1;0
10174;7956.99;50;0.84;1;0
10175;8396.87;50;0.80;1;0
10176;8035.19;50;0.84;1;0
10177;8377.32;50;0.80;1;0
10178;8015.64;50;0.84;1;0
10179;8426.20;50;0.80;1;0
10180;8005.87;50;0.84;1;0
10181;8445.75;50;0.80;1;0
10182;8035.19;50;0.84;1;0
10183;8426.20;50;0.80;1;0
10184;8054.74;50;0.84;1;0
10185;8396.87;50;0.81;1;0
10186;8093.84;50;0.84;1;0
10187;8396.87;50;0.81;1;0
10188;8064.52;50;0.84;1;0
10189;8406.65;50;0.81;1;0
10190;8103.62;50;0.84;1;0
10191;8455.52;50;0.81;1;0
10192;8084.07;50;0.85;1;0
10193;8494.62;50;0.81;1;0
10194;8113.39;50;0.85;1;0
10195;8455.52;50;0.81;1;0
10196;8132.94;50;0.85;1;0
10197;8426.20;50;0.81;1;0
10198;8064.52;50;0.84;1;0
10199;8377.32;50;0.81;1;0
10200;8132.94;50;0.84;1;0
10201;8445.75;50;0.81;1;0
10202;8084.07;50;0.84;1;0
10203;8348.00;50;0.81;1;0
10204;8054.74;50;0.83;1;0
10205;8475.07;50;0.81;1;0
10206;8044.97;50;0.85;1;0
10207;8455.52;50;0.80;1;0
10208;8103.62;50;0.85;1;0
10209;8435.97;50;0.81;1;0
10210;8132.94;50;0.84;1;0
10211;8406.65;50;0.81;1;0
10212;8084.07;50;0.84;1;0
10213;8416.42;50;0.81;1;0
10214;8035.19;50;0.84;1;0
10215;8484.85;50;0.80;1;0
10216;8074.29;50;0.85;1;0
10217;8406.65;50;0.81;1;0
10218;8035.19;50;0.84;1;0
10219;8387.10;50;0.80;1;0
10220;8054.74;50;0.84;1;0
10221;8348.00;50;0.81;1;0
10222;7996.09;50;0.83;1;0
10223;8377.32;50;0.80;1;0
10224;8064.52;50;0.84;1;0
10225;8348.00;50;0.81;1;0
10226;7986.31;50;0.83;1;0
10227;8377.32;50;0.80;1;0
10228;8035.19;50;0.84;1;0
10229;8357.77;50;0.80;1;0
10230;8064.52;50;0.84;1;0
10231;8396.87;50;0.81;1;0
10232;8044.97;50;0.84;1;0
10233;8328.45;50;0.80;1;0
10234;8015.64;50;0.83;1;0
10235;8348.00;50;0.80;1;0
10236;8093.84;50;0.83;1;0
10237;8348.00;50;0.81;1;0
10238;8015.64;50;0.83;1;0
10239;8377.32;50;0.80;1;0
10240;8025.42;50;0.84;1;0
10241;8318.67;50;0.80;1;0
10242;7996.09;50;0.83;1;0
10243;8318.67;50;0.80;1;0
10244;8025.42;50;0.83;1;0
10245;8308.90;50;0.80;1;0
10246;7956.99;50;0.83;1;0
10247;8230.69;50;0.80;1;0
10248;8035.19;50;0.82;1;0
10249;8211.14;50;0.80;1;0
10250;7917.89;50;0.82;1;0
10251;8240.47;50;0.79;1;0
10252;7966.76;50;0.82;1;0
10253;8220.92;50;0.80;1;0
10254;7976.54;50;0.82;1;0
10255;8172.04;50;0.80;1;0
10256;8005.87;50;0.82;1;0
10257;8240.47;50;0.80;1;0
10258;8181.82;50;0.82;1;0
10259;8152.49;50;0.82;1;0
10260;8103.62;50;0.82;1;0
10261;8211.14;50;0.81;1;0
10262;8132.94;50;0.82;1;0
10263;8162.27;50;0.81;1;0
10264;8084.07;50;0.82;1;0
10265;8172.04;50;0.81;1;0
10266;8084.07;50;0.82;1;0
10267;8123.17;50;0.81;1;0
10268;8172.04;50;0.81;1;0
10269;8084.07;50;0.82;1;0
10270;8240.47;50;0.81;1;0
10271;8064.52;50;0.82;1;0
10272;8152.49;50;0.81;1;0
10273;8064.52;50;0.82;1;0
10274;8201.37;50;0.81;1;0
10275;8162.27;50;0.82;1;0
10276;8220.92;50;0.82;1;0
10277;8054.74;50;0.82;1;0
10278;8220.92;50;0.81;1;0
10279;8025.42;50;0.82;1;0
10280;8230.69;50;0.80;1;0
10281;7966.76;50;0.82;1;0
10282;8230.69;50;0.80;1;0
10283;8005.87;50;0.82;1;0
10284;8181.82;50;0.80;1;0
10285;8054.74;50;0.82;1;0
10286;8279.57;50;0.81;1;0
10287;8035.19;50;0.83;1;0
10288;8230.69;50;0.80;1;0
10289;8074.29;50;0.82;1;0
10290;8328.45;50;0.81;1;0
10291;8035.19;50;0.83;1;0
10292;8240.47;50;0.80;1;0
10293;8035.19;50;0.82;1;0
10294;8357.77;50;0.80;1;0
10295;7996.09;50;0.84;1;0
10296;8260.02;50;0.80;1;0
10297;8132.94;50;0.83;1;0
10298;8250.24;50;0.81;1;0
10299;8113.39;50;0.83;1;0
10300;8406.65;50;0.81;1;0
10301;8123.17;50;0.84;1;0
10302;8426.20;50;0.81;1;0
10303;8201.37;50;0.84;1;0
10304;8299.12;50;0.82;1;0
10305;8093.84;50;0.83;1;0
10306;8426.20;50;0.81;1;0
10307;8035.19;50;0.84;1;0
10308;8416.42;50;0.80;1;0
10309;8211.14;50;0.84;1;0
10310;8328.45;50;0.82;1;0
10311;8113.39;50;0.83;1;0
10312;8299.12;50;0.81;1;0
10313;8113.39;50;0.83;1;0
10314;8387.10;50;0.81;1;0
10315;8093.84;50;0.84;1;0
10316;8396.87;50;0.81;1;0
10317;8093.84;50;0.84;1;0
10318;8377.32;50;0.81;1;0
10319;8093.84;50;0.84;1;0
10320;8328.45;50;0.81;1;0
10321;8132.94;50;0.83;1;0
10322;8455.52;50;0.81;1;0
10323;8201.37;50;0.85;1;0
10324;8396.87;50;0.82;1;0
10325;8162.27;50;0.84;1;0
10326;8367.55;50;0.82;1;0
10327;8152.49;50;0.84;1;0
10328;8445.75;50;0.82;1;0
10329;8064.52;50;0.84;1;0
10330;8435.97;50;0.81;1;0
10331;8093.84;50;0.84;1;0
10332;8396.87;50;0.81;1;0
10333;7996.09;50;0.84;1;0
10334;8416.42;50;0.80;1;0
10335;8035.19;50;0.84;1;0
10336;8299.12;50;0.80;1;0
10337;8064.52;50;0.83;1;0
10338;8318.67;50;0.81;1;0
10339;8044.97;50;0.83;1;0
10340;8308.90;50;0.80;1;0
10341;7956.99;50;0.83;1;0
10342;8387.10;50;0.80;1;0
10343;8005.87;50;0.84;1;0
10344;8260.02;50;0.80;1;0
10345;8015.64;50;0.83;1;0
10346;8250.24;50;0.80;1;0
10347;8015.64;50;0.83;1;0
10348;8211.14;50;0.80;1;0
10349;7996.09;50;0.82;1;0
10350;8308.90;50;0.80;1;0
10351;7917.89;50;0.83;1;0
10352;8318.67;50;0.79;1;0
10353;7956.99;50;0.83;1;0
10354;8240.47;50;0.80;1;0
10355;8005.87;50;0.82;1;0
10356;8172.04;50;0.80;1;0
10357;8074.29;50;0.82;1;0
10358;8250.24;50;0.81;1;0
10359;7986.31;50;0.83;1;0
10360;8328.45;50;0.80;1;0
10361;7927.66;50;0.83;1;0
10362;8289.35;50;0.79;1;0
10363;7966.76;50;0.83;1;0
10364;8240.47;50;0.80;1;0
10365;7966.76;50;0.82;1;0
10366;8318.67;50;0.80;1;0
10367;7917.89;50;0.83;1;0
10368;8230.69;50;0.79;1;0
10369;7937.44;50;0.82;1;0
10370;8220.92;50;0.79;1;0
10371;7986.31;50;0.82;1;0
10372;8191.59;50;0.80;1;0
10373;7937.44;50;0.82;1;0
10374;8162.27;50;0.79;1;0
10375;7888.56;50;0.82;1;0
10376;8211.14;50;0.79;1;0
10377;7947.21;50;0.82;1;0
10378;8201.37;50;0.79;1;0
10379;7839.69;50;0.82;1;0
10380;8220.92;50;0.78;1;0
10381;7849.46;50;0.82;1;0
10382;8230.69;50;0.78;1;0
10383;8005.87;50;0.82;1;0
10384;8289.35;50;0.80;1;0
10385;7976.54;50;0.83;1;0
10386;8289.35;50;0.80;1;0
10387;7937.44;50;0.83;1;0
10388;8289.35;50;0.79;1;0
10389;7937.44;50;0.83;1;0
10390;8269.79;50;0.79;1;0
10391;7956.99;50;0.83;1;0
10392;8201.37;50;0.80;1;0
10393;7869.01;50;0.82;1;0
10394;8328.45;50;0.79;1;0
10395;7908.11;50;0.83;1;0
10396;8260.02;50;0.79;1;0
10397;7859.24;50;0.83;1;0
10398;8230.69;50;0.79;1;0
10399;7849.46;50;0.82;1;0
10400;8299.12;50;0.78;1;0
10401;7859.24;50;0.83;1;0
10402;8328.45;50;0.79;1;0
10403;7888.56;50;0.83;1;0
10404;8357.77;50;0.79;1;0
10405;7908.11;50;0.84;1;0
10406;8328.45;50;0.79;1;0
10407;7859.24;50;0.83;1;0
10408;8318.67;50;0.79;1;0
10409;7869.01;50;0.83;1;0
10410;8279.57;50;0.79;1;0
10411;7917.89;50;0.83;1;0
10412;8406.65;50;0.79;1;0
10413;7878.79;50;0.84;1;0
10414;8279.57;50;0.79;1;0
10415;7908.11;50;0.83;1;0
10416;8299.12;50;0.79;1;0
10417;7986.31;50;0.83;1;0
10418;8348.00;50;0.80;1;0
10419;7986.31;50;0.83;1;0
10420;8318.67;50;0.80;1;0
10421;7917.89;50;0.83;1;0
10422;8348.00;50;0.79;1;0
10423;7976.54;50;0.83;1;0
10424;8328.45;50;0.80;1;0
10425;7986.31;50;0.83;1;0
10426;8348.00;50;0.80;1;0
10427;7996.09;50;0.83;1;0
10428;8416.42;50;0.80;1;0
10429;7966.76;50;0.84;1;0
10430;8416.42;50;0.80;1;0
10431;8054.74;50;0.84;1;0
10432;8445.75;50;0.81;1;0
10433;8103.62;50;0.84;1;0
10434;8504.40;50;0.81;1;0
10435;8035.19;50;0.85;1;0
10436;8455.52;50;0.80;1;0
10437;8103.62;50;0.85;1;0
10438;8494.62;50;0.81;1;0
10439;8113.39;50;0.85;1;0
10440;8435.97;50;0.81;1;0
10441;8074.29;50;0.84;1;0
10442;8475.07;50;0.81;1;0
10443;8054.74;50;0.85;1;0
10444;8416.42;50;0.81;1;0
10445;8064.52;50;0.84;1;0
10446;8572.83;50;0.81;1;0
10447;8093.84;50;0.86;1;0
10448;8396.87;50;0.81;1;0
10449;8132.94;50;0.84;1;0
10450;8426.20;50;0.81;1;0
10451;8103.62;50;0.84;1;0
10452;8455.52;50;0.81;1;0
10453;8015.64;50;0.85;1;0
10454;8445.75;50;0.80;1;0
10455;8064.52;50;0.84;1;0
10456;8387.10;50;0.81;1;0
10457;8015.64;50;0.84;1;0
10458;8406.65;50;0.80;1;0
10459;7956.99;50;0.84;1;0
10460;8308.90;50;0.80;1;0
10461;8015.64;50;0.83;1;0
10462;8338.22;50;0.80;1;0
10463;7996.09;50;0.83;1;0
10464;8357.77;50;0.80;1;0
10465;7947.21;50;0.84;1;0
10466;8318.67;50;0.79;1;0
10467;7976.54;50;0.83;1;0
10468;8377.32;50;0.80;1;0
10469;7917.89;50;0.84;1;0
10470;8318.67;50;0.79;1;0
10471;7947.21;50;0.83;1;0
10472;8289.35;50;0.79;1;0
10473;7898.34;50;0.83;1;0
10474;8308.90;50;0.79;1;0
10475;8005.87;50;0.83;1;0
10476;8211.14;50;0.80;1;0
10477;7908.11;50;0.82;1;0
10478;8250.24;50;0.79;1;0
10479;7898.34;50;0.83;1;0
10480;8191.59;50;0.79;1;0
10481;7908.11;50;0.82;1;0
10482;8191.59;50;0.79;1;0
10483;7829.91;50;0.82;1;0
10484;8220.92;50;0.78;1;0
10485;7800.59;50;0.82;1;0
10486;8250.24;50;0.78;1;0
10487;7888.56;50;0.83;1;0
10488;8172.04;50;0.79;1;0
10489;7859.24;50;0.82;1;0
10490;8172.04;50;0.79;1;0
10491;7820.14;50;0.82;1;0
10492;8162.27;50;0.78;1;0
10493;7859.24;50;0.82;1;0
10494;8132.94;50;0.79;1;0
10495;7761.49;50;0.81;1;0
10496;8093.84;50;0.78;1;0
10497;7820.14;50;0.81;1;0
10498;8103.62;50;0.78;1;0
10499;7849.46;50;0.81;1;0
10500;8103.62;50;0.78;1;0
10501;7849.46;50;0.81;1;0
10502;8025.42;50;0.78;1;0
10503;7869.01;50;0.80;1;0
10504;8074.29;50;0.79;1;0
10505;7908.11;50;0.81;1;0
10506;8015.64;50;0.79;1;0
10507;7966.76;50;0.80;1;0
10508;8054.74;50;0.80;1;0
10509;8035.19;50;0.81;1;0
10510;8074.29;50;0.80;1;0
10511;7976.54;50;0.81;1;0
10512;7976.54;50;0.80;1;0
10513;8005.87;50;0.80;1;0
10514;7956.99;50;0.80;1;0
10515;7917.89;50;0.80;1;0
10516;8025.42;50;0.79;1;0
10517;7947.21;50;0.80;1;0
10518;7849.46;50;0.79;1;0
10519;8084.07;50;0.78;1;0
10520;7937.44;50;0.81;1;0
10521;7986.31;50;0.79;1;0
10522;7859.24;50;0.80;1;0
10523;8054.74;50;0.79;1;0
10524;7937.44;50;0.81;1;0
10525;8064.52;50;0.79;1;0
10526;7917.89;50;0.81;1;0
10527;8162.27;50;0.79;1;0
10528;7956.99;50;0.82;1;0
10529;8230.69;50;0.80;1;0
10530;7917.89;50;0.82;1;0
10531;8181.82;50;0.79;1;0
10532;7927.66;50;0.82;1;0
10533;8211.14;50;0.79;1;0
10534;7878.79;50;0.82;1;0
10535;8201.37;50;0.79;1;0
10536;7898.34;50;0.82;1;0
10537;8445.75;50;0.79;1;0
10538;7878.79;50;0.84;1;0
10539;8162.27;50;0.79;1;0
10540;7966.76;50;0.82;1;0
10541;8299.12;50;0.80;1;0
10542;7927.66;50;0.83;1;0
10543;8348.00;50;0.79;1;0
10544;7966.76;50;0.83;1;0
10545;8299.12;50;0.80;1;0
10546;7869.01;50;0.83;1;0
10547;8338.22;50;0.79;1;0
10548;7908.11;50;0.83;1;0
10549;8318.67;50;0.79;1;0
10550;7927.66;50;0.83;1;0
10551;8338.22;50;0.79;1;0
10552;7947.21;50;0.83;1;0
10553;8201.37;50;0.79;1;0
10554;7917.89;50;0.82;1;0
10555;8328.45;50;0.79;1;0
10556;7878.79;50;0.83;1;0
10557;8328.45;50;0.79;1;0
10558;7927.66;50;0.83;1;0
10559;8348.00;50;0.79;1;0
10560;7917.89;50;0.83;1;0
10561;8308.90;50;0.79;1;0
10562;7966.76;50;0.83;1;0
10563;8289.35;50;0.80;1;0
10564;7976.54;50;0.83;1;0
10565;8328.45;50;0.80;1;0
10566;7947.21;50;0.83;1;0
10567;8357.77;50;0.79;1;0
10568;7956.99;50;0.84;1;0
10569;8191.59;50;0.80;1;0
10570;7908.11;50;0.82;1;0
10571;8289.35;50;0.79;1;0
10572;7898.34;50;0.83;1;0
10573;8357.77;50;0.79;1;0
10574;7927.66;50;0.84;1;0
10575;8328.45;50;0.79;1;0
10576;7917.89;50;0.83;1;0
10577;8289.35;50;0.79;1;0
10578;7976.54;50;0.83;1;0
10579;8308.90;50;0.80;1;0
10580;7878.79;50;0.83;1;0
10581;8338.22;50;0.79;1;0
10582;7966.76;50;0.83;1;0
10583;8299.12;50;0.80;1;0
10584;7849.46;50;0.83;1;0
10585;8260.02;50;0.78;1;0
10586;7888.56;50;0.83;1;0
10587;8279.57;50;0.79;1;0
10588;7859.24;50;0.83;1;0
10589;8250.24;50;0.79;1;0
10590;7820.14;50;0.83;1;0
10591;8269.79;50;0.78;1;0
10592;7839.69;50;0.83;1;0
10593;8201.37;50;0.78;1;0
10594;7829.91;50;0.82;1;0
10595;8289.35;50;0.78;1;0
10596;7829.91;50;0.83;1;0
10597;8416.42;50;0.78;1;0
10598;7996.09;50;0.84;1;0
10599;8377.32;50;0.80;1;0
10600;7898.34;50;0.84;1;0
10601;7927.66;50;0.79;1;0
10602;7712.61;50;0.79;1;0
10603;8260.02;50;0.77;1;0
10604;7859.24;50;0.83;1;0
10605;8279.57;50;0.79;1;0
10606;7820.14;50;0.83;1;0
10607;8181.82;50;0.78;1;0
10608;7937.44;50;0.82;1;0
10609;8299.12;50;0.79;1;0
10610;7781.04;50;0.83;1;0
10611;8211.14;50;0.78;1;0
10612;7781.04;50;0.82;1;0
10613;8279.57;50;0.78;1;0
10614;7732.16;50;0.83;1;0
10615;8172.04;50;0.77;1;0
10616;7761.49;50;0.82;1;0
10617;8279.57;50;0.78;1;0
10618;7771.26;50;0.83;1;0
10619;8172.04;50;0.78;1;0
10620;7781.04;50;0.82;1;0
10621;8211.14;50;0.78;1;0
10622;7800.59;50;0.82;1;0
10623;8162.27;50;0.78;1;0
10624;7771.26;50;0.82;1;0
10625;8211.14;50;0.78;1;0
10626;7800.59;50;0.82;1;0
10627;8093.84;50;0.78;1;0
10628;7790.81;50;0.81;1;0
10629;8201.37;50;0.78;1;0
10630;7751.71;50;0.82;1;0
10631;8152.49;50;0.78;1;0
10632;7849.46;50;0.82;1;0
10633;8230.69;50;0.78;1;0
10634;7810.36;50;0.82;1;0
10635;8152.49;50;0.78;1;0
10636;7800.59;50;0.82;1;0
10637;8181.82;50;0.78;1;0
10638;7849.46;50;0.82;1;0
10639;8132.94;50;0.78;1;0
10640;7917.89;50;0.81;1;0
10641;8172.04;50;0.79;1;0
10642;7898.34;50;0.82;1;0
10643;8132.94;50;0.79;1;0
10644;7820.14;50;0.81;1;0
10645;8181.82;50;0.78;1;0
10646;7829.91;50;0.82;1;0
10647;8299.12;50;0.78;1;0
10648;7878.79;50;0.83;1;0
10649;8172.04;50;0.79;1;0
10650;7869.01;50;0.82;1;0
10651;8211.14;50;0.79;1;0
10652;7859.24;50;0.82;1;0
10653;8172.04;50;0.79;1;0
10654;7878.79;50;0.82;1;0
10655;8201.37;50;0.79;1;0
10656;7966.76;50;0.82;1;0
10657;8250.24;50;0.80;1;0
10658;7908.11;50;0.83;1;0
10659;8250.24;50;0.79;1;0
10660;7908.11;50;0.83;1;0
10661;8230.69;50;0.79;1;0
10662;7908.11;50;0.82;1;0
10663;8240.47;50;0.79;1;0
10664;7937.44;50;0.82;1;0
10665;8260.02;50;0.79;1;0
10666;7966.76;50;0.83;1;0
10667;8260.02;50;0.80;1;0
10668;8005.87;50;0.83;1;0
10669;8269.79;50;0.80;1;0
10670;8074.29;50;0.83;1;0
10671;8387.10;50;0.81;1;0
10672;8201.37;50;0.84;1;0
10673;8318.67;50;0.82;1;0
10674;8074.29;50;0.83;1;0
10675;8308.90;50;0.81;1;0
10676;8064.52;50;0.83;1;0
10677;8250.24;50;0.81;1;0
10678;8093.84;50;0.83;1;0
10679;8113.39;50;0.81;1;0
10680;8103.62;50;0.81;1;0
10681;8152.49;50;0.81;1;0
10682;8074.29;50;0.82;1;0
10683;8132.94;50;0.81;1;0
10684;8123.17;50;0.81;1;0
10685;8201.37;50;0.81;1;0
10686;8132.94;50;0.82;1;0
10687;8142.72;50;0.81;1;0
10688;8308.90;50;0.81;1;0
10689;8201.37;50;0.83;1;0
10690;8211.14;50;0.82;1;0
10691;8123.17;50;0.82;1;0
10692;8211.14;50;0.81;1;0
10693;8201.37;50;0.82;1;0
10694;8172.04;50;0.82;1;0
10695;8113.39;50;0.82;1;0
10696;7976.54;50;0.81;1;0
10697;7849.46;50;0.80;1;0
10698;8230.69;50;0.78;1;0
10699;8044.97;50;0.82;1;0
10700;8220.92;50;0.80;1;0
10701;7741.94;50;0.82;1;0
10702;7947.21;50;0.77;1;0
10703;7947.21;50;0.79;1;0
10704;8289.35;50;0.79;1;0
10705;8064.52;50;0.83;1;0
10706;8308.90;50;0.81;1;0
10707;7966.76;50;0.83;1;0
10708;8318.67;50;0.80;1;0
10709;7966.76;50;0.83;1;0
10710;8348.00;50;0.80;1;0
10711;8064.52;50;0.83;1;0
10712;8260.02;50;0.81;1;0
10713;7937.44;50;0.83;1;0
10714;8328.45;50;0.79;1;0
10715;7996.09;50;0.83;1;0
10716;8396.87;50;0.80;1;0
10717;8015.64;50;0.84;1;0
10718;8406.65;50;0.80;1;0
10719;8035.19;50;0.84;1;0
10720;8211.14;50;0.80;1;0
10721;7869.01;50;0.82;1;0
10722;8142.72;50;0.79;1;0
10723;7839.69;50;0.81;1;0
10724;8132.94;50;0.78;1;0
10725;7790.81;50;0.81;1;0
10726;8015.64;50;0.78;1;0
10727;7722.39;50;0.80;1;0
10728;8123.17;50;0.77;1;0
10729;7741.94;50;0.81;1;0
10730;8123.17;50;0.77;1;0
10731;7908.11;50;0.81;1;0
10732;8181.82;50;0.79;1;0
10733;7888.56;50;0.82;1;0
10734;8142.72;50;0.79;1;0
10735;7878.79;50;0.81;1;0
10736;8289.35;50;0.79;1;0
10737;7869.01;50;0.83;1;0
10738;8279.57;50;0.79;1;0
10739;7849.46;50;0.83;1;0
10740;8269.79;50;0.78;1;0
10741;7878.79;50;0.83;1;0
10742;8279.57;50;0.79;1;0
10743;7869.01;50;0.83;1;0
10744;8172.04;50;0.79;1;0
10745;7761.49;50;0.82;1;0
10746;8318.67;50;0.78;1;0
10747;7869.01;50;0.83;1;0
10748;8318.67;50;0.79;1;0
10749;7917.89;50;0.83;1;0
10750;8328.45;50;0.79;1;0
10751;7917.89;50;0.83;1;0
10752;8348.00;50;0.79;1;0
10753;7917.89;50;0.83;1;0
10754;8348.00;50;0.79;1;0
10755;7888.56;50;0.83;1;0
10756;8269.79;50;0.79;1;0
10757;7878.79;50;0.83;1;0
10758;8289.35;50;0.79;1;0
10759;7878.79;50;0.83;1;0
10760;8348.00;50;0.79;1;0
10761;7956.99;50;0.83;1;0
10762;8328.45;50;0.80;1;0
10763;7956.99;50;0.83;1;0
10764;8357.77;50;0.80;1;0
10765;7888.56;50;0.84;1;0
10766;8377.32;50;0.79;1;0
10767;7996.09;50;0.84;1;0
10768;8406.65;50;0.80;1;0
10769;7976.54;50;0.84;1;0
10770;8475.07;50;0.80;1;0
10771;7976.54;50;0.85;1;0
10772;8377.32;50;0.80;1;0
10773;7956.99;50;0.84;1;0
10774;8377.32;50;0.80;1;0
10775;8005.87;50;0.84;1;0
10776;8416.42;50;0.80;1;0
10777;8005.87;50;0.84;1;0
10778;8416.42;50;0.80;1;0
10779;8093.84;50;0.84;1;0
10780;8455.52;50;0.81;1;0
10781;8064.52;50;0.85;1;0
10782;8484.85;50;0.81;1;0
10783;8005.87;50;0.85;1;0
10784;8484.85;50;0.80;1;0
10785;8074.29;50;0.85;1;0
10786;8475.07;50;0.81;1;0
10787;8152.49;50;0.85;1;0
10788;8475.07;50;0.82;1;0
10789;8084.07;50;0.85;1;0
10790;8533.72;50;0.81;1;0
10791;8084.07;50;0.85;1;0
10792;8504.40;50;0.81;1;0
10793;8035.19;50;0.85;1;0
10794;8514.17;50;0.80;1;0
10795;8152.49;50;0.85;1;0
10796;8514.17;50;0.82;1;0
10797;8093.84;50;0.85;1;0
10798;8435.97;50;0.81;1;0
10799;8123.17;50;0.84;1;0
10800;8494.62;50;0.81;1;0
10801;8103.62;50;0.85;1;0
10802;8455.52;50;0.81;1;0
10803;8025.42;50;0.85;1;0
10804;8494.62;50;0.80;1;0
10805;8074.29;50;0.85;1;0
10806;8416.42;50;0.81;1;0
10807;8064.52;50;0.84;1;0
10808;8396.87;50;0.81;1;0
10809;8142.72;50;0.84;1;0
10810;8377.32;50;0.81;1;0
10811;8162.27;50;0.84;1;0
10812;8406.65;50;0.82;1;0
10813;8093.84;50;0.84;1;0
10814;8396.87;50;0.81;1;0
10815;8015.64;50;0.84;1;0
10816;8299.12;50;0.80;1;0
10817;8113.39;50;0.83;1;0
10818;8308.90;50;0.81;1;0
10819;7976.54;50;0.83;1;0
10820;8299.12;50;0.80;1;0
10821;8035.19;50;0.83;1;0
10822;8260.02;50;0.80;1;0
10823;8142.72;50;0.83;1;0
10824;8445.75;50;0.81;1;0
10825;8123.17;50;0.84;1;0
10826;8377.32;50;0.81;1;0
10827;8025.42;50;0.84;1;0
10828;8367.55;50;0.80;1;0
10829;8044.97;50;0.84;1;0
10830;8338.22;50;0.80;1;0
10831;8093.84;50;0.83;1;0
10832;8406.65;50;0.81;1;0
10833;8084.07;50;0.84;1;0
10834;8465.30;50;0.81;1;0
10835;8005.87;50;0.85;1;0
10836;8299.12;50;0.80;1;0
10837;7820.14;50;0.83;1;0
10838;8318.67;50;0.78;1;0
10839;7956.99;50;0.83;1;0
10840;8308.90;50;0.80;1;0
10841;7869.01;50;0.83;1;0
10842;8308.90;50;0.79;1;0
10843;7898.34;50;0.83;1;0
10844;8367.55;50;0.79;1;0
10845;7898.34;50;0.84;1;0
10846;8152.49;50;0.79;1;0
10847;7839.69;50;0.82;1;0
10848;8357.77;50;0.78;1;0
10849;8044.97;50;0.84;1;0
10850;8269.79;50;0.80;1;0
10851;7878.79;50;0.83;1;0
10852;8260.02;50;0.79;1;0
10853;7927.66;50;0.83;1;0
10854;8240.47;50;0.79;1;0
10855;7849.46;50;0.82;1;0
10856;8230.69;50;0.78;1;0
10857;7869.01;50;0.82;1;0
10858;8172.04;50;0.79;1;0
10859;7732.16;50;0.82;1;0
10860;8201.37;50;0.77;1;0
10861;7810.36;50;0.82;1;0
10862;8191.59;50;0.78;1;0
10863;7800.59;50;0.82;1;0
10864;8181.82;50;0.78;1;0
10865;7927.66;50;0.82;1;0
10866;8269.79;50;0.79;1;0
10867;7869.01;50;0.83;1;0
10868;8211.14;50;0.79;1;0
10869;7859.24;50;0.82;1;0
10870;8093.84;50;0.79;1;0
10871;7859.24;50;0.81;1;0
10872;8152.49;50;0.79;1;0
10873;7820.14;50;0.82;1;0
10874;8220.92;50;0.78;1;0
10875;7859.24;50;0.82;1;0
10876;8230.69;50;0.79;1;0
10877;7927.66;50;0.82;1;0
10878;8240.47;50;0.79;1;0
10879;7849.46;50;0.82;1;0
10880;8279.57;50;0.78;1;0
10881;7849.46;50;0.83;1;0
10882;8279.57;50;0.78;1;0
10883;7839.69;50;0.83;1;0
10884;8250.24;50;0.78;1;0
10885;7908.11;50;0.83;1;0
10886;8201.37;50;0.79;1;0
10887;7869.01;50;0.82;1;0
10888;8269.79;50;0.79;1;0
10889;7878.79;50;0.83;1;0
10890;8308.90;50;0.79;1;0
10891;8064.52;50;0.83;1;0
10892;8240.47;50;0.81;1;0
10893;8074.29;50;0.82;1;0
10894;8367.55;50;0.81;1;0
10895;8025.42;50;0.84;1;0
10896;8338.22;50;0.80;1;0
10897;7956.99;50;0.83;1;0
10898;8396.87;50;0.80;1;0
10899;8025.42;50;0.84;1;0
10900;8328.45;50;0.80;1;0
10901;8074.29;50;0.83;1;0
10902;8396.87;50;0.81;1;0
10903;8064.52;50;0.84;1;0
10904;8377.32;50;0.81;1;0
10905;8152.49;50;0.84;1;0
10906;8387.10;50;0.82;1;0
10907;8113.39;50;0.84;1;0
10908;8475.07;50;0.81;1;0
10909;8044.97;50;0.85;1;0
10910;8533.72;50;0.80;1;0
10911;8025.42;50;0.85;1;0
10912;8357.77;50;0.80;1;0
10913;8142.72;50;0.84;1;0
10914;8494.62;50;0.81;1;0
10915;8132.94;50;0.85;1;0
10916;8533.72;50;0.81;1;0
10917;8220.92;50;0.85;1;0
10918;8455.52;50;0.82;1;0
10919;8191.59;50;0.85;1;0
10920;8445.75;50;0.82;1;0
10921;8201.37;50;0.84;1;0
10922;8348.00;50;0.82;1;0
10923;8220.92;50;0.83;1;0
10924;8514.17;50;0.82;1;0
10925;8064.52;50;0.85;1;0
10926;8396.87;50;0.81;1;0
10927;8074.29;50;0.84;1;0
10928;8435.97;50;0.81;1;0
10929;8103.62;50;0.84;1;0
10930;8504.40;50;0.81;1;0
10931;8044.97;50;0.85;1;0
10932;8475.07;50;0.80;1;0
10933;8152.49;50;0.85;1;0
10934;8377.32;50;0.82;1;0
10935;8152.49;50;0.84;1;0
10936;8299.12;50;0.82;1;0
10937;8152.49;50;0.83;1;0
10938;8181.82;50;0.82;1;0
10939;8074.29;50;0.82;1;0
10940;8269.79;50;0.81;1;0
10941;8132.94;50;0.83;1;0
10942;8230.69;50;0.81;1;0
10943;8191.59;50;0.82;1;0
10944;8308.90;50;0.82;1;0
10945;8103.62;50;0.83;1;0
10946;8318.67;50;0.81;1;0
10947;8142.72;50;0.83;1;0
10948;8289.35;50;0.81;1;0
10949;8064.52;50;0.83;1;0
10950;8387.10;50;0.81;1;0
10951;8103.62;50;0.84;1;0
10952;8279.57;50;0.81;1;0
10953;8220.92;50;0.83;1;0
10954;8308.90;50;0.82;1;0
10955;8015.64;50;0.83;1;0
10956;8348.00;50;0.80;1;0
10957;8064.52;50;0.83;1;0
10958;8269.79;50;0.81;1;0
10959;8093.84;50;0.83;1;0
10960;8152.49;50;0.81;1;0
10961;8035.19;50;0.82;1;0
10962;8211.14;50;0.80;1;0
10963;8201.37;50;0.82;1;0
10964;8142.72;50;0.82;1;0
10965;8054.74;50;0.81;1;0
10966;8250.24;50;0.81;1;0
10967;8152.49;50;0.83;1;0
10968;8172.04;50;0.82;1;0
10969;8181.82;50;0.82;1;0
10970;8181.82;50;0.82;1;0
10971;8289.35;50;0.82;1;0
10972;8035.19;50;0.83;1;0
10973;8172.04;50;0.80;1;0
10974;8113.39;50;0.82;1;0
10975;8132.94;50;0.81;1;0
10976;8103.62;50;0.81;1;0
10977;8220.92;50;0.81;1;0
10978;8113.39;50;0.82;1;0
10979;8230.69;50;0.81;1;0
10980;8220.92;50;0.82;1;0
10981;8230.69;50;0.82;1;0
10982;7996.09;50;0.82;1;0
10983;8289.35;50;0.80;1;0
10984;8035.19;50;0.83;1;0
10985;8162.27;50;0.80;1;0
10986;7956.99;50;0.82;1;0
10987;8240.47;50;0.80;1;0
10988;7937.44;50;0.82;1;0
10989;8172.04;50;0.79;1;0
10990;7966.76;50;0.82;1;0
10991;8240.47;50;0.80;1;0
10992;8054.74;50;0.82;1;0
10993;8240.47;50;0.81;1;0
10994;8005.87;50;0.82;1;0
10995;8201.37;50;0.80;1;0
10996;7878.79;50;0.82;1;0
10997;8308.90;50;0.79;1;0
10998;7927.66;50;0.83;1;0
10999;8250.24;50;0.79;1;0
11000;7937.44;50;0.83;1;0
11001;8250.24;50;0.79;1;0
11002;7849.46;50;0.83;1;0
11003;8318.67;50;0.78;1;0
11004;7878.79;50;0.83;1;0
11005;8260.02;50;0.79;1;0
11006;7927.66;50;0.83;1;0
11007;8260.02;50;0.79;1;0
11008;7927.66;50;0.83;1;0
11009;8181.82;50;0.79;1;0
11010;7898.34;50;0.82;1;0
11011;8279.57;50;0.79;1;0
11012;7917.89;50;0.83;1;0
11013;8308.90;50;0.79;1;0
11014;7869.01;50;0.83;1;0
11015;8426.20;50;0.79;1;0
11016;7986.31;50;0.84;1;0
11017;8377.32;50;0.80;1;0
11018;8035.19;50;0.84;1;0
11019;8387.10;50;0.80;1;0
11020;7956.99;50;0.84;1;0
11021;8338.22;50;0.80;1;0
11022;8015.64;50;0.83;1;0
11023;8475.07;50;0.80;1;0
11024;7966.76;50;0.85;1;0
11025;8484.85;50;0.80;1;0
11026;8015.64;50;0.85;1;0
11027;8533.72;50;0.80;1;0
11028;7976.54;50;0.85;1;0
11029;8563.05;50;0.80;1;0
11030;8084.07;50;0.86;1;0
11031;8514.17;50;0.81;1;0
11032;8044.97;50;0.85;1;0
11033;8484.85;50;0.80;1;0
11034;8084.07;50;0.85;1;0
11035;8465.30;50;0.81;1;0
11036;8025.42;50;0.85;1;0
11037;8465.30;50;0.80;1;0
11038;8113.39;50;0.85;1;0
11039;8455.52;50;0.81;1;0
11040;8103.62;50;0.85;1;0
11041;8416.42;50;0.81;1;0
11042;8142.72;50;0.84;1;0
11043;8416.42;50;0.81;1;0
11044;8201.37;50;0.84;1;0
11045;8475.07;50;0.82;1;0
11046;8142.72;50;0.85;1;0
11047;8563.05;50;0.81;1;0
11048;8142.72;50;0.86;1;0
11049;8445.75;50;0.81;1;0
11050;8123.17;50;0.84;1;0
11051;8445.75;50;0.81;1;0
11052;8132.94;50;0.84;1;0
11053;8396.87;50;0.81;1;0
11054;8113.39;50;0.84;1;0
11055;8445.75;50;0.81;1;0
11056;8074.29;50;0.84;1;0
11057;8269.79;50;0.81;1;0
11058;8250.24;50;0.83;1;0
11059;8318.67;50;0.83;1;0
11060;8132.94;50;0.83;1;0
11061;8396.87;50;0.81;1;0
11062;8074.29;50;0.84;1;0
11063;8328.45;50;0.81;1;0
11064;8113.39;50;0.83;1;0
11065;8338.22;50;0.81;1;0
11066;8113.39;50;0.83;1;0
11067;8308.90;50;0.81;1;0
11068;8152.49;50;0.83;1;0
11069;8240.47;50;0.82;1;0
11070;8142.72;50;0.82;1;0
11071;8260.02;50;0.81;1;0
11072;8142.72;50;0.83;1;0
11073;8201.37;50;0.81;1;0
11074;8201.37;50;0.82;1;0
11075;8230.69;50;0.82;1;0
11076;8162.27;50;0.82;1;0
11077;8181.82;50;0.82;1;0
11078;8054.74;50;0.82;1;0
11079;8240.47;50;0.81;1;0
11080;8113.39;50;0.82;1;0
11081;8230.69;50;0.81;1;0
11082;8044.97;50;0.82;1;0
11083;8220.92;50;0.80;1;0
11084;8093.84;50;0.82;1;0
11085;8220.92;50;0.81;1;0
11086;7956.99;50;0.82;1;0
11087;8240.47;50;0.80;1;0
11088;8005.87;50;0.82;1;0
11089;8191.59;50;0.80;1;0
11090;8074.29;50;0.82;1;0
11091;8299.12;50;0.81;1;0
11092;8103.62;50;0.83;1;0
11093;8191.59;50;0.81;1;0
11094;8103.62;50;0.82;1;0
11095;8240.47;50;0.81;1;0
11096;8035.19;50;0.82;1;0
11097;8211.14;50;0.80;1;0
11098;8035.19;50;0.82;1;0
11099;8220.92;50;0.80;1;0
11100;8064.52;50;0.82;1;0
11101;8152.49;50;0.81;1;0
11102;8201.37;50;0.82;1;0
11103;8211.14;50;0.82;1;0
11104;8260.02;50;0.82;1;0
11105;8279.57;50;0.83;1;0
11106;8181.82;50;0.83;1;0
11107;8338.22;50;0.82;1;0
11108;8172.04;50;0.83;1;0
11109;8269.79;50;0.82;1;0
11110;8132.94;50;0.83;1;0
11111;8269.79;50;0.81;1;0
11112;8240.47;50;0.83;1;0
11113;8435.97;50;0.82;1;0
11114;8152.49;50;0.84;1;0
11115;8357.77;50;0.82;1;0
11116;8132.94;50;0.84;1;0
11117;8279.57;50;0.81;1;0
11118;8172.04;50;0.83;1;0
11119;8416.42;50;0.82;1;0
11120;8054.74;50;0.84;1;0
11121;8289.35;50;0.81;1;0
11122;8015.64;50;0.83;1;0
11123;8328.45;50;0.80;1;0
11124;8064.52;50;0.83;1;0
11125;8269.79;50;0.81;1;0
11126;7986.31;50;0.83;1;0
11127;8211.14;50;0.80;1;0
11128;8005.87;50;0.82;1;0
11129;8318.67;50;0.80;1;0
11130;7927.66;50;0.83;1;0
11131;8279.57;50;0.79;1;0
11132;7937.44;50;0.83;1;0
11133;8289.35;50;0.79;1;0
11134;8044.97;50;0.83;1;0
11135;8152.49;50;0.80;1;0
11136;8015.64;50;0.82;1;0
11137;8279.57;50;0.80;1;0
11138;8035.19;50;0.83;1;0
11139;8132.94;50;0.80;1;0
11140;8142.72;50;0.81;1;0
11141;8230.69;50;0.81;1;0
11142;8103.62;50;0.82;1;0
11143;8299.12;50;0.81;1;0
11144;8132.94;50;0.83;1;0
11145;8240.47;50;0.81;1;0
11146;8035.19;50;0.82;1;0
11147;8220.92;50;0.80;1;0
11148;8113.39;50;0.82;1;0
11149;8308.90;50;0.81;1;0
11150;8054.74;50;0.83;1;0
11151;8250.24;50;0.81;1;0
11152;8162.27;50;0.83;1;0
11153;8338.22;50;0.82;1;0
11154;8191.59;50;0.83;1;0
11155;8103.62;50;0.82;1;0
11156;8201.37;50;0.81;1;0
11157;8279.57;50;0.82;1;0
11158;8220.92;50;0.83;1;0
11159;8230.69;50;0.82;1;0
11160;8260.02;50;0.82;1;0
11161;8191.59;50;0.83;1;0
11162;8357.77;50;0.82;1;0
11163;8250.24;50;0.84;1;0
11164;8289.35;50;0.83;1;0
11165;8132.94;50;0.83;1;0
11166;8289.35;50;0.81;1;0
11167;8084.07;50;0.83;1;0
11168;8191.59;50;0.81;1;0
11169;8152.49;50;0.82;1;0
11170;8289.35;50;0.82;1;0
11171;8084.07;50;0.83;1;0
11172;8308.90;50;0.81;1;0
11173;8123.17;50;0.83;1;0
11174;8250.24;50;0.81;1;0
11175;8054.74;50;0.83;1;0
11176;8260.02;50;0.81;1;0
11177;8044.97;50;0.83;1;0
11178;8289.35;50;0.80;1;0
11179;8103.62;50;0.83;1;0
11180;8289.35;50;0.81;1;0
11181;7996.09;50;0.83;1;0
11182;8172.04;50;0.80;1;0
11183;8132.94;50;0.82;1;0
11184;8299.12;50;0.81;1;0
11185;8064.52;50;0.83;1;0
11186;8348.00;50;0.81;1;0
11187;8054.74;50;0.83;1;0
11188;8348.00;50;0.81;1;0
11189;7956.99;50;0.83;1;0
11190;8387.10;50;0.80;1;0
11191;7986.31;50;0.84;1;0
11192;8279.57;50;0.80;1;0
11193;8005.87;50;0.83;1;0
11194;8348.00;50;0.80;1;0
11195;7956.99;50;0.83;1;0
11196;8289.35;50;0.80;1;0
11197;7947.21;50;0.83;1;0
11198;8435.97;50;0.79;1;0
11199;7996.09;50;0.84;1;0
11200;8318.67;50;0.80;1;0
11201;8054.74;50;0.83;1;0
11202;8269.79;50;0.81;1;0
11203;7966.76;50;0.83;1;0
11204;8279.57;50;0.80;1;0
11205;8142.72;50;0.83;1;0
11206;8357.77;50;0.81;1;0
11207;7996.09;50;0.84;1;0
11208;8328.45;50;0.80;1;0
11209;8025.42;50;0.83;1;0
11210;8387.10;50;0.80;1;0
11211;7947.21;50;0.84;1;0
11212;8299.12;50;0.79;1;0
11213;8054.74;50;0.83;1;0
11214;8328.45;50;0.81;1;0
11215;7976.54;50;0.83;1;0
11216;8289.35;50;0.80;1;0
11217;8015.64;50;0.83;1;0
11218;8367.55;50;0.80;1;0
11219;7996.09;50;0.84;1;0
11220;8367.55;50;0.80;1;0
11221;7908.11;50;0.84;1;0
11222;8396.87;50;0.79;1;0
11223;7986.31;50;0.84;1;0
11224;8230.69;50;0.80;1;0
11225;7917.89;50;0.82;1;0
11226;8338.22;50;0.79;1;0
11227;8044.97;50;0.83;1;0
11228;8406.65;50;0.80;1;0
11229;8015.64;50;0.84;1;0
11230;8406.65;50;0.80;1;0
11231;8152.49;50;0.84;1;0
11232;8377.32;50;0.82;1;0
11233;8035.19;50;0.84;1;0
11234;8465.30;50;0.80;1;0
11235;8035.19;50;0.85;1;0
11236;8406.65;50;0.80;1;0
11237;8054.74;50;0.84;1;0
11238;8396.87;50;0.81;1;0
11239;8093.84;50;0.84;1;0
11240;8426.20;50;0.81;1;0
11241;8074.29;50;0.84;1;0
11242;8455.52;50;0.81;1;0
11243;8152.49;50;0.85;1;0
11244;8514.17;50;0.82;1;0
11245;8142.72;50;0.85;1;0
11246;8523.95;50;0.81;1;0
11247;8103.62;50;0.85;1;0
11248;8563.05;50;0.81;1;0
11249;8123.17;50;0.86;1;0
11250;8670.58;50;0.81;1;0
11251;8152.49;50;0.87;1;0
11252;8592.38;50;0.82;1;0
11253;8162.27;50;0.86;1;0
11254;8641.25;50;0.82;1;0
11255;8142.72;50;0.86;1;0
11256;8641.25;50;0.81;1;0
11257;8211.14;50;0.86;1;0
11258;8729.23;50;0.82;1;0
11259;8260.02;50;0.87;1;0
11260;8699.90;50;0.83;1;0
11261;8308.90;50;0.87;1;0
11262;8768.33;50;0.83;1;0
11263;8387.10;50;0.88;1;0
11264;8787.88;50;0.84;1;0
11265;8338.22;50;0.88;1;0
11266;8748.78;50;0.83;1;0
11267;8308.90;50;0.87;1;0
11268;8817.20;50;0.83;1;0
11269;8426.20;50;0.88;1;0
11270;8748.78;50;0.84;1;0
11271;8445.75;50;0.87;1;0
11272;8758.55;50;0.84;1;0
11273;8406.65;50;0.88;1;0
11274;8797.65;50;0.84;1;0
11275;8465.30;50;0.88;1;0
11276;8797.65;50;0.85;1;0
11277;8484.85;50;0.88;1;0
11278;8905.18;50;0.85;1;0
11279;8553.27;50;0.89;1;0
11280;9032.26;50;0.86;1;0
11281;10948.19;50;0.90;1;1
11282;11485.83;50;1.09;1;1
11283;10948.19;50;1.15;1;1
11284;11485.83;50;1.09;1;1
11285;10899.32;50;1.15;1;1
11286;11436.95;50;1.09;1;1
11287;10997.07;50;1.14;1;1
11288;11485.83;50;1.10;1;1
11289;10997.07;50;1.15;1;1
11290;11485.83;50;1.10;1;1
11291;11045.94;50;1.15;1;1
11292;11534.70;50;1.10;1;1
11293;11045.94;50;1.15;1;1
11294;11534.70;50;1.10;1;1
11295;11094.82;50;1.15;1;1
11296;11534.70;50;1.11;1;1
11297;11143.70;50;1.15;1;1
11298;11485.83;50;1.11;1;1
11299;11290.32;50;1.15;1;1
11300;11730.21;50;1.13;1;1
11301;11339.20;50;1.17;1;1
11302;11827.96;50;1.13;1;1
11303;11339.20;50;1.18;1;1
11304;11730.21;50;1.13;1;1
11305;11534.70;50;1.17;1;1
11306;11876.83;50;1.15;1;1
11307;11534.70;50;1.19;1;1
11308;11779.08;50;1.15;1;1
11309;11632.45;50;1.18;1;1
11310;11730.21;50;1.16;1;1
11311;11681.33;50;1.17;1;1
11312;11779.08;50;1.17;1;1
11313;11730.21;50;1.18;1;1
11314;11730.21;50;1.17;1;1
11315;11681.33;50;1.17;1;1
11316;11730.21;50;1.17;1;1
11317;11827.96;50;1.17;1;1
11318;11974.58;50;1.18;1;1
11319;11779.08;50;1.20;1;1
11320;11827.96;50;1.18;1;1
11321;11827.96;50;1.18;1;1
11322;11925.71;50;1.18;1;1
11323;11827.96;50;1.19;1;1
11324;11876.83;50;1.18;1;1
11325;11974.58;50;1.19;1;1
11326;11974.58;50;1.20;1;1
11327;12121.21;50;1.20;1;1
11328;12023.46;50;1.21;1;1
11329;12072.34;50;1.20;1;1
11330;11827.96;50;1.21;1;1
11331;11925.71;50;1.18;1;1
11332;12121.21;50;1.19;1;1
11333;12072.34;50;1.21;1;1
11334;12267.84;50;1.21;1;1
11335;12170.09;50;1.23;1;1
11336;12316.71;50;1.22;1;1
11337;12170.09;50;1.23;1;1
11338;12267.84;50;1.22;1;1
11339;12316.71;50;1.23;1;1
11340;12267.84;50;1.23;1;1
11341;12365.59;50;1.23;1;1
11342;12365.59;50;1.24;1;1
11343;12218.96;50;1.24;1;1
11344;12463.34;50;1.22;1;1
11345;12414.47;50;1.25;1;1
11346;12512.22;50;1.24;1;1
11347;12609.97;50;1.25;1;1
11348;12609.97;50;1.26;1;1
11349;12609.97;50;1.26;1;1
11350;12463.34;50;1.26;1;1
11351;12609.97;50;1.25;1;1
11352;12561.09;50;1.26;1;1
11353;12805.47;50;1.26;1;1
11354;12707.72;50;1.28;1;1
11355;12903.23;50;1.27;1;1
11356;12805.47;50;1.29;1;1
11357;12903.23;50;1.28;1;1
11358;12854.35;50;1.29;1;1
11359;13147.60;50;1.29;1;1
11360;12903.23;50;1.31;1;1
11361;13049.85;50;1.29;1;1
11362;12952.10;50;1.30;1;1
11363;13098.73;50;1.30;1;1
11364;13049.85;50;1.31;1;1
11365;13147.60;50;1.30;1;1
11366;13049.85;50;1.31;1;1
11367;13343.11;50;1.30;1;1
11368;13098.73;50;1.33;1;1
11369;13391.98;50;1.31;1;1
11370;13245.36;50;1.34;1;1
11371;13538.61;50;1.32;1;1
11372;13245.36;50;1.35;1;1
11373;13636.36;50;1.32;1;1
11374;13538.61;50;1.36;1;1
11375;13831.87;50;1.35;1;1
11376;13391.98;50;1.38;1;1
11377;13831.87;50;1.34;1;1
11378;13587.49;50;1.38;1;1
11379;13880.74;50;1.36;1;1
11380;13587.49;50;1.39;1;1
11381;13929.62;50;1.36;1;1
11382;13685.24;50;1.39;1;1
11383;14222.87;50;1.37;1;1
11384;13782.99;50;1.42;1;1
11385;14174.00;50;1.38;1;1
11386;13782.99;50;1.42;1;1
11387;14320.63;50;1.38;1;1
11388;13880.74;50;1.43;1;1
11389;14467.25;50;1.39;1;1
11390;13978.49;50;1.45;1;1
11391;14662.76;50;1.40;1;1
11392;14076.25;50;1.47;1;1
11393;14711.63;50;1.41;1;1
11394;14222.87;50;1.47;1;1
11395;14809.38;50;1.42;1;1
11396;14320.63;50;1.48;1;1
11397;14907.14;50;1.43;1;1
11398;14467.25;50;1.49;1;1
11399;15004.89;50;1.45;1;1
11400;14565.00;50;1.50;1;1
11401;15053.76;50;1.46;1;1
11402;14711.63;50;1.51;1;1
11403;15151.51;50;1.47;1;1
11404;14711.63;50;1.52;1;1
11405;15200.39;50;1.47;1;1
11406;14662.76;50;1.52;1;1
11407;15347.02;50;1.47;1;1
11408;14907.14;50;1.53;1;1
11409;15298.14;50;1.49;1;1
11410;14907.14;50;1.53;1;1
11411;15493.65;50;1.49;1;1
11412;14858.26;50;1.55;1;1
11413;15493.65;50;1.49;1;1
11414;15102.64;50;1.55;1;1
11415;15640.27;50;1.51;1;1
11416;15200.39;50;1.56;1;1
11417;15738.03;50;1.52;1;1
11418;15102.64;50;1.57;1;1
11419;15689.15;50;1.51;1;1
11420;15200.39;50;1.57;1;1
11421;15786.90;50;1.52;1;1
11422;15347.02;50;1.58;1;1
11423;15884.65;50;1.53;1;1
11424;15347.02;50;1.59;1;1
11425;15835.78;50;1.53;1;1
11426;15493.65;50;1.58;1;1
11427;16031.28;50;1.55;1;1
11428;15542.52;50;1.60;1;1
11429;16080.16;50;1.55;1;1
11430;15542.52;50;1.61;1;1
11431;16177.91;50;1.55;1;1
11432;15591.40;50;1.62;1;1
11433;16275.66;50;1.56;1;1
11434;15640.27;50;1.63;1;1
11435;16177.91;50;1.56;1;1
11436;15933.53;50;1.62;1;1
11437;16373.41;50;1.59;1;1
11438;15835.78;50;1.64;1;1
11439;16373.41;50;1.58;1;1
11440;15933.53;50;1.64;1;1
11441;16666.67;50;1.59;1;1
11442;16080.16;50;1.67;1;1
11443;16568.91;50;1.61;1;1
11444;16226.78;50;1.66;1;1
11445;16666.67;50;1.62;1;1
11446;16422.29;50;1.67;1;1
11447;16764.42;50;1.64;1;1
11448;16373.41;50;1.68;1;1
11449;16862.17;50;1.64;1;1
11450;16471.16;50;1.69;1;1
11451;16862.17;50;1.65;1;1
11452;16471.16;50;1.69;1;1
11453;16911.04;50;1.65;1;1
11454;16666.67;50;1.69;1;1
11455;17057.67;50;1.67;1;1
11456;16764.42;50;1.71;1;1
11457;17106.55;50;1.68;1;1
11458;16666.67;50;1.71;1;1
11459;17057.67;50;1.67;1;1
11460;16764.42;50;1.71;1;1
11461;17302.05;50;1.68;1;1
11462;16862.17;50;1.73;1;1
11463;17204.30;50;1.69;1;1
11464;16862.17;50;1.72;1;1
11465;17302.05;50;1.69;1;1
11466;16911.04;50;1.73;1;1
11467;17546.43;50;1.69;1;1
11468;16911.04;50;1.75;1;1
11469;17448.68;50;1.69;1;1
11470;17204.30;50;1.74;1;1
11471;17595.31;50;1.72;1;1
11472;17253.18;50;1.76;1;1
11473;17693.06;50;1.73;1;1
11474;17350.93;50;1.77;1;1
11475;17644.18;50;1.74;1;1
11476;17399.80;50;1.76;1;1
11477;17790.81;50;1.74;1;1
11478;17448.68;50;1.78;1;1
11479;17888.56;50;1.74;1;1
11480;17644.18;50;1.79;1;1
11481;17888.56;50;1.76;1;1
11482;17741.94;50;1.79;1;1
11483;17937.44;50;1.77;1;1
11484;17595.31;50;1.79;1;1
11485;17839.69;50;1.76;1;1
11486;17839.69;50;1.78;1;1
11487;18035.19;50;1.78;1;1
11488;17790.81;50;1.80;1;1
11489;18084.07;50;1.78;1;1
11490;17839.69;50;1.81;1;1
11491;18181.82;50;1.78;1;1
11492;17839.69;50;1.82;1;1
11493;18181.82;50;1.78;1;1
11494;17839.69;50;1.82;1;1
11495;18279.57;50;1.78;1;1
11496;17888.56;50;1.83;1;1
11497;18181.82;50;1.79;1;1
11498;17741.94;50;1.82;1;1
11499;18230.69;50;1.77;1;1
11500;17937.44;50;1.82;1;1
11501;18230.69;50;1.79;1;1
11502;18035.19;50;1.82;1;1
11503;18279.57;50;1.80;1;1
11504;18084.07;50;1.83;1;1
11505;18377.32;50;1.81;1;1
11506;18084.07;50;1.84;1;1
11507;18279.57;50;1.81;1;1
11508;18279.57;50;1.83;1;1
11509;18328.45;50;1.83;1;1
11510;18279.57;50;1.83;1;1
11511;18377.32;50;1.83;1;1
11512;18279.57;50;1.84;1;1
11513;18426.20;50;1.83;1;1
11514;18377.32;50;1.84;1;1
11515;18377.32;50;1.84;1;1
11516;18377.32;50;1.84;1;1
11517;18377.32;50;1.84;1;1
11518;18230.69;50;1.84;1;1
11519;18328.45;50;1.82;1;1
11520;18279.57;50;1.83;1;1
11521;18426.20;50;1.83;1;1
11522;18328.45;50;1.84;1;1
11523;18230.69;50;1.83;1;1
11524;18377.32;50;1.82;1;1
11525;18426.20;50;1.84;1;1
11526;18132.94;50;1.84;1;1
11527;18377.32;50;1.81;1;1
11528;18279.57;50;1.84;1;1
11529;18181.82;50;1.83;1;1
11530;18181.82;50;1.82;1;1
11531;18279.57;50;1.82;1;1
11532;18279.57;50;1.83;1;1
11533;18230.69;50;1.83;1;1
11534;18475.07;50;1.82;1;1
11535;18230.69;50;1.85;1;1
11536;18230.69;50;1.82;1;1
11537;18279.57;50;1.82;1;1
11538;18279.57;50;1.83;1;1
11539;18230.69;50;1.83;1;1
11540;18279.57;50;1.82;1;1
11541;18132.94;50;1.83;1;1
11542;18328.45;50;1.81;1;1
11543;18181.82;50;1.83;1;1
11544;18181.82;50;1.82;1;1
11545;18230.69;50;1.82;1;1
11546;18230.69;50;1.82;1;1
11547;18084.07;50;1.82;1;1
11548;18230.69;50;1.81;1;1
11549;18035.19;50;1.82;1;1
11550;18230.69;50;1.80;1;1
11551;17839.69;50;1.82;1;1
11552;18181.82;50;1.78;1;1
11553;17839.69;50;1.82;1;1
11554;18181.82;50;1.78;1;1
11555;17839.69;50;1.82;1;1
11556;18035.19;50;1.78;1;1
11557;17888.56;50;1.80;1;1
11558;18084.07;50;1.79;1;1
11559;17644.18;50;1.81;1;1
11560;18132.94;50;1.76;1;1
11561;17546.43;50;1.81;1;1
11562;17839.69;50;1.75;1;1
11563;17644.18;50;1.78;1;1
11564;18084.07;50;1.76;1;1
11565;17595.31;50;1.81;1;1
11566;18035.19;50;1.76;1;1
11567;17399.80;50;1.80;1;1
11568;18035.19;50;1.74;1;1
11569;17497.56;50;1.80;1;1
11570;17888.56;50;1.75;1;1
11571;17399.80;50;1.79;1;1
11572;17937.44;50;1.74;1;1
11573;17350.93;50;1.79;1;1
11574;17741.94;50;1.74;1;1
11575;17155.43;50;1.77;1;1
11576;17790.81;50;1.72;1;1
11577;17253.18;50;1.78;1;1
11578;17741.94;50;1.73;1;1
11579;17253.18;50;1.77;1;1
11580;17790.81;50;1.73;1;1
11581;17204.30;50;1.78;1;1
11582;17693.06;50;1.72;1;1
11583;17155.43;50;1.77;1;1
11584;17546.43;50;1.72;1;1
11585;17155.43;50;1.75;1;1
11586;17497.56;50;1.72;1;1
11587;17008.80;50;1.75;1;1
11588;17595.31;50;1.70;1;1
11589;16911.04;50;1.76;1;1
11590;17350.93;50;1.69;1;1
11591;16959.92;50;1.74;1;1
11592;17497.56;50;1.70;1;1
11593;16959.92;50;1.75;1;1
11594;17546.43;50;1.70;1;1
11595;16959.92;50;1.75;1;1
11596;17448.68;50;1.70;1;1
11597;17008.80;50;1.74;1;1
11598;17497.56;50;1.70;1;1
11599;16813.29;50;1.75;1;1
11600;17497.56;50;1.68;1;1
11601;16911.04;50;1.75;1;1
11602;17302.05;50;1.69;1;1
11603;16617.79;50;1.73;1;1
11604;17253.18;50;1.66;1;1
11605;16666.67;50;1.73;1;1
11606;17302.05;50;1.67;1;1
11607;16666.67;50;1.73;1;1
11608;17106.55;50;1.67;1;1
11609;16568.91;50;1.71;1;1
11610;17106.55;50;1.66;1;1
11611;16373.41;50;1.71;1;1
11612;16959.92;50;1.64;1;1
11613;16471.16;50;1.70;1;1
11614;16911.04;50;1.65;1;1
11615;16422.29;50;1.69;1;1
11616;17008.80;50;1.64;1;1
11617;16422.29;50;1.70;1;1
11618;16959.92;50;1.64;1;1
11619;16226.78;50;1.70;1;1
11620;16715.54;50;1.62;1;1
11621;16226.78;50;1.67;1;1
11622;16764.42;50;1.62;1;1
11623;16324.54;50;1.68;1;1
11624;16617.79;50;1.63;1;1
11625;16080.16;50;1.66;1;1
11626;16568.91;50;1.61;1;1
11627;15982.40;50;1.66;1;1
11628;16471.16;50;1.60;1;1
11629;15933.53;50;1.65;1;1
11630;16471.16;50;1.59;1;1
11631;15884.65;50;1.65;1;1
11632;16324.54;50;1.59;1;1
11633;16031.28;50;1.63;1;1
11634;16422.29;50;1.60;1;1
11635;15933.53;50;1.64;1;1
11636;16373.41;50;1.59;1;1
11637;15933.53;50;1.64;1;1
11638;16324.54;50;1.59;1;1
11639;15738.03;50;1.63;1;1
11640;16275.66;50;1.57;1;1
11641;15738.03;50;1.63;1;1
11642;16275.66;50;1.57;1;1
11643;15738.03;50;1.63;1;1
11644;16080.16;50;1.57;1;1
11645;15493.65;50;1.61;1;1
11646;16129.03;50;1.55;1;1
11647;15493.65;50;1.61;1;1
11648;15982.40;50;1.55;1;1
11649;15395.89;50;1.60;1;1
11650;15982.40;50;1.54;1;1
11651;15444.77;50;1.60;1;1
11652;15786.90;50;1.54;1;1
11653;15298.14;50;1.58;1;1
11654;15640.27;50;1.53;1;1
11655;15151.51;50;1.56;1;1
11656;15689.15;50;1.52;1;1
11657;15200.39;50;1.57;1;1
11658;15493.65;50;1.52;1;1
11659;14956.01;50;1.55;1;1
11660;15640.27;50;1.50;1;1
11661;15004.89;50;1.56;1;1
11662;15542.52;50;1.50;1;1
11663;14907.14;50;1.55;1;1
11664;15444.77;50;1.49;1;1
11665;14858.26;50;1.54;1;1
11666;15249.27;50;1.49;1;1
11667;14760.51;50;1.52;1;1
11668;15102.64;50;1.48;1;1
11669;14565.00;50;1.51;1;1
11670;15102.64;50;1.46;1;1
11671;14662.76;50;1.51;1;1
11672;15053.76;50;1.47;1;1
11673;14565.00;50;1.51;1;1
11674;14809.38;50;1.46;1;1
11675;14662.76;50;1.48;1;1
11676;14858.26;50;1.47;1;1
11677;14467.25;50;1.49;1;1
11678;14858.26;50;1.45;1;1
11679;14467.25;50;1.49;1;1
11680;14662.76;50;1.45;1;1
11681;14320.63;50;1.47;1;1
11682;14613.88;50;1.43;1;1
11683;14369.50;50;1.46;1;1
11684;14516.13;50;1.44;1;1
11685;14222.87;50;1.45;1;1
11686;14369.50;50;1.42;1;1
11687;14320.63;50;1.44;1;1
11688;14320.63;50;1.43;1;1
11689;14222.87;50;1.43;1;1
11690;14174.00;50;1.42;1;1
11691;14125.12;50;1.42;1;1
11692;14027.37;50;1.41;1;1
11693;14027.37;50;1.40;1;1
11694;13929.62;50;1.40;1;1
11695;14027.37;50;1.39;1;1
11696;13880.74;50;1.40;1;1
11697;14027.37;50;1.39;1;1
11698;13929.62;50;1.40;1;1
11699;13978.49;50;1.39;1;1
11700;13782.99;50;1.40;1;1
11701;13831.87;50;1.38;1;1
11702;13734.12;50;1.38;1;1
11703;13734.12;50;1.37;1;1
11704;13587.49;50;1.37;1;1
11705;13685.24;50;1.36;1;1
11706;13489.74;50;1.37;1;1
11707;13782.99;50;1.35;1;1
11708;13440.86;50;1.38;1;1
11709;13636.36;50;1.34;1;1
11710;13391.98;50;1.36;1;1
11711;13685.24;50;1.34;1;1
11712;13391.98;50;1.37;1;1
11713;13391.98;50;1.34;1;1
11714;13294.23;50;1.34;1;1
11715;13636.36;50;1.33;1;1
11716;13196.48;50;1.36;1;1
11717;13489.74;50;1.32;1;1
11718;13196.48;50;1.35;1;1
11719;13587.49;50;1.32;1;1
11720;13098.73;50;1.36;1;1
11721;13538.61;50;1.31;1;1
11722;13049.85;50;1.35;1;1
11723;13636.36;50;1.30;1;1
11724;12952.10;50;1.36;1;1
11725;13343.11;50;1.30;1;1
11726;13098.73;50;1.33;1;1
11727;13343.11;50;1.31;1;1
11728;12952.10;50;1.33;1;1
11729;13245.36;50;1.30;1;1
11730;12952.10;50;1.32;1;1
11731;13294.23;50;1.30;1;1
11732;12952.10;50;1.33;1;1
11733;13049.85;50;1.30;1;1
11734;13000.98;50;1.30;1;1
11735;12756.60;50;1.30;1;1
11736;12658.85;50;1.28;1;1
11737;13000.98;50;1.27;1;1
11738;12707.72;50;1.30;1;1
11739;13098.73;50;1.27;1;1
11740;12756.60;50;1.31;1;1
11741;12952.10;50;1.28;1;1
11742;12658.85;50;1.30;1;1
11743;13000.98;50;1.27;1;1
11744;12707.72;50;1.30;1;1
11745;13098.73;50;1.27;1;1
11746;12805.47;50;1.31;1;1
11747;13000.98;50;1.28;1;1
11748;12903.23;50;1.30;1;1
11749;12854.35;50;1.29;1;1
11750;12658.85;50;1.29;1;1
11751;12952.10;50;1.27;1;1
11752;12561.09;50;1.30;1;1
11753;13000.98;50;1.26;1;1
11754;12707.72;50;1.30;1;1
11755;12707.72;50;1.27;1;1
11756;12658.85;50;1.27;1;1
11757;12903.23;50;1.27;1;1
11758;12658.85;50;1.29;1;1
11759;12854.35;50;1.27;1;1
11760;12414.47;50;1.29;1;1
11761;12854.35;50;1.24;1;1
11762;12463.34;50;1.29;1;1
11763;12952.10;50;1.25;1;1
11764;12512.22;50;1.30;1;1
11765;12903.23;50;1.25;1;1
11766;12365.59;50;1.29;1;1
11767;12805.47;50;1.24;1;1
11768;12414.47;50;1.28;1;1
11769;12609.97;50;1.24;1;1
11770;12316.71;50;1.26;1;1
11771;12658.85;50;1.23;1;1
11772;12414.47;50;1.27;1;1
11773;12561.09;50;1.24;1;1
11774;12267.84;50;1.26;1;1
11775;12463.34;50;1.23;1;1
11776;12365.59;50;1.25;1;1
11777;12512.22;50;1.24;1;1
11778;12170.09;50;1.25;1;1
11779;12463.34;50;1.22;1;1
11780;12072.34;50;1.25;1;1
11781;12561.09;50;1.21;1;1
11782;12267.84;50;1.26;1;1
11783;12512.22;50;1.23;1;1
11784;12121.21;50;1.25;1;1
11785;12512.22;50;1.21;1;1
11786;11827.96;50;1.25;1;1
11787;12267.84;50;1.18;1;1
11788;11730.21;50;1.23;1;1
11789;12170.09;50;1.17;1;1
11790;11925.71;50;1.22;1;1
11791;12316.71;50;1.19;1;1
11792;11876.83;50;1.23;1;1
11793;12414.47;50;1.19;1;1
11794;11876.83;50;1.24;1;1
11795;12365.59;50;1.19;1;1
11796;11827.96;50;1.24;1;1
11797;12267.84;50;1.18;1;1
11798;11876.83;50;1.23;1;1
11799;12170.09;50;1.19;1;1
11800;11730.21;50;1.22;1;1
11801;12121.21;50;1.17;1;1
11802;11681.33;50;1.21;1;1
11803;12121.21;50;1.17;1;1
11804;11681.33;50;1.21;1;1
11805;12170.09;50;1.17;1;1
11806;11583.58;50;1.22;1;1
11807;12218.96;50;1.16;1;1
11808;11632.45;50;1.22;1;1
11809;12072.34;50;1.16;1;1
11810;11534.70;50;1.21;1;1
11811;12023.46;50;1.15;1;1
11812;11436.95;50;1.20;1;1
11813;12023.46;50;1.14;1;1
11814;11534.70;50;1.20;1;1
11815;12023.46;50;1.15;1;1
11816;11485.83;50;1.20;1;1
11817;12023.46;50;1.15;1;1
11818;11436.95;50;1.20;1;1
11819;11925.71;50;1.14;1;1
11820;11436.95;50;1.19;1;1
11821;11876.83;50;1.14;1;1
11822;11388.07;50;1.19;1;1
11823;11876.83;50;1.14;1;1
11824;11290.32;50;1.19;1;1
11825;11827.96;50;1.13;1;1
11826;11290.32;50;1.18;1;1
11827;11827.96;50;1.13;1;1
11828;11339.20;50;1.18;1;1
11829;11876.83;50;1.13;1;1
11830;11339.20;50;1.19;1;1
11831;11730.21;50;1.13;1;1
11832;11290.32;50;1.17;1;1
11833;11827.96;50;1.13;1;1
11834;11290.32;50;1.18;1;1
11835;11730.21;50;1.13;1;1
11836;11241.45;50;1.17;1;1
11837;11827.96;50;1.12;1;1
11838;11290.32;50;1.18;1;1
11839;11827.96;50;1.13;1;1
11840;11241.45;50;1.18;1;1
11841;12023.46;50;1.12;1;1
11842;11290.32;50;1.20;1;1
11843;11681.33;50;1.13;1;1
11844;11192.57;50;1.17;1;1
11845;11681.33;50;1.12;1;1
11846;11241.45;50;1.17;1;1
11847;11730.21;50;1.12;1;1
11848;11290.32;50;1.17;1;1
11849;11730.21;50;1.13;1;1
11850;11241.45;50;1.17;1;1
11851;11583.58;50;1.12;1;1
11852;11143.70;50;1.16;1;1
11853;11779.08;50;1.11;1;1
11854;11192.57;50;1.18;1;1
11855;11779.08;50;1.12;1;1
11856;11094.82;50;1.18;1;1
11857;11583.58;50;1.11;1;1
11858;11241.45;50;1.16;1;1
11859;11730.21;50;1.12;1;1
11860;11241.45;50;1.17;1;1
11861;11827.96;50;1.12;1;1
11862;11192.57;50;1.18;1;1
11863;11876.83;50;1.12;1;1
11864;11290.32;50;1.19;1;1
11865;11827.96;50;1.13;1;1
11866;11290.32;50;1.18;1;1
11867;11779.08;50;1.13;1;1
11868;11241.45;50;1.18;1;1
11869;11730.21;50;1.12;1;1
11870;11339.20;50;1.17;1;1
11871;11730.21;50;1.13;1;1
11872;11290.32;50;1.17;1;1
11873;11876.83;50;1.13;1;1
11874;11290.32;50;1.19;1;1
11875;11779.08;50;1.13;1;1
11876;11290.32;50;1.18;1;1
11877;11730.21;50;1.13;1;1
11878;11192.57;50;1.17;1;1
11879;11730.21;50;1.12;1;1
11880;11241.45;50;1.17;1;1
11881;11876.83;50;1.12;1;1
11882;11290.32;50;1.19;1;1
11883;11827.96;50;1.13;1;1
11884;11192.57;50;1.18;1;1
11885;11827.96;50;1.12;1;1
11886;11290.32;50;1.18;1;1
11887;11779.08;50;1.13;1;1
11888;11143.70;50;1.18;1;1
11889;11632.45;50;1.11;1;1
11890;11094.82;50;1.16;1;1
11891;11681.33;50;1.11;1;1
11892;11143.70;50;1.17;1;1
11893;11730.21;50;1.11;1;1
11894;11143.70;50;1.17;1;1
11895;11681.33;50;1.11;1;1
11896;11192.57;50;1.17;1;1
11897;11681.33;50;1.12;1;1
11898;10997.07;50;1.17;1;1
11899;11436.95;50;1.10;1;1
11900;11143.70;50;1.14;1;1
11901;11485.83;50;1.11;1;1
11902;11045.94;50;1.15;1;1
11903;11632.45;50;1.10;1;1
11904;10948.19;50;1.16;1;1
11905;11583.58;50;1.09;1;1
11906;10948.19;50;1.16;1;1
11907;11485.83;50;1.09;1;1
11908;11143.70;50;1.15;1;1
11909;11534.70;50;1.11;1;1
11910;10948.19;50;1.15;1;1
11911;11534.70;50;1.09;1;1
11912;10850.44;50;1.15;1;1
11913;11485.83;50;1.09;1;1
11914;10899.32;50;1.15;1;1
11915;11534.70;50;1.09;1;1
11916;10997.07;50;1.15;1;1
11917;11388.07;50;1.10;1;1
11918;10899.32;50;1.14;1;1
11919;11436.95;50;1.09;1;1
11920;10899.32;50;1.14;1;1
11921;11339.20;50;1.09;1;1
11922;10948.19;50;1.13;1;1
11923;11485.83;50;1.09;1;1
11924;10899.32;50;1.15;1;1
11925;11388.07;50;1.09;1;1
11926;10703.81;50;1.14;1;1
11927;11290.32;50;1.07;1;1
11928;10801.56;50;1.13;1;1
11929;11388.07;50;1.08;1;1
11930;10899.32;50;1.14;1;1
11931;11388.07;50;1.09;1;1
11932;10899.32;50;1.14;1;1
11933;11388.07;50;1.09;1;1
11934;10948.19;50;1.14;1;1
11935;11436.95;50;1.09;1;1
11936;10948.19;50;1.14;1;1
11937;11339.20;50;1.09;1;1
11938;10850.44;50;1.13;1;1
11939;11290.32;50;1.09;1;1
11940;10948.19;50;1.13;1;1
11941;11241.45;50;1.09;1;1
11942;11045.94;50;1.12;1;1
11943;11339.20;50;1.10;1;1
11944;10948.19;50;1.13;1;1
11945;11241.45;50;1.09;1;1
11946;10801.56;50;1.12;1;1
11947;11290.32;50;1.08;1;1
11948;10899.32;50;1.13;1;1
11949;11143.70;50;1.09;1;1
11950;10801.56;50;1.11;1;1
11951;11241.45;50;1.08;1;1
11952;10948.19;50;1.12;1;1
11953;11143.70;50;1.09;1;1
11954;10703.81;50;1.11;1;1
11955;11143.70;50;1.07;1;1
11956;10850.44;50;1.11;1;1
11957;11143.70;50;1.09;1;1
11958;10899.32;50;1.11;1;1
11959;11192.57;50;1.09;1;1
11960;10948.19;50;1.12;1;1
11961;11143.70;50;1.09;1;1
11962;10899.32;50;1.11;1;1
11963;11143.70;50;1.09;1;1
11964;10752.69;50;1.11;1;1
11965;11192.57;50;1.08;1;1
11966;10850.44;50;1.12;1;1
11967;11192.57;50;1.09;1;1
11968;10801.56;50;1.12;1;1
11969;11192.57;50;1.08;1;1
11970;10850.44;50;1.12;1;1
11971;11192.57;50;1.09;1;1
11972;10899.32;50;1.12;1;1
11973;11094.82;50;1.09;1;1
11974;10850.44;50;1.11;1;1
11975;11094.82;50;1.09;1;1
11976;10948.19;50;1.11;1;1
11977;11045.94;50;1.09;1;1
11978;11045.94;50;1.10;1;1
11979;11143.70;50;1.10;1;1
11980;10997.07;50;1.11;1;1
11981;10948.19;50;1.10;1;1
11982;10899.32;50;1.09;1;1
11983;11192.57;50;1.09;1;1
11984;11045.94;50;1.12;1;1
11985;10948.19;50;1.10;1;1
11986;11045.94;50;1.09;1;1
11987;10948.19;50;1.10;1;1
11988;10997.07;50;1.09;1;1
11989;11045.94;50;1.10;1;1
11990;11143.70;50;1.10;1;1
11991;10997.07;50;1.11;1;1
11992;11045.94;50;1.10;1;1
11993;10948.19;50;1.10;1;1
11994;11143.70;50;1.09;1;1
11995;10899.32;50;1.11;1;1
11996;11094.82;50;1.09;1;1
11997;10899.32;50;1.11;1;1
11998;10997.07;50;1.09;1;1
11999;10899.32;50;1.10;1;1
12000;11143.70;50;1.09;1;1
12001;10997.07;50;1.11;1;1
12002;11192.57;50;1.10;1;1
12003;11143.70;50;1.12;1;1
12004;11045.94;50;1.11;1;1
12005;10850.44;50;1.10;1;1
12006;11045.94;50;1.09;1;1
12007;10899.32;50;1.10;1;1
12008;11094.82;50;1.09;1;1
12009;10948.19;50;1.11;1;1
12010;11143.70;50;1.09;1;1
12011;10752.69;50;1.11;1;1
12012;11339.20;50;1.08;1;1
12013;10801.56;50;1.13;1;1
12014;11045.94;50;1.08;1;1
12015;10801.56;50;1.10;1;1
12016;11290.32;50;1.08;1;1
12017;10654.94;50;1.13;1;1
12018;11094.82;50;1.07;1;1
12019;10801.56;50;1.11;1;1
12020;11143.70;50;1.08;1;1
12021;10703.81;50;1.11;1;1
12022;10997.07;50;1.07;1;1
12023;10801.56;50;1.10;1;1
12024;11045.94;50;1.08;1;1
12025;10899.32;50;1.10;1;1
12026;11143.70;50;1.09;1;1
12027;10752.69;50;1.11;1;1
12028;11045.94;50;1.08;1;1
12029;10557.18;50;1.10;1;1
12030;11143.70;50;1.06;1;1
12031;10703.81;50;1.11;1;1
12032;11143.70;50;1.07;1;1
12033;10801.56;50;1.11;1;1
12034;10899.32;50;1.08;1;1
12035;10606.06;50;1.09;1;1
12036;11094.82;50;1.06;1;1
12037;10557.18;50;1.11;1;1
12038;10948.19;50;1.06;1;1
12039;10361.68;50;1.09;1;1
12040;10899.32;50;1.04;1;1
12041;10703.81;50;1.09;1;1
12042;10997.07;50;1.07;1;1
12043;10606.06;50;1.10;1;1
12044;10850.44;50;1.06;1;1
12045;10752.69;50;1.09;1;1
12046;10899.32;50;1.08;1;1
12047;10654.94;50;1.09;1;1
12048;10997.07;50;1.07;1;1
12049;10606.06;50;1.10;1;1
12050;10899.32;50;1.06;1;1
12051;10312.81;50;1.09;1;1
12052;10654.94;50;1.03;1;1
12053;10263.93;50;1.07;1;1
12054;10997.07;50;1.03;1;1
12055;10606.06;50;1.10;1;1
12056;10899.32;50;1.06;1;1
12057;10508.31;50;1.09;1;1
12058;10997.07;50;1.05;1;1
12059;10508.31;50;1.10;1;1
12060;11094.82;50;1.05;1;1
12061;10654.94;50;1.11;1;1
12062;10997.07;50;1.07;1;1
12063;10508.31;50;1.10;1;1
12064;10997.07;50;1.05;1;1
12065;10312.81;50;1.10;1;1
12066;10948.19;50;1.03;1;1
12067;10557.18;50;1.09;1;1
12068;10948.19;50;1.06;1;1
12069;10508.31;50;1.09;1;1
12070;10801.56;50;1.05;1;1
12071;10361.68;50;1.08;1;1
12072;10899.32;50;1.04;1;1
12073;10459.43;50;1.09;1;1
12074;10948.19;50;1.05;1;1
12075;10508.31;50;1.09;1;1
12076;10997.07;50;1.05;1;1
12077;10557.18;50;1.10;1;1
12078;10997.07;50;1.06;1;1
12079;10459.43;50;1.10;1;1
12080;10997.07;50;1.05;1;1
12081;10606.06;50;1.10;1;1
12082;10899.32;50;1.06;1;1
12083;10508.31;50;1.09;1;1
12084;10997.07;50;1.05;1;1
12085;10508.31;50;1.10;1;1
12086;11045.94;50;1.05;1;1
12087;10606.06;50;1.10;1;1
12088;11045.94;50;1.06;1;1
12089;10703.81;50;1.10;1;1
12090;11094.82;50;1.07;1;1
12091;10606.06;50;1.11;1;1
12092;11094.82;50;1.06;1;1
12093;10508.31;50;1.11;1;1
12094;11143.70;50;1.05;1;1
12095;10654.94;50;1.11;1;1
12096;11094.82;50;1.07;1;1
12097;10557.18;50;1.11;1;1
12098;11094.82;50;1.06;1;1
12099;10654.94;50;1.11;1;1
12100;11094.82;50;1.07;1;1
12101;10606.06;50;1.11;1;1
12102;11192.57;50;1.06;1;1
12103;10654.94;50;1.12;1;1
12104;11143.70;50;1.07;1;1
12105;10654.94;50;1.11;1;1
12106;11143.70;50;1.07;1;1
12107;10606.06;50;1.11;1;1
12108;11143.70;50;1.06;1;1
12109;10654.94;50;1.11;1;1
12110;11192.57;50;1.07;1;1
12111;10703.81;50;1.12;1;1
12112;11241.45;50;1.07;1;1
12113;10606.06;50;1.12;1;1
12114;11094.82;50;1.06;1;1
12115;10557.18;50;1.11;1;1
12116;11143.70;50;1.06;1;1
12117;10654.94;50;1.11;1;1
12118;11143.70;50;1.07;1;1
12119;10654.94;50;1.11;1;1
12120;11192.57;50;1.07;1;1
12121;10654.94;50;1.12;1;1
12122;11241.45;50;1.07;1;1
12123;10557.18;50;1.12;1;1
12124;11192.57;50;1.06;1;1
12125;10606.06;50;1.12;1;1
12126;11094.82;50;1.06;1;1
12127;10606.06;50;1.11;1;1
12128;11192.57;50;1.06;1;1
12129;10508.31;50;1.12;1;1
12130;11094.82;50;1.05;1;1
12131;10557.18;50;1.11;1;1
12132;11045.94;50;1.06;1;1
12133;10654.94;50;1.10;1;1
12134;11143.70;50;1.07;1;1
12135;10606.06;50;1.11;1;1
12136;11045.94;50;1.06;1;1
12137;10654.94;50;1.10;1;1
12138;11094.82;50;1.07;1;1
12139;10459.43;50;1.11;1;1
12140;10997.07;50;1.05;1;1
12141;10606.06;50;1.10;1;1
12142;10948.19;50;1.06;1;1
12143;10557.18;50;1.09;1;1
12144;10948.19;50;1.06;1;1
12145;10459.43;50;1.09;1;1
12146;11143.70;50;1.05;1;1
12147;10410.56;50;1.11;1;1
12148;10899.32;50;1.04;1;1
12149;10557.18;50;1.09;1;1
12150;10997.07;50;1.06;1;1
12151;10557.18;50;1.10;1;1
12152;11045.94;50;1.06;1;1
12153;10508.31;50;1.10;1;1
12154;11045.94;50;1.05;1;1
12155;10557.18;50;1.10;1;1
12156;11045.94;50;1.06;1;1
12157;10654.94;50;1.10;1;1
12158;11094.82;50;1.07;1;1
12159;10459.43;50;1.11;1;1
12160;10948.19;50;1.05;1;1
12161;10557.18;50;1.09;1;1
12162;11045.94;50;1.06;1;1
12163;10508.31;50;1.10;1;1
12164;11045.94;50;1.05;1;1
12165;10508.31;50;1.10;1;1
12166;11094.82;50;1.05;1;1
12167;10459.43;50;1.11;1;1
12168;10997.07;50;1.05;1;1
12169;10508.31;50;1.10;1;1
12170;11045.94;50;1.05;1;1
12171;10557.18;50;1.10;1;1
12172;10899.32;50;1.06;1;1
12173;10508.31;50;1.09;1;1
12174;10997.07;50;1.05;1;1
12175;10557.18;50;1.10;1;1
12176;11094.82;50;1.06;1;1
12177;10606.06;50;1.11;1;1
12178;10899.32;50;1.06;1;1
12179;10508.31;50;1.09;1;1
12180;10850.44;50;1.05;1;1
12181;10557.18;50;1.09;1;1
12182;10801.56;50;1.06;1;1
12183;10459.43;50;1.08;1;1
12184;10899.32;50;1.05;1;1
12185;10361.68;50;1.09;1;1
12186;10948.19;50;1.04;1;1
12187;10508.31;50;1.09;1;1
12188;10801.56;50;1.05;1;1
12189;10508.31;50;1.08;1;1
12190;10654.94;50;1.05;1;1
12191;10361.68;50;1.07;1;1
12192;10899.32;50;1.04;1;1
12193;10459.43;50;1.09;1;1
12194;10801.56;50;1.05;1;1
12195;10703.81;50;1.08;1;1
12196;10948.19;50;1.07;1;1
12197;10703.81;50;1.09;1;1
12198;10948.19;50;1.07;1;1
12199;10703.81;50;1.09;1;1
12200;10801.56;50;1.07;1;1
12201;10508.31;50;1.08;1;1
12202;10850.44;50;1.05;1;1
12203;10557.18;50;1.09;1;1
12204;10948.19;50;1.06;1;1
12205;10654.94;50;1.09;1;1
12206;10850.44;50;1.07;1;1
12207;10801.56;50;1.09;1;1
12208;10948.19;50;1.08;1;1
12209;10752.69;50;1.09;1;1
12210;10850.44;50;1.08;1;1
12211;10654.94;50;1.09;1;1
12212;10899.32;50;1.07;1;1
12213;10557.18;50;1.09;1;1
12214;11094.82;50;1.06;1;1
12215;10508.31;50;1.11;1;1
12216;11045.94;50;1.05;1;1
12217;10654.94;50;1.10;1;1
12218;10948.19;50;1.07;1;1
12219;10606.06;50;1.09;1;1
12220;10948.19;50;1.06;1;1
12221;10801.56;50;1.09;1;1
12222;11045.94;50;1.08;1;1
12223;10752.69;50;1.10;1;1
12224;11094.82;50;1.08;1;1
12225;10508.31;50;1.11;1;1
12226;10997.07;50;1.05;1;1
12227;10899.32;50;1.10;1;1
12228;11094.82;50;1.09;1;1
12229;10899.32;50;1.11;1;1
12230;10948.19;50;1.09;1;1
12231;10801.56;50;1.09;1;1
12232;10997.07;50;1.08;1;1
12233;10850.44;50;1.10;1;1
12234;10899.32;50;1.09;1;1
12235;10850.44;50;1.09;1;1
12236;10997.07;50;1.09;1;1
12237;10899.32;50;1.10;1;1
12238;10997.07;50;1.09;1;1
12239;10801.56;50;1.10;1;1
12240;10997.07;50;1.08;1;1
12241;10752.69;50;1.10;1;1
12242;10899.32;50;1.08;1;1
12243;10850.44;50;1.09;1;1
12244;10850.44;50;1.09;1;1
12245;10899.32;50;1.09;1;1
12246;10850.44;50;1.09;1;1
12247;10850.44;50;1.09;1;1
12248;10899.32;50;1.09;1;1
12249;10752.69;50;1.09;1;1
12250;10850.44;50;1.08;1;1
12251;10752.69;50;1.09;1;1
12252;10801.56;50;1.08;1;1
12253;10899.32;50;1.08;1;1
12254;10654.94;50;1.09;1;1
12255;10752.69;50;1.07;1;1
12256;10752.69;50;1.08;1;1
12257;10899.32;50;1.08;1;1
12258;10654.94;50;1.09;1;1
12259;10752.69;50;1.07;1;1
12260;10654.94;50;1.08;1;1
12261;10703.81;50;1.07;1;1
12262;10654.94;50;1.07;1;1
12263;10850.44;50;1.07;1;1
12264;10654.94;50;1.09;1;1
12265;10801.56;50;1.07;1;1
12266;10703.81;50;1.08;1;1
12267;10703.81;50;1.07;1;1
12268;10703.81;50;1.07;1;1
12269;10752.69;50;1.07;1;1
12270;10508.31;50;1.08;1;1
12271;10703.81;50;1.05;1;1
12272;10606.06;50;1.07;1;1
12273;10850.44;50;1.06;1;1
12274;10606.06;50;1.09;1;1
12275;10899.32;50;1.06;1;1
12276;10606.06;50;1.09;1;1
12277;10703.81;50;1.06;1;1
12278;10752.69;50;1.07;1;1
12279;10752.69;50;1.08;1;1
12280;10703.81;50;1.08;1;1
12281;10654.94;50;1.07;1;1
12282;10606.06;50;1.07;1;1
12283;10410.56;50;1.06;1;1
12284;10703.81;50;1.04;1;1
12285;10508.31;50;1.07;1;1
12286;10752.69;50;1.05;1;1
12287;10606.06;50;1.08;1;1
12288;10606.06;50;1.06;1;1
12289;10557.18;50;1.06;1;1
12290;10703.81;50;1.06;1;1
12291;10703.81;50;1.07;1;1
12292;10606.06;50;1.07;1;1
12293;10752.69;50;1.06;1;1
12294;10508.31;50;1.08;1;1
12295;10801.56;50;1.05;1;1
12296;10557.18;50;1.08;1;1
12297;10801.56;50;1.06;1;1
12298;10557.18;50;1.08;1;1
12299;10801.56;50;1.06;1;1
12300;10557.18;50;1.08;1;1
12301;10557.18;50;1.06;1;1
12302;10703.81;50;1.06;1;1
12303;10752.69;50;1.07;1;1
12304;10703.81;50;1.08;1;1
12305;10703.81;50;1.07;1;1
12306;10606.06;50;1.07;1;1
12307;10703.81;50;1.06;1;1
12308;10459.43;50;1.07;1;1
12309;10801.56;50;1.05;1;1
12310;10557.18;50;1.08;1;1
12311;10801.56;50;1.06;1;1
12312;10654.94;50;1.08;1;1
12313;10752.69;50;1.07;1;1
12314;10654.94;50;1.08;1;1
12315;10850.44;50;1.07;1;1
12316;10606.06;50;1.09;1;1
12317;10703.81;50;1.06;1;1
12318;10557.18;50;1.07;1;1
12319;10801.56;50;1.06;1;1
12320;10508.31;50;1.08;1;1
12321;10850.44;50;1.05;1;1
12322;10557.18;50;1.09;1;1
12323;10850.44;50;1.06;1;1
12324;10606.06;50;1.09;1;1
12325;10850.44;50;1.06;1;1
12326;10703.81;50;1.09;1;1
12327;10850.44;50;1.07;1;1
12328;10752.69;50;1.09;1;1
12329;10850.44;50;1.08;1;1
12330;10606.06;50;1.09;1;1
12331;11045.94;50;1.06;1;1
12332;10654.94;50;1.10;1;1
12333;10948.19;50;1.07;1;1
12334;10654.94;50;1.09;1;1
12335;10997.07;50;1.07;1;1
12336;10654.94;50;1.10;1;1
12337;10948.19;50;1.07;1;1
12338;10606.06;50;1.09;1;1
12339;10948.19;50;1.06;1;1
12340;10654.94;50;1.09;1;1
12341;11094.82;50;1.07;1;1
12342;10654.94;50;1.11;1;1
12343;11045.94;50;1.07;1;1
12344;10606.06;50;1.10;1;1
12345;10997.07;50;1.06;1;1
12346;10703.81;50;1.10;1;1
12347;11094.82;50;1.07;1;1
12348;10703.81;50;1.11;1;1
12349;11045.94;50;1.07;1;1
12350;10703.81;50;1.10;1;1
12351;11045.94;50;1.07;1;1
12352;10410.56;50;1.10;1;1
12353;11143.70;50;1.04;1;1
12354;10654.94;50;1.11;1;1
12355;11045.94;50;1.07;1;1
12356;10557.18;50;1.10;1;1
12357;11192.57;50;1.06;1;1
12358;10606.06;50;1.12;1;1
12359;11045.94;50;1.06;1;1
12360;10654.94;50;1.10;1;1
12361;11192.57;50;1.07;1;1
12362;10606.06;50;1.12;1;1
12363;11192.57;50;1.06;1;1
12364;10606.06;50;1.12;1;1
12365;11241.45;50;1.06;1;1
12366;10654.94;50;1.12;1;1
12367;11241.45;50;1.07;1;1
12368;10606.06;50;1.12;1;1
12369;11143.70;50;1.06;1;1
12370;10557.18;50;1.11;1;1
12371;11192.57;50;1.06;1;1
12372;10654.94;50;1.12;1;1
12373;11143.70;50;1.07;1;1
12374;10703.81;50;1.11;1;1
12375;11241.45;50;1.07;1;1
12376;10703.81;50;1.12;1;1
12377;11241.45;50;1.07;1;1
12378;10703.81;50;1.12;1;1
12379;11241.45;50;1.07;1;1
12380;10703.81;50;1.12;1;1
12381;11192.57;50;1.07;1;1
12382;10703.81;50;1.12;1;1
12383;11094.82;50;1.07;1;1
12384;10654.94;50;1.11;1;1
12385;11045.94;50;1.07;1;1
12386;10557.18;50;1.10;1;1
12387;11143.70;50;1.06;1;1
12388;10606.06;50;1.11;1;1
12389;11045.94;50;1.06;1;1
12390;10606.06;50;1.10;1;1
12391;11045.94;50;1.06;1;1
12392;10410.56;50;1.10;1;1
12393;11192.57;50;1.04;1;1
12394;10459.43;50;1.12;1;1
12395;11094.82;50;1.05;1;1
12396;10508.31;50;1.11;1;1
12397;11143.70;50;1.05;1;1
12398;10606.06;50;1.11;1;1
12399;11094.82;50;1.06;1;1
12400;10459.43;50;1.11;1;1
12401;11094.82;50;1.05;1;1
12402;10606.06;50;1.11;1;1
12403;11094.82;50;1.06;1;1
12404;10557.18;50;1.11;1;1
12405;11045.94;50;1.06;1;1
12406;10459.43;50;1.10;1;1
12407;11045.94;50;1.05;1;1
12408;10410.56;50;1.10;1;1
12409;10948.19;50;1.04;1;1
12410;10508.31;50;1.09;1;1
12411;11094.82;50;1.05;1;1
12412;10508.31;50;1.11;1;1
12413;10997.07;50;1.05;1;1
12414;10459.43;50;1.10;1;1
12415;10997.07;50;1.05;1;1
12416;10508.31;50;1.10;1;1
12417;10997.07;50;1.05;1;1
12418;10557.18;50;1.10;1;1
12419;11094.82;50;1.06;1;1
12420;10459.43;50;1.11;1;1
12421;11045.94;50;1.05;1;1
12422;10459.43;50;1.10;1;1
12423;10997.07;50;1.05;1;1
12424;10410.56;50;1.10;1;1
12425;10899.32;50;1.04;1;1
12426;10508.31;50;1.09;1;1
12427;11143.70;50;1.05;1;1
12428;10459.43;50;1.11;1;1
12429;11094.82;50;1.05;1;1
12430;10508.31;50;1.11;1;1
12431;11045.94;50;1.05;1;1
12432;10459.43;50;1.10;1;1
12433;10948.19;50;1.05;1;1
12434;10508.31;50;1.09;1;1
12435;10997.07;50;1.05;1;1
12436;10410.56;50;1.10;1;1
12437;10948.19;50;1.04;1;1
12438;10459.43;50;1.09;1;1
12439;11045.94;50;1.05;1;1
12440;10459.43;50;1.10;1;1
12441;10997.07;50;1.05;1;1
12442;10508.31;50;1.10;1;1
12443;11094.82;50;1.05;1;1
12444;10459.43;50;1.11;1;1
12445;11045.94;50;1.05;1;1
12446;10557.18;50;1.10;1;1
12447;10997.07;50;1.06;1;1
12448;10508.31;50;1.10;1;1
12449;10899.32;50;1.05;1;1
12450;10606.06;50;1.09;1;1
12451;11143.70;50;1.06;1;1
12452;10508.31;50;1.11;1;1
12453;11045.94;50;1.05;1;1
12454;10557.18;50;1.10;1;1
12455;10948.19;50;1.06;1;1
12456;10508.31;50;1.09;1;1
12457;10948.19;50;1.05;1;1
12458;10606.06;50;1.09;1;1
12459;10997.07;50;1.06;1;1
12460;10459.43;50;1.10;1;1
12461;10948.19;50;1.05;1;1
12462;10508.31;50;1.09;1;1
12463;10948.19;50;1.05;1;1
12464;10606.06;50;1.09;1;1
12465;10948.19;50;1.06;1;1
12466;10606.06;50;1.09;1;1
12467;10997.07;50;1.06;1;1
12468;10752.69;50;1.10;1;1
12469;10948.19;50;1.08;1;1
12470;10752.69;50;1.09;1;1
12471;10948.19;50;1.08;1;1
12472;10948.19;50;1.09;1;1
12473;11094.82;50;1.09;1;1
12474;10801.56;50;1.11;1;1
12475;10997.07;50;1.08;1;1
12476;10899.32;50;1.10;1;1
12477;11045.94;50;1.09;1;1
12478;10801.56;50;1.10;1;1
12479;10948.19;50;1.08;1;1
12480;10801.56;50;1.09;1;1
12481;10948.19;50;1.08;1;1
12482;10801.56;50;1.09;1;1
12483;11045.94;50;1.08;1;1
12484;10752.69;50;1.10;1;1
12485;10948.19;50;1.08;1;1
12486;10606.06;50;1.09;1;1
12487;11094.82;50;1.06;1;1
12488;10801.56;50;1.11;1;1
12489;11045.94;50;1.08;1;1
12490;10801.56;50;1.10;1;1
12491;11192.57;50;1.08;1;1
12492;10997.07;50;1.12;1;1
12493;11045.94;50;1.10;1;1
12494;10997.07;50;1.10;1;1
12495;10997.07;50;1.10;1;1
12496;10997.07;50;1.10;1;1
12497;11094.82;50;1.10;1;1
12498;10997.07;50;1.11;1;1
12499;10850.44;50;1.10;1;1
12500;10899.32;50;1.09;1;1
12501;10899.32;50;1.09;1;1
12502;10899.32;50;1.09;1;1
12503;10801.56;50;1.09;1;1
12504;10997.07;50;1.08;1;1
12505;10899.32;50;1.10;1;1
12506;10899.32;50;1.09;1;1
12507;10752.69;50;1.09;1;1
12508;10899.32;50;1.08;1;1
12509;10899.32;50;1.09;1;1
12510;10899.32;50;1.09;1;1
12511;10850.44;50;1.09;1;1
12512;10850.44;50;1.09;1;1
12513;10752.69;50;1.09;1;1
12514;10850.44;50;1.08;1;1
12515;10752.69;50;1.09;1;1
12516;10948.19;50;1.08;1;1
12517;10752.69;50;1.09;1;1
12518;10850.44;50;1.08;1;1
12519;10801.56;50;1.09;1;1
12520;10801.56;50;1.08;1;1
12521;10801.56;50;1.08;1;1
12522;10899.32;50;1.08;1;1
12523;10899.32;50;1.09;1;1
12524;10948.19;50;1.09;1;1
12525;10752.69;50;1.09;1;1
12526;10997.07;50;1.08;1;1
12527;10752.69;50;1.10;1;1
12528;11045.94;50;1.08;1;1
12529;10654.94;50;1.10;1;1
12530;11045.94;50;1.07;1;1
12531;10654.94;50;1.10;1;1
12532;10899.32;50;1.07;1;1
12533;10606.06;50;1.09;1;1
12534;10997.07;50;1.06;1;1
12535;10654.94;50;1.10;1;1
12536;11045.94;50;1.07;1;1
12537;10606.06;50;1.10;1;1
12538;10997.07;50;1.06;1;1
12539;10703.81;50;1.10;1;1
12540;10997.07;50;1.07;1;1
12541;10703.81;50;1.10;1;1
12542;10948.19;50;1.07;1;1
12543;10703.81;50;1.09;1;1
12544;10997.07;50;1.07;1;1
12545;10703.81;50;1.10;1;1
12546;10899.32;50;1.07;1;1
12547;10654.94;50;1.09;1;1
12548;10899.32;50;1.07;1;1
12549;10654.94;50;1.09;1;1
12550;11045.94;50;1.07;1;1
12551;10654.94;50;1.10;1;1
12552;11045.94;50;1.07;1;1
12553;10654.94;50;1.10;1;1
12554;10948.19;50;1.07;1;1
12555;10703.81;50;1.09;1;1
12556;10850.44;50;1.07;1;1
12557;10557.18;50;1.09;1;1
12558;10948.19;50;1.06;1;1
12559;10703.81;50;1.09;1;1
12560;10899.32;50;1.07;1;1
12561;10703.81;50;1.09;1;1
12562;10948.19;50;1.07;1;1
12563;10557.18;50;1.09;1;1
12564;11045.94;50;1.06;1;1
12565;10508.31;50;1.10;1;1
12566;10997.07;50;1.05;1;1
12567;10606.06;50;1.10;1;1
12568;10997.07;50;1.06;1;1
12569;10508.31;50;1.10;1;1
12570;10948.19;50;1.05;1;1
12571;10703.81;50;1.09;1;1
12572;10997.07;50;1.07;1;1
12573;10703.81;50;1.10;1;1
12574;10948.19;50;1.07;1;1
12575;10703.81;50;1.09;1;1
12576;11143.70;50;1.07;1;1
12577;10654.94;50;1.11;1;1
12578;11143.70;50;1.07;1;1
12579;10654.94;50;1.11;1;1
12580;11192.57;50;1.07;1;1
12581;10606.06;50;1.12;1;1
12582;11192.57;50;1.06;1;1
12583;10654.94;50;1.12;1;1
12584;11192.57;50;1.07;1;1
12585;10703.81;50;1.12;1;1
12586;11241.45;50;1.07;1;1
12587;10752.69;50;1.12;1;1
12588;11094.82;50;1.08;1;1
12589;10752.69;50;1.11;1;1
12590;11192.57;50;1.08;1;1
12591;10703.81;50;1.12;1;1
12592;11143.70;50;1.07;1;1
12593;10703.81;50;1.11;1;1
12594;11192.57;50;1.07;1;1
12595;10654.94;50;1.12;1;1
12596;11192.57;50;1.07;1;1
12597;10654.94;50;1.12;1;1
12598;11143.70;50;1.07;1;1
12599;10654.94;50;1.11;1;1
12600;11241.45;50;1.07;1;1
12601;10703.81;50;1.12;1;1
12602;11143.70;50;1.07;1;1
12603;10606.06;50;1.11;1;1
12604;11192.57;50;1.06;1;1
12605;10752.69;50;1.12;1;1
12606;11143.70;50;1.08;1;1
12607;10654.94;50;1.11;1;1
12608;11094.82;50;1.07;1;1
12609;10557.18;50;1.11;1;1
12610;11143.70;50;1.06;1;1
12611;10703.81;50;1.11;1;1
12612;11339.20;50;1.07;1;1
12613;10557.18;50;1.13;1;1
12614;11241.45;50;1.06;1;1
12615;10557.18;50;1.12;1;1
12616;11143.70;50;1.06;1;1
12617;10654.94;50;1.11;1;1
12618;11094.82;50;1.07;1;1
12619;10654.94;50;1.11;1;1
12620;11192.57;50;1.07;1;1
12621;10508.31;50;1.12;1;1
12622;11094.82;50;1.05;1;1
12623;10654.94;50;1.11;1;1
12624;11094.82;50;1.07;1;1
12625;10703.81;50;1.11;1;1
12626;11045.94;50;1.07;1;1
12627;10508.31;50;1.10;1;1
12628;11143.70;50;1.05;1;1
12629;10557.18;50;1.11;1;1
12630;11045.94;50;1.06;1;1
12631;10606.06;50;1.10;1;1
12632;11045.94;50;1.06;1;1
12633;10557.18;50;1.10;1;1
12634;11045.94;50;1.06;1;1
12635;10606.06;50;1.10;1;1
12636;11045.94;50;1.06;1;1
12637;10606.06;50;1.10;1;1
12638;10997.07;50;1.06;1;1
12639;10606.06;50;1.10;1;1
12640;10899.32;50;1.06;1;1
12641;10606.06;50;1.09;1;1
12642;10801.56;50;1.06;1;1
12643;10557.18;50;1.08;1;1
12644;10850.44;50;1.06;1;1
12645;10508.31;50;1.09;1;1
12646;10948.19;50;1.05;1;1
12647;10606.06;50;1.09;1;1
12648;10948.19;50;1.06;1;1
12649;10410.56;50;1.09;1;1
12650;10997.07;50;1.04;1;1
12651;10508.31;50;1.10;1;1
12652;10997.07;50;1.05;1;1
12653;10508.31;50;1.10;1;1
12654;10850.44;50;1.05;1;1
12655;10459.43;50;1.09;1;1
12656;10850.44;50;1.05;1;1
12657;10557.18;50;1.09;1;1
12658;10899.32;50;1.06;1;1
12659;10459.43;50;1.09;1;1
12660;10850.44;50;1.05;1;1
12661;10557.18;50;1.09;1;1
12662;10850.44;50;1.06;1;1
12663;10410.56;50;1.09;1;1
12664;10801.56;50;1.04;1;1
12665;10557.18;50;1.08;1;1
12666;10752.69;50;1.06;1;1
12667;10606.06;50;1.08;1;1
12668;10801.56;50;1.06;1;1
12669;10752.69;50;1.08;1;1
12670;10948.19;50;1.08;1;1
12671;10752.69;50;1.09;1;1
12672;10850.44;50;1.08;1;1
12673;10801.56;50;1.09;1;1
12674;10899.32;50;1.08;1;1
12675;10606.06;50;1.09;1;1
12676;10948.19;50;1.06;1;1
12677;10606.06;50;1.09;1;1
12678;10850.44;50;1.06;1;1
12679;10703.81;50;1.09;1;1
12680;10801.56;50;1.07;1;1
12681;10801.56;50;1.08;1;1
12682;10899.32;50;1.08;1;1
12683;10606.06;50;1.09;1;1
12684;10899.32;50;1.06;1;1
12685;10703.81;50;1.09;1;1
12686;10752.69;50;1.07;1;1
12687;10752.69;50;1.08;1;1
12688;10899.32;50;1.08;1;1
12689;10703.81;50;1.09;1;1
12690;10850.44;50;1.07;1;1
12691;10703.81;50;1.09;1;1
12692;10703.81;50;1.07;1;1
12693;10703.81;50;1.07;1;1
12694;10801.56;50;1.07;1;1
12695;10801.56;50;1.08;1;1
12696;10801.56;50;1.08;1;1
12697;10948.19;50;1.08;1;1
12698;10752.69;50;1.09;1;1
12699;10899.32;50;1.08;1;1
12700;10801.56;50;1.09;1;1
12701;10801.56;50;1.08;1;1
12702;10752.69;50;1.08;1;1
12703;10752.69;50;1.08;1;1
12704;10899.32;50;1.08;1;1
12705;10899.32;50;1.09;1;1
12706;10850.44;50;1.09;1;1
12707;10997.07;50;1.09;1;1
12708;10703.81;50;1.10;1;1
12709;11045.94;50;1.07;1;1
12710;10703.81;50;1.10;1;1
12711;10997.07;50;1.07;1;1
12712;10948.19;50;1.10;1;1
12713;11045.94;50;1.09;1;1
12714;10801.56;50;1.10;1;1
12715;10899.32;50;1.08;1;1
12716;10997.07;50;1.09;1;1
12717;10997.07;50;1.10;1;1
12718;10948.19;50;1.10;1;1
12719;11143.70;50;1.09;1;1
12720;10801.56;50;1.11;1;1
12721;10948.19;50;1.08;1;1
12722;10801.56;50;1.09;1;1
12723;11094.82;50;1.08;1;1
12724;10801.56;50;1.11;1;1
12725;11045.94;50;1.08;1;1
12726;10508.31;50;1.10;1;1
12727;11143.70;50;1.05;1;1
12728;10654.94;50;1.11;1;1
12729;11094.82;50;1.07;1;1
12730;10654.94;50;1.11;1;1
12731;10948.19;50;1.07;1;1
12732;10312.81;50;1.09;1;1
12733;10997.07;50;1.03;1;1
12734;10606.06;50;1.10;1;1
12735;11045.94;50;1.06;1;1
12736;10752.69;50;1.10;1;1
12737;10850.44;50;1.08;1;1
12738;10410.56;50;1.09;1;1
12739;10801.56;50;1.04;1;1
12740;10508.31;50;1.08;1;1
12741;10801.56;50;1.05;1;1
12742;10508.31;50;1.08;1;1
12743;10850.44;50;1.05;1;1
12744;10508.31;50;1.09;1;1
12745;10752.69;50;1.05;1;1
12746;10215.05;50;1.08;1;1
12747;10752.69;50;1.02;1;1
12748;10410.56;50;1.08;1;1
12749;10654.94;50;1.04;1;1
12750;10459.43;50;1.07;1;1
12751;10801.56;50;1.05;1;1
12752;10312.81;50;1.08;1;1
12753;10801.56;50;1.03;1;1
12754;10410.56;50;1.08;1;1
12755;10752.69;50;1.04;1;1
12756;10312.81;50;1.08;1;1
12757;10850.44;50;1.03;1;1
12758;10312.81;50;1.09;1;1
12759;10654.94;50;1.03;1;1
12760;10459.43;50;1.07;1;1
12761;10850.44;50;1.05;1;1
12762;10410.56;50;1.09;1;1
12763;10801.56;50;1.04;1;1
12764;10215.05;50;1.08;1;1
12765;10850.44;50;1.02;1;1
12766;10361.68;50;1.09;1;1
12767;10801.56;50;1.04;1;1
12768;10312.81;50;1.08;1;1
12769;10752.69;50;1.03;1;1
12770;10361.68;50;1.08;1;1
12771;10703.81;50;1.04;1;1
12772;10166.18;50;1.07;1;1
12773;10606.06;50;1.02;1;1
12774;10263.93;50;1.06;1;1
12775;10801.56;50;1.03;1;1
12776;10215.05;50;1.08;1;1
12777;10654.94;50;1.02;1;1
12778;10312.81;50;1.07;1;1
12779;10703.81;50;1.03;1;1
12780;10263.93;50;1.07;1;1
12781;10703.81;50;1.03;1;1
12782;10215.05;50;1.07;1;1
12783;10752.69;50;1.02;1;1
12784;10019.55;50;1.08;1;1
12785;10801.56;50;1.00;1;1
12786;10215.05;50;1.08;1;1
12787;10703.81;50;1.02;1;1
12788;10312.81;50;1.07;1;1
12789;10801.56;50;1.03;1;1
12790;10312.81;50;1.08;1;1
12791;10752.69;50;1.03;1;1
12792;10215.05;50;1.08;1;1
12793;10508.31;50;1.02;1;1
12794;10117.30;50;1.05;1;1
12795;10703.81;50;1.01;1;1
12796;10263.93;50;1.07;1;1
12797;10801.56;50;1.03;1;1
12798;10263.93;50;1.08;1;1
12799;10801.56;50;1.03;1;1
12800;10410.56;50;1.08;1;1
12801;10801.56;50;1.04;1;1
12802;10263.93;50;1.08;1;1
12803;10850.44;50;1.03;1;1
12804;10068.43;50;1.09;1;1
12805;10801.56;50;1.01;1;1
12806;10263.93;50;1.08;1;1
12807;10850.44;50;1.03;1;1
12808;10263.93;50;1.09;1;1
12809;10703.81;50;1.03;1;1
12810;10312.81;50;1.07;1;1
12811;10850.44;50;1.03;1;1
12812;10361.68;50;1.09;1;1
12813;10948.19;50;1.04;1;1
12814;10459.43;50;1.09;1;1
12815;10850.44;50;1.05;1;1
12816;10508.31;50;1.09;1;1
12817;10752.69;50;1.05;1;1
12818;10410.56;50;1.08;1;1
12819;10997.07;50;1.04;1;1
12820;10361.68;50;1.10;1;1
12821;10997.07;50;1.04;1;1
12822;10508.31;50;1.10;1;1
12823;10948.19;50;1.05;1;1
12824;10508.31;50;1.09;1;1
12825;10948.19;50;1.05;1;1
12826;10508.31;50;1.09;1;1
12827;11290.32;50;1.05;1;1
12828;10801.56;50;1.13;1;1
12829;11290.32;50;1.08;1;1
12830;10850.44;50;1.13;1;1
12831;11241.45;50;1.09;1;1
12832;10459.43;50;1.12;1;1
12833;10948.19;50;1.05;1;1
12834;10508.31;50;1.09;1;1
12835;10948.19;50;1.05;1;1
12836;10459.43;50;1.09;1;1
12837;10997.07;50;1.05;1;1
12838;10850.44;50;1.10;1;1
12839;11241.45;50;1.09;1;1
12840;10801.56;50;1.12;1;1
12841;11241.45;50;1.08;1;1
12842;10850.44;50;1.12;1;1
12843;11241.45;50;1.09;1;1
12844;10801.56;50;1.12;1;1
12845;11094.82;50;1.08;1;1
12846;10752.69;50;1.11;1;1
12847;10850.44;50;1.08;1;1
12848;10801.56;50;1.09;1;1
12849;11045.94;50;1.08;1;1
12850;10801.56;50;1.10;1;1
12851;11143.70;50;1.08;1;1
12852;10752.69;50;1.11;1;1
12853;11094.82;50;1.08;1;1
12854;10703.81;50;1.11;1;1
12855;11143.70;50;1.07;1;1
12856;10703.81;50;1.11;1;1
12857;11094.82;50;1.07;1;1
12858;10801.56;50;1.11;1;1
12859;11045.94;50;1.08;1;1
12860;10703.81;50;1.10;1;1
12861;11192.57;50;1.07;1;1
12862;10703.81;50;1.12;1;1
12863;11045.94;50;1.07;1;1
12864;10752.69;50;1.10;1;1
12865;10948.19;50;1.08;1;1
12866;10654.94;50;1.09;1;1
12867;11094.82;50;1.07;1;1
12868;10752.69;50;1.11;1;1
12869;10752.69;50;1.08;1;1
12870;10654.94;50;1.08;1;1
12871;10948.19;50;1.07;1;1
12872;10899.32;50;1.09;1;1
12873;10997.07;50;1.09;1;1
12874;10654.94;50;1.10;1;1
12875;10801.56;50;1.07;1;1
12876;10606.06;50;1.08;1;1
12877;10459.43;50;1.06;1;1
12878;10801.56;50;1.05;1;1
12879;10752.69;50;1.08;1;1
12880;10899.32;50;1.08;1;1
12881;10654.94;50;1.09;1;1
12882;10801.56;50;1.07;1;1
12883;10703.81;50;1.08;1;1
12884;10899.32;50;1.07;1;1
12885;10606.06;50;1.09;1;1
12886;10948.19;50;1.06;1;1
12887;10654.94;50;1.09;1;1
12888;10899.32;50;1.07;1;1
12889;10606.06;50;1.09;1;1
12890;10899.32;50;1.06;1;1
12891;10606.06;50;1.09;1;1
12892;10606.06;50;1.06;1;1
12893;10654.94;50;1.06;1;1
12894;10850.44;50;1.07;1;1
12895;10606.06;50;1.09;1;1
12896;10997.07;50;1.06;1;1
12897;10654.94;50;1.10;1;1
12898;10899.32;50;1.07;1;1
12899;10654.94;50;1.09;1;1
12900;10948.19;50;1.07;1;1
12901;10557.18;50;1.09;1;1
12902;10801.56;50;1.06;1;1
12903;10606.06;50;1.08;1;1
12904;11045.94;50;1.06;1;1
12905;10508.31;50;1.10;1;1
12906;10997.07;50;1.05;1;1
12907;10654.94;50;1.10;1;1
12908;11045.94;50;1.07;1;1
12909;10557.18;50;1.10;1;1
12910;11094.82;50;1.06;1;1
12911;10508.31;50;1.11;1;1
12916;11094.82;50;1.06;1;1
12916;11094.82;50;1.06;1;1
12916;11094.82;50;1.06;1;1
12917;10508.31;50;1.11;1;1
12917;10508.31;50;1.11;1;1
12917;10508.31;50;1.11;1;1
12918;11143.70;50;1.05;1;1
12919;10557.18;50;1.11;1;1
12920;11045.94;50;1.06;1;1
12921;10606.06;50;1.10;1;1
12922;10801.56;50;1.06;1;1
12923;10508.31;50;1.08;1;1
12924;11143.70;50;1.05;1;1
12925;10459.43;50;1.11;1;1
12926;11094.82;50;1.05;1;1
12927;10557.18;50;1.11;1;1
12928;10997.07;50;1.06;1;1
12929;10459.43;50;1.10;1;1
12930;11045.94;50;1.05;1;1
12931;10606.06;50;1.10;1;1
12932;11143.70;50;1.06;1;1
12933;10654.94;50;1.11;1;1
12934;11094.82;50;1.07;1;1
12935;10654.94;50;1.11;1;1
12936;11045.94;50;1.07;1;1
12937;10752.69;50;1.10;1;1
12938;11192.57;50;1.08;1;1
12939;10654.94;50;1.12;1;1
12940;11045.94;50;1.07;1;1
12941;10703.81;50;1.10;1;1
12942;10997.07;50;1.07;1;1
12943;10654.94;50;1.10;1;1
12944;10850.44;50;1.07;1;1
12945;10801.56;50;1.09;1;1
12946;11045.94;50;1.08;1;1
12947;10752.69;50;1.10;1;1
12948;11045.94;50;1.08;1;1
12949;10752.69;50;1.10;1;1
12950;11094.82;50;1.08;1;1
12951;10850.44;50;1.11;1;1
12952;10997.07;50;1.09;1;1
12953;10899.32;50;1.10;1;1
12954;10899.32;50;1.09;1;1
12955;10850.44;50;1.09;1;1
12956;10899.32;50;1.09;1;1
12957;10948.19;50;1.09;1;1
12958;10899.32;50;1.09;1;1
12959;10801.56;50;1.09;1;1
12960;10850.44;50;1.08;1;1
12961;10850.44;50;1.09;1;1
12962;10899.32;50;1.09;1;1
12963;10850.44;50;1.09;1;1
12964;10850.44;50;1.09;1;1
12965;10899.32;50;1.09;1;1
12966;10899.32;50;1.09;1;1
12967;10850.44;50;1.09;1;1
12968;10948.19;50;1.09;1;1
12969;10948.19;50;1.09;1;1
12970;10899.32;50;1.09;1;1
12971;10997.07;50;1.09;1;1
12972;10948.19;50;1.10;1;1
12973;11094.82;50;1.09;1;1
12974;10752.69;50;1.11;1;1
12975;11045.94;50;1.08;1;1
12976;10752.69;50;1.10;1;1
12977;10997.07;50;1.08;1;1
12978;10703.81;50;1.10;1;1
12979;10948.19;50;1.07;1;1
12980;10606.06;50;1.09;1;1
12981;11045.94;50;1.06;1;1
12982;10654.94;50;1.10;1;1
12983;10654.94;50;1.07;1;1
12984;10557.18;50;1.07;1;1
12985;10997.07;50;1.06;1;1
12986;10606.06;50;1.10;1;1
12987;11045.94;50;1.06;1;1
12988;10752.69;50;1.10;1;1
12989;10997.07;50;1.08;1;1
12990;10508.31;50;1.10;1;1
12991;10997.07;50;1.05;1;1
12992;10508.31;50;1.10;1;1
12993;11094.82;50;1.05;1;1
12994;10508.31;50;1.11;1;1
12995;10948.19;50;1.05;1;1
12996;10557.18;50;1.09;1;1
12997;10997.07;50;1.06;1;1
12998;10606.06;50;1.10;1;1
12999;11045.94;50;1.06;1;1
13000;10557.18;50;1.10;1;1
13001;10997.07;50;1.06;1;1
13002;10606.06;50;1.10;1;1
13003;10948.19;50;1.06;1;1
13004;10606.06;50;1.09;1;1
13005;10948.19;50;1.06;1;1
13006;10606.06;50;1.09;1;1
13007;10948.19;50;1.06;1;1
13008;10361.68;50;1.09;1;1
13009;11045.94;50;1.04;1;1
13010;10752.69;50;1.10;1;1
13011;10948.19;50;1.08;1;1
13012;10606.06;50;1.09;1;1
13013;11094.82;50;1.06;1;1
13014;10459.43;50;1.11;1;1
13015;11094.82;50;1.05;1;1
13016;10654.94;50;1.11;1;1
13017;11143.70;50;1.07;1;1
13018;10606.06;50;1.11;1;1
13019;11143.70;50;1.06;1;1
13020;10654.94;50;1.11;1;1
13021;11094.82;50;1.07;1;1
13022;10557.18;50;1.11;1;1
13023;11192.57;50;1.06;1;1
13024;10557.18;50;1.12;1;1
13025;10997.07;50;1.06;1;1
13026;10312.81;50;1.10;1;1
13027;10948.19;50;1.03;1;1
13028;10508.31;50;1.09;1;1
13029;11192.57;50;1.05;1;1
13030;10654.94;50;1.12;1;1
13031;11094.82;50;1.07;1;1
13032;10654.94;50;1.11;1;1
13033;11094.82;50;1.07;1;1
13034;10557.18;50;1.11;1;1
13035;11094.82;50;1.06;1;1
13036;10654.94;50;1.11;1;1
13037;11192.57;50;1.07;1;1
13038;10654.94;50;1.12;1;1
13039;11143.70;50;1.07;1;1
13040;10606.06;50;1.11;1;1
13041;11241.45;50;1.06;1;1
13042;10703.81;50;1.12;1;1
13043;11143.70;50;1.07;1;1
13044;10703.81;50;1.11;1;1
13045;11143.70;50;1.07;1;1
13046;10508.31;50;1.11;1;1
13047;11094.82;50;1.05;1;1
13048;10703.81;50;1.11;1;1
13049;11388.07;50;1.07;1;1
13050;10752.69;50;1.14;1;1
13051;11290.32;50;1.08;1;1
13052;10703.81;50;1.13;1;1
13053;11290.32;50;1.07;1;1
13054;10752.69;50;1.13;1;1
13055;11339.20;50;1.08;1;1
13056;10557.18;50;1.13;1;1
13057;11339.20;50;1.06;1;1
13058;10703.81;50;1.13;1;1
13059;11339.20;50;1.07;1;1
13060;10801.56;50;1.13;1;1
13061;11241.45;50;1.08;1;1
13062;10752.69;50;1.12;1;1
13063;11290.32;50;1.08;1;1
13064;10752.69;50;1.13;1;1
13065;11388.07;50;1.08;1;1
13066;10606.06;50;1.14;1;1
13067;11436.95;50;1.06;1;1
13068;10997.07;50;1.14;1;1
13069;11290.32;50;1.10;1;1
13070;10997.07;50;1.13;1;1
13071;11485.83;50;1.10;1;1
13072;11045.94;50;1.15;1;1
13073;11241.45;50;1.10;1;1
13074;10997.07;50;1.12;1;1
13075;11241.45;50;1.10;1;1
13076;10997.07;50;1.12;1;1
13077;11485.83;50;1.10;1;1
13078;10948.19;50;1.15;1;1
13079;11436.95;50;1.09;1;1
13080;10948.19;50;1.14;1;1
13081;11339.20;50;1.09;1;1
13082;10654.94;50;1.13;1;1
13083;11045.94;50;1.07;1;1
13084;10948.19;50;1.10;1;1
13085;11339.20;50;1.09;1;1
13086;10850.44;50;1.13;1;1
13087;11290.32;50;1.09;1;1
13088;10899.32;50;1.13;1;1
13089;11290.32;50;1.09;1;1
13090;10899.32;50;1.13;1;1
13091;11339.20;50;1.09;1;1
13092;10948.19;50;1.13;1;1
13093;11290.32;50;1.09;1;1
13094;10899.32;50;1.13;1;1
13095;11436.95;50;1.09;1;1
13096;10948.19;50;1.14;1;1
13097;11388.07;50;1.09;1;1
13098;10899.32;50;1.14;1;1
13099;11388.07;50;1.09;1;1
13100;10997.07;50;1.14;1;1
13101;11290.32;50;1.10;1;1
13102;10899.32;50;1.13;1;1
13103;11192.57;50;1.09;1;1
13104;10752.69;50;1.12;1;1
13105;11241.45;50;1.08;1;1
13106;10801.56;50;1.12;1;1
13107;11143.70;50;1.08;1;1
13108;10997.07;50;1.11;1;1
13109;11339.20;50;1.10;1;1
13110;11094.82;50;1.13;1;1
13111;11192.57;50;1.11;1;1
13112;11045.94;50;1.12;1;1
13113;11241.45;50;1.10;1;1
13114;11143.70;50;1.12;1;1
13115;11192.57;50;1.11;1;1
13116;11143.70;50;1.12;1;1
13117;11143.70;50;1.11;1;1
13118;11192.57;50;1.11;1;1
13119;11094.82;50;1.12;1;1
13120;11241.45;50;1.11;1;1
13121;11094.82;50;1.12;1;1
13122;11241.45;50;1.11;1;1
13123;11045.94;50;1.12;1;1
13124;11290.32;50;1.10;1;1
13125;11094.82;50;1.13;1;1
13126;11192.57;50;1.11;1;1
13127;11045.94;50;1.12;1;1
13128;11143.70;50;1.10;1;1
13129;10997.07;50;1.11;1;1
13130;11339.20;50;1.10;1;1
13131;10948.19;50;1.13;1;1
13132;11094.82;50;1.09;1;1
13133;11045.94;50;1.11;1;1
13134;11143.70;50;1.10;1;1
13135;11045.94;50;1.11;1;1
13136;11339.20;50;1.10;1;1
13137;10948.19;50;1.13;1;1
13138;10997.07;50;1.09;1;1
13139;10997.07;50;1.10;1;1
13140;11388.07;50;1.10;1;1
13141;10997.07;50;1.14;1;1
13142;11290.32;50;1.10;1;1
13143;10948.19;50;1.13;1;1
13144;11290.32;50;1.09;1;1
13145;10997.07;50;1.13;1;1
13146;11241.45;50;1.10;1;1
13147;10997.07;50;1.12;1;1
13148;11192.57;50;1.10;1;1
13149;10948.19;50;1.12;1;1
13150;11241.45;50;1.09;1;1
13151;10899.32;50;1.12;1;1
13152;11241.45;50;1.09;1;1
13153;10997.07;50;1.12;1;1
13154;11290.32;50;1.10;1;1
13155;11045.94;50;1.13;1;1
13156;11339.20;50;1.10;1;1
13157;11045.94;50;1.13;1;1
13158;11241.45;50;1.10;1;1
13159;10948.19;50;1.12;1;1
13160;11045.94;50;1.09;1;1
13161;10997.07;50;1.10;1;1
13162;11339.20;50;1.10;1;1
13163;10948.19;50;1.13;1;1
13164;11290.32;50;1.09;1;1
13165;10948.19;50;1.13;1;1
13166;11192.57;50;1.09;1;1
13167;10899.32;50;1.12;1;1
13168;11045.94;50;1.09;1;1
13169;10948.19;50;1.10;1;1
13170;11436.95;50;1.09;1;1
13171;10899.32;50;1.14;1;1
13172;11485.83;50;1.09;1;1
13173;10899.32;50;1.15;1;1
13174;11534.70;50;1.09;1;1
13175;10997.07;50;1.15;1;1
13176;11534.70;50;1.10;1;1
13177;10997.07;50;1.15;1;1
13178;11583.58;50;1.10;1;1
13179;11045.94;50;1.16;1;1
13180;11583.58;50;1.10;1;1
13181;11045.94;50;1.16;1;1
13182;11681.33;50;1.10;1;1
13183;11045.94;50;1.17;1;1
13184;11583.58;50;1.10;1;1
13185;11045.94;50;1.16;1;1
13186;11534.70;50;1.10;1;1
13187;11143.70;50;1.15;1;1
13188;11534.70;50;1.11;1;1
13189;11045.94;50;1.15;1;1
13190;11534.70;50;1.10;1;1
13191;11045.94;50;1.15;1;1
13192;11534.70;50;1.10;1;1
13193;11094.82;50;1.15;1;1
13194;11534.70;50;1.11;1;1
13195;11045.94;50;1.15;1;1
13196;11730.21;50;1.10;1;1
13197;11143.70;50;1.17;1;1
13198;11681.33;50;1.11;1;1
13199;11192.57;50;1.17;1;1
13200;11436.95;50;1.12;1;1
13201;11143.70;50;1.14;1;1
13202;11388.07;50;1.11;1;1
13203;11094.82;50;1.14;1;1
13204;11583.58;50;1.11;1;1
13205;10997.07;50;1.16;1;1
13206;11485.83;50;1.10;1;1
13207;11094.82;50;1.15;1;1
13208;11485.83;50;1.11;1;1
13209;11045.94;50;1.15;1;1
13210;11436.95;50;1.10;1;1
13211;11143.70;50;1.14;1;1
13212;11192.57;50;1.11;1;1
13213;11094.82;50;1.12;1;1
13214;11241.45;50;1.11;1;1
13215;11241.45;50;1.12;1;1
13216;11388.07;50;1.12;1;1
13217;11094.82;50;1.14;1;1
13218;11339.20;50;1.11;1;1
13219;11192.57;50;1.13;1;1
13220;11339.20;50;1.12;1;1
13221;11143.70;50;1.13;1;1
13222;11534.70;50;1.11;1;1
13223;11094.82;50;1.15;1;1
13224;11388.07;50;1.11;1;1
13225;11143.70;50;1.14;1;1
13226;11436.95;50;1.11;1;1
13227;11094.82;50;1.14;1;1
13228;11436.95;50;1.11;1;1
13229;11045.94;50;1.14;1;1
13230;11388.07;50;1.10;1;1
13231;11045.94;50;1.14;1;1
13232;11436.95;50;1.10;1;1
13233;11045.94;50;1.14;1;1
13234;11241.45;50;1.10;1;1
13235;11094.82;50;1.12;1;1
13236;11388.07;50;1.11;1;1
13237;11241.45;50;1.14;1;1
13238;11534.70;50;1.12;1;1
13239;11094.82;50;1.15;1;1
13240;11388.07;50;1.11;1;1
13241;11045.94;50;1.14;1;1
13242;11290.32;50;1.10;1;1
13243;11094.82;50;1.13;1;1
13244;11192.57;50;1.11;1;1
13245;11045.94;50;1.12;1;1
13246;10899.32;50;1.10;1;1
13247;11045.94;50;1.09;1;1
13248;11094.82;50;1.10;1;1
13249;11094.82;50;1.11;1;1
13250;11290.32;50;1.11;1;1
13251;11045.94;50;1.13;1;1
13252;11290.32;50;1.10;1;1
13253;11045.94;50;1.13;1;1
13254;11192.57;50;1.10;1;1
13255;11192.57;50;1.12;1;1
13256;11143.70;50;1.12;1;1
13257;11094.82;50;1.11;1;1
13258;11143.70;50;1.11;1;1
13259;11241.45;50;1.11;1;1
13260;11192.57;50;1.12;1;1
13261;11143.70;50;1.12;1;1
13262;11290.32;50;1.11;1;1
13263;11094.82;50;1.13;1;1
13264;11290.32;50;1.11;1;1
13265;11094.82;50;1.13;1;1
13266;11290.32;50;1.11;1;1
13267;11192.57;50;1.13;1;1
13268;11192.57;50;1.12;1;1
13269;11045.94;50;1.12;1;1
13270;11192.57;50;1.10;1;1
13271;11143.70;50;1.12;1;1
13272;11192.57;50;1.11;1;1
13273;11045.94;50;1.12;1;1
13274;11241.45;50;1.10;1;1
13275;11094.82;50;1.12;1;1
13276;11241.45;50;1.11;1;1
13277;11143.70;50;1.12;1;1
13278;11290.32;50;1.11;1;1
13279;11094.82;50;1.13;1;1
13280;11241.45;50;1.11;1;1
13281;11339.20;50;1.12;1;1
13282;11241.45;50;1.13;1;1
13283;11290.32;50;1.12;1;1
13284;11339.20;50;1.13;1;1
13285;11143.70;50;1.13;1;1
13286;11241.45;50;1.11;1;1
13287;11192.57;50;1.12;1;1
13288;11241.45;50;1.12;1;1
13289;11290.32;50;1.12;1;1
13290;11192.57;50;1.13;1;1
13291;11290.32;50;1.12;1;1
13292;11388.07;50;1.13;1;1
13293;11485.83;50;1.14;1;1
13294;11339.20;50;1.15;1;1
13295;11534.70;50;1.13;1;1
13296;11241.45;50;1.15;1;1
13297;11192.57;50;1.12;1;1
13298;11583.58;50;1.12;1;1
13299;11241.45;50;1.16;1;1
13300;11534.70;50;1.12;1;1
13301;11436.95;50;1.15;1;1
13302;11290.32;50;1.14;1;1
13303;11388.07;50;1.13;1;1
13304;11388.07;50;1.14;1;1
13305;11436.95;50;1.14;1;1
13306;11436.95;50;1.14;1;1
13307;11339.20;50;1.14;1;1
13308;11339.20;50;1.13;1;1
13309;11436.95;50;1.13;1;1
13310;11290.32;50;1.14;1;1
13311;11485.83;50;1.13;1;1
13312;11290.32;50;1.15;1;1
13313;11485.83;50;1.13;1;1
13314;11241.45;50;1.15;1;1
13315;11583.58;50;1.12;1;1
13316;11192.57;50;1.16;1;1
13317;11583.58;50;1.12;1;1
13318;11290.32;50;1.16;1;1
13319;11583.58;50;1.13;1;1
13320;11143.70;50;1.16;1;1
13321;11583.58;50;1.11;1;1
13322;11241.45;50;1.16;1;1
13323;11583.58;50;1.12;1;1
13324;11241.45;50;1.16;1;1
13325;11632.45;50;1.12;1;1
13326;11192.57;50;1.16;1;1
13327;11583.58;50;1.12;1;1
13328;11143.70;50;1.16;1;1
13329;11681.33;50;1.11;1;1
13330;11094.82;50;1.17;1;1
13331;11681.33;50;1.11;1;1
13332;11241.45;50;1.17;1;1
13333;11681.33;50;1.12;1;1
13334;11094.82;50;1.17;1;1
13335;11730.21;50;1.11;1;1
13336;11143.70;50;1.17;1;1
13337;11779.08;50;1.11;1;1
13338;11094.82;50;1.18;1;1
13339;11583.58;50;1.11;1;1
13340;11094.82;50;1.16;1;1
13341;11632.45;50;1.11;1;1
13342;11094.82;50;1.16;1;1
13343;11583.58;50;1.11;1;1
13344;11192.57;50;1.16;1;1
13345;11730.21;50;1.12;1;1
13346;11094.82;50;1.17;1;1
13347;11730.21;50;1.11;1;1
13348;11094.82;50;1.17;1;1
13349;11632.45;50;1.11;1;1
13350;11143.70;50;1.16;1;1
13351;11632.45;50;1.11;1;1
13352;11045.94;50;1.16;1;1
13353;11583.58;50;1.10;1;1
13354;11192.57;50;1.16;1;1
13355;11534.70;50;1.12;1;1
13356;10997.07;50;1.15;1;1
13357;11534.70;50;1.10;1;1
13358;11094.82;50;1.15;1;1
13359;11681.33;50;1.11;1;1
13360;11192.57;50;1.17;1;1
13361;11681.33;50;1.12;1;1
13362;11290.32;50;1.17;1;1
13363;11632.45;50;1.13;1;1
13364;11290.32;50;1.16;1;1
13365;11583.58;50;1.13;1;1
13366;11339.20;50;1.16;1;1
13367;11681.33;50;1.13;1;1
13368;11241.45;50;1.17;1;1
13369;11534.70;50;1.12;1;1
13370;11241.45;50;1.15;1;1
13371;11681.33;50;1.12;1;1
13372;11290.32;50;1.17;1;1
13373;11485.83;50;1.13;1;1
13374;11436.95;50;1.15;1;1
13375;11436.95;50;1.14;1;1
13376;11290.32;50;1.14;1;1
13377;11583.58;50;1.13;1;1
13378;11241.45;50;1.16;1;1
13379;11192.57;50;1.12;1;1
13380;11388.07;50;1.12;1;1
13381;11583.58;50;1.14;1;1
13382;11339.20;50;1.16;1;1
13383;11583.58;50;1.13;1;1
13384;11485.83;50;1.16;1;1
13385;11583.58;50;1.15;1;1
13386;11339.20;50;1.16;1;1
13387;11583.58;50;1.13;1;1
13388;11485.83;50;1.16;1;1
13389;11485.83;50;1.15;1;1
13390;11583.58;50;1.15;1;1
13391;11485.83;50;1.16;1;1
13392;11534.70;50;1.15;1;1
13393;11583.58;50;1.15;1;1
13394;11485.83;50;1.16;1;1
13395;11534.70;50;1.15;1;1
13396;11534.70;50;1.15;1;1
13397;11534.70;50;1.15;1;1
13398;11632.45;50;1.15;1;1
13399;11681.33;50;1.16;1;1
13400;11730.21;50;1.17;1;1
13401;11534.70;50;1.17;1;1
13402;11681.33;50;1.15;1;1
13403;11583.58;50;1.17;1;1
13404;11681.33;50;1.16;1;1
13405;11681.33;50;1.17;1;1
13406;11827.96;50;1.17;1;1
13407;11583.58;50;1.18;1;1
13408;11779.08;50;1.16;1;1
13409;11485.83;50;1.18;1;1
13410;11827.96;50;1.15;1;1
13411;11485.83;50;1.18;1;1
13412;11779.08;50;1.15;1;1
13413;11436.95;50;1.18;1;1
13414;12072.34;50;1.14;1;1
13415;11583.58;50;1.21;1;1
13416;12023.46;50;1.16;1;1
13417;11632.45;50;1.20;1;1
13418;11925.71;50;1.16;1;1
13419;11485.83;50;1.19;1;1
13420;11925.71;50;1.15;1;1
13421;11485.83;50;1.19;1;1
13422;11827.96;50;1.15;1;1
13423;11339.20;50;1.18;1;1
13424;12072.34;50;1.13;1;1
13425;11583.58;50;1.21;1;1
13426;11974.58;50;1.16;1;1
13427;11436.95;50;1.20;1;1
13428;11974.58;50;1.14;1;1
13429;11241.45;50;1.20;1;1
13430;12023.46;50;1.12;1;1
13431;11388.07;50;1.20;1;1
13432;12023.46;50;1.14;1;1
13433;11534.70;50;1.20;1;1
13434;11974.58;50;1.15;1;1
13435;11485.83;50;1.20;1;1
13436;12121.21;50;1.15;1;1
13437;11583.58;50;1.21;1;1
13438;12072.34;50;1.16;1;1
13439;11485.83;50;1.21;1;1
13440;12121.21;50;1.15;1;1
13441;11632.45;50;1.21;1;1
13442;12121.21;50;1.16;1;1
13443;11485.83;50;1.21;1;1
13444;12121.21;50;1.15;1;1
13445;11436.95;50;1.21;1;1
13446;12121.21;50;1.14;1;1
13447;11730.21;50;1.21;1;1
13448;12023.46;50;1.17;1;1
13449;11583.58;50;1.20;1;1
13450;12023.46;50;1.16;1;1
13451;11436.95;50;1.20;1;1
13452;11779.08;50;1.14;1;1
13453;11485.83;50;1.18;1;1
13454;11779.08;50;1.15;1;1
13455;11485.83;50;1.18;1;1
13456;11925.71;50;1.15;1;1
13457;11388.07;50;1.19;1;1
13458;11925.71;50;1.14;1;1
13459;11436.95;50;1.19;1;1
13460;12023.46;50;1.14;1;1
13461;11485.83;50;1.20;1;1
13462;11974.58;50;1.15;1;1
13463;11485.83;50;1.20;1;1
13464;11974.58;50;1.15;1;1
13465;11436.95;50;1.20;1;1
13466;12072.34;50;1.14;1;1
13467;11485.83;50;1.21;1;1
13468;12023.46;50;1.15;1;1
13469;11583.58;50;1.20;1;1
13470;12023.46;50;1.16;1;1
13471;11485.83;50;1.20;1;1
13472;12072.34;50;1.15;1;1
13473;11485.83;50;1.21;1;1
13474;12023.46;50;1.15;1;1
13475;11436.95;50;1.20;1;1
13476;12023.46;50;1.14;1;1
13477;11436.95;50;1.20;1;1
13478;11974.58;50;1.14;1;1
13479;11485.83;50;1.20;1;1
13480;12023.46;50;1.15;1;1
13481;11485.83;50;1.20;1;1
13482;12121.21;50;1.15;1;1
13483;11632.45;50;1.21;1;1
13484;11974.58;50;1.16;1;1
13485;11485.83;50;1.20;1;1
13486;12072.34;50;1.15;1;1
13487;11534.70;50;1.21;1;1
13488;11974.58;50;1.15;1;1
13489;11485.83;50;1.20;1;1
13490;12023.46;50;1.15;1;1
13491;11485.83;50;1.20;1;1
13492;11974.58;50;1.15;1;1
13493;11485.83;50;1.20;1;1
13494;11876.83;50;1.15;1;1
13495;11632.45;50;1.19;1;1
13496;11925.71;50;1.16;1;1
13497;11583.58;50;1.19;1;1
13498;11827.96;50;1.16;1;1
13499;11583.58;50;1.18;1;1
13500;11583.58;50;1.16;1;1
13501;11436.95;50;1.16;1;1
13502;11876.83;50;1.14;1;1
13503;11534.70;50;1.19;1;1
13504;11974.58;50;1.15;1;1
13505;11534.70;50;1.20;1;1
13506;12023.46;50;1.15;1;1
13507;11436.95;50;1.20;1;1
13508;11876.83;50;1.14;1;1
13509;11485.83;50;1.19;1;1
13510;11681.33;50;1.15;1;1
13511;11485.83;50;1.17;1;1
13512;11925.71;50;1.15;1;1
13513;11632.45;50;1.19;1;1
13514;11925.71;50;1.16;1;1
13515;11583.58;50;1.19;1;1
13516;11974.58;50;1.16;1;1
13517;11583.58;50;1.20;1;1
13518;11974.58;50;1.16;1;1
13519;11339.20;50;1.20;1;1
13520;11876.83;50;1.13;1;1
13521;11339.20;50;1.19;1;1
13522;11632.45;50;1.13;1;1
13523;11534.70;50;1.16;1;1
13524;11632.45;50;1.15;1;1
13525;11339.20;50;1.16;1;1
13526;11632.45;50;1.13;1;1
13527;11534.70;50;1.16;1;1
13528;11730.21;50;1.15;1;1
13529;11290.32;50;1.17;1;1
13530;11779.08;50;1.13;1;1
13531;11339.20;50;1.18;1;1
13532;11827.96;50;1.13;1;1
13533;11534.70;50;1.18;1;1
13534;11681.33;50;1.15;1;1
13535;11290.32;50;1.17;1;1
13536;11779.08;50;1.13;1;1
13537;11534.70;50;1.18;1;1
13538;11779.08;50;1.15;1;1
13539;11485.83;50;1.18;1;1
13540;11876.83;50;1.15;1;1
13541;11534.70;50;1.19;1;1
13542;11730.21;50;1.15;1;1
13543;11534.70;50;1.17;1;1
13544;11779.08;50;1.15;1;1
13545;11583.58;50;1.18;1;1
13546;11681.33;50;1.16;1;1
13547;11534.70;50;1.17;1;1
13548;11632.45;50;1.15;1;1
13549;11681.33;50;1.16;1;1
13550;11632.45;50;1.17;1;1
13551;11681.33;50;1.16;1;1
13552;11583.58;50;1.17;1;1
13553;11632.45;50;1.16;1;1
13554;11583.58;50;1.16;1;1
13555;11681.33;50;1.16;1;1
13556;11583.58;50;1.17;1;1
13557;11681.33;50;1.16;1;1
13558;11485.83;50;1.17;1;1
13559;11730.21;50;1.15;1;1
13560;11485.83;50;1.17;1;1
13561;11730.21;50;1.15;1;1
13562;11485.83;50;1.17;1;1
13563;11779.08;50;1.15;1;1
13564;11436.95;50;1.18;1;1
13565;11730.21;50;1.14;1;1
13566;11388.07;50;1.17;1;1
13567;11779.08;50;1.14;1;1
13568;11485.83;50;1.18;1;1
13569;11827.96;50;1.15;1;1
13570;11388.07;50;1.18;1;1
13571;11827.96;50;1.14;1;1
13572;11485.83;50;1.18;1;1
13573;11827.96;50;1.15;1;1
13574;11388.07;50;1.18;1;1
13575;11779.08;50;1.14;1;1
13576;11485.83;50;1.18;1;1
13577;11730.21;50;1.15;1;1
13578;11388.07;50;1.17;1;1
13579;11827.96;50;1.14;1;1
13580;11436.95;50;1.18;1;1
13581;11730.21;50;1.14;1;1
13582;11388.07;50;1.17;1;1
13583;11730.21;50;1.14;1;1
13584;11339.20;50;1.17;1;1
13585;11876.83;50;1.13;1;1
13586;11339.20;50;1.19;1;1
13587;11876.83;50;1.13;1;1
13588;11388.07;50;1.19;1;1
13589;11876.83;50;1.14;1;1
13590;11339.20;50;1.19;1;1
13591;11779.08;50;1.13;1;1
13592;11339.20;50;1.18;1;1
13593;11876.83;50;1.13;1;1
13594;11339.20;50;1.19;1;1
13595;11876.83;50;1.13;1;1
13596;11290.32;50;1.19;1;1
13597;11730.21;50;1.13;1;1
13598;11290.32;50;1.17;1;1
13599;11876.83;50;1.13;1;1
13600;11290.32;50;1.19;1;1
13601;11779.08;50;1.13;1;1
13602;11192.57;50;1.18;1;1
13603;11681.33;50;1.12;1;1
13604;11143.70;50;1.17;1;1
13605;11779.08;50;1.11;1;1
13606;11192.57;50;1.18;1;1
13607;11779.08;50;1.12;1;1
13608;11192.57;50;1.18;1;1
13609;11681.33;50;1.12;1;1
13610;11241.45;50;1.17;1;1
13611;11681.33;50;1.12;1;1
13612;11143.70;50;1.17;1;1
13613;11730.21;50;1.11;1;1
13614;11192.57;50;1.17;1;1
13615;11779.08;50;1.12;1;1
13616;11192.57;50;1.18;1;1
13617;11681.33;50;1.12;1;1
13618;11192.57;50;1.17;1;1
13619;11779.08;50;1.12;1;1
13620;11143.70;50;1.18;1;1
13621;11730.21;50;1.11;1;1
13622;11143.70;50;1.17;1;1
13623;11681.33;50;1.11;1;1
13624;11143.70;50;1.17;1;1
13625;11730.21;50;1.11;1;1
13626;11143.70;50;1.17;1;1
13627;11681.33;50;1.11;1;1
13628;11143.70;50;1.17;1;1
13629;11730.21;50;1.11;1;1
13630;11388.07;50;1.17;1;1
13631;11632.45;50;1.14;1;1
13632;11339.20;50;1.16;1;1
13633;11632.45;50;1.13;1;1
13634;11192.57;50;1.16;1;1
13635;11632.45;50;1.12;1;1
13636;11094.82;50;1.16;1;1
13637;11681.33;50;1.11;1;1
13638;11241.45;50;1.17;1;1
13639;11583.58;50;1.12;1;1
13640;11192.57;50;1.16;1;1
13641;11730.21;50;1.12;1;1
13642;11192.57;50;1.17;1;1
13643;11681.33;50;1.12;1;1
13644;11290.32;50;1.17;1;1
13645;11779.08;50;1.13;1;1
13646;11388.07;50;1.18;1;1
13647;11827.96;50;1.14;1;1
13648;11290.32;50;1.18;1;1
13649;11876.83;50;1.13;1;1
13650;11290.32;50;1.19;1;1
13651;11827.96;50;1.13;1;1
13652;11388.07;50;1.18;1;1
13653;11876.83;50;1.14;1;1
13654;11388.07;50;1.19;1;1
13655;11779.08;50;1.14;1;1
13656;11339.20;50;1.18;1;1
13657;11827.96;50;1.13;1;1
13658;11339.20;50;1.18;1;1
13659;11827.96;50;1.13;1;1
13660;11583.58;50;1.18;1;1
13661;12072.34;50;1.16;1;1
13662;11485.83;50;1.21;1;1
13663;12023.46;50;1.15;1;1
13664;11534.70;50;1.20;1;1
13665;12072.34;50;1.15;1;1
13666;11485.83;50;1.21;1;1
13667;12023.46;50;1.15;1;1
13668;11583.58;50;1.20;1;1
13669;12023.46;50;1.16;1;1
13670;11485.83;50;1.20;1;1
13671;12023.46;50;1.15;1;1
13672;11485.83;50;1.20;1;1
13673;11974.58;50;1.15;1;1
13674;11485.83;50;1.20;1;1
13675;11974.58;50;1.15;1;1
13676;11045.94;50;1.20;1;1
13677;12023.46;50;1.10;1;1
13678;11534.70;50;1.20;1;1
13679;11779.08;50;1.15;1;1
13680;11534.70;50;1.18;1;1
13681;11632.45;50;1.15;1;1
13682;11583.58;50;1.16;1;1
13683;12023.46;50;1.16;1;1
13684;11632.45;50;1.20;1;1
13685;11925.71;50;1.16;1;1
13686;11583.58;50;1.19;1;1
13687;12023.46;50;1.16;1;1
13688;11632.45;50;1.20;1;1
13689;11925.71;50;1.16;1;1
13690;11681.33;50;1.19;1;1
13691;11925.71;50;1.17;1;1
13692;11632.45;50;1.19;1;1
13693;11925.71;50;1.16;1;1
13694;11583.58;50;1.19;1;1
13695;11925.71;50;1.16;1;1
13696;11534.70;50;1.19;1;1
13697;11974.58;50;1.15;1;1
13698;11534.70;50;1.20;1;1
13699;11974.58;50;1.15;1;1
13700;11436.95;50;1.20;1;1
13701;11925.71;50;1.14;1;1
13702;11534.70;50;1.19;1;1
13703;11827.96;50;1.15;1;1
13704;11534.70;50;1.18;1;1
13705;11779.08;50;1.15;1;1
13706;11583.58;50;1.18;1;1
13707;11779.08;50;1.16;1;1
13708;11534.70;50;1.18;1;1
13709;11681.33;50;1.15;1;1
13710;11632.45;50;1.17;1;1
13711;11681.33;50;1.16;1;1
13712;11681.33;50;1.17;1;1
13713;11632.45;50;1.17;1;1
13714;11681.33;50;1.16;1;1
13715;11730.21;50;1.17;1;1
13716;11583.58;50;1.17;1;1
13717;11632.45;50;1.16;1;1
13718;11681.33;50;1.16;1;1
13719;11339.20;50;1.17;1;1
13720;11632.45;50;1.13;1;1
13721;11583.58;50;1.16;1;1
13722;11632.45;50;1.16;1;1
13723;11583.58;50;1.16;1;1
13724;11681.33;50;1.16;1;1
13725;11485.83;50;1.17;1;1
13726;11730.21;50;1.15;1;1
13727;11436.95;50;1.17;1;1
13728;11681.33;50;1.14;1;1
13729;11436.95;50;1.17;1;1
13730;11730.21;50;1.14;1;1
13731;11436.95;50;1.17;1;1
13732;11730.21;50;1.14;1;1
13733;11290.32;50;1.17;1;1
13734;11534.70;50;1.13;1;1
13735;11045.94;50;1.15;1;1
13736;11534.70;50;1.10;1;1
13737;11388.07;50;1.15;1;1
13738;11632.45;50;1.14;1;1
13739;11290.32;50;1.16;1;1
13740;11583.58;50;1.13;1;1
13741;11290.32;50;1.16;1;1
13742;11534.70;50;1.13;1;1
13743;11241.45;50;1.15;1;1
13744;11583.58;50;1.12;1;1
13745;11192.57;50;1.16;1;1
13746;11583.58;50;1.12;1;1
13747;11339.20;50;1.16;1;1
13748;11632.45;50;1.13;1;1
13749;11290.32;50;1.16;1;1
13750;11534.70;50;1.13;1;1
13751;11290.32;50;1.15;1;1
13752;11583.58;50;1.13;1;1
13753;11290.32;50;1.16;1;1
13754;11583.58;50;1.13;1;1
13755;11290.32;50;1.16;1;1
13756;11583.58;50;1.13;1;1
13757;11241.45;50;1.16;1;1
13758;11779.08;50;1.12;1;1
13759;11241.45;50;1.18;1;1
13760;11681.33;50;1.12;1;1
13761;11192.57;50;1.17;1;1
13762;11681.33;50;1.12;1;1
13763;11192.57;50;1.17;1;1
13764;11632.45;50;1.12;1;1
13765;11143.70;50;1.16;1;1
13766;11730.21;50;1.11;1;1
13767;11192.57;50;1.17;1;1
13768;11730.21;50;1.12;1;1
13769;11241.45;50;1.17;1;1
13770;11827.96;50;1.12;1;1
13771;11241.45;50;1.18;1;1
13772;11779.08;50;1.12;1;1
13773;11192.57;50;1.18;1;1
13774;11779.08;50;1.12;1;1
13775;10948.19;50;1.18;1;1
13776;11779.08;50;1.09;1;1
13777;11241.45;50;1.18;1;1
13778;11779.08;50;1.12;1;1
13779;11241.45;50;1.18;1;1
13780;11730.21;50;1.12;1;1
13781;11290.32;50;1.17;1;1
13782;11876.83;50;1.13;1;1
13783;11290.32;50;1.19;1;1
13784;11730.21;50;1.13;1;1
13785;11290.32;50;1.17;1;1
13786;11827.96;50;1.13;1;1
13787;11290.32;50;1.18;1;1
13788;11779.08;50;1.13;1;1
13789;11241.45;50;1.18;1;1
13790;11827.96;50;1.12;1;1
13791;11241.45;50;1.18;1;1
13792;11827.96;50;1.12;1;1
13793;11241.45;50;1.18;1;1
13794;11827.96;50;1.12;1;1
13795;11339.20;50;1.18;1;1
13796;11876.83;50;1.13;1;1
13797;11241.45;50;1.19;1;1
13798;11827.96;50;1.12;1;1
13799;11388.07;50;1.18;1;1
13800;11827.96;50;1.14;1;1
13801;11290.32;50;1.18;1;1
13802;11925.71;50;1.13;1;1
13803;11192.57;50;1.19;1;1
13804;11730.21;50;1.12;1;1
13805;11339.20;50;1.17;1;1
13806;11876.83;50;1.13;1;1
13807;11339.20;50;1.19;1;1
13808;11779.08;50;1.13;1;1
13809;11192.57;50;1.18;1;1
13810;11779.08;50;1.12;1;1
13811;11143.70;50;1.18;1;1
13812;11730.21;50;1.11;1;1
13813;11192.57;50;1.17;1;1
13814;11779.08;50;1.12;1;1
13815;11192.57;50;1.18;1;1
13816;11681.33;50;1.12;1;1
13817;11143.70;50;1.17;1;1
13818;11681.33;50;1.11;1;1
13819;11094.82;50;1.17;1;1
13820;11681.33;50;1.11;1;1
13821;11192.57;50;1.17;1;1
13822;11632.45;50;1.12;1;1
13823;11094.82;50;1.16;1;1
13824;11583.58;50;1.11;1;1
13825;11192.57;50;1.16;1;1
13826;11632.45;50;1.12;1;1
13827;11192.57;50;1.16;1;1
13828;11534.70;50;1.12;1;1
13829;11094.82;50;1.15;1;1
13830;11583.58;50;1.11;1;1
13831;11045.94;50;1.16;1;1
13832;11583.58;50;1.10;1;1
13833;11143.70;50;1.16;1;1
13834;11534.70;50;1.11;1;1
13835;11143.70;50;1.15;1;1
13836;11485.83;50;1.11;1;1
13837;11143.70;50;1.15;1;1
13838;11583.58;50;1.11;1;1
13839;11143.70;50;1.16;1;1
13840;11485.83;50;1.11;1;1
13841;11241.45;50;1.15;1;1
13842;11339.20;50;1.12;1;1
13843;11241.45;50;1.13;1;1
13844;11436.95;50;1.12;1;1
13845;11192.57;50;1.14;1;1
13846;11290.32;50;1.12;1;1
13847;11339.20;50;1.13;1;1
13848;11339.20;50;1.13;1;1
13849;11045.94;50;1.13;1;1
13850;11339.20;50;1.10;1;1
13851;11339.20;50;1.13;1;1
13852;11339.20;50;1.13;1;1
13853;11339.20;50;1.13;1;1
13854;11436.95;50;1.13;1;1
13855;11290.32;50;1.14;1;1
13856;11388.07;50;1.13;1;1
13857;11339.20;50;1.14;1;1
13858;11436.95;50;1.13;1;1
13859;11241.45;50;1.14;1;1
13860;11485.83;50;1.12;1;1
13861;11241.45;50;1.15;1;1
13862;11436.95;50;1.12;1;1
13863;11241.45;50;1.14;1;1
13864;11485.83;50;1.12;1;1
13865;11241.45;50;1.15;1;1
13866;11339.20;50;1.12;1;1
13867;11388.07;50;1.13;1;1
13868;11436.95;50;1.14;1;1
13869;11339.20;50;1.14;1;1
13870;11436.95;50;1.13;1;1
13871;11388.07;50;1.14;1;1
13872;11388.07;50;1.14;1;1
13873;11339.20;50;1.14;1;1
13874;11388.07;50;1.13;1;1
13875;11485.83;50;1.14;1;1
13876;11388.07;50;1.15;1;1
13877;11583.58;50;1.14;1;1
13878;11339.20;50;1.16;1;1
13879;11632.45;50;1.13;1;1
13880;11339.20;50;1.16;1;1
13881;11583.58;50;1.13;1;1
13882;11339.20;50;1.16;1;1
13883;11583.58;50;1.13;1;1
13884;11192.57;50;1.16;1;1
13885;11583.58;50;1.12;1;1
13886;11290.32;50;1.16;1;1
13887;11730.21;50;1.13;1;1
13888;11339.20;50;1.17;1;1
13889;11681.33;50;1.13;1;1
13890;11192.57;50;1.17;1;1
13891;11534.70;50;1.12;1;1
13892;11241.45;50;1.15;1;1
13893;11730.21;50;1.12;1;1
13894;11290.32;50;1.17;1;1
13895;11779.08;50;1.13;1;1
13896;11192.57;50;1.18;1;1
13897;11730.21;50;1.12;1;1
13898;11339.20;50;1.17;1;1
13899;11730.21;50;1.13;1;1
13900;11339.20;50;1.17;1;1
13901;11730.21;50;1.13;1;1
13902;11388.07;50;1.17;1;1
13903;11876.83;50;1.14;1;1
13904;11241.45;50;1.19;1;1
13905;11779.08;50;1.12;1;1
13906;11192.57;50;1.18;1;1
13907;11730.21;50;1.12;1;1
13908;11290.32;50;1.17;1;1
13909;11730.21;50;1.13;1;1
13910;11339.20;50;1.17;1;1
13911;11681.33;50;1.13;1;1
13912;11290.32;50;1.17;1;1
13913;11827.96;50;1.13;1;1
13914;11339.20;50;1.18;1;1
13915;11779.08;50;1.13;1;1
13916;11143.70;50;1.18;1;1
13917;11730.21;50;1.11;1;1
13918;11241.45;50;1.17;1;1
13919;11827.96;50;1.12;1;1
13920;11290.32;50;1.18;1;1
13921;11730.21;50;1.13;1;1
13922;11192.57;50;1.17;1;1
13923;11779.08;50;1.12;1;1
13924;11290.32;50;1.18;1;1
13925;11827.96;50;1.13;1;1
13926;11192.57;50;1.18;1;1
13927;11730.21;50;1.12;1;1
13928;11241.45;50;1.17;1;1
13929;11681.33;50;1.12;1;1
13930;11241.45;50;1.17;1;1
13931;11681.33;50;1.12;1;1
13932;10997.07;50;1.17;1;1
13933;11632.45;50;1.10;1;1
13934;11388.07;50;1.16;1;1
13935;11583.58;50;1.14;1;1
13936;11388.07;50;1.16;1;1
13937;11681.33;50;1.14;1;1
13938;11241.45;50;1.17;1;1
13939;11632.45;50;1.12;1;1
13940;11388.07;50;1.16;1;1
13941;11534.70;50;1.14;1;1
13942;11339.20;50;1.15;1;1
13943;11485.83;50;1.13;1;1
13944;11192.57;50;1.15;1;1
13945;11290.32;50;1.12;1;1
13946;10899.32;50;1.13;1;1
13947;11192.57;50;1.09;1;1
13948;11290.32;50;1.12;1;1
13949;11290.32;50;1.13;1;1
13950;11143.70;50;1.13;1;1
13951;11192.57;50;1.11;1;1
13952;11094.82;50;1.12;1;1
13953;11241.45;50;1.11;1;1
13954;11241.45;50;1.12;1;1
13955;11192.57;50;1.12;1;1
13956;11094.82;50;1.12;1;1
13957;11241.45;50;1.11;1;1
13958;10997.07;50;1.12;1;1
13959;11339.20;50;1.10;1;1
13960;11143.70;50;1.13;1;1
13961;11339.20;50;1.11;1;1
13962;11094.82;50;1.13;1;1
13963;11339.20;50;1.11;1;1
13964;10948.19;50;1.13;1;1
13965;11339.20;50;1.09;1;1
13966;11045.94;50;1.13;1;1
13967;11290.32;50;1.10;1;1
13968;11143.70;50;1.13;1;1
13969;11241.45;50;1.11;1;1
13970;11241.45;50;1.12;1;1
13971;11339.20;50;1.12;1;1
13972;11094.82;50;1.13;1;1
13973;11388.07;50;1.11;1;1
13974;11045.94;50;1.14;1;1
13975;11290.32;50;1.10;1;1
13976;11045.94;50;1.13;1;1
13977;11192.57;50;1.10;1;1
13978;11192.57;50;1.12;1;1
13979;11290.32;50;1.12;1;1
13980;11241.45;50;1.13;1;1
13981;11241.45;50;1.12;1;1
13982;11241.45;50;1.12;1;1
13983;11192.57;50;1.12;1;1
13984;11192.57;50;1.12;1;1
13985;11290.32;50;1.12;1;1
13986;11143.70;50;1.13;1;1
13987;11241.45;50;1.11;1;1
13988;11241.45;50;1.12;1;1
13989;11339.20;50;1.12;1;1
13990;11290.32;50;1.13;1;1
13991;11290.32;50;1.13;1;1
13992;11094.82;50;1.13;1;1
13993;11290.32;50;1.11;1;1
13994;11192.57;50;1.13;1;1
13995;11192.57;50;1.12;1;1
13996;10997.07;50;1.12;1;1
13997;11485.83;50;1.10;1;1
13998;10948.19;50;1.15;1;1
13999;11534.70;50;1.09;1;1
14000;11241.45;50;1.15;1;1
14001;11730.21;50;1.12;1;1
14002;11339.20;50;1.17;1;1
14003;11534.70;50;1.13;1;1
14004;11143.70;50;1.15;1;1
14005;11485.83;50;1.11;1;1
14006;11143.70;50;1.15;1;1
14007;11534.70;50;1.11;1;1
14008;11241.45;50;1.15;1;1
14009;11388.07;50;1.12;1;1
14010;11192.57;50;1.14;1;1
14011;11436.95;50;1.12;1;1
14012;11192.57;50;1.14;1;1
14013;11388.07;50;1.12;1;1
14014;11094.82;50;1.14;1;1
14015;11485.83;50;1.11;1;1
14016;11143.70;50;1.15;1;1
14017;11143.70;50;1.11;1;1
14018;11143.70;50;1.11;1;1
14019;11290.32;50;1.11;1;1
14020;11339.20;50;1.13;1;1
14021;11339.20;50;1.13;1;1
14022;11436.95;50;1.13;1;1
14023;11339.20;50;1.14;1;1
14024;11241.45;50;1.13;1;1
14025;11192.57;50;1.12;1;1
14026;11339.20;50;1.12;1;1
14027;11143.70;50;1.13;1;1
14028;11436.95;50;1.11;1;1
14029;11045.94;50;1.14;1;1
14030;11485.83;50;1.10;1;1
14031;11290.32;50;1.15;1;1
14032;11583.58;50;1.13;1;1
14033;11339.20;50;1.16;1;1
14034;11583.58;50;1.13;1;1
14035;11241.45;50;1.16;1;1
14036;11534.70;50;1.12;1;1
14037;11192.57;50;1.15;1;1
14038;11534.70;50;1.12;1;1
14039;11192.57;50;1.15;1;1
14040;11583.58;50;1.12;1;1
14041;11241.45;50;1.16;1;1
14042;11534.70;50;1.12;1;1
14043;11143.70;50;1.15;1;1
14044;11583.58;50;1.11;1;1
14045;11192.57;50;1.16;1;1
14046;11632.45;50;1.12;1;1
14047;11192.57;50;1.16;1;1
14048;11534.70;50;1.12;1;1
14049;11143.70;50;1.15;1;1
14050;11632.45;50;1.11;1;1
14051;11094.82;50;1.16;1;1
14052;11632.45;50;1.11;1;1
14053;11045.94;50;1.16;1;1
14054;11534.70;50;1.10;1;1
14055;10948.19;50;1.15;1;1
14056;11388.07;50;1.09;1;1
14057;11094.82;50;1.14;1;1
14058;11534.70;50;1.11;1;1
14059;11045.94;50;1.15;1;1
14060;11534.70;50;1.10;1;1
14061;11045.94;50;1.15;1;1
14062;11534.70;50;1.10;1;1
14063;11143.70;50;1.15;1;1
14064;11583.58;50;1.11;1;1
14065;11192.57;50;1.16;1;1
14066;11632.45;50;1.12;1;1
14067;11094.82;50;1.16;1;1
14068;11681.33;50;1.11;1;1
14069;11143.70;50;1.17;1;1
14070;11583.58;50;1.11;1;1
14071;11094.82;50;1.16;1;1
14072;11485.83;50;1.11;1;1
14073;11045.94;50;1.15;1;1
14074;11583.58;50;1.10;1;1
14075;10997.07;50;1.16;1;1
14076;11583.58;50;1.10;1;1
14077;10997.07;50;1.16;1;1
14078;11583.58;50;1.10;1;1
14079;11094.82;50;1.16;1;1
14080;11632.45;50;1.11;1;1
14081;11045.94;50;1.16;1;1
14082;11485.83;50;1.10;1;1
14083;10997.07;50;1.15;1;1
14084;11290.32;50;1.10;1;1
14085;10997.07;50;1.13;1;1
14086;11534.70;50;1.10;1;1
14087;11094.82;50;1.15;1;1
14088;11681.33;50;1.11;1;1
14089;11143.70;50;1.17;1;1
14090;11632.45;50;1.11;1;1
14091;11143.70;50;1.16;1;1
14092;11681.33;50;1.11;1;1
14093;11045.94;50;1.17;1;1
14094;11632.45;50;1.10;1;1
14095;10997.07;50;1.16;1;1
14096;11534.70;50;1.10;1;1
14097;11094.82;50;1.15;1;1
14098;11632.45;50;1.11;1;1
14099;11094.82;50;1.16;1;1
14100;11681.33;50;1.11;1;1
14101;11094.82;50;1.17;1;1
14102;11681.33;50;1.11;1;1
14103;11143.70;50;1.17;1;1
14104;11730.21;50;1.11;1;1
14105;11045.94;50;1.17;1;1
14106;11681.33;50;1.10;1;1
14107;11143.70;50;1.17;1;1
14108;11779.08;50;1.11;1;1
14109;11192.57;50;1.18;1;1
14110;11779.08;50;1.12;1;1
14111;11143.70;50;1.18;1;1
14112;11730.21;50;1.11;1;1
14113;11290.32;50;1.17;1;1
14114;11730.21;50;1.13;1;1
14115;11241.45;50;1.17;1;1
14116;11827.96;50;1.12;1;1
14117;11290.32;50;1.18;1;1
14118;11730.21;50;1.13;1;1
14119;11192.57;50;1.17;1;1
14120;11583.58;50;1.12;1;1
14121;11290.32;50;1.16;1;1
14122;11827.96;50;1.13;1;1
14123;11339.20;50;1.18;1;1
14124;11827.96;50;1.13;1;1
14125;11339.20;50;1.18;1;1
14126;11827.96;50;1.13;1;1
14127;11339.20;50;1.18;1;1
14128;11876.83;50;1.13;1;1
14129;11388.07;50;1.19;1;1
14130;11779.08;50;1.14;1;1
14131;11388.07;50;1.18;1;1
14132;11779.08;50;1.14;1;1
14133;11241.45;50;1.18;1;1
14134;11779.08;50;1.12;1;1
14135;11534.70;50;1.18;1;1
14136;11730.21;50;1.15;1;1
14137;11485.83;50;1.17;1;1
14138;11730.21;50;1.15;1;1
14139;11485.83;50;1.17;1;1
14140;11730.21;50;1.15;1;1
14141;11632.45;50;1.17;1;1
14142;11827.96;50;1.16;1;1
14143;11583.58;50;1.18;1;1
14144;11779.08;50;1.16;1;1
14145;11583.58;50;1.18;1;1
14146;11827.96;50;1.16;1;1
14147;11583.58;50;1.18;1;1
14148;11876.83;50;1.16;1;1
14149;11730.21;50;1.19;1;1
14150;11779.08;50;1.17;1;1
14151;11681.33;50;1.18;1;1
14152;11681.33;50;1.17;1;1
14153;11730.21;50;1.17;1;1
14154;11730.21;50;1.17;1;1
14155;11779.08;50;1.17;1;1
14156;11730.21;50;1.18;1;1
14157;11876.83;50;1.17;1;1
14158;11730.21;50;1.19;1;1
14159;11925.71;50;1.17;1;1
14160;11632.45;50;1.19;1;1
14161;11925.71;50;1.16;1;1
14162;11681.33;50;1.19;1;1
14163;11925.71;50;1.17;1;1
14164;11583.58;50;1.19;1;1
14165;11876.83;50;1.16;1;1
14166;11681.33;50;1.19;1;1
14167;11974.58;50;1.17;1;1
14168;11632.45;50;1.20;1;1
14169;11925.71;50;1.16;1;1
14170;11730.21;50;1.19;1;1
14171;11876.83;50;1.17;1;1
14172;11632.45;50;1.19;1;1
14173;11974.58;50;1.16;1;1
14174;11730.21;50;1.20;1;1
14175;12023.46;50;1.17;1;1
14176;11681.33;50;1.20;1;1
14177;12072.34;50;1.17;1;1
14178;11681.33;50;1.21;1;1
14179;12121.21;50;1.17;1;1
14180;11681.33;50;1.21;1;1
14181;12072.34;50;1.17;1;1
14182;11681.33;50;1.21;1;1
14183;12121.21;50;1.17;1;1
14184;11681.33;50;1.21;1;1
14185;12121.21;50;1.17;1;1
14186;11730.21;50;1.21;1;1
14187;12170.09;50;1.17;1;1
14188;11681.33;50;1.22;1;1
14189;12072.34;50;1.17;1;1
14190;11730.21;50;1.21;1;1
14191;12072.34;50;1.17;1;1
14192;11583.58;50;1.21;1;1
14193;12023.46;50;1.16;1;1
14194;11583.58;50;1.20;1;1
14195;11974.58;50;1.16;1;1
14196;11681.33;50;1.20;1;1
14197;12072.34;50;1.17;1;1
14198;11632.45;50;1.21;1;1
14199;12072.34;50;1.16;1;1
14200;11632.45;50;1.21;1;1
14201;12121.21;50;1.16;1;1
14202;11632.45;50;1.21;1;1
14203;11827.96;50;1.16;1;1
14204;11730.21;50;1.18;1;1
14205;12023.46;50;1.17;1;1
14206;11681.33;50;1.20;1;1
14207;12218.96;50;1.17;1;1
14208;11681.33;50;1.22;1;1
14209;12170.09;50;1.17;1;1
14210;11681.33;50;1.22;1;1
14211;12267.84;50;1.17;1;1
14212;11730.21;50;1.23;1;1
14213;12267.84;50;1.17;1;1
14214;11681.33;50;1.23;1;1
14215;12218.96;50;1.17;1;1
14216;11730.21;50;1.22;1;1
14217;12267.84;50;1.17;1;1
14218;11681.33;50;1.23;1;1
14219;11974.58;50;1.17;1;1
14220;11779.08;50;1.20;1;1
14221;12267.84;50;1.18;1;1
14222;11779.08;50;1.23;1;1
14223;12365.59;50;1.18;1;1
14224;11730.21;50;1.24;1;1
14225;12365.59;50;1.17;1;1
14226;11779.08;50;1.24;1;1
14227;12365.59;50;1.18;1;1
14228;11779.08;50;1.24;1;1
14229;12365.59;50;1.18;1;1
14230;11827.96;50;1.24;1;1
14231;12316.71;50;1.18;1;1
14232;11974.58;50;1.23;1;1
14233;12707.72;50;1.20;1;1
14234;11876.83;50;1.27;1;1
14235;12365.59;50;1.19;1;1
14236;11876.83;50;1.24;1;1
14237;12365.59;50;1.19;1;1
14238;11876.83;50;1.24;1;1
14239;12365.59;50;1.19;1;1
14240;11925.71;50;1.24;1;1
14241;12414.47;50;1.19;1;1
14242;11974.58;50;1.24;1;1
14243;12316.71;50;1.20;1;1
14244;11925.71;50;1.23;1;1
14245;12414.47;50;1.19;1;1
14246;12072.34;50;1.24;1;1
14247;12512.22;50;1.21;1;1
14248;12072.34;50;1.25;1;1
14249;12512.22;50;1.21;1;1
14250;12072.34;50;1.25;1;1
14251;12463.34;50;1.21;1;1
14252;12072.34;50;1.25;1;1
14253;12561.09;50;1.21;1;1
14254;12170.09;50;1.26;1;1
14255;12512.22;50;1.22;1;1
14256;12267.84;50;1.25;1;1
14257;12658.85;50;1.23;1;1
14258;12365.59;50;1.27;1;1
14259;12707.72;50;1.24;1;1
14260;12170.09;50;1.27;1;1
14261;12512.22;50;1.22;1;1
14262;11925.71;50;1.25;1;1
14263;12512.22;50;1.19;1;1
14264;12170.09;50;1.25;1;1
14265;12463.34;50;1.22;1;1
14266;12316.71;50;1.25;1;1
14267;12463.34;50;1.23;1;1
14268;12365.59;50;1.25;1;1
14269;12463.34;50;1.24;1;1
14270;12365.59;50;1.25;1;1
14271;12170.09;50;1.24;1;1
14272;12512.22;50;1.22;1;1
14273;12414.47;50;1.25;1;1
14274;12414.47;50;1.24;1;1
14275;12365.59;50;1.24;1;1
14276;12463.34;50;1.24;1;1
14277;12365.59;50;1.25;1;1
14278;12561.09;50;1.24;1;1
14279;12316.71;50;1.26;1;1
14280;12609.97;50;1.23;1;1
14281;12267.84;50;1.26;1;1
14282;12609.97;50;1.23;1;1
14283;12267.84;50;1.26;1;1
14284;12561.09;50;1.23;1;1
14285;12316.71;50;1.26;1;1
14286;12609.97;50;1.23;1;1
14287;12316.71;50;1.26;1;1
14288;12609.97;50;1.23;1;1
14289;12267.84;50;1.26;1;1
14290;12707.72;50;1.23;1;1
14291;12316.71;50;1.27;1;1
14292;12707.72;50;1.23;1;1
14293;12316.71;50;1.27;1;1
14294;12609.97;50;1.23;1;1
14295;12218.96;50;1.26;1;1
14296;12756.60;50;1.22;1;1
14297;12121.21;50;1.28;1;1
14298;12463.34;50;1.21;1;1
14299;12170.09;50;1.25;1;1
14300;12609.97;50;1.22;1;1
14301;12121.21;50;1.26;1;1
14302;12609.97;50;1.21;1;1
14303;12121.21;50;1.26;1;1
14304;12561.09;50;1.21;1;1
14305;11974.58;50;1.26;1;1
14306;12561.09;50;1.20;1;1
14307;12072.34;50;1.26;1;1
14308;12609.97;50;1.21;1;1
14309;12023.46;50;1.26;1;1
14310;12609.97;50;1.20;1;1
14311;12121.21;50;1.26;1;1
14312;12561.09;50;1.21;1;1
14313;11974.58;50;1.26;1;1
14314;12512.22;50;1.20;1;1
14315;12072.34;50;1.25;1;1
14316;12561.09;50;1.21;1;1
14317;11974.58;50;1.26;1;1
14318;12609.97;50;1.20;1;1
14319;12121.21;50;1.26;1;1
14320;12609.97;50;1.21;1;1
14321;12121.21;50;1.26;1;1
14322;12658.85;50;1.21;1;1
14323;12121.21;50;1.27;1;1
14324;12707.72;50;1.21;1;1
14325;12072.34;50;1.27;1;1
14326;12658.85;50;1.21;1;1
14327;12072.34;50;1.27;1;1
14328;12561.09;50;1.21;1;1
14329;12072.34;50;1.26;1;1
14330;12561.09;50;1.21;1;1
14331;12072.34;50;1.26;1;1
14332;12609.97;50;1.21;1;1
14333;12072.34;50;1.26;1;1
14334;12609.97;50;1.21;1;1
14335;12023.46;50;1.26;1;1
14336;12561.09;50;1.20;1;1
14337;12023.46;50;1.26;1;1
14338;12609.97;50;1.20;1;1
14339;12170.09;50;1.26;1;1
14340;12707.72;50;1.22;1;1
14341;12218.96;50;1.27;1;1
14342;12561.09;50;1.22;1;1
14343;12170.09;50;1.26;1;1
14344;12707.72;50;1.22;1;1
14345;12121.21;50;1.27;1;1
14346;12658.85;50;1.21;1;1
14347;12267.84;50;1.27;1;1
14348;12707.72;50;1.23;1;1
14349;12365.59;50;1.27;1;1
14350;12756.60;50;1.24;1;1
14351;12218.96;50;1.28;1;1
14352;12756.60;50;1.22;1;1
14353;12170.09;50;1.28;1;1
14354;12854.35;50;1.22;1;1
14355;12267.84;50;1.29;1;1
14356;12756.60;50;1.23;1;1
14357;12218.96;50;1.28;1;1
14358;12609.97;50;1.22;1;1
14359;12023.46;50;1.26;1;1
14360;12658.85;50;1.20;1;1
14361;12072.34;50;1.27;1;1
14362;12561.09;50;1.21;1;1
14363;12121.21;50;1.26;1;1
14364;12609.97;50;1.21;1;1
14365;12121.21;50;1.26;1;1
14366;12756.60;50;1.21;1;1
14367;12267.84;50;1.28;1;1
14368;12512.22;50;1.23;1;1
14369;11876.83;50;1.25;1;1
14370;12365.59;50;1.19;1;1
14371;12121.21;50;1.24;1;1
14372;12365.59;50;1.21;1;1
14373;12414.47;50;1.24;1;1
14374;12658.85;50;1.24;1;1
14375;12414.47;50;1.27;1;1
14376;12707.72;50;1.24;1;1
14377;12365.59;50;1.27;1;1
14378;12756.60;50;1.24;1;1
14379;12218.96;50;1.28;1;1
14380;12658.85;50;1.22;1;1
14381;12365.59;50;1.27;1;1
14382;12658.85;50;1.24;1;1
14383;12365.59;50;1.27;1;1
14384;12854.35;50;1.24;1;1
14385;12365.59;50;1.29;1;1
14386;12756.60;50;1.24;1;1
14387;12316.71;50;1.28;1;1
14388;12756.60;50;1.23;1;1
14389;12414.47;50;1.28;1;1
14390;12707.72;50;1.24;1;1
14391;12316.71;50;1.27;1;1
14392;12756.60;50;1.23;1;1
14393;12267.84;50;1.28;1;1
14394;12854.35;50;1.23;1;1
14395;12316.71;50;1.29;1;1
14396;12707.72;50;1.23;1;1
14397;12414.47;50;1.27;1;1
14398;12609.97;50;1.24;1;1
14399;12561.09;50;1.26;1;1
14400;12805.47;50;1.26;1;1
14401;12561.09;50;1.28;1;1
14402;12756.60;50;1.26;1;1
14403;12561.09;50;1.28;1;1
14404;12707.72;50;1.26;1;1
14405;12561.09;50;1.27;1;1
14406;12609.97;50;1.26;1;1
14407;12463.34;50;1.26;1;1
14408;12561.09;50;1.25;1;1
14409;12609.97;50;1.26;1;1
14410;12512.22;50;1.26;1;1
14411;12463.34;50;1.25;1;1
14412;12561.09;50;1.25;1;1
14413;12561.09;50;1.26;1;1
14414;12512.22;50;1.26;1;1
14415;12512.22;50;1.25;1;1
14416;12463.34;50;1.25;1;1
14417;12463.34;50;1.25;1;1
14418;12561.09;50;1.25;1;1
14419;12512.22;50;1.26;1;1
14420;12463.34;50;1.25;1;1
14421;12463.34;50;1.25;1;1
14422;12512.22;50;1.25;1;1
14423;12414.47;50;1.25;1;1
14424;12414.47;50;1.24;1;1
14425;12512.22;50;1.24;1;1
14426;12365.59;50;1.25;1;1
14427;12512.22;50;1.24;1;1
14428;12414.47;50;1.25;1;1
14429;12463.34;50;1.24;1;1
14430;12170.09;50;1.25;1;1
14431;12561.09;50;1.22;1;1
14432;12218.96;50;1.26;1;1
14433;12512.22;50;1.22;1;1
14434;12267.84;50;1.25;1;1
14435;12463.34;50;1.23;1;1
14436;12072.34;50;1.25;1;1
14437;12609.97;50;1.21;1;1
14438;12121.21;50;1.26;1;1
14439;12365.59;50;1.21;1;1
14440;11974.58;50;1.24;1;1
14441;12414.47;50;1.20;1;1
14442;12121.21;50;1.24;1;1
14443;12463.34;50;1.21;1;1
14444;12072.34;50;1.25;1;1
14445;12414.47;50;1.21;1;1
14446;12072.34;50;1.24;1;1
14447;12561.09;50;1.21;1;1
14448;12023.46;50;1.26;1;1
14449;12414.47;50;1.20;1;1
14450;12023.46;50;1.24;1;1
14451;12463.34;50;1.20;1;1
14452;12023.46;50;1.25;1;1
14453;12414.47;50;1.20;1;1
14454;12072.34;50;1.24;1;1
14455;12414.47;50;1.21;1;1
14456;12170.09;50;1.24;1;1
14457;12463.34;50;1.22;1;1
14458;11974.58;50;1.25;1;1
14459;12414.47;50;1.20;1;1
14460;11974.58;50;1.24;1;1
14461;12218.96;50;1.20;1;1
14462;11925.71;50;1.22;1;1
14463;12463.34;50;1.19;1;1
14464;12023.46;50;1.25;1;1
14465;12463.34;50;1.20;1;1
14466;11876.83;50;1.25;1;1
14467;12463.34;50;1.19;1;1
14468;11925.71;50;1.25;1;1
14469;12365.59;50;1.19;1;1
14470;11925.71;50;1.24;1;1
14471;12463.34;50;1.19;1;1
14472;12023.46;50;1.25;1;1
14473;12463.34;50;1.20;1;1
14474;11974.58;50;1.25;1;1
14475;12365.59;50;1.20;1;1
14476;11876.83;50;1.24;1;1
14477;12609.97;50;1.19;1;1
14478;12170.09;50;1.26;1;1
14479;12414.47;50;1.22;1;1
14480;11876.83;50;1.24;1;1
14481;12414.47;50;1.19;1;1
14482;11925.71;50;1.24;1;1
14483;12365.59;50;1.19;1;1
14484;11827.96;50;1.24;1;1
14485;12463.34;50;1.18;1;1
14486;11827.96;50;1.25;1;1
14487;12414.47;50;1.18;1;1
14488;11974.58;50;1.24;1;1
14489;12463.34;50;1.20;1;1
14490;11925.71;50;1.25;1;1
14491;12267.84;50;1.19;1;1
14492;11534.70;50;1.23;1;1
14493;12316.71;50;1.15;1;1
14494;11876.83;50;1.23;1;1
14495;12463.34;50;1.19;1;1
14496;11876.83;50;1.25;1;1
14497;12463.34;50;1.19;1;1
14498;11876.83;50;1.25;1;1
14499;12365.59;50;1.19;1;1
14500;11876.83;50;1.24;1;1
14501;12414.47;50;1.19;1;1
14502;11876.83;50;1.24;1;1
14503;12463.34;50;1.19;1;1
14504;11876.83;50;1.25;1;1
14505;12512.22;50;1.19;1;1
14506;11925.71;50;1.25;1;1
14507;12414.47;50;1.19;1;1
14508;11925.71;50;1.24;1;1
14509;12365.59;50;1.19;1;1
14510;11827.96;50;1.24;1;1
14511;12463.34;50;1.18;1;1
14512;11730.21;50;1.25;1;1
14513;12316.71;50;1.17;1;1
14514;11827.96;50;1.23;1;1
14515;12316.71;50;1.18;1;1
14516;11876.83;50;1.23;1;1
14517;12414.47;50;1.19;1;1
14518;11827.96;50;1.24;1;1
14519;12316.71;50;1.18;1;1
14520;11827.96;50;1.23;1;1
14521;12365.59;50;1.18;1;1
14522;11779.08;50;1.24;1;1
14523;12316.71;50;1.18;1;1
14524;11534.70;50;1.23;1;1
14525;11974.58;50;1.15;1;1
14526;11779.08;50;1.20;1;1
14527;11925.71;50;1.18;1;1
14528;11681.33;50;1.19;1;1
14529;12170.09;50;1.17;1;1
14530;11876.83;50;1.22;1;1
14531;12218.96;50;1.19;1;1
14532;11779.08;50;1.22;1;1
14533;12170.09;50;1.18;1;1
14534;11925.71;50;1.22;1;1
14535;11974.58;50;1.19;1;1
14536;11730.21;50;1.20;1;1
14537;11925.71;50;1.17;1;1
14538;11632.45;50;1.19;1;1
14539;12170.09;50;1.16;1;1
14540;11730.21;50;1.22;1;1
14541;12170.09;50;1.17;1;1
14542;11730.21;50;1.22;1;1
14543;11974.58;50;1.17;1;1
14544;11827.96;50;1.20;1;1
14545;11974.58;50;1.18;1;1
14546;11925.71;50;1.20;1;1
14547;11925.71;50;1.19;1;1
14548;11925.71;50;1.19;1;1
14549;11974.58;50;1.19;1;1
14550;11925.71;50;1.20;1;1
14551;11827.96;50;1.19;1;1
14552;11779.08;50;1.18;1;1
14553;11779.08;50;1.18;1;1
14554;11876.83;50;1.18;1;1
14555;11730.21;50;1.19;1;1
14556;11827.96;50;1.17;1;1
14557;11681.33;50;1.18;1;1
14558;11827.96;50;1.17;1;1
14559;11779.08;50;1.18;1;1
14560;12072.34;50;1.18;1;1
14561;11681.33;50;1.21;1;1
14562;11974.58;50;1.17;1;1
14563;11779.08;50;1.20;1;1
14564;11876.83;50;1.18;1;1
14565;11779.08;50;1.19;1;1
14566;11974.58;50;1.18;1;1
14567;11534.70;50;1.20;1;1
14568;11974.58;50;1.15;1;1
14569;11681.33;50;1.20;1;1
14570;11925.71;50;1.17;1;1
14571;11583.58;50;1.19;1;1
14572;11779.08;50;1.16;1;1
14573;11534.70;50;1.18;1;1
14574;11876.83;50;1.15;1;1
14575;11534.70;50;1.19;1;1
14576;11876.83;50;1.15;1;1
14577;11534.70;50;1.19;1;1
14578;11876.83;50;1.15;1;1
14579;11143.70;50;1.19;1;1
14580;11925.71;50;1.11;1;1
14581;11436.95;50;1.19;1;1
14582;11876.83;50;1.14;1;1
14583;11388.07;50;1.19;1;1
14584;11730.21;50;1.14;1;1
14585;11534.70;50;1.17;1;1
14586;11779.08;50;1.15;1;1
14587;11388.07;50;1.18;1;1
14588;11632.45;50;1.14;1;1
14589;11388.07;50;1.16;1;1
14590;11779.08;50;1.14;1;1
14591;11436.95;50;1.18;1;1
14592;11827.96;50;1.14;1;1
14593;11534.70;50;1.18;1;1
14594;11681.33;50;1.15;1;1
14595;11632.45;50;1.17;1;1
14596;11779.08;50;1.16;1;1
14597;11534.70;50;1.18;1;1
14598;11730.21;50;1.15;1;1
14599;11534.70;50;1.17;1;1
14600;11730.21;50;1.15;1;1
14601;11534.70;50;1.17;1;1
14602;11827.96;50;1.15;1;1
14603;11485.83;50;1.18;1;1
14604;11730.21;50;1.15;1;1
14605;11436.95;50;1.17;1;1
14606;11827.96;50;1.14;1;1
14607;11485.83;50;1.18;1;1
14608;11876.83;50;1.15;1;1
14609;11436.95;50;1.19;1;1
14610;11925.71;50;1.14;1;1
14611;11388.07;50;1.19;1;1
14612;11925.71;50;1.14;1;1
14613;11436.95;50;1.19;1;1
14614;11827.96;50;1.14;1;1
14615;11485.83;50;1.18;1;1
14616;11876.83;50;1.15;1;1
14617;11388.07;50;1.19;1;1
14618;11925.71;50;1.14;1;1
14619;11485.83;50;1.19;1;1
14620;11925.71;50;1.15;1;1
14621;11583.58;50;1.19;1;1
14622;11925.71;50;1.16;1;1
14623;11583.58;50;1.19;1;1
14624;11974.58;50;1.16;1;1
14625;11534.70;50;1.20;1;1
14626;11876.83;50;1.15;1;1
14627;11436.95;50;1.19;1;1
14628;11974.58;50;1.14;1;1
14629;11632.45;50;1.20;1;1
14630;11925.71;50;1.16;1;1
14631;11583.58;50;1.19;1;1
14632;11925.71;50;1.16;1;1
14633;11485.83;50;1.19;1;1
14634;11974.58;50;1.15;1;1
14635;11436.95;50;1.20;1;1
14636;12121.21;50;1.14;1;1
14637;11388.07;50;1.21;1;1
14638;12072.34;50;1.14;1;1
14639;11436.95;50;1.21;1;1
14640;12023.46;50;1.14;1;1
14641;11241.45;50;1.20;1;1
14642;12023.46;50;1.12;1;1
14643;11485.83;50;1.20;1;1
14644;12023.46;50;1.15;1;1
14645;11534.70;50;1.20;1;1
14646;11974.58;50;1.15;1;1
14647;11485.83;50;1.20;1;1
14648;11974.58;50;1.15;1;1
14649;11485.83;50;1.20;1;1
14650;12072.34;50;1.15;1;1
14651;11094.82;50;1.21;1;1
14652;11974.58;50;1.11;1;1
14653;11388.07;50;1.20;1;1
14654;11974.58;50;1.14;1;1
14655;11485.83;50;1.20;1;1
14656;12023.46;50;1.15;1;1
14657;11534.70;50;1.20;1;1
14658;12023.46;50;1.15;1;1
14659;11388.07;50;1.20;1;1
14660;11974.58;50;1.14;1;1
14661;11388.07;50;1.20;1;1
14662;11876.83;50;1.14;1;1
14663;11534.70;50;1.19;1;1
14664;11974.58;50;1.15;1;1
14665;11436.95;50;1.20;1;1
14666;11876.83;50;1.14;1;1
14667;11485.83;50;1.19;1;1
14668;12023.46;50;1.15;1;1
14669;11388.07;50;1.20;1;1
14670;11925.71;50;1.14;1;1
14671;11436.95;50;1.19;1;1
14672;11974.58;50;1.14;1;1
14673;11388.07;50;1.20;1;1
14674;11925.71;50;1.14;1;1
14675;11388.07;50;1.19;1;1
14676;11779.08;50;1.14;1;1
14677;11388.07;50;1.18;1;1
14678;11876.83;50;1.14;1;1
14679;11339.20;50;1.19;1;1
14680;11876.83;50;1.13;1;1
14681;11339.20;50;1.19;1;1
14682;11925.71;50;1.13;1;1
14683;11339.20;50;1.19;1;1
14684;11974.58;50;1.13;1;1
14685;11339.20;50;1.20;1;1
14686;11730.21;50;1.13;1;1
14687;11241.45;50;1.17;1;1
14688;11827.96;50;1.12;1;1
14689;11290.32;50;1.18;1;1
14690;11730.21;50;1.13;1;1
14691;11094.82;50;1.17;1;1
14692;11730.21;50;1.11;1;1
14693;11339.20;50;1.17;1;1
14694;11681.33;50;1.13;1;1
14695;11290.32;50;1.17;1;1
14696;11534.70;50;1.13;1;1
14697;11388.07;50;1.15;1;1
14698;11681.33;50;1.14;1;1
14699;11290.32;50;1.17;1;1
14700;11974.58;50;1.13;1;1
14701;11339.20;50;1.20;1;1
14702;11681.33;50;1.13;1;1
14703;11339.20;50;1.17;1;1
14704;11827.96;50;1.13;1;1
14705;11436.95;50;1.18;1;1
14706;11730.21;50;1.14;1;1
14707;11485.83;50;1.17;1;1
14708;11779.08;50;1.15;1;1
14709;11485.83;50;1.18;1;1
14710;11681.33;50;1.15;1;1
14711;11436.95;50;1.17;1;1
14712;11632.45;50;1.14;1;1
14713;11094.82;50;1.16;1;1
14714;11681.33;50;1.11;1;1
14715;11436.95;50;1.17;1;1
14716;11632.45;50;1.14;1;1
14717;11583.58;50;1.16;1;1
14718;11485.83;50;1.16;1;1
14719;11632.45;50;1.15;1;1
14720;11583.58;50;1.16;1;1
14721;11534.70;50;1.16;1;1
14722;11681.33;50;1.15;1;1
14723;11681.33;50;1.17;1;1
14724;11632.45;50;1.17;1;1
14725;11827.96;50;1.16;1;1
14726;11583.58;50;1.18;1;1
14727;11730.21;50;1.16;1;1
14728;11534.70;50;1.17;1;1
14729;11681.33;50;1.15;1;1
14730;11436.95;50;1.17;1;1
14731;11730.21;50;1.14;1;1
14732;11534.70;50;1.17;1;1
14733;11583.58;50;1.15;1;1
14734;11485.83;50;1.16;1;1
14735;11925.71;50;1.15;1;1
14736;11583.58;50;1.19;1;1
14737;11681.33;50;1.16;1;1
14738;11534.70;50;1.17;1;1
14739;11827.96;50;1.15;1;1
14740;11583.58;50;1.18;1;1
14741;11876.83;50;1.16;1;1
14742;11583.58;50;1.19;1;1
14743;11925.71;50;1.16;1;1
14744;11436.95;50;1.19;1;1
14745;11827.96;50;1.14;1;1
14746;11436.95;50;1.18;1;1
14747;11876.83;50;1.14;1;1
14748;11583.58;50;1.19;1;1
14749;11974.58;50;1.16;1;1
14750;11436.95;50;1.20;1;1
14751;11925.71;50;1.14;1;1
14752;11436.95;50;1.19;1;1
14753;11925.71;50;1.14;1;1
14754;11436.95;50;1.19;1;1
14755;11925.71;50;1.14;1;1
14756;11485.83;50;1.19;1;1
14757;11876.83;50;1.15;1;1
14758;11241.45;50;1.19;1;1
14759;11827.96;50;1.12;1;1
14760;11436.95;50;1.18;1;1
14761;11827.96;50;1.14;1;1
14762;11534.70;50;1.18;1;1
14763;11974.58;50;1.15;1;1
14764;11436.95;50;1.20;1;1
14765;11827.96;50;1.14;1;1
14766;11388.07;50;1.18;1;1
14767;11925.71;50;1.14;1;1
14768;11436.95;50;1.19;1;1
14769;12023.46;50;1.14;1;1
14770;11436.95;50;1.20;1;1
14771;11974.58;50;1.14;1;1
14772;11339.20;50;1.20;1;1
14773;11827.96;50;1.13;1;1
14774;11485.83;50;1.18;1;1
14775;11876.83;50;1.15;1;1
14776;11388.07;50;1.19;1;1
14777;11827.96;50;1.14;1;1
14778;11339.20;50;1.18;1;1
14779;11730.21;50;1.13;1;1
14780;11339.20;50;1.17;1;1
14781;11876.83;50;1.13;1;1
14782;11339.20;50;1.19;1;1
14783;11876.83;50;1.13;1;1
14784;11339.20;50;1.19;1;1
14785;11925.71;50;1.13;1;1
14786;11290.32;50;1.19;1;1
14787;11876.83;50;1.13;1;1
14788;11241.45;50;1.19;1;1
14789;11827.96;50;1.12;1;1
14790;11094.82;50;1.18;1;1
14791;11876.83;50;1.11;1;1
14792;11436.95;50;1.19;1;1
14793;11925.71;50;1.14;1;1
14794;11388.07;50;1.19;1;1
14795;11974.58;50;1.14;1;1
14796;11388.07;50;1.20;1;1
14797;11779.08;50;1.14;1;1
14798;11290.32;50;1.18;1;1
14799;11876.83;50;1.13;1;1
14800;11290.32;50;1.19;1;1
14801;11876.83;50;1.13;1;1
14802;11339.20;50;1.19;1;1
14803;11925.71;50;1.13;1;1
14804;11339.20;50;1.19;1;1
14805;11925.71;50;1.13;1;1
14806;11290.32;50;1.19;1;1
14807;11925.71;50;1.13;1;1
14808;11388.07;50;1.19;1;1
14809;11827.96;50;1.14;1;1
14810;11388.07;50;1.18;1;1
14811;11925.71;50;1.14;1;1
14812;11388.07;50;1.19;1;1
14813;11876.83;50;1.14;1;1
14814;11339.20;50;1.19;1;1
14815;11876.83;50;1.13;1;1
14816;11436.95;50;1.19;1;1
14817;11876.83;50;1.14;1;1
14818;11436.95;50;1.19;1;1
14819;11925.71;50;1.14;1;1
14820;11485.83;50;1.19;1;1
14821;11779.08;50;1.15;1;1
14822;11192.57;50;1.18;1;1
14823;11827.96;50;1.12;1;1
14824;11388.07;50;1.18;1;1
14825;11779.08;50;1.14;1;1
14826;11485.83;50;1.18;1;1
14827;11779.08;50;1.15;1;1
14828;11632.45;50;1.18;1;1
14829;11730.21;50;1.16;1;1
14830;11485.83;50;1.17;1;1
14831;11681.33;50;1.15;1;1
14832;11583.58;50;1.17;1;1
14833;11632.45;50;1.16;1;1
14834;11730.21;50;1.16;1;1
14835;11583.58;50;1.17;1;1
14836;11632.45;50;1.16;1;1
14837;11583.58;50;1.16;1;1
14838;11681.33;50;1.16;1;1
14839;11681.33;50;1.17;1;1
14840;11632.45;50;1.17;1;1
14841;11632.45;50;1.16;1;1
14842;11583.58;50;1.16;1;1
14843;11339.20;50;1.16;1;1
14844;11730.21;50;1.13;1;1
14845;11583.58;50;1.17;1;1
14846;11827.96;50;1.16;1;1
14847;11534.70;50;1.18;1;1
14848;11827.96;50;1.15;1;1
14849;11583.58;50;1.18;1;1
14850;11730.21;50;1.16;1;1
14851;11436.95;50;1.17;1;1
14852;11730.21;50;1.14;1;1
14853;11436.95;50;1.17;1;1
14854;11925.71;50;1.14;1;1
14855;11583.58;50;1.19;1;1
14856;11925.71;50;1.16;1;1
14857;11534.70;50;1.19;1;1
14858;11779.08;50;1.15;1;1
14859;11436.95;50;1.18;1;1
14860;11779.08;50;1.14;1;1
14861;11339.20;50;1.18;1;1
14862;11827.96;50;1.13;1;1
14863;11388.07;50;1.18;1;1
14864;11876.83;50;1.14;1;1
14865;11388.07;50;1.19;1;1
14866;11925.71;50;1.14;1;1
14867;11290.32;50;1.19;1;1
14868;11876.83;50;1.13;1;1
14869;11339.20;50;1.19;1;1
14870;11925.71;50;1.13;1;1
14871;11436.95;50;1.19;1;1
14872;12072.34;50;1.14;1;1
14873;11485.83;50;1.21;1;1
14874;12023.46;50;1.15;1;1
14875;11485.83;50;1.20;1;1
14876;12072.34;50;1.15;1;1
14877;11485.83;50;1.21;1;1
14878;12072.34;50;1.15;1;1
14879;11485.83;50;1.21;1;1
14880;12170.09;50;1.15;1;1
14881;11583.58;50;1.22;1;1
14882;12121.21;50;1.16;1;1
14883;11485.83;50;1.21;1;1
14884;12072.34;50;1.15;1;1
14885;11681.33;50;1.21;1;1
14886;12072.34;50;1.17;1;1
14887;11730.21;50;1.21;1;1
14888;12170.09;50;1.17;1;1
14889;11632.45;50;1.22;1;1
14890;12072.34;50;1.16;1;1
14891;11632.45;50;1.21;1;1
14892;11974.58;50;1.16;1;1
14893;11583.58;50;1.20;1;1
14894;11827.96;50;1.16;1;1
14895;11534.70;50;1.18;1;1
14896;12072.34;50;1.15;1;1
14897;11583.58;50;1.21;1;1
14898;12023.46;50;1.16;1;1
14899;11534.70;50;1.20;1;1
14900;11925.71;50;1.15;1;1
14901;11436.95;50;1.19;1;1
14902;11925.71;50;1.14;1;1
14903;11436.95;50;1.19;1;1
14904;12023.46;50;1.14;1;1
14905;11632.45;50;1.20;1;1
14906;11974.58;50;1.16;1;1
14907;11485.83;50;1.20;1;1
14908;11876.83;50;1.15;1;1
14909;11485.83;50;1.19;1;1
14910;11779.08;50;1.15;1;1
14911;11339.20;50;1.18;1;1
14912;11925.71;50;1.13;1;1
14913;11534.70;50;1.19;1;1
14914;11730.21;50;1.15;1;1
14915;11485.83;50;1.17;1;1
14916;11681.33;50;1.15;1;1
14917;11485.83;50;1.17;1;1
14918;11681.33;50;1.15;1;1
14919;11436.95;50;1.17;1;1
14920;11876.83;50;1.14;1;1
14921;11583.58;50;1.19;1;1
14922;11827.96;50;1.16;1;1
14923;11534.70;50;1.18;1;1
14924;11779.08;50;1.15;1;1
14925;11632.45;50;1.18;1;1
14926;11583.58;50;1.16;1;1
14927;11583.58;50;1.16;1;1
14928;11730.21;50;1.16;1;1
14929;11681.33;50;1.17;1;1
14930;11534.70;50;1.17;1;1
14931;11632.45;50;1.15;1;1
14932;11779.08;50;1.16;1;1
14933;11632.45;50;1.18;1;1
14934;11779.08;50;1.16;1;1
14935;11681.33;50;1.18;1;1
14936;11779.08;50;1.17;1;1
14937;11632.45;50;1.18;1;1
14938;11779.08;50;1.16;1;1
14939;11730.21;50;1.18;1;1
14940;11681.33;50;1.17;1;1
14941;11730.21;50;1.17;1;1
14942;11730.21;50;1.17;1;1
14943;11681.33;50;1.17;1;1
14944;11681.33;50;1.17;1;1
14945;11925.71;50;1.17;1;1
14946;11632.45;50;1.19;1;1
14947;11876.83;50;1.16;1;1
14948;11583.58;50;1.19;1;1
14949;11925.71;50;1.16;1;1
14950;11583.58;50;1.19;1;1
14951;11876.83;50;1.16;1;1
14952;11534.70;50;1.19;1;1
14953;11925.71;50;1.15;1;1
14954;11583.58;50;1.19;1;1
14955;11925.71;50;1.16;1;1
14956;11583.58;50;1.19;1;1
14957;11974.58;50;1.16;1;1
14958;11632.45;50;1.20;1;1
14959;11974.58;50;1.16;1;1
14960;11632.45;50;1.20;1;1
14961;12023.46;50;1.16;1;1
14962;11681.33;50;1.20;1;1
14963;12023.46;50;1.17;1;1
14964;11632.45;50;1.20;1;1
14965;12072.34;50;1.16;1;1
14966;11583.58;50;1.21;1;1
14967;12072.34;50;1.16;1;1
14968;11534.70;50;1.21;1;1
14969;12023.46;50;1.15;1;1
14970;11485.83;50;1.20;1;1
14971;12072.34;50;1.15;1;1
14972;11583.58;50;1.21;1;1
14973;12072.34;50;1.16;1;1
14974;11534.70;50;1.21;1;1
14975;12170.09;50;1.15;1;1
14976;11534.70;50;1.22;1;1
14977;12072.34;50;1.15;1;1
14978;11485.83;50;1.21;1;1
14979;12121.21;50;1.15;1;1
14980;11583.58;50;1.21;1;1
14981;12072.34;50;1.16;1;1
14982;11681.33;50;1.21;1;1
14983;12267.84;50;1.17;1;1
14984;11681.33;50;1.23;1;1
14985;12218.96;50;1.17;1;1
14986;11681.33;50;1.22;1;1
14987;12218.96;50;1.17;1;1
14988;11779.08;50;1.22;1;1
14989;12267.84;50;1.18;1;1
14990;11827.96;50;1.23;1;1
14991;12121.21;50;1.18;1;1
14992;11681.33;50;1.21;1;1
14993;12121.21;50;1.17;1;1
14994;11681.33;50;1.21;1;1
14995;12170.09;50;1.17;1;1
14996;11779.08;50;1.22;1;1
14997;12072.34;50;1.18;1;1
14998;11681.33;50;1.21;1;1
14999;12121.21;50;1.17;1;1
15000;11876.83;50;1.21;1;1
15001;12170.09;50;1.19;1;1
15002;11779.08;50;1.22;1;1
15003;12072.34;50;1.18;1;1
15004;11730.21;50;1.21;1;1
15005;12121.21;50;1.17;1;1
15006;11583.58;50;1.21;1;1
15007;12023.46;50;1.16;1;1
15008;11583.58;50;1.20;1;1
15009;11925.71;50;1.16;1;1
15010;11534.70;50;1.19;1;1
15011;12023.46;50;1.15;1;1
15012;11485.83;50;1.20;1;1
15013;12023.46;50;1.15;1;1
15014;11681.33;50;1.20;1;1
15015;12072.34;50;1.17;1;1
15016;11534.70;50;1.21;1;1
15017;12121.21;50;1.15;1;1
15018;11583.58;50;1.21;1;1
15019;12072.34;50;1.16;1;1
15020;11583.58;50;1.21;1;1
15021;12072.34;50;1.16;1;1
15022;11583.58;50;1.21;1;1
15023;12072.34;50;1.16;1;1
15024;11485.83;50;1.21;1;1
15025;11827.96;50;1.15;1;1
15026;11632.45;50;1.18;1;1
15027;11974.58;50;1.16;1;1
15028;11583.58;50;1.20;1;1
15029;11925.71;50;1.16;1;1
15030;11730.21;50;1.19;1;1
15031;11827.96;50;1.17;1;1
15032;11632.45;50;1.18;1;1
15033;11681.33;50;1.16;1;1
15034;11681.33;50;1.17;1;1
15035;11730.21;50;1.17;1;1
15036;11632.45;50;1.17;1;1
15037;11681.33;50;1.16;1;1
15038;11681.33;50;1.17;1;1
15039;11730.21;50;1.17;1;1
15040;11583.58;50;1.17;1;1
15041;11827.96;50;1.16;1;1
15042;11632.45;50;1.18;1;1
15043;11730.21;50;1.16;1;1
15044;11730.21;50;1.17;1;1
15045;11730.21;50;1.17;1;1
15046;11534.70;50;1.17;1;1
15047;11681.33;50;1.15;1;1
15048;11730.21;50;1.17;1;1
15049;11583.58;50;1.17;1;1
15050;11730.21;50;1.16;1;1
15051;11779.08;50;1.17;1;1
15052;11485.83;50;1.18;1;1
15053;11485.83;50;1.15;1;1
15054;11534.70;50;1.15;1;1
15055;11485.83;50;1.15;1;1
15056;11485.83;50;1.15;1;1
15057;11534.70;50;1.15;1;1
15058;11583.58;50;1.15;1;1
15059;11436.95;50;1.16;1;1
15060;11583.58;50;1.14;1;1
15061;11388.07;50;1.16;1;1
15062;11632.45;50;1.14;1;1
15063;11436.95;50;1.16;1;1
15064;11681.33;50;1.14;1;1
15065;11339.20;50;1.17;1;1
15066;11534.70;50;1.13;1;1
15067;11388.07;50;1.15;1;1
15068;11583.58;50;1.14;1;1
15069;11339.20;50;1.16;1;1
15070;11485.83;50;1.13;1;1
15071;11290.32;50;1.15;1;1
15072;11632.45;50;1.13;1;1
15073;11339.20;50;1.16;1;1
15074;11534.70;50;1.13;1;1
15075;11339.20;50;1.15;1;1
15076;11632.45;50;1.13;1;1
15077;11388.07;50;1.16;1;1
15078;11632.45;50;1.14;1;1
15079;11339.20;50;1.16;1;1
15080;11827.96;50;1.13;1;1
15081;11241.45;50;1.18;1;1
15082;11583.58;50;1.12;1;1
15083;11143.70;50;1.16;1;1
15084;11388.07;50;1.11;1;1
15085;11241.45;50;1.14;1;1
15086;11681.33;50;1.12;1;1
15087;11241.45;50;1.17;1;1
15088;11583.58;50;1.12;1;1
15089;11192.57;50;1.16;1;1
15090;11779.08;50;1.12;1;1
15091;11485.83;50;1.18;1;1
15092;11827.96;50;1.15;1;1
15093;11290.32;50;1.18;1;1
15094;11779.08;50;1.13;1;1
15095;11436.95;50;1.18;1;1
15096;11632.45;50;1.14;1;1
15097;11436.95;50;1.16;1;1
15098;11827.96;50;1.14;1;1
15099;11436.95;50;1.18;1;1
15100;11827.96;50;1.14;1;1
15101;11436.95;50;1.18;1;1
15102;11974.58;50;1.14;1;1
15103;11436.95;50;1.20;1;1
15104;11779.08;50;1.14;1;1
15105;11485.83;50;1.18;1;1
15106;11779.08;50;1.15;1;1
15107;11583.58;50;1.18;1;1
15108;11925.71;50;1.16;1;1
15109;11534.70;50;1.19;1;1
15110;12023.46;50;1.15;1;1
15111;11436.95;50;1.20;1;1
15112;12072.34;50;1.14;1;1
15113;11534.70;50;1.21;1;1
15114;11974.58;50;1.15;1;1
15115;11534.70;50;1.20;1;1
15116;11974.58;50;1.15;1;1
15117;11534.70;50;1.20;1;1
15118;11974.58;50;1.15;1;1
15119;11534.70;50;1.20;1;1
15120;11925.71;50;1.15;1;1
15121;11388.07;50;1.19;1;1
15122;11925.71;50;1.14;1;1
15123;11388.07;50;1.19;1;1
15124;11876.83;50;1.14;1;1
15125;11339.20;50;1.19;1;1
15126;11974.58;50;1.13;1;1
15127;11388.07;50;1.20;1;1
15128;11827.96;50;1.14;1;1
15129;11339.20;50;1.18;1;1
15130;11876.83;50;1.13;1;1
15131;11388.07;50;1.19;1;1
15132;11827.96;50;1.14;1;1
15133;11290.32;50;1.18;1;1
15134;11876.83;50;1.13;1;1
15135;11241.45;50;1.19;1;1
15136;11779.08;50;1.12;1;1
15137;11290.32;50;1.18;1;1
15138;11876.83;50;1.13;1;1
15139;11241.45;50;1.19;1;1
15140;11827.96;50;1.12;1;1
15141;11339.20;50;1.18;1;1
15142;11730.21;50;1.13;1;1
15143;11241.45;50;1.17;1;1
15144;11876.83;50;1.12;1;1
15145;11290.32;50;1.19;1;1
15146;11779.08;50;1.13;1;1
15147;11290.32;50;1.18;1;1
15148;11779.08;50;1.13;1;1
15149;11241.45;50;1.18;1;1
15150;11779.08;50;1.12;1;1
15151;11290.32;50;1.18;1;1
15152;11730.21;50;1.13;1;1
15153;11241.45;50;1.17;1;1
15154;11681.33;50;1.12;1;1
15155;11143.70;50;1.17;1;1
15156;11730.21;50;1.11;1;1
15157;11143.70;50;1.17;1;1
15158;11681.33;50;1.11;1;1
15159;11290.32;50;1.17;1;1
15160;11730.21;50;1.13;1;1
15161;11143.70;50;1.17;1;1
15162;11681.33;50;1.11;1;1
15163;11143.70;50;1.17;1;1
15164;11681.33;50;1.11;1;1
15165;11094.82;50;1.17;1;1
15166;11681.33;50;1.11;1;1
15167;11045.94;50;1.17;1;1
15168;11681.33;50;1.10;1;1
15169;11045.94;50;1.17;1;1
15170;11730.21;50;1.10;1;1
15171;11241.45;50;1.17;1;1
15172;11485.83;50;1.12;1;1
15173;11241.45;50;1.15;1;1
15174;11632.45;50;1.12;1;1
15175;11094.82;50;1.16;1;1
15176;11534.70;50;1.11;1;1
15177;11241.45;50;1.15;1;1
15178;11485.83;50;1.12;1;1
15179;11388.07;50;1.15;1;1
15180;11681.33;50;1.14;1;1
15181;11436.95;50;1.17;1;1
15182;11632.45;50;1.14;1;1
15183;11485.83;50;1.16;1;1
15184;11583.58;50;1.15;1;1
15185;11534.70;50;1.16;1;1
15186;11632.45;50;1.15;1;1
15187;11485.83;50;1.16;1;1
15188;11583.58;50;1.15;1;1
15189;11583.58;50;1.16;1;1
15190;11583.58;50;1.16;1;1
15191;11485.83;50;1.16;1;1
15192;11534.70;50;1.15;1;1
15193;11534.70;50;1.15;1;1
15194;11534.70;50;1.15;1;1
15195;11534.70;50;1.15;1;1
15196;11339.20;50;1.15;1;1
15197;11436.95;50;1.13;1;1
15198;11534.70;50;1.14;1;1
15199;11583.58;50;1.15;1;1
15200;11485.83;50;1.16;1;1
15201;11681.33;50;1.15;1;1
15202;11534.70;50;1.17;1;1
15203;11730.21;50;1.15;1;1
15204;11436.95;50;1.17;1;1
15205;11681.33;50;1.14;1;1
15206;11485.83;50;1.17;1;1
15207;11632.45;50;1.15;1;1
15208;11534.70;50;1.16;1;1
15209;11681.33;50;1.15;1;1
15210;11485.83;50;1.17;1;1
15211;11681.33;50;1.15;1;1
15212;11583.58;50;1.17;1;1
15213;11730.21;50;1.16;1;1
15214;11632.45;50;1.17;1;1
15215;11730.21;50;1.16;1;1
15216;11583.58;50;1.17;1;1
15217;11730.21;50;1.16;1;1
15218;11681.33;50;1.17;1;1
15219;11730.21;50;1.17;1;1
15220;11534.70;50;1.17;1;1
15221;11779.08;50;1.15;1;1
15222;11583.58;50;1.18;1;1
15223;11827.96;50;1.16;1;1
15224;11583.58;50;1.18;1;1
15225;11827.96;50;1.16;1;1
15226;11436.95;50;1.18;1;1
15227;11876.83;50;1.14;1;1
15228;11388.07;50;1.19;1;1
15229;11827.96;50;1.14;1;1
15230;11485.83;50;1.18;1;1
15231;11876.83;50;1.15;1;1
15232;11534.70;50;1.19;1;1
15233;11827.96;50;1.15;1;1
15234;11436.95;50;1.18;1;1
15235;11925.71;50;1.14;1;1
15236;11583.58;50;1.19;1;1
15237;11974.58;50;1.16;1;1
15238;11436.95;50;1.20;1;1
15239;11827.96;50;1.14;1;1
15240;11485.83;50;1.18;1;1
15241;11779.08;50;1.15;1;1
15242;11436.95;50;1.18;1;1
15243;11876.83;50;1.14;1;1
15244;11485.83;50;1.19;1;1
15245;12072.34;50;1.15;1;1
15246;11485.83;50;1.21;1;1
15247;11974.58;50;1.15;1;1
15248;11436.95;50;1.20;1;1
15249;11925.71;50;1.14;1;1
15250;11388.07;50;1.19;1;1
15251;11827.96;50;1.14;1;1
15252;11339.20;50;1.18;1;1
15253;11779.08;50;1.13;1;1
15254;11388.07;50;1.18;1;1
15255;11827.96;50;1.14;1;1
15256;11339.20;50;1.18;1;1
15257;11827.96;50;1.13;1;1
15258;11339.20;50;1.18;1;1
15259;11779.08;50;1.13;1;1
15260;11290.32;50;1.18;1;1
15261;11730.21;50;1.13;1;1
15262;11143.70;50;1.17;1;1
15263;11876.83;50;1.11;1;1
15264;11290.32;50;1.19;1;1
15265;11779.08;50;1.13;1;1
15266;11339.20;50;1.18;1;1
15267;11827.96;50;1.13;1;1
15268;11290.32;50;1.18;1;1
15269;11925.71;50;1.13;1;1
15270;11290.32;50;1.19;1;1
15271;11827.96;50;1.13;1;1
15272;11290.32;50;1.18;1;1
15273;11779.08;50;1.13;1;1
15274;11094.82;50;1.18;1;1
15275;11730.21;50;1.11;1;1
15276;11241.45;50;1.17;1;1
15277;11730.21;50;1.12;1;1
15278;11192.57;50;1.17;1;1
15279;11779.08;50;1.12;1;1
15280;11388.07;50;1.18;1;1
15281;11827.96;50;1.14;1;1
15282;11388.07;50;1.18;1;1
15283;11779.08;50;1.14;1;1
15284;11241.45;50;1.18;1;1
15285;11730.21;50;1.12;1;1
15286;11241.45;50;1.17;1;1
15287;11681.33;50;1.12;1;1
15288;11339.20;50;1.17;1;1
15289;11534.70;50;1.13;1;1
15290;11290.32;50;1.15;1;1
15291;11681.33;50;1.13;1;1
15292;11388.07;50;1.17;1;1
15293;11583.58;50;1.14;1;1
15294;11192.57;50;1.16;1;1
15295;11485.83;50;1.12;1;1
15296;11192.57;50;1.15;1;1
15297;11583.58;50;1.12;1;1
15298;11192.57;50;1.16;1;1
15299;11485.83;50;1.12;1;1
15300;11290.32;50;1.15;1;1
15301;11534.70;50;1.13;1;1
15302;11339.20;50;1.15;1;1
15303;11632.45;50;1.13;1;1
15304;11436.95;50;1.16;1;1
15305;11485.83;50;1.14;1;1
15306;11339.20;50;1.15;1;1
15307;11436.95;50;1.13;1;1
15308;11485.83;50;1.14;1;1
15309;11388.07;50;1.15;1;1
15310;11436.95;50;1.14;1;1
15311;11534.70;50;1.14;1;1
15312;11388.07;50;1.15;1;1
15313;11485.83;50;1.14;1;1
15314;11388.07;50;1.15;1;1
15315;11485.83;50;1.14;1;1
15316;11436.95;50;1.15;1;1
15317;11436.95;50;1.14;1;1
15318;11485.83;50;1.14;1;1
15319;11583.58;50;1.15;1;1
15320;11388.07;50;1.16;1;1
15321;11485.83;50;1.14;1;1
15322;11436.95;50;1.15;1;1
15323;11388.07;50;1.14;1;1
15324;11388.07;50;1.14;1;1
15325;11388.07;50;1.14;1;1
15326;11436.95;50;1.14;1;1
15327;11436.95;50;1.14;1;1
15328;11436.95;50;1.14;1;1
15329;11436.95;50;1.14;1;1
15330;11485.83;50;1.14;1;1
15331;11388.07;50;1.15;1;1
15332;11534.70;50;1.14;1;1
15333;11339.20;50;1.15;1;1
15334;11534.70;50;1.13;1;1
15335;11388.07;50;1.15;1;1
15336;11534.70;50;1.14;1;1
15337;11339.20;50;1.15;1;1
15338;11681.33;50;1.13;1;1
15339;11388.07;50;1.17;1;1
15340;11730.21;50;1.14;1;1
15341;11388.07;50;1.17;1;1
15342;11730.21;50;1.14;1;1
15343;11485.83;50;1.17;1;1
15344;11730.21;50;1.15;1;1
15345;11485.83;50;1.17;1;1
15346;11632.45;50;1.15;1;1
15347;11388.07;50;1.16;1;1
15348;11583.58;50;1.14;1;1
15349;11485.83;50;1.16;1;1
15350;11681.33;50;1.15;1;1
15351;11436.95;50;1.17;1;1
15352;11632.45;50;1.14;1;1
15353;11388.07;50;1.16;1;1
15354;11632.45;50;1.14;1;1
15355;11436.95;50;1.16;1;1
15356;11681.33;50;1.14;1;1
15357;11290.32;50;1.17;1;1
15358;11779.08;50;1.13;1;1
15359;11388.07;50;1.18;1;1
15360;11876.83;50;1.14;1;1
15361;11388.07;50;1.19;1;1
15362;11827.96;50;1.14;1;1
15363;11339.20;50;1.18;1;1
15364;11779.08;50;1.13;1;1
15365;11436.95;50;1.18;1;1
15366;11925.71;50;1.14;1;1
15367;11388.07;50;1.19;1;1
15368;11827.96;50;1.14;1;1
15369;11339.20;50;1.18;1;1
15370;11876.83;50;1.13;1;1
15371;11388.07;50;1.19;1;1
15372;11730.21;50;1.14;1;1
15373;11388.07;50;1.17;1;1
15374;11827.96;50;1.14;1;1
15375;11290.32;50;1.18;1;1
15376;11925.71;50;1.13;1;1
15377;11241.45;50;1.19;1;1
15378;11827.96;50;1.12;1;1
15379;11143.70;50;1.18;1;1
15380;11730.21;50;1.11;1;1
15381;11192.57;50;1.17;1;1
15382;11827.96;50;1.12;1;1
15383;11241.45;50;1.18;1;1
15384;11730.21;50;1.12;1;1
15385;11192.57;50;1.17;1;1
15386;11779.08;50;1.12;1;1
15387;11192.57;50;1.18;1;1
15388;11779.08;50;1.12;1;1
15389;11241.45;50;1.18;1;1
15390;11681.33;50;1.12;1;1
15391;11192.57;50;1.17;1;1
15392;11779.08;50;1.12;1;1
15393;11290.32;50;1.18;1;1
15394;11730.21;50;1.13;1;1
15395;11241.45;50;1.17;1;1
15396;11730.21;50;1.12;1;1
15397;11290.32;50;1.17;1;1
15398;11681.33;50;1.13;1;1
15399;11094.82;50;1.17;1;1
15400;11779.08;50;1.11;1;1
15401;11192.57;50;1.18;1;1
15402;11583.58;50;1.12;1;1
15403;11143.70;50;1.16;1;1
15404;11730.21;50;1.11;1;1
15405;11094.82;50;1.17;1;1
15406;11681.33;50;1.11;1;1
15407;11290.32;50;1.17;1;1
15408;11681.33;50;1.13;1;1
15409;11241.45;50;1.17;1;1
15410;11632.45;50;1.12;1;1
15411;11192.57;50;1.16;1;1
15412;11730.21;50;1.12;1;1
15413;11290.32;50;1.17;1;1
15414;11779.08;50;1.13;1;1
15415;11241.45;50;1.18;1;1
15416;11779.08;50;1.12;1;1
15417;11192.57;50;1.18;1;1
15418;11681.33;50;1.12;1;1
15419;11290.32;50;1.17;1;1
15420;11485.83;50;1.13;1;1
15421;10899.32;50;1.15;1;1
15422;11534.70;50;1.09;1;1
15423;10997.07;50;1.15;1;1
15424;11485.83;50;1.10;1;1
15425;10850.44;50;1.15;1;1
15426;11485.83;50;1.09;1;1
15427;11045.94;50;1.15;1;1
15428;11534.70;50;1.10;1;1
15429;11045.94;50;1.15;1;1
15430;11241.45;50;1.10;1;1
15431;10997.07;50;1.12;1;1
15432;11534.70;50;1.10;1;1
15433;11339.20;50;1.15;1;1
15434;11681.33;50;1.13;1;1
15435;11339.20;50;1.17;1;1
15436;11681.33;50;1.13;1;1
15437;11192.57;50;1.17;1;1
15438;11730.21;50;1.12;1;1
15439;11485.83;50;1.17;1;1
15440;11485.83;50;1.15;1;1
15441;11436.95;50;1.15;1;1
15442;11583.58;50;1.14;1;1
15443;11388.07;50;1.16;1;1
15444;11632.45;50;1.14;1;1
15445;11388.07;50;1.16;1;1
15446;11583.58;50;1.14;1;1
15447;11534.70;50;1.16;1;1
15448;11632.45;50;1.15;1;1
15449;11485.83;50;1.16;1;1
15450;11485.83;50;1.15;1;1
15451;11485.83;50;1.15;1;1
15452;11681.33;50;1.15;1;1
15453;11485.83;50;1.17;1;1
15454;11632.45;50;1.15;1;1
15455;11485.83;50;1.16;1;1
15456;11632.45;50;1.15;1;1
15457;11583.58;50;1.16;1;1
15458;11730.21;50;1.16;1;1
15459;11534.70;50;1.17;1;1
15460;11534.70;50;1.15;1;1
15461;11534.70;50;1.15;1;1
15462;11436.95;50;1.15;1;1
15463;11534.70;50;1.14;1;1
15464;11583.58;50;1.15;1;1
15465;11485.83;50;1.16;1;1
15466;11583.58;50;1.15;1;1
15467;11583.58;50;1.16;1;1
15468;11485.83;50;1.16;1;1
15469;11583.58;50;1.15;1;1
15470;11583.58;50;1.16;1;1
15471;11534.70;50;1.16;1;1
15472;11339.20;50;1.15;1;1
15473;11681.33;50;1.13;1;1
15474;11485.83;50;1.17;1;1
15475;11534.70;50;1.15;1;1
15476;11534.70;50;1.15;1;1
15477;11143.70;50;1.15;1;1
15478;11290.32;50;1.11;1;1
15479;11681.33;50;1.13;1;1
15480;11485.83;50;1.17;1;1
15481;11583.58;50;1.15;1;1
15482;11339.20;50;1.16;1;1
15483;11681.33;50;1.13;1;1
15484;11534.70;50;1.17;1;1
15485;11681.33;50;1.15;1;1
15486;11436.95;50;1.17;1;1
15487;11632.45;50;1.14;1;1
15488;11339.20;50;1.16;1;1
15489;11436.95;50;1.13;1;1
15490;11388.07;50;1.14;1;1
15491;11632.45;50;1.14;1;1
15492;11290.32;50;1.16;1;1
15493;11583.58;50;1.13;1;1
15494;11388.07;50;1.16;1;1
15495;11632.45;50;1.14;1;1
15496;11436.95;50;1.16;1;1
15497;11583.58;50;1.14;1;1
15498;11388.07;50;1.16;1;1
15499;11632.45;50;1.14;1;1
15500;11339.20;50;1.16;1;1
15501;11681.33;50;1.13;1;1
15502;11241.45;50;1.17;1;1
15503;11583.58;50;1.12;1;1
15504;11192.57;50;1.16;1;1
15505;11632.45;50;1.12;1;1
15506;11192.57;50;1.16;1;1
15507;11632.45;50;1.12;1;1
15508;11388.07;50;1.16;1;1
15509;11681.33;50;1.14;1;1
15510;11143.70;50;1.17;1;1
15511;11779.08;50;1.11;1;1
15512;11241.45;50;1.18;1;1
15513;11534.70;50;1.12;1;1
15514;11241.45;50;1.15;1;1
15515;11730.21;50;1.12;1;1
15516;11290.32;50;1.17;1;1
15517;11583.58;50;1.13;1;1
15518;11094.82;50;1.16;1;1
15519;11681.33;50;1.11;1;1
15520;11143.70;50;1.17;1;1
15521;11681.33;50;1.11;1;1
15522;11192.57;50;1.17;1;1
15523;11681.33;50;1.12;1;1
15524;11192.57;50;1.17;1;1
15525;11632.45;50;1.12;1;1
15526;11094.82;50;1.16;1;1
15527;11534.70;50;1.11;1;1
15528;11094.82;50;1.15;1;1
15529;11485.83;50;1.11;1;1
15530;11094.82;50;1.15;1;1
15531;11681.33;50;1.11;1;1
15532;11094.82;50;1.17;1;1
15533;11388.07;50;1.11;1;1
15534;11094.82;50;1.14;1;1
15535;11534.70;50;1.11;1;1
15536;11094.82;50;1.15;1;1
15537;11632.45;50;1.11;1;1
15538;11094.82;50;1.16;1;1
15539;11485.83;50;1.11;1;1
15540;11094.82;50;1.15;1;1
15541;11632.45;50;1.11;1;1
15542;11241.45;50;1.16;1;1
15543;11681.33;50;1.12;1;1
15544;11290.32;50;1.17;1;1
15545;11583.58;50;1.13;1;1
15546;11143.70;50;1.16;1;1
15547;11681.33;50;1.11;1;1
15548;11241.45;50;1.17;1;1
15549;11681.33;50;1.12;1;1
15550;11143.70;50;1.17;1;1
15551;11583.58;50;1.11;1;1
15552;11192.57;50;1.16;1;1
15553;11632.45;50;1.12;1;1
15554;10997.07;50;1.16;1;1
15555;11681.33;50;1.10;1;1
15556;11143.70;50;1.17;1;1
15557;11583.58;50;1.11;1;1
15558;11094.82;50;1.16;1;1
15559;11730.21;50;1.11;1;1
15560;11143.70;50;1.17;1;1
15561;11730.21;50;1.11;1;1
15562;11290.32;50;1.17;1;1
15563;11681.33;50;1.13;1;1
15564;11290.32;50;1.17;1;1
15565;11876.83;50;1.13;1;1
15566;11192.57;50;1.19;1;1
15567;11632.45;50;1.12;1;1
15568;11143.70;50;1.16;1;1
15569;11730.21;50;1.11;1;1
15570;11241.45;50;1.17;1;1
15571;11730.21;50;1.12;1;1
15572;11143.70;50;1.17;1;1
15573;11730.21;50;1.11;1;1
15574;11192.57;50;1.17;1;1
15575;11730.21;50;1.12;1;1
15576;11241.45;50;1.17;1;1
15577;11730.21;50;1.12;1;1
15578;11290.32;50;1.17;1;1
15579;11827.96;50;1.13;1;1
15580;11388.07;50;1.18;1;1
15581;11827.96;50;1.14;1;1
15582;11339.20;50;1.18;1;1
15583;11779.08;50;1.13;1;1
15584;11436.95;50;1.18;1;1
15585;11827.96;50;1.14;1;1
15586;11485.83;50;1.18;1;1
15587;11876.83;50;1.15;1;1
15588;11583.58;50;1.19;1;1
15589;11876.83;50;1.16;1;1
15590;11583.58;50;1.19;1;1
15591;11485.83;50;1.16;1;1
15592;11632.45;50;1.15;1;1
15593;11730.21;50;1.16;1;1
15594;11339.20;50;1.17;1;1
15595;11730.21;50;1.13;1;1
15596;11388.07;50;1.17;1;1
15597;11779.08;50;1.14;1;1
15598;11681.33;50;1.18;1;1
15599;11730.21;50;1.17;1;1
15600;11436.95;50;1.17;1;1
15601;11730.21;50;1.14;1;1
15602;11485.83;50;1.17;1;1
15603;11339.20;50;1.15;1;1
15604;11632.45;50;1.13;1;1
15605;11290.32;50;1.16;1;1
15606;11290.32;50;1.13;1;1
15607;11632.45;50;1.13;1;1
15608;11681.33;50;1.16;1;1
15609;11681.33;50;1.17;1;1
15610;11632.45;50;1.17;1;1
15611;11583.58;50;1.16;1;1
15612;11583.58;50;1.16;1;1
15613;11632.45;50;1.16;1;1
15614;11583.58;50;1.16;1;1
15615;11485.83;50;1.16;1;1
15616;11436.95;50;1.15;1;1
15617;11779.08;50;1.14;1;1
15618;11583.58;50;1.18;1;1
15619;11339.20;50;1.16;1;1
15620;11436.95;50;1.13;1;1
15621;11534.70;50;1.14;1;1
15622;11730.21;50;1.15;1;1
15623;11583.58;50;1.17;1;1
15624;11827.96;50;1.16;1;1
15625;11388.07;50;1.18;1;1
15626;11779.08;50;1.14;1;1
15627;11681.33;50;1.18;1;1
15628;11632.45;50;1.17;1;1
15629;11290.32;50;1.16;1;1
15630;11779.08;50;1.13;1;1
15631;11632.45;50;1.18;1;1
15632;11876.83;50;1.16;1;1
15633;11485.83;50;1.19;1;1
15634;11485.83;50;1.15;1;1
15635;11485.83;50;1.15;1;1
15636;11925.71;50;1.15;1;1
15637;11485.83;50;1.19;1;1
15638;11876.83;50;1.15;1;1
15639;11534.70;50;1.19;1;1
15640;11925.71;50;1.15;1;1
15641;11436.95;50;1.19;1;1
15642;12072.34;50;1.14;1;1
15643;11730.21;50;1.21;1;1
15644;12023.46;50;1.17;1;1
15645;11388.07;50;1.20;1;1
15646;11974.58;50;1.14;1;1
15647;11681.33;50;1.20;1;1
15648;11925.71;50;1.17;1;1
15649;11681.33;50;1.19;1;1
15650;12072.34;50;1.17;1;1
15651;11632.45;50;1.21;1;1
15652;12023.46;50;1.16;1;1
15653;11436.95;50;1.20;1;1
15654;12023.46;50;1.14;1;1
15655;11583.58;50;1.20;1;1
15656;11974.58;50;1.16;1;1
15657;11583.58;50;1.20;1;1
15658;12218.96;50;1.16;1;1
15659;11485.83;50;1.22;1;1
15660;12023.46;50;1.15;1;1
15661;11583.58;50;1.20;1;1
15662;12023.46;50;1.16;1;1
15663;11583.58;50;1.20;1;1
15664;12121.21;50;1.16;1;1
15665;11583.58;50;1.21;1;1
15666;12121.21;50;1.16;1;1
15667;11681.33;50;1.21;1;1
15668;12170.09;50;1.17;1;1
15669;11681.33;50;1.22;1;1
15670;12170.09;50;1.17;1;1
15671;11730.21;50;1.22;1;1
15672;12218.96;50;1.17;1;1
15673;11632.45;50;1.22;1;1
15674;12121.21;50;1.16;1;1
15675;11534.70;50;1.21;1;1
15676;12170.09;50;1.15;1;1
15677;11583.58;50;1.22;1;1
15678;12121.21;50;1.16;1;1
15679;11583.58;50;1.21;1;1
15680;12072.34;50;1.16;1;1
15681;11534.70;50;1.21;1;1
15682;12023.46;50;1.15;1;1
15683;11583.58;50;1.20;1;1
15684;12072.34;50;1.16;1;1
15685;11632.45;50;1.21;1;1
15686;12316.71;50;1.16;1;1
15687;11730.21;50;1.23;1;1
15688;12267.84;50;1.17;1;1
15689;11779.08;50;1.23;1;1
15690;12218.96;50;1.18;1;1
15691;11779.08;50;1.22;1;1
15692;12365.59;50;1.18;1;1
15693;11779.08;50;1.24;1;1
15694;12218.96;50;1.18;1;1
15695;11681.33;50;1.22;1;1
15696;12218.96;50;1.17;1;1
15697;11730.21;50;1.22;1;1
15698;12267.84;50;1.17;1;1
15699;11681.33;50;1.23;1;1
15700;12267.84;50;1.17;1;1
15701;11779.08;50;1.23;1;1
15702;12267.84;50;1.18;1;1
15703;11876.83;50;1.23;1;1
15704;12365.59;50;1.19;1;1
15705;11779.08;50;1.24;1;1
15706;12267.84;50;1.18;1;1
15707;11779.08;50;1.23;1;1
15708;12316.71;50;1.18;1;1
15709;11779.08;50;1.23;1;1
15710;12365.59;50;1.18;1;1
15711;11730.21;50;1.24;1;1
15712;12512.22;50;1.17;1;1
15713;11876.83;50;1.25;1;1
15714;12316.71;50;1.19;1;1
15715;11730.21;50;1.23;1;1
15716;12463.34;50;1.17;1;1
15717;11779.08;50;1.25;1;1
15718;12170.09;50;1.18;1;1
15719;11681.33;50;1.22;1;1
15720;12316.71;50;1.17;1;1
15721;11974.58;50;1.23;1;1
15722;12218.96;50;1.20;1;1
15723;11827.96;50;1.22;1;1
15724;12072.34;50;1.18;1;1
15725;11779.08;50;1.21;1;1
15726;12365.59;50;1.18;1;1
15727;11779.08;50;1.24;1;1
15728;12316.71;50;1.18;1;1
15729;11730.21;50;1.23;1;1
15730;12365.59;50;1.17;1;1
15731;11827.96;50;1.24;1;1
15732;12316.71;50;1.18;1;1
15733;11730.21;50;1.23;1;1
15734;12121.21;50;1.17;1;1
15735;11730.21;50;1.21;1;1
15736;12316.71;50;1.17;1;1
15737;11827.96;50;1.23;1;1
15738;12316.71;50;1.18;1;1
15739;11779.08;50;1.23;1;1
15740;12267.84;50;1.18;1;1
15741;11583.58;50;1.23;1;1
15742;12365.59;50;1.16;1;1
15743;11730.21;50;1.24;1;1
15744;12218.96;50;1.17;1;1
15745;11730.21;50;1.22;1;1
15746;12121.21;50;1.17;1;1
15747;11583.58;50;1.21;1;1
15748;12121.21;50;1.16;1;1
15749;11779.08;50;1.21;1;1
15750;11925.71;50;1.18;1;1
15751;11827.96;50;1.19;1;1
15752;12218.96;50;1.18;1;1
15753;11681.33;50;1.22;1;1
15754;12121.21;50;1.17;1;1
15755;11583.58;50;1.21;1;1
15756;12072.34;50;1.16;1;1
15757;11583.58;50;1.21;1;1
15758;12023.46;50;1.16;1;1
15759;11779.08;50;1.20;1;1
15760;12072.34;50;1.18;1;1
15761;11681.33;50;1.21;1;1
15762;12023.46;50;1.17;1;1
15763;11632.45;50;1.20;1;1
15764;12121.21;50;1.16;1;1
15765;11583.58;50;1.21;1;1
15766;11974.58;50;1.16;1;1
15767;11583.58;50;1.20;1;1
15768;12121.21;50;1.16;1;1
15769;11681.33;50;1.21;1;1
15770;12072.34;50;1.17;1;1
15771;11681.33;50;1.21;1;1
15772;12121.21;50;1.17;1;1
15773;11681.33;50;1.21;1;1
15774;12170.09;50;1.17;1;1
15775;11730.21;50;1.22;1;1
15776;12023.46;50;1.17;1;1
15777;11730.21;50;1.20;1;1
15778;12121.21;50;1.17;1;1
15779;11876.83;50;1.21;1;1
15780;12170.09;50;1.19;1;1
15781;11779.08;50;1.22;1;1
15782;12121.21;50;1.18;1;1
15783;11779.08;50;1.21;1;1
15784;12121.21;50;1.18;1;1
15785;11779.08;50;1.21;1;1
15786;12072.34;50;1.18;1;1
15787;11730.21;50;1.21;1;1
15788;12023.46;50;1.17;1;1
15789;11827.96;50;1.20;1;1
15790;12170.09;50;1.18;1;1
15791;11827.96;50;1.22;1;1
15792;12023.46;50;1.18;1;1
15793;12072.34;50;1.20;1;1
15794;12121.21;50;1.21;1;1
15795;11779.08;50;1.21;1;1
15796;11974.58;50;1.18;1;1
15797;11876.83;50;1.20;1;1
15798;11925.71;50;1.19;1;1
15799;12023.46;50;1.19;1;1
15800;11925.71;50;1.20;1;1
15801;12072.34;50;1.19;1;1
15802;11974.58;50;1.21;1;1
15803;12121.21;50;1.20;1;1
15804;11974.58;50;1.21;1;1
15805;12121.21;50;1.20;1;1
15806;11925.71;50;1.21;1;1
15807;12267.84;50;1.19;1;1
15808;11925.71;50;1.23;1;1
15809;12072.34;50;1.19;1;1
15810;11925.71;50;1.21;1;1
15811;12267.84;50;1.19;1;1
15812;11974.58;50;1.23;1;1
15813;12072.34;50;1.20;1;1
15814;11974.58;50;1.21;1;1
15815;12072.34;50;1.20;1;1
15816;11827.96;50;1.21;1;1
15817;12121.21;50;1.18;1;1
15818;11827.96;50;1.21;1;1
15819;12072.34;50;1.18;1;1
15820;11681.33;50;1.21;1;1
15821;12121.21;50;1.17;1;1
15822;11827.96;50;1.21;1;1
15823;12121.21;50;1.18;1;1
15824;11876.83;50;1.21;1;1
15825;12023.46;50;1.19;1;1
15826;11876.83;50;1.20;1;1
15827;12316.71;50;1.19;1;1
15828;11876.83;50;1.23;1;1
15829;12170.09;50;1.19;1;1
15830;11827.96;50;1.22;1;1
15831;12267.84;50;1.18;1;1
15832;11827.96;50;1.23;1;1
15833;12267.84;50;1.18;1;1
15834;11876.83;50;1.23;1;1
15835;12218.96;50;1.19;1;1
15836;11925.71;50;1.22;1;1
15837;12170.09;50;1.19;1;1
15838;12072.34;50;1.22;1;1
15839;12072.34;50;1.21;1;1
15840;11974.58;50;1.21;1;1
15841;12072.34;50;1.20;1;1
15842;11827.96;50;1.21;1;1
15843;12170.09;50;1.18;1;1
15844;11827.96;50;1.22;1;1
15845;12170.09;50;1.18;1;1
15846;11730.21;50;1.22;1;1
15847;12218.96;50;1.17;1;1
15848;11925.71;50;1.22;1;1
15849;11925.71;50;1.19;1;1
15850;11974.58;50;1.19;1;1
15851;11876.83;50;1.20;1;1
15852;11827.96;50;1.19;1;1
15853;11925.71;50;1.18;1;1
15854;11681.33;50;1.19;1;1
15855;12023.46;50;1.17;1;1
15856;11730.21;50;1.20;1;1
15857;12121.21;50;1.17;1;1
15858;11827.96;50;1.21;1;1
15859;12072.34;50;1.18;1;1
15860;11779.08;50;1.21;1;1
15861;12072.34;50;1.18;1;1
15862;11681.33;50;1.21;1;1
15863;12072.34;50;1.17;1;1
15864;11779.08;50;1.21;1;1
15865;12023.46;50;1.18;1;1
15866;11730.21;50;1.20;1;1
15867;11925.71;50;1.17;1;1
15868;11730.21;50;1.19;1;1
15869;12072.34;50;1.17;1;1
15870;11632.45;50;1.21;1;1
15871;11925.71;50;1.16;1;1
15872;11436.95;50;1.19;1;1
15873;11925.71;50;1.14;1;1
15874;11681.33;50;1.19;1;1
15875;12072.34;50;1.17;1;1
15876;11779.08;50;1.21;1;1
15877;11974.58;50;1.18;1;1
15878;11730.21;50;1.20;1;1
15879;12170.09;50;1.17;1;1
15880;11583.58;50;1.22;1;1
15881;12121.21;50;1.16;1;1
15882;11534.70;50;1.21;1;1
15883;11974.58;50;1.15;1;1
15884;11485.83;50;1.20;1;1
15885;12023.46;50;1.15;1;1
15886;11583.58;50;1.20;1;1
15887;11974.58;50;1.16;1;1
15888;11485.83;50;1.20;1;1
15889;12023.46;50;1.15;1;1
15890;11339.20;50;1.20;1;1
15891;11925.71;50;1.13;1;1
15892;11485.83;50;1.19;1;1
15893;12072.34;50;1.15;1;1
15894;11632.45;50;1.21;1;1
15895;12121.21;50;1.16;1;1
15896;11583.58;50;1.21;1;1
15897;12023.46;50;1.16;1;1
15898;11436.95;50;1.20;1;1
15899;12121.21;50;1.14;1;1
15900;11681.33;50;1.21;1;1
15901;12023.46;50;1.17;1;1
15902;11632.45;50;1.20;1;1
15903;12170.09;50;1.16;1;1
15904;11632.45;50;1.22;1;1
15905;11974.58;50;1.16;1;1
15906;11583.58;50;1.20;1;1
15907;11876.83;50;1.16;1;1
15908;11534.70;50;1.19;1;1
15909;12072.34;50;1.15;1;1
15910;11485.83;50;1.21;1;1
15911;12121.21;50;1.15;1;1
15912;11485.83;50;1.21;1;1
15913;11876.83;50;1.15;1;1
15914;11681.33;50;1.19;1;1
15915;12121.21;50;1.17;1;1
15916;11632.45;50;1.21;1;1
15917;12218.96;50;1.16;1;1
15918;11534.70;50;1.22;1;1
15919;12218.96;50;1.15;1;1
15920;11730.21;50;1.22;1;1
15921;12170.09;50;1.17;1;1
15922;11388.07;50;1.22;1;1
15923;12170.09;50;1.14;1;1
15924;11779.08;50;1.22;1;1
15925;12170.09;50;1.18;1;1
15926;11632.45;50;1.22;1;1
15927;12267.84;50;1.16;1;1
15928;11730.21;50;1.23;1;1
15929;12267.84;50;1.17;1;1
15930;11876.83;50;1.23;1;1
15931;12365.59;50;1.19;1;1
15932;11583.58;50;1.24;1;1
15933;12267.84;50;1.16;1;1
15934;11632.45;50;1.23;1;1
15935;12023.46;50;1.16;1;1
15936;11730.21;50;1.20;1;1
15937;12267.84;50;1.17;1;1
15938;11681.33;50;1.23;1;1
15939;12267.84;50;1.17;1;1
15940;11827.96;50;1.23;1;1
15941;12267.84;50;1.18;1;1
15942;11876.83;50;1.23;1;1
15943;12267.84;50;1.19;1;1
15944;11779.08;50;1.23;1;1
15945;12218.96;50;1.18;1;1
15946;11534.70;50;1.22;1;1
15947;12121.21;50;1.15;1;1
15948;11730.21;50;1.21;1;1
15949;12170.09;50;1.17;1;1
15950;11730.21;50;1.22;1;1
15951;12218.96;50;1.17;1;1
15952;11730.21;50;1.22;1;1
15953;12316.71;50;1.17;1;1
15954;11730.21;50;1.23;1;1
15955;12023.46;50;1.17;1;1
15956;11779.08;50;1.20;1;1
15957;12121.21;50;1.18;1;1
15958;11730.21;50;1.21;1;1
15959;12072.34;50;1.17;1;1
15960;11779.08;50;1.21;1;1
15961;12072.34;50;1.18;1;1
15962;11534.70;50;1.21;1;1
15963;12218.96;50;1.15;1;1
15964;11779.08;50;1.22;1;1
15965;12170.09;50;1.18;1;1
15966;11827.96;50;1.22;1;1
15967;12072.34;50;1.18;1;1
15968;11681.33;50;1.21;1;1
15969;12023.46;50;1.17;1;1
15970;11779.08;50;1.20;1;1
15971;12316.71;50;1.18;1;1
15972;11779.08;50;1.23;1;1
15973;12121.21;50;1.18;1;1
15974;11779.08;50;1.21;1;1
15975;12023.46;50;1.18;1;1
15976;11730.21;50;1.20;1;1
15977;12072.34;50;1.17;1;1
15978;11925.71;50;1.21;1;1
15979;12170.09;50;1.19;1;1
15980;11730.21;50;1.22;1;1
15981;11876.83;50;1.17;1;1
15982;12023.46;50;1.19;1;1
15983;12023.46;50;1.20;1;1
15984;11827.96;50;1.20;1;1
15985;11925.71;50;1.18;1;1
15986;11876.83;50;1.19;1;1
15987;11876.83;50;1.19;1;1
15988;11925.71;50;1.19;1;1
15989;11876.83;50;1.19;1;1
15990;11827.96;50;1.19;1;1
15991;11730.21;50;1.18;1;1
15992;11876.83;50;1.17;1;1
15993;11681.33;50;1.19;1;1
15994;11876.83;50;1.17;1;1
15995;11730.21;50;1.19;1;1
15996;11974.58;50;1.17;1;1
15997;11681.33;50;1.20;1;1
15998;11974.58;50;1.17;1;1
15999;11730.21;50;1.20;1;1
16000;12023.46;50;1.17;1;1
16001;11632.45;50;1.20;1;1
16002;11974.58;50;1.16;1;1
16003;11730.21;50;1.20;1;1
16004;12023.46;50;1.17;1;1
16005;11583.58;50;1.20;1;1
16006;12023.46;50;1.16;1;1
16007;11583.58;50;1.20;1;1
16008;11974.58;50;1.16;1;1
16009;11485.83;50;1.20;1;1
16010;11925.71;50;1.15;1;1
16011;11730.21;50;1.19;1;1
16012;11925.71;50;1.17;1;1
16013;11632.45;50;1.19;1;1
16014;12072.34;50;1.16;1;1
16015;11583.58;50;1.21;1;1
16016;12023.46;50;1.16;1;1
16017;11681.33;50;1.20;1;1
16018;12121.21;50;1.17;1;1
16019;11436.95;50;1.21;1;1
16020;12072.34;50;1.14;1;1
16021;11485.83;50;1.21;1;1
16022;11974.58;50;1.15;1;1
16023;11730.21;50;1.20;1;1
16024;11779.08;50;1.17;1;1
16025;11583.58;50;1.18;1;1
16026;12023.46;50;1.16;1;1
16027;11534.70;50;1.20;1;1
16028;12023.46;50;1.15;1;1
16029;11436.95;50;1.20;1;1
16030;11974.58;50;1.14;1;1
16031;11436.95;50;1.20;1;1
16032;11974.58;50;1.14;1;1
16033;11534.70;50;1.20;1;1
16034;12072.34;50;1.15;1;1
16035;11632.45;50;1.21;1;1
16036;11974.58;50;1.16;1;1
16037;11339.20;50;1.20;1;1
16038;12023.46;50;1.13;1;1
16039;11583.58;50;1.20;1;1
16040;11925.71;50;1.16;1;1
16041;11583.58;50;1.19;1;1
16042;12170.09;50;1.16;1;1
16043;11534.70;50;1.22;1;1
16044;12170.09;50;1.15;1;1
16045;11681.33;50;1.22;1;1
16046;12218.96;50;1.17;1;1
16047;11681.33;50;1.22;1;1
16048;12218.96;50;1.17;1;1
16049;11583.58;50;1.22;1;1
16050;12121.21;50;1.16;1;1
16051;11388.07;50;1.21;1;1
16052;12121.21;50;1.14;1;1
16053;11779.08;50;1.21;1;1
16054;12072.34;50;1.18;1;1
16055;11730.21;50;1.21;1;1
16056;12218.96;50;1.17;1;1
16057;11730.21;50;1.22;1;1
16058;12218.96;50;1.17;1;1
16059;11730.21;50;1.22;1;1
16060;12170.09;50;1.17;1;1
16061;11876.83;50;1.22;1;1
16062;12170.09;50;1.19;1;1
16063;11779.08;50;1.22;1;1
16064;12218.96;50;1.18;1;1
16065;11730.21;50;1.22;1;1
16066;12121.21;50;1.17;1;1
16067;11827.96;50;1.21;1;1
16068;12218.96;50;1.18;1;1
16069;11827.96;50;1.22;1;1
16070;12267.84;50;1.18;1;1
16071;11583.58;50;1.23;1;1
16072;12316.71;50;1.16;1;1
16073;11632.45;50;1.23;1;1
16074;12218.96;50;1.16;1;1
16075;11779.08;50;1.22;1;1
16076;12218.96;50;1.18;1;1
16077;11632.45;50;1.22;1;1
16078;12121.21;50;1.16;1;1
16079;11730.21;50;1.21;1;1
16080;12218.96;50;1.17;1;1
16081;11681.33;50;1.22;1;1
16082;12218.96;50;1.17;1;1
16083;11681.33;50;1.22;1;1
16084;12218.96;50;1.17;1;1
16085;11730.21;50;1.22;1;1
16086;12316.71;50;1.17;1;1
16087;11632.45;50;1.23;1;1
16088;12267.84;50;1.16;1;1
16089;11632.45;50;1.23;1;1
16090;12218.96;50;1.16;1;1
16091;11681.33;50;1.22;1;1
16092;12170.09;50;1.17;1;1
16093;11583.58;50;1.22;1;1
16094;12218.96;50;1.16;1;1
16095;11632.45;50;1.22;1;1
16096;12267.84;50;1.16;1;1
16097;11583.58;50;1.23;1;1
16098;12218.96;50;1.16;1;1
16099;11730.21;50;1.22;1;1
16100;12316.71;50;1.17;1;1
16101;11779.08;50;1.23;1;1
16102;12121.21;50;1.18;1;1
16103;11681.33;50;1.21;1;1
16104;12170.09;50;1.17;1;1
16105;11632.45;50;1.22;1;1
16106;12121.21;50;1.16;1;1
16107;11583.58;50;1.21;1;1
16108;12121.21;50;1.16;1;1
16109;11632.45;50;1.21;1;1
16110;12121.21;50;1.16;1;1
16111;11730.21;50;1.21;1;1
16112;12170.09;50;1.17;1;1
16113;11730.21;50;1.22;1;1
16114;12121.21;50;1.17;1;1
16115;11632.45;50;1.21;1;1
16116;12072.34;50;1.16;1;1
16117;11583.58;50;1.21;1;1
16118;12072.34;50;1.16;1;1
16119;11632.45;50;1.21;1;1
16120;12121.21;50;1.16;1;1
16121;11583.58;50;1.21;1;1
16122;11974.58;50;1.16;1;1
16123;11632.45;50;1.20;1;1
16124;12023.46;50;1.16;1;1
16125;11583.58;50;1.20;1;1
16126;12023.46;50;1.16;1;1
16127;11485.83;50;1.20;1;1
16128;12072.34;50;1.15;1;1
16129;11583.58;50;1.21;1;1
16130;12072.34;50;1.16;1;1
16131;11583.58;50;1.21;1;1
16132;12023.46;50;1.16;1;1
16133;11583.58;50;1.20;1;1
16134;12121.21;50;1.16;1;1
16135;11632.45;50;1.21;1;1
16136;12023.46;50;1.16;1;1
16137;11583.58;50;1.20;1;1
16138;12023.46;50;1.16;1;1
16139;11534.70;50;1.20;1;1
16140;12023.46;50;1.15;1;1
16141;11583.58;50;1.20;1;1
16142;12121.21;50;1.16;1;1
16143;11632.45;50;1.21;1;1
16144;12170.09;50;1.16;1;1
16145;11681.33;50;1.22;1;1
16146;12072.34;50;1.17;1;1
16147;11681.33;50;1.21;1;1
16148;12072.34;50;1.17;1;1
16149;11583.58;50;1.21;1;1
16150;12121.21;50;1.16;1;1
16151;11681.33;50;1.21;1;1
16152;12072.34;50;1.17;1;1
16153;11632.45;50;1.21;1;1
16154;12072.34;50;1.16;1;1
16155;11730.21;50;1.21;1;1
16156;12072.34;50;1.17;1;1
16157;11730.21;50;1.21;1;1
16158;12121.21;50;1.17;1;1
16159;11827.96;50;1.21;1;1
16160;12023.46;50;1.18;1;1
16161;11827.96;50;1.20;1;1
16162;12072.34;50;1.18;1;1
16163;11925.71;50;1.21;1;1
16164;12023.46;50;1.19;1;1
16165;11779.08;50;1.20;1;1
16166;12023.46;50;1.18;1;1
16167;11779.08;50;1.20;1;1
16168;11925.71;50;1.18;1;1
16169;11827.96;50;1.19;1;1
16170;12072.34;50;1.18;1;1
16171;11876.83;50;1.21;1;1
16172;12023.46;50;1.19;1;1
16173;11925.71;50;1.20;1;1
16174;11925.71;50;1.19;1;1
16175;12023.46;50;1.19;1;1
16176;11925.71;50;1.20;1;1
16177;12121.21;50;1.19;1;1
16178;11925.71;50;1.21;1;1
16179;12121.21;50;1.19;1;1
16180;11925.71;50;1.21;1;1
16181;12121.21;50;1.19;1;1
16182;11876.83;50;1.21;1;1
16183;12121.21;50;1.19;1;1
16184;11827.96;50;1.21;1;1
16185;12218.96;50;1.18;1;1
16186;11827.96;50;1.22;1;1
16187;12121.21;50;1.18;1;1
16188;11779.08;50;1.21;1;1
16189;12170.09;50;1.18;1;1
16190;11925.71;50;1.22;1;1
16191;12218.96;50;1.19;1;1
16192;11925.71;50;1.22;1;1
16193;12267.84;50;1.19;1;1
16194;11827.96;50;1.23;1;1
16195;12218.96;50;1.18;1;1
16196;11827.96;50;1.22;1;1
16197;12170.09;50;1.18;1;1
16198;11779.08;50;1.22;1;1
16199;12121.21;50;1.18;1;1
16200;11681.33;50;1.21;1;1
16201;12316.71;50;1.17;1;1
16202;11730.21;50;1.23;1;1
16203;12316.71;50;1.17;1;1
16204;11779.08;50;1.23;1;1
16205;12267.84;50;1.18;1;1
16206;11681.33;50;1.23;1;1
16207;12023.46;50;1.17;1;1
16208;11681.33;50;1.20;1;1
16209;12072.34;50;1.17;1;1
16210;11681.33;50;1.21;1;1
16211;12218.96;50;1.17;1;1
16212;11681.33;50;1.22;1;1
16213;12170.09;50;1.17;1;1
16214;11827.96;50;1.22;1;1
16215;12218.96;50;1.18;1;1
16216;11681.33;50;1.22;1;1
16217;12170.09;50;1.17;1;1
16218;11632.45;50;1.22;1;1
16219;11974.58;50;1.16;1;1
16220;11632.45;50;1.20;1;1
16221;12170.09;50;1.16;1;1
16222;11534.70;50;1.22;1;1
16223;12170.09;50;1.15;1;1
16224;11583.58;50;1.22;1;1
16225;12072.34;50;1.16;1;1
16226;11534.70;50;1.21;1;1
16227;12267.84;50;1.15;1;1
16228;11534.70;50;1.23;1;1
16229;12072.34;50;1.15;1;1
16230;11485.83;50;1.21;1;1
16231;12023.46;50;1.15;1;1
16232;11485.83;50;1.20;1;1
16233;11974.58;50;1.15;1;1
16234;11534.70;50;1.20;1;1
16235;12072.34;50;1.15;1;1
16236;11436.95;50;1.21;1;1
16237;12023.46;50;1.14;1;1
16238;11534.70;50;1.20;1;1
16239;12072.34;50;1.15;1;1
16240;11485.83;50;1.21;1;1
16241;12072.34;50;1.15;1;1
16242;11583.58;50;1.21;1;1
16243;12170.09;50;1.16;1;1
16244;11436.95;50;1.22;1;1
16245;11974.58;50;1.14;1;1
16246;11388.07;50;1.20;1;1
16247;11925.71;50;1.14;1;1
16248;11534.70;50;1.19;1;1
16249;11779.08;50;1.15;1;1
16250;11534.70;50;1.18;1;1
16251;12072.34;50;1.15;1;1
16252;11583.58;50;1.21;1;1
16253;12121.21;50;1.16;1;1
16254;11583.58;50;1.21;1;1
16255;12023.46;50;1.16;1;1
16256;11534.70;50;1.20;1;1
16257;11974.58;50;1.15;1;1
16258;11583.58;50;1.20;1;1
16259;12170.09;50;1.16;1;1
16260;11583.58;50;1.22;1;1
16261;12170.09;50;1.16;1;1
16262;11730.21;50;1.22;1;1
16263;12170.09;50;1.17;1;1
16264;11827.96;50;1.22;1;1
16265;12267.84;50;1.18;1;1
16266;11779.08;50;1.23;1;1
16267;12121.21;50;1.18;1;1
16268;11779.08;50;1.21;1;1
16269;12218.96;50;1.18;1;1
16270;11730.21;50;1.22;1;1
16271;12121.21;50;1.17;1;1
16272;11925.71;50;1.21;1;1
16273;12170.09;50;1.19;1;1
16274;11827.96;50;1.22;1;1
16275;11974.58;50;1.18;1;1
16276;12121.21;50;1.20;1;1
16277;12023.46;50;1.21;1;1
16278;11827.96;50;1.20;1;1
16279;11925.71;50;1.18;1;1
16280;11827.96;50;1.19;1;1
16281;12121.21;50;1.18;1;1
16282;12023.46;50;1.21;1;1
16283;12072.34;50;1.20;1;1
16284;11827.96;50;1.21;1;1
16285;12023.46;50;1.18;1;1
16286;12023.46;50;1.20;1;1
16287;12072.34;50;1.20;1;1
16288;12023.46;50;1.21;1;1
16289;12170.09;50;1.20;1;1
16290;12023.46;50;1.22;1;1
16291;11876.83;50;1.20;1;1
16292;11876.83;50;1.19;1;1
16293;12267.84;50;1.19;1;1
16294;12023.46;50;1.23;1;1
16295;12170.09;50;1.20;1;1
16296;11876.83;50;1.22;1;1
16297;12121.21;50;1.19;1;1
16298;11974.58;50;1.21;1;1
16299;12218.96;50;1.20;1;1
16300;11974.58;50;1.22;1;1
16301;12072.34;50;1.20;1;1
16302;12023.46;50;1.21;1;1
16303;12218.96;50;1.20;1;1
16304;12023.46;50;1.22;1;1
16305;12121.21;50;1.20;1;1
16306;12072.34;50;1.21;1;1
16307;12072.34;50;1.21;1;1
16308;12170.09;50;1.21;1;1
16309;12023.46;50;1.22;1;1
16310;12072.34;50;1.20;1;1
16311;12072.34;50;1.21;1;1
16312;12023.46;50;1.21;1;1
16313;12023.46;50;1.20;1;1
16314;12121.21;50;1.20;1;1
16315;12023.46;50;1.21;1;1
16316;12170.09;50;1.20;1;1
16317;11876.83;50;1.22;1;1
16318;12170.09;50;1.19;1;1
16319;11925.71;50;1.22;1;1
16320;11974.58;50;1.19;1;1
16321;11925.71;50;1.20;1;1
16322;12267.84;50;1.19;1;1
16323;11876.83;50;1.23;1;1
16324;12218.96;50;1.19;1;1
16325;11876.83;50;1.22;1;1
16326;12218.96;50;1.19;1;1
16327;11827.96;50;1.22;1;1
16328;12267.84;50;1.18;1;1
16329;11925.71;50;1.23;1;1
16330;12267.84;50;1.19;1;1
16331;11827.96;50;1.23;1;1
16332;12267.84;50;1.18;1;1
16333;11827.96;50;1.23;1;1
16334;12267.84;50;1.18;1;1
16335;11827.96;50;1.23;1;1
16336;12365.59;50;1.18;1;1
16337;11827.96;50;1.24;1;1
16338;12267.84;50;1.18;1;1
16339;11925.71;50;1.23;1;1
16340;12316.71;50;1.19;1;1
16341;11779.08;50;1.23;1;1
16342;12316.71;50;1.18;1;1
16343;11827.96;50;1.23;1;1
16344;12365.59;50;1.18;1;1
16345;11779.08;50;1.24;1;1
16346;12267.84;50;1.18;1;1
16347;11779.08;50;1.23;1;1
16348;12463.34;50;1.18;1;1
16349;11730.21;50;1.25;1;1
16350;12170.09;50;1.17;1;1
16351;11632.45;50;1.22;1;1
16352;12316.71;50;1.16;1;1
16353;11681.33;50;1.23;1;1
16354;11974.58;50;1.17;1;1
16355;11730.21;50;1.20;1;1
16356;12365.59;50;1.17;1;1
16357;11779.08;50;1.24;1;1
16358;12316.71;50;1.18;1;1
16359;11583.58;50;1.23;1;1
16360;12267.84;50;1.16;1;1
16361;11632.45;50;1.23;1;1
16362;12218.96;50;1.16;1;1
16363;11681.33;50;1.22;1;1
16364;12218.96;50;1.17;1;1
16365;11632.45;50;1.22;1;1
16366;12170.09;50;1.16;1;1
16367;11681.33;50;1.22;1;1
16368;12267.84;50;1.17;1;1
16369;11632.45;50;1.23;1;1
16370;12218.96;50;1.16;1;1
16371;11681.33;50;1.22;1;1
16372;12218.96;50;1.17;1;1
16373;11779.08;50;1.22;1;1
16374;12170.09;50;1.18;1;1
16375;11681.33;50;1.22;1;1
16376;12218.96;50;1.17;1;1
16377;11730.21;50;1.22;1;1
16378;12267.84;50;1.17;1;1
16379;11779.08;50;1.23;1;1
16380;12170.09;50;1.18;1;1
16381;11730.21;50;1.22;1;1
16382;12170.09;50;1.17;1;1
16383;11681.33;50;1.22;1;1
16384;12218.96;50;1.17;1;1
16385;11827.96;50;1.22;1;1
16386;12121.21;50;1.18;1;1
16387;11974.58;50;1.21;1;1
16388;12267.84;50;1.20;1;1
16389;11779.08;50;1.23;1;1
16390;12316.71;50;1.18;1;1
16391;11876.83;50;1.23;1;1
16392;12267.84;50;1.19;1;1
16393;11876.83;50;1.23;1;1
16394;12365.59;50;1.19;1;1
16395;11925.71;50;1.24;1;1
16396;12316.71;50;1.19;1;1
16397;11974.58;50;1.23;1;1
16398;12218.96;50;1.20;1;1
16399;11827.96;50;1.22;1;1
16400;12267.84;50;1.18;1;1
16401;11974.58;50;1.23;1;1
16402;12267.84;50;1.20;1;1
16403;11974.58;50;1.23;1;1
16404;12316.71;50;1.20;1;1
16405;11974.58;50;1.23;1;1
16406;12170.09;50;1.20;1;1
16407;11925.71;50;1.22;1;1
16408;12170.09;50;1.19;1;1
16409;11876.83;50;1.22;1;1
16410;12218.96;50;1.19;1;1
16411;12121.21;50;1.22;1;1
16412;12218.96;50;1.21;1;1
16413;12121.21;50;1.22;1;1
16414;12170.09;50;1.21;1;1
16415;12170.09;50;1.22;1;1
16416;12218.96;50;1.22;1;1
16417;12218.96;50;1.22;1;1
16418;12170.09;50;1.22;1;1
16419;12218.96;50;1.22;1;1
16420;12121.21;50;1.22;1;1
16421;12316.71;50;1.21;1;1
16422;12218.96;50;1.23;1;1
16423;12414.47;50;1.22;1;1
16424;12121.21;50;1.24;1;1
16425;12463.34;50;1.21;1;1
16426;11974.58;50;1.25;1;1
16427;12365.59;50;1.20;1;1
16428;12072.34;50;1.24;1;1
16429;12365.59;50;1.21;1;1
16430;12072.34;50;1.24;1;1
16431;12365.59;50;1.21;1;1
16432;12072.34;50;1.24;1;1
16433;12414.47;50;1.21;1;1
16434;12023.46;50;1.24;1;1
16435;12316.71;50;1.20;1;1
16436;12023.46;50;1.23;1;1
16437;12365.59;50;1.20;1;1
16438;12023.46;50;1.24;1;1
16439;12463.34;50;1.20;1;1
16440;11974.58;50;1.25;1;1
16441;12316.71;50;1.20;1;1
16442;12121.21;50;1.23;1;1
16443;12609.97;50;1.21;1;1
16444;11925.71;50;1.26;1;1
16445;12609.97;50;1.19;1;1
16446;12121.21;50;1.26;1;1
16447;12414.47;50;1.21;1;1
16448;11876.83;50;1.24;1;1
16449;12512.22;50;1.19;1;1
16450;12072.34;50;1.25;1;1
16451;12365.59;50;1.21;1;1
16452;11827.96;50;1.24;1;1
16453;12561.09;50;1.18;1;1
16454;11974.58;50;1.26;1;1
16455;12512.22;50;1.20;1;1
16456;11925.71;50;1.25;1;1
16457;12414.47;50;1.19;1;1
16458;11876.83;50;1.24;1;1
16459;12365.59;50;1.19;1;1
16460;11827.96;50;1.24;1;1
16461;12365.59;50;1.18;1;1
16462;11827.96;50;1.24;1;1
16463;12512.22;50;1.18;1;1
16464;11827.96;50;1.25;1;1
16465;12316.71;50;1.18;1;1
16466;11827.96;50;1.23;1;1
16467;12316.71;50;1.18;1;1
16468;11827.96;50;1.23;1;1
16469;12512.22;50;1.18;1;1
16470;11827.96;50;1.25;1;1
16471;12365.59;50;1.18;1;1
16472;11681.33;50;1.24;1;1
16473;12218.96;50;1.17;1;1
16474;11779.08;50;1.22;1;1
16475;12365.59;50;1.18;1;1
16476;11779.08;50;1.24;1;1
16477;12316.71;50;1.18;1;1
16478;11632.45;50;1.23;1;1
16479;12218.96;50;1.16;1;1
16480;11681.33;50;1.22;1;1
16481;12267.84;50;1.17;1;1
16482;11681.33;50;1.23;1;1
16483;12267.84;50;1.17;1;1
16484;11730.21;50;1.23;1;1
16485;12170.09;50;1.17;1;1
16486;11681.33;50;1.22;1;1
