2;7468.23;50;0.80;1;0
2;7468.23;50;0.80;1;0
3;7624.63;50;0.75;1;0
4;7106.55;50;0.76;1;0
5;7526.88;50;0.71;1;0
6;7018.57;50;0.75;1;0
7;7614.86;50;0.70;1;0
8;7047.90;50;0.76;1;0
9;7565.98;50;0.70;1;0
10;7047.90;50;0.76;1;0
11;7585.53;50;0.70;1;0
12;7096.77;50;0.76;1;0
13;7526.88;50;0.71;1;0
14;7038.12;50;0.75;1;0
15;7634.41;50;0.70;1;0
16;7262.95;50;0.76;1;0
17;7497.56;50;0.73;1;0
18;7145.65;50;0.75;1;0
19;7556.21;50;0.71;1;0
20;7194.53;50;0.76;1;0
21;7653.96;50;0.72;1;0
22;7204.30;50;0.77;1;0
23;7693.06;50;0.72;1;0
24;7194.53;50;0.77;1;0
25;7565.98;50;0.72;1;0
26;7341.15;50;0.76;1;0
27;7673.51;50;0.73;1;0
28;7321.60;50;0.77;1;0
29;7556.21;50;0.73;1;0
30;7292.28;50;0.76;1;0
31;7644.18;50;0.73;1;0
32;7126.10;50;0.76;1;0
33;7546.43;50;0.71;1;0
34;7067.45;50;0.75;1;0
35;7663.73;50;0.71;1;0
36;7047.90;50;0.77;1;0
37;7526.88;50;0.70;1;0
38;7038.12;50;0.75;1;0
39;7653.96;50;0.70;1;0
40;7057.67;50;0.77;1;0
41;7693.06;50;0.71;1;0
42;7067.45;50;0.77;1;0
43;7693.06;50;0.71;1;0
44;7214.08;50;0.77;1;0
45;7722.39;50;0.72;1;0
46;7165.20;50;0.77;1;0
47;7565.98;50;0.72;1;0
48;7135.88;50;0.76;1;0
49;7507.33;50;0.71;1;0
50;7067.45;50;0.75;1;0
51;7438.91;50;0.71;1;0
52;7165.20;50;0.74;1;0
53;7526.88;50;0.72;1;0
54;7096.77;50;0.75;1;0
55;7409.58;50;0.71;1;0
56;7165.20;50;0.74;1;0
57;7448.68;50;0.72;1;0
58;7155.43;50;0.74;1;0
59;7370.48;50;0.72;1;0
60;7145.65;50;0.74;1;0
61;7380.25;50;0.71;1;0
62;7087.00;50;0.74;1;0
63;7399.80;50;0.71;1;0
64;7165.20;50;0.74;1;0
65;7243.40;50;0.72;1;0
66;7233.63;50;0.72;1;0
67;7341.15;50;0.72;1;0
68;7233.63;50;0.73;1;0
69;7243.40;50;0.72;1;0
70;7214.08;50;0.72;1;0
71;7253.18;50;0.72;1;0
72;7106.55;50;0.73;1;0
73;7194.53;50;0.71;1;0
74;7184.75;50;0.72;1;0
75;7292.28;50;0.72;1;0
76;7380.25;50;0.73;1;0
77;7174.98;50;0.74;1;0
78;7106.55;50;0.72;1;0
79;7087.00;50;0.71;1;0
80;7184.75;50;0.71;1;0
81;7116.32;50;0.72;1;0
82;7272.73;50;0.71;1;0
83;7038.12;50;0.73;1;0
84;7204.30;50;0.70;1;0
85;7165.20;50;0.72;1;0
86;7262.95;50;0.72;1;0
87;7126.10;50;0.73;1;0
88;7292.28;50;0.71;1;0
89;7106.55;50;0.73;1;0
90;7399.80;50;0.71;1;0
91;7096.77;50;0.74;1;0
92;7380.25;50;0.71;1;0
93;7116.32;50;0.74;1;0
94;7253.18;50;0.71;1;0
95;7116.32;50;0.73;1;0
96;7341.15;50;0.71;1;0
97;7145.65;50;0.73;1;0
98;7302.05;50;0.71;1;0
99;7194.53;50;0.73;1;0
100;7253.18;50;0.72;1;0
101;7047.90;50;0.73;1;0
102;7321.60;50;0.70;1;0
103;7067.45;50;0.73;1;0
104;7350.93;50;0.71;1;0
105;7135.88;50;0.74;1;0
106;7292.28;50;0.71;1;0
107;7018.57;50;0.73;1;0
108;7282.50;50;0.70;1;0
109;7243.40;50;0.73;1;0
110;7311.83;50;0.72;1;0
111;7155.43;50;0.73;1;0
112;7292.28;50;0.72;1;0
113;7390.03;50;0.73;1;0
114;7341.15;50;0.74;1;0
115;7194.53;50;0.73;1;0
116;7360.70;50;0.72;1;0
117;7165.20;50;0.74;1;0
118;7292.28;50;0.72;1;0
119;7253.18;50;0.73;1;0
120;7233.63;50;0.73;1;0
121;7253.18;50;0.72;1;0
122;7174.98;50;0.73;1;0
123;7311.83;50;0.72;1;0
124;7360.70;50;0.73;1;0
125;7067.45;50;0.74;1;0
126;7253.18;50;0.71;1;0
127;7174.98;50;0.73;1;0
128;7233.63;50;0.72;1;0
129;7214.08;50;0.72;1;0
130;7155.43;50;0.72;1;0
131;7096.77;50;0.72;1;0
132;7526.88;50;0.71;1;0
133;7087.00;50;0.75;1;0
134;7282.50;50;0.71;1;0
135;7214.08;50;0.73;1;0
136;7321.60;50;0.72;1;0
137;7174.98;50;0.73;1;0
138;7331.38;50;0.72;1;0
139;7047.90;50;0.73;1;0
140;7370.48;50;0.70;1;0
141;7145.65;50;0.74;1;0
142;7399.80;50;0.71;1;0
143;7126.10;50;0.74;1;0
144;7438.91;50;0.71;1;0
145;7057.67;50;0.74;1;0
146;7458.46;50;0.71;1;0
147;7106.55;50;0.75;1;0
148;7468.23;50;0.71;1;0
149;7038.12;50;0.75;1;0
150;7458.46;50;0.70;1;0
151;6999.02;50;0.75;1;0
152;7458.46;50;0.70;1;0
153;7057.67;50;0.75;1;0
154;7536.66;50;0.71;1;0
155;7077.22;50;0.75;1;0
156;7409.58;50;0.71;1;0
157;6999.02;50;0.74;1;0
158;7487.78;50;0.70;1;0
159;7126.10;50;0.75;1;0
160;7478.01;50;0.71;1;0
161;7116.32;50;0.75;1;0
162;7438.91;50;0.71;1;0
163;6999.02;50;0.74;1;0
164;7478.01;50;0.70;1;0
165;6891.50;50;0.75;1;0
166;7614.86;50;0.69;1;0
167;7018.57;50;0.76;1;0
168;7438.91;50;0.70;1;0
169;6930.60;50;0.74;1;0
170;7448.68;50;0.69;1;0
171;6999.02;50;0.74;1;0
172;7565.98;50;0.70;1;0
173;6959.92;50;0.76;1;0
174;7497.56;50;0.70;1;0
175;6940.37;50;0.75;1;0
176;7478.01;50;0.69;1;0
177;7028.35;50;0.75;1;0
178;7517.11;50;0.70;1;0
179;7038.12;50;0.75;1;0
180;7458.46;50;0.70;1;0
181;6891.50;50;0.75;1;0
182;7399.80;50;0.69;1;0
183;6920.82;50;0.74;1;0
184;7429.13;50;0.69;1;0
185;6813.29;50;0.74;1;0
186;7448.68;50;0.68;1;0
187;7038.12;50;0.74;1;0
188;7458.46;50;0.70;1;0
189;6979.47;50;0.75;1;0
190;7341.15;50;0.70;1;0
191;6862.17;50;0.73;1;0
192;7517.11;50;0.69;1;0
193;6940.37;50;0.75;1;0
194;7487.78;50;0.69;1;0
195;6959.92;50;0.75;1;0
196;7653.96;50;0.70;1;0
197;7194.53;50;0.77;1;0
198;7653.96;50;0.72;1;0
199;7233.63;50;0.77;1;0
200;7507.33;50;0.72;1;0
202;7438.91;50;0.71;1;0
202;7438.91;50;0.71;1;0
203;7057.67;50;0.74;1;0
204;7478.01;50;0.71;1;0
205;7047.90;50;0.75;1;0
206;7565.98;50;0.70;1;0
207;7028.35;50;0.76;1;0
208;7644.18;50;0.70;1;0
209;7008.80;50;0.76;1;0
210;7556.21;50;0.70;1;0
211;7174.98;50;0.76;1;0
212;7575.76;50;0.72;1;0
213;7038.12;50;0.76;1;0
214;7497.56;50;0.70;1;0
215;7008.80;50;0.75;1;0
216;7380.25;50;0.70;1;0
217;6999.02;50;0.74;1;0
218;7546.43;50;0.70;1;0
219;7096.77;50;0.75;1;0
220;7663.73;50;0.71;1;0
221;7057.67;50;0.77;1;0
222;7517.11;50;0.71;1;0
223;7067.45;50;0.75;1;0
224;7497.56;50;0.71;1;0
225;7038.12;50;0.75;1;0
226;7517.11;50;0.70;1;0
227;7057.67;50;0.75;1;0
228;7653.96;50;0.71;1;0
229;7106.55;50;0.77;1;0
230;7771.26;50;0.71;1;0
231;7096.77;50;0.78;1;0
232;7683.28;50;0.71;1;0
233;7116.32;50;0.77;1;0
234;7683.28;50;0.71;1;0
235;7077.22;50;0.77;1;0
236;7556.21;50;0.71;1;0
237;7106.55;50;0.76;1;0
238;7653.96;50;0.71;1;0
239;7106.55;50;0.77;1;0
240;7507.33;50;0.71;1;0
241;7057.67;50;0.75;1;0
242;7624.63;50;0.71;1;0
243;7067.45;50;0.76;1;0
244;7712.61;50;0.71;1;0
245;7067.45;50;0.77;1;0
246;7614.86;50;0.71;1;0
247;7194.53;50;0.76;1;0
248;7722.39;50;0.72;1;0
249;7067.45;50;0.77;1;0
250;7693.06;50;0.71;1;0
251;7096.77;50;0.77;1;0
252;7624.63;50;0.71;1;0
253;7155.43;50;0.76;1;0
254;7585.53;50;0.72;1;0
255;7126.10;50;0.76;1;0
256;7605.08;50;0.71;1;0
257;7106.55;50;0.76;1;0
258;7644.18;50;0.71;1;0
259;7008.80;50;0.76;1;0
260;7585.53;50;0.70;1;0
261;7155.43;50;0.76;1;0
262;7497.56;50;0.72;1;0
263;7106.55;50;0.75;1;0
264;7536.66;50;0.71;1;0
265;7135.88;50;0.75;1;0
266;7448.68;50;0.71;1;0
267;7018.57;50;0.74;1;0
268;7409.58;50;0.70;1;0
269;7126.10;50;0.74;1;0
270;7556.21;50;0.71;1;0
271;7116.32;50;0.76;1;0
272;7380.25;50;0.71;1;0
273;7047.90;50;0.74;1;0
274;7419.35;50;0.70;1;0
275;7087.00;50;0.74;1;0
276;7458.46;50;0.71;1;0
277;7116.32;50;0.75;1;0
278;7458.46;50;0.71;1;0
279;7018.57;50;0.75;1;0
280;7341.15;50;0.70;1;0
281;7077.22;50;0.73;1;0
282;7380.25;50;0.71;1;0
283;7028.35;50;0.74;1;0
284;7419.35;50;0.70;1;0
285;7165.20;50;0.74;1;0
286;7370.48;50;0.72;1;0
287;7047.90;50;0.74;1;0
288;7399.80;50;0.70;1;0
289;7047.90;50;0.74;1;0
290;7429.13;50;0.70;1;0
291;7077.22;50;0.74;1;0
292;7390.03;50;0.71;1;0
293;7038.12;50;0.74;1;0
294;7517.11;50;0.70;1;0
295;7057.67;50;0.75;1;0
296;7468.23;50;0.71;1;0
297;7028.35;50;0.75;1;0
298;7536.66;50;0.70;1;0
299;7116.32;50;0.75;1;0
300;7546.43;50;0.71;1;0
301;7116.32;50;0.75;1;0
302;7438.91;50;0.71;1;0
303;7096.77;50;0.74;1;0
304;7605.08;50;0.71;1;0
305;7087.00;50;0.76;1;0
306;7458.46;50;0.71;1;0
307;7204.30;50;0.75;1;0
308;7507.33;50;0.72;1;0
309;7223.85;50;0.75;1;0
310;7458.46;50;0.72;1;0
311;7272.73;50;0.75;1;0
312;7526.88;50;0.73;1;0
313;7253.18;50;0.75;1;0
314;7429.13;50;0.73;1;0
315;7184.75;50;0.74;1;0
316;7478.01;50;0.72;1;0
317;7233.63;50;0.75;1;0
318;7458.46;50;0.72;1;0
319;7174.98;50;0.75;1;0
320;7448.68;50;0.72;1;0
321;7282.50;50;0.74;1;0
322;7526.88;50;0.73;1;0
323;7204.30;50;0.75;1;0
324;7458.46;50;0.72;1;0
325;7214.08;50;0.75;1;0
326;7390.03;50;0.72;1;0
327;7341.15;50;0.74;1;0
328;7292.28;50;0.73;1;0
329;7380.25;50;0.73;1;0
330;7360.70;50;0.74;1;0
331;7468.23;50;0.74;1;0
332;7370.48;50;0.75;1;0
333;7399.80;50;0.74;1;0
334;7429.13;50;0.74;1;0
335;7497.56;50;0.74;1;0
336;7370.48;50;0.75;1;0
337;7526.88;50;0.74;1;0
338;7419.35;50;0.75;1;0
339;7517.11;50;0.74;1;0
340;7380.25;50;0.75;1;0
341;7526.88;50;0.74;1;0
342;7311.83;50;0.75;1;0
343;7468.23;50;0.73;1;0
344;7380.25;50;0.75;1;0
345;7575.76;50;0.74;1;0
346;7331.38;50;0.76;1;0
347;7614.86;50;0.73;1;0
348;7321.60;50;0.76;1;0
349;7556.21;50;0.73;1;0
350;7360.70;50;0.76;1;0
351;7595.31;50;0.74;1;0
352;7321.60;50;0.76;1;0
353;7575.76;50;0.73;1;0
354;7243.40;50;0.76;1;0
355;7614.86;50;0.72;1;0
356;7360.70;50;0.76;1;0
357;7585.53;50;0.74;1;0
358;7321.60;50;0.76;1;0
359;7741.94;50;0.73;1;0
360;7341.15;50;0.77;1;0
361;7683.28;50;0.73;1;0
362;7429.13;50;0.77;1;0
363;7712.61;50;0.74;1;0
364;7370.48;50;0.77;1;0
365;7702.83;50;0.74;1;0
366;7272.73;50;0.77;1;0
367;7800.59;50;0.73;1;0
368;7116.32;50;0.78;1;0
369;7614.86;50;0.71;1;0
370;7233.63;50;0.76;1;0
371;7634.41;50;0.72;1;0
372;7253.18;50;0.76;1;0
373;7624.63;50;0.73;1;0
374;7272.73;50;0.76;1;0
375;8074.29;50;0.73;1;0
376;7614.86;50;0.81;1;0
377;8123.17;50;0.76;1;0
378;7546.43;50;0.81;1;0
379;7839.69;50;0.75;1;0
380;7223.85;50;0.78;1;0
381;7614.86;50;0.72;1;0
382;7174.98;50;0.76;1;0
383;7722.39;50;0.72;1;0
384;7360.70;50;0.77;1;0
385;7624.63;50;0.74;1;0
386;7331.38;50;0.76;1;0
387;7702.83;50;0.73;1;0
388;7214.08;50;0.77;1;0
389;7741.94;50;0.72;1;0
390;7292.28;50;0.77;1;0
391;7546.43;50;0.73;1;0
392;7262.95;50;0.75;1;0
393;7644.18;50;0.73;1;0
394;7184.75;50;0.76;1;0
395;7653.96;50;0.72;1;0
396;7233.63;50;0.77;1;0
397;7653.96;50;0.72;1;0
398;7204.30;50;0.77;1;0
399;7712.61;50;0.72;1;0
400;7126.10;50;0.77;1;0
401;7663.73;50;0.71;1;0
402;7174.98;50;0.77;1;0
403;7644.18;50;0.72;1;0
404;7145.65;50;0.76;1;0
405;7722.39;50;0.71;1;0
406;7116.32;50;0.77;1;0
407;7585.53;50;0.71;1;0
408;7126.10;50;0.76;1;0
409;7820.14;50;0.71;1;0
411;7927.66;50;0.74;1;0
413;7820.14;50;0.73;1;0
413;7820.14;50;0.73;1;0
413;7820.14;50;0.73;1;0
414;7321.60;50;0.78;1;0
415;7790.81;50;0.73;1;0
416;7243.40;50;0.78;1;0
417;7810.36;50;0.72;1;0
418;7282.50;50;0.78;1;0
419;7849.46;50;0.73;1;0
420;7380.25;50;0.78;1;0
421;7790.81;50;0.74;1;0
422;7370.48;50;0.78;1;0
423;7790.81;50;0.74;1;0
424;7302.05;50;0.78;1;0
425;7810.36;50;0.73;1;0
426;7341.15;50;0.78;1;0
427;7741.94;50;0.73;1;0
428;7302.05;50;0.77;1;0
429;7810.36;50;0.73;1;0
430;7321.60;50;0.78;1;0
431;7741.94;50;0.73;1;0
432;7214.08;50;0.77;1;0
433;7702.83;50;0.72;1;0
434;7350.93;50;0.77;1;0
435;7712.61;50;0.74;1;0
436;7380.25;50;0.77;1;0
437;7751.71;50;0.74;1;0
438;7390.03;50;0.78;1;0
439;7644.18;50;0.74;1;0
440;7556.21;50;0.76;1;0
441;7575.76;50;0.76;1;0
442;7517.11;50;0.76;1;0
443;7546.43;50;0.75;1;0
444;7468.23;50;0.75;1;0
445;7575.76;50;0.75;1;0
446;7556.21;50;0.76;1;0
447;7614.86;50;0.76;1;0
448;7458.46;50;0.76;1;0
449;7722.39;50;0.75;1;0
450;7468.23;50;0.77;1;0
451;7693.06;50;0.75;1;0
452;7575.76;50;0.77;1;0
453;7673.51;50;0.76;1;0
454;7399.80;50;0.77;1;0
455;7702.83;50;0.74;1;0
456;7487.78;50;0.77;1;0
457;7595.31;50;0.75;1;0
458;7536.66;50;0.76;1;0
459;7751.71;50;0.75;1;0
460;7614.86;50;0.78;1;0
461;7605.08;50;0.76;1;0
462;7712.61;50;0.76;1;0
463;7790.81;50;0.77;1;0
464;7829.91;50;0.78;1;0
465;7771.26;50;0.78;1;0
466;7781.04;50;0.78;1;0
467;7790.81;50;0.78;1;0
468;7585.53;50;0.78;1;0
469;7302.05;50;0.76;1;0
470;7565.98;50;0.73;1;0
471;7653.96;50;0.76;1;0
472;7693.06;50;0.77;1;0
473;7702.83;50;0.77;1;0
474;7663.73;50;0.77;1;0
475;7859.24;50;0.77;1;0
476;7565.98;50;0.79;1;0
477;7829.91;50;0.76;1;0
478;7634.41;50;0.78;1;0
479;7839.69;50;0.76;1;0
480;7526.88;50;0.78;1;0
481;7732.16;50;0.75;1;0
482;7605.08;50;0.77;1;0
483;7829.91;50;0.76;1;0
484;7517.11;50;0.78;1;0
485;7673.51;50;0.75;1;0
486;7712.61;50;0.77;1;0
487;7800.59;50;0.77;1;0
488;7595.31;50;0.78;1;0
489;7722.39;50;0.76;1;0
490;7644.18;50;0.77;1;0
491;7517.11;50;0.76;1;0
492;7575.76;50;0.75;1;0
493;7634.41;50;0.76;1;0
494;7536.66;50;0.76;1;0
495;7878.79;50;0.75;1;0
496;7536.66;50;0.79;1;0
497;7888.56;50;0.75;1;0
498;7605.08;50;0.79;1;0
499;7741.94;50;0.76;1;0
500;7800.59;50;0.77;1;0
501;7653.96;50;0.78;1;0
502;7761.49;50;0.77;1;0
503;7634.41;50;0.78;1;0
504;7820.14;50;0.76;1;0
505;7595.31;50;0.78;1;0
506;7575.76;50;0.76;1;0
507;7605.08;50;0.76;1;0
508;7634.41;50;0.76;1;0
509;7507.33;50;0.76;1;0
510;7722.39;50;0.75;1;0
511;7448.68;50;0.77;1;0
512;7673.51;50;0.74;1;0
513;7517.11;50;0.77;1;0
514;7829.91;50;0.75;1;0
515;7663.73;50;0.78;1;0
516;7732.16;50;0.77;1;0
517;7741.94;50;0.77;1;0
518;7820.14;50;0.77;1;0
519;7732.16;50;0.78;1;0
520;7810.36;50;0.77;1;0
521;7614.86;50;0.78;1;0
522;7869.01;50;0.76;1;0
523;7487.78;50;0.79;1;0
524;7927.66;50;0.75;1;0
525;7556.21;50;0.79;1;0
526;7741.94;50;0.76;1;0
527;7751.71;50;0.77;1;0
528;7732.16;50;0.78;1;0
529;7693.06;50;0.77;1;0
530;7741.94;50;0.77;1;0
531;7781.04;50;0.77;1;0
532;7683.28;50;0.78;1;0
533;7712.61;50;0.77;1;0
534;7781.04;50;0.77;1;0
535;7761.49;50;0.78;1;0
536;7849.46;50;0.78;1;0
537;7536.66;50;0.78;1;0
538;7761.49;50;0.75;1;0
539;7673.51;50;0.78;1;0
540;7908.11;50;0.77;1;0
541;7585.53;50;0.79;1;0
542;7820.14;50;0.76;1;0
543;7507.33;50;0.78;1;0
544;7732.16;50;0.75;1;0
545;7546.43;50;0.77;1;0
546;7849.46;50;0.75;1;0
547;7565.98;50;0.78;1;0
548;7829.91;50;0.76;1;0
549;7468.23;50;0.78;1;0
550;7634.41;50;0.75;1;0
551;7468.23;50;0.76;1;0
552;7732.16;50;0.75;1;0
553;7497.56;50;0.77;1;0
554;7722.39;50;0.75;1;0
555;7585.53;50;0.77;1;0
556;7693.06;50;0.76;1;0
557;7741.94;50;0.77;1;0
558;7683.28;50;0.77;1;0
559;7292.28;50;0.77;1;0
560;7497.56;50;0.73;1;0
561;7536.66;50;0.75;1;0
562;7585.53;50;0.75;1;0
563;7693.06;50;0.76;1;0
564;7624.63;50;0.77;1;0
565;7517.11;50;0.76;1;0
566;7478.01;50;0.75;1;0
567;7536.66;50;0.75;1;0
568;7732.16;50;0.75;1;0
569;7556.21;50;0.77;1;0
570;7585.53;50;0.76;1;0
571;7448.68;50;0.76;1;0
572;7429.13;50;0.74;1;0
573;7272.73;50;0.74;1;0
574;7507.33;50;0.73;1;0
575;7331.38;50;0.75;1;0
576;7751.71;50;0.73;1;0
577;7565.98;50;0.78;1;0
578;7644.18;50;0.76;1;0
579;7429.13;50;0.76;1;0
580;7888.56;50;0.74;1;0
581;7693.06;50;0.79;1;0
582;7976.54;50;0.77;1;0
583;7741.94;50;0.80;1;0
584;8054.74;50;0.77;1;0
585;7517.11;50;0.81;1;0
586;8064.52;50;0.75;1;0
587;7458.46;50;0.81;1;0
588;7996.09;50;0.75;1;0
589;7683.28;50;0.80;1;0
590;7888.56;50;0.77;1;0
591;7468.23;50;0.79;1;0
592;7751.71;50;0.75;1;0
593;7458.46;50;0.78;1;0
594;7869.01;50;0.75;1;0
595;7409.58;50;0.79;1;0
596;7507.33;50;0.74;1;0
597;7243.40;50;0.75;1;0
598;7614.86;50;0.72;1;0
599;7331.38;50;0.76;1;0
600;7624.63;50;0.73;1;0
601;7605.08;50;0.76;1;0
602;7829.91;50;0.76;1;0
603;7673.51;50;0.78;1;0
604;7888.56;50;0.77;1;0
605;7732.16;50;0.79;1;0
606;7956.99;50;0.77;1;0
607;7771.26;50;0.80;1;0
608;8015.64;50;0.78;1;0
609;7673.51;50;0.80;1;0
610;8005.87;50;0.77;1;0
611;7614.86;50;0.80;1;0
612;8074.29;50;0.76;1;0
613;7829.91;50;0.81;1;0
614;8230.69;50;0.78;1;0
615;7859.24;50;0.82;1;0
616;8387.10;50;0.79;1;0
617;7927.66;50;0.84;1;0
618;8289.35;50;0.79;1;0
619;7849.46;50;0.83;1;0
620;8103.62;50;0.78;1;0
621;7859.24;50;0.81;1;0
622;8201.37;50;0.79;1;0
623;7761.49;50;0.82;1;0
624;7996.09;50;0.78;1;0
625;7839.69;50;0.80;1;0
626;8230.69;50;0.78;1;0
627;7702.83;50;0.82;1;0
628;8211.14;50;0.77;1;0
629;7761.49;50;0.82;1;0
630;8260.02;50;0.78;1;0
631;7829.91;50;0.83;1;0
632;8455.52;50;0.78;1;0
633;7781.04;50;0.85;1;0
634;8074.29;50;0.78;1;0
635;7829.91;50;0.81;1;0
636;8279.57;50;0.78;1;0
637;7810.36;50;0.83;1;0
638;8387.10;50;0.78;1;0
639;7810.36;50;0.84;1;0
640;8269.79;50;0.78;1;0
641;7996.09;50;0.83;1;0
642;8250.24;50;0.80;1;0
643;7712.61;50;0.83;1;0
644;8240.47;50;0.77;1;0
645;7800.59;50;0.82;1;0
646;8074.29;50;0.78;1;0
647;7712.61;50;0.81;1;0
648;7771.26;50;0.77;1;0
649;7478.01;50;0.78;1;0
650;8220.92;50;0.75;1;0
651;7859.24;50;0.82;1;0
652;8269.79;50;0.79;1;0
653;7663.73;50;0.83;1;0
654;8328.45;50;0.77;1;0
655;7712.61;50;0.83;1;0
656;8396.87;50;0.77;1;0
657;7194.53;50;0.84;1;0
658;8172.04;50;0.72;1;0
659;7702.83;50;0.82;1;0
660;8123.17;50;0.77;1;0
661;7693.06;50;0.81;1;0
662;8093.84;50;0.77;1;0
663;7673.51;50;0.81;1;0
664;8172.04;50;0.77;1;0
665;7702.83;50;0.82;1;0
666;8250.24;50;0.77;1;0
667;7624.63;50;0.83;1;0
668;8074.29;50;0.76;1;0
669;7634.41;50;0.81;1;0
670;8191.59;50;0.76;1;0
671;7634.41;50;0.82;1;0
672;7937.44;50;0.76;1;0
673;7370.48;50;0.79;1;0
674;8123.17;50;0.74;1;0
675;7536.66;50;0.81;1;0
676;8162.27;50;0.75;1;0
677;7507.33;50;0.82;1;0
678;7927.66;50;0.75;1;0
679;7556.21;50;0.79;1;0
680;8142.72;50;0.76;1;0
681;7526.88;50;0.81;1;0
682;7771.26;50;0.75;1;0
683;7321.60;50;0.78;1;0
684;7927.66;50;0.73;1;0
685;7341.15;50;0.79;1;0
686;8044.97;50;0.73;1;0
687;7497.56;50;0.80;1;0
688;8044.97;50;0.75;1;0
689;7526.88;50;0.80;1;0
690;8132.94;50;0.75;1;0
691;7683.28;50;0.81;1;0
692;7966.76;50;0.77;1;0
693;7438.91;50;0.80;1;0
694;7917.89;50;0.74;1;0
695;7458.46;50;0.79;1;0
696;8054.74;50;0.75;1;0
697;7556.21;50;0.81;1;0
698;8093.84;50;0.76;1;0
699;7585.53;50;0.81;1;0
700;8152.49;50;0.76;1;0
701;7546.43;50;0.82;1;0
702;8162.27;50;0.75;1;0
703;7634.41;50;0.82;1;0
704;8035.19;50;0.76;1;0
705;7507.33;50;0.80;1;0
706;8084.07;50;0.75;1;0
707;7644.18;50;0.81;1;0
708;8084.07;50;0.76;1;0
709;7595.31;50;0.81;1;0
710;8084.07;50;0.76;1;0
711;7536.66;50;0.81;1;0
712;8103.62;50;0.75;1;0
713;7673.51;50;0.81;1;0
714;8064.52;50;0.77;1;0
715;7556.21;50;0.81;1;0
716;8093.84;50;0.76;1;0
717;7693.06;50;0.81;1;0
718;8035.19;50;0.77;1;0
719;7683.28;50;0.80;1;0
720;8074.29;50;0.77;1;0
721;7546.43;50;0.81;1;0
722;8142.72;50;0.75;1;0
723;7663.73;50;0.81;1;0
724;8064.52;50;0.77;1;0
725;7712.61;50;0.81;1;0
726;8035.19;50;0.77;1;0
727;7693.06;50;0.80;1;0
728;8044.97;50;0.77;1;0
729;7751.71;50;0.80;1;0
730;8025.42;50;0.78;1;0
731;7683.28;50;0.80;1;0
732;8044.97;50;0.77;1;0
733;7702.83;50;0.80;1;0
734;7888.56;50;0.77;1;0
735;7741.94;50;0.79;1;0
736;8113.39;50;0.77;1;0
737;7849.46;50;0.81;1;0
738;8093.84;50;0.78;1;0
739;7947.21;50;0.81;1;0
740;8054.74;50;0.79;1;0
741;7839.69;50;0.81;1;0
742;8103.62;50;0.78;1;0
743;7751.71;50;0.81;1;0
744;7976.54;50;0.78;1;0
745;7839.69;50;0.80;1;0
746;7741.94;50;0.78;1;0
747;7956.99;50;0.77;1;0
748;8064.52;50;0.80;1;0
749;7947.21;50;0.81;1;0
750;7761.49;50;0.79;1;0
751;7898.34;50;0.78;1;0
752;7761.49;50;0.79;1;0
753;7849.46;50;0.78;1;0
754;7771.26;50;0.78;1;0
755;7996.09;50;0.78;1;0
756;7781.04;50;0.80;1;0
757;7966.76;50;0.78;1;0
758;7634.41;50;0.80;1;0
759;7917.89;50;0.76;1;0
760;7790.81;50;0.79;1;0
761;8035.19;50;0.78;1;0
762;7653.96;50;0.80;1;0
763;8054.74;50;0.77;1;0
764;7663.73;50;0.81;1;0
765;7908.11;50;0.77;1;0
766;7673.51;50;0.79;1;0
767;7781.04;50;0.77;1;0
768;7605.08;50;0.78;1;0
769;7917.89;50;0.76;1;0
770;7644.18;50;0.79;1;0
771;7927.66;50;0.76;1;0
772;7565.98;50;0.79;1;0
773;7976.54;50;0.76;1;0
774;7741.94;50;0.80;1;0
775;7781.04;50;0.77;1;0
776;7732.16;50;0.78;1;0
777;7810.36;50;0.77;1;0
778;7595.31;50;0.78;1;0
779;7888.56;50;0.76;1;0
780;7712.61;50;0.79;1;0
781;7732.16;50;0.77;1;0
782;7693.06;50;0.77;1;0
783;7741.94;50;0.77;1;0
784;7820.14;50;0.77;1;0
785;7722.39;50;0.78;1;0
786;7741.94;50;0.77;1;0
787;7761.49;50;0.77;1;0
788;7673.51;50;0.78;1;0
789;7663.73;50;0.77;1;0
790;7781.04;50;0.77;1;0
791;7790.81;50;0.78;1;0
792;7673.51;50;0.78;1;0
793;7751.71;50;0.77;1;0
794;7702.83;50;0.78;1;0
795;7790.81;50;0.77;1;0
796;7614.86;50;0.78;1;0
797;7810.36;50;0.76;1;0
798;7712.61;50;0.78;1;0
799;7849.46;50;0.77;1;0
800;7605.08;50;0.78;1;0
801;7751.71;50;0.76;1;0
802;7546.43;50;0.78;1;0
803;7624.63;50;0.75;1;0
804;7585.53;50;0.76;1;0
805;7810.36;50;0.76;1;0
806;7644.18;50;0.78;1;0
807;7820.14;50;0.76;1;0
808;7526.88;50;0.78;1;0
809;7820.14;50;0.75;1;0
810;7771.26;50;0.78;1;0
811;7761.49;50;0.78;1;0
812;7517.11;50;0.78;1;0
813;7741.94;50;0.75;1;0
814;7585.53;50;0.77;1;0
815;7771.26;50;0.76;1;0
816;7575.76;50;0.78;1;0
817;7849.46;50;0.76;1;0
818;7575.76;50;0.78;1;0
819;7849.46;50;0.76;1;0
820;7605.08;50;0.78;1;0
821;7927.66;50;0.76;1;0
822;7771.26;50;0.79;1;0
823;7751.71;50;0.78;1;0
824;7546.43;50;0.78;1;0
825;7781.04;50;0.75;1;0
826;7683.28;50;0.78;1;0
827;7917.89;50;0.77;1;0
828;7653.96;50;0.79;1;0
829;7956.99;50;0.77;1;0
830;7605.08;50;0.80;1;0
831;7869.01;50;0.76;1;0
832;7614.86;50;0.79;1;0
833;7947.21;50;0.76;1;0
834;7605.08;50;0.79;1;0
835;7800.59;50;0.76;1;0
836;7507.33;50;0.78;1;0
837;7956.99;50;0.75;1;0
838;7634.41;50;0.80;1;0
839;7790.81;50;0.76;1;0
840;7644.18;50;0.78;1;0
841;7888.56;50;0.76;1;0
842;7722.39;50;0.79;1;0
843;8044.97;50;0.77;1;0
844;7702.83;50;0.80;1;0
845;7839.69;50;0.77;1;0
846;7771.26;50;0.78;1;0
847;7859.24;50;0.78;1;0
848;7790.81;50;0.79;1;0
849;7761.49;50;0.78;1;0
850;7722.39;50;0.78;1;0
851;7771.26;50;0.77;1;0
852;7741.94;50;0.78;1;0
853;8005.87;50;0.77;1;0
854;7702.83;50;0.80;1;0
855;7878.79;50;0.77;1;0
856;7810.36;50;0.79;1;0
857;8015.64;50;0.78;1;0
858;7751.71;50;0.80;1;0
859;7771.26;50;0.78;1;0
860;7683.28;50;0.78;1;0
861;8015.64;50;0.77;1;0
862;7741.94;50;0.80;1;0
863;7829.91;50;0.77;1;0
864;7712.61;50;0.78;1;0
865;7917.89;50;0.77;1;0
866;7790.81;50;0.79;1;0
867;7761.49;50;0.78;1;0
868;7663.73;50;0.78;1;0
869;7878.79;50;0.77;1;0
870;7693.06;50;0.79;1;0
871;7829.91;50;0.77;1;0
872;7624.63;50;0.78;1;0
873;7790.81;50;0.76;1;0
874;7820.14;50;0.78;1;0
875;7751.71;50;0.78;1;0
876;7683.28;50;0.78;1;0
877;7781.04;50;0.77;1;0
878;7653.96;50;0.78;1;0
879;7644.18;50;0.77;1;0
880;7546.43;50;0.76;1;0
881;7634.41;50;0.75;1;0
882;7517.11;50;0.76;1;0
883;7683.28;50;0.75;1;0
884;7546.43;50;0.77;1;0
886;7653.96;50;0.74;1;0
888;7634.41;50;0.75;1;0
888;7634.41;50;0.75;1;0
888;7634.41;50;0.75;1;0
889;7399.80;50;0.76;1;0
890;7634.41;50;0.74;1;0
891;7614.86;50;0.76;1;0
892;7781.04;50;0.76;1;0
893;7556.21;50;0.78;1;0
894;7644.18;50;0.76;1;0
895;7536.66;50;0.76;1;0
896;7517.11;50;0.75;1;0
897;7565.98;50;0.75;1;0
898;7526.88;50;0.76;1;0
899;7556.21;50;0.75;1;0
900;7614.86;50;0.76;1;0
901;7585.53;50;0.76;1;0
902;7546.43;50;0.76;1;0
903;7624.63;50;0.75;1;0
904;7380.25;50;0.76;1;0
905;7585.53;50;0.74;1;0
906;7448.68;50;0.76;1;0
907;7448.68;50;0.74;1;0
908;7468.23;50;0.74;1;0
909;7634.41;50;0.75;1;0
910;7409.58;50;0.76;1;0
911;7614.86;50;0.74;1;0
912;7429.13;50;0.76;1;0
913;7702.83;50;0.74;1;0
914;7390.03;50;0.77;1;0
915;7595.31;50;0.74;1;0
916;7350.93;50;0.76;1;0
917;7702.83;50;0.74;1;0
918;7419.35;50;0.77;1;0
919;7673.51;50;0.74;1;0
920;7556.21;50;0.77;1;0
921;7839.69;50;0.76;1;0
922;7468.23;50;0.78;1;0
923;7732.16;50;0.75;1;0
924;7595.31;50;0.77;1;0
925;7927.66;50;0.76;1;0
926;7556.21;50;0.79;1;0
927;7908.11;50;0.76;1;0
928;7595.31;50;0.79;1;0
929;7917.89;50;0.76;1;0
930;7575.76;50;0.79;1;0
931;7966.76;50;0.76;1;0
932;7634.41;50;0.80;1;0
933;7937.44;50;0.76;1;0
934;7634.41;50;0.79;1;0
935;7869.01;50;0.76;1;0
936;7546.43;50;0.79;1;0
937;7927.66;50;0.75;1;0
938;7781.04;50;0.79;1;0
939;7908.11;50;0.78;1;0
940;7624.63;50;0.79;1;0
941;7888.56;50;0.76;1;0
942;7644.18;50;0.79;1;0
943;7986.31;50;0.76;1;0
944;7741.94;50;0.80;1;0
945;7927.66;50;0.77;1;0
946;7546.43;50;0.79;1;0
947;7996.09;50;0.75;1;0
948;7683.28;50;0.80;1;0
949;7829.91;50;0.77;1;0
950;7556.21;50;0.78;1;0
951;8044.97;50;0.76;1;0
952;7751.71;50;0.80;1;0
953;8054.74;50;0.78;1;0
954;7771.26;50;0.81;1;0
955;8113.39;50;0.78;1;0
956;7820.14;50;0.81;1;0
957;8015.64;50;0.78;1;0
958;7849.46;50;0.80;1;0
959;8103.62;50;0.78;1;0
960;7732.16;50;0.81;1;0
961;7986.31;50;0.77;1;0
962;7702.83;50;0.80;1;0
963;7947.21;50;0.77;1;0
964;7546.43;50;0.79;1;0
965;8113.39;50;0.75;1;0
966;7693.06;50;0.81;1;0
967;8054.74;50;0.77;1;0
968;7614.86;50;0.81;1;0
969;8035.19;50;0.76;1;0
970;7761.49;50;0.80;1;0
971;8132.94;50;0.78;1;0
972;7790.81;50;0.81;1;0
973;7996.09;50;0.78;1;0
974;7859.24;50;0.80;1;0
975;7996.09;50;0.79;1;0
976;7829.91;50;0.80;1;0
977;8015.64;50;0.78;1;0
978;7781.04;50;0.80;1;0
979;8260.02;50;0.78;1;0
980;7908.11;50;0.83;1;0
981;8211.14;50;0.79;1;0
982;7781.04;50;0.82;1;0
983;8054.74;50;0.78;1;0
984;7761.49;50;0.81;1;0
985;8201.37;50;0.78;1;0
986;7653.96;50;0.82;1;0
987;8162.27;50;0.77;1;0
988;7614.86;50;0.82;1;0
989;8084.07;50;0.76;1;0
990;7644.18;50;0.81;1;0
991;8162.27;50;0.76;1;0
992;7526.88;50;0.82;1;0
993;8084.07;50;0.75;1;0
994;7585.53;50;0.81;1;0
995;8084.07;50;0.76;1;0
996;7595.31;50;0.81;1;0
997;8084.07;50;0.76;1;0
998;7634.41;50;0.81;1;0
999;8172.04;50;0.76;1;0
1000;7653.96;50;0.82;1;0
1001;8064.52;50;0.77;1;0
1002;7732.16;50;0.81;1;0
1003;8132.94;50;0.77;1;0
1004;7546.43;50;0.81;1;0
1005;8074.29;50;0.75;1;0
1006;7546.43;50;0.81;1;0
1007;8025.42;50;0.75;1;0
1008;7468.23;50;0.80;1;0
1009;8093.84;50;0.75;1;0
1010;7595.31;50;0.81;1;0
1011;8015.64;50;0.76;1;0
1012;7575.76;50;0.80;1;0
1013;7986.31;50;0.76;1;0
1014;7487.78;50;0.80;1;0
1015;8035.19;50;0.75;1;0
1016;7556.21;50;0.80;1;0
1017;8025.42;50;0.76;1;0
1018;7517.11;50;0.80;1;0
1019;8084.07;50;0.75;1;0
1020;7487.78;50;0.81;1;0
1021;8054.74;50;0.75;1;0
1022;7546.43;50;0.81;1;0
1023;8005.87;50;0.75;1;0
1024;7468.23;50;0.80;1;0
1025;7976.54;50;0.75;1;0
1026;7526.88;50;0.80;1;0
1027;8054.74;50;0.75;1;0
1028;7605.08;50;0.81;1;0
1029;7966.76;50;0.76;1;0
1030;7409.58;50;0.80;1;0
1031;7976.54;50;0.74;1;0
1032;7448.68;50;0.80;1;0
1033;7966.76;50;0.74;1;0
1034;7507.33;50;0.80;1;0
1035;7956.99;50;0.75;1;0
1036;7585.53;50;0.80;1;0
1037;7888.56;50;0.76;1;0
1038;7546.43;50;0.79;1;0
1039;7781.04;50;0.75;1;0
1040;7546.43;50;0.78;1;0
1041;7956.99;50;0.75;1;0
1042;7565.98;50;0.80;1;0
1043;7927.66;50;0.76;1;0
1044;7517.11;50;0.79;1;0
1045;7849.46;50;0.75;1;0
1046;7517.11;50;0.78;1;0
1047;7859.24;50;0.75;1;0
1048;7487.78;50;0.79;1;0
1049;7878.79;50;0.75;1;0
1050;7468.23;50;0.79;1;0
1051;7888.56;50;0.75;1;0
1052;7605.08;50;0.79;1;0
1053;7917.89;50;0.76;1;0
1054;7653.96;50;0.79;1;0
1055;7908.11;50;0.77;1;0
1056;7556.21;50;0.79;1;0
1057;7869.01;50;0.76;1;0
1058;7605.08;50;0.79;1;0
1059;7820.14;50;0.76;1;0
1060;7712.61;50;0.78;1;0
1061;7790.81;50;0.77;1;0
1062;7771.26;50;0.78;1;0
1063;7810.36;50;0.78;1;0
1064;7624.63;50;0.78;1;0
1065;7683.28;50;0.76;1;0
1066;7644.18;50;0.77;1;0
1067;7898.34;50;0.76;1;0
1068;7663.73;50;0.79;1;0
1069;7702.83;50;0.77;1;0
1070;7585.53;50;0.77;1;0
1071;7712.61;50;0.76;1;0
1072;7614.86;50;0.77;1;0
1073;7878.79;50;0.76;1;0
1074;7614.86;50;0.79;1;0
1075;7732.16;50;0.76;1;0
1076;7781.04;50;0.77;1;0
1077;7712.61;50;0.78;1;0
1078;7683.28;50;0.77;1;0
1079;7634.41;50;0.77;1;0
1080;7800.59;50;0.76;1;0
1081;7634.41;50;0.78;1;0
1082;7693.06;50;0.76;1;0
1083;7653.96;50;0.77;1;0
1084;8054.74;50;0.77;1;0
1085;7839.69;50;0.81;1;0
1086;7986.31;50;0.78;1;0
1087;7741.94;50;0.80;1;0
1088;7849.46;50;0.77;1;0
1089;7634.41;50;0.78;1;0
1090;7829.91;50;0.76;1;0
1091;7663.73;50;0.78;1;0
1092;7878.79;50;0.77;1;0
1093;7653.96;50;0.79;1;0
1094;7947.21;50;0.77;1;0
1095;7722.39;50;0.79;1;0
1096;7829.91;50;0.77;1;0
1097;7653.96;50;0.78;1;0
1098;7869.01;50;0.77;1;0
1099;7741.94;50;0.79;1;0
1100;7839.69;50;0.77;1;0
1101;7653.96;50;0.78;1;0
1102;7849.46;50;0.77;1;0
1103;7390.03;50;0.78;1;0
1104;7614.86;50;0.74;1;0
1105;7644.18;50;0.76;1;0
1106;7409.58;50;0.76;1;0
1107;7605.08;50;0.74;1;0
1108;7468.23;50;0.76;1;0
1109;7526.88;50;0.75;1;0
1110;7370.48;50;0.75;1;0
1111;7644.18;50;0.74;1;0
1112;7614.86;50;0.76;1;0
1113;7526.88;50;0.76;1;0
1114;7517.11;50;0.75;1;0
1115;7673.51;50;0.75;1;0
1116;7565.98;50;0.77;1;0
1117;7458.46;50;0.76;1;0
1118;7565.98;50;0.75;1;0
1119;7614.86;50;0.76;1;0
1120;7653.96;50;0.76;1;0
1121;7380.25;50;0.77;1;0
1122;7605.08;50;0.74;1;0
1123;7478.01;50;0.76;1;0
1124;7517.11;50;0.75;1;0
1125;7370.48;50;0.75;1;0
1126;7517.11;50;0.74;1;0
1127;7331.38;50;0.75;1;0
1128;7624.63;50;0.73;1;0
1129;7360.70;50;0.76;1;0
1130;7634.41;50;0.74;1;0
1131;7380.25;50;0.76;1;0
1132;7595.31;50;0.74;1;0
1133;7272.73;50;0.76;1;0
1134;7507.33;50;0.73;1;0
1135;7341.15;50;0.75;1;0
1136;7546.43;50;0.73;1;0
1137;7262.95;50;0.75;1;0
1138;7693.06;50;0.73;1;0
1139;7331.38;50;0.77;1;0
1140;7722.39;50;0.73;1;0
1141;7438.91;50;0.77;1;0
1142;7683.28;50;0.74;1;0
1143;7487.78;50;0.77;1;0
1144;7702.83;50;0.75;1;0
1145;7429.13;50;0.77;1;0
1146;7614.86;50;0.74;1;0
1147;7331.38;50;0.76;1;0
1148;7575.76;50;0.73;1;0
1149;7194.53;50;0.76;1;0
1150;7526.88;50;0.72;1;0
1151;7194.53;50;0.75;1;0
1152;7634.41;50;0.72;1;0
1153;7184.75;50;0.76;1;0
1154;7429.13;50;0.72;1;0
1155;7184.75;50;0.74;1;0
1156;7673.51;50;0.72;1;0
1157;7155.43;50;0.77;1;0
1158;7605.08;50;0.72;1;0
1159;7214.08;50;0.76;1;0
1160;7624.63;50;0.72;1;0
1161;7165.20;50;0.76;1;0
1162;7624.63;50;0.72;1;0
1163;7311.83;50;0.76;1;0
1164;7517.11;50;0.73;1;0
1165;7262.95;50;0.75;1;0
1166;7448.68;50;0.73;1;0
1167;7233.63;50;0.74;1;0
1168;7517.11;50;0.72;1;0
1169;7341.15;50;0.75;1;0
1170;7526.88;50;0.73;1;0
1171;7165.20;50;0.75;1;0
1172;7517.11;50;0.72;1;0
1173;7272.73;50;0.75;1;0
1174;7605.08;50;0.73;1;0
1175;7262.95;50;0.76;1;0
1176;7487.78;50;0.73;1;0
1177;7272.73;50;0.75;1;0
1178;7556.21;50;0.73;1;0
1179;7087.00;50;0.76;1;0
1180;7634.41;50;0.71;1;0
1181;7253.18;50;0.76;1;0
1182;7614.86;50;0.73;1;0
1183;7272.73;50;0.76;1;0
1184;7644.18;50;0.73;1;0
1185;7243.40;50;0.76;1;0
1186;7673.51;50;0.72;1;0
1187;7331.38;50;0.77;1;0
1188;7653.96;50;0.73;1;0
1189;7341.15;50;0.77;1;0
1190;7556.21;50;0.73;1;0
1191;7174.98;50;0.76;1;0
1192;7605.08;50;0.72;1;0
1193;7253.18;50;0.76;1;0
1194;7673.51;50;0.73;1;0
1195;7223.85;50;0.77;1;0
1196;7517.11;50;0.72;1;0
1197;7350.93;50;0.75;1;0
1198;7839.69;50;0.74;1;0
1199;7223.85;50;0.78;1;0
1200;7888.56;50;0.72;1;0
1201;7390.03;50;0.79;1;0
1202;7839.69;50;0.74;1;0
1203;7370.48;50;0.78;1;0
1204;7908.11;50;0.74;1;0
1205;7370.48;50;0.79;1;0
1206;7869.01;50;0.74;1;0
1207;7448.68;50;0.79;1;0
1208;7947.21;50;0.74;1;0
1209;7331.38;50;0.79;1;0
1210;7800.59;50;0.73;1;0
1211;7253.18;50;0.78;1;0
1212;7771.26;50;0.73;1;0
1213;7243.40;50;0.78;1;0
1214;7771.26;50;0.72;1;0
1215;7214.08;50;0.78;1;0
1216;7634.41;50;0.72;1;0
1217;7145.65;50;0.76;1;0
1218;7624.63;50;0.71;1;0
1219;7126.10;50;0.76;1;0
1220;7732.16;50;0.71;1;0
1221;7302.05;50;0.77;1;0
1222;7761.49;50;0.73;1;0
1223;7272.73;50;0.78;1;0
1224;7741.94;50;0.73;1;0
1225;7145.65;50;0.77;1;0
1226;7663.73;50;0.71;1;0
1227;7067.45;50;0.77;1;0
1228;7751.71;50;0.71;1;0
1229;7047.90;50;0.78;1;0
1230;7673.51;50;0.70;1;0
1231;7174.98;50;0.77;1;0
1232;7673.51;50;0.72;1;0
1233;7155.43;50;0.77;1;0
1234;7614.86;50;0.72;1;0
1235;7155.43;50;0.76;1;0
1236;7673.51;50;0.72;1;0
1237;7155.43;50;0.77;1;0
1238;7605.08;50;0.72;1;0
1239;7047.90;50;0.76;1;0
1240;7556.21;50;0.70;1;0
1241;7106.55;50;0.76;1;0
1242;7595.31;50;0.71;1;0
1243;7106.55;50;0.76;1;0
1244;7575.76;50;0.71;1;0
1245;7028.35;50;0.76;1;0
1246;7732.16;50;0.70;1;0
1247;7116.32;50;0.77;1;0
1248;7605.08;50;0.71;1;0
1249;7116.32;50;0.76;1;0
1250;7487.78;50;0.71;1;0
1251;6979.47;50;0.75;1;0
1252;7781.04;50;0.70;1;0
1253;6950.15;50;0.78;1;0
1254;7546.43;50;0.70;1;0
1255;7038.12;50;0.75;1;0
1256;7546.43;50;0.70;1;0
1257;7096.77;50;0.75;1;0
1258;7575.76;50;0.71;1;0
1259;7028.35;50;0.76;1;0
1260;7605.08;50;0.70;1;0
1261;6989.25;50;0.76;1;0
1262;7565.98;50;0.70;1;0
1263;7126.10;50;0.76;1;0
1264;7585.53;50;0.71;1;0
1265;7106.55;50;0.76;1;0
1266;7585.53;50;0.71;1;0
1267;6969.70;50;0.76;1;0
1268;7517.11;50;0.70;1;0
1269;7077.22;50;0.75;1;0
1270;7614.86;50;0.71;1;0
1271;7018.57;50;0.76;1;0
1272;7653.96;50;0.70;1;0
1273;7096.77;50;0.77;1;0
1274;7556.21;50;0.71;1;0
1275;7282.50;50;0.76;1;0
1276;7595.31;50;0.73;1;0
1277;7321.60;50;0.76;1;0
1278;7536.66;50;0.73;1;0
1279;7165.20;50;0.75;1;0
1280;7478.01;50;0.72;1;0
1281;7067.45;50;0.75;1;0
1282;7409.58;50;0.71;1;0
1283;7057.67;50;0.74;1;0
1284;7380.25;50;0.71;1;0
1285;7126.10;50;0.74;1;0
1286;7253.18;50;0.71;1;0
1287;7047.90;50;0.73;1;0
1288;7448.68;50;0.70;1;0
1289;7214.08;50;0.74;1;0
1290;7390.03;50;0.72;1;0
1291;7253.18;50;0.74;1;0
1292;7419.35;50;0.73;1;0
1293;7243.40;50;0.74;1;0
1294;7409.58;50;0.72;1;0
1295;7233.63;50;0.74;1;0
1296;7390.03;50;0.72;1;0
1297;7331.38;50;0.74;1;0
1298;7517.11;50;0.73;1;0
1299;7194.53;50;0.75;1;0
1300;7135.88;50;0.72;1;0
1301;7028.35;50;0.71;1;0
1302;7262.95;50;0.70;1;0
1303;7145.65;50;0.73;1;0
1304;7311.83;50;0.71;1;0
1305;7116.32;50;0.73;1;0
1306;7341.15;50;0.71;1;0
1307;7223.85;50;0.73;1;0
1308;7380.25;50;0.72;1;0
1309;7174.98;50;0.74;1;0
1310;7390.03;50;0.72;1;0
1311;7135.88;50;0.74;1;0
1312;7370.48;50;0.71;1;0
1313;7243.40;50;0.74;1;0
1314;7409.58;50;0.72;1;0
1315;7311.83;50;0.74;1;0
1316;7243.40;50;0.73;1;0
1317;7165.20;50;0.72;1;0
1318;7311.83;50;0.72;1;0
1319;7380.25;50;0.73;1;0
1320;7380.25;50;0.74;1;0
1321;7233.63;50;0.74;1;0
1322;7262.95;50;0.72;1;0
1323;7370.48;50;0.73;1;0
1324;7370.48;50;0.74;1;0
1325;7429.13;50;0.74;1;0
1326;7350.93;50;0.74;1;0
1327;7478.01;50;0.74;1;0
1328;7380.25;50;0.75;1;0
1329;7487.78;50;0.74;1;0
1330;7282.50;50;0.75;1;0
1331;7409.58;50;0.73;1;0
1332;7233.63;50;0.74;1;0
1333;7478.01;50;0.72;1;0
1334;7262.95;50;0.75;1;0
1335;7517.11;50;0.73;1;0
1336;7302.05;50;0.75;1;0
1337;7429.13;50;0.73;1;0
1338;7272.73;50;0.74;1;0
1339;7487.78;50;0.73;1;0
1340;7204.30;50;0.75;1;0
1341;7468.23;50;0.72;1;0
1342;7292.28;50;0.75;1;0
1343;7468.23;50;0.73;1;0
1344;7135.88;50;0.75;1;0
1345;7556.21;50;0.71;1;0
1346;7262.95;50;0.76;1;0
1347;7429.13;50;0.73;1;0
1348;7302.05;50;0.74;1;0
1349;7419.35;50;0.73;1;0
1350;7194.53;50;0.74;1;0
1351;7350.93;50;0.72;1;0
1352;7096.77;50;0.74;1;0
1353;7448.68;50;0.71;1;0
1354;7174.98;50;0.74;1;0
1355;7448.68;50;0.72;1;0
1356;7135.88;50;0.74;1;0
1357;7487.78;50;0.71;1;0
1358;7067.45;50;0.75;1;0
1359;7321.60;50;0.71;1;0
1360;7165.20;50;0.73;1;0
1361;7517.11;50;0.72;1;0
1362;7106.55;50;0.75;1;0
1363;7448.68;50;0.71;1;0
1364;7106.55;50;0.74;1;0
1365;7478.01;50;0.71;1;0
1366;7116.32;50;0.75;1;0
1367;7409.58;50;0.71;1;0
1368;7057.67;50;0.74;1;0
1369;7429.13;50;0.71;1;0
1370;7057.67;50;0.74;1;0
1371;7233.63;50;0.71;1;0
1372;6989.25;50;0.72;1;0
1373;7517.11;50;0.70;1;0
1374;7067.45;50;0.75;1;0
1375;7458.46;50;0.71;1;0
1376;7096.77;50;0.75;1;0
1377;7438.91;50;0.71;1;0
1378;7067.45;50;0.74;1;0
1379;7497.56;50;0.71;1;0
1380;7096.77;50;0.75;1;0
1381;7458.46;50;0.71;1;0
1382;7008.80;50;0.75;1;0
1383;7546.43;50;0.70;1;0
1384;7057.67;50;0.75;1;0
1385;7311.83;50;0.71;1;0
1386;7116.32;50;0.73;1;0
1387;7507.33;50;0.71;1;0
1388;7067.45;50;0.75;1;0
1389;7468.23;50;0.71;1;0
1390;7174.98;50;0.75;1;0
1391;7429.13;50;0.72;1;0
1392;7126.10;50;0.74;1;0
1393;7350.93;50;0.71;1;0
1394;7184.75;50;0.74;1;0
1395;7448.68;50;0.72;1;0
1396;7087.00;50;0.74;1;0
1397;7585.53;50;0.71;1;0
1398;7067.45;50;0.76;1;0
1399;7350.93;50;0.71;1;0
1400;7155.43;50;0.74;1;0
1401;7458.46;50;0.72;1;0
1402;7126.10;50;0.75;1;0
1403;7517.11;50;0.71;1;0
1404;7135.88;50;0.75;1;0
1405;7517.11;50;0.71;1;0
1406;7038.12;50;0.75;1;0
1407;7546.43;50;0.70;1;0
1408;7077.22;50;0.75;1;0
1409;7595.31;50;0.71;1;0
1410;7116.32;50;0.76;1;0
1411;7556.21;50;0.71;1;0
1412;7165.20;50;0.76;1;0
1413;7614.86;50;0.72;1;0
1414;7126.10;50;0.76;1;0
1415;7546.43;50;0.71;1;0
1416;7165.20;50;0.75;1;0
1417;7634.41;50;0.72;1;0
1418;7155.43;50;0.76;1;0
1419;7712.61;50;0.72;1;0
1420;7253.18;50;0.77;1;0
1421;7751.71;50;0.73;1;0
1422;7262.95;50;0.78;1;0
1423;7810.36;50;0.73;1;0
1424;7321.60;50;0.78;1;0
1425;7878.79;50;0.73;1;0
1426;7282.50;50;0.79;1;0
1427;7751.71;50;0.73;1;0
1428;7262.95;50;0.78;1;0
1429;7771.26;50;0.73;1;0
1430;7243.40;50;0.78;1;0
1431;7771.26;50;0.72;1;0
1432;7331.38;50;0.78;1;0
1433;7790.81;50;0.73;1;0
1434;7311.83;50;0.78;1;0
1435;7810.36;50;0.73;1;0
1436;7429.13;50;0.78;1;0
1437;7839.69;50;0.74;1;0
1438;7292.28;50;0.78;1;0
1439;7771.26;50;0.73;1;0
1440;7360.70;50;0.78;1;0
1441;7722.39;50;0.74;1;0
1442;7380.25;50;0.77;1;0
1443;7878.79;50;0.74;1;0
1444;7311.83;50;0.79;1;0
1445;7927.66;50;0.73;1;0
1446;7468.23;50;0.79;1;0
1447;7947.21;50;0.75;1;0
1448;7311.83;50;0.79;1;0
1449;7829.91;50;0.73;1;0
1450;7390.03;50;0.78;1;0
1451;7781.04;50;0.74;1;0
1452;7438.91;50;0.78;1;0
1453;7908.11;50;0.74;1;0
1454;7331.38;50;0.79;1;0
1455;8005.87;50;0.73;1;0
1456;7272.73;50;0.80;1;0
1457;7556.21;50;0.73;1;0
1458;7233.63;50;0.76;1;0
1459;7849.46;50;0.72;1;0
1460;7390.03;50;0.78;1;0
1461;7820.14;50;0.74;1;0
1462;7399.80;50;0.78;1;0
1463;7820.14;50;0.74;1;0
1464;7302.05;50;0.78;1;0
1465;7761.49;50;0.73;1;0
1466;7272.73;50;0.78;1;0
1467;7869.01;50;0.73;1;0
1468;7126.10;50;0.79;1;0
1469;7820.14;50;0.71;1;0
1470;7341.15;50;0.78;1;0
1471;7751.71;50;0.73;1;0
1472;7380.25;50;0.78;1;0
1473;7878.79;50;0.74;1;0
1474;7243.40;50;0.79;1;0
1475;7673.51;50;0.72;1;0
1476;7135.88;50;0.77;1;0
1477;7702.83;50;0.71;1;0
1478;7174.98;50;0.77;1;0
1479;7702.83;50;0.72;1;0
1480;7233.63;50;0.77;1;0
1481;7683.28;50;0.72;1;0
1482;7155.43;50;0.77;1;0
1483;7624.63;50;0.72;1;0
1484;7077.22;50;0.76;1;0
1485;7829.91;50;0.71;1;0
1486;7067.45;50;0.78;1;0
1487;7585.53;50;0.71;1;0
1488;7077.22;50;0.76;1;0
1489;7624.63;50;0.71;1;0
1490;7126.10;50;0.76;1;0
1491;7468.23;50;0.71;1;0
1492;7057.67;50;0.75;1;0
1493;7478.01;50;0.71;1;0
1494;7184.75;50;0.75;1;0
1495;7321.60;50;0.72;1;0
1496;7018.57;50;0.73;1;0
1497;7438.91;50;0.70;1;0
1498;7077.22;50;0.74;1;0
1499;7390.03;50;0.71;1;0
1500;6969.70;50;0.74;1;0
1501;7517.11;50;0.70;1;0
1502;6969.70;50;0.75;1;0
1503;7262.95;50;0.70;1;0
1504;7077.22;50;0.73;1;0
1505;7302.05;50;0.71;1;0
1506;7028.35;50;0.73;1;0
1507;7194.53;50;0.70;1;0
1508;7077.22;50;0.72;1;0
1509;7429.13;50;0.71;1;0
1510;7145.65;50;0.74;1;0
1511;7311.83;50;0.71;1;0
1512;7116.32;50;0.73;1;0
1513;7321.60;50;0.71;1;0
1514;7057.67;50;0.73;1;0
1515;7478.01;50;0.71;1;0
1516;7429.13;50;0.75;1;0
1517;7419.35;50;0.74;1;0
1518;7194.53;50;0.74;1;0
1519;7341.15;50;0.72;1;0
1520;7214.08;50;0.73;1;0
1521;7204.30;50;0.72;1;0
1522;7243.40;50;0.72;1;0
1523;7233.63;50;0.72;1;0
1524;7262.95;50;0.72;1;0
1525;7311.83;50;0.73;1;0
1526;7223.85;50;0.73;1;0
1527;7116.32;50;0.72;1;0
1528;7341.15;50;0.71;1;0
1529;7341.15;50;0.73;1;0
1530;7350.93;50;0.73;1;0
1531;7165.20;50;0.74;1;0
1532;7174.98;50;0.72;1;0
1533;7174.98;50;0.72;1;0
1534;7262.95;50;0.72;1;0
1535;7067.45;50;0.73;1;0
1536;7458.46;50;0.71;1;0
1537;7272.73;50;0.75;1;0
1538;7390.03;50;0.73;1;0
1539;7253.18;50;0.74;1;0
1540;7341.15;50;0.73;1;0
1541;7243.40;50;0.73;1;0
1542;7409.58;50;0.72;1;0
1543;7214.08;50;0.74;1;0
1544;7536.66;50;0.72;1;0
1545;7204.30;50;0.75;1;0
1546;7565.98;50;0.72;1;0
1547;7350.93;50;0.76;1;0
1548;7517.11;50;0.74;1;0
1549;7223.85;50;0.75;1;0
1550;7595.31;50;0.72;1;0
1551;7380.25;50;0.76;1;0
1552;7448.68;50;0.74;1;0
1553;7341.15;50;0.74;1;0
1554;7360.70;50;0.73;1;0
1555;7517.11;50;0.74;1;0
1556;7546.43;50;0.75;1;0
1557;7409.58;50;0.75;1;0
1558;7468.23;50;0.74;1;0
1559;7165.20;50;0.75;1;0
1560;7517.11;50;0.72;1;0
1561;7292.28;50;0.75;1;0
1562;7438.91;50;0.73;1;0
1563;7145.65;50;0.74;1;0
1564;7507.33;50;0.71;1;0
1565;7438.91;50;0.75;1;0
1566;7497.56;50;0.74;1;0
1567;7350.93;50;0.75;1;0
1568;7546.43;50;0.74;1;0
1569;7214.08;50;0.75;1;0
1570;7585.53;50;0.72;1;0
1571;7292.28;50;0.76;1;0
1572;7497.56;50;0.73;1;0
1573;7390.03;50;0.75;1;0
1574;7546.43;50;0.74;1;0
1575;7204.30;50;0.75;1;0
1576;7556.21;50;0.72;1;0
1577;7204.30;50;0.76;1;0
1578;7487.78;50;0.72;1;0
1579;7204.30;50;0.75;1;0
1580;7517.11;50;0.72;1;0
1581;7174.98;50;0.75;1;0
1582;7497.56;50;0.72;1;0
1583;7165.20;50;0.75;1;0
1584;7536.66;50;0.72;1;0
1585;7360.70;50;0.75;1;0
1586;7624.63;50;0.74;1;0
1587;7380.25;50;0.76;1;0
1588;7614.86;50;0.74;1;0
1589;7370.48;50;0.76;1;0
1590;7653.96;50;0.74;1;0
1591;7331.38;50;0.77;1;0
1592;7595.31;50;0.73;1;0
1593;7438.91;50;0.76;1;0
1594;7732.16;50;0.74;1;0
1595;7390.03;50;0.77;1;0
1596;7683.28;50;0.74;1;0
1597;7399.80;50;0.77;1;0
1598;7585.53;50;0.74;1;0
1599;7341.15;50;0.76;1;0
1600;7712.61;50;0.73;1;0
1601;7321.60;50;0.77;1;0
1602;7653.96;50;0.73;1;0
1603;7272.73;50;0.77;1;0
1604;7673.51;50;0.73;1;0
1605;7223.85;50;0.77;1;0
1606;7751.71;50;0.72;1;0
1607;7272.73;50;0.78;1;0
1608;7741.94;50;0.73;1;0
1609;7253.18;50;0.77;1;0
1610;7673.51;50;0.73;1;0
1611;7370.48;50;0.77;1;0
1612;7751.71;50;0.74;1;0
1613;7292.28;50;0.78;1;0
1614;7693.06;50;0.73;1;0
1615;7262.95;50;0.77;1;0
1616;7595.31;50;0.73;1;0
1617;7243.40;50;0.76;1;0
1618;7741.94;50;0.72;1;0
1619;7165.20;50;0.77;1;0
1620;7663.73;50;0.72;1;0
1621;7116.32;50;0.77;1;0
1622;7732.16;50;0.71;1;0
1623;7214.08;50;0.77;1;0
1624;7673.51;50;0.72;1;0
1625;7282.50;50;0.77;1;0
1626;7751.71;50;0.73;1;0
1627;7272.73;50;0.78;1;0
1628;7644.18;50;0.73;1;0
1629;7331.38;50;0.76;1;0
1630;7722.39;50;0.73;1;0
1631;7272.73;50;0.77;1;0
1632;7644.18;50;0.73;1;0
1633;7214.08;50;0.76;1;0
1634;7614.86;50;0.72;1;0
1635;7214.08;50;0.76;1;0
1636;7673.51;50;0.72;1;0
1637;7106.55;50;0.77;1;0
1638;7614.86;50;0.71;1;0
1639;7145.65;50;0.76;1;0
1640;7644.18;50;0.71;1;0
1641;7233.63;50;0.76;1;0
1642;7741.94;50;0.72;1;0
1643;7292.28;50;0.77;1;0
1644;7722.39;50;0.73;1;0
1645;7350.93;50;0.77;1;0
1646;7605.08;50;0.74;1;0
1647;7253.18;50;0.76;1;0
1648;7595.31;50;0.73;1;0
1649;7174.98;50;0.76;1;0
1650;7722.39;50;0.72;1;0
1651;7135.88;50;0.77;1;0
1652;7653.96;50;0.71;1;0
1653;7262.95;50;0.77;1;0
1654;7722.39;50;0.73;1;0
1655;7282.50;50;0.77;1;0
1656;7722.39;50;0.73;1;0
1657;7243.40;50;0.77;1;0
1658;7908.11;50;0.72;1;0
1659;7204.30;50;0.79;1;0
1660;7810.36;50;0.72;1;0
1661;7302.05;50;0.78;1;0
1662;7966.76;50;0.73;1;0
1663;7350.93;50;0.80;1;0
1664;7859.24;50;0.74;1;0
1665;7233.63;50;0.79;1;0
1666;7927.66;50;0.72;1;0
1667;7399.80;50;0.79;1;0
1668;7937.44;50;0.74;1;0
1669;7243.40;50;0.79;1;0
1670;7829.91;50;0.72;1;0
1671;7272.73;50;0.78;1;0
1672;7732.16;50;0.73;1;0
1673;7360.70;50;0.77;1;0
1674;7771.26;50;0.74;1;0
1675;7194.53;50;0.78;1;0
1676;7820.14;50;0.72;1;0
1677;7194.53;50;0.78;1;0
1678;7829.91;50;0.72;1;0
1679;7302.05;50;0.78;1;0
1680;7869.01;50;0.73;1;0
1681;7253.18;50;0.79;1;0
1682;7859.24;50;0.73;1;0
1683;7292.28;50;0.79;1;0
1684;7829.91;50;0.73;1;0
1685;7370.48;50;0.78;1;0
1686;7869.01;50;0.74;1;0
1687;7458.46;50;0.79;1;0
1688;7917.89;50;0.75;1;0
1689;7390.03;50;0.79;1;0
1690;7937.44;50;0.74;1;0
1691;7429.13;50;0.79;1;0
1692;8054.74;50;0.74;1;0
1693;7487.78;50;0.81;1;0
1694;8015.64;50;0.75;1;0
1695;7497.56;50;0.80;1;0
1696;8044.97;50;0.75;1;0
1697;7673.51;50;0.80;1;0
1698;8103.62;50;0.77;1;0
1699;7712.61;50;0.81;1;0
1700;8162.27;50;0.77;1;0
1701;7732.16;50;0.82;1;0
1702;8162.27;50;0.77;1;0
1703;7849.46;50;0.82;1;0
1704;8230.69;50;0.78;1;0
1705;7820.14;50;0.82;1;0
1706;8299.12;50;0.78;1;0
1707;7927.66;50;0.83;1;0
1708;8387.10;50;0.79;1;0
1709;8113.39;50;0.84;1;0
1710;8445.75;50;0.81;1;0
1711;8142.72;50;0.84;1;0
1712;8631.48;50;0.81;1;0
1713;8416.42;50;0.86;1;0
1714;8572.83;50;0.84;1;0
1715;8455.52;50;0.86;1;0
1716;8631.48;50;0.85;1;0
1717;8651.03;50;0.86;1;0
1718;8739.00;50;0.87;1;0
1719;8690.13;50;0.87;1;0
1720;8944.28;50;0.87;1;0
1721;8846.53;50;0.89;1;0
1722;9002.93;50;0.88;1;0
1723;10948.19;50;0.90;1;1
1724;10948.19;50;1.09;1;1
1725;10948.19;50;1.09;1;1
1726;11143.70;50;1.09;1;1
1727;11241.45;50;1.11;1;1
1728;11143.70;50;1.12;1;1
1729;11290.32;50;1.11;1;1
1730;11290.32;50;1.13;1;1
1731;11534.70;50;1.13;1;1
1732;11436.95;50;1.15;1;1
1733;11681.33;50;1.14;1;1
1734;11534.70;50;1.17;1;1
1735;11925.71;50;1.15;1;1
1736;11583.58;50;1.19;1;1
1737;11876.83;50;1.16;1;1
1738;11876.83;50;1.19;1;1
1739;11974.58;50;1.19;1;1
1740;11730.21;50;1.20;1;1
1741;12170.09;50;1.17;1;1
1742;11779.08;50;1.22;1;1
1743;12316.71;50;1.18;1;1
1744;11876.83;50;1.23;1;1
1745;12512.22;50;1.19;1;1
1746;12218.96;50;1.25;1;1
1747;12707.72;50;1.22;1;1
1748;12218.96;50;1.27;1;1
1749;12561.09;50;1.22;1;1
1750;12463.34;50;1.26;1;1
1751;12854.35;50;1.25;1;1
1752;12707.72;50;1.29;1;1
1753;12952.10;50;1.27;1;1
1754;12609.97;50;1.30;1;1
1755;13245.36;50;1.26;1;1
1756;12756.60;50;1.32;1;1
1757;13196.48;50;1.28;1;1
1758;12903.23;50;1.32;1;1
1759;13489.74;50;1.29;1;1
1760;13098.73;50;1.35;1;1
1761;13440.86;50;1.31;1;1
1762;13049.85;50;1.34;1;1
1763;13489.74;50;1.30;1;1
1764;13049.85;50;1.35;1;1
1765;13489.74;50;1.30;1;1
1766;13343.11;50;1.35;1;1
1767;13782.99;50;1.33;1;1
1768;13489.74;50;1.38;1;1
1769;14027.37;50;1.35;1;1
1770;13391.98;50;1.40;1;1
1771;13880.74;50;1.34;1;1
1772;13538.61;50;1.39;1;1
1773;14027.37;50;1.35;1;1
1774;13489.74;50;1.40;1;1
1775;13978.49;50;1.35;1;1
1776;13343.11;50;1.40;1;1
1777;13831.87;50;1.33;1;1
1778;13343.11;50;1.38;1;1
1779;13734.12;50;1.33;1;1
1780;13000.98;50;1.37;1;1
1781;13000.98;50;1.30;1;1
1782;12218.96;50;1.30;1;1
1783;12121.21;50;1.22;1;1
1784;10752.69;50;1.21;1;1
1785;10312.81;50;1.08;1;1
1786;8455.52;50;1.03;1;1
1787;1446.73;50;0.85;1;0
1788;4672.53;50;0.14;1;0
1789;3499.51;50;0.47;1;0
1790;1016.62;50;0.35;1;0
1791;0.00;50;0.10;1;0
1792;0.00;50;0.00;1;0
1793;0.00;50;0.00;1;0
1794;0.00;50;0.00;1;0
1795;0.00;50;0.00;1;0
1796;0.00;50;0.00;1;0
1797;0.00;50;0.00;1;0
1798;0.00;50;0.00;1;0
1799;0.00;50;0.00;1;0
1800;0.00;50;0.00;1;0
1801;0.00;50;0.00;1;0
1802;0.00;50;0.00;1;0
1803;0.00;50;0.00;1;0
1804;0.00;50;0.00;1;0
1805;0.00;50;0.00;1;0
1806;0.00;50;0.00;1;0
1807;0.00;50;0.00;1;0
1808;0.00;50;0.00;1;0
1809;0.00;50;0.00;1;0
1810;0.00;50;0.00;1;0
1811;0.00;50;0.00;1;0
1812;0.00;50;0.00;1;0
1813;0.00;50;0.00;1;0
1814;0.00;50;0.00;1;0
1815;0.00;50;0.00;1;0
1816;0.00;50;0.00;1;0
1817;0.00;50;0.00;1;0
1818;0.00;50;0.00;1;0
1819;0.00;50;0.00;1;0
1820;0.00;50;0.00;1;0
1821;0.00;50;0.00;1;0
1822;0.00;50;0.00;1;0
1823;0.00;50;0.00;1;0
1824;0.00;50;0.00;1;0
1825;0.00;50;0.00;1;0
1826;0.00;50;0.00;1;0
1827;0.00;50;0.00;1;0
1828;0.00;50;0.00;1;0
1829;0.00;50;0.00;1;0
1830;0.00;50;0.00;1;0
1831;0.00;50;0.00;1;0
1832;0.00;50;0.00;1;0
1833;0.00;50;0.00;1;0
1834;0.00;50;0.00;1;0
1835;0.00;50;0.00;1;0
1836;0.00;50;0.00;1;0
1837;0.00;50;0.00;1;0
1838;0.00;50;0.00;1;0
1839;0.00;50;0.00;1;0
1840;0.00;50;0.00;1;0
1841;0.00;50;0.00;1;0
1842;0.00;50;0.00;1;0
1843;0.00;50;0.00;1;0
1844;0.00;50;0.00;1;0
1845;0.00;50;0.00;1;0
1846;0.00;50;0.00;1;0
1847;0.00;50;0.00;1;0
1848;0.00;50;0.00;1;0
1849;0.00;50;0.00;1;0
1850;0.00;50;0.00;1;0
1851;0.00;50;0.00;1;0
1852;0.00;50;0.00;1;0
1853;0.00;50;0.00;1;0
1854;0.00;50;0.00;1;0
1855;0.00;50;0.00;1;0
1856;0.00;50;0.00;1;0
1857;0.00;50;0.00;1;0
1858;0.00;50;0.00;1;0
1859;0.00;50;0.00;1;0
1860;0.00;50;0.00;1;0
1861;0.00;50;0.00;1;0
1862;0.00;50;0.00;1;0
1863;0.00;50;0.00;1;0
1864;0.00;50;0.00;1;0
1865;0.00;50;0.00;1;0
1866;0.00;50;0.00;1;0
1867;0.00;50;0.00;1;0
1868;0.00;50;0.00;1;0
1869;0.00;50;0.00;1;0
1870;0.00;50;0.00;1;0
1871;0.00;50;0.00;1;0
1872;0.00;50;0.00;1;0
1873;0.00;50;0.00;1;0
1874;0.00;50;0.00;1;0
1875;0.00;50;0.00;1;0
1876;0.00;50;0.00;1;0
1877;0.00;50;0.00;1;0
1878;0.00;50;0.00;1;0
1879;0.00;50;0.00;1;0
1880;0.00;50;0.00;1;0
1881;0.00;50;0.00;1;0
1882;0.00;50;0.00;1;0
1883;0.00;50;0.00;1;0
1884;0.00;50;0.00;1;0
1885;0.00;50;0.00;1;0
1886;0.00;50;0.00;1;0
1887;0.00;50;0.00;1;0
1888;0.00;50;0.00;1;0
1889;0.00;50;0.00;1;0
1890;0.00;50;0.00;1;0
1891;0.00;50;0.00;1;0
1892;0.00;50;0.00;1;0
1893;0.00;50;0.00;1;0
1894;0.00;50;0.00;1;0
1895;0.00;50;0.00;1;0
1896;0.00;50;0.00;1;0
1897;0.00;50;0.00;1;0
1898;0.00;50;0.00;1;0
1899;0.00;50;0.00;1;0
1900;0.00;50;0.00;1;0
1901;0.00;50;0.00;1;0
1902;0.00;50;0.00;1;0
1903;0.00;50;0.00;1;0
1904;0.00;50;0.00;1;0
1905;0.00;50;0.00;1;0
1906;0.00;50;0.00;1;0
1907;0.00;50;0.00;1;0
1908;0.00;50;0.00;1;0
1909;0.00;50;0.00;1;0
1910;0.00;50;0.00;1;0
1911;0.00;50;0.00;1;0
1912;0.00;50;0.00;1;0
1913;0.00;50;0.00;1;0
1914;0.00;50;0.00;1;0
1915;0.00;50;0.00;1;0
1916;0.00;50;0.00;1;0
1917;0.00;50;0.00;1;0
1918;0.00;50;0.00;1;0
1919;0.00;50;0.00;1;0
1920;0.00;50;0.00;1;0
1921;0.00;50;0.00;1;0
1922;0.00;50;0.00;1;0
1923;0.00;50;0.00;1;0
1924;0.00;50;0.00;1;0
1925;0.00;50;0.00;1;0
1926;0.00;50;0.00;1;0
1927;0.00;50;0.00;1;0
1928;0.00;50;0.00;1;0
1929;0.00;50;0.00;1;0
1930;0.00;50;0.00;1;0
1931;0.00;50;0.00;1;0
1932;0.00;50;0.00;1;0
1933;0.00;50;0.00;1;0
1934;0.00;50;0.00;1;0
1935;0.00;50;0.00;1;0
1936;0.00;50;0.00;1;0
1937;0.00;50;0.00;1;0
1938;0.00;50;0.00;1;0
1939;0.00;50;0.00;1;0
1940;0.00;50;0.00;1;0
1941;0.00;50;0.00;1;0
1942;0.00;50;0.00;1;0
1943;0.00;50;0.00;1;0
1944;0.00;50;0.00;1;0
1945;0.00;50;0.00;1;0
1946;0.00;50;0.00;1;0
1947;0.00;50;0.00;1;0
1948;0.00;50;0.00;1;0
1949;0.00;50;0.00;1;0
1950;0.00;50;0.00;1;0
1951;0.00;50;0.00;1;0
1952;0.00;50;0.00;1;0
1953;0.00;50;0.00;1;0
1954;0.00;50;0.00;1;0
1955;0.00;50;0.00;1;0
1956;0.00;50;0.00;1;0
1957;0.00;50;0.00;1;0
1958;0.00;50;0.00;1;0
1959;0.00;50;0.00;1;0
1960;0.00;50;0.00;1;0
1961;0.00;50;0.00;1;0
1962;0.00;50;0.00;1;0
1963;0.00;50;0.00;1;0
1964;0.00;50;0.00;1;0
1965;0.00;50;0.00;1;0
1966;0.00;50;0.00;1;0
1967;0.00;50;0.00;1;0
1968;0.00;50;0.00;1;0
1969;0.00;50;0.00;1;0
1970;0.00;50;0.00;1;0
1971;0.00;50;0.00;1;0
1972;0.00;50;0.00;1;0
1973;0.00;50;0.00;1;0
1974;0.00;50;0.00;1;0
1975;0.00;50;0.00;1;0
1976;0.00;50;0.00;1;0
1977;0.00;50;0.00;1;0
1978;0.00;50;0.00;1;0
1979;0.00;50;0.00;1;0
1980;0.00;50;0.00;1;0
1981;0.00;50;0.00;1;0
1982;0.00;50;0.00;1;0
1983;0.00;50;0.00;1;0
1984;0.00;50;0.00;1;0
1985;0.00;50;0.00;1;0
1986;0.00;50;0.00;1;0
1987;0.00;50;0.00;1;0
1988;0.00;50;0.00;1;0
1989;0.00;50;0.00;1;0
1990;0.00;50;0.00;1;0
1991;0.00;50;0.00;1;0
1992;0.00;50;0.00;1;0
1993;0.00;50;0.00;1;0
1994;0.00;50;0.00;1;0
1995;0.00;50;0.00;1;0
1996;0.00;50;0.00;1;0
1997;0.00;50;0.00;1;0
1998;0.00;50;0.00;1;0
1999;0.00;50;0.00;1;0
2000;0.00;50;0.00;1;0
2001;0.00;50;0.00;1;0
2002;0.00;50;0.00;1;0
2003;0.00;50;0.00;1;0
2004;0.00;50;0.00;1;0
2005;0.00;50;0.00;1;0
2006;0.00;50;0.00;1;0
2007;0.00;50;0.00;1;0
2008;0.00;50;0.00;1;0
2009;0.00;50;0.00;1;0
2010;0.00;50;0.00;1;0
2011;0.00;50;0.00;1;0
2012;0.00;50;0.00;1;0
2013;0.00;50;0.00;1;0
2014;0.00;50;0.00;1;0
2015;0.00;50;0.00;1;0
2016;0.00;50;0.00;1;0
2017;0.00;50;0.00;1;0
2018;0.00;50;0.00;1;0
2019;0.00;50;0.00;1;0
2020;0.00;50;0.00;1;0
2021;0.00;50;0.00;1;0
2022;0.00;50;0.00;1;0
2023;0.00;50;0.00;1;0
2024;0.00;50;0.00;1;0
2025;0.00;50;0.00;1;0
2026;0.00;50;0.00;1;0
2027;0.00;50;0.00;1;0
2028;0.00;50;0.00;1;0
2029;0.00;50;0.00;1;0
2030;0.00;50;0.00;1;0
2031;586.51;50;0.00;1;0
2032;967.74;50;0.06;1;0
2033;2072.34;50;0.10;1;0
2034;2326.49;50;0.21;1;0
2035;3362.66;50;0.23;1;0
2036;3792.77;50;0.34;1;0
2037;4848.48;50;0.38;1;0
2038;5229.72;50;0.48;1;0
2039;6275.66;50;0.52;1;0
2040;6647.12;50;0.63;1;0
2041;7634.41;50;0.66;1;0
2042;7820.14;50;0.76;1;0
2043;8826.98;50;0.78;1;0
2044;9051.81;50;0.88;1;0
2045;12023.46;50;0.91;1;1
2046;12365.59;50;1.20;1;1
2047;13587.49;50;1.24;1;1
2048;13685.24;50;1.36;1;1
2049;14907.14;50;1.37;1;1
2050;15102.64;50;1.49;1;1
2051;16275.66;50;1.51;1;1
2052;16422.29;50;1.63;1;1
2053;17448.68;50;1.64;1;1
2054;17693.06;50;1.74;1;1
2055;18621.70;50;1.77;1;1
2056;18670.58;50;1.86;1;1
2057;19648.09;50;1.87;1;1
2058;19843.60;50;1.96;1;1
2059;20625.61;50;1.98;1;1
2060;20967.74;50;2.06;1;1
2061;21798.63;50;2.10;1;1
2062;21994.13;50;2.18;1;1
2063;22825.02;50;2.20;1;1
2064;23020.53;50;2.28;1;1
2065;23753.67;50;2.30;1;1
2066;23655.91;50;2.38;1;1
2067;24486.80;50;2.37;1;1
2068;24975.56;50;2.45;1;1
2069;25366.57;50;2.50;1;1
2070;25513.20;50;2.54;1;1
2071;25757.58;50;2.55;1;1
2072;26099.71;50;2.58;1;1
2073;26539.59;50;2.61;1;1
2074;26881.72;50;2.65;1;1
2075;27223.85;50;2.69;1;1
2076;27223.85;50;2.72;1;1
2077;27712.61;50;2.72;1;1
2078;28005.87;50;2.77;1;1
2079;28396.87;50;2.80;1;1
2080;28690.13;50;2.84;1;1
2081;29032.26;50;2.87;1;1
2082;29276.64;50;2.90;1;1
2083;29521.02;50;2.93;1;1
2084;29667.64;50;2.95;1;1
2085;30058.65;50;2.97;1;1
2086;30400.78;50;3.01;1;1
2087;30596.29;50;3.04;1;1
2088;30791.79;50;3.06;1;1
2089;30742.91;50;3.08;1;1
2090;31231.67;50;3.07;1;1
2091;31476.05;50;3.12;1;1
2092;31867.06;50;3.15;1;1
2093;32062.56;50;3.19;1;1
2094;32600.20;50;3.21;1;1
2095;32404.69;50;3.26;1;1
2096;32942.32;50;3.24;1;1
2097;32746.82;50;3.29;1;1
2098;33382.21;50;3.27;1;1
2099;33088.95;50;3.34;1;1
2100;33919.84;50;3.31;1;1
2101;33773.21;50;3.39;1;1
2102;34213.10;50;3.38;1;1
2103;34115.35;50;3.42;1;1
2104;34164.22;50;3.41;1;1
2105;34213.10;50;3.42;1;1
2106;34115.35;50;3.42;1;1
2107;34164.22;50;3.41;1;1
2108;34164.22;50;3.42;1;1
2109;34213.10;50;3.42;1;1
2110;34115.35;50;3.42;1;1
2111;34115.35;50;3.41;1;1
2112;34115.35;50;3.41;1;1
2113;34115.35;50;3.41;1;1
2114;34164.22;50;3.41;1;1
2115;34164.22;50;3.42;1;1
2116;34115.35;50;3.42;1;1
2117;34115.35;50;3.41;1;1
2118;34115.35;50;3.41;1;1
2119;34164.22;50;3.41;1;1
2120;34164.22;50;3.42;1;1
2121;34115.35;50;3.42;1;1
2122;34115.35;50;3.41;1;1
2123;34164.22;50;3.41;1;1
2124;34115.35;50;3.42;1;1
2125;34115.35;50;3.41;1;1
2126;34115.35;50;3.41;1;1
2127;34164.22;50;3.41;1;1
2128;34164.22;50;3.42;1;1
2129;34115.35;50;3.42;1;1
2130;34115.35;50;3.41;1;1
2131;34115.35;50;3.41;1;1
2132;34115.35;50;3.41;1;1
2133;34115.35;50;3.41;1;1
2134;34115.35;50;3.41;1;1
2135;34115.35;50;3.41;1;1
2136;34164.22;50;3.41;1;1
2137;34115.35;50;3.42;1;1
2138;34115.35;50;3.41;1;1
2139;34164.22;50;3.41;1;1
2140;34115.35;50;3.42;1;1
2141;34115.35;50;3.41;1;1
2142;34115.35;50;3.41;1;1
2143;34115.35;50;3.41;1;1
2144;34115.35;50;3.41;1;1
2145;34115.35;50;3.41;1;1
2146;34115.35;50;3.41;1;1
2147;34115.35;50;3.41;1;1
2148;34115.35;50;3.41;1;1
2149;34115.35;50;3.41;1;1
2150;34115.35;50;3.41;1;1
2151;34115.35;50;3.41;1;1
2152;34115.35;50;3.41;1;1
2153;34115.35;50;3.41;1;1
2154;34115.35;50;3.41;1;1
2155;34115.35;50;3.41;1;1
2156;34115.35;50;3.41;1;1
2157;34115.35;50;3.41;1;1
2158;34115.35;50;3.41;1;1
2159;34115.35;50;3.41;1;1
2160;34115.35;50;3.41;1;1
2161;34115.35;50;3.41;1;1
2162;34115.35;50;3.41;1;1
2163;34115.35;50;3.41;1;1
2164;34115.35;50;3.41;1;1
2165;34115.35;50;3.41;1;1
2166;34115.35;50;3.41;1;1
2167;34115.35;50;3.41;1;1
2168;34115.35;50;3.41;1;1
2169;34115.35;50;3.41;1;1
2170;34164.22;50;3.41;1;1
2171;34115.35;50;3.42;1;1
2172;34115.35;50;3.41;1;1
2173;34115.35;50;3.41;1;1
2174;34115.35;50;3.41;1;1
2175;34115.35;50;3.41;1;1
2176;34115.35;50;3.41;1;1
2177;34115.35;50;3.41;1;1
2178;34115.35;50;3.41;1;1
2179;34115.35;50;3.41;1;1
2180;34115.35;50;3.41;1;1
2181;34066.47;50;3.41;1;1
2182;34115.35;50;3.41;1;1
2183;34115.35;50;3.41;1;1
2184;34115.35;50;3.41;1;1
2185;34164.22;50;3.41;1;1
2186;34164.22;50;3.42;1;1
2187;34115.35;50;3.42;1;1
2188;34164.22;50;3.41;1;1
2189;34115.35;50;3.42;1;1
2190;34115.35;50;3.41;1;1
2191;34115.35;50;3.41;1;1
2192;34115.35;50;3.41;1;1
2193;34115.35;50;3.41;1;1
2194;34115.35;50;3.41;1;1
2195;34115.35;50;3.41;1;1
2196;34115.35;50;3.41;1;1
2197;34115.35;50;3.41;1;1
2198;34115.35;50;3.41;1;1
2199;34115.35;50;3.41;1;1
2200;34164.22;50;3.41;1;1
2201;34115.35;50;3.42;1;1
2202;34115.35;50;3.41;1;1
2203;34115.35;50;3.41;1;1
2204;34164.22;50;3.41;1;1
2205;34115.35;50;3.42;1;1
2206;34115.35;50;3.41;1;1
2207;34115.35;50;3.41;1;1
2208;34115.35;50;3.41;1;1
2209;34115.35;50;3.41;1;1
2210;34066.47;50;3.41;1;1
2211;34115.35;50;3.41;1;1
2212;34115.35;50;3.41;1;1
2213;34115.35;50;3.41;1;1
2214;34115.35;50;3.41;1;1
2215;34115.35;50;3.41;1;1
2216;34115.35;50;3.41;1;1
2217;34115.35;50;3.41;1;1
2218;34115.35;50;3.41;1;1
2219;34066.47;50;3.41;1;1
2220;34115.35;50;3.41;1;1
2221;34115.35;50;3.41;1;1
2222;34115.35;50;3.41;1;1
2223;34115.35;50;3.41;1;1
2224;34115.35;50;3.41;1;1
2225;34115.35;50;3.41;1;1
2226;34115.35;50;3.41;1;1
2227;34115.35;50;3.41;1;1
2228;34115.35;50;3.41;1;1
2229;34115.35;50;3.41;1;1
2230;34115.35;50;3.41;1;1
2231;34115.35;50;3.41;1;1
2232;34115.35;50;3.41;1;1
2233;34115.35;50;3.41;1;1
2234;34115.35;50;3.41;1;1
2235;34115.35;50;3.41;1;1
2236;34115.35;50;3.41;1;1
2237;34115.35;50;3.41;1;1
2238;34115.35;50;3.41;1;1
2239;34066.47;50;3.41;1;1
2240;34164.22;50;3.41;1;1
2241;34066.47;50;3.42;1;1
2242;34115.35;50;3.41;1;1
2243;34115.35;50;3.41;1;1
2244;34115.35;50;3.41;1;1
2245;34066.47;50;3.41;1;1
2246;34115.35;50;3.41;1;1
2247;34164.22;50;3.41;1;1
2248;34066.47;50;3.42;1;1
2249;34066.47;50;3.41;1;1
2250;34066.47;50;3.41;1;1
2251;34115.35;50;3.41;1;1
2252;34115.35;50;3.41;1;1
2253;34066.47;50;3.41;1;1
2254;34115.35;50;3.41;1;1
2255;34164.22;50;3.41;1;1
2256;34115.35;50;3.42;1;1
2257;34115.35;50;3.41;1;1
2258;34115.35;50;3.41;1;1
2259;34115.35;50;3.41;1;1
2260;34115.35;50;3.41;1;1
2261;34115.35;50;3.41;1;1
2262;34115.35;50;3.41;1;1
2263;34115.35;50;3.41;1;1
2264;34115.35;50;3.41;1;1
2265;34115.35;50;3.41;1;1
2266;34115.35;50;3.41;1;1
2267;34066.47;50;3.41;1;1
2268;34066.47;50;3.41;1;1
2269;34115.35;50;3.41;1;1
2270;34115.35;50;3.41;1;1
2271;34115.35;50;3.41;1;1
2272;34115.35;50;3.41;1;1
2273;34115.35;50;3.41;1;1
2274;34066.47;50;3.41;1;1
2275;34115.35;50;3.41;1;1
2276;34115.35;50;3.41;1;1
2277;34115.35;50;3.41;1;1
2278;34115.35;50;3.41;1;1
2279;34164.22;50;3.41;1;1
2280;34115.35;50;3.42;1;1
2281;34066.47;50;3.41;1;1
2282;34115.35;50;3.41;1;1
2283;34066.47;50;3.41;1;1
2284;34164.22;50;3.41;1;1
2285;34115.35;50;3.42;1;1
2286;34115.35;50;3.41;1;1
2287;34066.47;50;3.41;1;1
2288;34115.35;50;3.41;1;1
2289;34115.35;50;3.41;1;1
2290;34115.35;50;3.41;1;1
2291;34115.35;50;3.41;1;1
2292;34115.35;50;3.41;1;1
2293;34066.47;50;3.41;1;1
2294;34115.35;50;3.41;1;1
2295;34115.35;50;3.41;1;1
2296;34164.22;50;3.41;1;1
2297;34066.47;50;3.42;1;1
2298;34115.35;50;3.41;1;1
2299;34066.47;50;3.41;1;1
2300;34115.35;50;3.41;1;1
2301;34115.35;50;3.41;1;1
2302;34066.47;50;3.41;1;1
2303;34066.47;50;3.41;1;1
2304;34115.35;50;3.41;1;1
2305;34164.22;50;3.41;1;1
2306;34066.47;50;3.42;1;1
2307;34066.47;50;3.41;1;1
2308;34066.47;50;3.41;1;1
2309;34115.35;50;3.41;1;1
2310;34115.35;50;3.41;1;1
2311;34115.35;50;3.41;1;1
2312;34115.35;50;3.41;1;1
2313;34115.35;50;3.41;1;1
2314;34115.35;50;3.41;1;1
2315;34115.35;50;3.41;1;1
2316;34115.35;50;3.41;1;1
2317;34066.47;50;3.41;1;1
2318;34066.47;50;3.41;1;1
2319;34066.47;50;3.41;1;1
2320;34115.35;50;3.41;1;1
2321;34066.47;50;3.41;1;1
2322;34066.47;50;3.41;1;1
2323;34066.47;50;3.41;1;1
2324;34066.47;50;3.41;1;1
2325;34066.47;50;3.41;1;1
2326;34164.22;50;3.41;1;1
2327;34066.47;50;3.42;1;1
2328;34115.35;50;3.41;1;1
2329;34115.35;50;3.41;1;1
2330;34164.22;50;3.41;1;1
2331;34115.35;50;3.42;1;1
2332;34115.35;50;3.41;1;1
2333;34066.47;50;3.41;1;1
2334;34115.35;50;3.41;1;1
2335;34115.35;50;3.41;1;1
2336;34115.35;50;3.41;1;1
2337;34066.47;50;3.41;1;1
2338;34066.47;50;3.41;1;1
2339;34066.47;50;3.41;1;1
2340;34066.47;50;3.41;1;1
2341;34115.35;50;3.41;1;1
2342;34066.47;50;3.41;1;1
2343;34115.35;50;3.41;1;1
2344;34066.47;50;3.41;1;1
2345;34066.47;50;3.41;1;1
2346;34066.47;50;3.41;1;1
2347;34115.35;50;3.41;1;1
2348;34066.47;50;3.41;1;1
2349;34066.47;50;3.41;1;1
2350;34115.35;50;3.41;1;1
2351;34115.35;50;3.41;1;1
2352;34066.47;50;3.41;1;1
2353;34066.47;50;3.41;1;1
2354;34066.47;50;3.41;1;1
2355;34066.47;50;3.41;1;1
2356;34115.35;50;3.41;1;1
2357;34066.47;50;3.41;1;1
2358;34115.35;50;3.41;1;1
2359;34066.47;50;3.41;1;1
2360;34164.22;50;3.41;1;1
2361;34066.47;50;3.42;1;1
2362;34115.35;50;3.41;1;1
2363;34115.35;50;3.41;1;1
2364;34164.22;50;3.41;1;1
2365;34066.47;50;3.42;1;1
2366;34066.47;50;3.41;1;1
2367;34164.22;50;3.41;1;1
2368;34164.22;50;3.42;1;1
2369;34066.47;50;3.42;1;1
2370;34115.35;50;3.41;1;1
2371;34164.22;50;3.41;1;1
2372;34066.47;50;3.42;1;1
2373;34115.35;50;3.41;1;1
2374;34066.47;50;3.41;1;1
2375;34066.47;50;3.41;1;1
2376;34066.47;50;3.41;1;1
2377;34066.47;50;3.41;1;1
2378;34213.10;50;3.41;1;1
2379;34066.47;50;3.42;1;1
2380;34066.47;50;3.41;1;1
2381;34066.47;50;3.41;1;1
2382;34066.47;50;3.41;1;1
2383;34066.47;50;3.41;1;1
2384;34066.47;50;3.41;1;1
2385;34115.35;50;3.41;1;1
2386;34115.35;50;3.41;1;1
2387;34066.47;50;3.41;1;1
2388;34066.47;50;3.41;1;1
2389;34066.47;50;3.41;1;1
2390;34066.47;50;3.41;1;1
2391;34066.47;50;3.41;1;1
2392;34066.47;50;3.41;1;1
2393;34066.47;50;3.41;1;1
2394;34066.47;50;3.41;1;1
2395;34115.35;50;3.41;1;1
2396;34066.47;50;3.41;1;1
2397;34066.47;50;3.41;1;1
2398;34066.47;50;3.41;1;1
2399;34066.47;50;3.41;1;1
2400;34066.47;50;3.41;1;1
2401;34066.47;50;3.41;1;1
2402;34164.22;50;3.41;1;1
2403;34115.35;50;3.42;1;1
2404;34066.47;50;3.41;1;1
2405;34066.47;50;3.41;1;1
2406;34115.35;50;3.41;1;1
2407;34066.47;50;3.41;1;1
2408;34066.47;50;3.41;1;1
2409;34066.47;50;3.41;1;1
2410;34066.47;50;3.41;1;1
2411;34066.47;50;3.41;1;1
2412;34066.47;50;3.41;1;1
2413;34066.47;50;3.41;1;1
2414;34066.47;50;3.41;1;1
2415;34066.47;50;3.41;1;1
2416;34066.47;50;3.41;1;1
2417;34066.47;50;3.41;1;1
2418;34066.47;50;3.41;1;1
2419;34066.47;50;3.41;1;1
2420;34066.47;50;3.41;1;1
2421;34066.47;50;3.41;1;1
2422;34115.35;50;3.41;1;1
2423;34066.47;50;3.41;1;1
2424;34066.47;50;3.41;1;1
2425;34164.22;50;3.41;1;1
2426;34066.47;50;3.42;1;1
2427;34066.47;50;3.41;1;1
2428;34115.35;50;3.41;1;1
2429;34066.47;50;3.41;1;1
2430;34066.47;50;3.41;1;1
2431;34066.47;50;3.41;1;1
2432;34066.47;50;3.41;1;1
2433;34115.35;50;3.41;1;1
2434;34115.35;50;3.41;1;1
2435;34066.47;50;3.41;1;1
2436;34066.47;50;3.41;1;1
2437;34066.47;50;3.41;1;1
2438;34066.47;50;3.41;1;1
2439;34066.47;50;3.41;1;1
2440;34164.22;50;3.41;1;1
2441;34066.47;50;3.42;1;1
2442;34066.47;50;3.41;1;1
2443;34066.47;50;3.41;1;1
2444;34066.47;50;3.41;1;1
2445;34115.35;50;3.41;1;1
2446;34066.47;50;3.41;1;1
2447;34115.35;50;3.41;1;1
2448;34066.47;50;3.41;1;1
2449;34115.35;50;3.41;1;1
2450;34066.47;50;3.41;1;1
2451;34066.47;50;3.41;1;1
2452;34066.47;50;3.41;1;1
2453;34066.47;50;3.41;1;1
2454;34115.35;50;3.41;1;1
2455;34066.47;50;3.41;1;1
2456;34066.47;50;3.41;1;1
2457;34115.35;50;3.41;1;1
2458;34115.35;50;3.41;1;1
2459;34066.47;50;3.41;1;1
2460;34066.47;50;3.41;1;1
2461;34066.47;50;3.41;1;1
2462;34066.47;50;3.41;1;1
2463;34066.47;50;3.41;1;1
2464;34066.47;50;3.41;1;1
2465;34115.35;50;3.41;1;1
2466;34066.47;50;3.41;1;1
2467;34066.47;50;3.41;1;1
2468;34115.35;50;3.41;1;1
2469;34066.47;50;3.41;1;1
2470;34115.35;50;3.41;1;1
2471;34066.47;50;3.41;1;1
2472;34066.47;50;3.41;1;1
2473;34066.47;50;3.41;1;1
2474;34066.47;50;3.41;1;1
2475;34115.35;50;3.41;1;1
2476;34164.22;50;3.41;1;1
2477;34066.47;50;3.42;1;1
2478;34164.22;50;3.41;1;1
2479;34066.47;50;3.42;1;1
2480;34115.35;50;3.41;1;1
2481;34066.47;50;3.41;1;1
2482;34066.47;50;3.41;1;1
2483;34066.47;50;3.41;1;1
2484;34066.47;50;3.41;1;1
2485;34066.47;50;3.41;1;1
2486;34066.47;50;3.41;1;1
2487;34115.35;50;3.41;1;1
2488;34066.47;50;3.41;1;1
2489;34066.47;50;3.41;1;1
2490;34066.47;50;3.41;1;1
2491;34164.22;50;3.41;1;1
2492;34066.47;50;3.42;1;1
2493;34066.47;50;3.41;1;1
2494;34066.47;50;3.41;1;1
2495;34066.47;50;3.41;1;1
2496;34066.47;50;3.41;1;1
2497;34066.47;50;3.41;1;1
2498;34115.35;50;3.41;1;1
2499;34066.47;50;3.41;1;1
2500;34066.47;50;3.41;1;1
2501;34066.47;50;3.41;1;1
2502;34115.35;50;3.41;1;1
2503;34164.22;50;3.41;1;1
2504;34115.35;50;3.42;1;1
2505;34066.47;50;3.41;1;1
2506;34066.47;50;3.41;1;1
2507;34066.47;50;3.41;1;1
2508;34066.47;50;3.41;1;1
2509;34066.47;50;3.41;1;1
2510;34066.47;50;3.41;1;1
2511;34115.35;50;3.41;1;1
2512;34066.47;50;3.41;1;1
2513;34066.47;50;3.41;1;1
2514;34066.47;50;3.41;1;1
2515;34066.47;50;3.41;1;1
2516;34164.22;50;3.41;1;1
2517;34066.47;50;3.42;1;1
2518;34066.47;50;3.41;1;1
2519;34066.47;50;3.41;1;1
2520;34066.47;50;3.41;1;1
2521;34115.35;50;3.41;1;1
2522;34164.22;50;3.41;1;1
2523;34066.47;50;3.42;1;1
2524;34066.47;50;3.41;1;1
2525;34066.47;50;3.41;1;1
2526;34066.47;50;3.41;1;1
2527;34066.47;50;3.41;1;1
2528;34066.47;50;3.41;1;1
2529;34066.47;50;3.41;1;1
2530;34066.47;50;3.41;1;1
2531;34066.47;50;3.41;1;1
2532;34066.47;50;3.41;1;1
2533;34066.47;50;3.41;1;1
2534;34066.47;50;3.41;1;1
2535;34066.47;50;3.41;1;1
2536;34066.47;50;3.41;1;1
2537;34066.47;50;3.41;1;1
2538;34066.47;50;3.41;1;1
2539;34066.47;50;3.41;1;1
2540;34066.47;50;3.41;1;1
2541;34066.47;50;3.41;1;1
2542;34066.47;50;3.41;1;1
2543;34066.47;50;3.41;1;1
2544;34066.47;50;3.41;1;1
2545;34164.22;50;3.41;1;1
2546;34115.35;50;3.42;1;1
2547;34066.47;50;3.41;1;1
2548;34066.47;50;3.41;1;1
2549;34066.47;50;3.41;1;1
2550;34066.47;50;3.41;1;1
2551;34115.35;50;3.41;1;1
2552;34066.47;50;3.41;1;1
2553;34066.47;50;3.41;1;1
2554;34066.47;50;3.41;1;1
2555;34066.47;50;3.41;1;1
2556;34115.35;50;3.41;1;1
2557;34066.47;50;3.41;1;1
2558;34066.47;50;3.41;1;1
2559;34066.47;50;3.41;1;1
2560;34115.35;50;3.41;1;1
2561;34164.22;50;3.41;1;1
2562;34066.47;50;3.42;1;1
2563;34066.47;50;3.41;1;1
2564;34066.47;50;3.41;1;1
2565;34066.47;50;3.41;1;1
2566;34066.47;50;3.41;1;1
2567;34066.47;50;3.41;1;1
2568;34066.47;50;3.41;1;1
2569;34066.47;50;3.41;1;1
2570;34066.47;50;3.41;1;1
2571;34066.47;50;3.41;1;1
2572;34066.47;50;3.41;1;1
2573;34066.47;50;3.41;1;1
2574;34066.47;50;3.41;1;1
2575;34066.47;50;3.41;1;1
2576;34066.47;50;3.41;1;1
2577;34066.47;50;3.41;1;1
2578;34115.35;50;3.41;1;1
2579;34066.47;50;3.41;1;1
2580;34066.47;50;3.41;1;1
2581;34066.47;50;3.41;1;1
2582;34164.22;50;3.41;1;1
2583;34066.47;50;3.42;1;1
2584;34066.47;50;3.41;1;1
2585;34066.47;50;3.41;1;1
2586;34066.47;50;3.41;1;1
2587;34066.47;50;3.41;1;1
2588;34066.47;50;3.41;1;1
2589;34115.35;50;3.41;1;1
2590;34066.47;50;3.41;1;1
2591;34066.47;50;3.41;1;1
2592;34066.47;50;3.41;1;1
2593;34066.47;50;3.41;1;1
2594;34115.35;50;3.41;1;1
2595;34066.47;50;3.41;1;1
2596;34066.47;50;3.41;1;1
2597;34066.47;50;3.41;1;1
2598;34115.35;50;3.41;1;1
2599;34115.35;50;3.41;1;1
2600;34066.47;50;3.41;1;1
2601;34066.47;50;3.41;1;1
2602;34115.35;50;3.41;1;1
2603;34115.35;50;3.41;1;1
2604;34115.35;50;3.41;1;1
2605;34066.47;50;3.41;1;1
2606;34066.47;50;3.41;1;1
2607;34164.22;50;3.41;1;1
2608;34066.47;50;3.42;1;1
2609;34066.47;50;3.41;1;1
2610;34066.47;50;3.41;1;1
2611;34066.47;50;3.41;1;1
2612;34066.47;50;3.41;1;1
2613;34164.22;50;3.41;1;1
2614;34115.35;50;3.42;1;1
2615;34066.47;50;3.41;1;1
2616;34017.59;50;3.41;1;1
2617;34115.35;50;3.40;1;1
2618;34066.47;50;3.41;1;1
2619;34066.47;50;3.41;1;1
2620;34066.47;50;3.41;1;1
2621;34066.47;50;3.41;1;1
2622;34066.47;50;3.41;1;1
2623;34066.47;50;3.41;1;1
2624;34066.47;50;3.41;1;1
2625;34066.47;50;3.41;1;1
2626;34066.47;50;3.41;1;1
2627;34066.47;50;3.41;1;1
2628;34115.35;50;3.41;1;1
2629;34066.47;50;3.41;1;1
2630;34066.47;50;3.41;1;1
2631;34066.47;50;3.41;1;1
2632;34066.47;50;3.41;1;1
2633;34066.47;50;3.41;1;1
2634;34066.47;50;3.41;1;1
2635;34066.47;50;3.41;1;1
2636;34066.47;50;3.41;1;1
2637;34066.47;50;3.41;1;1
2638;34066.47;50;3.41;1;1
2639;34066.47;50;3.41;1;1
2640;34066.47;50;3.41;1;1
2641;34066.47;50;3.41;1;1
2642;34066.47;50;3.41;1;1
2643;34066.47;50;3.41;1;1
2644;34066.47;50;3.41;1;1
2645;34066.47;50;3.41;1;1
2646;34066.47;50;3.41;1;1
2647;34066.47;50;3.41;1;1
2648;34115.35;50;3.41;1;1
2649;34066.47;50;3.41;1;1
2650;34066.47;50;3.41;1;1
2651;34066.47;50;3.41;1;1
2652;34066.47;50;3.41;1;1
2653;34066.47;50;3.41;1;1
2654;34066.47;50;3.41;1;1
2655;34066.47;50;3.41;1;1
2656;34066.47;50;3.41;1;1
2657;34066.47;50;3.41;1;1
2658;34066.47;50;3.41;1;1
2659;34066.47;50;3.41;1;1
2660;34066.47;50;3.41;1;1
2661;34066.47;50;3.41;1;1
2662;34066.47;50;3.41;1;1
2663;34066.47;50;3.41;1;1
2664;34017.59;50;3.41;1;1
2665;34066.47;50;3.40;1;1
2666;34066.47;50;3.41;1;1
2667;34066.47;50;3.41;1;1
2668;34066.47;50;3.41;1;1
2669;34066.47;50;3.41;1;1
2670;34066.47;50;3.41;1;1
2671;34115.35;50;3.41;1;1
2672;34066.47;50;3.41;1;1
2673;34066.47;50;3.41;1;1
2674;34066.47;50;3.41;1;1
2675;34066.47;50;3.41;1;1
2676;34066.47;50;3.41;1;1
2677;34066.47;50;3.41;1;1
2678;34066.47;50;3.41;1;1
2679;34066.47;50;3.41;1;1
2680;34066.47;50;3.41;1;1
2681;34115.35;50;3.41;1;1
2682;34066.47;50;3.41;1;1
2683;34017.59;50;3.41;1;1
2684;34066.47;50;3.40;1;1
2685;34066.47;50;3.41;1;1
2686;34066.47;50;3.41;1;1
2687;34066.47;50;3.41;1;1
2688;34066.47;50;3.41;1;1
2689;34066.47;50;3.41;1;1
2690;34115.35;50;3.41;1;1
2691;34164.22;50;3.41;1;1
2692;34066.47;50;3.42;1;1
2693;34066.47;50;3.41;1;1
2694;34066.47;50;3.41;1;1
2695;34066.47;50;3.41;1;1
2696;34066.47;50;3.41;1;1
2697;34066.47;50;3.41;1;1
2698;34066.47;50;3.41;1;1
2699;34066.47;50;3.41;1;1
2700;34066.47;50;3.41;1;1
2701;34066.47;50;3.41;1;1
2702;34066.47;50;3.41;1;1
2703;34066.47;50;3.41;1;1
2704;34066.47;50;3.41;1;1
2705;34066.47;50;3.41;1;1
2706;34066.47;50;3.41;1;1
2707;34066.47;50;3.41;1;1
2708;34066.47;50;3.41;1;1
2709;34066.47;50;3.41;1;1
2710;34066.47;50;3.41;1;1
2711;34066.47;50;3.41;1;1
2712;34066.47;50;3.41;1;1
2713;34066.47;50;3.41;1;1
2714;34066.47;50;3.41;1;1
2715;34066.47;50;3.41;1;1
2716;34066.47;50;3.41;1;1
2717;34066.47;50;3.41;1;1
2718;34066.47;50;3.41;1;1
2719;34066.47;50;3.41;1;1
2720;34115.35;50;3.41;1;1
2721;34066.47;50;3.41;1;1
2722;34115.35;50;3.41;1;1
2723;34066.47;50;3.41;1;1
2724;34066.47;50;3.41;1;1
2725;34066.47;50;3.41;1;1
2726;34066.47;50;3.41;1;1
2727;34066.47;50;3.41;1;1
2728;34066.47;50;3.41;1;1
2729;34066.47;50;3.41;1;1
2730;34066.47;50;3.41;1;1
2731;34066.47;50;3.41;1;1
2732;34066.47;50;3.41;1;1
2733;34164.22;50;3.41;1;1
2734;34115.35;50;3.42;1;1
2735;34066.47;50;3.41;1;1
2736;34066.47;50;3.41;1;1
2737;34066.47;50;3.41;1;1
2738;34066.47;50;3.41;1;1
2739;34066.47;50;3.41;1;1
2740;34066.47;50;3.41;1;1
2741;34066.47;50;3.41;1;1
2742;34066.47;50;3.41;1;1
2743;34066.47;50;3.41;1;1
2744;34115.35;50;3.41;1;1
2745;34066.47;50;3.41;1;1
2746;34066.47;50;3.41;1;1
2747;34066.47;50;3.41;1;1
2748;34066.47;50;3.41;1;1
2749;34066.47;50;3.41;1;1
2750;34066.47;50;3.41;1;1
2751;34066.47;50;3.41;1;1
2752;34066.47;50;3.41;1;1
2753;34066.47;50;3.41;1;1
2754;34066.47;50;3.41;1;1
2755;34066.47;50;3.41;1;1
2756;34066.47;50;3.41;1;1
2757;34066.47;50;3.41;1;1
2758;34066.47;50;3.41;1;1
2759;34066.47;50;3.41;1;1
2760;34017.59;50;3.41;1;1
2761;34066.47;50;3.40;1;1
2762;34066.47;50;3.41;1;1
2763;34066.47;50;3.41;1;1
2764;34066.47;50;3.41;1;1
2765;34066.47;50;3.41;1;1
2766;34017.59;50;3.41;1;1
2767;34066.47;50;3.40;1;1
2768;34066.47;50;3.41;1;1
2769;34115.35;50;3.41;1;1
2770;34066.47;50;3.41;1;1
2771;34066.47;50;3.41;1;1
2772;34115.35;50;3.41;1;1
2773;34066.47;50;3.41;1;1
2774;34115.35;50;3.41;1;1
2775;33870.97;50;3.41;1;1
2776;34017.59;50;3.39;1;1
2777;33284.46;50;3.40;1;1
2778;33822.09;50;3.33;1;1
2779;33137.83;50;3.38;1;1
2780;33528.84;50;3.31;1;1
2781;32795.70;50;3.35;1;1
2782;33040.08;50;3.28;1;1
2783;32306.94;50;3.30;1;1
2784;32844.57;50;3.23;1;1
2785;32160.31;50;3.28;1;1
2786;32649.07;50;3.22;1;1
2787;31867.06;50;3.26;1;1
2788;32258.06;50;3.19;1;1
2789;31476.05;50;3.23;1;1
2790;31769.30;50;3.15;1;1
2791;31085.04;50;3.18;1;1
2792;31524.93;50;3.11;1;1
2793;30742.91;50;3.15;1;1
2794;31182.79;50;3.07;1;1
2795;30498.53;50;3.12;1;1
2796;30987.29;50;3.05;1;1
2797;30156.40;50;3.10;1;1
2798;30645.16;50;3.02;1;1
2799;30009.78;50;3.06;1;1
2800;30596.29;50;3.00;1;1
2801;29765.39;50;3.06;1;1
2802;30254.15;50;2.98;1;1
2803;29472.14;50;3.03;1;1
2804;30058.65;50;2.95;1;1
2805;29325.51;50;3.01;1;1
2806;29765.39;50;2.93;1;1
2807;28934.51;50;2.98;1;1
2808;29569.89;50;2.89;1;1
2809;28690.13;50;2.96;1;1
2810;29227.76;50;2.87;1;1
2811;28787.88;50;2.92;1;1
2812;29130.01;50;2.88;1;1
2813;28348.00;50;2.91;1;1
2814;28934.51;50;2.83;1;1
2815;28250.24;50;2.89;1;1
2816;28836.75;50;2.83;1;1
2817;28005.87;50;2.88;1;1
2818;28494.62;50;2.80;1;1
2819;27859.24;50;2.85;1;1
2820;28445.75;50;2.79;1;1
2821;27712.61;50;2.84;1;1
2822;26832.84;50;2.77;1;1
2823;27321.60;50;2.68;1;1
2824;27908.11;50;2.73;1;1
2825;27321.60;50;2.79;1;1
2826;27859.24;50;2.73;1;1
2827;26979.47;50;2.79;1;1
2828;27761.48;50;2.70;1;1
2829;26930.60;50;2.78;1;1
2830;27517.11;50;2.69;1;1
2831;26783.97;50;2.75;1;1
2832;27419.35;50;2.68;1;1
2833;26637.34;50;2.74;1;1
2834;27174.97;50;2.66;1;1
2835;26588.46;50;2.72;1;1
2836;26979.47;50;2.66;1;1
2837;26344.09;50;2.70;1;1
2838;26979.47;50;2.63;1;1
2839;26344.09;50;2.70;1;1
2840;26832.84;50;2.63;1;1
2841;26392.96;50;2.68;1;1
2842;26783.97;50;2.64;1;1
2843;26050.83;50;2.68;1;1
2844;26637.34;50;2.61;1;1
2845;25904.20;50;2.66;1;1
2846;26588.46;50;2.59;1;1
2847;26050.83;50;2.66;1;1
2848;26637.34;50;2.61;1;1
2849;25904.20;50;2.66;1;1
2850;26392.96;50;2.59;1;1
2851;26099.71;50;2.64;1;1
2852;26539.59;50;2.61;1;1
2853;25708.70;50;2.65;1;1
2854;26490.71;50;2.57;1;1
2855;25855.33;50;2.65;1;1
2856;26441.84;50;2.59;1;1
2857;25806.45;50;2.64;1;1
2858;26392.96;50;2.58;1;1
2859;25610.95;50;2.64;1;1
2860;26197.46;50;2.56;1;1
2861;25562.07;50;2.62;1;1
2862;26490.71;50;2.56;1;1
2863;25659.82;50;2.65;1;1
2864;26344.09;50;2.57;1;1
2865;25757.58;50;2.63;1;1
2866;26197.46;50;2.58;1;1
2867;25708.70;50;2.62;1;1
2868;26197.46;50;2.57;1;1
2869;25708.70;50;2.62;1;1
2870;26197.46;50;2.57;1;1
2871;25513.20;50;2.62;1;1
2872;26197.46;50;2.55;1;1
2873;25610.95;50;2.62;1;1
2874;26246.33;50;2.56;1;1
2875;25757.58;50;2.62;1;1
2876;26246.33;50;2.58;1;1
2877;25562.07;50;2.62;1;1
2878;26099.71;50;2.56;1;1
2879;25610.95;50;2.61;1;1
2880;26197.46;50;2.56;1;1
2881;25562.07;50;2.62;1;1
2882;26148.58;50;2.56;1;1
2883;25708.70;50;2.61;1;1
2884;26050.83;50;2.57;1;1
2885;25562.07;50;2.61;1;1
2886;26099.71;50;2.56;1;1
2887;25513.20;50;2.61;1;1
2888;25953.08;50;2.55;1;1
2889;25513.20;50;2.60;1;1
2890;26001.96;50;2.55;1;1
2891;25659.82;50;2.60;1;1
2892;26099.71;50;2.57;1;1
2893;25464.32;50;2.61;1;1
2894;26001.96;50;2.55;1;1
2895;25464.32;50;2.60;1;1
2896;26099.71;50;2.55;1;1
2897;25513.20;50;2.61;1;1
2898;26148.58;50;2.55;1;1
2899;25659.82;50;2.61;1;1
2900;26001.96;50;2.57;1;1
2901;25415.45;50;2.60;1;1
2902;25757.58;50;2.54;1;1
2903;25513.20;50;2.58;1;1
2904;25806.45;50;2.55;1;1
2905;25464.32;50;2.58;1;1
2906;25757.58;50;2.55;1;1
2907;25268.82;50;2.58;1;1
2908;25708.70;50;2.53;1;1
2909;25268.82;50;2.57;1;1
2910;25562.07;50;2.53;1;1
2911;25268.82;50;2.56;1;1
2912;25464.32;50;2.53;1;1
2913;25024.44;50;2.55;1;1
2914;25366.57;50;2.50;1;1
2915;24828.93;50;2.54;1;1
2916;25219.94;50;2.48;1;1
2917;24828.93;50;2.52;1;1
2918;25024.44;50;2.48;1;1
2919;24828.93;50;2.50;1;1
2920;24877.81;50;2.48;1;1
2921;24877.81;50;2.49;1;1
2922;24731.18;50;2.49;1;1
2923;24486.80;50;2.47;1;1
2924;24535.68;50;2.45;1;1
2925;24437.93;50;2.45;1;1
2926;24291.30;50;2.44;1;1
2927;24193.55;50;2.43;1;1
2928;24095.80;50;2.42;1;1
2929;24242.42;50;2.41;1;1
2930;23753.67;50;2.42;1;1
2931;24095.80;50;2.38;1;1
2932;23607.04;50;2.41;1;1
2933;23655.91;50;2.36;1;1
2934;23264.91;50;2.37;1;1
2935;23313.78;50;2.33;1;1
2936;23020.53;50;2.33;1;1
2937;22971.65;50;2.30;1;1
2938;22873.90;50;2.30;1;1
2939;22727.27;50;2.29;1;1
2940;22434.02;50;2.27;1;1
2941;22629.52;50;2.24;1;1
2942;22140.76;50;2.26;1;1
2943;22140.76;50;2.21;1;1
2944;22043.01;50;2.21;1;1
2945;21945.26;50;2.20;1;1
2946;21603.13;50;2.19;1;1
2947;21603.13;50;2.16;1;1
2948;21016.62;50;2.16;1;1
2949;21016.62;50;2.10;1;1
2950;20576.73;50;2.10;1;1
2951;20772.24;50;2.06;1;1
2952;20136.85;50;2.08;1;1
2953;20185.73;50;2.01;1;1
2954;19892.47;50;2.02;1;1
2955;20478.98;50;1.99;1;1
2956;19648.09;50;2.05;1;1
2957;19745.85;50;1.96;1;1
2958;19012.71;50;1.97;1;1
2959;19354.84;50;1.90;1;1
2960;18621.70;50;1.94;1;1
2961;18817.20;50;1.86;1;1
2962;18181.82;50;1.88;1;1
2963;18328.45;50;1.82;1;1
2964;17790.81;50;1.83;1;1
2965;18035.19;50;1.78;1;1
2966;17302.05;50;1.80;1;1
2967;17693.06;50;1.73;1;1
2968;17057.67;50;1.77;1;1
2969;17350.93;50;1.71;1;1
2970;16764.42;50;1.74;1;1
2971;16959.92;50;1.68;1;1
2972;16324.54;50;1.70;1;1
2973;16666.67;50;1.63;1;1
2974;15835.78;50;1.67;1;1
2975;16129.03;50;1.58;1;1
2976;15444.77;50;1.61;1;1
2977;15884.65;50;1.54;1;1
2978;15053.76;50;1.59;1;1
2979;15542.52;50;1.51;1;1
2980;14613.88;50;1.55;1;1
2981;15102.64;50;1.46;1;1
2982;14271.75;50;1.51;1;1
2983;14760.51;50;1.43;1;1
2984;13978.49;50;1.48;1;1
2985;14369.50;50;1.40;1;1
2986;13734.12;50;1.44;1;1
2987;14174.00;50;1.37;1;1
2988;13294.23;50;1.42;1;1
2989;13831.87;50;1.33;1;1
2990;13000.98;50;1.38;1;1
2991;13587.49;50;1.30;1;1
2992;12854.35;50;1.36;1;1
2993;13343.11;50;1.29;1;1
2994;12414.47;50;1.33;1;1
2995;13049.85;50;1.24;1;1
2996;12316.71;50;1.30;1;1
2997;12805.47;50;1.23;1;1
2998;12218.96;50;1.28;1;1
2999;12707.72;50;1.22;1;1
3000;12316.71;50;1.27;1;1
3001;12707.72;50;1.23;1;1
3002;12121.21;50;1.27;1;1
3003;12658.85;50;1.21;1;1
3004;12218.96;50;1.27;1;1
3005;12854.35;50;1.22;1;1
3006;12218.96;50;1.29;1;1
3007;12854.35;50;1.22;1;1
3008;12365.59;50;1.29;1;1
3009;13049.85;50;1.24;1;1
3010;12512.22;50;1.30;1;1
3011;13245.36;50;1.25;1;1
3012;12805.47;50;1.32;1;1
3013;13538.61;50;1.28;1;1
3014;13049.85;50;1.35;1;1
3015;13587.49;50;1.30;1;1
3016;13245.36;50;1.36;1;1
3017;14076.25;50;1.32;1;1
3018;13685.24;50;1.41;1;1
3019;14516.13;50;1.37;1;1
3020;14125.12;50;1.45;1;1
3021;14956.01;50;1.41;1;1
3022;14662.76;50;1.50;1;1
3023;15591.40;50;1.47;1;1
3024;15347.02;50;1.56;1;1
3025;15982.40;50;1.53;1;1
3026;15884.65;50;1.60;1;1
3027;16764.42;50;1.59;1;1
3028;16568.91;50;1.68;1;1
3029;17693.06;50;1.66;1;1
3030;17399.80;50;1.77;1;1
3031;18279.57;50;1.74;1;1
3032;18132.94;50;1.83;1;1
3033;19159.34;50;1.81;1;1
3034;19159.34;50;1.92;1;1
3035;20185.73;50;1.92;1;1
3036;19990.22;50;2.02;1;1
3037;21212.12;50;2.00;1;1
3038;21016.62;50;2.12;1;1
3039;22385.14;50;2.10;1;1
3040;22091.89;50;2.24;1;1
3041;23264.91;50;2.21;1;1
3042;23411.54;50;2.33;1;1
3043;24340.18;50;2.34;1;1
3044;24291.30;50;2.43;1;1
3045;25513.20;50;2.43;1;1
3046;25610.95;50;2.55;1;1
3047;26783.97;50;2.56;1;1
3048;26930.60;50;2.68;1;1
3049;28152.49;50;2.69;1;1
3050;28201.37;50;2.82;1;1
3051;29276.64;50;2.82;1;1
3052;29423.26;50;2.93;1;1
3053;30742.91;50;2.94;1;1
3054;30889.54;50;3.07;1;1
3055;32111.44;50;3.09;1;1
3056;32355.82;50;3.21;1;1
3057;33382.21;50;3.24;1;1
3058;33577.71;50;3.34;1;1
3059;34017.59;50;3.36;1;1
3060;34164.22;50;3.40;1;1
3061;34164.22;50;3.42;1;1
3062;34017.59;50;3.42;1;1
3063;34066.47;50;3.40;1;1
3064;34066.47;50;3.41;1;1
3065;34017.59;50;3.41;1;1
3066;34017.59;50;3.40;1;1
3067;34115.35;50;3.40;1;1
3068;34066.47;50;3.41;1;1
3069;34066.47;50;3.41;1;1
3070;34017.59;50;3.41;1;1
3071;34115.35;50;3.40;1;1
3072;34017.59;50;3.41;1;1
3073;34066.47;50;3.40;1;1
3074;34066.47;50;3.41;1;1
3075;34066.47;50;3.41;1;1
3076;34017.59;50;3.41;1;1
3077;34066.47;50;3.40;1;1
3078;34066.47;50;3.41;1;1
3079;34066.47;50;3.41;1;1
3080;34017.59;50;3.41;1;1
3081;34066.47;50;3.40;1;1
3082;34115.35;50;3.41;1;1
3083;34066.47;50;3.41;1;1
3084;34066.47;50;3.41;1;1
3085;34164.22;50;3.41;1;1
3086;34066.47;50;3.42;1;1
3087;34066.47;50;3.41;1;1
3088;34066.47;50;3.41;1;1
3089;34017.59;50;3.41;1;1
3090;34017.59;50;3.40;1;1
3091;34017.59;50;3.40;1;1
3092;34066.47;50;3.40;1;1
3093;34066.47;50;3.41;1;1
3094;34017.59;50;3.41;1;1
3095;34066.47;50;3.40;1;1
3096;34066.47;50;3.41;1;1
3097;34017.59;50;3.41;1;1
3098;34066.47;50;3.40;1;1
3099;34115.35;50;3.41;1;1
3100;34017.59;50;3.41;1;1
3101;34066.47;50;3.40;1;1
3102;34066.47;50;3.41;1;1
3103;34066.47;50;3.41;1;1
3104;34066.47;50;3.41;1;1
3105;34066.47;50;3.41;1;1
3106;34066.47;50;3.41;1;1
3107;34066.47;50;3.41;1;1
3108;34066.47;50;3.41;1;1
3109;34066.47;50;3.41;1;1
3110;34017.59;50;3.41;1;1
3111;34017.59;50;3.40;1;1
3112;34017.59;50;3.40;1;1
3113;34066.47;50;3.40;1;1
3114;34066.47;50;3.41;1;1
3115;34066.47;50;3.41;1;1
3116;34017.59;50;3.41;1;1
3117;34017.59;50;3.40;1;1
3118;34066.47;50;3.40;1;1
3119;34115.35;50;3.41;1;1
3120;34017.59;50;3.41;1;1
3121;34066.47;50;3.40;1;1
3122;34017.59;50;3.41;1;1
3123;34066.47;50;3.40;1;1
3124;34066.47;50;3.41;1;1
3125;34017.59;50;3.41;1;1
3126;34017.59;50;3.40;1;1
3127;34066.47;50;3.40;1;1
3128;34066.47;50;3.41;1;1
3129;34066.47;50;3.41;1;1
3130;34066.47;50;3.41;1;1
3131;34066.47;50;3.41;1;1
3132;34066.47;50;3.41;1;1
3133;34017.59;50;3.41;1;1
3134;34066.47;50;3.40;1;1
3135;34066.47;50;3.41;1;1
3136;34017.59;50;3.41;1;1
3137;34017.59;50;3.40;1;1
3138;34066.47;50;3.40;1;1
3139;34017.59;50;3.41;1;1
3140;34115.35;50;3.40;1;1
3141;34115.35;50;3.41;1;1
3142;34017.59;50;3.41;1;1
3143;34066.47;50;3.40;1;1
3144;34066.47;50;3.41;1;1
3145;34066.47;50;3.41;1;1
3146;34066.47;50;3.41;1;1
3147;34066.47;50;3.41;1;1
3148;34066.47;50;3.41;1;1
3149;34017.59;50;3.41;1;1
3150;34066.47;50;3.40;1;1
3151;34066.47;50;3.41;1;1
3152;34066.47;50;3.41;1;1
3153;34115.35;50;3.41;1;1
3154;34066.47;50;3.41;1;1
3155;34066.47;50;3.41;1;1
3156;34066.47;50;3.41;1;1
3157;34017.59;50;3.41;1;1
3158;34066.47;50;3.40;1;1
3159;34017.59;50;3.41;1;1
3160;34017.59;50;3.40;1;1
3161;34066.47;50;3.40;1;1
3162;34115.35;50;3.41;1;1
3163;34066.47;50;3.41;1;1
3164;34017.59;50;3.41;1;1
3165;34066.47;50;3.40;1;1
3166;34066.47;50;3.41;1;1
3167;34066.47;50;3.41;1;1
3168;34017.59;50;3.41;1;1
3169;34017.59;50;3.40;1;1
3170;34066.47;50;3.40;1;1
3171;34017.59;50;3.41;1;1
3172;34066.47;50;3.40;1;1
3173;34115.35;50;3.41;1;1
3174;34066.47;50;3.41;1;1
3175;34017.59;50;3.41;1;1
3176;34017.59;50;3.40;1;1
3177;34066.47;50;3.40;1;1
3178;34066.47;50;3.41;1;1
3179;34066.47;50;3.41;1;1
3180;34066.47;50;3.41;1;1
3181;34066.47;50;3.41;1;1
3182;34066.47;50;3.41;1;1
3183;34066.47;50;3.41;1;1
3184;34017.59;50;3.41;1;1
3185;34017.59;50;3.40;1;1
3186;34066.47;50;3.40;1;1
3187;34066.47;50;3.41;1;1
3188;34066.47;50;3.41;1;1
3189;34115.35;50;3.41;1;1
3190;34017.59;50;3.41;1;1
3191;34066.47;50;3.40;1;1
3192;34066.47;50;3.41;1;1
3193;34066.47;50;3.41;1;1
3194;34066.47;50;3.41;1;1
3195;34066.47;50;3.41;1;1
3196;34066.47;50;3.41;1;1
3197;34017.59;50;3.41;1;1
3198;34066.47;50;3.40;1;1
3199;34066.47;50;3.41;1;1
3200;34017.59;50;3.41;1;1
3201;34017.59;50;3.40;1;1
3202;34066.47;50;3.40;1;1
3203;34066.47;50;3.41;1;1
3204;34066.47;50;3.41;1;1
3205;34066.47;50;3.41;1;1
3206;34066.47;50;3.41;1;1
3207;34066.47;50;3.41;1;1
3208;34017.59;50;3.41;1;1
3209;34017.59;50;3.40;1;1
3210;34017.59;50;3.40;1;1
3211;34066.47;50;3.40;1;1
3212;34017.59;50;3.41;1;1
3213;34066.47;50;3.40;1;1
3214;34017.59;50;3.41;1;1
3215;34066.47;50;3.40;1;1
3216;34017.59;50;3.41;1;1
3217;34066.47;50;3.40;1;1
3218;34017.59;50;3.41;1;1
3219;34017.59;50;3.40;1;1
3220;34017.59;50;3.40;1;1
3221;34066.47;50;3.40;1;1
3222;34017.59;50;3.41;1;1
3223;34066.47;50;3.40;1;1
3224;34017.59;50;3.41;1;1
3225;34017.59;50;3.40;1;1
3226;34017.59;50;3.40;1;1
3227;34017.59;50;3.40;1;1
3228;34017.59;50;3.40;1;1
3229;34017.59;50;3.40;1;1
3230;34066.47;50;3.40;1;1
3231;34017.59;50;3.41;1;1
3232;34066.47;50;3.40;1;1
3233;34066.47;50;3.41;1;1
3234;34066.47;50;3.41;1;1
3235;34017.59;50;3.41;1;1
3236;34066.47;50;3.40;1;1
3237;34017.59;50;3.41;1;1
3238;34066.47;50;3.40;1;1
3239;34066.47;50;3.41;1;1
3240;34066.47;50;3.41;1;1
3241;34066.47;50;3.41;1;1
3242;34066.47;50;3.41;1;1
3243;34017.59;50;3.41;1;1
3244;34017.59;50;3.40;1;1
3245;34066.47;50;3.40;1;1
3246;34066.47;50;3.41;1;1
3247;34066.47;50;3.41;1;1
3248;34017.59;50;3.41;1;1
3249;34066.47;50;3.40;1;1
3250;34066.47;50;3.41;1;1
3251;34017.59;50;3.41;1;1
3252;34017.59;50;3.40;1;1
3253;34017.59;50;3.40;1;1
3254;34066.47;50;3.40;1;1
3255;34017.59;50;3.41;1;1
3256;34066.47;50;3.40;1;1
3257;34066.47;50;3.41;1;1
3258;34017.59;50;3.41;1;1
3259;34017.59;50;3.40;1;1
3260;34066.47;50;3.40;1;1
3261;34017.59;50;3.41;1;1
3262;34066.47;50;3.40;1;1
3263;34017.59;50;3.41;1;1
3264;34017.59;50;3.40;1;1
3265;34017.59;50;3.40;1;1
3266;34066.47;50;3.40;1;1
3267;34017.59;50;3.41;1;1
3268;34066.47;50;3.40;1;1
3269;34017.59;50;3.41;1;1
3270;34066.47;50;3.40;1;1
3271;34066.47;50;3.41;1;1
3272;34066.47;50;3.41;1;1
3273;34017.59;50;3.41;1;1
3274;34017.59;50;3.40;1;1
3275;34017.59;50;3.40;1;1
3276;34066.47;50;3.40;1;1
3277;34115.35;50;3.41;1;1
3278;34017.59;50;3.41;1;1
3279;34017.59;50;3.40;1;1
3280;34017.59;50;3.40;1;1
3281;34066.47;50;3.40;1;1
3282;34066.47;50;3.41;1;1
3283;34017.59;50;3.41;1;1
3284;34115.35;50;3.40;1;1
3285;34066.47;50;3.41;1;1
3286;34066.47;50;3.41;1;1
3287;34017.59;50;3.41;1;1
3288;34066.47;50;3.40;1;1
3289;33186.71;50;3.41;1;1
3290;30498.53;50;3.32;1;1
3291;28250.24;50;3.05;1;1
3292;26197.46;50;2.83;1;1
3293;24046.92;50;2.62;1;1
3294;21505.38;50;2.40;1;1
3295;19501.47;50;2.15;1;1
3296;16862.17;50;1.95;1;1
3297;14907.14;50;1.69;1;1
3298;12414.47;50;1.49;1;1
3299;10410.56;50;1.24;1;1
3300;7869.01;50;1.04;1;1
3301;1094.82;50;0.79;1;0
3302;2746.82;50;0.11;1;0
3303;1104.59;50;0.27;1;0
3304;0.00;50;0.11;1;0
3305;0.00;50;0.00;1;0
3306;0.00;50;0.00;1;0
3307;0.00;50;0.00;1;0
3308;0.00;50;0.00;1;0
3309;0.00;50;0.00;1;0
3310;0.00;50;0.00;1;0
3311;0.00;50;0.00;1;0
3312;0.00;50;0.00;1;0
3313;0.00;50;0.00;1;0
3314;0.00;50;0.00;1;0
3315;0.00;50;0.00;1;0
3316;0.00;50;0.00;1;0
3317;0.00;50;0.00;1;0
3318;0.00;50;0.00;1;0
3319;0.00;50;0.00;1;0
3320;0.00;50;0.00;1;0
3321;0.00;50;0.00;1;0
3322;0.00;50;0.00;1;0
3323;0.00;50;0.00;1;0
3324;0.00;50;0.00;1;0
3325;0.00;50;0.00;1;0
3326;0.00;50;0.00;1;0
3327;0.00;50;0.00;1;0
3328;0.00;50;0.00;1;0
3329;0.00;50;0.00;1;0
3330;0.00;50;0.00;1;0
3331;0.00;50;0.00;1;0
3332;0.00;50;0.00;1;0
3333;0.00;50;0.00;1;0
3334;0.00;50;0.00;1;0
3335;0.00;50;0.00;1;0
3336;0.00;50;0.00;1;0
3337;0.00;50;0.00;1;0
3338;0.00;50;0.00;1;0
3339;0.00;50;0.00;1;0
3340;0.00;50;0.00;1;0
3341;0.00;50;0.00;1;0
3342;0.00;50;0.00;1;0
3343;0.00;50;0.00;1;0
3344;0.00;50;0.00;1;0
3345;0.00;50;0.00;1;0
3346;0.00;50;0.00;1;0
3347;0.00;50;0.00;1;0
3348;0.00;50;0.00;1;0
3349;0.00;50;0.00;1;0
3350;0.00;50;0.00;1;0
3351;0.00;50;0.00;1;0
3352;0.00;50;0.00;1;0
3353;0.00;50;0.00;1;0
3354;0.00;50;0.00;1;0
3355;0.00;50;0.00;1;0
3356;0.00;50;0.00;1;0
3357;0.00;50;0.00;1;0
3358;0.00;50;0.00;1;0
3359;0.00;50;0.00;1;0
3360;0.00;50;0.00;1;0
3361;0.00;50;0.00;1;0
3362;0.00;50;0.00;1;0
3363;0.00;50;0.00;1;0
3364;0.00;50;0.00;1;0
3365;0.00;50;0.00;1;0
3366;0.00;50;0.00;1;0
3367;0.00;50;0.00;1;0
3368;0.00;50;0.00;1;0
3369;0.00;50;0.00;1;0
3370;0.00;50;0.00;1;0
3371;0.00;50;0.00;1;0
3372;0.00;50;0.00;1;0
3373;0.00;50;0.00;1;0
3374;0.00;50;0.00;1;0
3375;0.00;50;0.00;1;0
3376;0.00;50;0.00;1;0
3377;0.00;50;0.00;1;0
3378;0.00;50;0.00;1;0
3379;0.00;50;0.00;1;0
3380;0.00;50;0.00;1;0
3381;0.00;50;0.00;1;0
3382;0.00;50;0.00;1;0
3383;0.00;50;0.00;1;0
3384;0.00;50;0.00;1;0
3385;0.00;50;0.00;1;0
3386;0.00;50;0.00;1;0
3387;0.00;50;0.00;1;0
3388;0.00;50;0.00;1;0
3389;0.00;50;0.00;1;0
3390;0.00;50;0.00;1;0
3391;0.00;50;0.00;1;0
3392;0.00;50;0.00;1;0
3393;0.00;50;0.00;1;0
3394;0.00;50;0.00;1;0
3395;0.00;50;0.00;1;0
3396;0.00;50;0.00;1;0
3397;0.00;50;0.00;1;0
3398;0.00;50;0.00;1;0
3399;0.00;50;0.00;1;0
3400;0.00;50;0.00;1;0
3401;0.00;50;0.00;1;0
3402;0.00;50;0.00;1;0
3403;0.00;50;0.00;1;0
3404;0.00;50;0.00;1;0
3405;0.00;50;0.00;1;0
3406;0.00;50;0.00;1;0
3407;0.00;50;0.00;1;0
3408;0.00;50;0.00;1;0
3409;0.00;50;0.00;1;0
3410;0.00;50;0.00;1;0
3411;0.00;50;0.00;1;0
3412;0.00;50;0.00;1;0
3413;0.00;50;0.00;1;0
3414;0.00;50;0.00;1;0
3415;0.00;50;0.00;1;0
3416;0.00;50;0.00;1;0
3417;0.00;50;0.00;1;0
3418;0.00;50;0.00;1;0
3419;0.00;50;0.00;1;0
3420;0.00;50;0.00;1;0
3421;0.00;50;0.00;1;0
3422;0.00;50;0.00;1;0
3423;0.00;50;0.00;1;0
3424;0.00;50;0.00;1;0
3425;0.00;50;0.00;1;0
3426;0.00;50;0.00;1;0
3427;0.00;50;0.00;1;0
3428;0.00;50;0.00;1;0
3429;0.00;50;0.00;1;0
3430;0.00;50;0.00;1;0
3431;0.00;50;0.00;1;0
3432;0.00;50;0.00;1;0
3433;0.00;50;0.00;1;0
3434;0.00;50;0.00;1;0
3435;0.00;50;0.00;1;0
3436;0.00;50;0.00;1;0
3437;0.00;50;0.00;1;0
3438;0.00;50;0.00;1;0
3439;0.00;50;0.00;1;0
3440;0.00;50;0.00;1;0
3441;0.00;50;0.00;1;0
3442;0.00;50;0.00;1;0
3443;0.00;50;0.00;1;0
3444;0.00;50;0.00;1;0
3445;0.00;50;0.00;1;0
3446;0.00;50;0.00;1;0
3447;0.00;50;0.00;1;0
3448;0.00;50;0.00;1;0
3449;0.00;50;0.00;1;0
3450;0.00;50;0.00;1;0
3451;0.00;50;0.00;1;0
3452;0.00;50;0.00;1;0
3453;0.00;50;0.00;1;0
3454;0.00;50;0.00;1;0
3455;0.00;50;0.00;1;0
3456;0.00;50;0.00;1;0
3457;0.00;50;0.00;1;0
3458;0.00;50;0.00;1;0
3459;0.00;50;0.00;1;0
3460;0.00;50;0.00;1;0
3461;0.00;50;0.00;1;0
3462;0.00;50;0.00;1;0
3463;0.00;50;0.00;1;0
3464;0.00;50;0.00;1;0
3465;0.00;50;0.00;1;0
3466;0.00;50;0.00;1;0
3467;0.00;50;0.00;1;0
3468;0.00;50;0.00;1;0
3469;0.00;50;0.00;1;0
3470;0.00;50;0.00;1;0
3471;0.00;50;0.00;1;0
3472;0.00;50;0.00;1;0
3473;0.00;50;0.00;1;0
3474;0.00;50;0.00;1;0
3475;0.00;50;0.00;1;0
3476;0.00;50;0.00;1;0
3477;0.00;50;0.00;1;0
3478;0.00;50;0.00;1;0
3479;0.00;50;0.00;1;0
3480;0.00;50;0.00;1;0
3481;0.00;50;0.00;1;0
3482;0.00;50;0.00;1;0
3483;0.00;50;0.00;1;0
3484;0.00;50;0.00;1;0
3485;0.00;50;0.00;1;0
3486;0.00;50;0.00;1;0
3487;0.00;50;0.00;1;0
3488;0.00;50;0.00;1;0
3489;0.00;50;0.00;1;0
3490;0.00;50;0.00;1;0
3491;0.00;50;0.00;1;0
3492;0.00;50;0.00;1;0
3493;0.00;50;0.00;1;0
3494;0.00;50;0.00;1;0
3495;0.00;50;0.00;1;0
3496;0.00;50;0.00;1;0
3497;0.00;50;0.00;1;0
3498;0.00;50;0.00;1;0
3499;0.00;50;0.00;1;0
3500;0.00;50;0.00;1;0
3501;0.00;50;0.00;1;0
3502;0.00;50;0.00;1;0
3503;0.00;50;0.00;1;0
3504;0.00;50;0.00;1;0
3505;0.00;50;0.00;1;0
3506;0.00;50;0.00;1;0
3507;0.00;50;0.00;1;0
3508;0.00;50;0.00;1;0
3509;0.00;50;0.00;1;0
3510;0.00;50;0.00;1;0
3511;0.00;50;0.00;1;0
3512;0.00;50;0.00;1;0
3513;0.00;50;0.00;1;0
3514;19.55;50;0.00;1;0
3515;0.00;50;0.00;1;0
3516;576.74;50;0.00;1;0
3517;400.78;50;0.06;1;0
3518;801.56;50;0.04;1;0
3519;752.69;50;0.08;1;0
3520;1319.65;50;0.08;1;0
3521;987.29;50;0.13;1;0
3522;1427.18;50;0.10;1;0
3523;1182.80;50;0.14;1;0
3524;1867.06;50;0.12;1;0
3525;1622.68;50;0.19;1;0
3526;2072.34;50;0.16;1;0
3527;1720.43;50;0.21;1;0
3528;2306.94;50;0.17;1;0
3529;1857.28;50;0.23;1;0
3530;2453.57;50;0.19;1;0
3531;2238.51;50;0.25;1;0
3532;2590.42;50;0.22;1;0
3533;2277.61;50;0.26;1;0
3534;3010.75;50;0.23;1;0
3535;2834.80;50;0.30;1;0
3536;3157.38;50;0.28;1;0
3537;2805.47;50;0.32;1;0
3538;3196.48;50;0.28;1;0
3539;2913.00;50;0.32;1;0
3540;3352.88;50;0.29;1;0
3541;3235.58;50;0.34;1;0
3542;3685.24;50;0.32;1;0
3543;3538.61;50;0.37;1;0
3544;3900.29;50;0.35;1;0
3545;3695.01;50;0.39;1;0
3546;4095.80;50;0.37;1;0
3547;3831.87;50;0.41;1;0
3548;4203.32;50;0.38;1;0
3549;3753.67;50;0.42;1;0
3550;4389.05;50;0.38;1;0
3551;3910.07;50;0.44;1;0
3552;4447.70;50;0.39;1;0
3553;4115.35;50;0.44;1;0
3554;4760.51;50;0.41;1;0
3555;3743.89;50;0.48;1;0
3556;4848.48;50;0.37;1;0
3557;4535.68;50;0.48;1;0
3558;5014.66;50;0.45;1;0
3559;4809.38;50;0.50;1;0
3560;5131.96;50;0.48;1;0
3561;4701.86;50;0.51;1;0
3562;5395.89;50;0.47;1;0
3563;4916.91;50;0.54;1;0
3564;5405.67;50;0.49;1;0
3565;5014.66;50;0.54;1;0
3566;5689.15;50;0.50;1;0
3567;5151.52;50;0.57;1;0
3568;5835.78;50;0.52;1;0
3569;5425.22;50;0.58;1;0
3570;5796.68;50;0.54;1;0
3571;5376.34;50;0.58;1;0
3572;6001.96;50;0.54;1;0
3573;5542.52;50;0.60;1;0
3574;6295.21;50;0.55;1;0
3575;5757.58;50;0.63;1;0
3576;6285.44;50;0.58;1;0
3577;5855.33;50;0.63;1;0
3578;6441.84;50;0.59;1;0
3579;6070.38;50;0.64;1;0
3580;6578.69;50;0.61;1;0
3581;6236.56;50;0.66;1;0
3582;6823.07;50;0.62;1;0
3583;6256.11;50;0.68;1;0
3584;6920.82;50;0.63;1;0
3585;6432.06;50;0.69;1;0
3586;7038.12;50;0.64;1;0
3587;6461.39;50;0.70;1;0
3588;7174.98;50;0.65;1;0
3589;6744.87;50;0.72;1;0
3590;7360.70;50;0.67;1;0
3591;6891.50;50;0.74;1;0
3592;7419.35;50;0.69;1;0
3593;6911.05;50;0.74;1;0
3594;7565.98;50;0.69;1;0
3595;7057.67;50;0.76;1;0
3596;7634.41;50;0.71;1;0
3597;7174.98;50;0.76;1;0
3598;7800.59;50;0.72;1;0
3599;7214.08;50;0.78;1;0
3600;7927.66;50;0.72;1;0
3601;7409.58;50;0.79;1;0
3602;8044.97;50;0.74;1;0
3603;7585.53;50;0.80;1;0
3604;8152.49;50;0.76;1;0
3605;7712.61;50;0.82;1;0
3606;8250.24;50;0.77;1;0
3607;7693.06;50;0.83;1;0
3608;8240.47;50;0.77;1;0
3609;7839.69;50;0.82;1;0
3610;8416.42;50;0.78;1;0
3611;7917.89;50;0.84;1;0
3612;8484.85;50;0.79;1;0
3613;7976.54;50;0.85;1;0
3614;8514.17;50;0.80;1;0
3615;7956.99;50;0.85;1;0
3616;8621.70;50;0.80;1;0
3617;8504.40;50;0.86;1;0
3618;8836.75;50;0.85;1;0
3619;8435.97;50;0.88;1;0
3620;9012.71;50;0.84;1;0
3621;10166.18;50;0.90;1;1
3622;10606.06;50;1.02;1;1
3623;10215.05;50;1.06;1;1
3624;10850.44;50;1.02;1;1
3625;10215.05;50;1.09;1;1
3626;10948.19;50;1.02;1;1
3627;10117.30;50;1.09;1;1
3628;10948.19;50;1.01;1;1
3629;10410.56;50;1.09;1;1
3630;11045.94;50;1.04;1;1
3631;10312.81;50;1.10;1;1
3632;11045.94;50;1.03;1;1
3633;10312.81;50;1.10;1;1
3634;10997.07;50;1.03;1;1
3635;10312.81;50;1.10;1;1
3636;11045.94;50;1.03;1;1
3637;10361.68;50;1.10;1;1
3638;11045.94;50;1.04;1;1
3639;10801.56;50;1.10;1;1
3640;11045.94;50;1.08;1;1
3641;10606.06;50;1.10;1;1
3642;10948.19;50;1.06;1;1
3643;10606.06;50;1.09;1;1
3644;10997.07;50;1.06;1;1
3645;10654.94;50;1.10;1;1
3646;10703.81;50;1.07;1;1
3647;10654.94;50;1.07;1;1
3648;10997.07;50;1.07;1;1
3649;10606.06;50;1.10;1;1
3650;10801.56;50;1.06;1;1
3651;10899.32;50;1.08;1;1
3652;10752.69;50;1.09;1;1
3653;10459.43;50;1.08;1;1
3654;10752.69;50;1.05;1;1
3655;10459.43;50;1.08;1;1
3656;10606.06;50;1.05;1;1
3657;10410.56;50;1.06;1;1
3658;10654.94;50;1.04;1;1
3659;10508.31;50;1.07;1;1
3660;10997.07;50;1.05;1;1
3661;10654.94;50;1.10;1;1
3662;10606.06;50;1.07;1;1
3663;10361.68;50;1.06;1;1
3664;10410.56;50;1.04;1;1
3665;10410.56;50;1.04;1;1
3666;10459.43;50;1.04;1;1
3667;10410.56;50;1.05;1;1
3668;10508.31;50;1.04;1;1
3669;10410.56;50;1.05;1;1
3670;10557.18;50;1.04;1;1
3671;10410.56;50;1.06;1;1
3672;10312.81;50;1.04;1;1
3673;10508.31;50;1.03;1;1
3674;10312.81;50;1.05;1;1
3675;10459.43;50;1.03;1;1
3676;10166.18;50;1.05;1;1
3677;10508.31;50;1.02;1;1
3678;10263.93;50;1.05;1;1
3679;10410.56;50;1.03;1;1
3680;9921.80;50;1.04;1;1
3681;10312.81;50;0.99;1;1
3682;10068.43;50;1.03;1;1
3683;10459.43;50;1.01;1;1
3684;10019.55;50;1.05;1;1
3685;10654.94;50;1.00;1;1
3686;10117.30;50;1.07;1;1
3687;10557.18;50;1.01;1;1
3688;10117.30;50;1.06;1;1
3689;10508.31;50;1.01;1;1
3690;10117.30;50;1.05;1;1
3691;10557.18;50;1.01;1;1
3692;9970.67;50;1.06;1;1
3693;10557.18;50;1.00;1;1
3694;9970.67;50;1.06;1;1
3695;10508.31;50;1.00;1;1
3696;10019.55;50;1.05;1;1
3697;10459.43;50;1.00;1;1
3698;9824.05;50;1.05;1;1
3699;10508.31;50;0.98;1;1
3700;9921.80;50;1.05;1;1
3701;10508.31;50;0.99;1;1
3702;9970.67;50;1.05;1;1
3703;10459.43;50;1.00;1;1
3704;9775.17;50;1.05;1;1
3705;10508.31;50;0.98;1;1
3706;9775.17;50;1.05;1;1
3707;10263.93;50;0.98;1;1
3708;9970.67;50;1.03;1;1
3709;10312.81;50;1.00;1;1
3710;9775.17;50;1.03;1;1
3711;10312.81;50;0.98;1;1
3712;9775.17;50;1.03;1;1
3713;10508.31;50;0.98;1;1
3714;9726.29;50;1.05;1;1
3715;10312.81;50;0.97;1;1
3716;9628.54;50;1.03;1;1
3717;10410.56;50;0.96;1;1
3718;9726.29;50;1.04;1;1
3719;10410.56;50;0.97;1;1
3720;9824.05;50;1.04;1;1
3721;10459.43;50;0.98;1;1
3722;9824.05;50;1.05;1;1
3723;10410.56;50;0.98;1;1
3724;9579.67;50;1.04;1;1
3725;10215.05;50;0.96;1;1
3726;9726.29;50;1.02;1;1
3727;10361.68;50;0.97;1;1
3728;9921.80;50;1.04;1;1
3729;10312.81;50;0.99;1;1
3730;9677.42;50;1.03;1;1
3731;10361.68;50;0.97;1;1
3732;9677.42;50;1.04;1;1
3733;10410.56;50;0.97;1;1
3734;9677.42;50;1.04;1;1
3735;10263.93;50;0.97;1;1
3736;9677.42;50;1.03;1;1
3737;10068.43;50;0.97;1;1
3738;9775.17;50;1.01;1;1
3739;10068.43;50;0.98;1;1
3740;9481.92;50;1.01;1;1
3741;10019.55;50;0.95;1;1
3742;9579.67;50;1.00;1;1
3743;10068.43;50;0.96;1;1
3744;9481.92;50;1.01;1;1
3745;10166.18;50;0.95;1;1
3746;9481.92;50;1.02;1;1
3747;9970.67;50;0.95;1;1
3748;9579.67;50;1.00;1;1
3749;9921.80;50;0.96;1;1
3750;9433.04;50;0.99;1;1
3751;9824.05;50;0.94;1;1
3752;9335.29;50;0.98;1;1
3753;9530.79;50;0.93;1;1
3754;9188.66;50;0.95;1;1
3755;9677.42;50;0.92;1;1
3756;9286.41;50;0.97;1;1
3757;9970.67;50;0.93;1;1
3758;9530.79;50;1.00;1;1
3759;9872.92;50;0.95;1;1
3760;9726.29;50;0.99;1;1
3761;9872.92;50;0.97;1;1
3762;9872.92;50;0.99;1;1
3763;9824.05;50;0.99;1;1
3764;9335.29;50;0.98;1;1
3765;9530.79;50;0.93;1;1
3766;9384.16;50;0.95;1;1
3767;9628.54;50;0.94;1;1
3768;9433.04;50;0.96;1;1
3769;9628.54;50;0.94;1;1
3770;9433.04;50;0.96;1;1
3771;9872.92;50;0.94;1;1
3772;9384.16;50;0.99;1;1
3773;9433.04;50;0.94;1;1
3774;8993.16;50;0.94;1;1
3775;1798.63;50;0.90;1;0
3776;7565.98;50;0.18;1;0
3777;7585.53;50;0.76;1;0
3778;7419.35;50;0.76;1;0
3779;7761.49;50;0.74;1;0
3780;7653.96;50;0.78;1;0
3781;7790.81;50;0.77;1;0
3782;7497.56;50;0.78;1;0
3783;7507.33;50;0.75;1;0
3784;7565.98;50;0.75;1;0
3785;7438.91;50;0.76;1;0
3786;7448.68;50;0.74;1;0
3787;7565.98;50;0.74;1;0
3788;7839.69;50;0.76;1;0
3789;7370.48;50;0.78;1;0
3790;7507.33;50;0.74;1;0
3791;7380.25;50;0.75;1;0
3792;7409.58;50;0.74;1;0
3793;7429.13;50;0.74;1;0
3794;7497.56;50;0.74;1;0
3795;7272.73;50;0.75;1;0
3796;7067.45;50;0.73;1;0
3797;7145.65;50;0.71;1;0
3798;7126.10;50;0.71;1;0
3799;7174.98;50;0.71;1;0
3800;7155.43;50;0.72;1;0
3801;7262.95;50;0.72;1;0
3802;7194.53;50;0.73;1;0
3803;6989.25;50;0.72;1;0
3804;6735.09;50;0.70;1;0
3805;7077.22;50;0.67;1;0
3806;6969.70;50;0.71;1;0
3807;7106.55;50;0.70;1;0
3808;6832.84;50;0.71;1;0
3809;7106.55;50;0.68;1;0
3810;6989.25;50;0.71;1;0
3811;7047.90;50;0.70;1;0
3812;6989.25;50;0.70;1;0
3813;6979.47;50;0.70;1;0
3814;7028.35;50;0.70;1;0
3815;7204.30;50;0.70;1;0
3816;7018.57;50;0.72;1;0
3817;6950.15;50;0.70;1;0
3818;7106.55;50;0.70;1;0
3819;6979.47;50;0.71;1;0
3820;7067.45;50;0.70;1;0
3821;6891.50;50;0.71;1;0
3822;7008.80;50;0.69;1;0
3823;6871.95;50;0.70;1;0
3824;7057.67;50;0.69;1;0
3825;6774.19;50;0.71;1;0
3826;6969.70;50;0.68;1;0
3827;6803.52;50;0.70;1;0
3828;7116.32;50;0.68;1;0
3829;6911.05;50;0.71;1;0
3830;7087.00;50;0.69;1;0
3831;6793.74;50;0.71;1;0
3832;6930.60;50;0.68;1;0
3833;6725.32;50;0.69;1;0
3834;7087.00;50;0.67;1;0
3835;6656.89;50;0.71;1;0
3836;7067.45;50;0.67;1;0
3837;6686.22;50;0.71;1;0
3838;6989.25;50;0.67;1;0
3839;6568.92;50;0.70;1;0
3840;6930.60;50;0.66;1;0
3841;6608.02;50;0.69;1;0
3842;6803.52;50;0.66;1;0
3843;6627.57;50;0.68;1;0
3844;6901.27;50;0.66;1;0
3845;6715.54;50;0.69;1;0
3846;6901.27;50;0.67;1;0
3847;6500.49;50;0.69;1;0
3848;7116.32;50;0.65;1;0
3849;6578.69;50;0.71;1;0
3850;6832.84;50;0.66;1;0
3851;6715.54;50;0.68;1;0
3852;7047.90;50;0.67;1;0
3853;6617.79;50;0.70;1;0
3854;7028.35;50;0.66;1;0
3855;6617.79;50;0.70;1;0
3856;6989.25;50;0.66;1;0
3857;6471.16;50;0.70;1;0
3858;6803.52;50;0.65;1;0
3859;6402.74;50;0.68;1;0
3860;6950.15;50;0.64;1;0
3861;6510.26;50;0.70;1;0
3862;6901.27;50;0.65;1;0
3863;6539.59;50;0.69;1;0
3864;6911.05;50;0.65;1;0
3865;6500.49;50;0.69;1;0
3866;6793.74;50;0.65;1;0
3867;6529.81;50;0.68;1;0
3868;6852.40;50;0.65;1;0
3869;6324.54;50;0.69;1;0
3870;6744.87;50;0.63;1;0
3871;6373.41;50;0.67;1;0
3872;6852.40;50;0.64;1;0
3873;6490.71;50;0.69;1;0
3874;6940.37;50;0.65;1;0
3875;6412.51;50;0.69;1;0
3876;6871.95;50;0.64;1;0
3877;6402.74;50;0.69;1;0
3878;6764.42;50;0.64;1;0
3879;6451.61;50;0.68;1;0
3880;6940.37;50;0.65;1;0
3881;6304.99;50;0.69;1;0
3882;6862.17;50;0.63;1;0
3883;6402.74;50;0.69;1;0
3884;6920.82;50;0.64;1;0
3885;6217.01;50;0.69;1;0
3886;6676.44;50;0.62;1;0
3887;6168.13;50;0.67;1;0
3888;6911.05;50;0.62;1;0
3889;6275.66;50;0.69;1;0
3890;6686.22;50;0.63;1;0
3891;6138.81;50;0.67;1;0
3892;6754.64;50;0.61;1;0
3893;6129.03;50;0.68;1;0
3894;6705.77;50;0.61;1;0
3895;6197.46;50;0.67;1;0
3896;6676.44;50;0.62;1;0
3897;6109.48;50;0.67;1;0
3898;6490.71;50;0.61;1;0
3899;6060.61;50;0.65;1;0
3900;6647.12;50;0.61;1;0
3901;6138.81;50;0.66;1;0
3902;6725.32;50;0.61;1;0
3903;6099.71;50;0.67;1;0
3904;6666.67;50;0.61;1;0
3905;6138.81;50;0.67;1;0
3906;6744.87;50;0.61;1;0
3907;6373.41;50;0.67;1;0
3908;6803.52;50;0.64;1;0
3909;6207.23;50;0.68;1;0
3910;6783.97;50;0.62;1;0
3911;6344.09;50;0.68;1;0
3912;6647.12;50;0.63;1;0
3913;6207.23;50;0.66;1;0
3914;6695.99;50;0.62;1;0
3915;6109.48;50;0.67;1;0
3916;6647.12;50;0.61;1;0
3917;6070.38;50;0.66;1;0
3918;6627.57;50;0.61;1;0
3919;6187.68;50;0.66;1;0
3920;6783.97;50;0.62;1;0
3921;6451.61;50;0.68;1;0
3922;6793.74;50;0.65;1;0
3923;6353.86;50;0.68;1;0
3924;6715.54;50;0.64;1;0
3925;6412.51;50;0.67;1;0
3926;6588.47;50;0.64;1;0
3927;6265.88;50;0.66;1;0
3928;6578.69;50;0.63;1;0
3929;6402.74;50;0.66;1;0
3930;6715.54;50;0.64;1;0
3931;6422.29;50;0.67;1;0
3932;6666.67;50;0.64;1;0
3933;6353.86;50;0.67;1;0
3934;6686.22;50;0.64;1;0
3935;6187.68;50;0.67;1;0
3936;6656.89;50;0.62;1;0
3937;6246.33;50;0.67;1;0
3938;6588.47;50;0.62;1;0
3939;6353.86;50;0.66;1;0
3940;6647.12;50;0.64;1;0
3941;6324.54;50;0.66;1;0
3942;6715.54;50;0.63;1;0
3943;6392.96;50;0.67;1;0
3944;6705.77;50;0.64;1;0
3945;6344.09;50;0.67;1;0
3946;6666.67;50;0.63;1;0
3947;6539.59;50;0.67;1;0
3948;6725.32;50;0.65;1;0
3949;6559.14;50;0.67;1;0
3950;6764.42;50;0.66;1;0
3951;6490.71;50;0.68;1;0
3952;6783.97;50;0.65;1;0
3953;6568.92;50;0.68;1;0
3954;6647.12;50;0.66;1;0
3955;6598.24;50;0.66;1;0
3956;6656.89;50;0.66;1;0
3957;6686.22;50;0.67;1;0
3958;6783.97;50;0.67;1;0
3959;6764.42;50;0.68;1;0
3960;6881.72;50;0.68;1;0
3961;6666.67;50;0.69;1;0
3962;6891.50;50;0.67;1;0
3963;6725.32;50;0.69;1;0
3964;6686.22;50;0.67;1;0
3965;6705.77;50;0.67;1;0
3966;6744.87;50;0.67;1;0
3967;6754.64;50;0.67;1;0
3968;6891.50;50;0.68;1;0
3969;6823.07;50;0.69;1;0
3970;6676.44;50;0.68;1;0
3971;6950.15;50;0.67;1;0
3972;6793.74;50;0.70;1;0
3973;7057.67;50;0.68;1;0
3974;6823.07;50;0.71;1;0
3975;6930.60;50;0.68;1;0
3976;6774.19;50;0.69;1;0
3977;6783.97;50;0.68;1;0
3978;6656.89;50;0.68;1;0
3979;6959.92;50;0.67;1;0
3980;6862.17;50;0.70;1;0
3981;6979.47;50;0.69;1;0
3982;6891.50;50;0.70;1;0
3983;7145.65;50;0.69;1;0
3984;6744.87;50;0.71;1;0
3985;7047.90;50;0.67;1;0
3986;6871.95;50;0.70;1;0
3987;7223.85;50;0.69;1;0
3988;6656.89;50;0.72;1;0
3989;7008.80;50;0.67;1;0
3990;6744.87;50;0.70;1;0
3991;7028.35;50;0.67;1;0
3992;6715.54;50;0.70;1;0
3993;6940.37;50;0.67;1;0
3994;6656.89;50;0.69;1;0
3995;6999.02;50;0.67;1;0
3996;6881.72;50;0.70;1;0
3997;6950.15;50;0.69;1;0
3998;6871.95;50;0.70;1;0
3999;7028.35;50;0.69;1;0
4000;6891.50;50;0.70;1;0
4001;6930.60;50;0.69;1;0
4002;6637.34;50;0.69;1;0
4003;7018.57;50;0.66;1;0
4004;6832.84;50;0.70;1;0
4005;6940.37;50;0.68;1;0
4006;6705.77;50;0.69;1;0
4007;7018.57;50;0.67;1;0
4008;6803.52;50;0.70;1;0
4009;7165.20;50;0.68;1;0
4010;6862.17;50;0.72;1;0
4011;7077.22;50;0.69;1;0
4012;6793.74;50;0.71;1;0
4013;7165.20;50;0.68;1;0
4014;6715.54;50;0.72;1;0
4015;6940.37;50;0.67;1;0
4016;6598.24;50;0.69;1;0
4017;7194.53;50;0.66;1;0
4018;6803.52;50;0.72;1;0
4019;7047.90;50;0.68;1;0
4020;6617.79;50;0.70;1;0
4021;7204.30;50;0.66;1;0
4022;6647.12;50;0.72;1;0
4023;7165.20;50;0.66;1;0
4024;6803.52;50;0.72;1;0
4025;7204.30;50;0.68;1;0
4026;6813.29;50;0.72;1;0
4027;7135.88;50;0.68;1;0
4028;6764.42;50;0.71;1;0
4029;7155.43;50;0.68;1;0
4030;6754.64;50;0.72;1;0
4031;7096.77;50;0.68;1;0
4032;6637.34;50;0.71;1;0
4033;7106.55;50;0.66;1;0
4034;6823.07;50;0.71;1;0
4035;6969.70;50;0.68;1;0
4036;6637.34;50;0.70;1;0
4037;7018.57;50;0.66;1;0
4038;6715.54;50;0.70;1;0
4039;7184.75;50;0.67;1;0
4040;6588.47;50;0.72;1;0
4041;7106.55;50;0.66;1;0
4042;6617.79;50;0.71;1;0
4043;7057.67;50;0.66;1;0
4044;6588.47;50;0.71;1;0
4045;7165.20;50;0.66;1;0
4046;6793.74;50;0.72;1;0
4047;7360.70;50;0.68;1;0
4048;6666.67;50;0.74;1;0
4049;7253.18;50;0.67;1;0
4050;6647.12;50;0.73;1;0
4051;7282.50;50;0.66;1;0
4052;6803.52;50;0.73;1;0
4053;7184.75;50;0.68;1;0
4054;6920.82;50;0.72;1;0
4055;7204.30;50;0.69;1;0
4056;6901.27;50;0.72;1;0
4057;7253.18;50;0.69;1;0
4058;6881.72;50;0.73;1;0
4059;7243.40;50;0.69;1;0
4060;6774.19;50;0.72;1;0
4061;7282.50;50;0.68;1;0
4062;6695.99;50;0.73;1;0
4063;7517.11;50;0.67;1;0
4064;6901.27;50;0.75;1;0
4065;7468.23;50;0.69;1;0
4066;6695.99;50;0.75;1;0
4067;7292.28;50;0.67;1;0
4068;6744.87;50;0.73;1;0
4069;7311.83;50;0.67;1;0
4070;6754.64;50;0.73;1;0
4071;7419.35;50;0.68;1;0
4072;6852.40;50;0.74;1;0
4073;7331.38;50;0.69;1;0
4074;7018.57;50;0.73;1;0
4075;7350.93;50;0.70;1;0
4076;6950.15;50;0.74;1;0
4077;7458.46;50;0.70;1;0
4078;6803.52;50;0.75;1;0
4079;7438.91;50;0.68;1;0
4080;6842.62;50;0.74;1;0
4081;7390.03;50;0.68;1;0
4082;6979.47;50;0.74;1;0
4083;7409.58;50;0.70;1;0
4084;7047.90;50;0.74;1;0
4085;7605.08;50;0.70;1;0
4086;6803.52;50;0.76;1;0
4087;7575.76;50;0.68;1;0
4088;6871.95;50;0.76;1;0
4089;7380.25;50;0.69;1;0
4090;6891.50;50;0.74;1;0
4091;7341.15;50;0.69;1;0
4092;6754.64;50;0.73;1;0
4093;7702.83;50;0.68;1;0
4094;6920.82;50;0.77;1;0
4095;7438.91;50;0.69;1;0
4096;6911.05;50;0.74;1;0
4097;7243.40;50;0.69;1;0
4098;6637.34;50;0.72;1;0
4099;7575.76;50;0.66;1;0
4100;6969.70;50;0.76;1;0
4101;7350.93;50;0.70;1;0
4102;6930.60;50;0.74;1;0
4103;7448.68;50;0.69;1;0
4104;7087.00;50;0.74;1;0
4105;7380.25;50;0.71;1;0
4106;6930.60;50;0.74;1;0
4107;7429.13;50;0.69;1;0
4108;6959.92;50;0.74;1;0
4109;7419.35;50;0.70;1;0
4110;6999.02;50;0.74;1;0
4111;7526.88;50;0.70;1;0
4112;6969.70;50;0.75;1;0
4113;7810.36;50;0.70;1;0
4114;7194.53;50;0.78;1;0
4115;7859.24;50;0.72;1;0
4116;6950.15;50;0.79;1;0
4117;7517.11;50;0.70;1;0
4118;7204.30;50;0.75;1;0
4119;7683.28;50;0.72;1;0
4120;7214.08;50;0.77;1;0
4121;7693.06;50;0.72;1;0
4122;7302.05;50;0.77;1;0
4123;7751.71;50;0.73;1;0
4124;7292.28;50;0.78;1;0
4125;7644.18;50;0.73;1;0
4126;7214.08;50;0.76;1;0
4127;7575.76;50;0.72;1;0
4128;7243.40;50;0.76;1;0
4129;7526.88;50;0.72;1;0
4130;7311.83;50;0.75;1;0
4131;7556.21;50;0.73;1;0
4132;7390.03;50;0.76;1;0
4133;7448.68;50;0.74;1;0
4134;7135.88;50;0.74;1;0
4135;7478.01;50;0.71;1;0
4136;7311.83;50;0.75;1;0
4137;7595.31;50;0.73;1;0
4138;7419.35;50;0.76;1;0
4139;7272.73;50;0.74;1;0
4140;7302.05;50;0.73;1;0
4141;7575.76;50;0.73;1;0
4142;7409.58;50;0.76;1;0
4143;7487.78;50;0.74;1;0
4144;7497.56;50;0.75;1;0
4145;7360.70;50;0.75;1;0
4146;7507.33;50;0.74;1;0
4147;7380.25;50;0.75;1;0
4148;7341.15;50;0.74;1;0
4149;7644.18;50;0.73;1;0
4150;7478.01;50;0.76;1;0
4151;7272.73;50;0.75;1;0
4152;7243.40;50;0.73;1;0
4153;7253.18;50;0.72;1;0
4154;7350.93;50;0.73;1;0
4155;7184.75;50;0.74;1;0
4156;7614.86;50;0.72;1;0
4157;7370.48;50;0.76;1;0
4158;7438.91;50;0.74;1;0
4159;7272.73;50;0.74;1;0
4160;7497.56;50;0.73;1;0
4161;7350.93;50;0.75;1;0
4162;7546.43;50;0.74;1;0
4163;7419.35;50;0.75;1;0
4164;7390.03;50;0.74;1;0
4165;7341.15;50;0.74;1;0
4166;7526.88;50;0.73;1;0
4167;7302.05;50;0.75;1;0
4168;7614.86;50;0.73;1;0
4169;7302.05;50;0.76;1;0
4170;7575.76;50;0.73;1;0
4171;7282.50;50;0.76;1;0
4172;7487.78;50;0.73;1;0
4173;7429.13;50;0.75;1;0
4174;7556.21;50;0.74;1;0
4175;7243.40;50;0.76;1;0
4176;7624.63;50;0.72;1;0
4177;7165.20;50;0.76;1;0
4178;7399.80;50;0.72;1;0
4179;7390.03;50;0.74;1;0
4180;7712.61;50;0.74;1;0
4181;7292.28;50;0.77;1;0
4182;7761.49;50;0.73;1;0
4183;7214.08;50;0.78;1;0
4184;7956.99;50;0.72;1;0
4185;7223.85;50;0.80;1;0
4186;7771.26;50;0.72;1;0
4187;7204.30;50;0.78;1;0
4188;7673.51;50;0.72;1;0
4189;7165.20;50;0.77;1;0
4190;7634.41;50;0.72;1;0
4191;7174.98;50;0.76;1;0
4192;7869.01;50;0.72;1;0
4193;7321.60;50;0.79;1;0
4194;7722.39;50;0.73;1;0
4195;7458.46;50;0.77;1;0
4196;7839.69;50;0.75;1;0
4197;7380.25;50;0.78;1;0
4198;7849.46;50;0.74;1;0
4199;7468.23;50;0.78;1;0
4200;7898.34;50;0.75;1;0
4201;7448.68;50;0.79;1;0
4202;8005.87;50;0.74;1;0
4203;7497.56;50;0.80;1;0
4204;7849.46;50;0.75;1;0
4205;7526.88;50;0.78;1;0
4206;8084.07;50;0.75;1;0
4207;7585.53;50;0.81;1;0
4208;8191.59;50;0.76;1;0
4209;7614.86;50;0.82;1;0
4210;8152.49;50;0.76;1;0
4211;7448.68;50;0.82;1;0
4212;8084.07;50;0.74;1;0
4213;7771.26;50;0.81;1;0
4214;8113.39;50;0.78;1;0
4215;7751.71;50;0.81;1;0
4216;8162.27;50;0.78;1;0
4217;7517.11;50;0.82;1;0
4218;7986.31;50;0.75;1;0
4219;7575.76;50;0.80;1;0
4220;8093.84;50;0.76;1;0
4221;7360.70;50;0.81;1;0
4222;8015.64;50;0.74;1;0
4223;7565.98;50;0.80;1;0
4224;7908.11;50;0.76;1;0
4225;7478.01;50;0.79;1;0
4226;8005.87;50;0.75;1;0
4227;7390.03;50;0.80;1;0
4228;7869.01;50;0.74;1;0
4229;7526.88;50;0.79;1;0
4230;7898.34;50;0.75;1;0
4231;7478.01;50;0.79;1;0
4232;7839.69;50;0.75;1;0
4233;7311.83;50;0.78;1;0
4234;7683.28;50;0.73;1;0
4235;7233.63;50;0.77;1;0
4236;7751.71;50;0.72;1;0
4237;7223.85;50;0.78;1;0
4238;7741.94;50;0.72;1;0
4239;7321.60;50;0.77;1;0
4240;7829.91;50;0.73;1;0
4241;7370.48;50;0.78;1;0
4242;7790.81;50;0.74;1;0
4243;7272.73;50;0.78;1;0
4244;7927.66;50;0.73;1;0
4245;7292.28;50;0.79;1;0
4246;7683.28;50;0.73;1;0
4247;7204.30;50;0.77;1;0
4248;7751.71;50;0.72;1;0
4249;7370.48;50;0.78;1;0
4250;7859.24;50;0.74;1;0
4251;7321.60;50;0.79;1;0
4252;7712.61;50;0.73;1;0
4253;7448.68;50;0.77;1;0
4254;7624.63;50;0.74;1;0
4255;7360.70;50;0.76;1;0
4256;7741.94;50;0.74;1;0
4257;7448.68;50;0.77;1;0
4258;7741.94;50;0.74;1;0
4259;7370.48;50;0.77;1;0
4260;7839.69;50;0.74;1;0
4261;7468.23;50;0.78;1;0
4262;7829.91;50;0.75;1;0
4263;7223.85;50;0.78;1;0
4264;7595.31;50;0.72;1;0
4265;7507.33;50;0.76;1;0
4266;7820.14;50;0.75;1;0
4267;7429.13;50;0.78;1;0
4268;7751.71;50;0.74;1;0
4269;7409.58;50;0.78;1;0
4270;7800.59;50;0.74;1;0
4271;7419.35;50;0.78;1;0
4272;7693.06;50;0.74;1;0
4273;7390.03;50;0.77;1;0
4274;7673.51;50;0.74;1;0
4275;7253.18;50;0.77;1;0
4276;7693.06;50;0.73;1;0
4277;7341.15;50;0.77;1;0
4278;7722.39;50;0.73;1;0
4279;7302.05;50;0.77;1;0
4280;7790.81;50;0.73;1;0
4281;7331.38;50;0.78;1;0
4282;7732.16;50;0.73;1;0
4283;7487.78;50;0.77;1;0
4284;7663.73;50;0.75;1;0
4285;7487.78;50;0.77;1;0
4286;7624.63;50;0.75;1;0
4287;7390.03;50;0.76;1;0
4288;7565.98;50;0.74;1;0
4289;7321.60;50;0.76;1;0
4290;7634.41;50;0.73;1;0
4291;7487.78;50;0.76;1;0
4292;7712.61;50;0.75;1;0
4293;7458.46;50;0.77;1;0
4294;7800.59;50;0.75;1;0
4295;7517.11;50;0.78;1;0
4296;7849.46;50;0.75;1;0
4297;7487.78;50;0.78;1;0
4298;7790.81;50;0.75;1;0
4299;7556.21;50;0.78;1;0
4300;7722.39;50;0.76;1;0
4301;7605.08;50;0.77;1;0
4302;7722.39;50;0.76;1;0
4303;7526.88;50;0.77;1;0
4304;7741.94;50;0.75;1;0
4305;7468.23;50;0.77;1;0
4306;7614.86;50;0.75;1;0
4307;7575.76;50;0.76;1;0
4308;7693.06;50;0.76;1;0
4309;7478.01;50;0.77;1;0
4310;7781.04;50;0.75;1;0
4311;7311.83;50;0.78;1;0
4312;7595.31;50;0.73;1;0
4313;7302.05;50;0.76;1;0
4314;7536.66;50;0.73;1;0
4315;7438.91;50;0.75;1;0
4316;7644.18;50;0.74;1;0
4317;7517.11;50;0.76;1;0
4318;7556.21;50;0.75;1;0
4319;7595.31;50;0.76;1;0
4320;7360.70;50;0.76;1;0
4321;7722.39;50;0.74;1;0
4322;7575.76;50;0.77;1;0
4323;7644.18;50;0.76;1;0
4324;7526.88;50;0.76;1;0
4325;7546.43;50;0.75;1;0
4326;7478.01;50;0.75;1;0
4327;7575.76;50;0.75;1;0
4328;7624.63;50;0.76;1;0
4329;7653.96;50;0.76;1;0
4330;7741.94;50;0.77;1;0
4331;7712.61;50;0.77;1;0
4332;7595.31;50;0.77;1;0
4333;7575.76;50;0.76;1;0
4334;7507.33;50;0.76;1;0
4335;7839.69;50;0.75;1;0
4336;7536.66;50;0.78;1;0
4337;7839.69;50;0.75;1;0
4338;7585.53;50;0.78;1;0
4339;7820.14;50;0.76;1;0
4340;7468.23;50;0.78;1;0
4341;7683.28;50;0.75;1;0
4342;7497.56;50;0.77;1;0
4343;7820.14;50;0.75;1;0
4344;7526.88;50;0.78;1;0
4345;7820.14;50;0.75;1;0
4346;7380.25;50;0.78;1;0
4347;7624.63;50;0.74;1;0
4348;7311.83;50;0.76;1;0
4349;7634.41;50;0.73;1;0
4350;7253.18;50;0.76;1;0
4351;7497.56;50;0.73;1;0
4352;7487.78;50;0.75;1;0
4353;7712.61;50;0.75;1;0
4354;7429.13;50;0.77;1;0
4355;7673.51;50;0.74;1;0
4356;7517.11;50;0.77;1;0
4357;7839.69;50;0.75;1;0
4358;7370.48;50;0.78;1;0
4359;7673.51;50;0.74;1;0
4360;7448.68;50;0.77;1;0
4361;7751.71;50;0.74;1;0
4362;7350.93;50;0.78;1;0
4363;7712.61;50;0.74;1;0
4364;7409.58;50;0.77;1;0
4365;7732.16;50;0.74;1;0
4366;7409.58;50;0.77;1;0
4367;7956.99;50;0.74;1;0
4368;7380.25;50;0.80;1;0
4369;7634.41;50;0.74;1;0
4370;7507.33;50;0.76;1;0
4371;7751.71;50;0.75;1;0
4372;7204.30;50;0.78;1;0
4373;7634.41;50;0.72;1;0
4374;7204.30;50;0.76;1;0
4375;7663.73;50;0.72;1;0
4376;7282.50;50;0.77;1;0
4377;7624.63;50;0.73;1;0
4378;7174.98;50;0.76;1;0
4379;7693.06;50;0.72;1;0
4380;7126.10;50;0.77;1;0
4381;7790.81;50;0.71;1;0
4382;7155.43;50;0.78;1;0
4383;7741.94;50;0.72;1;0
4384;7262.95;50;0.77;1;0
4385;7702.83;50;0.73;1;0
4386;7233.63;50;0.77;1;0
4387;7810.36;50;0.72;1;0
4388;7311.83;50;0.78;1;0
4389;7790.81;50;0.73;1;0
4390;7546.43;50;0.78;1;0
4391;8044.97;50;0.75;1;0
4392;7497.56;50;0.80;1;0
4393;7810.36;50;0.75;1;0
4394;7350.93;50;0.78;1;0
4395;7859.24;50;0.74;1;0
4396;7605.08;50;0.79;1;0
4397;7741.94;50;0.76;1;0
4398;7243.40;50;0.77;1;0
4399;7790.81;50;0.72;1;0
4400;7350.93;50;0.78;1;0
4401;8005.87;50;0.74;1;0
4402;7468.23;50;0.80;1;0
4403;7947.21;50;0.75;1;0
4404;7458.46;50;0.79;1;0
4405;7996.09;50;0.75;1;0
4406;7536.66;50;0.80;1;0
4407;7986.31;50;0.75;1;0
4408;7507.33;50;0.80;1;0
4409;7956.99;50;0.75;1;0
4410;7321.60;50;0.80;1;0
4411;8035.19;50;0.73;1;0
4412;7331.38;50;0.80;1;0
4413;7966.76;50;0.73;1;0
4414;7409.58;50;0.80;1;0
4415;7966.76;50;0.74;1;0
4416;7360.70;50;0.80;1;0
4417;7947.21;50;0.74;1;0
4418;7399.80;50;0.79;1;0
4419;8005.87;50;0.74;1;0
4420;7448.68;50;0.80;1;0
4421;7947.21;50;0.74;1;0
4422;7282.50;50;0.79;1;0
4423;7917.89;50;0.73;1;0
4424;7487.78;50;0.79;1;0
4425;7937.44;50;0.75;1;0
4426;7595.31;50;0.79;1;0
4427;7878.79;50;0.76;1;0
4428;7399.80;50;0.79;1;0
4429;7986.31;50;0.74;1;0
4430;7399.80;50;0.80;1;0
4431;7917.89;50;0.74;1;0
4432;7448.68;50;0.79;1;0
4433;7937.44;50;0.74;1;0
4434;7634.41;50;0.79;1;0
4435;7986.31;50;0.76;1;0
4436;7526.88;50;0.80;1;0
4437;7996.09;50;0.75;1;0
4438;7605.08;50;0.80;1;0
4439;8250.24;50;0.76;1;0
4440;7683.28;50;0.83;1;0
4441;8132.94;50;0.77;1;0
4442;7634.41;50;0.81;1;0
4443;8064.52;50;0.76;1;0
4444;7644.18;50;0.81;1;0
4445;8093.84;50;0.76;1;0
4446;7741.94;50;0.81;1;0
4447;8260.02;50;0.77;1;0
4448;7732.16;50;0.83;1;0
4449;8201.37;50;0.77;1;0
4450;7565.98;50;0.82;1;0
4451;8074.29;50;0.76;1;0
4452;7585.53;50;0.81;1;0
4453;8044.97;50;0.76;1;0
4454;7781.04;50;0.80;1;0
4455;8152.49;50;0.78;1;0
4456;7820.14;50;0.82;1;0
4457;8191.59;50;0.78;1;0
4458;7595.31;50;0.82;1;0
4459;8191.59;50;0.76;1;0
4460;7937.44;50;0.82;1;0
4461;8367.55;50;0.79;1;0
4462;7869.01;50;0.84;1;0
4463;8172.04;50;0.79;1;0
4464;7849.46;50;0.82;1;0
4465;8377.32;50;0.78;1;0
4466;7986.31;50;0.84;1;0
4467;8299.12;50;0.80;1;0
4468;7947.21;50;0.83;1;0
4469;8445.75;50;0.79;1;0
4470;8035.19;50;0.84;1;0
4471;8220.92;50;0.80;1;0
4472;7966.76;50;0.82;1;0
4473;8260.02;50;0.80;1;0
4474;8044.97;50;0.83;1;0
4475;8123.17;50;0.80;1;0
4476;7859.24;50;0.81;1;0
4477;8367.55;50;0.79;1;0
4478;7947.21;50;0.84;1;0
4479;8250.24;50;0.79;1;0
4480;7996.09;50;0.83;1;0
4481;8348.00;50;0.80;1;0
4482;7761.49;50;0.83;1;0
4483;8465.30;50;0.78;1;0
4484;7937.44;50;0.85;1;0
4485;8318.67;50;0.79;1;0
4486;7829.91;50;0.83;1;0
4487;8250.24;50;0.78;1;0
4488;7839.69;50;0.83;1;0
4489;8269.79;50;0.78;1;0
4490;7947.21;50;0.83;1;0
4491;8308.90;50;0.79;1;0
4492;8015.64;50;0.83;1;0
4493;8289.35;50;0.80;1;0
4494;8064.52;50;0.83;1;0
4495;8220.92;50;0.81;1;0
4496;7996.09;50;0.82;1;0
4497;8260.02;50;0.80;1;0
4498;8064.52;50;0.83;1;0
4499;8113.39;50;0.81;1;0
4500;7996.09;50;0.81;1;0
4501;8162.27;50;0.80;1;0
4502;7956.99;50;0.82;1;0
4503;8289.35;50;0.80;1;0
4504;8074.29;50;0.83;1;0
4505;8172.04;50;0.81;1;0
4506;7966.76;50;0.82;1;0
4507;7986.31;50;0.80;1;0
4508;8113.39;50;0.80;1;0
4509;8142.72;50;0.81;1;0
4510;7956.99;50;0.81;1;0
4511;8172.04;50;0.80;1;0
4512;8113.39;50;0.82;1;0
4513;7908.11;50;0.81;1;0
4514;8162.27;50;0.79;1;0
4515;8103.62;50;0.82;1;0
4516;7947.21;50;0.81;1;0
4517;8064.52;50;0.79;1;0
4518;8211.14;50;0.81;1;0
4519;7927.66;50;0.82;1;0
4520;8084.07;50;0.79;1;0
4521;7956.99;50;0.81;1;0
4522;8084.07;50;0.80;1;0
4523;8142.72;50;0.81;1;0
4524;8250.24;50;0.81;1;0
4525;7917.89;50;0.83;1;0
4526;8406.65;50;0.79;1;0
4527;7810.36;50;0.84;1;0
4528;8426.20;50;0.78;1;0
4529;8162.27;50;0.84;1;0
4530;8514.17;50;0.82;1;0
4531;8093.84;50;0.85;1;0
4532;8377.32;50;0.81;1;0
4533;8123.17;50;0.84;1;0
4534;8348.00;50;0.81;1;0
4535;8230.69;50;0.83;1;0
4536;8367.55;50;0.82;1;0
4537;8044.97;50;0.84;1;0
4538;8406.65;50;0.80;1;0
4539;8172.04;50;0.84;1;0
4540;8377.32;50;0.82;1;0
4541;7966.76;50;0.84;1;0
4542;8308.90;50;0.80;1;0
4543;8152.49;50;0.83;1;0
4544;8367.55;50;0.82;1;0
4545;8162.27;50;0.84;1;0
4546;8328.45;50;0.82;1;0
4547;7956.99;50;0.83;1;0
4548;8435.97;50;0.80;1;0
4549;8093.84;50;0.84;1;0
4550;8553.27;50;0.81;1;0
4551;8084.07;50;0.86;1;0
4552;8484.85;50;0.81;1;0
4553;8260.02;50;0.85;1;0
4554;8582.60;50;0.83;1;0
4555;8025.42;50;0.86;1;0
4556;8514.17;50;0.80;1;0
4557;8035.19;50;0.85;1;0
4558;8338.22;50;0.80;1;0
4559;7996.09;50;0.83;1;0
4560;8435.97;50;0.80;1;0
4561;7908.11;50;0.84;1;0
4562;8426.20;50;0.79;1;0
4563;7898.34;50;0.84;1;0
4564;8357.77;50;0.79;1;0
4565;7976.54;50;0.84;1;0
4566;8465.30;50;0.80;1;0
4567;8123.17;50;0.85;1;0
4568;8328.45;50;0.81;1;0
4569;7996.09;50;0.83;1;0
4570;8240.47;50;0.80;1;0
4571;7888.56;50;0.82;1;0
4572;8201.37;50;0.79;1;0
4573;7947.21;50;0.82;1;0
4574;8318.67;50;0.79;1;0
4575;7947.21;50;0.83;1;0
4576;8387.10;50;0.79;1;0
4577;7820.14;50;0.84;1;0
4578;8299.12;50;0.78;1;0
4579;8054.74;50;0.83;1;0
4580;8435.97;50;0.81;1;0
4581;7986.31;50;0.84;1;0
4582;8445.75;50;0.80;1;0
4583;7917.89;50;0.84;1;0
4584;8396.87;50;0.79;1;0
4585;8044.97;50;0.84;1;0
4586;8475.07;50;0.80;1;0
4587;7869.01;50;0.85;1;0
4588;8406.65;50;0.79;1;0
4589;7927.66;50;0.84;1;0
4590;8553.27;50;0.79;1;0
4591;7810.36;50;0.86;1;0
4592;8406.65;50;0.78;1;0
4593;8015.64;50;0.84;1;0
4594;8445.75;50;0.80;1;0
4595;7976.54;50;0.84;1;0
4596;8602.15;50;0.80;1;0
4597;8084.07;50;0.86;1;0
4598;8641.25;50;0.81;1;0
4599;8201.37;50;0.86;1;0
4600;8553.27;50;0.82;1;0
4601;7908.11;50;0.86;1;0
4602;8455.52;50;0.79;1;0
4603;8044.97;50;0.85;1;0
4604;8514.17;50;0.80;1;0
4605;7976.54;50;0.85;1;0
4606;8563.05;50;0.80;1;0
4607;8044.97;50;0.86;1;0
4608;8484.85;50;0.80;1;0
4609;8132.94;50;0.85;1;0
4610;8514.17;50;0.81;1;0
4611;7898.34;50;0.85;1;0
4612;8426.20;50;0.79;1;0
4613;8025.42;50;0.84;1;0
4614;8523.95;50;0.80;1;0
4615;8054.74;50;0.85;1;0
4616;8563.05;50;0.81;1;0
4617;8064.52;50;0.86;1;0
4618;8523.95;50;0.81;1;0
4619;8172.04;50;0.85;1;0
4620;8504.40;50;0.82;1;0
4621;7898.34;50;0.85;1;0
4622;8387.10;50;0.79;1;0
4623;8103.62;50;0.84;1;0
4624;8475.07;50;0.81;1;0
4625;7947.21;50;0.85;1;0
4626;8455.52;50;0.79;1;0
4627;7869.01;50;0.85;1;0
4628;8435.97;50;0.79;1;0
4629;8132.94;50;0.84;1;0
4630;8465.30;50;0.81;1;0
4631;7947.21;50;0.85;1;0
4632;8435.97;50;0.79;1;0
4633;8103.62;50;0.84;1;0
4634;8387.10;50;0.81;1;0
4635;8142.72;50;0.84;1;0
4636;8475.07;50;0.81;1;0
4637;8132.94;50;0.85;1;0
4638;8465.30;50;0.81;1;0
4639;8084.07;50;0.85;1;0
4640;8269.79;50;0.81;1;0
4641;8103.62;50;0.83;1;0
4642;8387.10;50;0.81;1;0
4643;8142.72;50;0.84;1;0
4644;8475.07;50;0.81;1;0
4645;8064.52;50;0.85;1;0
4646;8328.45;50;0.81;1;0
4647;8093.84;50;0.83;1;0
4648;8220.92;50;0.81;1;0
4649;8025.42;50;0.82;1;0
4650;8406.65;50;0.80;1;0
4651;7976.54;50;0.84;1;0
4652;8299.12;50;0.80;1;0
4653;8123.17;50;0.83;1;0
4654;8318.67;50;0.81;1;0
4655;8093.84;50;0.83;1;0
4656;8455.52;50;0.81;1;0
4657;8123.17;50;0.85;1;0
4658;8523.95;50;0.81;1;0
4659;7956.99;50;0.85;1;0
4660;8162.27;50;0.80;1;0
4661;7917.89;50;0.82;1;0
4662;8269.79;50;0.79;1;0
4663;8044.97;50;0.83;1;0
4664;8250.24;50;0.80;1;0
4665;8054.74;50;0.83;1;0
4666;8396.87;50;0.81;1;0
4667;8005.87;50;0.84;1;0
4668;8279.57;50;0.80;1;0
4669;8152.49;50;0.83;1;0
4670;8172.04;50;0.82;1;0
4671;8084.07;50;0.82;1;0
4672;8152.49;50;0.81;1;0
4673;8279.57;50;0.82;1;0
4674;8455.52;50;0.83;1;0
4675;8181.82;50;0.85;1;0
4676;8260.02;50;0.82;1;0
4677;8387.10;50;0.83;1;0
4678;8357.77;50;0.84;1;0
4679;8426.20;50;0.84;1;0
4680;8308.90;50;0.84;1;0
4681;8289.35;50;0.83;1;0
4682;8299.12;50;0.83;1;0
4683;8260.02;50;0.83;1;0
4684;8269.79;50;0.83;1;0
4685;8435.97;50;0.83;1;0
4686;8289.35;50;0.84;1;0
4687;8465.30;50;0.83;1;0
4688;8299.12;50;0.85;1;0
4689;8348.00;50;0.83;1;0
4690;8289.35;50;0.83;1;0
4691;8308.90;50;0.83;1;0
4692;8269.79;50;0.83;1;0
4693;8387.10;50;0.83;1;0
4694;8074.29;50;0.84;1;0
4695;8367.55;50;0.81;1;0
4696;8123.17;50;0.84;1;0
4697;8611.93;50;0.81;1;0
4698;8152.49;50;0.86;1;0
4699;8484.85;50;0.82;1;0
4700;8191.59;50;0.85;1;0
4701;8484.85;50;0.82;1;0
4702;8201.37;50;0.85;1;0
4703;8543.50;50;0.82;1;0
4704;8172.04;50;0.85;1;0
4705;8484.85;50;0.82;1;0
4706;8142.72;50;0.85;1;0
4707;8651.03;50;0.81;1;0
4708;8240.47;50;0.87;1;0
4709;8611.93;50;0.82;1;0
4710;8172.04;50;0.86;1;0
4711;8553.27;50;0.82;1;0
4712;8191.59;50;0.86;1;0
4713;8416.42;50;0.82;1;0
4714;8074.29;50;0.84;1;0
4715;8367.55;50;0.81;1;0
4716;8015.64;50;0.84;1;0
4717;8396.87;50;0.80;1;0
4718;8220.92;50;0.84;1;0
4719;8396.87;50;0.82;1;0
4720;8005.87;50;0.84;1;0
4721;8396.87;50;0.80;1;0
4722;7956.99;50;0.84;1;0
4723;8387.10;50;0.80;1;0
4724;7947.21;50;0.84;1;0
4725;8308.90;50;0.79;1;0
4726;7869.01;50;0.83;1;0
4727;8396.87;50;0.79;1;0
4728;7829.91;50;0.84;1;0
4729;8406.65;50;0.78;1;0
4730;7947.21;50;0.84;1;0
4731;8318.67;50;0.79;1;0
4732;7800.59;50;0.83;1;0
4733;8201.37;50;0.78;1;0
4734;7781.04;50;0.82;1;0
4735;8406.65;50;0.78;1;0
4736;7908.11;50;0.84;1;0
4737;8396.87;50;0.79;1;0
4738;7859.24;50;0.84;1;0
4739;8387.10;50;0.79;1;0
4740;7839.69;50;0.84;1;0
4741;8250.24;50;0.78;1;0
4742;7869.01;50;0.83;1;0
4743;8387.10;50;0.79;1;0
4744;7849.46;50;0.84;1;0
4745;8396.87;50;0.78;1;0
4746;7927.66;50;0.84;1;0
4747;8348.00;50;0.79;1;0
4748;7956.99;50;0.83;1;0
4749;8250.24;50;0.80;1;0
4750;7888.56;50;0.83;1;0
4751;8523.95;50;0.79;1;0
4752;7859.24;50;0.85;1;0
4753;8426.20;50;0.79;1;0
4754;7947.21;50;0.84;1;0
4755;8387.10;50;0.79;1;0
4756;7888.56;50;0.84;1;0
4757;8592.38;50;0.79;1;0
4758;8005.87;50;0.86;1;0
4759;8494.62;50;0.80;1;0
4760;8015.64;50;0.85;1;0
4761;8514.17;50;0.80;1;0
4762;8074.29;50;0.85;1;0
4763;8504.40;50;0.81;1;0
4764;7927.66;50;0.85;1;0
4765;8592.38;50;0.79;1;0
4766;8035.19;50;0.86;1;0
4767;8504.40;50;0.80;1;0
4768;8093.84;50;0.85;1;0
4769;8377.32;50;0.81;1;0
4770;8025.42;50;0.84;1;0
4771;8523.95;50;0.80;1;0
4772;7986.31;50;0.85;1;0
4773;8533.72;50;0.80;1;0
4774;8015.64;50;0.85;1;0
4775;8533.72;50;0.80;1;0
4776;8044.97;50;0.85;1;0
4777;8445.75;50;0.80;1;0
4778;8123.17;50;0.84;1;0
4779;8475.07;50;0.81;1;0
4780;8084.07;50;0.85;1;0
4781;8523.95;50;0.81;1;0
4782;8113.39;50;0.85;1;0
4783;8553.27;50;0.81;1;0
4784;7956.99;50;0.86;1;0
4785;8406.65;50;0.80;1;0
4786;8093.84;50;0.84;1;0
4787;8484.85;50;0.81;1;0
4788;7966.76;50;0.85;1;0
4789;8465.30;50;0.80;1;0
4790;8211.14;50;0.85;1;0
4791;8416.42;50;0.82;1;0
4792;8005.87;50;0.84;1;0
4793;8406.65;50;0.80;1;0
4794;8113.39;50;0.84;1;0
4795;8553.27;50;0.81;1;0
4796;8240.47;50;0.86;1;0
4797;8475.07;50;0.82;1;0
4798;8240.47;50;0.85;1;0
4799;8396.87;50;0.82;1;0
4800;8132.94;50;0.84;1;0
4801;8504.40;50;0.81;1;0
4802;8113.39;50;0.85;1;0
4803;8367.55;50;0.81;1;0
4804;8201.37;50;0.84;1;0
4805;8357.77;50;0.82;1;0
4806;8162.27;50;0.84;1;0
4807;8338.22;50;0.82;1;0
4808;8142.72;50;0.83;1;0
4809;8299.12;50;0.81;1;0
4810;8054.74;50;0.83;1;0
4811;8445.75;50;0.81;1;0
4812;8308.90;50;0.84;1;0
4813;8250.24;50;0.83;1;0
4814;8220.92;50;0.83;1;0
4815;8318.67;50;0.82;1;0
4816;8250.24;50;0.83;1;0
4817;8387.10;50;0.83;1;0
4818;8338.22;50;0.84;1;0
4819;8563.05;50;0.83;1;0
4820;8250.24;50;0.86;1;0
4821;8289.35;50;0.83;1;0
4822;8435.97;50;0.83;1;0
4823;8348.00;50;0.84;1;0
4824;8260.02;50;0.83;1;0
4825;8445.75;50;0.83;1;0
4826;8181.82;50;0.84;1;0
4827;8299.12;50;0.82;1;0
4828;8308.90;50;0.83;1;0
4829;8299.12;50;0.83;1;0
4830;8230.69;50;0.83;1;0
4831;8338.22;50;0.82;1;0
4832;8191.59;50;0.83;1;0
4833;8142.72;50;0.82;1;0
4834;8240.47;50;0.81;1;0
4835;8299.12;50;0.82;1;0
4836;8162.27;50;0.83;1;0
4837;8211.14;50;0.82;1;0
4838;8299.12;50;0.82;1;0
4839;8377.32;50;0.83;1;0
4840;8377.32;50;0.84;1;0
4841;8260.02;50;0.84;1;0
4842;8338.22;50;0.83;1;0
4843;8142.72;50;0.83;1;0
4844;8289.35;50;0.81;1;0
4845;8152.49;50;0.83;1;0
4846;8279.57;50;0.82;1;0
4847;8015.64;50;0.83;1;0
4848;8318.67;50;0.80;1;0
4849;8172.04;50;0.83;1;0
4850;8367.55;50;0.82;1;0
4851;8279.57;50;0.84;1;0
4852;8396.87;50;0.83;1;0
4853;8220.92;50;0.84;1;0
4854;8504.40;50;0.82;1;0
4855;8025.42;50;0.85;1;0
4856;8455.52;50;0.80;1;0
4857;8113.39;50;0.85;1;0
4858;8348.00;50;0.81;1;0
4859;8103.62;50;0.83;1;0
4860;8426.20;50;0.81;1;0
4861;8103.62;50;0.84;1;0
4862;8338.22;50;0.81;1;0
4863;7878.79;50;0.83;1;0
4864;8318.67;50;0.79;1;0
4865;7878.79;50;0.83;1;0
4866;8348.00;50;0.79;1;0
4867;7839.69;50;0.83;1;0
4868;8328.45;50;0.78;1;0
4869;7839.69;50;0.83;1;0
4870;8328.45;50;0.78;1;0
4871;7829.91;50;0.83;1;0
4872;8299.12;50;0.78;1;0
4873;7839.69;50;0.83;1;0
4874;8230.69;50;0.78;1;0
4875;7849.46;50;0.82;1;0
4876;8338.22;50;0.78;1;0
4877;7839.69;50;0.83;1;0
4878;8308.90;50;0.78;1;0
4879;8025.42;50;0.83;1;0
4880;8387.10;50;0.80;1;0
4881;7790.81;50;0.84;1;0
4882;8279.57;50;0.78;1;0
4883;7917.89;50;0.83;1;0
4884;8367.55;50;0.79;1;0
4885;7849.46;50;0.84;1;0
4886;8426.20;50;0.78;1;0
4887;7888.56;50;0.84;1;0
4888;8269.79;50;0.79;1;0
4889;7888.56;50;0.83;1;0
4890;8357.77;50;0.79;1;0
4891;7976.54;50;0.84;1;0
4892;8445.75;50;0.80;1;0
4893;8093.84;50;0.84;1;0
4894;8445.75;50;0.81;1;0
4895;7947.21;50;0.84;1;0
4896;8318.67;50;0.79;1;0
4897;7908.11;50;0.83;1;0
4898;8387.10;50;0.79;1;0
4899;7908.11;50;0.84;1;0
4900;8455.52;50;0.79;1;0
4901;7937.44;50;0.85;1;0
4902;8416.42;50;0.79;1;0
4903;8044.97;50;0.84;1;0
4904;8543.50;50;0.80;1;0
4905;8142.72;50;0.85;1;0
4906;8494.62;50;0.81;1;0
4907;8084.07;50;0.85;1;0
4908;8377.32;50;0.81;1;0
4909;8142.72;50;0.84;1;0
4910;8680.35;50;0.81;1;0
4911;8113.39;50;0.87;1;0
4912;8426.20;50;0.81;1;0
4913;8054.74;50;0.84;1;0
4914;8269.79;50;0.81;1;0
4915;8093.84;50;0.83;1;0
4916;8201.37;50;0.81;1;0
4917;7996.09;50;0.82;1;0
4918;8406.65;50;0.80;1;0
4919;8162.27;50;0.84;1;0
4920;8289.35;50;0.82;1;0
4921;8035.19;50;0.83;1;0
4922;8328.45;50;0.80;1;0
4923;8396.87;50;0.83;1;0
4924;8289.35;50;0.84;1;0
4925;8250.24;50;0.83;1;0
4926;8260.02;50;0.83;1;0
4927;8367.55;50;0.83;1;0
4928;8367.55;50;0.84;1;0
4929;8201.37;50;0.84;1;0
4930;8455.52;50;0.82;1;0
4931;8269.79;50;0.85;1;0
4932;8338.22;50;0.83;1;0
4933;8201.37;50;0.83;1;0
4934;8406.65;50;0.82;1;0
4935;8240.47;50;0.84;1;0
4936;8348.00;50;0.82;1;0
4937;8181.82;50;0.83;1;0
4938;8367.55;50;0.82;1;0
4939;8181.82;50;0.84;1;0
4940;8387.10;50;0.82;1;0
4941;8093.84;50;0.84;1;0
4942;8465.30;50;0.81;1;0
4943;8142.72;50;0.85;1;0
4944;8543.50;50;0.81;1;0
4945;8240.47;50;0.85;1;0
4946;8123.17;50;0.82;1;0
4947;8181.82;50;0.81;1;0
4948;8240.47;50;0.82;1;0
4949;8201.37;50;0.82;1;0
4950;8123.17;50;0.82;1;0
4951;8367.55;50;0.81;1;0
4952;8035.19;50;0.84;1;0
4953;8181.82;50;0.80;1;0
4954;8103.62;50;0.82;1;0
4955;8387.10;50;0.81;1;0
4956;8211.14;50;0.84;1;0
4957;8406.65;50;0.82;1;0
4958;8025.42;50;0.84;1;0
4959;8269.79;50;0.80;1;0
4960;7908.11;50;0.83;1;0
4961;8279.57;50;0.79;1;0
4962;8103.62;50;0.83;1;0
4963;8289.35;50;0.81;1;0
4964;8084.07;50;0.83;1;0
4965;8328.45;50;0.81;1;0
4966;8162.27;50;0.83;1;0
4967;8328.45;50;0.82;1;0
4968;8191.59;50;0.83;1;0
4969;8455.52;50;0.82;1;0
4970;8240.47;50;0.85;1;0
4971;8377.32;50;0.82;1;0
4972;8211.14;50;0.84;1;0
4973;8396.87;50;0.82;1;0
4974;8044.97;50;0.84;1;0
4975;8426.20;50;0.80;1;0
4976;8201.37;50;0.84;1;0
4977;8318.67;50;0.82;1;0
4978;8044.97;50;0.83;1;0
4979;8357.77;50;0.80;1;0
4980;8025.42;50;0.84;1;0
4981;8465.30;50;0.80;1;0
4982;8054.74;50;0.85;1;0
4983;8357.77;50;0.81;1;0
4984;7937.44;50;0.84;1;0
4985;8191.59;50;0.79;1;0
4986;7966.76;50;0.82;1;0
4987;8348.00;50;0.80;1;0
4988;7829.91;50;0.83;1;0
4989;8338.22;50;0.78;1;0
4990;7966.76;50;0.83;1;0
4991;8406.65;50;0.80;1;0
4992;8054.74;50;0.84;1;0
4993;8367.55;50;0.81;1;0
4994;7859.24;50;0.84;1;0
4995;8328.45;50;0.79;1;0
4996;7869.01;50;0.83;1;0
4997;8416.42;50;0.79;1;0
4998;7956.99;50;0.84;1;0
4999;8328.45;50;0.80;1;0
5000;7976.54;50;0.83;1;0
5001;8416.42;50;0.80;1;0
5002;8103.62;50;0.84;1;0
5003;8523.95;50;0.81;1;0
5004;7937.44;50;0.85;1;0
5005;8563.05;50;0.79;1;0
5006;7956.99;50;0.86;1;0
5007;8514.17;50;0.80;1;0
5008;7986.31;50;0.85;1;0
5009;8572.83;50;0.80;1;0
5010;8064.52;50;0.86;1;0
5011;8602.15;50;0.81;1;0
5012;8181.82;50;0.86;1;0
5013;8504.40;50;0.82;1;0
5014;8044.97;50;0.85;1;0
5015;8572.83;50;0.80;1;0
5016;8015.64;50;0.86;1;0
5017;8699.90;50;0.80;1;0
5018;8015.64;50;0.87;1;0
5019;8660.80;50;0.80;1;0
5020;8142.72;50;0.87;1;0
5021;8660.80;50;0.81;1;0
5022;8103.62;50;0.87;1;0
5023;8602.15;50;0.81;1;0
5024;8074.29;50;0.86;1;0
5025;8582.60;50;0.81;1;0
5026;8044.97;50;0.86;1;0
5027;8455.52;50;0.80;1;0
5028;7878.79;50;0.85;1;0
5029;8543.50;50;0.79;1;0
5030;8172.04;50;0.85;1;0
5031;8680.35;50;0.82;1;0
5032;7888.56;50;0.87;1;0
5033;8631.48;50;0.79;1;0
5034;8220.92;50;0.86;1;0
5035;8592.38;50;0.82;1;0
5036;7996.09;50;0.86;1;0
5037;8602.15;50;0.80;1;0
5038;7986.31;50;0.86;1;0
5039;8572.83;50;0.80;1;0
5040;8123.17;50;0.86;1;0
5041;8602.15;50;0.81;1;0
5042;8035.19;50;0.86;1;0
5043;8621.70;50;0.80;1;0
5044;7996.09;50;0.86;1;0
5045;8475.07;50;0.80;1;0
5046;8289.35;50;0.85;1;0
5047;8563.05;50;0.83;1;0
5048;8123.17;50;0.86;1;0
5049;8504.40;50;0.81;1;0
5050;8191.59;50;0.85;1;0
5051;8553.27;50;0.82;1;0
5052;8035.19;50;0.86;1;0
5053;8494.62;50;0.80;1;0
5054;7976.54;50;0.85;1;0
5055;8455.52;50;0.80;1;0
5056;8084.07;50;0.85;1;0
5057;8465.30;50;0.81;1;0
5058;8015.64;50;0.85;1;0
5059;8445.75;50;0.80;1;0
5060;8064.52;50;0.84;1;0
5061;8426.20;50;0.81;1;0
5062;8191.59;50;0.84;1;0
5063;8670.58;50;0.82;1;0
5064;8054.74;50;0.87;1;0
5065;8641.25;50;0.81;1;0
5066;8123.17;50;0.86;1;0
5067;8494.62;50;0.81;1;0
5068;8377.32;50;0.85;1;0
5069;8602.15;50;0.84;1;0
5070;8201.37;50;0.86;1;0
5071;8553.27;50;0.82;1;0
5072;8132.94;50;0.86;1;0
5073;8514.17;50;0.81;1;0
5074;8181.82;50;0.85;1;0
5075;8523.95;50;0.82;1;0
5076;8260.02;50;0.85;1;0
5077;8435.97;50;0.83;1;0
5078;8260.02;50;0.84;1;0
5079;8387.10;50;0.83;1;0
5080;8260.02;50;0.84;1;0
5081;8406.65;50;0.83;1;0
5082;8172.04;50;0.84;1;0
5083;8387.10;50;0.82;1;0
5084;8123.17;50;0.84;1;0
5085;8260.02;50;0.81;1;0
5086;8279.57;50;0.83;1;0
5087;8211.14;50;0.83;1;0
5088;8269.79;50;0.82;1;0
5089;8445.75;50;0.83;1;0
5090;8348.00;50;0.84;1;0
5091;8172.04;50;0.83;1;0
5092;8318.67;50;0.82;1;0
5093;8220.92;50;0.83;1;0
5094;8240.47;50;0.82;1;0
5095;8230.69;50;0.82;1;0
5096;8348.00;50;0.82;1;0
5097;8162.27;50;0.83;1;0
5098;8338.22;50;0.82;1;0
5099;8103.62;50;0.83;1;0
5100;8553.27;50;0.81;1;0
5101;8308.90;50;0.86;1;0
5102;8396.87;50;0.83;1;0
5103;8162.27;50;0.84;1;0
5104;8318.67;50;0.82;1;0
5105;8240.47;50;0.83;1;0
5106;8435.97;50;0.82;1;0
5107;8230.69;50;0.84;1;0
5108;8475.07;50;0.82;1;0
5109;8152.49;50;0.85;1;0
5110;8328.45;50;0.82;1;0
5111;8044.97;50;0.83;1;0
5112;8523.95;50;0.80;1;0
5113;8064.52;50;0.85;1;0
5114;8426.20;50;0.81;1;0
5115;7966.76;50;0.84;1;0
5116;8455.52;50;0.80;1;0
5117;8318.67;50;0.85;1;0
5118;8572.83;50;0.83;1;0
5119;8211.14;50;0.86;1;0
5120;8396.87;50;0.82;1;0
5121;8044.97;50;0.84;1;0
5122;8553.27;50;0.80;1;0
5123;8318.67;50;0.86;1;0
5124;8514.17;50;0.83;1;0
5125;8113.39;50;0.85;1;0
5126;8494.62;50;0.81;1;0
5127;8064.52;50;0.85;1;0
5128;8475.07;50;0.81;1;0
5129;8054.74;50;0.85;1;0
5130;8563.05;50;0.81;1;0
5131;8162.27;50;0.86;1;0
5132;8651.03;50;0.82;1;0
5133;8113.39;50;0.87;1;0
5134;8670.58;50;0.81;1;0
5135;8220.92;50;0.87;1;0
5136;8846.53;50;0.82;1;0
5137;8338.22;50;0.88;1;0
5138;8748.78;50;0.83;1;0
5139;8318.67;50;0.87;1;0
5140;8719.45;50;0.83;1;0
5141;8396.87;50;0.87;1;0
5142;8963.83;50;0.84;1;0
5143;8396.87;50;0.90;1;0
5144;8817.20;50;0.84;1;0
5145;8318.67;50;0.88;1;0
5146;8817.20;50;0.83;1;0
5147;8318.67;50;0.88;1;0
5148;8758.55;50;0.83;1;0
5149;8123.17;50;0.88;1;0
5150;8768.33;50;0.81;1;0
5151;8416.42;50;0.88;1;0
5152;8719.45;50;0.84;1;0
5153;8269.79;50;0.87;1;0
5154;8836.75;50;0.83;1;0
5155;8269.79;50;0.88;1;0
5156;8797.65;50;0.83;1;0
5157;8152.49;50;0.88;1;0
5158;8826.98;50;0.82;1;0
5159;8299.12;50;0.88;1;0
5160;8875.86;50;0.83;1;0
5161;8533.72;50;0.89;1;0
5162;9100.68;50;0.85;1;0
5163;10312.81;50;0.91;1;1
5164;10899.32;50;1.03;1;1
5165;10508.31;50;1.09;1;1
5166;10948.19;50;1.05;1;1
5167;10263.93;50;1.09;1;1
5168;11045.94;50;1.03;1;1
5169;10117.30;50;1.10;1;1
5170;10850.44;50;1.01;1;1
5171;10215.05;50;1.09;1;1
5172;10850.44;50;1.02;1;1
5173;10312.81;50;1.09;1;1
5174;10801.56;50;1.03;1;1
5175;10263.93;50;1.08;1;1
5176;10850.44;50;1.03;1;1
5177;10166.18;50;1.09;1;1
5178;10850.44;50;1.02;1;1
5179;10166.18;50;1.09;1;1
5180;10899.32;50;1.02;1;1
5181;10215.05;50;1.09;1;1
5182;10801.56;50;1.02;1;1
5183;10508.31;50;1.08;1;1
5184;10752.69;50;1.05;1;1
5185;10557.18;50;1.08;1;1
5186;10899.32;50;1.06;1;1
5187;10166.18;50;1.09;1;1
5188;10703.81;50;1.02;1;1
5189;10361.68;50;1.07;1;1
5190;10801.56;50;1.04;1;1
5191;10361.68;50;1.08;1;1
5192;10850.44;50;1.04;1;1
5193;10606.06;50;1.09;1;1
5194;10948.19;50;1.06;1;1
5195;10606.06;50;1.09;1;1
5196;10899.32;50;1.06;1;1
5197;10361.68;50;1.09;1;1
5198;10606.06;50;1.04;1;1
5199;10557.18;50;1.06;1;1
5200;10801.56;50;1.06;1;1
5201;10654.94;50;1.08;1;1
5202;10654.94;50;1.07;1;1
5203;10606.06;50;1.07;1;1
5204;10606.06;50;1.06;1;1
5205;10899.32;50;1.06;1;1
5206;10606.06;50;1.09;1;1
5207;10899.32;50;1.06;1;1
5208;10606.06;50;1.09;1;1
5209;10703.81;50;1.06;1;1
5210;10508.31;50;1.07;1;1
5211;10752.69;50;1.05;1;1
5212;10508.31;50;1.08;1;1
5213;10752.69;50;1.05;1;1
5214;10557.18;50;1.08;1;1
5215;10948.19;50;1.06;1;1
5216;10752.69;50;1.09;1;1
5217;10752.69;50;1.08;1;1
5218;10557.18;50;1.08;1;1
5219;10899.32;50;1.06;1;1
5220;10410.56;50;1.09;1;1
5221;10703.81;50;1.04;1;1
5222;10508.31;50;1.07;1;1
5223;10654.94;50;1.05;1;1
5224;10459.43;50;1.07;1;1
5225;10752.69;50;1.05;1;1
5226;10361.68;50;1.08;1;1
5227;10752.69;50;1.04;1;1
5228;10312.81;50;1.08;1;1
5229;10606.06;50;1.03;1;1
5230;10410.56;50;1.06;1;1
5231;10606.06;50;1.04;1;1
5232;10410.56;50;1.06;1;1
5233;10752.69;50;1.04;1;1
5234;10361.68;50;1.08;1;1
5235;10703.81;50;1.04;1;1
5236;10166.18;50;1.07;1;1
5237;10703.81;50;1.02;1;1
5238;10312.81;50;1.07;1;1
5239;10899.32;50;1.03;1;1
5240;10068.43;50;1.09;1;1
5241;10606.06;50;1.01;1;1
5242;10117.30;50;1.06;1;1
5243;10654.94;50;1.01;1;1
5244;10215.05;50;1.07;1;1
5245;10606.06;50;1.02;1;1
5246;10117.30;50;1.06;1;1
5247;10508.31;50;1.01;1;1
5248;10117.30;50;1.05;1;1
5249;10606.06;50;1.01;1;1
5250;10117.30;50;1.06;1;1
5251;10606.06;50;1.01;1;1
5252;9775.17;50;1.06;1;1
5253;10557.18;50;0.98;1;1
5254;10068.43;50;1.06;1;1
5255;10752.69;50;1.01;1;1
5256;10117.30;50;1.08;1;1
5257;10557.18;50;1.01;1;1
5258;10068.43;50;1.06;1;1
5259;10654.94;50;1.01;1;1
5260;10068.43;50;1.07;1;1
5261;10654.94;50;1.01;1;1
5262;10068.43;50;1.07;1;1
5263;10606.06;50;1.01;1;1
5264;10068.43;50;1.06;1;1
5265;10508.31;50;1.01;1;1
5266;9970.67;50;1.05;1;1
5267;10459.43;50;1.00;1;1
5268;10215.05;50;1.05;1;1
5269;10899.32;50;1.02;1;1
5270;10215.05;50;1.09;1;1
5271;10557.18;50;1.02;1;1
5272;10215.05;50;1.06;1;1
5273;10752.69;50;1.02;1;1
5274;10215.05;50;1.08;1;1
5275;10654.94;50;1.02;1;1
5276;10117.30;50;1.07;1;1
5277;10752.69;50;1.01;1;1
5278;10117.30;50;1.08;1;1
5279;10703.81;50;1.01;1;1
5280;10068.43;50;1.07;1;1
5281;10508.31;50;1.01;1;1
5282;10215.05;50;1.05;1;1
5283;10752.69;50;1.02;1;1
5284;10215.05;50;1.08;1;1
5285;10654.94;50;1.02;1;1
5286;10166.18;50;1.07;1;1
5287;10752.69;50;1.02;1;1
5288;10166.18;50;1.08;1;1
5289;10752.69;50;1.02;1;1
5290;10068.43;50;1.08;1;1
5291;10752.69;50;1.01;1;1
5292;9824.05;50;1.08;1;1
5293;10850.44;50;0.98;1;1
5294;9921.80;50;1.09;1;1
5295;10557.18;50;0.99;1;1
5296;9921.80;50;1.06;1;1
5297;10654.94;50;0.99;1;1
5298;9921.80;50;1.07;1;1
5299;10703.81;50;0.99;1;1
5300;9921.80;50;1.07;1;1
5301;10654.94;50;0.99;1;1
5302;10117.30;50;1.07;1;1
5303;10654.94;50;1.01;1;1
5304;10019.55;50;1.07;1;1
5305;10752.69;50;1.00;1;1
5306;9970.67;50;1.08;1;1
5307;10508.31;50;1.00;1;1
5308;9970.67;50;1.05;1;1
5309;10557.18;50;1.00;1;1
5310;9970.67;50;1.06;1;1
5311;10557.18;50;1.00;1;1
5312;10166.18;50;1.06;1;1
5313;10508.31;50;1.02;1;1
5314;10117.30;50;1.05;1;1
5315;10654.94;50;1.01;1;1
5316;10019.55;50;1.07;1;1
5317;10606.06;50;1.00;1;1
5318;9970.67;50;1.06;1;1
5319;10654.94;50;1.00;1;1
5320;10068.43;50;1.07;1;1
5321;10508.31;50;1.01;1;1
5322;9921.80;50;1.05;1;1
5323;10508.31;50;0.99;1;1
5324;9921.80;50;1.05;1;1
5325;10606.06;50;0.99;1;1
5326;9872.92;50;1.06;1;1
5327;10361.68;50;0.99;1;1
5328;10068.43;50;1.04;1;1
5329;10410.56;50;1.01;1;1
5330;9921.80;50;1.04;1;1
5331;10361.68;50;0.99;1;1
5332;9921.80;50;1.04;1;1
5333;10312.81;50;0.99;1;1
5334;9970.67;50;1.03;1;1
5335;10361.68;50;1.00;1;1
5336;9921.80;50;1.04;1;1
5337;10361.68;50;0.99;1;1
5338;9872.92;50;1.04;1;1
5339;10361.68;50;0.99;1;1
5340;9824.05;50;1.04;1;1
5341;10312.81;50;0.98;1;1
5342;9921.80;50;1.03;1;1
5343;10361.68;50;0.99;1;1
5344;9824.05;50;1.04;1;1
5345;10263.93;50;0.98;1;1
5346;10068.43;50;1.03;1;1
5347;10263.93;50;1.01;1;1
5348;10019.55;50;1.03;1;1
5349;10459.43;50;1.00;1;1
5350;9872.92;50;1.05;1;1
5351;10312.81;50;0.99;1;1
5352;9824.05;50;1.03;1;1
5353;10263.93;50;0.98;1;1
5354;9921.80;50;1.03;1;1
5355;10166.18;50;0.99;1;1
5356;9824.05;50;1.02;1;1
5357;10263.93;50;0.98;1;1
5358;9824.05;50;1.03;1;1
5359;10215.05;50;0.98;1;1
5360;9921.80;50;1.02;1;1
5361;10215.05;50;0.99;1;1
5362;9824.05;50;1.02;1;1
5363;10215.05;50;0.98;1;1
5364;9824.05;50;1.02;1;1
5365;10263.93;50;0.98;1;1
5366;9726.29;50;1.03;1;1
5367;10263.93;50;0.97;1;1
5368;9921.80;50;1.03;1;1
5369;10117.30;50;0.99;1;1
5370;9872.92;50;1.01;1;1
5371;10166.18;50;0.99;1;1
5372;10019.55;50;1.02;1;1
5373;10215.05;50;1.00;1;1
5374;10019.55;50;1.02;1;1
5375;10068.43;50;1.00;1;1
5376;9872.92;50;1.01;1;1
5377;10117.30;50;0.99;1;1
5378;10068.43;50;1.01;1;1
5379;10215.05;50;1.01;1;1
5380;10166.18;50;1.02;1;1
5381;10068.43;50;1.02;1;1
5382;10166.18;50;1.01;1;1
5383;10117.30;50;1.02;1;1
5384;10117.30;50;1.01;1;1
5385;10117.30;50;1.01;1;1
5386;10166.18;50;1.01;1;1
5387;10068.43;50;1.02;1;1
5388;10166.18;50;1.01;1;1
5389;10019.55;50;1.02;1;1
5390;10068.43;50;1.00;1;1
5391;10019.55;50;1.01;1;1
5392;10263.93;50;1.00;1;1
5393;9970.67;50;1.03;1;1
5394;10215.05;50;1.00;1;1
5395;9970.67;50;1.02;1;1
5396;10312.81;50;1.00;1;1
5397;10117.30;50;1.03;1;1
5398;10312.81;50;1.01;1;1
5399;10068.43;50;1.03;1;1
5400;10263.93;50;1.01;1;1
5401;10117.30;50;1.03;1;1
5402;10459.43;50;1.01;1;1
5403;10166.18;50;1.05;1;1
5404;10459.43;50;1.02;1;1
5405;10166.18;50;1.05;1;1
5406;10459.43;50;1.02;1;1
5407;10166.18;50;1.05;1;1
5408;10606.06;50;1.02;1;1
5409;10019.55;50;1.06;1;1
5410;10410.56;50;1.00;1;1
5411;10117.30;50;1.04;1;1
5412;10263.93;50;1.01;1;1
5413;10068.43;50;1.03;1;1
5414;10459.43;50;1.01;1;1
5415;9970.67;50;1.05;1;1
5416;10508.31;50;1.00;1;1
5417;10166.18;50;1.05;1;1
5418;10459.43;50;1.02;1;1
5419;10215.05;50;1.05;1;1
5420;10703.81;50;1.02;1;1
5421;10215.05;50;1.07;1;1
5422;10557.18;50;1.02;1;1
5423;10068.43;50;1.06;1;1
5424;10654.94;50;1.01;1;1
5425;10019.55;50;1.07;1;1
5426;10703.81;50;1.00;1;1
5427;10166.18;50;1.07;1;1
5428;10459.43;50;1.02;1;1
5429;10068.43;50;1.05;1;1
5430;10606.06;50;1.01;1;1
5431;10019.55;50;1.06;1;1
5432;10508.31;50;1.00;1;1
5433;9921.80;50;1.05;1;1
5434;10606.06;50;0.99;1;1
5435;9775.17;50;1.06;1;1
5436;10361.68;50;0.98;1;1
5437;9775.17;50;1.04;1;1
5438;10459.43;50;0.98;1;1
5439;9921.80;50;1.05;1;1
5440;10606.06;50;0.99;1;1
5441;10068.43;50;1.06;1;1
5442;10606.06;50;1.01;1;1
5443;10215.05;50;1.06;1;1
5444;10752.69;50;1.02;1;1
5445;10263.93;50;1.08;1;1
5446;10410.56;50;1.03;1;1
5447;10019.55;50;1.04;1;1
5448;10508.31;50;1.00;1;1
5449;10019.55;50;1.05;1;1
5450;10703.81;50;1.00;1;1
5451;10117.30;50;1.07;1;1
5452;10508.31;50;1.01;1;1
5453;9921.80;50;1.05;1;1
5454;10508.31;50;0.99;1;1
5455;10215.05;50;1.05;1;1
5456;10557.18;50;1.02;1;1
5457;10019.55;50;1.06;1;1
5458;10654.94;50;1.00;1;1
5459;9970.67;50;1.07;1;1
5460;10557.18;50;1.00;1;1
5461;10019.55;50;1.06;1;1
5462;10752.69;50;1.00;1;1
5463;10215.05;50;1.08;1;1
5464;10703.81;50;1.02;1;1
5465;10361.68;50;1.07;1;1
5466;10801.56;50;1.04;1;1
5467;10312.81;50;1.08;1;1
5468;10703.81;50;1.03;1;1
5469;10117.30;50;1.07;1;1
5470;10752.69;50;1.01;1;1
5471;10361.68;50;1.08;1;1
5472;10801.56;50;1.04;1;1
5473;10215.05;50;1.08;1;1
5474;10801.56;50;1.02;1;1
5475;10263.93;50;1.08;1;1
5476;10850.44;50;1.03;1;1
5477;10215.05;50;1.09;1;1
5478;10850.44;50;1.02;1;1
5479;9970.67;50;1.09;1;1
5480;10899.32;50;1.00;1;1
5481;10068.43;50;1.09;1;1
5482;10703.81;50;1.01;1;1
5483;10215.05;50;1.07;1;1
5484;10948.19;50;1.02;1;1
5485;10166.18;50;1.09;1;1
5486;10703.81;50;1.02;1;1
5487;10312.81;50;1.07;1;1
5488;10850.44;50;1.03;1;1
5489;10117.30;50;1.09;1;1
5490;10752.69;50;1.01;1;1
5491;10312.81;50;1.08;1;1
5492;10948.19;50;1.03;1;1
5493;10166.18;50;1.09;1;1
5494;10899.32;50;1.02;1;1
5495;10361.68;50;1.09;1;1
5496;10948.19;50;1.04;1;1
5497;10312.81;50;1.09;1;1
5498;10899.32;50;1.03;1;1
5499;10361.68;50;1.09;1;1
5500;10899.32;50;1.04;1;1
5501;10410.56;50;1.09;1;1
5502;10948.19;50;1.04;1;1
5503;10361.68;50;1.09;1;1
5504;11045.94;50;1.04;1;1
5505;10361.68;50;1.10;1;1
5506;11045.94;50;1.04;1;1
5507;10263.93;50;1.10;1;1
5508;10899.32;50;1.03;1;1
5509;10410.56;50;1.09;1;1
5510;11094.82;50;1.04;1;1
5511;10312.81;50;1.11;1;1
5512;10948.19;50;1.03;1;1
5513;10361.68;50;1.09;1;1
5514;10997.07;50;1.04;1;1
5515;10361.68;50;1.10;1;1
5516;10899.32;50;1.04;1;1
5517;10508.31;50;1.09;1;1
5518;11094.82;50;1.05;1;1
5519;10410.56;50;1.11;1;1
5520;11045.94;50;1.04;1;1
5521;10410.56;50;1.10;1;1
5522;11045.94;50;1.04;1;1
5523;10508.31;50;1.10;1;1
5524;10948.19;50;1.05;1;1
5525;10606.06;50;1.09;1;1
5526;11094.82;50;1.06;1;1
5527;10557.18;50;1.11;1;1
5528;11143.70;50;1.06;1;1
5529;10459.43;50;1.11;1;1
5530;10948.19;50;1.05;1;1
5531;10606.06;50;1.09;1;1
5532;11094.82;50;1.06;1;1
5533;10508.31;50;1.11;1;1
5534;10948.19;50;1.05;1;1
5535;10557.18;50;1.09;1;1
5536;10948.19;50;1.06;1;1
5537;10606.06;50;1.09;1;1
5538;10997.07;50;1.06;1;1
5539;10654.94;50;1.10;1;1
5540;11143.70;50;1.07;1;1
5541;10361.68;50;1.11;1;1
5542;10948.19;50;1.04;1;1
5543;10557.18;50;1.09;1;1
5544;10948.19;50;1.06;1;1
5545;10654.94;50;1.09;1;1
5546;10948.19;50;1.07;1;1
5547;10703.81;50;1.09;1;1
5548;11094.82;50;1.07;1;1
5549;10606.06;50;1.11;1;1
5550;10948.19;50;1.06;1;1
5551;10361.68;50;1.09;1;1
5552;11143.70;50;1.04;1;1
5553;10703.81;50;1.11;1;1
5554;10899.32;50;1.07;1;1
5555;10557.18;50;1.09;1;1
5556;10899.32;50;1.06;1;1
5557;10508.31;50;1.09;1;1
5558;10801.56;50;1.05;1;1
5559;10606.06;50;1.08;1;1
5560;10850.44;50;1.06;1;1
5561;10557.18;50;1.09;1;1
5562;10850.44;50;1.06;1;1
5563;10703.81;50;1.09;1;1
5564;10703.81;50;1.07;1;1
5565;10606.06;50;1.07;1;1
5566;10703.81;50;1.06;1;1
5567;10508.31;50;1.07;1;1
5568;10752.69;50;1.05;1;1
5569;10459.43;50;1.08;1;1
5570;10459.43;50;1.05;1;1
5571;10654.94;50;1.05;1;1
5572;10606.06;50;1.07;1;1
5573;10606.06;50;1.06;1;1
5574;10508.31;50;1.06;1;1
5575;10752.69;50;1.05;1;1
5576;10410.56;50;1.08;1;1
5577;10654.94;50;1.04;1;1
5578;10557.18;50;1.07;1;1
5579;10752.69;50;1.06;1;1
5580;10508.31;50;1.08;1;1
5581;10654.94;50;1.05;1;1
5582;10459.43;50;1.07;1;1
5583;10361.68;50;1.05;1;1
5584;10459.43;50;1.04;1;1
5585;10606.06;50;1.05;1;1
5586;10312.81;50;1.06;1;1
5587;10557.18;50;1.03;1;1
5588;10557.18;50;1.06;1;1
5589;10410.56;50;1.06;1;1
5590;10215.05;50;1.04;1;1
5591;10410.56;50;1.02;1;1
5592;10361.68;50;1.04;1;1
5593;10361.68;50;1.04;1;1
5594;10263.93;50;1.04;1;1
5595;10459.43;50;1.03;1;1
5596;10410.56;50;1.05;1;1
5597;10410.56;50;1.04;1;1
5598;10508.31;50;1.04;1;1
5599;10459.43;50;1.05;1;1
5600;10508.31;50;1.05;1;1
5601;10606.06;50;1.05;1;1
5602;10312.81;50;1.06;1;1
5603;10459.43;50;1.03;1;1
5604;10117.30;50;1.05;1;1
5605;10361.68;50;1.01;1;1
5606;10068.43;50;1.04;1;1
5607;10459.43;50;1.01;1;1
5608;10410.56;50;1.05;1;1
5609;10557.18;50;1.04;1;1
5610;10166.18;50;1.06;1;1
5611;10459.43;50;1.02;1;1
5612;10117.30;50;1.05;1;1
5613;10557.18;50;1.01;1;1
5614;9970.67;50;1.06;1;1
5615;10752.69;50;1.00;1;1
5616;10215.05;50;1.08;1;1
5617;10654.94;50;1.02;1;1
5618;10215.05;50;1.07;1;1
5619;10801.56;50;1.02;1;1
5620;10117.30;50;1.08;1;1
5621;10752.69;50;1.01;1;1
5622;10361.68;50;1.08;1;1
5623;10801.56;50;1.04;1;1
5624;10263.93;50;1.08;1;1
5625;10948.19;50;1.03;1;1
5626;10117.30;50;1.09;1;1
5627;10752.69;50;1.01;1;1
5628;10166.18;50;1.08;1;1
5629;10557.18;50;1.02;1;1
5630;10117.30;50;1.06;1;1
5631;10557.18;50;1.01;1;1
5632;10068.43;50;1.06;1;1
5633;10654.94;50;1.01;1;1
5634;10068.43;50;1.07;1;1
5635;10752.69;50;1.01;1;1
5636;10166.18;50;1.08;1;1
5637;10752.69;50;1.02;1;1
5638;10019.55;50;1.08;1;1
5639;10557.18;50;1.00;1;1
5640;10019.55;50;1.06;1;1
5641;10654.94;50;1.00;1;1
5642;10019.55;50;1.07;1;1
5643;10703.81;50;1.00;1;1
5644;9970.67;50;1.07;1;1
5645;10606.06;50;1.00;1;1
5646;10117.30;50;1.06;1;1
5647;10654.94;50;1.01;1;1
5648;10019.55;50;1.07;1;1
5649;10703.81;50;1.00;1;1
5650;10019.55;50;1.07;1;1
5651;10703.81;50;1.00;1;1
5652;9970.67;50;1.07;1;1
5653;10654.94;50;1.00;1;1
5654;9872.92;50;1.07;1;1
5655;10654.94;50;0.99;1;1
5656;10166.18;50;1.07;1;1
5657;10606.06;50;1.02;1;1
5658;10166.18;50;1.06;1;1
5659;10948.19;50;1.02;1;1
5660;10263.93;50;1.09;1;1
5661;10850.44;50;1.03;1;1
5662;10215.05;50;1.09;1;1
5663;10899.32;50;1.02;1;1
5664;10019.55;50;1.09;1;1
5665;10850.44;50;1.00;1;1
5666;10263.93;50;1.09;1;1
5667;10801.56;50;1.03;1;1
5668;10410.56;50;1.08;1;1
5669;10801.56;50;1.04;1;1
5670;10312.81;50;1.08;1;1
5671;11143.70;50;1.03;1;1
5672;10410.56;50;1.11;1;1
5673;10850.44;50;1.04;1;1
5674;10263.93;50;1.09;1;1
5675;10899.32;50;1.03;1;1
5676;10166.18;50;1.09;1;1
5677;10850.44;50;1.02;1;1
5678;10215.05;50;1.09;1;1
5679;10899.32;50;1.02;1;1
5680;10263.93;50;1.09;1;1
5681;10703.81;50;1.03;1;1
5682;10019.55;50;1.07;1;1
5683;10899.32;50;1.00;1;1
5684;10263.93;50;1.09;1;1
5685;10899.32;50;1.03;1;1
5686;9970.67;50;1.09;1;1
5687;10654.94;50;1.00;1;1
5688;10166.18;50;1.07;1;1
5689;10703.81;50;1.02;1;1
5690;10019.55;50;1.07;1;1
5691;10752.69;50;1.00;1;1
5692;10117.30;50;1.08;1;1
5693;10703.81;50;1.01;1;1
5694;9872.92;50;1.07;1;1
5695;10752.69;50;0.99;1;1
5696;10117.30;50;1.08;1;1
5697;10654.94;50;1.01;1;1
5698;10019.55;50;1.07;1;1
5699;10606.06;50;1.00;1;1
5700;10068.43;50;1.06;1;1
5701;10654.94;50;1.01;1;1
5702;10068.43;50;1.07;1;1
5703;10752.69;50;1.01;1;1
5704;9970.67;50;1.08;1;1
5705;10850.44;50;1.00;1;1
5706;10215.05;50;1.09;1;1
5707;10801.56;50;1.02;1;1
5708;10215.05;50;1.08;1;1
5709;10801.56;50;1.02;1;1
5710;10459.43;50;1.08;1;1
5711;10948.19;50;1.05;1;1
5712;10312.81;50;1.09;1;1
5713;10948.19;50;1.03;1;1
5714;10166.18;50;1.09;1;1
5715;10899.32;50;1.02;1;1
5716;10215.05;50;1.09;1;1
5717;10801.56;50;1.02;1;1
5718;10263.93;50;1.08;1;1
5719;10752.69;50;1.03;1;1
5720;10410.56;50;1.08;1;1
5721;10948.19;50;1.04;1;1
5722;10263.93;50;1.09;1;1
5723;10752.69;50;1.03;1;1
5724;10263.93;50;1.08;1;1
5725;10752.69;50;1.03;1;1
5726;10312.81;50;1.08;1;1
5727;10703.81;50;1.03;1;1
5728;10312.81;50;1.07;1;1
5729;10997.07;50;1.03;1;1
5730;10508.31;50;1.10;1;1
5731;10850.44;50;1.05;1;1
5732;10361.68;50;1.09;1;1
5733;10801.56;50;1.04;1;1
5734;10263.93;50;1.08;1;1
5735;10850.44;50;1.03;1;1
5736;10459.43;50;1.09;1;1
5737;10752.69;50;1.05;1;1
5738;10557.18;50;1.08;1;1
5739;10752.69;50;1.06;1;1
5740;10410.56;50;1.08;1;1
5741;10801.56;50;1.04;1;1
5742;10166.18;50;1.08;1;1
5743;10654.94;50;1.02;1;1
5744;10263.93;50;1.07;1;1
5745;10606.06;50;1.03;1;1
5746;10361.68;50;1.06;1;1
5747;10459.43;50;1.04;1;1
5748;10361.68;50;1.05;1;1
5749;10459.43;50;1.04;1;1
5750;10459.43;50;1.05;1;1
5751;10508.31;50;1.05;1;1
5752;10361.68;50;1.05;1;1
5753;10410.56;50;1.04;1;1
5754;10508.31;50;1.04;1;1
5755;10557.18;50;1.05;1;1
5756;10410.56;50;1.06;1;1
5757;10654.94;50;1.04;1;1
5758;10606.06;50;1.07;1;1
5759;10654.94;50;1.06;1;1
5760;10752.69;50;1.07;1;1
5761;10752.69;50;1.08;1;1
5762;10801.56;50;1.08;1;1
5763;10801.56;50;1.08;1;1
5764;10899.32;50;1.08;1;1
5765;10850.44;50;1.09;1;1
5766;10508.31;50;1.09;1;1
5767;10752.69;50;1.05;1;1
5768;10654.94;50;1.08;1;1
5769;10850.44;50;1.07;1;1
5770;10606.06;50;1.09;1;1
5771;10801.56;50;1.06;1;1
5772;10752.69;50;1.08;1;1
5773;10948.19;50;1.08;1;1
5774;10948.19;50;1.09;1;1
5775;10948.19;50;1.09;1;1
5776;10801.56;50;1.09;1;1
5777;10997.07;50;1.08;1;1
5778;10997.07;50;1.10;1;1
5779;10899.32;50;1.10;1;1
5780;11045.94;50;1.09;1;1
5781;10899.32;50;1.10;1;1
5782;10899.32;50;1.09;1;1
5783;10752.69;50;1.09;1;1
5784;10899.32;50;1.08;1;1
5785;10654.94;50;1.09;1;1
5786;10948.19;50;1.07;1;1
5787;10606.06;50;1.09;1;1
5788;10948.19;50;1.06;1;1
5789;10654.94;50;1.09;1;1
5790;10752.69;50;1.07;1;1
5791;10557.18;50;1.08;1;1
5792;10850.44;50;1.06;1;1
5793;10606.06;50;1.09;1;1
5794;10899.32;50;1.06;1;1
5795;10801.56;50;1.09;1;1
5796;11045.94;50;1.08;1;1
5797;10557.18;50;1.10;1;1
5798;10801.56;50;1.06;1;1
5799;10459.43;50;1.08;1;1
5800;10801.56;50;1.05;1;1
5801;10410.56;50;1.08;1;1
5802;10850.44;50;1.04;1;1
5803;10459.43;50;1.09;1;1
5804;10752.69;50;1.05;1;1
5805;10459.43;50;1.08;1;1
5806;10801.56;50;1.05;1;1
5807;10263.93;50;1.08;1;1
5808;10850.44;50;1.03;1;1
5809;10410.56;50;1.09;1;1
5810;10899.32;50;1.04;1;1
5811;10459.43;50;1.09;1;1
5812;10850.44;50;1.05;1;1
5813;10508.31;50;1.09;1;1
5814;10948.19;50;1.05;1;1
5815;10508.31;50;1.09;1;1
5816;10899.32;50;1.05;1;1
5817;10361.68;50;1.09;1;1
5818;10948.19;50;1.04;1;1
5819;10361.68;50;1.09;1;1
5820;11045.94;50;1.04;1;1
5821;10508.31;50;1.10;1;1
5822;10948.19;50;1.05;1;1
5823;10410.56;50;1.09;1;1
5824;10948.19;50;1.04;1;1
5825;10312.81;50;1.09;1;1
5826;10948.19;50;1.03;1;1
5827;10410.56;50;1.09;1;1
5828;11045.94;50;1.04;1;1
5829;10410.56;50;1.10;1;1
5830;11192.57;50;1.04;1;1
5831;10410.56;50;1.12;1;1
5832;10948.19;50;1.04;1;1
5833;10459.43;50;1.09;1;1
5834;11241.45;50;1.05;1;1
5835;10312.81;50;1.12;1;1
5836;11094.82;50;1.03;1;1
5837;10654.94;50;1.11;1;1
5838;10997.07;50;1.07;1;1
5839;10508.31;50;1.10;1;1
5840;11192.57;50;1.05;1;1
5841;10459.43;50;1.12;1;1
5842;11143.70;50;1.05;1;1
5843;10606.06;50;1.11;1;1
5844;11143.70;50;1.06;1;1
5845;10459.43;50;1.11;1;1
5846;11290.32;50;1.05;1;1
5847;10654.94;50;1.13;1;1
5848;11241.45;50;1.07;1;1
5849;10606.06;50;1.12;1;1
5850;11192.57;50;1.06;1;1
5851;10654.94;50;1.12;1;1
5852;11192.57;50;1.07;1;1
5853;10654.94;50;1.12;1;1
5854;11143.70;50;1.07;1;1
5855;10654.94;50;1.11;1;1
5856;11143.70;50;1.07;1;1
5857;10606.06;50;1.11;1;1
5858;11045.94;50;1.06;1;1
5859;10654.94;50;1.10;1;1
5860;11094.82;50;1.07;1;1
5861;10948.19;50;1.11;1;1
5862;11143.70;50;1.09;1;1
5863;10752.69;50;1.11;1;1
5864;10997.07;50;1.08;1;1
5865;10703.81;50;1.10;1;1
5866;11143.70;50;1.07;1;1
5867;10703.81;50;1.11;1;1
5868;11192.57;50;1.07;1;1
5869;10850.44;50;1.12;1;1
5870;11045.94;50;1.09;1;1
5871;10703.81;50;1.10;1;1
5872;11094.82;50;1.07;1;1
5873;10899.32;50;1.11;1;1
5874;11045.94;50;1.09;1;1
5875;10801.56;50;1.10;1;1
5876;11192.57;50;1.08;1;1
5877;10899.32;50;1.12;1;1
5878;11241.45;50;1.09;1;1
5879;10948.19;50;1.12;1;1
5880;10997.07;50;1.09;1;1
5881;10997.07;50;1.10;1;1
5882;11143.70;50;1.10;1;1
5883;10997.07;50;1.11;1;1
5884;10997.07;50;1.10;1;1
5885;10948.19;50;1.10;1;1
5886;11094.82;50;1.09;1;1
5887;11241.45;50;1.11;1;1
5888;11241.45;50;1.12;1;1
5889;10948.19;50;1.12;1;1
5890;11045.94;50;1.09;1;1
5891;11143.70;50;1.10;1;1
5892;11143.70;50;1.11;1;1
5893;11290.32;50;1.11;1;1
5894;11143.70;50;1.13;1;1
5895;11094.82;50;1.11;1;1
5896;10997.07;50;1.11;1;1
5897;11045.94;50;1.10;1;1
5898;10899.32;50;1.10;1;1
5899;11143.70;50;1.09;1;1
5900;10948.19;50;1.11;1;1
5901;11388.07;50;1.09;1;1
5902;11241.45;50;1.14;1;1
5903;11143.70;50;1.12;1;1
5904;11094.82;50;1.11;1;1
5905;11143.70;50;1.11;1;1
5906;11094.82;50;1.11;1;1
5907;11241.45;50;1.11;1;1
5908;11143.70;50;1.12;1;1
5909;11485.83;50;1.11;1;1
5910;11045.94;50;1.15;1;1
5911;11192.57;50;1.10;1;1
5912;10948.19;50;1.12;1;1
5913;11290.32;50;1.09;1;1
5914;11192.57;50;1.13;1;1
5915;11485.83;50;1.12;1;1
5916;10997.07;50;1.15;1;1
5917;11583.58;50;1.10;1;1
5918;10948.19;50;1.16;1;1
5919;11290.32;50;1.09;1;1
5920;10997.07;50;1.13;1;1
5921;11143.70;50;1.10;1;1
5922;10850.44;50;1.11;1;1
5923;11290.32;50;1.09;1;1
5924;10899.32;50;1.13;1;1
5925;11192.57;50;1.09;1;1
5926;10948.19;50;1.12;1;1
5927;11485.83;50;1.09;1;1
5928;10948.19;50;1.15;1;1
5929;11339.20;50;1.09;1;1
5930;10654.94;50;1.13;1;1
5931;11388.07;50;1.07;1;1
5932;10899.32;50;1.14;1;1
5933;11436.95;50;1.09;1;1
5934;10801.56;50;1.14;1;1
5935;11436.95;50;1.08;1;1
5936;10850.44;50;1.14;1;1
5937;11339.20;50;1.09;1;1
5938;10752.69;50;1.13;1;1
5939;11485.83;50;1.08;1;1
5940;10948.19;50;1.15;1;1
5941;11290.32;50;1.09;1;1
5942;10752.69;50;1.13;1;1
5943;11388.07;50;1.08;1;1
5944;10850.44;50;1.14;1;1
5945;11534.70;50;1.09;1;1
5946;10801.56;50;1.15;1;1
5947;11339.20;50;1.08;1;1
5948;10850.44;50;1.13;1;1
5949;11436.95;50;1.09;1;1
5950;10801.56;50;1.14;1;1
5951;11436.95;50;1.08;1;1
5952;10801.56;50;1.14;1;1
5953;11388.07;50;1.08;1;1
5954;10703.81;50;1.14;1;1
5955;11388.07;50;1.07;1;1
5956;10654.94;50;1.14;1;1
5957;11388.07;50;1.07;1;1
5958;10654.94;50;1.14;1;1
5959;11192.57;50;1.07;1;1
5960;10654.94;50;1.12;1;1
5961;11241.45;50;1.07;1;1
5962;10557.18;50;1.12;1;1
5963;11290.32;50;1.06;1;1
5964;10703.81;50;1.13;1;1
5965;11241.45;50;1.07;1;1
5966;10801.56;50;1.12;1;1
5967;11339.20;50;1.08;1;1
5968;10752.69;50;1.13;1;1
5969;11290.32;50;1.08;1;1
5970;10703.81;50;1.13;1;1
5971;11339.20;50;1.07;1;1
5972;10899.32;50;1.13;1;1
5973;11436.95;50;1.09;1;1
5974;10752.69;50;1.14;1;1
5975;11241.45;50;1.08;1;1
5976;10948.19;50;1.12;1;1
5977;11485.83;50;1.09;1;1
5978;10899.32;50;1.15;1;1
5979;11339.20;50;1.09;1;1
5980;10801.56;50;1.13;1;1
5981;11192.57;50;1.08;1;1
5982;10752.69;50;1.12;1;1
5983;11290.32;50;1.08;1;1
5984;10850.44;50;1.13;1;1
5985;11388.07;50;1.09;1;1
5986;10752.69;50;1.14;1;1
5987;11339.20;50;1.08;1;1
5988;10948.19;50;1.13;1;1
5989;11388.07;50;1.09;1;1
5990;10703.81;50;1.14;1;1
5991;11436.95;50;1.07;1;1
5992;10801.56;50;1.14;1;1
5993;11290.32;50;1.08;1;1
5994;10850.44;50;1.13;1;1
5995;11485.83;50;1.09;1;1
5996;10801.56;50;1.15;1;1
5997;11534.70;50;1.08;1;1
5998;10801.56;50;1.15;1;1
5999;11485.83;50;1.08;1;1
6000;10850.44;50;1.15;1;1
6001;11290.32;50;1.09;1;1
6002;10899.32;50;1.13;1;1
6003;11583.58;50;1.09;1;1
6004;10801.56;50;1.16;1;1
6005;11436.95;50;1.08;1;1
6006;10899.32;50;1.14;1;1
6007;11388.07;50;1.09;1;1
6008;10948.19;50;1.14;1;1
6009;11388.07;50;1.09;1;1
6010;10850.44;50;1.14;1;1
6011;11339.20;50;1.09;1;1
6012;10948.19;50;1.13;1;1
6013;11436.95;50;1.09;1;1
6014;11045.94;50;1.14;1;1
6015;11681.33;50;1.10;1;1
6016;10948.19;50;1.17;1;1
6017;11290.32;50;1.09;1;1
6018;10997.07;50;1.13;1;1
6019;11534.70;50;1.10;1;1
6020;10801.56;50;1.15;1;1
6021;11583.58;50;1.08;1;1
6022;10948.19;50;1.16;1;1
6023;11485.83;50;1.09;1;1
6024;10899.32;50;1.15;1;1
6025;11583.58;50;1.09;1;1
6026;10948.19;50;1.16;1;1
6027;11339.20;50;1.09;1;1
6028;11094.82;50;1.13;1;1
6029;11388.07;50;1.11;1;1
6030;10899.32;50;1.14;1;1
6031;11436.95;50;1.09;1;1
6032;10899.32;50;1.14;1;1
6033;11339.20;50;1.09;1;1
6034;10801.56;50;1.13;1;1
6035;11436.95;50;1.08;1;1
6036;10948.19;50;1.14;1;1
6037;11436.95;50;1.09;1;1
6038;10850.44;50;1.14;1;1
6039;11241.45;50;1.09;1;1
6040;11045.94;50;1.12;1;1
6041;11241.45;50;1.10;1;1
6042;10899.32;50;1.12;1;1
6043;11143.70;50;1.09;1;1
6044;10948.19;50;1.11;1;1
6045;11192.57;50;1.09;1;1
6046;10948.19;50;1.12;1;1
6047;10997.07;50;1.09;1;1
6048;10850.44;50;1.10;1;1
6049;10997.07;50;1.09;1;1
6050;10997.07;50;1.10;1;1
6051;10948.19;50;1.10;1;1
6052;10899.32;50;1.09;1;1
6053;11045.94;50;1.09;1;1
6054;10703.81;50;1.10;1;1
6055;11143.70;50;1.07;1;1
6056;10899.32;50;1.11;1;1
6057;10997.07;50;1.09;1;1
6058;10948.19;50;1.10;1;1
6059;11241.45;50;1.09;1;1
6060;10997.07;50;1.12;1;1
6061;10850.44;50;1.10;1;1
6062;10801.56;50;1.09;1;1
6063;10752.69;50;1.08;1;1
6064;10801.56;50;1.08;1;1
6065;10703.81;50;1.08;1;1
6066;10997.07;50;1.07;1;1
6067;10997.07;50;1.10;1;1
6068;11045.94;50;1.10;1;1
6069;10801.56;50;1.10;1;1
6070;10948.19;50;1.08;1;1
6071;10801.56;50;1.09;1;1
6072;10997.07;50;1.08;1;1
6073;10703.81;50;1.10;1;1
6074;11094.82;50;1.07;1;1
6075;10801.56;50;1.11;1;1
6076;11094.82;50;1.08;1;1
6077;10703.81;50;1.11;1;1
6078;11094.82;50;1.07;1;1
6079;10801.56;50;1.11;1;1
6080;10899.32;50;1.08;1;1
6081;10508.31;50;1.09;1;1
6082;11045.94;50;1.05;1;1
6083;10752.69;50;1.10;1;1
6084;11045.94;50;1.08;1;1
6085;10752.69;50;1.10;1;1
6086;11094.82;50;1.08;1;1
6087;10801.56;50;1.11;1;1
6088;11143.70;50;1.08;1;1
6089;10703.81;50;1.11;1;1
6090;11143.70;50;1.07;1;1
6091;10557.18;50;1.11;1;1
6092;11045.94;50;1.06;1;1
6093;10703.81;50;1.10;1;1
6094;11143.70;50;1.07;1;1
6095;10654.94;50;1.11;1;1
6096;11143.70;50;1.07;1;1
6097;10557.18;50;1.11;1;1
6098;11388.07;50;1.06;1;1
6099;10703.81;50;1.14;1;1
6100;11045.94;50;1.07;1;1
6101;10703.81;50;1.10;1;1
6102;11241.45;50;1.07;1;1
6103;10557.18;50;1.12;1;1
6104;11094.82;50;1.06;1;1
6105;10508.31;50;1.11;1;1
6106;10997.07;50;1.05;1;1
6107;10606.06;50;1.10;1;1
6108;11045.94;50;1.06;1;1
6109;10459.43;50;1.10;1;1
6110;11045.94;50;1.05;1;1
6111;10410.56;50;1.10;1;1
6112;10997.07;50;1.04;1;1
6113;10654.94;50;1.10;1;1
6114;11094.82;50;1.07;1;1
6115;10459.43;50;1.11;1;1
6116;11045.94;50;1.05;1;1
6117;10508.31;50;1.10;1;1
6118;10850.44;50;1.05;1;1
6119;10410.56;50;1.09;1;1
6120;11045.94;50;1.04;1;1
6121;10312.81;50;1.10;1;1
6122;11045.94;50;1.03;1;1
6123;10557.18;50;1.10;1;1
6124;10997.07;50;1.06;1;1
6125;10459.43;50;1.10;1;1
6126;10997.07;50;1.05;1;1
6127;10459.43;50;1.10;1;1
6128;10997.07;50;1.05;1;1
6129;10410.56;50;1.10;1;1
6130;11045.94;50;1.04;1;1
6131;10459.43;50;1.10;1;1
6132;11143.70;50;1.05;1;1
6133;10606.06;50;1.11;1;1
6134;11143.70;50;1.06;1;1
6135;10654.94;50;1.11;1;1
6136;11290.32;50;1.07;1;1
6137;10361.68;50;1.13;1;1
6138;10948.19;50;1.04;1;1
6139;10508.31;50;1.09;1;1
6140;11143.70;50;1.05;1;1
6141;10459.43;50;1.11;1;1
6142;11192.57;50;1.05;1;1
6143;10606.06;50;1.12;1;1
6144;11143.70;50;1.06;1;1
6145;10557.18;50;1.11;1;1
6146;11094.82;50;1.06;1;1
6147;10557.18;50;1.11;1;1
6148;10997.07;50;1.06;1;1
6149;10508.31;50;1.10;1;1
6150;11241.45;50;1.05;1;1
6151;10557.18;50;1.12;1;1
6152;11143.70;50;1.06;1;1
6153;10557.18;50;1.11;1;1
6154;11045.94;50;1.06;1;1
6155;10508.31;50;1.10;1;1
6156;11045.94;50;1.05;1;1
6157;10263.93;50;1.10;1;1
6158;11094.82;50;1.03;1;1
6159;10410.56;50;1.11;1;1
6160;11045.94;50;1.04;1;1
6161;10410.56;50;1.10;1;1
6162;10899.32;50;1.04;1;1
6163;10361.68;50;1.09;1;1
6164;10948.19;50;1.04;1;1
6165;10361.68;50;1.09;1;1
6166;10997.07;50;1.04;1;1
6167;10410.56;50;1.10;1;1
6168;10801.56;50;1.04;1;1
6169;10361.68;50;1.08;1;1
6170;10801.56;50;1.04;1;1
6171;10508.31;50;1.08;1;1
6172;10801.56;50;1.05;1;1
6173;10361.68;50;1.08;1;1
6174;10899.32;50;1.04;1;1
6175;10312.81;50;1.09;1;1
6176;10899.32;50;1.03;1;1
6177;10459.43;50;1.09;1;1
6178;10801.56;50;1.05;1;1
6179;10312.81;50;1.08;1;1
6180;10850.44;50;1.03;1;1
6181;10410.56;50;1.09;1;1
6182;10703.81;50;1.04;1;1
6183;10606.06;50;1.07;1;1
6184;10801.56;50;1.06;1;1
6185;10361.68;50;1.08;1;1
6186;10703.81;50;1.04;1;1
6187;10459.43;50;1.07;1;1
6188;10801.56;50;1.05;1;1
6189;10654.94;50;1.08;1;1
6190;10703.81;50;1.07;1;1
6191;10654.94;50;1.07;1;1
6192;10899.32;50;1.07;1;1
6193;10606.06;50;1.09;1;1
6194;10557.18;50;1.06;1;1
6195;10703.81;50;1.06;1;1
6196;10606.06;50;1.07;1;1
6197;10361.68;50;1.06;1;1
6198;10948.19;50;1.04;1;1
6199;10410.56;50;1.09;1;1
6200;10899.32;50;1.04;1;1
6201;10459.43;50;1.09;1;1
6202;10752.69;50;1.05;1;1
6203;10654.94;50;1.08;1;1
6204;10703.81;50;1.07;1;1
6205;10508.31;50;1.07;1;1
6206;10703.81;50;1.05;1;1
6207;10654.94;50;1.07;1;1
6208;10752.69;50;1.07;1;1
6209;10508.31;50;1.08;1;1
6210;10801.56;50;1.05;1;1
6211;10606.06;50;1.08;1;1
6212;10703.81;50;1.06;1;1
6213;10703.81;50;1.07;1;1
6214;10801.56;50;1.07;1;1
6215;10850.44;50;1.08;1;1
6216;10654.94;50;1.09;1;1
6217;10606.06;50;1.07;1;1
6218;10654.94;50;1.06;1;1
6219;10654.94;50;1.07;1;1
6220;10557.18;50;1.07;1;1
6221;10654.94;50;1.06;1;1
6222;10606.06;50;1.07;1;1
6223;10557.18;50;1.06;1;1
6224;10654.94;50;1.06;1;1
6225;10703.81;50;1.07;1;1
6226;10801.56;50;1.07;1;1
6227;10606.06;50;1.08;1;1
6228;10703.81;50;1.06;1;1
6229;10606.06;50;1.07;1;1
6230;10215.05;50;1.06;1;1
6231;10459.43;50;1.02;1;1
6232;10263.93;50;1.05;1;1
6233;10508.31;50;1.03;1;1
6234;10557.18;50;1.05;1;1
6235;10606.06;50;1.06;1;1
6236;10312.81;50;1.06;1;1
6237;10459.43;50;1.03;1;1
6238;10361.68;50;1.05;1;1
6239;10606.06;50;1.04;1;1
6240;10606.06;50;1.06;1;1
6241;10557.18;50;1.06;1;1
6242;10410.56;50;1.06;1;1
6243;10850.44;50;1.04;1;1
6244;10361.68;50;1.09;1;1
6245;10654.94;50;1.04;1;1
6246;10312.81;50;1.07;1;1
6247;10703.81;50;1.03;1;1
6248;10508.31;50;1.07;1;1
6249;10948.19;50;1.05;1;1
6250;10410.56;50;1.09;1;1
6251;10801.56;50;1.04;1;1
6252;10410.56;50;1.08;1;1
6253;10899.32;50;1.04;1;1
6254;10508.31;50;1.09;1;1
6255;10899.32;50;1.05;1;1
6256;10361.68;50;1.09;1;1
6257;10703.81;50;1.04;1;1
6258;10410.56;50;1.07;1;1
6259;10948.19;50;1.04;1;1
6260;10557.18;50;1.09;1;1
6261;10801.56;50;1.06;1;1
6262;10361.68;50;1.08;1;1
6263;10899.32;50;1.04;1;1
6264;10459.43;50;1.09;1;1
6265;10948.19;50;1.05;1;1
6266;10312.81;50;1.09;1;1
6267;10899.32;50;1.03;1;1
6268;10361.68;50;1.09;1;1
6269;10948.19;50;1.04;1;1
6270;10361.68;50;1.09;1;1
6271;10850.44;50;1.04;1;1
6272;10361.68;50;1.09;1;1
6273;11045.94;50;1.04;1;1
6274;10410.56;50;1.10;1;1
6275;10801.56;50;1.04;1;1
6276;10361.68;50;1.08;1;1
6277;10899.32;50;1.04;1;1
6278;10459.43;50;1.09;1;1
6279;10997.07;50;1.05;1;1
6280;10410.56;50;1.10;1;1
6281;10899.32;50;1.04;1;1
6282;10068.43;50;1.09;1;1
6283;10654.94;50;1.01;1;1
6284;10361.68;50;1.07;1;1
6285;11094.82;50;1.04;1;1
6286;10459.43;50;1.11;1;1
6287;10703.81;50;1.05;1;1
6288;10312.81;50;1.07;1;1
6289;10850.44;50;1.03;1;1
6290;10263.93;50;1.09;1;1
6291;10850.44;50;1.03;1;1
6292;9970.67;50;1.09;1;1
6293;10703.81;50;1.00;1;1
6294;10166.18;50;1.07;1;1
6295;10703.81;50;1.02;1;1
6296;10019.55;50;1.07;1;1
6297;10801.56;50;1.00;1;1
6298;10019.55;50;1.08;1;1
6299;10606.06;50;1.00;1;1
6300;10068.43;50;1.06;1;1
6301;10801.56;50;1.01;1;1
6302;10215.05;50;1.08;1;1
6303;10606.06;50;1.02;1;1
6304;10068.43;50;1.06;1;1
6305;10606.06;50;1.01;1;1
6306;10019.55;50;1.06;1;1
6307;10654.94;50;1.00;1;1
6308;10215.05;50;1.07;1;1
6309;10801.56;50;1.02;1;1
6310;10312.81;50;1.08;1;1
6311;10850.44;50;1.03;1;1
6312;10263.93;50;1.09;1;1
6313;10997.07;50;1.03;1;1
6314;10215.05;50;1.10;1;1
6315;10752.69;50;1.02;1;1
6316;10117.30;50;1.08;1;1
6317;10752.69;50;1.01;1;1
6318;10312.81;50;1.08;1;1
6319;10654.94;50;1.03;1;1
6320;10312.81;50;1.07;1;1
6321;10654.94;50;1.03;1;1
6322;10068.43;50;1.07;1;1
6323;10606.06;50;1.01;1;1
6324;10117.30;50;1.06;1;1
6325;10850.44;50;1.01;1;1
6326;10361.68;50;1.09;1;1
6327;10703.81;50;1.04;1;1
6328;10117.30;50;1.07;1;1
6329;10801.56;50;1.01;1;1
6330;10263.93;50;1.08;1;1
6331;10703.81;50;1.03;1;1
6332;10068.43;50;1.07;1;1
6333;10801.56;50;1.01;1;1
6334;10166.18;50;1.08;1;1
6335;10752.69;50;1.02;1;1
6336;10263.93;50;1.08;1;1
6337;10703.81;50;1.03;1;1
6338;10215.05;50;1.07;1;1
6339;10801.56;50;1.02;1;1
6340;10019.55;50;1.08;1;1
6341;10459.43;50;1.00;1;1
6342;10019.55;50;1.05;1;1
6343;10703.81;50;1.00;1;1
6344;10312.81;50;1.07;1;1
6345;10606.06;50;1.03;1;1
6346;10166.18;50;1.06;1;1
6347;10850.44;50;1.02;1;1
6348;10166.18;50;1.09;1;1
6349;10606.06;50;1.02;1;1
6350;10166.18;50;1.06;1;1
6351;10606.06;50;1.02;1;1
6352;10263.93;50;1.06;1;1
6353;10557.18;50;1.03;1;1
6354;10215.05;50;1.06;1;1
6355;10606.06;50;1.02;1;1
6356;10117.30;50;1.06;1;1
6357;10606.06;50;1.01;1;1
6358;10312.81;50;1.06;1;1
6359;10606.06;50;1.03;1;1
6360;10459.43;50;1.06;1;1
6361;10752.69;50;1.05;1;1
6362;10410.56;50;1.08;1;1
6363;10606.06;50;1.04;1;1
6364;10361.68;50;1.06;1;1
6365;10606.06;50;1.04;1;1
6366;10410.56;50;1.06;1;1
6367;10508.31;50;1.04;1;1
6368;10654.94;50;1.05;1;1
6369;10703.81;50;1.07;1;1
6370;10752.69;50;1.07;1;1
6371;10654.94;50;1.08;1;1
6372;10508.31;50;1.07;1;1
6373;10899.32;50;1.05;1;1
6374;10801.56;50;1.09;1;1
6375;10997.07;50;1.08;1;1
6376;10850.44;50;1.10;1;1
6377;10752.69;50;1.09;1;1
6378;10948.19;50;1.08;1;1
6379;10801.56;50;1.09;1;1
6380;10899.32;50;1.08;1;1
6381;10703.81;50;1.09;1;1
6382;10899.32;50;1.07;1;1
6383;10654.94;50;1.09;1;1
6384;10801.56;50;1.07;1;1
6385;10801.56;50;1.08;1;1
6386;10899.32;50;1.08;1;1
6387;10654.94;50;1.09;1;1
6388;10801.56;50;1.07;1;1
6389;10752.69;50;1.08;1;1
6390;10801.56;50;1.08;1;1
6391;10752.69;50;1.08;1;1
6392;10801.56;50;1.08;1;1
6393;10899.32;50;1.08;1;1
6394;10801.56;50;1.09;1;1
6395;10899.32;50;1.08;1;1
6396;10606.06;50;1.09;1;1
6397;10654.94;50;1.06;1;1
6398;10703.81;50;1.07;1;1
6399;10703.81;50;1.07;1;1
6400;10752.69;50;1.07;1;1
6401;10801.56;50;1.08;1;1
6402;10752.69;50;1.08;1;1
6403;10752.69;50;1.08;1;1
6404;10850.44;50;1.08;1;1
6405;10557.18;50;1.09;1;1
6406;10752.69;50;1.06;1;1
6407;10703.81;50;1.08;1;1
6408;10899.32;50;1.07;1;1
6409;10703.81;50;1.09;1;1
6410;10703.81;50;1.07;1;1
6411;10654.94;50;1.07;1;1
6412;10997.07;50;1.07;1;1
6413;10410.56;50;1.10;1;1
6414;10850.44;50;1.04;1;1
6415;10459.43;50;1.09;1;1
6416;10850.44;50;1.05;1;1
6417;10606.06;50;1.09;1;1
6418;10801.56;50;1.06;1;1
6419;10557.18;50;1.08;1;1
6420;10899.32;50;1.06;1;1
6421;10312.81;50;1.09;1;1
6422;10752.69;50;1.03;1;1
6423;10459.43;50;1.08;1;1
6424;10948.19;50;1.05;1;1
6425;10557.18;50;1.09;1;1
6426;10801.56;50;1.06;1;1
6427;10606.06;50;1.08;1;1
6428;10850.44;50;1.06;1;1
6429;10508.31;50;1.09;1;1
6430;10850.44;50;1.05;1;1
6431;10361.68;50;1.09;1;1
6432;10899.32;50;1.04;1;1
6433;10508.31;50;1.09;1;1
6434;10899.32;50;1.05;1;1
6435;10606.06;50;1.09;1;1
6436;10899.32;50;1.06;1;1
6437;10459.43;50;1.09;1;1
6438;10850.44;50;1.05;1;1
6439;10459.43;50;1.09;1;1
6440;10899.32;50;1.05;1;1
6441;10508.31;50;1.09;1;1
6442;10850.44;50;1.05;1;1
6443;10459.43;50;1.09;1;1
6444;10801.56;50;1.05;1;1
6445;10410.56;50;1.08;1;1
6446;10899.32;50;1.04;1;1
6447;10459.43;50;1.09;1;1
6448;10948.19;50;1.05;1;1
6449;10606.06;50;1.09;1;1
6450;10948.19;50;1.06;1;1
6451;10508.31;50;1.09;1;1
6452;10948.19;50;1.05;1;1
6453;10508.31;50;1.09;1;1
6454;10997.07;50;1.05;1;1
6455;10508.31;50;1.10;1;1
6456;11045.94;50;1.05;1;1
6457;10361.68;50;1.10;1;1
6458;10997.07;50;1.04;1;1
6459;10361.68;50;1.10;1;1
6460;11045.94;50;1.04;1;1
6461;10361.68;50;1.10;1;1
6462;11094.82;50;1.04;1;1
6463;10557.18;50;1.11;1;1
6464;11094.82;50;1.06;1;1
6465;10606.06;50;1.11;1;1
6466;11241.45;50;1.06;1;1
6467;10312.81;50;1.12;1;1
6468;11094.82;50;1.03;1;1
6469;10508.31;50;1.11;1;1
6470;11045.94;50;1.05;1;1
6471;10410.56;50;1.10;1;1
6472;11045.94;50;1.04;1;1
6473;10508.31;50;1.10;1;1
6474;10997.07;50;1.05;1;1
6475;10361.68;50;1.10;1;1
6476;10997.07;50;1.04;1;1
6477;10508.31;50;1.10;1;1
6478;10997.07;50;1.05;1;1
6479;10459.43;50;1.10;1;1
6480;11290.32;50;1.05;1;1
6481;10459.43;50;1.13;1;1
6482;11094.82;50;1.05;1;1
6483;10606.06;50;1.11;1;1
6484;11241.45;50;1.06;1;1
6485;10703.81;50;1.12;1;1
6486;11241.45;50;1.07;1;1
6487;10508.31;50;1.12;1;1
6488;11192.57;50;1.05;1;1
6489;10557.18;50;1.12;1;1
6490;11192.57;50;1.06;1;1
6491;10557.18;50;1.12;1;1
6492;11143.70;50;1.06;1;1
6493;10606.06;50;1.11;1;1
6494;11241.45;50;1.06;1;1
6495;10557.18;50;1.12;1;1
6496;11192.57;50;1.06;1;1
6497;10654.94;50;1.12;1;1
6498;11388.07;50;1.07;1;1
6499;10361.68;50;1.14;1;1
6500;11241.45;50;1.04;1;1
6501;10606.06;50;1.12;1;1
6502;11143.70;50;1.06;1;1
6503;10361.68;50;1.11;1;1
6504;10948.19;50;1.04;1;1
6505;10508.31;50;1.09;1;1
6506;10948.19;50;1.05;1;1
6507;10410.56;50;1.09;1;1
6508;11143.70;50;1.04;1;1
6509;10508.31;50;1.11;1;1
6510;11094.82;50;1.05;1;1
6511;10606.06;50;1.11;1;1
6512;10948.19;50;1.06;1;1
6513;10361.68;50;1.09;1;1
6514;10899.32;50;1.04;1;1
6515;10361.68;50;1.09;1;1
6516;11192.57;50;1.04;1;1
6517;10410.56;50;1.12;1;1
6518;10997.07;50;1.04;1;1
6519;10263.93;50;1.10;1;1
6520;11045.94;50;1.03;1;1
6521;10361.68;50;1.10;1;1
6522;11241.45;50;1.04;1;1
6523;10606.06;50;1.12;1;1
6524;11094.82;50;1.06;1;1
6525;10312.81;50;1.11;1;1
6526;11094.82;50;1.03;1;1
6527;10410.56;50;1.11;1;1
6528;10850.44;50;1.04;1;1
6529;10312.81;50;1.09;1;1
6530;10948.19;50;1.03;1;1
6531;10410.56;50;1.09;1;1
6532;10752.69;50;1.04;1;1
6533;10459.43;50;1.08;1;1
6534;10850.44;50;1.05;1;1
6535;10312.81;50;1.09;1;1
6536;10850.44;50;1.03;1;1
6537;10215.05;50;1.09;1;1
6538;10801.56;50;1.02;1;1
6539;10312.81;50;1.08;1;1
6540;10948.19;50;1.03;1;1
6541;10361.68;50;1.09;1;1
6542;10703.81;50;1.04;1;1
6543;10263.93;50;1.07;1;1
6544;10752.69;50;1.03;1;1
6545;10312.81;50;1.08;1;1
6546;10801.56;50;1.03;1;1
6547;10361.68;50;1.08;1;1
6548;10899.32;50;1.04;1;1
6549;10459.43;50;1.09;1;1
6550;10850.44;50;1.05;1;1
6551;10459.43;50;1.09;1;1
6552;10703.81;50;1.05;1;1
6553;10606.06;50;1.07;1;1
6554;10606.06;50;1.06;1;1
6555;10459.43;50;1.06;1;1
6556;10703.81;50;1.05;1;1
6557;10606.06;50;1.07;1;1
6558;10997.07;50;1.06;1;1
6559;10606.06;50;1.10;1;1
6560;10948.19;50;1.06;1;1
6561;10557.18;50;1.09;1;1
6562;10752.69;50;1.06;1;1
6563;10459.43;50;1.08;1;1
6564;10752.69;50;1.05;1;1
6565;10459.43;50;1.08;1;1
6566;10899.32;50;1.05;1;1
6567;10606.06;50;1.09;1;1
6568;10801.56;50;1.06;1;1
6569;10410.56;50;1.08;1;1
6570;10997.07;50;1.04;1;1
6571;10606.06;50;1.10;1;1
6572;10997.07;50;1.06;1;1
6573;10654.94;50;1.10;1;1
6574;10948.19;50;1.07;1;1
6575;10606.06;50;1.09;1;1
6576;10899.32;50;1.06;1;1
6577;10508.31;50;1.09;1;1
6578;10997.07;50;1.05;1;1
6579;10557.18;50;1.10;1;1
6580;10899.32;50;1.06;1;1
6581;10703.81;50;1.09;1;1
6582;10801.56;50;1.07;1;1
6583;10557.18;50;1.08;1;1
6584;10703.81;50;1.06;1;1
6585;10654.94;50;1.07;1;1
6586;10801.56;50;1.07;1;1
6587;10654.94;50;1.08;1;1
6588;10752.69;50;1.07;1;1
6589;10801.56;50;1.08;1;1
6590;10801.56;50;1.08;1;1
6591;10801.56;50;1.08;1;1
6592;11045.94;50;1.08;1;1
6593;10850.44;50;1.10;1;1
6594;10752.69;50;1.09;1;1
6595;11045.94;50;1.08;1;1
6596;10752.69;50;1.10;1;1
6597;10801.56;50;1.08;1;1
6598;10997.07;50;1.08;1;1
6599;10948.19;50;1.10;1;1
6600;11094.82;50;1.09;1;1
6601;10948.19;50;1.11;1;1
6602;10899.32;50;1.09;1;1
6603;11045.94;50;1.09;1;1
6604;11045.94;50;1.10;1;1
6605;10997.07;50;1.10;1;1
6606;10948.19;50;1.10;1;1
6607;10948.19;50;1.09;1;1
6608;10948.19;50;1.09;1;1
6609;10997.07;50;1.09;1;1
6610;10801.56;50;1.10;1;1
6611;10997.07;50;1.08;1;1
6612;10899.32;50;1.10;1;1
6613;10899.32;50;1.09;1;1
6614;10703.81;50;1.09;1;1
6615;10850.44;50;1.07;1;1
6616;10654.94;50;1.09;1;1
6617;10899.32;50;1.07;1;1
6618;10752.69;50;1.09;1;1
6619;10948.19;50;1.08;1;1
6620;10606.06;50;1.09;1;1
6621;11045.94;50;1.06;1;1
6622;11045.94;50;1.10;1;1
6623;11094.82;50;1.10;1;1
6624;10948.19;50;1.11;1;1
6625;11241.45;50;1.09;1;1
6626;10801.56;50;1.12;1;1
6627;10997.07;50;1.08;1;1
6628;10850.44;50;1.10;1;1
6629;11192.57;50;1.09;1;1
6630;10801.56;50;1.12;1;1
6631;11436.95;50;1.08;1;1
6632;10654.94;50;1.14;1;1
6633;11241.45;50;1.07;1;1
6634;10703.81;50;1.12;1;1
6635;10899.32;50;1.07;1;1
6636;10557.18;50;1.09;1;1
6637;10948.19;50;1.06;1;1
6638;10557.18;50;1.09;1;1
6639;10997.07;50;1.06;1;1
6640;10557.18;50;1.10;1;1
6641;10948.19;50;1.06;1;1
6642;10459.43;50;1.09;1;1
6643;10899.32;50;1.05;1;1
6644;10410.56;50;1.09;1;1
6645;10801.56;50;1.04;1;1
6646;10410.56;50;1.08;1;1
6647;11094.82;50;1.04;1;1
6648;10410.56;50;1.11;1;1
6649;10997.07;50;1.04;1;1
6650;10459.43;50;1.10;1;1
6651;11192.57;50;1.05;1;1
6652;10508.31;50;1.12;1;1
6653;11192.57;50;1.05;1;1
6654;10459.43;50;1.12;1;1
6655;10948.19;50;1.05;1;1
6656;10361.68;50;1.09;1;1
6657;10997.07;50;1.04;1;1
6658;10459.43;50;1.10;1;1
6659;11094.82;50;1.05;1;1
6660;10606.06;50;1.11;1;1
6661;11045.94;50;1.06;1;1
6662;10459.43;50;1.10;1;1
6663;10997.07;50;1.05;1;1
6664;10312.81;50;1.10;1;1
6665;10997.07;50;1.03;1;1
6666;10361.68;50;1.10;1;1
6667;11045.94;50;1.04;1;1
6668;10361.68;50;1.10;1;1
6669;10997.07;50;1.04;1;1
6670;10703.81;50;1.10;1;1
6671;11143.70;50;1.07;1;1
6672;10606.06;50;1.11;1;1
6673;11241.45;50;1.06;1;1
6674;10703.81;50;1.12;1;1
6675;11241.45;50;1.07;1;1
6676;10606.06;50;1.12;1;1
6677;10997.07;50;1.06;1;1
6678;10410.56;50;1.10;1;1
6679;11045.94;50;1.04;1;1
6680;10557.18;50;1.10;1;1
6681;11094.82;50;1.06;1;1
6682;10557.18;50;1.11;1;1
6683;11192.57;50;1.06;1;1
6684;10606.06;50;1.12;1;1
6685;11241.45;50;1.06;1;1
6686;10410.56;50;1.12;1;1
6687;11143.70;50;1.04;1;1
6688;10654.94;50;1.11;1;1
6689;11192.57;50;1.07;1;1
6690;10606.06;50;1.12;1;1
6691;11192.57;50;1.06;1;1
6692;10606.06;50;1.12;1;1
6693;11241.45;50;1.06;1;1
6694;10654.94;50;1.12;1;1
6695;11241.45;50;1.07;1;1
6696;10654.94;50;1.12;1;1
6697;11290.32;50;1.07;1;1
6698;10606.06;50;1.13;1;1
6699;11094.82;50;1.06;1;1
6700;10606.06;50;1.11;1;1
6701;10997.07;50;1.06;1;1
6702;10508.31;50;1.10;1;1
6703;11290.32;50;1.05;1;1
6704;10654.94;50;1.13;1;1
6705;11241.45;50;1.07;1;1
6706;10801.56;50;1.12;1;1
6707;10997.07;50;1.08;1;1
6708;10410.56;50;1.10;1;1
6709;11143.70;50;1.04;1;1
6710;10410.56;50;1.11;1;1
6711;11143.70;50;1.04;1;1
6712;10459.43;50;1.11;1;1
6713;11339.20;50;1.05;1;1
6714;10899.32;50;1.13;1;1
6715;11290.32;50;1.09;1;1
6716;10606.06;50;1.13;1;1
6717;11192.57;50;1.06;1;1
6718;10703.81;50;1.12;1;1
6719;11241.45;50;1.07;1;1
6720;10606.06;50;1.12;1;1
6721;11045.94;50;1.06;1;1
6722;10850.44;50;1.10;1;1
6723;11339.20;50;1.09;1;1
6724;10801.56;50;1.13;1;1
6725;11388.07;50;1.08;1;1
6726;10948.19;50;1.14;1;1
6727;11339.20;50;1.09;1;1
6728;10948.19;50;1.13;1;1
6729;11192.57;50;1.09;1;1
6730;10850.44;50;1.12;1;1
6731;11339.20;50;1.09;1;1
6732;10948.19;50;1.13;1;1
6733;11388.07;50;1.09;1;1
6734;10899.32;50;1.14;1;1
6735;11339.20;50;1.09;1;1
6736;10997.07;50;1.13;1;1
6737;11143.70;50;1.10;1;1
6738;10899.32;50;1.11;1;1
6739;11045.94;50;1.09;1;1
6740;11094.82;50;1.10;1;1
6741;11290.32;50;1.11;1;1
6742;10801.56;50;1.13;1;1
6743;11241.45;50;1.08;1;1
6744;11143.70;50;1.12;1;1
6745;11143.70;50;1.11;1;1
6746;10850.44;50;1.11;1;1
6747;10899.32;50;1.09;1;1
6748;11094.82;50;1.09;1;1
6749;11192.57;50;1.11;1;1
6750;11339.20;50;1.12;1;1
6751;11143.70;50;1.13;1;1
6752;11143.70;50;1.11;1;1
6753;11192.57;50;1.11;1;1
6754;11241.45;50;1.12;1;1
6755;11192.57;50;1.12;1;1
6756;11436.95;50;1.12;1;1
6757;11339.20;50;1.14;1;1
6758;11388.07;50;1.13;1;1
6759;11143.70;50;1.14;1;1
6760;11094.82;50;1.11;1;1
6761;11192.57;50;1.11;1;1
6762;11241.45;50;1.12;1;1
6763;11241.45;50;1.12;1;1
6764;11192.57;50;1.12;1;1
6765;11094.82;50;1.12;1;1
6766;11290.32;50;1.11;1;1
6767;11143.70;50;1.13;1;1
6768;11094.82;50;1.11;1;1
6769;11045.94;50;1.11;1;1
6770;10997.07;50;1.10;1;1
6771;11094.82;50;1.10;1;1
6772;10899.32;50;1.11;1;1
6773;10997.07;50;1.09;1;1
6774;11045.94;50;1.10;1;1
6775;10899.32;50;1.10;1;1
6776;11094.82;50;1.09;1;1
6777;10899.32;50;1.11;1;1
6778;11094.82;50;1.09;1;1
6779;10899.32;50;1.11;1;1
6780;11045.94;50;1.09;1;1
6781;10850.44;50;1.10;1;1
6782;11094.82;50;1.09;1;1
6783;10752.69;50;1.11;1;1
6784;11241.45;50;1.08;1;1
6785;10899.32;50;1.12;1;1
6786;11192.57;50;1.09;1;1
6787;10850.44;50;1.12;1;1
6788;11094.82;50;1.09;1;1
6789;10948.19;50;1.11;1;1
6790;11388.07;50;1.09;1;1
6791;11045.94;50;1.14;1;1
6792;11143.70;50;1.10;1;1
6793;11045.94;50;1.11;1;1
6794;11534.70;50;1.10;1;1
6795;11045.94;50;1.15;1;1
6796;11290.32;50;1.10;1;1
6797;10899.32;50;1.13;1;1
6798;11436.95;50;1.09;1;1
6799;10997.07;50;1.14;1;1
6800;11339.20;50;1.10;1;1
6801;10752.69;50;1.13;1;1
6802;11339.20;50;1.08;1;1
6803;10703.81;50;1.13;1;1
6804;11241.45;50;1.07;1;1
6805;10801.56;50;1.12;1;1
6806;11143.70;50;1.08;1;1
6807;10557.18;50;1.11;1;1
6808;10997.07;50;1.06;1;1
6809;10752.69;50;1.10;1;1
6810;11290.32;50;1.08;1;1
6811;10850.44;50;1.13;1;1
6812;11045.94;50;1.09;1;1
6813;10654.94;50;1.10;1;1
6814;11290.32;50;1.07;1;1
6815;10899.32;50;1.13;1;1
6816;11388.07;50;1.09;1;1
6817;10557.18;50;1.14;1;1
6818;11339.20;50;1.06;1;1
6819;10899.32;50;1.13;1;1
6820;11290.32;50;1.09;1;1
6821;10703.81;50;1.13;1;1
6822;11192.57;50;1.07;1;1
6823;10752.69;50;1.12;1;1
6824;11143.70;50;1.08;1;1
6825;10606.06;50;1.11;1;1
6826;11094.82;50;1.06;1;1
6827;10801.56;50;1.11;1;1
6828;11094.82;50;1.08;1;1
6829;10703.81;50;1.11;1;1
6830;11192.57;50;1.07;1;1
6831;10606.06;50;1.12;1;1
6832;11094.82;50;1.06;1;1
6833;10703.81;50;1.11;1;1
6834;11290.32;50;1.07;1;1
6835;10801.56;50;1.13;1;1
6836;11241.45;50;1.08;1;1
6837;10752.69;50;1.12;1;1
6838;11290.32;50;1.08;1;1
6839;10850.44;50;1.13;1;1
6840;11388.07;50;1.09;1;1
6841;10557.18;50;1.14;1;1
6842;11290.32;50;1.06;1;1
6843;10752.69;50;1.13;1;1
6844;11388.07;50;1.08;1;1
6845;10752.69;50;1.14;1;1
6846;11339.20;50;1.08;1;1
6847;10997.07;50;1.13;1;1
6848;11436.95;50;1.10;1;1
6849;10801.56;50;1.14;1;1
6850;11339.20;50;1.08;1;1
6851;10801.56;50;1.13;1;1
6852;11339.20;50;1.08;1;1
6853;10752.69;50;1.13;1;1
6854;11583.58;50;1.08;1;1
6855;10997.07;50;1.16;1;1
6856;11290.32;50;1.10;1;1
6857;10948.19;50;1.13;1;1
6858;11339.20;50;1.09;1;1
6859;10752.69;50;1.13;1;1
6860;11339.20;50;1.08;1;1
6861;10752.69;50;1.13;1;1
6862;11339.20;50;1.08;1;1
6863;10752.69;50;1.13;1;1
6864;11339.20;50;1.08;1;1
6865;10557.18;50;1.13;1;1
6866;11241.45;50;1.06;1;1
6867;10459.43;50;1.12;1;1
6868;11241.45;50;1.05;1;1
6869;10557.18;50;1.12;1;1
6870;11192.57;50;1.06;1;1
6871;10752.69;50;1.12;1;1
6872;11290.32;50;1.08;1;1
6873;10557.18;50;1.13;1;1
6874;11241.45;50;1.06;1;1
6875;10654.94;50;1.12;1;1
6876;11339.20;50;1.07;1;1
6877;10606.06;50;1.13;1;1
6878;11143.70;50;1.06;1;1
6879;10703.81;50;1.11;1;1
6880;11388.07;50;1.07;1;1
6881;10899.32;50;1.14;1;1
6882;11290.32;50;1.09;1;1
6883;10557.18;50;1.13;1;1
6884;11094.82;50;1.06;1;1
6885;10508.31;50;1.11;1;1
6886;11388.07;50;1.05;1;1
6887;10752.69;50;1.14;1;1
6888;11290.32;50;1.08;1;1
6889;10654.94;50;1.13;1;1
6890;11094.82;50;1.07;1;1
6891;10752.69;50;1.11;1;1
6892;11143.70;50;1.08;1;1
6893;10703.81;50;1.11;1;1
6894;10948.19;50;1.07;1;1
6895;10557.18;50;1.09;1;1
6896;11241.45;50;1.06;1;1
6897;10606.06;50;1.12;1;1
6898;11241.45;50;1.06;1;1
6899;10703.81;50;1.12;1;1
6900;10997.07;50;1.07;1;1
6901;10703.81;50;1.10;1;1
6902;10997.07;50;1.07;1;1
6903;10654.94;50;1.10;1;1
6904;10752.69;50;1.07;1;1
6905;10606.06;50;1.08;1;1
6906;10801.56;50;1.06;1;1
6907;10654.94;50;1.08;1;1
6908;10850.44;50;1.07;1;1
6909;10703.81;50;1.09;1;1
6910;10948.19;50;1.07;1;1
6911;10752.69;50;1.09;1;1
6912;10801.56;50;1.08;1;1
6913;10703.81;50;1.08;1;1
6914;10801.56;50;1.07;1;1
6915;10850.44;50;1.08;1;1
6916;10752.69;50;1.09;1;1
6917;10654.94;50;1.08;1;1
6918;10899.32;50;1.07;1;1
6919;10850.44;50;1.09;1;1
6920;10899.32;50;1.09;1;1
6921;10948.19;50;1.09;1;1
6922;10850.44;50;1.09;1;1
6923;10752.69;50;1.09;1;1
6924;10703.81;50;1.08;1;1
6925;10752.69;50;1.07;1;1
6926;10557.18;50;1.08;1;1
6927;10899.32;50;1.06;1;1
6928;10703.81;50;1.09;1;1
6929;10948.19;50;1.07;1;1
6930;10703.81;50;1.09;1;1
6931;10850.44;50;1.07;1;1
6932;10557.18;50;1.09;1;1
6933;10899.32;50;1.06;1;1
6934;10752.69;50;1.09;1;1
6935;11241.45;50;1.08;1;1
6936;10752.69;50;1.12;1;1
6937;11143.70;50;1.08;1;1
6938;10752.69;50;1.11;1;1
6939;10899.32;50;1.08;1;1
6940;10899.32;50;1.09;1;1
6941;11045.94;50;1.09;1;1
6942;10606.06;50;1.10;1;1
6943;11094.82;50;1.06;1;1
6944;10606.06;50;1.11;1;1
6945;10899.32;50;1.06;1;1
6946;10654.94;50;1.09;1;1
6947;10997.07;50;1.07;1;1
6948;10606.06;50;1.10;1;1
6949;11143.70;50;1.06;1;1
6950;10557.18;50;1.11;1;1
6951;11241.45;50;1.06;1;1
6952;10752.69;50;1.12;1;1
6953;11192.57;50;1.08;1;1
6954;10752.69;50;1.12;1;1
6955;11192.57;50;1.08;1;1
6956;10752.69;50;1.12;1;1
6957;11143.70;50;1.08;1;1
6958;10654.94;50;1.11;1;1
6959;11094.82;50;1.07;1;1
6960;10508.31;50;1.11;1;1
6961;11094.82;50;1.05;1;1
6962;10606.06;50;1.11;1;1
6963;11241.45;50;1.06;1;1
6964;10606.06;50;1.12;1;1
6965;11339.20;50;1.06;1;1
6966;10703.81;50;1.13;1;1
6967;11143.70;50;1.07;1;1
6968;10850.44;50;1.11;1;1
6969;11290.32;50;1.09;1;1
6970;10703.81;50;1.13;1;1
6971;11192.57;50;1.07;1;1
6972;10997.07;50;1.12;1;1
6973;11485.83;50;1.10;1;1
6974;10801.56;50;1.15;1;1
6975;11339.20;50;1.08;1;1
6976;10801.56;50;1.13;1;1
6977;11388.07;50;1.08;1;1
6978;10752.69;50;1.14;1;1
6979;11436.95;50;1.08;1;1
6980;10899.32;50;1.14;1;1
6981;11534.70;50;1.09;1;1
6982;10654.94;50;1.15;1;1
6983;11290.32;50;1.07;1;1
6984;10752.69;50;1.13;1;1
6985;11339.20;50;1.08;1;1
6986;10654.94;50;1.13;1;1
6987;11485.83;50;1.07;1;1
6988;10508.31;50;1.15;1;1
6989;11241.45;50;1.05;1;1
6990;10654.94;50;1.12;1;1
6991;11143.70;50;1.07;1;1
6992;10703.81;50;1.11;1;1
6993;11436.95;50;1.07;1;1
6994;10508.31;50;1.14;1;1
6995;11143.70;50;1.05;1;1
6996;10654.94;50;1.11;1;1
6997;11339.20;50;1.07;1;1
6998;10606.06;50;1.13;1;1
6999;11485.83;50;1.06;1;1
7000;10606.06;50;1.15;1;1
7001;11094.82;50;1.06;1;1
7002;10361.68;50;1.11;1;1
7003;11143.70;50;1.04;1;1
7004;10508.31;50;1.11;1;1
7005;11241.45;50;1.05;1;1
7006;10459.43;50;1.12;1;1
7007;11094.82;50;1.05;1;1
7008;10508.31;50;1.11;1;1
7009;11143.70;50;1.05;1;1
7010;10557.18;50;1.11;1;1
7011;11143.70;50;1.06;1;1
7012;10410.56;50;1.11;1;1
7013;11241.45;50;1.04;1;1
7014;10703.81;50;1.12;1;1
7015;11045.94;50;1.07;1;1
7016;10459.43;50;1.10;1;1
7017;11241.45;50;1.05;1;1
7018;10410.56;50;1.12;1;1
7019;11290.32;50;1.04;1;1
7020;10508.31;50;1.13;1;1
7021;11241.45;50;1.05;1;1
7022;10606.06;50;1.12;1;1
7023;11241.45;50;1.06;1;1
7024;10606.06;50;1.12;1;1
7025;11143.70;50;1.06;1;1
7026;10557.18;50;1.11;1;1
7027;10997.07;50;1.06;1;1
7028;10459.43;50;1.10;1;1
7029;11290.32;50;1.05;1;1
7030;10459.43;50;1.13;1;1
7031;11143.70;50;1.05;1;1
7032;10508.31;50;1.11;1;1
7033;11045.94;50;1.05;1;1
7034;10606.06;50;1.10;1;1
7035;10997.07;50;1.06;1;1
7036;10459.43;50;1.10;1;1
7037;11094.82;50;1.05;1;1
7038;10410.56;50;1.11;1;1
7039;10899.32;50;1.04;1;1
7040;10459.43;50;1.09;1;1
7041;10948.19;50;1.05;1;1
7042;10557.18;50;1.09;1;1
7043;11094.82;50;1.06;1;1
7044;10606.06;50;1.11;1;1
7045;11045.94;50;1.06;1;1
7046;10703.81;50;1.10;1;1
7047;11094.82;50;1.07;1;1
7048;10752.69;50;1.11;1;1
7049;11094.82;50;1.08;1;1
7050;10654.94;50;1.11;1;1
7051;11094.82;50;1.07;1;1
7052;10801.56;50;1.11;1;1
7053;10997.07;50;1.08;1;1
7054;10850.44;50;1.10;1;1
7055;11094.82;50;1.09;1;1
7056;11045.94;50;1.11;1;1
7057;10997.07;50;1.10;1;1
7058;10703.81;50;1.10;1;1
7059;10850.44;50;1.07;1;1
7060;10899.32;50;1.09;1;1
7061;11143.70;50;1.09;1;1
7062;11045.94;50;1.11;1;1
7063;11045.94;50;1.10;1;1
7064;11241.45;50;1.10;1;1
7065;10948.19;50;1.12;1;1
7066;11143.70;50;1.09;1;1
7067;10899.32;50;1.11;1;1
7068;11241.45;50;1.09;1;1
7069;10899.32;50;1.12;1;1
7070;11143.70;50;1.09;1;1
7071;10850.44;50;1.11;1;1
7072;11143.70;50;1.09;1;1
7073;10801.56;50;1.11;1;1
7074;11192.57;50;1.08;1;1
7075;10899.32;50;1.12;1;1
7076;11241.45;50;1.09;1;1
7077;10948.19;50;1.12;1;1
7078;11388.07;50;1.09;1;1
7079;10899.32;50;1.14;1;1
7080;11192.57;50;1.09;1;1
7081;10850.44;50;1.12;1;1
7082;11241.45;50;1.09;1;1
7083;10948.19;50;1.12;1;1
7084;11583.58;50;1.09;1;1
7085;10801.56;50;1.16;1;1
7086;11339.20;50;1.08;1;1
7087;10948.19;50;1.13;1;1
7088;11583.58;50;1.09;1;1
7089;10948.19;50;1.16;1;1
7090;11339.20;50;1.09;1;1
7091;10948.19;50;1.13;1;1
7092;11388.07;50;1.09;1;1
7093;10948.19;50;1.14;1;1
7094;11388.07;50;1.09;1;1
7095;10899.32;50;1.14;1;1
7096;11485.83;50;1.09;1;1
7097;10948.19;50;1.15;1;1
7098;11534.70;50;1.09;1;1
7099;10948.19;50;1.15;1;1
7100;11534.70;50;1.09;1;1
7101;10948.19;50;1.15;1;1
7102;11632.45;50;1.09;1;1
7103;10997.07;50;1.16;1;1
7104;11534.70;50;1.10;1;1
7105;10948.19;50;1.15;1;1
7106;11534.70;50;1.09;1;1
7107;10899.32;50;1.15;1;1
7108;11388.07;50;1.09;1;1
7109;10899.32;50;1.14;1;1
7110;11388.07;50;1.09;1;1
7111;10752.69;50;1.14;1;1
7112;11436.95;50;1.08;1;1
7113;10850.44;50;1.14;1;1
7114;11485.83;50;1.09;1;1
7115;10801.56;50;1.15;1;1
7116;11290.32;50;1.08;1;1
7117;10703.81;50;1.13;1;1
7118;11436.95;50;1.07;1;1
7119;10850.44;50;1.14;1;1
7120;11388.07;50;1.09;1;1
7121;10654.94;50;1.14;1;1
7122;11388.07;50;1.07;1;1
7123;10654.94;50;1.14;1;1
7124;11339.20;50;1.07;1;1
7125;10654.94;50;1.13;1;1
7126;11388.07;50;1.07;1;1
7127;10606.06;50;1.14;1;1
7128;11045.94;50;1.06;1;1
7129;10459.43;50;1.10;1;1
7130;10997.07;50;1.05;1;1
7131;10508.31;50;1.10;1;1
7132;11045.94;50;1.05;1;1
7133;10606.06;50;1.10;1;1
7134;11143.70;50;1.06;1;1
7135;10606.06;50;1.11;1;1
7136;11143.70;50;1.06;1;1
7137;10508.31;50;1.11;1;1
7138;10899.32;50;1.05;1;1
7139;10361.68;50;1.09;1;1
7140;11045.94;50;1.04;1;1
7141;10263.93;50;1.10;1;1
7142;10899.32;50;1.03;1;1
7143;10312.81;50;1.09;1;1
7144;10801.56;50;1.03;1;1
7145;10263.93;50;1.08;1;1
7146;10850.44;50;1.03;1;1
7147;10263.93;50;1.09;1;1
7148;10703.81;50;1.03;1;1
7149;10068.43;50;1.07;1;1
7150;10752.69;50;1.01;1;1
7151;10215.05;50;1.08;1;1
7152;10752.69;50;1.02;1;1
7153;9970.67;50;1.08;1;1
7154;10459.43;50;1.00;1;1
7155;10019.55;50;1.05;1;1
7156;10459.43;50;1.00;1;1
7157;9921.80;50;1.05;1;1
7158;10557.18;50;0.99;1;1
7159;9970.67;50;1.06;1;1
7160;10459.43;50;1.00;1;1
7161;9824.05;50;1.05;1;1
7162;10312.81;50;0.98;1;1
7163;9775.17;50;1.03;1;1
7164;10361.68;50;0.98;1;1
7165;9872.92;50;1.04;1;1
7166;10459.43;50;0.99;1;1
7167;9970.67;50;1.05;1;1
7168;10459.43;50;1.00;1;1
7169;10361.68;50;1.05;1;1
7170;10312.81;50;1.04;1;1
7171;10068.43;50;1.03;1;1
7172;10312.81;50;1.01;1;1
7173;10068.43;50;1.03;1;1
7174;10166.18;50;1.01;1;1
7175;10019.55;50;1.02;1;1
7176;10312.81;50;1.00;1;1
7177;10117.30;50;1.03;1;1
7178;10019.55;50;1.01;1;1
7179;10361.68;50;1.00;1;1
7180;9970.67;50;1.04;1;1
7181;10215.05;50;1.00;1;1
7182;10068.43;50;1.02;1;1
7183;10312.81;50;1.01;1;1
7184;10019.55;50;1.03;1;1
7185;10459.43;50;1.00;1;1
7186;10117.30;50;1.05;1;1
7187;10361.68;50;1.01;1;1
7188;10019.55;50;1.04;1;1
7189;10410.56;50;1.00;1;1
7190;10117.30;50;1.04;1;1
7191;10508.31;50;1.01;1;1
7192;10019.55;50;1.05;1;1
7193;10459.43;50;1.00;1;1
7194;9970.67;50;1.05;1;1
7195;10459.43;50;1.00;1;1
7196;10117.30;50;1.05;1;1
7197;10459.43;50;1.01;1;1
7198;10068.43;50;1.05;1;1
7199;10654.94;50;1.01;1;1
7200;10166.18;50;1.07;1;1
7201;10654.94;50;1.02;1;1
7202;10166.18;50;1.07;1;1
7203;10752.69;50;1.02;1;1
7204;10068.43;50;1.08;1;1
7205;10703.81;50;1.01;1;1
7206;10166.18;50;1.07;1;1
7207;10752.69;50;1.02;1;1
7208;10312.81;50;1.08;1;1
7209;11045.94;50;1.03;1;1
7210;10312.81;50;1.10;1;1
7211;11045.94;50;1.03;1;1
7212;10508.31;50;1.10;1;1
7213;11045.94;50;1.05;1;1
7214;10312.81;50;1.10;1;1
7215;11143.70;50;1.03;1;1
7216;10312.81;50;1.11;1;1
7217;10948.19;50;1.03;1;1
7218;10361.68;50;1.09;1;1
7219;10850.44;50;1.04;1;1
7220;10263.93;50;1.09;1;1
7221;11192.57;50;1.03;1;1
7222;10557.18;50;1.12;1;1
7223;10997.07;50;1.06;1;1
7224;10703.81;50;1.10;1;1
7225;11192.57;50;1.07;1;1
7226;10459.43;50;1.12;1;1
7227;11094.82;50;1.05;1;1
7228;10508.31;50;1.11;1;1
7229;11290.32;50;1.05;1;1
7230;10606.06;50;1.13;1;1
7231;11192.57;50;1.06;1;1
7232;10606.06;50;1.12;1;1
7233;11094.82;50;1.06;1;1
7234;10557.18;50;1.11;1;1
7235;11192.57;50;1.06;1;1
7236;10606.06;50;1.12;1;1
7237;11045.94;50;1.06;1;1
7238;10606.06;50;1.10;1;1
7239;11094.82;50;1.06;1;1
7240;10703.81;50;1.11;1;1
7241;11192.57;50;1.07;1;1
7242;10703.81;50;1.12;1;1
7243;11290.32;50;1.07;1;1
7244;10752.69;50;1.13;1;1
7245;11241.45;50;1.08;1;1
7246;10948.19;50;1.12;1;1
7247;11192.57;50;1.09;1;1
7248;10801.56;50;1.12;1;1
7249;11388.07;50;1.08;1;1
7250;10948.19;50;1.14;1;1
7251;11094.82;50;1.09;1;1
7252;10703.81;50;1.11;1;1
7253;11339.20;50;1.07;1;1
7254;10899.32;50;1.13;1;1
7255;11241.45;50;1.09;1;1
7256;10703.81;50;1.12;1;1
7257;11339.20;50;1.07;1;1
7258;10703.81;50;1.13;1;1
7259;11094.82;50;1.07;1;1
7260;10997.07;50;1.11;1;1
7261;11241.45;50;1.10;1;1
7262;10850.44;50;1.12;1;1
7263;11094.82;50;1.09;1;1
7264;10801.56;50;1.11;1;1
7265;10997.07;50;1.08;1;1
7266;10752.69;50;1.10;1;1
7267;10801.56;50;1.08;1;1
7268;10850.44;50;1.08;1;1
7269;10948.19;50;1.09;1;1
7270;10997.07;50;1.09;1;1
7271;10850.44;50;1.10;1;1
7272;11094.82;50;1.09;1;1
7273;11192.57;50;1.11;1;1
7274;11045.94;50;1.12;1;1
7275;11192.57;50;1.10;1;1
7276;11045.94;50;1.12;1;1
7277;11143.70;50;1.10;1;1
7278;10899.32;50;1.11;1;1
7279;10997.07;50;1.09;1;1
7280;10997.07;50;1.10;1;1
7281;11094.82;50;1.10;1;1
7282;10899.32;50;1.11;1;1
7283;11045.94;50;1.09;1;1
7284;10948.19;50;1.10;1;1
7285;11094.82;50;1.09;1;1
7286;11045.94;50;1.11;1;1
7287;10948.19;50;1.10;1;1
7288;10850.44;50;1.09;1;1
7289;10899.32;50;1.09;1;1
7290;10899.32;50;1.09;1;1
7291;11094.82;50;1.09;1;1
7292;11045.94;50;1.11;1;1
7293;10997.07;50;1.10;1;1
7294;11143.70;50;1.10;1;1
7295;11045.94;50;1.11;1;1
7296;11094.82;50;1.10;1;1
7297;10948.19;50;1.11;1;1
7298;11045.94;50;1.09;1;1
7299;10899.32;50;1.10;1;1
7300;11192.57;50;1.09;1;1
7301;10997.07;50;1.12;1;1
7302;11290.32;50;1.10;1;1
7303;11045.94;50;1.13;1;1
7304;11241.45;50;1.10;1;1
7305;11045.94;50;1.12;1;1
7306;11143.70;50;1.10;1;1
7307;10997.07;50;1.11;1;1
7308;11192.57;50;1.10;1;1
7309;10948.19;50;1.12;1;1
7310;11094.82;50;1.09;1;1
7311;10948.19;50;1.11;1;1
7312;11534.70;50;1.09;1;1
7313;11094.82;50;1.15;1;1
7314;11534.70;50;1.11;1;1
7315;11045.94;50;1.15;1;1
7316;11485.83;50;1.10;1;1
7317;11290.32;50;1.15;1;1
7318;11681.33;50;1.13;1;1
7319;11045.94;50;1.17;1;1
7320;11534.70;50;1.10;1;1
7321;11094.82;50;1.15;1;1
7322;11583.58;50;1.11;1;1
7323;10997.07;50;1.16;1;1
7324;11534.70;50;1.10;1;1
7325;11094.82;50;1.15;1;1
7326;11534.70;50;1.11;1;1
7327;10997.07;50;1.15;1;1
7328;11779.08;50;1.10;1;1
7329;11143.70;50;1.18;1;1
7330;11632.45;50;1.11;1;1
7331;11241.45;50;1.16;1;1
7332;11583.58;50;1.12;1;1
7333;10997.07;50;1.16;1;1
7334;11632.45;50;1.10;1;1
7335;11192.57;50;1.16;1;1
7336;11681.33;50;1.12;1;1
7337;11094.82;50;1.17;1;1
7338;11485.83;50;1.11;1;1
7339;11094.82;50;1.15;1;1
7340;11534.70;50;1.11;1;1
7341;11094.82;50;1.15;1;1
7342;11632.45;50;1.11;1;1
7343;11192.57;50;1.16;1;1
7344;11925.71;50;1.12;1;1
7345;11094.82;50;1.19;1;1
7346;11681.33;50;1.11;1;1
7347;11143.70;50;1.17;1;1
7348;11779.08;50;1.11;1;1
7349;10997.07;50;1.18;1;1
7350;11730.21;50;1.10;1;1
7351;11045.94;50;1.17;1;1
7352;11583.58;50;1.10;1;1
7353;10997.07;50;1.16;1;1
7354;11779.08;50;1.10;1;1
7355;10997.07;50;1.18;1;1
7356;11779.08;50;1.10;1;1
7357;11045.94;50;1.18;1;1
7358;11827.96;50;1.10;1;1
7359;10899.32;50;1.18;1;1
7360;11436.95;50;1.09;1;1
7361;10703.81;50;1.14;1;1
7362;11436.95;50;1.07;1;1
7363;10850.44;50;1.14;1;1
7364;11632.45;50;1.09;1;1
7365;10899.32;50;1.16;1;1
7366;11632.45;50;1.09;1;1
7367;10801.56;50;1.16;1;1
7368;11681.33;50;1.08;1;1
7369;11094.82;50;1.17;1;1
7370;11730.21;50;1.11;1;1
7371;10997.07;50;1.17;1;1
7372;11632.45;50;1.10;1;1
7373;11241.45;50;1.16;1;1
7374;11779.08;50;1.12;1;1
7375;10997.07;50;1.18;1;1
7376;11632.45;50;1.10;1;1
7377;11143.70;50;1.16;1;1
7378;11730.21;50;1.11;1;1
7379;11143.70;50;1.17;1;1
7380;11876.83;50;1.11;1;1
7381;11192.57;50;1.19;1;1
7382;11827.96;50;1.12;1;1
7383;11094.82;50;1.18;1;1
7384;11632.45;50;1.11;1;1
7385;11143.70;50;1.16;1;1
7386;11827.96;50;1.11;1;1
7387;11241.45;50;1.18;1;1
7388;11876.83;50;1.12;1;1
7389;11192.57;50;1.19;1;1
7390;11925.71;50;1.12;1;1
7391;11143.70;50;1.19;1;1
7392;11827.96;50;1.11;1;1
7393;11241.45;50;1.18;1;1
7394;11730.21;50;1.12;1;1
7395;11192.57;50;1.17;1;1
7396;11681.33;50;1.12;1;1
7397;11339.20;50;1.17;1;1
7398;11779.08;50;1.13;1;1
7399;11339.20;50;1.18;1;1
7400;11779.08;50;1.13;1;1
7401;11192.57;50;1.18;1;1
7402;11730.21;50;1.12;1;1
7403;11339.20;50;1.17;1;1
7404;11876.83;50;1.13;1;1
7405;11436.95;50;1.19;1;1
7406;11583.58;50;1.14;1;1
7407;11339.20;50;1.16;1;1
7408;11632.45;50;1.13;1;1
7409;11290.32;50;1.16;1;1
7410;11827.96;50;1.13;1;1
7411;11290.32;50;1.18;1;1
7412;11681.33;50;1.13;1;1
7413;11436.95;50;1.17;1;1
7414;11632.45;50;1.14;1;1
7415;11534.70;50;1.16;1;1
7416;11681.33;50;1.15;1;1
7417;11534.70;50;1.17;1;1
7418;11730.21;50;1.15;1;1
7419;11583.58;50;1.17;1;1
7420;11827.96;50;1.16;1;1
7421;11827.96;50;1.18;1;1
7422;11827.96;50;1.18;1;1
7423;11632.45;50;1.18;1;1
7424;11632.45;50;1.16;1;1
7425;11681.33;50;1.16;1;1
7426;11583.58;50;1.17;1;1
7427;11583.58;50;1.16;1;1
7428;11436.95;50;1.16;1;1
7429;11436.95;50;1.14;1;1
7430;11436.95;50;1.14;1;1
7431;11681.33;50;1.14;1;1
7432;11290.32;50;1.17;1;1
7433;11632.45;50;1.13;1;1
7434;11583.58;50;1.16;1;1
7435;11827.96;50;1.16;1;1
7436;11583.58;50;1.18;1;1
7437;11827.96;50;1.16;1;1
7438;11534.70;50;1.18;1;1
7439;11779.08;50;1.15;1;1
7440;11290.32;50;1.18;1;1
7441;11730.21;50;1.13;1;1
7442;11436.95;50;1.17;1;1
7443;11681.33;50;1.14;1;1
7444;11534.70;50;1.17;1;1
7445;11730.21;50;1.15;1;1
7446;11436.95;50;1.17;1;1
7447;11730.21;50;1.14;1;1
7448;11485.83;50;1.17;1;1
7449;11583.58;50;1.15;1;1
7450;11681.33;50;1.16;1;1
7451;11827.96;50;1.17;1;1
7452;11681.33;50;1.18;1;1
7453;11730.21;50;1.17;1;1
7454;11730.21;50;1.17;1;1
7455;12072.34;50;1.17;1;1
7456;11730.21;50;1.21;1;1
7457;12170.09;50;1.17;1;1
7458;11827.96;50;1.22;1;1
7459;11876.83;50;1.18;1;1
7460;11583.58;50;1.19;1;1
7461;12072.34;50;1.16;1;1
7462;11485.83;50;1.21;1;1
7463;12121.21;50;1.15;1;1
7464;11632.45;50;1.21;1;1
7465;12072.34;50;1.16;1;1
7466;11534.70;50;1.21;1;1
7467;12072.34;50;1.15;1;1
7468;11583.58;50;1.21;1;1
7469;12218.96;50;1.16;1;1
7470;11681.33;50;1.22;1;1
7471;12121.21;50;1.17;1;1
7472;11534.70;50;1.21;1;1
7473;12121.21;50;1.15;1;1
7474;11583.58;50;1.21;1;1
7475;12121.21;50;1.16;1;1
7476;11583.58;50;1.21;1;1
7477;12023.46;50;1.16;1;1
7478;11534.70;50;1.20;1;1
7479;11925.71;50;1.15;1;1
7480;11583.58;50;1.19;1;1
7481;12121.21;50;1.16;1;1
7482;11436.95;50;1.21;1;1
7483;12023.46;50;1.14;1;1
7484;11339.20;50;1.20;1;1
7485;11974.58;50;1.13;1;1
7486;11388.07;50;1.20;1;1
7487;12121.21;50;1.14;1;1
7488;11485.83;50;1.21;1;1
7489;12170.09;50;1.15;1;1
7490;11583.58;50;1.22;1;1
7491;11876.83;50;1.16;1;1
7492;11534.70;50;1.19;1;1
7493;12609.97;50;1.15;1;1
7494;11339.20;50;1.26;1;1
7495;11925.71;50;1.13;1;1
7496;11436.95;50;1.19;1;1
7497;12072.34;50;1.14;1;1
7498;11583.58;50;1.21;1;1
7499;12023.46;50;1.16;1;1
7500;11290.32;50;1.20;1;1
7501;12072.34;50;1.13;1;1
7502;11290.32;50;1.21;1;1
7503;12121.21;50;1.13;1;1
7504;11436.95;50;1.21;1;1
7505;12267.84;50;1.14;1;1
7506;11583.58;50;1.23;1;1
7507;12170.09;50;1.16;1;1
7508;11632.45;50;1.22;1;1
7509;12121.21;50;1.16;1;1
7510;11632.45;50;1.21;1;1
7511;12121.21;50;1.16;1;1
7512;11388.07;50;1.21;1;1
7513;12170.09;50;1.14;1;1
7514;11632.45;50;1.22;1;1
7515;12218.96;50;1.16;1;1
7516;11583.58;50;1.22;1;1
7517;11925.71;50;1.16;1;1
7518;11534.70;50;1.19;1;1
7519;12218.96;50;1.15;1;1
7520;11583.58;50;1.22;1;1
7521;11974.58;50;1.16;1;1
7522;11583.58;50;1.20;1;1
7523;11974.58;50;1.16;1;1
7524;11632.45;50;1.20;1;1
7525;11925.71;50;1.16;1;1
7526;11534.70;50;1.19;1;1
7527;11974.58;50;1.15;1;1
7528;11534.70;50;1.20;1;1
7529;12072.34;50;1.15;1;1
7530;11632.45;50;1.21;1;1
7531;12023.46;50;1.16;1;1
7532;11632.45;50;1.20;1;1
7533;11974.58;50;1.16;1;1
7534;11534.70;50;1.20;1;1
7535;12121.21;50;1.15;1;1
7536;11827.96;50;1.21;1;1
7537;11974.58;50;1.18;1;1
7538;11681.33;50;1.20;1;1
7539;11681.33;50;1.17;1;1
7540;11730.21;50;1.17;1;1
7541;11779.08;50;1.17;1;1
7542;11632.45;50;1.18;1;1
7543;11827.96;50;1.16;1;1
7544;11730.21;50;1.18;1;1
7545;11730.21;50;1.17;1;1
7546;11730.21;50;1.17;1;1
7547;11485.83;50;1.17;1;1
7548;11583.58;50;1.15;1;1
7549;11583.58;50;1.16;1;1
7550;11779.08;50;1.16;1;1
7551;11534.70;50;1.18;1;1
7552;11583.58;50;1.15;1;1
7553;11485.83;50;1.16;1;1
7554;11485.83;50;1.15;1;1
7555;11681.33;50;1.15;1;1
7556;11534.70;50;1.17;1;1
7557;11388.07;50;1.15;1;1
7558;11436.95;50;1.14;1;1
7559;11583.58;50;1.14;1;1
7560;11583.58;50;1.16;1;1
7561;11339.20;50;1.16;1;1
7562;11583.58;50;1.13;1;1
7563;11436.95;50;1.16;1;1
7564;11339.20;50;1.14;1;1
7565;11143.70;50;1.13;1;1
7566;11534.70;50;1.11;1;1
7567;11339.20;50;1.15;1;1
7568;11485.83;50;1.13;1;1
7569;11290.32;50;1.15;1;1
7570;11388.07;50;1.13;1;1
7571;11192.57;50;1.14;1;1
7572;11339.20;50;1.12;1;1
7573;10948.19;50;1.13;1;1
7574;11485.83;50;1.09;1;1
7575;11045.94;50;1.15;1;1
7576;11436.95;50;1.10;1;1
7577;10948.19;50;1.14;1;1
7578;11436.95;50;1.09;1;1
7579;10997.07;50;1.14;1;1
7580;11388.07;50;1.10;1;1
7581;10752.69;50;1.14;1;1
7582;11143.70;50;1.08;1;1
7583;10997.07;50;1.11;1;1
7584;11241.45;50;1.10;1;1
7585;10801.56;50;1.12;1;1
7586;11094.82;50;1.08;1;1
7587;10606.06;50;1.11;1;1
7588;10850.44;50;1.06;1;1
7589;10654.94;50;1.09;1;1
7590;10850.44;50;1.07;1;1
7591;10606.06;50;1.09;1;1
7592;10899.32;50;1.06;1;1
7593;10606.06;50;1.09;1;1
7594;10948.19;50;1.06;1;1
7595;10557.18;50;1.09;1;1
7596;10752.69;50;1.06;1;1
7597;10459.43;50;1.08;1;1
7598;10703.81;50;1.05;1;1
7599;10166.18;50;1.07;1;1
7600;10703.81;50;1.02;1;1
7601;10263.93;50;1.07;1;1
7602;10752.69;50;1.03;1;1
7603;10263.93;50;1.08;1;1
7604;10117.30;50;1.03;1;1
7605;10166.18;50;1.01;1;1
7606;10654.94;50;1.02;1;1
7607;10166.18;50;1.07;1;1
7608;10703.81;50;1.02;1;1
7609;10117.30;50;1.07;1;1
7610;10508.31;50;1.01;1;1
7611;10166.18;50;1.05;1;1
7612;10508.31;50;1.02;1;1
7613;9970.67;50;1.05;1;1
7614;10606.06;50;1.00;1;1
7615;9921.80;50;1.06;1;1
7616;10557.18;50;0.99;1;1
7617;10019.55;50;1.06;1;1
7618;10606.06;50;1.00;1;1
7619;9970.67;50;1.06;1;1
7620;10606.06;50;1.00;1;1
7621;10019.55;50;1.06;1;1
7622;10654.94;50;1.00;1;1
7623;9824.05;50;1.07;1;1
7624;10508.31;50;0.98;1;1
7625;9970.67;50;1.05;1;1
7626;10606.06;50;1.00;1;1
7627;9872.92;50;1.06;1;1
7628;10508.31;50;0.99;1;1
7629;9775.17;50;1.05;1;1
7630;10361.68;50;0.98;1;1
7631;9970.67;50;1.04;1;1
7632;10459.43;50;1.00;1;1
7633;9530.79;50;1.05;1;1
7634;10068.43;50;0.95;1;1
7635;9628.54;50;1.01;1;1
7636;10312.81;50;0.96;1;1
7637;9726.29;50;1.03;1;1
7638;10361.68;50;0.97;1;1
7639;9677.42;50;1.04;1;1
7640;10459.43;50;0.97;1;1
7641;9530.79;50;1.05;1;1
7642;10215.05;50;0.95;1;1
7643;9726.29;50;1.02;1;1
7644;10263.93;50;0.97;1;1
7645;9628.54;50;1.03;1;1
7646;10263.93;50;0.96;1;1
7647;9579.67;50;1.03;1;1
7648;10410.56;50;0.96;1;1
7649;9628.54;50;1.04;1;1
7650;10459.43;50;0.96;1;1
7651;9726.29;50;1.05;1;1
7652;10312.81;50;0.97;1;1
7653;9726.29;50;1.03;1;1
7654;10263.93;50;0.97;1;1
7655;9677.42;50;1.03;1;1
7656;10606.06;50;0.97;1;1
7657;9824.05;50;1.06;1;1
7658;10508.31;50;0.98;1;1
7659;9775.17;50;1.05;1;1
7660;10459.43;50;0.98;1;1
7661;9872.92;50;1.05;1;1
7662;10557.18;50;0.99;1;1
7663;9970.67;50;1.06;1;1
7664;10508.31;50;1.00;1;1
7665;10019.55;50;1.05;1;1
7666;10654.94;50;1.00;1;1
7667;10117.30;50;1.07;1;1
7668;10459.43;50;1.01;1;1
7669;10068.43;50;1.05;1;1
7670;10654.94;50;1.01;1;1
7671;10166.18;50;1.07;1;1
7672;10801.56;50;1.02;1;1
7673;10117.30;50;1.08;1;1
7674;10703.81;50;1.01;1;1
7675;10117.30;50;1.07;1;1
7676;10703.81;50;1.01;1;1
7677;10312.81;50;1.07;1;1
7678;10752.69;50;1.03;1;1
7679;10312.81;50;1.08;1;1
7680;10557.18;50;1.03;1;1
7681;10263.93;50;1.06;1;1
7682;10654.94;50;1.03;1;1
7683;10312.81;50;1.07;1;1
7684;10459.43;50;1.03;1;1
7685;10361.68;50;1.05;1;1
7686;10361.68;50;1.04;1;1
7687;10312.81;50;1.04;1;1
7688;10508.31;50;1.03;1;1
7689;10459.43;50;1.05;1;1
7690;10801.56;50;1.05;1;1
7691;10459.43;50;1.08;1;1
7692;10508.31;50;1.05;1;1
7693;10361.68;50;1.05;1;1
7694;10557.18;50;1.04;1;1
7695;10703.81;50;1.06;1;1
7696;10508.31;50;1.07;1;1
7697;10606.06;50;1.05;1;1
7698;10606.06;50;1.06;1;1
7699;10752.69;50;1.06;1;1
7700;10557.18;50;1.08;1;1
7701;10752.69;50;1.06;1;1
7702;10459.43;50;1.08;1;1
7703;10703.81;50;1.05;1;1
7704;10312.81;50;1.07;1;1
7705;10801.56;50;1.03;1;1
7706;10508.31;50;1.08;1;1
7707;10801.56;50;1.05;1;1
7708;10215.05;50;1.08;1;1
7709;10752.69;50;1.02;1;1
7710;10361.68;50;1.08;1;1
7711;10801.56;50;1.04;1;1
7712;10410.56;50;1.08;1;1
7713;10899.32;50;1.04;1;1
7714;10410.56;50;1.09;1;1
7715;10801.56;50;1.04;1;1
7716;10410.56;50;1.08;1;1
7717;10850.44;50;1.04;1;1
7718;10606.06;50;1.09;1;1
7719;10997.07;50;1.06;1;1
7720;10508.31;50;1.10;1;1
7721;10997.07;50;1.05;1;1
7722;10459.43;50;1.10;1;1
7723;10948.19;50;1.05;1;1
7724;10703.81;50;1.09;1;1
7725;11290.32;50;1.07;1;1
7726;10752.69;50;1.13;1;1
7727;11436.95;50;1.08;1;1
7728;10752.69;50;1.14;1;1
7729;11339.20;50;1.08;1;1
7730;10801.56;50;1.13;1;1
7731;11388.07;50;1.08;1;1
7732;10752.69;50;1.14;1;1
7733;11388.07;50;1.08;1;1
7734;10703.81;50;1.14;1;1
7735;11534.70;50;1.07;1;1
7736;10948.19;50;1.15;1;1
7737;11388.07;50;1.09;1;1
7738;10850.44;50;1.14;1;1
7739;11583.58;50;1.09;1;1
7740;10801.56;50;1.16;1;1
7741;11485.83;50;1.08;1;1
7742;10948.19;50;1.15;1;1
7743;11534.70;50;1.09;1;1
7744;10948.19;50;1.15;1;1
7745;11485.83;50;1.09;1;1
7746;10899.32;50;1.15;1;1
7747;11632.45;50;1.09;1;1
7748;10703.81;50;1.16;1;1
7749;11290.32;50;1.07;1;1
7750;10850.44;50;1.13;1;1
7751;11339.20;50;1.09;1;1
7752;10703.81;50;1.13;1;1
7753;11339.20;50;1.07;1;1
7754;10752.69;50;1.13;1;1
7755;11339.20;50;1.08;1;1
7756;10850.44;50;1.13;1;1
7757;11290.32;50;1.09;1;1
7758;10752.69;50;1.13;1;1
7759;11388.07;50;1.08;1;1
7760;10654.94;50;1.14;1;1
7761;11388.07;50;1.07;1;1
7762;10703.81;50;1.14;1;1
7763;11436.95;50;1.07;1;1
7764;10948.19;50;1.14;1;1
7765;11241.45;50;1.09;1;1
7766;10606.06;50;1.12;1;1
7767;11436.95;50;1.06;1;1
7768;10850.44;50;1.14;1;1
7769;11388.07;50;1.09;1;1
7770;10948.19;50;1.14;1;1
7771;11388.07;50;1.09;1;1
7772;10801.56;50;1.14;1;1
7773;11143.70;50;1.08;1;1
7774;10801.56;50;1.11;1;1
7775;11388.07;50;1.08;1;1
7776;10654.94;50;1.14;1;1
7777;11192.57;50;1.07;1;1
7778;11045.94;50;1.12;1;1
7779;11388.07;50;1.10;1;1
7780;10850.44;50;1.14;1;1
7781;11388.07;50;1.09;1;1
7782;10997.07;50;1.14;1;1
7783;11436.95;50;1.10;1;1
7784;10801.56;50;1.14;1;1
7785;11388.07;50;1.08;1;1
7786;11192.57;50;1.14;1;1
7787;11436.95;50;1.12;1;1
7788;10997.07;50;1.14;1;1
7789;11290.32;50;1.10;1;1
7790;11045.94;50;1.13;1;1
7791;11436.95;50;1.10;1;1
7792;10899.32;50;1.14;1;1
7793;11534.70;50;1.09;1;1
7794;10899.32;50;1.15;1;1
7795;11143.70;50;1.09;1;1
7796;10899.32;50;1.11;1;1
7797;11388.07;50;1.09;1;1
7798;10948.19;50;1.14;1;1
7799;11436.95;50;1.09;1;1
7800;10899.32;50;1.14;1;1
7801;11339.20;50;1.09;1;1
7802;10850.44;50;1.13;1;1
7803;11192.57;50;1.09;1;1
7804;11094.82;50;1.12;1;1
7805;11388.07;50;1.11;1;1
7806;11045.94;50;1.14;1;1
7807;11241.45;50;1.10;1;1
7808;11241.45;50;1.12;1;1
7809;11241.45;50;1.12;1;1
7810;11290.32;50;1.12;1;1
7811;11143.70;50;1.13;1;1
7812;11192.57;50;1.11;1;1
7813;11143.70;50;1.12;1;1
7814;11143.70;50;1.11;1;1
7815;11241.45;50;1.11;1;1
7816;11192.57;50;1.12;1;1
7817;11045.94;50;1.12;1;1
7818;11192.57;50;1.10;1;1
7819;11290.32;50;1.12;1;1
7820;11241.45;50;1.13;1;1
7821;11241.45;50;1.12;1;1
7822;11192.57;50;1.12;1;1
7823;11241.45;50;1.12;1;1
7824;11290.32;50;1.12;1;1
7825;11094.82;50;1.13;1;1
7826;11388.07;50;1.11;1;1
7827;11290.32;50;1.14;1;1
7828;11339.20;50;1.13;1;1
7829;11094.82;50;1.13;1;1
7830;11339.20;50;1.11;1;1
7831;11045.94;50;1.13;1;1
7832;11485.83;50;1.10;1;1
7833;11192.57;50;1.15;1;1
7834;11436.95;50;1.12;1;1
7835;11094.82;50;1.14;1;1
7836;11436.95;50;1.11;1;1
7837;10997.07;50;1.14;1;1
7838;11534.70;50;1.10;1;1
7839;11143.70;50;1.15;1;1
7840;11485.83;50;1.11;1;1
7841;11045.94;50;1.15;1;1
7842;11290.32;50;1.10;1;1
7843;11045.94;50;1.13;1;1
7844;11339.20;50;1.10;1;1
7845;11143.70;50;1.13;1;1
7846;11534.70;50;1.11;1;1
7847;10948.19;50;1.15;1;1
7848;11290.32;50;1.09;1;1
7849;10997.07;50;1.13;1;1
7850;11290.32;50;1.10;1;1
7851;10899.32;50;1.13;1;1
7852;11192.57;50;1.09;1;1
7853;10997.07;50;1.12;1;1
7854;11436.95;50;1.10;1;1
7855;11045.94;50;1.14;1;1
7856;11290.32;50;1.10;1;1
7857;10948.19;50;1.13;1;1
7858;11388.07;50;1.09;1;1
7859;10899.32;50;1.14;1;1
7860;11388.07;50;1.09;1;1
7861;10899.32;50;1.14;1;1
7862;11339.20;50;1.09;1;1
7863;10801.56;50;1.13;1;1
7864;11436.95;50;1.08;1;1
7865;10850.44;50;1.14;1;1
7866;11436.95;50;1.09;1;1
7867;10850.44;50;1.14;1;1
7868;11241.45;50;1.09;1;1
7869;10752.69;50;1.12;1;1
7870;11436.95;50;1.08;1;1
7871;10654.94;50;1.14;1;1
7872;11192.57;50;1.07;1;1
7873;10752.69;50;1.12;1;1
7874;11339.20;50;1.08;1;1
7875;10850.44;50;1.13;1;1
7876;11436.95;50;1.09;1;1
7877;11045.94;50;1.14;1;1
7878;11388.07;50;1.10;1;1
7879;10899.32;50;1.14;1;1
7880;11339.20;50;1.09;1;1
7881;10948.19;50;1.13;1;1
7882;11632.45;50;1.09;1;1
7883;10899.32;50;1.16;1;1
7884;11534.70;50;1.09;1;1
7885;10801.56;50;1.15;1;1
7886;11730.21;50;1.08;1;1
7887;10801.56;50;1.17;1;1
7888;11436.95;50;1.08;1;1
7889;11045.94;50;1.14;1;1
7890;11534.70;50;1.10;1;1
7891;10850.44;50;1.15;1;1
7892;11534.70;50;1.09;1;1
7893;10899.32;50;1.15;1;1
7894;11485.83;50;1.09;1;1
7895;10850.44;50;1.15;1;1
7896;11436.95;50;1.09;1;1
7897;10899.32;50;1.14;1;1
7898;11485.83;50;1.09;1;1
7899;10948.19;50;1.15;1;1
7900;11681.33;50;1.09;1;1
7901;11339.20;50;1.17;1;1
7902;11730.21;50;1.13;1;1
7903;10948.19;50;1.17;1;1
7904;11534.70;50;1.09;1;1
7905;11045.94;50;1.15;1;1
7906;11632.45;50;1.10;1;1
7907;11094.82;50;1.16;1;1
7908;11485.83;50;1.11;1;1
7909;10899.32;50;1.15;1;1
7910;11583.58;50;1.09;1;1
7911;11045.94;50;1.16;1;1
7912;11730.21;50;1.10;1;1
7913;11192.57;50;1.17;1;1
7914;11681.33;50;1.12;1;1
7915;11143.70;50;1.17;1;1
7916;11632.45;50;1.11;1;1
7917;11241.45;50;1.16;1;1
7918;11632.45;50;1.12;1;1
7919;11290.32;50;1.16;1;1
7920;11632.45;50;1.13;1;1
7921;11192.57;50;1.16;1;1
7922;11681.33;50;1.12;1;1
7923;11241.45;50;1.17;1;1
7924;11485.83;50;1.12;1;1
7925;11241.45;50;1.15;1;1
7926;11485.83;50;1.12;1;1
7927;11339.20;50;1.15;1;1
7928;11583.58;50;1.13;1;1
7929;11339.20;50;1.16;1;1
7930;11583.58;50;1.13;1;1
7931;11290.32;50;1.16;1;1
7932;11485.83;50;1.13;1;1
7933;11290.32;50;1.15;1;1
7934;11583.58;50;1.13;1;1
7935;11241.45;50;1.16;1;1
7936;11485.83;50;1.12;1;1
7937;11436.95;50;1.15;1;1
7938;11436.95;50;1.14;1;1
7939;11388.07;50;1.14;1;1
7940;11290.32;50;1.14;1;1
7941;11436.95;50;1.13;1;1
7942;11290.32;50;1.14;1;1
7943;11436.95;50;1.13;1;1
7944;11290.32;50;1.14;1;1
7945;11339.20;50;1.13;1;1
7946;11388.07;50;1.13;1;1
7947;11388.07;50;1.14;1;1
7948;11094.82;50;1.14;1;1
7949;11192.57;50;1.11;1;1
7950;11094.82;50;1.12;1;1
7951;11388.07;50;1.11;1;1
7952;11290.32;50;1.14;1;1
7953;11339.20;50;1.13;1;1
7954;11143.70;50;1.13;1;1
7955;11290.32;50;1.11;1;1
7956;10948.19;50;1.13;1;1
7957;11388.07;50;1.09;1;1
7958;11143.70;50;1.14;1;1
7959;11143.70;50;1.11;1;1
7960;11143.70;50;1.11;1;1
7961;11241.45;50;1.11;1;1
7962;11045.94;50;1.12;1;1
7963;11339.20;50;1.10;1;1
7964;11241.45;50;1.13;1;1
7965;11339.20;50;1.12;1;1
7966;11045.94;50;1.13;1;1
7967;11436.95;50;1.10;1;1
7968;11045.94;50;1.14;1;1
7969;11436.95;50;1.10;1;1
7970;10997.07;50;1.14;1;1
7971;11339.20;50;1.10;1;1
7972;11045.94;50;1.13;1;1
7973;11241.45;50;1.10;1;1
7974;10948.19;50;1.12;1;1
7975;11436.95;50;1.09;1;1
7976;11143.70;50;1.14;1;1
7977;11534.70;50;1.11;1;1
7978;10948.19;50;1.15;1;1
7979;11388.07;50;1.09;1;1
7980;11241.45;50;1.14;1;1
7981;11436.95;50;1.12;1;1
7982;11192.57;50;1.14;1;1
7983;11290.32;50;1.12;1;1
7984;11143.70;50;1.13;1;1
7985;11339.20;50;1.11;1;1
7986;10948.19;50;1.13;1;1
7987;11339.20;50;1.09;1;1
7988;11143.70;50;1.13;1;1
7989;11290.32;50;1.11;1;1
7990;11143.70;50;1.13;1;1
7991;11436.95;50;1.11;1;1
7992;11094.82;50;1.14;1;1
7993;11339.20;50;1.11;1;1
7994;11045.94;50;1.13;1;1
7995;11388.07;50;1.10;1;1
7996;10997.07;50;1.14;1;1
7997;11339.20;50;1.10;1;1
7998;11045.94;50;1.13;1;1
7999;11290.32;50;1.10;1;1
8000;10899.32;50;1.13;1;1
8001;11388.07;50;1.09;1;1
8002;10850.44;50;1.14;1;1
8003;11485.83;50;1.09;1;1
8004;10850.44;50;1.15;1;1
8005;11534.70;50;1.09;1;1
8006;10899.32;50;1.15;1;1
8007;11485.83;50;1.09;1;1
8008;11045.94;50;1.15;1;1
8009;11436.95;50;1.10;1;1
8010;11045.94;50;1.14;1;1
8011;11485.83;50;1.10;1;1
8012;11045.94;50;1.15;1;1
8013;11681.33;50;1.10;1;1
8014;11045.94;50;1.17;1;1
8015;11583.58;50;1.10;1;1
8016;10997.07;50;1.16;1;1
8017;11485.83;50;1.10;1;1
8018;10948.19;50;1.15;1;1
8019;11730.21;50;1.09;1;1
8020;10899.32;50;1.17;1;1
8021;11583.58;50;1.09;1;1
8022;11045.94;50;1.16;1;1
8023;11730.21;50;1.10;1;1
8024;10997.07;50;1.17;1;1
8025;11827.96;50;1.10;1;1
8026;11045.94;50;1.18;1;1
8027;11827.96;50;1.10;1;1
8028;11143.70;50;1.18;1;1
8029;11730.21;50;1.11;1;1
8030;11094.82;50;1.17;1;1
8031;11583.58;50;1.11;1;1
8032;11045.94;50;1.16;1;1
8033;11534.70;50;1.10;1;1
8034;11143.70;50;1.15;1;1
8035;11779.08;50;1.11;1;1
8036;11143.70;50;1.18;1;1
8037;11779.08;50;1.11;1;1
8038;11045.94;50;1.18;1;1
8039;11730.21;50;1.10;1;1
8040;11192.57;50;1.17;1;1
8041;11779.08;50;1.12;1;1
8042;11388.07;50;1.18;1;1
8043;11779.08;50;1.14;1;1
8044;11241.45;50;1.18;1;1
8045;11632.45;50;1.12;1;1
8046;11241.45;50;1.16;1;1
8047;11681.33;50;1.12;1;1
8048;11192.57;50;1.17;1;1
8049;11730.21;50;1.12;1;1
8050;11143.70;50;1.17;1;1
8051;11779.08;50;1.11;1;1
8052;11241.45;50;1.18;1;1
8053;11779.08;50;1.12;1;1
8054;11192.57;50;1.18;1;1
8055;11485.83;50;1.12;1;1
8056;11241.45;50;1.15;1;1
8057;11583.58;50;1.12;1;1
8058;11290.32;50;1.16;1;1
8059;11632.45;50;1.13;1;1
8060;11290.32;50;1.16;1;1
8061;11436.95;50;1.13;1;1
8062;11094.82;50;1.14;1;1
8063;11339.20;50;1.11;1;1
8064;10948.19;50;1.13;1;1
8065;11436.95;50;1.09;1;1
8066;11339.20;50;1.14;1;1
8067;11339.20;50;1.13;1;1
8068;11290.32;50;1.13;1;1
8069;11534.70;50;1.13;1;1
8070;11241.45;50;1.15;1;1
8071;11388.07;50;1.12;1;1
8072;11388.07;50;1.14;1;1
8073;11241.45;50;1.14;1;1
8074;11290.32;50;1.12;1;1
8075;11241.45;50;1.13;1;1
8076;11241.45;50;1.12;1;1
8077;11241.45;50;1.12;1;1
8078;11241.45;50;1.12;1;1
8079;11241.45;50;1.12;1;1
8080;11290.32;50;1.12;1;1
8081;11143.70;50;1.13;1;1
8082;11290.32;50;1.11;1;1
8083;11045.94;50;1.13;1;1
8084;11388.07;50;1.10;1;1
8085;11241.45;50;1.14;1;1
8086;11241.45;50;1.12;1;1
8087;11241.45;50;1.12;1;1
8088;11241.45;50;1.12;1;1
8089;11045.94;50;1.12;1;1
8090;11290.32;50;1.10;1;1
8091;11143.70;50;1.13;1;1
8092;11094.82;50;1.11;1;1
8093;11241.45;50;1.11;1;1
8094;11143.70;50;1.12;1;1
8095;11290.32;50;1.11;1;1
8096;11094.82;50;1.13;1;1
8097;11290.32;50;1.11;1;1
8098;11192.57;50;1.13;1;1
8099;11143.70;50;1.12;1;1
8100;11388.07;50;1.11;1;1
8101;11094.82;50;1.14;1;1
8102;11094.82;50;1.11;1;1
8103;11241.45;50;1.11;1;1
8104;11192.57;50;1.12;1;1
8105;11192.57;50;1.12;1;1
8106;11339.20;50;1.12;1;1
8107;11192.57;50;1.13;1;1
8108;11388.07;50;1.12;1;1
8109;11045.94;50;1.14;1;1
8110;11290.32;50;1.10;1;1
8111;11192.57;50;1.13;1;1
8112;11388.07;50;1.12;1;1
8113;11045.94;50;1.14;1;1
8114;11388.07;50;1.10;1;1
8115;11143.70;50;1.14;1;1
8116;11290.32;50;1.11;1;1
8117;11094.82;50;1.13;1;1
8118;11388.07;50;1.11;1;1
8119;11192.57;50;1.14;1;1
8120;11436.95;50;1.12;1;1
8121;11094.82;50;1.14;1;1
8122;11290.32;50;1.11;1;1
8123;11192.57;50;1.13;1;1
8124;11388.07;50;1.12;1;1
8125;10948.19;50;1.14;1;1
8126;11436.95;50;1.09;1;1
8127;11143.70;50;1.14;1;1
8128;11192.57;50;1.11;1;1
8129;11045.94;50;1.12;1;1
8130;11388.07;50;1.10;1;1
8131;11094.82;50;1.14;1;1
8132;11388.07;50;1.11;1;1
8133;11192.57;50;1.14;1;1
8134;11388.07;50;1.12;1;1
8135;10948.19;50;1.14;1;1
8136;11339.20;50;1.09;1;1
8137;11045.94;50;1.13;1;1
8138;11436.95;50;1.10;1;1
8139;10899.32;50;1.14;1;1
8140;11436.95;50;1.09;1;1
8141;10948.19;50;1.14;1;1
8142;11388.07;50;1.09;1;1
8143;10850.44;50;1.14;1;1
8144;11339.20;50;1.09;1;1
8145;10948.19;50;1.13;1;1
8146;11534.70;50;1.09;1;1
8147;10948.19;50;1.15;1;1
8148;11388.07;50;1.09;1;1
8149;11094.82;50;1.14;1;1
8150;11730.21;50;1.11;1;1
8151;10997.07;50;1.17;1;1
8152;11681.33;50;1.10;1;1
8153;10948.19;50;1.17;1;1
8154;11730.21;50;1.09;1;1
8155;10997.07;50;1.17;1;1
8156;11681.33;50;1.10;1;1
8157;11045.94;50;1.17;1;1
8158;11632.45;50;1.10;1;1
8159;11094.82;50;1.16;1;1
8160;11681.33;50;1.11;1;1
8161;10899.32;50;1.17;1;1
8162;11681.33;50;1.09;1;1
8163;11045.94;50;1.17;1;1
8164;11485.83;50;1.10;1;1
8165;10899.32;50;1.15;1;1
8166;11632.45;50;1.09;1;1
8167;10948.19;50;1.16;1;1
8168;11632.45;50;1.09;1;1
8169;11143.70;50;1.16;1;1
8170;11485.83;50;1.11;1;1
8171;10948.19;50;1.15;1;1
8172;11534.70;50;1.09;1;1
8173;10948.19;50;1.15;1;1
8174;11730.21;50;1.09;1;1
8175;11045.94;50;1.17;1;1
8176;11436.95;50;1.10;1;1
8177;10997.07;50;1.14;1;1
8178;11534.70;50;1.10;1;1
8179;11094.82;50;1.15;1;1
8180;11681.33;50;1.11;1;1
8181;11045.94;50;1.17;1;1
8182;11681.33;50;1.10;1;1
8183;10997.07;50;1.17;1;1
8184;11681.33;50;1.10;1;1
8185;10997.07;50;1.17;1;1
8186;11632.45;50;1.10;1;1
8187;10948.19;50;1.16;1;1
8188;11534.70;50;1.09;1;1
8189;10948.19;50;1.15;1;1
8190;11632.45;50;1.09;1;1
8191;10948.19;50;1.16;1;1
8192;11730.21;50;1.09;1;1
8193;11045.94;50;1.17;1;1
8194;11925.71;50;1.10;1;1
8195;11045.94;50;1.19;1;1
8196;11779.08;50;1.10;1;1
8197;11094.82;50;1.18;1;1
8198;11681.33;50;1.11;1;1
8199;11094.82;50;1.17;1;1
8200;11681.33;50;1.11;1;1
8201;10948.19;50;1.17;1;1
8202;11436.95;50;1.09;1;1
8203;10997.07;50;1.14;1;1
8204;11632.45;50;1.10;1;1
8205;10948.19;50;1.16;1;1
8206;11485.83;50;1.09;1;1
8207;10948.19;50;1.15;1;1
8208;11534.70;50;1.09;1;1
8209;11094.82;50;1.15;1;1
8210;11681.33;50;1.11;1;1
8211;10997.07;50;1.17;1;1
8212;11827.96;50;1.10;1;1
8213;11045.94;50;1.18;1;1
8214;11681.33;50;1.10;1;1
8215;11045.94;50;1.17;1;1
8216;11534.70;50;1.10;1;1
8217;10997.07;50;1.15;1;1
8218;11632.45;50;1.10;1;1
8219;11094.82;50;1.16;1;1
8220;11681.33;50;1.11;1;1
8221;10997.07;50;1.17;1;1
8222;11730.21;50;1.10;1;1
8223;10997.07;50;1.17;1;1
8224;11534.70;50;1.10;1;1
8225;11045.94;50;1.15;1;1
8226;11534.70;50;1.10;1;1
8227;10948.19;50;1.15;1;1
8228;11583.58;50;1.09;1;1
8229;11094.82;50;1.16;1;1
8230;11632.45;50;1.11;1;1
8231;11192.57;50;1.16;1;1
8232;11436.95;50;1.12;1;1
8233;10997.07;50;1.14;1;1
8234;11632.45;50;1.10;1;1
8235;10997.07;50;1.16;1;1
8236;11485.83;50;1.10;1;1
8237;10850.44;50;1.15;1;1
8238;11583.58;50;1.09;1;1
8239;10948.19;50;1.16;1;1
8240;11583.58;50;1.09;1;1
8241;10850.44;50;1.16;1;1
8242;11388.07;50;1.09;1;1
8243;10850.44;50;1.14;1;1
8244;11436.95;50;1.09;1;1
8245;10850.44;50;1.14;1;1
8246;11485.83;50;1.09;1;1
8247;10948.19;50;1.15;1;1
8248;11485.83;50;1.09;1;1
8249;10948.19;50;1.15;1;1
8250;11436.95;50;1.09;1;1
8251;11094.82;50;1.14;1;1
8252;11436.95;50;1.11;1;1
8253;11045.94;50;1.14;1;1
8254;11534.70;50;1.10;1;1
8255;11143.70;50;1.15;1;1
8256;11534.70;50;1.11;1;1
8257;11143.70;50;1.15;1;1
8258;11290.32;50;1.11;1;1
8259;10997.07;50;1.13;1;1
8260;11241.45;50;1.10;1;1
8261;10997.07;50;1.12;1;1
8262;11192.57;50;1.10;1;1
8263;11143.70;50;1.12;1;1
8264;11241.45;50;1.11;1;1
8265;11192.57;50;1.12;1;1
8266;11290.32;50;1.12;1;1
8267;11192.57;50;1.13;1;1
8268;11290.32;50;1.12;1;1
8269;11192.57;50;1.13;1;1
8270;11388.07;50;1.12;1;1
8271;11045.94;50;1.14;1;1
8272;11339.20;50;1.10;1;1
8273;11045.94;50;1.13;1;1
8274;11436.95;50;1.10;1;1
8275;11192.57;50;1.14;1;1
8276;11583.58;50;1.12;1;1
8277;11241.45;50;1.16;1;1
8278;11388.07;50;1.12;1;1
8279;11241.45;50;1.14;1;1
8280;11241.45;50;1.12;1;1
8281;11241.45;50;1.12;1;1
8282;11485.83;50;1.12;1;1
8283;11241.45;50;1.15;1;1
8284;11534.70;50;1.12;1;1
8285;11388.07;50;1.15;1;1
8286;11436.95;50;1.14;1;1
8287;11436.95;50;1.14;1;1
8288;11290.32;50;1.14;1;1
8289;11583.58;50;1.13;1;1
8290;11534.70;50;1.16;1;1
8291;11485.83;50;1.15;1;1
8292;11339.20;50;1.15;1;1
8293;11632.45;50;1.13;1;1
8294;11485.83;50;1.16;1;1
8295;11583.58;50;1.15;1;1
8296;11192.57;50;1.16;1;1
8297;11632.45;50;1.12;1;1
8298;11436.95;50;1.16;1;1
8299;11436.95;50;1.14;1;1
8300;11192.57;50;1.14;1;1
8301;11632.45;50;1.12;1;1
8302;11290.32;50;1.16;1;1
8303;11730.21;50;1.13;1;1
8304;11290.32;50;1.17;1;1
8305;11779.08;50;1.13;1;1
8306;11143.70;50;1.18;1;1
8307;11485.83;50;1.11;1;1
8308;11241.45;50;1.15;1;1
8309;11534.70;50;1.12;1;1
8310;11290.32;50;1.15;1;1
8311;11534.70;50;1.13;1;1
8312;11143.70;50;1.15;1;1
8313;11485.83;50;1.11;1;1
8314;11143.70;50;1.15;1;1
8315;11583.58;50;1.11;1;1
8316;10997.07;50;1.16;1;1
8317;11339.20;50;1.10;1;1
8318;11045.94;50;1.13;1;1
8319;11388.07;50;1.10;1;1
8320;11143.70;50;1.14;1;1
8321;11388.07;50;1.11;1;1
8322;10997.07;50;1.14;1;1
8323;11436.95;50;1.10;1;1
8324;10948.19;50;1.14;1;1
8325;11388.07;50;1.09;1;1
8326;10801.56;50;1.14;1;1
8327;11436.95;50;1.08;1;1
8328;10997.07;50;1.14;1;1
8329;11388.07;50;1.10;1;1
8330;10997.07;50;1.14;1;1
8331;11290.32;50;1.10;1;1
8332;10850.44;50;1.13;1;1
8333;11436.95;50;1.09;1;1
8334;10948.19;50;1.14;1;1
8335;11388.07;50;1.09;1;1
8336;10948.19;50;1.14;1;1
8337;11485.83;50;1.09;1;1
8338;10850.44;50;1.15;1;1
8339;11436.95;50;1.09;1;1
8340;10948.19;50;1.14;1;1
8341;11583.58;50;1.09;1;1
8342;10899.32;50;1.16;1;1
8343;11534.70;50;1.09;1;1
8344;11045.94;50;1.15;1;1
8345;11485.83;50;1.10;1;1
8346;10948.19;50;1.15;1;1
8347;11485.83;50;1.09;1;1
8348;11094.82;50;1.15;1;1
8349;11534.70;50;1.11;1;1
8350;11094.82;50;1.15;1;1
8351;11876.83;50;1.11;1;1
8352;11192.57;50;1.19;1;1
8353;11925.71;50;1.12;1;1
8354;11192.57;50;1.19;1;1
8355;12121.21;50;1.12;1;1
8356;11094.82;50;1.21;1;1
8357;11730.21;50;1.11;1;1
8358;11094.82;50;1.17;1;1
8359;11730.21;50;1.11;1;1
8360;11192.57;50;1.17;1;1
8361;11632.45;50;1.12;1;1
8362;10997.07;50;1.16;1;1
8363;11534.70;50;1.10;1;1
8364;10899.32;50;1.15;1;1
8365;11681.33;50;1.09;1;1
8366;10948.19;50;1.17;1;1
8367;11632.45;50;1.09;1;1
8368;11192.57;50;1.16;1;1
8369;11436.95;50;1.12;1;1
8370;10948.19;50;1.14;1;1
8371;11632.45;50;1.09;1;1
8372;10850.44;50;1.16;1;1
8373;11583.58;50;1.09;1;1
8374;10850.44;50;1.16;1;1
8375;11485.83;50;1.09;1;1
8376;10948.19;50;1.15;1;1
8377;11632.45;50;1.09;1;1
8378;10850.44;50;1.16;1;1
8379;11534.70;50;1.09;1;1
8380;10997.07;50;1.15;1;1
8381;11485.83;50;1.10;1;1
8382;10948.19;50;1.15;1;1
8383;11583.58;50;1.09;1;1
8384;10948.19;50;1.16;1;1
8385;11534.70;50;1.09;1;1
8386;11094.82;50;1.15;1;1
8387;11583.58;50;1.11;1;1
8388;11143.70;50;1.16;1;1
8389;11485.83;50;1.11;1;1
8390;11192.57;50;1.15;1;1
8391;11779.08;50;1.12;1;1
8392;11388.07;50;1.18;1;1
8393;11681.33;50;1.14;1;1
8394;11632.45;50;1.17;1;1
8395;11876.83;50;1.16;1;1
8396;11534.70;50;1.19;1;1
8397;11681.33;50;1.15;1;1
8398;11534.70;50;1.17;1;1
8399;11730.21;50;1.15;1;1
8400;11632.45;50;1.17;1;1
8401;11876.83;50;1.16;1;1
8402;11681.33;50;1.19;1;1
8403;11388.07;50;1.17;1;1
8404;11485.83;50;1.14;1;1
8405;11339.20;50;1.15;1;1
8406;11290.32;50;1.13;1;1
8407;11339.20;50;1.13;1;1
8408;11388.07;50;1.13;1;1
8409;11485.83;50;1.14;1;1
8410;11388.07;50;1.15;1;1
8411;11388.07;50;1.14;1;1
8412;11339.20;50;1.14;1;1
8413;11436.95;50;1.13;1;1
8414;11388.07;50;1.14;1;1
8415;11290.32;50;1.14;1;1
8416;11241.45;50;1.13;1;1
8417;11534.70;50;1.12;1;1
8418;11290.32;50;1.15;1;1
8419;11436.95;50;1.13;1;1
8420;11290.32;50;1.14;1;1
8421;11485.83;50;1.13;1;1
8422;11388.07;50;1.15;1;1
8423;11388.07;50;1.14;1;1
8424;11388.07;50;1.14;1;1
8425;11290.32;50;1.14;1;1
8426;11485.83;50;1.13;1;1
8427;11290.32;50;1.15;1;1
8428;11388.07;50;1.13;1;1
8429;11339.20;50;1.14;1;1
8430;11388.07;50;1.13;1;1
8431;11339.20;50;1.14;1;1
8432;11485.83;50;1.13;1;1
8433;11388.07;50;1.15;1;1
8434;11730.21;50;1.14;1;1
8435;11241.45;50;1.17;1;1
8436;11534.70;50;1.12;1;1
8437;11436.95;50;1.15;1;1
8438;11779.08;50;1.14;1;1
8439;11094.82;50;1.18;1;1
8440;11779.08;50;1.11;1;1
8441;11339.20;50;1.18;1;1
8442;11681.33;50;1.13;1;1
8443;11290.32;50;1.17;1;1
8444;11681.33;50;1.13;1;1
8445;11436.95;50;1.17;1;1
8446;11583.58;50;1.14;1;1
8447;11241.45;50;1.16;1;1
8448;11485.83;50;1.12;1;1
8449;11290.32;50;1.15;1;1
8450;11583.58;50;1.13;1;1
8451;11241.45;50;1.16;1;1
8452;11583.58;50;1.12;1;1
8453;11290.32;50;1.16;1;1
8454;11730.21;50;1.13;1;1
8455;11290.32;50;1.17;1;1
8456;11534.70;50;1.13;1;1
8457;11290.32;50;1.15;1;1
8458;11632.45;50;1.13;1;1
8459;11143.70;50;1.16;1;1
8460;11681.33;50;1.11;1;1
8461;11241.45;50;1.17;1;1
8462;11730.21;50;1.12;1;1
8463;11192.57;50;1.17;1;1
8464;11779.08;50;1.12;1;1
8465;11143.70;50;1.18;1;1
8466;11583.58;50;1.11;1;1
8467;11143.70;50;1.16;1;1
8468;11485.83;50;1.11;1;1
8469;10948.19;50;1.15;1;1
8470;11534.70;50;1.09;1;1
8471;10899.32;50;1.15;1;1
8472;11436.95;50;1.09;1;1
8473;10752.69;50;1.14;1;1
8474;11436.95;50;1.08;1;1
8475;11045.94;50;1.14;1;1
8476;11534.70;50;1.10;1;1
8477;10899.32;50;1.15;1;1
8478;11339.20;50;1.09;1;1
8479;10801.56;50;1.13;1;1
8480;11436.95;50;1.08;1;1
8481;10948.19;50;1.14;1;1
8482;11485.83;50;1.09;1;1
8483;10752.69;50;1.15;1;1
8484;11436.95;50;1.08;1;1
8485;10801.56;50;1.14;1;1
8486;11290.32;50;1.08;1;1
8487;10948.19;50;1.13;1;1
8488;11485.83;50;1.09;1;1
8489;10948.19;50;1.15;1;1
8490;11485.83;50;1.09;1;1
8491;10899.32;50;1.15;1;1
8492;11388.07;50;1.09;1;1
8493;10752.69;50;1.14;1;1
8494;11534.70;50;1.08;1;1
8495;10850.44;50;1.15;1;1
8496;11290.32;50;1.09;1;1
8497;10850.44;50;1.13;1;1
8498;11583.58;50;1.09;1;1
8499;10850.44;50;1.16;1;1
8500;11632.45;50;1.09;1;1
8501;10801.56;50;1.16;1;1
8502;11485.83;50;1.08;1;1
8503;10899.32;50;1.15;1;1
8504;11827.96;50;1.09;1;1
8505;10899.32;50;1.18;1;1
8506;11485.83;50;1.09;1;1
8507;10850.44;50;1.15;1;1
8508;11632.45;50;1.09;1;1
8509;11045.94;50;1.16;1;1
8510;11632.45;50;1.10;1;1
8511;10948.19;50;1.16;1;1
8512;11779.08;50;1.09;1;1
8513;11094.82;50;1.18;1;1
8514;11534.70;50;1.11;1;1
8515;11045.94;50;1.15;1;1
8516;11681.33;50;1.10;1;1
8517;11143.70;50;1.17;1;1
8518;11632.45;50;1.11;1;1
8519;11094.82;50;1.16;1;1
8520;11779.08;50;1.11;1;1
8521;11045.94;50;1.18;1;1
8522;11632.45;50;1.10;1;1
8523;11094.82;50;1.16;1;1
8524;11876.83;50;1.11;1;1
8525;11094.82;50;1.19;1;1
8526;11681.33;50;1.11;1;1
8527;11094.82;50;1.17;1;1
8528;11632.45;50;1.11;1;1
8529;11094.82;50;1.16;1;1
8530;11583.58;50;1.11;1;1
8531;11045.94;50;1.16;1;1
8532;11681.33;50;1.10;1;1
8533;11094.82;50;1.17;1;1
8534;11583.58;50;1.11;1;1
8535;11045.94;50;1.16;1;1
8536;11388.07;50;1.10;1;1
8537;10899.32;50;1.14;1;1
8538;11436.95;50;1.09;1;1
8539;11094.82;50;1.14;1;1
8540;11436.95;50;1.11;1;1
8541;11192.57;50;1.14;1;1
8542;11436.95;50;1.12;1;1
8543;10850.44;50;1.14;1;1
8544;11241.45;50;1.09;1;1
8545;11143.70;50;1.12;1;1
8546;11485.83;50;1.11;1;1
8547;11045.94;50;1.15;1;1
8548;11290.32;50;1.10;1;1
8549;11192.57;50;1.13;1;1
8550;11290.32;50;1.12;1;1
8551;11143.70;50;1.13;1;1
8552;11241.45;50;1.11;1;1
8553;11094.82;50;1.12;1;1
8554;11192.57;50;1.11;1;1
8555;11192.57;50;1.12;1;1
8556;11045.94;50;1.12;1;1
8557;11290.32;50;1.10;1;1
8558;11290.32;50;1.13;1;1
8559;11241.45;50;1.13;1;1
8560;11143.70;50;1.12;1;1
8561;11339.20;50;1.11;1;1
8562;11094.82;50;1.13;1;1
8563;11436.95;50;1.11;1;1
8564;11339.20;50;1.14;1;1
8565;11436.95;50;1.13;1;1
8566;11045.94;50;1.14;1;1
8567;11388.07;50;1.10;1;1
8568;10850.44;50;1.14;1;1
8569;11192.57;50;1.09;1;1
8570;11094.82;50;1.12;1;1
8571;11436.95;50;1.11;1;1
8572;10997.07;50;1.14;1;1
8573;11241.45;50;1.10;1;1
8574;10948.19;50;1.12;1;1
8575;11290.32;50;1.09;1;1
8576;10899.32;50;1.13;1;1
8577;11339.20;50;1.09;1;1
8578;10899.32;50;1.13;1;1
8579;11339.20;50;1.09;1;1
8580;10997.07;50;1.13;1;1
8581;11241.45;50;1.10;1;1
8582;10997.07;50;1.12;1;1
8583;11388.07;50;1.10;1;1
8584;11045.94;50;1.14;1;1
8585;11339.20;50;1.10;1;1
8586;11045.94;50;1.13;1;1
8587;11485.83;50;1.10;1;1
8588;10850.44;50;1.15;1;1
8589;11485.83;50;1.09;1;1
8590;11045.94;50;1.15;1;1
8591;11241.45;50;1.10;1;1
8592;11045.94;50;1.12;1;1
8593;11290.32;50;1.10;1;1
8594;10997.07;50;1.13;1;1
8595;11339.20;50;1.10;1;1
8596;10899.32;50;1.13;1;1
8597;11485.83;50;1.09;1;1
8598;10997.07;50;1.15;1;1
8599;11485.83;50;1.10;1;1
8600;10801.56;50;1.15;1;1
8601;11388.07;50;1.08;1;1
8602;10948.19;50;1.14;1;1
8603;11583.58;50;1.09;1;1
8604;10948.19;50;1.16;1;1
8605;11436.95;50;1.09;1;1
8606;10948.19;50;1.14;1;1
8607;11485.83;50;1.09;1;1
8608;11143.70;50;1.15;1;1
8609;11534.70;50;1.11;1;1
8610;11045.94;50;1.15;1;1
8611;11583.58;50;1.10;1;1
8612;10948.19;50;1.16;1;1
8613;11632.45;50;1.09;1;1
8614;11045.94;50;1.16;1;1
8615;11681.33;50;1.10;1;1
8616;11045.94;50;1.17;1;1
8617;11388.07;50;1.10;1;1
8618;11094.82;50;1.14;1;1
8619;11583.58;50;1.11;1;1
8620;11045.94;50;1.16;1;1
8621;11534.70;50;1.10;1;1
8622;10997.07;50;1.15;1;1
8623;11632.45;50;1.10;1;1
8624;10997.07;50;1.16;1;1
8625;11583.58;50;1.10;1;1
8626;11094.82;50;1.16;1;1
8627;11632.45;50;1.11;1;1
8628;10899.32;50;1.16;1;1
8629;11779.08;50;1.09;1;1
8630;10948.19;50;1.18;1;1
8631;11632.45;50;1.09;1;1
8632;10997.07;50;1.16;1;1
8633;11632.45;50;1.10;1;1
8634;11143.70;50;1.16;1;1
8635;11681.33;50;1.11;1;1
8636;11143.70;50;1.17;1;1
8637;11632.45;50;1.11;1;1
8638;11045.94;50;1.16;1;1
8639;11681.33;50;1.10;1;1
8640;11045.94;50;1.17;1;1
8641;11681.33;50;1.10;1;1
8642;11045.94;50;1.17;1;1
8643;11730.21;50;1.10;1;1
8644;11094.82;50;1.17;1;1
8645;11583.58;50;1.11;1;1
8646;10997.07;50;1.16;1;1
8647;11876.83;50;1.10;1;1
8648;11290.32;50;1.19;1;1
8649;11632.45;50;1.13;1;1
8650;11143.70;50;1.16;1;1
8651;11827.96;50;1.11;1;1
8652;11192.57;50;1.18;1;1
8653;11876.83;50;1.12;1;1
8654;11192.57;50;1.19;1;1
8655;11632.45;50;1.12;1;1
8656;11339.20;50;1.16;1;1
8657;11779.08;50;1.13;1;1
8658;11192.57;50;1.18;1;1
8659;11534.70;50;1.12;1;1
8660;11192.57;50;1.15;1;1
8661;11779.08;50;1.12;1;1
8662;11241.45;50;1.18;1;1
8663;11681.33;50;1.12;1;1
8664;11094.82;50;1.17;1;1
8665;11681.33;50;1.11;1;1
8666;11094.82;50;1.17;1;1
8667;11583.58;50;1.11;1;1
8668;11045.94;50;1.16;1;1
8669;11632.45;50;1.10;1;1
8670;11045.94;50;1.16;1;1
8671;11534.70;50;1.10;1;1
8672;11143.70;50;1.15;1;1
8673;11388.07;50;1.11;1;1
8674;11045.94;50;1.14;1;1
8675;11534.70;50;1.10;1;1
8676;11094.82;50;1.15;1;1
8677;11583.58;50;1.11;1;1
8678;11241.45;50;1.16;1;1
8679;11339.20;50;1.12;1;1
8680;11143.70;50;1.13;1;1
8681;11534.70;50;1.11;1;1
8682;11192.57;50;1.15;1;1
8683;11192.57;50;1.12;1;1
8684;10948.19;50;1.12;1;1
8685;11436.95;50;1.09;1;1
8686;11143.70;50;1.14;1;1
8687;11339.20;50;1.11;1;1
8688;11241.45;50;1.13;1;1
8689;11241.45;50;1.12;1;1
8690;11192.57;50;1.12;1;1
8691;11339.20;50;1.12;1;1
8692;11241.45;50;1.13;1;1
8693;11192.57;50;1.12;1;1
8694;11143.70;50;1.12;1;1
8695;11388.07;50;1.11;1;1
8696;11192.57;50;1.14;1;1
8697;11241.45;50;1.12;1;1
8698;11192.57;50;1.12;1;1
8699;11241.45;50;1.12;1;1
8700;11388.07;50;1.12;1;1
8701;11241.45;50;1.14;1;1
8702;11192.57;50;1.12;1;1
8703;11143.70;50;1.12;1;1
8704;11094.82;50;1.11;1;1
8705;11290.32;50;1.11;1;1
8706;10997.07;50;1.13;1;1
8707;11143.70;50;1.10;1;1
8708;10948.19;50;1.11;1;1
8709;11388.07;50;1.09;1;1
8710;11339.20;50;1.14;1;1
8711;11241.45;50;1.13;1;1
8712;11192.57;50;1.12;1;1
8713;11290.32;50;1.12;1;1
8714;11045.94;50;1.13;1;1
8715;11045.94;50;1.10;1;1
8716;11290.32;50;1.10;1;1
8717;11241.45;50;1.13;1;1
8718;11094.82;50;1.12;1;1
8719;11241.45;50;1.11;1;1
8720;11192.57;50;1.12;1;1
8721;11143.70;50;1.12;1;1
8722;11388.07;50;1.11;1;1
8723;11339.20;50;1.14;1;1
8724;11436.95;50;1.13;1;1
8725;11241.45;50;1.14;1;1
8726;11436.95;50;1.12;1;1
8727;11241.45;50;1.14;1;1
8728;11436.95;50;1.12;1;1
8729;11192.57;50;1.14;1;1
8730;11290.32;50;1.12;1;1
8731;11143.70;50;1.13;1;1
8732;11485.83;50;1.11;1;1
8733;10997.07;50;1.15;1;1
8734;11388.07;50;1.10;1;1
8735;11143.70;50;1.14;1;1
8736;11339.20;50;1.11;1;1
8737;10948.19;50;1.13;1;1
8738;11436.95;50;1.09;1;1
8739;11192.57;50;1.14;1;1
8740;11583.58;50;1.12;1;1
8741;10997.07;50;1.16;1;1
8742;11632.45;50;1.10;1;1
8743;10997.07;50;1.16;1;1
8744;11534.70;50;1.10;1;1
8745;11143.70;50;1.15;1;1
8746;11632.45;50;1.11;1;1
8747;11192.57;50;1.16;1;1
8748;11583.58;50;1.12;1;1
8749;11045.94;50;1.16;1;1
8750;11290.32;50;1.10;1;1
8751;11241.45;50;1.13;1;1
8752;11779.08;50;1.12;1;1
8753;11192.57;50;1.18;1;1
8754;11632.45;50;1.12;1;1
8755;11241.45;50;1.16;1;1
8756;11827.96;50;1.12;1;1
8757;11143.70;50;1.18;1;1
8758;11681.33;50;1.11;1;1
8759;11388.07;50;1.17;1;1
8760;11681.33;50;1.14;1;1
8761;11143.70;50;1.17;1;1
8762;11583.58;50;1.11;1;1
8763;11192.57;50;1.16;1;1
8764;11827.96;50;1.12;1;1
8765;11143.70;50;1.18;1;1
8766;11827.96;50;1.11;1;1
8767;11192.57;50;1.18;1;1
8768;11827.96;50;1.12;1;1
8769;11045.94;50;1.18;1;1
8770;11925.71;50;1.10;1;1
8771;10948.19;50;1.19;1;1
8772;11779.08;50;1.09;1;1
8773;11192.57;50;1.18;1;1
8774;11730.21;50;1.12;1;1
8775;11192.57;50;1.17;1;1
8776;11779.08;50;1.12;1;1
8777;11143.70;50;1.18;1;1
8778;11730.21;50;1.11;1;1
8779;10997.07;50;1.17;1;1
8780;11485.83;50;1.10;1;1
8781;11045.94;50;1.15;1;1
8782;11827.96;50;1.10;1;1
8783;10850.44;50;1.18;1;1
8784;11925.71;50;1.09;1;1
8785;11241.45;50;1.19;1;1
8786;11779.08;50;1.12;1;1
8787;11045.94;50;1.18;1;1
8788;11339.20;50;1.10;1;1
8789;10703.81;50;1.13;1;1
8790;11290.32;50;1.07;1;1
8791;11241.45;50;1.13;1;1
8792;11730.21;50;1.12;1;1
8793;11192.57;50;1.17;1;1
8794;11730.21;50;1.12;1;1
8795;11094.82;50;1.17;1;1
8796;11681.33;50;1.11;1;1
8797;11094.82;50;1.17;1;1
8798;11583.58;50;1.11;1;1
8799;11143.70;50;1.16;1;1
8800;11681.33;50;1.11;1;1
8801;11045.94;50;1.17;1;1
8802;11681.33;50;1.10;1;1
8803;10850.44;50;1.17;1;1
8804;11583.58;50;1.09;1;1
8805;11045.94;50;1.16;1;1
8806;11632.45;50;1.10;1;1
8807;10899.32;50;1.16;1;1
8808;11583.58;50;1.09;1;1
8809;10948.19;50;1.16;1;1
8810;11583.58;50;1.09;1;1
8811;10899.32;50;1.16;1;1
8812;11583.58;50;1.09;1;1
8813;11045.94;50;1.16;1;1
8814;11583.58;50;1.10;1;1
8815;11192.57;50;1.16;1;1
8816;11583.58;50;1.12;1;1
8817;10899.32;50;1.16;1;1
8818;11632.45;50;1.09;1;1
8819;10948.19;50;1.16;1;1
8820;11583.58;50;1.09;1;1
8821;10948.19;50;1.16;1;1
8822;11583.58;50;1.09;1;1
8823;10997.07;50;1.16;1;1
8824;11534.70;50;1.10;1;1
8825;11143.70;50;1.15;1;1
8826;11485.83;50;1.11;1;1
8827;10899.32;50;1.15;1;1
8828;11583.58;50;1.09;1;1
8829;10899.32;50;1.16;1;1
8830;11632.45;50;1.09;1;1
8831;11094.82;50;1.16;1;1
8832;11290.32;50;1.11;1;1
8833;10899.32;50;1.13;1;1
8834;11388.07;50;1.09;1;1
8835;10997.07;50;1.14;1;1
8836;11436.95;50;1.10;1;1
8837;10997.07;50;1.14;1;1
8838;11436.95;50;1.10;1;1
8839;11045.94;50;1.14;1;1
8840;11534.70;50;1.10;1;1
8841;11143.70;50;1.15;1;1
8842;11436.95;50;1.11;1;1
8843;10997.07;50;1.14;1;1
8844;11388.07;50;1.10;1;1
8845;10948.19;50;1.14;1;1
8846;11436.95;50;1.09;1;1
8847;11192.57;50;1.14;1;1
8848;11485.83;50;1.12;1;1
8849;11192.57;50;1.15;1;1
8850;11339.20;50;1.12;1;1
8851;11241.45;50;1.13;1;1
8852;11339.20;50;1.12;1;1
8853;11241.45;50;1.13;1;1
8854;11094.82;50;1.12;1;1
8855;11339.20;50;1.11;1;1
8856;11339.20;50;1.13;1;1
8857;11290.32;50;1.13;1;1
8858;11241.45;50;1.13;1;1
8859;11192.57;50;1.12;1;1
8860;11241.45;50;1.12;1;1
8861;11388.07;50;1.12;1;1
8862;11241.45;50;1.14;1;1
8863;11534.70;50;1.12;1;1
8864;11094.82;50;1.15;1;1
8865;11485.83;50;1.11;1;1
8866;11192.57;50;1.15;1;1
8867;11534.70;50;1.12;1;1
8868;11192.57;50;1.15;1;1
8869;11632.45;50;1.12;1;1
8870;11045.94;50;1.16;1;1
8871;11436.95;50;1.10;1;1
8872;11143.70;50;1.14;1;1
8873;11485.83;50;1.11;1;1
8874;11094.82;50;1.15;1;1
8875;11436.95;50;1.11;1;1
8876;11143.70;50;1.14;1;1
8877;11583.58;50;1.11;1;1
8878;10997.07;50;1.16;1;1
8879;11534.70;50;1.10;1;1
8880;11094.82;50;1.15;1;1
8881;11583.58;50;1.11;1;1
8882;10899.32;50;1.16;1;1
8883;11388.07;50;1.09;1;1
8884;10948.19;50;1.14;1;1
8885;11681.33;50;1.09;1;1
8886;11143.70;50;1.17;1;1
8887;11534.70;50;1.11;1;1
8888;11094.82;50;1.15;1;1
8889;11681.33;50;1.11;1;1
8890;10899.32;50;1.17;1;1
8891;11534.70;50;1.09;1;1
8892;11094.82;50;1.15;1;1
8893;11485.83;50;1.11;1;1
8894;11143.70;50;1.15;1;1
8895;11779.08;50;1.11;1;1
8896;10899.32;50;1.18;1;1
8897;11583.58;50;1.09;1;1
8898;10997.07;50;1.16;1;1
8899;11583.58;50;1.10;1;1
8900;11045.94;50;1.16;1;1
8901;11779.08;50;1.10;1;1
8902;10997.07;50;1.18;1;1
8903;11485.83;50;1.10;1;1
8904;10948.19;50;1.15;1;1
8905;11632.45;50;1.09;1;1
8906;11143.70;50;1.16;1;1
8907;11681.33;50;1.11;1;1
8908;10948.19;50;1.17;1;1
8909;11632.45;50;1.09;1;1
8910;11094.82;50;1.16;1;1
8911;11779.08;50;1.11;1;1
8912;11192.57;50;1.18;1;1
8913;11485.83;50;1.12;1;1
8914;10997.07;50;1.15;1;1
8915;11534.70;50;1.10;1;1
8916;11143.70;50;1.15;1;1
8917;11632.45;50;1.11;1;1
8918;10948.19;50;1.16;1;1
8919;11681.33;50;1.09;1;1
8920;11045.94;50;1.17;1;1
8921;11779.08;50;1.10;1;1
8922;10899.32;50;1.18;1;1
8923;11485.83;50;1.09;1;1
8924;10997.07;50;1.15;1;1
8925;11730.21;50;1.10;1;1
8926;10899.32;50;1.17;1;1
8927;11632.45;50;1.09;1;1
8928;10948.19;50;1.16;1;1
8929;11730.21;50;1.09;1;1
8930;10948.19;50;1.17;1;1
8931;11583.58;50;1.09;1;1
8932;10850.44;50;1.16;1;1
8933;11583.58;50;1.09;1;1
8934;10997.07;50;1.16;1;1
8935;11583.58;50;1.10;1;1
8936;10997.07;50;1.16;1;1
8937;11730.21;50;1.10;1;1
8938;11192.57;50;1.17;1;1
8939;11632.45;50;1.12;1;1
8940;11241.45;50;1.16;1;1
8941;11681.33;50;1.12;1;1
8942;11143.70;50;1.17;1;1
8943;11681.33;50;1.11;1;1
8944;11045.94;50;1.17;1;1
8945;11681.33;50;1.10;1;1
8946;11094.82;50;1.17;1;1
8947;11632.45;50;1.11;1;1
8948;11045.94;50;1.16;1;1
8949;11534.70;50;1.10;1;1
8950;10948.19;50;1.15;1;1
8951;11534.70;50;1.09;1;1
8952;10899.32;50;1.15;1;1
8953;11632.45;50;1.09;1;1
8954;10997.07;50;1.16;1;1
8955;11779.08;50;1.10;1;1
8956;11143.70;50;1.18;1;1
8957;11681.33;50;1.11;1;1
8958;11045.94;50;1.17;1;1
8959;11681.33;50;1.10;1;1
8960;10752.69;50;1.17;1;1
8961;11388.07;50;1.08;1;1
8962;11192.57;50;1.14;1;1
8963;11485.83;50;1.12;1;1
8964;10801.56;50;1.15;1;1
8965;11534.70;50;1.08;1;1
8966;10801.56;50;1.15;1;1
8967;11534.70;50;1.08;1;1
8968;10997.07;50;1.15;1;1
8969;11681.33;50;1.10;1;1
8970;10948.19;50;1.17;1;1
8971;11681.33;50;1.09;1;1
8972;10948.19;50;1.17;1;1
8973;11827.96;50;1.09;1;1
8974;10997.07;50;1.18;1;1
8975;11681.33;50;1.10;1;1
8976;10850.44;50;1.17;1;1
8977;11827.96;50;1.09;1;1
8978;11143.70;50;1.18;1;1
8979;11583.58;50;1.11;1;1
8980;11045.94;50;1.16;1;1
8981;11730.21;50;1.10;1;1
8982;10997.07;50;1.17;1;1
8983;11632.45;50;1.10;1;1
8984;10948.19;50;1.16;1;1
8985;11681.33;50;1.09;1;1
8986;11045.94;50;1.17;1;1
8987;11485.83;50;1.10;1;1
8988;10948.19;50;1.15;1;1
8989;11583.58;50;1.09;1;1
8990;10948.19;50;1.16;1;1
8991;11681.33;50;1.09;1;1
8992;11045.94;50;1.17;1;1
8993;11827.96;50;1.10;1;1
8994;11045.94;50;1.18;1;1
8995;11925.71;50;1.10;1;1
8996;10948.19;50;1.19;1;1
8997;11730.21;50;1.09;1;1
8998;10997.07;50;1.17;1;1
8999;11632.45;50;1.10;1;1
9000;11045.94;50;1.16;1;1
9001;11632.45;50;1.10;1;1
9002;11045.94;50;1.16;1;1
9003;11583.58;50;1.10;1;1
9004;11143.70;50;1.16;1;1
9005;11681.33;50;1.11;1;1
9006;11094.82;50;1.17;1;1
9007;11681.33;50;1.11;1;1
9008;11143.70;50;1.17;1;1
9009;11730.21;50;1.11;1;1
9010;11339.20;50;1.17;1;1
9011;11730.21;50;1.13;1;1
9012;11241.45;50;1.17;1;1
9013;11730.21;50;1.12;1;1
9014;11290.32;50;1.17;1;1
9015;11632.45;50;1.13;1;1
9016;11290.32;50;1.16;1;1
9017;11583.58;50;1.13;1;1
9018;11241.45;50;1.16;1;1
9019;11485.83;50;1.12;1;1
9020;11192.57;50;1.15;1;1
9021;11681.33;50;1.12;1;1
9022;11339.20;50;1.17;1;1
9023;11730.21;50;1.13;1;1
9024;11388.07;50;1.17;1;1
9025;11730.21;50;1.14;1;1
9026;11143.70;50;1.17;1;1
9027;11534.70;50;1.11;1;1
9028;11143.70;50;1.15;1;1
9029;11388.07;50;1.11;1;1
9030;11388.07;50;1.14;1;1
9031;11485.83;50;1.14;1;1
9032;11241.45;50;1.15;1;1
9033;11388.07;50;1.12;1;1
9034;11241.45;50;1.14;1;1
9035;11485.83;50;1.12;1;1
9036;11045.94;50;1.15;1;1
9037;11388.07;50;1.10;1;1
9038;11436.95;50;1.14;1;1
9039;11290.32;50;1.14;1;1
9040;11681.33;50;1.13;1;1
9041;11388.07;50;1.17;1;1
9042;11681.33;50;1.14;1;1
9043;11339.20;50;1.17;1;1
9044;11485.83;50;1.13;1;1
9045;11290.32;50;1.15;1;1
9046;11534.70;50;1.13;1;1
9047;11388.07;50;1.15;1;1
9048;11632.45;50;1.14;1;1
9049;11290.32;50;1.16;1;1
9050;11681.33;50;1.13;1;1
9051;11290.32;50;1.17;1;1
9052;11681.33;50;1.13;1;1
9053;11143.70;50;1.17;1;1
9054;11485.83;50;1.11;1;1
9055;11045.94;50;1.15;1;1
9056;11436.95;50;1.10;1;1
9057;11094.82;50;1.14;1;1
9058;11436.95;50;1.11;1;1
9059;10948.19;50;1.14;1;1
9060;11583.58;50;1.09;1;1
9061;11045.94;50;1.16;1;1
9062;11583.58;50;1.10;1;1
9063;10997.07;50;1.16;1;1
9064;11583.58;50;1.10;1;1
9065;11143.70;50;1.16;1;1
9066;11632.45;50;1.11;1;1
9067;11094.82;50;1.16;1;1
9068;11730.21;50;1.11;1;1
9069;11339.20;50;1.17;1;1
9070;11583.58;50;1.13;1;1
9071;11094.82;50;1.16;1;1
9072;11583.58;50;1.11;1;1
9073;10948.19;50;1.16;1;1
9074;11534.70;50;1.09;1;1
9075;11192.57;50;1.15;1;1
9076;11827.96;50;1.12;1;1
9077;11094.82;50;1.18;1;1
9078;11632.45;50;1.11;1;1
9079;11143.70;50;1.16;1;1
9080;11779.08;50;1.11;1;1
9081;11241.45;50;1.18;1;1
9082;11779.08;50;1.12;1;1
9083;11192.57;50;1.18;1;1
9084;11730.21;50;1.12;1;1
9085;11143.70;50;1.17;1;1
9086;11583.58;50;1.11;1;1
9087;10997.07;50;1.16;1;1
9088;11339.20;50;1.10;1;1
9089;10948.19;50;1.13;1;1
9090;11730.21;50;1.09;1;1
9091;11094.82;50;1.17;1;1
9092;11583.58;50;1.11;1;1
9093;11045.94;50;1.16;1;1
9094;11534.70;50;1.10;1;1
9095;10997.07;50;1.15;1;1
9096;11583.58;50;1.10;1;1
9097;11143.70;50;1.16;1;1
9098;11583.58;50;1.11;1;1
9099;11143.70;50;1.16;1;1
9100;11681.33;50;1.11;1;1
9101;11045.94;50;1.17;1;1
9102;11534.70;50;1.10;1;1
9103;11045.94;50;1.15;1;1
9104;11632.45;50;1.10;1;1
9105;11339.20;50;1.16;1;1
9106;11827.96;50;1.13;1;1
9107;11241.45;50;1.18;1;1
9108;11583.58;50;1.12;1;1
9109;10899.32;50;1.16;1;1
9110;11485.83;50;1.09;1;1
9111;10997.07;50;1.15;1;1
9112;11583.58;50;1.10;1;1
9113;11045.94;50;1.16;1;1
9114;11632.45;50;1.10;1;1
9115;10948.19;50;1.16;1;1
9116;11583.58;50;1.09;1;1
9117;10997.07;50;1.16;1;1
9118;11681.33;50;1.10;1;1
9119;10899.32;50;1.17;1;1
9120;11485.83;50;1.09;1;1
9121;11143.70;50;1.15;1;1
9122;11583.58;50;1.11;1;1
9123;10997.07;50;1.16;1;1
9124;11632.45;50;1.10;1;1
9125;10899.32;50;1.16;1;1
9126;11583.58;50;1.09;1;1
9127;10997.07;50;1.16;1;1
9128;11534.70;50;1.10;1;1
9129;11094.82;50;1.15;1;1
9130;11583.58;50;1.11;1;1
9131;10997.07;50;1.16;1;1
9132;11779.08;50;1.10;1;1
9133;11241.45;50;1.18;1;1
9134;11827.96;50;1.12;1;1
9135;11241.45;50;1.18;1;1
9136;11827.96;50;1.12;1;1
9137;11290.32;50;1.18;1;1
9138;11681.33;50;1.13;1;1
9139;11192.57;50;1.17;1;1
9140;11681.33;50;1.12;1;1
9141;10997.07;50;1.17;1;1
9142;11730.21;50;1.10;1;1
9143;11143.70;50;1.17;1;1
9144;11583.58;50;1.11;1;1
9145;11045.94;50;1.16;1;1
9146;11730.21;50;1.10;1;1
9147;11045.94;50;1.17;1;1
9148;11779.08;50;1.10;1;1
9149;11241.45;50;1.18;1;1
9150;11779.08;50;1.12;1;1
9151;11241.45;50;1.18;1;1
9152;11779.08;50;1.12;1;1
9153;11143.70;50;1.18;1;1
9154;11876.83;50;1.11;1;1
9155;11192.57;50;1.19;1;1
9156;11925.71;50;1.12;1;1
9157;11192.57;50;1.19;1;1
9158;11779.08;50;1.12;1;1
9159;11290.32;50;1.18;1;1
9160;11632.45;50;1.13;1;1
9161;10997.07;50;1.16;1;1
9162;11681.33;50;1.10;1;1
9163;11143.70;50;1.17;1;1
9164;11681.33;50;1.11;1;1
9165;11094.82;50;1.17;1;1
9166;11681.33;50;1.11;1;1
9167;11388.07;50;1.17;1;1
9168;11534.70;50;1.14;1;1
9169;11094.82;50;1.15;1;1
9170;11485.83;50;1.11;1;1
9171;10948.19;50;1.15;1;1
9172;11583.58;50;1.09;1;1
9173;10948.19;50;1.16;1;1
9174;11290.32;50;1.09;1;1
9175;10948.19;50;1.13;1;1
9176;11583.58;50;1.09;1;1
9177;11094.82;50;1.16;1;1
9178;11583.58;50;1.11;1;1
9179;10899.32;50;1.16;1;1
9180;11485.83;50;1.09;1;1
9181;10997.07;50;1.15;1;1
9182;11583.58;50;1.10;1;1
9183;11094.82;50;1.16;1;1
9184;11388.07;50;1.11;1;1
9185;10997.07;50;1.14;1;1
9186;11339.20;50;1.10;1;1
9187;11045.94;50;1.13;1;1
9188;11436.95;50;1.10;1;1
9189;10997.07;50;1.14;1;1
9190;11436.95;50;1.10;1;1
9191;10899.32;50;1.14;1;1
9192;11583.58;50;1.09;1;1
9193;11045.94;50;1.16;1;1
9194;11388.07;50;1.10;1;1
9195;11045.94;50;1.14;1;1
9196;11339.20;50;1.10;1;1
9197;10997.07;50;1.13;1;1
9198;11290.32;50;1.10;1;1
9199;11192.57;50;1.13;1;1
9200;11290.32;50;1.12;1;1
9201;11339.20;50;1.13;1;1
9202;11534.70;50;1.13;1;1
9203;11192.57;50;1.15;1;1
9204;11436.95;50;1.12;1;1
9205;11241.45;50;1.14;1;1
9206;11485.83;50;1.12;1;1
9207;11192.57;50;1.15;1;1
9208;11388.07;50;1.12;1;1
9209;11192.57;50;1.14;1;1
9210;11632.45;50;1.12;1;1
9211;11094.82;50;1.16;1;1
9212;11436.95;50;1.11;1;1
9213;11094.82;50;1.14;1;1
9214;11436.95;50;1.11;1;1
9215;11045.94;50;1.14;1;1
9216;11436.95;50;1.10;1;1
9217;11094.82;50;1.14;1;1
9218;11485.83;50;1.11;1;1
9219;11094.82;50;1.15;1;1
9220;11681.33;50;1.11;1;1
9221;11339.20;50;1.17;1;1
9222;11730.21;50;1.13;1;1
9223;11241.45;50;1.17;1;1
9224;11583.58;50;1.12;1;1
9225;11192.57;50;1.16;1;1
9226;11388.07;50;1.12;1;1
9227;11290.32;50;1.14;1;1
9228;11534.70;50;1.13;1;1
9229;11339.20;50;1.15;1;1
9230;11583.58;50;1.13;1;1
9231;11290.32;50;1.16;1;1
9232;11583.58;50;1.13;1;1
9233;11290.32;50;1.16;1;1
9234;11388.07;50;1.13;1;1
9235;11436.95;50;1.14;1;1
9236;11436.95;50;1.14;1;1
9237;11583.58;50;1.14;1;1
9238;11436.95;50;1.16;1;1
9239;11681.33;50;1.14;1;1
9240;11583.58;50;1.17;1;1
9241;11730.21;50;1.16;1;1
9242;11534.70;50;1.17;1;1
9243;11583.58;50;1.15;1;1
9244;11436.95;50;1.16;1;1
9245;11681.33;50;1.14;1;1
9246;11388.07;50;1.17;1;1
9247;11827.96;50;1.14;1;1
9248;11339.20;50;1.18;1;1
9249;11632.45;50;1.13;1;1
9250;11192.57;50;1.16;1;1
9251;11534.70;50;1.12;1;1
9252;11339.20;50;1.15;1;1
9253;11681.33;50;1.13;1;1
9254;11241.45;50;1.17;1;1
9255;11681.33;50;1.12;1;1
9256;11290.32;50;1.17;1;1
9257;11779.08;50;1.13;1;1
9258;11339.20;50;1.18;1;1
9259;11730.21;50;1.13;1;1
9260;11339.20;50;1.17;1;1
9261;11730.21;50;1.13;1;1
9262;11388.07;50;1.17;1;1
9263;11681.33;50;1.14;1;1
9264;11534.70;50;1.17;1;1
9265;11876.83;50;1.15;1;1
9266;11485.83;50;1.19;1;1
9267;12072.34;50;1.15;1;1
9268;11436.95;50;1.21;1;1
9269;11730.21;50;1.14;1;1
9270;11436.95;50;1.17;1;1
9271;12170.09;50;1.14;1;1
9272;11436.95;50;1.22;1;1
9273;11925.71;50;1.14;1;1
9274;11388.07;50;1.19;1;1
9275;11827.96;50;1.14;1;1
9276;11388.07;50;1.18;1;1
9277;11876.83;50;1.14;1;1
9278;11388.07;50;1.19;1;1
9279;11827.96;50;1.14;1;1
9280;11143.70;50;1.18;1;1
9281;11730.21;50;1.11;1;1
9282;11094.82;50;1.17;1;1
9283;11925.71;50;1.11;1;1
9284;11143.70;50;1.19;1;1
9285;11827.96;50;1.11;1;1
9286;11241.45;50;1.18;1;1
9287;11827.96;50;1.12;1;1
9288;11094.82;50;1.18;1;1
9289;11779.08;50;1.11;1;1
9290;11339.20;50;1.18;1;1
9291;11779.08;50;1.13;1;1
9292;11143.70;50;1.18;1;1
9293;11925.71;50;1.11;1;1
9294;11290.32;50;1.19;1;1
9295;11827.96;50;1.13;1;1
9296;11192.57;50;1.18;1;1
9297;11827.96;50;1.12;1;1
9298;10899.32;50;1.18;1;1
9299;11730.21;50;1.09;1;1
9300;10997.07;50;1.17;1;1
9301;11632.45;50;1.10;1;1
9302;10899.32;50;1.16;1;1
9303;11632.45;50;1.09;1;1
9304;10997.07;50;1.16;1;1
9305;11534.70;50;1.10;1;1
9306;11143.70;50;1.15;1;1
9307;11730.21;50;1.11;1;1
9308;11241.45;50;1.17;1;1
9309;11681.33;50;1.12;1;1
9310;10997.07;50;1.17;1;1
9311;11681.33;50;1.10;1;1
9312;11143.70;50;1.17;1;1
9313;11485.83;50;1.11;1;1
9314;11094.82;50;1.15;1;1
9315;11730.21;50;1.11;1;1
9316;11192.57;50;1.17;1;1
9317;11681.33;50;1.12;1;1
9318;10997.07;50;1.17;1;1
9319;11534.70;50;1.10;1;1
9320;10997.07;50;1.15;1;1
9321;11632.45;50;1.10;1;1
9322;10948.19;50;1.16;1;1
9323;11632.45;50;1.09;1;1
9324;10948.19;50;1.16;1;1
9325;11583.58;50;1.09;1;1
9326;11094.82;50;1.16;1;1
9327;11534.70;50;1.11;1;1
9328;10899.32;50;1.15;1;1
9329;11583.58;50;1.09;1;1
9330;10948.19;50;1.16;1;1
9331;11730.21;50;1.09;1;1
9332;10997.07;50;1.17;1;1
9333;11681.33;50;1.10;1;1
9334;11241.45;50;1.17;1;1
9335;11876.83;50;1.12;1;1
9336;11192.57;50;1.19;1;1
9337;11730.21;50;1.12;1;1
9338;11143.70;50;1.17;1;1
9339;11779.08;50;1.11;1;1
9340;11388.07;50;1.18;1;1
9341;12170.09;50;1.14;1;1
9342;11534.70;50;1.22;1;1
9343;12218.96;50;1.15;1;1
9344;11485.83;50;1.22;1;1
9345;12218.96;50;1.15;1;1
9346;11534.70;50;1.22;1;1
9347;11925.71;50;1.15;1;1
9348;11339.20;50;1.19;1;1
9349;12267.84;50;1.13;1;1
9350;11485.83;50;1.23;1;1
9351;12121.21;50;1.15;1;1
9352;11534.70;50;1.21;1;1
9353;12121.21;50;1.15;1;1
9354;11339.20;50;1.21;1;1
9355;12218.96;50;1.13;1;1
9356;11388.07;50;1.22;1;1
9357;12072.34;50;1.14;1;1
9358;11534.70;50;1.21;1;1
9359;12170.09;50;1.15;1;1
9360;11485.83;50;1.22;1;1
9361;12267.84;50;1.15;1;1
9362;11485.83;50;1.23;1;1
9363;12072.34;50;1.15;1;1
9364;11534.70;50;1.21;1;1
9365;12072.34;50;1.15;1;1
9366;11388.07;50;1.21;1;1
9367;12121.21;50;1.14;1;1
9368;11485.83;50;1.21;1;1
9369;12072.34;50;1.15;1;1
9370;11388.07;50;1.21;1;1
9371;12023.46;50;1.14;1;1
9372;11388.07;50;1.20;1;1
9373;11925.71;50;1.14;1;1
9374;11681.33;50;1.19;1;1
9375;11925.71;50;1.17;1;1
9376;11632.45;50;1.19;1;1
9377;12023.46;50;1.16;1;1
9378;11534.70;50;1.20;1;1
9379;11974.58;50;1.15;1;1
9380;11583.58;50;1.20;1;1
9381;12072.34;50;1.16;1;1
9382;11339.20;50;1.21;1;1
9383;11974.58;50;1.13;1;1
9384;11534.70;50;1.20;1;1
9385;12023.46;50;1.15;1;1
9386;11534.70;50;1.20;1;1
9387;11974.58;50;1.15;1;1
9388;11436.95;50;1.20;1;1
9389;11876.83;50;1.14;1;1
9390;11534.70;50;1.19;1;1
9391;11876.83;50;1.15;1;1
9392;11534.70;50;1.19;1;1
9393;11974.58;50;1.15;1;1
9394;11436.95;50;1.20;1;1
9395;11974.58;50;1.14;1;1
9396;11436.95;50;1.20;1;1
9397;12072.34;50;1.14;1;1
9398;11388.07;50;1.21;1;1
9399;11925.71;50;1.14;1;1
9400;11534.70;50;1.19;1;1
9401;11974.58;50;1.15;1;1
9402;11388.07;50;1.20;1;1
9403;11925.71;50;1.14;1;1
9404;11290.32;50;1.19;1;1
9405;11925.71;50;1.13;1;1
9406;11436.95;50;1.19;1;1
9407;11827.96;50;1.14;1;1
9408;11290.32;50;1.18;1;1
9409;11925.71;50;1.13;1;1
9410;11290.32;50;1.19;1;1
9411;12023.46;50;1.13;1;1
9412;11436.95;50;1.20;1;1
9413;11925.71;50;1.14;1;1
9414;11485.83;50;1.19;1;1
9415;11974.58;50;1.15;1;1
9416;11388.07;50;1.20;1;1
9417;11779.08;50;1.14;1;1
9418;11388.07;50;1.18;1;1
9419;11876.83;50;1.14;1;1
9420;11534.70;50;1.19;1;1
9421;11730.21;50;1.15;1;1
9422;11388.07;50;1.17;1;1
9423;11827.96;50;1.14;1;1
9424;11436.95;50;1.18;1;1
9425;11876.83;50;1.14;1;1
9426;11583.58;50;1.19;1;1
9427;11730.21;50;1.16;1;1
9428;11485.83;50;1.17;1;1
9429;11779.08;50;1.15;1;1
9430;11485.83;50;1.18;1;1
9431;11779.08;50;1.15;1;1
9432;11339.20;50;1.18;1;1
9433;11827.96;50;1.13;1;1
9434;11436.95;50;1.18;1;1
9435;12023.46;50;1.14;1;1
9436;11681.33;50;1.20;1;1
9437;11827.96;50;1.17;1;1
9438;11583.58;50;1.18;1;1
9439;11974.58;50;1.16;1;1
9440;11632.45;50;1.20;1;1
9441;12023.46;50;1.16;1;1
9442;11583.58;50;1.20;1;1
9443;11827.96;50;1.16;1;1
9444;11632.45;50;1.18;1;1
9445;11925.71;50;1.16;1;1
9446;11681.33;50;1.19;1;1
9447;11974.58;50;1.17;1;1
9448;11681.33;50;1.20;1;1
9449;11827.96;50;1.17;1;1
9450;11583.58;50;1.18;1;1
9451;11730.21;50;1.16;1;1
9452;11632.45;50;1.17;1;1
9453;11583.58;50;1.16;1;1
9454;11681.33;50;1.16;1;1
9455;11779.08;50;1.17;1;1
9456;12023.46;50;1.18;1;1
9457;11876.83;50;1.20;1;1
9458;11779.08;50;1.19;1;1
9459;11925.71;50;1.18;1;1
9460;11681.33;50;1.19;1;1
9461;11827.96;50;1.17;1;1
9462;11876.83;50;1.18;1;1
9463;12023.46;50;1.19;1;1
9464;11632.45;50;1.20;1;1
9465;11681.33;50;1.16;1;1
9466;11827.96;50;1.17;1;1
9467;11779.08;50;1.18;1;1
9468;11779.08;50;1.18;1;1
9469;11730.21;50;1.18;1;1
9470;11827.96;50;1.17;1;1
9471;11583.58;50;1.18;1;1
9472;11925.71;50;1.16;1;1
9473;11730.21;50;1.19;1;1
9474;12121.21;50;1.17;1;1
9475;11632.45;50;1.21;1;1
9476;12072.34;50;1.16;1;1
9477;11925.71;50;1.21;1;1
9478;12170.09;50;1.19;1;1
9479;11730.21;50;1.22;1;1
9480;12072.34;50;1.17;1;1
9481;11779.08;50;1.21;1;1
9482;11974.58;50;1.18;1;1
9483;11925.71;50;1.20;1;1
9484;12023.46;50;1.19;1;1
9485;11583.58;50;1.20;1;1
9486;11730.21;50;1.16;1;1
9487;11485.83;50;1.17;1;1
9488;11583.58;50;1.15;1;1
9489;11534.70;50;1.16;1;1
9490;11779.08;50;1.15;1;1
9491;11583.58;50;1.18;1;1
9492;11827.96;50;1.16;1;1
9493;11583.58;50;1.18;1;1
9494;11827.96;50;1.16;1;1
9495;11388.07;50;1.18;1;1
9496;11876.83;50;1.14;1;1
9497;11436.95;50;1.19;1;1
9498;11876.83;50;1.14;1;1
9499;11485.83;50;1.19;1;1
9500;11876.83;50;1.15;1;1
9501;11485.83;50;1.19;1;1
9502;12072.34;50;1.15;1;1
9503;11388.07;50;1.21;1;1
9504;11779.08;50;1.14;1;1
9505;11534.70;50;1.18;1;1
9506;11925.71;50;1.15;1;1
9507;11241.45;50;1.19;1;1
9508;11827.96;50;1.12;1;1
9509;11632.45;50;1.18;1;1
9510;11876.83;50;1.16;1;1
9511;11730.21;50;1.19;1;1
9512;11632.45;50;1.17;1;1
9513;11339.20;50;1.16;1;1
9514;11730.21;50;1.13;1;1
9515;11485.83;50;1.17;1;1
9516;11730.21;50;1.15;1;1
9517;11534.70;50;1.17;1;1
9518;11779.08;50;1.15;1;1
9519;11779.08;50;1.18;1;1
9520;11925.71;50;1.18;1;1
9521;11779.08;50;1.19;1;1
9522;11974.58;50;1.18;1;1
9523;11534.70;50;1.20;1;1
9524;11827.96;50;1.15;1;1
9525;11583.58;50;1.18;1;1
9526;11925.71;50;1.16;1;1
9527;11583.58;50;1.19;1;1
9528;11876.83;50;1.16;1;1
9529;11436.95;50;1.19;1;1
9530;11730.21;50;1.14;1;1
9531;11339.20;50;1.17;1;1
9532;11925.71;50;1.13;1;1
9533;11632.45;50;1.19;1;1
9534;12170.09;50;1.16;1;1
9535;11583.58;50;1.22;1;1
9536;11974.58;50;1.16;1;1
9537;11583.58;50;1.20;1;1
9538;12170.09;50;1.16;1;1
9539;11534.70;50;1.22;1;1
9540;11974.58;50;1.15;1;1
9541;11681.33;50;1.20;1;1
9542;11974.58;50;1.17;1;1
9543;11632.45;50;1.20;1;1
9544;12072.34;50;1.16;1;1
9545;11632.45;50;1.21;1;1
9546;12072.34;50;1.16;1;1
9547;11583.58;50;1.21;1;1
9548;12121.21;50;1.16;1;1
9549;11730.21;50;1.21;1;1
9550;12218.96;50;1.17;1;1
9551;11681.33;50;1.22;1;1
9552;12218.96;50;1.17;1;1
9553;11779.08;50;1.22;1;1
9554;12170.09;50;1.18;1;1
9555;11779.08;50;1.22;1;1
9556;12316.71;50;1.18;1;1
9557;11730.21;50;1.23;1;1
9558;12170.09;50;1.17;1;1
9559;11779.08;50;1.22;1;1
9560;12218.96;50;1.18;1;1
9561;11632.45;50;1.22;1;1
9562;12365.59;50;1.16;1;1
9563;11632.45;50;1.24;1;1
9564;12218.96;50;1.16;1;1
9565;11632.45;50;1.22;1;1
9566;12365.59;50;1.16;1;1
9567;11876.83;50;1.24;1;1
9568;12365.59;50;1.19;1;1
9569;11779.08;50;1.24;1;1
9570;12609.97;50;1.18;1;1
9571;11876.83;50;1.26;1;1
9572;12365.59;50;1.19;1;1
9573;11925.71;50;1.24;1;1
9574;12463.34;50;1.19;1;1
9575;11974.58;50;1.25;1;1
9576;12609.97;50;1.20;1;1
9577;12023.46;50;1.26;1;1
9578;12756.60;50;1.20;1;1
9579;12072.34;50;1.28;1;1
9580;12658.85;50;1.21;1;1
9581;11925.71;50;1.27;1;1
9582;12561.09;50;1.19;1;1
9583;12121.21;50;1.26;1;1
9584;12658.85;50;1.21;1;1
9585;12218.96;50;1.27;1;1
9586;12903.23;50;1.22;1;1
9587;12267.84;50;1.29;1;1
9588;12805.47;50;1.23;1;1
9589;12121.21;50;1.28;1;1
9590;12903.23;50;1.21;1;1
9591;12365.59;50;1.29;1;1
9592;12903.23;50;1.24;1;1
9593;12365.59;50;1.29;1;1
9594;13049.85;50;1.24;1;1
9595;12218.96;50;1.30;1;1
9596;13049.85;50;1.22;1;1
9597;12414.47;50;1.30;1;1
9598;13098.73;50;1.24;1;1
9599;12463.34;50;1.31;1;1
9600;13245.36;50;1.25;1;1
9601;12561.09;50;1.32;1;1
9602;13147.60;50;1.26;1;1
9603;12512.22;50;1.31;1;1
9604;13196.48;50;1.25;1;1
9605;12463.34;50;1.32;1;1
9606;13391.98;50;1.25;1;1
9607;12609.97;50;1.34;1;1
9608;13294.23;50;1.26;1;1
9609;12561.09;50;1.33;1;1
9610;13343.11;50;1.26;1;1
9611;12609.97;50;1.33;1;1
9612;13391.98;50;1.26;1;1
9613;12756.60;50;1.34;1;1
9614;13440.86;50;1.28;1;1
9615;12805.47;50;1.34;1;1
9616;13440.86;50;1.28;1;1
9617;12854.35;50;1.34;1;1
9618;13538.61;50;1.29;1;1
9619;12952.10;50;1.35;1;1
9620;13489.74;50;1.30;1;1
9621;12903.23;50;1.35;1;1
9622;13587.49;50;1.29;1;1
9623;13000.98;50;1.36;1;1
9624;13587.49;50;1.30;1;1
9625;13000.98;50;1.36;1;1
9626;13587.49;50;1.30;1;1
9627;13245.36;50;1.36;1;1
9628;13782.99;50;1.32;1;1
9629;13196.48;50;1.38;1;1
9630;13782.99;50;1.32;1;1
9631;13196.48;50;1.38;1;1
9632;13880.74;50;1.32;1;1
9633;13294.23;50;1.39;1;1
9634;14027.37;50;1.33;1;1
9635;13196.48;50;1.40;1;1
9636;13929.62;50;1.32;1;1
9637;13098.73;50;1.39;1;1
9638;13782.99;50;1.31;1;1
9639;13391.98;50;1.38;1;1
9640;13978.49;50;1.34;1;1
9641;13343.11;50;1.40;1;1
9642;14076.25;50;1.33;1;1
9643;13440.86;50;1.41;1;1
9644;14076.25;50;1.34;1;1
9645;13391.98;50;1.41;1;1
9646;14076.25;50;1.34;1;1
9647;13587.49;50;1.41;1;1
9648;14125.12;50;1.36;1;1
9649;13636.36;50;1.41;1;1
9650;14369.50;50;1.36;1;1
9651;13734.12;50;1.44;1;1
9652;14320.63;50;1.37;1;1
9653;13734.12;50;1.43;1;1
9654;14369.50;50;1.37;1;1
9655;13831.87;50;1.44;1;1
9656;14369.50;50;1.38;1;1
9657;14027.37;50;1.44;1;1
9658;14516.13;50;1.40;1;1
9659;14027.37;50;1.45;1;1
9660;14662.76;50;1.40;1;1
9661;14125.12;50;1.47;1;1
9662;14565.00;50;1.41;1;1
9663;14174.00;50;1.46;1;1
9664;14760.51;50;1.42;1;1
9665;14271.75;50;1.48;1;1
9666;14662.76;50;1.43;1;1
9667;14467.25;50;1.47;1;1
9668;14907.14;50;1.45;1;1
9669;14565.00;50;1.49;1;1
9670;14760.51;50;1.46;1;1
9671;14613.88;50;1.48;1;1
9672;15004.89;50;1.46;1;1
9673;14613.88;50;1.50;1;1
9674;14956.01;50;1.46;1;1
9675;14760.51;50;1.50;1;1
9676;15004.89;50;1.48;1;1
9677;14565.00;50;1.50;1;1
9678;14809.38;50;1.46;1;1
9679;14711.63;50;1.48;1;1
9680;14858.26;50;1.47;1;1
9681;14809.38;50;1.49;1;1
9682;15053.76;50;1.48;1;1
9683;14858.26;50;1.51;1;1
9684;15200.39;50;1.49;1;1
9685;15151.51;50;1.52;1;1
9686;15347.02;50;1.52;1;1
9687;15298.14;50;1.53;1;1
9688;15347.02;50;1.53;1;1
9689;15640.27;50;1.53;1;1
9690;15542.52;50;1.56;1;1
9691;15493.65;50;1.55;1;1
9692;15640.27;50;1.55;1;1
9693;15786.90;50;1.56;1;1
9694;15786.90;50;1.58;1;1
9695;15835.78;50;1.58;1;1
9696;15689.15;50;1.58;1;1
9697;15738.03;50;1.57;1;1
9698;15786.90;50;1.57;1;1
9699;16080.16;50;1.58;1;1
9700;15835.78;50;1.61;1;1
9701;16080.16;50;1.58;1;1
9702;16129.03;50;1.61;1;1
9703;16324.54;50;1.61;1;1
9704;16275.66;50;1.63;1;1
9705;16373.41;50;1.63;1;1
9706;16275.66;50;1.64;1;1
9707;16226.78;50;1.63;1;1
9708;16422.29;50;1.62;1;1
9709;16471.16;50;1.64;1;1
9710;16471.16;50;1.65;1;1
9711;16715.54;50;1.65;1;1
9712;16275.66;50;1.67;1;1
9713;16617.79;50;1.63;1;1
9714;16422.29;50;1.66;1;1
9715;16862.17;50;1.64;1;1
9716;16666.67;50;1.69;1;1
9717;16959.92;50;1.67;1;1
9718;16666.67;50;1.70;1;1
9719;16959.92;50;1.67;1;1
9720;16715.54;50;1.70;1;1
9721;17057.67;50;1.67;1;1
9722;16813.29;50;1.71;1;1
9723;17008.80;50;1.68;1;1
9724;16959.92;50;1.70;1;1
9725;17204.30;50;1.70;1;1
9726;17057.67;50;1.72;1;1
9727;17350.93;50;1.71;1;1
9728;17008.80;50;1.74;1;1
9729;17497.56;50;1.70;1;1
9730;17253.18;50;1.75;1;1
9731;17448.68;50;1.73;1;1
9732;17253.18;50;1.74;1;1
9733;17595.31;50;1.73;1;1
9734;17350.93;50;1.76;1;1
9735;17693.06;50;1.74;1;1
9736;17448.68;50;1.77;1;1
9737;17595.31;50;1.74;1;1
9738;17399.80;50;1.76;1;1
9739;17741.94;50;1.74;1;1
9740;17546.43;50;1.77;1;1
9741;17888.56;50;1.75;1;1
9742;17546.43;50;1.79;1;1
9743;17937.44;50;1.75;1;1
9744;17644.18;50;1.79;1;1
9745;17986.31;50;1.76;1;1
9746;17595.31;50;1.80;1;1
9747;18132.94;50;1.76;1;1
9748;17644.18;50;1.81;1;1
9749;18230.69;50;1.76;1;1
9750;17937.44;50;1.82;1;1
9751;18279.57;50;1.79;1;1
9752;17888.56;50;1.83;1;1
9753;18426.20;50;1.79;1;1
9754;17839.69;50;1.84;1;1
9755;18377.32;50;1.78;1;1
9756;17986.31;50;1.84;1;1
9757;18475.07;50;1.80;1;1
9758;17937.44;50;1.85;1;1
9759;18475.07;50;1.79;1;1
9760;18084.07;50;1.85;1;1
9761;18475.07;50;1.81;1;1
9762;18230.69;50;1.85;1;1
9763;18768.33;50;1.82;1;1
9764;18426.20;50;1.88;1;1
9765;18768.33;50;1.84;1;1
9766;18328.45;50;1.88;1;1
9767;18817.20;50;1.83;1;1
9768;18279.57;50;1.88;1;1
9769;17546.43;50;1.83;1;1
9770;18279.57;50;1.75;1;1
9771;18963.83;50;1.83;1;1
9772;18181.82;50;1.90;1;1
9773;19061.58;50;1.82;1;1
9774;18523.95;50;1.91;1;1
9775;19012.71;50;1.85;1;1
9776;18377.32;50;1.90;1;1
9777;19061.58;50;1.84;1;1
9778;18621.70;50;1.91;1;1
9779;19208.21;50;1.86;1;1
9780;18621.70;50;1.92;1;1
9781;19305.96;50;1.86;1;1
9782;18621.70;50;1.93;1;1
9783;19305.96;50;1.86;1;1
9784;17448.68;50;1.93;1;1
9785;19305.96;50;1.74;1;1
9786;18719.45;50;1.93;1;1
9787;19305.96;50;1.87;1;1
9788;18670.58;50;1.93;1;1
9789;19403.71;50;1.87;1;1
9790;18621.70;50;1.94;1;1
9791;19501.47;50;1.86;1;1
9792;18768.33;50;1.95;1;1
9793;19403.71;50;1.88;1;1
9794;18963.83;50;1.94;1;1
9795;19599.22;50;1.90;1;1
9796;18719.45;50;1.96;1;1
9797;19501.47;50;1.87;1;1
9798;18866.08;50;1.95;1;1
9799;19501.47;50;1.89;1;1
9800;19061.58;50;1.95;1;1
9801;19745.85;50;1.91;1;1
9802;19061.58;50;1.97;1;1
9803;19745.85;50;1.91;1;1
9804;19159.34;50;1.97;1;1
9805;19599.22;50;1.92;1;1
9806;18963.83;50;1.96;1;1
9807;18475.07;50;1.90;1;1
9808;19061.58;50;1.85;1;1
9809;19941.35;50;1.91;1;1
9810;18035.19;50;1.99;1;1
9811;19305.96;50;1.80;1;1
9812;19012.71;50;1.93;1;1
9813;19745.85;50;1.90;1;1
9814;19159.34;50;1.97;1;1
9815;19892.47;50;1.92;1;1
9816;19159.34;50;1.99;1;1
9817;19794.72;50;1.92;1;1
9818;19257.09;50;1.98;1;1
9819;19843.60;50;1.93;1;1
9820;19257.09;50;1.98;1;1
9821;19941.35;50;1.93;1;1
9822;19208.21;50;1.99;1;1
9823;19794.72;50;1.92;1;1
9824;19305.96;50;1.98;1;1
9825;20136.85;50;1.93;1;1
9826;19403.71;50;2.01;1;1
9827;20087.98;50;1.94;1;1
9828;19403.71;50;2.01;1;1
9829;19941.35;50;1.94;1;1
9830;19452.59;50;1.99;1;1
9831;20039.10;50;1.95;1;1
9832;19403.71;50;2.00;1;1
9833;19990.22;50;1.94;1;1
9834;19501.47;50;2.00;1;1
9835;20039.10;50;1.95;1;1
9836;19501.47;50;2.00;1;1
9837;20185.73;50;1.95;1;1
9838;19648.09;50;2.02;1;1
9839;20087.98;50;1.96;1;1
9840;19354.84;50;2.01;1;1
9841;19990.22;50;1.94;1;1
9842;19550.34;50;2.00;1;1
9843;20185.73;50;1.96;1;1
9844;19501.47;50;2.02;1;1
9845;19941.35;50;1.95;1;1
9846;19403.71;50;1.99;1;1
9847;19990.22;50;1.94;1;1
9848;19403.71;50;2.00;1;1
9849;19892.47;50;1.94;1;1
9850;19208.21;50;1.99;1;1
9851;19941.35;50;1.92;1;1
9852;19403.71;50;1.99;1;1
9853;19990.22;50;1.94;1;1
9854;19305.96;50;2.00;1;1
9855;19843.60;50;1.93;1;1
9856;19305.96;50;1.98;1;1
9857;19745.85;50;1.93;1;1
9858;19305.96;50;1.97;1;1
9859;19794.72;50;1.93;1;1
9860;19403.71;50;1.98;1;1
9861;19745.85;50;1.94;1;1
9862;19061.58;50;1.97;1;1
9863;19794.72;50;1.91;1;1
9864;19110.46;50;1.98;1;1
9865;19501.47;50;1.91;1;1
9866;19012.71;50;1.95;1;1
9867;19501.47;50;1.90;1;1
9868;18963.83;50;1.95;1;1
9869;19648.09;50;1.90;1;1
9870;18963.83;50;1.96;1;1
9871;19501.47;50;1.90;1;1
9872;19110.46;50;1.95;1;1
9873;19305.96;50;1.91;1;1
9874;18866.08;50;1.93;1;1
9875;19159.34;50;1.89;1;1
9876;18866.08;50;1.92;1;1
9877;19208.21;50;1.89;1;1
9878;18914.96;50;1.92;1;1
9879;19208.21;50;1.89;1;1
9880;18963.83;50;1.92;1;1
9881;19208.21;50;1.90;1;1
9882;18866.08;50;1.92;1;1
9883;19061.58;50;1.89;1;1
9884;18866.08;50;1.91;1;1
9885;18963.83;50;1.89;1;1
9886;18963.83;50;1.90;1;1
9887;18866.08;50;1.90;1;1
9888;18523.95;50;1.89;1;1
9889;18768.33;50;1.85;1;1
9890;18719.45;50;1.88;1;1
9891;18768.33;50;1.87;1;1
9892;18768.33;50;1.88;1;1
9893;18572.82;50;1.88;1;1
9894;18621.70;50;1.86;1;1
9895;18426.20;50;1.86;1;1
9896;18572.82;50;1.84;1;1
9897;18426.20;50;1.86;1;1
9898;18621.70;50;1.84;1;1
9899;18475.07;50;1.86;1;1
9900;18572.82;50;1.85;1;1
9901;18377.32;50;1.86;1;1
9902;18279.57;50;1.84;1;1
9903;18132.94;50;1.83;1;1
9904;18426.20;50;1.81;1;1
9905;18230.69;50;1.84;1;1
9906;18328.45;50;1.82;1;1
9907;18181.82;50;1.83;1;1
9908;18328.45;50;1.82;1;1
9909;18084.07;50;1.83;1;1
9910;18230.69;50;1.81;1;1
9911;17986.31;50;1.82;1;1
9912;18230.69;50;1.80;1;1
9913;17790.81;50;1.82;1;1
9914;18279.57;50;1.78;1;1
9915;17790.81;50;1.83;1;1
9916;18132.94;50;1.78;1;1
9917;17693.06;50;1.81;1;1
9918;18035.19;50;1.77;1;1
9919;17644.18;50;1.80;1;1
9920;17986.31;50;1.76;1;1
9921;17448.68;50;1.80;1;1
9922;17937.44;50;1.74;1;1
9923;17693.06;50;1.79;1;1
9924;17839.69;50;1.77;1;1
9925;17693.06;50;1.78;1;1
9926;17595.31;50;1.77;1;1
9927;17448.68;50;1.76;1;1
9928;17546.43;50;1.74;1;1
9929;17546.43;50;1.75;1;1
9930;17644.18;50;1.75;1;1
9931;17399.80;50;1.76;1;1
9932;17546.43;50;1.74;1;1
9933;17302.05;50;1.75;1;1
9934;17497.56;50;1.73;1;1
9935;17546.43;50;1.75;1;1
9936;17497.56;50;1.75;1;1
9937;17399.80;50;1.75;1;1
9938;17399.80;50;1.74;1;1
9939;17497.56;50;1.74;1;1
9940;17448.68;50;1.75;1;1
9941;17253.18;50;1.74;1;1
9942;17302.05;50;1.73;1;1
9943;17302.05;50;1.73;1;1
9944;17302.05;50;1.73;1;1
9945;17008.80;50;1.73;1;1
9946;17155.43;50;1.70;1;1
9947;17057.67;50;1.72;1;1
9948;17204.30;50;1.71;1;1
9949;16911.04;50;1.72;1;1
9950;17155.43;50;1.69;1;1
9951;16862.17;50;1.72;1;1
9952;17253.18;50;1.69;1;1
9953;16666.67;50;1.73;1;1
9954;17106.55;50;1.67;1;1
9955;16666.67;50;1.71;1;1
9956;17008.80;50;1.67;1;1
9957;16715.54;50;1.70;1;1
9958;16862.17;50;1.67;1;1
9959;16520.04;50;1.69;1;1
9960;16764.42;50;1.65;1;1
9961;16471.16;50;1.68;1;1
9962;16813.29;50;1.65;1;1
9963;16471.16;50;1.68;1;1
9964;16813.29;50;1.65;1;1
9965;16373.41;50;1.68;1;1
9966;16715.54;50;1.64;1;1
9967;16129.03;50;1.67;1;1
9968;16520.04;50;1.61;1;1
9969;16177.91;50;1.65;1;1
9970;16471.16;50;1.62;1;1
9971;16177.91;50;1.65;1;1
9972;16471.16;50;1.62;1;1
9973;16177.91;50;1.65;1;1
9974;16666.67;50;1.62;1;1
9975;15933.53;50;1.67;1;1
9976;16324.54;50;1.59;1;1
9977;15835.78;50;1.63;1;1
9978;16373.41;50;1.58;1;1
9979;15884.65;50;1.64;1;1
9980;16324.54;50;1.59;1;1
9981;15640.27;50;1.63;1;1
9982;16226.78;50;1.56;1;1
9983;15884.65;50;1.62;1;1
9984;16226.78;50;1.59;1;1
9985;15542.52;50;1.62;1;1
9986;16080.16;50;1.55;1;1
9987;15493.65;50;1.61;1;1
9988;16080.16;50;1.55;1;1
9989;15542.52;50;1.61;1;1
9990;15982.40;50;1.55;1;1
9991;15347.02;50;1.60;1;1
9992;15884.65;50;1.53;1;1
9993;15249.27;50;1.59;1;1
9994;15835.78;50;1.52;1;1
9995;15249.27;50;1.58;1;1
9996;15786.90;50;1.52;1;1
9997;14956.01;50;1.58;1;1
9998;15835.78;50;1.50;1;1
9999;14956.01;50;1.58;1;1
10000;15493.65;50;1.50;1;1
10001;14956.01;50;1.55;1;1
10002;15444.77;50;1.50;1;1
10003;14907.14;50;1.54;1;1
10004;15298.14;50;1.49;1;1
10005;14711.63;50;1.53;1;1
10006;15493.65;50;1.47;1;1
10007;14760.51;50;1.55;1;1
10008;15444.77;50;1.48;1;1
10009;14711.63;50;1.54;1;1
10010;15347.02;50;1.47;1;1
10011;14613.88;50;1.53;1;1
10012;15395.89;50;1.46;1;1
10013;14662.76;50;1.54;1;1
10014;15151.51;50;1.47;1;1
10015;14613.88;50;1.52;1;1
10016;15298.14;50;1.46;1;1
10017;14662.76;50;1.53;1;1
10018;15102.64;50;1.47;1;1
10019;14516.13;50;1.51;1;1
10020;15249.27;50;1.45;1;1
10021;14320.63;50;1.52;1;1
10022;15053.76;50;1.43;1;1
10023;14369.50;50;1.51;1;1
10024;14858.26;50;1.44;1;1
10025;14320.63;50;1.49;1;1
10026;14809.38;50;1.43;1;1
10027;14222.87;50;1.48;1;1
10028;14809.38;50;1.42;1;1
10029;14222.87;50;1.48;1;1
10030;14907.14;50;1.42;1;1
10031;14125.12;50;1.49;1;1
10032;14711.63;50;1.41;1;1
10033;14076.25;50;1.47;1;1
10034;14565.00;50;1.41;1;1
10035;13978.49;50;1.46;1;1
10036;14613.88;50;1.40;1;1
10037;13880.74;50;1.46;1;1
10038;14418.38;50;1.39;1;1
10039;13831.87;50;1.44;1;1
10040;14418.38;50;1.38;1;1
10041;13782.99;50;1.44;1;1
10042;14418.38;50;1.38;1;1
10043;13831.87;50;1.44;1;1
10044;14125.12;50;1.38;1;1
10045;13685.24;50;1.41;1;1
10046;14125.12;50;1.37;1;1
10047;13489.74;50;1.41;1;1
10048;14076.25;50;1.35;1;1
10049;13685.24;50;1.41;1;1
10050;14076.25;50;1.37;1;1
10051;13636.36;50;1.41;1;1
10052;14076.25;50;1.36;1;1
10053;13587.49;50;1.41;1;1
10054;13929.62;50;1.36;1;1
10055;13538.61;50;1.39;1;1
10056;13782.99;50;1.35;1;1
10057;13440.86;50;1.38;1;1
10058;13831.87;50;1.34;1;1
10059;13440.86;50;1.38;1;1
10060;13831.87;50;1.34;1;1
10061;13440.86;50;1.38;1;1
10062;13978.49;50;1.34;1;1
10063;13538.61;50;1.40;1;1
10064;13929.62;50;1.35;1;1
10065;13391.98;50;1.39;1;1
10066;13734.12;50;1.34;1;1
10067;13391.98;50;1.37;1;1
10068;13782.99;50;1.34;1;1
10069;13245.36;50;1.38;1;1
10070;13831.87;50;1.32;1;1
10071;13294.23;50;1.38;1;1
10072;13734.12;50;1.33;1;1
10073;13391.98;50;1.37;1;1
10074;13587.49;50;1.34;1;1
10075;13196.48;50;1.36;1;1
10076;13587.49;50;1.32;1;1
10077;13196.48;50;1.36;1;1
10078;13685.24;50;1.32;1;1
10079;13098.73;50;1.37;1;1
10080;13538.61;50;1.31;1;1
10081;13343.11;50;1.35;1;1
10082;13489.74;50;1.33;1;1
10083;13343.11;50;1.35;1;1
10084;13391.98;50;1.33;1;1
10085;13294.23;50;1.34;1;1
10086;13343.11;50;1.33;1;1
10087;13343.11;50;1.33;1;1
10088;13294.23;50;1.33;1;1
10089;13343.11;50;1.33;1;1
10090;13489.74;50;1.33;1;1
10091;13196.48;50;1.35;1;1
10092;13587.49;50;1.32;1;1
10093;13294.23;50;1.36;1;1
10094;13440.86;50;1.33;1;1
10095;13245.36;50;1.34;1;1
10096;13636.36;50;1.32;1;1
10097;13098.73;50;1.36;1;1
10098;13440.86;50;1.31;1;1
10099;13098.73;50;1.34;1;1
10100;13587.49;50;1.31;1;1
10101;12952.10;50;1.36;1;1
10102;13294.23;50;1.30;1;1
10103;12805.47;50;1.33;1;1
10104;13294.23;50;1.28;1;1
10105;12854.35;50;1.33;1;1
10106;13245.36;50;1.29;1;1
10107;12854.35;50;1.32;1;1
10108;13196.48;50;1.29;1;1
10109;12805.47;50;1.32;1;1
10110;13196.48;50;1.28;1;1
10111;12952.10;50;1.32;1;1
10112;13147.60;50;1.30;1;1
10113;13245.36;50;1.31;1;1
10114;13098.73;50;1.32;1;1
10115;13196.48;50;1.31;1;1
10116;13245.36;50;1.32;1;1
10117;13245.36;50;1.32;1;1
10118;13049.85;50;1.32;1;1
10119;13098.73;50;1.30;1;1
10120;12952.10;50;1.31;1;1
10121;13147.60;50;1.30;1;1
10122;12854.35;50;1.31;1;1
10123;13049.85;50;1.29;1;1
10124;12756.60;50;1.30;1;1
10125;13049.85;50;1.28;1;1
10126;12658.85;50;1.30;1;1
10127;13000.98;50;1.27;1;1
10128;12756.60;50;1.30;1;1
10129;13000.98;50;1.28;1;1
10130;12756.60;50;1.30;1;1
10131;13049.85;50;1.28;1;1
10132;12658.85;50;1.30;1;1
10133;12903.23;50;1.27;1;1
10134;12512.22;50;1.29;1;1
10135;12952.10;50;1.25;1;1
10136;12609.97;50;1.30;1;1
10137;13098.73;50;1.26;1;1
10138;12609.97;50;1.31;1;1
10139;13098.73;50;1.26;1;1
10140;12561.09;50;1.31;1;1
10141;12952.10;50;1.26;1;1
10142;12609.97;50;1.30;1;1
10143;12707.72;50;1.26;1;1
10144;12609.97;50;1.27;1;1
10145;12756.60;50;1.26;1;1
10146;12707.72;50;1.28;1;1
10147;12805.47;50;1.27;1;1
10148;12658.85;50;1.28;1;1
10149;12609.97;50;1.27;1;1
10150;12414.47;50;1.26;1;1
10151;12805.47;50;1.24;1;1
10152;12414.47;50;1.28;1;1
10153;12805.47;50;1.24;1;1
10154;12561.09;50;1.28;1;1
10155;12707.72;50;1.26;1;1
10156;12512.22;50;1.27;1;1
10157;12805.47;50;1.25;1;1
10158;12561.09;50;1.28;1;1
10159;12756.60;50;1.26;1;1
10160;12512.22;50;1.28;1;1
10161;12756.60;50;1.25;1;1
10162;12463.34;50;1.28;1;1
10163;12805.47;50;1.25;1;1
10164;12463.34;50;1.28;1;1
10165;12609.97;50;1.25;1;1
10166;12316.71;50;1.26;1;1
10167;12609.97;50;1.23;1;1
10168;12414.47;50;1.26;1;1
10169;12903.23;50;1.24;1;1
10170;12609.97;50;1.29;1;1
10171;12805.47;50;1.26;1;1
10172;12658.85;50;1.28;1;1
10173;12658.85;50;1.27;1;1
10174;12414.47;50;1.27;1;1
10175;12805.47;50;1.24;1;1
10176;12512.22;50;1.28;1;1
10177;12805.47;50;1.25;1;1
10178;12561.09;50;1.28;1;1
10179;12952.10;50;1.26;1;1
10180;12365.59;50;1.30;1;1
10181;12854.35;50;1.24;1;1
10182;12414.47;50;1.29;1;1
10183;12707.72;50;1.24;1;1
10184;12512.22;50;1.27;1;1
10185;12854.35;50;1.25;1;1
10186;12414.47;50;1.29;1;1
10187;12952.10;50;1.24;1;1
10188;12414.47;50;1.30;1;1
10189;12805.47;50;1.24;1;1
10190;12609.97;50;1.28;1;1
10191;12854.35;50;1.26;1;1
10192;12658.85;50;1.29;1;1
10193;12805.47;50;1.27;1;1
10194;12463.34;50;1.28;1;1
10195;12903.23;50;1.25;1;1
10196;12463.34;50;1.29;1;1
10197;12952.10;50;1.25;1;1
10198;12414.47;50;1.30;1;1
10199;12952.10;50;1.24;1;1
10200;12463.34;50;1.30;1;1
10201;12805.47;50;1.25;1;1
10202;12561.09;50;1.28;1;1
10203;13000.98;50;1.26;1;1
10204;12561.09;50;1.30;1;1
10205;13049.85;50;1.26;1;1
10206;12414.47;50;1.30;1;1
10207;13049.85;50;1.24;1;1
10208;12463.34;50;1.30;1;1
10209;12805.47;50;1.25;1;1
10210;12365.59;50;1.28;1;1
10211;12854.35;50;1.24;1;1
10212;12218.96;50;1.29;1;1
10213;12756.60;50;1.22;1;1
10214;12267.84;50;1.28;1;1
10215;12854.35;50;1.23;1;1
10216;12365.59;50;1.29;1;1
10217;12952.10;50;1.24;1;1
10218;12365.59;50;1.30;1;1
10219;12805.47;50;1.24;1;1
10220;12414.47;50;1.28;1;1
10221;12854.35;50;1.24;1;1
10222;12267.84;50;1.29;1;1
10223;12854.35;50;1.23;1;1
10224;12267.84;50;1.29;1;1
10225;12952.10;50;1.23;1;1
10226;12316.71;50;1.30;1;1
10227;12952.10;50;1.23;1;1
10228;12121.21;50;1.30;1;1
10229;12756.60;50;1.21;1;1
10230;12170.09;50;1.28;1;1
10231;12658.85;50;1.22;1;1
10232;11974.58;50;1.27;1;1
10233;12609.97;50;1.20;1;1
10234;12072.34;50;1.26;1;1
10235;12707.72;50;1.21;1;1
10236;11974.58;50;1.27;1;1
10237;12707.72;50;1.20;1;1
10238;12072.34;50;1.27;1;1
10239;12609.97;50;1.21;1;1
10240;12072.34;50;1.26;1;1
10241;12805.47;50;1.21;1;1
10242;12072.34;50;1.28;1;1
10243;12658.85;50;1.21;1;1
10244;11925.71;50;1.27;1;1
10245;12512.22;50;1.19;1;1
10246;12170.09;50;1.25;1;1
10247;12512.22;50;1.22;1;1
10248;12072.34;50;1.25;1;1
10249;12707.72;50;1.21;1;1
10250;12316.71;50;1.27;1;1
10251;12658.85;50;1.23;1;1
10252;12023.46;50;1.27;1;1
10253;12707.72;50;1.20;1;1
10254;12267.84;50;1.27;1;1
10255;12561.09;50;1.23;1;1
10256;12121.21;50;1.26;1;1
10257;12658.85;50;1.21;1;1
10258;12023.46;50;1.27;1;1
10259;12609.97;50;1.20;1;1
10260;12023.46;50;1.26;1;1
10261;12854.35;50;1.20;1;1
10262;12170.09;50;1.29;1;1
10263;12707.72;50;1.22;1;1
10264;12218.96;50;1.27;1;1
10265;12854.35;50;1.22;1;1
10266;12023.46;50;1.29;1;1
10267;12805.47;50;1.20;1;1
10268;12023.46;50;1.28;1;1
10269;12805.47;50;1.20;1;1
10270;12218.96;50;1.28;1;1
10271;12707.72;50;1.22;1;1
10272;12170.09;50;1.27;1;1
10273;12658.85;50;1.22;1;1
10274;12218.96;50;1.27;1;1
10275;12756.60;50;1.22;1;1
10276;12121.21;50;1.28;1;1
10277;12609.97;50;1.21;1;1
10278;12121.21;50;1.26;1;1
10279;12707.72;50;1.21;1;1
10280;12023.46;50;1.27;1;1
10281;12609.97;50;1.20;1;1
10282;12023.46;50;1.26;1;1
10283;12658.85;50;1.20;1;1
10284;11974.58;50;1.27;1;1
10285;12707.72;50;1.20;1;1
10286;12316.71;50;1.27;1;1
10287;12854.35;50;1.23;1;1
10288;12218.96;50;1.29;1;1
10289;12805.47;50;1.22;1;1
10290;12170.09;50;1.28;1;1
10291;12854.35;50;1.22;1;1
10292;12316.71;50;1.29;1;1
10293;12805.47;50;1.23;1;1
10294;12121.21;50;1.28;1;1
10295;12805.47;50;1.21;1;1
10296;12121.21;50;1.28;1;1
10297;12707.72;50;1.21;1;1
10298;12170.09;50;1.27;1;1
10299;12756.60;50;1.22;1;1
10300;12365.59;50;1.28;1;1
10301;12903.23;50;1.24;1;1
10302;12316.71;50;1.29;1;1
10303;13098.73;50;1.23;1;1
10304;12316.71;50;1.31;1;1
10305;12854.35;50;1.23;1;1
10306;12316.71;50;1.29;1;1
10307;12903.23;50;1.23;1;1
10308;12218.96;50;1.29;1;1
10309;12903.23;50;1.22;1;1
10310;12316.71;50;1.29;1;1
10311;13000.98;50;1.23;1;1
10312;12218.96;50;1.30;1;1
10313;12854.35;50;1.22;1;1
10314;12218.96;50;1.29;1;1
10315;13000.98;50;1.22;1;1
10316;12218.96;50;1.30;1;1
10317;12952.10;50;1.22;1;1
10318;11925.71;50;1.30;1;1
10319;12414.47;50;1.19;1;1
10320;11974.58;50;1.24;1;1
10321;12512.22;50;1.20;1;1
10322;11681.33;50;1.25;1;1
10323;12365.59;50;1.17;1;1
10324;11876.83;50;1.24;1;1
10325;12316.71;50;1.19;1;1
10326;12023.46;50;1.23;1;1
10327;12218.96;50;1.20;1;1
10328;11730.21;50;1.22;1;1
10329;12170.09;50;1.17;1;1
10330;11730.21;50;1.22;1;1
10331;12414.47;50;1.17;1;1
10332;11925.71;50;1.24;1;1
10333;12218.96;50;1.19;1;1
10334;11876.83;50;1.22;1;1
10335;12267.84;50;1.19;1;1
10336;11925.71;50;1.23;1;1
10337;12414.47;50;1.19;1;1
10338;11925.71;50;1.24;1;1
10339;12365.59;50;1.19;1;1
10340;11974.58;50;1.24;1;1
10341;12267.84;50;1.20;1;1
10342;11779.08;50;1.23;1;1
10343;12267.84;50;1.18;1;1
10344;11974.58;50;1.23;1;1
10345;12170.09;50;1.20;1;1
10346;11827.96;50;1.22;1;1
10347;12023.46;50;1.18;1;1
10348;11681.33;50;1.20;1;1
10349;12170.09;50;1.17;1;1
10350;11779.08;50;1.22;1;1
10351;12170.09;50;1.18;1;1
10352;11876.83;50;1.22;1;1
10353;12072.34;50;1.19;1;1
10354;11876.83;50;1.21;1;1
10355;12218.96;50;1.19;1;1
10356;11974.58;50;1.22;1;1
10357;12023.46;50;1.20;1;1
10358;11925.71;50;1.20;1;1
10359;12072.34;50;1.19;1;1
10360;12072.34;50;1.21;1;1
10361;12218.96;50;1.21;1;1
10362;12267.84;50;1.22;1;1
10363;12023.46;50;1.23;1;1
10364;11925.71;50;1.20;1;1
10365;11876.83;50;1.19;1;1
10366;11974.58;50;1.19;1;1
10367;11974.58;50;1.20;1;1
10368;11876.83;50;1.20;1;1
10369;11827.96;50;1.19;1;1
10370;12072.34;50;1.18;1;1
10371;11925.71;50;1.21;1;1
10372;12121.21;50;1.19;1;1
10373;11681.33;50;1.21;1;1
10374;11974.58;50;1.17;1;1
10375;11632.45;50;1.20;1;1
10376;11925.71;50;1.16;1;1
10377;11730.21;50;1.19;1;1
10378;11974.58;50;1.17;1;1
10379;11681.33;50;1.20;1;1
10380;12023.46;50;1.17;1;1
10381;11632.45;50;1.20;1;1
10382;12023.46;50;1.16;1;1
10383;11583.58;50;1.20;1;1
10384;12072.34;50;1.16;1;1
10385;11583.58;50;1.21;1;1
10386;12072.34;50;1.16;1;1
10387;11681.33;50;1.21;1;1
10388;11974.58;50;1.17;1;1
10389;11534.70;50;1.20;1;1
10390;12121.21;50;1.15;1;1
10391;11485.83;50;1.21;1;1
10392;12121.21;50;1.15;1;1
10393;11583.58;50;1.21;1;1
10394;12218.96;50;1.16;1;1
10395;11485.83;50;1.22;1;1
10396;12121.21;50;1.15;1;1
10397;11339.20;50;1.21;1;1
10398;12218.96;50;1.13;1;1
10399;11534.70;50;1.22;1;1
10400;11925.71;50;1.15;1;1
10401;11534.70;50;1.19;1;1
10402;12121.21;50;1.15;1;1
10403;11632.45;50;1.21;1;1
10404;12267.84;50;1.16;1;1
10405;11583.58;50;1.23;1;1
10406;11974.58;50;1.16;1;1
10407;11534.70;50;1.20;1;1
10408;12023.46;50;1.15;1;1
10409;11388.07;50;1.20;1;1
10410;12218.96;50;1.14;1;1
10411;11388.07;50;1.22;1;1
10412;12072.34;50;1.14;1;1
10413;11436.95;50;1.21;1;1
10414;12218.96;50;1.14;1;1
10415;11485.83;50;1.22;1;1
10416;12267.84;50;1.15;1;1
10417;11534.70;50;1.23;1;1
10418;12414.47;50;1.15;1;1
10419;11632.45;50;1.24;1;1
10420;12121.21;50;1.16;1;1
10421;11681.33;50;1.21;1;1
10422;12267.84;50;1.17;1;1
10423;11534.70;50;1.23;1;1
10424;12365.59;50;1.15;1;1
10425;11583.58;50;1.24;1;1
10426;12218.96;50;1.16;1;1
10427;11485.83;50;1.22;1;1
10428;12267.84;50;1.15;1;1
10429;11485.83;50;1.23;1;1
10430;12170.09;50;1.15;1;1
10431;11485.83;50;1.22;1;1
10432;12316.71;50;1.15;1;1
10433;11583.58;50;1.23;1;1
10434;12463.34;50;1.16;1;1
10435;11583.58;50;1.25;1;1
10436;12267.84;50;1.16;1;1
10437;11779.08;50;1.23;1;1
10438;12316.71;50;1.18;1;1
10439;11632.45;50;1.23;1;1
10440;12365.59;50;1.16;1;1
10441;11925.71;50;1.24;1;1
10442;12365.59;50;1.19;1;1
10443;11534.70;50;1.24;1;1
10444;12170.09;50;1.15;1;1
10445;11583.58;50;1.22;1;1
10446;12365.59;50;1.16;1;1
10447;11583.58;50;1.24;1;1
10448;12414.47;50;1.16;1;1
10449;11534.70;50;1.24;1;1
10450;12170.09;50;1.15;1;1
10451;11436.95;50;1.22;1;1
10452;12267.84;50;1.14;1;1
10453;11827.96;50;1.23;1;1
10454;12267.84;50;1.18;1;1
10455;11779.08;50;1.23;1;1
10456;12316.71;50;1.18;1;1
10457;11876.83;50;1.23;1;1
10458;12463.34;50;1.19;1;1
10459;11730.21;50;1.25;1;1
10460;12414.47;50;1.17;1;1
10461;12121.21;50;1.24;1;1
10462;12170.09;50;1.21;1;1
10463;11974.58;50;1.22;1;1
10464;12218.96;50;1.20;1;1
10465;12072.34;50;1.22;1;1
10466;12023.46;50;1.21;1;1
10467;12121.21;50;1.20;1;1
10468;12170.09;50;1.21;1;1
10469;11876.83;50;1.22;1;1
10470;11974.58;50;1.19;1;1
10471;11876.83;50;1.20;1;1
10472;12218.96;50;1.19;1;1
10473;11876.83;50;1.22;1;1
10474;12023.46;50;1.19;1;1
10475;11876.83;50;1.20;1;1
10476;11925.71;50;1.19;1;1
10477;11974.58;50;1.19;1;1
10478;11974.58;50;1.20;1;1
10479;11925.71;50;1.20;1;1
10480;11876.83;50;1.19;1;1
10481;11925.71;50;1.19;1;1
10482;11730.21;50;1.19;1;1
10483;11827.96;50;1.17;1;1
10484;11730.21;50;1.18;1;1
10485;11974.58;50;1.17;1;1
10486;11876.83;50;1.20;1;1
10487;12023.46;50;1.19;1;1
10488;11681.33;50;1.20;1;1
10489;11974.58;50;1.17;1;1
10490;11534.70;50;1.20;1;1
10491;11876.83;50;1.15;1;1
10492;11632.45;50;1.19;1;1
10493;12023.46;50;1.16;1;1
10494;11534.70;50;1.20;1;1
10495;12023.46;50;1.15;1;1
10496;11681.33;50;1.20;1;1
10497;11974.58;50;1.17;1;1
10498;11681.33;50;1.20;1;1
10499;12170.09;50;1.17;1;1
10500;11534.70;50;1.22;1;1
10501;11925.71;50;1.15;1;1
10502;11681.33;50;1.19;1;1
10503;11876.83;50;1.17;1;1
10504;11779.08;50;1.19;1;1
10505;11925.71;50;1.18;1;1
10506;11681.33;50;1.19;1;1
10507;11925.71;50;1.17;1;1
10508;11681.33;50;1.19;1;1
10509;11925.71;50;1.17;1;1
10510;11485.83;50;1.19;1;1
10511;11974.58;50;1.15;1;1
10512;11485.83;50;1.20;1;1
10513;11925.71;50;1.15;1;1
10514;11583.58;50;1.19;1;1
10515;12072.34;50;1.16;1;1
10516;11534.70;50;1.21;1;1
10517;12023.46;50;1.15;1;1
10518;11485.83;50;1.20;1;1
10519;11925.71;50;1.15;1;1
10520;11583.58;50;1.19;1;1
10521;12023.46;50;1.16;1;1
10522;11534.70;50;1.20;1;1
10523;11925.71;50;1.15;1;1
10524;11534.70;50;1.19;1;1
10525;12170.09;50;1.15;1;1
10526;11583.58;50;1.22;1;1
10527;11925.71;50;1.16;1;1
10528;11632.45;50;1.19;1;1
10529;12218.96;50;1.16;1;1
10530;11534.70;50;1.22;1;1
10531;12023.46;50;1.15;1;1
10532;11485.83;50;1.20;1;1
10533;12072.34;50;1.15;1;1
10534;11436.95;50;1.21;1;1
10535;12267.84;50;1.14;1;1
10536;11485.83;50;1.23;1;1
10537;12316.71;50;1.15;1;1
10538;11730.21;50;1.23;1;1
10539;12463.34;50;1.17;1;1
10540;11681.33;50;1.25;1;1
10541;12316.71;50;1.17;1;1
10542;11583.58;50;1.23;1;1
10543;12218.96;50;1.16;1;1
10544;11583.58;50;1.22;1;1
10545;12170.09;50;1.16;1;1
10546;11339.20;50;1.22;1;1
10547;12121.21;50;1.13;1;1
10548;11485.83;50;1.21;1;1
10549;12267.84;50;1.15;1;1
10550;11779.08;50;1.23;1;1
10551;12170.09;50;1.18;1;1
10552;11681.33;50;1.22;1;1
10553;12218.96;50;1.17;1;1
10554;11534.70;50;1.22;1;1
10555;12267.84;50;1.15;1;1
10556;11583.58;50;1.23;1;1
10557;12072.34;50;1.16;1;1
10558;11485.83;50;1.21;1;1
10559;11974.58;50;1.15;1;1
10560;11388.07;50;1.20;1;1
10561;11876.83;50;1.14;1;1
10562;11485.83;50;1.19;1;1
10563;12023.46;50;1.15;1;1
10564;11632.45;50;1.20;1;1
10565;12023.46;50;1.16;1;1
10566;11436.95;50;1.20;1;1
10567;12023.46;50;1.14;1;1
10568;11730.21;50;1.20;1;1
10569;11925.71;50;1.17;1;1
10570;11485.83;50;1.19;1;1
10571;11974.58;50;1.15;1;1
10572;11583.58;50;1.20;1;1
10573;11681.33;50;1.16;1;1
10574;11827.96;50;1.17;1;1
10575;11827.96;50;1.18;1;1
10576;11632.45;50;1.18;1;1
10577;11730.21;50;1.16;1;1
10578;11583.58;50;1.17;1;1
10579;11681.33;50;1.16;1;1
10580;11730.21;50;1.17;1;1
10581;11632.45;50;1.17;1;1
10582;11876.83;50;1.16;1;1
10583;11632.45;50;1.19;1;1
10584;11827.96;50;1.16;1;1
10585;11681.33;50;1.18;1;1
10586;11779.08;50;1.17;1;1
10587;11681.33;50;1.18;1;1
10588;11876.83;50;1.17;1;1
10589;11583.58;50;1.19;1;1
10590;11876.83;50;1.16;1;1
10591;11583.58;50;1.19;1;1
10592;11925.71;50;1.16;1;1
10593;11485.83;50;1.19;1;1
10594;11779.08;50;1.15;1;1
10595;11681.33;50;1.18;1;1
10596;11827.96;50;1.17;1;1
10597;11485.83;50;1.18;1;1
10598;11876.83;50;1.15;1;1
10599;11632.45;50;1.19;1;1
10600;11925.71;50;1.16;1;1
10601;11436.95;50;1.19;1;1
10602;11876.83;50;1.14;1;1
10603;11632.45;50;1.19;1;1
10604;12072.34;50;1.16;1;1
10605;11290.32;50;1.21;1;1
10606;11925.71;50;1.13;1;1
10607;11436.95;50;1.19;1;1
10608;11925.71;50;1.14;1;1
10609;11388.07;50;1.19;1;1
10610;11925.71;50;1.14;1;1
10611;11436.95;50;1.19;1;1
10612;12072.34;50;1.14;1;1
10613;11388.07;50;1.21;1;1
10614;11779.08;50;1.14;1;1
10615;11388.07;50;1.18;1;1
10616;11827.96;50;1.14;1;1
10617;11290.32;50;1.18;1;1
10618;11779.08;50;1.13;1;1
10619;11339.20;50;1.18;1;1
10620;11827.96;50;1.13;1;1
10621;11290.32;50;1.18;1;1
10622;11730.21;50;1.13;1;1
10623;11339.20;50;1.17;1;1
10624;11925.71;50;1.13;1;1
10625;11388.07;50;1.19;1;1
10626;12023.46;50;1.14;1;1
10627;11339.20;50;1.20;1;1
10628;11974.58;50;1.13;1;1
10629;11388.07;50;1.20;1;1
10630;11925.71;50;1.14;1;1
10631;11339.20;50;1.19;1;1
10632;12023.46;50;1.13;1;1
10633;11241.45;50;1.20;1;1
10634;11827.96;50;1.12;1;1
10635;11192.57;50;1.18;1;1
10636;11974.58;50;1.12;1;1
10637;11290.32;50;1.20;1;1
10638;12121.21;50;1.13;1;1
10639;11632.45;50;1.21;1;1
10640;12121.21;50;1.16;1;1
10641;11681.33;50;1.21;1;1
10642;12267.84;50;1.17;1;1
10643;11681.33;50;1.23;1;1
10644;12218.96;50;1.17;1;1
10645;11436.95;50;1.22;1;1
10646;11974.58;50;1.14;1;1
10647;11534.70;50;1.20;1;1
10648;12121.21;50;1.15;1;1
10649;11485.83;50;1.21;1;1
10650;12218.96;50;1.15;1;1
10651;11534.70;50;1.22;1;1
10652;12072.34;50;1.15;1;1
10653;11632.45;50;1.21;1;1
10654;12170.09;50;1.16;1;1
10655;11632.45;50;1.22;1;1
10656;12267.84;50;1.16;1;1
10657;11632.45;50;1.23;1;1
10658;12218.96;50;1.16;1;1
10659;11436.95;50;1.22;1;1
10660;12023.46;50;1.14;1;1
10661;11436.95;50;1.20;1;1
10662;12072.34;50;1.14;1;1
10663;11485.83;50;1.21;1;1
10664;12218.96;50;1.15;1;1
10665;11436.95;50;1.22;1;1
10666;11925.71;50;1.14;1;1
10667;11583.58;50;1.19;1;1
10668;12365.59;50;1.16;1;1
10669;11730.21;50;1.24;1;1
10670;12072.34;50;1.17;1;1
10671;11632.45;50;1.21;1;1
10672;12072.34;50;1.16;1;1
10673;11876.83;50;1.21;1;1
10674;12072.34;50;1.19;1;1
10675;11730.21;50;1.21;1;1
10676;12170.09;50;1.17;1;1
10677;11779.08;50;1.22;1;1
10678;12267.84;50;1.18;1;1
10679;11925.71;50;1.23;1;1
10680;12463.34;50;1.19;1;1
10681;11925.71;50;1.25;1;1
10682;12267.84;50;1.19;1;1
10683;12023.46;50;1.23;1;1
10684;12121.21;50;1.20;1;1
10685;12121.21;50;1.21;1;1
10686;12267.84;50;1.21;1;1
10687;12023.46;50;1.23;1;1
10688;12072.34;50;1.20;1;1
10689;12023.46;50;1.21;1;1
10690;12072.34;50;1.20;1;1
10691;12023.46;50;1.21;1;1
10692;12023.46;50;1.20;1;1
10693;11974.58;50;1.20;1;1
10694;12023.46;50;1.20;1;1
10695;11974.58;50;1.20;1;1
10696;11876.83;50;1.20;1;1
10697;12023.46;50;1.19;1;1
10698;11876.83;50;1.20;1;1
10699;12170.09;50;1.19;1;1
10700;11876.83;50;1.22;1;1
10701;12316.71;50;1.19;1;1
10702;11876.83;50;1.23;1;1
10703;12121.21;50;1.19;1;1
10704;11876.83;50;1.21;1;1
10705;12121.21;50;1.19;1;1
10706;11730.21;50;1.21;1;1
10707;12218.96;50;1.17;1;1
10708;11730.21;50;1.22;1;1
10709;12121.21;50;1.17;1;1
10710;11827.96;50;1.21;1;1
10711;12463.34;50;1.18;1;1
10712;11925.71;50;1.25;1;1
10713;12463.34;50;1.19;1;1
10714;11632.45;50;1.25;1;1
10715;12170.09;50;1.16;1;1
10716;11583.58;50;1.22;1;1
10717;12072.34;50;1.16;1;1
10718;11583.58;50;1.21;1;1
10719;12170.09;50;1.16;1;1
10720;11485.83;50;1.22;1;1
10721;12170.09;50;1.15;1;1
10722;11534.70;50;1.22;1;1
10723;12218.96;50;1.15;1;1
10724;11632.45;50;1.22;1;1
10725;12218.96;50;1.16;1;1
10726;11583.58;50;1.22;1;1
10727;12170.09;50;1.16;1;1
10728;11583.58;50;1.22;1;1
10729;12170.09;50;1.16;1;1
10730;11730.21;50;1.22;1;1
10731;12072.34;50;1.17;1;1
10732;11534.70;50;1.21;1;1
10733;12170.09;50;1.15;1;1
10734;11681.33;50;1.22;1;1
10735;12023.46;50;1.17;1;1
10736;11534.70;50;1.20;1;1
10737;12218.96;50;1.15;1;1
10738;11485.83;50;1.22;1;1
10739;12072.34;50;1.15;1;1
10740;11534.70;50;1.21;1;1
10741;12170.09;50;1.15;1;1
10742;11436.95;50;1.22;1;1
10743;12072.34;50;1.14;1;1
10744;11485.83;50;1.21;1;1
10745;12121.21;50;1.15;1;1
10746;11583.58;50;1.21;1;1
10747;12267.84;50;1.16;1;1
10748;11632.45;50;1.23;1;1
10749;12316.71;50;1.16;1;1
10750;11485.83;50;1.23;1;1
10751;12170.09;50;1.15;1;1
10752;11485.83;50;1.22;1;1
10753;12121.21;50;1.15;1;1
10754;11485.83;50;1.21;1;1
10755;12121.21;50;1.15;1;1
10756;11632.45;50;1.21;1;1
10757;12316.71;50;1.16;1;1
10758;11388.07;50;1.23;1;1
10759;12267.84;50;1.14;1;1
10760;11534.70;50;1.23;1;1
10761;12218.96;50;1.15;1;1
10762;11485.83;50;1.22;1;1
10763;12170.09;50;1.15;1;1
10764;11534.70;50;1.22;1;1
10765;12023.46;50;1.15;1;1
10766;11290.32;50;1.20;1;1
10767;12316.71;50;1.13;1;1
10768;11681.33;50;1.23;1;1
10769;12365.59;50;1.17;1;1
10770;11534.70;50;1.24;1;1
10771;12267.84;50;1.15;1;1
10772;11681.33;50;1.23;1;1
10773;12170.09;50;1.17;1;1
10774;11485.83;50;1.22;1;1
10775;12316.71;50;1.15;1;1
10776;11681.33;50;1.23;1;1
10777;12170.09;50;1.17;1;1
10778;11583.58;50;1.22;1;1
10779;12170.09;50;1.16;1;1
10780;11436.95;50;1.22;1;1
10781;12316.71;50;1.14;1;1
10782;11534.70;50;1.23;1;1
10783;12218.96;50;1.15;1;1
10784;11534.70;50;1.22;1;1
10785;12365.59;50;1.15;1;1
10786;11485.83;50;1.24;1;1
10787;12023.46;50;1.15;1;1
10788;11583.58;50;1.20;1;1
10789;12316.71;50;1.16;1;1
10790;11681.33;50;1.23;1;1
10791;12218.96;50;1.17;1;1
10792;11485.83;50;1.22;1;1
10793;12414.47;50;1.15;1;1
10794;11827.96;50;1.24;1;1
10795;12316.71;50;1.18;1;1
10796;11779.08;50;1.23;1;1
10797;12365.59;50;1.18;1;1
10798;11681.33;50;1.24;1;1
10799;12267.84;50;1.17;1;1
10800;11779.08;50;1.23;1;1
10801;12365.59;50;1.18;1;1
10802;11632.45;50;1.24;1;1
10803;12218.96;50;1.16;1;1
10804;11681.33;50;1.22;1;1
10805;12218.96;50;1.17;1;1
10806;11632.45;50;1.22;1;1
10807;12267.84;50;1.16;1;1
10808;11534.70;50;1.23;1;1
10809;12218.96;50;1.15;1;1
10810;11632.45;50;1.22;1;1
10811;12170.09;50;1.16;1;1
10812;11632.45;50;1.22;1;1
10813;12170.09;50;1.16;1;1
10814;11534.70;50;1.22;1;1
10815;12218.96;50;1.15;1;1
10816;11485.83;50;1.22;1;1
10817;12316.71;50;1.15;1;1
10818;11583.58;50;1.23;1;1
10819;12316.71;50;1.16;1;1
10820;11534.70;50;1.23;1;1
10821;12267.84;50;1.15;1;1
10822;11583.58;50;1.23;1;1
10823;12170.09;50;1.16;1;1
10824;11534.70;50;1.22;1;1
10825;12170.09;50;1.15;1;1
10826;11583.58;50;1.22;1;1
10827;12218.96;50;1.16;1;1
10828;11583.58;50;1.22;1;1
10829;12218.96;50;1.16;1;1
10830;11876.83;50;1.22;1;1
10831;12267.84;50;1.19;1;1
10832;11388.07;50;1.23;1;1
10833;12218.96;50;1.14;1;1
10834;11485.83;50;1.22;1;1
10835;11974.58;50;1.15;1;1
10836;11485.83;50;1.20;1;1
10837;11974.58;50;1.15;1;1
10838;11388.07;50;1.20;1;1
10839;12023.46;50;1.14;1;1
10840;11485.83;50;1.20;1;1
10841;12121.21;50;1.15;1;1
10842;11534.70;50;1.21;1;1
10843;11974.58;50;1.15;1;1
10844;11485.83;50;1.20;1;1
10845;12170.09;50;1.15;1;1
10846;11485.83;50;1.22;1;1
10847;12023.46;50;1.15;1;1
10848;11436.95;50;1.20;1;1
10849;11974.58;50;1.14;1;1
10850;11485.83;50;1.20;1;1
10851;12365.59;50;1.15;1;1
10852;11583.58;50;1.24;1;1
10853;11925.71;50;1.16;1;1
10854;11436.95;50;1.19;1;1
10855;12023.46;50;1.14;1;1
10856;11388.07;50;1.20;1;1
10857;11974.58;50;1.14;1;1
10858;11388.07;50;1.20;1;1
10859;11925.71;50;1.14;1;1
10860;11436.95;50;1.19;1;1
10861;11827.96;50;1.14;1;1
10862;11436.95;50;1.18;1;1
10863;11925.71;50;1.14;1;1
10864;11388.07;50;1.19;1;1
10865;11974.58;50;1.14;1;1
10866;11339.20;50;1.20;1;1
10867;12072.34;50;1.13;1;1
10868;11632.45;50;1.21;1;1
10869;12072.34;50;1.16;1;1
10870;11534.70;50;1.21;1;1
10871;11974.58;50;1.15;1;1
10872;11534.70;50;1.20;1;1
10873;12072.34;50;1.15;1;1
10874;11534.70;50;1.21;1;1
10875;11974.58;50;1.15;1;1
10876;11436.95;50;1.20;1;1
10877;11876.83;50;1.14;1;1
10878;11485.83;50;1.19;1;1
10879;11827.96;50;1.15;1;1
10880;11583.58;50;1.18;1;1
10881;12023.46;50;1.16;1;1
10882;11730.21;50;1.20;1;1
10883;12121.21;50;1.17;1;1
10884;11632.45;50;1.21;1;1
10885;12121.21;50;1.16;1;1
10886;11632.45;50;1.21;1;1
10887;12218.96;50;1.16;1;1
10888;11632.45;50;1.22;1;1
10889;12023.46;50;1.16;1;1
10890;11583.58;50;1.20;1;1
10891;12170.09;50;1.16;1;1
10892;11583.58;50;1.22;1;1
10893;12023.46;50;1.16;1;1
10894;11730.21;50;1.20;1;1
10895;11925.71;50;1.17;1;1
10896;11632.45;50;1.19;1;1
10897;11876.83;50;1.16;1;1
10898;11681.33;50;1.19;1;1
10899;11779.08;50;1.17;1;1
10900;11681.33;50;1.18;1;1
10901;11779.08;50;1.17;1;1
10902;11876.83;50;1.18;1;1
10903;11779.08;50;1.19;1;1
10904;11827.96;50;1.18;1;1
10905;11730.21;50;1.18;1;1
10906;11876.83;50;1.17;1;1
10907;11827.96;50;1.19;1;1
10908;11925.71;50;1.18;1;1
10909;11779.08;50;1.19;1;1
10910;11974.58;50;1.18;1;1
10911;11876.83;50;1.20;1;1
10912;12023.46;50;1.19;1;1
10913;11779.08;50;1.20;1;1
10914;12121.21;50;1.18;1;1
10915;11827.96;50;1.21;1;1
10916;12023.46;50;1.18;1;1
10917;11779.08;50;1.20;1;1
10918;12023.46;50;1.18;1;1
10919;11681.33;50;1.20;1;1
10920;12218.96;50;1.17;1;1
10921;11730.21;50;1.22;1;1
10922;12170.09;50;1.17;1;1
10923;11583.58;50;1.22;1;1
10924;12023.46;50;1.16;1;1
10925;11632.45;50;1.20;1;1
10926;12023.46;50;1.16;1;1
10927;11779.08;50;1.20;1;1
10928;12316.71;50;1.18;1;1
10929;11827.96;50;1.23;1;1
10930;12267.84;50;1.18;1;1
10931;11779.08;50;1.23;1;1
10932;12316.71;50;1.18;1;1
10933;11583.58;50;1.23;1;1
10934;12365.59;50;1.16;1;1
10935;11779.08;50;1.24;1;1
10936;12365.59;50;1.18;1;1
10937;11681.33;50;1.24;1;1
10938;12414.47;50;1.17;1;1
10939;11583.58;50;1.24;1;1
10940;12414.47;50;1.16;1;1
10941;11827.96;50;1.24;1;1
10942;12267.84;50;1.18;1;1
10943;11583.58;50;1.23;1;1
10944;12316.71;50;1.16;1;1
10945;11730.21;50;1.23;1;1
10946;12316.71;50;1.17;1;1
10947;11827.96;50;1.23;1;1
10948;12365.59;50;1.18;1;1
10949;11681.33;50;1.24;1;1
10950;12316.71;50;1.17;1;1
10951;11876.83;50;1.23;1;1
10952;12463.34;50;1.19;1;1
10953;12072.34;50;1.25;1;1
10954;12512.22;50;1.21;1;1
10955;11925.71;50;1.25;1;1
10956;12512.22;50;1.19;1;1
10957;11876.83;50;1.25;1;1
10958;12609.97;50;1.19;1;1
10959;11779.08;50;1.26;1;1
10960;12463.34;50;1.18;1;1
10961;11925.71;50;1.25;1;1
10962;12267.84;50;1.19;1;1
10963;11632.45;50;1.23;1;1
10964;12316.71;50;1.16;1;1
10965;11681.33;50;1.23;1;1
10966;12365.59;50;1.17;1;1
10967;11681.33;50;1.24;1;1
10968;12365.59;50;1.17;1;1
10969;11779.08;50;1.24;1;1
10970;12316.71;50;1.18;1;1
10971;11730.21;50;1.23;1;1
10972;12316.71;50;1.17;1;1
10973;11632.45;50;1.23;1;1
10974;12170.09;50;1.16;1;1
10975;11681.33;50;1.22;1;1
10976;12267.84;50;1.17;1;1
10977;11681.33;50;1.23;1;1
10978;12218.96;50;1.17;1;1
10979;11632.45;50;1.22;1;1
10980;12218.96;50;1.16;1;1
10981;11730.21;50;1.22;1;1
10982;12072.34;50;1.17;1;1
10983;11779.08;50;1.21;1;1
10984;12072.34;50;1.18;1;1
10985;11583.58;50;1.21;1;1
10986;12121.21;50;1.16;1;1
10987;11779.08;50;1.21;1;1
10988;12170.09;50;1.18;1;1
10989;11485.83;50;1.22;1;1
10990;12072.34;50;1.15;1;1
10991;11583.58;50;1.21;1;1
10992;11925.71;50;1.16;1;1
10993;11827.96;50;1.19;1;1
10994;12023.46;50;1.18;1;1
10995;11779.08;50;1.20;1;1
10996;12072.34;50;1.18;1;1
10997;11974.58;50;1.21;1;1
10998;11925.71;50;1.20;1;1
10999;11876.83;50;1.19;1;1
11000;11925.71;50;1.19;1;1
11001;11779.08;50;1.19;1;1
11002;11779.08;50;1.18;1;1
11003;11730.21;50;1.18;1;1
11004;11827.96;50;1.17;1;1
11005;11583.58;50;1.18;1;1
11006;11827.96;50;1.16;1;1
11007;11534.70;50;1.18;1;1
11008;11681.33;50;1.15;1;1
11009;11632.45;50;1.17;1;1
11010;12023.46;50;1.16;1;1
11011;11534.70;50;1.20;1;1
11012;12023.46;50;1.15;1;1
11013;11632.45;50;1.20;1;1
11014;11876.83;50;1.16;1;1
11015;11632.45;50;1.19;1;1
11016;12170.09;50;1.16;1;1
11017;11632.45;50;1.22;1;1
11018;12023.46;50;1.16;1;1
11019;11485.83;50;1.20;1;1
11020;12218.96;50;1.15;1;1
11021;11779.08;50;1.22;1;1
11022;12072.34;50;1.18;1;1
11023;11730.21;50;1.21;1;1
11024;11974.58;50;1.17;1;1
11025;11779.08;50;1.20;1;1
11026;12072.34;50;1.18;1;1
11027;11779.08;50;1.21;1;1
11028;11925.71;50;1.18;1;1
11029;12023.46;50;1.19;1;1
11030;12072.34;50;1.20;1;1
11031;11925.71;50;1.21;1;1
11032;11925.71;50;1.19;1;1
11033;11925.71;50;1.19;1;1
11034;12023.46;50;1.19;1;1
11035;12023.46;50;1.20;1;1
11036;12072.34;50;1.20;1;1
11037;12218.96;50;1.21;1;1
11038;11925.71;50;1.22;1;1
11039;12023.46;50;1.19;1;1
11040;11876.83;50;1.20;1;1
11041;12072.34;50;1.19;1;1
11042;11974.58;50;1.21;1;1
11043;12365.59;50;1.20;1;1
11044;11876.83;50;1.24;1;1
11045;12267.84;50;1.19;1;1
11046;11876.83;50;1.23;1;1
11047;12316.71;50;1.19;1;1
11048;11876.83;50;1.23;1;1
11049;12267.84;50;1.19;1;1
11050;11925.71;50;1.23;1;1
11051;12267.84;50;1.19;1;1
11052;11730.21;50;1.23;1;1
11053;12218.96;50;1.17;1;1
11054;11876.83;50;1.22;1;1
11055;12170.09;50;1.19;1;1
11056;11827.96;50;1.22;1;1
11057;12267.84;50;1.18;1;1
11058;11827.96;50;1.23;1;1
11059;12316.71;50;1.18;1;1
11060;11876.83;50;1.23;1;1
11061;12316.71;50;1.19;1;1
11062;11925.71;50;1.23;1;1
11063;12316.71;50;1.19;1;1
11064;11827.96;50;1.23;1;1
11065;12316.71;50;1.18;1;1
11066;11974.58;50;1.23;1;1
11067;12316.71;50;1.20;1;1
11068;11632.45;50;1.23;1;1
11069;12218.96;50;1.16;1;1
11070;11730.21;50;1.22;1;1
11071;12316.71;50;1.17;1;1
11072;11632.45;50;1.23;1;1
11073;12072.34;50;1.16;1;1
11074;11730.21;50;1.21;1;1
11075;12365.59;50;1.17;1;1
11076;11730.21;50;1.24;1;1
11077;12121.21;50;1.17;1;1
11078;11876.83;50;1.21;1;1
11079;12365.59;50;1.19;1;1
11080;11632.45;50;1.24;1;1
11081;12365.59;50;1.16;1;1
11082;11779.08;50;1.24;1;1
11083;12316.71;50;1.18;1;1
11084;11632.45;50;1.23;1;1
11085;12267.84;50;1.16;1;1
11086;11632.45;50;1.23;1;1
11087;12072.34;50;1.16;1;1
11088;11534.70;50;1.21;1;1
11089;12072.34;50;1.15;1;1
11090;11485.83;50;1.21;1;1
11091;12121.21;50;1.15;1;1
11092;11583.58;50;1.21;1;1
11093;12121.21;50;1.16;1;1
11094;11534.70;50;1.21;1;1
11095;12267.84;50;1.15;1;1
11096;11485.83;50;1.23;1;1
11097;12267.84;50;1.15;1;1
11098;11583.58;50;1.23;1;1
11099;12121.21;50;1.16;1;1
11100;11534.70;50;1.21;1;1
11101;12121.21;50;1.15;1;1
11102;11534.70;50;1.21;1;1
11103;12023.46;50;1.15;1;1
11104;11534.70;50;1.20;1;1
11105;12170.09;50;1.15;1;1
11106;11534.70;50;1.22;1;1
11107;12121.21;50;1.15;1;1
11108;11583.58;50;1.21;1;1
11109;12072.34;50;1.16;1;1
11110;11779.08;50;1.21;1;1
11111;12072.34;50;1.18;1;1
11112;11534.70;50;1.21;1;1
11113;12170.09;50;1.15;1;1
11114;11534.70;50;1.22;1;1
11115;12316.71;50;1.15;1;1
11116;11436.95;50;1.23;1;1
11117;12072.34;50;1.14;1;1
11118;11681.33;50;1.21;1;1
11119;12267.84;50;1.17;1;1
11120;11632.45;50;1.23;1;1
11121;12121.21;50;1.16;1;1
11122;11632.45;50;1.21;1;1
11123;12170.09;50;1.16;1;1
11124;11436.95;50;1.22;1;1
11125;12072.34;50;1.14;1;1
11126;11632.45;50;1.21;1;1
11127;12316.71;50;1.16;1;1
11128;11534.70;50;1.23;1;1
11129;12121.21;50;1.15;1;1
11130;11436.95;50;1.21;1;1
11131;12072.34;50;1.14;1;1
11132;11388.07;50;1.21;1;1
11133;12170.09;50;1.14;1;1
11134;11388.07;50;1.22;1;1
11135;12121.21;50;1.14;1;1
11136;11485.83;50;1.21;1;1
11137;12170.09;50;1.15;1;1
11138;11485.83;50;1.22;1;1
11139;12218.96;50;1.15;1;1
11140;11681.33;50;1.22;1;1
11141;12365.59;50;1.17;1;1
11142;11534.70;50;1.24;1;1
11143;12218.96;50;1.15;1;1
11144;11583.58;50;1.22;1;1
11145;12267.84;50;1.16;1;1
11146;11632.45;50;1.23;1;1
11147;12365.59;50;1.16;1;1
11148;11632.45;50;1.24;1;1
11149;12365.59;50;1.16;1;1
11150;11632.45;50;1.24;1;1
11151;12218.96;50;1.16;1;1
11152;11730.21;50;1.22;1;1
11153;12316.71;50;1.17;1;1
11154;11827.96;50;1.23;1;1
11155;12316.71;50;1.18;1;1
11156;11827.96;50;1.23;1;1
11157;12414.47;50;1.18;1;1
11158;11681.33;50;1.24;1;1
11159;12365.59;50;1.17;1;1
11160;11730.21;50;1.24;1;1
11161;12463.34;50;1.17;1;1
11162;11730.21;50;1.25;1;1
11163;12365.59;50;1.17;1;1
11164;11876.83;50;1.24;1;1
11165;12463.34;50;1.19;1;1
11166;11925.71;50;1.25;1;1
11167;12414.47;50;1.19;1;1
11168;11681.33;50;1.24;1;1
11169;12463.34;50;1.17;1;1
11170;11730.21;50;1.25;1;1
11171;12512.22;50;1.17;1;1
11172;11925.71;50;1.25;1;1
11173;12463.34;50;1.19;1;1
11174;11827.96;50;1.25;1;1
11175;12365.59;50;1.18;1;1
11176;11827.96;50;1.24;1;1
11177;12365.59;50;1.18;1;1
11178;11876.83;50;1.24;1;1
11179;12365.59;50;1.19;1;1
11180;11827.96;50;1.24;1;1
11181;12316.71;50;1.18;1;1
11182;11974.58;50;1.23;1;1
11183;12463.34;50;1.20;1;1
11184;11730.21;50;1.25;1;1
11185;12267.84;50;1.17;1;1
11186;11779.08;50;1.23;1;1
11187;12316.71;50;1.18;1;1
11188;11681.33;50;1.23;1;1
11189;12170.09;50;1.17;1;1
11190;11681.33;50;1.22;1;1
11191;12316.71;50;1.17;1;1
11192;11730.21;50;1.23;1;1
11193;12365.59;50;1.17;1;1
11194;11779.08;50;1.24;1;1
11195;12170.09;50;1.18;1;1
11196;11534.70;50;1.22;1;1
11197;12072.34;50;1.15;1;1
11198;11485.83;50;1.21;1;1
11199;12218.96;50;1.15;1;1
11200;11681.33;50;1.22;1;1
11201;12121.21;50;1.17;1;1
11202;11485.83;50;1.21;1;1
11203;12121.21;50;1.15;1;1
11204;11485.83;50;1.21;1;1
11205;12121.21;50;1.15;1;1
11206;11485.83;50;1.21;1;1
11207;12267.84;50;1.15;1;1
11208;11583.58;50;1.23;1;1
11209;12023.46;50;1.16;1;1
11210;11485.83;50;1.20;1;1
11211;12072.34;50;1.15;1;1
11212;11681.33;50;1.21;1;1
11213;12218.96;50;1.17;1;1
11214;11583.58;50;1.22;1;1
11215;12561.09;50;1.16;1;1
11216;11730.21;50;1.26;1;1
11217;12072.34;50;1.17;1;1
11218;11485.83;50;1.21;1;1
11219;11974.58;50;1.15;1;1
11220;11436.95;50;1.20;1;1
11221;11974.58;50;1.14;1;1
11222;11534.70;50;1.20;1;1
11223;12121.21;50;1.15;1;1
11224;11632.45;50;1.21;1;1
11225;12072.34;50;1.16;1;1
11226;11534.70;50;1.21;1;1
11227;12121.21;50;1.15;1;1
11228;11485.83;50;1.21;1;1
11229;12121.21;50;1.15;1;1
11230;11681.33;50;1.21;1;1
11231;12218.96;50;1.17;1;1
11232;11632.45;50;1.22;1;1
11233;12218.96;50;1.16;1;1
11234;11583.58;50;1.22;1;1
11235;12170.09;50;1.16;1;1
11236;11681.33;50;1.22;1;1
11237;12072.34;50;1.17;1;1
11238;11583.58;50;1.21;1;1
11239;12170.09;50;1.16;1;1
11240;11583.58;50;1.22;1;1
11241;12170.09;50;1.16;1;1
11242;11779.08;50;1.22;1;1
11243;12121.21;50;1.18;1;1
11244;11779.08;50;1.21;1;1
11245;12267.84;50;1.18;1;1
11246;11827.96;50;1.23;1;1
11247;11974.58;50;1.18;1;1
11248;11779.08;50;1.20;1;1
11249;12121.21;50;1.18;1;1
11250;11827.96;50;1.21;1;1
11251;12072.34;50;1.18;1;1
11252;11779.08;50;1.21;1;1
11253;11974.58;50;1.18;1;1
11254;11876.83;50;1.20;1;1
11255;11974.58;50;1.19;1;1
11256;11779.08;50;1.20;1;1
11257;12023.46;50;1.18;1;1
11258;12023.46;50;1.20;1;1
11259;11876.83;50;1.20;1;1
11260;12170.09;50;1.19;1;1
11261;11779.08;50;1.22;1;1
11262;11827.96;50;1.18;1;1
11263;11827.96;50;1.18;1;1
11264;12170.09;50;1.18;1;1
11265;11779.08;50;1.22;1;1
11266;11730.21;50;1.18;1;1
11267;11925.71;50;1.17;1;1
11268;11974.58;50;1.19;1;1
11269;12023.46;50;1.20;1;1
11270;11925.71;50;1.20;1;1
11271;11876.83;50;1.19;1;1
11272;11974.58;50;1.19;1;1
11273;11779.08;50;1.20;1;1
11274;12072.34;50;1.18;1;1
11275;11827.96;50;1.21;1;1
11276;12121.21;50;1.18;1;1
11277;11779.08;50;1.21;1;1
11278;12267.84;50;1.18;1;1
11279;11974.58;50;1.23;1;1
11280;12170.09;50;1.20;1;1
11281;11730.21;50;1.22;1;1
11282;12072.34;50;1.17;1;1
11283;11827.96;50;1.21;1;1
11284;12121.21;50;1.18;1;1
11285;11730.21;50;1.21;1;1
11286;12121.21;50;1.17;1;1
11287;11534.70;50;1.21;1;1
11288;12121.21;50;1.15;1;1
11289;11681.33;50;1.21;1;1
11290;12121.21;50;1.17;1;1
11291;11681.33;50;1.21;1;1
11292;11974.58;50;1.17;1;1
11293;11681.33;50;1.20;1;1
11294;12218.96;50;1.17;1;1
11295;11876.83;50;1.22;1;1
11296;12170.09;50;1.19;1;1
11297;11827.96;50;1.22;1;1
11298;12267.84;50;1.18;1;1
11299;11779.08;50;1.23;1;1
11300;12267.84;50;1.18;1;1
11301;11681.33;50;1.23;1;1
11302;12170.09;50;1.17;1;1
11303;11534.70;50;1.22;1;1
11304;11925.71;50;1.15;1;1
11305;11681.33;50;1.19;1;1
11306;12365.59;50;1.17;1;1
11307;11779.08;50;1.24;1;1
11308;12023.46;50;1.18;1;1
11309;11730.21;50;1.20;1;1
11310;11925.71;50;1.17;1;1
11311;11436.95;50;1.19;1;1
11312;11925.71;50;1.14;1;1
11313;11485.83;50;1.19;1;1
11314;12023.46;50;1.15;1;1
11315;11583.58;50;1.20;1;1
11316;12023.46;50;1.16;1;1
11317;11583.58;50;1.20;1;1
11318;12218.96;50;1.16;1;1
11319;11681.33;50;1.22;1;1
11320;12170.09;50;1.17;1;1
11321;11632.45;50;1.22;1;1
11322;12267.84;50;1.16;1;1
11323;11681.33;50;1.23;1;1
11324;12218.96;50;1.17;1;1
11325;11583.58;50;1.22;1;1
11326;11925.71;50;1.16;1;1
11327;11534.70;50;1.19;1;1
11328;11974.58;50;1.15;1;1
11329;11534.70;50;1.20;1;1
11330;12023.46;50;1.15;1;1
11331;11583.58;50;1.20;1;1
11332;12121.21;50;1.16;1;1
11333;11534.70;50;1.21;1;1
11334;12072.34;50;1.15;1;1
11335;11339.20;50;1.21;1;1
11336;11974.58;50;1.13;1;1
11337;11827.96;50;1.20;1;1
11338;12170.09;50;1.18;1;1
11339;11583.58;50;1.22;1;1
11340;12267.84;50;1.16;1;1
11341;11534.70;50;1.23;1;1
11342;12121.21;50;1.15;1;1
11343;11534.70;50;1.21;1;1
11344;12121.21;50;1.15;1;1
11345;11681.33;50;1.21;1;1
11346;12267.84;50;1.17;1;1
11347;11632.45;50;1.23;1;1
11348;12170.09;50;1.16;1;1
11349;11681.33;50;1.22;1;1
11350;12170.09;50;1.17;1;1
11351;11534.70;50;1.22;1;1
11352;12121.21;50;1.15;1;1
11353;11632.45;50;1.21;1;1
11354;12170.09;50;1.16;1;1
11355;11632.45;50;1.22;1;1
11356;12218.96;50;1.16;1;1
11357;11485.83;50;1.22;1;1
11358;12170.09;50;1.15;1;1
11359;11485.83;50;1.22;1;1
11360;12072.34;50;1.15;1;1
11361;11436.95;50;1.21;1;1
11362;12072.34;50;1.14;1;1
11363;11485.83;50;1.21;1;1
11364;12170.09;50;1.15;1;1
11365;11534.70;50;1.22;1;1
11366;12023.46;50;1.15;1;1
11367;11436.95;50;1.20;1;1
11368;12170.09;50;1.14;1;1
11369;11583.58;50;1.22;1;1
11370;12170.09;50;1.16;1;1
11371;11534.70;50;1.22;1;1
11372;12218.96;50;1.15;1;1
11373;11534.70;50;1.22;1;1
11374;12218.96;50;1.15;1;1
11375;11632.45;50;1.22;1;1
11376;12267.84;50;1.16;1;1
11377;11632.45;50;1.23;1;1
11378;12414.47;50;1.16;1;1
11379;11681.33;50;1.24;1;1
11380;12218.96;50;1.17;1;1
11381;11779.08;50;1.22;1;1
11382;12170.09;50;1.18;1;1
11383;11681.33;50;1.22;1;1
11384;12023.46;50;1.17;1;1
11385;11779.08;50;1.20;1;1
11386;12121.21;50;1.18;1;1
11387;11925.71;50;1.21;1;1
11388;12023.46;50;1.19;1;1
11389;11876.83;50;1.20;1;1
11390;12121.21;50;1.19;1;1
11391;11925.71;50;1.21;1;1
11392;12170.09;50;1.19;1;1
11393;11925.71;50;1.22;1;1
11394;12023.46;50;1.19;1;1
11395;11925.71;50;1.20;1;1
11396;12072.34;50;1.19;1;1
11397;12121.21;50;1.21;1;1
11398;12267.84;50;1.21;1;1
11399;11779.08;50;1.23;1;1
11400;12121.21;50;1.18;1;1
11401;11876.83;50;1.21;1;1
11402;12072.34;50;1.19;1;1
11403;11974.58;50;1.21;1;1
11404;12072.34;50;1.20;1;1
11405;11925.71;50;1.21;1;1
11406;12023.46;50;1.19;1;1
11407;11925.71;50;1.20;1;1
11408;12170.09;50;1.19;1;1
11409;12170.09;50;1.22;1;1
11410;11974.58;50;1.22;1;1
11411;11779.08;50;1.20;1;1
11412;12121.21;50;1.18;1;1
11413;11827.96;50;1.21;1;1
11414;12023.46;50;1.18;1;1
11415;11876.83;50;1.20;1;1
11416;12072.34;50;1.19;1;1
11417;11779.08;50;1.21;1;1
11418;12121.21;50;1.18;1;1
11419;11730.21;50;1.21;1;1
11420;12170.09;50;1.17;1;1
11421;11925.71;50;1.22;1;1
11422;11925.71;50;1.19;1;1
11423;11925.71;50;1.19;1;1
11424;12023.46;50;1.19;1;1
11425;11876.83;50;1.20;1;1
11426;11974.58;50;1.19;1;1
11427;11974.58;50;1.20;1;1
11428;11779.08;50;1.20;1;1
11429;11925.71;50;1.18;1;1
11430;11974.58;50;1.19;1;1
11431;11974.58;50;1.20;1;1
11432;11876.83;50;1.20;1;1
11433;11974.58;50;1.19;1;1
11434;11876.83;50;1.20;1;1
11435;12023.46;50;1.19;1;1
11436;11827.96;50;1.20;1;1
11437;11974.58;50;1.18;1;1
11438;11827.96;50;1.20;1;1
11439;12218.96;50;1.18;1;1
11440;11681.33;50;1.22;1;1
11441;12121.21;50;1.17;1;1
11442;11827.96;50;1.21;1;1
11443;12121.21;50;1.18;1;1
11444;11779.08;50;1.21;1;1
11445;12072.34;50;1.18;1;1
11446;11730.21;50;1.21;1;1
11447;12072.34;50;1.17;1;1
11448;11632.45;50;1.21;1;1
11449;12218.96;50;1.16;1;1
11450;11632.45;50;1.22;1;1
11451;12365.59;50;1.16;1;1
11452;11925.71;50;1.24;1;1
11453;12121.21;50;1.19;1;1
11454;11681.33;50;1.21;1;1
11455;11974.58;50;1.17;1;1
11456;11485.83;50;1.20;1;1
11457;11974.58;50;1.15;1;1
11458;11632.45;50;1.20;1;1
11459;12023.46;50;1.16;1;1
11460;11534.70;50;1.20;1;1
11461;12218.96;50;1.15;1;1
11462;11485.83;50;1.22;1;1
11463;12121.21;50;1.15;1;1
11464;11632.45;50;1.21;1;1
11465;12218.96;50;1.16;1;1
11466;11583.58;50;1.22;1;1
11467;12121.21;50;1.16;1;1
11468;11681.33;50;1.21;1;1
11469;12316.71;50;1.17;1;1
11470;11632.45;50;1.23;1;1
11471;12316.71;50;1.16;1;1
11472;11632.45;50;1.23;1;1
11473;12121.21;50;1.16;1;1
11474;11779.08;50;1.21;1;1
11475;12267.84;50;1.18;1;1
11476;11827.96;50;1.23;1;1
11477;12365.59;50;1.18;1;1
11478;11827.96;50;1.24;1;1
11479;12267.84;50;1.18;1;1
11480;11583.58;50;1.23;1;1
11481;12414.47;50;1.16;1;1
11482;11681.33;50;1.24;1;1
11483;12365.59;50;1.17;1;1
11484;11681.33;50;1.24;1;1
11485;12365.59;50;1.17;1;1
11486;11730.21;50;1.24;1;1
11487;12218.96;50;1.17;1;1
11488;11632.45;50;1.22;1;1
11489;12463.34;50;1.16;1;1
11490;11876.83;50;1.25;1;1
11491;12218.96;50;1.19;1;1
11492;11827.96;50;1.22;1;1
11493;12414.47;50;1.18;1;1
11494;11681.33;50;1.24;1;1
11495;12267.84;50;1.17;1;1
11496;11925.71;50;1.23;1;1
11497;12365.59;50;1.19;1;1
11498;11974.58;50;1.24;1;1
11499;12267.84;50;1.20;1;1
11500;11779.08;50;1.23;1;1
11501;12121.21;50;1.18;1;1
11502;11876.83;50;1.21;1;1
11503;12365.59;50;1.19;1;1
11504;11925.71;50;1.24;1;1
11505;12170.09;50;1.19;1;1
11506;12072.34;50;1.22;1;1
11507;12121.21;50;1.21;1;1
11508;12023.46;50;1.21;1;1
11509;12316.71;50;1.20;1;1
11510;11974.58;50;1.23;1;1
11511;12170.09;50;1.20;1;1
11512;12121.21;50;1.22;1;1
11513;12121.21;50;1.21;1;1
11514;12170.09;50;1.21;1;1
11515;12121.21;50;1.22;1;1
11516;12218.96;50;1.21;1;1
11517;12072.34;50;1.22;1;1
11518;12072.34;50;1.21;1;1
11519;12267.84;50;1.21;1;1
11520;12170.09;50;1.23;1;1
11521;12121.21;50;1.22;1;1
11522;12170.09;50;1.21;1;1
11523;12072.34;50;1.22;1;1
11524;12121.21;50;1.21;1;1
11525;12072.34;50;1.21;1;1
11526;12121.21;50;1.21;1;1
11527;11974.58;50;1.21;1;1
11528;12316.71;50;1.20;1;1
11529;12023.46;50;1.23;1;1
11530;12512.22;50;1.20;1;1
11531;12072.34;50;1.25;1;1
11532;12365.59;50;1.21;1;1
11533;12121.21;50;1.24;1;1
11534;12414.47;50;1.21;1;1
11535;12316.71;50;1.24;1;1
11536;12414.47;50;1.23;1;1
11537;12023.46;50;1.24;1;1
11538;12463.34;50;1.20;1;1
11539;12121.21;50;1.25;1;1
11540;12561.09;50;1.21;1;1
11541;11925.71;50;1.26;1;1
11542;12316.71;50;1.19;1;1
11543;11925.71;50;1.23;1;1
11544;12267.84;50;1.19;1;1
11545;11876.83;50;1.23;1;1
11546;12218.96;50;1.19;1;1
11547;11827.96;50;1.22;1;1
11548;12267.84;50;1.18;1;1
11549;11730.21;50;1.23;1;1
11550;12267.84;50;1.17;1;1
11551;11632.45;50;1.23;1;1
11552;12267.84;50;1.16;1;1
11553;11779.08;50;1.23;1;1
11554;12267.84;50;1.18;1;1
11555;11730.21;50;1.23;1;1
11556;12316.71;50;1.17;1;1
11557;11681.33;50;1.23;1;1
11558;12267.84;50;1.17;1;1
11559;11827.96;50;1.23;1;1
11560;12072.34;50;1.18;1;1
11561;11681.33;50;1.21;1;1
11562;12218.96;50;1.17;1;1
11563;11632.45;50;1.22;1;1
11564;12218.96;50;1.16;1;1
11565;11779.08;50;1.22;1;1
11566;12316.71;50;1.18;1;1
11567;11779.08;50;1.23;1;1
11568;12267.84;50;1.18;1;1
11569;11730.21;50;1.23;1;1
11570;12170.09;50;1.17;1;1
11571;11632.45;50;1.22;1;1
11572;12072.34;50;1.16;1;1
11573;11730.21;50;1.21;1;1
11574;12218.96;50;1.17;1;1
11575;11730.21;50;1.22;1;1
11576;12170.09;50;1.17;1;1
11577;11534.70;50;1.22;1;1
11578;12121.21;50;1.15;1;1
11579;11730.21;50;1.21;1;1
11580;12121.21;50;1.17;1;1
11581;11632.45;50;1.21;1;1
11582;12170.09;50;1.16;1;1
11583;11681.33;50;1.22;1;1
11584;12170.09;50;1.17;1;1
11585;11730.21;50;1.22;1;1
11586;12316.71;50;1.17;1;1
11587;11485.83;50;1.23;1;1
11588;12267.84;50;1.15;1;1
11589;11632.45;50;1.23;1;1
11590;12072.34;50;1.16;1;1
11591;11632.45;50;1.21;1;1
11592;12316.71;50;1.16;1;1
11593;11632.45;50;1.23;1;1
11594;12414.47;50;1.16;1;1
11595;11583.58;50;1.24;1;1
11596;12267.84;50;1.16;1;1
11597;11632.45;50;1.23;1;1
11598;12121.21;50;1.16;1;1
11599;11436.95;50;1.21;1;1
11600;12316.71;50;1.14;1;1
11601;11632.45;50;1.23;1;1
11602;12218.96;50;1.16;1;1
11603;11681.33;50;1.22;1;1
11604;12267.84;50;1.17;1;1
11605;11730.21;50;1.23;1;1
11606;12365.59;50;1.17;1;1
11607;11730.21;50;1.24;1;1
11608;12316.71;50;1.17;1;1
11609;11632.45;50;1.23;1;1
11610;12512.22;50;1.16;1;1
11611;11779.08;50;1.25;1;1
11612;12512.22;50;1.18;1;1
11613;11779.08;50;1.25;1;1
11614;12365.59;50;1.18;1;1
11615;11632.45;50;1.24;1;1
11616;12316.71;50;1.16;1;1
11617;11534.70;50;1.23;1;1
11618;12561.09;50;1.15;1;1
11619;11681.33;50;1.26;1;1
11620;12267.84;50;1.17;1;1
11621;11632.45;50;1.23;1;1
11622;12512.22;50;1.16;1;1
11623;11681.33;50;1.25;1;1
11624;12365.59;50;1.17;1;1
11625;11681.33;50;1.24;1;1
11626;12316.71;50;1.17;1;1
11627;11730.21;50;1.23;1;1
11628;12316.71;50;1.17;1;1
11629;11779.08;50;1.23;1;1
11630;12512.22;50;1.18;1;1
11631;11876.83;50;1.25;1;1
11632;12561.09;50;1.19;1;1
11633;11974.58;50;1.26;1;1
11634;12561.09;50;1.20;1;1
11635;12023.46;50;1.26;1;1
11636;12463.34;50;1.20;1;1
11637;11827.96;50;1.25;1;1
11638;12561.09;50;1.18;1;1
11639;11876.83;50;1.26;1;1
11640;12365.59;50;1.19;1;1
11641;11876.83;50;1.24;1;1
11642;12365.59;50;1.19;1;1
11643;11974.58;50;1.24;1;1
11644;12316.71;50;1.20;1;1
11645;12023.46;50;1.23;1;1
11646;12463.34;50;1.20;1;1
11647;12072.34;50;1.25;1;1
11648;12365.59;50;1.21;1;1
11649;11925.71;50;1.24;1;1
11650;12414.47;50;1.19;1;1
11651;12072.34;50;1.24;1;1
11652;12561.09;50;1.21;1;1
11653;12023.46;50;1.26;1;1
11654;12365.59;50;1.20;1;1
11655;11925.71;50;1.24;1;1
11656;12512.22;50;1.19;1;1
11657;12023.46;50;1.25;1;1
11658;12316.71;50;1.20;1;1
11659;11925.71;50;1.23;1;1
11660;12218.96;50;1.19;1;1
11661;12072.34;50;1.22;1;1
11662;12365.59;50;1.21;1;1
11663;11925.71;50;1.24;1;1
11664;12267.84;50;1.19;1;1
11665;11974.58;50;1.23;1;1
11666;12316.71;50;1.20;1;1
11667;12072.34;50;1.23;1;1
11668;12316.71;50;1.21;1;1
11669;12072.34;50;1.23;1;1
11670;12267.84;50;1.21;1;1
11671;11925.71;50;1.23;1;1
11672;12218.96;50;1.19;1;1
11673;11925.71;50;1.22;1;1
11674;12072.34;50;1.19;1;1
11675;11925.71;50;1.21;1;1
11676;12267.84;50;1.19;1;1
11677;11974.58;50;1.23;1;1
11678;12316.71;50;1.20;1;1
11679;11925.71;50;1.23;1;1
11680;12121.21;50;1.19;1;1
11681;11827.96;50;1.21;1;1
11682;12170.09;50;1.18;1;1
11683;11974.58;50;1.22;1;1
11684;12218.96;50;1.20;1;1
11685;12121.21;50;1.22;1;1
11686;12218.96;50;1.21;1;1
11687;12121.21;50;1.22;1;1
11688;12218.96;50;1.21;1;1
11689;12072.34;50;1.22;1;1
11690;12072.34;50;1.21;1;1
11691;12121.21;50;1.21;1;1
11692;12072.34;50;1.21;1;1
11693;12170.09;50;1.21;1;1
11694;12121.21;50;1.22;1;1
11695;12218.96;50;1.21;1;1
11696;12072.34;50;1.22;1;1
11697;12170.09;50;1.21;1;1
11698;12072.34;50;1.22;1;1
11699;12121.21;50;1.21;1;1
11700;12170.09;50;1.21;1;1
11701;12121.21;50;1.22;1;1
11702;12121.21;50;1.21;1;1
11703;12218.96;50;1.21;1;1
11704;11925.71;50;1.22;1;1
11705;12365.59;50;1.19;1;1
11706;12170.09;50;1.24;1;1
11707;12218.96;50;1.22;1;1
11708;12170.09;50;1.22;1;1
11709;12414.47;50;1.22;1;1
11710;12170.09;50;1.24;1;1
11711;12414.47;50;1.22;1;1
11712;12218.96;50;1.24;1;1
11713;12512.22;50;1.22;1;1
11714;12218.96;50;1.25;1;1
11715;12658.85;50;1.22;1;1
11716;12218.96;50;1.27;1;1
11717;12609.97;50;1.22;1;1
11718;12121.21;50;1.26;1;1
11719;12609.97;50;1.21;1;1
11720;12267.84;50;1.26;1;1
11721;12463.34;50;1.23;1;1
11722;12121.21;50;1.25;1;1
11723;12512.22;50;1.21;1;1
11724;12170.09;50;1.25;1;1
11725;12756.60;50;1.22;1;1
11726;12170.09;50;1.28;1;1
11727;12658.85;50;1.22;1;1
11728;11827.96;50;1.27;1;1
11729;12561.09;50;1.18;1;1
11730;11876.83;50;1.26;1;1
11731;12463.34;50;1.19;1;1
11732;12072.34;50;1.25;1;1
11733;12756.60;50;1.21;1;1
11734;12170.09;50;1.28;1;1
11735;12561.09;50;1.22;1;1
11736;12023.46;50;1.26;1;1
11737;12512.22;50;1.20;1;1
11738;12023.46;50;1.25;1;1
11739;12414.47;50;1.20;1;1
11740;11876.83;50;1.24;1;1
11741;12512.22;50;1.19;1;1
11742;11779.08;50;1.25;1;1
11743;12365.59;50;1.18;1;1
11744;11876.83;50;1.24;1;1
11745;12707.72;50;1.19;1;1
11746;11974.58;50;1.27;1;1
11747;12512.22;50;1.20;1;1
11748;12023.46;50;1.25;1;1
11749;12756.60;50;1.20;1;1
11750;11779.08;50;1.28;1;1
11751;12854.35;50;1.18;1;1
11752;12121.21;50;1.29;1;1
11753;12609.97;50;1.21;1;1
11754;12121.21;50;1.26;1;1
11755;12707.72;50;1.21;1;1
11756;12218.96;50;1.27;1;1
11757;12854.35;50;1.22;1;1
11758;12170.09;50;1.29;1;1
11759;12854.35;50;1.22;1;1
11760;12170.09;50;1.29;1;1
11761;12854.35;50;1.22;1;1
11762;12365.59;50;1.29;1;1
11763;12854.35;50;1.24;1;1
11764;12365.59;50;1.29;1;1
11765;12903.23;50;1.24;1;1
11766;12707.72;50;1.29;1;1
11767;12854.35;50;1.27;1;1
11768;12414.47;50;1.29;1;1
11769;12756.60;50;1.24;1;1
11770;12365.59;50;1.28;1;1
11771;12756.60;50;1.24;1;1
11772;12267.84;50;1.28;1;1
11773;12658.85;50;1.23;1;1
11774;12316.71;50;1.27;1;1
11775;12756.60;50;1.23;1;1
11776;12512.22;50;1.28;1;1
11777;12805.47;50;1.25;1;1
11778;12463.34;50;1.28;1;1
11779;12561.09;50;1.25;1;1
11780;12854.35;50;1.26;1;1
11781;12658.85;50;1.29;1;1
11782;12561.09;50;1.27;1;1
11783;12707.72;50;1.26;1;1
11784;12561.09;50;1.27;1;1
11785;12658.85;50;1.26;1;1
11786;12463.34;50;1.27;1;1
11787;12512.22;50;1.25;1;1
11788;12561.09;50;1.25;1;1
11789;12414.47;50;1.26;1;1
11790;12512.22;50;1.24;1;1
11791;12463.34;50;1.25;1;1
11792;12658.85;50;1.25;1;1
11793;12463.34;50;1.27;1;1
11794;12609.97;50;1.25;1;1
11795;12463.34;50;1.26;1;1
11796;12805.47;50;1.25;1;1
11797;12707.72;50;1.28;1;1
11798;12561.09;50;1.27;1;1
11799;12414.47;50;1.26;1;1
11800;12561.09;50;1.24;1;1
11801;12414.47;50;1.26;1;1
11802;12512.22;50;1.24;1;1
11803;12316.71;50;1.25;1;1
11804;12609.97;50;1.23;1;1
11805;12267.84;50;1.26;1;1
11806;12512.22;50;1.23;1;1
11807;12170.09;50;1.25;1;1
11808;12658.85;50;1.22;1;1
11809;12267.84;50;1.27;1;1
11810;12658.85;50;1.23;1;1
11811;12170.09;50;1.27;1;1
11812;12707.72;50;1.22;1;1
11813;12365.59;50;1.27;1;1
11814;12756.60;50;1.24;1;1
11815;12267.84;50;1.28;1;1
11816;12561.09;50;1.23;1;1
11817;12267.84;50;1.26;1;1
11818;12707.72;50;1.23;1;1
11819;12365.59;50;1.27;1;1
11820;12658.85;50;1.24;1;1
11821;12170.09;50;1.27;1;1
11822;12707.72;50;1.22;1;1
11823;12218.96;50;1.27;1;1
11824;12756.60;50;1.22;1;1
11825;12316.71;50;1.28;1;1
11826;12609.97;50;1.23;1;1
11827;12218.96;50;1.26;1;1
11828;12609.97;50;1.22;1;1
11829;12218.96;50;1.26;1;1
11830;12756.60;50;1.22;1;1
11831;12267.84;50;1.28;1;1
11832;12756.60;50;1.23;1;1
11833;12170.09;50;1.28;1;1
11834;12854.35;50;1.22;1;1
11835;12218.96;50;1.29;1;1
11836;12756.60;50;1.22;1;1
11837;12218.96;50;1.28;1;1
11838;12854.35;50;1.22;1;1
11839;12316.71;50;1.29;1;1
11840;12854.35;50;1.23;1;1
11841;12218.96;50;1.29;1;1
11842;12903.23;50;1.22;1;1
11843;12267.84;50;1.29;1;1
11844;12805.47;50;1.23;1;1
11845;12218.96;50;1.28;1;1
11846;12854.35;50;1.22;1;1
11847;12267.84;50;1.29;1;1
11848;12756.60;50;1.23;1;1
11849;12316.71;50;1.28;1;1
11850;12903.23;50;1.23;1;1
11851;12414.47;50;1.29;1;1
11852;12805.47;50;1.24;1;1
11853;12170.09;50;1.28;1;1
11854;13000.98;50;1.22;1;1
11855;12365.59;50;1.30;1;1
11856;12854.35;50;1.24;1;1
11857;12316.71;50;1.29;1;1
11858;13049.85;50;1.23;1;1
11859;12414.47;50;1.30;1;1
11860;12903.23;50;1.24;1;1
11861;12267.84;50;1.29;1;1
11862;12854.35;50;1.23;1;1
11863;12414.47;50;1.29;1;1
11864;12903.23;50;1.24;1;1
11865;12267.84;50;1.29;1;1
11866;13000.98;50;1.23;1;1
11867;12414.47;50;1.30;1;1
11868;12903.23;50;1.24;1;1
11869;12267.84;50;1.29;1;1
11870;12952.10;50;1.23;1;1
11871;12463.34;50;1.30;1;1
11872;13000.98;50;1.25;1;1
11873;12267.84;50;1.30;1;1
11874;13049.85;50;1.23;1;1
11875;12561.09;50;1.30;1;1
11876;13147.60;50;1.26;1;1
11877;12414.47;50;1.31;1;1
11878;13000.98;50;1.24;1;1
11879;12414.47;50;1.30;1;1
11880;12903.23;50;1.24;1;1
11881;12316.71;50;1.29;1;1
11882;13000.98;50;1.23;1;1
11883;12658.85;50;1.30;1;1
11884;13196.48;50;1.27;1;1
11885;12365.59;50;1.32;1;1
11886;12903.23;50;1.24;1;1
11887;12170.09;50;1.29;1;1
11888;12903.23;50;1.22;1;1
11889;12267.84;50;1.29;1;1
11890;12903.23;50;1.23;1;1
11891;12365.59;50;1.29;1;1
11892;12952.10;50;1.24;1;1
11893;12267.84;50;1.30;1;1
11894;12952.10;50;1.23;1;1
11895;12365.59;50;1.30;1;1
11896;12854.35;50;1.24;1;1
11897;12365.59;50;1.29;1;1
11898;12952.10;50;1.24;1;1
11899;12316.71;50;1.30;1;1
11900;13000.98;50;1.23;1;1
11901;12365.59;50;1.30;1;1
11902;12854.35;50;1.24;1;1
11903;12414.47;50;1.29;1;1
11904;13000.98;50;1.24;1;1
11905;12512.22;50;1.30;1;1
11906;13049.85;50;1.25;1;1
11907;12463.34;50;1.30;1;1
11908;13098.73;50;1.25;1;1
11909;12414.47;50;1.31;1;1
11910;12854.35;50;1.24;1;1
11911;12463.34;50;1.29;1;1
11912;13000.98;50;1.25;1;1
11913;12707.72;50;1.30;1;1
11914;12952.10;50;1.27;1;1
11915;12463.34;50;1.30;1;1
11916;12952.10;50;1.25;1;1
11917;12463.34;50;1.30;1;1
11918;12658.85;50;1.25;1;1
11919;12707.72;50;1.27;1;1
11920;12952.10;50;1.27;1;1
11921;12512.22;50;1.30;1;1
11922;12903.23;50;1.25;1;1
11923;12463.34;50;1.29;1;1
11924;12756.60;50;1.25;1;1
11925;12365.59;50;1.28;1;1
11926;12952.10;50;1.24;1;1
11927;12463.34;50;1.30;1;1
11928;12658.85;50;1.25;1;1
11929;12463.34;50;1.27;1;1
11930;13000.98;50;1.25;1;1
11931;12316.71;50;1.30;1;1
11932;12854.35;50;1.23;1;1
11933;12316.71;50;1.29;1;1
11934;12952.10;50;1.23;1;1
11935;12463.34;50;1.30;1;1
11936;12903.23;50;1.25;1;1
11937;12218.96;50;1.29;1;1
11938;12805.47;50;1.22;1;1
11939;12267.84;50;1.28;1;1
11940;12756.60;50;1.23;1;1
11941;12218.96;50;1.28;1;1
11942;12658.85;50;1.22;1;1
11943;12463.34;50;1.27;1;1
11944;12952.10;50;1.25;1;1
11945;12218.96;50;1.30;1;1
11946;13000.98;50;1.22;1;1
11947;12218.96;50;1.30;1;1
11948;12805.47;50;1.22;1;1
11949;12170.09;50;1.28;1;1
11950;12756.60;50;1.22;1;1
11951;12414.47;50;1.28;1;1
11952;12805.47;50;1.24;1;1
11953;12316.71;50;1.28;1;1
11954;12658.85;50;1.23;1;1
11955;12072.34;50;1.27;1;1
11956;12463.34;50;1.21;1;1
11957;12121.21;50;1.25;1;1
11958;12561.09;50;1.21;1;1
11959;12121.21;50;1.26;1;1
11960;12707.72;50;1.21;1;1
11961;12414.47;50;1.27;1;1
11962;12707.72;50;1.24;1;1
11963;12316.71;50;1.27;1;1
11964;12756.60;50;1.23;1;1
11965;12316.71;50;1.28;1;1
11966;12756.60;50;1.23;1;1
11967;12463.34;50;1.28;1;1
11968;12805.47;50;1.25;1;1
11969;12365.59;50;1.28;1;1
11970;12609.97;50;1.24;1;1
11971;12414.47;50;1.26;1;1
11972;12658.85;50;1.24;1;1
11973;12414.47;50;1.27;1;1
11974;12854.35;50;1.24;1;1
11975;12463.34;50;1.29;1;1
11976;13049.85;50;1.25;1;1
11977;12512.22;50;1.30;1;1
11978;12707.72;50;1.25;1;1
11979;12316.71;50;1.27;1;1
11980;12756.60;50;1.23;1;1
11981;12365.59;50;1.28;1;1
11982;12805.47;50;1.24;1;1
11983;12414.47;50;1.28;1;1
11984;12658.85;50;1.24;1;1
11985;12414.47;50;1.27;1;1
11986;12463.34;50;1.24;1;1
11987;12512.22;50;1.25;1;1
11988;12463.34;50;1.25;1;1
11989;12609.97;50;1.25;1;1
11990;12414.47;50;1.26;1;1
11991;12365.59;50;1.24;1;1
11992;12365.59;50;1.24;1;1
11993;12512.22;50;1.24;1;1
11994;12414.47;50;1.25;1;1
11995;12463.34;50;1.24;1;1
11996;12414.47;50;1.25;1;1
11997;12512.22;50;1.24;1;1
11998;12414.47;50;1.25;1;1
11999;12365.59;50;1.24;1;1
12000;12463.34;50;1.24;1;1
12001;12365.59;50;1.25;1;1
12002;12463.34;50;1.24;1;1
12003;12365.59;50;1.25;1;1
12004;12658.85;50;1.24;1;1
12005;12463.34;50;1.27;1;1
12006;12512.22;50;1.25;1;1
12007;12414.47;50;1.25;1;1
12008;12267.84;50;1.24;1;1
12009;12512.22;50;1.23;1;1
12010;12365.59;50;1.25;1;1
12011;12561.09;50;1.24;1;1
12012;12561.09;50;1.26;1;1
12013;12463.34;50;1.26;1;1
12014;12854.35;50;1.25;1;1
12015;12952.10;50;1.29;1;1
12016;12512.22;50;1.30;1;1
12017;12609.97;50;1.25;1;1
12018;12365.59;50;1.26;1;1
12019;12561.09;50;1.24;1;1
12020;12365.59;50;1.26;1;1
12021;12561.09;50;1.24;1;1
12022;12316.71;50;1.26;1;1
12023;12512.22;50;1.23;1;1
12024;12121.21;50;1.25;1;1
12025;12609.97;50;1.21;1;1
12026;12267.84;50;1.26;1;1
12027;12463.34;50;1.23;1;1
12028;12218.96;50;1.25;1;1
12029;12463.34;50;1.22;1;1
12030;12170.09;50;1.25;1;1
12031;12512.22;50;1.22;1;1
12032;12218.96;50;1.25;1;1
12033;12561.09;50;1.22;1;1
12034;12023.46;50;1.26;1;1
12035;12414.47;50;1.20;1;1
12036;12072.34;50;1.24;1;1
12037;12365.59;50;1.21;1;1
12038;12072.34;50;1.24;1;1
12039;12414.47;50;1.21;1;1
12040;11974.58;50;1.24;1;1
12041;12365.59;50;1.20;1;1
12042;12072.34;50;1.24;1;1
12043;12463.34;50;1.21;1;1
12044;11876.83;50;1.25;1;1
12045;12609.97;50;1.19;1;1
12046;12121.21;50;1.26;1;1
12047;12561.09;50;1.21;1;1
12048;11925.71;50;1.26;1;1
12049;12512.22;50;1.19;1;1
12050;11827.96;50;1.25;1;1
12051;12414.47;50;1.18;1;1
12052;11925.71;50;1.24;1;1
12053;12414.47;50;1.19;1;1
12054;11827.96;50;1.24;1;1
12055;12414.47;50;1.18;1;1
12056;11827.96;50;1.24;1;1
12057;12463.34;50;1.18;1;1
12058;11730.21;50;1.25;1;1
12059;12414.47;50;1.17;1;1
12060;11827.96;50;1.24;1;1
12061;12365.59;50;1.18;1;1
12062;11827.96;50;1.24;1;1
12063;12365.59;50;1.18;1;1
12064;11681.33;50;1.24;1;1
12065;12218.96;50;1.17;1;1
12066;11730.21;50;1.22;1;1
12067;12316.71;50;1.17;1;1
12068;11827.96;50;1.23;1;1
12069;12414.47;50;1.18;1;1
12070;11779.08;50;1.24;1;1
12071;12316.71;50;1.18;1;1
12072;11730.21;50;1.23;1;1
12073;12414.47;50;1.17;1;1
12074;11876.83;50;1.24;1;1
12075;12414.47;50;1.19;1;1
12076;11730.21;50;1.24;1;1
12077;12414.47;50;1.17;1;1
12078;11681.33;50;1.24;1;1
12079;12561.09;50;1.17;1;1
12080;11779.08;50;1.26;1;1
12081;12365.59;50;1.18;1;1
12082;11681.33;50;1.24;1;1
12083;12561.09;50;1.17;1;1
12084;12072.34;50;1.26;1;1
12085;12463.34;50;1.21;1;1
12086;11925.71;50;1.25;1;1
12087;12463.34;50;1.19;1;1
12088;11876.83;50;1.25;1;1
12089;12414.47;50;1.19;1;1
12090;11827.96;50;1.24;1;1
12091;12463.34;50;1.18;1;1
12092;11925.71;50;1.25;1;1
12093;12414.47;50;1.19;1;1
12094;11974.58;50;1.24;1;1
12095;12316.71;50;1.20;1;1
12096;11974.58;50;1.23;1;1
12097;12267.84;50;1.20;1;1
12098;12170.09;50;1.23;1;1
12099;12316.71;50;1.22;1;1
12100;12072.34;50;1.23;1;1
12101;12316.71;50;1.21;1;1
12102;12023.46;50;1.23;1;1
12103;12218.96;50;1.20;1;1
12104;12267.84;50;1.22;1;1
12105;12267.84;50;1.23;1;1
12106;12121.21;50;1.23;1;1
12107;12072.34;50;1.21;1;1
12108;12023.46;50;1.21;1;1
12109;12170.09;50;1.20;1;1
12110;12170.09;50;1.22;1;1
12111;12218.96;50;1.22;1;1
12112;12121.21;50;1.22;1;1
12113;12170.09;50;1.21;1;1
12114;12170.09;50;1.22;1;1
12115;11974.58;50;1.22;1;1
12116;12316.71;50;1.20;1;1
12117;11925.71;50;1.23;1;1
12118;12218.96;50;1.19;1;1
12119;11974.58;50;1.22;1;1
12120;12316.71;50;1.20;1;1
12121;12170.09;50;1.23;1;1
12122;12267.84;50;1.22;1;1
12123;12072.34;50;1.23;1;1
12124;12121.21;50;1.21;1;1
12125;11876.83;50;1.21;1;1
12126;12463.34;50;1.19;1;1
12127;12072.34;50;1.25;1;1
12128;12463.34;50;1.21;1;1
12129;11925.71;50;1.25;1;1
12130;12463.34;50;1.19;1;1
12131;12023.46;50;1.25;1;1
12132;12414.47;50;1.20;1;1
12133;11925.71;50;1.24;1;1
12134;12365.59;50;1.19;1;1
12135;11827.96;50;1.24;1;1
12136;12365.59;50;1.18;1;1
12137;12121.21;50;1.24;1;1
12138;12463.34;50;1.21;1;1
12139;12023.46;50;1.25;1;1
12140;12463.34;50;1.20;1;1
12141;11925.71;50;1.25;1;1
12142;12609.97;50;1.19;1;1
12143;12072.34;50;1.26;1;1
12144;12463.34;50;1.21;1;1
12145;11925.71;50;1.25;1;1
12146;12414.47;50;1.19;1;1
12147;12121.21;50;1.24;1;1
12148;12609.97;50;1.21;1;1
12149;11925.71;50;1.26;1;1
12150;12609.97;50;1.19;1;1
12151;11974.58;50;1.26;1;1
12152;12512.22;50;1.20;1;1
12153;12121.21;50;1.25;1;1
12154;12561.09;50;1.21;1;1
12155;11925.71;50;1.26;1;1
12156;12365.59;50;1.19;1;1
12157;11827.96;50;1.24;1;1
12158;12414.47;50;1.18;1;1
12159;11876.83;50;1.24;1;1
12160;12414.47;50;1.19;1;1
12161;11779.08;50;1.24;1;1
12162;12463.34;50;1.18;1;1
12163;11779.08;50;1.25;1;1
12164;12463.34;50;1.18;1;1
12165;11876.83;50;1.25;1;1
12166;12414.47;50;1.19;1;1
12167;11730.21;50;1.24;1;1
12168;12463.34;50;1.17;1;1
12169;11779.08;50;1.25;1;1
12170;12463.34;50;1.18;1;1
12171;11730.21;50;1.25;1;1
12172;12414.47;50;1.17;1;1
12173;11730.21;50;1.24;1;1
12174;12561.09;50;1.17;1;1
12175;11730.21;50;1.26;1;1
12176;12365.59;50;1.17;1;1
12177;11730.21;50;1.24;1;1
12178;12658.85;50;1.17;1;1
12179;11876.83;50;1.27;1;1
12180;12561.09;50;1.19;1;1
12181;11876.83;50;1.26;1;1
12182;12463.34;50;1.19;1;1
12183;11730.21;50;1.25;1;1
12184;12463.34;50;1.17;1;1
12185;11681.33;50;1.25;1;1
12186;12414.47;50;1.17;1;1
12187;11876.83;50;1.24;1;1
12188;12512.22;50;1.19;1;1
12189;11876.83;50;1.25;1;1
12190;12512.22;50;1.19;1;1
12191;11974.58;50;1.25;1;1
12192;12512.22;50;1.20;1;1
12193;11827.96;50;1.25;1;1
12194;12561.09;50;1.18;1;1
12195;11827.96;50;1.26;1;1
12196;12414.47;50;1.18;1;1
12197;11681.33;50;1.24;1;1
12198;12365.59;50;1.17;1;1
12199;11779.08;50;1.24;1;1
12200;12365.59;50;1.18;1;1
12201;11632.45;50;1.24;1;1
12202;12218.96;50;1.16;1;1
12203;11730.21;50;1.22;1;1
12204;12170.09;50;1.17;1;1
12205;11632.45;50;1.22;1;1
12206;12463.34;50;1.16;1;1
12207;11827.96;50;1.25;1;1
12208;12561.09;50;1.18;1;1
12209;11925.71;50;1.26;1;1
12210;12365.59;50;1.19;1;1
12211;11876.83;50;1.24;1;1
12212;12316.71;50;1.19;1;1
12213;11681.33;50;1.23;1;1
12214;12316.71;50;1.17;1;1
12215;11730.21;50;1.23;1;1
12216;12316.71;50;1.17;1;1
12217;11876.83;50;1.23;1;1
12218;12414.47;50;1.19;1;1
12219;12072.34;50;1.24;1;1
12220;12267.84;50;1.21;1;1
12221;12023.46;50;1.23;1;1
12222;12512.22;50;1.20;1;1
12223;12072.34;50;1.25;1;1
12224;12316.71;50;1.21;1;1
12225;12218.96;50;1.23;1;1
12226;12316.71;50;1.22;1;1
12227;12170.09;50;1.23;1;1
12228;12414.47;50;1.22;1;1
12229;12170.09;50;1.24;1;1
12230;12463.34;50;1.22;1;1
12231;12414.47;50;1.25;1;1
12232;12414.47;50;1.24;1;1
12233;12072.34;50;1.24;1;1
12234;12414.47;50;1.21;1;1
12235;12267.84;50;1.24;1;1
12236;12218.96;50;1.23;1;1
12237;12170.09;50;1.22;1;1
12238;12512.22;50;1.22;1;1
12239;12121.21;50;1.25;1;1
12240;12414.47;50;1.21;1;1
12241;12316.71;50;1.24;1;1
12242;12267.84;50;1.23;1;1
12243;12267.84;50;1.23;1;1
12244;12267.84;50;1.23;1;1
12245;12267.84;50;1.23;1;1
12246;12267.84;50;1.23;1;1
12247;12218.96;50;1.23;1;1
12248;12316.71;50;1.22;1;1
12249;12463.34;50;1.23;1;1
12250;12414.47;50;1.25;1;1
12251;12414.47;50;1.24;1;1
12252;12072.34;50;1.24;1;1
12253;12365.59;50;1.21;1;1
12254;12316.71;50;1.24;1;1
12255;12365.59;50;1.23;1;1
12256;12267.84;50;1.24;1;1
12257;12512.22;50;1.23;1;1
12258;12170.09;50;1.25;1;1
12259;12463.34;50;1.22;1;1
12260;12365.59;50;1.25;1;1
12261;12561.09;50;1.24;1;1
12262;12023.46;50;1.26;1;1
12263;12658.85;50;1.20;1;1
12264;12170.09;50;1.27;1;1
12265;12707.72;50;1.22;1;1
12266;12170.09;50;1.27;1;1
12267;12707.72;50;1.22;1;1
12268;12121.21;50;1.27;1;1
12269;12463.34;50;1.21;1;1
12270;12218.96;50;1.25;1;1
12271;12658.85;50;1.22;1;1
12272;12267.84;50;1.27;1;1
12273;12707.72;50;1.23;1;1
12274;12121.21;50;1.27;1;1
12275;12805.47;50;1.21;1;1
12276;12072.34;50;1.28;1;1
12277;12609.97;50;1.21;1;1
12278;12023.46;50;1.26;1;1
12279;12658.85;50;1.20;1;1
12280;12023.46;50;1.27;1;1
12281;12512.22;50;1.20;1;1
12282;12072.34;50;1.25;1;1
12283;12365.59;50;1.21;1;1
12284;11827.96;50;1.24;1;1
12285;12756.60;50;1.18;1;1
12286;12170.09;50;1.28;1;1
12287;12805.47;50;1.22;1;1
12288;11876.83;50;1.28;1;1
12289;12463.34;50;1.19;1;1
12290;12023.46;50;1.25;1;1
12291;12561.09;50;1.20;1;1
12292;11827.96;50;1.26;1;1
12293;12609.97;50;1.18;1;1
12294;11925.71;50;1.26;1;1
12295;12414.47;50;1.19;1;1
12296;11925.71;50;1.24;1;1
12297;12267.84;50;1.19;1;1
12298;11730.21;50;1.23;1;1
12299;12170.09;50;1.17;1;1
12300;11974.58;50;1.22;1;1
12301;12316.71;50;1.20;1;1
12302;11779.08;50;1.23;1;1
12303;12316.71;50;1.18;1;1
12304;11779.08;50;1.23;1;1
12305;12414.47;50;1.18;1;1
12306;11827.96;50;1.24;1;1
12307;12365.59;50;1.18;1;1
12308;11876.83;50;1.24;1;1
12309;12267.84;50;1.19;1;1
12310;11730.21;50;1.23;1;1
12311;12267.84;50;1.17;1;1
12312;12023.46;50;1.23;1;1
12313;12316.71;50;1.20;1;1
12314;11974.58;50;1.23;1;1
12315;12267.84;50;1.20;1;1
12316;11925.71;50;1.23;1;1
12317;12365.59;50;1.19;1;1
12318;12023.46;50;1.24;1;1
12319;12316.71;50;1.20;1;1
12320;12023.46;50;1.23;1;1
12321;12170.09;50;1.20;1;1
12322;11730.21;50;1.22;1;1
12323;12316.71;50;1.17;1;1
12324;11925.71;50;1.23;1;1
12325;12072.34;50;1.19;1;1
12326;12023.46;50;1.21;1;1
12327;12170.09;50;1.20;1;1
12328;11974.58;50;1.22;1;1
12329;12218.96;50;1.20;1;1
12330;11974.58;50;1.22;1;1
12331;12414.47;50;1.20;1;1
12332;11974.58;50;1.24;1;1
12333;12170.09;50;1.20;1;1
12334;12072.34;50;1.22;1;1
12335;12170.09;50;1.21;1;1
12336;12072.34;50;1.22;1;1
12337;12267.84;50;1.21;1;1
12338;12072.34;50;1.23;1;1
12339;12218.96;50;1.21;1;1
12340;12218.96;50;1.22;1;1
12341;12218.96;50;1.22;1;1
12342;11925.71;50;1.22;1;1
12343;12267.84;50;1.19;1;1
12344;12218.96;50;1.23;1;1
12345;12170.09;50;1.22;1;1
12346;12463.34;50;1.22;1;1
12347;12218.96;50;1.25;1;1
12348;12463.34;50;1.22;1;1
12349;12365.59;50;1.25;1;1
12350;12316.71;50;1.24;1;1
12351;12121.21;50;1.23;1;1
12352;12365.59;50;1.21;1;1
12353;12170.09;50;1.24;1;1
12354;12512.22;50;1.22;1;1
12355;12218.96;50;1.25;1;1
12356;12512.22;50;1.22;1;1
12357;12267.84;50;1.25;1;1
12358;12658.85;50;1.23;1;1
12359;12218.96;50;1.27;1;1
12360;12414.47;50;1.22;1;1
12361;12121.21;50;1.24;1;1
12362;12658.85;50;1.21;1;1
12363;12121.21;50;1.27;1;1
12364;12512.22;50;1.21;1;1
12365;12121.21;50;1.25;1;1
12366;12561.09;50;1.21;1;1
12367;12414.47;50;1.26;1;1
12368;12561.09;50;1.24;1;1
12369;12121.21;50;1.26;1;1
12370;12463.34;50;1.21;1;1
12371;12121.21;50;1.25;1;1
12372;12561.09;50;1.21;1;1
12373;12023.46;50;1.26;1;1
12374;12658.85;50;1.20;1;1
12375;12023.46;50;1.27;1;1
12376;12707.72;50;1.20;1;1
12377;12072.34;50;1.27;1;1
12378;12609.97;50;1.21;1;1
12379;12023.46;50;1.26;1;1
12380;12609.97;50;1.20;1;1
12381;12072.34;50;1.26;1;1
12382;12756.60;50;1.21;1;1
12383;11876.83;50;1.28;1;1
12384;12512.22;50;1.19;1;1
12385;11876.83;50;1.25;1;1
12386;12609.97;50;1.19;1;1
12387;11974.58;50;1.26;1;1
12388;12512.22;50;1.20;1;1
12389;11974.58;50;1.25;1;1
12390;12561.09;50;1.20;1;1
12391;11974.58;50;1.26;1;1
12392;12561.09;50;1.20;1;1
12393;12023.46;50;1.26;1;1
12394;12512.22;50;1.20;1;1
12395;12121.21;50;1.25;1;1
12396;12707.72;50;1.21;1;1
12397;11925.71;50;1.27;1;1
12398;12658.85;50;1.19;1;1
12399;12023.46;50;1.27;1;1
12400;12512.22;50;1.20;1;1
12401;11925.71;50;1.25;1;1
12402;12609.97;50;1.19;1;1
12403;11779.08;50;1.26;1;1
12404;12512.22;50;1.18;1;1
12405;11974.58;50;1.25;1;1
12406;12658.85;50;1.20;1;1
12407;11974.58;50;1.27;1;1
12408;12658.85;50;1.20;1;1
12409;11925.71;50;1.27;1;1
12410;12561.09;50;1.19;1;1
12411;11876.83;50;1.26;1;1
12412;12561.09;50;1.19;1;1
12413;11925.71;50;1.26;1;1
12414;12561.09;50;1.19;1;1
12415;11876.83;50;1.26;1;1
12416;12512.22;50;1.19;1;1
12417;11974.58;50;1.25;1;1
12418;12512.22;50;1.20;1;1
12419;11974.58;50;1.25;1;1
12420;12365.59;50;1.20;1;1
12421;11974.58;50;1.24;1;1
12422;12609.97;50;1.20;1;1
12423;12023.46;50;1.26;1;1
12424;12414.47;50;1.20;1;1
12425;11974.58;50;1.24;1;1
12426;12365.59;50;1.20;1;1
12427;12023.46;50;1.24;1;1
12428;12463.34;50;1.20;1;1
12429;12023.46;50;1.25;1;1
12430;12365.59;50;1.20;1;1
12431;11974.58;50;1.24;1;1
12432;12609.97;50;1.20;1;1
12433;12218.96;50;1.26;1;1
12434;12414.47;50;1.22;1;1
12435;12121.21;50;1.24;1;1
12436;12561.09;50;1.21;1;1
12437;12170.09;50;1.26;1;1
12438;12658.85;50;1.22;1;1
12439;12121.21;50;1.27;1;1
12440;12463.34;50;1.21;1;1
12441;12170.09;50;1.25;1;1
12442;12463.34;50;1.22;1;1
12443;12121.21;50;1.25;1;1
12444;12414.47;50;1.21;1;1
12445;12316.71;50;1.24;1;1
12446;12609.97;50;1.23;1;1
12447;12267.84;50;1.26;1;1
12448;12512.22;50;1.23;1;1
12449;12365.59;50;1.25;1;1
12450;12463.34;50;1.24;1;1
12451;12463.34;50;1.25;1;1
12452;12512.22;50;1.25;1;1
12453;12512.22;50;1.25;1;1
12454;12316.71;50;1.25;1;1
12455;12463.34;50;1.23;1;1
12456;12414.47;50;1.25;1;1
12457;12561.09;50;1.24;1;1
12458;12414.47;50;1.26;1;1
12459;12561.09;50;1.24;1;1
12460;12365.59;50;1.26;1;1
12461;12609.97;50;1.24;1;1
12462;12512.22;50;1.26;1;1
12463;12609.97;50;1.25;1;1
12464;12414.47;50;1.26;1;1
12465;12707.72;50;1.24;1;1
12466;12316.71;50;1.27;1;1
12467;12707.72;50;1.23;1;1
12468;12316.71;50;1.27;1;1
12469;12805.47;50;1.23;1;1
12470;12365.59;50;1.28;1;1
12471;12952.10;50;1.24;1;1
12472;12267.84;50;1.30;1;1
12473;12903.23;50;1.23;1;1
12474;12609.97;50;1.29;1;1
12475;12952.10;50;1.26;1;1
12476;12512.22;50;1.30;1;1
12477;12952.10;50;1.25;1;1
12478;12414.47;50;1.30;1;1
12479;12805.47;50;1.24;1;1
12480;12414.47;50;1.28;1;1
12481;12952.10;50;1.24;1;1
12482;12414.47;50;1.30;1;1
12483;13049.85;50;1.24;1;1
12484;12414.47;50;1.30;1;1
12485;13049.85;50;1.24;1;1
12486;12365.59;50;1.30;1;1
12487;13000.98;50;1.24;1;1
12488;12463.34;50;1.30;1;1
12489;12952.10;50;1.25;1;1
12490;12218.96;50;1.30;1;1
12491;13098.73;50;1.22;1;1
12492;12414.47;50;1.31;1;1
12493;13000.98;50;1.24;1;1
12494;12365.59;50;1.30;1;1
12495;12952.10;50;1.24;1;1
12496;12365.59;50;1.30;1;1
12497;13098.73;50;1.24;1;1
12498;12414.47;50;1.31;1;1
12499;13049.85;50;1.24;1;1
12500;12609.97;50;1.30;1;1
12501;13147.60;50;1.26;1;1
12502;12756.60;50;1.31;1;1
12503;13294.23;50;1.28;1;1
12504;12805.47;50;1.33;1;1
12505;13098.73;50;1.28;1;1
12506;12512.22;50;1.31;1;1
12507;13098.73;50;1.25;1;1
12508;12561.09;50;1.31;1;1
12509;13049.85;50;1.26;1;1
12510;12512.22;50;1.30;1;1
12511;13000.98;50;1.25;1;1
12512;12512.22;50;1.30;1;1
12513;13147.60;50;1.25;1;1
12514;12414.47;50;1.31;1;1
12515;12903.23;50;1.24;1;1
12516;12365.59;50;1.29;1;1
12517;12854.35;50;1.24;1;1
12518;12658.85;50;1.29;1;1
12519;13196.48;50;1.27;1;1
12520;12609.97;50;1.32;1;1
12521;13000.98;50;1.26;1;1
12522;12463.34;50;1.30;1;1
12523;13245.36;50;1.25;1;1
12524;12609.97;50;1.32;1;1
12525;13196.48;50;1.26;1;1
12526;12512.22;50;1.32;1;1
12527;13196.48;50;1.25;1;1
12528;12512.22;50;1.32;1;1
12529;13196.48;50;1.25;1;1
12530;12512.22;50;1.32;1;1
12531;13294.23;50;1.25;1;1
12532;12707.72;50;1.33;1;1
12533;13147.60;50;1.27;1;1
12534;12512.22;50;1.31;1;1
12535;13098.73;50;1.25;1;1
12536;12609.97;50;1.31;1;1
12537;13196.48;50;1.26;1;1
12538;12414.47;50;1.32;1;1
12539;13147.60;50;1.24;1;1
12540;12463.34;50;1.31;1;1
12541;13147.60;50;1.25;1;1
12542;12756.60;50;1.31;1;1
12543;13196.48;50;1.28;1;1
12544;12561.09;50;1.32;1;1
12545;13049.85;50;1.26;1;1
12546;12512.22;50;1.30;1;1
12547;13245.36;50;1.25;1;1
12548;12707.72;50;1.32;1;1
12549;13196.48;50;1.27;1;1
12550;12707.72;50;1.32;1;1
12551;13147.60;50;1.27;1;1
12552;12707.72;50;1.31;1;1
12553;13147.60;50;1.27;1;1
12554;12609.97;50;1.31;1;1
12555;13294.23;50;1.26;1;1
12556;12658.85;50;1.33;1;1
12557;13000.98;50;1.27;1;1
12558;12658.85;50;1.30;1;1
12559;13098.73;50;1.27;1;1
12560;12756.60;50;1.31;1;1
12561;13000.98;50;1.28;1;1
12562;12756.60;50;1.30;1;1
12563;13196.48;50;1.28;1;1
12564;12756.60;50;1.32;1;1
12565;13196.48;50;1.28;1;1
12566;12854.35;50;1.32;1;1
12567;13245.36;50;1.29;1;1
12568;12805.47;50;1.32;1;1
12569;13343.11;50;1.28;1;1
12570;12854.35;50;1.33;1;1
12571;13098.73;50;1.29;1;1
12572;12903.23;50;1.31;1;1
12573;13049.85;50;1.29;1;1
12574;13098.73;50;1.30;1;1
12575;13196.48;50;1.31;1;1
12576;13098.73;50;1.32;1;1
12577;13000.98;50;1.31;1;1
12578;13000.98;50;1.30;1;1
12579;12952.10;50;1.30;1;1
12580;13098.73;50;1.30;1;1
12581;12854.35;50;1.31;1;1
12582;13098.73;50;1.29;1;1
12583;12756.60;50;1.31;1;1
12584;12952.10;50;1.28;1;1
12585;12952.10;50;1.30;1;1
12586;13049.85;50;1.30;1;1
12587;12952.10;50;1.30;1;1
12588;13049.85;50;1.30;1;1
12589;12952.10;50;1.30;1;1
12590;12952.10;50;1.30;1;1
12591;12952.10;50;1.30;1;1
12592;13343.11;50;1.30;1;1
12593;13049.85;50;1.33;1;1
12594;13049.85;50;1.30;1;1
12595;13049.85;50;1.30;1;1
12596;13245.36;50;1.30;1;1
12597;13391.98;50;1.32;1;1
12598;13294.23;50;1.34;1;1
12599;13196.48;50;1.33;1;1
12600;13245.36;50;1.32;1;1
12601;13147.60;50;1.32;1;1
12602;13489.74;50;1.31;1;1
12603;13343.11;50;1.35;1;1
12604;13440.86;50;1.33;1;1
12605;13147.60;50;1.34;1;1
12606;13294.23;50;1.31;1;1
12607;13000.98;50;1.33;1;1
12608;13343.11;50;1.30;1;1
12609;13049.85;50;1.33;1;1
12610;13245.36;50;1.30;1;1
12611;12854.35;50;1.32;1;1
12612;13245.36;50;1.29;1;1
12613;13000.98;50;1.32;1;1
12614;13196.48;50;1.30;1;1
12615;13147.60;50;1.32;1;1
12616;13343.11;50;1.31;1;1
12617;13098.73;50;1.33;1;1
12618;13440.86;50;1.31;1;1
12619;13245.36;50;1.34;1;1
12620;13196.48;50;1.32;1;1
12621;13636.36;50;1.32;1;1
12622;13929.62;50;1.36;1;1
12623;13587.49;50;1.39;1;1
12624;13734.12;50;1.36;1;1
12625;13685.24;50;1.37;1;1
12626;13734.12;50;1.37;1;1
12627;13538.61;50;1.37;1;1
12628;13880.74;50;1.35;1;1
12629;13636.36;50;1.39;1;1
12630;13978.49;50;1.36;1;1
12631;13440.86;50;1.40;1;1
12632;13831.87;50;1.34;1;1
12633;13196.48;50;1.38;1;1
12634;13782.99;50;1.32;1;1
12635;13440.86;50;1.38;1;1
12636;13734.12;50;1.34;1;1
12637;13294.23;50;1.37;1;1
12638;13734.12;50;1.33;1;1
12639;13343.11;50;1.37;1;1
12640;13831.87;50;1.33;1;1
12641;13294.23;50;1.38;1;1
12642;13831.87;50;1.33;1;1
12643;13245.36;50;1.38;1;1
12644;13880.74;50;1.32;1;1
12645;13294.23;50;1.39;1;1
12646;13831.87;50;1.33;1;1
12647;13196.48;50;1.38;1;1
12648;13782.99;50;1.32;1;1
12649;13147.60;50;1.38;1;1
12650;13929.62;50;1.31;1;1
12651;13343.11;50;1.39;1;1
12652;14076.25;50;1.33;1;1
12653;13294.23;50;1.41;1;1
12654;14076.25;50;1.33;1;1
12655;13245.36;50;1.41;1;1
12656;13978.49;50;1.32;1;1
12657;13440.86;50;1.40;1;1
12658;14027.37;50;1.34;1;1
12659;13391.98;50;1.40;1;1
12660;13880.74;50;1.34;1;1
12661;13489.74;50;1.39;1;1
12662;13978.49;50;1.35;1;1
12663;13343.11;50;1.40;1;1
12664;14027.37;50;1.33;1;1
12665;13391.98;50;1.40;1;1
12666;14174.00;50;1.34;1;1
12667;13538.61;50;1.42;1;1
12668;14125.12;50;1.35;1;1
12669;13391.98;50;1.41;1;1
12670;14076.25;50;1.34;1;1
12671;13538.61;50;1.41;1;1
12672;13880.74;50;1.35;1;1
12673;13343.11;50;1.39;1;1
12674;13929.62;50;1.33;1;1
12675;13587.49;50;1.39;1;1
12676;14027.37;50;1.36;1;1
12677;13343.11;50;1.40;1;1
12678;13978.49;50;1.33;1;1
12679;13538.61;50;1.40;1;1
12680;14027.37;50;1.35;1;1
12681;13685.24;50;1.40;1;1
12682;14174.00;50;1.37;1;1
12683;13489.74;50;1.42;1;1
12684;14076.25;50;1.35;1;1
12685;13391.98;50;1.41;1;1
12686;14174.00;50;1.34;1;1
12687;13440.86;50;1.42;1;1
12688;14125.12;50;1.34;1;1
12689;13489.74;50;1.41;1;1
12690;14125.12;50;1.35;1;1
12691;13587.49;50;1.41;1;1
12692;14271.75;50;1.36;1;1
12693;13587.49;50;1.43;1;1
12694;14076.25;50;1.36;1;1
12695;13636.36;50;1.41;1;1
12696;14027.37;50;1.36;1;1
12697;13782.99;50;1.40;1;1
12698;14125.12;50;1.38;1;1
12699;13636.36;50;1.41;1;1
12700;14076.25;50;1.36;1;1
12701;13685.24;50;1.41;1;1
12702;14027.37;50;1.37;1;1
12703;13391.98;50;1.40;1;1
12704;13880.74;50;1.34;1;1
12705;13489.74;50;1.39;1;1
12706;13782.99;50;1.35;1;1
12707;13734.12;50;1.38;1;1
12708;13782.99;50;1.37;1;1
12709;13782.99;50;1.38;1;1
12710;13782.99;50;1.38;1;1
12711;13538.61;50;1.38;1;1
12712;13929.62;50;1.35;1;1
12713;13734.12;50;1.39;1;1
12714;13782.99;50;1.37;1;1
12715;13685.24;50;1.38;1;1
12716;13587.49;50;1.37;1;1
12717;13734.12;50;1.36;1;1
12718;13538.61;50;1.37;1;1
12719;13782.99;50;1.35;1;1
12720;13636.36;50;1.38;1;1
12721;13782.99;50;1.36;1;1
12722;13831.87;50;1.38;1;1
12723;13587.49;50;1.38;1;1
12724;13831.87;50;1.36;1;1
12725;13831.87;50;1.38;1;1
12726;13782.99;50;1.38;1;1
12727;13831.87;50;1.38;1;1
12728;13734.12;50;1.38;1;1
12729;13734.12;50;1.37;1;1
12730;13831.87;50;1.37;1;1
12731;13734.12;50;1.38;1;1
12732;13831.87;50;1.37;1;1
12733;13636.36;50;1.38;1;1
12734;13538.61;50;1.36;1;1
12735;13831.87;50;1.35;1;1
12736;13734.12;50;1.38;1;1
12737;13734.12;50;1.37;1;1
12738;13978.49;50;1.37;1;1
12739;13685.24;50;1.40;1;1
12740;13587.49;50;1.37;1;1
12741;13685.24;50;1.36;1;1
12742;13685.24;50;1.37;1;1
12743;13685.24;50;1.37;1;1
12744;13685.24;50;1.37;1;1
12745;13880.74;50;1.37;1;1
12746;13636.36;50;1.39;1;1
12747;13929.62;50;1.36;1;1
12748;13636.36;50;1.39;1;1
12749;13685.24;50;1.36;1;1
12750;13587.49;50;1.37;1;1
12751;13440.86;50;1.36;1;1
12752;13391.98;50;1.34;1;1
12753;13636.36;50;1.34;1;1
12754;13538.61;50;1.36;1;1
12755;13782.99;50;1.35;1;1
12756;13294.23;50;1.38;1;1
12757;13489.74;50;1.33;1;1
12758;13734.12;50;1.35;1;1
12759;13587.49;50;1.37;1;1
12760;13245.36;50;1.36;1;1
12761;13734.12;50;1.32;1;1
12762;13245.36;50;1.37;1;1
12763;13831.87;50;1.32;1;1
12764;13489.74;50;1.38;1;1
12765;13880.74;50;1.35;1;1
12766;13294.23;50;1.39;1;1
12767;13538.61;50;1.33;1;1
12768;13049.85;50;1.35;1;1
12769;13489.74;50;1.30;1;1
12770;13196.48;50;1.35;1;1
12771;13734.12;50;1.32;1;1
12772;13196.48;50;1.37;1;1
12773;13636.36;50;1.32;1;1
12774;13000.98;50;1.36;1;1
12775;13343.11;50;1.30;1;1
12776;13098.73;50;1.33;1;1
12777;13685.24;50;1.31;1;1
12778;13196.48;50;1.37;1;1
12779;13587.49;50;1.32;1;1
12780;13098.73;50;1.36;1;1
12781;13636.36;50;1.31;1;1
12782;13049.85;50;1.36;1;1
12783;13538.61;50;1.30;1;1
12784;13049.85;50;1.35;1;1
12785;13489.74;50;1.30;1;1
12786;13000.98;50;1.35;1;1
12787;13636.36;50;1.30;1;1
12788;12952.10;50;1.36;1;1
12789;13587.49;50;1.30;1;1
12790;13000.98;50;1.36;1;1
12791;13636.36;50;1.30;1;1
12792;13049.85;50;1.36;1;1
12793;13440.86;50;1.30;1;1
12794;13343.11;50;1.34;1;1
12795;13636.36;50;1.33;1;1
12796;12854.35;50;1.36;1;1
12797;13489.74;50;1.29;1;1
12798;12658.85;50;1.35;1;1
12799;13587.49;50;1.27;1;1
12800;12952.10;50;1.36;1;1
12801;13538.61;50;1.30;1;1
12802;12952.10;50;1.35;1;1
12803;13489.74;50;1.30;1;1
12804;12903.23;50;1.35;1;1
12805;13538.61;50;1.29;1;1
12806;12952.10;50;1.35;1;1
12807;13489.74;50;1.30;1;1
12808;13098.73;50;1.35;1;1
12809;13538.61;50;1.31;1;1
12810;13049.85;50;1.35;1;1
12811;13538.61;50;1.30;1;1
12812;13000.98;50;1.35;1;1
12813;13929.62;50;1.30;1;1
12814;13294.23;50;1.39;1;1
12815;13782.99;50;1.33;1;1
12816;13343.11;50;1.38;1;1
12817;13929.62;50;1.33;1;1
12818;13343.11;50;1.39;1;1
12819;13489.74;50;1.33;1;1
12820;13049.85;50;1.35;1;1
12821;13734.12;50;1.30;1;1
12822;13000.98;50;1.37;1;1
12823;13538.61;50;1.30;1;1
12824;12805.47;50;1.35;1;1
12825;13391.98;50;1.28;1;1
12826;13147.60;50;1.34;1;1
12827;13587.49;50;1.31;1;1
12828;13098.73;50;1.36;1;1
12829;13782.99;50;1.31;1;1
12830;12903.23;50;1.38;1;1
12831;13538.61;50;1.29;1;1
12832;12952.10;50;1.35;1;1
12833;13538.61;50;1.30;1;1
12834;12756.60;50;1.35;1;1
12835;13391.98;50;1.28;1;1
12836;12854.35;50;1.34;1;1
12837;13489.74;50;1.29;1;1
12838;12952.10;50;1.35;1;1
12839;13391.98;50;1.30;1;1
12840;12756.60;50;1.34;1;1
12841;13440.86;50;1.28;1;1
12842;12805.47;50;1.34;1;1
12843;13440.86;50;1.28;1;1
12844;12854.35;50;1.34;1;1
12845;13587.49;50;1.29;1;1
12846;13000.98;50;1.36;1;1
12847;13391.98;50;1.30;1;1
12848;13049.85;50;1.34;1;1
12849;13489.74;50;1.30;1;1
12850;12854.35;50;1.35;1;1
12851;13489.74;50;1.29;1;1
12852;12903.23;50;1.35;1;1
12853;13245.36;50;1.29;1;1
12854;12952.10;50;1.32;1;1
12855;13391.98;50;1.30;1;1
12856;12756.60;50;1.34;1;1
12857;13489.74;50;1.28;1;1
12858;12609.97;50;1.35;1;1
12859;13440.86;50;1.26;1;1
12860;12854.35;50;1.34;1;1
12861;13343.11;50;1.29;1;1
12862;12903.23;50;1.33;1;1
12863;13343.11;50;1.29;1;1
12864;12658.85;50;1.33;1;1
12865;13343.11;50;1.27;1;1
12866;12756.60;50;1.33;1;1
12867;13734.12;50;1.28;1;1
12868;12854.35;50;1.37;1;1
12869;13489.74;50;1.29;1;1
12870;12854.35;50;1.35;1;1
12871;13685.24;50;1.29;1;1
12872;12658.85;50;1.37;1;1
12873;13294.23;50;1.27;1;1
12874;12707.72;50;1.33;1;1
12875;13391.98;50;1.27;1;1
12876;12561.09;50;1.34;1;1
12877;13391.98;50;1.26;1;1
12878;12609.97;50;1.34;1;1
12879;13440.86;50;1.26;1;1
12880;12756.60;50;1.34;1;1
12881;13196.48;50;1.28;1;1
12882;12561.09;50;1.32;1;1
12883;13245.36;50;1.26;1;1
12884;12512.22;50;1.32;1;1
12885;13098.73;50;1.25;1;1
12886;12512.22;50;1.31;1;1
12887;13147.60;50;1.25;1;1
12888;12561.09;50;1.31;1;1
12889;13000.98;50;1.26;1;1
12890;12512.22;50;1.30;1;1
12891;13098.73;50;1.25;1;1
12892;12463.34;50;1.31;1;1
12893;13147.60;50;1.25;1;1
12894;12414.47;50;1.31;1;1
12895;12952.10;50;1.24;1;1
12896;12561.09;50;1.30;1;1
12897;13098.73;50;1.26;1;1
12898;12512.22;50;1.31;1;1
12899;13000.98;50;1.25;1;1
12900;12707.72;50;1.30;1;1
12901;12854.35;50;1.27;1;1
12902;12707.72;50;1.29;1;1
12903;12854.35;50;1.27;1;1
12904;12561.09;50;1.29;1;1
12905;12854.35;50;1.26;1;1
12906;12463.34;50;1.29;1;1
12907;12854.35;50;1.25;1;1
12908;12756.60;50;1.29;1;1
12909;13098.73;50;1.28;1;1
12910;12512.22;50;1.31;1;1
12911;12756.60;50;1.25;1;1
12912;12658.85;50;1.28;1;1
12913;12854.35;50;1.27;1;1
12914;12609.97;50;1.29;1;1
12915;12756.60;50;1.26;1;1
12916;12707.72;50;1.28;1;1
12917;12707.72;50;1.27;1;1
12918;12658.85;50;1.27;1;1
12919;12854.35;50;1.27;1;1
12920;12658.85;50;1.29;1;1
12921;12805.47;50;1.27;1;1
12922;12854.35;50;1.28;1;1
12923;12805.47;50;1.29;1;1
12924;12854.35;50;1.28;1;1
12925;12609.97;50;1.29;1;1
12926;12756.60;50;1.26;1;1
12927;12658.85;50;1.28;1;1
12928;12707.72;50;1.27;1;1
12929;12707.72;50;1.27;1;1
12930;12903.23;50;1.27;1;1
12931;12805.47;50;1.29;1;1
12932;12756.60;50;1.28;1;1
12933;12658.85;50;1.28;1;1
12934;12854.35;50;1.27;1;1
12935;12561.09;50;1.29;1;1
12936;12854.35;50;1.26;1;1
12937;12609.97;50;1.29;1;1
12938;12903.23;50;1.26;1;1
12939;12609.97;50;1.29;1;1
12940;12854.35;50;1.26;1;1
12941;12707.72;50;1.29;1;1
12942;12903.23;50;1.27;1;1
12943;12561.09;50;1.29;1;1
12944;12512.22;50;1.26;1;1
12945;12170.09;50;1.25;1;1
12946;12463.34;50;1.22;1;1
12947;12121.21;50;1.25;1;1
12948;12561.09;50;1.21;1;1
12949;12218.96;50;1.26;1;1
12950;12561.09;50;1.22;1;1
12951;11925.71;50;1.26;1;1
12952;12609.97;50;1.19;1;1
12953;12267.84;50;1.26;1;1
12954;12707.72;50;1.23;1;1
12955;12170.09;50;1.27;1;1
12956;12561.09;50;1.22;1;1
12957;12170.09;50;1.26;1;1
12958;12609.97;50;1.22;1;1
12959;12072.34;50;1.26;1;1
12960;12756.60;50;1.21;1;1
12961;12023.46;50;1.28;1;1
12962;12658.85;50;1.20;1;1
12963;11827.96;50;1.27;1;1
12964;12609.97;50;1.18;1;1
12965;12072.34;50;1.26;1;1
12966;12561.09;50;1.21;1;1
12967;11974.58;50;1.26;1;1
12968;12609.97;50;1.20;1;1
12969;12072.34;50;1.26;1;1
12970;12512.22;50;1.21;1;1
12971;12023.46;50;1.25;1;1
12972;12512.22;50;1.20;1;1
12973;11974.58;50;1.25;1;1
12974;12609.97;50;1.20;1;1
12975;11827.96;50;1.26;1;1
12976;12658.85;50;1.18;1;1
12977;11827.96;50;1.27;1;1
12978;12561.09;50;1.18;1;1
12979;11876.83;50;1.26;1;1
12980;12512.22;50;1.19;1;1
12981;11876.83;50;1.25;1;1
12982;12512.22;50;1.19;1;1
12983;11974.58;50;1.25;1;1
12984;12463.34;50;1.20;1;1
12985;12023.46;50;1.25;1;1
12986;12463.34;50;1.20;1;1
12987;11974.58;50;1.25;1;1
12988;12463.34;50;1.20;1;1
12989;11779.08;50;1.25;1;1
12990;12414.47;50;1.18;1;1
12991;11925.71;50;1.24;1;1
12992;12463.34;50;1.19;1;1
12993;11779.08;50;1.25;1;1
12994;12365.59;50;1.18;1;1
12995;12121.21;50;1.24;1;1
12996;12854.35;50;1.21;1;1
12997;12218.96;50;1.29;1;1
12998;12756.60;50;1.22;1;1
12999;12121.21;50;1.28;1;1
13000;12463.34;50;1.21;1;1
13001;11974.58;50;1.25;1;1
13002;12707.72;50;1.20;1;1
13003;11974.58;50;1.27;1;1
13004;12658.85;50;1.20;1;1
13005;12170.09;50;1.27;1;1
13006;13000.98;50;1.22;1;1
13007;12316.71;50;1.30;1;1
13008;12854.35;50;1.23;1;1
13009;12316.71;50;1.29;1;1
13010;12854.35;50;1.23;1;1
13011;12218.96;50;1.29;1;1
13012;12854.35;50;1.22;1;1
13013;12170.09;50;1.29;1;1
13014;12854.35;50;1.22;1;1
13015;12267.84;50;1.29;1;1
13016;12805.47;50;1.23;1;1
13017;12170.09;50;1.28;1;1
13018;12952.10;50;1.22;1;1
13019;12218.96;50;1.30;1;1
13020;12903.23;50;1.22;1;1
13021;12414.47;50;1.29;1;1
13022;12854.35;50;1.24;1;1
13023;12267.84;50;1.29;1;1
13024;12854.35;50;1.23;1;1
13025;12170.09;50;1.29;1;1
13026;12854.35;50;1.22;1;1
13027;12170.09;50;1.29;1;1
13028;12854.35;50;1.22;1;1
13029;12072.34;50;1.29;1;1
13030;12952.10;50;1.21;1;1
13031;12316.71;50;1.30;1;1
13032;13000.98;50;1.23;1;1
13033;12316.71;50;1.30;1;1
13034;13098.73;50;1.23;1;1
13035;12170.09;50;1.31;1;1
13036;13000.98;50;1.22;1;1
13037;12316.71;50;1.30;1;1
13038;12609.97;50;1.23;1;1
13039;12072.34;50;1.26;1;1
13040;12756.60;50;1.21;1;1
13041;12316.71;50;1.28;1;1
13042;12903.23;50;1.23;1;1
13043;11876.83;50;1.29;1;1
13044;12561.09;50;1.19;1;1
13045;11925.71;50;1.26;1;1
13046;12414.47;50;1.19;1;1
13047;11876.83;50;1.24;1;1
13048;12414.47;50;1.19;1;1
13049;11876.83;50;1.24;1;1
13050;12512.22;50;1.19;1;1
13051;11925.71;50;1.25;1;1
13052;12658.85;50;1.19;1;1
13053;12072.34;50;1.27;1;1
13054;12561.09;50;1.21;1;1
13055;12218.96;50;1.26;1;1
13056;12414.47;50;1.22;1;1
13057;11876.83;50;1.24;1;1
13058;12609.97;50;1.19;1;1
13059;11974.58;50;1.26;1;1
13060;12512.22;50;1.20;1;1
13061;12170.09;50;1.25;1;1
13062;12463.34;50;1.22;1;1
13063;12023.46;50;1.25;1;1
13064;12561.09;50;1.20;1;1
13065;12121.21;50;1.26;1;1
13066;12658.85;50;1.21;1;1
13067;12267.84;50;1.27;1;1
13068;12609.97;50;1.23;1;1
13069;12316.71;50;1.26;1;1
13070;12658.85;50;1.23;1;1
13071;12170.09;50;1.27;1;1
13072;12707.72;50;1.22;1;1
13073;12121.21;50;1.27;1;1
13074;12903.23;50;1.21;1;1
13075;12170.09;50;1.29;1;1
13076;12707.72;50;1.22;1;1
13077;12121.21;50;1.27;1;1
13078;12658.85;50;1.21;1;1
13079;12072.34;50;1.27;1;1
13080;12512.22;50;1.21;1;1
13081;12023.46;50;1.25;1;1
13082;12512.22;50;1.20;1;1
13083;11925.71;50;1.25;1;1
13084;12609.97;50;1.19;1;1
13085;11876.83;50;1.26;1;1
13086;12609.97;50;1.19;1;1
13087;11974.58;50;1.26;1;1
13088;12805.47;50;1.20;1;1
13089;12170.09;50;1.28;1;1
13090;12609.97;50;1.22;1;1
13091;11974.58;50;1.26;1;1
13092;12658.85;50;1.20;1;1
13093;11974.58;50;1.27;1;1
13094;12609.97;50;1.20;1;1
13095;12023.46;50;1.26;1;1
13096;12609.97;50;1.20;1;1
13097;11974.58;50;1.26;1;1
13098;12561.09;50;1.20;1;1
13099;11974.58;50;1.26;1;1
13100;12463.34;50;1.20;1;1
13101;12414.47;50;1.25;1;1
13102;12561.09;50;1.24;1;1
13103;12170.09;50;1.26;1;1
13104;12805.47;50;1.22;1;1
13105;12267.84;50;1.28;1;1
13106;12561.09;50;1.23;1;1
13107;12023.46;50;1.26;1;1
13108;12463.34;50;1.20;1;1
13109;12023.46;50;1.25;1;1
13110;12414.47;50;1.20;1;1
13111;12218.96;50;1.24;1;1
13112;12414.47;50;1.22;1;1
13113;12121.21;50;1.24;1;1
13114;12365.59;50;1.21;1;1
13115;12267.84;50;1.24;1;1
13116;12365.59;50;1.23;1;1
13117;12365.59;50;1.24;1;1
13118;12267.84;50;1.24;1;1
13119;12072.34;50;1.23;1;1
13120;12023.46;50;1.21;1;1
13121;12072.34;50;1.20;1;1
13122;12023.46;50;1.21;1;1
13123;12365.59;50;1.20;1;1
13124;12121.21;50;1.24;1;1
13125;12072.34;50;1.21;1;1
13126;12072.34;50;1.21;1;1
13127;12365.59;50;1.21;1;1
13128;12121.21;50;1.24;1;1
13129;12561.09;50;1.21;1;1
13130;12170.09;50;1.26;1;1
13131;12414.47;50;1.22;1;1
13132;12512.22;50;1.24;1;1
13133;12316.71;50;1.25;1;1
13134;12121.21;50;1.23;1;1
13135;12267.84;50;1.21;1;1
13136;12218.96;50;1.23;1;1
13137;12267.84;50;1.22;1;1
13138;12121.21;50;1.23;1;1
13139;12218.96;50;1.21;1;1
13140;12267.84;50;1.22;1;1
13141;12218.96;50;1.23;1;1
13142;11974.58;50;1.22;1;1
13143;12170.09;50;1.20;1;1
13144;12072.34;50;1.22;1;1
13145;12463.34;50;1.21;1;1
13146;12072.34;50;1.25;1;1
13147;12316.71;50;1.21;1;1
13148;11974.58;50;1.23;1;1
13149;12267.84;50;1.20;1;1
13150;11925.71;50;1.23;1;1
13151;12218.96;50;1.19;1;1
13152;12072.34;50;1.22;1;1
13153;12267.84;50;1.21;1;1
13154;11974.58;50;1.23;1;1
13155;12512.22;50;1.20;1;1
13156;11876.83;50;1.25;1;1
13157;12463.34;50;1.19;1;1
13158;12072.34;50;1.25;1;1
13159;12561.09;50;1.21;1;1
13160;12121.21;50;1.26;1;1
13161;12609.97;50;1.21;1;1
13162;12121.21;50;1.26;1;1
13163;12512.22;50;1.21;1;1
13164;11925.71;50;1.25;1;1
13165;12316.71;50;1.19;1;1
13166;11925.71;50;1.23;1;1
13167;12267.84;50;1.19;1;1
13168;11974.58;50;1.23;1;1
13169;12658.85;50;1.20;1;1
13170;11974.58;50;1.27;1;1
13171;12658.85;50;1.20;1;1
13172;12072.34;50;1.27;1;1
13173;12512.22;50;1.21;1;1
13174;12072.34;50;1.25;1;1
13175;12463.34;50;1.21;1;1
13176;11827.96;50;1.25;1;1
13177;12561.09;50;1.18;1;1
13178;11974.58;50;1.26;1;1
13179;12609.97;50;1.20;1;1
13180;11974.58;50;1.26;1;1
13181;12561.09;50;1.20;1;1
13182;12072.34;50;1.26;1;1
13183;12658.85;50;1.21;1;1
13184;11974.58;50;1.27;1;1
13185;12512.22;50;1.20;1;1
13186;12170.09;50;1.25;1;1
13187;12609.97;50;1.22;1;1
13188;11925.71;50;1.26;1;1
13189;12512.22;50;1.19;1;1
13190;12023.46;50;1.25;1;1
13191;12512.22;50;1.20;1;1
13192;12023.46;50;1.25;1;1
13193;12707.72;50;1.20;1;1
13194;12023.46;50;1.27;1;1
13195;12707.72;50;1.20;1;1
13196;11876.83;50;1.27;1;1
13197;12707.72;50;1.19;1;1
13198;11925.71;50;1.27;1;1
13199;12658.85;50;1.19;1;1
13200;11974.58;50;1.27;1;1
13201;12756.60;50;1.20;1;1
13202;11925.71;50;1.28;1;1
13203;12756.60;50;1.19;1;1
13204;12023.46;50;1.28;1;1
13205;12756.60;50;1.20;1;1
13206;12023.46;50;1.28;1;1
13207;12756.60;50;1.20;1;1
13208;12218.96;50;1.28;1;1
13209;12609.97;50;1.22;1;1
13210;12072.34;50;1.26;1;1
13211;12463.34;50;1.21;1;1
13212;12023.46;50;1.25;1;1
13213;12512.22;50;1.20;1;1
13214;11925.71;50;1.25;1;1
13215;12512.22;50;1.19;1;1
13216;11827.96;50;1.25;1;1
13217;12609.97;50;1.18;1;1
13218;11974.58;50;1.26;1;1
13219;12512.22;50;1.20;1;1
13220;11974.58;50;1.25;1;1
13221;12512.22;50;1.20;1;1
13222;11876.83;50;1.25;1;1
13223;12609.97;50;1.19;1;1
13224;11925.71;50;1.26;1;1
13225;12365.59;50;1.19;1;1
13226;11779.08;50;1.24;1;1
13227;12561.09;50;1.18;1;1
13228;11876.83;50;1.26;1;1
13229;12512.22;50;1.19;1;1
13230;11974.58;50;1.25;1;1
13231;12463.34;50;1.20;1;1
13232;11827.96;50;1.25;1;1
13233;12561.09;50;1.18;1;1
13234;11876.83;50;1.26;1;1
13235;12512.22;50;1.19;1;1
13236;11779.08;50;1.25;1;1
13237;12561.09;50;1.18;1;1
13238;12121.21;50;1.26;1;1
13239;12463.34;50;1.21;1;1
13240;11876.83;50;1.25;1;1
13241;12609.97;50;1.19;1;1
13242;11827.96;50;1.26;1;1
13243;12463.34;50;1.18;1;1
13244;11827.96;50;1.25;1;1
13245;12414.47;50;1.18;1;1
13246;11827.96;50;1.24;1;1
13247;12512.22;50;1.18;1;1
13248;11974.58;50;1.25;1;1
13249;12316.71;50;1.20;1;1
13250;11827.96;50;1.23;1;1
13251;12463.34;50;1.18;1;1
13252;11876.83;50;1.25;1;1
13253;12463.34;50;1.19;1;1
13254;11827.96;50;1.25;1;1
13255;12512.22;50;1.18;1;1
13256;11876.83;50;1.25;1;1
13257;12512.22;50;1.19;1;1
13258;11925.71;50;1.25;1;1
13259;12463.34;50;1.19;1;1
13260;11876.83;50;1.25;1;1
13261;12316.71;50;1.19;1;1
13262;11779.08;50;1.23;1;1
13263;12170.09;50;1.18;1;1
13264;11779.08;50;1.22;1;1
13265;12267.84;50;1.18;1;1
13266;12170.09;50;1.23;1;1
13267;12170.09;50;1.22;1;1
13268;11779.08;50;1.22;1;1
13269;12463.34;50;1.18;1;1
13270;11681.33;50;1.25;1;1
13271;12170.09;50;1.17;1;1
13272;11876.83;50;1.22;1;1
13273;12218.96;50;1.19;1;1
13274;11827.96;50;1.22;1;1
13275;12267.84;50;1.18;1;1
13276;11974.58;50;1.23;1;1
13277;11974.58;50;1.20;1;1
13278;11925.71;50;1.20;1;1
13279;12267.84;50;1.19;1;1
13280;12316.71;50;1.23;1;1
13281;12365.59;50;1.23;1;1
13282;12170.09;50;1.24;1;1
13283;12512.22;50;1.22;1;1
13284;12414.47;50;1.25;1;1
13285;12658.85;50;1.24;1;1
13286;12414.47;50;1.27;1;1
13287;12414.47;50;1.24;1;1
13288;12463.34;50;1.24;1;1
13289;12414.47;50;1.25;1;1
13290;12316.71;50;1.24;1;1
13291;12316.71;50;1.23;1;1
13292;12756.60;50;1.23;1;1
13293;12561.09;50;1.28;1;1
13294;12658.85;50;1.26;1;1
13295;12561.09;50;1.27;1;1
13296;12952.10;50;1.26;1;1
13297;12463.34;50;1.30;1;1
13298;12952.10;50;1.25;1;1
13299;12658.85;50;1.30;1;1
13300;13049.85;50;1.27;1;1
13301;12561.09;50;1.30;1;1
13302;13000.98;50;1.26;1;1
13303;12365.59;50;1.30;1;1
13304;12805.47;50;1.24;1;1
13305;12658.85;50;1.28;1;1
13306;13000.98;50;1.27;1;1
13307;12658.85;50;1.30;1;1
13308;12903.23;50;1.27;1;1
13309;12512.22;50;1.29;1;1
13310;12903.23;50;1.25;1;1
13311;12365.59;50;1.29;1;1
13312;12854.35;50;1.24;1;1
13313;12658.85;50;1.29;1;1
13314;12952.10;50;1.27;1;1
13315;12658.85;50;1.30;1;1
13316;13000.98;50;1.27;1;1
13317;12609.97;50;1.30;1;1
13318;13000.98;50;1.26;1;1
13319;12512.22;50;1.30;1;1
13320;12805.47;50;1.25;1;1
13321;12512.22;50;1.28;1;1
13322;12756.60;50;1.25;1;1
13323;12316.71;50;1.28;1;1
13324;12903.23;50;1.23;1;1
13325;12463.34;50;1.29;1;1
13326;12903.23;50;1.25;1;1
13327;12463.34;50;1.29;1;1
13328;12952.10;50;1.25;1;1
13329;12512.22;50;1.30;1;1
13330;12952.10;50;1.25;1;1
13331;12365.59;50;1.30;1;1
13332;12952.10;50;1.24;1;1
13333;12365.59;50;1.30;1;1
13334;12952.10;50;1.24;1;1
13335;12561.09;50;1.30;1;1
13336;13000.98;50;1.26;1;1
13337;12561.09;50;1.30;1;1
13338;12952.10;50;1.26;1;1
13339;12316.71;50;1.30;1;1
13340;13098.73;50;1.23;1;1
13341;12414.47;50;1.31;1;1
13342;12903.23;50;1.24;1;1
13343;12218.96;50;1.29;1;1
13344;12805.47;50;1.22;1;1
13345;12267.84;50;1.28;1;1
13346;12903.23;50;1.23;1;1
13347;12512.22;50;1.29;1;1
13348;13049.85;50;1.25;1;1
13349;12316.71;50;1.30;1;1
13350;13000.98;50;1.23;1;1
13351;12365.59;50;1.30;1;1
13352;13147.60;50;1.24;1;1
13353;12414.47;50;1.31;1;1
13354;12952.10;50;1.24;1;1
13355;12512.22;50;1.30;1;1
13356;13000.98;50;1.25;1;1
13357;12463.34;50;1.30;1;1
13358;13147.60;50;1.25;1;1
13359;12463.34;50;1.31;1;1
13360;12952.10;50;1.25;1;1
13361;12414.47;50;1.30;1;1
13362;13098.73;50;1.24;1;1
13363;12414.47;50;1.31;1;1
13364;13098.73;50;1.24;1;1
13365;12316.71;50;1.31;1;1
13366;13098.73;50;1.23;1;1
13367;12316.71;50;1.31;1;1
13368;13098.73;50;1.23;1;1
13369;12512.22;50;1.31;1;1
13370;13000.98;50;1.25;1;1
13371;12414.47;50;1.30;1;1
13372;13147.60;50;1.24;1;1
13373;12316.71;50;1.31;1;1
13374;12952.10;50;1.23;1;1
13375;12218.96;50;1.30;1;1
13376;13098.73;50;1.22;1;1
13377;12512.22;50;1.31;1;1
13378;13147.60;50;1.25;1;1
13379;12561.09;50;1.31;1;1
13380;13000.98;50;1.26;1;1
13381;12512.22;50;1.30;1;1
13382;13000.98;50;1.25;1;1
13383;12463.34;50;1.30;1;1
13384;13245.36;50;1.25;1;1
13385;12463.34;50;1.32;1;1
13386;12854.35;50;1.25;1;1
13387;12316.71;50;1.29;1;1
13388;13049.85;50;1.23;1;1
13389;12365.59;50;1.30;1;1
13390;13000.98;50;1.24;1;1
13391;12658.85;50;1.30;1;1
13392;12903.23;50;1.27;1;1
13393;12707.72;50;1.29;1;1
13394;12854.35;50;1.27;1;1
13395;12512.22;50;1.29;1;1
13396;12952.10;50;1.25;1;1
13397;12512.22;50;1.30;1;1
13398;12903.23;50;1.25;1;1
13399;12463.34;50;1.29;1;1
13400;12903.23;50;1.25;1;1
13401;12707.72;50;1.29;1;1
13402;12854.35;50;1.27;1;1
13403;12658.85;50;1.29;1;1
13404;12805.47;50;1.27;1;1
13405;12512.22;50;1.28;1;1
13406;12854.35;50;1.25;1;1
13407;12707.72;50;1.29;1;1
13408;12952.10;50;1.27;1;1
13409;12512.22;50;1.30;1;1
13410;12952.10;50;1.25;1;1
13411;12365.59;50;1.30;1;1
13412;13049.85;50;1.24;1;1
13413;12512.22;50;1.30;1;1
13414;12952.10;50;1.25;1;1
13415;12561.09;50;1.30;1;1
13416;12952.10;50;1.26;1;1
13417;12707.72;50;1.30;1;1
13418;12854.35;50;1.27;1;1
13419;12805.47;50;1.29;1;1
13420;13098.73;50;1.28;1;1
13421;12658.85;50;1.31;1;1
13422;13049.85;50;1.27;1;1
13423;12903.23;50;1.30;1;1
13424;13049.85;50;1.29;1;1
13425;12707.72;50;1.30;1;1
13426;13000.98;50;1.27;1;1
13427;12805.47;50;1.30;1;1
13428;12952.10;50;1.28;1;1
13429;12707.72;50;1.30;1;1
13430;12952.10;50;1.27;1;1
13431;12952.10;50;1.30;1;1
13432;13000.98;50;1.30;1;1
13433;12609.97;50;1.30;1;1
13434;12952.10;50;1.26;1;1
13435;12658.85;50;1.30;1;1
13436;12903.23;50;1.27;1;1
13437;12658.85;50;1.29;1;1
13438;13000.98;50;1.27;1;1
13439;12854.35;50;1.30;1;1
13440;12903.23;50;1.29;1;1
13441;12952.10;50;1.29;1;1
13442;13196.48;50;1.30;1;1
13443;12756.60;50;1.32;1;1
13444;13000.98;50;1.28;1;1
13445;12805.47;50;1.30;1;1
13446;13147.60;50;1.28;1;1
13447;12707.72;50;1.31;1;1
13448;13049.85;50;1.27;1;1
13449;12609.97;50;1.30;1;1
13450;13343.11;50;1.26;1;1
13451;12609.97;50;1.33;1;1
13452;13000.98;50;1.26;1;1
13453;12365.59;50;1.30;1;1
13454;12561.09;50;1.24;1;1
13455;12170.09;50;1.26;1;1
13456;12267.84;50;1.22;1;1
13457;12170.09;50;1.23;1;1
13458;12414.47;50;1.22;1;1
13459;12218.96;50;1.24;1;1
13460;12365.59;50;1.22;1;1
13461;12267.84;50;1.24;1;1
13462;12414.47;50;1.23;1;1
13463;12170.09;50;1.24;1;1
13464;12218.96;50;1.22;1;1
13465;12218.96;50;1.22;1;1
13466;12218.96;50;1.22;1;1
13467;12365.59;50;1.22;1;1
13468;12170.09;50;1.24;1;1
13469;12414.47;50;1.22;1;1
13470;12365.59;50;1.24;1;1
13471;12121.21;50;1.24;1;1
13472;12414.47;50;1.21;1;1
13473;12072.34;50;1.24;1;1
13474;12414.47;50;1.21;1;1
13475;12267.84;50;1.24;1;1
13476;12218.96;50;1.23;1;1
13477;12170.09;50;1.22;1;1
13478;12218.96;50;1.22;1;1
13479;12218.96;50;1.22;1;1
13480;12121.21;50;1.22;1;1
13481;12121.21;50;1.21;1;1
13482;12121.21;50;1.21;1;1
13483;12023.46;50;1.21;1;1
13484;12365.59;50;1.20;1;1
13485;12267.84;50;1.24;1;1
13486;12267.84;50;1.23;1;1
13487;12267.84;50;1.23;1;1
13488;12170.09;50;1.23;1;1
13489;12023.46;50;1.22;1;1
13490;12170.09;50;1.20;1;1
13491;12170.09;50;1.22;1;1
13492;12218.96;50;1.22;1;1
13493;12218.96;50;1.22;1;1
13494;12170.09;50;1.22;1;1
13495;12023.46;50;1.22;1;1
13496;12121.21;50;1.20;1;1
13497;12023.46;50;1.21;1;1
13498;12121.21;50;1.20;1;1
13499;12170.09;50;1.21;1;1
13500;12121.21;50;1.22;1;1
13501;12170.09;50;1.21;1;1
13502;12023.46;50;1.22;1;1
13503;12023.46;50;1.20;1;1
13504;12072.34;50;1.20;1;1
13505;12170.09;50;1.21;1;1
13506;12218.96;50;1.22;1;1
13507;11925.71;50;1.22;1;1
13508;12218.96;50;1.19;1;1
13509;11974.58;50;1.22;1;1
13510;12170.09;50;1.20;1;1
13511;12170.09;50;1.22;1;1
13512;12365.59;50;1.22;1;1
13513;12170.09;50;1.24;1;1
13514;12218.96;50;1.22;1;1
13515;12170.09;50;1.22;1;1
13516;12170.09;50;1.22;1;1
13517;12267.84;50;1.22;1;1
13518;12218.96;50;1.23;1;1
13519;12316.71;50;1.22;1;1
13520;12414.47;50;1.23;1;1
13521;12561.09;50;1.24;1;1
13522;12121.21;50;1.26;1;1
13523;12316.71;50;1.21;1;1
13524;12316.71;50;1.23;1;1
13525;12463.34;50;1.23;1;1
13526;12267.84;50;1.25;1;1
13527;12316.71;50;1.23;1;1
13528;12121.21;50;1.23;1;1
13529;12365.59;50;1.21;1;1
13530;12072.34;50;1.24;1;1
13531;12316.71;50;1.21;1;1
13532;12218.96;50;1.23;1;1
13533;12609.97;50;1.22;1;1
13534;12218.96;50;1.26;1;1
13535;12609.97;50;1.22;1;1
13536;12218.96;50;1.26;1;1
13537;12609.97;50;1.22;1;1
13538;12316.71;50;1.26;1;1
13539;12414.47;50;1.23;1;1
13540;12170.09;50;1.24;1;1
13541;12512.22;50;1.22;1;1
13542;12023.46;50;1.25;1;1
13543;12609.97;50;1.20;1;1
13544;12218.96;50;1.26;1;1
13545;12805.47;50;1.22;1;1
13546;12267.84;50;1.28;1;1
13547;12805.47;50;1.23;1;1
13548;12365.59;50;1.28;1;1
13549;12805.47;50;1.24;1;1
13550;12267.84;50;1.28;1;1
13551;12707.72;50;1.23;1;1
13552;12316.71;50;1.27;1;1
13553;12512.22;50;1.23;1;1
13554;12170.09;50;1.25;1;1
13555;12805.47;50;1.22;1;1
13556;12463.34;50;1.28;1;1
13557;12756.60;50;1.25;1;1
13558;12170.09;50;1.28;1;1
13559;12463.34;50;1.22;1;1
13560;12121.21;50;1.25;1;1
13561;12609.97;50;1.21;1;1
13562;12121.21;50;1.26;1;1
13563;12707.72;50;1.21;1;1
13564;12267.84;50;1.27;1;1
13565;12658.85;50;1.23;1;1
13566;12072.34;50;1.27;1;1
13567;12707.72;50;1.21;1;1
13568;11925.71;50;1.27;1;1
13569;12512.22;50;1.19;1;1
13570;12023.46;50;1.25;1;1
13571;12316.71;50;1.20;1;1
13572;11876.83;50;1.23;1;1
13573;12512.22;50;1.19;1;1
13574;11974.58;50;1.25;1;1
13575;12463.34;50;1.20;1;1
13576;11827.96;50;1.25;1;1
13577;12463.34;50;1.18;1;1
13578;11925.71;50;1.25;1;1
13579;12365.59;50;1.19;1;1
13580;11974.58;50;1.24;1;1
13581;12463.34;50;1.20;1;1
13582;11876.83;50;1.25;1;1
13583;12561.09;50;1.19;1;1
13584;11779.08;50;1.26;1;1
13585;12414.47;50;1.18;1;1
13586;11779.08;50;1.24;1;1
13587;12414.47;50;1.18;1;1
13588;11730.21;50;1.24;1;1
13589;12463.34;50;1.17;1;1
13590;11925.71;50;1.25;1;1
13591;12463.34;50;1.19;1;1
13592;11730.21;50;1.25;1;1
13593;12512.22;50;1.17;1;1
13594;11779.08;50;1.25;1;1
13595;12463.34;50;1.18;1;1
13596;11681.33;50;1.25;1;1
13597;12365.59;50;1.17;1;1
13598;11632.45;50;1.24;1;1
13599;12463.34;50;1.16;1;1
13600;11876.83;50;1.25;1;1
13601;12414.47;50;1.19;1;1
13602;11876.83;50;1.24;1;1
13603;12365.59;50;1.19;1;1
13604;11730.21;50;1.24;1;1
13605;12365.59;50;1.17;1;1
13606;11681.33;50;1.24;1;1
13607;12267.84;50;1.17;1;1
13608;11876.83;50;1.23;1;1
13609;12463.34;50;1.19;1;1
13610;11681.33;50;1.25;1;1
13611;12414.47;50;1.17;1;1
13612;11779.08;50;1.24;1;1
13613;12561.09;50;1.18;1;1
13614;11827.96;50;1.26;1;1
13615;12365.59;50;1.18;1;1
13616;11925.71;50;1.24;1;1
13617;12512.22;50;1.19;1;1
13618;12121.21;50;1.25;1;1
13619;12805.47;50;1.21;1;1
13620;12170.09;50;1.28;1;1
13621;12561.09;50;1.22;1;1
13622;12121.21;50;1.26;1;1
13623;12756.60;50;1.21;1;1
13624;12121.21;50;1.28;1;1
13625;12756.60;50;1.21;1;1
13626;12218.96;50;1.28;1;1
13627;12512.22;50;1.22;1;1
13628;11876.83;50;1.25;1;1
13629;12463.34;50;1.19;1;1
13630;11827.96;50;1.25;1;1
13631;12463.34;50;1.18;1;1
13632;11876.83;50;1.25;1;1
13633;12561.09;50;1.19;1;1
13634;11827.96;50;1.26;1;1
13635;12512.22;50;1.18;1;1
13636;11876.83;50;1.25;1;1
13637;12512.22;50;1.19;1;1
13638;11876.83;50;1.25;1;1
13639;12512.22;50;1.19;1;1
13640;11974.58;50;1.25;1;1
13641;12512.22;50;1.20;1;1
13642;11827.96;50;1.25;1;1
13643;12561.09;50;1.18;1;1
13644;11974.58;50;1.26;1;1
13645;12463.34;50;1.20;1;1
13646;11827.96;50;1.25;1;1
13647;12512.22;50;1.18;1;1
13648;12023.46;50;1.25;1;1
13649;12561.09;50;1.20;1;1
13650;11876.83;50;1.26;1;1
13651;12561.09;50;1.19;1;1
13652;11925.71;50;1.26;1;1
13653;12609.97;50;1.19;1;1
13654;12121.21;50;1.26;1;1
13655;12609.97;50;1.21;1;1
13656;11925.71;50;1.26;1;1
13657;12609.97;50;1.19;1;1
13658;11974.58;50;1.26;1;1
13659;12658.85;50;1.20;1;1
13660;12121.21;50;1.27;1;1
13661;12561.09;50;1.21;1;1
13662;12072.34;50;1.26;1;1
13663;12512.22;50;1.21;1;1
13664;12072.34;50;1.25;1;1
13665;12561.09;50;1.21;1;1
13666;12121.21;50;1.26;1;1
13667;12707.72;50;1.21;1;1
13668;12170.09;50;1.27;1;1
13669;12609.97;50;1.22;1;1
13670;12072.34;50;1.26;1;1
13671;12707.72;50;1.21;1;1
13672;12170.09;50;1.27;1;1
13673;12609.97;50;1.22;1;1
13674;12072.34;50;1.26;1;1
13675;12609.97;50;1.21;1;1
13676;12218.96;50;1.26;1;1
13677;12658.85;50;1.22;1;1
13678;12218.96;50;1.27;1;1
13679;12658.85;50;1.22;1;1
13680;12072.34;50;1.27;1;1
13681;12609.97;50;1.21;1;1
13682;12170.09;50;1.26;1;1
13683;12658.85;50;1.22;1;1
13684;12121.21;50;1.27;1;1
13685;12658.85;50;1.21;1;1
13686;12121.21;50;1.27;1;1
13687;12414.47;50;1.21;1;1
13688;12218.96;50;1.24;1;1
13689;12414.47;50;1.22;1;1
13690;12072.34;50;1.24;1;1
13691;12512.22;50;1.21;1;1
13692;12218.96;50;1.25;1;1
13693;12414.47;50;1.22;1;1
13694;12316.71;50;1.24;1;1
13695;12267.84;50;1.23;1;1
13696;12218.96;50;1.23;1;1
13697;12316.71;50;1.22;1;1
13698;12658.85;50;1.23;1;1
13699;12756.60;50;1.27;1;1
13700;12658.85;50;1.28;1;1
13701;12658.85;50;1.27;1;1
13702;12658.85;50;1.27;1;1
13703;12805.47;50;1.27;1;1
13704;12561.09;50;1.28;1;1
13705;12756.60;50;1.26;1;1
13706;12658.85;50;1.28;1;1
13707;12609.97;50;1.27;1;1
13708;12609.97;50;1.26;1;1
13709;12756.60;50;1.26;1;1
13710;12414.47;50;1.28;1;1
13711;13000.98;50;1.24;1;1
13712;12512.22;50;1.30;1;1
13713;12903.23;50;1.25;1;1
13714;12512.22;50;1.29;1;1
13715;12854.35;50;1.25;1;1
13716;12707.72;50;1.29;1;1
13717;12561.09;50;1.27;1;1
13718;12561.09;50;1.26;1;1
13719;12512.22;50;1.26;1;1
13720;12707.72;50;1.25;1;1
13721;12512.22;50;1.27;1;1
13722;12805.47;50;1.25;1;1
13723;12561.09;50;1.28;1;1
13724;12756.60;50;1.26;1;1
13725;12463.34;50;1.28;1;1
13726;12658.85;50;1.25;1;1
13727;12512.22;50;1.27;1;1
13728;12658.85;50;1.25;1;1
13729;12316.71;50;1.27;1;1
13730;12512.22;50;1.23;1;1
13731;12316.71;50;1.25;1;1
13732;12756.60;50;1.23;1;1
13733;12463.34;50;1.28;1;1
13734;12854.35;50;1.25;1;1
13735;12316.71;50;1.29;1;1
13736;12756.60;50;1.23;1;1
13737;12512.22;50;1.28;1;1
13738;12707.72;50;1.25;1;1
13739;12414.47;50;1.27;1;1
13740;12805.47;50;1.24;1;1
13741;12609.97;50;1.28;1;1
13742;12756.60;50;1.26;1;1
13743;12561.09;50;1.28;1;1
13744;12658.85;50;1.26;1;1
13745;12365.59;50;1.27;1;1
13746;12756.60;50;1.24;1;1
13747;12267.84;50;1.28;1;1
13748;12805.47;50;1.23;1;1
13749;12512.22;50;1.28;1;1
13750;13098.73;50;1.25;1;1
13751;12463.34;50;1.31;1;1
13752;12756.60;50;1.25;1;1
13753;12267.84;50;1.28;1;1
13754;12805.47;50;1.23;1;1
13755;12512.22;50;1.28;1;1
13756;12756.60;50;1.25;1;1
13757;12414.47;50;1.28;1;1
13758;12903.23;50;1.24;1;1
13759;12609.97;50;1.29;1;1
13760;12658.85;50;1.26;1;1
13761;12561.09;50;1.27;1;1
13762;12854.35;50;1.26;1;1
13763;12414.47;50;1.29;1;1
13764;12903.23;50;1.24;1;1
13765;12414.47;50;1.29;1;1
13766;12707.72;50;1.24;1;1
13767;12267.84;50;1.27;1;1
13768;12854.35;50;1.23;1;1
13769;12414.47;50;1.29;1;1
13770;12903.23;50;1.24;1;1
13771;12316.71;50;1.29;1;1
13772;12952.10;50;1.23;1;1
13773;12414.47;50;1.30;1;1
13774;12854.35;50;1.24;1;1
13775;12218.96;50;1.29;1;1
13776;13000.98;50;1.22;1;1
13777;12316.71;50;1.30;1;1
13778;13000.98;50;1.23;1;1
13779;12463.34;50;1.30;1;1
13780;13147.60;50;1.25;1;1
13781;12218.96;50;1.31;1;1
13782;12903.23;50;1.22;1;1
13783;12365.59;50;1.29;1;1
13784;12903.23;50;1.24;1;1
13785;12316.71;50;1.29;1;1
13786;13000.98;50;1.23;1;1
13787;12316.71;50;1.30;1;1
13788;13049.85;50;1.23;1;1
13789;12609.97;50;1.30;1;1
13790;13098.73;50;1.26;1;1
13791;12658.85;50;1.31;1;1
13792;13343.11;50;1.27;1;1
13793;12609.97;50;1.33;1;1
13794;13391.98;50;1.26;1;1
13795;12512.22;50;1.34;1;1
13796;13049.85;50;1.25;1;1
13797;12561.09;50;1.30;1;1
13798;13098.73;50;1.26;1;1
13799;12365.59;50;1.31;1;1
13800;13147.60;50;1.24;1;1
13801;12561.09;50;1.31;1;1
13802;13098.73;50;1.26;1;1
13803;12463.34;50;1.31;1;1
13804;13196.48;50;1.25;1;1
13805;12512.22;50;1.32;1;1
13806;13196.48;50;1.25;1;1
13807;12609.97;50;1.32;1;1
13808;13196.48;50;1.26;1;1
13809;12512.22;50;1.32;1;1
13810;13147.60;50;1.25;1;1
13811;12463.34;50;1.31;1;1
13812;13049.85;50;1.25;1;1
13813;12316.71;50;1.30;1;1
13814;13049.85;50;1.23;1;1
13815;12316.71;50;1.30;1;1
13816;13000.98;50;1.23;1;1
13817;12365.59;50;1.30;1;1
13818;13294.23;50;1.24;1;1
13819;12512.22;50;1.33;1;1
13820;13245.36;50;1.25;1;1
13821;12365.59;50;1.32;1;1
13822;13049.85;50;1.24;1;1
13823;12365.59;50;1.30;1;1
13824;13147.60;50;1.24;1;1
13825;12512.22;50;1.31;1;1
13826;13049.85;50;1.25;1;1
13827;12316.71;50;1.30;1;1
13828;12952.10;50;1.23;1;1
13829;12218.96;50;1.30;1;1
13830;12854.35;50;1.22;1;1
13831;12365.59;50;1.29;1;1
13832;12952.10;50;1.24;1;1
13833;12316.71;50;1.30;1;1
13834;12952.10;50;1.23;1;1
13835;12316.71;50;1.30;1;1
13836;12952.10;50;1.23;1;1
13837;12316.71;50;1.30;1;1
13838;12854.35;50;1.23;1;1
13839;12218.96;50;1.29;1;1
13840;12952.10;50;1.22;1;1
13841;12218.96;50;1.30;1;1
13842;12805.47;50;1.22;1;1
13843;12316.71;50;1.28;1;1
13844;12756.60;50;1.23;1;1
13845;12218.96;50;1.28;1;1
13846;12756.60;50;1.22;1;1
13847;12267.84;50;1.28;1;1
13848;12952.10;50;1.23;1;1
13849;12316.71;50;1.30;1;1
13850;12756.60;50;1.23;1;1
13851;12218.96;50;1.28;1;1
13852;12903.23;50;1.22;1;1
13853;12218.96;50;1.29;1;1
13854;12952.10;50;1.22;1;1
13855;12267.84;50;1.30;1;1
13856;12707.72;50;1.23;1;1
13857;12072.34;50;1.27;1;1
13858;12952.10;50;1.21;1;1
13859;12170.09;50;1.30;1;1
13860;12658.85;50;1.22;1;1
13861;12121.21;50;1.27;1;1
13862;12805.47;50;1.21;1;1
13863;12365.59;50;1.28;1;1
13864;12707.72;50;1.24;1;1
13865;12316.71;50;1.27;1;1
13866;12756.60;50;1.23;1;1
13867;12365.59;50;1.28;1;1
13868;12609.97;50;1.24;1;1
13869;12170.09;50;1.26;1;1
13870;12756.60;50;1.22;1;1
13871;12121.21;50;1.28;1;1
13872;12609.97;50;1.21;1;1
13873;12267.84;50;1.26;1;1
13874;12658.85;50;1.23;1;1
13875;12365.59;50;1.27;1;1
13876;12561.09;50;1.24;1;1
13877;12316.71;50;1.26;1;1
13878;12561.09;50;1.23;1;1
13879;12170.09;50;1.26;1;1
13880;12512.22;50;1.22;1;1
13881;12267.84;50;1.25;1;1
13882;12463.34;50;1.23;1;1
13883;12267.84;50;1.25;1;1
13884;12609.97;50;1.23;1;1
13885;12267.84;50;1.26;1;1
13886;12658.85;50;1.23;1;1
13887;12609.97;50;1.27;1;1
13888;12561.09;50;1.26;1;1
13889;12561.09;50;1.26;1;1
13890;12805.47;50;1.26;1;1
13891;12463.34;50;1.28;1;1
13892;12658.85;50;1.25;1;1
13893;12609.97;50;1.27;1;1
13894;12609.97;50;1.26;1;1
13895;12463.34;50;1.26;1;1
13896;12609.97;50;1.25;1;1
13897;12512.22;50;1.26;1;1
13898;12609.97;50;1.25;1;1
13899;12609.97;50;1.26;1;1
13900;12512.22;50;1.26;1;1
13901;12561.09;50;1.25;1;1
13902;12365.59;50;1.26;1;1
13903;12512.22;50;1.24;1;1
13904;12414.47;50;1.25;1;1
13905;12561.09;50;1.24;1;1
13906;12561.09;50;1.26;1;1
13907;12609.97;50;1.26;1;1
13908;12658.85;50;1.26;1;1
13909;12756.60;50;1.27;1;1
13910;12561.09;50;1.28;1;1
13911;12707.72;50;1.26;1;1
13912;12609.97;50;1.27;1;1
13913;12512.22;50;1.26;1;1
13914;12365.59;50;1.25;1;1
13915;12707.72;50;1.24;1;1
13916;12561.09;50;1.27;1;1
13917;12658.85;50;1.26;1;1
13918;12658.85;50;1.27;1;1
13919;12561.09;50;1.27;1;1
13920;12609.97;50;1.26;1;1
13921;12707.72;50;1.26;1;1
13922;12707.72;50;1.27;1;1
13923;12707.72;50;1.27;1;1
13924;12414.47;50;1.27;1;1
13925;12805.47;50;1.24;1;1
13926;12561.09;50;1.28;1;1
13927;12561.09;50;1.26;1;1
13928;12658.85;50;1.26;1;1
13929;12805.47;50;1.27;1;1
13930;12365.59;50;1.28;1;1
13931;12609.97;50;1.24;1;1
13932;12512.22;50;1.26;1;1
13933;12756.60;50;1.25;1;1
13934;12707.72;50;1.28;1;1
13935;12561.09;50;1.27;1;1
13936;12267.84;50;1.26;1;1
13937;12512.22;50;1.23;1;1
13938;12414.47;50;1.25;1;1
13939;12756.60;50;1.24;1;1
13940;12267.84;50;1.28;1;1
13941;12756.60;50;1.23;1;1
13942;12512.22;50;1.28;1;1
13943;12952.10;50;1.25;1;1
13944;12658.85;50;1.30;1;1
13945;12707.72;50;1.27;1;1
13946;12756.60;50;1.27;1;1
13947;12854.35;50;1.28;1;1
13948;12609.97;50;1.29;1;1
13949;12707.72;50;1.26;1;1
13950;12463.34;50;1.27;1;1
13951;12609.97;50;1.25;1;1
13952;12512.22;50;1.26;1;1
13953;12707.72;50;1.25;1;1
13954;12414.47;50;1.27;1;1
13955;13000.98;50;1.24;1;1
13956;12365.59;50;1.30;1;1
13957;12854.35;50;1.24;1;1
13958;12414.47;50;1.29;1;1
13959;12707.72;50;1.24;1;1
13960;12561.09;50;1.27;1;1
13961;12707.72;50;1.26;1;1
13962;12512.22;50;1.27;1;1
13963;12854.35;50;1.25;1;1
13964;12512.22;50;1.29;1;1
13965;12658.85;50;1.25;1;1
13966;12316.71;50;1.27;1;1
13967;12756.60;50;1.23;1;1
13968;12512.22;50;1.28;1;1
13969;12903.23;50;1.25;1;1
13970;12707.72;50;1.29;1;1
13971;12854.35;50;1.27;1;1
13972;12512.22;50;1.29;1;1
13973;12952.10;50;1.25;1;1
13974;12512.22;50;1.30;1;1
13975;12903.23;50;1.25;1;1
13976;12512.22;50;1.29;1;1
13977;12658.85;50;1.25;1;1
13978;12414.47;50;1.27;1;1
13979;12854.35;50;1.24;1;1
13980;12365.59;50;1.29;1;1
13981;12609.97;50;1.24;1;1
13982;12414.47;50;1.26;1;1
13983;12609.97;50;1.24;1;1
13984;12463.34;50;1.26;1;1
13985;12756.60;50;1.25;1;1
13986;12414.47;50;1.28;1;1
13987;12609.97;50;1.24;1;1
13988;12365.59;50;1.26;1;1
13989;12707.72;50;1.24;1;1
13990;12463.34;50;1.27;1;1
13991;12561.09;50;1.25;1;1
13992;12316.71;50;1.26;1;1
13993;12561.09;50;1.23;1;1
13994;12512.22;50;1.26;1;1
13995;12463.34;50;1.25;1;1
13996;12512.22;50;1.25;1;1
13997;12707.72;50;1.25;1;1
13998;12561.09;50;1.27;1;1
13999;12805.47;50;1.26;1;1
14000;12316.71;50;1.28;1;1
14001;12805.47;50;1.23;1;1
14002;12512.22;50;1.28;1;1
14003;12756.60;50;1.25;1;1
14004;12463.34;50;1.28;1;1
14005;12756.60;50;1.25;1;1
14006;12463.34;50;1.28;1;1
14007;12854.35;50;1.25;1;1
14008;12414.47;50;1.29;1;1
14009;12658.85;50;1.24;1;1
14010;12316.71;50;1.27;1;1
14011;12805.47;50;1.23;1;1
14012;12365.59;50;1.28;1;1
14013;12805.47;50;1.24;1;1
14014;12609.97;50;1.28;1;1
14015;12805.47;50;1.26;1;1
14016;12561.09;50;1.28;1;1
14017;12903.23;50;1.26;1;1
14018;12561.09;50;1.29;1;1
14019;12903.23;50;1.26;1;1
14020;12609.97;50;1.29;1;1
14021;12903.23;50;1.26;1;1
14022;12658.85;50;1.29;1;1
14023;12805.47;50;1.27;1;1
14024;12512.22;50;1.28;1;1
14025;13000.98;50;1.25;1;1
14026;12756.60;50;1.30;1;1
14027;13098.73;50;1.28;1;1
14028;12707.72;50;1.31;1;1
14029;13000.98;50;1.27;1;1
14030;12609.97;50;1.30;1;1
14031;12952.10;50;1.26;1;1
14032;12609.97;50;1.30;1;1
14033;13098.73;50;1.26;1;1
14034;12609.97;50;1.31;1;1
14035;13049.85;50;1.26;1;1
14036;12756.60;50;1.30;1;1
14037;12756.60;50;1.28;1;1
14038;12561.09;50;1.28;1;1
14039;13049.85;50;1.26;1;1
14040;12609.97;50;1.30;1;1
14041;12952.10;50;1.26;1;1
14042;12658.85;50;1.30;1;1
14043;12952.10;50;1.27;1;1
14044;12463.34;50;1.30;1;1
14045;12756.60;50;1.25;1;1
14046;12707.72;50;1.28;1;1
14047;12952.10;50;1.27;1;1
14048;12609.97;50;1.30;1;1
14049;12952.10;50;1.26;1;1
14050;12512.22;50;1.30;1;1
14051;13098.73;50;1.25;1;1
14052;12952.10;50;1.31;1;1
14053;12854.35;50;1.30;1;1
14054;12756.60;50;1.29;1;1
14055;12952.10;50;1.28;1;1
14056;12561.09;50;1.30;1;1
14057;12805.47;50;1.26;1;1
14058;12658.85;50;1.28;1;1
14059;12952.10;50;1.27;1;1
14060;12658.85;50;1.30;1;1
14061;12805.47;50;1.27;1;1
14062;12463.34;50;1.28;1;1
14063;12952.10;50;1.25;1;1
14064;12463.34;50;1.30;1;1
14065;12805.47;50;1.25;1;1
14066;12561.09;50;1.28;1;1
14067;12952.10;50;1.26;1;1
14068;12561.09;50;1.30;1;1
14069;12854.35;50;1.26;1;1
14070;12512.22;50;1.29;1;1
14071;12903.23;50;1.25;1;1
14072;12658.85;50;1.29;1;1
14073;12952.10;50;1.27;1;1
14074;12609.97;50;1.30;1;1
14075;13098.73;50;1.26;1;1
14076;12561.09;50;1.31;1;1
14077;13098.73;50;1.26;1;1
14078;12561.09;50;1.31;1;1
14079;12903.23;50;1.26;1;1
14080;12512.22;50;1.29;1;1
14081;12903.23;50;1.25;1;1
14082;12805.47;50;1.29;1;1
14083;12952.10;50;1.28;1;1
14084;12658.85;50;1.30;1;1
14085;12854.35;50;1.27;1;1
14086;12756.60;50;1.29;1;1
14087;12463.34;50;1.28;1;1
14088;12609.97;50;1.25;1;1
14089;12512.22;50;1.26;1;1
14090;12854.35;50;1.25;1;1
14091;12463.34;50;1.29;1;1
14092;12854.35;50;1.25;1;1
14093;12463.34;50;1.29;1;1
14094;12805.47;50;1.25;1;1
14095;12365.59;50;1.28;1;1
14096;13000.98;50;1.24;1;1
14097;12609.97;50;1.30;1;1
14098;12903.23;50;1.26;1;1
14099;12365.59;50;1.29;1;1
14100;12707.72;50;1.24;1;1
14101;12316.71;50;1.27;1;1
14102;12854.35;50;1.23;1;1
14103;12365.59;50;1.29;1;1
14104;12707.72;50;1.24;1;1
14105;12316.71;50;1.27;1;1
14106;12707.72;50;1.23;1;1
14107;12512.22;50;1.27;1;1
14108;12658.85;50;1.25;1;1
14109;12267.84;50;1.27;1;1
14110;12805.47;50;1.23;1;1
14111;12561.09;50;1.28;1;1
14112;12707.72;50;1.26;1;1
14113;12512.22;50;1.27;1;1
14114;12805.47;50;1.25;1;1
14115;12463.34;50;1.28;1;1
14116;12903.23;50;1.25;1;1
14117;12512.22;50;1.29;1;1
14118;13000.98;50;1.25;1;1
14119;12658.85;50;1.30;1;1
14120;12903.23;50;1.27;1;1
14121;12512.22;50;1.29;1;1
14122;12658.85;50;1.25;1;1
14123;12561.09;50;1.27;1;1
14124;12805.47;50;1.26;1;1
14125;12561.09;50;1.28;1;1
14126;12952.10;50;1.26;1;1
14127;12316.71;50;1.30;1;1
14128;12756.60;50;1.23;1;1
14129;12561.09;50;1.28;1;1
14130;12805.47;50;1.26;1;1
14131;12414.47;50;1.28;1;1
14132;12756.60;50;1.24;1;1
14133;12707.72;50;1.28;1;1
14134;13147.60;50;1.27;1;1
14135;12707.72;50;1.31;1;1
14136;12952.10;50;1.27;1;1
14137;12609.97;50;1.30;1;1
14138;12805.47;50;1.26;1;1
14139;12658.85;50;1.28;1;1
14140;12952.10;50;1.27;1;1
14141;12463.34;50;1.30;1;1
14142;13049.85;50;1.25;1;1
14143;12609.97;50;1.30;1;1
14144;13049.85;50;1.26;1;1
14145;12512.22;50;1.30;1;1
14146;12854.35;50;1.25;1;1
14147;12805.47;50;1.29;1;1
14148;12854.35;50;1.28;1;1
14149;12707.72;50;1.29;1;1
14150;12903.23;50;1.27;1;1
14151;12805.47;50;1.29;1;1
14152;12952.10;50;1.28;1;1
14153;12658.85;50;1.30;1;1
14154;12805.47;50;1.27;1;1
14155;12756.60;50;1.28;1;1
14156;12903.23;50;1.28;1;1
14157;12561.09;50;1.29;1;1
14158;12952.10;50;1.26;1;1
14159;12707.72;50;1.30;1;1
14160;13000.98;50;1.27;1;1
14161;12609.97;50;1.30;1;1
14162;12854.35;50;1.26;1;1
14163;12903.23;50;1.29;1;1
14164;12952.10;50;1.29;1;1
14165;12707.72;50;1.30;1;1
14166;13147.60;50;1.27;1;1
14167;12805.47;50;1.31;1;1
14168;13245.36;50;1.28;1;1
14169;12854.35;50;1.32;1;1
14170;13294.23;50;1.29;1;1
14171;13049.85;50;1.33;1;1
14172;13294.23;50;1.30;1;1
14173;13098.73;50;1.33;1;1
14174;13391.98;50;1.31;1;1
14175;12952.10;50;1.34;1;1
14176;13245.36;50;1.30;1;1
14177;13098.73;50;1.32;1;1
14178;13098.73;50;1.31;1;1
14179;12952.10;50;1.31;1;1
14180;13098.73;50;1.30;1;1
14181;13049.85;50;1.31;1;1
14182;13245.36;50;1.30;1;1
14183;13000.98;50;1.32;1;1
14184;13098.73;50;1.30;1;1
14185;12805.47;50;1.31;1;1
14186;13196.48;50;1.28;1;1
14187;12658.85;50;1.32;1;1
14188;12805.47;50;1.27;1;1
14189;12805.47;50;1.28;1;1
14190;12805.47;50;1.28;1;1
14191;12561.09;50;1.28;1;1
14192;12903.23;50;1.26;1;1
14193;12854.35;50;1.29;1;1
14194;12805.47;50;1.29;1;1
14195;12854.35;50;1.28;1;1
14196;12854.35;50;1.29;1;1
14197;12805.47;50;1.29;1;1
14198;12805.47;50;1.28;1;1
14199;12952.10;50;1.28;1;1
14200;12707.72;50;1.30;1;1
14201;12903.23;50;1.27;1;1
14202;12658.85;50;1.29;1;1
14203;12903.23;50;1.27;1;1
14204;12903.23;50;1.29;1;1
14205;12805.47;50;1.29;1;1
14206;12903.23;50;1.28;1;1
14207;12756.60;50;1.29;1;1
14208;12854.35;50;1.28;1;1
14209;12854.35;50;1.29;1;1
14210;12854.35;50;1.29;1;1
14211;12707.72;50;1.29;1;1
14212;12658.85;50;1.27;1;1
14213;12854.35;50;1.27;1;1
14214;12854.35;50;1.29;1;1
14215;12903.23;50;1.29;1;1
14216;12707.72;50;1.29;1;1
14217;12609.97;50;1.27;1;1
14218;12658.85;50;1.26;1;1
14219;12561.09;50;1.27;1;1
14220;12707.72;50;1.26;1;1
14221;12854.35;50;1.27;1;1
14222;13049.85;50;1.29;1;1
14223;12903.23;50;1.30;1;1
14224;12805.47;50;1.29;1;1
14225;13245.36;50;1.28;1;1
14226;12707.72;50;1.32;1;1
14227;13000.98;50;1.27;1;1
14228;12561.09;50;1.30;1;1
14229;13000.98;50;1.26;1;1
14230;12512.22;50;1.30;1;1
14231;12903.23;50;1.25;1;1
14232;12756.60;50;1.29;1;1
14233;13000.98;50;1.28;1;1
14234;12805.47;50;1.30;1;1
14235;13098.73;50;1.28;1;1
14236;12658.85;50;1.31;1;1
14237;13000.98;50;1.27;1;1
14238;12609.97;50;1.30;1;1
14239;13098.73;50;1.26;1;1
14240;12952.10;50;1.31;1;1
14241;13098.73;50;1.30;1;1
14242;12561.09;50;1.31;1;1
14243;13196.48;50;1.26;1;1
14244;12952.10;50;1.32;1;1
14245;12952.10;50;1.30;1;1
14246;12512.22;50;1.30;1;1
14247;13098.73;50;1.25;1;1
14248;12512.22;50;1.31;1;1
14249;13000.98;50;1.25;1;1
14250;12463.34;50;1.30;1;1
14251;13098.73;50;1.25;1;1
14252;12609.97;50;1.31;1;1
14253;13049.85;50;1.26;1;1
14254;12658.85;50;1.30;1;1
14255;12952.10;50;1.27;1;1
14256;12609.97;50;1.30;1;1
14257;12903.23;50;1.26;1;1
14258;12609.97;50;1.29;1;1
14259;12952.10;50;1.26;1;1
14260;12512.22;50;1.30;1;1
14261;13294.23;50;1.25;1;1
14262;12561.09;50;1.33;1;1
14263;13294.23;50;1.26;1;1
14264;12854.35;50;1.33;1;1
14265;13098.73;50;1.29;1;1
14266;12512.22;50;1.31;1;1
14267;13245.36;50;1.25;1;1
14268;12609.97;50;1.32;1;1
14269;12952.10;50;1.26;1;1
14270;12609.97;50;1.30;1;1
14271;13147.60;50;1.26;1;1
14272;12658.85;50;1.31;1;1
14273;13196.48;50;1.27;1;1
14274;12658.85;50;1.32;1;1
14275;13147.60;50;1.27;1;1
14276;12609.97;50;1.31;1;1
14277;13245.36;50;1.26;1;1
14278;12658.85;50;1.32;1;1
14279;13294.23;50;1.27;1;1
14280;12658.85;50;1.33;1;1
14281;13343.11;50;1.27;1;1
14282;12658.85;50;1.33;1;1
14283;13440.86;50;1.27;1;1
14284;12658.85;50;1.34;1;1
14285;13294.23;50;1.27;1;1
14286;12658.85;50;1.33;1;1
14287;13196.48;50;1.27;1;1
14288;12463.34;50;1.32;1;1
14289;13440.86;50;1.25;1;1
14290;12903.23;50;1.34;1;1
14291;13245.36;50;1.29;1;1
14292;12609.97;50;1.32;1;1
14293;13147.60;50;1.26;1;1
14294;12561.09;50;1.31;1;1
14295;13245.36;50;1.26;1;1
14296;12609.97;50;1.32;1;1
14297;13098.73;50;1.26;1;1
14298;12707.72;50;1.31;1;1
14299;13294.23;50;1.27;1;1
14300;12707.72;50;1.33;1;1
14301;13147.60;50;1.27;1;1
14302;12658.85;50;1.31;1;1
14303;13147.60;50;1.27;1;1
14304;12561.09;50;1.31;1;1
14305;13245.36;50;1.26;1;1
14306;12414.47;50;1.32;1;1
14307;13049.85;50;1.24;1;1
14308;12512.22;50;1.30;1;1
14309;13196.48;50;1.25;1;1
14310;12561.09;50;1.32;1;1
14311;13245.36;50;1.26;1;1
14312;12463.34;50;1.32;1;1
14313;13294.23;50;1.25;1;1
14314;12414.47;50;1.33;1;1
14315;13098.73;50;1.24;1;1
14316;12512.22;50;1.31;1;1
14317;13245.36;50;1.25;1;1
14318;12463.34;50;1.32;1;1
14319;13245.36;50;1.25;1;1
14320;12561.09;50;1.32;1;1
14321;13000.98;50;1.26;1;1
14322;12316.71;50;1.30;1;1
14323;12952.10;50;1.23;1;1
14324;12170.09;50;1.30;1;1
14325;12903.23;50;1.22;1;1
14326;12170.09;50;1.29;1;1
14327;13049.85;50;1.22;1;1
14328;12267.84;50;1.30;1;1
14329;13000.98;50;1.23;1;1
14330;12316.71;50;1.30;1;1
14331;12854.35;50;1.23;1;1
14332;12267.84;50;1.29;1;1
14333;13000.98;50;1.23;1;1
14334;12316.71;50;1.30;1;1
14335;13049.85;50;1.23;1;1
14336;12170.09;50;1.30;1;1
14337;12952.10;50;1.22;1;1
14338;12121.21;50;1.30;1;1
14339;12707.72;50;1.21;1;1
14340;11974.58;50;1.27;1;1
14341;12854.35;50;1.20;1;1
14342;12170.09;50;1.29;1;1
14343;12854.35;50;1.22;1;1
14344;12170.09;50;1.29;1;1
14345;13147.60;50;1.22;1;1
14346;12414.47;50;1.31;1;1
14347;13049.85;50;1.24;1;1
14348;12414.47;50;1.30;1;1
14349;13147.60;50;1.24;1;1
14350;12414.47;50;1.31;1;1
14351;12952.10;50;1.24;1;1
14352;12365.59;50;1.30;1;1
14353;13196.48;50;1.24;1;1
14354;12561.09;50;1.32;1;1
14355;12903.23;50;1.26;1;1
14356;12658.85;50;1.29;1;1
14357;13098.73;50;1.27;1;1
14358;12316.71;50;1.31;1;1
14359;13049.85;50;1.23;1;1
14360;12316.71;50;1.30;1;1
14361;13147.60;50;1.23;1;1
14362;12365.59;50;1.31;1;1
14363;12952.10;50;1.24;1;1
14364;12707.72;50;1.30;1;1
14365;13098.73;50;1.27;1;1
14366;12609.97;50;1.31;1;1
14367;13049.85;50;1.26;1;1
14368;12414.47;50;1.30;1;1
14369;13196.48;50;1.24;1;1
14370;12609.97;50;1.32;1;1
14371;13343.11;50;1.26;1;1
14372;12414.47;50;1.33;1;1
14373;13147.60;50;1.24;1;1
14374;12365.59;50;1.31;1;1
14375;13294.23;50;1.24;1;1
14376;12463.34;50;1.33;1;1
14377;13294.23;50;1.25;1;1
14378;12561.09;50;1.33;1;1
14379;13147.60;50;1.26;1;1
14380;12756.60;50;1.31;1;1
14381;13098.73;50;1.28;1;1
14382;12463.34;50;1.31;1;1
14383;13343.11;50;1.25;1;1
14384;12609.97;50;1.33;1;1
14385;13343.11;50;1.26;1;1
14386;12658.85;50;1.33;1;1
14387;13196.48;50;1.27;1;1
14388;12658.85;50;1.32;1;1
14389;13245.36;50;1.27;1;1
14390;12658.85;50;1.32;1;1
14391;13245.36;50;1.27;1;1
14392;12707.72;50;1.32;1;1
14393;13391.98;50;1.27;1;1
14394;12903.23;50;1.34;1;1
14395;13294.23;50;1.29;1;1
14396;13000.98;50;1.33;1;1
14397;13294.23;50;1.30;1;1
14398;12609.97;50;1.33;1;1
14399;13049.85;50;1.26;1;1
14400;12658.85;50;1.30;1;1
14401;13147.60;50;1.27;1;1
14402;12854.35;50;1.31;1;1
14403;12903.23;50;1.29;1;1
14404;12658.85;50;1.29;1;1
14405;13440.86;50;1.27;1;1
14406;12609.97;50;1.34;1;1
14407;13294.23;50;1.26;1;1
14408;12609.97;50;1.33;1;1
14409;13049.85;50;1.26;1;1
14410;12609.97;50;1.30;1;1
14411;13147.60;50;1.26;1;1
14412;12561.09;50;1.31;1;1
14413;13147.60;50;1.26;1;1
14414;12658.85;50;1.31;1;1
14415;13245.36;50;1.27;1;1
14416;12609.97;50;1.32;1;1
14417;12903.23;50;1.26;1;1
14418;12707.72;50;1.29;1;1
14419;13049.85;50;1.27;1;1
14420;12609.97;50;1.30;1;1
14421;12952.10;50;1.26;1;1
14422;12707.72;50;1.30;1;1
14423;12952.10;50;1.27;1;1
14424;12707.72;50;1.30;1;1
14425;13196.48;50;1.27;1;1
14426;12805.47;50;1.32;1;1
14427;13098.73;50;1.28;1;1
14428;12756.60;50;1.31;1;1
14429;12903.23;50;1.28;1;1
14430;12854.35;50;1.29;1;1
14431;13000.98;50;1.29;1;1
14432;12658.85;50;1.30;1;1
14433;13098.73;50;1.27;1;1
14434;12609.97;50;1.31;1;1
14435;12658.85;50;1.26;1;1
14436;12414.47;50;1.27;1;1
14437;12707.72;50;1.24;1;1
14438;12707.72;50;1.27;1;1
14439;12756.60;50;1.27;1;1
14440;12805.47;50;1.28;1;1
14441;12756.60;50;1.28;1;1
14442;12561.09;50;1.28;1;1
14443;12952.10;50;1.26;1;1
14444;12463.34;50;1.30;1;1
14445;12658.85;50;1.25;1;1
14446;12609.97;50;1.27;1;1
14447;12707.72;50;1.26;1;1
14448;12952.10;50;1.27;1;1
14449;12707.72;50;1.30;1;1
14450;12609.97;50;1.27;1;1
14451;12463.34;50;1.26;1;1
14452;12952.10;50;1.25;1;1
14453;12561.09;50;1.30;1;1
14454;12756.60;50;1.26;1;1
14455;12609.97;50;1.28;1;1
14456;12658.85;50;1.26;1;1
14457;12756.60;50;1.27;1;1
14458;12805.47;50;1.28;1;1
14459;12512.22;50;1.28;1;1
14460;12658.85;50;1.25;1;1
14461;12658.85;50;1.27;1;1
14462;12609.97;50;1.27;1;1
14463;12854.35;50;1.26;1;1
14464;12267.84;50;1.29;1;1
14465;12609.97;50;1.23;1;1
14466;12658.85;50;1.26;1;1
14467;12609.97;50;1.27;1;1
14468;12854.35;50;1.26;1;1
14469;12805.47;50;1.29;1;1
14470;13000.98;50;1.28;1;1
14471;12707.72;50;1.30;1;1
14472;12903.23;50;1.27;1;1
14473;12756.60;50;1.29;1;1
14474;13147.60;50;1.28;1;1
14475;12854.35;50;1.31;1;1
14476;12756.60;50;1.29;1;1
14477;12658.85;50;1.28;1;1
14478;13049.85;50;1.27;1;1
14479;12952.10;50;1.30;1;1
14480;12756.60;50;1.30;1;1
14481;12658.85;50;1.28;1;1
14482;13196.48;50;1.27;1;1
14483;12658.85;50;1.32;1;1
14484;12952.10;50;1.27;1;1
14485;12512.22;50;1.30;1;1
14486;13049.85;50;1.25;1;1
14487;12658.85;50;1.30;1;1
14488;12952.10;50;1.27;1;1
14489;12658.85;50;1.30;1;1
14490;13049.85;50;1.27;1;1
14491;12561.09;50;1.30;1;1
14492;13000.98;50;1.26;1;1
14493;12512.22;50;1.30;1;1
14494;13147.60;50;1.25;1;1
14495;12658.85;50;1.31;1;1
14496;13147.60;50;1.27;1;1
14497;12512.22;50;1.31;1;1
14498;13294.23;50;1.25;1;1
14499;12707.72;50;1.33;1;1
14500;13538.61;50;1.27;1;1
14501;12707.72;50;1.35;1;1
14502;13294.23;50;1.27;1;1
14503;12903.23;50;1.33;1;1
14504;13440.86;50;1.29;1;1
14505;12756.60;50;1.34;1;1
14506;13098.73;50;1.28;1;1
14507;12609.97;50;1.31;1;1
14508;13294.23;50;1.26;1;1
14509;12658.85;50;1.33;1;1
14510;13049.85;50;1.27;1;1
14511;12609.97;50;1.30;1;1
14512;13098.73;50;1.26;1;1
14513;12561.09;50;1.31;1;1
14514;13245.36;50;1.26;1;1
14515;12707.72;50;1.32;1;1
14516;13294.23;50;1.27;1;1
14517;12609.97;50;1.33;1;1
14518;13147.60;50;1.26;1;1
14519;12658.85;50;1.31;1;1
14520;13049.85;50;1.27;1;1
14521;12903.23;50;1.30;1;1
14522;13196.48;50;1.29;1;1
14523;12561.09;50;1.32;1;1
14524;13343.11;50;1.26;1;1
14525;12609.97;50;1.33;1;1
14526;13000.98;50;1.26;1;1
14527;12756.60;50;1.30;1;1
14528;13098.73;50;1.28;1;1
14529;12707.72;50;1.31;1;1
14530;13294.23;50;1.27;1;1
14531;12756.60;50;1.33;1;1
14532;12903.23;50;1.28;1;1
14533;12609.97;50;1.29;1;1
14534;13245.36;50;1.26;1;1
14535;12707.72;50;1.32;1;1
14536;13098.73;50;1.27;1;1
14537;12561.09;50;1.31;1;1
14538;13245.36;50;1.26;1;1
14539;12512.22;50;1.32;1;1
14540;13245.36;50;1.25;1;1
14541;12512.22;50;1.32;1;1
14542;13196.48;50;1.25;1;1
14543;12561.09;50;1.32;1;1
14544;13000.98;50;1.26;1;1
14545;12609.97;50;1.30;1;1
14546;13245.36;50;1.26;1;1
14547;12658.85;50;1.32;1;1
14548;13196.48;50;1.27;1;1
14549;12609.97;50;1.32;1;1
14550;13196.48;50;1.26;1;1
14551;12463.34;50;1.32;1;1
14552;13098.73;50;1.25;1;1
14553;12463.34;50;1.31;1;1
14554;13343.11;50;1.25;1;1
14555;12463.34;50;1.33;1;1
14556;13196.48;50;1.25;1;1
14557;12561.09;50;1.32;1;1
14558;12952.10;50;1.26;1;1
14559;12512.22;50;1.30;1;1
14560;12952.10;50;1.25;1;1
14561;12365.59;50;1.30;1;1
14562;12903.23;50;1.24;1;1
14563;12365.59;50;1.29;1;1
14564;12952.10;50;1.24;1;1
14565;12267.84;50;1.30;1;1
14566;13049.85;50;1.23;1;1
14567;12414.47;50;1.30;1;1
14568;13049.85;50;1.24;1;1
14569;12463.34;50;1.30;1;1
14570;12903.23;50;1.25;1;1
14571;12267.84;50;1.29;1;1
14572;12952.10;50;1.23;1;1
14573;12316.71;50;1.30;1;1
14574;13098.73;50;1.23;1;1
14575;12658.85;50;1.31;1;1
14576;13049.85;50;1.27;1;1
14577;12561.09;50;1.30;1;1
14578;13098.73;50;1.26;1;1
14579;12316.71;50;1.31;1;1
14580;13000.98;50;1.23;1;1
14581;12267.84;50;1.30;1;1
14582;13049.85;50;1.23;1;1
14583;12561.09;50;1.30;1;1
14584;13049.85;50;1.26;1;1
14585;12561.09;50;1.30;1;1
14586;13098.73;50;1.26;1;1
14587;12707.72;50;1.31;1;1
14588;13000.98;50;1.27;1;1
14589;12609.97;50;1.30;1;1
14590;12903.23;50;1.26;1;1
14591;12609.97;50;1.29;1;1
14592;12854.35;50;1.26;1;1
14593;12756.60;50;1.29;1;1
14594;13147.60;50;1.28;1;1
14595;12658.85;50;1.31;1;1
14596;13000.98;50;1.27;1;1
14597;12707.72;50;1.30;1;1
14598;12903.23;50;1.27;1;1
14599;12512.22;50;1.29;1;1
14600;13294.23;50;1.25;1;1
14601;12609.97;50;1.33;1;1
14602;12903.23;50;1.26;1;1
14603;12609.97;50;1.29;1;1
14604;13147.60;50;1.26;1;1
14605;12756.60;50;1.31;1;1
14606;12756.60;50;1.28;1;1
14607;12561.09;50;1.28;1;1
14608;13000.98;50;1.26;1;1
14609;12561.09;50;1.30;1;1
14610;12756.60;50;1.26;1;1
14611;12561.09;50;1.28;1;1
14612;13147.60;50;1.26;1;1
14613;12756.60;50;1.31;1;1
14614;12952.10;50;1.28;1;1
14615;12805.47;50;1.30;1;1
14616;13000.98;50;1.28;1;1
14617;12854.35;50;1.30;1;1
14618;13147.60;50;1.29;1;1
14619;12952.10;50;1.31;1;1
14620;12903.23;50;1.30;1;1
14621;12952.10;50;1.29;1;1
14622;12952.10;50;1.30;1;1
14623;12952.10;50;1.30;1;1
14624;12658.85;50;1.30;1;1
14625;12952.10;50;1.27;1;1
14626;13196.48;50;1.30;1;1
14627;12658.85;50;1.32;1;1
14628;13538.61;50;1.27;1;1
14629;12903.23;50;1.35;1;1
14630;13196.48;50;1.29;1;1
14631;12854.35;50;1.32;1;1
14632;13294.23;50;1.29;1;1
14633;12952.10;50;1.33;1;1
14634;13343.11;50;1.30;1;1
14635;12854.35;50;1.33;1;1
14636;13245.36;50;1.29;1;1
14637;12805.47;50;1.32;1;1
14638;13196.48;50;1.28;1;1
14639;12707.72;50;1.32;1;1
14640;13147.60;50;1.27;1;1
14641;13049.85;50;1.31;1;1
14642;13196.48;50;1.30;1;1
14643;13000.98;50;1.32;1;1
14644;13098.73;50;1.30;1;1
14645;13049.85;50;1.31;1;1
14646;13245.36;50;1.30;1;1
14647;13196.48;50;1.32;1;1
14648;13245.36;50;1.32;1;1
14649;13000.98;50;1.32;1;1
14650;13000.98;50;1.30;1;1
14651;12952.10;50;1.30;1;1
14652;13147.60;50;1.30;1;1
14653;12903.23;50;1.31;1;1
14654;13098.73;50;1.29;1;1
14655;12903.23;50;1.31;1;1
14656;13343.11;50;1.29;1;1
14657;12903.23;50;1.33;1;1
14658;13147.60;50;1.29;1;1
14659;13098.73;50;1.31;1;1
14660;13000.98;50;1.31;1;1
14661;12903.23;50;1.30;1;1
14662;13000.98;50;1.29;1;1
14663;13049.85;50;1.30;1;1
14664;12952.10;50;1.30;1;1
14665;13147.60;50;1.30;1;1
14666;12952.10;50;1.31;1;1
14667;13098.73;50;1.30;1;1
14668;12854.35;50;1.31;1;1
14669;13147.60;50;1.29;1;1
14670;12609.97;50;1.31;1;1
14671;12903.23;50;1.26;1;1
14672;12463.34;50;1.29;1;1
14673;13147.60;50;1.25;1;1
14674;12707.72;50;1.31;1;1
14675;13147.60;50;1.27;1;1
14676;12756.60;50;1.31;1;1
14677;13098.73;50;1.28;1;1
14678;12756.60;50;1.31;1;1
14679;12903.23;50;1.28;1;1
14680;12805.47;50;1.29;1;1
14681;12854.35;50;1.28;1;1
14682;12805.47;50;1.29;1;1
14683;13000.98;50;1.28;1;1
14684;12658.85;50;1.30;1;1
14685;12854.35;50;1.27;1;1
14686;12805.47;50;1.29;1;1
14687;13049.85;50;1.28;1;1
14688;12658.85;50;1.30;1;1
14689;12903.23;50;1.27;1;1
14690;12561.09;50;1.29;1;1
14691;13098.73;50;1.26;1;1
14692;12609.97;50;1.31;1;1
14693;13098.73;50;1.26;1;1
14694;12463.34;50;1.31;1;1
14695;13000.98;50;1.25;1;1
14696;12756.60;50;1.30;1;1
14697;13147.60;50;1.28;1;1
14698;12756.60;50;1.31;1;1
14699;13000.98;50;1.28;1;1
14700;12707.72;50;1.30;1;1
14701;13196.48;50;1.27;1;1
14702;12707.72;50;1.32;1;1
14703;12952.10;50;1.27;1;1
14704;12903.23;50;1.30;1;1
14705;13147.60;50;1.29;1;1
14706;12805.47;50;1.31;1;1
14707;13098.73;50;1.28;1;1
14708;12658.85;50;1.31;1;1
14709;13049.85;50;1.27;1;1
14710;12756.60;50;1.30;1;1
14711;13098.73;50;1.28;1;1
14712;12707.72;50;1.31;1;1
14713;13196.48;50;1.27;1;1
14714;12561.09;50;1.32;1;1
14715;13000.98;50;1.26;1;1
14716;12854.35;50;1.30;1;1
14717;12952.10;50;1.29;1;1
14718;12512.22;50;1.30;1;1
14719;12854.35;50;1.25;1;1
14720;12658.85;50;1.29;1;1
14721;13147.60;50;1.27;1;1
14722;12805.47;50;1.31;1;1
14723;13196.48;50;1.28;1;1
14724;12805.47;50;1.32;1;1
14725;13147.60;50;1.28;1;1
14726;12707.72;50;1.31;1;1
14727;13049.85;50;1.27;1;1
14728;12414.47;50;1.30;1;1
14729;13147.60;50;1.24;1;1
14730;12707.72;50;1.31;1;1
14731;13538.61;50;1.27;1;1
14732;12707.72;50;1.35;1;1
14733;13343.11;50;1.27;1;1
14734;12854.35;50;1.33;1;1
14735;13147.60;50;1.29;1;1
14736;12854.35;50;1.31;1;1
14737;13343.11;50;1.29;1;1
14738;12707.72;50;1.33;1;1
14739;13196.48;50;1.27;1;1
14740;12756.60;50;1.32;1;1
14741;13391.98;50;1.28;1;1
14742;12756.60;50;1.34;1;1
14743;13489.74;50;1.28;1;1
14744;12756.60;50;1.35;1;1
14745;13391.98;50;1.28;1;1
14746;12805.47;50;1.34;1;1
14747;13245.36;50;1.28;1;1
14748;12512.22;50;1.32;1;1
14749;13294.23;50;1.25;1;1
14750;12463.34;50;1.33;1;1
14751;13147.60;50;1.25;1;1
14752;12756.60;50;1.31;1;1
14753;13245.36;50;1.28;1;1
14754;12658.85;50;1.32;1;1
14755;13391.98;50;1.27;1;1
14756;12609.97;50;1.34;1;1
14757;13098.73;50;1.26;1;1
14758;12707.72;50;1.31;1;1
14759;13343.11;50;1.27;1;1
14760;12756.60;50;1.33;1;1
14761;13489.74;50;1.28;1;1
14762;12707.72;50;1.35;1;1
14763;13245.36;50;1.27;1;1
14764;12561.09;50;1.32;1;1
14765;13245.36;50;1.26;1;1
14766;12658.85;50;1.32;1;1
14767;13245.36;50;1.27;1;1
14768;12609.97;50;1.32;1;1
14769;13391.98;50;1.26;1;1
14770;12707.72;50;1.34;1;1
14771;13391.98;50;1.27;1;1
14772;12609.97;50;1.34;1;1
14773;13147.60;50;1.26;1;1
14774;12658.85;50;1.31;1;1
14775;13294.23;50;1.27;1;1
14776;12707.72;50;1.33;1;1
14777;13391.98;50;1.27;1;1
14778;12756.60;50;1.34;1;1
14779;13294.23;50;1.28;1;1
14780;12805.47;50;1.33;1;1
14781;13245.36;50;1.28;1;1
14782;12756.60;50;1.32;1;1
14783;13343.11;50;1.28;1;1
14784;12756.60;50;1.33;1;1
14785;13196.48;50;1.28;1;1
14786;12805.47;50;1.32;1;1
14787;13294.23;50;1.28;1;1
14788;12805.47;50;1.33;1;1
14789;13294.23;50;1.28;1;1
14790;12952.10;50;1.33;1;1
14791;13294.23;50;1.30;1;1
14792;13049.85;50;1.33;1;1
14793;13098.73;50;1.30;1;1
14794;13049.85;50;1.31;1;1
14795;13049.85;50;1.30;1;1
14796;13000.98;50;1.30;1;1
14797;13049.85;50;1.30;1;1
14798;12952.10;50;1.30;1;1
14799;13098.73;50;1.30;1;1
14800;12903.23;50;1.31;1;1
14801;12903.23;50;1.29;1;1
14802;12903.23;50;1.29;1;1
14803;12952.10;50;1.29;1;1
14804;12658.85;50;1.30;1;1
14805;13049.85;50;1.27;1;1
14806;12805.47;50;1.30;1;1
14807;12805.47;50;1.28;1;1
14808;12952.10;50;1.28;1;1
14809;12756.60;50;1.30;1;1
14810;12903.23;50;1.28;1;1
14811;12707.72;50;1.29;1;1
14812;12756.60;50;1.27;1;1
14813;12903.23;50;1.28;1;1
14814;13000.98;50;1.29;1;1
14815;12609.97;50;1.30;1;1
14816;12805.47;50;1.26;1;1
14817;12609.97;50;1.28;1;1
14818;12756.60;50;1.26;1;1
14819;12903.23;50;1.28;1;1
14820;13000.98;50;1.29;1;1
14821;12952.10;50;1.30;1;1
14822;12903.23;50;1.30;1;1
14823;12707.72;50;1.29;1;1
14824;13000.98;50;1.27;1;1
14825;12707.72;50;1.30;1;1
14826;13000.98;50;1.27;1;1
14827;12903.23;50;1.30;1;1
14828;13098.73;50;1.29;1;1
14829;12463.34;50;1.31;1;1
14830;13000.98;50;1.25;1;1
14831;12658.85;50;1.30;1;1
14832;13049.85;50;1.27;1;1
14833;12854.35;50;1.30;1;1
14834;13049.85;50;1.29;1;1
14835;12756.60;50;1.30;1;1
14836;13049.85;50;1.28;1;1
14837;13000.98;50;1.30;1;1
14838;13196.48;50;1.30;1;1
14839;12707.72;50;1.32;1;1
14840;13440.86;50;1.27;1;1
14841;12658.85;50;1.34;1;1
14842;13000.98;50;1.27;1;1
14843;12609.97;50;1.30;1;1
14844;13049.85;50;1.26;1;1
14845;12805.47;50;1.30;1;1
14846;13245.36;50;1.28;1;1
14847;12805.47;50;1.32;1;1
14848;13000.98;50;1.28;1;1
14849;12854.35;50;1.30;1;1
14850;13049.85;50;1.29;1;1
14851;12756.60;50;1.30;1;1
14852;13147.60;50;1.28;1;1
14853;12903.23;50;1.31;1;1
14854;13245.36;50;1.29;1;1
14855;12707.72;50;1.32;1;1
14856;13098.73;50;1.27;1;1
14857;12658.85;50;1.31;1;1
14858;13000.98;50;1.27;1;1
14859;12805.47;50;1.30;1;1
14860;13196.48;50;1.28;1;1
14861;12805.47;50;1.32;1;1
14862;13098.73;50;1.28;1;1
14863;12805.47;50;1.31;1;1
14864;13343.11;50;1.28;1;1
14865;12854.35;50;1.33;1;1
14866;13391.98;50;1.29;1;1
14867;12561.09;50;1.34;1;1
14868;13245.36;50;1.26;1;1
14869;13000.98;50;1.32;1;1
14870;13147.60;50;1.30;1;1
14871;12805.47;50;1.31;1;1
14872;13196.48;50;1.28;1;1
14873;12658.85;50;1.32;1;1
14874;13196.48;50;1.27;1;1
14875;12854.35;50;1.32;1;1
14876;13294.23;50;1.29;1;1
14877;12903.23;50;1.33;1;1
14878;13343.11;50;1.29;1;1
14879;12707.72;50;1.33;1;1
14880;13245.36;50;1.27;1;1
14881;12658.85;50;1.32;1;1
14882;13245.36;50;1.27;1;1
14883;12805.47;50;1.32;1;1
14884;13294.23;50;1.28;1;1
14885;12658.85;50;1.33;1;1
14886;13294.23;50;1.27;1;1
14887;12854.35;50;1.33;1;1
14888;13294.23;50;1.29;1;1
14889;12658.85;50;1.33;1;1
14890;13245.36;50;1.27;1;1
14891;12609.97;50;1.32;1;1
14892;13196.48;50;1.26;1;1
14893;12658.85;50;1.32;1;1
14894;13196.48;50;1.27;1;1
14895;12609.97;50;1.32;1;1
14896;13147.60;50;1.26;1;1
14897;12658.85;50;1.31;1;1
14898;13147.60;50;1.27;1;1
14899;12707.72;50;1.31;1;1
14900;13294.23;50;1.27;1;1
14901;12658.85;50;1.33;1;1
14902;13440.86;50;1.27;1;1
14903;12756.60;50;1.34;1;1
14904;13294.23;50;1.28;1;1
14905;12463.34;50;1.33;1;1
14906;13245.36;50;1.25;1;1
14907;12707.72;50;1.32;1;1
14908;13294.23;50;1.27;1;1
14909;12609.97;50;1.33;1;1
14910;13440.86;50;1.26;1;1
14911;12805.47;50;1.34;1;1
14912;13391.98;50;1.28;1;1
14913;12512.22;50;1.34;1;1
14914;13294.23;50;1.25;1;1
14915;12658.85;50;1.33;1;1
14916;13245.36;50;1.27;1;1
14917;12707.72;50;1.32;1;1
14918;13245.36;50;1.27;1;1
14919;12561.09;50;1.32;1;1
14920;13196.48;50;1.26;1;1
14921;12658.85;50;1.32;1;1
14922;13343.11;50;1.27;1;1
14923;12707.72;50;1.33;1;1
14924;13000.98;50;1.27;1;1
14925;12512.22;50;1.30;1;1
14926;13147.60;50;1.25;1;1
14927;12561.09;50;1.31;1;1
14928;13245.36;50;1.26;1;1
14929;12756.60;50;1.32;1;1
14930;13343.11;50;1.28;1;1
14931;12561.09;50;1.33;1;1
14932;13245.36;50;1.26;1;1
14933;12658.85;50;1.32;1;1
14934;13196.48;50;1.27;1;1
14935;12561.09;50;1.32;1;1
14936;13147.60;50;1.26;1;1
14937;12561.09;50;1.31;1;1
14938;13147.60;50;1.26;1;1
14939;12707.72;50;1.31;1;1
14940;13294.23;50;1.27;1;1
14941;12658.85;50;1.33;1;1
14942;13391.98;50;1.27;1;1
14943;12658.85;50;1.34;1;1
14944;13196.48;50;1.27;1;1
14945;12512.22;50;1.32;1;1
14946;13098.73;50;1.25;1;1
14947;12561.09;50;1.31;1;1
14948;13098.73;50;1.26;1;1
14949;12707.72;50;1.31;1;1
14950;13147.60;50;1.27;1;1
14951;12463.34;50;1.31;1;1
14952;13196.48;50;1.25;1;1
14953;12561.09;50;1.32;1;1
14954;13000.98;50;1.26;1;1
14955;12561.09;50;1.30;1;1
14956;13098.73;50;1.26;1;1
14957;12658.85;50;1.31;1;1
14958;13294.23;50;1.27;1;1
14959;12561.09;50;1.33;1;1
14960;13098.73;50;1.26;1;1
14961;12463.34;50;1.31;1;1
14962;13049.85;50;1.25;1;1
14963;12512.22;50;1.30;1;1
14964;13098.73;50;1.25;1;1
14965;12707.72;50;1.31;1;1
14966;13098.73;50;1.27;1;1
14967;12609.97;50;1.31;1;1
14968;13147.60;50;1.26;1;1
14969;12561.09;50;1.31;1;1
14970;13245.36;50;1.26;1;1
14971;12707.72;50;1.32;1;1
14972;13049.85;50;1.27;1;1
14973;12658.85;50;1.30;1;1
14974;13098.73;50;1.27;1;1
14975;12756.60;50;1.31;1;1
14976;13196.48;50;1.28;1;1
14977;12854.35;50;1.32;1;1
14978;13049.85;50;1.29;1;1
14979;12561.09;50;1.30;1;1
14980;13196.48;50;1.26;1;1
14981;12756.60;50;1.32;1;1
14982;12903.23;50;1.28;1;1
14983;12805.47;50;1.29;1;1
14984;13147.60;50;1.28;1;1
14985;12658.85;50;1.31;1;1
14986;13000.98;50;1.27;1;1
14987;12658.85;50;1.30;1;1
14988;13196.48;50;1.27;1;1
14989;12756.60;50;1.32;1;1
14990;13196.48;50;1.28;1;1
14991;12952.10;50;1.32;1;1
14992;13245.36;50;1.30;1;1
14993;13245.36;50;1.32;1;1
14994;13245.36;50;1.32;1;1
14995;12952.10;50;1.32;1;1
14996;13294.23;50;1.30;1;1
14997;13147.60;50;1.33;1;1
14998;13000.98;50;1.31;1;1
14999;13147.60;50;1.30;1;1
15000;13098.73;50;1.31;1;1
15001;13000.98;50;1.31;1;1
15002;12854.35;50;1.30;1;1
15003;13049.85;50;1.29;1;1
15004;13049.85;50;1.30;1;1
15005;12952.10;50;1.30;1;1
15006;12952.10;50;1.30;1;1
15007;13049.85;50;1.30;1;1
15008;13049.85;50;1.30;1;1
15009;13098.73;50;1.30;1;1
15010;12903.23;50;1.31;1;1
15011;13147.60;50;1.29;1;1
15012;13000.98;50;1.31;1;1
15013;13147.60;50;1.30;1;1
15014;12952.10;50;1.31;1;1
15015;13245.36;50;1.30;1;1
15016;13000.98;50;1.32;1;1
15017;13196.48;50;1.30;1;1
15018;12805.47;50;1.32;1;1
15019;13245.36;50;1.28;1;1
15020;12854.35;50;1.32;1;1
15021;13196.48;50;1.29;1;1
15022;13049.85;50;1.32;1;1
15023;13294.23;50;1.30;1;1
15024;12707.72;50;1.33;1;1
15025;13098.73;50;1.27;1;1
15026;12854.35;50;1.31;1;1
15027;13147.60;50;1.29;1;1
15028;12854.35;50;1.31;1;1
15029;13391.98;50;1.29;1;1
15030;12903.23;50;1.34;1;1
15031;13098.73;50;1.29;1;1
15032;12903.23;50;1.31;1;1
15033;13245.36;50;1.29;1;1
15034;12952.10;50;1.32;1;1
15035;13245.36;50;1.30;1;1
15036;12707.72;50;1.32;1;1
15037;13391.98;50;1.27;1;1
15038;12854.35;50;1.34;1;1
15039;13343.11;50;1.29;1;1
15040;12903.23;50;1.33;1;1
15041;13343.11;50;1.29;1;1
15042;12805.47;50;1.33;1;1
15043;13196.48;50;1.28;1;1
15044;12805.47;50;1.32;1;1
15045;13440.86;50;1.28;1;1
15046;12658.85;50;1.34;1;1
15047;13098.73;50;1.27;1;1
15048;12658.85;50;1.31;1;1
15049;13440.86;50;1.27;1;1
15050;12756.60;50;1.34;1;1
15051;13245.36;50;1.28;1;1
15052;13000.98;50;1.32;1;1
15053;13098.73;50;1.30;1;1
15054;12658.85;50;1.31;1;1
15055;13196.48;50;1.27;1;1
15056;12707.72;50;1.32;1;1
15057;13245.36;50;1.27;1;1
15058;12658.85;50;1.32;1;1
15059;13147.60;50;1.27;1;1
15060;12707.72;50;1.31;1;1
15061;13489.74;50;1.27;1;1
15062;12805.47;50;1.35;1;1
15063;13245.36;50;1.28;1;1
15064;12854.35;50;1.32;1;1
15065;13294.23;50;1.29;1;1
15066;12756.60;50;1.33;1;1
15067;13196.48;50;1.28;1;1
15068;12658.85;50;1.32;1;1
15069;13343.11;50;1.27;1;1
15070;12561.09;50;1.33;1;1
15071;13245.36;50;1.26;1;1
15072;12609.97;50;1.32;1;1
15073;13196.48;50;1.26;1;1
15074;12561.09;50;1.32;1;1
15075;13294.23;50;1.26;1;1
15076;12707.72;50;1.33;1;1
15077;13196.48;50;1.27;1;1
15078;12463.34;50;1.32;1;1
15079;13196.48;50;1.25;1;1
15080;12609.97;50;1.32;1;1
15081;13147.60;50;1.26;1;1
15082;12463.34;50;1.31;1;1
15083;13391.98;50;1.25;1;1
15084;12756.60;50;1.34;1;1
15085;13391.98;50;1.28;1;1
15086;12561.09;50;1.34;1;1
15087;13147.60;50;1.26;1;1
15088;12658.85;50;1.31;1;1
15089;13245.36;50;1.27;1;1
15090;12609.97;50;1.32;1;1
15091;13098.73;50;1.26;1;1
15092;12561.09;50;1.31;1;1
15093;13196.48;50;1.26;1;1
15094;12463.34;50;1.32;1;1
15095;13196.48;50;1.25;1;1
15096;12561.09;50;1.32;1;1
15097;13196.48;50;1.26;1;1
15098;12707.72;50;1.32;1;1
15099;13245.36;50;1.27;1;1
15100;12854.35;50;1.32;1;1
15101;13440.86;50;1.29;1;1
15102;12658.85;50;1.34;1;1
15103;13391.98;50;1.27;1;1
15104;12903.23;50;1.34;1;1
15105;13538.61;50;1.29;1;1
15106;12952.10;50;1.35;1;1
15107;13538.61;50;1.30;1;1
15108;12854.35;50;1.35;1;1
15109;13343.11;50;1.29;1;1
15110;13098.73;50;1.33;1;1
15111;13440.86;50;1.31;1;1
15112;12952.10;50;1.34;1;1
15113;13489.74;50;1.30;1;1
15114;13196.48;50;1.35;1;1
15115;13343.11;50;1.32;1;1
15116;13049.85;50;1.33;1;1
15117;13538.61;50;1.30;1;1
15118;12707.72;50;1.35;1;1
15119;13245.36;50;1.27;1;1
15120;12903.23;50;1.32;1;1
15121;13489.74;50;1.29;1;1
15122;13049.85;50;1.35;1;1
15123;13391.98;50;1.30;1;1
15124;13098.73;50;1.34;1;1
15125;13440.86;50;1.31;1;1
15126;12952.10;50;1.34;1;1
15127;13440.86;50;1.30;1;1
15128;13196.48;50;1.34;1;1
15129;13245.36;50;1.32;1;1
15130;13000.98;50;1.32;1;1
15131;13343.11;50;1.30;1;1
15132;13000.98;50;1.33;1;1
15133;13147.60;50;1.30;1;1
15134;13098.73;50;1.31;1;1
15135;13000.98;50;1.31;1;1
15136;13000.98;50;1.30;1;1
15137;13245.36;50;1.30;1;1
15138;13147.60;50;1.32;1;1
15139;13098.73;50;1.31;1;1
15140;13391.98;50;1.31;1;1
15141;13147.60;50;1.34;1;1
15142;13196.48;50;1.31;1;1
15143;12854.35;50;1.32;1;1
15144;13000.98;50;1.29;1;1
15145;12707.72;50;1.30;1;1
15146;13147.60;50;1.27;1;1
15147;13049.85;50;1.31;1;1
15148;13147.60;50;1.30;1;1
15149;12854.35;50;1.31;1;1
15150;13294.23;50;1.29;1;1
15151;12903.23;50;1.33;1;1
15152;12952.10;50;1.29;1;1
15153;12903.23;50;1.30;1;1
15154;13000.98;50;1.29;1;1
15155;13000.98;50;1.30;1;1
15156;13147.60;50;1.30;1;1
15157;12756.60;50;1.31;1;1
15158;13196.48;50;1.28;1;1
15159;12707.72;50;1.32;1;1
15160;13000.98;50;1.27;1;1
15161;12756.60;50;1.30;1;1
15162;13440.86;50;1.28;1;1
15163;12952.10;50;1.34;1;1
15164;13147.60;50;1.30;1;1
15165;12463.34;50;1.31;1;1
15166;13098.73;50;1.25;1;1
15167;12609.97;50;1.31;1;1
15168;13049.85;50;1.26;1;1
15169;12561.09;50;1.30;1;1
15170;13000.98;50;1.26;1;1
15171;12561.09;50;1.30;1;1
15172;13196.48;50;1.26;1;1
15173;12609.97;50;1.32;1;1
15174;13294.23;50;1.26;1;1
15175;12658.85;50;1.33;1;1
15176;13196.48;50;1.27;1;1
15177;12805.47;50;1.32;1;1
15178;13049.85;50;1.28;1;1
15179;12512.22;50;1.30;1;1
15180;13098.73;50;1.25;1;1
15181;12707.72;50;1.31;1;1
15182;13098.73;50;1.27;1;1
15183;12756.60;50;1.31;1;1
15184;13098.73;50;1.28;1;1
15185;12707.72;50;1.31;1;1
15186;13294.23;50;1.27;1;1
15187;12707.72;50;1.33;1;1
15188;13343.11;50;1.27;1;1
15189;12707.72;50;1.33;1;1
15190;13098.73;50;1.27;1;1
15191;12609.97;50;1.31;1;1
15192;13343.11;50;1.26;1;1
15193;12707.72;50;1.33;1;1
15194;13294.23;50;1.27;1;1
15195;12707.72;50;1.33;1;1
15196;13343.11;50;1.27;1;1
15197;12707.72;50;1.33;1;1
15198;13147.60;50;1.27;1;1
15199;12756.60;50;1.31;1;1
15200;13343.11;50;1.28;1;1
15201;12561.09;50;1.33;1;1
15202;13147.60;50;1.26;1;1
15203;12561.09;50;1.31;1;1
15204;13245.36;50;1.26;1;1
15205;12609.97;50;1.32;1;1
15206;13294.23;50;1.26;1;1
15207;12707.72;50;1.33;1;1
15208;13245.36;50;1.27;1;1
15209;12658.85;50;1.32;1;1
15210;13245.36;50;1.27;1;1
15211;12658.85;50;1.32;1;1
15212;13391.98;50;1.27;1;1
15213;12707.72;50;1.34;1;1
15214;13245.36;50;1.27;1;1
15215;12756.60;50;1.32;1;1
15216;13538.61;50;1.28;1;1
15217;12756.60;50;1.35;1;1
15218;13294.23;50;1.28;1;1
15219;12756.60;50;1.33;1;1
15220;13440.86;50;1.28;1;1
15221;12756.60;50;1.34;1;1
15222;13343.11;50;1.28;1;1
15223;12609.97;50;1.33;1;1
15224;13343.11;50;1.26;1;1
15225;12512.22;50;1.33;1;1
15226;13245.36;50;1.25;1;1
15227;12707.72;50;1.32;1;1
15228;13587.49;50;1.27;1;1
15229;12805.47;50;1.36;1;1
15230;13343.11;50;1.28;1;1
15231;12658.85;50;1.33;1;1
15232;13343.11;50;1.27;1;1
15233;12609.97;50;1.33;1;1
15234;13391.98;50;1.26;1;1
15235;12854.35;50;1.34;1;1
15236;13391.98;50;1.29;1;1
15237;12854.35;50;1.34;1;1
15238;13489.74;50;1.29;1;1
15239;12854.35;50;1.35;1;1
15240;13391.98;50;1.29;1;1
15241;12756.60;50;1.34;1;1
15242;13489.74;50;1.28;1;1
15243;12805.47;50;1.35;1;1
15244;13343.11;50;1.28;1;1
15245;12903.23;50;1.33;1;1
15246;13391.98;50;1.29;1;1
15247;12756.60;50;1.34;1;1
15248;13245.36;50;1.28;1;1
15249;12707.72;50;1.32;1;1
15250;13440.86;50;1.27;1;1
15251;13000.98;50;1.34;1;1
15252;13294.23;50;1.30;1;1
15253;12952.10;50;1.33;1;1
15254;13196.48;50;1.30;1;1
15255;12854.35;50;1.32;1;1
15256;13245.36;50;1.29;1;1
15257;13098.73;50;1.32;1;1
15258;13245.36;50;1.31;1;1
15259;12952.10;50;1.32;1;1
15260;13196.48;50;1.30;1;1
15261;13098.73;50;1.32;1;1
15262;13147.60;50;1.31;1;1
15263;13000.98;50;1.31;1;1
15264;13098.73;50;1.30;1;1
15265;13049.85;50;1.31;1;1
15266;13245.36;50;1.30;1;1
15267;13000.98;50;1.32;1;1
15268;13245.36;50;1.30;1;1
15269;13098.73;50;1.32;1;1
15270;13343.11;50;1.31;1;1
15271;12952.10;50;1.33;1;1
15272;13000.98;50;1.30;1;1
15273;12756.60;50;1.30;1;1
15274;13196.48;50;1.28;1;1
15275;12952.10;50;1.32;1;1
15276;13294.23;50;1.30;1;1
15277;12805.47;50;1.33;1;1
15278;13440.86;50;1.28;1;1
15279;12903.23;50;1.34;1;1
15280;13343.11;50;1.29;1;1
15281;12805.47;50;1.33;1;1
15282;13294.23;50;1.28;1;1
15283;12414.47;50;1.33;1;1
15284;12707.72;50;1.24;1;1
15285;12218.96;50;1.27;1;1
15286;12658.85;50;1.22;1;1
15287;12414.47;50;1.27;1;1
15288;12903.23;50;1.24;1;1
15289;12463.34;50;1.29;1;1
15290;12756.60;50;1.25;1;1
15291;12609.97;50;1.28;1;1
15292;12756.60;50;1.26;1;1
15293;12463.34;50;1.28;1;1
15294;12609.97;50;1.25;1;1
15295;12365.59;50;1.26;1;1
15296;12609.97;50;1.24;1;1
15297;12316.71;50;1.26;1;1
15298;12561.09;50;1.23;1;1
15299;12463.34;50;1.26;1;1
15300;12658.85;50;1.25;1;1
15301;12414.47;50;1.27;1;1
15302;12609.97;50;1.24;1;1
15303;12316.71;50;1.26;1;1
15304;12658.85;50;1.23;1;1
15305;12316.71;50;1.27;1;1
15306;12512.22;50;1.23;1;1
15307;12365.59;50;1.25;1;1
15308;12756.60;50;1.24;1;1
15309;12414.47;50;1.28;1;1
15310;12658.85;50;1.24;1;1
15311;12316.71;50;1.27;1;1
15312;12561.09;50;1.23;1;1
15313;12512.22;50;1.26;1;1
15314;12512.22;50;1.25;1;1
15315;12414.47;50;1.25;1;1
15316;12658.85;50;1.24;1;1
15317;12463.34;50;1.27;1;1
15318;12854.35;50;1.25;1;1
15319;12316.71;50;1.29;1;1
15320;12952.10;50;1.23;1;1
15321;12512.22;50;1.30;1;1
15322;12854.35;50;1.25;1;1
15323;12561.09;50;1.29;1;1
15324;12805.47;50;1.26;1;1
15325;12658.85;50;1.28;1;1
15326;12658.85;50;1.27;1;1
15327;12512.22;50;1.27;1;1
15328;12707.72;50;1.25;1;1
15329;12707.72;50;1.27;1;1
15330;12707.72;50;1.27;1;1
15331;12561.09;50;1.27;1;1
15332;12707.72;50;1.26;1;1
15333;12707.72;50;1.27;1;1
15334;13000.98;50;1.27;1;1
15335;12658.85;50;1.30;1;1
15336;12707.72;50;1.27;1;1
15337;12903.23;50;1.27;1;1
15338;12903.23;50;1.29;1;1
15339;13098.73;50;1.29;1;1
15340;12658.85;50;1.31;1;1
15341;12854.35;50;1.27;1;1
15342;12805.47;50;1.29;1;1
15343;12903.23;50;1.28;1;1
15344;12952.10;50;1.29;1;1
15345;12805.47;50;1.30;1;1
15346;12952.10;50;1.28;1;1
15347;12903.23;50;1.30;1;1
15348;12756.60;50;1.29;1;1
15349;12952.10;50;1.28;1;1
15350;12805.47;50;1.30;1;1
15351;12952.10;50;1.28;1;1
15352;13000.98;50;1.30;1;1
15353;13000.98;50;1.30;1;1
15354;12805.47;50;1.30;1;1
15355;13098.73;50;1.28;1;1
15356;12756.60;50;1.31;1;1
15357;13049.85;50;1.28;1;1
15358;12658.85;50;1.30;1;1
15359;12952.10;50;1.27;1;1
15360;12707.72;50;1.30;1;1
15361;12756.60;50;1.27;1;1
15362;12561.09;50;1.28;1;1
15363;13098.73;50;1.26;1;1
15364;12561.09;50;1.31;1;1
15365;12952.10;50;1.26;1;1
15366;12463.34;50;1.30;1;1
15367;13000.98;50;1.25;1;1
15368;12512.22;50;1.30;1;1
15369;12903.23;50;1.25;1;1
15370;12512.22;50;1.29;1;1
15371;12805.47;50;1.25;1;1
15372;12512.22;50;1.28;1;1
15373;12854.35;50;1.25;1;1
15374;12561.09;50;1.29;1;1
15375;13000.98;50;1.26;1;1
15376;12609.97;50;1.30;1;1
15377;13000.98;50;1.26;1;1
15378;12463.34;50;1.30;1;1
15379;12952.10;50;1.25;1;1
15380;12609.97;50;1.30;1;1
15381;12952.10;50;1.26;1;1
15382;12365.59;50;1.30;1;1
15383;13098.73;50;1.24;1;1
15384;12414.47;50;1.31;1;1
15385;13000.98;50;1.24;1;1
15386;12512.22;50;1.30;1;1
15387;13000.98;50;1.25;1;1
15388;12218.96;50;1.30;1;1
15389;13049.85;50;1.22;1;1
15390;12414.47;50;1.30;1;1
15391;12952.10;50;1.24;1;1
15392;12267.84;50;1.30;1;1
15393;12707.72;50;1.23;1;1
15394;12316.71;50;1.27;1;1
15395;12952.10;50;1.23;1;1
15396;13000.98;50;1.30;1;1
15397;13440.86;50;1.30;1;1
15398;13049.85;50;1.34;1;1
15399;13587.49;50;1.30;1;1
15400;13196.48;50;1.36;1;1
15401;13636.36;50;1.32;1;1
15402;13245.36;50;1.36;1;1
15403;13489.74;50;1.32;1;1
15404;13000.98;50;1.35;1;1
15405;13489.74;50;1.30;1;1
15406;12903.23;50;1.35;1;1
15407;13636.36;50;1.29;1;1
15408;13196.48;50;1.36;1;1
15409;13587.49;50;1.32;1;1
15410;12952.10;50;1.36;1;1
15411;13538.61;50;1.30;1;1
15412;13000.98;50;1.35;1;1
15413;13391.98;50;1.30;1;1
15414;13196.48;50;1.34;1;1
15415;13685.24;50;1.32;1;1
15416;13196.48;50;1.37;1;1
15417;13440.86;50;1.32;1;1
15418;13049.85;50;1.34;1;1
15419;13782.99;50;1.30;1;1
15420;13000.98;50;1.38;1;1
15421;13440.86;50;1.30;1;1
15422;13049.85;50;1.34;1;1
15423;13538.61;50;1.30;1;1
15424;13245.36;50;1.35;1;1
15425;13880.74;50;1.32;1;1
15426;13098.73;50;1.39;1;1
15427;13831.87;50;1.31;1;1
15428;13196.48;50;1.38;1;1
15429;13734.12;50;1.32;1;1
15430;13294.23;50;1.37;1;1
15431;13734.12;50;1.33;1;1
15432;13147.60;50;1.37;1;1
15433;13587.49;50;1.31;1;1
15434;13098.73;50;1.36;1;1
15435;13489.74;50;1.31;1;1
15436;13245.36;50;1.35;1;1
15437;13685.24;50;1.32;1;1
15438;13196.48;50;1.37;1;1
15439;13245.36;50;1.32;1;1
15440;12512.22;50;1.32;1;1
15441;13343.11;50;1.25;1;1
15442;12805.47;50;1.33;1;1
15443;13294.23;50;1.28;1;1
15444;12707.72;50;1.33;1;1
15445;13049.85;50;1.27;1;1
15446;12561.09;50;1.30;1;1
15447;13294.23;50;1.26;1;1
15448;12756.60;50;1.33;1;1
15449;13196.48;50;1.28;1;1
15450;12561.09;50;1.32;1;1
15451;13343.11;50;1.26;1;1
15452;12756.60;50;1.33;1;1
15453;13196.48;50;1.28;1;1
15454;12854.35;50;1.32;1;1
15455;13343.11;50;1.29;1;1
15456;12756.60;50;1.33;1;1
15457;13440.86;50;1.28;1;1
15458;12658.85;50;1.34;1;1
15459;13343.11;50;1.27;1;1
15460;12707.72;50;1.33;1;1
15461;13294.23;50;1.27;1;1
15462;12609.97;50;1.33;1;1
15463;13343.11;50;1.26;1;1
15464;12609.97;50;1.33;1;1
15465;13343.11;50;1.26;1;1
15466;12658.85;50;1.33;1;1
15467;13489.74;50;1.27;1;1
15468;12707.72;50;1.35;1;1
15469;13196.48;50;1.27;1;1
15470;12512.22;50;1.32;1;1
15471;13391.98;50;1.25;1;1
15472;12854.35;50;1.34;1;1
15473;13391.98;50;1.29;1;1
15474;12805.47;50;1.34;1;1
15475;13440.86;50;1.28;1;1
15476;12707.72;50;1.34;1;1
15477;13440.86;50;1.27;1;1
15478;12756.60;50;1.34;1;1
15479;13391.98;50;1.28;1;1
15480;12707.72;50;1.34;1;1
15481;13294.23;50;1.27;1;1
15482;12707.72;50;1.33;1;1
15483;13294.23;50;1.27;1;1
15484;12756.60;50;1.33;1;1
15485;13196.48;50;1.28;1;1
15486;12609.97;50;1.32;1;1
15487;13245.36;50;1.26;1;1
15488;12561.09;50;1.32;1;1
15489;13196.48;50;1.26;1;1
15490;12463.34;50;1.32;1;1
15491;13245.36;50;1.25;1;1
15492;12463.34;50;1.32;1;1
15493;13098.73;50;1.25;1;1
15494;12658.85;50;1.31;1;1
15495;13196.48;50;1.27;1;1
15496;12609.97;50;1.32;1;1
15497;13098.73;50;1.26;1;1
15498;12561.09;50;1.31;1;1
15499;13147.60;50;1.26;1;1
15500;12658.85;50;1.31;1;1
15501;12903.23;50;1.27;1;1
15502;12561.09;50;1.29;1;1
15503;13000.98;50;1.26;1;1
15504;12609.97;50;1.30;1;1
15505;12903.23;50;1.26;1;1
15506;12707.72;50;1.29;1;1
15507;13000.98;50;1.27;1;1
15508;12512.22;50;1.30;1;1
15509;12903.23;50;1.25;1;1
15510;12707.72;50;1.29;1;1
15511;13049.85;50;1.27;1;1
15512;12512.22;50;1.30;1;1
15513;13049.85;50;1.25;1;1
15514;12512.22;50;1.30;1;1
15515;13049.85;50;1.25;1;1
15516;12707.72;50;1.30;1;1
15517;12952.10;50;1.27;1;1
15518;12658.85;50;1.30;1;1
15519;13000.98;50;1.27;1;1
15520;12512.22;50;1.30;1;1
15521;13000.98;50;1.25;1;1
15522;12512.22;50;1.30;1;1
15523;13147.60;50;1.25;1;1
15524;12365.59;50;1.31;1;1
15525;13049.85;50;1.24;1;1
15526;12414.47;50;1.30;1;1
15527;13098.73;50;1.24;1;1
15528;12365.59;50;1.31;1;1
15529;13000.98;50;1.24;1;1
15530;12365.59;50;1.30;1;1
15531;12952.10;50;1.24;1;1
15532;12414.47;50;1.30;1;1
15533;12903.23;50;1.24;1;1
15534;12414.47;50;1.29;1;1
15535;13000.98;50;1.24;1;1
15536;12463.34;50;1.30;1;1
15537;12903.23;50;1.25;1;1
15538;12414.47;50;1.29;1;1
15539;12854.35;50;1.24;1;1
15540;12609.97;50;1.29;1;1
15541;13000.98;50;1.26;1;1
15542;12512.22;50;1.30;1;1
15543;12805.47;50;1.25;1;1
15544;12658.85;50;1.28;1;1
15545;13000.98;50;1.27;1;1
15546;12512.22;50;1.30;1;1
15547;12952.10;50;1.25;1;1
15548;12463.34;50;1.30;1;1
15549;12903.23;50;1.25;1;1
15550;12561.09;50;1.29;1;1
15551;12805.47;50;1.26;1;1
15552;12707.72;50;1.28;1;1
15553;12952.10;50;1.27;1;1
15554;12609.97;50;1.30;1;1
15555;13196.48;50;1.26;1;1
15556;12903.23;50;1.32;1;1
15557;13147.60;50;1.29;1;1
15558;13000.98;50;1.31;1;1
15559;13196.48;50;1.30;1;1
15560;13098.73;50;1.32;1;1
15561;12952.10;50;1.31;1;1
15562;12903.23;50;1.30;1;1
15563;12952.10;50;1.29;1;1
15564;12952.10;50;1.30;1;1
15565;12952.10;50;1.30;1;1
15566;13049.85;50;1.30;1;1
15567;12903.23;50;1.30;1;1
15568;13049.85;50;1.29;1;1
15569;12903.23;50;1.30;1;1
15570;12952.10;50;1.29;1;1
15571;12854.35;50;1.30;1;1
15572;12854.35;50;1.29;1;1
15573;12903.23;50;1.29;1;1
15574;13098.73;50;1.29;1;1
15575;12805.47;50;1.31;1;1
15576;12952.10;50;1.28;1;1
15577;13049.85;50;1.30;1;1
15578;13049.85;50;1.30;1;1
15579;12903.23;50;1.30;1;1
15580;13098.73;50;1.29;1;1
15581;13098.73;50;1.31;1;1
15582;13245.36;50;1.31;1;1
15583;13049.85;50;1.32;1;1
15584;13196.48;50;1.30;1;1
15585;13049.85;50;1.32;1;1
15586;13343.11;50;1.30;1;1
15587;12903.23;50;1.33;1;1
15588;13245.36;50;1.29;1;1
15589;13049.85;50;1.32;1;1
15590;13245.36;50;1.30;1;1
15591;12952.10;50;1.32;1;1
15592;13196.48;50;1.30;1;1
15593;13049.85;50;1.32;1;1
15594;13343.11;50;1.30;1;1
15595;13000.98;50;1.33;1;1
15596;13294.23;50;1.30;1;1
15597;12952.10;50;1.33;1;1
15598;13538.61;50;1.30;1;1
15599;13000.98;50;1.35;1;1
15600;13343.11;50;1.30;1;1
15601;13147.60;50;1.33;1;1
15602;13636.36;50;1.31;1;1
15603;13049.85;50;1.36;1;1
15604;13294.23;50;1.30;1;1
15605;13000.98;50;1.33;1;1
15606;13343.11;50;1.30;1;1
15607;12854.35;50;1.33;1;1
15608;13196.48;50;1.29;1;1
15609;13049.85;50;1.32;1;1
15610;13489.74;50;1.30;1;1
15611;13000.98;50;1.35;1;1
15612;13391.98;50;1.30;1;1
15613;12952.10;50;1.34;1;1
15614;13391.98;50;1.30;1;1
15615;12561.09;50;1.34;1;1
15616;13294.23;50;1.26;1;1
15617;12658.85;50;1.33;1;1
15618;13245.36;50;1.27;1;1
15619;12756.60;50;1.32;1;1
15620;13343.11;50;1.28;1;1
15621;12805.47;50;1.33;1;1
15622;13587.49;50;1.28;1;1
15623;13049.85;50;1.36;1;1
15624;13734.12;50;1.30;1;1
15625;13049.85;50;1.37;1;1
15626;13538.61;50;1.30;1;1
15627;13049.85;50;1.35;1;1
15628;13636.36;50;1.30;1;1
15629;13098.73;50;1.36;1;1
15630;13880.74;50;1.31;1;1
15631;13098.73;50;1.39;1;1
15632;13734.12;50;1.31;1;1
15633;13343.11;50;1.37;1;1
15634;13978.49;50;1.33;1;1
15635;13196.48;50;1.40;1;1
15636;13734.12;50;1.32;1;1
15637;12952.10;50;1.37;1;1
15638;13831.87;50;1.30;1;1
15639;13049.85;50;1.38;1;1
15640;13685.24;50;1.30;1;1
15641;13098.73;50;1.37;1;1
15642;13636.36;50;1.31;1;1
15643;13831.87;50;1.36;1;1
15644;14320.63;50;1.38;1;1
15645;13636.36;50;1.43;1;1
15646;14320.63;50;1.36;1;1
15647;13734.12;50;1.43;1;1
15648;14418.38;50;1.37;1;1
15649;13978.49;50;1.44;1;1
15650;14662.76;50;1.40;1;1
15651;14027.37;50;1.47;1;1
15652;14467.25;50;1.40;1;1
15653;13685.24;50;1.45;1;1
15654;14467.25;50;1.37;1;1
15655;13782.99;50;1.45;1;1
15656;14369.50;50;1.38;1;1
15657;13734.12;50;1.44;1;1
15658;14467.25;50;1.37;1;1
15659;13685.24;50;1.45;1;1
15660;14516.13;50;1.37;1;1
15661;13978.49;50;1.45;1;1
15662;14418.38;50;1.40;1;1
15663;13782.99;50;1.44;1;1
15664;14320.63;50;1.38;1;1
15665;13929.62;50;1.43;1;1
15666;14613.88;50;1.39;1;1
15667;13782.99;50;1.46;1;1
15668;14320.63;50;1.38;1;1
15669;13831.87;50;1.43;1;1
15670;14369.50;50;1.38;1;1
15671;13734.12;50;1.44;1;1
15672;14222.87;50;1.37;1;1
15673;13880.74;50;1.42;1;1
15674;14662.76;50;1.39;1;1
15675;13685.24;50;1.47;1;1
15676;14711.63;50;1.37;1;1
15677;14076.25;50;1.47;1;1
15678;14369.50;50;1.41;1;1
15679;13978.49;50;1.44;1;1
15680;14516.13;50;1.40;1;1
15681;14369.50;50;1.45;1;1
15682;14418.38;50;1.44;1;1
15683;14027.37;50;1.44;1;1
15684;14418.38;50;1.40;1;1
15685;13929.62;50;1.44;1;1
15686;14222.87;50;1.39;1;1
15687;13782.99;50;1.42;1;1
15688;14613.88;50;1.38;1;1
15689;13978.49;50;1.46;1;1
15690;14516.13;50;1.40;1;1
15691;14174.00;50;1.45;1;1
15692;14369.50;50;1.42;1;1
15693;13734.12;50;1.44;1;1
15694;14467.25;50;1.37;1;1
15695;13880.74;50;1.45;1;1
15696;13831.87;50;1.39;1;1
15697;14174.00;50;1.38;1;1
15698;14076.25;50;1.42;1;1
15699;13978.49;50;1.41;1;1
15700;13685.24;50;1.40;1;1
15701;13685.24;50;1.37;1;1
15702;13734.12;50;1.37;1;1
15703;13831.87;50;1.37;1;1
15704;13685.24;50;1.38;1;1
15705;14076.25;50;1.37;1;1
15706;13978.49;50;1.41;1;1
15707;14125.12;50;1.40;1;1
15708;14271.75;50;1.41;1;1
15709;13929.62;50;1.43;1;1
15710;14125.12;50;1.39;1;1
15711;14125.12;50;1.41;1;1
15712;14027.37;50;1.41;1;1
15713;13978.49;50;1.40;1;1
15714;14222.87;50;1.40;1;1
15715;14271.75;50;1.42;1;1
15716;14076.25;50;1.43;1;1
15717;14320.63;50;1.41;1;1
15718;14076.25;50;1.43;1;1
15719;14222.87;50;1.41;1;1
15720;13929.62;50;1.42;1;1
15721;14271.75;50;1.39;1;1
15722;14125.12;50;1.43;1;1
15723;14222.87;50;1.41;1;1
15724;13929.62;50;1.42;1;1
15725;14222.87;50;1.39;1;1
15726;14076.25;50;1.42;1;1
15727;14271.75;50;1.41;1;1
15728;14076.25;50;1.43;1;1
15729;14320.63;50;1.41;1;1
15730;14027.37;50;1.43;1;1
15731;14271.75;50;1.40;1;1
15732;14418.38;50;1.43;1;1
15733;14613.88;50;1.44;1;1
15734;13880.74;50;1.46;1;1
15735;14320.63;50;1.39;1;1
15736;13880.74;50;1.43;1;1
15737;14516.13;50;1.39;1;1
15738;13880.74;50;1.45;1;1
15739;14418.38;50;1.39;1;1
15740;14027.37;50;1.44;1;1
15741;14271.75;50;1.40;1;1
15742;13782.99;50;1.43;1;1
15743;14565.00;50;1.38;1;1
15744;13978.49;50;1.46;1;1
15745;14418.38;50;1.40;1;1
15746;13880.74;50;1.44;1;1
15747;14467.25;50;1.39;1;1
15748;13831.87;50;1.45;1;1
15749;14369.50;50;1.38;1;1
15750;13880.74;50;1.44;1;1
15751;14467.25;50;1.39;1;1
15752;13929.62;50;1.45;1;1
15753;14222.87;50;1.39;1;1
15754;13734.12;50;1.42;1;1
15755;14076.25;50;1.37;1;1
15756;13636.36;50;1.41;1;1
15757;14222.87;50;1.36;1;1
15758;13685.24;50;1.42;1;1
15759;14418.38;50;1.37;1;1
15760;13831.87;50;1.44;1;1
15761;14418.38;50;1.38;1;1
15762;13685.24;50;1.44;1;1
15763;14271.75;50;1.37;1;1
15764;13734.12;50;1.43;1;1
15765;14271.75;50;1.37;1;1
15766;13734.12;50;1.43;1;1
15767;14222.87;50;1.37;1;1
15768;13880.74;50;1.42;1;1
15769;14418.38;50;1.39;1;1
15770;13294.23;50;1.44;1;1
15771;13782.99;50;1.33;1;1
15772;13294.23;50;1.38;1;1
15773;13685.24;50;1.33;1;1
15774;13831.87;50;1.37;1;1
15775;14369.50;50;1.38;1;1
15776;13685.24;50;1.44;1;1
15777;14565.00;50;1.37;1;1
15778;13831.87;50;1.46;1;1
15779;14418.38;50;1.38;1;1
15780;13734.12;50;1.44;1;1
15781;14027.37;50;1.37;1;1
15782;13343.11;50;1.40;1;1
15783;14027.37;50;1.33;1;1
15784;14027.37;50;1.40;1;1
15785;14516.13;50;1.40;1;1
15786;13734.12;50;1.45;1;1
15787;14516.13;50;1.37;1;1
15788;13538.61;50;1.45;1;1
15789;14467.25;50;1.35;1;1
15790;13929.62;50;1.45;1;1
15791;14418.38;50;1.39;1;1
15792;13880.74;50;1.44;1;1
15793;14369.50;50;1.39;1;1
15794;14076.25;50;1.44;1;1
15795;14662.76;50;1.41;1;1
15796;13978.49;50;1.47;1;1
15797;14565.00;50;1.40;1;1
15798;13929.62;50;1.46;1;1
15799;13978.49;50;1.39;1;1
15800;13685.24;50;1.40;1;1
15801;14076.25;50;1.37;1;1
15802;13587.49;50;1.41;1;1
15803;14076.25;50;1.36;1;1
15804;13489.74;50;1.41;1;1
15805;14076.25;50;1.35;1;1
15806;13685.24;50;1.41;1;1
15807;14662.76;50;1.37;1;1
15808;14222.87;50;1.47;1;1
15809;14516.13;50;1.42;1;1
15810;14174.00;50;1.45;1;1
15811;14760.51;50;1.42;1;1
15812;14222.87;50;1.48;1;1
15813;14711.63;50;1.42;1;1
15814;14076.25;50;1.47;1;1
15815;14565.00;50;1.41;1;1
15816;14027.37;50;1.46;1;1
15817;14369.50;50;1.40;1;1
15818;14174.00;50;1.44;1;1
15819;14516.13;50;1.42;1;1
15820;13929.62;50;1.45;1;1
15821;14565.00;50;1.39;1;1
15822;14320.63;50;1.46;1;1
15823;14565.00;50;1.43;1;1
15824;14027.37;50;1.46;1;1
15825;14613.88;50;1.40;1;1
15826;14076.25;50;1.46;1;1
15827;14760.51;50;1.41;1;1
15828;14125.12;50;1.48;1;1
15829;14858.26;50;1.41;1;1
15830;14467.25;50;1.49;1;1
15831;14711.63;50;1.45;1;1
15832;14369.50;50;1.47;1;1
15833;14711.63;50;1.44;1;1
15834;14320.63;50;1.47;1;1
15835;14711.63;50;1.43;1;1
15836;14320.63;50;1.47;1;1
15837;14613.88;50;1.43;1;1
15838;14174.00;50;1.46;1;1
15839;14858.26;50;1.42;1;1
15840;14271.75;50;1.49;1;1
15841;14907.14;50;1.43;1;1
15842;14467.25;50;1.49;1;1
15843;14760.51;50;1.45;1;1
15844;14467.25;50;1.48;1;1
15845;14271.75;50;1.45;1;1
15846;13880.74;50;1.43;1;1
15847;14076.25;50;1.39;1;1
15848;13880.74;50;1.41;1;1
15849;14271.75;50;1.39;1;1
15850;13880.74;50;1.43;1;1
15851;14125.12;50;1.39;1;1
15852;13880.74;50;1.41;1;1
15853;14125.12;50;1.39;1;1
15854;13978.49;50;1.41;1;1
15855;14222.87;50;1.40;1;1
15856;14027.37;50;1.42;1;1
15857;13880.74;50;1.40;1;1
15858;13880.74;50;1.39;1;1
15859;14076.25;50;1.39;1;1
15860;14027.37;50;1.41;1;1
15861;13880.74;50;1.40;1;1
15862;14076.25;50;1.39;1;1
15863;14076.25;50;1.41;1;1
15864;14076.25;50;1.41;1;1
15865;13831.87;50;1.41;1;1
15866;14222.87;50;1.38;1;1
15867;13831.87;50;1.42;1;1
15868;14174.00;50;1.38;1;1
15869;13978.49;50;1.42;1;1
15870;14076.25;50;1.40;1;1
15871;13782.99;50;1.41;1;1
15872;14125.12;50;1.38;1;1
15873;13978.49;50;1.41;1;1
15874;14271.75;50;1.40;1;1
15875;14125.12;50;1.43;1;1
15876;14271.75;50;1.41;1;1
15877;13978.49;50;1.43;1;1
15878;14320.63;50;1.40;1;1
15879;13782.99;50;1.43;1;1
15880;14174.00;50;1.38;1;1
15881;13831.87;50;1.42;1;1
15882;14174.00;50;1.38;1;1
15883;13929.62;50;1.42;1;1
15884;14222.87;50;1.39;1;1
15885;13685.24;50;1.42;1;1
15886;14222.87;50;1.37;1;1
15887;13636.36;50;1.42;1;1
15888;14369.50;50;1.36;1;1
15889;13734.12;50;1.44;1;1
15890;14320.63;50;1.37;1;1
15891;13685.24;50;1.43;1;1
15892;14222.87;50;1.37;1;1
15893;13880.74;50;1.42;1;1
15894;14320.63;50;1.39;1;1
15895;13685.24;50;1.43;1;1
15896;14320.63;50;1.37;1;1
15897;13734.12;50;1.43;1;1
15898;14271.75;50;1.37;1;1
15899;14320.63;50;1.43;1;1
15900;14760.51;50;1.43;1;1
15901;14271.75;50;1.48;1;1
15902;14809.38;50;1.43;1;1
15903;14125.12;50;1.48;1;1
15904;14858.26;50;1.41;1;1
15905;14125.12;50;1.49;1;1
15906;14662.76;50;1.41;1;1
15907;14027.37;50;1.47;1;1
15908;14516.13;50;1.40;1;1
15909;14027.37;50;1.45;1;1
15910;14956.01;50;1.40;1;1
15911;13636.36;50;1.50;1;1
15912;14320.63;50;1.36;1;1
15913;13587.49;50;1.43;1;1
15914;14125.12;50;1.36;1;1
15915;13880.74;50;1.41;1;1
15916;14467.25;50;1.39;1;1
15917;13734.12;50;1.45;1;1
15918;14271.75;50;1.37;1;1
15919;13782.99;50;1.43;1;1
15920;14418.38;50;1.38;1;1
15921;13880.74;50;1.44;1;1
15922;14320.63;50;1.39;1;1
15923;13880.74;50;1.43;1;1
15924;14467.25;50;1.39;1;1
15925;13782.99;50;1.45;1;1
15926;14418.38;50;1.38;1;1
15927;13880.74;50;1.44;1;1
15928;14565.00;50;1.39;1;1
15929;14027.37;50;1.46;1;1
15930;14467.25;50;1.40;1;1
15931;14125.12;50;1.45;1;1
15932;14369.50;50;1.41;1;1
15933;13831.87;50;1.44;1;1
15934;14222.87;50;1.38;1;1
15935;14027.37;50;1.42;1;1
15936;14271.75;50;1.40;1;1
15937;14027.37;50;1.43;1;1
15938;14369.50;50;1.40;1;1
15939;14467.25;50;1.44;1;1
15940;14711.63;50;1.45;1;1
15941;14613.88;50;1.47;1;1
15942;14516.13;50;1.46;1;1
15943;14467.25;50;1.45;1;1
15944;14418.38;50;1.45;1;1
15945;14613.88;50;1.44;1;1
15946;14613.88;50;1.46;1;1
15947;14418.38;50;1.46;1;1
15948;14516.13;50;1.44;1;1
15949;14125.12;50;1.45;1;1
15950;14516.13;50;1.41;1;1
15951;14320.63;50;1.45;1;1
15952;14076.25;50;1.43;1;1
15953;14174.00;50;1.41;1;1
15954;14125.12;50;1.42;1;1
15955;14320.63;50;1.41;1;1
15956;14076.25;50;1.43;1;1
15957;14271.75;50;1.41;1;1
15958;13978.49;50;1.43;1;1
15959;14369.50;50;1.40;1;1
15960;14125.12;50;1.44;1;1
15961;14565.00;50;1.41;1;1
15962;14320.63;50;1.46;1;1
15963;14613.88;50;1.43;1;1
15964;14222.87;50;1.46;1;1
15965;14467.25;50;1.42;1;1
15966;13929.62;50;1.45;1;1
15967;14467.25;50;1.39;1;1
15968;14076.25;50;1.45;1;1
15969;14320.63;50;1.41;1;1
15970;14125.12;50;1.43;1;1
15971;14369.50;50;1.41;1;1
15972;14076.25;50;1.44;1;1
15973;14271.75;50;1.41;1;1
15974;14027.37;50;1.43;1;1
15975;14369.50;50;1.40;1;1
15976;14125.12;50;1.44;1;1
15977;14174.00;50;1.41;1;1
15978;13978.49;50;1.42;1;1
15979;14320.63;50;1.40;1;1
15980;13734.12;50;1.43;1;1
15981;14320.63;50;1.37;1;1
15982;13831.87;50;1.43;1;1
15983;14271.75;50;1.38;1;1
15984;13880.74;50;1.43;1;1
15985;14320.63;50;1.39;1;1
15986;13978.49;50;1.43;1;1
15987;14369.50;50;1.40;1;1
15988;13929.62;50;1.44;1;1
15989;14174.00;50;1.39;1;1
15990;13880.74;50;1.42;1;1
15991;14516.13;50;1.39;1;1
15992;13978.49;50;1.45;1;1
15993;14418.38;50;1.40;1;1
15994;13880.74;50;1.44;1;1
15995;14271.75;50;1.39;1;1
15996;13978.49;50;1.43;1;1
15997;14222.87;50;1.40;1;1
15998;13831.87;50;1.42;1;1
15999;14418.38;50;1.38;1;1
16000;13880.74;50;1.44;1;1
16001;14271.75;50;1.39;1;1
16002;13978.49;50;1.43;1;1
16003;14222.87;50;1.40;1;1
16004;13929.62;50;1.42;1;1
16005;14369.50;50;1.39;1;1
16006;13734.12;50;1.44;1;1
16007;14271.75;50;1.37;1;1
16008;13734.12;50;1.43;1;1
16009;14222.87;50;1.37;1;1
16010;13734.12;50;1.42;1;1
16011;14125.12;50;1.37;1;1
16012;13685.24;50;1.41;1;1
16013;14125.12;50;1.37;1;1
16014;13685.24;50;1.41;1;1
16015;14125.12;50;1.37;1;1
16016;13734.12;50;1.41;1;1
16017;14222.87;50;1.37;1;1
16018;13685.24;50;1.42;1;1
16019;14320.63;50;1.37;1;1
16020;13831.87;50;1.43;1;1
16021;14369.50;50;1.38;1;1
16022;13782.99;50;1.44;1;1
16023;14418.38;50;1.38;1;1
16024;13685.24;50;1.44;1;1
16025;14320.63;50;1.37;1;1
16026;13734.12;50;1.43;1;1
16027;14320.63;50;1.37;1;1
16028;13587.49;50;1.43;1;1
16029;14125.12;50;1.36;1;1
16030;13636.36;50;1.41;1;1
16031;14369.50;50;1.36;1;1
16032;13782.99;50;1.44;1;1
16033;14222.87;50;1.38;1;1
16034;13685.24;50;1.42;1;1
16035;14369.50;50;1.37;1;1
16036;13685.24;50;1.44;1;1
16037;14222.87;50;1.37;1;1
16038;13636.36;50;1.42;1;1
16039;14125.12;50;1.36;1;1
16040;13636.36;50;1.41;1;1
16041;14174.00;50;1.36;1;1
16042;13587.49;50;1.42;1;1
16043;14174.00;50;1.36;1;1
16044;13489.74;50;1.42;1;1
16045;14125.12;50;1.35;1;1
16046;13685.24;50;1.41;1;1
16047;14271.75;50;1.37;1;1
16048;13636.36;50;1.43;1;1
16049;14125.12;50;1.36;1;1
16050;13685.24;50;1.41;1;1
16051;14174.00;50;1.37;1;1
16052;13587.49;50;1.42;1;1
16053;14271.75;50;1.36;1;1
16054;13391.98;50;1.43;1;1
16055;14174.00;50;1.34;1;1
16056;13489.74;50;1.42;1;1
16057;14076.25;50;1.35;1;1
16058;13489.74;50;1.41;1;1
16059;14174.00;50;1.35;1;1
16060;13636.36;50;1.42;1;1
16061;14174.00;50;1.36;1;1
16062;13489.74;50;1.42;1;1
16063;14271.75;50;1.35;1;1
16064;13782.99;50;1.43;1;1
16065;14418.38;50;1.38;1;1
16066;13734.12;50;1.44;1;1
16067;14418.38;50;1.37;1;1
16068;13782.99;50;1.44;1;1
16069;14565.00;50;1.38;1;1
16070;14125.12;50;1.46;1;1
16071;14662.76;50;1.41;1;1
16072;13831.87;50;1.47;1;1
16073;14516.13;50;1.38;1;1
16074;13929.62;50;1.45;1;1
16075;14320.63;50;1.39;1;1
16076;13734.12;50;1.43;1;1
16077;14369.50;50;1.37;1;1
16078;13489.74;50;1.44;1;1
16079;14125.12;50;1.35;1;1
16080;13538.61;50;1.41;1;1
16081;14174.00;50;1.35;1;1
16082;13489.74;50;1.42;1;1
16083;14125.12;50;1.35;1;1
16084;13489.74;50;1.41;1;1
16085;14027.37;50;1.35;1;1
16086;13636.36;50;1.40;1;1
16087;14076.25;50;1.36;1;1
16088;13489.74;50;1.41;1;1
16089;14271.75;50;1.35;1;1
16090;13636.36;50;1.43;1;1
16091;14027.37;50;1.36;1;1
16092;13440.86;50;1.40;1;1
16093;14027.37;50;1.34;1;1
16094;13391.98;50;1.40;1;1
16095;13978.49;50;1.34;1;1
16096;13343.11;50;1.40;1;1
16097;14222.87;50;1.33;1;1
16098;13489.74;50;1.42;1;1
16099;13929.62;50;1.35;1;1
16100;13489.74;50;1.39;1;1
16101;13978.49;50;1.35;1;1
16102;13391.98;50;1.40;1;1
16103;14174.00;50;1.34;1;1
16104;13440.86;50;1.42;1;1
16105;13880.74;50;1.34;1;1
16106;13294.23;50;1.39;1;1
16107;14271.75;50;1.33;1;1
16108;13587.49;50;1.43;1;1
16109;14369.50;50;1.36;1;1
16110;13587.49;50;1.44;1;1
16111;14271.75;50;1.36;1;1
16112;13636.36;50;1.43;1;1
16113;14418.38;50;1.36;1;1
16114;13587.49;50;1.44;1;1
16115;14271.75;50;1.36;1;1
16116;13538.61;50;1.43;1;1
16117;14027.37;50;1.35;1;1
16118;13440.86;50;1.40;1;1
16119;13978.49;50;1.34;1;1
16120;13538.61;50;1.40;1;1
16121;13978.49;50;1.35;1;1
16122;13587.49;50;1.40;1;1
16123;13734.12;50;1.36;1;1
16124;13440.86;50;1.37;1;1
16125;13734.12;50;1.34;1;1
16126;13538.61;50;1.37;1;1
16127;13880.74;50;1.35;1;1
16128;13343.11;50;1.39;1;1
16129;14076.25;50;1.33;1;1
16130;13294.23;50;1.41;1;1
16131;13880.74;50;1.33;1;1
16132;13343.11;50;1.39;1;1
16133;14076.25;50;1.33;1;1
16134;13391.98;50;1.41;1;1
16135;13782.99;50;1.34;1;1
16136;13391.98;50;1.38;1;1
16137;13880.74;50;1.34;1;1
16138;13538.61;50;1.39;1;1
16139;14027.37;50;1.35;1;1
16140;13587.49;50;1.40;1;1
16141;14125.12;50;1.36;1;1
16142;13489.74;50;1.41;1;1
16143;13929.62;50;1.35;1;1
16144;13391.98;50;1.39;1;1
16145;13929.62;50;1.34;1;1
16146;13587.49;50;1.39;1;1
16147;14125.12;50;1.36;1;1
16148;13391.98;50;1.41;1;1
16149;13782.99;50;1.34;1;1
16150;13343.11;50;1.38;1;1
16151;13587.49;50;1.33;1;1
16152;13245.36;50;1.36;1;1
16153;13831.87;50;1.32;1;1
16154;13538.61;50;1.38;1;1
16155;14027.37;50;1.35;1;1
16156;13343.11;50;1.40;1;1
16157;13929.62;50;1.33;1;1
16158;13587.49;50;1.39;1;1
16159;14076.25;50;1.36;1;1
16160;13587.49;50;1.41;1;1
16161;14174.00;50;1.36;1;1
16162;13587.49;50;1.42;1;1
16163;13929.62;50;1.36;1;1
16164;13587.49;50;1.39;1;1
16165;14027.37;50;1.36;1;1
16166;13685.24;50;1.40;1;1
16167;13978.49;50;1.37;1;1
16168;13685.24;50;1.40;1;1
16169;14076.25;50;1.37;1;1
16170;13636.36;50;1.41;1;1
16171;13978.49;50;1.36;1;1
16172;13831.87;50;1.40;1;1
16173;14174.00;50;1.38;1;1
16174;13782.99;50;1.42;1;1
16175;14125.12;50;1.38;1;1
16176;13831.87;50;1.41;1;1
16177;14125.12;50;1.38;1;1
16178;14076.25;50;1.41;1;1
16179;13978.49;50;1.41;1;1
16180;13978.49;50;1.40;1;1
16181;13929.62;50;1.40;1;1
16182;13978.49;50;1.39;1;1
16183;13734.12;50;1.40;1;1
16184;13782.99;50;1.37;1;1
16185;13831.87;50;1.38;1;1
16186;13685.24;50;1.38;1;1
16187;13782.99;50;1.37;1;1
16188;13538.61;50;1.38;1;1
16189;13734.12;50;1.35;1;1
16190;13587.49;50;1.37;1;1
16191;14027.37;50;1.36;1;1
16192;13685.24;50;1.40;1;1
16193;13880.74;50;1.37;1;1
16194;13831.87;50;1.39;1;1
16195;13831.87;50;1.38;1;1
16196;13782.99;50;1.38;1;1
16197;13978.49;50;1.38;1;1
16198;13782.99;50;1.40;1;1
16199;14027.37;50;1.38;1;1
16200;13587.49;50;1.40;1;1
16201;13782.99;50;1.36;1;1
16202;13929.62;50;1.38;1;1
16203;13440.86;50;1.39;1;1
16204;13587.49;50;1.34;1;1
16205;13440.86;50;1.36;1;1
16206;13538.61;50;1.34;1;1
16207;13391.98;50;1.35;1;1
16208;13587.49;50;1.34;1;1
16209;13538.61;50;1.36;1;1
16210;13538.61;50;1.35;1;1
16211;13440.86;50;1.35;1;1
16212;13489.74;50;1.34;1;1
16213;13440.86;50;1.35;1;1
16214;13294.23;50;1.34;1;1
16215;13196.48;50;1.33;1;1
16216;13343.11;50;1.32;1;1
16217;13391.98;50;1.33;1;1
16218;13391.98;50;1.34;1;1
16219;13196.48;50;1.34;1;1
16220;13440.86;50;1.32;1;1
16221;13245.36;50;1.34;1;1
16222;13538.61;50;1.32;1;1
16223;13294.23;50;1.35;1;1
16224;13391.98;50;1.33;1;1
16225;13245.36;50;1.34;1;1
16226;13343.11;50;1.32;1;1
16227;13147.60;50;1.33;1;1
16228;13391.98;50;1.31;1;1
16229;13343.11;50;1.34;1;1
16230;13489.74;50;1.33;1;1
16231;13294.23;50;1.35;1;1
16232;13587.49;50;1.33;1;1
16233;13391.98;50;1.36;1;1
16234;13685.24;50;1.34;1;1
16235;13098.73;50;1.37;1;1
16236;13538.61;50;1.31;1;1
16237;13831.87;50;1.35;1;1
16238;13489.74;50;1.38;1;1
16239;13587.49;50;1.35;1;1
16240;13880.74;50;1.36;1;1
16241;13440.86;50;1.39;1;1
16242;13831.87;50;1.34;1;1
16243;13391.98;50;1.38;1;1
16244;13782.99;50;1.34;1;1
16245;13196.48;50;1.38;1;1
16246;13831.87;50;1.32;1;1
16247;13245.36;50;1.38;1;1
16248;13782.99;50;1.32;1;1
16249;13245.36;50;1.38;1;1
16250;13831.87;50;1.32;1;1
16251;13294.23;50;1.38;1;1
16252;13685.24;50;1.33;1;1
16253;13196.48;50;1.37;1;1
16254;13831.87;50;1.32;1;1
16255;13196.48;50;1.38;1;1
16256;13880.74;50;1.32;1;1
16257;13098.73;50;1.39;1;1
16258;13929.62;50;1.31;1;1
16259;13196.48;50;1.39;1;1
16260;13782.99;50;1.32;1;1
16261;13196.48;50;1.38;1;1
16262;13831.87;50;1.32;1;1
16263;13245.36;50;1.38;1;1
16264;13880.74;50;1.32;1;1
16265;13147.60;50;1.39;1;1
16266;13636.36;50;1.31;1;1
16267;13245.36;50;1.36;1;1
16268;13880.74;50;1.32;1;1
16269;13245.36;50;1.39;1;1
16270;13685.24;50;1.32;1;1
16271;12854.35;50;1.37;1;1
16272;13538.61;50;1.29;1;1
16273;13000.98;50;1.35;1;1
16274;13391.98;50;1.30;1;1
16275;12854.35;50;1.34;1;1
16276;13782.99;50;1.29;1;1
16277;13049.85;50;1.38;1;1
16278;13734.12;50;1.30;1;1
16279;13098.73;50;1.37;1;1
16280;13685.24;50;1.31;1;1
16281;13147.60;50;1.37;1;1
16282;13831.87;50;1.31;1;1
16283;13098.73;50;1.38;1;1
16284;13978.49;50;1.31;1;1
16285;13098.73;50;1.40;1;1
16286;13734.12;50;1.31;1;1
16287;13098.73;50;1.37;1;1
16288;13734.12;50;1.31;1;1
16289;13147.60;50;1.37;1;1
16290;13782.99;50;1.31;1;1
16291;13245.36;50;1.38;1;1
16292;13978.49;50;1.32;1;1
16293;13343.11;50;1.40;1;1
16294;13685.24;50;1.33;1;1
16295;13147.60;50;1.37;1;1
16296;13587.49;50;1.31;1;1
16297;13391.98;50;1.36;1;1
16298;13636.36;50;1.34;1;1
16299;13245.36;50;1.36;1;1
16300;13782.99;50;1.32;1;1
16301;13245.36;50;1.38;1;1
16302;14027.37;50;1.32;1;1
16303;13294.23;50;1.40;1;1
16304;13880.74;50;1.33;1;1
16305;13343.11;50;1.39;1;1
16306;13831.87;50;1.33;1;1
16307;13000.98;50;1.38;1;1
16308;13489.74;50;1.30;1;1
16309;13049.85;50;1.35;1;1
16310;13343.11;50;1.30;1;1
16311;12903.23;50;1.33;1;1
16312;13391.98;50;1.29;1;1
16313;12903.23;50;1.34;1;1
16314;13489.74;50;1.29;1;1
16315;13049.85;50;1.35;1;1
16316;13440.86;50;1.30;1;1
16317;13147.60;50;1.34;1;1
16318;13587.49;50;1.31;1;1
16319;13098.73;50;1.36;1;1
16320;13489.74;50;1.31;1;1
16321;13098.73;50;1.35;1;1
16322;13391.98;50;1.31;1;1
16323;13000.98;50;1.34;1;1
16324;13391.98;50;1.30;1;1
16325;13245.36;50;1.34;1;1
16326;13391.98;50;1.32;1;1
16327;13245.36;50;1.34;1;1
16328;13343.11;50;1.32;1;1
16329;13147.60;50;1.33;1;1
16330;13489.74;50;1.31;1;1
16331;13538.61;50;1.35;1;1
16332;13489.74;50;1.35;1;1
16333;13196.48;50;1.35;1;1
16334;13294.23;50;1.32;1;1
16335;13196.48;50;1.33;1;1
16336;13343.11;50;1.32;1;1
16337;13294.23;50;1.33;1;1
16338;13147.60;50;1.33;1;1
16339;13343.11;50;1.31;1;1
16340;13000.98;50;1.33;1;1
16341;13294.23;50;1.30;1;1
16342;13245.36;50;1.33;1;1
16343;13343.11;50;1.32;1;1
16344;13196.48;50;1.33;1;1
16345;13147.60;50;1.32;1;1
16346;13147.60;50;1.31;1;1
16347;13294.23;50;1.31;1;1
16348;13147.60;50;1.33;1;1
16349;13343.11;50;1.31;1;1
16350;13391.98;50;1.33;1;1
16351;13440.86;50;1.34;1;1
16352;13294.23;50;1.34;1;1
16353;13343.11;50;1.33;1;1
16354;13440.86;50;1.33;1;1
16355;13391.98;50;1.34;1;1
16356;13147.60;50;1.34;1;1
16357;13343.11;50;1.31;1;1
16358;13049.85;50;1.33;1;1
16359;13343.11;50;1.30;1;1
16360;13000.98;50;1.33;1;1
16361;13440.86;50;1.30;1;1
16362;13000.98;50;1.34;1;1
16363;13294.23;50;1.30;1;1
16364;13147.60;50;1.33;1;1
16365;13440.86;50;1.31;1;1
16366;13147.60;50;1.34;1;1
16367;13440.86;50;1.31;1;1
16368;12854.35;50;1.34;1;1
16369;13343.11;50;1.29;1;1
16370;13049.85;50;1.33;1;1
16371;13440.86;50;1.30;1;1
16372;12903.23;50;1.34;1;1
16373;13538.61;50;1.29;1;1
16374;13049.85;50;1.35;1;1
16375;13391.98;50;1.30;1;1
16376;13000.98;50;1.34;1;1
16377;13538.61;50;1.30;1;1
16378;13049.85;50;1.35;1;1
16379;13343.11;50;1.30;1;1
16380;13147.60;50;1.33;1;1
16381;13391.98;50;1.31;1;1
16382;13049.85;50;1.34;1;1
16383;13391.98;50;1.30;1;1
16384;12903.23;50;1.34;1;1
16385;13440.86;50;1.29;1;1
16386;12903.23;50;1.34;1;1
16387;13440.86;50;1.29;1;1
16388;12805.47;50;1.34;1;1
16389;13294.23;50;1.28;1;1
16390;13049.85;50;1.33;1;1
16391;13294.23;50;1.30;1;1
16392;13098.73;50;1.33;1;1
16393;13245.36;50;1.31;1;1
16394;12952.10;50;1.32;1;1
16395;13343.11;50;1.30;1;1
16396;12952.10;50;1.33;1;1
16397;13489.74;50;1.30;1;1
16398;12952.10;50;1.35;1;1
16399;13440.86;50;1.30;1;1
16400;13049.85;50;1.34;1;1
16401;13489.74;50;1.30;1;1
16402;12854.35;50;1.35;1;1
16403;13587.49;50;1.29;1;1
16404;12952.10;50;1.36;1;1
16405;13391.98;50;1.30;1;1
16406;13000.98;50;1.34;1;1
16407;13587.49;50;1.30;1;1
16408;13147.60;50;1.36;1;1
16409;13636.36;50;1.31;1;1
16410;13098.73;50;1.36;1;1
16411;13636.36;50;1.31;1;1
16412;13000.98;50;1.36;1;1
16413;13587.49;50;1.30;1;1
16414;13049.85;50;1.36;1;1
16415;13685.24;50;1.30;1;1
16416;12952.10;50;1.37;1;1
16417;13489.74;50;1.30;1;1
16418;13147.60;50;1.35;1;1
16419;13636.36;50;1.31;1;1
16420;13000.98;50;1.36;1;1
16421;13685.24;50;1.30;1;1
16422;13000.98;50;1.37;1;1
16423;13636.36;50;1.30;1;1
16424;12903.23;50;1.36;1;1
16425;13685.24;50;1.29;1;1
16426;13000.98;50;1.37;1;1
16427;13636.36;50;1.30;1;1
16428;12952.10;50;1.36;1;1
16429;13538.61;50;1.30;1;1
16430;13000.98;50;1.35;1;1
16431;13636.36;50;1.30;1;1
16432;13147.60;50;1.36;1;1
16433;13587.49;50;1.31;1;1
16434;13000.98;50;1.36;1;1
16435;13538.61;50;1.30;1;1
16436;12903.23;50;1.35;1;1
16437;13636.36;50;1.29;1;1
16438;13000.98;50;1.36;1;1
16439;13587.49;50;1.30;1;1
16440;13196.48;50;1.36;1;1
16441;13734.12;50;1.32;1;1
16442;13196.48;50;1.37;1;1
16443;13489.74;50;1.32;1;1
16444;12805.47;50;1.35;1;1
16445;13343.11;50;1.28;1;1
16446;12561.09;50;1.33;1;1
16447;13440.86;50;1.26;1;1
16448;12854.35;50;1.34;1;1
16449;13440.86;50;1.29;1;1
16450;12561.09;50;1.34;1;1
16451;13343.11;50;1.26;1;1
16452;12609.97;50;1.33;1;1
16453;13538.61;50;1.26;1;1
16454;13049.85;50;1.35;1;1
16455;13587.49;50;1.30;1;1
16456;13000.98;50;1.36;1;1
16457;13538.61;50;1.30;1;1
16458;13147.60;50;1.35;1;1
16459;13685.24;50;1.31;1;1
16460;12952.10;50;1.37;1;1
16461;13782.99;50;1.30;1;1
16462;12952.10;50;1.38;1;1
16463;13587.49;50;1.30;1;1
16464;13000.98;50;1.36;1;1
16465;13782.99;50;1.30;1;1
16466;13098.73;50;1.38;1;1
16467;13782.99;50;1.31;1;1
16468;12854.35;50;1.38;1;1
16469;13685.24;50;1.29;1;1
16470;12903.23;50;1.37;1;1
16471;13636.36;50;1.29;1;1
16472;13098.73;50;1.36;1;1
16473;13587.49;50;1.31;1;1
16474;12707.72;50;1.36;1;1
16475;13636.36;50;1.27;1;1
16476;12952.10;50;1.36;1;1
16477;13734.12;50;1.30;1;1
16478;13000.98;50;1.37;1;1
16479;13685.24;50;1.30;1;1
16480;13000.98;50;1.37;1;1
16481;13489.74;50;1.30;1;1
16482;12854.35;50;1.35;1;1
16483;13685.24;50;1.29;1;1
16484;13049.85;50;1.37;1;1
16485;13440.86;50;1.30;1;1
16486;12609.97;50;1.34;1;1
16487;13294.23;50;1.26;1;1
16488;12609.97;50;1.33;1;1
16489;13294.23;50;1.26;1;1
16490;12609.97;50;1.33;1;1
16491;13098.73;50;1.26;1;1
16492;12707.72;50;1.31;1;1
16493;13049.85;50;1.27;1;1
16494;12512.22;50;1.30;1;1
16495;13196.48;50;1.25;1;1
16496;12609.97;50;1.32;1;1
16497;13245.36;50;1.26;1;1
16498;12512.22;50;1.32;1;1
16499;13098.73;50;1.25;1;1
16500;12512.22;50;1.31;1;1
16501;13294.23;50;1.25;1;1
16502;12414.47;50;1.33;1;1
16503;13147.60;50;1.24;1;1
16504;12512.22;50;1.31;1;1
16505;13049.85;50;1.25;1;1
16506;12414.47;50;1.30;1;1
16507;13049.85;50;1.24;1;1
16508;12463.34;50;1.30;1;1
16509;13196.48;50;1.25;1;1
16510;12561.09;50;1.32;1;1
16511;13049.85;50;1.26;1;1
16512;12561.09;50;1.30;1;1
16513;13098.73;50;1.26;1;1
16514;12561.09;50;1.31;1;1
16515;13147.60;50;1.26;1;1
16516;12756.60;50;1.31;1;1
16517;12952.10;50;1.28;1;1
16518;12609.97;50;1.30;1;1
16519;13098.73;50;1.26;1;1
16520;12512.22;50;1.31;1;1
16521;13343.11;50;1.25;1;1
16522;12805.47;50;1.33;1;1
16523;13147.60;50;1.28;1;1
16524;12707.72;50;1.31;1;1
16525;13098.73;50;1.27;1;1
16526;12707.72;50;1.31;1;1
16527;13098.73;50;1.27;1;1
16528;12658.85;50;1.31;1;1
16529;13294.23;50;1.27;1;1
16530;12707.72;50;1.33;1;1
16531;13147.60;50;1.27;1;1
16532;12756.60;50;1.31;1;1
16533;13049.85;50;1.28;1;1
16534;12854.35;50;1.30;1;1
16535;13196.48;50;1.29;1;1
16536;12903.23;50;1.32;1;1
16537;13000.98;50;1.29;1;1
16538;12952.10;50;1.30;1;1
16539;13049.85;50;1.30;1;1
16540;12952.10;50;1.30;1;1
16541;13098.73;50;1.30;1;1
16542;12903.23;50;1.31;1;1
16543;12903.23;50;1.29;1;1
16544;12952.10;50;1.29;1;1
16545;12952.10;50;1.30;1;1
16546;12903.23;50;1.30;1;1
16547;12903.23;50;1.29;1;1
16548;13000.98;50;1.29;1;1
16549;12854.35;50;1.30;1;1
16550;12903.23;50;1.29;1;1
16551;12805.47;50;1.29;1;1
16552;12952.10;50;1.28;1;1
16553;13000.98;50;1.30;1;1
16554;13000.98;50;1.30;1;1
16555;12854.35;50;1.30;1;1
16556;13000.98;50;1.29;1;1
16557;12805.47;50;1.30;1;1
16558;13196.48;50;1.28;1;1
16559;12854.35;50;1.32;1;1
16560;13000.98;50;1.29;1;1
16561;12805.47;50;1.30;1;1
16562;13196.48;50;1.28;1;1
16563;12854.35;50;1.32;1;1
16564;13098.73;50;1.29;1;1
16565;12658.85;50;1.31;1;1
16566;13196.48;50;1.27;1;1
16567;12854.35;50;1.32;1;1
16568;13489.74;50;1.29;1;1
16569;12609.97;50;1.35;1;1
16570;13147.60;50;1.26;1;1
16571;12658.85;50;1.31;1;1
16572;13245.36;50;1.27;1;1
16573;12561.09;50;1.32;1;1
16574;12952.10;50;1.26;1;1
16575;12609.97;50;1.30;1;1
16576;13098.73;50;1.26;1;1
16577;12903.23;50;1.31;1;1
16578;13196.48;50;1.29;1;1
16579;12952.10;50;1.32;1;1
16580;13147.60;50;1.30;1;1
16581;12707.72;50;1.31;1;1
16582;13245.36;50;1.27;1;1
16583;12707.72;50;1.32;1;1
16584;13147.60;50;1.27;1;1
16585;12707.72;50;1.31;1;1
16586;13294.23;50;1.27;1;1
16587;12756.60;50;1.33;1;1
16588;13147.60;50;1.28;1;1
16589;12609.97;50;1.31;1;1
16590;13147.60;50;1.26;1;1
16591;12756.60;50;1.31;1;1
16592;13196.48;50;1.28;1;1
16593;12512.22;50;1.32;1;1
16594;13049.85;50;1.25;1;1
16595;12561.09;50;1.30;1;1
16596;13147.60;50;1.26;1;1
16597;12561.09;50;1.31;1;1
16598;13049.85;50;1.26;1;1
16599;12561.09;50;1.30;1;1
16600;13147.60;50;1.26;1;1
16601;12658.85;50;1.31;1;1
16602;13147.60;50;1.27;1;1
16603;12609.97;50;1.31;1;1
16604;13196.48;50;1.26;1;1
16605;12658.85;50;1.32;1;1
16606;13098.73;50;1.27;1;1
16607;12609.97;50;1.31;1;1
16608;13049.85;50;1.26;1;1
16609;12512.22;50;1.30;1;1
16610;13196.48;50;1.25;1;1
16611;12658.85;50;1.32;1;1
16612;13049.85;50;1.27;1;1
16613;12609.97;50;1.30;1;1
16614;12952.10;50;1.26;1;1
16615;12561.09;50;1.30;1;1
16616;13098.73;50;1.26;1;1
16617;12512.22;50;1.31;1;1
16618;13098.73;50;1.25;1;1
16619;12609.97;50;1.31;1;1
16620;13147.60;50;1.26;1;1
16621;12512.22;50;1.31;1;1
16622;13391.98;50;1.25;1;1
16623;12707.72;50;1.34;1;1
16624;13000.98;50;1.27;1;1
16625;12805.47;50;1.30;1;1
16626;13196.48;50;1.28;1;1
16627;12512.22;50;1.32;1;1
16628;13098.73;50;1.25;1;1
16629;12952.10;50;1.31;1;1
16630;13294.23;50;1.30;1;1
16631;12805.47;50;1.33;1;1
16632;13196.48;50;1.28;1;1
16633;12609.97;50;1.32;1;1
16634;13245.36;50;1.26;1;1
16635;12609.97;50;1.32;1;1
16636;13294.23;50;1.26;1;1
16637;12756.60;50;1.33;1;1
16638;13391.98;50;1.28;1;1
16639;12658.85;50;1.34;1;1
16640;13343.11;50;1.27;1;1
16641;12658.85;50;1.33;1;1
16642;13147.60;50;1.27;1;1
16643;12609.97;50;1.31;1;1
16644;13147.60;50;1.26;1;1
16645;12805.47;50;1.31;1;1
16646;13391.98;50;1.28;1;1
16647;12854.35;50;1.34;1;1
16648;13245.36;50;1.29;1;1
16649;12756.60;50;1.32;1;1
16650;13391.98;50;1.28;1;1
16651;12854.35;50;1.34;1;1
16652;13294.23;50;1.29;1;1
16653;12707.72;50;1.33;1;1
16654;13294.23;50;1.27;1;1
16655;12903.23;50;1.33;1;1
16656;13245.36;50;1.29;1;1
16657;12512.22;50;1.32;1;1
16658;13343.11;50;1.25;1;1
16659;12805.47;50;1.33;1;1
16660;13391.98;50;1.28;1;1
16661;13147.60;50;1.34;1;1
16662;13440.86;50;1.31;1;1
16663;12903.23;50;1.34;1;1
16664;13489.74;50;1.29;1;1
16665;12805.47;50;1.35;1;1
16666;13587.49;50;1.28;1;1
16667;12903.23;50;1.36;1;1
16668;13440.86;50;1.29;1;1
16669;13000.98;50;1.34;1;1
16670;13343.11;50;1.30;1;1
16671;12854.35;50;1.33;1;1
16672;13538.61;50;1.29;1;1
16673;12756.60;50;1.35;1;1
16674;13391.98;50;1.28;1;1
16675;12756.60;50;1.34;1;1
16676;13391.98;50;1.28;1;1
16677;12707.72;50;1.34;1;1
16678;13196.48;50;1.27;1;1
16679;12658.85;50;1.32;1;1
16680;13294.23;50;1.27;1;1
16681;12658.85;50;1.33;1;1
16682;13391.98;50;1.27;1;1
16683;12805.47;50;1.34;1;1
16684;13343.11;50;1.28;1;1
16685;12658.85;50;1.33;1;1
16686;13391.98;50;1.27;1;1
16687;12707.72;50;1.34;1;1
16688;13343.11;50;1.27;1;1
16689;12756.60;50;1.33;1;1
16690;13196.48;50;1.28;1;1
16691;12609.97;50;1.32;1;1
16692;13489.74;50;1.26;1;1
16693;12756.60;50;1.35;1;1
16694;13343.11;50;1.28;1;1
16695;12609.97;50;1.33;1;1
16696;13440.86;50;1.26;1;1
16697;12756.60;50;1.34;1;1
16698;13343.11;50;1.28;1;1
16699;12609.97;50;1.33;1;1
16700;13196.48;50;1.26;1;1
16701;12512.22;50;1.32;1;1
16702;13391.98;50;1.25;1;1
16703;12658.85;50;1.34;1;1
16704;13196.48;50;1.27;1;1
16705;12756.60;50;1.32;1;1
16706;13343.11;50;1.28;1;1
16707;12707.72;50;1.33;1;1
16708;13245.36;50;1.27;1;1
16709;12561.09;50;1.32;1;1
16710;13196.48;50;1.26;1;1
16711;12707.72;50;1.32;1;1
16712;13294.23;50;1.27;1;1
16713;12609.97;50;1.33;1;1
16714;13343.11;50;1.26;1;1
16715;12756.60;50;1.33;1;1
16716;13391.98;50;1.28;1;1
16717;12609.97;50;1.34;1;1
16718;13440.86;50;1.26;1;1
16719;12854.35;50;1.34;1;1
16720;13489.74;50;1.29;1;1
16721;12707.72;50;1.35;1;1
16722;13587.49;50;1.27;1;1
16723;12854.35;50;1.36;1;1
16724;13343.11;50;1.29;1;1
16725;12903.23;50;1.33;1;1
16726;13391.98;50;1.29;1;1
16727;12707.72;50;1.34;1;1
16728;13391.98;50;1.27;1;1
16729;13000.98;50;1.34;1;1
16730;13294.23;50;1.30;1;1
16731;12952.10;50;1.33;1;1
16732;13294.23;50;1.30;1;1
16733;12805.47;50;1.33;1;1
16734;13294.23;50;1.28;1;1
16735;12854.35;50;1.33;1;1
16736;13196.48;50;1.29;1;1
16737;13196.48;50;1.32;1;1
16738;13538.61;50;1.32;1;1
16739;12903.23;50;1.35;1;1
16740;13685.24;50;1.29;1;1
16741;12707.72;50;1.37;1;1
16742;13049.85;50;1.27;1;1
16743;12756.60;50;1.30;1;1
16744;13294.23;50;1.28;1;1
16745;12854.35;50;1.33;1;1
16746;13147.60;50;1.29;1;1
16747;12903.23;50;1.31;1;1
16748;13440.86;50;1.29;1;1
16749;12903.23;50;1.34;1;1
16750;13294.23;50;1.29;1;1
16751;12854.35;50;1.33;1;1
16752;13196.48;50;1.29;1;1
16753;12707.72;50;1.32;1;1
16754;13391.98;50;1.27;1;1
16755;12854.35;50;1.34;1;1
16756;13343.11;50;1.29;1;1
16757;12854.35;50;1.33;1;1
16758;13343.11;50;1.29;1;1
16759;12805.47;50;1.33;1;1
16760;13343.11;50;1.28;1;1
16761;12903.23;50;1.33;1;1
16762;13196.48;50;1.29;1;1
16763;12903.23;50;1.32;1;1
16764;13147.60;50;1.29;1;1
16765;12903.23;50;1.31;1;1
16766;13196.48;50;1.29;1;1
16767;12854.35;50;1.32;1;1
16768;13098.73;50;1.29;1;1
16769;13049.85;50;1.31;1;1
16770;13196.48;50;1.30;1;1
16771;12903.23;50;1.32;1;1
16772;13147.60;50;1.29;1;1
16773;12854.35;50;1.31;1;1
16774;13000.98;50;1.29;1;1
16775;13000.98;50;1.30;1;1
16776;12952.10;50;1.30;1;1
16777;12952.10;50;1.30;1;1
16778;13098.73;50;1.30;1;1
16779;13147.60;50;1.31;1;1
16780;12952.10;50;1.31;1;1
16781;13147.60;50;1.30;1;1
16782;13049.85;50;1.31;1;1
16783;13196.48;50;1.30;1;1
16784;12952.10;50;1.32;1;1
16785;13147.60;50;1.30;1;1
16786;13098.73;50;1.31;1;1
16787;13196.48;50;1.31;1;1
16788;13098.73;50;1.32;1;1
16789;13196.48;50;1.31;1;1
16790;12805.47;50;1.32;1;1
16791;13000.98;50;1.28;1;1
16792;13000.98;50;1.30;1;1
16793;13098.73;50;1.30;1;1
16794;12854.35;50;1.31;1;1
16795;13098.73;50;1.29;1;1
16796;12952.10;50;1.31;1;1
16797;13147.60;50;1.30;1;1
16798;12707.72;50;1.31;1;1
16799;13343.11;50;1.27;1;1
16800;12952.10;50;1.33;1;1
16801;13196.48;50;1.30;1;1
16802;12756.60;50;1.32;1;1
16803;13294.23;50;1.28;1;1
16804;12756.60;50;1.33;1;1
16805;13000.98;50;1.28;1;1
16806;12854.35;50;1.30;1;1
16807;13147.60;50;1.29;1;1
16808;12854.35;50;1.31;1;1
16809;13147.60;50;1.29;1;1
16810;12805.47;50;1.31;1;1
16811;13049.85;50;1.28;1;1
16812;13000.98;50;1.30;1;1
16813;13587.49;50;1.30;1;1
16814;13098.73;50;1.36;1;1
16815;12952.10;50;1.31;1;1
16816;12609.97;50;1.30;1;1
16817;13098.73;50;1.26;1;1
16818;12707.72;50;1.31;1;1
16819;13147.60;50;1.27;1;1
16820;12756.60;50;1.31;1;1
16821;13196.48;50;1.28;1;1
16822;12756.60;50;1.32;1;1
16823;13245.36;50;1.28;1;1
16824;12805.47;50;1.32;1;1
16825;13294.23;50;1.28;1;1
16826;12658.85;50;1.33;1;1
16827;13245.36;50;1.27;1;1
16828;12658.85;50;1.32;1;1
16829;13391.98;50;1.27;1;1
16830;12463.34;50;1.34;1;1
16831;13245.36;50;1.25;1;1
16832;12561.09;50;1.32;1;1
16833;13196.48;50;1.26;1;1
16834;12463.34;50;1.32;1;1
16835;13196.48;50;1.25;1;1
16836;12512.22;50;1.32;1;1
16837;13294.23;50;1.25;1;1
16838;13049.85;50;1.33;1;1
16839;13489.74;50;1.30;1;1
16840;12952.10;50;1.35;1;1
16841;13831.87;50;1.30;1;1
16842;13000.98;50;1.38;1;1
16843;13636.36;50;1.30;1;1
16844;12952.10;50;1.36;1;1
16845;13636.36;50;1.30;1;1
16846;12609.97;50;1.36;1;1
16847;13343.11;50;1.26;1;1
16848;12756.60;50;1.33;1;1
16849;13294.23;50;1.28;1;1
16850;12609.97;50;1.33;1;1
16851;13343.11;50;1.26;1;1
16852;12756.60;50;1.33;1;1
16853;13196.48;50;1.28;1;1
16854;12609.97;50;1.32;1;1
16855;13245.36;50;1.26;1;1
16856;12756.60;50;1.32;1;1
16857;13245.36;50;1.28;1;1
16858;12609.97;50;1.32;1;1
16859;13245.36;50;1.26;1;1
16860;12561.09;50;1.32;1;1
16861;13294.23;50;1.26;1;1
16862;12561.09;50;1.33;1;1
16863;13147.60;50;1.26;1;1
16864;12658.85;50;1.31;1;1
16865;13147.60;50;1.27;1;1
16866;12854.35;50;1.31;1;1
16867;13049.85;50;1.29;1;1
16868;12707.72;50;1.30;1;1
16869;13343.11;50;1.27;1;1
16870;12756.60;50;1.33;1;1
16871;13147.60;50;1.28;1;1
16872;12658.85;50;1.31;1;1
16873;13147.60;50;1.27;1;1
16874;12561.09;50;1.31;1;1
16875;13147.60;50;1.26;1;1
16876;12658.85;50;1.31;1;1
16877;13245.36;50;1.27;1;1
16878;12756.60;50;1.32;1;1
16879;13294.23;50;1.28;1;1
16880;12707.72;50;1.33;1;1
16881;13147.60;50;1.27;1;1
16882;12805.47;50;1.31;1;1
16883;13196.48;50;1.28;1;1
16884;12658.85;50;1.32;1;1
16885;13049.85;50;1.27;1;1
16886;12658.85;50;1.30;1;1
16887;13196.48;50;1.27;1;1
16888;12658.85;50;1.32;1;1
16889;13049.85;50;1.27;1;1
16890;12854.35;50;1.30;1;1
16891;13098.73;50;1.29;1;1
16892;12707.72;50;1.31;1;1
16893;13098.73;50;1.27;1;1
16894;12756.60;50;1.31;1;1
16895;13147.60;50;1.28;1;1
16896;12805.47;50;1.31;1;1
16897;13147.60;50;1.28;1;1
16898;12903.23;50;1.31;1;1
16899;13245.36;50;1.29;1;1
16900;13049.85;50;1.32;1;1
16901;13440.86;50;1.30;1;1
16902;12903.23;50;1.34;1;1
16903;13098.73;50;1.29;1;1
16904;12903.23;50;1.31;1;1
16905;13196.48;50;1.29;1;1
16906;13000.98;50;1.32;1;1
16907;13147.60;50;1.30;1;1
16908;13049.85;50;1.31;1;1
16909;13147.60;50;1.30;1;1
16910;13196.48;50;1.31;1;1
16911;13196.48;50;1.32;1;1
16912;12952.10;50;1.32;1;1
16913;13343.11;50;1.30;1;1
16914;13196.48;50;1.33;1;1
16915;13245.36;50;1.32;1;1
16916;13098.73;50;1.32;1;1
16917;13245.36;50;1.31;1;1
16918;13245.36;50;1.32;1;1
16919;13196.48;50;1.32;1;1
16920;13098.73;50;1.32;1;1
16921;13196.48;50;1.31;1;1
16922;13147.60;50;1.32;1;1
16923;13196.48;50;1.31;1;1
16924;13000.98;50;1.32;1;1
16925;13147.60;50;1.30;1;1
16926;13147.60;50;1.31;1;1
16927;13196.48;50;1.31;1;1
16928;13098.73;50;1.32;1;1
16929;12952.10;50;1.31;1;1
16930;13196.48;50;1.30;1;1
16931;13147.60;50;1.32;1;1
16932;13245.36;50;1.31;1;1
16933;13294.23;50;1.32;1;1
16934;13294.23;50;1.33;1;1
16935;13049.85;50;1.33;1;1
16936;13196.48;50;1.30;1;1
16937;13147.60;50;1.32;1;1
16938;13147.60;50;1.31;1;1
16939;12903.23;50;1.31;1;1
16940;13098.73;50;1.29;1;1
16941;12952.10;50;1.31;1;1
16942;13245.36;50;1.30;1;1
16943;12903.23;50;1.32;1;1
16944;13098.73;50;1.29;1;1
16945;12903.23;50;1.31;1;1
16946;13294.23;50;1.29;1;1
16947;12854.35;50;1.33;1;1
16948;13000.98;50;1.29;1;1
16949;12707.72;50;1.30;1;1
16950;13245.36;50;1.27;1;1
16951;12707.72;50;1.32;1;1
16952;13147.60;50;1.27;1;1
16953;12756.60;50;1.31;1;1
16954;13245.36;50;1.28;1;1
16955;12658.85;50;1.32;1;1
16956;13147.60;50;1.27;1;1
16957;12609.97;50;1.31;1;1
16958;12952.10;50;1.26;1;1
16959;12609.97;50;1.30;1;1
16960;13098.73;50;1.26;1;1
16961;12609.97;50;1.31;1;1
16962;13734.12;50;1.26;1;1
16963;12952.10;50;1.37;1;1
16964;13538.61;50;1.30;1;1
16965;13000.98;50;1.35;1;1
16966;13391.98;50;1.30;1;1
16967;12952.10;50;1.34;1;1
16968;13685.24;50;1.30;1;1
16969;13098.73;50;1.37;1;1
16970;13489.74;50;1.31;1;1
16971;13049.85;50;1.35;1;1
16972;13587.49;50;1.30;1;1
16973;13049.85;50;1.36;1;1
16974;13538.61;50;1.30;1;1
16975;12952.10;50;1.35;1;1
16976;13538.61;50;1.30;1;1
16977;12952.10;50;1.35;1;1
16978;13440.86;50;1.30;1;1
16979;13000.98;50;1.34;1;1
16980;13538.61;50;1.30;1;1
16981;12903.23;50;1.35;1;1
16982;13587.49;50;1.29;1;1
16983;13049.85;50;1.36;1;1
16984;13734.12;50;1.30;1;1
16985;13000.98;50;1.37;1;1
16986;13343.11;50;1.30;1;1
16987;12658.85;50;1.33;1;1
16988;13147.60;50;1.27;1;1
16989;12707.72;50;1.31;1;1
16990;13391.98;50;1.27;1;1
16991;12756.60;50;1.34;1;1
16992;13245.36;50;1.28;1;1
16993;12805.47;50;1.32;1;1
16994;13343.11;50;1.28;1;1
16995;12854.35;50;1.33;1;1
16996;13294.23;50;1.29;1;1
16997;13000.98;50;1.33;1;1
16998;13245.36;50;1.30;1;1
16999;12805.47;50;1.32;1;1
17000;13343.11;50;1.28;1;1
17001;13098.73;50;1.33;1;1
17002;13147.60;50;1.31;1;1
17003;12952.10;50;1.31;1;1
17004;13147.60;50;1.30;1;1
17005;12805.47;50;1.31;1;1
17006;13147.60;50;1.28;1;1
17007;13000.98;50;1.31;1;1
17008;13098.73;50;1.30;1;1
17009;13049.85;50;1.31;1;1
17010;13098.73;50;1.30;1;1
17011;13000.98;50;1.31;1;1
17012;13049.85;50;1.30;1;1
17013;12952.10;50;1.30;1;1
17014;13049.85;50;1.30;1;1
17015;13098.73;50;1.30;1;1
17016;12952.10;50;1.31;1;1
17017;13098.73;50;1.30;1;1
17018;13098.73;50;1.31;1;1
17019;13049.85;50;1.31;1;1
17020;12903.23;50;1.30;1;1
17021;13196.48;50;1.29;1;1
17022;12903.23;50;1.32;1;1
17023;13343.11;50;1.29;1;1
17024;12903.23;50;1.33;1;1
17025;13196.48;50;1.29;1;1
17026;12903.23;50;1.32;1;1
17027;13343.11;50;1.29;1;1
17028;13000.98;50;1.33;1;1
17029;13391.98;50;1.30;1;1
17030;12903.23;50;1.34;1;1
17031;13489.74;50;1.29;1;1
17032;12952.10;50;1.35;1;1
17033;13196.48;50;1.30;1;1
17034;13294.23;50;1.32;1;1
17035;13245.36;50;1.33;1;1
17036;13245.36;50;1.32;1;1
17037;13245.36;50;1.32;1;1
17038;13147.60;50;1.32;1;1
17039;13245.36;50;1.31;1;1
17040;13098.73;50;1.32;1;1
17041;13343.11;50;1.31;1;1
17042;13196.48;50;1.33;1;1
17043;13294.23;50;1.32;1;1
17044;13000.98;50;1.33;1;1
17045;13489.74;50;1.30;1;1
17046;13049.85;50;1.35;1;1
17047;13440.86;50;1.30;1;1
17048;13000.98;50;1.34;1;1
17049;13196.48;50;1.30;1;1
17050;12952.10;50;1.32;1;1
17051;13391.98;50;1.30;1;1
17052;13000.98;50;1.34;1;1
17053;13343.11;50;1.30;1;1
17054;13049.85;50;1.33;1;1
17055;13489.74;50;1.30;1;1
17056;13196.48;50;1.35;1;1
17057;13440.86;50;1.32;1;1
17058;13049.85;50;1.34;1;1
17059;13538.61;50;1.30;1;1
17060;13147.60;50;1.35;1;1
17061;13440.86;50;1.31;1;1
17062;13000.98;50;1.34;1;1
17063;13294.23;50;1.30;1;1
17064;13000.98;50;1.33;1;1
17065;13489.74;50;1.30;1;1
17066;12854.35;50;1.35;1;1
17067;13636.36;50;1.29;1;1
17068;13098.73;50;1.36;1;1
17069;13343.11;50;1.31;1;1
17070;13000.98;50;1.33;1;1
17071;13831.87;50;1.30;1;1
17072;13196.48;50;1.38;1;1
17073;13782.99;50;1.32;1;1
17074;13489.74;50;1.38;1;1
17075;13587.49;50;1.35;1;1
17076;13343.11;50;1.36;1;1
17077;13831.87;50;1.33;1;1
17078;13245.36;50;1.38;1;1
17079;13587.49;50;1.32;1;1
17080;13391.98;50;1.36;1;1
17081;13734.12;50;1.34;1;1
17082;12756.60;50;1.37;1;1
17083;13538.61;50;1.28;1;1
17084;12854.35;50;1.35;1;1
17085;13538.61;50;1.29;1;1
17086;12854.35;50;1.35;1;1
17087;13538.61;50;1.29;1;1
17088;12952.10;50;1.35;1;1
17089;13538.61;50;1.30;1;1
17090;12952.10;50;1.35;1;1
17091;13587.49;50;1.30;1;1
17092;12903.23;50;1.36;1;1
17093;13587.49;50;1.29;1;1
17094;12903.23;50;1.36;1;1
17095;13685.24;50;1.29;1;1
17096;12854.35;50;1.37;1;1
17097;13636.36;50;1.29;1;1
17098;12854.35;50;1.36;1;1
17099;13636.36;50;1.29;1;1
17100;12903.23;50;1.36;1;1
17101;13587.49;50;1.29;1;1
17102;12854.35;50;1.36;1;1
17103;13587.49;50;1.29;1;1
17104;13000.98;50;1.36;1;1
17105;13489.74;50;1.30;1;1
17106;12903.23;50;1.35;1;1
17107;13538.61;50;1.29;1;1
17108;13049.85;50;1.35;1;1
17109;13538.61;50;1.30;1;1
17110;12903.23;50;1.35;1;1
17111;13489.74;50;1.29;1;1
17112;12805.47;50;1.35;1;1
17113;13343.11;50;1.28;1;1
17114;12903.23;50;1.33;1;1
17115;13685.24;50;1.29;1;1
17116;12756.60;50;1.37;1;1
17117;13782.99;50;1.28;1;1
17118;13245.36;50;1.38;1;1
17119;13734.12;50;1.32;1;1
17120;13343.11;50;1.37;1;1
17121;13734.12;50;1.33;1;1
17122;13245.36;50;1.37;1;1
17123;13636.36;50;1.32;1;1
17124;13049.85;50;1.36;1;1
17125;13782.99;50;1.30;1;1
17126;13245.36;50;1.38;1;1
17127;13734.12;50;1.32;1;1
17128;13098.73;50;1.37;1;1
17129;13734.12;50;1.31;1;1
17130;13196.48;50;1.37;1;1
17131;13929.62;50;1.32;1;1
17132;13147.60;50;1.39;1;1
17133;13734.12;50;1.31;1;1
17134;13147.60;50;1.37;1;1
17135;13734.12;50;1.31;1;1
17136;13245.36;50;1.37;1;1
17137;13880.74;50;1.32;1;1
17138;13245.36;50;1.39;1;1
17139;13929.62;50;1.32;1;1
17140;13196.48;50;1.39;1;1
17141;13929.62;50;1.32;1;1
17142;13294.23;50;1.39;1;1
17143;13880.74;50;1.33;1;1
17144;13489.74;50;1.39;1;1
17145;13880.74;50;1.35;1;1
17146;13391.98;50;1.39;1;1
17147;13978.49;50;1.34;1;1
17148;13440.86;50;1.40;1;1
17149;13929.62;50;1.34;1;1
17150;13587.49;50;1.39;1;1
17151;13831.87;50;1.36;1;1
17152;13440.86;50;1.38;1;1
17153;14027.37;50;1.34;1;1
17154;13489.74;50;1.40;1;1
17155;14027.37;50;1.35;1;1
17156;13440.86;50;1.40;1;1
17157;13978.49;50;1.34;1;1
17158;13685.24;50;1.40;1;1
17159;13880.74;50;1.37;1;1
17160;13636.36;50;1.39;1;1
17161;13929.62;50;1.36;1;1
17162;13734.12;50;1.39;1;1
17163;13880.74;50;1.37;1;1
17164;13685.24;50;1.39;1;1
17165;13685.24;50;1.37;1;1
17166;13734.12;50;1.37;1;1
17167;13636.36;50;1.37;1;1
17168;13587.49;50;1.36;1;1
17169;13782.99;50;1.36;1;1
17170;13587.49;50;1.38;1;1
17171;13489.74;50;1.36;1;1
17172;13880.74;50;1.35;1;1
17173;13587.49;50;1.39;1;1
17174;13880.74;50;1.36;1;1
17175;13440.86;50;1.39;1;1
17176;13734.12;50;1.34;1;1
17177;13343.11;50;1.37;1;1
17178;13831.87;50;1.33;1;1
17179;13343.11;50;1.38;1;1
17180;13782.99;50;1.33;1;1
17181;13343.11;50;1.38;1;1
17182;13831.87;50;1.33;1;1
17183;13343.11;50;1.38;1;1
17184;13831.87;50;1.33;1;1
17185;13391.98;50;1.38;1;1
17186;13782.99;50;1.34;1;1
17187;13294.23;50;1.38;1;1
17188;13734.12;50;1.33;1;1
17189;13245.36;50;1.37;1;1
17190;13734.12;50;1.32;1;1
17191;13196.48;50;1.37;1;1
17192;13782.99;50;1.32;1;1
17193;13196.48;50;1.38;1;1
17194;13734.12;50;1.32;1;1
17195;13000.98;50;1.37;1;1
17196;13685.24;50;1.30;1;1
17197;13049.85;50;1.37;1;1
17198;13636.36;50;1.30;1;1
17199;13000.98;50;1.36;1;1
17200;13685.24;50;1.30;1;1
17201;13196.48;50;1.37;1;1
17202;13685.24;50;1.32;1;1
17203;13049.85;50;1.37;1;1
17204;13587.49;50;1.30;1;1
17205;13147.60;50;1.36;1;1
17206;13782.99;50;1.31;1;1
17207;13245.36;50;1.38;1;1
17208;13685.24;50;1.32;1;1
17209;13098.73;50;1.37;1;1
17210;13636.36;50;1.31;1;1
17211;13147.60;50;1.36;1;1
17212;13782.99;50;1.31;1;1
17213;13098.73;50;1.38;1;1
17214;13782.99;50;1.31;1;1
17215;13049.85;50;1.38;1;1
17216;13734.12;50;1.30;1;1
17217;13147.60;50;1.37;1;1
17218;13782.99;50;1.31;1;1
17219;13098.73;50;1.38;1;1
17220;13929.62;50;1.31;1;1
17221;13196.48;50;1.39;1;1
17222;13734.12;50;1.32;1;1
17223;13098.73;50;1.37;1;1
17224;13734.12;50;1.31;1;1
17225;12952.10;50;1.37;1;1
17226;13782.99;50;1.30;1;1
17227;13196.48;50;1.38;1;1
17228;13734.12;50;1.32;1;1
17229;13049.85;50;1.37;1;1
17230;13734.12;50;1.30;1;1
17231;13245.36;50;1.37;1;1
17232;13880.74;50;1.32;1;1
17233;13000.98;50;1.39;1;1
17234;13636.36;50;1.30;1;1
17235;13000.98;50;1.36;1;1
17236;13782.99;50;1.30;1;1
17237;13245.36;50;1.38;1;1
17238;13831.87;50;1.32;1;1
17239;13245.36;50;1.38;1;1
17240;13636.36;50;1.32;1;1
17241;13147.60;50;1.36;1;1
17242;13587.49;50;1.31;1;1
17243;13147.60;50;1.36;1;1
17244;13734.12;50;1.31;1;1
17245;13245.36;50;1.37;1;1
17246;13782.99;50;1.32;1;1
17247;13294.23;50;1.38;1;1
17248;13831.87;50;1.33;1;1
17249;13294.23;50;1.38;1;1
17250;13782.99;50;1.33;1;1
17251;13489.74;50;1.38;1;1
17252;13685.24;50;1.35;1;1
17253;13489.74;50;1.37;1;1
17254;13782.99;50;1.35;1;1
17255;13685.24;50;1.38;1;1
17256;13929.62;50;1.37;1;1
17257;13489.74;50;1.39;1;1
17258;13831.87;50;1.35;1;1
17259;13343.11;50;1.38;1;1
17260;13880.74;50;1.33;1;1
17261;13440.86;50;1.39;1;1
17262;13782.99;50;1.34;1;1
17263;13489.74;50;1.38;1;1
17264;13978.49;50;1.35;1;1
17265;13587.49;50;1.40;1;1
17266;13782.99;50;1.36;1;1
17267;13636.36;50;1.38;1;1
17268;13734.12;50;1.36;1;1
17269;13538.61;50;1.37;1;1
17270;13880.74;50;1.35;1;1
17271;13685.24;50;1.39;1;1
17272;13782.99;50;1.37;1;1
17273;13489.74;50;1.38;1;1
17274;13978.49;50;1.35;1;1
17275;13489.74;50;1.40;1;1
17276;13831.87;50;1.35;1;1
17277;13538.61;50;1.38;1;1
17278;13782.99;50;1.35;1;1
17279;13636.36;50;1.38;1;1
17280;13587.49;50;1.36;1;1
17281;13587.49;50;1.36;1;1
17282;13489.74;50;1.36;1;1
17283;13782.99;50;1.35;1;1
17284;13685.24;50;1.38;1;1
17285;13587.49;50;1.37;1;1
17286;13782.99;50;1.36;1;1
17287;13636.36;50;1.38;1;1
17288;13636.36;50;1.36;1;1
17289;13734.12;50;1.36;1;1
17290;13685.24;50;1.37;1;1
17291;13636.36;50;1.37;1;1
17292;13587.49;50;1.36;1;1
17293;13831.87;50;1.36;1;1
17294;13391.98;50;1.38;1;1
17295;13636.36;50;1.34;1;1
17296;13440.86;50;1.36;1;1
17297;13782.99;50;1.34;1;1
17298;13734.12;50;1.38;1;1
17299;13782.99;50;1.37;1;1
17300;13538.61;50;1.38;1;1
17301;13636.36;50;1.35;1;1
17302;13538.61;50;1.36;1;1
17303;13782.99;50;1.35;1;1
17304;13391.98;50;1.38;1;1
17305;13880.74;50;1.34;1;1
17306;13343.11;50;1.39;1;1
17307;13734.12;50;1.33;1;1
17308;13343.11;50;1.37;1;1
17309;13782.99;50;1.33;1;1
17310;13440.86;50;1.38;1;1
17311;13782.99;50;1.34;1;1
17312;13391.98;50;1.38;1;1
17313;13831.87;50;1.34;1;1
17314;13489.74;50;1.38;1;1
17315;13636.36;50;1.35;1;1
17316;13391.98;50;1.36;1;1
17317;13831.87;50;1.34;1;1
17318;13391.98;50;1.38;1;1
17319;13685.24;50;1.34;1;1
17320;13440.86;50;1.37;1;1
17321;13538.61;50;1.34;1;1
17322;13098.73;50;1.35;1;1
17323;13587.49;50;1.31;1;1
17324;13196.48;50;1.36;1;1
17325;14027.37;50;1.32;1;1
17326;13098.73;50;1.40;1;1
17327;13782.99;50;1.31;1;1
17328;12952.10;50;1.38;1;1
17329;13538.61;50;1.30;1;1
17330;13049.85;50;1.35;1;1
17331;13391.98;50;1.30;1;1
17332;12903.23;50;1.34;1;1
17333;13538.61;50;1.29;1;1
17334;12952.10;50;1.35;1;1
17335;13685.24;50;1.30;1;1
17336;13098.73;50;1.37;1;1
17337;13489.74;50;1.31;1;1
17338;12854.35;50;1.35;1;1
17339;13636.36;50;1.29;1;1
17340;12561.09;50;1.36;1;1
17341;13245.36;50;1.26;1;1
17342;12561.09;50;1.32;1;1
17343;13245.36;50;1.26;1;1
17344;12561.09;50;1.32;1;1
17345;13196.48;50;1.26;1;1
17346;12512.22;50;1.32;1;1
17347;13196.48;50;1.25;1;1
17348;12609.97;50;1.32;1;1
17349;13294.23;50;1.26;1;1
17350;12658.85;50;1.33;1;1
17351;13196.48;50;1.27;1;1
17352;12512.22;50;1.32;1;1
17353;13294.23;50;1.25;1;1
17354;12658.85;50;1.33;1;1
17355;13391.98;50;1.27;1;1
17356;12561.09;50;1.34;1;1
17357;13343.11;50;1.26;1;1
17358;12609.97;50;1.33;1;1
17359;13440.86;50;1.26;1;1
17360;12756.60;50;1.34;1;1
17361;13196.48;50;1.28;1;1
17362;12805.47;50;1.32;1;1
17363;13391.98;50;1.28;1;1
17364;12707.72;50;1.34;1;1
17365;13391.98;50;1.27;1;1
17366;12903.23;50;1.34;1;1
17367;13294.23;50;1.29;1;1
17368;12952.10;50;1.33;1;1
17369;13294.23;50;1.30;1;1
17370;12903.23;50;1.33;1;1
17371;13440.86;50;1.29;1;1
17372;12952.10;50;1.34;1;1
17373;13196.48;50;1.30;1;1
17374;13147.60;50;1.32;1;1
17375;13489.74;50;1.31;1;1
17376;13343.11;50;1.35;1;1
17377;13489.74;50;1.33;1;1
17378;13049.85;50;1.35;1;1
17379;13587.49;50;1.30;1;1
17380;13196.48;50;1.36;1;1
17381;13391.98;50;1.32;1;1
17382;13196.48;50;1.34;1;1
17383;13294.23;50;1.32;1;1
17384;13000.98;50;1.33;1;1
17385;13343.11;50;1.30;1;1
17386;13196.48;50;1.33;1;1
17387;13391.98;50;1.32;1;1
17388;13196.48;50;1.34;1;1
17389;13489.74;50;1.32;1;1
17390;13147.60;50;1.35;1;1
17391;13294.23;50;1.31;1;1
17392;13147.60;50;1.33;1;1
17393;13391.98;50;1.31;1;1
17394;13440.86;50;1.34;1;1
17395;13538.61;50;1.34;1;1
17396;13391.98;50;1.35;1;1
17397;13196.48;50;1.34;1;1
17398;13245.36;50;1.32;1;1
17399;13000.98;50;1.32;1;1
17400;13098.73;50;1.30;1;1
17401;13196.48;50;1.31;1;1
17402;13000.98;50;1.32;1;1
17403;12952.10;50;1.30;1;1
17404;13343.11;50;1.30;1;1
17405;13000.98;50;1.33;1;1
17406;13440.86;50;1.30;1;1
17407;13294.23;50;1.34;1;1
17408;13636.36;50;1.33;1;1
17409;12952.10;50;1.36;1;1
17410;13343.11;50;1.30;1;1
17411;13343.11;50;1.33;1;1
17412;13636.36;50;1.33;1;1
17413;13147.60;50;1.36;1;1
17414;13538.61;50;1.31;1;1
17415;13245.36;50;1.35;1;1
17416;13538.61;50;1.32;1;1
17417;13294.23;50;1.35;1;1
17418;13685.24;50;1.33;1;1
17419;13049.85;50;1.37;1;1
17420;13782.99;50;1.30;1;1
17421;13147.60;50;1.38;1;1
17422;13440.86;50;1.31;1;1
17423;13245.36;50;1.34;1;1
17424;13489.74;50;1.32;1;1
17425;13098.73;50;1.35;1;1
17426;13294.23;50;1.31;1;1
17427;13049.85;50;1.33;1;1
17428;13440.86;50;1.30;1;1
17429;13049.85;50;1.34;1;1
17430;13391.98;50;1.30;1;1
17431;13000.98;50;1.34;1;1
17432;13489.74;50;1.30;1;1
17433;12903.23;50;1.35;1;1
17434;13587.49;50;1.29;1;1
17435;12756.60;50;1.36;1;1
17436;13538.61;50;1.28;1;1
17437;12805.47;50;1.35;1;1
17438;13587.49;50;1.28;1;1
17439;12854.35;50;1.36;1;1
17440;13587.49;50;1.29;1;1
17441;13196.48;50;1.36;1;1
17442;13685.24;50;1.32;1;1
17443;12952.10;50;1.37;1;1
17444;13685.24;50;1.30;1;1
17445;13147.60;50;1.37;1;1
17446;13831.87;50;1.31;1;1
17447;13098.73;50;1.38;1;1
17448;13587.49;50;1.31;1;1
17449;13049.85;50;1.36;1;1
17450;13489.74;50;1.30;1;1
17451;12756.60;50;1.35;1;1
17452;13343.11;50;1.28;1;1
17453;12854.35;50;1.33;1;1
17454;13929.62;50;1.29;1;1
17455;13049.85;50;1.39;1;1
17456;13831.87;50;1.30;1;1
17457;12952.10;50;1.38;1;1
17458;13831.87;50;1.30;1;1
17459;13098.73;50;1.38;1;1
17460;13782.99;50;1.31;1;1
17461;13294.23;50;1.38;1;1
17462;13880.74;50;1.33;1;1
17463;13294.23;50;1.39;1;1
17464;13831.87;50;1.33;1;1
17465;13000.98;50;1.38;1;1
17466;13734.12;50;1.30;1;1
17467;13196.48;50;1.37;1;1
17468;13880.74;50;1.32;1;1
17469;13196.48;50;1.39;1;1
17470;13782.99;50;1.32;1;1
17471;13147.60;50;1.38;1;1
17472;13929.62;50;1.31;1;1
17473;13538.61;50;1.39;1;1
17474;14125.12;50;1.35;1;1
17475;13391.98;50;1.41;1;1
17476;13929.62;50;1.34;1;1
17477;13245.36;50;1.39;1;1
17478;14027.37;50;1.32;1;1
17479;13147.60;50;1.40;1;1
17480;14076.25;50;1.31;1;1
17481;13440.86;50;1.41;1;1
17482;14125.12;50;1.34;1;1
17483;13391.98;50;1.41;1;1
17484;13978.49;50;1.34;1;1
17485;13538.61;50;1.40;1;1
17486;13978.49;50;1.35;1;1
17487;13440.86;50;1.40;1;1
17488;14320.63;50;1.34;1;1
17489;13636.36;50;1.43;1;1
17490;14222.87;50;1.36;1;1
17491;13538.61;50;1.42;1;1
17492;14174.00;50;1.35;1;1
17493;13440.86;50;1.42;1;1
17494;14271.75;50;1.34;1;1
17495;13440.86;50;1.43;1;1
17496;13978.49;50;1.34;1;1
17497;13782.99;50;1.40;1;1
17498;13880.74;50;1.38;1;1
17499;13587.49;50;1.39;1;1
17500;14174.00;50;1.36;1;1
17501;13538.61;50;1.42;1;1
17502;14271.75;50;1.35;1;1
17503;13636.36;50;1.43;1;1
17504;14271.75;50;1.36;1;1
17505;13587.49;50;1.43;1;1
17506;14174.00;50;1.36;1;1
17507;13538.61;50;1.42;1;1
17508;14076.25;50;1.35;1;1
17509;13685.24;50;1.41;1;1
17510;13978.49;50;1.37;1;1
17511;13734.12;50;1.40;1;1
17512;14125.12;50;1.37;1;1
17513;13831.87;50;1.41;1;1
17514;14174.00;50;1.38;1;1
17515;13440.86;50;1.42;1;1
17516;14027.37;50;1.34;1;1
17517;13587.49;50;1.40;1;1
17518;13880.74;50;1.36;1;1
17519;13489.74;50;1.39;1;1
17520;13587.49;50;1.35;1;1
17521;13685.24;50;1.36;1;1
17522;13538.61;50;1.37;1;1
17523;13782.99;50;1.35;1;1
17524;13636.36;50;1.38;1;1
17525;13734.12;50;1.36;1;1
17526;13880.74;50;1.37;1;1
17527;13831.87;50;1.39;1;1
17528;13538.61;50;1.38;1;1
17529;13831.87;50;1.35;1;1
17530;13636.36;50;1.38;1;1
17531;13831.87;50;1.36;1;1
17532;13685.24;50;1.38;1;1
17533;13978.49;50;1.37;1;1
17534;13440.86;50;1.40;1;1
17535;13538.61;50;1.34;1;1
17536;13196.48;50;1.35;1;1
17537;13391.98;50;1.32;1;1
17538;13147.60;50;1.34;1;1
17539;13294.23;50;1.31;1;1
17540;13147.60;50;1.33;1;1
17541;13294.23;50;1.31;1;1
17542;13294.23;50;1.33;1;1
17543;13440.86;50;1.33;1;1
17544;13196.48;50;1.34;1;1
17545;13587.49;50;1.32;1;1
17546;13196.48;50;1.36;1;1
17547;13587.49;50;1.32;1;1
17548;13294.23;50;1.36;1;1
17549;13685.24;50;1.33;1;1
17550;13196.48;50;1.37;1;1
17551;13734.12;50;1.32;1;1
17552;13343.11;50;1.37;1;1
17553;13685.24;50;1.33;1;1
17554;13294.23;50;1.37;1;1
17555;13636.36;50;1.33;1;1
17556;13196.48;50;1.36;1;1
17557;13440.86;50;1.32;1;1
17558;13196.48;50;1.34;1;1
17559;13538.61;50;1.32;1;1
17560;13049.85;50;1.35;1;1
17561;13489.74;50;1.30;1;1
17562;13343.11;50;1.35;1;1
17563;13538.61;50;1.33;1;1
17564;13098.73;50;1.35;1;1
17565;13587.49;50;1.31;1;1
17566;13294.23;50;1.36;1;1
17567;13489.74;50;1.33;1;1
17568;12854.35;50;1.35;1;1
17569;13489.74;50;1.29;1;1
17570;12854.35;50;1.35;1;1
17571;13294.23;50;1.29;1;1
17572;12854.35;50;1.33;1;1
17573;13391.98;50;1.29;1;1
17574;12903.23;50;1.34;1;1
17575;13636.36;50;1.29;1;1
17576;12952.10;50;1.36;1;1
17577;13782.99;50;1.30;1;1
17578;12952.10;50;1.38;1;1
17579;13685.24;50;1.30;1;1
17580;12903.23;50;1.37;1;1
17581;13440.86;50;1.29;1;1
17582;12952.10;50;1.34;1;1
17583;13538.61;50;1.30;1;1
17584;13000.98;50;1.35;1;1
17585;13538.61;50;1.30;1;1
17586;13000.98;50;1.35;1;1
17587;13831.87;50;1.30;1;1
17588;12903.23;50;1.38;1;1
17589;13440.86;50;1.29;1;1
17590;12854.35;50;1.34;1;1
17591;13685.24;50;1.29;1;1
17592;12805.47;50;1.37;1;1
17593;13489.74;50;1.28;1;1
17594;12903.23;50;1.35;1;1
17595;13685.24;50;1.29;1;1
17596;13098.73;50;1.37;1;1
17597;13929.62;50;1.31;1;1
17598;13294.23;50;1.39;1;1
17599;13782.99;50;1.33;1;1
17600;13196.48;50;1.38;1;1
17601;13880.74;50;1.32;1;1
17602;13245.36;50;1.39;1;1
17603;13782.99;50;1.32;1;1
17604;13245.36;50;1.38;1;1
17605;13880.74;50;1.32;1;1
17606;13391.98;50;1.39;1;1
17607;13734.12;50;1.34;1;1
17608;13049.85;50;1.37;1;1
17609;13489.74;50;1.30;1;1
17610;13049.85;50;1.35;1;1
17611;13440.86;50;1.30;1;1
17612;13049.85;50;1.34;1;1
17613;13538.61;50;1.30;1;1
17614;13147.60;50;1.35;1;1
17615;13587.49;50;1.31;1;1
17616;13245.36;50;1.36;1;1
17617;13538.61;50;1.32;1;1
17618;13098.73;50;1.35;1;1
17619;13489.74;50;1.31;1;1
17620;13391.98;50;1.35;1;1
17621;13440.86;50;1.34;1;1
17622;13245.36;50;1.34;1;1
17623;13489.74;50;1.32;1;1
17624;13343.11;50;1.35;1;1
17625;13343.11;50;1.33;1;1
17626;13782.99;50;1.33;1;1
17627;13294.23;50;1.38;1;1
17628;13440.86;50;1.33;1;1
17629;13147.60;50;1.34;1;1
17630;13391.98;50;1.31;1;1
17631;13294.23;50;1.34;1;1
17632;13587.49;50;1.33;1;1
17633;13538.61;50;1.36;1;1
17634;13391.98;50;1.35;1;1
17635;13245.36;50;1.34;1;1
17636;13587.49;50;1.32;1;1
17637;13245.36;50;1.36;1;1
17638;13538.61;50;1.32;1;1
17639;13245.36;50;1.35;1;1
17640;13489.74;50;1.32;1;1
17641;13147.60;50;1.35;1;1
17642;13587.49;50;1.31;1;1
17643;13196.48;50;1.36;1;1
17644;13587.49;50;1.32;1;1
17645;13000.98;50;1.36;1;1
17646;13489.74;50;1.30;1;1
17647;13049.85;50;1.35;1;1
17648;13489.74;50;1.30;1;1
17649;12952.10;50;1.35;1;1
17650;13538.61;50;1.30;1;1
17651;12952.10;50;1.35;1;1
17652;13587.49;50;1.30;1;1
17653;13343.11;50;1.36;1;1
17654;13489.74;50;1.33;1;1
17655;13147.60;50;1.35;1;1
17656;13587.49;50;1.31;1;1
17657;13147.60;50;1.36;1;1
17658;13440.86;50;1.31;1;1
17659;13196.48;50;1.34;1;1
17660;13587.49;50;1.32;1;1
17661;13196.48;50;1.36;1;1
17662;13489.74;50;1.32;1;1
17663;13049.85;50;1.35;1;1
17664;13734.12;50;1.30;1;1
17665;13098.73;50;1.37;1;1
17666;13734.12;50;1.31;1;1
17667;13245.36;50;1.37;1;1
17668;13636.36;50;1.32;1;1
17669;13098.73;50;1.36;1;1
17670;13489.74;50;1.31;1;1
17671;13147.60;50;1.35;1;1
17672;14125.12;50;1.31;1;1
17673;13343.11;50;1.41;1;1
17674;14076.25;50;1.33;1;1
17675;13343.11;50;1.41;1;1
17676;13978.49;50;1.33;1;1
17677;13538.61;50;1.40;1;1
17678;14076.25;50;1.35;1;1
17679;13489.74;50;1.41;1;1
17680;13978.49;50;1.35;1;1
17681;13440.86;50;1.40;1;1
17682;13929.62;50;1.34;1;1
17683;13489.74;50;1.39;1;1
17684;14027.37;50;1.35;1;1
17685;13294.23;50;1.40;1;1
17686;13831.87;50;1.33;1;1
17687;13245.36;50;1.38;1;1
17688;13831.87;50;1.32;1;1
17689;13245.36;50;1.38;1;1
17690;13880.74;50;1.32;1;1
17691;13147.60;50;1.39;1;1
17692;13929.62;50;1.31;1;1
17693;13587.49;50;1.39;1;1
17694;13831.87;50;1.36;1;1
17695;13391.98;50;1.38;1;1
17696;13978.49;50;1.34;1;1
17697;13294.23;50;1.40;1;1
17698;13929.62;50;1.33;1;1
17699;13294.23;50;1.39;1;1
17700;13831.87;50;1.33;1;1
17701;13294.23;50;1.38;1;1
17702;13880.74;50;1.33;1;1
17703;13147.60;50;1.39;1;1
17704;13831.87;50;1.31;1;1
17705;13147.60;50;1.38;1;1
17706;14076.25;50;1.31;1;1
17707;13196.48;50;1.41;1;1
17708;13978.49;50;1.32;1;1
17709;13343.11;50;1.40;1;1
17710;13929.62;50;1.33;1;1
17711;13440.86;50;1.39;1;1
17712;13929.62;50;1.34;1;1
17713;13343.11;50;1.39;1;1
17714;13978.49;50;1.33;1;1
17715;13343.11;50;1.40;1;1
17716;14027.37;50;1.33;1;1
17717;13343.11;50;1.40;1;1
17718;14027.37;50;1.33;1;1
17719;13294.23;50;1.40;1;1
17720;13831.87;50;1.33;1;1
17721;13391.98;50;1.38;1;1
17722;14076.25;50;1.34;1;1
17723;13294.23;50;1.41;1;1
17724;13929.62;50;1.33;1;1
17725;13147.60;50;1.39;1;1
17726;13880.74;50;1.31;1;1
17727;13245.36;50;1.39;1;1
17728;13734.12;50;1.32;1;1
17729;13294.23;50;1.37;1;1
17730;13831.87;50;1.33;1;1
17731;13196.48;50;1.38;1;1
17732;13831.87;50;1.32;1;1
17733;13245.36;50;1.38;1;1
17734;13880.74;50;1.32;1;1
17735;13098.73;50;1.39;1;1
17736;13880.74;50;1.31;1;1
17737;13196.48;50;1.39;1;1
17738;13782.99;50;1.32;1;1
17739;13196.48;50;1.38;1;1
17740;13880.74;50;1.32;1;1
17741;13294.23;50;1.39;1;1
17742;13880.74;50;1.33;1;1
17743;13147.60;50;1.39;1;1
17744;13685.24;50;1.31;1;1
17745;13294.23;50;1.37;1;1
17746;13880.74;50;1.33;1;1
17747;13196.48;50;1.39;1;1
17748;13782.99;50;1.32;1;1
17749;13245.36;50;1.38;1;1
17750;13782.99;50;1.32;1;1
17751;13343.11;50;1.38;1;1
17752;13880.74;50;1.33;1;1
17753;13489.74;50;1.39;1;1
17754;14027.37;50;1.35;1;1
17755;13343.11;50;1.40;1;1
17756;13880.74;50;1.33;1;1
17757;13196.48;50;1.39;1;1
17758;13929.62;50;1.32;1;1
17759;13196.48;50;1.39;1;1
17760;13880.74;50;1.32;1;1
17761;13440.86;50;1.39;1;1
17762;13782.99;50;1.34;1;1
17763;13343.11;50;1.38;1;1
17764;13734.12;50;1.33;1;1
17765;13294.23;50;1.37;1;1
17766;13538.61;50;1.33;1;1
17767;13245.36;50;1.35;1;1
17768;13685.24;50;1.32;1;1
17769;13343.11;50;1.37;1;1
17770;13636.36;50;1.33;1;1
17771;13196.48;50;1.36;1;1
17772;13489.74;50;1.32;1;1
17773;13294.23;50;1.35;1;1
17774;13685.24;50;1.33;1;1
17775;13343.11;50;1.37;1;1
17776;13538.61;50;1.33;1;1
17777;13343.11;50;1.35;1;1
17778;13440.86;50;1.33;1;1
17779;13440.86;50;1.34;1;1
17780;13538.61;50;1.34;1;1
17781;13489.74;50;1.35;1;1
17782;13440.86;50;1.35;1;1
17783;13245.36;50;1.34;1;1
17784;13440.86;50;1.32;1;1
17785;13343.11;50;1.34;1;1
17786;13294.23;50;1.33;1;1
17787;13147.60;50;1.33;1;1
17788;13245.36;50;1.31;1;1
17789;13245.36;50;1.32;1;1
17790;13245.36;50;1.32;1;1
17791;13294.23;50;1.32;1;1
17792;13294.23;50;1.33;1;1
17793;13489.74;50;1.33;1;1
17794;13489.74;50;1.35;1;1
17795;13391.98;50;1.35;1;1
17796;13294.23;50;1.34;1;1
17797;13440.86;50;1.33;1;1
17798;13440.86;50;1.34;1;1
17799;13489.74;50;1.34;1;1
17800;13098.73;50;1.35;1;1
17801;13538.61;50;1.31;1;1
17802;13098.73;50;1.35;1;1
17803;13538.61;50;1.31;1;1
17804;13245.36;50;1.35;1;1
17805;13538.61;50;1.32;1;1
17806;13343.11;50;1.35;1;1
17807;13538.61;50;1.33;1;1
17808;13245.36;50;1.35;1;1
17809;13440.86;50;1.32;1;1
17810;13196.48;50;1.34;1;1
17811;13440.86;50;1.32;1;1
17812;13147.60;50;1.34;1;1
17813;13440.86;50;1.31;1;1
17814;13294.23;50;1.34;1;1
17815;13294.23;50;1.33;1;1
17816;13098.73;50;1.33;1;1
17817;13391.98;50;1.31;1;1
17818;13098.73;50;1.34;1;1
17819;13440.86;50;1.31;1;1
17820;13049.85;50;1.34;1;1
17821;13587.49;50;1.30;1;1
17822;13147.60;50;1.36;1;1
17823;13782.99;50;1.31;1;1
17824;12952.10;50;1.38;1;1
17825;13538.61;50;1.30;1;1
17826;12952.10;50;1.35;1;1
17827;13734.12;50;1.30;1;1
17828;13147.60;50;1.37;1;1
17829;13636.36;50;1.31;1;1
17830;12952.10;50;1.36;1;1
17831;13587.49;50;1.30;1;1
17832;12854.35;50;1.36;1;1
17833;13587.49;50;1.29;1;1
17834;13098.73;50;1.36;1;1
17835;13489.74;50;1.31;1;1
17836;13098.73;50;1.35;1;1
17837;13587.49;50;1.31;1;1
17838;13196.48;50;1.36;1;1
17839;13782.99;50;1.32;1;1
17840;12903.23;50;1.38;1;1
17841;13636.36;50;1.29;1;1
17842;13098.73;50;1.36;1;1
17843;13880.74;50;1.31;1;1
17844;13098.73;50;1.39;1;1
17845;13734.12;50;1.31;1;1
17846;13147.60;50;1.37;1;1
17847;13636.36;50;1.31;1;1
17848;13147.60;50;1.36;1;1
17849;13831.87;50;1.31;1;1
17850;13049.85;50;1.38;1;1
17851;13831.87;50;1.30;1;1
17852;13196.48;50;1.38;1;1
17853;13929.62;50;1.32;1;1
17854;13196.48;50;1.39;1;1
17855;13880.74;50;1.32;1;1
17856;13147.60;50;1.39;1;1
17857;13929.62;50;1.31;1;1
17858;13343.11;50;1.39;1;1
17859;13831.87;50;1.33;1;1
17860;13147.60;50;1.38;1;1
17861;13782.99;50;1.31;1;1
17862;13391.98;50;1.38;1;1
17863;13831.87;50;1.34;1;1
17864;13538.61;50;1.38;1;1
17865;13636.36;50;1.35;1;1
17866;13147.60;50;1.36;1;1
17867;13685.24;50;1.31;1;1
17868;13000.98;50;1.37;1;1
17869;13440.86;50;1.30;1;1
17870;13098.73;50;1.34;1;1
17871;13587.49;50;1.31;1;1
17872;13147.60;50;1.36;1;1
17873;13489.74;50;1.31;1;1
17874;12952.10;50;1.35;1;1
17875;13440.86;50;1.30;1;1
17876;13049.85;50;1.34;1;1
17877;13636.36;50;1.30;1;1
17878;13245.36;50;1.36;1;1
17879;13538.61;50;1.32;1;1
17880;13343.11;50;1.35;1;1
17881;13440.86;50;1.33;1;1
17882;13147.60;50;1.34;1;1
17883;13440.86;50;1.31;1;1
17884;13343.11;50;1.34;1;1
17885;13489.74;50;1.33;1;1
17886;13098.73;50;1.35;1;1
17887;13440.86;50;1.31;1;1
17888;13147.60;50;1.34;1;1
17889;13440.86;50;1.31;1;1
17890;13049.85;50;1.34;1;1
17891;13489.74;50;1.30;1;1
17892;13000.98;50;1.35;1;1
17893;13294.23;50;1.30;1;1
17894;13391.98;50;1.33;1;1
17895;13685.24;50;1.34;1;1
17896;13294.23;50;1.37;1;1
17897;13196.48;50;1.33;1;1
17898;13343.11;50;1.32;1;1
17899;13343.11;50;1.33;1;1
17900;13147.60;50;1.33;1;1
17901;13245.36;50;1.31;1;1
17902;13440.86;50;1.32;1;1
17903;13098.73;50;1.34;1;1
17904;13245.36;50;1.31;1;1
17905;13245.36;50;1.32;1;1
17906;13343.11;50;1.32;1;1
17907;13000.98;50;1.33;1;1
17908;13245.36;50;1.30;1;1
17909;13147.60;50;1.32;1;1
17910;13538.61;50;1.31;1;1
17911;13245.36;50;1.35;1;1
17912;13294.23;50;1.32;1;1
17913;13196.48;50;1.33;1;1
17914;13587.49;50;1.32;1;1
17915;13098.73;50;1.36;1;1
17916;13391.98;50;1.31;1;1
17917;13245.36;50;1.34;1;1
17918;13685.24;50;1.32;1;1
17919;13245.36;50;1.37;1;1
17920;13245.36;50;1.32;1;1
17921;13147.60;50;1.32;1;1
17922;13685.24;50;1.31;1;1
17923;13098.73;50;1.37;1;1
17924;13391.98;50;1.31;1;1
17925;13098.73;50;1.34;1;1
17926;13343.11;50;1.31;1;1
17927;13538.61;50;1.33;1;1
17928;13391.98;50;1.35;1;1
17929;12903.23;50;1.34;1;1
17930;13196.48;50;1.29;1;1
17931;13098.73;50;1.32;1;1
17932;13000.98;50;1.31;1;1
17933;13000.98;50;1.30;1;1
17934;13440.86;50;1.30;1;1
17935;13343.11;50;1.34;1;1
17936;13587.49;50;1.33;1;1
17937;13049.85;50;1.36;1;1
17938;13343.11;50;1.30;1;1
17939;12903.23;50;1.33;1;1
17940;13294.23;50;1.29;1;1
17941;13147.60;50;1.33;1;1
17942;13391.98;50;1.31;1;1
17943;13489.74;50;1.34;1;1
17944;13685.24;50;1.35;1;1
17945;13000.98;50;1.37;1;1
17946;13440.86;50;1.30;1;1
17947;13343.11;50;1.34;1;1
17948;13734.12;50;1.33;1;1
17949;12903.23;50;1.37;1;1
17950;13978.49;50;1.29;1;1
17951;13636.36;50;1.40;1;1
17952;13636.36;50;1.36;1;1
17953;13000.98;50;1.36;1;1
17954;13538.61;50;1.30;1;1
17955;12854.35;50;1.35;1;1
17956;13343.11;50;1.29;1;1
17957;12903.23;50;1.33;1;1
17958;13587.49;50;1.29;1;1
17959;13098.73;50;1.36;1;1
17960;13343.11;50;1.31;1;1
17961;13147.60;50;1.33;1;1
17962;13734.12;50;1.31;1;1
17963;13147.60;50;1.37;1;1
17964;13440.86;50;1.31;1;1
17965;12952.10;50;1.34;1;1
17966;13587.49;50;1.30;1;1
17967;12903.23;50;1.36;1;1
17968;13489.74;50;1.29;1;1
17969;13196.48;50;1.35;1;1
17970;13538.61;50;1.32;1;1
17971;13049.85;50;1.35;1;1
17972;13587.49;50;1.30;1;1
17973;12952.10;50;1.36;1;1
17974;13880.74;50;1.30;1;1
17975;13049.85;50;1.39;1;1
17976;13538.61;50;1.30;1;1
17977;13147.60;50;1.35;1;1
17978;13343.11;50;1.31;1;1
17979;12952.10;50;1.33;1;1
17980;13685.24;50;1.30;1;1
17981;13196.48;50;1.37;1;1
17982;13880.74;50;1.32;1;1
17983;13049.85;50;1.39;1;1
17984;13636.36;50;1.30;1;1
17985;12952.10;50;1.36;1;1
17986;13636.36;50;1.30;1;1
17987;13196.48;50;1.36;1;1
17988;13929.62;50;1.32;1;1
17989;13098.73;50;1.39;1;1
17990;13636.36;50;1.31;1;1
17991;13049.85;50;1.36;1;1
17992;13538.61;50;1.30;1;1
17993;12756.60;50;1.35;1;1
17994;13391.98;50;1.28;1;1
17995;13000.98;50;1.34;1;1
17996;13440.86;50;1.30;1;1
17997;12952.10;50;1.34;1;1
17998;13587.49;50;1.30;1;1
17999;13000.98;50;1.36;1;1
18000;13489.74;50;1.30;1;1
18001;12756.60;50;1.35;1;1
18002;13685.24;50;1.28;1;1
18003;13098.73;50;1.37;1;1
18004;13538.61;50;1.31;1;1
18005;12952.10;50;1.35;1;1
18006;13685.24;50;1.30;1;1
18007;13147.60;50;1.37;1;1
18008;13880.74;50;1.31;1;1
18009;13049.85;50;1.39;1;1
18010;13734.12;50;1.30;1;1
18011;13000.98;50;1.37;1;1
18012;13636.36;50;1.30;1;1
18013;13147.60;50;1.36;1;1
18014;13636.36;50;1.31;1;1
18015;13147.60;50;1.36;1;1
18016;13587.49;50;1.31;1;1
18017;13049.85;50;1.36;1;1
18018;13831.87;50;1.30;1;1
18019;13196.48;50;1.38;1;1
18020;13734.12;50;1.32;1;1
18021;13000.98;50;1.37;1;1
18022;13782.99;50;1.30;1;1
18023;13196.48;50;1.38;1;1
18024;13685.24;50;1.32;1;1
18025;13147.60;50;1.37;1;1
18026;13782.99;50;1.31;1;1
18027;13294.23;50;1.38;1;1
18028;14027.37;50;1.33;1;1
18029;13343.11;50;1.40;1;1
18030;13831.87;50;1.33;1;1
18031;13098.73;50;1.38;1;1
18032;13538.61;50;1.31;1;1
18033;13245.36;50;1.35;1;1
18034;13587.49;50;1.32;1;1
18035;12952.10;50;1.36;1;1
18036;13782.99;50;1.30;1;1
18037;13343.11;50;1.38;1;1
18038;13587.49;50;1.33;1;1
18039;13294.23;50;1.36;1;1
18040;13636.36;50;1.33;1;1
18041;13294.23;50;1.36;1;1
18042;13391.98;50;1.33;1;1
18043;13245.36;50;1.34;1;1
18044;13440.86;50;1.32;1;1
18045;13000.98;50;1.34;1;1
18046;13343.11;50;1.30;1;1
18047;13391.98;50;1.33;1;1
18048;13391.98;50;1.34;1;1
18049;13196.48;50;1.34;1;1
18050;13685.24;50;1.32;1;1
18051;13587.49;50;1.37;1;1
18052;13587.49;50;1.36;1;1
18053;13636.36;50;1.36;1;1
18054;13538.61;50;1.36;1;1
18055;13636.36;50;1.35;1;1
18056;13538.61;50;1.36;1;1
18057;13587.49;50;1.35;1;1
18058;13685.24;50;1.36;1;1
18059;13538.61;50;1.37;1;1
18060;13636.36;50;1.35;1;1
18061;13685.24;50;1.36;1;1
18062;13685.24;50;1.37;1;1
18063;13978.49;50;1.37;1;1
18064;13391.98;50;1.40;1;1
18065;13734.12;50;1.34;1;1
18066;13538.61;50;1.37;1;1
18067;13880.74;50;1.35;1;1
18068;13587.49;50;1.39;1;1
18069;13880.74;50;1.36;1;1
18070;13636.36;50;1.39;1;1
18071;13978.49;50;1.36;1;1
18072;13538.61;50;1.40;1;1
18073;13880.74;50;1.35;1;1
18074;13489.74;50;1.39;1;1
18075;13929.62;50;1.35;1;1
18076;13489.74;50;1.39;1;1
18077;13929.62;50;1.35;1;1
18078;13440.86;50;1.39;1;1
18079;14027.37;50;1.34;1;1
18080;13440.86;50;1.40;1;1
18081;13880.74;50;1.34;1;1
18082;13782.99;50;1.39;1;1
18083;13880.74;50;1.38;1;1
18084;13587.49;50;1.39;1;1
18085;13929.62;50;1.36;1;1
18086;13636.36;50;1.39;1;1
18087;14125.12;50;1.36;1;1
18088;13489.74;50;1.41;1;1
18089;14076.25;50;1.35;1;1
18090;13587.49;50;1.41;1;1
18091;13929.62;50;1.36;1;1
18092;13440.86;50;1.39;1;1
18093;13782.99;50;1.34;1;1
18094;13196.48;50;1.38;1;1
18095;13880.74;50;1.32;1;1
18096;13489.74;50;1.39;1;1
18097;13636.36;50;1.35;1;1
18098;13196.48;50;1.36;1;1
18099;13538.61;50;1.32;1;1
18100;13294.23;50;1.35;1;1
18101;13489.74;50;1.33;1;1
18102;13294.23;50;1.35;1;1
18103;13929.62;50;1.33;1;1
18104;13636.36;50;1.39;1;1
18105;13880.74;50;1.36;1;1
18106;13440.86;50;1.39;1;1
18107;14320.63;50;1.34;1;1
18108;13587.49;50;1.43;1;1
18109;13929.62;50;1.36;1;1
18110;13440.86;50;1.39;1;1
18111;13831.87;50;1.34;1;1
18112;13685.24;50;1.38;1;1
18113;14125.12;50;1.37;1;1
18114;13538.61;50;1.41;1;1
18115;14369.50;50;1.35;1;1
18116;13734.12;50;1.44;1;1
18117;14320.63;50;1.37;1;1
18118;13489.74;50;1.43;1;1
18119;14516.13;50;1.35;1;1
18120;13636.36;50;1.45;1;1
18121;13734.12;50;1.36;1;1
18122;13391.98;50;1.37;1;1
18123;14369.50;50;1.34;1;1
18124;13343.11;50;1.44;1;1
18125;14174.00;50;1.33;1;1
18126;13440.86;50;1.42;1;1
18127;14222.87;50;1.34;1;1
18128;13343.11;50;1.42;1;1
18129;14320.63;50;1.33;1;1
18130;13294.23;50;1.43;1;1
18131;14369.50;50;1.33;1;1
18132;13294.23;50;1.44;1;1
18133;14516.13;50;1.33;1;1
18134;13049.85;50;1.45;1;1
18135;14174.00;50;1.30;1;1
18136;13343.11;50;1.42;1;1
18137;14076.25;50;1.33;1;1
18138;13782.99;50;1.41;1;1
18139;14369.50;50;1.38;1;1
18140;13587.49;50;1.44;1;1
18141;14467.25;50;1.36;1;1
18142;13587.49;50;1.45;1;1
18143;14418.38;50;1.36;1;1
18144;13831.87;50;1.44;1;1
18145;14613.88;50;1.38;1;1
18146;13880.74;50;1.46;1;1
18147;14174.00;50;1.39;1;1
18148;13831.87;50;1.42;1;1
18149;14320.63;50;1.38;1;1
18150;13734.12;50;1.43;1;1
18151;14565.00;50;1.37;1;1
18152;13880.74;50;1.46;1;1
18153;14271.75;50;1.39;1;1
18154;13782.99;50;1.43;1;1
18155;14222.87;50;1.38;1;1
18156;13782.99;50;1.42;1;1
18157;14369.50;50;1.38;1;1
18158;13245.36;50;1.44;1;1
18159;13978.49;50;1.32;1;1
18160;13489.74;50;1.40;1;1
18161;14174.00;50;1.35;1;1
18162;13880.74;50;1.42;1;1
18163;14662.76;50;1.39;1;1
18164;14027.37;50;1.47;1;1
18165;14565.00;50;1.40;1;1
18166;13294.23;50;1.46;1;1
18167;14222.87;50;1.33;1;1
18168;13636.36;50;1.42;1;1
18169;14271.75;50;1.36;1;1
18170;13294.23;50;1.43;1;1
18171;13636.36;50;1.33;1;1
18172;13147.60;50;1.36;1;1
18173;13929.62;50;1.31;1;1
18174;13196.48;50;1.39;1;1
18175;13831.87;50;1.32;1;1
18176;13294.23;50;1.38;1;1
18177;14418.38;50;1.33;1;1
18178;13929.62;50;1.44;1;1
18179;14516.13;50;1.39;1;1
18180;13685.24;50;1.45;1;1
18181;14369.50;50;1.37;1;1
18182;14027.37;50;1.44;1;1
18183;14222.87;50;1.40;1;1
18184;13782.99;50;1.42;1;1
18185;14467.25;50;1.38;1;1
18186;13880.74;50;1.45;1;1
18187;14222.87;50;1.39;1;1
18188;13880.74;50;1.42;1;1
18189;14125.12;50;1.39;1;1
18190;13538.61;50;1.41;1;1
18191;14418.38;50;1.35;1;1
18192;13636.36;50;1.44;1;1
18193;13831.87;50;1.36;1;1
18194;13636.36;50;1.38;1;1
18195;14027.37;50;1.36;1;1
18196;13538.61;50;1.40;1;1
18197;13929.62;50;1.35;1;1
18198;13587.49;50;1.39;1;1
18199;13978.49;50;1.36;1;1
18200;13538.61;50;1.40;1;1
18201;14027.37;50;1.35;1;1
18202;13391.98;50;1.40;1;1
18203;14125.12;50;1.34;1;1
18204;13587.49;50;1.41;1;1
18205;14027.37;50;1.36;1;1
18206;13636.36;50;1.40;1;1
18207;13929.62;50;1.36;1;1
18208;13538.61;50;1.39;1;1
18209;13978.49;50;1.35;1;1
18210;13343.11;50;1.40;1;1
18211;14076.25;50;1.33;1;1
18212;13587.49;50;1.41;1;1
18213;14027.37;50;1.36;1;1
18214;13929.62;50;1.40;1;1
18215;14125.12;50;1.39;1;1
18216;13734.12;50;1.41;1;1
18217;14174.00;50;1.37;1;1
18218;13538.61;50;1.42;1;1
18219;14076.25;50;1.35;1;1
18220;13685.24;50;1.41;1;1
18221;13880.74;50;1.37;1;1
18222;13880.74;50;1.39;1;1
18223;13685.24;50;1.39;1;1
18224;13880.74;50;1.37;1;1
18225;14027.37;50;1.39;1;1
18226;13880.74;50;1.40;1;1
18227;13978.49;50;1.39;1;1
18228;13782.99;50;1.40;1;1
18229;13978.49;50;1.38;1;1
18230;13636.36;50;1.40;1;1
18231;13831.87;50;1.36;1;1
18232;13782.99;50;1.38;1;1
18233;13929.62;50;1.38;1;1
18234;13734.12;50;1.39;1;1
18235;13880.74;50;1.37;1;1
18236;13978.49;50;1.39;1;1
18237;13880.74;50;1.40;1;1
18238;13734.12;50;1.39;1;1
18239;13831.87;50;1.37;1;1
18240;13636.36;50;1.38;1;1
18241;13734.12;50;1.36;1;1
18242;13636.36;50;1.37;1;1
18243;13538.61;50;1.36;1;1
18244;13440.86;50;1.35;1;1
18245;13538.61;50;1.34;1;1
18246;13391.98;50;1.35;1;1
18247;13538.61;50;1.34;1;1
18248;13734.12;50;1.35;1;1
18249;13587.49;50;1.37;1;1
18250;13685.24;50;1.36;1;1
18251;13391.98;50;1.37;1;1
18252;13587.49;50;1.34;1;1
18253;13245.36;50;1.36;1;1
18254;13343.11;50;1.32;1;1
18255;13685.24;50;1.33;1;1
18256;13343.11;50;1.37;1;1
18257;13734.12;50;1.33;1;1
18258;13391.98;50;1.37;1;1
18259;13294.23;50;1.34;1;1
18260;13196.48;50;1.33;1;1
18261;13489.74;50;1.32;1;1
18262;13049.85;50;1.35;1;1
18263;13391.98;50;1.30;1;1
18264;13098.73;50;1.34;1;1
18265;13489.74;50;1.31;1;1
18266;13685.24;50;1.35;1;1
18267;13538.61;50;1.37;1;1
18268;13245.36;50;1.35;1;1
18269;13391.98;50;1.32;1;1
18270;13147.60;50;1.34;1;1
18271;13587.49;50;1.31;1;1
18272;13343.11;50;1.36;1;1
18273;13636.36;50;1.33;1;1
18274;13245.36;50;1.36;1;1
18275;13734.12;50;1.32;1;1
18276;13245.36;50;1.37;1;1
18277;13489.74;50;1.32;1;1
18278;13636.36;50;1.35;1;1
18279;13245.36;50;1.36;1;1
18280;13245.36;50;1.32;1;1
18281;13343.11;50;1.32;1;1
18282;13245.36;50;1.33;1;1
18283;13440.86;50;1.32;1;1
18284;13294.23;50;1.34;1;1
18285;13489.74;50;1.33;1;1
18286;13245.36;50;1.35;1;1
18287;13196.48;50;1.32;1;1
18288;13294.23;50;1.32;1;1
18289;13245.36;50;1.33;1;1
18290;13245.36;50;1.32;1;1
18291;13245.36;50;1.32;1;1
18292;13391.98;50;1.32;1;1
18293;13098.73;50;1.34;1;1
18294;13098.73;50;1.31;1;1
18295;13440.86;50;1.31;1;1
18296;12903.23;50;1.34;1;1
18297;13587.49;50;1.29;1;1
18298;12903.23;50;1.36;1;1
18299;13343.11;50;1.29;1;1
18300;13391.98;50;1.33;1;1
18301;13489.74;50;1.34;1;1
18302;13489.74;50;1.35;1;1
18303;13685.24;50;1.35;1;1
18304;13489.74;50;1.37;1;1
18305;13587.49;50;1.35;1;1
18306;13440.86;50;1.36;1;1
18307;13440.86;50;1.34;1;1
18308;13147.60;50;1.34;1;1
18309;13147.60;50;1.31;1;1
18310;13147.60;50;1.31;1;1
18311;13391.98;50;1.31;1;1
18312;13245.36;50;1.34;1;1
18313;13294.23;50;1.32;1;1
18314;13440.86;50;1.33;1;1
18315;13343.11;50;1.34;1;1
18316;13343.11;50;1.33;1;1
18317;13196.48;50;1.33;1;1
18318;13391.98;50;1.32;1;1
18319;13147.60;50;1.34;1;1
18320;13343.11;50;1.31;1;1
18321;13343.11;50;1.33;1;1
18322;13538.61;50;1.33;1;1
18323;13049.85;50;1.35;1;1
18324;13440.86;50;1.30;1;1
18325;13440.86;50;1.34;1;1
18326;13636.36;50;1.34;1;1
18327;13391.98;50;1.36;1;1
18328;13294.23;50;1.34;1;1
18329;13245.36;50;1.33;1;1
18330;13391.98;50;1.32;1;1
18331;13440.86;50;1.34;1;1
18332;13734.12;50;1.34;1;1
18333;13538.61;50;1.37;1;1
18334;13636.36;50;1.35;1;1
18335;13538.61;50;1.36;1;1
18336;13782.99;50;1.35;1;1
18337;13440.86;50;1.38;1;1
18338;13489.74;50;1.34;1;1
18339;13196.48;50;1.35;1;1
18340;13440.86;50;1.32;1;1
18341;13147.60;50;1.34;1;1
18342;13587.49;50;1.31;1;1
18343;13196.48;50;1.36;1;1
18344;13587.49;50;1.32;1;1
18345;13294.23;50;1.36;1;1
18346;13489.74;50;1.33;1;1
18347;13440.86;50;1.35;1;1
18348;13636.36;50;1.34;1;1
18349;13343.11;50;1.36;1;1
18350;13587.49;50;1.33;1;1
18351;13343.11;50;1.36;1;1
18352;13636.36;50;1.33;1;1
18353;13391.98;50;1.36;1;1
18354;13831.87;50;1.34;1;1
18355;13294.23;50;1.38;1;1
18356;13782.99;50;1.33;1;1
18357;13440.86;50;1.38;1;1
18358;13782.99;50;1.34;1;1
18359;13294.23;50;1.38;1;1
18360;13636.36;50;1.33;1;1
18361;13196.48;50;1.36;1;1
18362;13587.49;50;1.32;1;1
18363;13294.23;50;1.36;1;1
18364;13685.24;50;1.33;1;1
18365;13343.11;50;1.37;1;1
18366;13685.24;50;1.33;1;1
18367;13245.36;50;1.37;1;1
18368;13538.61;50;1.32;1;1
18369;13391.98;50;1.35;1;1
18370;13587.49;50;1.34;1;1
18371;13147.60;50;1.36;1;1
18372;13880.74;50;1.31;1;1
18373;13636.36;50;1.39;1;1
18374;13782.99;50;1.36;1;1
18375;13147.60;50;1.38;1;1
18376;13929.62;50;1.31;1;1
18377;13196.48;50;1.39;1;1
18378;13343.11;50;1.32;1;1
18379;13000.98;50;1.33;1;1
18380;13391.98;50;1.30;1;1
18381;13000.98;50;1.34;1;1
18382;13391.98;50;1.30;1;1
18383;12952.10;50;1.34;1;1
18384;14271.75;50;1.30;1;1
18385;13734.12;50;1.43;1;1
18386;14174.00;50;1.37;1;1
18387;13538.61;50;1.42;1;1
18388;14125.12;50;1.35;1;1
18389;13636.36;50;1.41;1;1
18390;14174.00;50;1.36;1;1
18391;13587.49;50;1.42;1;1
18392;13978.49;50;1.36;1;1
18393;13636.36;50;1.40;1;1
18394;13978.49;50;1.36;1;1
18395;13489.74;50;1.40;1;1
18396;14027.37;50;1.35;1;1
18397;13538.61;50;1.40;1;1
18398;14174.00;50;1.35;1;1
18399;13587.49;50;1.42;1;1
18400;14125.12;50;1.36;1;1
18401;13685.24;50;1.41;1;1
18402;14467.25;50;1.37;1;1
18403;13782.99;50;1.45;1;1
18404;14271.75;50;1.38;1;1
18405;13294.23;50;1.43;1;1
18406;14076.25;50;1.33;1;1
18407;13489.74;50;1.41;1;1
18408;13929.62;50;1.35;1;1
18409;13489.74;50;1.39;1;1
18410;14174.00;50;1.35;1;1
18411;13440.86;50;1.42;1;1
18412;14222.87;50;1.34;1;1
18413;13489.74;50;1.42;1;1
18414;14174.00;50;1.35;1;1
18415;13734.12;50;1.42;1;1
18416;14174.00;50;1.37;1;1
18417;13685.24;50;1.42;1;1
18418;14076.25;50;1.37;1;1
18419;13538.61;50;1.41;1;1
18420;14662.76;50;1.35;1;1
18421;13489.74;50;1.47;1;1
18422;14125.12;50;1.35;1;1
18423;13391.98;50;1.41;1;1
18424;14125.12;50;1.34;1;1
18425;13489.74;50;1.41;1;1
18426;13538.61;50;1.35;1;1
18427;12854.35;50;1.35;1;1
18428;13440.86;50;1.29;1;1
18429;12805.47;50;1.34;1;1
18430;13587.49;50;1.28;1;1
18431;12903.23;50;1.36;1;1
18432;13489.74;50;1.29;1;1
18433;12756.60;50;1.35;1;1
18434;13587.49;50;1.28;1;1
18435;13000.98;50;1.36;1;1
18436;13489.74;50;1.30;1;1
18437;12903.23;50;1.35;1;1
18438;13587.49;50;1.29;1;1
18439;12756.60;50;1.36;1;1
18440;13489.74;50;1.28;1;1
18441;13538.61;50;1.35;1;1
18442;14027.37;50;1.35;1;1
18443;13440.86;50;1.40;1;1
18444;14125.12;50;1.34;1;1
18445;13734.12;50;1.41;1;1
18446;14174.00;50;1.37;1;1
18447;13685.24;50;1.42;1;1
18448;14174.00;50;1.37;1;1
18449;13538.61;50;1.42;1;1
18450;14076.25;50;1.35;1;1
18451;13391.98;50;1.41;1;1
18452;14076.25;50;1.34;1;1
18453;13587.49;50;1.41;1;1
18454;14320.63;50;1.36;1;1
18455;13636.36;50;1.43;1;1
18456;14076.25;50;1.36;1;1
18457;13587.49;50;1.41;1;1
18458;14076.25;50;1.36;1;1
18459;13685.24;50;1.41;1;1
18460;14222.87;50;1.37;1;1
18461;13734.12;50;1.42;1;1
18462;14076.25;50;1.37;1;1
18463;13831.87;50;1.41;1;1
18464;14125.12;50;1.38;1;1
18465;13782.99;50;1.41;1;1
18466;13636.36;50;1.38;1;1
18467;13098.73;50;1.36;1;1
18468;13782.99;50;1.31;1;1
18469;13196.48;50;1.38;1;1
18470;13538.61;50;1.32;1;1
18471;12903.23;50;1.35;1;1
18472;13440.86;50;1.29;1;1
18473;13000.98;50;1.34;1;1
18474;14271.75;50;1.30;1;1
18475;13685.24;50;1.43;1;1
18476;14418.38;50;1.37;1;1
18477;13636.36;50;1.44;1;1
18478;14369.50;50;1.36;1;1
18479;13978.49;50;1.44;1;1
18480;14467.25;50;1.40;1;1
18481;13734.12;50;1.45;1;1
18482;14369.50;50;1.37;1;1
18483;13782.99;50;1.44;1;1
18484;14222.87;50;1.38;1;1
18485;13685.24;50;1.42;1;1
18486;14467.25;50;1.37;1;1
18487;13978.49;50;1.45;1;1
18488;14320.63;50;1.40;1;1
18489;13831.87;50;1.43;1;1
18490;14174.00;50;1.38;1;1
18491;14076.25;50;1.42;1;1
18492;14271.75;50;1.41;1;1
18493;13929.62;50;1.43;1;1
18494;14222.87;50;1.39;1;1
18495;14222.87;50;1.42;1;1
18496;14320.63;50;1.42;1;1
18497;13978.49;50;1.43;1;1
18498;13734.12;50;1.40;1;1
18499;13245.36;50;1.37;1;1
18500;13685.24;50;1.32;1;1
18501;13587.49;50;1.37;1;1
18502;13782.99;50;1.36;1;1
18503;13538.61;50;1.38;1;1
18504;13782.99;50;1.35;1;1
18505;13391.98;50;1.38;1;1
18506;13587.49;50;1.34;1;1
18507;13098.73;50;1.36;1;1
18508;14125.12;50;1.31;1;1
18509;13343.11;50;1.41;1;1
18510;13636.36;50;1.33;1;1
18511;13196.48;50;1.36;1;1
18512;13440.86;50;1.32;1;1
18513;13636.36;50;1.34;1;1
18514;13489.74;50;1.36;1;1
18515;13391.98;50;1.35;1;1
18516;13538.61;50;1.34;1;1
18517;13294.23;50;1.35;1;1
18518;13391.98;50;1.33;1;1
18519;13391.98;50;1.34;1;1
18520;13343.11;50;1.34;1;1
18521;13391.98;50;1.33;1;1
18522;13245.36;50;1.34;1;1
18523;13098.73;50;1.32;1;1
18524;13636.36;50;1.31;1;1
18525;13440.86;50;1.36;1;1
18526;13782.99;50;1.34;1;1
18527;13831.87;50;1.38;1;1
18528;13587.49;50;1.38;1;1
18529;13831.87;50;1.36;1;1
18530;13831.87;50;1.38;1;1
18531;13782.99;50;1.38;1;1
18532;13782.99;50;1.38;1;1
18533;13734.12;50;1.38;1;1
18534;13782.99;50;1.37;1;1
18535;13831.87;50;1.38;1;1
18536;13734.12;50;1.38;1;1
18537;13880.74;50;1.37;1;1
18538;13685.24;50;1.39;1;1
18539;13831.87;50;1.37;1;1
18540;13685.24;50;1.38;1;1
18541;13880.74;50;1.37;1;1
18542;13685.24;50;1.39;1;1
18543;13831.87;50;1.37;1;1
18544;13685.24;50;1.38;1;1
18545;13929.62;50;1.37;1;1
18546;13929.62;50;1.39;1;1
18547;14174.00;50;1.39;1;1
18548;13782.99;50;1.42;1;1
18549;14027.37;50;1.38;1;1
18550;13685.24;50;1.40;1;1
18551;14076.25;50;1.37;1;1
18552;13734.12;50;1.41;1;1
18553;14271.75;50;1.37;1;1
18554;13831.87;50;1.43;1;1
18555;14027.37;50;1.38;1;1
18556;13831.87;50;1.40;1;1
18557;13587.49;50;1.38;1;1
18558;13147.60;50;1.36;1;1
18559;13636.36;50;1.31;1;1
18560;13049.85;50;1.36;1;1
18561;13831.87;50;1.30;1;1
18562;13245.36;50;1.38;1;1
18563;13734.12;50;1.32;1;1
18564;13147.60;50;1.37;1;1
18565;13734.12;50;1.31;1;1
18566;13245.36;50;1.37;1;1
18567;13880.74;50;1.32;1;1
18568;13343.11;50;1.39;1;1
18569;13782.99;50;1.33;1;1
18570;13147.60;50;1.38;1;1
18571;13831.87;50;1.31;1;1
18572;13245.36;50;1.38;1;1
18573;13734.12;50;1.32;1;1
18574;13343.11;50;1.37;1;1
18575;14027.37;50;1.33;1;1
18576;13538.61;50;1.40;1;1
18577;14076.25;50;1.35;1;1
18578;13294.23;50;1.41;1;1
18579;14076.25;50;1.33;1;1
18580;13245.36;50;1.41;1;1
18581;13978.49;50;1.32;1;1
18582;13245.36;50;1.40;1;1
18583;13978.49;50;1.32;1;1
18584;13343.11;50;1.40;1;1
18585;14027.37;50;1.33;1;1
18586;13391.98;50;1.40;1;1
18587;13880.74;50;1.34;1;1
18588;13245.36;50;1.39;1;1
18589;13978.49;50;1.32;1;1
18590;13294.23;50;1.40;1;1
18591;13880.74;50;1.33;1;1
18592;13440.86;50;1.39;1;1
18593;14027.37;50;1.34;1;1
18594;13489.74;50;1.40;1;1
18595;14174.00;50;1.35;1;1
18596;13391.98;50;1.42;1;1
18597;14076.25;50;1.34;1;1
18598;13343.11;50;1.41;1;1
18599;14125.12;50;1.33;1;1
18600;13440.86;50;1.41;1;1
18601;14125.12;50;1.34;1;1
18602;13440.86;50;1.41;1;1
18603;14125.12;50;1.34;1;1
18604;13391.98;50;1.41;1;1
18605;14125.12;50;1.34;1;1
18606;13391.98;50;1.41;1;1
18607;13978.49;50;1.34;1;1
18608;13440.86;50;1.40;1;1
18609;13880.74;50;1.34;1;1
18610;13391.98;50;1.39;1;1
18611;13978.49;50;1.34;1;1
18612;13489.74;50;1.40;1;1
18613;14222.87;50;1.35;1;1
18614;13343.11;50;1.42;1;1
18615;14174.00;50;1.33;1;1
18616;13587.49;50;1.42;1;1
18617;14076.25;50;1.36;1;1
18618;13391.98;50;1.41;1;1
18619;13880.74;50;1.34;1;1
18620;13538.61;50;1.39;1;1
18621;13929.62;50;1.35;1;1
18622;13440.86;50;1.39;1;1
18623;14027.37;50;1.34;1;1
18624;13489.74;50;1.40;1;1
18626;13343.11;50;1.36;1;1
18626;13343.11;50;1.36;1;1
18627;13978.49;50;1.33;1;1
18628;13440.86;50;1.40;1;1
18629;13831.87;50;1.34;1;1
18630;13636.36;50;1.38;1;1
18631;13929.62;50;1.36;1;1
18632;13489.74;50;1.39;1;1
18633;13978.49;50;1.35;1;1
18634;13440.86;50;1.40;1;1
18635;13978.49;50;1.34;1;1
18636;13391.98;50;1.40;1;1
18637;13734.12;50;1.34;1;1
18638;13587.49;50;1.37;1;1
18639;14076.25;50;1.36;1;1
18640;13489.74;50;1.41;1;1
18641;14027.37;50;1.35;1;1
18642;13489.74;50;1.40;1;1
18643;14027.37;50;1.35;1;1
18644;13294.23;50;1.40;1;1
18645;13880.74;50;1.33;1;1
18646;13538.61;50;1.39;1;1
18647;13831.87;50;1.35;1;1
18648;13538.61;50;1.38;1;1
18649;13880.74;50;1.35;1;1
18650;13587.49;50;1.39;1;1
18651;13734.12;50;1.36;1;1
18652;13685.24;50;1.37;1;1
18653;13880.74;50;1.37;1;1
18654;13685.24;50;1.39;1;1
18655;13734.12;50;1.37;1;1
18656;13636.36;50;1.37;1;1
18657;13636.36;50;1.36;1;1
18658;13636.36;50;1.36;1;1
18659;13685.24;50;1.36;1;1
18660;13734.12;50;1.37;1;1
18661;13685.24;50;1.37;1;1
18662;13343.11;50;1.37;1;1
18663;13734.12;50;1.33;1;1
18664;13489.74;50;1.37;1;1
18665;13587.49;50;1.35;1;1
18666;13343.11;50;1.36;1;1
18667;13831.87;50;1.33;1;1
18668;13782.99;50;1.38;1;1
18669;13831.87;50;1.38;1;1
18670;13636.36;50;1.38;1;1
18671;13880.74;50;1.36;1;1
18672;13587.49;50;1.39;1;1
18673;13587.49;50;1.36;1;1
18674;13685.24;50;1.36;1;1
18675;13636.36;50;1.37;1;1
18676;13587.49;50;1.36;1;1
18677;13685.24;50;1.36;1;1
18678;13636.36;50;1.37;1;1
18679;13587.49;50;1.36;1;1
18680;13538.61;50;1.36;1;1
18681;13782.99;50;1.35;1;1
18682;13587.49;50;1.38;1;1
18683;13782.99;50;1.36;1;1
18684;13734.12;50;1.38;1;1
18685;13734.12;50;1.37;1;1
18686;13391.98;50;1.37;1;1
18687;13489.74;50;1.34;1;1
18688;13440.86;50;1.35;1;1
18689;13880.74;50;1.34;1;1
18690;13685.24;50;1.39;1;1
18691;13685.24;50;1.37;1;1
18692;13489.74;50;1.37;1;1
18693;13734.12;50;1.35;1;1
18694;13929.62;50;1.37;1;1
18695;13929.62;50;1.39;1;1
18696;13734.12;50;1.39;1;1
18697;13587.49;50;1.37;1;1
18698;13489.74;50;1.36;1;1
18699;13782.99;50;1.35;1;1
18700;13587.49;50;1.38;1;1
18701;13734.12;50;1.36;1;1
18702;13685.24;50;1.37;1;1
18703;13734.12;50;1.37;1;1
18704;13636.36;50;1.37;1;1
18705;13685.24;50;1.36;1;1
18706;13782.99;50;1.37;1;1
18707;13880.74;50;1.38;1;1
18708;13929.62;50;1.39;1;1
18709;13831.87;50;1.39;1;1
18710;13880.74;50;1.38;1;1
18711;13978.49;50;1.39;1;1
18712;13587.49;50;1.40;1;1
18713;13440.86;50;1.36;1;1
18714;13782.99;50;1.34;1;1
18715;13489.74;50;1.38;1;1
18716;14222.87;50;1.35;1;1
18717;13929.62;50;1.42;1;1
18718;14222.87;50;1.39;1;1
18719;13929.62;50;1.42;1;1
18720;14027.37;50;1.39;1;1
18721;13880.74;50;1.40;1;1
18722;14076.25;50;1.39;1;1
18723;13880.74;50;1.41;1;1
18724;14027.37;50;1.39;1;1
18725;13978.49;50;1.40;1;1
18726;13978.49;50;1.40;1;1
18727;13831.87;50;1.40;1;1
18728;14076.25;50;1.38;1;1
18729;13782.99;50;1.41;1;1
18730;14027.37;50;1.38;1;1
18731;13685.24;50;1.40;1;1
18732;13929.62;50;1.37;1;1
18733;13734.12;50;1.39;1;1
18734;14027.37;50;1.37;1;1
18735;13685.24;50;1.40;1;1
18736;14027.37;50;1.37;1;1
18737;13831.87;50;1.40;1;1
18738;13880.74;50;1.38;1;1
18739;13685.24;50;1.39;1;1
18740;14076.25;50;1.37;1;1
18741;13685.24;50;1.41;1;1
18742;14222.87;50;1.37;1;1
18743;13685.24;50;1.42;1;1
18744;14174.00;50;1.37;1;1
18745;13782.99;50;1.42;1;1
18746;14174.00;50;1.38;1;1
18747;13587.49;50;1.42;1;1
18748;14076.25;50;1.36;1;1
18749;13929.62;50;1.41;1;1
18750;13978.49;50;1.39;1;1
18751;13685.24;50;1.40;1;1
18752;14222.87;50;1.37;1;1
18753;13782.99;50;1.42;1;1
18754;14125.12;50;1.38;1;1
18755;13734.12;50;1.41;1;1
18756;13831.87;50;1.37;1;1
18757;13685.24;50;1.38;1;1
18758;13978.49;50;1.37;1;1
18759;13636.36;50;1.40;1;1
18760;13734.12;50;1.36;1;1
18761;13636.36;50;1.37;1;1
18762;13880.74;50;1.36;1;1
18763;13636.36;50;1.39;1;1
18764;13880.74;50;1.36;1;1
18765;13636.36;50;1.39;1;1
18766;13929.62;50;1.36;1;1
18767;13685.24;50;1.39;1;1
18768;13929.62;50;1.37;1;1
18769;13489.74;50;1.39;1;1
18770;13831.87;50;1.35;1;1
18771;13636.36;50;1.38;1;1
18772;13978.49;50;1.36;1;1
18773;13587.49;50;1.40;1;1
18774;14076.25;50;1.36;1;1
18775;13587.49;50;1.41;1;1
18776;14076.25;50;1.36;1;1
18777;13489.74;50;1.41;1;1
18778;13782.99;50;1.35;1;1
18779;13538.61;50;1.38;1;1
18780;14222.87;50;1.35;1;1
18781;13782.99;50;1.42;1;1
18782;14125.12;50;1.38;1;1
18783;13587.49;50;1.41;1;1
18784;14125.12;50;1.36;1;1
18785;13440.86;50;1.41;1;1
18786;14174.00;50;1.34;1;1
18787;13587.49;50;1.42;1;1
18788;14076.25;50;1.36;1;1
18789;13538.61;50;1.41;1;1
18790;14174.00;50;1.35;1;1
18791;13636.36;50;1.42;1;1
18792;14222.87;50;1.36;1;1
18793;13685.24;50;1.42;1;1
18794;14320.63;50;1.37;1;1
18795;13636.36;50;1.43;1;1
18796;14222.87;50;1.36;1;1
18797;13538.61;50;1.42;1;1
18798;14125.12;50;1.35;1;1
18799;13294.23;50;1.41;1;1
18800;13880.74;50;1.33;1;1
18801;13245.36;50;1.39;1;1
18802;13734.12;50;1.32;1;1
18803;13147.60;50;1.37;1;1
18804;14027.37;50;1.31;1;1
18805;13978.49;50;1.40;1;1
18806;13831.87;50;1.40;1;1
18807;13343.11;50;1.38;1;1
18808;13782.99;50;1.33;1;1
18809;13196.48;50;1.38;1;1
18810;13880.74;50;1.32;1;1
18811;13196.48;50;1.39;1;1
18812;13880.74;50;1.32;1;1
18813;13440.86;50;1.39;1;1
18814;14222.87;50;1.34;1;1
18815;13391.98;50;1.42;1;1
18816;14027.37;50;1.34;1;1
18817;13489.74;50;1.40;1;1
18818;14027.37;50;1.35;1;1
18819;13245.36;50;1.40;1;1
18820;14125.12;50;1.32;1;1
18821;13343.11;50;1.41;1;1
18822;14027.37;50;1.33;1;1
18823;13343.11;50;1.40;1;1
18824;13978.49;50;1.33;1;1
18825;13636.36;50;1.40;1;1
18826;14027.37;50;1.36;1;1
18827;13391.98;50;1.40;1;1
18828;14027.37;50;1.34;1;1
18829;13343.11;50;1.40;1;1
18830;14076.25;50;1.33;1;1
18831;13391.98;50;1.41;1;1
18832;14222.87;50;1.34;1;1
18833;13782.99;50;1.42;1;1
18834;14320.63;50;1.38;1;1
18835;13587.49;50;1.43;1;1
18836;14271.75;50;1.36;1;1
18837;13831.87;50;1.43;1;1
18838;14222.87;50;1.38;1;1
18839;13587.49;50;1.42;1;1
18840;14076.25;50;1.36;1;1
18841;13440.86;50;1.41;1;1
18842;14076.25;50;1.34;1;1
18843;13245.36;50;1.41;1;1
18844;14222.87;50;1.32;1;1
18845;13489.74;50;1.42;1;1
18846;14418.38;50;1.35;1;1
18847;13489.74;50;1.44;1;1
18848;14076.25;50;1.35;1;1
18849;13538.61;50;1.41;1;1
18850;14027.37;50;1.35;1;1
18851;13391.98;50;1.40;1;1
18852;13978.49;50;1.34;1;1
18853;13440.86;50;1.40;1;1
18854;13880.74;50;1.34;1;1
18855;13440.86;50;1.39;1;1
18856;14076.25;50;1.34;1;1
18857;13440.86;50;1.41;1;1
18858;14271.75;50;1.34;1;1
18859;13782.99;50;1.43;1;1
18860;14027.37;50;1.38;1;1
18861;13391.98;50;1.40;1;1
18862;13929.62;50;1.34;1;1
18863;13587.49;50;1.39;1;1
18864;13929.62;50;1.36;1;1
18865;13489.74;50;1.39;1;1
18866;13831.87;50;1.35;1;1
18867;13489.74;50;1.38;1;1
18868;14369.50;50;1.35;1;1
18869;13538.61;50;1.44;1;1
18870;14076.25;50;1.35;1;1
18871;13636.36;50;1.41;1;1
18872;13978.49;50;1.36;1;1
18873;13343.11;50;1.40;1;1
18874;14174.00;50;1.33;1;1
18875;13440.86;50;1.42;1;1
18876;14027.37;50;1.34;1;1
18877;13343.11;50;1.40;1;1
18878;14125.12;50;1.33;1;1
18879;13489.74;50;1.41;1;1
18880;14222.87;50;1.35;1;1
18881;13538.61;50;1.42;1;1
18882;14076.25;50;1.35;1;1
18883;13391.98;50;1.41;1;1
18884;14027.37;50;1.34;1;1
18885;13294.23;50;1.40;1;1
18886;13880.74;50;1.33;1;1
18887;13196.48;50;1.39;1;1
18888;14076.25;50;1.32;1;1
18889;13538.61;50;1.41;1;1
18890;14027.37;50;1.35;1;1
18891;13391.98;50;1.40;1;1
18892;13831.87;50;1.34;1;1
18893;13245.36;50;1.38;1;1
18894;13929.62;50;1.32;1;1
18895;13147.60;50;1.39;1;1
18896;14076.25;50;1.31;1;1
18897;13294.23;50;1.41;1;1
18898;13734.12;50;1.33;1;1
18899;13049.85;50;1.37;1;1
18900;13685.24;50;1.30;1;1
18901;13294.23;50;1.37;1;1
18902;13685.24;50;1.33;1;1
18903;13147.60;50;1.37;1;1
18904;13880.74;50;1.31;1;1
18905;13098.73;50;1.39;1;1
18906;13831.87;50;1.31;1;1
18907;13196.48;50;1.38;1;1
18908;13782.99;50;1.32;1;1
18909;13196.48;50;1.38;1;1
18910;13685.24;50;1.32;1;1
18911;13391.98;50;1.37;1;1
18912;13538.61;50;1.34;1;1
18913;13196.48;50;1.35;1;1
18914;13734.12;50;1.32;1;1
18915;13147.60;50;1.37;1;1
18916;13685.24;50;1.31;1;1
18917;13391.98;50;1.37;1;1
18918;13929.62;50;1.34;1;1
18919;13294.23;50;1.39;1;1
18920;13587.49;50;1.33;1;1
18921;13391.98;50;1.36;1;1
18922;13538.61;50;1.34;1;1
18923;13489.74;50;1.35;1;1
18924;13782.99;50;1.35;1;1
18925;13538.61;50;1.38;1;1
18926;13782.99;50;1.35;1;1
18927;13636.36;50;1.38;1;1
18928;13685.24;50;1.36;1;1
18929;13831.87;50;1.37;1;1
18930;13685.24;50;1.38;1;1
18931;13734.12;50;1.37;1;1
18932;13587.49;50;1.37;1;1
18933;13831.87;50;1.36;1;1
18934;13636.36;50;1.38;1;1
18935;13782.99;50;1.36;1;1
18936;13978.49;50;1.38;1;1
18937;14027.37;50;1.40;1;1
18938;14076.25;50;1.40;1;1
18939;14271.75;50;1.41;1;1
18940;14125.12;50;1.43;1;1
18941;14174.00;50;1.41;1;1
18942;13929.62;50;1.42;1;1
18943;14076.25;50;1.39;1;1
18944;13929.62;50;1.41;1;1
18945;14125.12;50;1.39;1;1
18946;14076.25;50;1.41;1;1
18947;14320.63;50;1.41;1;1
18948;13880.74;50;1.43;1;1
18949;14174.00;50;1.39;1;1
18950;14125.12;50;1.42;1;1
18951;14027.37;50;1.41;1;1
18952;13734.12;50;1.40;1;1
18953;14271.75;50;1.37;1;1
18954;13880.74;50;1.43;1;1
18955;14174.00;50;1.39;1;1
18956;13831.87;50;1.42;1;1
18957;14027.37;50;1.38;1;1
18958;13685.24;50;1.40;1;1
18959;14516.13;50;1.37;1;1
18960;13831.87;50;1.45;1;1
18961;14222.87;50;1.38;1;1
18962;13929.62;50;1.42;1;1
18963;14125.12;50;1.39;1;1
18964;14027.37;50;1.41;1;1
18965;13880.74;50;1.40;1;1
18966;13831.87;50;1.39;1;1
18967;13978.49;50;1.38;1;1
18968;13734.12;50;1.40;1;1
18969;14174.00;50;1.37;1;1
18970;13734.12;50;1.42;1;1
18971;14027.37;50;1.37;1;1
18972;13049.85;50;1.40;1;1
18973;13782.99;50;1.30;1;1
18974;13245.36;50;1.38;1;1
18975;14076.25;50;1.32;1;1
18976;13391.98;50;1.41;1;1
18977;13929.62;50;1.34;1;1
18978;13245.36;50;1.39;1;1
18979;13587.49;50;1.32;1;1
18980;13245.36;50;1.36;1;1
18981;13489.74;50;1.32;1;1
18982;13343.11;50;1.35;1;1
18983;13880.74;50;1.33;1;1
18984;13098.73;50;1.39;1;1
18985;13685.24;50;1.31;1;1
18986;13049.85;50;1.37;1;1
18987;13831.87;50;1.30;1;1
18988;13538.61;50;1.38;1;1
18989;14125.12;50;1.35;1;1
18990;13685.24;50;1.41;1;1
18991;13831.87;50;1.37;1;1
18992;13343.11;50;1.38;1;1
18993;13880.74;50;1.33;1;1
18994;13440.86;50;1.39;1;1
18995;13636.36;50;1.34;1;1
18996;13294.23;50;1.36;1;1
18997;13831.87;50;1.33;1;1
18998;13440.86;50;1.38;1;1
18999;13929.62;50;1.34;1;1
19000;13391.98;50;1.39;1;1
19001;13831.87;50;1.34;1;1
19002;13440.86;50;1.38;1;1
19003;14027.37;50;1.34;1;1
19004;13440.86;50;1.40;1;1
19005;14369.50;50;1.34;1;1
19006;13245.36;50;1.44;1;1
19007;14076.25;50;1.32;1;1
19008;13245.36;50;1.41;1;1
19009;13929.62;50;1.32;1;1
19010;13245.36;50;1.39;1;1
19011;13880.74;50;1.32;1;1
19012;13343.11;50;1.39;1;1
19013;13929.62;50;1.33;1;1
19014;13147.60;50;1.39;1;1
19015;13734.12;50;1.31;1;1
19016;13245.36;50;1.37;1;1
19017;13880.74;50;1.32;1;1
19018;13196.48;50;1.39;1;1
19019;13929.62;50;1.32;1;1
19020;13245.36;50;1.39;1;1
19021;13831.87;50;1.32;1;1
19022;13196.48;50;1.38;1;1
19023;14076.25;50;1.32;1;1
19024;13294.23;50;1.41;1;1
19025;13929.62;50;1.33;1;1
19026;13245.36;50;1.39;1;1
19027;13880.74;50;1.32;1;1
19028;13196.48;50;1.39;1;1
19029;13831.87;50;1.32;1;1
19030;13147.60;50;1.38;1;1
19031;14076.25;50;1.31;1;1
19032;13440.86;50;1.41;1;1
19033;13831.87;50;1.34;1;1
19034;13440.86;50;1.38;1;1
19035;14222.87;50;1.34;1;1
19036;13538.61;50;1.42;1;1
19037;14125.12;50;1.35;1;1
19038;13440.86;50;1.41;1;1
19039;14027.37;50;1.34;1;1
19040;13440.86;50;1.40;1;1
19041;14174.00;50;1.34;1;1
19042;13391.98;50;1.42;1;1
19043;14222.87;50;1.34;1;1
19044;13538.61;50;1.42;1;1
19045;14125.12;50;1.35;1;1
19046;13245.36;50;1.41;1;1
19047;13734.12;50;1.32;1;1
19048;13489.74;50;1.37;1;1
19049;13880.74;50;1.35;1;1
19050;13049.85;50;1.39;1;1
19051;13587.49;50;1.30;1;1
19052;13440.86;50;1.36;1;1
19053;14369.50;50;1.34;1;1
19054;13489.74;50;1.44;1;1
19055;13734.12;50;1.35;1;1
19056;13489.74;50;1.37;1;1
19057;13880.74;50;1.35;1;1
19058;13636.36;50;1.39;1;1
19059;13782.99;50;1.36;1;1
19060;13587.49;50;1.38;1;1
19061;13978.49;50;1.36;1;1
19062;13685.24;50;1.40;1;1
19063;13734.12;50;1.37;1;1
19064;13734.12;50;1.37;1;1
19065;14076.25;50;1.37;1;1
19066;13734.12;50;1.41;1;1
19067;13782.99;50;1.37;1;1
19068;13685.24;50;1.38;1;1
19069;13831.87;50;1.37;1;1
19070;13782.99;50;1.38;1;1
19071;13929.62;50;1.38;1;1
19072;13685.24;50;1.39;1;1
19073;13343.11;50;1.37;1;1
19074;13685.24;50;1.33;1;1
19075;13636.36;50;1.37;1;1
19076;13489.74;50;1.36;1;1
19077;13538.61;50;1.35;1;1
19078;13440.86;50;1.35;1;1
19079;13538.61;50;1.34;1;1
19080;13929.62;50;1.35;1;1
19081;13734.12;50;1.39;1;1
19082;13782.99;50;1.37;1;1
19083;13685.24;50;1.38;1;1
19084;13734.12;50;1.37;1;1
19085;13196.48;50;1.37;1;1
19086;13636.36;50;1.32;1;1
19087;13440.86;50;1.36;1;1
19088;13782.99;50;1.34;1;1
19089;13636.36;50;1.38;1;1
19090;13782.99;50;1.36;1;1
19091;13587.49;50;1.38;1;1
19092;13685.24;50;1.36;1;1
19093;13489.74;50;1.37;1;1
19094;13978.49;50;1.35;1;1
19095;13440.86;50;1.40;1;1
19096;13929.62;50;1.34;1;1
19097;13391.98;50;1.39;1;1
19098;13685.24;50;1.34;1;1
19099;13440.86;50;1.37;1;1
19100;14125.12;50;1.34;1;1
19101;13489.74;50;1.41;1;1
19102;13734.12;50;1.35;1;1
19103;13880.74;50;1.37;1;1
19104;13978.49;50;1.39;1;1
19105;13440.86;50;1.40;1;1
19106;13734.12;50;1.34;1;1
19107;13831.87;50;1.37;1;1
19108;14027.37;50;1.38;1;1
19109;13489.74;50;1.40;1;1
19110;14076.25;50;1.35;1;1
19111;13929.62;50;1.41;1;1
19112;13685.24;50;1.39;1;1
19113;13440.86;50;1.37;1;1
19114;13880.74;50;1.34;1;1
19115;13636.36;50;1.39;1;1
19116;13636.36;50;1.36;1;1
19117;13489.74;50;1.36;1;1
19118;13831.87;50;1.35;1;1
19119;13587.49;50;1.38;1;1
19120;13587.49;50;1.36;1;1
19121;13440.86;50;1.36;1;1
19122;14271.75;50;1.34;1;1
19123;13538.61;50;1.43;1;1
19124;13978.49;50;1.35;1;1
19125;13440.86;50;1.40;1;1
19126;13831.87;50;1.34;1;1
19127;13636.36;50;1.38;1;1
19128;13734.12;50;1.36;1;1
19129;13685.24;50;1.37;1;1
19130;14174.00;50;1.37;1;1
19131;13782.99;50;1.42;1;1
19132;13880.74;50;1.38;1;1
19133;13587.49;50;1.39;1;1
19134;14027.37;50;1.36;1;1
19135;13587.49;50;1.40;1;1
19136;13782.99;50;1.36;1;1
19137;13734.12;50;1.38;1;1
19138;13978.49;50;1.37;1;1
19139;13685.24;50;1.40;1;1
19140;13978.49;50;1.37;1;1
19141;13440.86;50;1.40;1;1
19142;13978.49;50;1.34;1;1
19143;13489.74;50;1.40;1;1
19144;13929.62;50;1.35;1;1
19145;13636.36;50;1.39;1;1
19146;14027.37;50;1.36;1;1
19147;13391.98;50;1.40;1;1
19148;13978.49;50;1.34;1;1
19149;13636.36;50;1.40;1;1
19150;14027.37;50;1.36;1;1
19151;13343.11;50;1.40;1;1
19152;14027.37;50;1.33;1;1
19153;13538.61;50;1.40;1;1
19154;13880.74;50;1.35;1;1
19155;13391.98;50;1.39;1;1
19156;13831.87;50;1.34;1;1
19157;13391.98;50;1.38;1;1
19158;14271.75;50;1.34;1;1
19159;13440.86;50;1.43;1;1
19160;13880.74;50;1.34;1;1
19161;13343.11;50;1.39;1;1
19162;13978.49;50;1.33;1;1
19163;13685.24;50;1.40;1;1
19164;14222.87;50;1.37;1;1
19165;13391.98;50;1.42;1;1
19166;14613.88;50;1.34;1;1
19167;13343.11;50;1.46;1;1
19168;14027.37;50;1.33;1;1
19169;13391.98;50;1.40;1;1
19170;14027.37;50;1.34;1;1
19171;13440.86;50;1.40;1;1
19172;13831.87;50;1.34;1;1
19173;13587.49;50;1.38;1;1
19174;14174.00;50;1.36;1;1
19175;13489.74;50;1.42;1;1
19176;14076.25;50;1.35;1;1
19177;13636.36;50;1.41;1;1
19178;14222.87;50;1.36;1;1
19179;13734.12;50;1.42;1;1
19180;14076.25;50;1.37;1;1
19181;13538.61;50;1.41;1;1
19182;14174.00;50;1.35;1;1
19183;13587.49;50;1.42;1;1
19184;13880.74;50;1.36;1;1
19185;13391.98;50;1.39;1;1
19186;14027.37;50;1.34;1;1
19187;13538.61;50;1.40;1;1
19188;14271.75;50;1.35;1;1
19189;13538.61;50;1.43;1;1
19190;14174.00;50;1.35;1;1
19191;13391.98;50;1.42;1;1
19192;14222.87;50;1.34;1;1
19193;13685.24;50;1.42;1;1
19194;14222.87;50;1.37;1;1
19195;13391.98;50;1.42;1;1
19196;14565.00;50;1.34;1;1
19197;13782.99;50;1.46;1;1
19198;14222.87;50;1.38;1;1
19199;13734.12;50;1.42;1;1
19200;14467.25;50;1.37;1;1
19201;13685.24;50;1.45;1;1
19202;14271.75;50;1.37;1;1
19203;13685.24;50;1.43;1;1
19204;14418.38;50;1.37;1;1
19205;13734.12;50;1.44;1;1
19206;14174.00;50;1.37;1;1
19207;13587.49;50;1.42;1;1
19208;13978.49;50;1.36;1;1
19209;13587.49;50;1.40;1;1
19210;14369.50;50;1.36;1;1
19211;13636.36;50;1.44;1;1
19212;14174.00;50;1.36;1;1
19213;13978.49;50;1.42;1;1
19214;14271.75;50;1.40;1;1
19215;13685.24;50;1.43;1;1
19216;14125.12;50;1.37;1;1
19217;13685.24;50;1.41;1;1
19218;14125.12;50;1.37;1;1
19219;13587.49;50;1.41;1;1
19220;14271.75;50;1.36;1;1
19221;13734.12;50;1.43;1;1
19222;14271.75;50;1.37;1;1
19223;13587.49;50;1.43;1;1
19224;14174.00;50;1.36;1;1
19225;13636.36;50;1.42;1;1
19226;13978.49;50;1.36;1;1
19227;13685.24;50;1.40;1;1
19228;14418.38;50;1.37;1;1
19229;13978.49;50;1.44;1;1
19230;14174.00;50;1.40;1;1
19231;13782.99;50;1.42;1;1
19232;13880.74;50;1.38;1;1
19233;13782.99;50;1.39;1;1
19234;13978.49;50;1.38;1;1
19235;13929.62;50;1.40;1;1
19236;14125.12;50;1.39;1;1
19237;13880.74;50;1.41;1;1
19238;13831.87;50;1.39;1;1
19239;13880.74;50;1.38;1;1
19240;13978.49;50;1.39;1;1
19241;14027.37;50;1.40;1;1
19242;13929.62;50;1.40;1;1
19243;14125.12;50;1.39;1;1
19244;13782.99;50;1.41;1;1
19245;13929.62;50;1.38;1;1
19246;14027.37;50;1.39;1;1
19247;14125.12;50;1.40;1;1
19248;13978.49;50;1.41;1;1
19249;14076.25;50;1.40;1;1
19250;13831.87;50;1.41;1;1
19251;14125.12;50;1.38;1;1
19252;13831.87;50;1.41;1;1
19253;14076.25;50;1.38;1;1
19254;13880.74;50;1.41;1;1
19255;14076.25;50;1.39;1;1
19256;13734.12;50;1.41;1;1
19257;14125.12;50;1.37;1;1
19258;13831.87;50;1.41;1;1
19259;14125.12;50;1.38;1;1
19260;13782.99;50;1.41;1;1
19261;14076.25;50;1.38;1;1
19262;13685.24;50;1.41;1;1
19263;13929.62;50;1.37;1;1
19264;13685.24;50;1.39;1;1
19265;14125.12;50;1.37;1;1
19266;13929.62;50;1.41;1;1
19267;14222.87;50;1.39;1;1
19268;13782.99;50;1.42;1;1
19269;14369.50;50;1.38;1;1
19270;13734.12;50;1.44;1;1
19271;14320.63;50;1.37;1;1
19272;13831.87;50;1.43;1;1
19273;14125.12;50;1.38;1;1
19274;13880.74;50;1.41;1;1
19275;14174.00;50;1.39;1;1
19276;13929.62;50;1.42;1;1
19277;14271.75;50;1.39;1;1
19278;13929.62;50;1.43;1;1
19279;14271.75;50;1.39;1;1
19280;13880.74;50;1.43;1;1
19281;14320.63;50;1.39;1;1
19282;13782.99;50;1.43;1;1
19283;14174.00;50;1.38;1;1
19284;13978.49;50;1.42;1;1
19285;14858.26;50;1.40;1;1
19286;14125.12;50;1.49;1;1
19287;14711.63;50;1.41;1;1
19288;14125.12;50;1.47;1;1
19289;14760.51;50;1.41;1;1
19290;14222.87;50;1.48;1;1
19291;14711.63;50;1.42;1;1
19292;14271.75;50;1.47;1;1
19293;14858.26;50;1.43;1;1
19294;14222.87;50;1.49;1;1
19295;14907.14;50;1.42;1;1
19296;14174.00;50;1.49;1;1
19297;14809.38;50;1.42;1;1
19298;14222.87;50;1.48;1;1
19299;14956.01;50;1.42;1;1
19300;14174.00;50;1.50;1;1
19301;14467.25;50;1.42;1;1
19302;13782.99;50;1.45;1;1
19303;14467.25;50;1.38;1;1
19304;13734.12;50;1.45;1;1
19305;14418.38;50;1.37;1;1
19306;13929.62;50;1.44;1;1
19307;14565.00;50;1.39;1;1
19308;13929.62;50;1.46;1;1
19309;14516.13;50;1.39;1;1
19310;13880.74;50;1.45;1;1
19311;14467.25;50;1.39;1;1
19312;13636.36;50;1.45;1;1
19313;14858.26;50;1.36;1;1
19314;13880.74;50;1.49;1;1
19315;14271.75;50;1.39;1;1
19316;13978.49;50;1.43;1;1
19317;14271.75;50;1.40;1;1
19318;13685.24;50;1.43;1;1
19319;13734.12;50;1.37;1;1
19320;13391.98;50;1.37;1;1
19321;13880.74;50;1.34;1;1
19322;13343.11;50;1.39;1;1
19323;14027.37;50;1.33;1;1
19324;13294.23;50;1.40;1;1
19325;13929.62;50;1.33;1;1
19326;13245.36;50;1.39;1;1
19327;14320.63;50;1.32;1;1
19328;13782.99;50;1.43;1;1
19329;14662.76;50;1.38;1;1
19330;13978.49;50;1.47;1;1
19331;14369.50;50;1.40;1;1
19332;14174.00;50;1.44;1;1
19333;14125.12;50;1.42;1;1
19334;13782.99;50;1.41;1;1
19335;13978.49;50;1.38;1;1
19336;13831.87;50;1.40;1;1
19337;13880.74;50;1.38;1;1
19338;13978.49;50;1.39;1;1
19339;14125.12;50;1.40;1;1
19340;13929.62;50;1.41;1;1
19341;14320.63;50;1.39;1;1
19342;13831.87;50;1.43;1;1
19343;14027.37;50;1.38;1;1
19344;14027.37;50;1.40;1;1
19345;14027.37;50;1.40;1;1
19346;13978.49;50;1.40;1;1
19347;13929.62;50;1.40;1;1
19348;14222.87;50;1.39;1;1
19349;13782.99;50;1.42;1;1
19350;14027.37;50;1.38;1;1
19351;13831.87;50;1.40;1;1
19352;13929.62;50;1.38;1;1
19353;13734.12;50;1.39;1;1
19354;13880.74;50;1.37;1;1
19355;13831.87;50;1.39;1;1
19356;14125.12;50;1.38;1;1
19357;13685.24;50;1.41;1;1
19358;14320.63;50;1.37;1;1
19359;13685.24;50;1.43;1;1
19360;14222.87;50;1.37;1;1
19361;13734.12;50;1.42;1;1
19362;14174.00;50;1.37;1;1
19363;13831.87;50;1.42;1;1
19364;14320.63;50;1.38;1;1
19365;13734.12;50;1.43;1;1
19366;13929.62;50;1.37;1;1
19367;13831.87;50;1.39;1;1
19368;14271.75;50;1.38;1;1
19369;13636.36;50;1.43;1;1
19370;14271.75;50;1.36;1;1
19371;13734.12;50;1.43;1;1
19372;14271.75;50;1.37;1;1
19373;13685.24;50;1.43;1;1
19374;14125.12;50;1.37;1;1
19375;13587.49;50;1.41;1;1
19376;14369.50;50;1.36;1;1
19377;13538.61;50;1.44;1;1
19378;14320.63;50;1.35;1;1
19379;13734.12;50;1.43;1;1
19380;14320.63;50;1.37;1;1
19381;13440.86;50;1.43;1;1
19382;14418.38;50;1.34;1;1
19383;13734.12;50;1.44;1;1
19384;14369.50;50;1.37;1;1
19385;13685.24;50;1.44;1;1
19386;14125.12;50;1.37;1;1
19387;13587.49;50;1.41;1;1
19388;14076.25;50;1.36;1;1
19389;13685.24;50;1.41;1;1
19390;14174.00;50;1.37;1;1
19391;13587.49;50;1.42;1;1
19392;14222.87;50;1.36;1;1
19393;13587.49;50;1.42;1;1
19394;14271.75;50;1.36;1;1
19395;13538.61;50;1.43;1;1
19396;14271.75;50;1.35;1;1
19397;13587.49;50;1.43;1;1
19398;14467.25;50;1.36;1;1
19399;13587.49;50;1.45;1;1
19400;14320.63;50;1.36;1;1
19401;13685.24;50;1.43;1;1
19402;14369.50;50;1.37;1;1
19403;13685.24;50;1.44;1;1
19404;14320.63;50;1.37;1;1
19405;13734.12;50;1.43;1;1
19406;14369.50;50;1.37;1;1
19407;13636.36;50;1.44;1;1
19408;14271.75;50;1.36;1;1
19409;13587.49;50;1.43;1;1
19410;14467.25;50;1.36;1;1
19411;13734.12;50;1.45;1;1
19412;14320.63;50;1.37;1;1
19413;13782.99;50;1.43;1;1
19414;14271.75;50;1.38;1;1
19415;13929.62;50;1.43;1;1
19416;14222.87;50;1.39;1;1
19417;13782.99;50;1.42;1;1
19418;14320.63;50;1.38;1;1
19419;13831.87;50;1.43;1;1
19420;14760.51;50;1.38;1;1
19421;14125.12;50;1.48;1;1
19422;14418.38;50;1.41;1;1
19423;14076.25;50;1.44;1;1
19424;14271.75;50;1.41;1;1
19425;13831.87;50;1.43;1;1
19426;14369.50;50;1.38;1;1
19427;13929.62;50;1.44;1;1
19428;14076.25;50;1.39;1;1
19429;13831.87;50;1.41;1;1
19430;14125.12;50;1.38;1;1
19431;13831.87;50;1.41;1;1
19432;14125.12;50;1.38;1;1
19433;14027.37;50;1.41;1;1
19434;14222.87;50;1.40;1;1
19435;13880.74;50;1.42;1;1
19436;14076.25;50;1.39;1;1
19437;13880.74;50;1.41;1;1
19438;14271.75;50;1.39;1;1
19439;13880.74;50;1.43;1;1
19440;14076.25;50;1.39;1;1
19441;13685.24;50;1.41;1;1
19442;14320.63;50;1.37;1;1
19443;13734.12;50;1.43;1;1
19444;14027.37;50;1.37;1;1
19445;13782.99;50;1.40;1;1
19446;14125.12;50;1.38;1;1
19447;13782.99;50;1.41;1;1
19448;14076.25;50;1.38;1;1
19449;13978.49;50;1.41;1;1
19450;14174.00;50;1.40;1;1
19451;13929.62;50;1.42;1;1
19452;14027.37;50;1.39;1;1
19453;14027.37;50;1.40;1;1
19454;14027.37;50;1.40;1;1
19455;13734.12;50;1.40;1;1
19456;13880.74;50;1.37;1;1
19457;13929.62;50;1.39;1;1
19458;14027.37;50;1.39;1;1
19459;13880.74;50;1.40;1;1
19460;14027.37;50;1.39;1;1
19461;14467.25;50;1.40;1;1
19462;13978.49;50;1.45;1;1
19463;14076.25;50;1.40;1;1
19464;14076.25;50;1.41;1;1
19465;13978.49;50;1.41;1;1
19466;13929.62;50;1.40;1;1
19467;13782.99;50;1.39;1;1
19468;14027.37;50;1.38;1;1
19469;13636.36;50;1.40;1;1
19470;13929.62;50;1.36;1;1
19471;13782.99;50;1.39;1;1
19472;14320.63;50;1.38;1;1
19473;14369.50;50;1.43;1;1
19474;14320.63;50;1.44;1;1
19475;14271.75;50;1.43;1;1
19476;14027.37;50;1.43;1;1
19477;14320.63;50;1.40;1;1
19478;14125.12;50;1.43;1;1
19479;14076.25;50;1.41;1;1
19480;13929.62;50;1.41;1;1
19481;14076.25;50;1.39;1;1
19482;14076.25;50;1.41;1;1
19483;14076.25;50;1.41;1;1
19484;13831.87;50;1.41;1;1
19485;14125.12;50;1.38;1;1
19486;13636.36;50;1.41;1;1
19487;14027.37;50;1.36;1;1
19488;13929.62;50;1.40;1;1
19489;14027.37;50;1.39;1;1
19490;13831.87;50;1.40;1;1
19491;14125.12;50;1.38;1;1
19492;13489.74;50;1.41;1;1
19493;13880.74;50;1.35;1;1
19494;13440.86;50;1.39;1;1
19495;14125.12;50;1.34;1;1
19496;13685.24;50;1.41;1;1
19497;13929.62;50;1.37;1;1
19498;13587.49;50;1.39;1;1
19499;14125.12;50;1.36;1;1
19500;13489.74;50;1.41;1;1
19501;13929.62;50;1.35;1;1
19502;13636.36;50;1.39;1;1
19503;14320.63;50;1.36;1;1
19504;13685.24;50;1.43;1;1
19505;14076.25;50;1.37;1;1
19506;13685.24;50;1.41;1;1
19507;14271.75;50;1.37;1;1
19508;13734.12;50;1.43;1;1
19509;14271.75;50;1.37;1;1
19510;13734.12;50;1.43;1;1
19511;14418.38;50;1.37;1;1
19512;13782.99;50;1.44;1;1
19513;14369.50;50;1.38;1;1
19514;13685.24;50;1.44;1;1
19515;14369.50;50;1.37;1;1
19516;13685.24;50;1.44;1;1
19517;14222.87;50;1.37;1;1
19518;13831.87;50;1.42;1;1
19519;14222.87;50;1.38;1;1
19520;13831.87;50;1.42;1;1
19521;14222.87;50;1.38;1;1
19522;13880.74;50;1.42;1;1
19523;14222.87;50;1.39;1;1
19524;13831.87;50;1.42;1;1
19525;14076.25;50;1.38;1;1
19526;13685.24;50;1.41;1;1
19527;14222.87;50;1.37;1;1
19528;13734.12;50;1.42;1;1
19529;14369.50;50;1.37;1;1
19530;13587.49;50;1.44;1;1
19531;14125.12;50;1.36;1;1
19532;13538.61;50;1.41;1;1
19533;14271.75;50;1.35;1;1
19534;13685.24;50;1.43;1;1
19535;14271.75;50;1.37;1;1
19536;13685.24;50;1.43;1;1
19537;14467.25;50;1.37;1;1
19538;13636.36;50;1.45;1;1
19539;14467.25;50;1.36;1;1
19540;13636.36;50;1.45;1;1
19541;14369.50;50;1.36;1;1
19542;13685.24;50;1.44;1;1
19543;14222.87;50;1.37;1;1
19544;13880.74;50;1.42;1;1
19545;14418.38;50;1.39;1;1
19546;13685.24;50;1.44;1;1
19547;14271.75;50;1.37;1;1
19548;13489.74;50;1.43;1;1
19549;14076.25;50;1.35;1;1
19550;13440.86;50;1.41;1;1
19551;14369.50;50;1.34;1;1
19552;13831.87;50;1.44;1;1
19553;14222.87;50;1.38;1;1
19554;13734.12;50;1.42;1;1
19555;14222.87;50;1.37;1;1
19556;13782.99;50;1.42;1;1
19557;14565.00;50;1.38;1;1
19558;13831.87;50;1.46;1;1
19559;14418.38;50;1.38;1;1
19560;13685.24;50;1.44;1;1
19561;14222.87;50;1.37;1;1
19562;13782.99;50;1.42;1;1
19563;14320.63;50;1.38;1;1
19564;13636.36;50;1.43;1;1
19565;14125.12;50;1.36;1;1
19566;13538.61;50;1.41;1;1
19567;14222.87;50;1.35;1;1
19568;13587.49;50;1.42;1;1
19569;14467.25;50;1.36;1;1
19570;13636.36;50;1.45;1;1
19571;14271.75;50;1.36;1;1
19572;13489.74;50;1.43;1;1
19573;14222.87;50;1.35;1;1
19574;13538.61;50;1.42;1;1
19575;14271.75;50;1.35;1;1
19576;13587.49;50;1.43;1;1
19577;14369.50;50;1.36;1;1
19578;13587.49;50;1.44;1;1
19579;14174.00;50;1.36;1;1
19580;13440.86;50;1.42;1;1
19581;14320.63;50;1.34;1;1
19582;13538.61;50;1.43;1;1
19583;14174.00;50;1.35;1;1
19584;13538.61;50;1.42;1;1
19585;14125.12;50;1.35;1;1
19586;13538.61;50;1.41;1;1
19587;14125.12;50;1.35;1;1
19588;13538.61;50;1.41;1;1
19589;14369.50;50;1.35;1;1
19590;13587.49;50;1.44;1;1
19591;14222.87;50;1.36;1;1
19592;13440.86;50;1.42;1;1
19593;14076.25;50;1.34;1;1
19594;13489.74;50;1.41;1;1
19595;14271.75;50;1.35;1;1
19596;13636.36;50;1.43;1;1
19597;14125.12;50;1.36;1;1
19598;13391.98;50;1.41;1;1
19599;14125.12;50;1.34;1;1
19600;13636.36;50;1.41;1;1
19601;14174.00;50;1.36;1;1
19602;13489.74;50;1.42;1;1
19603;14174.00;50;1.35;1;1
19604;13538.61;50;1.42;1;1
19605;14125.12;50;1.35;1;1
19606;13391.98;50;1.41;1;1
19607;14222.87;50;1.34;1;1
19608;13587.49;50;1.42;1;1
19609;14125.12;50;1.36;1;1
19610;13538.61;50;1.41;1;1
19611;14174.00;50;1.35;1;1
19612;13440.86;50;1.42;1;1
19613;14125.12;50;1.34;1;1
19614;13294.23;50;1.41;1;1
19615;14271.75;50;1.33;1;1
19616;13538.61;50;1.43;1;1
19617;14467.25;50;1.35;1;1
19618;13782.99;50;1.45;1;1
19619;14222.87;50;1.38;1;1
19620;13538.61;50;1.42;1;1
19621;14467.25;50;1.35;1;1
19622;13636.36;50;1.45;1;1
19623;14516.13;50;1.36;1;1
19624;13782.99;50;1.45;1;1
19625;14516.13;50;1.38;1;1
19626;13782.99;50;1.45;1;1
19627;14369.50;50;1.38;1;1
19628;13636.36;50;1.44;1;1
19629;14760.51;50;1.36;1;1
19630;13685.24;50;1.48;1;1
19631;14418.38;50;1.37;1;1
19632;13880.74;50;1.44;1;1
19633;14369.50;50;1.39;1;1
19634;13782.99;50;1.44;1;1
19635;14516.13;50;1.38;1;1
19636;13880.74;50;1.45;1;1
19637;14369.50;50;1.39;1;1
19638;13782.99;50;1.44;1;1
19639;14418.38;50;1.38;1;1
19640;13831.87;50;1.44;1;1
19641;14760.51;50;1.38;1;1
19642;13734.12;50;1.48;1;1
19643;14222.87;50;1.37;1;1
19644;13831.87;50;1.42;1;1
19645;14369.50;50;1.38;1;1
19646;13831.87;50;1.44;1;1
19647;14418.38;50;1.38;1;1
19648;14076.25;50;1.44;1;1
19649;14271.75;50;1.41;1;1
19650;13929.62;50;1.43;1;1
19651;14271.75;50;1.39;1;1
19652;13831.87;50;1.43;1;1
19653;14418.38;50;1.38;1;1
19654;13978.49;50;1.44;1;1
19655;14418.38;50;1.40;1;1
19656;13880.74;50;1.44;1;1
19657;14222.87;50;1.39;1;1
19658;13782.99;50;1.42;1;1
19659;14125.12;50;1.38;1;1
19660;14027.37;50;1.41;1;1
19661;14222.87;50;1.40;1;1
19662;13880.74;50;1.42;1;1
19663;14516.13;50;1.39;1;1
19664;13880.74;50;1.45;1;1
19665;14271.75;50;1.39;1;1
19666;13880.74;50;1.43;1;1
19667;14271.75;50;1.39;1;1
19668;13636.36;50;1.43;1;1
19669;14418.38;50;1.36;1;1
19670;14076.25;50;1.44;1;1
19671;14320.63;50;1.41;1;1
19672;14027.37;50;1.43;1;1
19673;14125.12;50;1.40;1;1
19674;13880.74;50;1.41;1;1
19675;14369.50;50;1.39;1;1
19676;13929.62;50;1.44;1;1
19677;14418.38;50;1.39;1;1
19678;14027.37;50;1.44;1;1
19679;14076.25;50;1.40;1;1
19680;13929.62;50;1.41;1;1
19681;14271.75;50;1.39;1;1
19682;14125.12;50;1.43;1;1
19683;14320.63;50;1.41;1;1
19684;14076.25;50;1.43;1;1
19685;14174.00;50;1.41;1;1
19686;14076.25;50;1.42;1;1
19687;14174.00;50;1.41;1;1
19688;13831.87;50;1.42;1;1
19689;14222.87;50;1.38;1;1
19690;14125.12;50;1.42;1;1
19691;14271.75;50;1.41;1;1
19692;14125.12;50;1.43;1;1
19693;13929.62;50;1.41;1;1
19694;14027.37;50;1.39;1;1
19695;14076.25;50;1.40;1;1
19696;13978.49;50;1.41;1;1
19697;14271.75;50;1.40;1;1
19698;13929.62;50;1.43;1;1
19699;14222.87;50;1.39;1;1
19700;13978.49;50;1.42;1;1
19701;14125.12;50;1.40;1;1
19702;14027.37;50;1.41;1;1
19703;14222.87;50;1.40;1;1
19704;13929.62;50;1.42;1;1
19705;14271.75;50;1.39;1;1
19706;14369.50;50;1.43;1;1
19707;14027.37;50;1.44;1;1
19708;14174.00;50;1.40;1;1
19709;14125.12;50;1.42;1;1
19710;14027.37;50;1.41;1;1
19711;14076.25;50;1.40;1;1
19712;14369.50;50;1.41;1;1
19713;14076.25;50;1.44;1;1
19714;14125.12;50;1.41;1;1
19715;13978.49;50;1.41;1;1
19716;14222.87;50;1.40;1;1
19717;13978.49;50;1.42;1;1
19718;14174.00;50;1.40;1;1
19719;14027.37;50;1.42;1;1
19720;13978.49;50;1.40;1;1
19721;13734.12;50;1.40;1;1
19722;14125.12;50;1.37;1;1
19723;13391.98;50;1.41;1;1
19724;14369.50;50;1.34;1;1
19725;13782.99;50;1.44;1;1
19726;14369.50;50;1.38;1;1
19727;13831.87;50;1.44;1;1
19728;14271.75;50;1.38;1;1
19729;14027.37;50;1.43;1;1
19730;14320.63;50;1.40;1;1
19731;13831.87;50;1.43;1;1
19732;14369.50;50;1.38;1;1
19733;14027.37;50;1.44;1;1
19734;14320.63;50;1.40;1;1
19735;13587.49;50;1.43;1;1
19736;14271.75;50;1.36;1;1
19737;13685.24;50;1.43;1;1
19738;14516.13;50;1.37;1;1
19739;13636.36;50;1.45;1;1
19740;14222.87;50;1.36;1;1
19741;13831.87;50;1.42;1;1
19742;14369.50;50;1.38;1;1
19743;13685.24;50;1.44;1;1
19744;14271.75;50;1.37;1;1
19745;13685.24;50;1.43;1;1
19746;14760.51;50;1.37;1;1
19747;14027.37;50;1.48;1;1
19748;14320.63;50;1.40;1;1
19749;13782.99;50;1.43;1;1
19750;14467.25;50;1.38;1;1
19751;13734.12;50;1.45;1;1
19752;14516.13;50;1.37;1;1
19753;13782.99;50;1.45;1;1
19754;14516.13;50;1.38;1;1
19755;13782.99;50;1.45;1;1
19756;14467.25;50;1.38;1;1
19757;13880.74;50;1.45;1;1
19758;14467.25;50;1.39;1;1
19759;13734.12;50;1.45;1;1
19760;14369.50;50;1.37;1;1
19761;13782.99;50;1.44;1;1
19762;14369.50;50;1.38;1;1
19763;13636.36;50;1.44;1;1
19764;14467.25;50;1.36;1;1
19765;13831.87;50;1.45;1;1
19766;14418.38;50;1.38;1;1
19767;13929.62;50;1.44;1;1
19768;14418.38;50;1.39;1;1
19769;13929.62;50;1.44;1;1
19770;14467.25;50;1.39;1;1
19771;13734.12;50;1.45;1;1
19772;14222.87;50;1.37;1;1
19773;13782.99;50;1.42;1;1
19774;14467.25;50;1.38;1;1
19775;13880.74;50;1.45;1;1
19776;14467.25;50;1.39;1;1
19777;13831.87;50;1.45;1;1
19778;14516.13;50;1.38;1;1
19779;13831.87;50;1.45;1;1
19780;14565.00;50;1.38;1;1
19781;13880.74;50;1.46;1;1
19782;14369.50;50;1.39;1;1
19783;13978.49;50;1.44;1;1
19784;14418.38;50;1.40;1;1
19785;13880.74;50;1.44;1;1
19786;14565.00;50;1.39;1;1
19787;13929.62;50;1.46;1;1
19788;14711.63;50;1.39;1;1
19789;13831.87;50;1.47;1;1
19790;14418.38;50;1.38;1;1
19791;13929.62;50;1.44;1;1
19792;14662.76;50;1.39;1;1
19793;14027.37;50;1.47;1;1
19794;14613.88;50;1.40;1;1
19795;13880.74;50;1.46;1;1
19796;14516.13;50;1.39;1;1
19797;13831.87;50;1.45;1;1
19798;14565.00;50;1.38;1;1
19799;13734.12;50;1.46;1;1
19800;14467.25;50;1.37;1;1
19801;13734.12;50;1.45;1;1
19802;14467.25;50;1.37;1;1
19803;13880.74;50;1.45;1;1
19804;14711.63;50;1.39;1;1
19805;14027.37;50;1.47;1;1
19806;14369.50;50;1.40;1;1
19807;13831.87;50;1.44;1;1
19808;14565.00;50;1.38;1;1
19809;14027.37;50;1.46;1;1
19810;14760.51;50;1.40;1;1
19811;13978.49;50;1.48;1;1
19812;14711.63;50;1.40;1;1
19813;14174.00;50;1.47;1;1
19814;14956.01;50;1.42;1;1
19815;14125.12;50;1.50;1;1
19816;14662.76;50;1.41;1;1
19817;14174.00;50;1.47;1;1
19818;14565.00;50;1.42;1;1
19819;14125.12;50;1.46;1;1
19820;14711.63;50;1.41;1;1
19821;14174.00;50;1.47;1;1
19822;14516.13;50;1.42;1;1
19823;14271.75;50;1.45;1;1
19824;14760.51;50;1.43;1;1
19825;14418.38;50;1.48;1;1
19826;14907.14;50;1.44;1;1
19827;14369.50;50;1.49;1;1
19828;14809.38;50;1.44;1;1
19829;14369.50;50;1.48;1;1
19830;15004.89;50;1.44;1;1
19831;14516.13;50;1.50;1;1
19832;14760.51;50;1.45;1;1
19833;14418.38;50;1.48;1;1
19834;14858.26;50;1.44;1;1
19835;14222.87;50;1.49;1;1
19836;14760.51;50;1.42;1;1
19837;14320.63;50;1.48;1;1
19838;14467.25;50;1.43;1;1
19839;14320.63;50;1.45;1;1
19840;14467.25;50;1.43;1;1
19841;14565.00;50;1.45;1;1
19842;14711.63;50;1.46;1;1
19843;14222.87;50;1.47;1;1
19844;14565.00;50;1.42;1;1
19845;14271.75;50;1.46;1;1
19846;14516.13;50;1.43;1;1
19847;14174.00;50;1.45;1;1
19848;14320.63;50;1.42;1;1
19849;14320.63;50;1.43;1;1
19850;14320.63;50;1.43;1;1
19851;14467.25;50;1.43;1;1
19852;14320.63;50;1.45;1;1
19853;14418.38;50;1.43;1;1
19854;14222.87;50;1.44;1;1
19855;14565.00;50;1.42;1;1
19856;14858.26;50;1.46;1;1
19857;14467.25;50;1.49;1;1
19858;14320.63;50;1.45;1;1
19859;14369.50;50;1.43;1;1
19860;14222.87;50;1.44;1;1
19861;14613.88;50;1.42;1;1
19862;14320.63;50;1.46;1;1
19863;14565.00;50;1.43;1;1
19864;14369.50;50;1.46;1;1
19865;14613.88;50;1.44;1;1
19866;14222.87;50;1.46;1;1
19867;14467.25;50;1.42;1;1
19868;14271.75;50;1.45;1;1
19869;14760.51;50;1.43;1;1
19870;14222.87;50;1.48;1;1
19871;14760.51;50;1.42;1;1
19872;14174.00;50;1.48;1;1
19873;14565.00;50;1.42;1;1
19874;14076.25;50;1.46;1;1
19875;14711.63;50;1.41;1;1
19876;14418.38;50;1.47;1;1
19877;14760.51;50;1.44;1;1
19878;14418.38;50;1.48;1;1
19879;14760.51;50;1.44;1;1
19880;14418.38;50;1.48;1;1
19881;14711.63;50;1.44;1;1
19882;14467.25;50;1.47;1;1
19883;14662.76;50;1.45;1;1
19884;14125.12;50;1.47;1;1
19885;14760.51;50;1.41;1;1
19886;14174.00;50;1.48;1;1
19887;14809.38;50;1.42;1;1
19888;14174.00;50;1.48;1;1
19889;14662.76;50;1.42;1;1
19890;14125.12;50;1.47;1;1
19891;14662.76;50;1.41;1;1
19892;14125.12;50;1.47;1;1
19893;14760.51;50;1.41;1;1
19894;14222.87;50;1.48;1;1
19895;14809.38;50;1.42;1;1
19896;14174.00;50;1.48;1;1
19897;14760.51;50;1.42;1;1
19898;14222.87;50;1.48;1;1
19899;14809.38;50;1.42;1;1
19900;14174.00;50;1.48;1;1
19901;14760.51;50;1.42;1;1
19902;14125.12;50;1.48;1;1
19903;14858.26;50;1.41;1;1
19904;14076.25;50;1.49;1;1
19905;14809.38;50;1.41;1;1
19906;14271.75;50;1.48;1;1
19907;14956.01;50;1.43;1;1
19908;14125.12;50;1.50;1;1
19909;14760.51;50;1.41;1;1
19910;14271.75;50;1.48;1;1
19911;14760.51;50;1.43;1;1
19912;14222.87;50;1.48;1;1
19913;14858.26;50;1.42;1;1
19914;14174.00;50;1.49;1;1
19915;14907.14;50;1.42;1;1
19916;14271.75;50;1.49;1;1
19917;14907.14;50;1.43;1;1
19918;14418.38;50;1.49;1;1
19919;14858.26;50;1.44;1;1
19920;14369.50;50;1.49;1;1
19921;14565.00;50;1.44;1;1
19922;14418.38;50;1.46;1;1
19923;14858.26;50;1.44;1;1
19924;14320.63;50;1.49;1;1
19925;14956.01;50;1.43;1;1
19926;14418.38;50;1.50;1;1
19927;15004.89;50;1.44;1;1
19928;14222.87;50;1.50;1;1
19929;15102.64;50;1.42;1;1
19930;14271.75;50;1.51;1;1
19931;14760.51;50;1.43;1;1
19932;14125.12;50;1.48;1;1
19933;14809.38;50;1.41;1;1
19934;13978.49;50;1.48;1;1
19935;14662.76;50;1.40;1;1
19936;14222.87;50;1.47;1;1
19937;14711.63;50;1.42;1;1
19938;14174.00;50;1.47;1;1
19939;14711.63;50;1.42;1;1
19940;14125.12;50;1.47;1;1
19941;14662.76;50;1.41;1;1
19942;14125.12;50;1.47;1;1
19943;14662.76;50;1.41;1;1
19944;14320.63;50;1.47;1;1
19945;14809.38;50;1.43;1;1
19946;14222.87;50;1.48;1;1
19947;14760.51;50;1.42;1;1
19948;14271.75;50;1.48;1;1
19949;14662.76;50;1.43;1;1
19950;14222.87;50;1.47;1;1
19951;14858.26;50;1.42;1;1
19952;14418.38;50;1.49;1;1
19953;14711.63;50;1.44;1;1
19954;14320.63;50;1.47;1;1
19955;14662.76;50;1.43;1;1
19956;14271.75;50;1.47;1;1
19957;15053.76;50;1.43;1;1
19958;14467.25;50;1.51;1;1
19959;14711.63;50;1.45;1;1
19960;14271.75;50;1.47;1;1
19961;14809.38;50;1.43;1;1
19962;14174.00;50;1.48;1;1
19963;14907.14;50;1.42;1;1
19964;14467.25;50;1.49;1;1
19965;14613.88;50;1.45;1;1
19966;14076.25;50;1.46;1;1
19967;14760.51;50;1.41;1;1
19968;14369.50;50;1.48;1;1
19969;14809.38;50;1.44;1;1
19970;14565.00;50;1.48;1;1
19971;14956.01;50;1.46;1;1
19972;14467.25;50;1.50;1;1
19973;14418.38;50;1.45;1;1
19974;14174.00;50;1.44;1;1
19975;14711.63;50;1.42;1;1
19976;14516.13;50;1.47;1;1
19977;14711.63;50;1.45;1;1
19978;14320.63;50;1.47;1;1
19979;14711.63;50;1.43;1;1
19980;14565.00;50;1.47;1;1
19981;14613.88;50;1.46;1;1
19982;14516.13;50;1.46;1;1
19983;14565.00;50;1.45;1;1
19984;14760.51;50;1.46;1;1
19985;14907.14;50;1.48;1;1
19986;14613.88;50;1.49;1;1
19987;14760.51;50;1.46;1;1
19988;14662.76;50;1.48;1;1
19989;14711.63;50;1.47;1;1
19990;14516.13;50;1.47;1;1
19991;14516.13;50;1.45;1;1
19992;14858.26;50;1.45;1;1
19993;14858.26;50;1.49;1;1
19994;14613.88;50;1.49;1;1
19995;14760.51;50;1.46;1;1
19996;14516.13;50;1.48;1;1
19997;14565.00;50;1.45;1;1
19998;14613.88;50;1.46;1;1
19999;14662.76;50;1.46;1;1
20000;14516.13;50;1.47;1;1
20001;14467.25;50;1.45;1;1
20002;14760.51;50;1.45;1;1
20003;14516.13;50;1.48;1;1
20004;14662.76;50;1.45;1;1
20005;14467.25;50;1.47;1;1
20006;14662.76;50;1.45;1;1
20007;14613.88;50;1.47;1;1
20008;14760.51;50;1.46;1;1
20009;14516.13;50;1.48;1;1
20010;14907.14;50;1.45;1;1
20011;14711.63;50;1.49;1;1
20012;14760.51;50;1.47;1;1
20013;14613.88;50;1.48;1;1
20014;14907.14;50;1.46;1;1
20015;14516.13;50;1.49;1;1
20016;14809.38;50;1.45;1;1
20017;14613.88;50;1.48;1;1
20018;14662.76;50;1.46;1;1
20019;14711.63;50;1.47;1;1
20020;15249.27;50;1.47;1;1
20021;14711.63;50;1.52;1;1
20022;14809.38;50;1.47;1;1
20023;14613.88;50;1.48;1;1
20024;14956.01;50;1.46;1;1
20025;14613.88;50;1.50;1;1
20026;15004.89;50;1.46;1;1
20027;14760.51;50;1.50;1;1
20028;14956.01;50;1.48;1;1
20029;14418.38;50;1.50;1;1
20030;14809.38;50;1.44;1;1
20031;14711.63;50;1.48;1;1
20032;15004.89;50;1.47;1;1
20033;14174.00;50;1.50;1;1
20034;15004.89;50;1.42;1;1
20035;14222.87;50;1.50;1;1
20036;14956.01;50;1.42;1;1
20037;14467.25;50;1.50;1;1
20038;14956.01;50;1.45;1;1
20039;14418.38;50;1.50;1;1
20040;14956.01;50;1.44;1;1
20041;14369.50;50;1.50;1;1
20042;14907.14;50;1.44;1;1
20043;14418.38;50;1.49;1;1
20044;15053.76;50;1.44;1;1
20045;14369.50;50;1.51;1;1
20046;15004.89;50;1.44;1;1
20047;14271.75;50;1.50;1;1
20048;14858.26;50;1.43;1;1
20049;14271.75;50;1.49;1;1
20050;14907.14;50;1.43;1;1
20051;14320.63;50;1.49;1;1
20052;15004.89;50;1.43;1;1
20053;14418.38;50;1.50;1;1
20054;14956.01;50;1.44;1;1
20055;14320.63;50;1.50;1;1
20056;14956.01;50;1.43;1;1
20057;14222.87;50;1.50;1;1
20058;14858.26;50;1.42;1;1
20059;14174.00;50;1.49;1;1
20060;14858.26;50;1.42;1;1
20061;14369.50;50;1.49;1;1
20062;14956.01;50;1.44;1;1
20063;14369.50;50;1.50;1;1
20064;14858.26;50;1.44;1;1
20065;14125.12;50;1.49;1;1
20066;14809.38;50;1.41;1;1
20067;14271.75;50;1.48;1;1
20068;14809.38;50;1.43;1;1
20069;14222.87;50;1.48;1;1
20070;14907.14;50;1.42;1;1
20071;14320.63;50;1.49;1;1
20072;14907.14;50;1.43;1;1
20073;14271.75;50;1.49;1;1
20074;14760.51;50;1.43;1;1
20075;14222.87;50;1.48;1;1
20076;14760.51;50;1.42;1;1
20077;14076.25;50;1.48;1;1
20078;14662.76;50;1.41;1;1
20079;14271.75;50;1.47;1;1
20080;14662.76;50;1.43;1;1
20081;14271.75;50;1.47;1;1
20082;14760.51;50;1.43;1;1
20083;14222.87;50;1.48;1;1
20084;14711.63;50;1.42;1;1
20085;14222.87;50;1.47;1;1
20086;14858.26;50;1.42;1;1
20087;14174.00;50;1.49;1;1
20088;14662.76;50;1.42;1;1
20089;14076.25;50;1.47;1;1
20090;14662.76;50;1.41;1;1
20091;14271.75;50;1.47;1;1
20092;14956.01;50;1.43;1;1
20093;14271.75;50;1.50;1;1
20094;14711.63;50;1.43;1;1
20095;14271.75;50;1.47;1;1
20096;14760.51;50;1.43;1;1
20097;14222.87;50;1.48;1;1
20098;14711.63;50;1.42;1;1
20099;14027.37;50;1.47;1;1
20100;14760.51;50;1.40;1;1
20101;14271.75;50;1.48;1;1
20102;14467.25;50;1.43;1;1
20103;14271.75;50;1.45;1;1
20104;14858.26;50;1.43;1;1
20105;14222.87;50;1.49;1;1
20106;14662.76;50;1.42;1;1
20107;14222.87;50;1.47;1;1
20108;14565.00;50;1.42;1;1
20109;14516.13;50;1.46;1;1
20110;14613.88;50;1.45;1;1
20111;14418.38;50;1.46;1;1
20112;14418.38;50;1.44;1;1
20113;14516.13;50;1.44;1;1
20114;14467.25;50;1.45;1;1
20115;14516.13;50;1.45;1;1
20116;14565.00;50;1.45;1;1
20117;14418.38;50;1.46;1;1
20118;14662.76;50;1.44;1;1
20119;14467.25;50;1.47;1;1
20120;14565.00;50;1.45;1;1
20121;14467.25;50;1.46;1;1
20122;14565.00;50;1.45;1;1
20123;14369.50;50;1.46;1;1
20124;14516.13;50;1.44;1;1
20125;14467.25;50;1.45;1;1
20126;14662.76;50;1.45;1;1
20127;14516.13;50;1.47;1;1
20128;14613.88;50;1.45;1;1
20129;14662.76;50;1.46;1;1
20130;14711.63;50;1.47;1;1
20131;14613.88;50;1.47;1;1
20132;14516.13;50;1.46;1;1
20133;14467.25;50;1.45;1;1
20134;14565.00;50;1.45;1;1
20135;14711.63;50;1.46;1;1
20136;14662.76;50;1.47;1;1
20137;14711.63;50;1.47;1;1
20138;14662.76;50;1.47;1;1
20139;14565.00;50;1.47;1;1
20140;14760.51;50;1.46;1;1
20141;14711.63;50;1.48;1;1
20142;14760.51;50;1.47;1;1
20143;14760.51;50;1.48;1;1
20144;14809.38;50;1.48;1;1
20145;14858.26;50;1.48;1;1
20146;14613.88;50;1.49;1;1
20147;14858.26;50;1.46;1;1
20148;14907.14;50;1.49;1;1
20149;14809.38;50;1.49;1;1
20150;14662.76;50;1.48;1;1
20151;14907.14;50;1.47;1;1
20152;14662.76;50;1.49;1;1
20153;14858.26;50;1.47;1;1
20154;14516.13;50;1.49;1;1
20155;14760.51;50;1.45;1;1
20156;14760.51;50;1.48;1;1
20157;14760.51;50;1.48;1;1
20158;14760.51;50;1.48;1;1
20159;15004.89;50;1.48;1;1
20160;14662.76;50;1.50;1;1
20161;15151.51;50;1.47;1;1
20162;14760.51;50;1.52;1;1
20163;15004.89;50;1.48;1;1
20164;14711.63;50;1.50;1;1
20165;15053.76;50;1.47;1;1
20166;14711.63;50;1.51;1;1
20167;15102.64;50;1.47;1;1
20168;14613.88;50;1.51;1;1
20169;15200.39;50;1.46;1;1
20170;14516.13;50;1.52;1;1
20171;14956.01;50;1.45;1;1
20172;14662.76;50;1.50;1;1
20173;15298.14;50;1.47;1;1
20174;14613.88;50;1.53;1;1
20175;15102.64;50;1.46;1;1
20176;14174.00;50;1.51;1;1
20177;14662.76;50;1.42;1;1
20178;14369.50;50;1.47;1;1
20179;14858.26;50;1.44;1;1
20180;14418.38;50;1.49;1;1
20181;15004.89;50;1.44;1;1
20182;14418.38;50;1.50;1;1
20183;15053.76;50;1.44;1;1
20184;14369.50;50;1.51;1;1
20185;14858.26;50;1.44;1;1
20186;14467.25;50;1.49;1;1
20187;15053.76;50;1.45;1;1
20188;14418.38;50;1.51;1;1
20189;14956.01;50;1.44;1;1
20190;14418.38;50;1.50;1;1
20191;14760.51;50;1.44;1;1
20192;14516.13;50;1.48;1;1
20193;15249.27;50;1.45;1;1
20194;14174.00;50;1.52;1;1
20195;15004.89;50;1.42;1;1
20196;14516.13;50;1.50;1;1
20197;14907.14;50;1.45;1;1
20198;14418.38;50;1.49;1;1
20199;14858.26;50;1.44;1;1
20200;14369.50;50;1.49;1;1
20201;14907.14;50;1.44;1;1
20202;14418.38;50;1.49;1;1
20203;15053.76;50;1.44;1;1
20204;14565.00;50;1.51;1;1
20205;14956.01;50;1.46;1;1
20206;14662.76;50;1.50;1;1
20207;14809.38;50;1.47;1;1
20208;14271.75;50;1.48;1;1
20209;14565.00;50;1.43;1;1
20210;14222.87;50;1.46;1;1
20211;14858.26;50;1.42;1;1
20212;14418.38;50;1.49;1;1
20213;14516.13;50;1.44;1;1
20214;14418.38;50;1.45;1;1
20215;14516.13;50;1.44;1;1
20216;14418.38;50;1.45;1;1
20217;14956.01;50;1.44;1;1
20218;14418.38;50;1.50;1;1
20219;14711.63;50;1.44;1;1
20220;14320.63;50;1.47;1;1
20221;14711.63;50;1.43;1;1
20222;14516.13;50;1.47;1;1
20223;14711.63;50;1.45;1;1
20224;14222.87;50;1.47;1;1
20225;14613.88;50;1.42;1;1
20226;14467.25;50;1.46;1;1
20227;14809.38;50;1.45;1;1
20228;14271.75;50;1.48;1;1
20229;14418.38;50;1.43;1;1
20230;14418.38;50;1.44;1;1
20231;14565.00;50;1.44;1;1
20232;14467.25;50;1.46;1;1
20233;14613.88;50;1.45;1;1
20234;14418.38;50;1.46;1;1
20235;14418.38;50;1.44;1;1
20236;14613.88;50;1.44;1;1
20237;14711.63;50;1.46;1;1
20238;14467.25;50;1.47;1;1
20239;14418.38;50;1.45;1;1
20240;14467.25;50;1.44;1;1
20241;14662.76;50;1.45;1;1
20242;14613.88;50;1.47;1;1
20243;14565.00;50;1.46;1;1
20244;14418.38;50;1.46;1;1
20245;14565.00;50;1.44;1;1
20246;14369.50;50;1.46;1;1
20247;14369.50;50;1.44;1;1
20248;14565.00;50;1.44;1;1
20249;14320.63;50;1.46;1;1
20250;14467.25;50;1.43;1;1
20251;14760.51;50;1.45;1;1
20252;14711.63;50;1.48;1;1
20253;14516.13;50;1.47;1;1
20254;14858.26;50;1.45;1;1
20255;14662.76;50;1.49;1;1
20256;14858.26;50;1.47;1;1
20257;14516.13;50;1.49;1;1
20258;14809.38;50;1.45;1;1
20259;14516.13;50;1.48;1;1
20260;14662.76;50;1.45;1;1
20261;14516.13;50;1.47;1;1
20262;14858.26;50;1.45;1;1
20263;14516.13;50;1.49;1;1
20264;14907.14;50;1.45;1;1
20265;14271.75;50;1.49;1;1
20266;14809.38;50;1.43;1;1
20267;14369.50;50;1.48;1;1
20268;14907.14;50;1.44;1;1
20269;14418.38;50;1.49;1;1
20270;14907.14;50;1.44;1;1
20271;14369.50;50;1.49;1;1
20272;14613.88;50;1.44;1;1
20273;14271.75;50;1.46;1;1
20274;14809.38;50;1.43;1;1
20275;14418.38;50;1.48;1;1
20276;14760.51;50;1.44;1;1
20277;14418.38;50;1.48;1;1
20278;15004.89;50;1.44;1;1
20279;14271.75;50;1.50;1;1
20280;14760.51;50;1.43;1;1
20281;14320.63;50;1.48;1;1
20282;14809.38;50;1.43;1;1
20283;14174.00;50;1.48;1;1
20284;14711.63;50;1.42;1;1
20285;14271.75;50;1.47;1;1
20286;14516.13;50;1.43;1;1
20287;14174.00;50;1.45;1;1
20288;14956.01;50;1.42;1;1
20289;14565.00;50;1.50;1;1
20290;15004.89;50;1.46;1;1
20291;14613.88;50;1.50;1;1
20292;15200.39;50;1.46;1;1
20293;14418.38;50;1.52;1;1
20294;15200.39;50;1.44;1;1
20295;14760.51;50;1.52;1;1
20296;15151.51;50;1.48;1;1
20297;14271.75;50;1.52;1;1
20298;14956.01;50;1.43;1;1
20299;14418.38;50;1.50;1;1
20300;15200.39;50;1.44;1;1
20301;14565.00;50;1.52;1;1
20302;15249.27;50;1.46;1;1
20303;14662.76;50;1.52;1;1
20304;15151.51;50;1.47;1;1
20305;14418.38;50;1.52;1;1
20306;14858.26;50;1.44;1;1
20307;14320.63;50;1.49;1;1
20308;14858.26;50;1.43;1;1
20309;14956.01;50;1.49;1;1
20310;14907.14;50;1.50;1;1
20311;14467.25;50;1.49;1;1
20312;14809.38;50;1.45;1;1
20313;14711.63;50;1.48;1;1
20314;15053.76;50;1.47;1;1
20315;14613.88;50;1.51;1;1
20316;14956.01;50;1.46;1;1
20317;14711.63;50;1.50;1;1
20318;15102.64;50;1.47;1;1
20319;14956.01;50;1.51;1;1
20320;15102.64;50;1.50;1;1
20321;14809.38;50;1.51;1;1
20322;15004.89;50;1.48;1;1
20323;14907.14;50;1.50;1;1
20324;15004.89;50;1.49;1;1
20325;14956.01;50;1.50;1;1
20326;14956.01;50;1.50;1;1
20327;14956.01;50;1.50;1;1
20328;14907.14;50;1.50;1;1
20329;14858.26;50;1.49;1;1
20330;14760.51;50;1.49;1;1
20331;14760.51;50;1.48;1;1
20332;14907.14;50;1.48;1;1
20333;15200.39;50;1.49;1;1
20334;14858.26;50;1.52;1;1
20335;14907.14;50;1.49;1;1
20336;14711.63;50;1.49;1;1
20337;15151.51;50;1.47;1;1
20338;14760.51;50;1.52;1;1
20339;14956.01;50;1.48;1;1
20340;14565.00;50;1.50;1;1
20341;15249.27;50;1.46;1;1
20342;14809.38;50;1.52;1;1
20343;14956.01;50;1.48;1;1
20344;14613.88;50;1.50;1;1
20345;15053.76;50;1.46;1;1
20346;14271.75;50;1.51;1;1
20347;15200.39;50;1.43;1;1
20348;14516.13;50;1.52;1;1
20349;15053.76;50;1.45;1;1
20350;14271.75;50;1.51;1;1
20351;15200.39;50;1.43;1;1
20352;14076.25;50;1.52;1;1
20353;14711.63;50;1.41;1;1
20354;14271.75;50;1.47;1;1
20355;15151.51;50;1.43;1;1
20356;14613.88;50;1.52;1;1
20357;15395.89;50;1.46;1;1
20358;14809.38;50;1.54;1;1
20359;15249.27;50;1.48;1;1
20360;14467.25;50;1.52;1;1
20361;15151.51;50;1.45;1;1
20362;14418.38;50;1.52;1;1
20363;15200.39;50;1.44;1;1
20364;14662.76;50;1.52;1;1
20365;15200.39;50;1.47;1;1
20366;14809.38;50;1.52;1;1
20367;15249.27;50;1.48;1;1
20368;14760.51;50;1.52;1;1
20369;15347.02;50;1.48;1;1
20370;14565.00;50;1.53;1;1
20371;15444.77;50;1.46;1;1
20372;14662.76;50;1.54;1;1
20373;15493.65;50;1.47;1;1
20374;14858.26;50;1.55;1;1
20375;15004.89;50;1.49;1;1
20376;14858.26;50;1.50;1;1
20377;15151.51;50;1.49;1;1
20378;14662.76;50;1.52;1;1
20379;15249.27;50;1.47;1;1
20380;14858.26;50;1.52;1;1
20381;15249.27;50;1.49;1;1
20382;14760.51;50;1.52;1;1
20383;15542.52;50;1.48;1;1
20384;15004.89;50;1.55;1;1
20385;15102.64;50;1.50;1;1
20386;14809.38;50;1.51;1;1
20387;15395.89;50;1.48;1;1
20388;14613.88;50;1.54;1;1
20389;15395.89;50;1.46;1;1
20390;14809.38;50;1.54;1;1
20391;15493.65;50;1.48;1;1
20392;14760.51;50;1.55;1;1
20393;15444.77;50;1.48;1;1
20394;14956.01;50;1.54;1;1
20395;15542.52;50;1.50;1;1
20396;14956.01;50;1.55;1;1
20397;15298.14;50;1.50;1;1
20398;14956.01;50;1.53;1;1
20399;15444.77;50;1.50;1;1
20400;14907.14;50;1.54;1;1
20401;15640.27;50;1.49;1;1
20402;14907.14;50;1.56;1;1
20403;15542.52;50;1.49;1;1
20404;14809.38;50;1.55;1;1
20405;15493.65;50;1.48;1;1
20406;14858.26;50;1.55;1;1
20407;15542.52;50;1.49;1;1
20408;15004.89;50;1.55;1;1
20409;15542.52;50;1.50;1;1
20410;14711.63;50;1.55;1;1
20411;15591.40;50;1.47;1;1
20412;15053.76;50;1.56;1;1
20413;15591.40;50;1.51;1;1
20414;14907.14;50;1.56;1;1
20415;15689.15;50;1.49;1;1
20416;15102.64;50;1.57;1;1
20417;15542.52;50;1.51;1;1
20418;14956.01;50;1.55;1;1
20419;15542.52;50;1.50;1;1
20420;14809.38;50;1.55;1;1
20421;15542.52;50;1.48;1;1
20422;14858.26;50;1.55;1;1
20423;15591.40;50;1.49;1;1
20424;15004.89;50;1.56;1;1
20425;15493.65;50;1.50;1;1
20426;14956.01;50;1.55;1;1
20427;15542.52;50;1.50;1;1
20428;14565.00;50;1.55;1;1
20429;15298.14;50;1.46;1;1
20430;14907.14;50;1.53;1;1
20431;15444.77;50;1.49;1;1
20432;14809.38;50;1.54;1;1
20433;15591.40;50;1.48;1;1
20434;14760.51;50;1.56;1;1
20435;15395.89;50;1.48;1;1
20436;14760.51;50;1.54;1;1
20437;15151.51;50;1.48;1;1
20438;14711.63;50;1.52;1;1
20439;15493.65;50;1.47;1;1
20440;14662.76;50;1.55;1;1
20441;15249.27;50;1.47;1;1
20442;14907.14;50;1.52;1;1
20443;15444.77;50;1.49;1;1
20444;14907.14;50;1.54;1;1
20445;15444.77;50;1.49;1;1
20446;14956.01;50;1.54;1;1
20447;15347.02;50;1.50;1;1
20448;15151.51;50;1.53;1;1
20449;15347.02;50;1.52;1;1
20450;14858.26;50;1.53;1;1
20451;15200.39;50;1.49;1;1
20452;14907.14;50;1.52;1;1
20453;15102.64;50;1.49;1;1
20454;14858.26;50;1.51;1;1
20455;15249.27;50;1.49;1;1
20456;15102.64;50;1.52;1;1
20457;15053.76;50;1.51;1;1
20458;15249.27;50;1.51;1;1
20459;14907.14;50;1.52;1;1
20460;15053.76;50;1.49;1;1
20461;15249.27;50;1.51;1;1
20462;15102.64;50;1.52;1;1
20463;14711.63;50;1.51;1;1
20464;14956.01;50;1.47;1;1
20465;15102.64;50;1.50;1;1
20466;15249.27;50;1.51;1;1
20467;14320.63;50;1.52;1;1
20468;15200.39;50;1.43;1;1
20469;14956.01;50;1.52;1;1
20470;14662.76;50;1.50;1;1
20471;14467.25;50;1.47;1;1
20472;14809.38;50;1.45;1;1
20473;14467.25;50;1.48;1;1
20474;15249.27;50;1.45;1;1
20475;14760.51;50;1.52;1;1
20476;15249.27;50;1.48;1;1
20477;14809.38;50;1.52;1;1
20478;15347.02;50;1.48;1;1
20479;14760.51;50;1.53;1;1
20480;15444.77;50;1.48;1;1
20481;14809.38;50;1.54;1;1
20482;15542.52;50;1.48;1;1
20483;15102.64;50;1.55;1;1
20484;15102.64;50;1.51;1;1
20485;14907.14;50;1.51;1;1
20486;15395.89;50;1.49;1;1
20487;14858.26;50;1.54;1;1
20488;15591.40;50;1.49;1;1
20489;14956.01;50;1.56;1;1
20490;15395.89;50;1.50;1;1
20491;15004.89;50;1.54;1;1
20492;15200.39;50;1.50;1;1
20493;14711.63;50;1.52;1;1
20494;15298.14;50;1.47;1;1
20495;14760.51;50;1.53;1;1
20496;15102.64;50;1.48;1;1
20497;14760.51;50;1.51;1;1
20498;15444.77;50;1.48;1;1
20499;14809.38;50;1.54;1;1
20500;15493.65;50;1.48;1;1
20501;14907.14;50;1.55;1;1
20502;15542.52;50;1.49;1;1
20503;15102.64;50;1.55;1;1
20504;15493.65;50;1.51;1;1
20505;14809.38;50;1.55;1;1
20506;15444.77;50;1.48;1;1
20507;14760.51;50;1.54;1;1
20508;15542.52;50;1.48;1;1
20509;15004.89;50;1.55;1;1
20510;15249.27;50;1.50;1;1
20511;14809.38;50;1.52;1;1
20512;15151.51;50;1.48;1;1
20513;14858.26;50;1.52;1;1
20514;15249.27;50;1.49;1;1
20515;14711.63;50;1.52;1;1
20516;15493.65;50;1.47;1;1
20517;14858.26;50;1.55;1;1
20518;15347.02;50;1.49;1;1
20519;14662.76;50;1.53;1;1
20520;15395.89;50;1.47;1;1
20521;14760.51;50;1.54;1;1
20522;15347.02;50;1.48;1;1
20523;14760.51;50;1.53;1;1
20524;15347.02;50;1.48;1;1
20525;14613.88;50;1.53;1;1
20526;15298.14;50;1.46;1;1
20527;14613.88;50;1.53;1;1
20528;15493.65;50;1.46;1;1
20529;14858.26;50;1.55;1;1
20530;15200.39;50;1.49;1;1
20531;14760.51;50;1.52;1;1
20532;15395.89;50;1.48;1;1
20533;14809.38;50;1.54;1;1
20534;15493.65;50;1.48;1;1
20535;14760.51;50;1.55;1;1
20536;15444.77;50;1.48;1;1
20537;14760.51;50;1.54;1;1
20538;15200.39;50;1.48;1;1
20539;14711.63;50;1.52;1;1
20540;15444.77;50;1.47;1;1
20541;14760.51;50;1.54;1;1
20542;15347.02;50;1.48;1;1
20543;14613.88;50;1.53;1;1
20544;15347.02;50;1.46;1;1
20545;14662.76;50;1.53;1;1
20546;15249.27;50;1.47;1;1
20547;14907.14;50;1.52;1;1
20548;15395.89;50;1.49;1;1
20549;14907.14;50;1.54;1;1
20550;15444.77;50;1.49;1;1
20551;14760.51;50;1.54;1;1
20552;15347.02;50;1.48;1;1
20553;14858.26;50;1.53;1;1
20554;15200.39;50;1.49;1;1
20555;15102.64;50;1.52;1;1
20556;14907.14;50;1.51;1;1
20557;14858.26;50;1.49;1;1
20558;15200.39;50;1.49;1;1
20559;14711.63;50;1.52;1;1
20560;15151.51;50;1.47;1;1
20561;14907.14;50;1.52;1;1
20562;15053.76;50;1.49;1;1
20563;15151.51;50;1.51;1;1
20564;15151.51;50;1.52;1;1
20565;14809.38;50;1.52;1;1
20566;15395.89;50;1.48;1;1
20567;14613.88;50;1.54;1;1
20568;15004.89;50;1.46;1;1
20569;14711.63;50;1.50;1;1
20570;15151.51;50;1.47;1;1
20571;14858.26;50;1.52;1;1
20572;15298.14;50;1.49;1;1
20573;15053.76;50;1.53;1;1
20574;15298.14;50;1.51;1;1
20575;15004.89;50;1.53;1;1
20576;15249.27;50;1.50;1;1
20577;14809.38;50;1.52;1;1
20578;15200.39;50;1.48;1;1
20579;15004.89;50;1.52;1;1
20580;15053.76;50;1.50;1;1
20581;14907.14;50;1.51;1;1
20582;14956.01;50;1.49;1;1
20583;14760.51;50;1.50;1;1
20584;14956.01;50;1.48;1;1
20585;15004.89;50;1.50;1;1
20586;14956.01;50;1.50;1;1
20587;14662.76;50;1.50;1;1
20588;14907.14;50;1.47;1;1
20589;15053.76;50;1.49;1;1
20590;14760.51;50;1.51;1;1
20591;14858.26;50;1.48;1;1
20592;15249.27;50;1.49;1;1
20593;15102.64;50;1.52;1;1
20594;14760.51;50;1.51;1;1
20595;15004.89;50;1.48;1;1
20596;14613.88;50;1.50;1;1
20597;15151.51;50;1.46;1;1
20598;14907.14;50;1.52;1;1
20599;15151.51;50;1.49;1;1
20600;14760.51;50;1.52;1;1
20601;15151.51;50;1.48;1;1
20602;14662.76;50;1.52;1;1
20603;15053.76;50;1.47;1;1
20604;14760.51;50;1.51;1;1
20605;15102.64;50;1.48;1;1
20606;14711.63;50;1.51;1;1
20607;15200.39;50;1.47;1;1
20608;14711.63;50;1.52;1;1
20609;15200.39;50;1.47;1;1
20610;14613.88;50;1.52;1;1
20611;15249.27;50;1.46;1;1
20612;14662.76;50;1.52;1;1
20613;15200.39;50;1.47;1;1
20614;14858.26;50;1.52;1;1
20615;15053.76;50;1.49;1;1
20616;14809.38;50;1.51;1;1
20617;15102.64;50;1.48;1;1
20618;14858.26;50;1.51;1;1
20619;15151.51;50;1.49;1;1
20620;14662.76;50;1.52;1;1
20621;15102.64;50;1.47;1;1
20622;14956.01;50;1.51;1;1
20623;15249.27;50;1.50;1;1
20624;15004.89;50;1.52;1;1
20625;15298.14;50;1.50;1;1
20626;15102.64;50;1.53;1;1
20627;15444.77;50;1.51;1;1
20628;14956.01;50;1.54;1;1
20629;15298.14;50;1.50;1;1
20630;14809.38;50;1.53;1;1
20631;15395.89;50;1.48;1;1
20632;14907.14;50;1.54;1;1
20633;15395.89;50;1.49;1;1
20634;14760.51;50;1.54;1;1
20635;15347.02;50;1.48;1;1
20636;14662.76;50;1.53;1;1
20637;15200.39;50;1.47;1;1
20638;14760.51;50;1.52;1;1
20639;15347.02;50;1.48;1;1
20640;14760.51;50;1.53;1;1
20641;15298.14;50;1.48;1;1
20642;14858.26;50;1.53;1;1
20643;15395.89;50;1.49;1;1
20644;14809.38;50;1.54;1;1
20645;15200.39;50;1.48;1;1
20646;14907.14;50;1.52;1;1
20647;15298.14;50;1.49;1;1
20648;14613.88;50;1.53;1;1
20649;15395.89;50;1.46;1;1
20650;14613.88;50;1.54;1;1
20651;15347.02;50;1.46;1;1
20652;14662.76;50;1.53;1;1
20653;15542.52;50;1.47;1;1
20654;14858.26;50;1.55;1;1
20655;15347.02;50;1.49;1;1
20656;14662.76;50;1.53;1;1
20657;15444.77;50;1.47;1;1
20658;14858.26;50;1.54;1;1
20659;15444.77;50;1.49;1;1
20660;14907.14;50;1.54;1;1
20661;15542.52;50;1.49;1;1
20662;14613.88;50;1.55;1;1
20663;15591.40;50;1.46;1;1
20664;14858.26;50;1.56;1;1
20665;15444.77;50;1.49;1;1
20666;14516.13;50;1.54;1;1
20667;15591.40;50;1.45;1;1
20668;14760.51;50;1.56;1;1
20669;15444.77;50;1.48;1;1
20670;14711.63;50;1.54;1;1
20671;15542.52;50;1.47;1;1
20672;14760.51;50;1.55;1;1
20673;15542.52;50;1.48;1;1
20674;14565.00;50;1.55;1;1
20675;15347.02;50;1.46;1;1
20676;14565.00;50;1.53;1;1
20677;15444.77;50;1.46;1;1
20678;14662.76;50;1.54;1;1
20679;15395.89;50;1.47;1;1
20680;14711.63;50;1.54;1;1
20681;15200.39;50;1.47;1;1
20682;14711.63;50;1.52;1;1
20683;15298.14;50;1.47;1;1
20684;14711.63;50;1.53;1;1
20685;15738.03;50;1.47;1;1
20686;14662.76;50;1.57;1;1
20687;15347.02;50;1.47;1;1
20688;14809.38;50;1.53;1;1
20689;15298.14;50;1.48;1;1
20690;14711.63;50;1.53;1;1
20691;14956.01;50;1.47;1;1
20692;14565.00;50;1.50;1;1
20693;15249.27;50;1.46;1;1
20694;14809.38;50;1.52;1;1
20695;15200.39;50;1.48;1;1
20696;14613.88;50;1.52;1;1
20697;15298.14;50;1.46;1;1
20698;15004.89;50;1.53;1;1
20699;15298.14;50;1.50;1;1
20700;14907.14;50;1.53;1;1
20701;15151.51;50;1.49;1;1
20702;14956.01;50;1.52;1;1
20703;15395.89;50;1.50;1;1
20704;14711.63;50;1.54;1;1
20705;15298.14;50;1.47;1;1
20706;14907.14;50;1.53;1;1
20707;15444.77;50;1.49;1;1
20708;14809.38;50;1.54;1;1
20709;15444.77;50;1.48;1;1
20710;14858.26;50;1.54;1;1
20711;15347.02;50;1.49;1;1
20712;14858.26;50;1.53;1;1
20713;15444.77;50;1.49;1;1
20714;14907.14;50;1.54;1;1
20715;15395.89;50;1.49;1;1
20716;14809.38;50;1.54;1;1
20717;15444.77;50;1.48;1;1
20718;15053.76;50;1.54;1;1
20719;15151.51;50;1.51;1;1
20720;14956.01;50;1.52;1;1
20721;15347.02;50;1.50;1;1
20722;15347.02;50;1.53;1;1
20723;15200.39;50;1.53;1;1
20724;15004.89;50;1.52;1;1
20725;15151.51;50;1.50;1;1
20726;15298.14;50;1.52;1;1
20727;15004.89;50;1.53;1;1
20728;15004.89;50;1.50;1;1
20729;15298.14;50;1.50;1;1
20730;15053.76;50;1.53;1;1
20731;15200.39;50;1.51;1;1
20732;15200.39;50;1.52;1;1
20733;15249.27;50;1.52;1;1
20734;15444.77;50;1.52;1;1
20735;15591.40;50;1.54;1;1
20736;15395.89;50;1.56;1;1
20737;15151.51;50;1.54;1;1
20738;15249.27;50;1.52;1;1
20739;15298.14;50;1.52;1;1
20740;15298.14;50;1.53;1;1
20741;15395.89;50;1.53;1;1
20742;15102.64;50;1.54;1;1
20743;15004.89;50;1.51;1;1
20744;15298.14;50;1.50;1;1
20745;15444.77;50;1.53;1;1
20746;15444.77;50;1.54;1;1
20747;15004.89;50;1.54;1;1
20748;15298.14;50;1.50;1;1
20749;15053.76;50;1.53;1;1
20750;14956.01;50;1.51;1;1
20751;15151.51;50;1.50;1;1
20752;15053.76;50;1.52;1;1
20753;15298.14;50;1.51;1;1
20754;15444.77;50;1.53;1;1
20755;14907.14;50;1.54;1;1
20756;15151.51;50;1.49;1;1
20757;14907.14;50;1.52;1;1
20758;15298.14;50;1.49;1;1
20759;15053.76;50;1.53;1;1
20760;15249.27;50;1.51;1;1
20761;15151.51;50;1.52;1;1
20762;15200.39;50;1.52;1;1
20763;15298.14;50;1.52;1;1
20764;15200.39;50;1.53;1;1
20765;15053.76;50;1.52;1;1
20766;15151.51;50;1.51;1;1
20767;15200.39;50;1.52;1;1
20768;15249.27;50;1.52;1;1
20769;15249.27;50;1.52;1;1
20770;15347.02;50;1.52;1;1
20771;15249.27;50;1.53;1;1
20772;15249.27;50;1.52;1;1
20773;14809.38;50;1.52;1;1
20774;15200.39;50;1.48;1;1
20775;15200.39;50;1.52;1;1
20776;15151.51;50;1.52;1;1
20777;14907.14;50;1.52;1;1
20778;14858.26;50;1.49;1;1
20779;14907.14;50;1.49;1;1
20780;15053.76;50;1.49;1;1
20781;14516.13;50;1.51;1;1
20782;15053.76;50;1.45;1;1
20783;14711.63;50;1.51;1;1
20784;15004.89;50;1.47;1;1
20785;14809.38;50;1.50;1;1
20786;15249.27;50;1.48;1;1
20787;14760.51;50;1.52;1;1
20788;15004.89;50;1.48;1;1
20789;14760.51;50;1.50;1;1
20790;15102.64;50;1.48;1;1
20791;14711.63;50;1.51;1;1
20792;14809.38;50;1.47;1;1
20793;14809.38;50;1.48;1;1
20794;14956.01;50;1.48;1;1
20795;14711.63;50;1.50;1;1
20796;15102.64;50;1.47;1;1
20797;14662.76;50;1.51;1;1
20798;15053.76;50;1.47;1;1
20799;14711.63;50;1.51;1;1
20800;14907.14;50;1.47;1;1
20801;14565.00;50;1.49;1;1
20802;14956.01;50;1.46;1;1
20803;14613.88;50;1.50;1;1
20804;14907.14;50;1.46;1;1
20805;14613.88;50;1.49;1;1
20806;14956.01;50;1.46;1;1
20807;14760.51;50;1.50;1;1
20808;15200.39;50;1.48;1;1
20809;14760.51;50;1.52;1;1
20810;15249.27;50;1.48;1;1
20811;14565.00;50;1.52;1;1
20812;15102.64;50;1.46;1;1
20813;14613.88;50;1.51;1;1
20814;15004.89;50;1.46;1;1
20815;14565.00;50;1.50;1;1
20816;14907.14;50;1.46;1;1
20817;14369.50;50;1.49;1;1
20818;15053.76;50;1.44;1;1
20819;14320.63;50;1.51;1;1
20820;15200.39;50;1.43;1;1
20821;14565.00;50;1.52;1;1
20822;15102.64;50;1.46;1;1
20823;14418.38;50;1.51;1;1
20824;15102.64;50;1.44;1;1
20825;14418.38;50;1.51;1;1
20826;15200.39;50;1.44;1;1
20827;14467.25;50;1.52;1;1
20828;15151.51;50;1.45;1;1
20829;14369.50;50;1.52;1;1
20830;14907.14;50;1.44;1;1
20831;14418.38;50;1.49;1;1
20832;15053.76;50;1.44;1;1
20833;14418.38;50;1.51;1;1
20834;14956.01;50;1.44;1;1
20835;14516.13;50;1.50;1;1
20836;14956.01;50;1.45;1;1
20837;14467.25;50;1.50;1;1
20838;14956.01;50;1.45;1;1
20839;14467.25;50;1.50;1;1
20840;15200.39;50;1.45;1;1
20841;14418.38;50;1.52;1;1
20842;15102.64;50;1.44;1;1
20843;14516.13;50;1.51;1;1
20844;15151.51;50;1.45;1;1
20845;14516.13;50;1.52;1;1
20846;15151.51;50;1.45;1;1
20847;14467.25;50;1.52;1;1
20848;15151.51;50;1.45;1;1
20849;14760.51;50;1.52;1;1
20850;15591.40;50;1.48;1;1
20851;14711.63;50;1.56;1;1
20852;15444.77;50;1.47;1;1
20853;14760.51;50;1.54;1;1
20854;15493.65;50;1.48;1;1
20855;14711.63;50;1.55;1;1
20856;15444.77;50;1.47;1;1
20857;14809.38;50;1.54;1;1
20858;15249.27;50;1.48;1;1
20859;14516.13;50;1.52;1;1
20860;15102.64;50;1.45;1;1
20861;14613.88;50;1.51;1;1
20862;15151.51;50;1.46;1;1
20863;14467.25;50;1.52;1;1
20864;14956.01;50;1.45;1;1
20865;14613.88;50;1.50;1;1
20866;14760.51;50;1.46;1;1
20867;14613.88;50;1.48;1;1
20868;15053.76;50;1.46;1;1
20869;14613.88;50;1.51;1;1
20870;14956.01;50;1.46;1;1
20871;14809.38;50;1.50;1;1
20872;15102.64;50;1.48;1;1
20873;14613.88;50;1.51;1;1
20874;15102.64;50;1.46;1;1
20875;14809.38;50;1.51;1;1
20876;14956.01;50;1.48;1;1
20877;14565.00;50;1.50;1;1
20878;15102.64;50;1.46;1;1
20879;14858.26;50;1.51;1;1
20880;14956.01;50;1.49;1;1
20881;14760.51;50;1.50;1;1
20882;15004.89;50;1.48;1;1
20883;14809.38;50;1.50;1;1
20884;14858.26;50;1.48;1;1
20885;14760.51;50;1.49;1;1
20886;14809.38;50;1.48;1;1
20887;15053.76;50;1.48;1;1
20888;14907.14;50;1.51;1;1
20889;14662.76;50;1.49;1;1
20890;14711.63;50;1.47;1;1
20891;14956.01;50;1.47;1;1
20892;14809.38;50;1.50;1;1
20893;14760.51;50;1.48;1;1
20894;14760.51;50;1.48;1;1
20895;14858.26;50;1.48;1;1
20896;14809.38;50;1.49;1;1
20897;14956.01;50;1.48;1;1
20898;14711.63;50;1.50;1;1
20899;14662.76;50;1.47;1;1
20900;15053.76;50;1.47;1;1
20901;14711.63;50;1.51;1;1
20902;14858.26;50;1.47;1;1
20903;14760.51;50;1.49;1;1
20904;14711.63;50;1.48;1;1
20905;14760.51;50;1.47;1;1
20906;14613.88;50;1.48;1;1
20907;14711.63;50;1.46;1;1
20908;14613.88;50;1.47;1;1
20909;14467.25;50;1.46;1;1
20910;14809.38;50;1.45;1;1
20911;14956.01;50;1.48;1;1
20912;14222.87;50;1.50;1;1
20913;14418.38;50;1.42;1;1
20914;14662.76;50;1.44;1;1
20915;14711.63;50;1.47;1;1
20916;14711.63;50;1.47;1;1
20917;14760.51;50;1.47;1;1
20918;14516.13;50;1.48;1;1
20919;14711.63;50;1.45;1;1
20920;14565.00;50;1.47;1;1
20921;14711.63;50;1.46;1;1
20922;14760.51;50;1.47;1;1
20923;14565.00;50;1.48;1;1
20924;14467.25;50;1.46;1;1
20925;14613.88;50;1.45;1;1
20926;14613.88;50;1.46;1;1
20927;14662.76;50;1.46;1;1
20928;14320.63;50;1.47;1;1
20929;14711.63;50;1.43;1;1
20930;14320.63;50;1.47;1;1
20931;14613.88;50;1.43;1;1
20932;14418.38;50;1.46;1;1
20933;14613.88;50;1.44;1;1
20934;14662.76;50;1.46;1;1
20935;14907.14;50;1.47;1;1
20936;14418.38;50;1.49;1;1
20937;14809.38;50;1.44;1;1
20938;14516.13;50;1.48;1;1
20939;15102.64;50;1.45;1;1
20940;14222.87;50;1.51;1;1
20941;14809.38;50;1.42;1;1
20942;14320.63;50;1.48;1;1
20943;14858.26;50;1.43;1;1
20944;14271.75;50;1.49;1;1
20945;15004.89;50;1.43;1;1
20946;14222.87;50;1.50;1;1
20947;15004.89;50;1.42;1;1
20948;14174.00;50;1.50;1;1
20949;14956.01;50;1.42;1;1
20950;14320.63;50;1.50;1;1
20951;14809.38;50;1.43;1;1
20952;14222.87;50;1.48;1;1
20953;14907.14;50;1.42;1;1
20954;14418.38;50;1.49;1;1
20955;15053.76;50;1.44;1;1
20956;14467.25;50;1.51;1;1
20957;14956.01;50;1.45;1;1
20958;14369.50;50;1.50;1;1
20959;15004.89;50;1.44;1;1
20960;13978.49;50;1.50;1;1
20961;15004.89;50;1.40;1;1
20962;14320.63;50;1.50;1;1
20963;14956.01;50;1.43;1;1
20964;14467.25;50;1.50;1;1
20965;15151.51;50;1.45;1;1
20966;14271.75;50;1.52;1;1
20967;14956.01;50;1.43;1;1
20968;14369.50;50;1.50;1;1
20969;14907.14;50;1.44;1;1
20970;14271.75;50;1.49;1;1
20971;14858.26;50;1.43;1;1
20972;14369.50;50;1.49;1;1
20973;14907.14;50;1.44;1;1
20974;14174.00;50;1.49;1;1
20975;15004.89;50;1.42;1;1
20976;14271.75;50;1.50;1;1
20977;15004.89;50;1.43;1;1
20978;14516.13;50;1.50;1;1
20979;15249.27;50;1.45;1;1
20980;14320.63;50;1.52;1;1
20981;14858.26;50;1.43;1;1
20982;14222.87;50;1.49;1;1
20983;14907.14;50;1.42;1;1
20984;14125.12;50;1.49;1;1
20985;14711.63;50;1.41;1;1
20986;14320.63;50;1.47;1;1
20987;14760.51;50;1.43;1;1
20988;14076.25;50;1.48;1;1
20989;14809.38;50;1.41;1;1
20990;14174.00;50;1.48;1;1
20991;14711.63;50;1.42;1;1
20992;14222.87;50;1.47;1;1
20993;14809.38;50;1.42;1;1
20994;14125.12;50;1.48;1;1
20995;14760.51;50;1.41;1;1
20996;14271.75;50;1.48;1;1
20997;14760.51;50;1.43;1;1
20998;14320.63;50;1.48;1;1
20999;14858.26;50;1.43;1;1
21000;14369.50;50;1.49;1;1
21001;14956.01;50;1.44;1;1
21002;14565.00;50;1.50;1;1
21003;14760.51;50;1.46;1;1
21004;14565.00;50;1.48;1;1
21005;14662.76;50;1.46;1;1
21006;14369.50;50;1.47;1;1
21007;14662.76;50;1.44;1;1
21008;14467.25;50;1.47;1;1
21009;14711.63;50;1.45;1;1
21010;14418.38;50;1.47;1;1
21011;14565.00;50;1.44;1;1
21012;14369.50;50;1.46;1;1
21013;14418.38;50;1.44;1;1
21014;14418.38;50;1.44;1;1
21015;14516.13;50;1.44;1;1
21016;14320.63;50;1.45;1;1
21017;14467.25;50;1.43;1;1
21018;14369.50;50;1.45;1;1
21019;14369.50;50;1.44;1;1
21020;14271.75;50;1.44;1;1
21021;14320.63;50;1.43;1;1
21022;14369.50;50;1.43;1;1
21023;14418.38;50;1.44;1;1
21024;14320.63;50;1.44;1;1
21025;14369.50;50;1.43;1;1
21026;14222.87;50;1.44;1;1
21027;14418.38;50;1.42;1;1
21028;14320.63;50;1.44;1;1
21029;14320.63;50;1.43;1;1
21030;14369.50;50;1.43;1;1
21031;14320.63;50;1.44;1;1
21032;14271.75;50;1.43;1;1
21033;14662.76;50;1.43;1;1
21034;14467.25;50;1.47;1;1
21035;14565.00;50;1.45;1;1
21036;14418.38;50;1.46;1;1
21037;14467.25;50;1.44;1;1
21038;14369.50;50;1.45;1;1
21039;14516.13;50;1.44;1;1
21040;14320.63;50;1.45;1;1
21041;14418.38;50;1.43;1;1
21042;14467.25;50;1.44;1;1
21043;14369.50;50;1.45;1;1
21044;14760.51;50;1.44;1;1
21045;14271.75;50;1.48;1;1
21046;14662.76;50;1.43;1;1
21047;14320.63;50;1.47;1;1
21048;14516.13;50;1.43;1;1
21049;14222.87;50;1.45;1;1
21050;14565.00;50;1.42;1;1
21051;14320.63;50;1.46;1;1
21052;14711.63;50;1.43;1;1
21053;14174.00;50;1.47;1;1
21054;14662.76;50;1.42;1;1
21055;14222.87;50;1.47;1;1
21056;14711.63;50;1.42;1;1
21057;14320.63;50;1.47;1;1
21058;14711.63;50;1.43;1;1
21059;14222.87;50;1.47;1;1
21060;14711.63;50;1.42;1;1
21061;14125.12;50;1.47;1;1
21062;14662.76;50;1.41;1;1
21063;14320.63;50;1.47;1;1
21064;14858.26;50;1.43;1;1
21065;14516.13;50;1.49;1;1
21066;14907.14;50;1.45;1;1
21067;14467.25;50;1.49;1;1
21068;15004.89;50;1.45;1;1
21069;14320.63;50;1.50;1;1
21070;14907.14;50;1.43;1;1
21071;14418.38;50;1.49;1;1
21072;15053.76;50;1.44;1;1
21073;14320.63;50;1.51;1;1
21074;15102.64;50;1.43;1;1
21075;14369.50;50;1.51;1;1
21076;15053.76;50;1.44;1;1
21077;14467.25;50;1.51;1;1
21078;15053.76;50;1.45;1;1
21079;14369.50;50;1.51;1;1
21080;15053.76;50;1.44;1;1
21081;14369.50;50;1.51;1;1
21082;15004.89;50;1.44;1;1
21083;14467.25;50;1.50;1;1
21084;15004.89;50;1.45;1;1
21085;14271.75;50;1.50;1;1
21086;15004.89;50;1.43;1;1
21087;14516.13;50;1.50;1;1
21088;15151.51;50;1.45;1;1
21089;14271.75;50;1.52;1;1
21090;14907.14;50;1.43;1;1
21091;14222.87;50;1.49;1;1
21092;14809.38;50;1.42;1;1
21093;14174.00;50;1.48;1;1
21094;14907.14;50;1.42;1;1
21095;14222.87;50;1.49;1;1
21096;14956.01;50;1.42;1;1
21097;14222.87;50;1.50;1;1
21098;14956.01;50;1.42;1;1
21099;14271.75;50;1.50;1;1
21100;15004.89;50;1.43;1;1
21101;14125.12;50;1.50;1;1
21102;14956.01;50;1.41;1;1
21103;14369.50;50;1.50;1;1
21104;15053.76;50;1.44;1;1
21105;14418.38;50;1.51;1;1
21106;14956.01;50;1.44;1;1
21107;14320.63;50;1.50;1;1
21108;15004.89;50;1.43;1;1
21109;14271.75;50;1.50;1;1
21110;15102.64;50;1.43;1;1
21111;14467.25;50;1.51;1;1
21112;14809.38;50;1.45;1;1
21113;14369.50;50;1.48;1;1
21114;14907.14;50;1.44;1;1
21115;14369.50;50;1.49;1;1
21116;15053.76;50;1.44;1;1
21117;14613.88;50;1.51;1;1
21118;15004.89;50;1.46;1;1
21119;14516.13;50;1.50;1;1
21120;14809.38;50;1.45;1;1
21121;14418.38;50;1.48;1;1
21122;14760.51;50;1.44;1;1
21123;14418.38;50;1.48;1;1
21124;14809.38;50;1.44;1;1
21125;14467.25;50;1.48;1;1
21126;14565.00;50;1.45;1;1
21127;14418.38;50;1.46;1;1
21128;14613.88;50;1.44;1;1
21129;14565.00;50;1.46;1;1
21130;14711.63;50;1.46;1;1
21131;14369.50;50;1.47;1;1
21132;14809.38;50;1.44;1;1
21133;14320.63;50;1.48;1;1
21134;14711.63;50;1.43;1;1
21135;14369.50;50;1.47;1;1
21136;14662.76;50;1.44;1;1
21137;14369.50;50;1.47;1;1
21138;14662.76;50;1.44;1;1
21139;14320.63;50;1.47;1;1
21140;14662.76;50;1.43;1;1
21141;14271.75;50;1.47;1;1
21142;14565.00;50;1.43;1;1
21143;14369.50;50;1.46;1;1
21144;14662.76;50;1.44;1;1
21145;14222.87;50;1.47;1;1
21146;14516.13;50;1.42;1;1
21147;14320.63;50;1.45;1;1
21148;14516.13;50;1.43;1;1
21149;14516.13;50;1.45;1;1
21150;14369.50;50;1.45;1;1
21151;14662.76;50;1.44;1;1
21152;14320.63;50;1.47;1;1
21153;14613.88;50;1.43;1;1
21154;14271.75;50;1.46;1;1
21155;14662.76;50;1.43;1;1
21156;14516.13;50;1.47;1;1
21157;14907.14;50;1.45;1;1
21158;14565.00;50;1.49;1;1
21159;14809.38;50;1.46;1;1
21160;14516.13;50;1.48;1;1
21161;14760.51;50;1.45;1;1
21162;14516.13;50;1.48;1;1
21163;14858.26;50;1.45;1;1
21164;14418.38;50;1.49;1;1
21165;15053.76;50;1.44;1;1
21166;14760.51;50;1.51;1;1
21167;15053.76;50;1.48;1;1
21168;14369.50;50;1.51;1;1
21169;14760.51;50;1.44;1;1
21170;14516.13;50;1.48;1;1
21171;14956.01;50;1.45;1;1
21172;14516.13;50;1.50;1;1
21173;14956.01;50;1.45;1;1
21174;14320.63;50;1.50;1;1
21175;14956.01;50;1.43;1;1
21176;14467.25;50;1.50;1;1
21177;15053.76;50;1.45;1;1
21178;14516.13;50;1.51;1;1
21179;14956.01;50;1.45;1;1
21180;14467.25;50;1.50;1;1
21181;15151.51;50;1.45;1;1
21182;14760.51;50;1.52;1;1
21183;15200.39;50;1.48;1;1
21184;14467.25;50;1.52;1;1
21185;15102.64;50;1.45;1;1
21186;14418.38;50;1.51;1;1
21187;14907.14;50;1.44;1;1
21188;14369.50;50;1.49;1;1
21189;14809.38;50;1.44;1;1
21190;14369.50;50;1.48;1;1
21191;15249.27;50;1.44;1;1
21192;14565.00;50;1.52;1;1
21193;15053.76;50;1.46;1;1
21194;14320.63;50;1.51;1;1
21195;15200.39;50;1.43;1;1
21196;14418.38;50;1.52;1;1
21197;15151.51;50;1.44;1;1
21198;14418.38;50;1.52;1;1
21199;15249.27;50;1.44;1;1
21200;14516.13;50;1.52;1;1
21201;15151.51;50;1.45;1;1
21202;14613.88;50;1.52;1;1
21203;15347.02;50;1.46;1;1
21204;14467.25;50;1.53;1;1
21205;15004.89;50;1.45;1;1
21206;14369.50;50;1.50;1;1
21207;15249.27;50;1.44;1;1
21208;14516.13;50;1.52;1;1
21209;15151.51;50;1.45;1;1
21210;14809.38;50;1.52;1;1
21211;15200.39;50;1.48;1;1
21212;14711.63;50;1.52;1;1
21213;15151.51;50;1.47;1;1
21214;14613.88;50;1.52;1;1
21215;15395.89;50;1.46;1;1
21216;14662.76;50;1.54;1;1
21217;15102.64;50;1.47;1;1
21218;14809.38;50;1.51;1;1
21219;15395.89;50;1.48;1;1
21220;14809.38;50;1.54;1;1
21221;15591.40;50;1.48;1;1
21222;14809.38;50;1.56;1;1
21223;15298.14;50;1.48;1;1
21224;14711.63;50;1.53;1;1
21225;15347.02;50;1.47;1;1
21226;14565.00;50;1.53;1;1
21227;15395.89;50;1.46;1;1
21228;14662.76;50;1.54;1;1
21229;15298.14;50;1.47;1;1
21230;14809.38;50;1.53;1;1
21231;15298.14;50;1.48;1;1
21232;14956.01;50;1.53;1;1
21233;15249.27;50;1.50;1;1
21234;14858.26;50;1.52;1;1
21235;15151.51;50;1.49;1;1
21236;14858.26;50;1.52;1;1
21237;15102.64;50;1.49;1;1
21238;14956.01;50;1.51;1;1
21239;15200.39;50;1.50;1;1
21240;14956.01;50;1.52;1;1
21241;15200.39;50;1.50;1;1
21242;15053.76;50;1.52;1;1
21243;15053.76;50;1.51;1;1
21244;15004.89;50;1.51;1;1
21245;14858.26;50;1.50;1;1
21246;15053.76;50;1.49;1;1
21247;15102.64;50;1.51;1;1
21248;15053.76;50;1.51;1;1
21249;15200.39;50;1.51;1;1
21250;15053.76;50;1.52;1;1
21251;15200.39;50;1.51;1;1
21252;15053.76;50;1.52;1;1
21253;15053.76;50;1.51;1;1
21254;14907.14;50;1.51;1;1
21255;15004.89;50;1.49;1;1
21256;15102.64;50;1.50;1;1
21257;15053.76;50;1.51;1;1
21258;14711.63;50;1.51;1;1
21259;14956.01;50;1.47;1;1
21260;14956.01;50;1.50;1;1
21261;15053.76;50;1.50;1;1
21262;14907.14;50;1.51;1;1
21263;15200.39;50;1.49;1;1
21264;14760.51;50;1.52;1;1
21265;15004.89;50;1.48;1;1
21266;14565.00;50;1.50;1;1
21267;14956.01;50;1.46;1;1
21268;14858.26;50;1.50;1;1
21269;15151.51;50;1.49;1;1
21270;14565.00;50;1.52;1;1
21271;15151.51;50;1.46;1;1
21272;14760.51;50;1.52;1;1
21273;15249.27;50;1.48;1;1
21274;14809.38;50;1.52;1;1
21275;15102.64;50;1.48;1;1
21276;14760.51;50;1.51;1;1
21277;15200.39;50;1.48;1;1
21278;14760.51;50;1.52;1;1
21279;15151.51;50;1.48;1;1
21280;14809.38;50;1.52;1;1
21281;15347.02;50;1.48;1;1
21282;14809.38;50;1.53;1;1
21283;15249.27;50;1.48;1;1
21284;14907.14;50;1.52;1;1
21285;15053.76;50;1.49;1;1
21286;15004.89;50;1.51;1;1
21287;15102.64;50;1.50;1;1
21288;14662.76;50;1.51;1;1
21289;15004.89;50;1.47;1;1
21290;14613.88;50;1.50;1;1
21291;15004.89;50;1.46;1;1
21292;14613.88;50;1.50;1;1
21293;14956.01;50;1.46;1;1
21294;14760.51;50;1.50;1;1
21295;14907.14;50;1.48;1;1
21296;14809.38;50;1.49;1;1
21297;14907.14;50;1.48;1;1
21298;14711.63;50;1.49;1;1
21299;14907.14;50;1.47;1;1
21300;14662.76;50;1.49;1;1
21301;14809.38;50;1.47;1;1
21302;14711.63;50;1.48;1;1
21303;15102.64;50;1.47;1;1
21304;14711.63;50;1.51;1;1
21305;15493.65;50;1.47;1;1
21306;14711.63;50;1.55;1;1
21307;15200.39;50;1.47;1;1
21308;14565.00;50;1.52;1;1
21309;15249.27;50;1.46;1;1
21310;14809.38;50;1.52;1;1
21311;15444.77;50;1.48;1;1
21312;14809.38;50;1.54;1;1
21313;15444.77;50;1.48;1;1
21314;14907.14;50;1.54;1;1
21315;15395.89;50;1.49;1;1
21316;14809.38;50;1.54;1;1
21317;15395.89;50;1.48;1;1
21318;14858.26;50;1.54;1;1
21319;15347.02;50;1.49;1;1
21320;15053.76;50;1.53;1;1
21321;15395.89;50;1.51;1;1
21322;14858.26;50;1.54;1;1
21323;15298.14;50;1.49;1;1
21324;15004.89;50;1.53;1;1
21325;15444.77;50;1.50;1;1
21326;15102.64;50;1.54;1;1
21327;15053.76;50;1.51;1;1
21328;14956.01;50;1.51;1;1
21329;15200.39;50;1.50;1;1
21330;15347.02;50;1.52;1;1
21331;15200.39;50;1.53;1;1
21332;15102.64;50;1.52;1;1
21333;15151.51;50;1.51;1;1
21334;15102.64;50;1.52;1;1
21335;15200.39;50;1.51;1;1
21336;15347.02;50;1.52;1;1
21337;15151.51;50;1.53;1;1
21338;15053.76;50;1.52;1;1
21339;15151.51;50;1.51;1;1
21340;15053.76;50;1.52;1;1
21341;14907.14;50;1.51;1;1
21342;15200.39;50;1.49;1;1
21343;14858.26;50;1.52;1;1
21344;15249.27;50;1.49;1;1
21345;15151.51;50;1.52;1;1
21346;15151.51;50;1.52;1;1
21347;15053.76;50;1.52;1;1
21348;15151.51;50;1.51;1;1
21349;15151.51;50;1.52;1;1
21350;15200.39;50;1.52;1;1
21351;14858.26;50;1.52;1;1
21352;15200.39;50;1.49;1;1
21353;15102.64;50;1.52;1;1
21354;15493.65;50;1.51;1;1
21355;15102.64;50;1.55;1;1
21356;15298.14;50;1.51;1;1
21357;15102.64;50;1.53;1;1
21358;15200.39;50;1.51;1;1
21359;15102.64;50;1.52;1;1
21360;15298.14;50;1.51;1;1
21361;15004.89;50;1.53;1;1
21362;14858.26;50;1.50;1;1
21363;14956.01;50;1.49;1;1
21364;15151.51;50;1.50;1;1
21365;14956.01;50;1.52;1;1
21366;15151.51;50;1.50;1;1
21367;14809.38;50;1.52;1;1
21368;15347.02;50;1.48;1;1
21369;14809.38;50;1.53;1;1
21370;14956.01;50;1.48;1;1
21371;14858.26;50;1.50;1;1
21372;15004.89;50;1.49;1;1
21373;15004.89;50;1.50;1;1
21374;14956.01;50;1.50;1;1
21375;15004.89;50;1.50;1;1
21376;15200.39;50;1.50;1;1
21377;14956.01;50;1.52;1;1
21378;15151.51;50;1.50;1;1
21379;14809.38;50;1.52;1;1
21380;15004.89;50;1.48;1;1
21381;14858.26;50;1.50;1;1
21382;15053.76;50;1.49;1;1
21383;14760.51;50;1.51;1;1
21384;15102.64;50;1.48;1;1
21385;14662.76;50;1.51;1;1
21386;15004.89;50;1.47;1;1
21387;14760.51;50;1.50;1;1
21388;15249.27;50;1.48;1;1
21389;14662.76;50;1.52;1;1
21390;15151.51;50;1.47;1;1
21391;14907.14;50;1.52;1;1
21392;15151.51;50;1.49;1;1
21393;14711.63;50;1.52;1;1
21394;15200.39;50;1.47;1;1
21395;14760.51;50;1.52;1;1
21396;15200.39;50;1.48;1;1
21397;14613.88;50;1.52;1;1
21398;15004.89;50;1.46;1;1
21399;14662.76;50;1.50;1;1
21400;14956.01;50;1.47;1;1
21401;14711.63;50;1.50;1;1
21402;15053.76;50;1.47;1;1
21403;14565.00;50;1.51;1;1
21404;15102.64;50;1.46;1;1
21405;14613.88;50;1.51;1;1
21406;15298.14;50;1.46;1;1
21407;14711.63;50;1.53;1;1
21408;15395.89;50;1.47;1;1
21409;14662.76;50;1.54;1;1
21410;15151.51;50;1.47;1;1
21411;14516.13;50;1.52;1;1
21412;15298.14;50;1.45;1;1
21413;14662.76;50;1.53;1;1
21414;15395.89;50;1.47;1;1
21415;14662.76;50;1.54;1;1
21416;15151.51;50;1.47;1;1
21417;14516.13;50;1.52;1;1
21418;15249.27;50;1.45;1;1
21419;14467.25;50;1.52;1;1
21420;15249.27;50;1.45;1;1
21421;14613.88;50;1.52;1;1
21422;15200.39;50;1.46;1;1
21423;14760.51;50;1.52;1;1
21424;15249.27;50;1.48;1;1
21425;14858.26;50;1.52;1;1
21426;15200.39;50;1.49;1;1
21427;14858.26;50;1.52;1;1
21428;15151.51;50;1.49;1;1
21429;14662.76;50;1.52;1;1
21430;15395.89;50;1.47;1;1
21431;14858.26;50;1.54;1;1
21432;15151.51;50;1.49;1;1
21433;14809.38;50;1.52;1;1
21434;15395.89;50;1.48;1;1
21435;14711.63;50;1.54;1;1
21436;15347.02;50;1.47;1;1
21437;14809.38;50;1.53;1;1
21438;15249.27;50;1.48;1;1
21439;14956.01;50;1.52;1;1
21440;15347.02;50;1.50;1;1
21441;14809.38;50;1.53;1;1
21442;15200.39;50;1.48;1;1
21443;14809.38;50;1.52;1;1
21444;15395.89;50;1.48;1;1
21445;14711.63;50;1.54;1;1
21446;15395.89;50;1.47;1;1
21447;14858.26;50;1.54;1;1
21448;15347.02;50;1.49;1;1
21449;14858.26;50;1.53;1;1
21450;15347.02;50;1.49;1;1
21451;14809.38;50;1.53;1;1
21452;15542.52;50;1.48;1;1
21453;14809.38;50;1.55;1;1
21454;15347.02;50;1.48;1;1
21455;14907.14;50;1.53;1;1
21456;15298.14;50;1.49;1;1
21457;15151.51;50;1.53;1;1
21458;15493.65;50;1.52;1;1
21459;15053.76;50;1.55;1;1
21460;15689.15;50;1.51;1;1
21461;14809.38;50;1.57;1;1
21462;15395.89;50;1.48;1;1
21463;14858.26;50;1.54;1;1
21464;15444.77;50;1.49;1;1
21465;14956.01;50;1.54;1;1
21466;15444.77;50;1.50;1;1
21467;14956.01;50;1.54;1;1
21468;15395.89;50;1.50;1;1
21469;14711.63;50;1.54;1;1
21470;15395.89;50;1.47;1;1
21471;14907.14;50;1.54;1;1
21472;15444.77;50;1.49;1;1
21473;14858.26;50;1.54;1;1
21474;15249.27;50;1.49;1;1
21475;14760.51;50;1.52;1;1
21476;15444.77;50;1.48;1;1
21477;14858.26;50;1.54;1;1
21478;15542.52;50;1.49;1;1
21479;14956.01;50;1.55;1;1
21480;15493.65;50;1.50;1;1
21481;14662.76;50;1.55;1;1
21482;15542.52;50;1.47;1;1
21483;14760.51;50;1.55;1;1
21484;15493.65;50;1.48;1;1
21485;14711.63;50;1.55;1;1
21486;15444.77;50;1.47;1;1
21487;14662.76;50;1.54;1;1
21488;15298.14;50;1.47;1;1
21489;14711.63;50;1.53;1;1
21490;15395.89;50;1.47;1;1
21491;14711.63;50;1.54;1;1
21492;15493.65;50;1.47;1;1
21493;14760.51;50;1.55;1;1
21494;15298.14;50;1.48;1;1
21495;14858.26;50;1.53;1;1
21496;15298.14;50;1.49;1;1
21497;14809.38;50;1.53;1;1
21498;15395.89;50;1.48;1;1
21499;14711.63;50;1.54;1;1
21500;15298.14;50;1.47;1;1
21501;14809.38;50;1.53;1;1
21502;15347.02;50;1.48;1;1
21503;14809.38;50;1.53;1;1
21504;15200.39;50;1.48;1;1
21505;14760.51;50;1.52;1;1
21506;15444.77;50;1.48;1;1
21507;14760.51;50;1.54;1;1
21508;15249.27;50;1.48;1;1
21509;15004.89;50;1.52;1;1
21510;15395.89;50;1.50;1;1
21511;14565.00;50;1.54;1;1
21512;15298.14;50;1.46;1;1
21513;14858.26;50;1.53;1;1
21514;14956.01;50;1.49;1;1
21515;14760.51;50;1.50;1;1
21516;15298.14;50;1.48;1;1
21517;14956.01;50;1.53;1;1
21518;15151.51;50;1.50;1;1
21519;15151.51;50;1.52;1;1
21520;15395.89;50;1.52;1;1
21521;15102.64;50;1.54;1;1
21522;15102.64;50;1.51;1;1
21523;15151.51;50;1.51;1;1
21524;15004.89;50;1.52;1;1
21525;15053.76;50;1.50;1;1
21526;15004.89;50;1.51;1;1
21527;15102.64;50;1.50;1;1
21528;14907.14;50;1.51;1;1
21529;15053.76;50;1.49;1;1
21530;14907.14;50;1.51;1;1
21531;15053.76;50;1.49;1;1
21532;15249.27;50;1.51;1;1
21533;15053.76;50;1.52;1;1
21534;15004.89;50;1.51;1;1
21535;15102.64;50;1.50;1;1
21536;15151.51;50;1.51;1;1
21537;15200.39;50;1.52;1;1
21538;15102.64;50;1.52;1;1
21539;15102.64;50;1.51;1;1
21540;15151.51;50;1.51;1;1
21541;15298.14;50;1.52;1;1
21542;15200.39;50;1.53;1;1
21543;15395.89;50;1.52;1;1
21544;15053.76;50;1.54;1;1
21545;15151.51;50;1.51;1;1
21546;15298.14;50;1.52;1;1
21547;15053.76;50;1.53;1;1
21548;14907.14;50;1.51;1;1
21549;15347.02;50;1.49;1;1
21550;15200.39;50;1.53;1;1
21551;15200.39;50;1.52;1;1
21552;14907.14;50;1.52;1;1
21553;15151.51;50;1.49;1;1
21554;14809.38;50;1.52;1;1
21555;15200.39;50;1.48;1;1
21556;14809.38;50;1.52;1;1
21557;14858.26;50;1.48;1;1
21558;14809.38;50;1.49;1;1
21559;15151.51;50;1.48;1;1
21560;14956.01;50;1.52;1;1
21561;15249.27;50;1.50;1;1
21562;15200.39;50;1.52;1;1
21563;15102.64;50;1.52;1;1
21564;14907.14;50;1.51;1;1
21565;15395.89;50;1.49;1;1
21566;15053.76;50;1.54;1;1
21567;15395.89;50;1.51;1;1
21568;15053.76;50;1.54;1;1
21569;15444.77;50;1.51;1;1
21570;15004.89;50;1.54;1;1
21571;15249.27;50;1.50;1;1
21572;15004.89;50;1.52;1;1
21573;15298.14;50;1.50;1;1
21574;15004.89;50;1.53;1;1
21575;15249.27;50;1.50;1;1
21576;15053.76;50;1.52;1;1
21577;15444.77;50;1.51;1;1
21578;15004.89;50;1.54;1;1
21579;15395.89;50;1.50;1;1
21580;14613.88;50;1.54;1;1
21581;15102.64;50;1.46;1;1
21582;14907.14;50;1.51;1;1
21583;15298.14;50;1.49;1;1
21584;14809.38;50;1.53;1;1
21585;15200.39;50;1.48;1;1
21586;14956.01;50;1.52;1;1
21587;15200.39;50;1.50;1;1
21588;14760.51;50;1.52;1;1
21589;15249.27;50;1.48;1;1
21590;14613.88;50;1.52;1;1
21591;15444.77;50;1.46;1;1
21592;14613.88;50;1.54;1;1
21593;15249.27;50;1.46;1;1
21594;14809.38;50;1.52;1;1
21595;15444.77;50;1.48;1;1
21596;14809.38;50;1.54;1;1
21597;15249.27;50;1.48;1;1
21598;14907.14;50;1.52;1;1
21599;15102.64;50;1.49;1;1
21600;14858.26;50;1.51;1;1
21601;15249.27;50;1.49;1;1
21602;14907.14;50;1.52;1;1
21603;15200.39;50;1.49;1;1
21604;14662.76;50;1.52;1;1
21605;15102.64;50;1.47;1;1
21606;14711.63;50;1.51;1;1
21607;15298.14;50;1.47;1;1
21608;15004.89;50;1.53;1;1
21609;15493.65;50;1.50;1;1
21610;14760.51;50;1.55;1;1
21611;15298.14;50;1.48;1;1
21612;14809.38;50;1.53;1;1
21613;15298.14;50;1.48;1;1
21614;14760.51;50;1.53;1;1
21615;15298.14;50;1.48;1;1
21616;14467.25;50;1.53;1;1
21617;15151.51;50;1.45;1;1
21618;14369.50;50;1.52;1;1
21619;15298.14;50;1.44;1;1
21620;14613.88;50;1.53;1;1
21621;15151.51;50;1.46;1;1
21622;14467.25;50;1.52;1;1
21623;15102.64;50;1.45;1;1
21624;14613.88;50;1.51;1;1
21625;15249.27;50;1.46;1;1
21626;14613.88;50;1.52;1;1
21627;15151.51;50;1.46;1;1
21628;14467.25;50;1.52;1;1
21629;15151.51;50;1.45;1;1
21630;14613.88;50;1.52;1;1
21631;15200.39;50;1.46;1;1
21632;14613.88;50;1.52;1;1
21633;15347.02;50;1.46;1;1
21634;14565.00;50;1.53;1;1
21635;15102.64;50;1.46;1;1
21636;14565.00;50;1.51;1;1
21637;14956.01;50;1.46;1;1
21638;14565.00;50;1.50;1;1
21639;15053.76;50;1.46;1;1
21640;14760.51;50;1.51;1;1
21641;15298.14;50;1.48;1;1
21642;14613.88;50;1.53;1;1
21643;15298.14;50;1.46;1;1
21644;14907.14;50;1.53;1;1
21645;15591.40;50;1.49;1;1
21646;14809.38;50;1.56;1;1
21647;15444.77;50;1.48;1;1
21648;14613.88;50;1.54;1;1
21649;15347.02;50;1.46;1;1
21650;14809.38;50;1.53;1;1
21651;15591.40;50;1.48;1;1
21652;14809.38;50;1.56;1;1
21653;15591.40;50;1.48;1;1
21654;14760.51;50;1.56;1;1
21655;15347.02;50;1.48;1;1
21656;14858.26;50;1.53;1;1
21657;15444.77;50;1.49;1;1
21658;14711.63;50;1.54;1;1
21659;15395.89;50;1.47;1;1
21660;14613.88;50;1.54;1;1
21661;15298.14;50;1.46;1;1
21662;14565.00;50;1.53;1;1
21663;15298.14;50;1.46;1;1
21664;14613.88;50;1.53;1;1
21665;15444.77;50;1.46;1;1
21666;14613.88;50;1.54;1;1
21667;15493.65;50;1.46;1;1
21668;14858.26;50;1.55;1;1
21669;15395.89;50;1.49;1;1
21670;14760.51;50;1.54;1;1
21671;15444.77;50;1.48;1;1
21672;14760.51;50;1.54;1;1
21673;15298.14;50;1.48;1;1
21674;15004.89;50;1.53;1;1
21675;15444.77;50;1.50;1;1
21676;14858.26;50;1.54;1;1
21677;15493.65;50;1.49;1;1
21678;14809.38;50;1.55;1;1
21679;15542.52;50;1.48;1;1
21680;14858.26;50;1.55;1;1
21681;15542.52;50;1.49;1;1
21682;14858.26;50;1.55;1;1
21683;15395.89;50;1.49;1;1
21684;14809.38;50;1.54;1;1
21685;15444.77;50;1.48;1;1
21686;14809.38;50;1.54;1;1
21687;15444.77;50;1.48;1;1
21688;14565.00;50;1.54;1;1
21689;15298.14;50;1.46;1;1
21690;14711.63;50;1.53;1;1
21691;15395.89;50;1.47;1;1
21692;14858.26;50;1.54;1;1
21693;15395.89;50;1.49;1;1
21694;14907.14;50;1.54;1;1
21695;15395.89;50;1.49;1;1
21696;14956.01;50;1.54;1;1
21697;15591.40;50;1.50;1;1
21698;15053.76;50;1.56;1;1
21699;15591.40;50;1.51;1;1
21700;14956.01;50;1.56;1;1
21701;15591.40;50;1.50;1;1
21702;14956.01;50;1.56;1;1
21703;15444.77;50;1.50;1;1
21704;15053.76;50;1.54;1;1
21705;15493.65;50;1.51;1;1
21706;14907.14;50;1.55;1;1
21707;15444.77;50;1.49;1;1
21708;14956.01;50;1.54;1;1
21709;15347.02;50;1.50;1;1
21710;15004.89;50;1.53;1;1
21711;15249.27;50;1.50;1;1
21712;15102.64;50;1.52;1;1
21713;15444.77;50;1.51;1;1
21714;15004.89;50;1.54;1;1
21715;15004.89;50;1.50;1;1
21716;15053.76;50;1.50;1;1
21717;15298.14;50;1.51;1;1
21718;15102.64;50;1.53;1;1
21719;15200.39;50;1.51;1;1
21720;14125.12;50;1.52;1;1
21721;14369.50;50;1.41;1;1
21722;14613.88;50;1.44;1;1
21723;14956.01;50;1.46;1;1
21724;14662.76;50;1.50;1;1
21725;15102.64;50;1.47;1;1
21726;14320.63;50;1.51;1;1
21727;14711.63;50;1.43;1;1
21728;14662.76;50;1.47;1;1
21729;14613.88;50;1.47;1;1
21730;14613.88;50;1.46;1;1
21731;14711.63;50;1.46;1;1
21732;14711.63;50;1.47;1;1
21733;14565.00;50;1.47;1;1
21734;14613.88;50;1.46;1;1
21735;14418.38;50;1.46;1;1
21736;14320.63;50;1.44;1;1
21737;14369.50;50;1.43;1;1
21738;14662.76;50;1.44;1;1
21739;14760.51;50;1.47;1;1
21740;14858.26;50;1.48;1;1
21741;14613.88;50;1.49;1;1
21742;15102.64;50;1.46;1;1
21743;14711.63;50;1.51;1;1
21744;15200.39;50;1.47;1;1
21745;14858.26;50;1.52;1;1
21746;14956.01;50;1.49;1;1
21747;14907.14;50;1.50;1;1
21748;14956.01;50;1.49;1;1
21749;14907.14;50;1.50;1;1
21750;15004.89;50;1.49;1;1
21751;15004.89;50;1.50;1;1
21752;14809.38;50;1.50;1;1
21753;14858.26;50;1.48;1;1
21754;14760.51;50;1.49;1;1
21755;14711.63;50;1.48;1;1
21756;14711.63;50;1.47;1;1
21757;14565.00;50;1.47;1;1
21758;14956.01;50;1.46;1;1
21759;14662.76;50;1.50;1;1
21760;14809.38;50;1.47;1;1
21761;14662.76;50;1.48;1;1
21762;14858.26;50;1.47;1;1
21763;14565.00;50;1.49;1;1
21764;14907.14;50;1.46;1;1
21765;14760.51;50;1.49;1;1
21766;14956.01;50;1.48;1;1
21767;14711.63;50;1.50;1;1
21768;14907.14;50;1.47;1;1
21769;14662.76;50;1.49;1;1
21770;15102.64;50;1.47;1;1
21771;14565.00;50;1.51;1;1
21772;14956.01;50;1.46;1;1
21773;15102.64;50;1.50;1;1
21774;15298.14;50;1.51;1;1
21775;14956.01;50;1.53;1;1
21776;15395.89;50;1.50;1;1
21777;14858.26;50;1.54;1;1
21778;15102.64;50;1.49;1;1
21779;14907.14;50;1.51;1;1
21780;15151.51;50;1.49;1;1
21781;14858.26;50;1.52;1;1
21782;15151.51;50;1.49;1;1
21783;14760.51;50;1.52;1;1
21784;15200.39;50;1.48;1;1
21785;14858.26;50;1.52;1;1
21786;15053.76;50;1.49;1;1
21787;14809.38;50;1.51;1;1
21788;15249.27;50;1.48;1;1
21789;15200.39;50;1.52;1;1
21790;15395.89;50;1.52;1;1
21791;14760.51;50;1.54;1;1
21792;15395.89;50;1.48;1;1
21793;14907.14;50;1.54;1;1
21794;15395.89;50;1.49;1;1
21795;14858.26;50;1.54;1;1
21796;15347.02;50;1.49;1;1
21797;14858.26;50;1.53;1;1
21798;15200.39;50;1.49;1;1
21799;14760.51;50;1.52;1;1
21800;15298.14;50;1.48;1;1
21801;14760.51;50;1.53;1;1
21802;15200.39;50;1.48;1;1
21803;14662.76;50;1.52;1;1
21804;15298.14;50;1.47;1;1
21805;14711.63;50;1.53;1;1
21806;15395.89;50;1.47;1;1
21807;14760.51;50;1.54;1;1
21808;15347.02;50;1.48;1;1
21809;14613.88;50;1.53;1;1
21810;15444.77;50;1.46;1;1
21811;14956.01;50;1.54;1;1
21812;15444.77;50;1.50;1;1
21813;14760.51;50;1.54;1;1
21814;15395.89;50;1.48;1;1
21815;14662.76;50;1.54;1;1
21816;15298.14;50;1.47;1;1
21817;14711.63;50;1.53;1;1
21818;15347.02;50;1.47;1;1
21819;14613.88;50;1.53;1;1
21820;15444.77;50;1.46;1;1
21821;14613.88;50;1.54;1;1
21822;15444.77;50;1.46;1;1
21823;14858.26;50;1.54;1;1
21824;15444.77;50;1.49;1;1
21825;14907.14;50;1.54;1;1
21826;15444.77;50;1.49;1;1
21827;14956.01;50;1.54;1;1
21828;15493.65;50;1.50;1;1
21829;14956.01;50;1.55;1;1
21830;15542.52;50;1.50;1;1
21831;14907.14;50;1.55;1;1
21832;15395.89;50;1.49;1;1
21833;14907.14;50;1.54;1;1
21834;15395.89;50;1.49;1;1
21835;15053.76;50;1.54;1;1
21836;15347.02;50;1.51;1;1
21837;15151.51;50;1.53;1;1
21838;15395.89;50;1.52;1;1
21839;14956.01;50;1.54;1;1
21840;15298.14;50;1.50;1;1
21841;14956.01;50;1.53;1;1
21842;15542.52;50;1.50;1;1
21843;14956.01;50;1.55;1;1
21844;15542.52;50;1.50;1;1
21845;14809.38;50;1.55;1;1
21846;15444.77;50;1.48;1;1
21847;15102.64;50;1.54;1;1
21848;15249.27;50;1.51;1;1
21849;14956.01;50;1.52;1;1
21850;15249.27;50;1.50;1;1
21851;14858.26;50;1.52;1;1
21852;15200.39;50;1.49;1;1
21853;14858.26;50;1.52;1;1
21854;15151.51;50;1.49;1;1
21855;15004.89;50;1.52;1;1
21856;15053.76;50;1.50;1;1
21857;14956.01;50;1.51;1;1
21858;14907.14;50;1.50;1;1
21859;15053.76;50;1.49;1;1
21860;14760.51;50;1.51;1;1
21861;14809.38;50;1.48;1;1
21862;14858.26;50;1.48;1;1
21863;14907.14;50;1.49;1;1
21864;14613.88;50;1.49;1;1
21865;14956.01;50;1.46;1;1
21866;14809.38;50;1.50;1;1
21867;14907.14;50;1.48;1;1
21868;14662.76;50;1.49;1;1
21869;14858.26;50;1.47;1;1
21870;14613.88;50;1.49;1;1
21871;15004.89;50;1.46;1;1
21872;14760.51;50;1.50;1;1
21873;15053.76;50;1.48;1;1
21874;14613.88;50;1.51;1;1
21875;15102.64;50;1.46;1;1
21876;14711.63;50;1.51;1;1
21877;15102.64;50;1.47;1;1
21878;14711.63;50;1.51;1;1
21879;15298.14;50;1.47;1;1
21880;14613.88;50;1.53;1;1
21881;15200.39;50;1.46;1;1
21882;14613.88;50;1.52;1;1
21883;15053.76;50;1.46;1;1
21884;14467.25;50;1.51;1;1
21885;15151.51;50;1.45;1;1
21886;14565.00;50;1.52;1;1
21887;15151.51;50;1.46;1;1
21888;14760.51;50;1.52;1;1
21889;15395.89;50;1.48;1;1
21890;14516.13;50;1.54;1;1
21891;15249.27;50;1.45;1;1
21892;14565.00;50;1.52;1;1
21893;15200.39;50;1.46;1;1
21894;14516.13;50;1.52;1;1
21895;15347.02;50;1.45;1;1
21896;14711.63;50;1.53;1;1
21897;15249.27;50;1.47;1;1
21898;14809.38;50;1.52;1;1
21899;15395.89;50;1.48;1;1
21900;14711.63;50;1.54;1;1
21901;15347.02;50;1.47;1;1
21902;14613.88;50;1.53;1;1
21903;15249.27;50;1.46;1;1
21904;14613.88;50;1.52;1;1
21905;15053.76;50;1.46;1;1
21906;14516.13;50;1.51;1;1
21907;15151.51;50;1.45;1;1
21908;14613.88;50;1.52;1;1
21909;15151.51;50;1.46;1;1
21910;14613.88;50;1.52;1;1
21911;15200.39;50;1.46;1;1
21912;14613.88;50;1.52;1;1
21913;15053.76;50;1.46;1;1
21914;14613.88;50;1.51;1;1
21915;14956.01;50;1.46;1;1
21916;14711.63;50;1.50;1;1
21917;14956.01;50;1.47;1;1
21918;14662.76;50;1.50;1;1
21919;14809.38;50;1.47;1;1
21920;14760.51;50;1.48;1;1
21921;14956.01;50;1.48;1;1
21922;14613.88;50;1.50;1;1
21923;14956.01;50;1.46;1;1
21924;14613.88;50;1.50;1;1
21925;15004.89;50;1.46;1;1
21926;14565.00;50;1.50;1;1
21927;14760.51;50;1.46;1;1
21928;14858.26;50;1.48;1;1
21929;15151.51;50;1.49;1;1
21930;14809.38;50;1.52;1;1
21931;15004.89;50;1.48;1;1
21932;14760.51;50;1.50;1;1
21933;14907.14;50;1.48;1;1
21934;15102.64;50;1.49;1;1
21935;15249.27;50;1.51;1;1
21936;15151.51;50;1.52;1;1
21937;15053.76;50;1.52;1;1
21938;15151.51;50;1.51;1;1
21939;15053.76;50;1.52;1;1
21940;15200.39;50;1.51;1;1
21941;15151.51;50;1.52;1;1
21942;15249.27;50;1.52;1;1
21943;14907.14;50;1.52;1;1
21944;15151.51;50;1.49;1;1
21945;14858.26;50;1.52;1;1
21946;15151.51;50;1.49;1;1
21947;15151.51;50;1.52;1;1
21948;15298.14;50;1.52;1;1
21949;14956.01;50;1.53;1;1
21950;15347.02;50;1.50;1;1
21951;14809.38;50;1.53;1;1
21952;15200.39;50;1.48;1;1
21953;15200.39;50;1.52;1;1
21954;15249.27;50;1.52;1;1
21955;15151.51;50;1.52;1;1
21956;15200.39;50;1.52;1;1
21957;14956.01;50;1.52;1;1
21958;15151.51;50;1.50;1;1
21959;15004.89;50;1.52;1;1
21960;15151.51;50;1.50;1;1
21961;14907.14;50;1.52;1;1
21962;15298.14;50;1.49;1;1
21963;14858.26;50;1.53;1;1
21964;15200.39;50;1.49;1;1
21965;15004.89;50;1.52;1;1
21966;15200.39;50;1.50;1;1
21967;14809.38;50;1.52;1;1
21968;15347.02;50;1.48;1;1
21969;14907.14;50;1.53;1;1
21970;15151.51;50;1.49;1;1
21971;14809.38;50;1.52;1;1
21972;15004.89;50;1.48;1;1
21973;14760.51;50;1.50;1;1
21974;15249.27;50;1.48;1;1
21975;14907.14;50;1.52;1;1
21976;15249.27;50;1.49;1;1
21977;14760.51;50;1.52;1;1
21978;15200.39;50;1.48;1;1
21979;14858.26;50;1.52;1;1
21980;15249.27;50;1.49;1;1
21981;14809.38;50;1.52;1;1
21982;15249.27;50;1.48;1;1
21983;14809.38;50;1.52;1;1
21984;15102.64;50;1.48;1;1
21985;14467.25;50;1.51;1;1
21986;15200.39;50;1.45;1;1
21987;14760.51;50;1.52;1;1
21988;15151.51;50;1.48;1;1
21989;14516.13;50;1.52;1;1
21990;15249.27;50;1.45;1;1
21991;14613.88;50;1.52;1;1
21992;15151.51;50;1.46;1;1
21993;14565.00;50;1.52;1;1
21994;14956.01;50;1.46;1;1
21995;14613.88;50;1.50;1;1
21996;15151.51;50;1.46;1;1
21997;14662.76;50;1.52;1;1
21998;15151.51;50;1.47;1;1
21999;14760.51;50;1.52;1;1
22000;15200.39;50;1.48;1;1
22001;14613.88;50;1.52;1;1
22002;15298.14;50;1.46;1;1
22003;14711.63;50;1.53;1;1
22004;15249.27;50;1.47;1;1
22005;14711.63;50;1.52;1;1
22006;15200.39;50;1.47;1;1
22007;14711.63;50;1.52;1;1
22008;15395.89;50;1.47;1;1
22009;14711.63;50;1.54;1;1
22010;15249.27;50;1.47;1;1
22011;14662.76;50;1.52;1;1
22012;15200.39;50;1.47;1;1
22013;14760.51;50;1.52;1;1
22014;15542.52;50;1.48;1;1
22015;14858.26;50;1.55;1;1
22016;15347.02;50;1.49;1;1
22017;14858.26;50;1.53;1;1
22018;15200.39;50;1.49;1;1
22019;14711.63;50;1.52;1;1
22020;15200.39;50;1.47;1;1
22021;14711.63;50;1.52;1;1
22022;15249.27;50;1.47;1;1
22023;14760.51;50;1.52;1;1
22024;15347.02;50;1.48;1;1
22025;14565.00;50;1.53;1;1
22026;15200.39;50;1.46;1;1
22027;14662.76;50;1.52;1;1
22028;15249.27;50;1.47;1;1
22029;14711.63;50;1.52;1;1
22030;15249.27;50;1.47;1;1
22031;14565.00;50;1.52;1;1
22032;15347.02;50;1.46;1;1
22033;14516.13;50;1.53;1;1
22034;15200.39;50;1.45;1;1
22035;14565.00;50;1.52;1;1
22036;15102.64;50;1.46;1;1
22037;14565.00;50;1.51;1;1
22038;15151.51;50;1.46;1;1
22039;14565.00;50;1.52;1;1
22040;15249.27;50;1.46;1;1
22041;14516.13;50;1.52;1;1
22042;15347.02;50;1.45;1;1
22043;14662.76;50;1.53;1;1
22044;15200.39;50;1.47;1;1
22045;14565.00;50;1.52;1;1
22046;15200.39;50;1.46;1;1
22047;14662.76;50;1.52;1;1
22048;15347.02;50;1.47;1;1
22049;14858.26;50;1.53;1;1
22050;15102.64;50;1.49;1;1
22051;14809.38;50;1.51;1;1
22052;15102.64;50;1.48;1;1
22053;14613.88;50;1.51;1;1
22054;15151.51;50;1.46;1;1
22055;14565.00;50;1.52;1;1
22056;15395.89;50;1.46;1;1
22057;14809.38;50;1.54;1;1
22058;15298.14;50;1.48;1;1
22059;14809.38;50;1.53;1;1
22060;15395.89;50;1.48;1;1
22061;14956.01;50;1.54;1;1
22062;15200.39;50;1.50;1;1
22063;14956.01;50;1.52;1;1
22064;15151.51;50;1.50;1;1
22065;15004.89;50;1.52;1;1
22066;15200.39;50;1.50;1;1
22067;14858.26;50;1.52;1;1
22068;15249.27;50;1.49;1;1
22069;14809.38;50;1.52;1;1
22070;15249.27;50;1.48;1;1
22071;14907.14;50;1.52;1;1
22072;15200.39;50;1.49;1;1
22073;14760.51;50;1.52;1;1
22074;15298.14;50;1.48;1;1
22075;15053.76;50;1.53;1;1
22076;15200.39;50;1.51;1;1
22077;14907.14;50;1.52;1;1
22078;15347.02;50;1.49;1;1
22079;15053.76;50;1.53;1;1
22080;15004.89;50;1.51;1;1
22081;14907.14;50;1.50;1;1
22082;14956.01;50;1.49;1;1
22083;15053.76;50;1.50;1;1
22084;14858.26;50;1.51;1;1
22085;15004.89;50;1.49;1;1
22086;14956.01;50;1.50;1;1
22087;14907.14;50;1.50;1;1
22088;14858.26;50;1.49;1;1
22089;15200.39;50;1.49;1;1
22090;14858.26;50;1.52;1;1
22091;15053.76;50;1.49;1;1
22092;14858.26;50;1.51;1;1
22093;15053.76;50;1.49;1;1
22094;14809.38;50;1.51;1;1
22095;15053.76;50;1.48;1;1
22096;14662.76;50;1.51;1;1
22097;15053.76;50;1.47;1;1
22098;14711.63;50;1.51;1;1
22099;15151.51;50;1.47;1;1
22100;14809.38;50;1.52;1;1
22101;15151.51;50;1.48;1;1
22102;14809.38;50;1.52;1;1
22103;15151.51;50;1.48;1;1
22104;14662.76;50;1.52;1;1
22105;15200.39;50;1.47;1;1
22106;14565.00;50;1.52;1;1
22107;15249.27;50;1.46;1;1
22108;14711.63;50;1.52;1;1
22109;15102.64;50;1.47;1;1
22110;14711.63;50;1.51;1;1
22111;15395.89;50;1.47;1;1
22112;14662.76;50;1.54;1;1
22113;15347.02;50;1.47;1;1
22114;14516.13;50;1.53;1;1
22115;15200.39;50;1.45;1;1
22116;14565.00;50;1.52;1;1
22117;15200.39;50;1.46;1;1
22118;14565.00;50;1.52;1;1
22119;15200.39;50;1.46;1;1
22120;14662.76;50;1.52;1;1
22121;15200.39;50;1.47;1;1
22122;14613.88;50;1.52;1;1
22123;15102.64;50;1.46;1;1
22124;14662.76;50;1.51;1;1
22125;15200.39;50;1.47;1;1
22126;14711.63;50;1.52;1;1
22127;15200.39;50;1.47;1;1
22128;14565.00;50;1.52;1;1
22129;15298.14;50;1.46;1;1
22130;14711.63;50;1.53;1;1
22131;15151.51;50;1.47;1;1
22132;14613.88;50;1.52;1;1
22133;15395.89;50;1.46;1;1
22134;14711.63;50;1.54;1;1
22135;15298.14;50;1.47;1;1
22136;14516.13;50;1.53;1;1
22137;15347.02;50;1.45;1;1
22138;14711.63;50;1.53;1;1
22139;15395.89;50;1.47;1;1
22140;14711.63;50;1.54;1;1
22141;15347.02;50;1.47;1;1
22142;14809.38;50;1.53;1;1
22143;15444.77;50;1.48;1;1
22144;14711.63;50;1.54;1;1
22145;15298.14;50;1.47;1;1
22146;14613.88;50;1.53;1;1
22147;15249.27;50;1.46;1;1
22148;14760.51;50;1.52;1;1
22149;15347.02;50;1.48;1;1
22150;14711.63;50;1.53;1;1
22151;15298.14;50;1.47;1;1
22152;14858.26;50;1.53;1;1
22153;15249.27;50;1.49;1;1
22154;14760.51;50;1.52;1;1
22155;15444.77;50;1.48;1;1
22156;14858.26;50;1.54;1;1
22157;15542.52;50;1.49;1;1
22158;14760.51;50;1.55;1;1
22159;15347.02;50;1.48;1;1
22160;14858.26;50;1.53;1;1
22161;15200.39;50;1.49;1;1
22162;14711.63;50;1.52;1;1
22163;15249.27;50;1.47;1;1
22164;14858.26;50;1.52;1;1
22165;15395.89;50;1.49;1;1
22166;14956.01;50;1.54;1;1
22167;15200.39;50;1.50;1;1
22168;14907.14;50;1.52;1;1
22169;15200.39;50;1.49;1;1
22170;14565.00;50;1.52;1;1
22171;15151.51;50;1.46;1;1
22172;14858.26;50;1.52;1;1
22173;15249.27;50;1.49;1;1
22174;14809.38;50;1.52;1;1
22175;15347.02;50;1.48;1;1
22176;14711.63;50;1.53;1;1
22177;15298.14;50;1.47;1;1
22178;14809.38;50;1.53;1;1
22179;15298.14;50;1.48;1;1
22180;14809.38;50;1.53;1;1
22181;15395.89;50;1.48;1;1
22182;14858.26;50;1.54;1;1
22183;15395.89;50;1.49;1;1
22184;14809.38;50;1.54;1;1
22185;15395.89;50;1.48;1;1
22186;14907.14;50;1.54;1;1
22187;15298.14;50;1.49;1;1
22188;14858.26;50;1.53;1;1
22189;15249.27;50;1.49;1;1
22190;15151.51;50;1.52;1;1
22191;15200.39;50;1.52;1;1
22192;15053.76;50;1.52;1;1
22193;15200.39;50;1.51;1;1
22194;15151.51;50;1.52;1;1
22195;15151.51;50;1.52;1;1
22196;15200.39;50;1.52;1;1
22197;15102.64;50;1.52;1;1
22198;15151.51;50;1.51;1;1
22199;15151.51;50;1.52;1;1
22200;15200.39;50;1.52;1;1
22201;14956.01;50;1.52;1;1
22202;14858.26;50;1.50;1;1
22203;14956.01;50;1.49;1;1
22204;15151.51;50;1.50;1;1
22205;15102.64;50;1.52;1;1
22206;15102.64;50;1.51;1;1
22207;14907.14;50;1.51;1;1
22208;15151.51;50;1.49;1;1
22209;15347.02;50;1.52;1;1
22210;15200.39;50;1.53;1;1
22211;15102.64;50;1.52;1;1
22212;15151.51;50;1.51;1;1
22213;15004.89;50;1.52;1;1
22214;15151.51;50;1.50;1;1
22215;15004.89;50;1.52;1;1
22216;15298.14;50;1.50;1;1
22217;14956.01;50;1.53;1;1
22218;15298.14;50;1.50;1;1
22219;15004.89;50;1.53;1;1
22220;15395.89;50;1.50;1;1
22221;15053.76;50;1.54;1;1
22222;15200.39;50;1.51;1;1
22223;14956.01;50;1.52;1;1
22224;15298.14;50;1.50;1;1
22225;14858.26;50;1.53;1;1
22226;15249.27;50;1.49;1;1
22227;14858.26;50;1.52;1;1
22228;15200.39;50;1.49;1;1
22229;14662.76;50;1.52;1;1
22230;15249.27;50;1.47;1;1
22231;14760.51;50;1.52;1;1
22232;15347.02;50;1.48;1;1
22233;14907.14;50;1.53;1;1
22234;15053.76;50;1.49;1;1
22235;14662.76;50;1.51;1;1
22236;15347.02;50;1.47;1;1
22237;14711.63;50;1.53;1;1
22238;15347.02;50;1.47;1;1
22239;14907.14;50;1.53;1;1
22240;15395.89;50;1.49;1;1
22241;14907.14;50;1.54;1;1
22242;15444.77;50;1.49;1;1
22243;15004.89;50;1.54;1;1
22244;15249.27;50;1.50;1;1
22245;14809.38;50;1.52;1;1
22246;15542.52;50;1.48;1;1
22247;14760.51;50;1.55;1;1
22248;15444.77;50;1.48;1;1
22249;14858.26;50;1.54;1;1
22250;15444.77;50;1.49;1;1
22251;14711.63;50;1.54;1;1
22252;15542.52;50;1.47;1;1
22253;14809.38;50;1.55;1;1
22254;15395.89;50;1.48;1;1
22255;14711.63;50;1.54;1;1
22256;15444.77;50;1.47;1;1
22257;14907.14;50;1.54;1;1
22258;15298.14;50;1.49;1;1
22259;14662.76;50;1.53;1;1
22260;15298.14;50;1.47;1;1
22261;14907.14;50;1.53;1;1
22262;15347.02;50;1.49;1;1
22263;14809.38;50;1.53;1;1
22264;15298.14;50;1.48;1;1
22265;14760.51;50;1.53;1;1
22266;15395.89;50;1.48;1;1
22267;14858.26;50;1.54;1;1
22268;15395.89;50;1.49;1;1
22269;14858.26;50;1.54;1;1
22270;15249.27;50;1.49;1;1
22271;14662.76;50;1.52;1;1
22272;15444.77;50;1.47;1;1
22273;14662.76;50;1.54;1;1
22274;15444.77;50;1.47;1;1
22275;14956.01;50;1.54;1;1
22276;15444.77;50;1.50;1;1
22277;14809.38;50;1.54;1;1
22278;15444.77;50;1.48;1;1
22279;14565.00;50;1.54;1;1
22280;15493.65;50;1.46;1;1
22281;14956.01;50;1.55;1;1
22282;15395.89;50;1.50;1;1
22283;15004.89;50;1.54;1;1
22284;15493.65;50;1.50;1;1
22285;15004.89;50;1.55;1;1
22286;15738.03;50;1.50;1;1
22287;15004.89;50;1.57;1;1
22288;15395.89;50;1.50;1;1
22289;14809.38;50;1.54;1;1
22290;15395.89;50;1.48;1;1
22291;14907.14;50;1.54;1;1
22292;15493.65;50;1.49;1;1
22293;15053.76;50;1.55;1;1
22294;15689.15;50;1.51;1;1
22295;15004.89;50;1.57;1;1
22296;15347.02;50;1.50;1;1
22297;15004.89;50;1.53;1;1
22298;15542.52;50;1.50;1;1
22299;15004.89;50;1.55;1;1
22300;15493.65;50;1.50;1;1
22301;15102.64;50;1.55;1;1
22302;15591.40;50;1.51;1;1
22303;15151.51;50;1.56;1;1
22304;15444.77;50;1.52;1;1
22305;15249.27;50;1.54;1;1
22306;15444.77;50;1.52;1;1
22307;15249.27;50;1.54;1;1
22308;15395.89;50;1.52;1;1
22309;15151.51;50;1.54;1;1
22310;15151.51;50;1.52;1;1
22311;15249.27;50;1.52;1;1
22312;15298.14;50;1.52;1;1
22313;15249.27;50;1.53;1;1
22314;15151.51;50;1.52;1;1
22315;15151.51;50;1.52;1;1
22316;15151.51;50;1.52;1;1
22317;15249.27;50;1.52;1;1
22318;15151.51;50;1.52;1;1
22319;15298.14;50;1.52;1;1
22320;14907.14;50;1.53;1;1
22321;15298.14;50;1.49;1;1
22322;15004.89;50;1.53;1;1
22323;15249.27;50;1.50;1;1
22324;15102.64;50;1.52;1;1
22325;15395.89;50;1.51;1;1
22326;15053.76;50;1.54;1;1
22327;15249.27;50;1.51;1;1
22328;15102.64;50;1.52;1;1
22329;15347.02;50;1.51;1;1
22330;15053.76;50;1.53;1;1
22331;15004.89;50;1.51;1;1
22332;15102.64;50;1.50;1;1
22333;15200.39;50;1.51;1;1
22334;15004.89;50;1.52;1;1
22335;15347.02;50;1.50;1;1
22336;15102.64;50;1.53;1;1
22337;15200.39;50;1.51;1;1
22338;15004.89;50;1.52;1;1
22339;15151.51;50;1.50;1;1
22340;15053.76;50;1.52;1;1
22341;15004.89;50;1.51;1;1
22342;14956.01;50;1.50;1;1
22343;15200.39;50;1.50;1;1
22344;14760.51;50;1.52;1;1
22345;14956.01;50;1.48;1;1
22346;14858.26;50;1.50;1;1
22347;15249.27;50;1.49;1;1
22348;14858.26;50;1.52;1;1
22349;15102.64;50;1.49;1;1
22350;14907.14;50;1.51;1;1
22351;15004.89;50;1.49;1;1
22352;14956.01;50;1.50;1;1
22353;15200.39;50;1.50;1;1
22354;14809.38;50;1.52;1;1
22355;15200.39;50;1.48;1;1
22356;14809.38;50;1.52;1;1
22357;15249.27;50;1.48;1;1
22358;15053.76;50;1.52;1;1
22359;15151.51;50;1.51;1;1
22360;14858.26;50;1.52;1;1
22361;15151.51;50;1.49;1;1
22362;14711.63;50;1.52;1;1
22363;15298.14;50;1.47;1;1
22364;14711.63;50;1.53;1;1
22365;15249.27;50;1.47;1;1
22366;14956.01;50;1.52;1;1
22367;15151.51;50;1.50;1;1
22368;14760.51;50;1.52;1;1
22369;15053.76;50;1.48;1;1
22370;14662.76;50;1.51;1;1
22371;15053.76;50;1.47;1;1
22372;14613.88;50;1.51;1;1
22373;15151.51;50;1.46;1;1
22374;14760.51;50;1.52;1;1
22375;15200.39;50;1.48;1;1
22376;14662.76;50;1.52;1;1
22377;15298.14;50;1.47;1;1
22378;14760.51;50;1.53;1;1
22379;15444.77;50;1.48;1;1
22380;14516.13;50;1.54;1;1
22381;15151.51;50;1.45;1;1
22382;14662.76;50;1.52;1;1
22383;15347.02;50;1.47;1;1
22384;14662.76;50;1.53;1;1
22385;15249.27;50;1.47;1;1
22386;14662.76;50;1.52;1;1
22387;15298.14;50;1.47;1;1
22388;14662.76;50;1.53;1;1
22389;15347.02;50;1.47;1;1
22390;14711.63;50;1.53;1;1
22391;15249.27;50;1.47;1;1
22392;14760.51;50;1.52;1;1
22393;15542.52;50;1.48;1;1
22394;14711.63;50;1.55;1;1
22395;15395.89;50;1.47;1;1
22396;14760.51;50;1.54;1;1
22397;15444.77;50;1.48;1;1
22398;14711.63;50;1.54;1;1
22399;15395.89;50;1.47;1;1
22400;14858.26;50;1.54;1;1
22401;15347.02;50;1.49;1;1
22402;14711.63;50;1.53;1;1
22403;15444.77;50;1.47;1;1
22404;14858.26;50;1.54;1;1
22405;15493.65;50;1.49;1;1
22406;14858.26;50;1.55;1;1
22407;15542.52;50;1.49;1;1
22408;14858.26;50;1.55;1;1
22409;15395.89;50;1.49;1;1
22410;14809.38;50;1.54;1;1
22411;15493.65;50;1.48;1;1
22412;14809.38;50;1.55;1;1
22413;15200.39;50;1.48;1;1
22414;14613.88;50;1.52;1;1
22415;15395.89;50;1.46;1;1
22416;14711.63;50;1.54;1;1
22417;15347.02;50;1.47;1;1
22418;14809.38;50;1.53;1;1
22419;15347.02;50;1.48;1;1
22420;14711.63;50;1.53;1;1
22421;15395.89;50;1.47;1;1
22422;14858.26;50;1.54;1;1
22423;15347.02;50;1.49;1;1
22424;14809.38;50;1.53;1;1
22425;15200.39;50;1.48;1;1
22426;14907.14;50;1.52;1;1
22427;15347.02;50;1.49;1;1
22428;14907.14;50;1.53;1;1
22429;15200.39;50;1.49;1;1
22430;14711.63;50;1.52;1;1
22431;15395.89;50;1.47;1;1
22432;14907.14;50;1.54;1;1
22433;15200.39;50;1.49;1;1
22434;14858.26;50;1.52;1;1
22435;15395.89;50;1.49;1;1
22436;14858.26;50;1.54;1;1
22437;15249.27;50;1.49;1;1
22438;14809.38;50;1.52;1;1
22439;15298.14;50;1.48;1;1
22440;14907.14;50;1.53;1;1
22441;15347.02;50;1.49;1;1
22442;14907.14;50;1.53;1;1
22443;15249.27;50;1.49;1;1
22444;14956.01;50;1.52;1;1
22445;15298.14;50;1.50;1;1
22446;14809.38;50;1.53;1;1
22447;15347.02;50;1.48;1;1
22448;14956.01;50;1.53;1;1
22449;15200.39;50;1.50;1;1
22450;14858.26;50;1.52;1;1
22451;15395.89;50;1.49;1;1
22452;15004.89;50;1.54;1;1
22453;15444.77;50;1.50;1;1
22454;15249.27;50;1.54;1;1
22455;15249.27;50;1.52;1;1
22456;15102.64;50;1.52;1;1
22457;15249.27;50;1.51;1;1
22458;15102.64;50;1.52;1;1
22459;15591.40;50;1.51;1;1
22460;14858.26;50;1.56;1;1
22461;15395.89;50;1.49;1;1
22462;15053.76;50;1.54;1;1
22463;15298.14;50;1.51;1;1
22464;14809.38;50;1.53;1;1
22465;15200.39;50;1.48;1;1
22466;15102.64;50;1.52;1;1
22467;15200.39;50;1.51;1;1
22468;15004.89;50;1.52;1;1
22469;15102.64;50;1.50;1;1
22470;15151.51;50;1.51;1;1
22471;15102.64;50;1.52;1;1
22472;14858.26;50;1.51;1;1
22473;15200.39;50;1.49;1;1
22474;14809.38;50;1.52;1;1
22475;15151.51;50;1.48;1;1
22476;15053.76;50;1.52;1;1
22477;15151.51;50;1.51;1;1
22478;14956.01;50;1.52;1;1
22479;15102.64;50;1.50;1;1
22480;15004.89;50;1.51;1;1
22481;15151.51;50;1.50;1;1
22482;15053.76;50;1.52;1;1
22483;15102.64;50;1.51;1;1
22484;15200.39;50;1.51;1;1
22485;15004.89;50;1.52;1;1
22486;15004.89;50;1.50;1;1
22487;14956.01;50;1.50;1;1
22488;15004.89;50;1.50;1;1
22489;14809.38;50;1.50;1;1
22490;15102.64;50;1.48;1;1
22491;14956.01;50;1.51;1;1
22492;14809.38;50;1.50;1;1
22493;15053.76;50;1.48;1;1
22494;14956.01;50;1.51;1;1
22495;14956.01;50;1.50;1;1
22496;15004.89;50;1.50;1;1
22497;14956.01;50;1.50;1;1
22498;14858.26;50;1.50;1;1
22499;15004.89;50;1.49;1;1
22500;14907.14;50;1.50;1;1
22501;14956.01;50;1.49;1;1
22502;14956.01;50;1.50;1;1
22503;14956.01;50;1.50;1;1
22504;15249.27;50;1.50;1;1
22505;15200.39;50;1.52;1;1
22506;15249.27;50;1.52;1;1
22507;15102.64;50;1.52;1;1
22508;15151.51;50;1.51;1;1
22509;14858.26;50;1.52;1;1
22510;15053.76;50;1.49;1;1
22511;15102.64;50;1.51;1;1
22512;15444.77;50;1.51;1;1
22513;14956.01;50;1.54;1;1
22514;15347.02;50;1.50;1;1
22515;14956.01;50;1.53;1;1
22516;15102.64;50;1.50;1;1
22517;14956.01;50;1.51;1;1
22518;15249.27;50;1.50;1;1
22519;15053.76;50;1.52;1;1
22520;15298.14;50;1.51;1;1
22521;15053.76;50;1.53;1;1
22522;15542.52;50;1.51;1;1
22523;15102.64;50;1.55;1;1
22524;15298.14;50;1.51;1;1
22525;14956.01;50;1.53;1;1
22526;15298.14;50;1.50;1;1
22527;15151.51;50;1.53;1;1
22528;15444.77;50;1.52;1;1
22529;15200.39;50;1.54;1;1
22530;15347.02;50;1.52;1;1
22531;15053.76;50;1.53;1;1
22532;15395.89;50;1.51;1;1
22533;15298.14;50;1.54;1;1
22534;15395.89;50;1.53;1;1
22535;15151.51;50;1.54;1;1
22536;15395.89;50;1.52;1;1
22537;15102.64;50;1.54;1;1
22538;15444.77;50;1.51;1;1
22539;15151.51;50;1.54;1;1
22540;15542.52;50;1.52;1;1
22541;15102.64;50;1.55;1;1
22542;15395.89;50;1.51;1;1
22543;15102.64;50;1.54;1;1
22544;15395.89;50;1.51;1;1
22545;15151.51;50;1.54;1;1
22546;15542.52;50;1.52;1;1
22547;14956.01;50;1.55;1;1
22548;15395.89;50;1.50;1;1
22549;15249.27;50;1.54;1;1
22550;15542.52;50;1.52;1;1
22551;15151.51;50;1.55;1;1
22552;15493.65;50;1.52;1;1
22553;15053.76;50;1.55;1;1
22554;15591.40;50;1.51;1;1
22555;15249.27;50;1.56;1;1
22556;15542.52;50;1.52;1;1
22557;15151.51;50;1.55;1;1
22558;15347.02;50;1.52;1;1
22559;14858.26;50;1.53;1;1
22560;15444.77;50;1.49;1;1
22561;15102.64;50;1.54;1;1
22562;15395.89;50;1.51;1;1
22563;14956.01;50;1.54;1;1
22564;15493.65;50;1.50;1;1
22565;14907.14;50;1.55;1;1
22566;15395.89;50;1.49;1;1
22567;14809.38;50;1.54;1;1
22568;15493.65;50;1.48;1;1
22569;14907.14;50;1.55;1;1
22570;15347.02;50;1.49;1;1
22571;14858.26;50;1.53;1;1
22572;15444.77;50;1.49;1;1
22573;15102.64;50;1.54;1;1
22574;15395.89;50;1.51;1;1
22575;14956.01;50;1.54;1;1
22576;15347.02;50;1.50;1;1
22577;14907.14;50;1.53;1;1
22578;15347.02;50;1.49;1;1
22579;15053.76;50;1.53;1;1
22580;15395.89;50;1.51;1;1
22581;15102.64;50;1.54;1;1
22582;15591.40;50;1.51;1;1
22583;14956.01;50;1.56;1;1
22584;15493.65;50;1.50;1;1
22585;15004.89;50;1.55;1;1
22586;15347.02;50;1.50;1;1
22587;15004.89;50;1.53;1;1
22588;15347.02;50;1.50;1;1
22589;15004.89;50;1.53;1;1
22590;15298.14;50;1.50;1;1
22591;14907.14;50;1.53;1;1
22592;15493.65;50;1.49;1;1
22593;14956.01;50;1.55;1;1
22594;15298.14;50;1.50;1;1
22595;14956.01;50;1.53;1;1
22596;15298.14;50;1.50;1;1
22597;14809.38;50;1.53;1;1
22598;15298.14;50;1.48;1;1
22599;14907.14;50;1.53;1;1
22600;15347.02;50;1.49;1;1
22601;14760.51;50;1.53;1;1
22602;15493.65;50;1.48;1;1
22603;14760.51;50;1.55;1;1
22604;15347.02;50;1.48;1;1
22605;14809.38;50;1.53;1;1
22606;15444.77;50;1.48;1;1
22607;14858.26;50;1.54;1;1
22608;15395.89;50;1.49;1;1
22609;14956.01;50;1.54;1;1
22610;15493.65;50;1.50;1;1
22611;14858.26;50;1.55;1;1
22612;15395.89;50;1.49;1;1
22613;14809.38;50;1.54;1;1
22614;15493.65;50;1.48;1;1
22615;14760.51;50;1.55;1;1
22616;15395.89;50;1.48;1;1
22617;14711.63;50;1.54;1;1
22618;15347.02;50;1.47;1;1
22619;14711.63;50;1.53;1;1
22620;15298.14;50;1.47;1;1
22621;14711.63;50;1.53;1;1
22622;15347.02;50;1.47;1;1
22623;14711.63;50;1.53;1;1
22624;15591.40;50;1.47;1;1
22625;14907.14;50;1.56;1;1
22626;15444.77;50;1.49;1;1
22627;14956.01;50;1.54;1;1
22628;15298.14;50;1.50;1;1
22629;14565.00;50;1.53;1;1
22630;15542.52;50;1.46;1;1
22631;14613.88;50;1.55;1;1
22632;15298.14;50;1.46;1;1
22633;14565.00;50;1.53;1;1
22634;15102.64;50;1.46;1;1
22635;14613.88;50;1.51;1;1
22636;15395.89;50;1.46;1;1
22637;14613.88;50;1.54;1;1
22638;15444.77;50;1.46;1;1
22639;14858.26;50;1.54;1;1
22640;15493.65;50;1.49;1;1
22641;15004.89;50;1.55;1;1
22642;15640.27;50;1.50;1;1
22643;15004.89;50;1.56;1;1
22644;15640.27;50;1.50;1;1
22645;15053.76;50;1.56;1;1
22646;15640.27;50;1.51;1;1
22647;15102.64;50;1.56;1;1
22648;15542.52;50;1.51;1;1
22649;15151.51;50;1.55;1;1
22650;15493.65;50;1.52;1;1
22651;15004.89;50;1.55;1;1
22652;15493.65;50;1.50;1;1
22653;15102.64;50;1.55;1;1
22654;15444.77;50;1.51;1;1
22655;14858.26;50;1.54;1;1
22656;15298.14;50;1.49;1;1
22657;15102.64;50;1.53;1;1
22658;15444.77;50;1.51;1;1
22659;15004.89;50;1.54;1;1
22660;15542.52;50;1.50;1;1
22661;15053.76;50;1.55;1;1
22662;15493.65;50;1.51;1;1
22663;15151.51;50;1.55;1;1
22664;15493.65;50;1.52;1;1
22665;15004.89;50;1.55;1;1
22666;15640.27;50;1.50;1;1
22667;15200.39;50;1.56;1;1
22668;15493.65;50;1.52;1;1
22669;15004.89;50;1.55;1;1
22670;15493.65;50;1.50;1;1
22671;15102.64;50;1.55;1;1
22672;15395.89;50;1.51;1;1
22673;15151.51;50;1.54;1;1
22674;15444.77;50;1.52;1;1
22675;15249.27;50;1.54;1;1
22676;15444.77;50;1.52;1;1
22677;15151.51;50;1.54;1;1
22678;15444.77;50;1.52;1;1
22679;15298.14;50;1.54;1;1
22680;15347.02;50;1.53;1;1
22681;15298.14;50;1.53;1;1
22682;15298.14;50;1.53;1;1
22683;15347.02;50;1.53;1;1
22684;15347.02;50;1.53;1;1
22685;15298.14;50;1.53;1;1
22686;15395.89;50;1.53;1;1
22687;15151.51;50;1.54;1;1
22688;15542.52;50;1.52;1;1
22689;15493.65;50;1.55;1;1
22690;15347.02;50;1.55;1;1
22691;15347.02;50;1.53;1;1
22692;15395.89;50;1.53;1;1
22693;15249.27;50;1.54;1;1
22694;15493.65;50;1.52;1;1
22695;15347.02;50;1.55;1;1
22696;15444.77;50;1.53;1;1
22697;15298.14;50;1.54;1;1
22698;15542.52;50;1.53;1;1
22699;15347.02;50;1.55;1;1
22700;15395.89;50;1.53;1;1
22701;15151.51;50;1.54;1;1
22702;15200.39;50;1.52;1;1
22703;15200.39;50;1.52;1;1
22704;15249.27;50;1.52;1;1
22705;15444.77;50;1.52;1;1
22706;15151.51;50;1.54;1;1
22707;15444.77;50;1.52;1;1
22708;15102.64;50;1.54;1;1
22709;15444.77;50;1.51;1;1
22710;15004.89;50;1.54;1;1
22711;15347.02;50;1.50;1;1
22712;15444.77;50;1.53;1;1
22713;15444.77;50;1.54;1;1
22714;14956.01;50;1.54;1;1
22715;15298.14;50;1.50;1;1
22716;15102.64;50;1.53;1;1
22717;15591.40;50;1.51;1;1
22718;15053.76;50;1.56;1;1
22719;15347.02;50;1.51;1;1
22720;15004.89;50;1.53;1;1
22721;15493.65;50;1.50;1;1
22722;14956.01;50;1.55;1;1
22723;15493.65;50;1.50;1;1
22724;14858.26;50;1.55;1;1
22725;15591.40;50;1.49;1;1
22726;14907.14;50;1.56;1;1
22727;15591.40;50;1.49;1;1
22728;14760.51;50;1.56;1;1
22729;15640.27;50;1.48;1;1
22730;14858.26;50;1.56;1;1
22731;15689.15;50;1.49;1;1
22732;14809.38;50;1.57;1;1
22733;15591.40;50;1.48;1;1
22734;14809.38;50;1.56;1;1
22735;15591.40;50;1.48;1;1
22736;14907.14;50;1.56;1;1
22737;15542.52;50;1.49;1;1
22738;14956.01;50;1.55;1;1
22739;15542.52;50;1.50;1;1
22740;15004.89;50;1.55;1;1
22741;15542.52;50;1.50;1;1
22742;15053.76;50;1.55;1;1
22743;15591.40;50;1.51;1;1
22744;15004.89;50;1.56;1;1
22745;15493.65;50;1.50;1;1
22746;14858.26;50;1.55;1;1
22747;15542.52;50;1.49;1;1
22748;14809.38;50;1.55;1;1
22749;15542.52;50;1.48;1;1
22750;14662.76;50;1.55;1;1
22751;15493.65;50;1.47;1;1
22752;14907.14;50;1.55;1;1
22753;15542.52;50;1.49;1;1
22754;14809.38;50;1.55;1;1
22755;15542.52;50;1.48;1;1
22756;14907.14;50;1.55;1;1
22757;15591.40;50;1.49;1;1
22758;14907.14;50;1.56;1;1
22759;15591.40;50;1.49;1;1
22760;15004.89;50;1.56;1;1
22761;15640.27;50;1.50;1;1
22762;14907.14;50;1.56;1;1
22763;15542.52;50;1.49;1;1
22764;14956.01;50;1.55;1;1
22765;15493.65;50;1.50;1;1
22766;15102.64;50;1.55;1;1
22767;15738.03;50;1.51;1;1
22768;15151.51;50;1.57;1;1
22769;15493.65;50;1.52;1;1
22770;15249.27;50;1.55;1;1
22771;15542.52;50;1.52;1;1
22772;15102.64;50;1.55;1;1
22773;15591.40;50;1.51;1;1
22774;15298.14;50;1.56;1;1
22775;15542.52;50;1.53;1;1
22776;15200.39;50;1.55;1;1
22777;15395.89;50;1.52;1;1
22778;15200.39;50;1.54;1;1
22779;15444.77;50;1.52;1;1
22780;15249.27;50;1.54;1;1
22781;15347.02;50;1.52;1;1
22782;15200.39;50;1.53;1;1
22783;15249.27;50;1.52;1;1
22784;15200.39;50;1.52;1;1
22785;15200.39;50;1.52;1;1
22786;15298.14;50;1.52;1;1
22787;15298.14;50;1.53;1;1
22788;15395.89;50;1.53;1;1
22789;15249.27;50;1.54;1;1
22790;15298.14;50;1.52;1;1
22791;15395.89;50;1.53;1;1
22792;15298.14;50;1.54;1;1
22793;15493.65;50;1.53;1;1
22794;15200.39;50;1.55;1;1
22795;15200.39;50;1.52;1;1
22796;15102.64;50;1.52;1;1
22797;15395.89;50;1.51;1;1
22798;15347.02;50;1.54;1;1
22799;15395.89;50;1.53;1;1
22800;15347.02;50;1.54;1;1
22801;15151.51;50;1.53;1;1
22802;15249.27;50;1.52;1;1
22803;15249.27;50;1.52;1;1
22804;15444.77;50;1.52;1;1
22805;15298.14;50;1.54;1;1
22806;15444.77;50;1.53;1;1
22807;15347.02;50;1.54;1;1
22808;15444.77;50;1.53;1;1
22809;15395.89;50;1.54;1;1
22810;15395.89;50;1.54;1;1
22811;15200.39;50;1.54;1;1
22812;15542.52;50;1.52;1;1
22813;15151.51;50;1.55;1;1
22814;15542.52;50;1.52;1;1
22815;15395.89;50;1.55;1;1
22816;15151.51;50;1.54;1;1
22817;15298.14;50;1.52;1;1
22818;15249.27;50;1.53;1;1
22819;15347.02;50;1.52;1;1
22820;15493.65;50;1.53;1;1
22821;15249.27;50;1.55;1;1
22822;15395.89;50;1.52;1;1
22823;15151.51;50;1.54;1;1
22824;15395.89;50;1.52;1;1
22825;15200.39;50;1.54;1;1
22826;15347.02;50;1.52;1;1
22827;15200.39;50;1.53;1;1
22828;15200.39;50;1.52;1;1
22829;15542.52;50;1.52;1;1
22830;15200.39;50;1.55;1;1
22831;15493.65;50;1.52;1;1
22832;15151.51;50;1.55;1;1
22833;15444.77;50;1.52;1;1
22834;15053.76;50;1.54;1;1
22835;15298.14;50;1.51;1;1
22836;14956.01;50;1.53;1;1
22837;15298.14;50;1.50;1;1
22838;15200.39;50;1.53;1;1
22839;15200.39;50;1.52;1;1
22840;15200.39;50;1.52;1;1
22841;15347.02;50;1.52;1;1
22842;15151.51;50;1.53;1;1
22843;15053.76;50;1.52;1;1
22844;15053.76;50;1.51;1;1
22845;15200.39;50;1.51;1;1
22846;15249.27;50;1.52;1;1
22847;15151.51;50;1.52;1;1
22848;15542.52;50;1.52;1;1
22849;15395.89;50;1.55;1;1
22850;15542.52;50;1.54;1;1
22851;15395.89;50;1.55;1;1
22852;15444.77;50;1.54;1;1
22853;15444.77;50;1.54;1;1
22854;15395.89;50;1.54;1;1
22855;15249.27;50;1.54;1;1
22856;15395.89;50;1.52;1;1
22857;15249.27;50;1.54;1;1
22858;15542.52;50;1.52;1;1
22859;15102.64;50;1.55;1;1
22860;15591.40;50;1.51;1;1
22861;15298.14;50;1.56;1;1
22862;15298.14;50;1.53;1;1
22863;15298.14;50;1.53;1;1
22864;15200.39;50;1.53;1;1
22865;15200.39;50;1.52;1;1
22866;15200.39;50;1.52;1;1
22867;15298.14;50;1.52;1;1
22868;15395.89;50;1.53;1;1
22869;15249.27;50;1.54;1;1
22870;15298.14;50;1.52;1;1
22871;15053.76;50;1.53;1;1
22872;15102.64;50;1.51;1;1
22873;14956.01;50;1.51;1;1
22874;15542.52;50;1.50;1;1
22875;15102.64;50;1.55;1;1
22876;15395.89;50;1.51;1;1
22877;15151.51;50;1.54;1;1
22878;15542.52;50;1.52;1;1
22879;15249.27;50;1.55;1;1
22880;15640.27;50;1.52;1;1
22881;14956.01;50;1.56;1;1
22882;15347.02;50;1.50;1;1
22883;15004.89;50;1.53;1;1
22884;15591.40;50;1.50;1;1
22885;15004.89;50;1.56;1;1
22886;15591.40;50;1.50;1;1
22887;15053.76;50;1.56;1;1
22888;15493.65;50;1.51;1;1
22889;14956.01;50;1.55;1;1
22890;15444.77;50;1.50;1;1
22891;15102.64;50;1.54;1;1
22892;15640.27;50;1.51;1;1
22893;15004.89;50;1.56;1;1
22894;15542.52;50;1.50;1;1
22895;15053.76;50;1.55;1;1
22896;15738.03;50;1.51;1;1
22897;15200.39;50;1.57;1;1
22898;15493.65;50;1.52;1;1
22899;14858.26;50;1.55;1;1
22900;15542.52;50;1.49;1;1
22901;14907.14;50;1.55;1;1
22902;15542.52;50;1.49;1;1
22903;15053.76;50;1.55;1;1
22904;15591.40;50;1.51;1;1
22905;15102.64;50;1.56;1;1
22906;15884.65;50;1.51;1;1
22907;15053.76;50;1.59;1;1
22908;15689.15;50;1.51;1;1
22909;15053.76;50;1.57;1;1
22910;15738.03;50;1.51;1;1
22911;15004.89;50;1.57;1;1
22912;15591.40;50;1.50;1;1
22913;15053.76;50;1.56;1;1
22914;15640.27;50;1.51;1;1
22915;15249.27;50;1.56;1;1
22916;15786.90;50;1.52;1;1
22917;14956.01;50;1.58;1;1
22918;15689.15;50;1.50;1;1
22919;14907.14;50;1.57;1;1
22920;15689.15;50;1.49;1;1
22921;15053.76;50;1.57;1;1
22922;15738.03;50;1.51;1;1
22923;15151.51;50;1.57;1;1
22924;15591.40;50;1.52;1;1
22925;15102.64;50;1.56;1;1
22926;15786.90;50;1.51;1;1
22927;15053.76;50;1.58;1;1
22928;15738.03;50;1.51;1;1
22929;15004.89;50;1.57;1;1
22930;15738.03;50;1.50;1;1
22931;15004.89;50;1.57;1;1
22932;15542.52;50;1.50;1;1
22933;15102.64;50;1.55;1;1
22934;15542.52;50;1.51;1;1
22935;15249.27;50;1.55;1;1
22936;15640.27;50;1.52;1;1
22937;14956.01;50;1.56;1;1
22938;15591.40;50;1.50;1;1
22939;15053.76;50;1.56;1;1
22940;15298.14;50;1.51;1;1
22941;14858.26;50;1.53;1;1
22942;15395.89;50;1.49;1;1
22943;15102.64;50;1.54;1;1
22944;15395.89;50;1.51;1;1
22945;14858.26;50;1.54;1;1
22946;15395.89;50;1.49;1;1
22947;15249.27;50;1.54;1;1
22948;15151.51;50;1.52;1;1
22949;15053.76;50;1.52;1;1
22950;15200.39;50;1.51;1;1
22951;15053.76;50;1.52;1;1
22952;15004.89;50;1.51;1;1
22953;14956.01;50;1.50;1;1
22954;14956.01;50;1.50;1;1
22955;15053.76;50;1.50;1;1
22956;15053.76;50;1.51;1;1
22957;15053.76;50;1.51;1;1
22958;15053.76;50;1.51;1;1
22959;15151.51;50;1.51;1;1
22960;15004.89;50;1.52;1;1
22961;15151.51;50;1.50;1;1
22962;15053.76;50;1.52;1;1
22963;15298.14;50;1.51;1;1
22964;15053.76;50;1.53;1;1
22965;15249.27;50;1.51;1;1
22966;15249.27;50;1.52;1;1
22967;15249.27;50;1.52;1;1
22968;15053.76;50;1.52;1;1
22969;15249.27;50;1.51;1;1
22970;15004.89;50;1.52;1;1
22971;15151.51;50;1.50;1;1
22972;15053.76;50;1.52;1;1
22973;14907.14;50;1.51;1;1
22974;15053.76;50;1.49;1;1
22975;15053.76;50;1.51;1;1
22976;15004.89;50;1.51;1;1
22977;15200.39;50;1.50;1;1
22978;14956.01;50;1.52;1;1
22979;14956.01;50;1.50;1;1
22980;14760.51;50;1.50;1;1
22981;15053.76;50;1.48;1;1
22982;14907.14;50;1.51;1;1
22983;15298.14;50;1.49;1;1
22984;15200.39;50;1.53;1;1
22985;15053.76;50;1.52;1;1
22986;14907.14;50;1.51;1;1
22987;15249.27;50;1.49;1;1
22988;14956.01;50;1.52;1;1
22989;15395.89;50;1.50;1;1
22990;14956.01;50;1.54;1;1
22991;15347.02;50;1.50;1;1
22992;14858.26;50;1.53;1;1
22993;15395.89;50;1.49;1;1
22994;14760.51;50;1.54;1;1
22995;15151.51;50;1.48;1;1
22996;14760.51;50;1.52;1;1
22997;15102.64;50;1.48;1;1
22998;14956.01;50;1.51;1;1
22999;15591.40;50;1.50;1;1
23000;15053.76;50;1.56;1;1
23001;15493.65;50;1.51;1;1
23002;14858.26;50;1.55;1;1
23003;15347.02;50;1.49;1;1
23004;14956.01;50;1.53;1;1
23005;15347.02;50;1.50;1;1
23006;14760.51;50;1.53;1;1
23007;15395.89;50;1.48;1;1
23008;14907.14;50;1.54;1;1
23009;15249.27;50;1.49;1;1
23010;14760.51;50;1.52;1;1
23011;15347.02;50;1.48;1;1
23012;14760.51;50;1.53;1;1
23013;15347.02;50;1.48;1;1
23014;14809.38;50;1.53;1;1
23015;15738.03;50;1.48;1;1
23016;15004.89;50;1.57;1;1
23017;15786.90;50;1.50;1;1
23018;15053.76;50;1.58;1;1
23019;15542.52;50;1.51;1;1
23020;15102.64;50;1.55;1;1
23021;15640.27;50;1.51;1;1
23022;14956.01;50;1.56;1;1
23023;15542.52;50;1.50;1;1
23024;14956.01;50;1.55;1;1
23025;15640.27;50;1.50;1;1
23026;14858.26;50;1.56;1;1
23027;15493.65;50;1.49;1;1
23028;14907.14;50;1.55;1;1
23029;15640.27;50;1.49;1;1
23030;14956.01;50;1.56;1;1
23031;15444.77;50;1.50;1;1
23032;14956.01;50;1.54;1;1
23033;15689.15;50;1.50;1;1
23034;15053.76;50;1.57;1;1
23035;15835.78;50;1.51;1;1
23036;14907.14;50;1.58;1;1
23037;15640.27;50;1.49;1;1
23038;15053.76;50;1.56;1;1
23039;15884.65;50;1.51;1;1
23040;15200.39;50;1.59;1;1
23041;15738.03;50;1.52;1;1
23042;15004.89;50;1.57;1;1
23043;15640.27;50;1.50;1;1
23044;15395.89;50;1.56;1;1
23045;15738.03;50;1.54;1;1
23046;15200.39;50;1.57;1;1
23047;15591.40;50;1.52;1;1
23048;14907.14;50;1.56;1;1
23049;15591.40;50;1.49;1;1
23050;14956.01;50;1.56;1;1
23051;15689.15;50;1.50;1;1
23052;15200.39;50;1.57;1;1
23053;15835.78;50;1.52;1;1
23054;15200.39;50;1.58;1;1
23055;15884.65;50;1.52;1;1
23056;15102.64;50;1.59;1;1
23057;15786.90;50;1.51;1;1
23058;15102.64;50;1.58;1;1
23059;15738.03;50;1.51;1;1
23060;15102.64;50;1.57;1;1
23061;15493.65;50;1.51;1;1
23062;15102.64;50;1.55;1;1
23063;15493.65;50;1.51;1;1
23064;15200.39;50;1.55;1;1
23065;15689.15;50;1.52;1;1
23066;15151.51;50;1.57;1;1
23067;15786.90;50;1.52;1;1
23068;15298.14;50;1.58;1;1
23069;15347.02;50;1.53;1;1
23070;14956.01;50;1.53;1;1
23071;15786.90;50;1.50;1;1
23072;15151.51;50;1.58;1;1
23073;15640.27;50;1.52;1;1
23074;15151.51;50;1.56;1;1
23075;15493.65;50;1.52;1;1
23076;15200.39;50;1.55;1;1
23077;15444.77;50;1.52;1;1
23078;15200.39;50;1.54;1;1
23079;15395.89;50;1.52;1;1
23080;15298.14;50;1.54;1;1
23081;15347.02;50;1.53;1;1
23082;15298.14;50;1.53;1;1
23083;15395.89;50;1.53;1;1
23084;15444.77;50;1.54;1;1
23085;15395.89;50;1.54;1;1
23086;15444.77;50;1.54;1;1
23087;15200.39;50;1.54;1;1
23088;15395.89;50;1.52;1;1
23089;15347.02;50;1.54;1;1
23090;15542.52;50;1.53;1;1
23091;15102.64;50;1.55;1;1
23092;15395.89;50;1.51;1;1
23093;15249.27;50;1.54;1;1
23094;15493.65;50;1.52;1;1
23095;15102.64;50;1.55;1;1
23096;15444.77;50;1.51;1;1
23097;15444.77;50;1.54;1;1
23098;15493.65;50;1.54;1;1
23099;15298.14;50;1.55;1;1
23100;15395.89;50;1.53;1;1
23101;15298.14;50;1.54;1;1
23102;15395.89;50;1.53;1;1
23103;15004.89;50;1.54;1;1
23104;15493.65;50;1.50;1;1
23105;15151.51;50;1.55;1;1
23106;15542.52;50;1.52;1;1
23107;15200.39;50;1.55;1;1
23108;15640.27;50;1.52;1;1
23109;15102.64;50;1.56;1;1
23110;15591.40;50;1.51;1;1
23111;15395.89;50;1.56;1;1
23112;15591.40;50;1.54;1;1
23113;15249.27;50;1.56;1;1
23114;15689.15;50;1.52;1;1
23115;15249.27;50;1.57;1;1
23116;15738.03;50;1.52;1;1
23117;15249.27;50;1.57;1;1
23118;15738.03;50;1.52;1;1
23119;14956.01;50;1.57;1;1
23120;15493.65;50;1.50;1;1
23121;15151.51;50;1.55;1;1
23122;15738.03;50;1.52;1;1
23123;15395.89;50;1.57;1;1
23124;15640.27;50;1.54;1;1
23125;15200.39;50;1.56;1;1
23126;15738.03;50;1.52;1;1
23127;15102.64;50;1.57;1;1
23128;15444.77;50;1.51;1;1
23129;14907.14;50;1.54;1;1
23130;15542.52;50;1.49;1;1
23131;14858.26;50;1.55;1;1
23132;15542.52;50;1.49;1;1
23133;15053.76;50;1.55;1;1
23134;15835.78;50;1.51;1;1
23135;15249.27;50;1.58;1;1
23136;15738.03;50;1.52;1;1
23137;15249.27;50;1.57;1;1
23138;15884.65;50;1.52;1;1
23139;15200.39;50;1.59;1;1
23140;15982.40;50;1.52;1;1
23141;15151.51;50;1.60;1;1
23142;15884.65;50;1.52;1;1
23143;15249.27;50;1.59;1;1
23144;15835.78;50;1.52;1;1
23145;15004.89;50;1.58;1;1
23146;15933.53;50;1.50;1;1
23147;15151.51;50;1.59;1;1
23148;15689.15;50;1.52;1;1
23149;15151.51;50;1.57;1;1
23150;15689.15;50;1.52;1;1
23151;15151.51;50;1.57;1;1
23152;15982.40;50;1.52;1;1
23153;15151.51;50;1.60;1;1
23154;15884.65;50;1.52;1;1
23155;15298.14;50;1.59;1;1
23156;16031.28;50;1.53;1;1
23157;15200.39;50;1.60;1;1
23158;15786.90;50;1.52;1;1
23159;15200.39;50;1.58;1;1
23160;15835.78;50;1.52;1;1
23161;15200.39;50;1.58;1;1
23162;15835.78;50;1.52;1;1
23163;15053.76;50;1.58;1;1
23164;15786.90;50;1.51;1;1
23165;15298.14;50;1.58;1;1
23166;15640.27;50;1.53;1;1
23167;15151.51;50;1.56;1;1
23168;15786.90;50;1.52;1;1
23169;15200.39;50;1.58;1;1
23170;15738.03;50;1.52;1;1
23171;15151.51;50;1.57;1;1
23172;15738.03;50;1.52;1;1
23173;15249.27;50;1.57;1;1
23174;15689.15;50;1.52;1;1
23175;15151.51;50;1.57;1;1
23176;15591.40;50;1.52;1;1
23177;15347.02;50;1.56;1;1
23178;15835.78;50;1.53;1;1
23179;15249.27;50;1.58;1;1
23180;15738.03;50;1.52;1;1
23181;15347.02;50;1.57;1;1
23182;15738.03;50;1.53;1;1
23183;15298.14;50;1.57;1;1
23184;15738.03;50;1.53;1;1
23185;15004.89;50;1.57;1;1
23186;15347.02;50;1.50;1;1
23187;15102.64;50;1.53;1;1
23188;15542.52;50;1.51;1;1
23189;15249.27;50;1.55;1;1
23190;15347.02;50;1.52;1;1
23191;15249.27;50;1.53;1;1
23192;15298.14;50;1.52;1;1
23193;15151.51;50;1.53;1;1
23194;15395.89;50;1.52;1;1
23195;15151.51;50;1.54;1;1
23196;15249.27;50;1.52;1;1
23197;14956.01;50;1.52;1;1
23198;15395.89;50;1.50;1;1
23199;15004.89;50;1.54;1;1
23200;15347.02;50;1.50;1;1
23201;15053.76;50;1.53;1;1
23202;15200.39;50;1.51;1;1
23203;15347.02;50;1.52;1;1
23204;15395.89;50;1.53;1;1
23205;15249.27;50;1.54;1;1
23206;15493.65;50;1.52;1;1
23207;15298.14;50;1.55;1;1
23208;15493.65;50;1.53;1;1
23209;15738.03;50;1.55;1;1
23210;15444.77;50;1.57;1;1
23211;15298.14;50;1.54;1;1
23212;15591.40;50;1.53;1;1
23213;15395.89;50;1.56;1;1
23214;15444.77;50;1.54;1;1
23215;15444.77;50;1.54;1;1
23216;15493.65;50;1.54;1;1
23217;15493.65;50;1.55;1;1
23218;15395.89;50;1.55;1;1
23219;15640.27;50;1.54;1;1
23220;15444.77;50;1.56;1;1
23221;15738.03;50;1.54;1;1
23222;15542.52;50;1.57;1;1
23223;15835.78;50;1.55;1;1
23224;15444.77;50;1.58;1;1
23225;15689.15;50;1.54;1;1
23226;15347.02;50;1.57;1;1
23227;15689.15;50;1.53;1;1
23228;15493.65;50;1.57;1;1
23229;15444.77;50;1.55;1;1
23230;15151.51;50;1.54;1;1
23231;15395.89;50;1.52;1;1
23232;15444.77;50;1.54;1;1
23233;15542.52;50;1.54;1;1
23234;15102.64;50;1.55;1;1
23235;15298.14;50;1.51;1;1
23236;15200.39;50;1.53;1;1
23237;15444.77;50;1.52;1;1
23238;15053.76;50;1.54;1;1
23239;15591.40;50;1.51;1;1
23240;15444.77;50;1.56;1;1
23241;15835.78;50;1.54;1;1
23242;15542.52;50;1.58;1;1
23243;15786.90;50;1.55;1;1
23244;15347.02;50;1.58;1;1
23245;15786.90;50;1.53;1;1
23246;15395.89;50;1.58;1;1
23247;15835.78;50;1.54;1;1
23248;15347.02;50;1.58;1;1
23249;15982.40;50;1.53;1;1
23250;15493.65;50;1.60;1;1
23251;16031.28;50;1.55;1;1
23252;15395.89;50;1.60;1;1
23253;15786.90;50;1.54;1;1
23254;15591.40;50;1.58;1;1
23255;15884.65;50;1.56;1;1
23256;15298.14;50;1.59;1;1
23257;15982.40;50;1.53;1;1
23258;15395.89;50;1.60;1;1
23259;16080.16;50;1.54;1;1
23260;15444.77;50;1.61;1;1
23261;15982.40;50;1.54;1;1
23262;15493.65;50;1.60;1;1
23263;16031.28;50;1.55;1;1
23264;15444.77;50;1.60;1;1
23265;16031.28;50;1.54;1;1
23266;15347.02;50;1.60;1;1
23267;16080.16;50;1.53;1;1
23268;15444.77;50;1.61;1;1
23269;15884.65;50;1.54;1;1
23270;15249.27;50;1.59;1;1
23271;15933.53;50;1.52;1;1
23272;15249.27;50;1.59;1;1
23273;15982.40;50;1.52;1;1
23274;15249.27;50;1.60;1;1
23275;15933.53;50;1.52;1;1
23276;15493.65;50;1.59;1;1
23277;16520.04;50;1.55;1;1
23278;15884.65;50;1.65;1;1
23279;15933.53;50;1.59;1;1
23280;15395.89;50;1.59;1;1
23281;15835.78;50;1.54;1;1
23282;15151.51;50;1.58;1;1
23283;16275.66;50;1.52;1;1
23284;15835.78;50;1.63;1;1
23285;16471.16;50;1.58;1;1
23286;15884.65;50;1.65;1;1
23287;16520.04;50;1.59;1;1
23288;15884.65;50;1.65;1;1
23289;16520.04;50;1.59;1;1
23290;15884.65;50;1.65;1;1
23291;15982.40;50;1.59;1;1
23292;15249.27;50;1.60;1;1
23293;15786.90;50;1.52;1;1
23294;15298.14;50;1.58;1;1
23295;15884.65;50;1.53;1;1
23296;15298.14;50;1.59;1;1
23297;15982.40;50;1.53;1;1
23298;15298.14;50;1.60;1;1
23299;15933.53;50;1.53;1;1
23300;15298.14;50;1.59;1;1
23301;15982.40;50;1.53;1;1
23302;15298.14;50;1.60;1;1
23303;16080.16;50;1.53;1;1
23304;15249.27;50;1.61;1;1
23305;15884.65;50;1.52;1;1
23306;15298.14;50;1.59;1;1
23307;15738.03;50;1.53;1;1
23308;15395.89;50;1.57;1;1
23309;16568.91;50;1.54;1;1
23310;15249.27;50;1.66;1;1
23311;16129.03;50;1.52;1;1
23312;15053.76;50;1.61;1;1
23313;15835.78;50;1.51;1;1
23314;15151.51;50;1.58;1;1
23315;15933.53;50;1.52;1;1
23316;15249.27;50;1.59;1;1
23317;15933.53;50;1.52;1;1
23318;15151.51;50;1.59;1;1
23319;15933.53;50;1.52;1;1
23320;15151.51;50;1.59;1;1
23321;15738.03;50;1.52;1;1
23322;15395.89;50;1.57;1;1
23323;16275.66;50;1.54;1;1
23324;15640.27;50;1.63;1;1
23325;16275.66;50;1.56;1;1
23326;15689.15;50;1.63;1;1
23327;16080.16;50;1.57;1;1
23328;15102.64;50;1.61;1;1
23329;15738.03;50;1.51;1;1
23330;15053.76;50;1.57;1;1
23331;15738.03;50;1.51;1;1
23332;15102.64;50;1.57;1;1
23333;15640.27;50;1.51;1;1
23334;15004.89;50;1.56;1;1
23335;15591.40;50;1.50;1;1
23336;15640.27;50;1.56;1;1
23337;16324.54;50;1.56;1;1
23338;15738.03;50;1.63;1;1
23339;15738.03;50;1.57;1;1
23340;15151.51;50;1.57;1;1
23341;16422.29;50;1.52;1;1
23342;15835.78;50;1.64;1;1
23343;16422.29;50;1.58;1;1
23344;15884.65;50;1.64;1;1
23345;16177.91;50;1.59;1;1
23346;15835.78;50;1.62;1;1
23347;16275.66;50;1.58;1;1
23348;15835.78;50;1.63;1;1
23349;16226.78;50;1.58;1;1
23350;15884.65;50;1.62;1;1
23351;15933.53;50;1.59;1;1
23352;15591.40;50;1.59;1;1
23353;16031.28;50;1.56;1;1
23354;15689.15;50;1.60;1;1
23355;16129.03;50;1.57;1;1
23356;15835.78;50;1.61;1;1
23357;15982.40;50;1.58;1;1
23358;15689.15;50;1.60;1;1
23359;16177.91;50;1.57;1;1
23360;15933.53;50;1.62;1;1
23361;16177.91;50;1.59;1;1
23362;16129.03;50;1.62;1;1
23363;16129.03;50;1.61;1;1
23364;16129.03;50;1.61;1;1
23365;16031.28;50;1.61;1;1
23366;16129.03;50;1.60;1;1
23367;16031.28;50;1.61;1;1
23368;16129.03;50;1.60;1;1
23369;15982.40;50;1.61;1;1
23370;16177.91;50;1.60;1;1
23371;15835.78;50;1.62;1;1
23372;16129.03;50;1.58;1;1
23373;15982.40;50;1.61;1;1
23374;16226.78;50;1.60;1;1
23375;15884.65;50;1.62;1;1
23376;16080.16;50;1.59;1;1
23377;15689.15;50;1.61;1;1
23378;16373.41;50;1.57;1;1
23379;15982.40;50;1.64;1;1
23380;16226.78;50;1.60;1;1
23381;15933.53;50;1.62;1;1
23382;16226.78;50;1.59;1;1
23383;15835.78;50;1.62;1;1
23384;16373.41;50;1.58;1;1
23385;15786.90;50;1.64;1;1
23386;16324.54;50;1.58;1;1
23387;15786.90;50;1.63;1;1
23388;16324.54;50;1.58;1;1
23389;15786.90;50;1.63;1;1
23390;16471.16;50;1.58;1;1
23391;15982.40;50;1.65;1;1
23392;16373.41;50;1.60;1;1
23393;15689.15;50;1.64;1;1
23394;16177.91;50;1.57;1;1
23395;15786.90;50;1.62;1;1
23396;16422.29;50;1.58;1;1
23397;15738.03;50;1.64;1;1
23398;16666.67;50;1.57;1;1
23399;15835.78;50;1.67;1;1
23400;16422.29;50;1.58;1;1
23401;15835.78;50;1.64;1;1
23402;16373.41;50;1.58;1;1
23403;15786.90;50;1.64;1;1
23404;16471.16;50;1.58;1;1
23405;15786.90;50;1.65;1;1
23406;16373.41;50;1.58;1;1
23407;15884.65;50;1.64;1;1
23408;16422.29;50;1.59;1;1
23409;15884.65;50;1.64;1;1
23410;16275.66;50;1.59;1;1
23411;15786.90;50;1.63;1;1
23412;16373.41;50;1.58;1;1
23413;15738.03;50;1.64;1;1
23414;16471.16;50;1.57;1;1
23415;15738.03;50;1.65;1;1
23416;16422.29;50;1.57;1;1
23417;15738.03;50;1.64;1;1
23418;16520.04;50;1.57;1;1
23419;15591.40;50;1.65;1;1
23420;16422.29;50;1.56;1;1
23421;15591.40;50;1.64;1;1
23422;16471.16;50;1.56;1;1
23423;15689.15;50;1.65;1;1
23424;16324.54;50;1.57;1;1
23425;15542.52;50;1.63;1;1
23426;16275.66;50;1.55;1;1
23427;15835.78;50;1.63;1;1
23428;16177.91;50;1.58;1;1
23429;15640.27;50;1.62;1;1
23430;16422.29;50;1.56;1;1
23431;15786.90;50;1.64;1;1
23432;16471.16;50;1.58;1;1
23433;15884.65;50;1.65;1;1
23434;16373.41;50;1.59;1;1
23435;15884.65;50;1.64;1;1
23436;16568.91;50;1.59;1;1
23437;15738.03;50;1.66;1;1
23438;15982.40;50;1.57;1;1
23439;15591.40;50;1.60;1;1
23440;16177.91;50;1.56;1;1
23441;15884.65;50;1.62;1;1
23442;16226.78;50;1.59;1;1
23443;15591.40;50;1.62;1;1
23444;16129.03;50;1.56;1;1
23445;15591.40;50;1.61;1;1
23446;16031.28;50;1.56;1;1
23447;15738.03;50;1.60;1;1
23448;16080.16;50;1.57;1;1
23449;15738.03;50;1.61;1;1
23450;15982.40;50;1.57;1;1
23451;15689.15;50;1.60;1;1
23452;15884.65;50;1.57;1;1
23453;15640.27;50;1.59;1;1
23454;15835.78;50;1.56;1;1
23455;15738.03;50;1.58;1;1
23456;16129.03;50;1.57;1;1
23457;15884.65;50;1.61;1;1
23458;16080.16;50;1.59;1;1
23459;15689.15;50;1.61;1;1
23460;16031.28;50;1.57;1;1
23461;15835.78;50;1.60;1;1
23462;15884.65;50;1.58;1;1
23463;15786.90;50;1.59;1;1
23464;15982.40;50;1.58;1;1
23465;15933.53;50;1.60;1;1
23466;16031.28;50;1.59;1;1
23467;16031.28;50;1.60;1;1
23468;15933.53;50;1.60;1;1
23469;16031.28;50;1.59;1;1
23470;15933.53;50;1.60;1;1
23471;16080.16;50;1.59;1;1
23472;15835.78;50;1.61;1;1
23473;16129.03;50;1.58;1;1
23474;15835.78;50;1.61;1;1
23475;16177.91;50;1.58;1;1
23476;15786.90;50;1.62;1;1
23477;16080.16;50;1.58;1;1
23478;15835.78;50;1.61;1;1
23479;16226.78;50;1.58;1;1
23480;15738.03;50;1.62;1;1
23481;16129.03;50;1.57;1;1
23482;15884.65;50;1.61;1;1
23483;16031.28;50;1.59;1;1
23484;16177.91;50;1.60;1;1
23485;16080.16;50;1.62;1;1
23486;15835.78;50;1.61;1;1
23487;16031.28;50;1.58;1;1
23488;15835.78;50;1.60;1;1
23489;15982.40;50;1.58;1;1
23490;15738.03;50;1.60;1;1
23491;15982.40;50;1.57;1;1
23492;15786.90;50;1.60;1;1
23493;16129.03;50;1.58;1;1
23494;15884.65;50;1.61;1;1
23495;16275.66;50;1.59;1;1
23496;15786.90;50;1.63;1;1
23497;16129.03;50;1.58;1;1
23498;15689.15;50;1.61;1;1
23499;16324.54;50;1.57;1;1
23500;15738.03;50;1.63;1;1
23501;16324.54;50;1.57;1;1
23502;15640.27;50;1.63;1;1
23503;16373.41;50;1.56;1;1
23504;15786.90;50;1.64;1;1
23505;16422.29;50;1.58;1;1
23506;15738.03;50;1.64;1;1
23507;16275.66;50;1.57;1;1
23508;15738.03;50;1.63;1;1
23509;16226.78;50;1.57;1;1
23510;15738.03;50;1.62;1;1
23511;16226.78;50;1.57;1;1
23512;15640.27;50;1.62;1;1
23513;16373.41;50;1.56;1;1
23514;15591.40;50;1.64;1;1
23515;16324.54;50;1.56;1;1
23516;15689.15;50;1.63;1;1
23517;16324.54;50;1.57;1;1
23518;15786.90;50;1.63;1;1
23519;16275.66;50;1.58;1;1
23520;15738.03;50;1.63;1;1
23521;16324.54;50;1.57;1;1
23522;15591.40;50;1.63;1;1
23523;16373.41;50;1.56;1;1
23524;15689.15;50;1.64;1;1
23525;16275.66;50;1.57;1;1
23526;15689.15;50;1.63;1;1
23527;16373.41;50;1.57;1;1
23528;15591.40;50;1.64;1;1
23529;16422.29;50;1.56;1;1
23530;15738.03;50;1.64;1;1
23531;16422.29;50;1.57;1;1
23532;15738.03;50;1.64;1;1
23533;16324.54;50;1.57;1;1
23534;15689.15;50;1.63;1;1
23535;16324.54;50;1.57;1;1
23536;15786.90;50;1.63;1;1
23537;16324.54;50;1.58;1;1
23538;15640.27;50;1.63;1;1
23539;16177.91;50;1.56;1;1
23540;15444.77;50;1.62;1;1
23541;16226.78;50;1.54;1;1
23542;15395.89;50;1.62;1;1
23543;16226.78;50;1.54;1;1
23544;15542.52;50;1.62;1;1
23545;16031.28;50;1.55;1;1
23546;15493.65;50;1.60;1;1
23547;15982.40;50;1.55;1;1
23548;15493.65;50;1.60;1;1
23549;15982.40;50;1.55;1;1
23550;15347.02;50;1.60;1;1
23551;16129.03;50;1.53;1;1
23552;15395.89;50;1.61;1;1
23553;15982.40;50;1.54;1;1
23554;15444.77;50;1.60;1;1
23555;15982.40;50;1.54;1;1
23556;15542.52;50;1.60;1;1
23557;16129.03;50;1.55;1;1
23558;15493.65;50;1.61;1;1
23559;16226.78;50;1.55;1;1
23560;15395.89;50;1.62;1;1
23561;15933.53;50;1.54;1;1
23562;15493.65;50;1.59;1;1
23563;15982.40;50;1.55;1;1
23564;15395.89;50;1.60;1;1
23565;15884.65;50;1.54;1;1
23566;15395.89;50;1.59;1;1
23567;16031.28;50;1.54;1;1
23568;15542.52;50;1.60;1;1
23569;16177.91;50;1.55;1;1
23570;15542.52;50;1.62;1;1
23571;15884.65;50;1.55;1;1
23572;15395.89;50;1.59;1;1
23573;16031.28;50;1.54;1;1
23574;15444.77;50;1.60;1;1
23575;15738.03;50;1.54;1;1
23576;15444.77;50;1.57;1;1
23577;15884.65;50;1.54;1;1
23578;15395.89;50;1.59;1;1
23579;15933.53;50;1.54;1;1
23580;15444.77;50;1.59;1;1
23581;15835.78;50;1.54;1;1
23582;15493.65;50;1.58;1;1
23583;15689.15;50;1.55;1;1
23584;15591.40;50;1.57;1;1
23585;15786.90;50;1.56;1;1
23586;15640.27;50;1.58;1;1
23587;15689.15;50;1.56;1;1
23588;15493.65;50;1.57;1;1
23589;15640.27;50;1.55;1;1
23590;15835.78;50;1.56;1;1
23591;15786.90;50;1.58;1;1
23592;15053.76;50;1.58;1;1
23593;15591.40;50;1.51;1;1
23594;15249.27;50;1.56;1;1
23595;15542.52;50;1.52;1;1
23596;15395.89;50;1.55;1;1
23597;15542.52;50;1.54;1;1
23598;15151.51;50;1.55;1;1
23599;15542.52;50;1.52;1;1
23600;15200.39;50;1.55;1;1
23601;15542.52;50;1.52;1;1
23602;15298.14;50;1.55;1;1
23603;15542.52;50;1.53;1;1
23604;15444.77;50;1.55;1;1
23605;15835.78;50;1.54;1;1
23606;15102.64;50;1.58;1;1
23607;15493.65;50;1.51;1;1
23608;15298.14;50;1.55;1;1
23609;15542.52;50;1.53;1;1
23610;15200.39;50;1.55;1;1
23611;15493.65;50;1.52;1;1
23612;15249.27;50;1.55;1;1
23613;15347.02;50;1.52;1;1
23614;15395.89;50;1.53;1;1
23615;15591.40;50;1.54;1;1
23616;15542.52;50;1.56;1;1
23617;15493.65;50;1.55;1;1
23618;15884.65;50;1.55;1;1
23619;15933.53;50;1.59;1;1
23620;16129.03;50;1.59;1;1
23621;16080.16;50;1.61;1;1
23622;15249.27;50;1.61;1;1
23623;15053.76;50;1.52;1;1
23624;15884.65;50;1.51;1;1
23625;15933.53;50;1.59;1;1
23626;16177.91;50;1.59;1;1
23627;16226.78;50;1.62;1;1
23628;16177.91;50;1.62;1;1
23629;15884.65;50;1.62;1;1
23630;16129.03;50;1.59;1;1
23631;15933.53;50;1.61;1;1
23632;15933.53;50;1.59;1;1
23633;16373.41;50;1.59;1;1
23634;15786.90;50;1.64;1;1
23635;15933.53;50;1.58;1;1
23636;15640.27;50;1.59;1;1
23637;15933.53;50;1.56;1;1
23638;15786.90;50;1.59;1;1
23639;15933.53;50;1.58;1;1
23640;15738.03;50;1.59;1;1
23641;15884.65;50;1.57;1;1
23642;15982.40;50;1.59;1;1
23643;15738.03;50;1.60;1;1
23644;15786.90;50;1.57;1;1
23645;15395.89;50;1.58;1;1
23646;15738.03;50;1.54;1;1
23647;15786.90;50;1.57;1;1
23648;15493.65;50;1.58;1;1
23649;15689.15;50;1.55;1;1
23650;15444.77;50;1.57;1;1
23651;15493.65;50;1.54;1;1
23652;15444.77;50;1.55;1;1
23653;15689.15;50;1.54;1;1
23654;15444.77;50;1.57;1;1
23655;15640.27;50;1.54;1;1
23656;15884.65;50;1.56;1;1
23657;15640.27;50;1.59;1;1
23658;15689.15;50;1.56;1;1
23659;15738.03;50;1.57;1;1
23660;15640.27;50;1.57;1;1
23661;15444.77;50;1.56;1;1
23662;15640.27;50;1.54;1;1
23663;15395.89;50;1.56;1;1
23664;15493.65;50;1.54;1;1
23665;15298.14;50;1.55;1;1
23666;15640.27;50;1.53;1;1
23667;15249.27;50;1.56;1;1
23668;15835.78;50;1.52;1;1
23669;15249.27;50;1.58;1;1
23670;15786.90;50;1.52;1;1
23671;15200.39;50;1.58;1;1
23672;15689.15;50;1.52;1;1
23673;15347.02;50;1.57;1;1
23674;15640.27;50;1.53;1;1
23675;15249.27;50;1.56;1;1
23676;15640.27;50;1.52;1;1
23677;15200.39;50;1.56;1;1
23678;15835.78;50;1.52;1;1
23679;15151.51;50;1.58;1;1
23680;15786.90;50;1.52;1;1
23681;15151.51;50;1.58;1;1
23682;15835.78;50;1.52;1;1
23683;15347.02;50;1.58;1;1
23684;15786.90;50;1.53;1;1
23685;15249.27;50;1.58;1;1
23686;15835.78;50;1.52;1;1
23687;15004.89;50;1.58;1;1
23688;15884.65;50;1.50;1;1
23689;15249.27;50;1.59;1;1
23690;15835.78;50;1.52;1;1
23691;15053.76;50;1.58;1;1
23692;15786.90;50;1.51;1;1
23693;15053.76;50;1.58;1;1
23694;15884.65;50;1.51;1;1
23695;15102.64;50;1.59;1;1
23696;15738.03;50;1.51;1;1
23697;15200.39;50;1.57;1;1
23698;15835.78;50;1.52;1;1
23699;15151.51;50;1.58;1;1
23700;15640.27;50;1.52;1;1
23701;15102.64;50;1.56;1;1
23702;15884.65;50;1.51;1;1
23703;15347.02;50;1.59;1;1
23704;15738.03;50;1.53;1;1
23705;15249.27;50;1.57;1;1
23706;15640.27;50;1.52;1;1
23707;15200.39;50;1.56;1;1
23708;15689.15;50;1.52;1;1
23709;15347.02;50;1.57;1;1
23710;15689.15;50;1.53;1;1
23711;15347.02;50;1.57;1;1
23712;15640.27;50;1.53;1;1
23713;15493.65;50;1.56;1;1
23714;15835.78;50;1.55;1;1
23715;15493.65;50;1.58;1;1
23716;15640.27;50;1.55;1;1
23717;15689.15;50;1.56;1;1
23718;15591.40;50;1.57;1;1
23719;15689.15;50;1.56;1;1
23720;15786.90;50;1.57;1;1
23721;15689.15;50;1.58;1;1
23722;15493.65;50;1.57;1;1
23723;15689.15;50;1.55;1;1
23724;15542.52;50;1.57;1;1
23725;15591.40;50;1.55;1;1
23726;15835.78;50;1.56;1;1
23727;15835.78;50;1.58;1;1
23728;15933.53;50;1.58;1;1
23729;15395.89;50;1.59;1;1
23730;15786.90;50;1.54;1;1
23731;15738.03;50;1.58;1;1
23732;15738.03;50;1.57;1;1
23733;15786.90;50;1.57;1;1
23734;15640.27;50;1.58;1;1
23735;15835.78;50;1.56;1;1
23736;15738.03;50;1.58;1;1
23737;16031.28;50;1.57;1;1
23738;16617.79;50;1.60;1;1
23739;16862.17;50;1.66;1;1
23740;15640.27;50;1.69;1;1
23741;15933.53;50;1.56;1;1
23742;15493.65;50;1.59;1;1
23743;16080.16;50;1.55;1;1
23744;15738.03;50;1.61;1;1
23745;16129.03;50;1.57;1;1
23746;15200.39;50;1.61;1;1
23747;15738.03;50;1.52;1;1
23748;15298.14;50;1.57;1;1
23749;15835.78;50;1.53;1;1
23750;15347.02;50;1.58;1;1
23751;15884.65;50;1.53;1;1
23752;15200.39;50;1.59;1;1
23753;16031.28;50;1.52;1;1
23754;15102.64;50;1.60;1;1
23755;15738.03;50;1.51;1;1
23756;15347.02;50;1.57;1;1
23757;15738.03;50;1.53;1;1
23758;15151.51;50;1.57;1;1
23759;15884.65;50;1.52;1;1
23760;15249.27;50;1.59;1;1
23761;16129.03;50;1.52;1;1
23762;15689.15;50;1.61;1;1
23763;16324.54;50;1.57;1;1
23764;15249.27;50;1.63;1;1
23765;16080.16;50;1.52;1;1
23766;15395.89;50;1.61;1;1
23767;15835.78;50;1.54;1;1
23768;15151.51;50;1.58;1;1
23769;15786.90;50;1.52;1;1
23770;15249.27;50;1.58;1;1
23771;15884.65;50;1.52;1;1
23772;15249.27;50;1.59;1;1
23773;15933.53;50;1.52;1;1
23774;16080.16;50;1.59;1;1
23775;15933.53;50;1.61;1;1
23776;15200.39;50;1.59;1;1
23777;15933.53;50;1.52;1;1
23778;15249.27;50;1.59;1;1
23779;15640.27;50;1.52;1;1
23780;15493.65;50;1.56;1;1
23781;15689.15;50;1.55;1;1
23782;15493.65;50;1.57;1;1
23783;15689.15;50;1.55;1;1
23784;15249.27;50;1.57;1;1
23785;15884.65;50;1.52;1;1
23786;15542.52;50;1.59;1;1
23787;15591.40;50;1.55;1;1
23788;15444.77;50;1.56;1;1
23789;15640.27;50;1.54;1;1
23790;15395.89;50;1.56;1;1
23791;15444.77;50;1.54;1;1
23792;15298.14;50;1.54;1;1
23793;15640.27;50;1.53;1;1
23794;15249.27;50;1.56;1;1
23795;15542.52;50;1.52;1;1
23796;15542.52;50;1.55;1;1
23797;15884.65;50;1.55;1;1
23798;15395.89;50;1.59;1;1
23799;15640.27;50;1.54;1;1
23800;15493.65;50;1.56;1;1
23801;15493.65;50;1.55;1;1
23802;15542.52;50;1.55;1;1
23803;15689.15;50;1.55;1;1
23804;15786.90;50;1.57;1;1
23805;15786.90;50;1.58;1;1
23806;15786.90;50;1.58;1;1
23807;15689.15;50;1.58;1;1
23808;15738.03;50;1.57;1;1
23809;15542.52;50;1.57;1;1
23810;15689.15;50;1.55;1;1
23811;15542.52;50;1.57;1;1
23812;15738.03;50;1.55;1;1
23813;15542.52;50;1.57;1;1
23814;15689.15;50;1.55;1;1
23815;15395.89;50;1.57;1;1
23816;15640.27;50;1.54;1;1
23817;15298.14;50;1.56;1;1
23818;15542.52;50;1.53;1;1
23819;15493.65;50;1.55;1;1
23820;15786.90;50;1.55;1;1
23821;15298.14;50;1.58;1;1
23822;16080.16;50;1.53;1;1
23823;15933.53;50;1.61;1;1
23824;15786.90;50;1.59;1;1
23825;15640.27;50;1.58;1;1
23826;16080.16;50;1.56;1;1
23827;15542.52;50;1.61;1;1
23828;16177.91;50;1.55;1;1
23829;15933.53;50;1.62;1;1
23830;16177.91;50;1.59;1;1
23831;15786.90;50;1.62;1;1
23832;16129.03;50;1.58;1;1
23833;15884.65;50;1.61;1;1
23834;16177.91;50;1.59;1;1
23835;15835.78;50;1.62;1;1
23836;16031.28;50;1.58;1;1
23837;15493.65;50;1.60;1;1
23838;16031.28;50;1.55;1;1
23839;15786.90;50;1.60;1;1
23840;15982.40;50;1.58;1;1
23841;15738.03;50;1.60;1;1
23842;15884.65;50;1.57;1;1
23843;15786.90;50;1.59;1;1
23844;15689.15;50;1.58;1;1
23845;15835.78;50;1.57;1;1
23846;16129.03;50;1.58;1;1
23847;15542.52;50;1.61;1;1
23848;15982.40;50;1.55;1;1
23849;15786.90;50;1.60;1;1
23850;16177.91;50;1.58;1;1
23851;15786.90;50;1.62;1;1
23852;16080.16;50;1.58;1;1
23853;15542.52;50;1.61;1;1
23854;15982.40;50;1.55;1;1
23855;15444.77;50;1.60;1;1
23856;16275.66;50;1.54;1;1
23857;15689.15;50;1.63;1;1
23858;15933.53;50;1.57;1;1
23859;15786.90;50;1.59;1;1
23860;16422.29;50;1.58;1;1
23861;15738.03;50;1.64;1;1
23862;16226.78;50;1.57;1;1
23863;15493.65;50;1.62;1;1
23864;16226.78;50;1.55;1;1
23865;15591.40;50;1.62;1;1
23866;16177.91;50;1.56;1;1
23867;15249.27;50;1.62;1;1
23868;16031.28;50;1.52;1;1
23869;15395.89;50;1.60;1;1
23870;16080.16;50;1.54;1;1
23871;15298.14;50;1.61;1;1
23872;16031.28;50;1.53;1;1
23873;15347.02;50;1.60;1;1
23874;16080.16;50;1.53;1;1
23875;15249.27;50;1.61;1;1
23876;16031.28;50;1.52;1;1
23877;15444.77;50;1.60;1;1
23878;16129.03;50;1.54;1;1
23879;15347.02;50;1.61;1;1
23880;16031.28;50;1.53;1;1
23881;15444.77;50;1.60;1;1
23882;16080.16;50;1.54;1;1
23883;15640.27;50;1.61;1;1
23884;16129.03;50;1.56;1;1
23885;15591.40;50;1.61;1;1
23886;16129.03;50;1.56;1;1
23887;15493.65;50;1.61;1;1
23888;16226.78;50;1.55;1;1
23889;15542.52;50;1.62;1;1
23890;16177.91;50;1.55;1;1
23891;15444.77;50;1.62;1;1
23892;15933.53;50;1.54;1;1
23893;15542.52;50;1.59;1;1
23894;15982.40;50;1.55;1;1
23895;15493.65;50;1.60;1;1
23896;15982.40;50;1.55;1;1
23897;15347.02;50;1.60;1;1
23898;16080.16;50;1.53;1;1
23899;15542.52;50;1.61;1;1
23900;15884.65;50;1.55;1;1
23901;15689.15;50;1.59;1;1
23902;15689.15;50;1.57;1;1
23903;15347.02;50;1.57;1;1
23904;15591.40;50;1.53;1;1
23905;15591.40;50;1.56;1;1
23906;15542.52;50;1.56;1;1
23907;15591.40;50;1.55;1;1
23908;15640.27;50;1.56;1;1
23909;15591.40;50;1.56;1;1
23910;15444.77;50;1.56;1;1
23911;15249.27;50;1.54;1;1
23912;15640.27;50;1.52;1;1
23913;15835.78;50;1.56;1;1
23914;15347.02;50;1.58;1;1
23915;15591.40;50;1.53;1;1
23916;15298.14;50;1.56;1;1
23917;15493.65;50;1.53;1;1
23918;15542.52;50;1.55;1;1
23919;15542.52;50;1.55;1;1
23920;15395.89;50;1.55;1;1
23921;15640.27;50;1.54;1;1
23922;15444.77;50;1.56;1;1
23923;15640.27;50;1.54;1;1
23924;15395.89;50;1.56;1;1
23925;15786.90;50;1.54;1;1
23926;15542.52;50;1.58;1;1
23927;15689.15;50;1.55;1;1
23928;15347.02;50;1.57;1;1
23929;15591.40;50;1.53;1;1
23930;15298.14;50;1.56;1;1
23931;15689.15;50;1.53;1;1
23932;15249.27;50;1.57;1;1
23933;15884.65;50;1.52;1;1
23934;15298.14;50;1.59;1;1
23935;15689.15;50;1.53;1;1
23936;15347.02;50;1.57;1;1
23937;15591.40;50;1.53;1;1
23938;15444.77;50;1.56;1;1
23939;15786.90;50;1.54;1;1
23940;14858.26;50;1.58;1;1
23941;15591.40;50;1.49;1;1
23942;15249.27;50;1.56;1;1
23943;15786.90;50;1.52;1;1
23944;15053.76;50;1.58;1;1
23945;15591.40;50;1.51;1;1
23946;15298.14;50;1.56;1;1
23947;15640.27;50;1.53;1;1
23948;15200.39;50;1.56;1;1
23949;15640.27;50;1.52;1;1
23950;15102.64;50;1.56;1;1
23951;15640.27;50;1.51;1;1
23952;15298.14;50;1.56;1;1
23953;15884.65;50;1.53;1;1
23954;15004.89;50;1.59;1;1
23955;15542.52;50;1.50;1;1
23956;14858.26;50;1.55;1;1
23957;15591.40;50;1.49;1;1
23958;15053.76;50;1.56;1;1
23959;15738.03;50;1.51;1;1
23960;14809.38;50;1.57;1;1
23961;15347.02;50;1.48;1;1
23962;15053.76;50;1.53;1;1
23963;15786.90;50;1.51;1;1
23964;15053.76;50;1.58;1;1
23965;15786.90;50;1.51;1;1
23966;15298.14;50;1.58;1;1
23967;16275.66;50;1.53;1;1
23968;15200.39;50;1.63;1;1
23969;16031.28;50;1.52;1;1
23970;15347.02;50;1.60;1;1
23971;16080.16;50;1.53;1;1
23972;15542.52;50;1.61;1;1
23973;16275.66;50;1.55;1;1
23974;15591.40;50;1.63;1;1
23975;16031.28;50;1.56;1;1
23976;15640.27;50;1.60;1;1
23977;16275.66;50;1.56;1;1
23978;15640.27;50;1.63;1;1
23979;16226.78;50;1.56;1;1
23980;15689.15;50;1.62;1;1
23981;16373.41;50;1.57;1;1
23982;15444.77;50;1.64;1;1
23983;16129.03;50;1.54;1;1
23984;15151.51;50;1.61;1;1
23985;16031.28;50;1.52;1;1
23986;15493.65;50;1.60;1;1
23987;15933.53;50;1.55;1;1
23988;15347.02;50;1.59;1;1
23989;16080.16;50;1.53;1;1
23990;15591.40;50;1.61;1;1
23991;16226.78;50;1.56;1;1
23992;15738.03;50;1.62;1;1
23993;16080.16;50;1.57;1;1
23994;15395.89;50;1.61;1;1
23995;16080.16;50;1.54;1;1
23996;15542.52;50;1.61;1;1
23997;15884.65;50;1.55;1;1
23998;15738.03;50;1.59;1;1
23999;15786.90;50;1.57;1;1
24000;15640.27;50;1.58;1;1
24001;15738.03;50;1.56;1;1
24002;15640.27;50;1.57;1;1
24003;15738.03;50;1.56;1;1
24004;15493.65;50;1.57;1;1
24005;15640.27;50;1.55;1;1
24006;15738.03;50;1.56;1;1
24007;15835.78;50;1.57;1;1
24008;15591.40;50;1.58;1;1
24009;15738.03;50;1.56;1;1
24010;15982.40;50;1.57;1;1
24011;15689.15;50;1.60;1;1
24012;15933.53;50;1.57;1;1
24013;15689.15;50;1.59;1;1
24014;15689.15;50;1.57;1;1
24015;15933.53;50;1.57;1;1
24016;15786.90;50;1.59;1;1
24017;15689.15;50;1.58;1;1
24018;16177.91;50;1.57;1;1
24019;15835.78;50;1.62;1;1
24020;15884.65;50;1.58;1;1
24021;15591.40;50;1.59;1;1
24022;15493.65;50;1.56;1;1
24023;15640.27;50;1.55;1;1
24024;15591.40;50;1.56;1;1
24025;15640.27;50;1.56;1;1
24026;15689.15;50;1.56;1;1
24027;15591.40;50;1.57;1;1
24028;15493.65;50;1.56;1;1
24029;15542.52;50;1.55;1;1
24030;15591.40;50;1.55;1;1
24031;15640.27;50;1.56;1;1
24032;15640.27;50;1.56;1;1
24033;15591.40;50;1.56;1;1
24034;15640.27;50;1.56;1;1
24035;15786.90;50;1.56;1;1
24036;15591.40;50;1.58;1;1
24037;15689.15;50;1.56;1;1
24038;15786.90;50;1.57;1;1
24039;15689.15;50;1.58;1;1
24040;16129.03;50;1.57;1;1
24041;15738.03;50;1.61;1;1
24042;16031.28;50;1.57;1;1
24043;15591.40;50;1.60;1;1
24044;16031.28;50;1.56;1;1
24045;15591.40;50;1.60;1;1
24046;15933.53;50;1.56;1;1
24047;15542.52;50;1.59;1;1
24048;16031.28;50;1.55;1;1
24049;15493.65;50;1.60;1;1
24050;16177.91;50;1.55;1;1
24051;15640.27;50;1.62;1;1
24052;16080.16;50;1.56;1;1
24053;15884.65;50;1.61;1;1
24054;16226.78;50;1.59;1;1
24055;15884.65;50;1.62;1;1
24056;16226.78;50;1.59;1;1
24057;15786.90;50;1.62;1;1
24058;16324.54;50;1.58;1;1
24059;15689.15;50;1.63;1;1
24060;16129.03;50;1.57;1;1
24061;15542.52;50;1.61;1;1
24062;16226.78;50;1.55;1;1
24063;15738.03;50;1.62;1;1
24064;16031.28;50;1.57;1;1
24065;15835.78;50;1.60;1;1
24066;15933.53;50;1.58;1;1
24067;15689.15;50;1.59;1;1
24068;15982.40;50;1.57;1;1
24069;15395.89;50;1.60;1;1
24070;16031.28;50;1.54;1;1
24071;15640.27;50;1.60;1;1
24072;16275.66;50;1.56;1;1
24073;15493.65;50;1.63;1;1
24074;16177.91;50;1.55;1;1
24075;15591.40;50;1.62;1;1
24076;16275.66;50;1.56;1;1
24077;15493.65;50;1.63;1;1
24078;16275.66;50;1.55;1;1
24079;15395.89;50;1.63;1;1
24080;16177.91;50;1.54;1;1
24081;15591.40;50;1.62;1;1
24082;16324.54;50;1.56;1;1
24083;15982.40;50;1.63;1;1
24084;16226.78;50;1.60;1;1
24085;15444.77;50;1.62;1;1
24086;16324.54;50;1.54;1;1
24087;15689.15;50;1.63;1;1
24088;16031.28;50;1.57;1;1
24089;15689.15;50;1.60;1;1
24090;16373.41;50;1.57;1;1
24091;15738.03;50;1.64;1;1
24092;16373.41;50;1.57;1;1
24093;15738.03;50;1.64;1;1
24094;16373.41;50;1.57;1;1
24095;15786.90;50;1.64;1;1
24096;16471.16;50;1.58;1;1
24097;15933.53;50;1.65;1;1
24098;16275.66;50;1.59;1;1
24099;15786.90;50;1.63;1;1
24100;16324.54;50;1.58;1;1
24101;15689.15;50;1.63;1;1
24102;16226.78;50;1.57;1;1
24103;15542.52;50;1.62;1;1
24104;16177.91;50;1.55;1;1
24105;15591.40;50;1.62;1;1
24106;16324.54;50;1.56;1;1
24107;15444.77;50;1.63;1;1
24108;16129.03;50;1.54;1;1
24109;15493.65;50;1.61;1;1
24110;16031.28;50;1.55;1;1
24111;15591.40;50;1.60;1;1
24112;16177.91;50;1.56;1;1
24113;15835.78;50;1.62;1;1
24114;16226.78;50;1.58;1;1
24115;16031.28;50;1.62;1;1
24116;16226.78;50;1.60;1;1
24117;15884.65;50;1.62;1;1
24118;16373.41;50;1.59;1;1
24119;15982.40;50;1.64;1;1
24120;16129.03;50;1.60;1;1
24121;16031.28;50;1.61;1;1
24122;15982.40;50;1.60;1;1
24123;15738.03;50;1.60;1;1
24124;16080.16;50;1.57;1;1
24125;15640.27;50;1.61;1;1
24126;15835.78;50;1.56;1;1
24127;15835.78;50;1.58;1;1
24128;15689.15;50;1.58;1;1
24129;15884.65;50;1.57;1;1
24130;15640.27;50;1.59;1;1
24131;15884.65;50;1.56;1;1
24132;15640.27;50;1.59;1;1
24133;15884.65;50;1.56;1;1
24134;15786.90;50;1.59;1;1
24135;15884.65;50;1.58;1;1
24136;15835.78;50;1.59;1;1
24137;15884.65;50;1.58;1;1
24138;15689.15;50;1.59;1;1
24139;15835.78;50;1.57;1;1
24140;15689.15;50;1.58;1;1
24141;15982.40;50;1.57;1;1
24142;15591.40;50;1.60;1;1
24143;15933.53;50;1.56;1;1
24144;15591.40;50;1.59;1;1
24145;15786.90;50;1.56;1;1
24146;15689.15;50;1.58;1;1
24147;15786.90;50;1.57;1;1
24148;15347.02;50;1.58;1;1
24149;15689.15;50;1.53;1;1
24150;15395.89;50;1.57;1;1
24151;15835.78;50;1.54;1;1
24152;15444.77;50;1.58;1;1
24153;15884.65;50;1.54;1;1
24154;15444.77;50;1.59;1;1
24155;15786.90;50;1.54;1;1
24156;15395.89;50;1.58;1;1
24157;15982.40;50;1.54;1;1
24158;15542.52;50;1.60;1;1
24159;15933.53;50;1.55;1;1
24160;15542.52;50;1.59;1;1
24161;15786.90;50;1.55;1;1
24162;15395.89;50;1.58;1;1
24163;15738.03;50;1.54;1;1
24164;15493.65;50;1.57;1;1
24165;15786.90;50;1.55;1;1
24166;15395.89;50;1.58;1;1
24167;15982.40;50;1.54;1;1
24168;15444.77;50;1.60;1;1
24169;15982.40;50;1.54;1;1
24170;15347.02;50;1.60;1;1
24171;16031.28;50;1.53;1;1
24172;15444.77;50;1.60;1;1
24173;15982.40;50;1.54;1;1
24174;15347.02;50;1.60;1;1
24175;15786.90;50;1.53;1;1
24176;15249.27;50;1.58;1;1
24177;15982.40;50;1.52;1;1
24178;15298.14;50;1.60;1;1
24179;16031.28;50;1.53;1;1
24180;15395.89;50;1.60;1;1
24181;15982.40;50;1.54;1;1
24182;15347.02;50;1.60;1;1
24183;16080.16;50;1.53;1;1
24184;15347.02;50;1.61;1;1
24185;15933.53;50;1.53;1;1
24186;15395.89;50;1.59;1;1
24187;15982.40;50;1.54;1;1
24188;15493.65;50;1.60;1;1
24189;16129.03;50;1.55;1;1
24190;15347.02;50;1.61;1;1
24191;16080.16;50;1.53;1;1
24192;15591.40;50;1.61;1;1
24193;16324.54;50;1.56;1;1
24194;15738.03;50;1.63;1;1
24195;16275.66;50;1.57;1;1
24196;15542.52;50;1.63;1;1
24197;16080.16;50;1.55;1;1
24198;15542.52;50;1.61;1;1
24199;16226.78;50;1.55;1;1
24200;15640.27;50;1.62;1;1
24201;16324.54;50;1.56;1;1
24202;15835.78;50;1.63;1;1
24203;16373.41;50;1.58;1;1
24204;15884.65;50;1.64;1;1
24205;16177.91;50;1.59;1;1
24206;15835.78;50;1.62;1;1
24207;16324.54;50;1.58;1;1
24208;15835.78;50;1.63;1;1
24209;16422.29;50;1.58;1;1
24210;15982.40;50;1.64;1;1
24211;16373.41;50;1.60;1;1
24212;16031.28;50;1.64;1;1
24213;16324.54;50;1.60;1;1
24214;15933.53;50;1.63;1;1
24215;16324.54;50;1.59;1;1
24216;15835.78;50;1.63;1;1
24217;16275.66;50;1.58;1;1
24218;15933.53;50;1.63;1;1
24219;16226.78;50;1.59;1;1
24220;15933.53;50;1.62;1;1
24221;16275.66;50;1.59;1;1
24222;15982.40;50;1.63;1;1
24223;16129.03;50;1.60;1;1
24224;16080.16;50;1.61;1;1
24225;16129.03;50;1.61;1;1
24226;16031.28;50;1.61;1;1
24227;16080.16;50;1.60;1;1
24228;16373.41;50;1.61;1;1
24229;16031.28;50;1.64;1;1
24230;16177.91;50;1.60;1;1
24231;15933.53;50;1.62;1;1
24232;16275.66;50;1.59;1;1
24233;16031.28;50;1.63;1;1
24234;16275.66;50;1.60;1;1
24235;15982.40;50;1.63;1;1
24236;16275.66;50;1.60;1;1
24237;15933.53;50;1.63;1;1
24238;16177.91;50;1.59;1;1
24239;15982.40;50;1.62;1;1
24240;16226.78;50;1.60;1;1
24241;15933.53;50;1.62;1;1
24242;16422.29;50;1.59;1;1
24243;15933.53;50;1.64;1;1
24244;16226.78;50;1.59;1;1
24245;15982.40;50;1.62;1;1
24246;16275.66;50;1.60;1;1
24247;15933.53;50;1.63;1;1
24248;16324.54;50;1.59;1;1
24249;15738.03;50;1.63;1;1
24250;16177.91;50;1.57;1;1
24251;15786.90;50;1.62;1;1
24252;16324.54;50;1.58;1;1
24253;15933.53;50;1.63;1;1
24254;16324.54;50;1.59;1;1
24255;15738.03;50;1.63;1;1
24256;16226.78;50;1.57;1;1
24257;15786.90;50;1.62;1;1
24258;16226.78;50;1.58;1;1
24259;15591.40;50;1.62;1;1
24260;16080.16;50;1.56;1;1
24261;15542.52;50;1.61;1;1
24262;15884.65;50;1.55;1;1
24263;15249.27;50;1.59;1;1
24264;15982.40;50;1.52;1;1
24265;15053.76;50;1.60;1;1
24266;15884.65;50;1.51;1;1
24267;15298.14;50;1.59;1;1
24268;15786.90;50;1.53;1;1
24269;15151.51;50;1.58;1;1
24270;15933.53;50;1.52;1;1
24271;15249.27;50;1.59;1;1
24272;15786.90;50;1.52;1;1
24273;15542.52;50;1.58;1;1
24274;15982.40;50;1.55;1;1
24275;15395.89;50;1.60;1;1
24276;16275.66;50;1.54;1;1
24277;15591.40;50;1.63;1;1
24278;16226.78;50;1.56;1;1
24279;15493.65;50;1.62;1;1
24280;16031.28;50;1.55;1;1
24281;15493.65;50;1.60;1;1
24282;16324.54;50;1.55;1;1
24283;15542.52;50;1.63;1;1
24284;16324.54;50;1.55;1;1
24285;15738.03;50;1.63;1;1
24286;16177.91;50;1.57;1;1
24287;15542.52;50;1.62;1;1
24288;16324.54;50;1.55;1;1
24289;15493.65;50;1.63;1;1
24290;16177.91;50;1.55;1;1
24291;15542.52;50;1.62;1;1
24292;16275.66;50;1.55;1;1
24293;15689.15;50;1.63;1;1
24294;16324.54;50;1.57;1;1
24295;15835.78;50;1.63;1;1
24296;16129.03;50;1.58;1;1
24297;15493.65;50;1.61;1;1
24298;16275.66;50;1.55;1;1
24299;15689.15;50;1.63;1;1
24300;16324.54;50;1.57;1;1
24301;15689.15;50;1.63;1;1
24302;16275.66;50;1.57;1;1
24303;15591.40;50;1.63;1;1
24304;16080.16;50;1.56;1;1
24305;15542.52;50;1.61;1;1
24306;16177.91;50;1.55;1;1
24307;15542.52;50;1.62;1;1
24308;16129.03;50;1.55;1;1
24309;15738.03;50;1.61;1;1
24310;16129.03;50;1.57;1;1
24311;15689.15;50;1.61;1;1
24312;16324.54;50;1.57;1;1
24313;15786.90;50;1.63;1;1
24314;16177.91;50;1.58;1;1
24315;15884.65;50;1.62;1;1
24316;16275.66;50;1.59;1;1
24317;15982.40;50;1.63;1;1
24318;16177.91;50;1.60;1;1
24319;15982.40;50;1.62;1;1
24320;16080.16;50;1.60;1;1
24321;15738.03;50;1.61;1;1
24322;16129.03;50;1.57;1;1
24323;15738.03;50;1.61;1;1
24324;16324.54;50;1.57;1;1
24325;16129.03;50;1.63;1;1
24326;16275.66;50;1.61;1;1
24327;15689.15;50;1.63;1;1
24328;16226.78;50;1.57;1;1
24329;15884.65;50;1.62;1;1
24330;16324.54;50;1.59;1;1
24331;16031.28;50;1.63;1;1
24332;16422.29;50;1.60;1;1
24333;16031.28;50;1.64;1;1
24334;16226.78;50;1.60;1;1
24335;16177.91;50;1.62;1;1
24336;16422.29;50;1.62;1;1
24337;16129.03;50;1.64;1;1
24338;16177.91;50;1.61;1;1
24339;16129.03;50;1.62;1;1
24340;16080.16;50;1.61;1;1
24341;16324.54;50;1.61;1;1
24342;15982.40;50;1.63;1;1
24343;16129.03;50;1.60;1;1
24344;15933.53;50;1.61;1;1
24345;16275.66;50;1.59;1;1
24346;15933.53;50;1.63;1;1
24347;16422.29;50;1.59;1;1
24348;16177.91;50;1.64;1;1
24349;16471.16;50;1.62;1;1
24350;15982.40;50;1.65;1;1
24351;16422.29;50;1.60;1;1
24352;16080.16;50;1.64;1;1
24353;16471.16;50;1.61;1;1
24354;16031.28;50;1.65;1;1
24355;16520.04;50;1.60;1;1
24356;16080.16;50;1.65;1;1
24357;16666.67;50;1.61;1;1
24358;16226.78;50;1.67;1;1
24359;16568.91;50;1.62;1;1
24360;16080.16;50;1.66;1;1
24361;16324.54;50;1.61;1;1
24362;15982.40;50;1.63;1;1
24363;16520.04;50;1.60;1;1
24364;15933.53;50;1.65;1;1
24365;16617.79;50;1.59;1;1
24366;16080.16;50;1.66;1;1
24367;16520.04;50;1.61;1;1
24368;16080.16;50;1.65;1;1
24369;16568.91;50;1.61;1;1
24370;15933.53;50;1.66;1;1
24371;16520.04;50;1.59;1;1
24372;15933.53;50;1.65;1;1
24373;16520.04;50;1.59;1;1
24374;15982.40;50;1.65;1;1
24375;16617.79;50;1.60;1;1
24376;15835.78;50;1.66;1;1
24377;16568.91;50;1.58;1;1
24378;15933.53;50;1.66;1;1
24379;16324.54;50;1.59;1;1
24380;15835.78;50;1.63;1;1
24381;16422.29;50;1.58;1;1
24382;15835.78;50;1.64;1;1
24383;16568.91;50;1.58;1;1
24384;15884.65;50;1.66;1;1
24385;16471.16;50;1.59;1;1
24386;15786.90;50;1.65;1;1
24387;16422.29;50;1.58;1;1
24388;15786.90;50;1.64;1;1
24389;16471.16;50;1.58;1;1
24390;15884.65;50;1.65;1;1
24391;16373.41;50;1.59;1;1
24392;15835.78;50;1.64;1;1
24393;16324.54;50;1.58;1;1
24394;16031.28;50;1.63;1;1
24395;16324.54;50;1.60;1;1
24396;15835.78;50;1.63;1;1
24397;16520.04;50;1.58;1;1
24398;16031.28;50;1.65;1;1
24399;16520.04;50;1.60;1;1
24400;15982.40;50;1.65;1;1
24401;16520.04;50;1.60;1;1
24402;15884.65;50;1.65;1;1
24403;16471.16;50;1.59;1;1
24404;15884.65;50;1.65;1;1
24405;16568.91;50;1.59;1;1
24406;16129.03;50;1.66;1;1
24407;16617.79;50;1.61;1;1
24408;16031.28;50;1.66;1;1
24409;16471.16;50;1.60;1;1
24410;16080.16;50;1.65;1;1
24411;16471.16;50;1.61;1;1
24412;16129.03;50;1.65;1;1
24413;16471.16;50;1.61;1;1
24414;16080.16;50;1.65;1;1
24415;16422.29;50;1.61;1;1
24416;16177.91;50;1.64;1;1
24417;16373.41;50;1.62;1;1
24418;16373.41;50;1.64;1;1
24419;16422.29;50;1.64;1;1
24420;16080.16;50;1.64;1;1
24421;16226.78;50;1.61;1;1
24422;16275.66;50;1.62;1;1
24423;16471.16;50;1.63;1;1
24424;16324.54;50;1.65;1;1
24425;16862.17;50;1.63;1;1
24426;16129.03;50;1.69;1;1
24427;16422.29;50;1.61;1;1
24428;16324.54;50;1.64;1;1
24429;16617.79;50;1.63;1;1
24430;16177.91;50;1.66;1;1
24431;16520.04;50;1.62;1;1
24432;16275.66;50;1.65;1;1
24433;16520.04;50;1.63;1;1
24434;16177.91;50;1.65;1;1
24435;16520.04;50;1.62;1;1
24436;16275.66;50;1.65;1;1
24437;16666.67;50;1.63;1;1
24438;16373.41;50;1.67;1;1
24439;16422.29;50;1.64;1;1
24440;16373.41;50;1.64;1;1
24441;16568.91;50;1.64;1;1
24442;16471.16;50;1.66;1;1
24443;16568.91;50;1.65;1;1
24444;16715.54;50;1.66;1;1
24445;16666.67;50;1.67;1;1
24446;16568.91;50;1.67;1;1
24447;16715.54;50;1.66;1;1
24448;16520.04;50;1.67;1;1
24449;16617.79;50;1.65;1;1
24450;16813.29;50;1.66;1;1
24451;16617.79;50;1.68;1;1
24452;16617.79;50;1.66;1;1
24453;16617.79;50;1.66;1;1
24454;16764.42;50;1.66;1;1
24455;16422.29;50;1.68;1;1
24456;16715.54;50;1.64;1;1
24457;16422.29;50;1.67;1;1
24458;17008.80;50;1.64;1;1
24459;16520.04;50;1.70;1;1
24460;16911.04;50;1.65;1;1
24461;16568.91;50;1.69;1;1
24462;16666.67;50;1.66;1;1
24463;16568.91;50;1.67;1;1
24464;16666.67;50;1.66;1;1
24465;16617.79;50;1.67;1;1
24466;17057.67;50;1.66;1;1
24467;16617.79;50;1.71;1;1
24468;17204.30;50;1.66;1;1
24469;16813.29;50;1.72;1;1
24470;17302.05;50;1.68;1;1
24471;16568.91;50;1.73;1;1
24472;17057.67;50;1.66;1;1
24473;16324.54;50;1.71;1;1
24474;17008.80;50;1.63;1;1
24475;16373.41;50;1.70;1;1
24476;16959.92;50;1.64;1;1
24477;16324.54;50;1.70;1;1
24478;16862.17;50;1.63;1;1
24479;16275.66;50;1.69;1;1
24480;16911.04;50;1.63;1;1
24481;16422.29;50;1.69;1;1
24482;16764.42;50;1.64;1;1
24483;16226.78;50;1.68;1;1
24484;17204.30;50;1.62;1;1
24485;16568.91;50;1.72;1;1
24486;17204.30;50;1.66;1;1
24487;16617.79;50;1.72;1;1
24488;17253.18;50;1.66;1;1
24489;16471.16;50;1.73;1;1
24490;16959.92;50;1.65;1;1
24491;16520.04;50;1.70;1;1
24492;17253.18;50;1.65;1;1
24493;16666.67;50;1.73;1;1
24494;17448.68;50;1.67;1;1
24495;16373.41;50;1.74;1;1
24496;17350.93;50;1.64;1;1
24497;16617.79;50;1.74;1;1
24498;17253.18;50;1.66;1;1
24499;16617.79;50;1.73;1;1
24500;17155.43;50;1.66;1;1
24501;16715.54;50;1.72;1;1
24502;17253.18;50;1.67;1;1
24503;16666.67;50;1.73;1;1
24504;17448.68;50;1.67;1;1
24505;16666.67;50;1.74;1;1
24506;17302.05;50;1.67;1;1
24507;16617.79;50;1.73;1;1
24508;17253.18;50;1.66;1;1
24509;16764.42;50;1.73;1;1
24510;17302.05;50;1.68;1;1
24511;16520.04;50;1.73;1;1
24512;17204.30;50;1.65;1;1
24513;16764.42;50;1.72;1;1
24514;16959.92;50;1.68;1;1
24515;16911.04;50;1.70;1;1
24516;17155.43;50;1.69;1;1
24517;17106.55;50;1.72;1;1
24518;17790.81;50;1.71;1;1
24519;17155.43;50;1.78;1;1
24520;17253.18;50;1.72;1;1
24521;16862.17;50;1.73;1;1
24522;17350.93;50;1.69;1;1
24523;16959.92;50;1.74;1;1
24524;17106.55;50;1.70;1;1
24525;17399.80;50;1.71;1;1
24526;17302.05;50;1.74;1;1
24527;17204.30;50;1.73;1;1
24528;17155.43;50;1.72;1;1
24529;17008.80;50;1.72;1;1
24530;16764.42;50;1.70;1;1
24531;17057.67;50;1.68;1;1
24532;17155.43;50;1.71;1;1
24533;17008.80;50;1.72;1;1
24534;16813.29;50;1.70;1;1
24535;17057.67;50;1.68;1;1
24536;17155.43;50;1.71;1;1
24537;17008.80;50;1.72;1;1
24538;16959.92;50;1.70;1;1
24539;17106.55;50;1.70;1;1
24540;17106.55;50;1.71;1;1
24541;17106.55;50;1.71;1;1
24542;17106.55;50;1.71;1;1
24543;17057.67;50;1.71;1;1
24544;17106.55;50;1.71;1;1
24545;17302.05;50;1.71;1;1
24546;17155.43;50;1.73;1;1
24547;17448.68;50;1.72;1;1
24548;16959.92;50;1.74;1;1
24549;17350.93;50;1.70;1;1
24550;16862.17;50;1.74;1;1
24551;17204.30;50;1.69;1;1
24552;16862.17;50;1.72;1;1
24553;17448.68;50;1.69;1;1
24554;16959.92;50;1.74;1;1
24555;17350.93;50;1.70;1;1
24556;16911.04;50;1.74;1;1
24557;17399.80;50;1.69;1;1
24558;17106.55;50;1.74;1;1
24559;17350.93;50;1.71;1;1
24560;17253.18;50;1.74;1;1
24561;17888.56;50;1.73;1;1
24562;17106.55;50;1.79;1;1
24563;17399.80;50;1.71;1;1
24564;17253.18;50;1.74;1;1
24565;17595.31;50;1.73;1;1
24566;17497.56;50;1.76;1;1
24567;17839.69;50;1.75;1;1
24568;17448.68;50;1.78;1;1
24569;18035.19;50;1.74;1;1
24570;17448.68;50;1.80;1;1
24571;17937.44;50;1.74;1;1
24572;17448.68;50;1.79;1;1
24573;17986.31;50;1.74;1;1
24574;17448.68;50;1.80;1;1
24575;17937.44;50;1.74;1;1
24576;17546.43;50;1.79;1;1
24577;18084.07;50;1.75;1;1
24578;17497.56;50;1.81;1;1
24579;18084.07;50;1.75;1;1
24580;17546.43;50;1.81;1;1
24581;18084.07;50;1.75;1;1
24582;17497.56;50;1.81;1;1
24583;18181.82;50;1.75;1;1
24584;17497.56;50;1.82;1;1
24585;18328.45;50;1.75;1;1
24586;17741.94;50;1.83;1;1
24587;18230.69;50;1.77;1;1
24588;17839.69;50;1.82;1;1
24589;17937.44;50;1.78;1;1
24590;17595.31;50;1.79;1;1
24591;17986.31;50;1.76;1;1
24592;17204.30;50;1.80;1;1
24593;18132.94;50;1.72;1;1
24594;17693.06;50;1.81;1;1
24595;18035.19;50;1.77;1;1
24596;17253.18;50;1.80;1;1
24597;17937.44;50;1.73;1;1
24598;17497.56;50;1.79;1;1
24599;18084.07;50;1.75;1;1
24600;17741.94;50;1.81;1;1
24601;18132.94;50;1.77;1;1
24602;17546.43;50;1.81;1;1
24603;17986.31;50;1.75;1;1
24604;17448.68;50;1.80;1;1
24605;18279.57;50;1.74;1;1
24606;17839.69;50;1.83;1;1
24607;18279.57;50;1.78;1;1
24608;18035.19;50;1.83;1;1
24609;18523.95;50;1.80;1;1
24610;17937.44;50;1.85;1;1
24611;18426.20;50;1.79;1;1
24612;17888.56;50;1.84;1;1
24613;18523.95;50;1.79;1;1
24614;17888.56;50;1.85;1;1
24615;18621.70;50;1.79;1;1
24616;17741.94;50;1.86;1;1
24617;18426.20;50;1.77;1;1
24618;17741.94;50;1.84;1;1
24619;18670.58;50;1.77;1;1
24620;17986.31;50;1.87;1;1
24621;18621.70;50;1.80;1;1
24622;17937.44;50;1.86;1;1
24623;18719.45;50;1.79;1;1
24624;18035.19;50;1.87;1;1
24625;18866.08;50;1.80;1;1
24626;18132.94;50;1.89;1;1
24627;18866.08;50;1.81;1;1
24628;18035.19;50;1.89;1;1
24629;18621.70;50;1.80;1;1
24630;17986.31;50;1.86;1;1
24631;18475.07;50;1.80;1;1
24632;17986.31;50;1.85;1;1
24633;18670.58;50;1.80;1;1
24634;18230.69;50;1.87;1;1
24635;18866.08;50;1.82;1;1
24636;18328.45;50;1.89;1;1
24637;18817.20;50;1.83;1;1
24638;17937.44;50;1.88;1;1
24639;18230.69;50;1.79;1;1
24640;18475.07;50;1.82;1;1
24641;19110.46;50;1.85;1;1
24642;18426.20;50;1.91;1;1
24643;19012.71;50;1.84;1;1
24644;18572.82;50;1.90;1;1
24645;18914.96;50;1.86;1;1
24646;18475.07;50;1.89;1;1
24647;19305.96;50;1.85;1;1
24648;18670.58;50;1.93;1;1
24649;18963.83;50;1.87;1;1
24650;18279.57;50;1.90;1;1
24651;19208.21;50;1.83;1;1
24652;18768.33;50;1.92;1;1
24653;19354.84;50;1.88;1;1
24654;18914.96;50;1.94;1;1
24655;19354.84;50;1.89;1;1
24656;18768.33;50;1.94;1;1
24657;19599.22;50;1.88;1;1
24658;19061.58;50;1.96;1;1
24659;19403.71;50;1.91;1;1
24660;19305.96;50;1.94;1;1
24661;19599.22;50;1.93;1;1
24662;19208.21;50;1.96;1;1
24663;19599.22;50;1.92;1;1
24664;19403.71;50;1.96;1;1
24665;18817.20;50;1.94;1;1
24666;18866.08;50;1.88;1;1
24667;18914.96;50;1.89;1;1
24668;18768.33;50;1.89;1;1
24669;18914.96;50;1.88;1;1
24670;18719.45;50;1.89;1;1
24671;19159.34;50;1.87;1;1
24672;19061.58;50;1.92;1;1
24673;19012.71;50;1.91;1;1
24674;18719.45;50;1.90;1;1
24675;19452.59;50;1.87;1;1
24676;19599.22;50;1.95;1;1
24677;19159.34;50;1.96;1;1
24678;19648.09;50;1.92;1;1
24679;19501.47;50;1.96;1;1
24680;19452.59;50;1.95;1;1
24681;19501.47;50;1.95;1;1
24682;19550.34;50;1.95;1;1
24683;19501.47;50;1.96;1;1
24684;19599.22;50;1.95;1;1
24685;19745.85;50;1.96;1;1
24686;19794.72;50;1.97;1;1
24687;19550.34;50;1.98;1;1
24688;19794.72;50;1.96;1;1
24689;19696.97;50;1.98;1;1
24690;19794.72;50;1.97;1;1
24691;19550.34;50;1.98;1;1
24692;20136.85;50;1.96;1;1
24693;19696.97;50;2.01;1;1
24694;20185.73;50;1.97;1;1
24695;20136.85;50;2.02;1;1
24696;20283.48;50;2.01;1;1
24697;19794.72;50;2.03;1;1
24698;20283.48;50;1.98;1;1
24699;19941.35;50;2.03;1;1
24700;20283.48;50;1.99;1;1
24701;19892.47;50;2.03;1;1
24702;20185.73;50;1.99;1;1
24703;20185.73;50;2.02;1;1
24704;20478.98;50;2.02;1;1
24705;20039.10;50;2.05;1;1
24706;20772.24;50;2.00;1;1
24707;19941.35;50;2.08;1;1
24708;20723.36;50;1.99;1;1
24709;19990.22;50;2.07;1;1
24710;20869.99;50;2.00;1;1
24711;19941.35;50;2.09;1;1
24712;20381.23;50;1.99;1;1
24713;20283.48;50;2.04;1;1
24714;20772.24;50;2.03;1;1
24715;20136.85;50;2.08;1;1
24716;20869.99;50;2.01;1;1
24717;20381.23;50;2.09;1;1
24718;21163.24;50;2.04;1;1
24719;20674.49;50;2.12;1;1
24720;21212.12;50;2.07;1;1
24721;20576.73;50;2.12;1;1
24722;21114.37;50;2.06;1;1
24723;20576.73;50;2.11;1;1
24724;20967.74;50;2.06;1;1
24725;20576.73;50;2.10;1;1
24726;21261.00;50;2.06;1;1
24727;20674.49;50;2.13;1;1
24728;21309.87;50;2.07;1;1
24729;20723.36;50;2.13;1;1
24730;21407.63;50;2.07;1;1
24731;20772.24;50;2.14;1;1
24732;21358.75;50;2.08;1;1
24733;20674.49;50;2.14;1;1
24734;21212.12;50;2.07;1;1
24735;20625.61;50;2.12;1;1
24736;21358.75;50;2.06;1;1
24737;20625.61;50;2.14;1;1
24738;21554.25;50;2.06;1;1
24739;20478.98;50;2.16;1;1
24740;21212.12;50;2.05;1;1
24741;20576.73;50;2.12;1;1
24742;21163.24;50;2.06;1;1
24743;20478.98;50;2.12;1;1
24744;21309.87;50;2.05;1;1
24745;20723.36;50;2.13;1;1
24746;21456.50;50;2.07;1;1
24747;20918.87;50;2.15;1;1
24748;21309.87;50;2.09;1;1
24749;20821.11;50;2.13;1;1
24750;21456.50;50;2.08;1;1
24751;20967.74;50;2.15;1;1
24752;20430.11;50;2.10;1;1
24753;20723.36;50;2.04;1;1
24754;21407.63;50;2.07;1;1
24755;20918.87;50;2.14;1;1
24756;21358.75;50;2.09;1;1
24757;20772.24;50;2.14;1;1
24758;21505.38;50;2.08;1;1
24759;20869.99;50;2.15;1;1
24760;21505.38;50;2.09;1;1
24761;20772.24;50;2.15;1;1
24762;21603.13;50;2.08;1;1
24763;21114.37;50;2.16;1;1
24764;21700.88;50;2.11;1;1
24765;21163.24;50;2.17;1;1
24766;21896.38;50;2.12;1;1
24767;20869.99;50;2.19;1;1
24768;21652.00;50;2.09;1;1
24769;21016.62;50;2.17;1;1
24770;21652.00;50;2.10;1;1
24771;21016.62;50;2.17;1;1
24772;21603.13;50;2.10;1;1
24773;21212.12;50;2.16;1;1
24774;21749.76;50;2.12;1;1
24775;21212.12;50;2.17;1;1
24776;21749.76;50;2.12;1;1
24777;21505.38;50;2.17;1;1
24778;21945.26;50;2.15;1;1
24779;21505.38;50;2.19;1;1
24780;21554.25;50;2.15;1;1
24781;21456.50;50;2.16;1;1
24782;21749.76;50;2.15;1;1
24783;21261.00;50;2.17;1;1
24784;21554.25;50;2.13;1;1
24785;21065.49;50;2.16;1;1
24786;21554.25;50;2.11;1;1
24787;21016.62;50;2.16;1;1
24788;21652.00;50;2.10;1;1
24789;21456.50;50;2.17;1;1
24790;21749.76;50;2.15;1;1
24791;21505.38;50;2.17;1;1
24792;21847.51;50;2.15;1;1
24793;21505.38;50;2.18;1;1
24794;21994.13;50;2.15;1;1
24795;21652.00;50;2.20;1;1
24796;22043.01;50;2.17;1;1
24797;21896.38;50;2.20;1;1
24798;22043.01;50;2.19;1;1
24799;21847.51;50;2.20;1;1
24800;22482.89;50;2.18;1;1
24801;22189.64;50;2.25;1;1
24802;22287.39;50;2.22;1;1
24803;22336.27;50;2.23;1;1
24804;22434.02;50;2.23;1;1
24805;22287.39;50;2.24;1;1
24806;22189.64;50;2.23;1;1
24807;22189.64;50;2.22;1;1
24808;22385.14;50;2.22;1;1
24809;22434.02;50;2.24;1;1
24810;22580.64;50;2.24;1;1
24811;22434.02;50;2.26;1;1
24812;22482.89;50;2.24;1;1
24813;22434.02;50;2.25;1;1
24814;22385.14;50;2.24;1;1
24815;22629.52;50;2.24;1;1
24816;22482.89;50;2.26;1;1
24817;22727.27;50;2.25;1;1
24818;22434.02;50;2.27;1;1
24819;22385.14;50;2.24;1;1
24820;22385.14;50;2.24;1;1
24821;22776.15;50;2.24;1;1
24822;22482.89;50;2.28;1;1
24823;22629.52;50;2.25;1;1
24824;22287.39;50;2.26;1;1
24825;22580.64;50;2.23;1;1
24826;21798.63;50;2.26;1;1
24827;22385.14;50;2.18;1;1
24828;22531.77;50;2.24;1;1
24829;22873.90;50;2.25;1;1
24830;21847.51;50;2.29;1;1
24831;22385.14;50;2.18;1;1
24832;21749.76;50;2.24;1;1
24833;22531.77;50;2.17;1;1
24834;22091.89;50;2.25;1;1
24835;22727.27;50;2.21;1;1
24836;22091.89;50;2.27;1;1
24837;22727.27;50;2.21;1;1
24838;22140.76;50;2.27;1;1
24839;22922.78;50;2.21;1;1
24840;21994.13;50;2.29;1;1
24841;22287.39;50;2.20;1;1
24842;21652.00;50;2.23;1;1
24843;22189.64;50;2.17;1;1
24844;21652.00;50;2.22;1;1
24845;22140.76;50;2.17;1;1
24846;22091.89;50;2.21;1;1
24847;22287.39;50;2.21;1;1
24848;21652.00;50;2.23;1;1
24849;22336.27;50;2.17;1;1
24850;21554.25;50;2.23;1;1
24851;22434.02;50;2.16;1;1
24852;21700.88;50;2.24;1;1
24853;22434.02;50;2.17;1;1
24854;21798.63;50;2.24;1;1
24855;22434.02;50;2.18;1;1
24856;21798.63;50;2.24;1;1
24857;22629.52;50;2.18;1;1
24858;22043.01;50;2.26;1;1
24859;22580.64;50;2.20;1;1
24860;21994.13;50;2.26;1;1
24861;22678.40;50;2.20;1;1
24862;21798.63;50;2.27;1;1
24863;23020.53;50;2.18;1;1
24864;22043.01;50;2.30;1;1
24865;23020.53;50;2.20;1;1
24866;22531.77;50;2.30;1;1
24867;23362.66;50;2.25;1;1
24868;22189.64;50;2.34;1;1
24869;23069.40;50;2.22;1;1
24870;22776.15;50;2.31;1;1
24871;23167.15;50;2.28;1;1
24872;22580.64;50;2.32;1;1
24873;23216.03;50;2.26;1;1
24874;22776.15;50;2.32;1;1
24875;21554.25;50;2.28;1;1
24876;21700.88;50;2.16;1;1
24877;22434.02;50;2.17;1;1
24878;21407.63;50;2.24;1;1
24879;22287.39;50;2.14;1;1
24880;22336.27;50;2.23;1;1
24881;23020.53;50;2.23;1;1
24882;22580.64;50;2.30;1;1
24883;23167.15;50;2.26;1;1
24884;22922.78;50;2.32;1;1
24885;22434.02;50;2.29;1;1
24886;22336.27;50;2.24;1;1
24887;23167.15;50;2.23;1;1
24888;22776.15;50;2.32;1;1
24889;22727.27;50;2.28;1;1
24890;22140.76;50;2.27;1;1
24891;22678.40;50;2.21;1;1
24892;23069.40;50;2.27;1;1
24893;23313.78;50;2.31;1;1
24894;22873.90;50;2.33;1;1
24895;23411.54;50;2.29;1;1
24896;21994.13;50;2.34;1;1
24897;22189.64;50;2.20;1;1
24898;21994.13;50;2.22;1;1
24899;22140.76;50;2.20;1;1
24900;22091.89;50;2.21;1;1
24901;22043.01;50;2.21;1;1
24902;22189.64;50;2.20;1;1
24903;23313.78;50;2.22;1;1
24904;22776.15;50;2.33;1;1
24905;23313.78;50;2.28;1;1
24906;23118.28;50;2.33;1;1
24907;22189.64;50;2.31;1;1
24908;22385.14;50;2.22;1;1
24909;22091.89;50;2.24;1;1
24910;22971.65;50;2.21;1;1
24911;22971.65;50;2.30;1;1
24912;22971.65;50;2.30;1;1
24913;22825.02;50;2.30;1;1
24914;23216.03;50;2.28;1;1
24915;22873.90;50;2.32;1;1
24916;22971.65;50;2.29;1;1
24917;23900.29;50;2.30;1;1
24918;22776.15;50;2.39;1;1
24919;23900.29;50;2.28;1;1
24920;23411.54;50;2.39;1;1
24921;23362.66;50;2.34;1;1
24922;23118.28;50;2.34;1;1
24923;23362.66;50;2.31;1;1
24924;23118.28;50;2.34;1;1
24925;23313.78;50;2.31;1;1
24926;23607.04;50;2.33;1;1
24927;23264.91;50;2.36;1;1
24928;23704.79;50;2.33;1;1
24929;23411.54;50;2.37;1;1
24930;23264.91;50;2.34;1;1
24931;23802.54;50;2.33;1;1
24932;23998.04;50;2.38;1;1
24933;23753.67;50;2.40;1;1
24934;23753.67;50;2.38;1;1
24935;23655.91;50;2.38;1;1
24936;23411.54;50;2.37;1;1
24937;23020.53;50;2.34;1;1
24938;23313.78;50;2.30;1;1
24939;23655.91;50;2.33;1;1
24940;23509.29;50;2.37;1;1
24941;23118.28;50;2.35;1;1
24942;23460.41;50;2.31;1;1
24943;23069.40;50;2.35;1;1
24944;23216.03;50;2.31;1;1
24945;23069.40;50;2.32;1;1
24946;23313.78;50;2.31;1;1
24947;23020.53;50;2.33;1;1
24948;23167.15;50;2.30;1;1
24949;23020.53;50;2.32;1;1
24950;23362.66;50;2.30;1;1
24951;23118.28;50;2.34;1;1
24952;23509.29;50;2.31;1;1
24953;22971.65;50;2.35;1;1
24954;23509.29;50;2.30;1;1
24955;22922.78;50;2.35;1;1
24956;23558.16;50;2.29;1;1
24957;23509.29;50;2.36;1;1
24958;24144.67;50;2.35;1;1
24959;23167.15;50;2.41;1;1
24960;23509.29;50;2.32;1;1
24961;23411.54;50;2.35;1;1
24962;23949.17;50;2.34;1;1
24963;23509.29;50;2.39;1;1
24964;23704.79;50;2.35;1;1
24965;23362.66;50;2.37;1;1
24966;24193.55;50;2.34;1;1
24967;23411.54;50;2.42;1;1
24968;23655.91;50;2.34;1;1
24969;23069.40;50;2.37;1;1
24970;23607.04;50;2.31;1;1
24971;22873.90;50;2.36;1;1
24972;23460.41;50;2.29;1;1
24973;22971.65;50;2.35;1;1
24974;23704.79;50;2.30;1;1
24975;23264.91;50;2.37;1;1
24976;24046.92;50;2.33;1;1
24977;22971.65;50;2.40;1;1
24978;23509.29;50;2.30;1;1
24979;23020.53;50;2.35;1;1
24980;23509.29;50;2.30;1;1
24981;22873.90;50;2.35;1;1
24982;23362.66;50;2.29;1;1
24983;22825.02;50;2.34;1;1
24984;24291.30;50;2.28;1;1
24985;23362.66;50;2.43;1;1
24986;24095.80;50;2.34;1;1
24987;23362.66;50;2.41;1;1
24988;24095.80;50;2.34;1;1
24989;23362.66;50;2.41;1;1
24990;24046.92;50;2.34;1;1
24991;23362.66;50;2.40;1;1
24992;23900.29;50;2.34;1;1
24993;23264.91;50;2.39;1;1
24994;23998.04;50;2.33;1;1
24995;23411.54;50;2.40;1;1
24996;23998.04;50;2.34;1;1
24997;23313.78;50;2.40;1;1
24998;23900.29;50;2.33;1;1
24999;23264.91;50;2.39;1;1
25000;23900.29;50;2.33;1;1
25001;23411.54;50;2.39;1;1
25002;23802.54;50;2.34;1;1
25003;23216.03;50;2.38;1;1
25004;23851.42;50;2.32;1;1
25005;23411.54;50;2.39;1;1
25006;24144.67;50;2.34;1;1
25007;23118.28;50;2.41;1;1
25008;23411.54;50;2.31;1;1
25009;23362.66;50;2.34;1;1
25010;23949.17;50;2.34;1;1
25011;23362.66;50;2.39;1;1
25012;23949.17;50;2.34;1;1
25013;23216.03;50;2.39;1;1
25014;23362.66;50;2.32;1;1
25015;23362.66;50;2.34;1;1
25016;23362.66;50;2.34;1;1
25017;22873.90;50;2.34;1;1
25018;23264.91;50;2.29;1;1
25019;23069.40;50;2.33;1;1
25020;23411.54;50;2.31;1;1
25021;22922.78;50;2.34;1;1
25022;23949.17;50;2.29;1;1
25023;23460.41;50;2.39;1;1
25024;23851.42;50;2.35;1;1
25025;23460.41;50;2.39;1;1
25026;23900.29;50;2.35;1;1
25027;23509.29;50;2.39;1;1
25028;23753.67;50;2.35;1;1
25029;23411.54;50;2.38;1;1
25030;23655.91;50;2.34;1;1
25031;23607.04;50;2.37;1;1
25032;23900.29;50;2.36;1;1
25033;23167.15;50;2.39;1;1
25034;23167.15;50;2.32;1;1
25035;23216.03;50;2.32;1;1
25036;23167.15;50;2.32;1;1
25037;22825.02;50;2.32;1;1
25038;23851.42;50;2.28;1;1
25039;22922.78;50;2.39;1;1
25040;22922.78;50;2.29;1;1
25041;23167.15;50;2.29;1;1
25042;23900.29;50;2.32;1;1
25043;23460.41;50;2.39;1;1
25044;23704.79;50;2.35;1;1
25045;23607.04;50;2.37;1;1
25046;23655.91;50;2.36;1;1
25047;22482.89;50;2.37;1;1
25048;23020.53;50;2.25;1;1
25049;23118.28;50;2.30;1;1
25050;23509.29;50;2.31;1;1
25051;23558.16;50;2.35;1;1
25052;22873.90;50;2.36;1;1
25053;23167.15;50;2.29;1;1
25054;22776.15;50;2.32;1;1
25055;23802.54;50;2.28;1;1
25056;23753.67;50;2.38;1;1
25057;23900.29;50;2.38;1;1
25058;23802.54;50;2.39;1;1
25059;23949.17;50;2.38;1;1
25060;23069.40;50;2.39;1;1
25061;23998.04;50;2.31;1;1
25062;23020.53;50;2.40;1;1
25063;23655.91;50;2.30;1;1
25064;23264.91;50;2.37;1;1
25065;23851.42;50;2.33;1;1
25066;22482.89;50;2.39;1;1
25067;22825.02;50;2.25;1;1
25068;22385.14;50;2.28;1;1
25069;22922.78;50;2.24;1;1
25070;23264.91;50;2.29;1;1
25071;24144.67;50;2.33;1;1
25072;23313.78;50;2.41;1;1
25073;23704.79;50;2.33;1;1
25074;23216.03;50;2.37;1;1
25075;23704.79;50;2.32;1;1
25076;23264.91;50;2.37;1;1
25077;23949.17;50;2.33;1;1
25078;23313.78;50;2.39;1;1
25079;23851.42;50;2.33;1;1
25080;23216.03;50;2.39;1;1
25081;23753.67;50;2.32;1;1
25082;23020.53;50;2.38;1;1
25083;23753.67;50;2.30;1;1
25084;22825.02;50;2.38;1;1
25085;23313.78;50;2.28;1;1
25086;22776.15;50;2.33;1;1
25087;23411.54;50;2.28;1;1
25088;22971.65;50;2.34;1;1
25089;23655.91;50;2.30;1;1
25090;22873.90;50;2.37;1;1
25091;23411.54;50;2.29;1;1
25092;22873.90;50;2.34;1;1
25093;23655.91;50;2.29;1;1
25094;22922.78;50;2.37;1;1
25095;23558.16;50;2.29;1;1
25096;23167.15;50;2.36;1;1
25097;23558.16;50;2.32;1;1
25098;22971.65;50;2.36;1;1
25099;23607.04;50;2.30;1;1
25100;22727.27;50;2.36;1;1
25101;23411.54;50;2.27;1;1
25102;22776.15;50;2.34;1;1
25103;23460.41;50;2.28;1;1
25104;22727.27;50;2.35;1;1
25105;23558.16;50;2.27;1;1
25106;22825.02;50;2.36;1;1
25107;23411.54;50;2.28;1;1
25108;22629.52;50;2.34;1;1
25109;23411.54;50;2.26;1;1
25110;22873.90;50;2.34;1;1
25111;23216.03;50;2.29;1;1
25112;22629.52;50;2.32;1;1
25113;23362.66;50;2.26;1;1
25114;23264.91;50;2.34;1;1
25115;23900.29;50;2.33;1;1
25116;23167.15;50;2.39;1;1
25117;23802.54;50;2.32;1;1
25118;23264.91;50;2.38;1;1
25119;24046.92;50;2.33;1;1
25120;23313.78;50;2.40;1;1
25121;23949.17;50;2.33;1;1
25122;23460.41;50;2.39;1;1
25123;23900.29;50;2.35;1;1
25124;23264.91;50;2.39;1;1
25125;23655.91;50;2.33;1;1
25126;23118.28;50;2.37;1;1
25127;23655.91;50;2.31;1;1
25128;23118.28;50;2.37;1;1
25129;23655.91;50;2.31;1;1
25130;23167.15;50;2.37;1;1
25131;23460.41;50;2.32;1;1
25132;22873.90;50;2.35;1;1
25133;23313.78;50;2.29;1;1
25134;22825.02;50;2.33;1;1
25135;23460.41;50;2.28;1;1
25136;22825.02;50;2.35;1;1
25137;23216.03;50;2.28;1;1
25138;22873.90;50;2.32;1;1
25139;23264.91;50;2.29;1;1
25140;22971.65;50;2.33;1;1
25141;23655.91;50;2.30;1;1
25142;22922.78;50;2.37;1;1
25143;23264.91;50;2.29;1;1
25144;22922.78;50;2.33;1;1
25145;23264.91;50;2.29;1;1
25146;22922.78;50;2.33;1;1
25147;23362.66;50;2.29;1;1
25148;22922.78;50;2.34;1;1
25149;23167.15;50;2.29;1;1
25150;23118.28;50;2.32;1;1
25151;23069.40;50;2.31;1;1
25152;23020.53;50;2.31;1;1
25153;23118.28;50;2.30;1;1
25154;23069.40;50;2.31;1;1
25155;23069.40;50;2.31;1;1
25156;22629.52;50;2.31;1;1
25157;23020.53;50;2.26;1;1
25158;22678.40;50;2.30;1;1
25159;22971.65;50;2.27;1;1
25160;22727.27;50;2.30;1;1
25161;23118.28;50;2.27;1;1
25162;22727.27;50;2.31;1;1
25163;22873.90;50;2.27;1;1
25164;22825.02;50;2.29;1;1
25165;22678.40;50;2.28;1;1
25166;22580.64;50;2.27;1;1
25167;22678.40;50;2.26;1;1
25168;22825.02;50;2.27;1;1
25169;22336.27;50;2.28;1;1
25170;22629.52;50;2.23;1;1
25171;22434.02;50;2.26;1;1
25172;22727.27;50;2.24;1;1
25173;22287.39;50;2.27;1;1
25174;22629.52;50;2.23;1;1
25175;22140.76;50;2.26;1;1
25176;22482.89;50;2.21;1;1
25177;21896.38;50;2.25;1;1
25178;22336.27;50;2.19;1;1
25179;21896.38;50;2.23;1;1
25180;22580.64;50;2.19;1;1
25181;22091.89;50;2.26;1;1
25182;22482.89;50;2.21;1;1
25183;22140.76;50;2.25;1;1
25184;22336.27;50;2.21;1;1
25185;21700.88;50;2.23;1;1
25186;22531.77;50;2.17;1;1
25187;21994.13;50;2.25;1;1
25188;22336.27;50;2.20;1;1
25189;21749.76;50;2.23;1;1
25190;22434.02;50;2.17;1;1
25191;21945.26;50;2.24;1;1
25192;22336.27;50;2.19;1;1
25193;21945.26;50;2.23;1;1
25194;22336.27;50;2.19;1;1
25195;21652.00;50;2.23;1;1
25196;22091.89;50;2.17;1;1
25197;21749.76;50;2.21;1;1
25198;22140.76;50;2.17;1;1
25199;21700.88;50;2.21;1;1
25200;22238.51;50;2.17;1;1
25201;21652.00;50;2.22;1;1
25202;22238.51;50;2.17;1;1
25203;21652.00;50;2.22;1;1
25204;22287.39;50;2.17;1;1
25205;21554.25;50;2.23;1;1
25206;22287.39;50;2.16;1;1
25207;21505.38;50;2.23;1;1
25208;21994.13;50;2.15;1;1
25209;21212.12;50;2.20;1;1
25210;21749.76;50;2.12;1;1
25211;21358.75;50;2.17;1;1
25212;21896.38;50;2.14;1;1
25213;21358.75;50;2.19;1;1
25214;21700.88;50;2.14;1;1
25215;21261.00;50;2.17;1;1
25216;21700.88;50;2.13;1;1
25217;21016.62;50;2.17;1;1
25218;21798.63;50;2.10;1;1
25219;21114.37;50;2.18;1;1
25220;21505.38;50;2.11;1;1
25221;21065.49;50;2.15;1;1
25222;21505.38;50;2.11;1;1
25223;20869.99;50;2.15;1;1
25224;21749.76;50;2.09;1;1
25225;21114.37;50;2.17;1;1
25226;21652.00;50;2.11;1;1
25227;20918.87;50;2.17;1;1
25228;21652.00;50;2.09;1;1
25229;20918.87;50;2.17;1;1
25230;21261.00;50;2.09;1;1
25231;20576.73;50;2.13;1;1
25232;21309.87;50;2.06;1;1
25233;20527.86;50;2.13;1;1
25234;21309.87;50;2.05;1;1
25235;20723.36;50;2.13;1;1
25236;21261.00;50;2.07;1;1
25237;20821.11;50;2.13;1;1
25238;21212.12;50;2.08;1;1
25239;20723.36;50;2.12;1;1
25240;21261.00;50;2.07;1;1
25241;20821.11;50;2.13;1;1
25242;21309.87;50;2.08;1;1
25243;20527.86;50;2.13;1;1
25244;21163.24;50;2.05;1;1
25245;20527.86;50;2.12;1;1
25246;21163.24;50;2.05;1;1
25247;20576.73;50;2.12;1;1
25248;21212.12;50;2.06;1;1
25249;20478.98;50;2.12;1;1
25250;21309.87;50;2.05;1;1
25251;20625.61;50;2.13;1;1
25252;21212.12;50;2.06;1;1
25253;20674.49;50;2.12;1;1
25254;21407.63;50;2.07;1;1
25255;20527.86;50;2.14;1;1
25256;21114.37;50;2.05;1;1
25257;20527.86;50;2.11;1;1
25258;21065.49;50;2.05;1;1
25259;20527.86;50;2.11;1;1
25260;21407.63;50;2.05;1;1
25261;20234.60;50;2.14;1;1
25262;21163.24;50;2.02;1;1
25263;20772.24;50;2.12;1;1
25264;21065.49;50;2.08;1;1
25265;20332.36;50;2.11;1;1
25266;21163.24;50;2.03;1;1
25267;20430.11;50;2.12;1;1
25268;20772.24;50;2.04;1;1
25269;20430.11;50;2.08;1;1
25270;21261.00;50;2.04;1;1
25271;20430.11;50;2.13;1;1
25272;20869.99;50;2.04;1;1
25273;20478.98;50;2.09;1;1
25274;21065.49;50;2.05;1;1
25275;20430.11;50;2.11;1;1
25276;20821.11;50;2.04;1;1
25277;20381.23;50;2.08;1;1
25278;20723.36;50;2.04;1;1
25279;20430.11;50;2.07;1;1
25280;20723.36;50;2.04;1;1
25281;20234.60;50;2.07;1;1
25282;20772.24;50;2.02;1;1
25283;20478.98;50;2.08;1;1
25284;20821.11;50;2.05;1;1
25285;20039.10;50;2.08;1;1
25286;20723.36;50;2.00;1;1
25287;20136.85;50;2.07;1;1
25288;20772.24;50;2.01;1;1
25289;20136.85;50;2.08;1;1
25290;20772.24;50;2.01;1;1
25291;20087.98;50;2.08;1;1
25292;20723.36;50;2.01;1;1
25293;20087.98;50;2.07;1;1
25294;20576.73;50;2.01;1;1
25295;20136.85;50;2.06;1;1
25296;20478.98;50;2.01;1;1
25297;19892.47;50;2.05;1;1
25298;20283.48;50;1.99;1;1
25299;19794.72;50;2.03;1;1
25300;20478.98;50;1.98;1;1
25301;19990.22;50;2.05;1;1
25302;20381.23;50;2.00;1;1
25303;19990.22;50;2.04;1;1
25304;20283.48;50;2.00;1;1
25305;19794.72;50;2.03;1;1
25306;20185.73;50;1.98;1;1
25307;19843.60;50;2.02;1;1
25308;20136.85;50;1.98;1;1
25309;19892.47;50;2.01;1;1
25310;20087.98;50;1.99;1;1
25311;19892.47;50;2.01;1;1
25312;20087.98;50;1.99;1;1
25313;19990.22;50;2.01;1;1
25314;19843.60;50;2.00;1;1
25315;19843.60;50;1.98;1;1
25316;19794.72;50;1.98;1;1
25317;19843.60;50;1.98;1;1
25318;19794.72;50;1.98;1;1
25319;19990.22;50;1.98;1;1
25320;19696.97;50;2.00;1;1
25321;19648.09;50;1.97;1;1
25322;19452.59;50;1.96;1;1
25323;19794.72;50;1.95;1;1
25324;19501.47;50;1.98;1;1
25325;19696.97;50;1.95;1;1
25326;19403.71;50;1.97;1;1
25327;19501.47;50;1.94;1;1
25328;19208.21;50;1.95;1;1
25329;19501.47;50;1.92;1;1
25330;19403.71;50;1.95;1;1
25331;19452.59;50;1.94;1;1
25332;19354.84;50;1.95;1;1
25333;19550.34;50;1.94;1;1
25334;19305.96;50;1.96;1;1
25335;19550.34;50;1.93;1;1
25336;19208.21;50;1.96;1;1
25337;19257.09;50;1.92;1;1
25338;19110.46;50;1.93;1;1
25339;19403.71;50;1.91;1;1
25340;18866.08;50;1.94;1;1
25341;19354.84;50;1.89;1;1
25342;18914.96;50;1.94;1;1
25343;19257.09;50;1.89;1;1
25344;18866.08;50;1.93;1;1
25345;19208.21;50;1.89;1;1
25346;18768.33;50;1.92;1;1
25347;19159.34;50;1.88;1;1
25348;18817.20;50;1.92;1;1
25349;19257.09;50;1.88;1;1
25350;18719.45;50;1.93;1;1
25351;19208.21;50;1.87;1;1
25352;18572.82;50;1.92;1;1
25353;19110.46;50;1.86;1;1
25354;18523.95;50;1.91;1;1
25355;19061.58;50;1.85;1;1
25356;18475.07;50;1.91;1;1
25357;18963.83;50;1.85;1;1
25358;18475.07;50;1.90;1;1
25359;19012.71;50;1.85;1;1
25360;18328.45;50;1.90;1;1
25361;19110.46;50;1.83;1;1
25362;18523.95;50;1.91;1;1
25363;18914.96;50;1.85;1;1
25364;18426.20;50;1.89;1;1
25365;18963.83;50;1.84;1;1
25366;18377.32;50;1.90;1;1
25367;19159.34;50;1.84;1;1
25368;18328.45;50;1.92;1;1
25369;19061.58;50;1.83;1;1
25370;18328.45;50;1.91;1;1
25371;18768.33;50;1.83;1;1
25372;18328.45;50;1.88;1;1
25373;19012.71;50;1.83;1;1
25374;18230.69;50;1.90;1;1
25375;18817.20;50;1.82;1;1
25376;18084.07;50;1.88;1;1
25377;18768.33;50;1.81;1;1
25378;18328.45;50;1.88;1;1
25379;18817.20;50;1.83;1;1
25380;18132.94;50;1.88;1;1
25381;18817.20;50;1.81;1;1
25382;18279.57;50;1.88;1;1
25383;18572.82;50;1.83;1;1
25384;18230.69;50;1.86;1;1
25385;18817.20;50;1.82;1;1
25386;18035.19;50;1.88;1;1
25387;18768.33;50;1.80;1;1
25388;18132.94;50;1.88;1;1
25389;18719.45;50;1.81;1;1
25390;17888.56;50;1.87;1;1
25391;18719.45;50;1.79;1;1
25392;18035.19;50;1.87;1;1
25393;18621.70;50;1.80;1;1
25394;17986.31;50;1.86;1;1
25395;18670.58;50;1.80;1;1
25396;18035.19;50;1.87;1;1
25397;18572.82;50;1.80;1;1
25398;18132.94;50;1.86;1;1
25399;18572.82;50;1.81;1;1
25400;18035.19;50;1.86;1;1
25401;18328.45;50;1.80;1;1
25402;17888.56;50;1.83;1;1
25403;18572.82;50;1.79;1;1
25404;17986.31;50;1.86;1;1
25405;18572.82;50;1.80;1;1
25406;17937.44;50;1.86;1;1
25407;18426.20;50;1.79;1;1
25408;17888.56;50;1.84;1;1
25409;18475.07;50;1.79;1;1
25410;17888.56;50;1.85;1;1
25411;18377.32;50;1.79;1;1
25412;17839.69;50;1.84;1;1
25413;18328.45;50;1.78;1;1
25414;17986.31;50;1.83;1;1
25415;18426.20;50;1.80;1;1
25416;17888.56;50;1.84;1;1
25417;18181.82;50;1.79;1;1
25418;17693.06;50;1.82;1;1
25419;18377.32;50;1.77;1;1
25420;18084.07;50;1.84;1;1
25421;18328.45;50;1.81;1;1
25422;17937.44;50;1.83;1;1
25423;18181.82;50;1.79;1;1
25424;18035.19;50;1.82;1;1
25425;18035.19;50;1.80;1;1
25426;17839.69;50;1.80;1;1
25427;18279.57;50;1.78;1;1
25428;17839.69;50;1.83;1;1
25429;18181.82;50;1.78;1;1
25430;17937.44;50;1.82;1;1
25431;18084.07;50;1.79;1;1
25432;17839.69;50;1.81;1;1
25433;18035.19;50;1.78;1;1
25434;17839.69;50;1.80;1;1
25435;18132.94;50;1.78;1;1
25436;17888.56;50;1.81;1;1
25437;17888.56;50;1.79;1;1
25438;17839.69;50;1.79;1;1
25439;17790.81;50;1.78;1;1
25440;18035.19;50;1.78;1;1
25441;17790.81;50;1.80;1;1
25442;17888.56;50;1.78;1;1
25443;17986.31;50;1.79;1;1
25444;17839.69;50;1.80;1;1
25445;17986.31;50;1.78;1;1
25446;17839.69;50;1.80;1;1
25447;17741.94;50;1.78;1;1
25448;17741.94;50;1.77;1;1
25449;17741.94;50;1.77;1;1
25450;17888.56;50;1.77;1;1
25451;17644.18;50;1.79;1;1
25452;17644.18;50;1.76;1;1
25453;17497.56;50;1.76;1;1
25454;17741.94;50;1.75;1;1
25455;17546.43;50;1.77;1;1
25456;17693.06;50;1.75;1;1
25457;17546.43;50;1.77;1;1
25458;17741.94;50;1.75;1;1
25459;17448.68;50;1.77;1;1
25460;17644.18;50;1.74;1;1
25461;17302.05;50;1.76;1;1
25462;17644.18;50;1.73;1;1
25463;17399.80;50;1.76;1;1
25464;17741.94;50;1.74;1;1
25465;17302.05;50;1.77;1;1
25466;17693.06;50;1.73;1;1
25467;17155.43;50;1.77;1;1
25468;17644.18;50;1.72;1;1
25469;17106.55;50;1.76;1;1
25470;17448.68;50;1.71;1;1
25471;17106.55;50;1.74;1;1
25472;17497.56;50;1.71;1;1
25473;17155.43;50;1.75;1;1
25474;17741.94;50;1.72;1;1
25475;17204.30;50;1.77;1;1
25476;17595.31;50;1.72;1;1
25477;17106.55;50;1.76;1;1
25478;17741.94;50;1.71;1;1
25479;17253.18;50;1.77;1;1
25480;17741.94;50;1.73;1;1
25481;17253.18;50;1.77;1;1
25482;17448.68;50;1.73;1;1
25483;17204.30;50;1.74;1;1
25484;17595.31;50;1.72;1;1
25485;17106.55;50;1.76;1;1
25486;17741.94;50;1.71;1;1
25487;17155.43;50;1.77;1;1
25488;17546.43;50;1.72;1;1
25489;17253.18;50;1.75;1;1
25490;17693.06;50;1.73;1;1
25491;16959.92;50;1.77;1;1
25492;17693.06;50;1.70;1;1
25493;16911.04;50;1.77;1;1
25494;17937.44;50;1.69;1;1
25495;17106.55;50;1.79;1;1
25496;17644.18;50;1.71;1;1
25497;16911.04;50;1.76;1;1
25498;17595.31;50;1.69;1;1
25499;16911.04;50;1.76;1;1
25500;17546.43;50;1.69;1;1
25501;16862.17;50;1.75;1;1
25502;17595.31;50;1.69;1;1
25503;16764.42;50;1.76;1;1
25504;17448.68;50;1.68;1;1
25505;16862.17;50;1.74;1;1
25506;17595.31;50;1.69;1;1
25507;16911.04;50;1.76;1;1
25508;17399.80;50;1.69;1;1
25509;16666.67;50;1.74;1;1
25510;17253.18;50;1.67;1;1
25511;16666.67;50;1.73;1;1
25512;17399.80;50;1.67;1;1
25513;16862.17;50;1.74;1;1
25514;17595.31;50;1.69;1;1
25515;16715.54;50;1.76;1;1
25516;17497.56;50;1.67;1;1
25517;16813.29;50;1.75;1;1
25518;17546.43;50;1.68;1;1
25519;16862.17;50;1.75;1;1
25520;17497.56;50;1.69;1;1
25521;16911.04;50;1.75;1;1
25522;17302.05;50;1.69;1;1
25523;16862.17;50;1.73;1;1
25524;17546.43;50;1.69;1;1
25525;16911.04;50;1.75;1;1
25526;17644.18;50;1.69;1;1
25527;17008.80;50;1.76;1;1
25528;17693.06;50;1.70;1;1
25529;16862.17;50;1.77;1;1
25530;17302.05;50;1.69;1;1
25531;17057.67;50;1.73;1;1
25532;17546.43;50;1.71;1;1
25533;16959.92;50;1.75;1;1
25534;17644.18;50;1.70;1;1
25535;16813.29;50;1.76;1;1
25536;17546.43;50;1.68;1;1
25537;16959.92;50;1.75;1;1
25538;17497.56;50;1.70;1;1
25539;17008.80;50;1.75;1;1
25540;17741.94;50;1.70;1;1
25541;17204.30;50;1.77;1;1
25542;17693.06;50;1.72;1;1
25543;17155.43;50;1.77;1;1
25544;17546.43;50;1.72;1;1
25545;17057.67;50;1.75;1;1
25546;17448.68;50;1.71;1;1
25547;16959.92;50;1.74;1;1
25548;17448.68;50;1.70;1;1
25549;17057.67;50;1.74;1;1
25550;17204.30;50;1.71;1;1
25551;16959.92;50;1.72;1;1
25552;17204.30;50;1.70;1;1
25553;16813.29;50;1.72;1;1
25554;17155.43;50;1.68;1;1
25555;16764.42;50;1.72;1;1
25556;17204.30;50;1.68;1;1
25557;16959.92;50;1.72;1;1
25558;17204.30;50;1.70;1;1
25559;16666.67;50;1.72;1;1
25560;16959.92;50;1.67;1;1
25561;16764.42;50;1.70;1;1
25562;16862.17;50;1.68;1;1
25563;16813.29;50;1.69;1;1
25564;16911.04;50;1.68;1;1
25565;16568.91;50;1.69;1;1
25566;16715.54;50;1.66;1;1
25567;16617.79;50;1.67;1;1
25568;16715.54;50;1.66;1;1
25569;16666.67;50;1.67;1;1
25570;16764.42;50;1.67;1;1
25571;16715.54;50;1.68;1;1
25572;16813.29;50;1.67;1;1
25573;16764.42;50;1.68;1;1
25574;16715.54;50;1.68;1;1
25575;16959.92;50;1.67;1;1
25576;16520.04;50;1.70;1;1
25577;16862.17;50;1.65;1;1
25578;16666.67;50;1.69;1;1
25579;16520.04;50;1.67;1;1
25580;16764.42;50;1.65;1;1
25581;16911.04;50;1.68;1;1
25582;16666.67;50;1.69;1;1
25583;16813.29;50;1.67;1;1
25584;16813.29;50;1.68;1;1
25585;16715.54;50;1.68;1;1
25586;16568.91;50;1.67;1;1
25587;16911.04;50;1.66;1;1
25588;16471.16;50;1.69;1;1
25589;16813.29;50;1.65;1;1
25590;16471.16;50;1.68;1;1
25591;16715.54;50;1.65;1;1
25592;16617.79;50;1.67;1;1
25593;16764.42;50;1.66;1;1
25594;16520.04;50;1.68;1;1
25595;16568.91;50;1.65;1;1
25596;16226.78;50;1.66;1;1
25597;16520.04;50;1.62;1;1
25598;16324.54;50;1.65;1;1
25599;16862.17;50;1.63;1;1
25600;16324.54;50;1.69;1;1
25601;16617.79;50;1.63;1;1
25602;16177.91;50;1.66;1;1
25603;16617.79;50;1.62;1;1
25604;16275.66;50;1.66;1;1
25605;16617.79;50;1.63;1;1
25606;16177.91;50;1.66;1;1
25607;16617.79;50;1.62;1;1
25608;16129.03;50;1.66;1;1
25609;16715.54;50;1.61;1;1
25610;16226.78;50;1.67;1;1
25611;16715.54;50;1.62;1;1
25612;16226.78;50;1.67;1;1
25613;16813.29;50;1.62;1;1
25614;16275.66;50;1.68;1;1
25615;16862.17;50;1.63;1;1
25616;16373.41;50;1.69;1;1
25617;16862.17;50;1.64;1;1
25618;16226.78;50;1.69;1;1
25619;16813.29;50;1.62;1;1
25620;16177.91;50;1.68;1;1
25621;16911.04;50;1.62;1;1
25622;16226.78;50;1.69;1;1
25623;16862.17;50;1.62;1;1
25624;16177.91;50;1.69;1;1
25625;16764.42;50;1.62;1;1
25626;15982.40;50;1.68;1;1
25627;16715.54;50;1.60;1;1
25628;16275.66;50;1.67;1;1
25629;16813.29;50;1.63;1;1
25630;16177.91;50;1.68;1;1
25631;16764.42;50;1.62;1;1
25632;16080.16;50;1.68;1;1
25633;16813.29;50;1.61;1;1
25634;16080.16;50;1.68;1;1
25635;16813.29;50;1.61;1;1
25636;15933.53;50;1.68;1;1
25637;16911.04;50;1.59;1;1
25638;16031.28;50;1.69;1;1
25639;16911.04;50;1.60;1;1
25640;16177.91;50;1.69;1;1
25641;16862.17;50;1.62;1;1
25642;16080.16;50;1.69;1;1
25643;17106.55;50;1.61;1;1
25644;16324.54;50;1.71;1;1
25645;16911.04;50;1.63;1;1
25646;16422.29;50;1.69;1;1
25647;16862.17;50;1.64;1;1
25648;16324.54;50;1.69;1;1
25649;17008.80;50;1.63;1;1
25650;16422.29;50;1.70;1;1
25651;17008.80;50;1.64;1;1
25652;16177.91;50;1.70;1;1
25653;16715.54;50;1.62;1;1
25654;16275.66;50;1.67;1;1
25655;16862.17;50;1.63;1;1
25656;16177.91;50;1.69;1;1
25657;16911.04;50;1.62;1;1
25658;16177.91;50;1.69;1;1
25659;16911.04;50;1.62;1;1
25660;16324.54;50;1.69;1;1
25661;16959.92;50;1.63;1;1
25662;16324.54;50;1.70;1;1
25663;17008.80;50;1.63;1;1
25664;15982.40;50;1.70;1;1
25665;16715.54;50;1.60;1;1
25666;16080.16;50;1.67;1;1
25667;16715.54;50;1.61;1;1
25668;16275.66;50;1.67;1;1
25669;16715.54;50;1.63;1;1
25670;16373.41;50;1.67;1;1
25671;16813.29;50;1.64;1;1
25672;16373.41;50;1.68;1;1
25673;16911.04;50;1.64;1;1
25674;16471.16;50;1.69;1;1
25675;16959.92;50;1.65;1;1
25676;16275.66;50;1.70;1;1
25677;16911.04;50;1.63;1;1
25678;16324.54;50;1.69;1;1
25679;16764.42;50;1.63;1;1
25680;16471.16;50;1.68;1;1
25681;16666.67;50;1.65;1;1
25682;16520.04;50;1.67;1;1
25683;16520.04;50;1.65;1;1
25684;16520.04;50;1.65;1;1
25685;16520.04;50;1.65;1;1
25686;16373.41;50;1.65;1;1
25687;16666.67;50;1.64;1;1
25688;16275.66;50;1.67;1;1
25689;16373.41;50;1.63;1;1
25690;16520.04;50;1.64;1;1
25691;16568.91;50;1.65;1;1
25692;16324.54;50;1.66;1;1
25693;16568.91;50;1.63;1;1
25694;16373.41;50;1.66;1;1
25695;16471.16;50;1.64;1;1
25696;16275.66;50;1.65;1;1
25697;16471.16;50;1.63;1;1
25698;16324.54;50;1.65;1;1
25699;16471.16;50;1.63;1;1
25700;16471.16;50;1.65;1;1
25701;16324.54;50;1.65;1;1
25702;16471.16;50;1.63;1;1
25703;16373.41;50;1.65;1;1
25704;16471.16;50;1.64;1;1
25705;16373.41;50;1.65;1;1
25706;16422.29;50;1.64;1;1
25707;16275.66;50;1.64;1;1
25708;16422.29;50;1.63;1;1
25709;16275.66;50;1.64;1;1
25710;16226.78;50;1.63;1;1
25711;16226.78;50;1.62;1;1
25712;16373.41;50;1.62;1;1
25713;16275.66;50;1.64;1;1
25714;16324.54;50;1.63;1;1
25715;16275.66;50;1.63;1;1
25716;16568.91;50;1.63;1;1
25717;16226.78;50;1.66;1;1
25718;16324.54;50;1.62;1;1
25719;16080.16;50;1.63;1;1
25720;16520.04;50;1.61;1;1
25721;15982.40;50;1.65;1;1
25722;16324.54;50;1.60;1;1
25723;16129.03;50;1.63;1;1
25724;16275.66;50;1.61;1;1
25725;15982.40;50;1.63;1;1
25726;16422.29;50;1.60;1;1
25727;15884.65;50;1.64;1;1
25728;16520.04;50;1.59;1;1
25729;16031.28;50;1.65;1;1
25730;16324.54;50;1.60;1;1
25731;15933.53;50;1.63;1;1
25732;16520.04;50;1.59;1;1
25733;15933.53;50;1.65;1;1
25734;16715.54;50;1.59;1;1
25735;16080.16;50;1.67;1;1
25736;16568.91;50;1.61;1;1
25737;15884.65;50;1.66;1;1
25738;16275.66;50;1.59;1;1
25739;15835.78;50;1.63;1;1
25740;16520.04;50;1.58;1;1
25741;15933.53;50;1.65;1;1
25742;16422.29;50;1.59;1;1
25743;15884.65;50;1.64;1;1
25744;16422.29;50;1.59;1;1
25745;15835.78;50;1.64;1;1
25746;16324.54;50;1.58;1;1
25747;15982.40;50;1.63;1;1
25748;16520.04;50;1.60;1;1
25749;15884.65;50;1.65;1;1
25750;16520.04;50;1.59;1;1
25751;16031.28;50;1.65;1;1
25752;16471.16;50;1.60;1;1
25753;15835.78;50;1.65;1;1
25754;16471.16;50;1.58;1;1
25755;15786.90;50;1.65;1;1
25756;16373.41;50;1.58;1;1
25757;15835.78;50;1.64;1;1
25758;16373.41;50;1.58;1;1
25759;15933.53;50;1.64;1;1
25760;16422.29;50;1.59;1;1
25761;15933.53;50;1.64;1;1
25762;16568.91;50;1.59;1;1
25763;15835.78;50;1.66;1;1
25764;16520.04;50;1.58;1;1
25765;15933.53;50;1.65;1;1
25766;16813.29;50;1.59;1;1
25767;15884.65;50;1.68;1;1
25768;16617.79;50;1.59;1;1
25769;15982.40;50;1.66;1;1
25770;16715.54;50;1.60;1;1
25771;15884.65;50;1.67;1;1
25772;16617.79;50;1.59;1;1
25773;15933.53;50;1.66;1;1
25774;16520.04;50;1.59;1;1
25775;15933.53;50;1.65;1;1
25776;16520.04;50;1.59;1;1
25777;15982.40;50;1.65;1;1
25778;16471.16;50;1.60;1;1
25779;15835.78;50;1.65;1;1
25780;16177.91;50;1.58;1;1
25781;15884.65;50;1.62;1;1
25782;16568.91;50;1.59;1;1
25783;15982.40;50;1.66;1;1
25784;16568.91;50;1.60;1;1
25785;15982.40;50;1.66;1;1
25786;16568.91;50;1.60;1;1
25787;15933.53;50;1.66;1;1
25788;16666.67;50;1.59;1;1
25789;15982.40;50;1.67;1;1
25790;16568.91;50;1.60;1;1
25791;15933.53;50;1.66;1;1
25792;16715.54;50;1.59;1;1
25793;15982.40;50;1.67;1;1
25794;16568.91;50;1.60;1;1
25795;15933.53;50;1.66;1;1
25796;16617.79;50;1.59;1;1
25797;15982.40;50;1.66;1;1
25798;16520.04;50;1.60;1;1
25799;15933.53;50;1.65;1;1
25800;16568.91;50;1.59;1;1
25801;15982.40;50;1.66;1;1
25802;16471.16;50;1.60;1;1
25803;15884.65;50;1.65;1;1
25804;16373.41;50;1.59;1;1
25805;15884.65;50;1.64;1;1
25806;16666.67;50;1.59;1;1
25807;15933.53;50;1.67;1;1
25808;16373.41;50;1.59;1;1
25809;15982.40;50;1.64;1;1
25810;16471.16;50;1.60;1;1
25811;15884.65;50;1.65;1;1
25812;16520.04;50;1.59;1;1
25813;15933.53;50;1.65;1;1
25814;16324.54;50;1.59;1;1
25815;15884.65;50;1.63;1;1
25816;16324.54;50;1.59;1;1
25817;15982.40;50;1.63;1;1
25818;16422.29;50;1.60;1;1
25819;15689.15;50;1.64;1;1
25820;16275.66;50;1.57;1;1
25821;15884.65;50;1.63;1;1
25822;16129.03;50;1.59;1;1
25823;16080.16;50;1.61;1;1
25824;16373.41;50;1.61;1;1
25825;15982.40;50;1.64;1;1
25826;16275.66;50;1.60;1;1
25827;15933.53;50;1.63;1;1
25828;16080.16;50;1.59;1;1
25829;15884.65;50;1.61;1;1
25830;16177.91;50;1.59;1;1
25831;15982.40;50;1.62;1;1
25832;16177.91;50;1.60;1;1
25833;16226.78;50;1.62;1;1
25834;16129.03;50;1.62;1;1
25835;16129.03;50;1.61;1;1
25836;16129.03;50;1.61;1;1
25837;16177.91;50;1.61;1;1
25838;16129.03;50;1.62;1;1
25839;16226.78;50;1.61;1;1
25840;16177.91;50;1.62;1;1
25841;16080.16;50;1.62;1;1
25842;16080.16;50;1.61;1;1
25843;16080.16;50;1.61;1;1
25844;16129.03;50;1.61;1;1
25845;16275.66;50;1.61;1;1
25846;15884.65;50;1.63;1;1
25847;15933.53;50;1.59;1;1
25848;15738.03;50;1.59;1;1
25849;16031.28;50;1.57;1;1
25850;16031.28;50;1.60;1;1
25851;16226.78;50;1.60;1;1
25852;15738.03;50;1.62;1;1
25853;16177.91;50;1.57;1;1
25854;15933.53;50;1.62;1;1
25855;16031.28;50;1.59;1;1
25856;15982.40;50;1.60;1;1
25857;16373.41;50;1.60;1;1
25858;15835.78;50;1.64;1;1
25859;16471.16;50;1.58;1;1
25860;15786.90;50;1.65;1;1
25861;16275.66;50;1.58;1;1
25862;15591.40;50;1.63;1;1
25863;16324.54;50;1.56;1;1
25864;16080.16;50;1.63;1;1
25865;16471.16;50;1.61;1;1
25866;15738.03;50;1.65;1;1
25867;16373.41;50;1.57;1;1
25868;15640.27;50;1.64;1;1
25869;16275.66;50;1.56;1;1
25870;15884.65;50;1.63;1;1
25871;16471.16;50;1.59;1;1
25872;15835.78;50;1.65;1;1
25873;16520.04;50;1.58;1;1
25874;16031.28;50;1.65;1;1
25875;16324.54;50;1.60;1;1
25876;15933.53;50;1.63;1;1
25877;16373.41;50;1.59;1;1
25878;15933.53;50;1.64;1;1
25879;16520.04;50;1.59;1;1
25880;16080.16;50;1.65;1;1
25881;16764.42;50;1.61;1;1
25882;15738.03;50;1.68;1;1
25883;16617.79;50;1.57;1;1
25884;15884.65;50;1.66;1;1
25885;16617.79;50;1.59;1;1
25886;16226.78;50;1.66;1;1
25887;16666.67;50;1.62;1;1
25888;16226.78;50;1.67;1;1
25889;16617.79;50;1.62;1;1
25890;16177.91;50;1.66;1;1
25891;16471.16;50;1.62;1;1
25892;15884.65;50;1.65;1;1
25893;16568.91;50;1.59;1;1
25894;16031.28;50;1.66;1;1
25895;16520.04;50;1.60;1;1
25896;15933.53;50;1.65;1;1
25897;16666.67;50;1.59;1;1
25898;16080.16;50;1.67;1;1
25899;16520.04;50;1.61;1;1
25900;15884.65;50;1.65;1;1
25901;16764.42;50;1.59;1;1
25902;16031.28;50;1.68;1;1
25903;16520.04;50;1.60;1;1
25904;15884.65;50;1.65;1;1
25905;16617.79;50;1.59;1;1
25906;15982.40;50;1.66;1;1
25907;16666.67;50;1.60;1;1
25908;16080.16;50;1.67;1;1
25909;16520.04;50;1.61;1;1
25910;15982.40;50;1.65;1;1
25911;16568.91;50;1.60;1;1
25912;16080.16;50;1.66;1;1
25913;16715.54;50;1.61;1;1
25914;15786.90;50;1.67;1;1
25915;16715.54;50;1.58;1;1
25916;15933.53;50;1.67;1;1
25917;16520.04;50;1.59;1;1
25918;15835.78;50;1.65;1;1
25919;16764.42;50;1.58;1;1
25920;16129.03;50;1.68;1;1
25921;16471.16;50;1.61;1;1
25922;16031.28;50;1.65;1;1
25923;16520.04;50;1.60;1;1
25924;15786.90;50;1.65;1;1
25925;16568.91;50;1.58;1;1
25926;16080.16;50;1.66;1;1
25927;16520.04;50;1.61;1;1
25928;15884.65;50;1.65;1;1
25929;16324.54;50;1.59;1;1
25930;15982.40;50;1.63;1;1
25931;16471.16;50;1.60;1;1
25932;15884.65;50;1.65;1;1
25933;16324.54;50;1.59;1;1
25934;15933.53;50;1.63;1;1
25935;16471.16;50;1.59;1;1
25936;15933.53;50;1.65;1;1
25937;16373.41;50;1.59;1;1
25938;16177.91;50;1.64;1;1
25939;16275.66;50;1.62;1;1
25940;15933.53;50;1.63;1;1
25941;16275.66;50;1.59;1;1
25942;16080.16;50;1.63;1;1
25943;16324.54;50;1.61;1;1
25944;16324.54;50;1.63;1;1
25945;16129.03;50;1.63;1;1
25946;15982.40;50;1.61;1;1
25947;16324.54;50;1.60;1;1
25948;16373.41;50;1.63;1;1
25949;16031.28;50;1.64;1;1
25950;16129.03;50;1.60;1;1
25951;16275.66;50;1.61;1;1
25952;16471.16;50;1.63;1;1
25953;16422.29;50;1.65;1;1
25954;16520.04;50;1.64;1;1
25955;16422.29;50;1.65;1;1
25956;16422.29;50;1.64;1;1
25957;16031.28;50;1.64;1;1
25958;16177.91;50;1.60;1;1
25959;15884.65;50;1.62;1;1
25960;16275.66;50;1.59;1;1
25961;16177.91;50;1.63;1;1
25962;16373.41;50;1.62;1;1
25963;16031.28;50;1.64;1;1
25964;16129.03;50;1.60;1;1
25965;15982.40;50;1.61;1;1
25966;16324.54;50;1.60;1;1
25967;15982.40;50;1.63;1;1
25968;16275.66;50;1.60;1;1
25969;15982.40;50;1.63;1;1
25970;16324.54;50;1.60;1;1
25971;15982.40;50;1.63;1;1
25972;16275.66;50;1.60;1;1
25973;16031.28;50;1.63;1;1
25974;16080.16;50;1.60;1;1
25975;15738.03;50;1.61;1;1
25976;16177.91;50;1.57;1;1
25977;15689.15;50;1.62;1;1
25978;16080.16;50;1.57;1;1
25979;15835.78;50;1.61;1;1
25980;16373.41;50;1.58;1;1
25981;15786.90;50;1.64;1;1
25982;16324.54;50;1.58;1;1
25983;15786.90;50;1.63;1;1
25984;16080.16;50;1.58;1;1
25985;16080.16;50;1.61;1;1
25986;16275.66;50;1.61;1;1
25987;15835.78;50;1.63;1;1
25988;16373.41;50;1.58;1;1
25989;15640.27;50;1.64;1;1
25990;16324.54;50;1.56;1;1
25991;15933.53;50;1.63;1;1
25992;16520.04;50;1.59;1;1
25993;15835.78;50;1.65;1;1
25994;16471.16;50;1.58;1;1
25995;16031.28;50;1.65;1;1
25996;16373.41;50;1.60;1;1
25997;16080.16;50;1.64;1;1
25998;16373.41;50;1.61;1;1
25999;16129.03;50;1.64;1;1
26000;16568.91;50;1.61;1;1
26001;16031.28;50;1.66;1;1
26002;16617.79;50;1.60;1;1
26003;15982.40;50;1.66;1;1
26004;16471.16;50;1.60;1;1
26005;16177.91;50;1.65;1;1
26006;16862.17;50;1.62;1;1
26007;15982.40;50;1.69;1;1
26008;16862.17;50;1.60;1;1
26009;16031.28;50;1.69;1;1
26010;16666.67;50;1.60;1;1
26011;16226.78;50;1.67;1;1
26012;16666.67;50;1.62;1;1
26013;16080.16;50;1.67;1;1
26014;16813.29;50;1.61;1;1
26015;16275.66;50;1.68;1;1
26016;16911.04;50;1.63;1;1
26017;16129.03;50;1.69;1;1
26018;16666.67;50;1.61;1;1
26019;15933.53;50;1.67;1;1
26020;16715.54;50;1.59;1;1
26021;16177.91;50;1.67;1;1
26022;16862.17;50;1.62;1;1
26023;16471.16;50;1.69;1;1
26024;16813.29;50;1.65;1;1
26025;16373.41;50;1.68;1;1
26026;16959.92;50;1.64;1;1
26027;16422.29;50;1.70;1;1
26028;16813.29;50;1.64;1;1
26029;16373.41;50;1.68;1;1
26030;16911.04;50;1.64;1;1
26031;16177.91;50;1.69;1;1
26032;16813.29;50;1.62;1;1
26033;16080.16;50;1.68;1;1
26034;16813.29;50;1.61;1;1
26035;15933.53;50;1.68;1;1
26036;16862.17;50;1.59;1;1
26037;16129.03;50;1.69;1;1
26038;16911.04;50;1.61;1;1
26039;16226.78;50;1.69;1;1
26040;16764.42;50;1.62;1;1
26041;16080.16;50;1.68;1;1
26042;16715.54;50;1.61;1;1
26043;16031.28;50;1.67;1;1
26044;16520.04;50;1.60;1;1
26045;16080.16;50;1.65;1;1
26046;16666.67;50;1.61;1;1
26047;16080.16;50;1.67;1;1
26048;16520.04;50;1.61;1;1
26049;15982.40;50;1.65;1;1
26050;16666.67;50;1.60;1;1
26051;16226.78;50;1.67;1;1
26052;16715.54;50;1.62;1;1
26053;16177.91;50;1.67;1;1
26054;16422.29;50;1.62;1;1
26055;15982.40;50;1.64;1;1
26056;16617.79;50;1.60;1;1
26057;16617.79;50;1.66;1;1
26058;16568.91;50;1.66;1;1
26059;16275.66;50;1.66;1;1
26060;16911.04;50;1.63;1;1
26061;15738.03;50;1.69;1;1
26062;16177.91;50;1.57;1;1
26063;16177.91;50;1.62;1;1
26064;16324.54;50;1.62;1;1
26065;15982.40;50;1.63;1;1
26066;16373.41;50;1.60;1;1
26067;16324.54;50;1.64;1;1
26068;16226.78;50;1.63;1;1
26069;16080.16;50;1.62;1;1
26070;16226.78;50;1.61;1;1
26071;16080.16;50;1.62;1;1
26072;16373.41;50;1.61;1;1
26073;16226.78;50;1.64;1;1
26074;16129.03;50;1.62;1;1
26075;16129.03;50;1.61;1;1
26076;16226.78;50;1.61;1;1
26077;16275.66;50;1.62;1;1
26078;16031.28;50;1.63;1;1
26079;16275.66;50;1.60;1;1
26080;16080.16;50;1.63;1;1
26081;16080.16;50;1.61;1;1
26082;15884.65;50;1.61;1;1
26083;16080.16;50;1.59;1;1
26084;16422.29;50;1.61;1;1
26085;15835.78;50;1.64;1;1
26086;16568.91;50;1.58;1;1
26087;15884.65;50;1.66;1;1
26088;15933.53;50;1.59;1;1
26089;16031.28;50;1.59;1;1
26090;16080.16;50;1.60;1;1
26091;15835.78;50;1.61;1;1
26092;15982.40;50;1.58;1;1
26093;15835.78;50;1.60;1;1
26094;15835.78;50;1.58;1;1
26095;16373.41;50;1.58;1;1
26096;15786.90;50;1.64;1;1
26097;16031.28;50;1.58;1;1
26098;15933.53;50;1.60;1;1
26099;16324.54;50;1.59;1;1
26100;15982.40;50;1.63;1;1
26101;16275.66;50;1.60;1;1
26102;16226.78;50;1.63;1;1
26103;16177.91;50;1.62;1;1
26104;15591.40;50;1.62;1;1
26105;15933.53;50;1.56;1;1
26106;15786.90;50;1.59;1;1
26107;15982.40;50;1.58;1;1
26108;15738.03;50;1.60;1;1
26109;16129.03;50;1.57;1;1
26110;16568.91;50;1.61;1;1
26111;15884.65;50;1.66;1;1
26112;16080.16;50;1.59;1;1
26113;16129.03;50;1.61;1;1
26114;15835.78;50;1.61;1;1
26115;16031.28;50;1.58;1;1
26116;15933.53;50;1.60;1;1
26117;16275.66;50;1.59;1;1
26118;15933.53;50;1.63;1;1
26119;16275.66;50;1.59;1;1
26120;16031.28;50;1.63;1;1
26121;16520.04;50;1.60;1;1
26122;16031.28;50;1.65;1;1
26123;16080.16;50;1.60;1;1
26124;15689.15;50;1.61;1;1
26125;16275.66;50;1.57;1;1
26126;15884.65;50;1.63;1;1
26127;16422.29;50;1.59;1;1
26128;16275.66;50;1.64;1;1
26129;16324.54;50;1.63;1;1
26130;15884.65;50;1.63;1;1
26131;16324.54;50;1.59;1;1
26132;15933.53;50;1.63;1;1
26133;16422.29;50;1.59;1;1
26134;15738.03;50;1.64;1;1
26135;16422.29;50;1.57;1;1
26136;15738.03;50;1.64;1;1
26137;16324.54;50;1.57;1;1
26138;15640.27;50;1.63;1;1
26139;16617.79;50;1.56;1;1
26140;15884.65;50;1.66;1;1
26141;16324.54;50;1.59;1;1
26142;15786.90;50;1.63;1;1
26143;16373.41;50;1.58;1;1
26144;15835.78;50;1.64;1;1
26145;16275.66;50;1.58;1;1
26146;15689.15;50;1.63;1;1
26147;16324.54;50;1.57;1;1
26148;15982.40;50;1.63;1;1
26149;16324.54;50;1.60;1;1
26150;15884.65;50;1.63;1;1
26151;16422.29;50;1.59;1;1
26152;15835.78;50;1.64;1;1
26153;16471.16;50;1.58;1;1
26154;15786.90;50;1.65;1;1
26155;16617.79;50;1.58;1;1
26156;16226.78;50;1.66;1;1
26157;16617.79;50;1.62;1;1
26158;15786.90;50;1.66;1;1
26159;16568.91;50;1.58;1;1
26160;15933.53;50;1.66;1;1
26161;16471.16;50;1.59;1;1
26162;15982.40;50;1.65;1;1
26163;16471.16;50;1.60;1;1
26164;15591.40;50;1.65;1;1
26165;16471.16;50;1.56;1;1
26166;15640.27;50;1.65;1;1
26167;16373.41;50;1.56;1;1
26168;15786.90;50;1.64;1;1
26169;16226.78;50;1.58;1;1
26170;15493.65;50;1.62;1;1
26171;16226.78;50;1.55;1;1
26172;15542.52;50;1.62;1;1
26173;16129.03;50;1.55;1;1
26174;15444.77;50;1.61;1;1
26175;16275.66;50;1.54;1;1
26176;15542.52;50;1.63;1;1
26177;16324.54;50;1.55;1;1
26178;15640.27;50;1.63;1;1
26179;16422.29;50;1.56;1;1
26180;15591.40;50;1.64;1;1
26181;15933.53;50;1.56;1;1
26182;15347.02;50;1.59;1;1
26183;16080.16;50;1.53;1;1
26184;15395.89;50;1.61;1;1
26185;16080.16;50;1.54;1;1
26186;15493.65;50;1.61;1;1
26187;16080.16;50;1.55;1;1
26188;15395.89;50;1.61;1;1
26189;16129.03;50;1.54;1;1
26190;15493.65;50;1.61;1;1
26191;16275.66;50;1.55;1;1
26192;15444.77;50;1.63;1;1
26193;16031.28;50;1.54;1;1
26194;15493.65;50;1.60;1;1
26195;16129.03;50;1.55;1;1
26196;15395.89;50;1.61;1;1
26197;16080.16;50;1.54;1;1
26198;15640.27;50;1.61;1;1
26199;15982.40;50;1.56;1;1
26200;15542.52;50;1.60;1;1
26201;16177.91;50;1.55;1;1
26202;15444.77;50;1.62;1;1
26203;16129.03;50;1.54;1;1
26204;15444.77;50;1.61;1;1
26205;16129.03;50;1.54;1;1
26206;15493.65;50;1.61;1;1
26207;16031.28;50;1.55;1;1
26208;15493.65;50;1.60;1;1
26209;15933.53;50;1.55;1;1
26210;15542.52;50;1.59;1;1
26211;16275.66;50;1.55;1;1
26212;15591.40;50;1.63;1;1
26213;16129.03;50;1.56;1;1
26214;15542.52;50;1.61;1;1
26215;16177.91;50;1.55;1;1
26216;15542.52;50;1.62;1;1
26217;15933.53;50;1.55;1;1
26218;15591.40;50;1.59;1;1
26219;16031.28;50;1.56;1;1
26220;15738.03;50;1.60;1;1
26221;15982.40;50;1.57;1;1
26222;15689.15;50;1.60;1;1
26223;15982.40;50;1.57;1;1
26224;15640.27;50;1.60;1;1
26225;15982.40;50;1.56;1;1
26226;15982.40;50;1.60;1;1
26227;15835.78;50;1.60;1;1
26228;15786.90;50;1.58;1;1
26229;16177.91;50;1.58;1;1
26230;15640.27;50;1.62;1;1
26231;15933.53;50;1.56;1;1
26232;15786.90;50;1.59;1;1
26233;15982.40;50;1.58;1;1
26234;15738.03;50;1.60;1;1
26235;16031.28;50;1.57;1;1
26236;15786.90;50;1.60;1;1
26237;15884.65;50;1.58;1;1
26238;15982.40;50;1.59;1;1
26239;15738.03;50;1.60;1;1
26240;15835.78;50;1.57;1;1
26241;15884.65;50;1.58;1;1
26242;16129.03;50;1.59;1;1
26243;15884.65;50;1.61;1;1
26244;15884.65;50;1.59;1;1
26245;15933.53;50;1.59;1;1
26246;16031.28;50;1.59;1;1
26247;16471.16;50;1.60;1;1
26248;16471.16;50;1.65;1;1
26249;16129.03;50;1.65;1;1
26250;16031.28;50;1.61;1;1
26251;16080.16;50;1.60;1;1
26252;16324.54;50;1.61;1;1
26253;16129.03;50;1.63;1;1
26254;16129.03;50;1.61;1;1
26255;15982.40;50;1.61;1;1
26256;16226.78;50;1.60;1;1
26257;15982.40;50;1.62;1;1
26258;16275.66;50;1.60;1;1
26259;15933.53;50;1.63;1;1
26260;16129.03;50;1.59;1;1
26261;15835.78;50;1.61;1;1
26262;16324.54;50;1.58;1;1
26263;15835.78;50;1.63;1;1
26264;16422.29;50;1.58;1;1
26265;15786.90;50;1.64;1;1
26266;16324.54;50;1.58;1;1
26267;15884.65;50;1.63;1;1
26268;16226.78;50;1.59;1;1
26269;15933.53;50;1.62;1;1
26270;16226.78;50;1.59;1;1
26271;15835.78;50;1.62;1;1
26272;16177.91;50;1.58;1;1
26273;15786.90;50;1.62;1;1
26274;16275.66;50;1.58;1;1
26275;15689.15;50;1.63;1;1
26276;16373.41;50;1.57;1;1
26277;15689.15;50;1.64;1;1
26278;16275.66;50;1.57;1;1
26279;15591.40;50;1.63;1;1
26280;16177.91;50;1.56;1;1
26281;15738.03;50;1.62;1;1
26282;16324.54;50;1.57;1;1
26283;15689.15;50;1.63;1;1
26284;16373.41;50;1.57;1;1
26285;15591.40;50;1.64;1;1
26286;16080.16;50;1.56;1;1
26287;15640.27;50;1.61;1;1
26288;16373.41;50;1.56;1;1
26289;15591.40;50;1.64;1;1
26290;16324.54;50;1.56;1;1
26291;15689.15;50;1.63;1;1
26292;16324.54;50;1.57;1;1
26293;15689.15;50;1.63;1;1
26294;16275.66;50;1.57;1;1
26295;15640.27;50;1.63;1;1
26296;16080.16;50;1.56;1;1
26297;15542.52;50;1.61;1;1
26298;16226.78;50;1.55;1;1
26299;15786.90;50;1.62;1;1
26300;16324.54;50;1.58;1;1
26301;15591.40;50;1.63;1;1
26302;16617.79;50;1.56;1;1
26303;15591.40;50;1.66;1;1
26304;16226.78;50;1.56;1;1
26305;15640.27;50;1.62;1;1
26306;16324.54;50;1.56;1;1
26307;15738.03;50;1.63;1;1
26308;16080.16;50;1.57;1;1
26309;15689.15;50;1.61;1;1
26310;16129.03;50;1.57;1;1
26311;15542.52;50;1.61;1;1
26312;16226.78;50;1.55;1;1
26313;15738.03;50;1.62;1;1
26314;16129.03;50;1.57;1;1
26315;15493.65;50;1.61;1;1
26316;16275.66;50;1.55;1;1
26317;15542.52;50;1.63;1;1
26318;16617.79;50;1.55;1;1
26319;15640.27;50;1.66;1;1
26320;16177.91;50;1.56;1;1
26321;15493.65;50;1.62;1;1
26322;16226.78;50;1.55;1;1
26323;15493.65;50;1.62;1;1
26324;16324.54;50;1.55;1;1
26325;15542.52;50;1.63;1;1
26326;16373.41;50;1.55;1;1
26327;15591.40;50;1.64;1;1
26328;16324.54;50;1.56;1;1
26329;15738.03;50;1.63;1;1
26330;16275.66;50;1.57;1;1
26331;15738.03;50;1.63;1;1
26332;16177.91;50;1.57;1;1
26333;15689.15;50;1.62;1;1
26334;16275.66;50;1.57;1;1
26335;15591.40;50;1.63;1;1
26336;16226.78;50;1.56;1;1
26337;15444.77;50;1.62;1;1
26338;16324.54;50;1.54;1;1
26339;15689.15;50;1.63;1;1
26340;16226.78;50;1.57;1;1
26341;15591.40;50;1.62;1;1
26342;16226.78;50;1.56;1;1
26343;15689.15;50;1.62;1;1
26344;16226.78;50;1.57;1;1
26345;15640.27;50;1.62;1;1
26346;16177.91;50;1.56;1;1
26347;15884.65;50;1.62;1;1
26348;16226.78;50;1.59;1;1
26349;15738.03;50;1.62;1;1
26350;16129.03;50;1.57;1;1
26351;15689.15;50;1.61;1;1
26352;16422.29;50;1.57;1;1
26353;15689.15;50;1.64;1;1
26354;16471.16;50;1.57;1;1
26355;15738.03;50;1.65;1;1
26356;16226.78;50;1.57;1;1
26357;15640.27;50;1.62;1;1
26358;16373.41;50;1.56;1;1
26359;15738.03;50;1.64;1;1
26360;16324.54;50;1.57;1;1
26361;15738.03;50;1.63;1;1
26362;16129.03;50;1.57;1;1
26363;15591.40;50;1.61;1;1
26364;16129.03;50;1.56;1;1
26365;15884.65;50;1.61;1;1
26366;16373.41;50;1.59;1;1
26367;16031.28;50;1.64;1;1
26368;16324.54;50;1.60;1;1
26369;16031.28;50;1.63;1;1
26370;16275.66;50;1.60;1;1
26371;16129.03;50;1.63;1;1
26372;16568.91;50;1.61;1;1
26373;16324.54;50;1.66;1;1
26374;16080.16;50;1.63;1;1
26375;16129.03;50;1.61;1;1
26376;16422.29;50;1.61;1;1
26377;16031.28;50;1.64;1;1
26378;16031.28;50;1.60;1;1
26379;15982.40;50;1.60;1;1
26380;16226.78;50;1.60;1;1
26381;16275.66;50;1.62;1;1
26382;16129.03;50;1.63;1;1
26383;15884.65;50;1.61;1;1
26384;15933.53;50;1.59;1;1
26385;16177.91;50;1.59;1;1
26386;16129.03;50;1.62;1;1
26387;16275.66;50;1.61;1;1
26388;15933.53;50;1.63;1;1
26389;16177.91;50;1.59;1;1
26390;16177.91;50;1.62;1;1
26391;15933.53;50;1.62;1;1
26392;16080.16;50;1.59;1;1
26393;15982.40;50;1.61;1;1
26394;15786.90;50;1.60;1;1
26395;15982.40;50;1.58;1;1
26396;15982.40;50;1.60;1;1
26397;16373.41;50;1.60;1;1
26398;15738.03;50;1.64;1;1
26399;16177.91;50;1.57;1;1
26400;15738.03;50;1.62;1;1
26401;16422.29;50;1.57;1;1
26402;15786.90;50;1.64;1;1
26403;15982.40;50;1.58;1;1
26404;15835.78;50;1.60;1;1
26405;16129.03;50;1.58;1;1
26406;15835.78;50;1.61;1;1
26407;15982.40;50;1.58;1;1
26408;15933.53;50;1.60;1;1
26409;16080.16;50;1.59;1;1
26410;16129.03;50;1.61;1;1
26411;16129.03;50;1.61;1;1
26412;15982.40;50;1.61;1;1
26413;16129.03;50;1.60;1;1
26414;15786.90;50;1.61;1;1
26415;16226.78;50;1.58;1;1
26416;15689.15;50;1.62;1;1
26417;16031.28;50;1.57;1;1
26418;15738.03;50;1.60;1;1
26419;16226.78;50;1.57;1;1
26420;15884.65;50;1.62;1;1
26421;16226.78;50;1.59;1;1
26422;15738.03;50;1.62;1;1
26423;16226.78;50;1.57;1;1
26424;15395.89;50;1.62;1;1
26425;16129.03;50;1.54;1;1
26426;15689.15;50;1.61;1;1
26427;16275.66;50;1.57;1;1
26428;15640.27;50;1.63;1;1
26429;16471.16;50;1.56;1;1
26430;15493.65;50;1.65;1;1
26431;16080.16;50;1.55;1;1
26432;15493.65;50;1.61;1;1
26433;16324.54;50;1.55;1;1
26434;15493.65;50;1.63;1;1
26435;16324.54;50;1.55;1;1
26436;15395.89;50;1.63;1;1
26437;16129.03;50;1.54;1;1
26438;15542.52;50;1.61;1;1
26439;16422.29;50;1.55;1;1
26440;15689.15;50;1.64;1;1
26441;16324.54;50;1.57;1;1
26442;15738.03;50;1.63;1;1
26443;16471.16;50;1.57;1;1
26444;15640.27;50;1.65;1;1
26445;16324.54;50;1.56;1;1
26446;15786.90;50;1.63;1;1
26447;16226.78;50;1.58;1;1
26448;15640.27;50;1.62;1;1
26449;16373.41;50;1.56;1;1
26450;15640.27;50;1.64;1;1
26451;16471.16;50;1.56;1;1
26452;15591.40;50;1.65;1;1
26453;16080.16;50;1.56;1;1
26454;15689.15;50;1.61;1;1
26455;16471.16;50;1.57;1;1
26456;15542.52;50;1.65;1;1
26457;16373.41;50;1.55;1;1
26458;15640.27;50;1.64;1;1
26459;16373.41;50;1.56;1;1
26460;15444.77;50;1.64;1;1
26461;16568.91;50;1.54;1;1
26462;15689.15;50;1.66;1;1
26463;16226.78;50;1.57;1;1
26464;15542.52;50;1.62;1;1
26465;16275.66;50;1.55;1;1
26466;15738.03;50;1.63;1;1
26467;16373.41;50;1.57;1;1
26468;15298.14;50;1.64;1;1
26469;16031.28;50;1.53;1;1
26470;15493.65;50;1.60;1;1
26471;16373.41;50;1.55;1;1
26472;15542.52;50;1.64;1;1
26473;16324.54;50;1.55;1;1
26474;15689.15;50;1.63;1;1
26475;16177.91;50;1.57;1;1
26476;15884.65;50;1.62;1;1
26477;16129.03;50;1.59;1;1
26478;15786.90;50;1.61;1;1
26479;16177.91;50;1.58;1;1
26480;15738.03;50;1.62;1;1
26481;16177.91;50;1.57;1;1
26482;15591.40;50;1.62;1;1
26483;16177.91;50;1.56;1;1
26484;15786.90;50;1.62;1;1
26485;16129.03;50;1.58;1;1
26486;15738.03;50;1.61;1;1
26487;16031.28;50;1.57;1;1
26488;15738.03;50;1.60;1;1
26489;16324.54;50;1.57;1;1
26490;15542.52;50;1.63;1;1
26491;16471.16;50;1.55;1;1
26492;15835.78;50;1.65;1;1
26493;16373.41;50;1.58;1;1
26494;15933.53;50;1.64;1;1
26495;16373.41;50;1.59;1;1
26496;15982.40;50;1.64;1;1
26497;16617.79;50;1.60;1;1
26498;15982.40;50;1.66;1;1
26499;16422.29;50;1.60;1;1
26500;15786.90;50;1.64;1;1
26501;16422.29;50;1.58;1;1
26502;16373.41;50;1.64;1;1
26503;16568.91;50;1.64;1;1
26504;15982.40;50;1.66;1;1
26505;16275.66;50;1.60;1;1
26506;15933.53;50;1.63;1;1
26507;16275.66;50;1.59;1;1
26508;16080.16;50;1.63;1;1
26509;16129.03;50;1.61;1;1
26510;16177.91;50;1.61;1;1
26511;16177.91;50;1.62;1;1
26512;16031.28;50;1.62;1;1
26513;15982.40;50;1.60;1;1
26514;16031.28;50;1.60;1;1
26515;15982.40;50;1.60;1;1
26516;16275.66;50;1.60;1;1
26517;15884.65;50;1.63;1;1
26518;16129.03;50;1.59;1;1
26519;16031.28;50;1.61;1;1
26520;16520.04;50;1.60;1;1
26521;16129.03;50;1.65;1;1
26522;16275.66;50;1.61;1;1
26523;16031.28;50;1.63;1;1
26524;16324.54;50;1.60;1;1
26525;16080.16;50;1.63;1;1
26526;16324.54;50;1.61;1;1
26527;16031.28;50;1.63;1;1
26528;16226.78;50;1.60;1;1
26529;15982.40;50;1.62;1;1
26530;16324.54;50;1.60;1;1
26531;15884.65;50;1.63;1;1
26532;16520.04;50;1.59;1;1
26533;15982.40;50;1.65;1;1
26534;16373.41;50;1.60;1;1
26535;16080.16;50;1.64;1;1
26536;16177.91;50;1.61;1;1
26537;15786.90;50;1.62;1;1
26538;16031.28;50;1.58;1;1
26539;15884.65;50;1.60;1;1
26540;16080.16;50;1.59;1;1
26541;15884.65;50;1.61;1;1
26542;16129.03;50;1.59;1;1
26543;15884.65;50;1.61;1;1
26544;16129.03;50;1.59;1;1
26545;15689.15;50;1.61;1;1
26546;16031.28;50;1.57;1;1
26547;15786.90;50;1.60;1;1
26548;16177.91;50;1.58;1;1
26549;15786.90;50;1.62;1;1
26550;16275.66;50;1.58;1;1
26551;15738.03;50;1.63;1;1
26552;16177.91;50;1.57;1;1
26553;15835.78;50;1.62;1;1
26554;16373.41;50;1.58;1;1
26555;16031.28;50;1.64;1;1
26556;16422.29;50;1.60;1;1
26557;15835.78;50;1.64;1;1
26558;16324.54;50;1.58;1;1
26559;15738.03;50;1.63;1;1
26560;16324.54;50;1.57;1;1
26561;15689.15;50;1.63;1;1
26562;16471.16;50;1.57;1;1
26563;16031.28;50;1.65;1;1
26564;16373.41;50;1.60;1;1
26565;15982.40;50;1.64;1;1
26566;16422.29;50;1.60;1;1
26567;16031.28;50;1.64;1;1
26568;16471.16;50;1.60;1;1
26569;15786.90;50;1.65;1;1
26570;16324.54;50;1.58;1;1
26571;15689.15;50;1.63;1;1
26572;16422.29;50;1.57;1;1
26573;15835.78;50;1.64;1;1
26574;16422.29;50;1.58;1;1
26575;15884.65;50;1.64;1;1
26576;16617.79;50;1.59;1;1
26577;15982.40;50;1.66;1;1
26578;16471.16;50;1.60;1;1
26579;15933.53;50;1.65;1;1
26580;16373.41;50;1.59;1;1
26581;15884.65;50;1.64;1;1
26582;16520.04;50;1.59;1;1
26583;15640.27;50;1.65;1;1
26584;16520.04;50;1.56;1;1
26585;15738.03;50;1.65;1;1
26586;16520.04;50;1.57;1;1
26587;15884.65;50;1.65;1;1
26588;16373.41;50;1.59;1;1
26589;15786.90;50;1.64;1;1
26590;16568.91;50;1.58;1;1
26591;15835.78;50;1.66;1;1
26592;16520.04;50;1.58;1;1
26593;15835.78;50;1.65;1;1
26594;16568.91;50;1.58;1;1
26595;15884.65;50;1.66;1;1
26596;16764.42;50;1.59;1;1
26597;16031.28;50;1.68;1;1
26598;16715.54;50;1.60;1;1
26599;15933.53;50;1.67;1;1
26600;16471.16;50;1.59;1;1
26601;15933.53;50;1.65;1;1
26602;16715.54;50;1.59;1;1
26603;15786.90;50;1.67;1;1
26604;16568.91;50;1.58;1;1
26605;15933.53;50;1.66;1;1
26606;16422.29;50;1.59;1;1
26607;15835.78;50;1.64;1;1
26608;16617.79;50;1.58;1;1
26609;15786.90;50;1.66;1;1
26610;16617.79;50;1.58;1;1
26611;16031.28;50;1.66;1;1
26612;16471.16;50;1.60;1;1
26613;15933.53;50;1.65;1;1
26614;16520.04;50;1.59;1;1
26615;15933.53;50;1.65;1;1
26616;16617.79;50;1.59;1;1
26617;15982.40;50;1.66;1;1
26618;16813.29;50;1.60;1;1
26619;16031.28;50;1.68;1;1
26620;16764.42;50;1.60;1;1
26621;15933.53;50;1.68;1;1
26622;16666.67;50;1.59;1;1
26623;15933.53;50;1.67;1;1
26624;16666.67;50;1.59;1;1
26625;15982.40;50;1.67;1;1
26626;16568.91;50;1.60;1;1
26627;16129.03;50;1.66;1;1
26628;16568.91;50;1.61;1;1
26629;16031.28;50;1.66;1;1
26630;16568.91;50;1.60;1;1
26631;15982.40;50;1.66;1;1
26632;16471.16;50;1.60;1;1
26633;15835.78;50;1.65;1;1
26634;16617.79;50;1.58;1;1
26635;15933.53;50;1.66;1;1
26636;16520.04;50;1.59;1;1
26637;15933.53;50;1.65;1;1
26638;16617.79;50;1.59;1;1
26639;15982.40;50;1.66;1;1
26640;16422.29;50;1.60;1;1
26641;15786.90;50;1.64;1;1
26642;16471.16;50;1.58;1;1
26643;16080.16;50;1.65;1;1
26644;16373.41;50;1.61;1;1
26645;15884.65;50;1.64;1;1
26646;16373.41;50;1.59;1;1
26647;16031.28;50;1.64;1;1
26648;16373.41;50;1.60;1;1
26649;15835.78;50;1.64;1;1
26650;16324.54;50;1.58;1;1
26651;16129.03;50;1.63;1;1
26652;16324.54;50;1.61;1;1
26653;15835.78;50;1.63;1;1
26654;16031.28;50;1.58;1;1
26655;15982.40;50;1.60;1;1
26656;16324.54;50;1.60;1;1
26657;16031.28;50;1.63;1;1
26658;16129.03;50;1.60;1;1
26659;16080.16;50;1.61;1;1
26660;16080.16;50;1.61;1;1
26661;15884.65;50;1.61;1;1
26662;16080.16;50;1.59;1;1
26663;16177.91;50;1.61;1;1
26664;16080.16;50;1.62;1;1
26665;15884.65;50;1.61;1;1
26666;15933.53;50;1.59;1;1
26667;15933.53;50;1.59;1;1
26668;15738.03;50;1.59;1;1
26669;16031.28;50;1.57;1;1
26670;15835.78;50;1.60;1;1
26671;16129.03;50;1.58;1;1
26672;15884.65;50;1.61;1;1
26673;16129.03;50;1.59;1;1
26674;15835.78;50;1.61;1;1
26675;16177.91;50;1.58;1;1
26676;15786.90;50;1.62;1;1
26677;16226.78;50;1.58;1;1
26678;15689.15;50;1.62;1;1
26679;16275.66;50;1.57;1;1
26680;15786.90;50;1.63;1;1
26681;16129.03;50;1.58;1;1
26682;15835.78;50;1.61;1;1
26683;16177.91;50;1.58;1;1
26684;15982.40;50;1.62;1;1
26685;16226.78;50;1.60;1;1
26686;15835.78;50;1.62;1;1
26687;16324.54;50;1.58;1;1
26688;16031.28;50;1.63;1;1
26689;16177.91;50;1.60;1;1
26690;15738.03;50;1.62;1;1
26691;16080.16;50;1.57;1;1
26692;15786.90;50;1.61;1;1
26693;16080.16;50;1.58;1;1
26694;15738.03;50;1.61;1;1
26695;16177.91;50;1.57;1;1
26696;15689.15;50;1.62;1;1
26697;16275.66;50;1.57;1;1
26698;15786.90;50;1.63;1;1
26699;16373.41;50;1.58;1;1
26700;15982.40;50;1.64;1;1
26701;16324.54;50;1.60;1;1
26702;16080.16;50;1.63;1;1
26703;16422.29;50;1.61;1;1
26704;15738.03;50;1.64;1;1
26705;16226.78;50;1.57;1;1
26706;15640.27;50;1.62;1;1
26707;16520.04;50;1.56;1;1
26708;15786.90;50;1.65;1;1
26709;16520.04;50;1.58;1;1
26710;15835.78;50;1.65;1;1
26711;16422.29;50;1.58;1;1
26712;15786.90;50;1.64;1;1
26713;16373.41;50;1.58;1;1
26714;15738.03;50;1.64;1;1
26715;16471.16;50;1.57;1;1
26716;15786.90;50;1.65;1;1
26717;16324.54;50;1.58;1;1
26718;15884.65;50;1.63;1;1
26719;16568.91;50;1.59;1;1
26720;15835.78;50;1.66;1;1
26721;16617.79;50;1.58;1;1
26722;15884.65;50;1.66;1;1
26723;16471.16;50;1.59;1;1
26724;15835.78;50;1.65;1;1
26725;16422.29;50;1.58;1;1
26726;15689.15;50;1.64;1;1
26727;16324.54;50;1.57;1;1
26728;15982.40;50;1.63;1;1
26729;16617.79;50;1.60;1;1
26730;15933.53;50;1.66;1;1
26731;16568.91;50;1.59;1;1
26732;16080.16;50;1.66;1;1
26733;16568.91;50;1.61;1;1
26734;15933.53;50;1.66;1;1
26735;16520.04;50;1.59;1;1
26736;15982.40;50;1.65;1;1
26737;16520.04;50;1.60;1;1
26738;15786.90;50;1.65;1;1
26739;16568.91;50;1.58;1;1
26740;15835.78;50;1.66;1;1
26741;16324.54;50;1.58;1;1
26742;15786.90;50;1.63;1;1
26743;16471.16;50;1.58;1;1
26744;15786.90;50;1.65;1;1
26745;16520.04;50;1.58;1;1
26746;15982.40;50;1.65;1;1
26747;16520.04;50;1.60;1;1
26748;15835.78;50;1.65;1;1
26749;16520.04;50;1.58;1;1
26750;16080.16;50;1.65;1;1
26751;16764.42;50;1.61;1;1
26752;16031.28;50;1.68;1;1
26753;16568.91;50;1.60;1;1
26754;15982.40;50;1.66;1;1
26755;16568.91;50;1.60;1;1
26756;15982.40;50;1.66;1;1
26757;16471.16;50;1.60;1;1
26758;16080.16;50;1.65;1;1
26759;16568.91;50;1.61;1;1
26760;15982.40;50;1.66;1;1
26761;16471.16;50;1.60;1;1
26762;15982.40;50;1.65;1;1
26763;16520.04;50;1.60;1;1
26764;15835.78;50;1.65;1;1
26765;16568.91;50;1.58;1;1
26766;15835.78;50;1.66;1;1
26767;16373.41;50;1.58;1;1
26768;15786.90;50;1.64;1;1
26769;16275.66;50;1.58;1;1
26770;15786.90;50;1.63;1;1
26771;16422.29;50;1.58;1;1
26772;15738.03;50;1.64;1;1
26773;16422.29;50;1.57;1;1
26774;15982.40;50;1.64;1;1
26775;16177.91;50;1.60;1;1
26776;15835.78;50;1.62;1;1
26777;16422.29;50;1.58;1;1
26778;15786.90;50;1.64;1;1
26779;16324.54;50;1.58;1;1
26780;16080.16;50;1.63;1;1
26781;16275.66;50;1.61;1;1
26782;15933.53;50;1.63;1;1
26783;16422.29;50;1.59;1;1
26784;15786.90;50;1.64;1;1
26785;16080.16;50;1.58;1;1
26786;15738.03;50;1.61;1;1
26787;16080.16;50;1.57;1;1
26788;15786.90;50;1.61;1;1
26789;15933.53;50;1.58;1;1
26790;15982.40;50;1.59;1;1
26791;16080.16;50;1.60;1;1
26792;15982.40;50;1.61;1;1
26793;16080.16;50;1.60;1;1
26794;16177.91;50;1.61;1;1
26795;15982.40;50;1.62;1;1
26796;15933.53;50;1.60;1;1
26797;16324.54;50;1.59;1;1
26798;16226.78;50;1.63;1;1
26799;16129.03;50;1.62;1;1
26800;16129.03;50;1.61;1;1
26801;16080.16;50;1.61;1;1
26802;15982.40;50;1.61;1;1
26803;16031.28;50;1.60;1;1
26804;15786.90;50;1.60;1;1
26805;16031.28;50;1.58;1;1
26806;15982.40;50;1.60;1;1
26807;16129.03;50;1.60;1;1
26808;15982.40;50;1.61;1;1
26809;15982.40;50;1.60;1;1
26810;15982.40;50;1.60;1;1
26811;15982.40;50;1.60;1;1
26812;16031.28;50;1.60;1;1
26813;15835.78;50;1.60;1;1
26814;15982.40;50;1.58;1;1
26815;15933.53;50;1.60;1;1
26816;16031.28;50;1.59;1;1
26817;16080.16;50;1.60;1;1
26818;16177.91;50;1.61;1;1
26819;15835.78;50;1.62;1;1
26820;16031.28;50;1.58;1;1
26821;15933.53;50;1.60;1;1
26822;16275.66;50;1.59;1;1
26823;15884.65;50;1.63;1;1
26824;15982.40;50;1.59;1;1
26825;15786.90;50;1.60;1;1
26826;16177.91;50;1.58;1;1
26827;15738.03;50;1.62;1;1
26828;16226.78;50;1.57;1;1
26829;15738.03;50;1.62;1;1
26830;16324.54;50;1.57;1;1
26831;15835.78;50;1.63;1;1
26832;16471.16;50;1.58;1;1
26833;15738.03;50;1.65;1;1
26834;16373.41;50;1.57;1;1
26835;15786.90;50;1.64;1;1
26836;16129.03;50;1.58;1;1
26837;15689.15;50;1.61;1;1
26838;16373.41;50;1.57;1;1
26839;15738.03;50;1.64;1;1
26840;16324.54;50;1.57;1;1
26841;15689.15;50;1.63;1;1
26842;16568.91;50;1.57;1;1
26843;15835.78;50;1.66;1;1
26844;16471.16;50;1.58;1;1
26845;15738.03;50;1.65;1;1
26846;16422.29;50;1.57;1;1
26847;15640.27;50;1.64;1;1
26848;16471.16;50;1.56;1;1
26849;15884.65;50;1.65;1;1
26850;16471.16;50;1.59;1;1
26851;15982.40;50;1.65;1;1
26852;16422.29;50;1.60;1;1
26853;15738.03;50;1.64;1;1
26854;16471.16;50;1.57;1;1
26855;15591.40;50;1.65;1;1
26856;16422.29;50;1.56;1;1
26857;15738.03;50;1.64;1;1
26858;16520.04;50;1.57;1;1
26859;15884.65;50;1.65;1;1
26860;16422.29;50;1.59;1;1
26861;15786.90;50;1.64;1;1
26862;16520.04;50;1.58;1;1
26863;15786.90;50;1.65;1;1
26864;16373.41;50;1.58;1;1
26865;15689.15;50;1.64;1;1
26866;16422.29;50;1.57;1;1
26867;15689.15;50;1.64;1;1
26868;16324.54;50;1.57;1;1
26869;15738.03;50;1.63;1;1
26870;16080.16;50;1.57;1;1
26871;15884.65;50;1.61;1;1
26872;16177.91;50;1.59;1;1
26873;15786.90;50;1.62;1;1
26874;16177.91;50;1.58;1;1
26875;15738.03;50;1.62;1;1
26876;16471.16;50;1.57;1;1
26877;16031.28;50;1.65;1;1
26878;16422.29;50;1.60;1;1
26879;15689.15;50;1.64;1;1
26880;16080.16;50;1.57;1;1
26881;15835.78;50;1.61;1;1
26882;16226.78;50;1.58;1;1
26883;16080.16;50;1.62;1;1
26884;15982.40;50;1.61;1;1
26885;15933.53;50;1.60;1;1
26886;16031.28;50;1.59;1;1
26887;16080.16;50;1.60;1;1
26888;16031.28;50;1.61;1;1
26889;16080.16;50;1.60;1;1
26890;16080.16;50;1.61;1;1
26891;16080.16;50;1.61;1;1
26892;15933.53;50;1.61;1;1
26893;16031.28;50;1.59;1;1
26894;15786.90;50;1.60;1;1
26895;16080.16;50;1.58;1;1
26896;15786.90;50;1.61;1;1
26897;16177.91;50;1.58;1;1
26898;15738.03;50;1.62;1;1
26899;16177.91;50;1.57;1;1
26900;15933.53;50;1.62;1;1
26901;16129.03;50;1.59;1;1
26902;15689.15;50;1.61;1;1
26903;16275.66;50;1.57;1;1
26904;15689.15;50;1.63;1;1
26905;16129.03;50;1.57;1;1
26906;15738.03;50;1.61;1;1
26907;15982.40;50;1.57;1;1
26908;15689.15;50;1.60;1;1
26909;16129.03;50;1.57;1;1
26910;15542.52;50;1.61;1;1
26911;16080.16;50;1.55;1;1
26912;15542.52;50;1.61;1;1
26913;16080.16;50;1.55;1;1
26914;15298.14;50;1.61;1;1
26915;15884.65;50;1.53;1;1
26916;15444.77;50;1.59;1;1
26917;16129.03;50;1.54;1;1
26918;15640.27;50;1.61;1;1
26919;16226.78;50;1.56;1;1
26920;15542.52;50;1.62;1;1
26921;16275.66;50;1.55;1;1
26922;15591.40;50;1.63;1;1
26923;16177.91;50;1.56;1;1
26924;15542.52;50;1.62;1;1
26925;16031.28;50;1.55;1;1
26926;15493.65;50;1.60;1;1
26927;16129.03;50;1.55;1;1
26928;15542.52;50;1.61;1;1
26929;16275.66;50;1.55;1;1
26930;15640.27;50;1.63;1;1
26931;16177.91;50;1.56;1;1
26932;15444.77;50;1.62;1;1
26933;16177.91;50;1.54;1;1
26934;15542.52;50;1.62;1;1
26935;16177.91;50;1.55;1;1
26936;15542.52;50;1.62;1;1
26937;16275.66;50;1.55;1;1
26938;15493.65;50;1.63;1;1
26939;16226.78;50;1.55;1;1
26940;15591.40;50;1.62;1;1
26941;16324.54;50;1.56;1;1
26942;15689.15;50;1.63;1;1
26943;16324.54;50;1.57;1;1
26944;15542.52;50;1.63;1;1
26945;16177.91;50;1.55;1;1
26946;15835.78;50;1.62;1;1
26947;16373.41;50;1.58;1;1
26948;15786.90;50;1.64;1;1
26949;16373.41;50;1.58;1;1
26950;15786.90;50;1.64;1;1
26951;16275.66;50;1.58;1;1
26952;15689.15;50;1.63;1;1
26953;16177.91;50;1.57;1;1
26954;15835.78;50;1.62;1;1
26955;16275.66;50;1.58;1;1
26956;15689.15;50;1.63;1;1
26957;16373.41;50;1.57;1;1
26958;15786.90;50;1.64;1;1
26959;16324.54;50;1.58;1;1
26960;15738.03;50;1.63;1;1
26961;16275.66;50;1.57;1;1
26962;15933.53;50;1.63;1;1
26963;16422.29;50;1.59;1;1
26964;15982.40;50;1.64;1;1
26965;16422.29;50;1.60;1;1
26966;15933.53;50;1.64;1;1
26967;16422.29;50;1.59;1;1
26968;15933.53;50;1.64;1;1
26969;16422.29;50;1.59;1;1
26970;15835.78;50;1.64;1;1
26971;16275.66;50;1.58;1;1
26972;15835.78;50;1.63;1;1
26973;16324.54;50;1.58;1;1
26974;15933.53;50;1.63;1;1
26975;16373.41;50;1.59;1;1
26976;16031.28;50;1.64;1;1
26977;16177.91;50;1.60;1;1
26978;15835.78;50;1.62;1;1
26979;16324.54;50;1.58;1;1
26980;16080.16;50;1.63;1;1
26981;16031.28;50;1.61;1;1
26982;15933.53;50;1.60;1;1
26983;15982.40;50;1.59;1;1
26984;15933.53;50;1.60;1;1
26985;15933.53;50;1.59;1;1
26986;16080.16;50;1.59;1;1
26987;16031.28;50;1.61;1;1
26988;16080.16;50;1.60;1;1
26989;16275.66;50;1.61;1;1
26990;16226.78;50;1.63;1;1
26991;16080.16;50;1.62;1;1
26992;16177.91;50;1.61;1;1
26993;16324.54;50;1.62;1;1
26994;16031.28;50;1.63;1;1
26995;16177.91;50;1.60;1;1
26996;16031.28;50;1.62;1;1
26997;16177.91;50;1.60;1;1
26998;15835.78;50;1.62;1;1
26999;15933.53;50;1.58;1;1
27000;16031.28;50;1.59;1;1
27001;15982.40;50;1.60;1;1
27002;16080.16;50;1.60;1;1
27003;15933.53;50;1.61;1;1
27004;16080.16;50;1.59;1;1
27005;15933.53;50;1.61;1;1
27006;16129.03;50;1.59;1;1
27007;15835.78;50;1.61;1;1
27008;16129.03;50;1.58;1;1
27009;15738.03;50;1.61;1;1
27010;15933.53;50;1.57;1;1
27011;15786.90;50;1.59;1;1
27012;16471.16;50;1.58;1;1
27013;15835.78;50;1.65;1;1
27014;16129.03;50;1.58;1;1
27015;15738.03;50;1.61;1;1
27016;16080.16;50;1.57;1;1
27017;15786.90;50;1.61;1;1
27018;16129.03;50;1.58;1;1
27019;15835.78;50;1.61;1;1
27020;16324.54;50;1.58;1;1
27021;15884.65;50;1.63;1;1
27022;16129.03;50;1.59;1;1
27023;15738.03;50;1.61;1;1
27024;16129.03;50;1.57;1;1
27025;15786.90;50;1.61;1;1
27026;16129.03;50;1.58;1;1
27027;15689.15;50;1.61;1;1
27028;16031.28;50;1.57;1;1
27029;15640.27;50;1.60;1;1
27030;16226.78;50;1.56;1;1
27031;15493.65;50;1.62;1;1
27032;15786.90;50;1.55;1;1
27033;15493.65;50;1.58;1;1
27034;16080.16;50;1.55;1;1
27035;15640.27;50;1.61;1;1
27036;16031.28;50;1.56;1;1
27037;15493.65;50;1.60;1;1
27038;16031.28;50;1.55;1;1
27039;15738.03;50;1.60;1;1
27040;16129.03;50;1.57;1;1
27041;15591.40;50;1.61;1;1
27042;16275.66;50;1.56;1;1
27043;15738.03;50;1.63;1;1
27044;16275.66;50;1.57;1;1
27045;15395.89;50;1.63;1;1
27046;16226.78;50;1.54;1;1
27047;15738.03;50;1.62;1;1
27048;16275.66;50;1.57;1;1
27049;15444.77;50;1.63;1;1
27050;16226.78;50;1.54;1;1
27051;15444.77;50;1.62;1;1
27052;16324.54;50;1.54;1;1
27053;15689.15;50;1.63;1;1
27054;16324.54;50;1.57;1;1
27055;15738.03;50;1.63;1;1
27056;16422.29;50;1.57;1;1
27057;15689.15;50;1.64;1;1
27058;16373.41;50;1.57;1;1
27059;15689.15;50;1.64;1;1
27060;16129.03;50;1.57;1;1
27061;15493.65;50;1.61;1;1
27062;16275.66;50;1.55;1;1
27063;15444.77;50;1.63;1;1
27064;16080.16;50;1.54;1;1
27065;15542.52;50;1.61;1;1
27066;16177.91;50;1.55;1;1
27067;15444.77;50;1.62;1;1
27068;16226.78;50;1.54;1;1
27069;15591.40;50;1.62;1;1
27070;16422.29;50;1.56;1;1
27071;15835.78;50;1.64;1;1
27072;16324.54;50;1.58;1;1
27073;15542.52;50;1.63;1;1
27074;16275.66;50;1.55;1;1
27075;15689.15;50;1.63;1;1
27076;16080.16;50;1.57;1;1
27077;15738.03;50;1.61;1;1
27078;16226.78;50;1.57;1;1
27079;15738.03;50;1.62;1;1
27080;16324.54;50;1.57;1;1
27081;15933.53;50;1.63;1;1
27082;16373.41;50;1.59;1;1
27083;15786.90;50;1.64;1;1
27084;16275.66;50;1.58;1;1
27085;15835.78;50;1.63;1;1
27086;16177.91;50;1.58;1;1
27087;15884.65;50;1.62;1;1
27088;16226.78;50;1.59;1;1
27089;15933.53;50;1.62;1;1
27090;16129.03;50;1.59;1;1
27091;15933.53;50;1.61;1;1
27092;16226.78;50;1.59;1;1
27093;16031.28;50;1.62;1;1
27094;16324.54;50;1.60;1;1
27095;16275.66;50;1.63;1;1
27096;16324.54;50;1.63;1;1
27097;16080.16;50;1.63;1;1
27098;16177.91;50;1.61;1;1
27099;16373.41;50;1.62;1;1
27100;16177.91;50;1.64;1;1
27101;16324.54;50;1.62;1;1
27102;16226.78;50;1.63;1;1
27103;16373.41;50;1.62;1;1
27104;15982.40;50;1.64;1;1
27105;16275.66;50;1.60;1;1
27106;16129.03;50;1.63;1;1
27107;16373.41;50;1.61;1;1
27108;16275.66;50;1.64;1;1
27109;16275.66;50;1.63;1;1
27110;15933.53;50;1.63;1;1
27111;16666.67;50;1.59;1;1
27112;15884.65;50;1.67;1;1
27113;16373.41;50;1.59;1;1
27114;15884.65;50;1.64;1;1
27115;16422.29;50;1.59;1;1
27116;15835.78;50;1.64;1;1
27117;16275.66;50;1.58;1;1
27118;15786.90;50;1.63;1;1
27119;16471.16;50;1.58;1;1
27120;15884.65;50;1.65;1;1
27121;16373.41;50;1.59;1;1
27122;15884.65;50;1.64;1;1
27123;16373.41;50;1.59;1;1
27124;16031.28;50;1.64;1;1
27125;16324.54;50;1.60;1;1
27126;15689.15;50;1.63;1;1
27127;16373.41;50;1.57;1;1
27128;15542.52;50;1.64;1;1
27129;16031.28;50;1.55;1;1
27130;15493.65;50;1.60;1;1
27131;16080.16;50;1.55;1;1
27132;15493.65;50;1.61;1;1
27133;16275.66;50;1.55;1;1
27134;15542.52;50;1.63;1;1
27135;16129.03;50;1.55;1;1
27136;15395.89;50;1.61;1;1
27137;16177.91;50;1.54;1;1
27138;15786.90;50;1.62;1;1
27139;16226.78;50;1.58;1;1
27140;15640.27;50;1.62;1;1
27141;16177.91;50;1.56;1;1
27142;15591.40;50;1.62;1;1
27143;16373.41;50;1.56;1;1
27144;15493.65;50;1.64;1;1
27145;16129.03;50;1.55;1;1
27146;15395.89;50;1.61;1;1
27147;16080.16;50;1.54;1;1
27148;15493.65;50;1.61;1;1
27149;16129.03;50;1.55;1;1
27150;15444.77;50;1.61;1;1
27151;16129.03;50;1.54;1;1
27152;15542.52;50;1.61;1;1
27153;16080.16;50;1.55;1;1
27154;15591.40;50;1.61;1;1
27155;16129.03;50;1.56;1;1
27156;15542.52;50;1.61;1;1
27157;16177.91;50;1.55;1;1
27158;15542.52;50;1.62;1;1
27159;16080.16;50;1.55;1;1
27160;15591.40;50;1.61;1;1
27161;16080.16;50;1.56;1;1
27162;15640.27;50;1.61;1;1
27163;16226.78;50;1.56;1;1
27164;15542.52;50;1.62;1;1
27165;16031.28;50;1.55;1;1
27166;15640.27;50;1.60;1;1
27167;15982.40;50;1.56;1;1
27168;15786.90;50;1.60;1;1
27169;15933.53;50;1.58;1;1
27170;15542.52;50;1.59;1;1
27171;16080.16;50;1.55;1;1
27172;15933.53;50;1.61;1;1
27173;15884.65;50;1.59;1;1
27174;15640.27;50;1.59;1;1
27175;15982.40;50;1.56;1;1
27176;15933.53;50;1.60;1;1
27177;15884.65;50;1.59;1;1
27178;15786.90;50;1.59;1;1
27179;15982.40;50;1.58;1;1
27180;16129.03;50;1.60;1;1
27181;15689.15;50;1.61;1;1
27182;15982.40;50;1.57;1;1
27183;15640.27;50;1.60;1;1
27184;16031.28;50;1.56;1;1
27185;15884.65;50;1.60;1;1
27186;15835.78;50;1.59;1;1
27187;15933.53;50;1.58;1;1
27188;16275.66;50;1.59;1;1
27189;15835.78;50;1.63;1;1
27190;15884.65;50;1.58;1;1
27191;15835.78;50;1.59;1;1
27192;15933.53;50;1.58;1;1
27193;15835.78;50;1.59;1;1
27194;15982.40;50;1.58;1;1
27195;15835.78;50;1.60;1;1
27196;16080.16;50;1.58;1;1
27197;15786.90;50;1.61;1;1
27198;16080.16;50;1.58;1;1
27199;15933.53;50;1.61;1;1
27200;16031.28;50;1.59;1;1
27201;15835.78;50;1.60;1;1
27202;16129.03;50;1.58;1;1
27203;15933.53;50;1.61;1;1
27204;16275.66;50;1.59;1;1
27205;15884.65;50;1.63;1;1
27206;16373.41;50;1.59;1;1
27207;15738.03;50;1.64;1;1
27208;16226.78;50;1.57;1;1
27209;15835.78;50;1.62;1;1
27210;16324.54;50;1.58;1;1
27211;15884.65;50;1.63;1;1
27212;16324.54;50;1.59;1;1
27213;15982.40;50;1.63;1;1
27214;16324.54;50;1.60;1;1
27215;16080.16;50;1.63;1;1
27216;16422.29;50;1.61;1;1
27217;16129.03;50;1.64;1;1
27218;16520.04;50;1.61;1;1
27219;15982.40;50;1.65;1;1
27220;16568.91;50;1.60;1;1
27221;16177.91;50;1.66;1;1
27222;16471.16;50;1.62;1;1
27223;15933.53;50;1.65;1;1
27224;16373.41;50;1.59;1;1
27225;15982.40;50;1.64;1;1
27226;16422.29;50;1.60;1;1
27227;16031.28;50;1.64;1;1
27228;16471.16;50;1.60;1;1
27229;15835.78;50;1.65;1;1
27230;16324.54;50;1.58;1;1
27231;15933.53;50;1.63;1;1
27232;16422.29;50;1.59;1;1
27233;16031.28;50;1.64;1;1
27234;16324.54;50;1.60;1;1
27235;15835.78;50;1.63;1;1
27236;16520.04;50;1.58;1;1
27237;15738.03;50;1.65;1;1
27238;16471.16;50;1.57;1;1
27239;15786.90;50;1.65;1;1
27240;16324.54;50;1.58;1;1
27241;15933.53;50;1.63;1;1
27242;16373.41;50;1.59;1;1
27243;15884.65;50;1.64;1;1
27244;16617.79;50;1.59;1;1
27245;15738.03;50;1.66;1;1
27246;16422.29;50;1.57;1;1
27247;16080.16;50;1.64;1;1
27248;16422.29;50;1.61;1;1
27249;15933.53;50;1.64;1;1
27250;16568.91;50;1.59;1;1
27251;15738.03;50;1.66;1;1
27252;16617.79;50;1.57;1;1
27253;15835.78;50;1.66;1;1
27254;16373.41;50;1.58;1;1
27255;15982.40;50;1.64;1;1
27256;16422.29;50;1.60;1;1
27257;15884.65;50;1.64;1;1
27258;16520.04;50;1.59;1;1
27259;15689.15;50;1.65;1;1
27260;16471.16;50;1.57;1;1
27261;15689.15;50;1.65;1;1
27262;16324.54;50;1.57;1;1
27263;15738.03;50;1.63;1;1
27264;16471.16;50;1.57;1;1
27265;16031.28;50;1.65;1;1
27266;16520.04;50;1.60;1;1
27267;15835.78;50;1.65;1;1
27268;16520.04;50;1.58;1;1
27269;15786.90;50;1.65;1;1
27270;16471.16;50;1.58;1;1
27271;15835.78;50;1.65;1;1
27272;16471.16;50;1.58;1;1
27273;15542.52;50;1.65;1;1
27274;16177.91;50;1.55;1;1
27275;15640.27;50;1.62;1;1
27276;16275.66;50;1.56;1;1
27277;15542.52;50;1.63;1;1
27278;16226.78;50;1.55;1;1
27279;15738.03;50;1.62;1;1
27280;16226.78;50;1.57;1;1
27281;15786.90;50;1.62;1;1
27282;16177.91;50;1.58;1;1
27283;15786.90;50;1.62;1;1
27284;16226.78;50;1.58;1;1
27285;15835.78;50;1.62;1;1
27286;16080.16;50;1.58;1;1
27287;15835.78;50;1.61;1;1
27288;16422.29;50;1.58;1;1
27289;16031.28;50;1.64;1;1
27290;16129.03;50;1.60;1;1
27291;16129.03;50;1.61;1;1
27292;16422.29;50;1.61;1;1
27293;16177.91;50;1.64;1;1
27294;16177.91;50;1.62;1;1
27295;16275.66;50;1.62;1;1
27296;16226.78;50;1.63;1;1
27297;16080.16;50;1.62;1;1
27298;16129.03;50;1.61;1;1
27299;16080.16;50;1.61;1;1
27300;16471.16;50;1.61;1;1
27301;16275.66;50;1.65;1;1
27302;16226.78;50;1.63;1;1
27303;16520.04;50;1.62;1;1
27304;16226.78;50;1.65;1;1
27305;16422.29;50;1.62;1;1
27306;16226.78;50;1.64;1;1
27307;16666.67;50;1.62;1;1
27308;16031.28;50;1.67;1;1
27309;16275.66;50;1.60;1;1
27310;16031.28;50;1.63;1;1
27311;16471.16;50;1.60;1;1
27312;15933.53;50;1.65;1;1
27313;16471.16;50;1.59;1;1
27314;15884.65;50;1.65;1;1
27315;16373.41;50;1.59;1;1
27316;15982.40;50;1.64;1;1
27317;16471.16;50;1.60;1;1
27318;15982.40;50;1.65;1;1
27319;16520.04;50;1.60;1;1
27320;16275.66;50;1.65;1;1
27321;16568.91;50;1.63;1;1
27322;16080.16;50;1.66;1;1
27323;16666.67;50;1.61;1;1
27324;16080.16;50;1.67;1;1
27325;16715.54;50;1.61;1;1
27326;16471.16;50;1.67;1;1
27327;16471.16;50;1.65;1;1
27328;15933.53;50;1.65;1;1
27329;16715.54;50;1.59;1;1
27330;16080.16;50;1.67;1;1
27331;16471.16;50;1.61;1;1
27332;16031.28;50;1.65;1;1
27333;16813.29;50;1.60;1;1
27334;15933.53;50;1.68;1;1
27335;16666.67;50;1.59;1;1
27336;15933.53;50;1.67;1;1
27337;16422.29;50;1.59;1;1
27338;15738.03;50;1.64;1;1
27339;16520.04;50;1.57;1;1
27340;15982.40;50;1.65;1;1
27341;16471.16;50;1.60;1;1
27342;15933.53;50;1.65;1;1
27343;16422.29;50;1.59;1;1
27344;15982.40;50;1.64;1;1
27345;16617.79;50;1.60;1;1
27346;16080.16;50;1.66;1;1
27347;16715.54;50;1.61;1;1
27348;15884.65;50;1.67;1;1
27349;16764.42;50;1.59;1;1
27350;16177.91;50;1.68;1;1
27351;16617.79;50;1.62;1;1
27352;15982.40;50;1.66;1;1
27353;16666.67;50;1.60;1;1
27354;16129.03;50;1.67;1;1
27355;16666.67;50;1.61;1;1
27356;16129.03;50;1.67;1;1
27357;16715.54;50;1.61;1;1
27358;16129.03;50;1.67;1;1
27359;16568.91;50;1.61;1;1
27360;16129.03;50;1.66;1;1
27361;16520.04;50;1.61;1;1
27362;16275.66;50;1.65;1;1
27363;16520.04;50;1.63;1;1
27364;16129.03;50;1.65;1;1
27365;16471.16;50;1.61;1;1
27366;16373.41;50;1.65;1;1
27367;16373.41;50;1.64;1;1
27368;16226.78;50;1.64;1;1
27369;16275.66;50;1.62;1;1
27370;16177.91;50;1.63;1;1
27371;16422.29;50;1.62;1;1
27372;16177.91;50;1.64;1;1
27373;16471.16;50;1.62;1;1
27374;16177.91;50;1.65;1;1
27375;16520.04;50;1.62;1;1
27376;16275.66;50;1.65;1;1
27377;16275.66;50;1.63;1;1
27378;16471.16;50;1.63;1;1
27379;16324.54;50;1.65;1;1
27380;16226.78;50;1.63;1;1
27381;16129.03;50;1.62;1;1
27382;16324.54;50;1.61;1;1
27383;15884.65;50;1.63;1;1
27384;16324.54;50;1.59;1;1
27385;15982.40;50;1.63;1;1
27386;16373.41;50;1.60;1;1
27387;16031.28;50;1.64;1;1
27388;16764.42;50;1.60;1;1
27389;15933.53;50;1.68;1;1
27390;16324.54;50;1.59;1;1
27391;15786.90;50;1.63;1;1
27392;16226.78;50;1.58;1;1
27393;15933.53;50;1.62;1;1
27394;16422.29;50;1.59;1;1
27395;16031.28;50;1.64;1;1
27396;16275.66;50;1.60;1;1
27397;15835.78;50;1.63;1;1
27398;16324.54;50;1.58;1;1
27399;15689.15;50;1.63;1;1
27400;16422.29;50;1.57;1;1
27401;15786.90;50;1.64;1;1
27402;16275.66;50;1.58;1;1
27403;15933.53;50;1.63;1;1
27404;16275.66;50;1.59;1;1
27405;15884.65;50;1.63;1;1
27406;16666.67;50;1.59;1;1
27407;15884.65;50;1.67;1;1
27408;16617.79;50;1.59;1;1
27409;15884.65;50;1.66;1;1
27410;16568.91;50;1.59;1;1
27411;15933.53;50;1.66;1;1
27412;16568.91;50;1.59;1;1
27413;15982.40;50;1.66;1;1
27414;16568.91;50;1.60;1;1
27415;15738.03;50;1.66;1;1
27416;16471.16;50;1.57;1;1
27417;15884.65;50;1.65;1;1
27418;16373.41;50;1.59;1;1
27419;15738.03;50;1.64;1;1
27420;16520.04;50;1.57;1;1
27421;16031.28;50;1.65;1;1
27422;16373.41;50;1.60;1;1
27423;15640.27;50;1.64;1;1
27424;16422.29;50;1.56;1;1
27425;15738.03;50;1.64;1;1
27426;16715.54;50;1.57;1;1
27427;15933.53;50;1.67;1;1
27428;16422.29;50;1.59;1;1
27429;15738.03;50;1.64;1;1
27430;16422.29;50;1.57;1;1
27431;15884.65;50;1.64;1;1
27432;16422.29;50;1.59;1;1
27433;16177.91;50;1.64;1;1
27434;16275.66;50;1.62;1;1
27435;15640.27;50;1.63;1;1
27436;16129.03;50;1.56;1;1
27437;15689.15;50;1.61;1;1
27438;16031.28;50;1.57;1;1
27439;15542.52;50;1.60;1;1
27440;16226.78;50;1.55;1;1
27441;15835.78;50;1.62;1;1
27442;16129.03;50;1.58;1;1
27443;15835.78;50;1.61;1;1
27444;16129.03;50;1.58;1;1
27445;16080.16;50;1.61;1;1
27446;16275.66;50;1.61;1;1
27447;15933.53;50;1.63;1;1
27448;16226.78;50;1.59;1;1
27449;16031.28;50;1.62;1;1
27450;16275.66;50;1.60;1;1
27451;15982.40;50;1.63;1;1
27452;16080.16;50;1.60;1;1
27453;15835.78;50;1.61;1;1
27454;16177.91;50;1.58;1;1
27455;15884.65;50;1.62;1;1
27456;15982.40;50;1.59;1;1
27457;15786.90;50;1.60;1;1
27458;15982.40;50;1.58;1;1
27459;15982.40;50;1.60;1;1
27460;15982.40;50;1.60;1;1
27461;16129.03;50;1.60;1;1
27462;16031.28;50;1.61;1;1
27463;15835.78;50;1.60;1;1
27464;16080.16;50;1.58;1;1
27465;16324.54;50;1.61;1;1
27466;16031.28;50;1.63;1;1
27467;16031.28;50;1.60;1;1
27468;16031.28;50;1.60;1;1
27469;16226.78;50;1.60;1;1
27470;16226.78;50;1.62;1;1
27471;16177.91;50;1.62;1;1
27472;16080.16;50;1.62;1;1
27473;16324.54;50;1.61;1;1
27474;16031.28;50;1.63;1;1
27475;16373.41;50;1.60;1;1
27476;15884.65;50;1.64;1;1
27477;16422.29;50;1.59;1;1
27478;16129.03;50;1.64;1;1
27479;16177.91;50;1.61;1;1
27480;15982.40;50;1.62;1;1
27481;16129.03;50;1.60;1;1
27482;15884.65;50;1.61;1;1
27483;16226.78;50;1.59;1;1
27484;15835.78;50;1.62;1;1
27485;16324.54;50;1.58;1;1
27486;15982.40;50;1.63;1;1
27487;16324.54;50;1.60;1;1
27488;15689.15;50;1.63;1;1
27489;16324.54;50;1.57;1;1
27490;15738.03;50;1.63;1;1
27491;16129.03;50;1.57;1;1
27492;15689.15;50;1.61;1;1
27493;16226.78;50;1.57;1;1
27494;15542.52;50;1.62;1;1
27495;16226.78;50;1.55;1;1
27496;15493.65;50;1.62;1;1
27497;16275.66;50;1.55;1;1
27498;15640.27;50;1.63;1;1
27499;16080.16;50;1.56;1;1
27500;15591.40;50;1.61;1;1
27501;16275.66;50;1.56;1;1
27502;15591.40;50;1.63;1;1
27503;16129.03;50;1.56;1;1
27504;15786.90;50;1.61;1;1
27505;16275.66;50;1.58;1;1
27506;15542.52;50;1.63;1;1
27507;16177.91;50;1.55;1;1
27508;15493.65;50;1.62;1;1
27509;16226.78;50;1.55;1;1
27510;15591.40;50;1.62;1;1
27511;16373.41;50;1.56;1;1
27512;15542.52;50;1.64;1;1
27513;16373.41;50;1.55;1;1
27514;15786.90;50;1.64;1;1
27515;16422.29;50;1.58;1;1
27516;15689.15;50;1.64;1;1
27517;16275.66;50;1.57;1;1
27518;15786.90;50;1.63;1;1
27519;16373.41;50;1.58;1;1
27520;15640.27;50;1.64;1;1
27521;16324.54;50;1.56;1;1
27522;15640.27;50;1.63;1;1
27523;16520.04;50;1.56;1;1
27524;15835.78;50;1.65;1;1
27525;16568.91;50;1.58;1;1
27526;15591.40;50;1.66;1;1
27527;16275.66;50;1.56;1;1
27528;15786.90;50;1.63;1;1
27529;16520.04;50;1.58;1;1
27530;15835.78;50;1.65;1;1
27531;16422.29;50;1.58;1;1
27532;15689.15;50;1.64;1;1
27533;16422.29;50;1.57;1;1
27534;15738.03;50;1.64;1;1
27535;16324.54;50;1.57;1;1
27536;15835.78;50;1.63;1;1
27537;16373.41;50;1.58;1;1
27538;15640.27;50;1.64;1;1
27539;16422.29;50;1.56;1;1
27540;15786.90;50;1.64;1;1
27541;16422.29;50;1.58;1;1
27542;15689.15;50;1.64;1;1
27543;16275.66;50;1.57;1;1
27544;15689.15;50;1.63;1;1
27545;16373.41;50;1.57;1;1
27546;15738.03;50;1.64;1;1
27547;16471.16;50;1.57;1;1
27548;15884.65;50;1.65;1;1
27549;16422.29;50;1.59;1;1
27550;15786.90;50;1.64;1;1
27551;16568.91;50;1.58;1;1
27552;15933.53;50;1.66;1;1
27553;16422.29;50;1.59;1;1
27554;15884.65;50;1.64;1;1
27555;16666.67;50;1.59;1;1
27556;16177.91;50;1.67;1;1
27557;16568.91;50;1.62;1;1
27558;15982.40;50;1.66;1;1
27559;16520.04;50;1.60;1;1
27560;16226.78;50;1.65;1;1
27561;16862.17;50;1.62;1;1
27562;16471.16;50;1.69;1;1
27563;16617.79;50;1.65;1;1
27564;15982.40;50;1.66;1;1
27565;16715.54;50;1.60;1;1
27566;15982.40;50;1.67;1;1
27567;16666.67;50;1.60;1;1
27568;16275.66;50;1.67;1;1
27569;16666.67;50;1.63;1;1
27570;15884.65;50;1.67;1;1
27571;16471.16;50;1.59;1;1
27572;16080.16;50;1.65;1;1
27573;16520.04;50;1.61;1;1
27574;16031.28;50;1.65;1;1
27575;16813.29;50;1.60;1;1
27576;16226.78;50;1.68;1;1
27577;16715.54;50;1.62;1;1
27578;16568.91;50;1.67;1;1
27579;16666.67;50;1.66;1;1
27580;16373.41;50;1.67;1;1
27581;16568.91;50;1.64;1;1
27582;16275.66;50;1.66;1;1
27583;16471.16;50;1.63;1;1
27584;16324.54;50;1.65;1;1
27585;16568.91;50;1.63;1;1
27586;16568.91;50;1.66;1;1
27587;16471.16;50;1.66;1;1
27588;16422.29;50;1.65;1;1
27589;16617.79;50;1.64;1;1
27590;16666.67;50;1.66;1;1
27591;16520.04;50;1.67;1;1
27592;16617.79;50;1.65;1;1
27593;16324.54;50;1.66;1;1
27594;17204.30;50;1.63;1;1
27595;16422.29;50;1.72;1;1
27596;16715.54;50;1.64;1;1
27597;16373.41;50;1.67;1;1
27598;16715.54;50;1.64;1;1
27599;16275.66;50;1.67;1;1
27600;16617.79;50;1.63;1;1
27601;16226.78;50;1.66;1;1
27602;16715.54;50;1.62;1;1
27603;16520.04;50;1.67;1;1
27604;17204.30;50;1.65;1;1
27605;16862.17;50;1.72;1;1
27606;17350.93;50;1.69;1;1
27607;16862.17;50;1.74;1;1
27608;16764.42;50;1.69;1;1
27609;16324.54;50;1.68;1;1
27610;16666.67;50;1.63;1;1
27611;16324.54;50;1.67;1;1
27612;16471.16;50;1.63;1;1
27613;16275.66;50;1.65;1;1
27614;16471.16;50;1.63;1;1
27615;16324.54;50;1.65;1;1
27616;16226.78;50;1.63;1;1
27617;16275.66;50;1.62;1;1
27618;16471.16;50;1.63;1;1
27619;16226.78;50;1.65;1;1
27620;16520.04;50;1.62;1;1
27621;16275.66;50;1.65;1;1
27622;16471.16;50;1.63;1;1
27623;16275.66;50;1.65;1;1
27624;16617.79;50;1.63;1;1
27625;16129.03;50;1.66;1;1
27626;16520.04;50;1.61;1;1
27627;16275.66;50;1.65;1;1
27628;16471.16;50;1.63;1;1
27629;16129.03;50;1.65;1;1
27630;16568.91;50;1.61;1;1
27631;16080.16;50;1.66;1;1
27632;16471.16;50;1.61;1;1
27633;16177.91;50;1.65;1;1
27634;16666.67;50;1.62;1;1
27635;16226.78;50;1.67;1;1
27636;16617.79;50;1.62;1;1
27637;16177.91;50;1.66;1;1
27638;16617.79;50;1.62;1;1
27639;16129.03;50;1.66;1;1
27640;16617.79;50;1.61;1;1
27641;16080.16;50;1.66;1;1
27642;16617.79;50;1.61;1;1
27643;16080.16;50;1.66;1;1
27644;16666.67;50;1.61;1;1
27645;16666.67;50;1.67;1;1
27646;16568.91;50;1.67;1;1
27647;16129.03;50;1.66;1;1
27648;16813.29;50;1.61;1;1
27649;16275.66;50;1.68;1;1
27650;16715.54;50;1.63;1;1
27651;16177.91;50;1.67;1;1
27652;16764.42;50;1.62;1;1
27653;16080.16;50;1.68;1;1
27654;16666.67;50;1.61;1;1
27655;15933.53;50;1.67;1;1
27656;16471.16;50;1.59;1;1
27657;16031.28;50;1.65;1;1
27658;16813.29;50;1.60;1;1
27659;15982.40;50;1.68;1;1
27660;16617.79;50;1.60;1;1
27661;15884.65;50;1.66;1;1
27662;16666.67;50;1.59;1;1
27663;16129.03;50;1.67;1;1
27664;16471.16;50;1.61;1;1
27665;16031.28;50;1.65;1;1
27666;16764.42;50;1.60;1;1
27667;16129.03;50;1.68;1;1
27668;16568.91;50;1.61;1;1
27669;16031.28;50;1.66;1;1
27670;16666.67;50;1.60;1;1
27671;15982.40;50;1.67;1;1
27672;16666.67;50;1.60;1;1
27673;16080.16;50;1.67;1;1
27674;16666.67;50;1.61;1;1
27675;16031.28;50;1.67;1;1
27676;16617.79;50;1.60;1;1
27677;15933.53;50;1.66;1;1
27678;16764.42;50;1.59;1;1
27679;16031.28;50;1.68;1;1
27680;16568.91;50;1.60;1;1
27681;16031.28;50;1.66;1;1
27682;16666.67;50;1.60;1;1
27683;16031.28;50;1.67;1;1
27684;16862.17;50;1.60;1;1
27685;16177.91;50;1.69;1;1
27686;16715.54;50;1.62;1;1
27687;15982.40;50;1.67;1;1
27688;16715.54;50;1.60;1;1
27689;16177.91;50;1.67;1;1
27690;16764.42;50;1.62;1;1
27691;16226.78;50;1.68;1;1
27692;16764.42;50;1.62;1;1
27693;15982.40;50;1.68;1;1
27694;16813.29;50;1.60;1;1
27695;16177.91;50;1.68;1;1
27696;16911.04;50;1.62;1;1
27697;16177.91;50;1.69;1;1
27698;16862.17;50;1.62;1;1
27699;16080.16;50;1.69;1;1
27700;16862.17;50;1.61;1;1
27701;16275.66;50;1.69;1;1
27702;16862.17;50;1.63;1;1
27703;16471.16;50;1.69;1;1
27704;16666.67;50;1.65;1;1
27705;15982.40;50;1.67;1;1
27706;16862.17;50;1.60;1;1
27707;16031.28;50;1.69;1;1
27708;16813.29;50;1.60;1;1
27709;16129.03;50;1.68;1;1
27710;16764.42;50;1.61;1;1
27711;15933.53;50;1.68;1;1
27712;16617.79;50;1.59;1;1
27713;16177.91;50;1.66;1;1
27714;16764.42;50;1.62;1;1
27715;16226.78;50;1.68;1;1
27716;16764.42;50;1.62;1;1
27717;16177.91;50;1.68;1;1
27718;16617.79;50;1.62;1;1
27719;16275.66;50;1.66;1;1
27720;16520.04;50;1.63;1;1
27721;15933.53;50;1.65;1;1
27722;16422.29;50;1.59;1;1
27723;15884.65;50;1.64;1;1
27724;16568.91;50;1.59;1;1
27725;15933.53;50;1.66;1;1
27726;16324.54;50;1.59;1;1
27727;15933.53;50;1.63;1;1
27728;16129.03;50;1.59;1;1
27729;16275.66;50;1.61;1;1
27730;16422.29;50;1.63;1;1
27731;16129.03;50;1.64;1;1
27732;16373.41;50;1.61;1;1
27733;16080.16;50;1.64;1;1
27734;16324.54;50;1.61;1;1
27735;16177.91;50;1.63;1;1
27736;16226.78;50;1.62;1;1
27737;16226.78;50;1.62;1;1
27738;15933.53;50;1.62;1;1
27739;16177.91;50;1.59;1;1
27740;16177.91;50;1.62;1;1
27741;16031.28;50;1.62;1;1
27742;16031.28;50;1.60;1;1
27743;16129.03;50;1.60;1;1
27744;15933.53;50;1.61;1;1
27745;16226.78;50;1.59;1;1
27746;16324.54;50;1.62;1;1
27747;16129.03;50;1.63;1;1
27748;15933.53;50;1.61;1;1
27749;16226.78;50;1.59;1;1
27750;15884.65;50;1.62;1;1
27751;16080.16;50;1.59;1;1
27752;15884.65;50;1.61;1;1
27753;16422.29;50;1.59;1;1
27754;15933.53;50;1.64;1;1
27755;16080.16;50;1.59;1;1
27756;16177.91;50;1.61;1;1
27757;16080.16;50;1.62;1;1
27758;15786.90;50;1.61;1;1
27759;16275.66;50;1.58;1;1
27760;16177.91;50;1.63;1;1
27761;16373.41;50;1.62;1;1
27762;16129.03;50;1.64;1;1
27763;16226.78;50;1.61;1;1
27764;15738.03;50;1.62;1;1
27765;16226.78;50;1.57;1;1
27766;16031.28;50;1.62;1;1
27767;16373.41;50;1.60;1;1
27768;15884.65;50;1.64;1;1
27769;16275.66;50;1.59;1;1
27770;15933.53;50;1.63;1;1
27771;16177.91;50;1.59;1;1
27772;15884.65;50;1.62;1;1
27773;16422.29;50;1.59;1;1
27774;16031.28;50;1.64;1;1
27775;16373.41;50;1.60;1;1
27776;16080.16;50;1.64;1;1
27777;16471.16;50;1.61;1;1
27778;15835.78;50;1.65;1;1
27779;16471.16;50;1.58;1;1
27780;15982.40;50;1.65;1;1
27781;16715.54;50;1.60;1;1
27782;15933.53;50;1.67;1;1
27783;16471.16;50;1.59;1;1
27784;15884.65;50;1.65;1;1
27785;16324.54;50;1.59;1;1
27786;15933.53;50;1.63;1;1
27787;16520.04;50;1.59;1;1
27788;15884.65;50;1.65;1;1
27789;16373.41;50;1.59;1;1
27790;15835.78;50;1.64;1;1
27791;16520.04;50;1.58;1;1
27792;15884.65;50;1.65;1;1
27793;16471.16;50;1.59;1;1
27794;15786.90;50;1.65;1;1
27795;16568.91;50;1.58;1;1
27796;15933.53;50;1.66;1;1
27797;16324.54;50;1.59;1;1
27798;16031.28;50;1.63;1;1
27799;16471.16;50;1.60;1;1
27800;16031.28;50;1.65;1;1
27801;16617.79;50;1.60;1;1
27802;15982.40;50;1.66;1;1
27803;16471.16;50;1.60;1;1
27804;15835.78;50;1.65;1;1
27805;16568.91;50;1.58;1;1
27806;15884.65;50;1.66;1;1
27807;16471.16;50;1.59;1;1
27808;16031.28;50;1.65;1;1
27809;16520.04;50;1.60;1;1
27810;15982.40;50;1.65;1;1
27811;16813.29;50;1.60;1;1
27812;15982.40;50;1.68;1;1
27813;16715.54;50;1.60;1;1
27814;16129.03;50;1.67;1;1
27815;16764.42;50;1.61;1;1
27816;15835.78;50;1.68;1;1
27817;16764.42;50;1.58;1;1
27818;16129.03;50;1.68;1;1
27819;16764.42;50;1.61;1;1
27820;16129.03;50;1.68;1;1
27821;16764.42;50;1.61;1;1
27822;15835.78;50;1.68;1;1
27823;16911.04;50;1.58;1;1
27824;16177.91;50;1.69;1;1
27825;16764.42;50;1.62;1;1
27826;16275.66;50;1.68;1;1
27827;16911.04;50;1.63;1;1
27828;16373.41;50;1.69;1;1
27829;16813.29;50;1.64;1;1
27830;16226.78;50;1.68;1;1
27831;16715.54;50;1.62;1;1
27832;16031.28;50;1.67;1;1
27833;16666.67;50;1.60;1;1
27834;16177.91;50;1.67;1;1
27835;16764.42;50;1.62;1;1
27836;16177.91;50;1.68;1;1
27837;16813.29;50;1.62;1;1
27838;16031.28;50;1.68;1;1
27839;16813.29;50;1.60;1;1
27840;16080.16;50;1.68;1;1
27841;16666.67;50;1.61;1;1
27842;16129.03;50;1.67;1;1
27843;16471.16;50;1.61;1;1
27844;16226.78;50;1.65;1;1
27845;16666.67;50;1.62;1;1
27846;15982.40;50;1.67;1;1
27847;16422.29;50;1.60;1;1
27848;16031.28;50;1.64;1;1
27849;16226.78;50;1.60;1;1
27850;16226.78;50;1.62;1;1
27851;16471.16;50;1.62;1;1
27852;16080.16;50;1.65;1;1
27853;16520.04;50;1.61;1;1
27854;16324.54;50;1.65;1;1
27855;16568.91;50;1.63;1;1
27856;16177.91;50;1.66;1;1
27857;16520.04;50;1.62;1;1
27858;16226.78;50;1.65;1;1
27859;16324.54;50;1.62;1;1
27860;16324.54;50;1.63;1;1
27861;16373.41;50;1.63;1;1
27862;16275.66;50;1.64;1;1
27863;16373.41;50;1.63;1;1
27864;16226.78;50;1.64;1;1
27865;16080.16;50;1.62;1;1
27866;16177.91;50;1.61;1;1
27867;16226.78;50;1.62;1;1
27868;16275.66;50;1.62;1;1
27869;16080.16;50;1.63;1;1
27870;16275.66;50;1.61;1;1
27871;16177.91;50;1.63;1;1
27872;16373.41;50;1.62;1;1
27873;16177.91;50;1.64;1;1
27874;16471.16;50;1.62;1;1
27875;16226.78;50;1.65;1;1
27876;16275.66;50;1.62;1;1
27877;16373.41;50;1.63;1;1
27878;16275.66;50;1.64;1;1
27879;16275.66;50;1.63;1;1
27880;16422.29;50;1.63;1;1
27881;16275.66;50;1.64;1;1
27882;16129.03;50;1.63;1;1
27883;16226.78;50;1.61;1;1
27884;16177.91;50;1.62;1;1
27885;16226.78;50;1.62;1;1
27886;16129.03;50;1.62;1;1
27887;16080.16;50;1.61;1;1
27888;16373.41;50;1.61;1;1
27889;16275.66;50;1.64;1;1
27890;16275.66;50;1.63;1;1
27891;16177.91;50;1.63;1;1
27892;16129.03;50;1.62;1;1
27893;16177.91;50;1.61;1;1
27894;16177.91;50;1.62;1;1
27895;16226.78;50;1.62;1;1
27896;16422.29;50;1.62;1;1
27897;16177.91;50;1.64;1;1
27898;16373.41;50;1.62;1;1
27899;16275.66;50;1.64;1;1
27900;16275.66;50;1.63;1;1
27901;16129.03;50;1.63;1;1
27902;16324.54;50;1.61;1;1
27903;16080.16;50;1.63;1;1
27904;16568.91;50;1.61;1;1
27905;16080.16;50;1.66;1;1
27906;16715.54;50;1.61;1;1
27907;16177.91;50;1.67;1;1
27908;16764.42;50;1.62;1;1
27909;16275.66;50;1.68;1;1
27910;16666.67;50;1.63;1;1
27911;16373.41;50;1.67;1;1
27912;16422.29;50;1.64;1;1
27913;16129.03;50;1.64;1;1
27914;16471.16;50;1.61;1;1
27915;16129.03;50;1.65;1;1
27916;16471.16;50;1.61;1;1
27917;15933.53;50;1.65;1;1
27918;16275.66;50;1.59;1;1
27919;16226.78;50;1.63;1;1
27920;16520.04;50;1.62;1;1
27921;16129.03;50;1.65;1;1
27922;16520.04;50;1.61;1;1
27923;15884.65;50;1.65;1;1
27924;16520.04;50;1.59;1;1
27925;16031.28;50;1.65;1;1
27926;16617.79;50;1.60;1;1
27927;15884.65;50;1.66;1;1
27928;16324.54;50;1.59;1;1
27929;15933.53;50;1.63;1;1
27930;16520.04;50;1.59;1;1
27931;15933.53;50;1.65;1;1
27932;16617.79;50;1.59;1;1
27933;16324.54;50;1.66;1;1
27934;16764.42;50;1.63;1;1
27935;16129.03;50;1.68;1;1
27936;16568.91;50;1.61;1;1
27937;16031.28;50;1.66;1;1
27938;16568.91;50;1.60;1;1
27939;16177.91;50;1.66;1;1
27940;16764.42;50;1.62;1;1
27941;16177.91;50;1.68;1;1
27942;16715.54;50;1.62;1;1
27943;16080.16;50;1.67;1;1
27944;16520.04;50;1.61;1;1
27945;16031.28;50;1.65;1;1
27946;16666.67;50;1.60;1;1
27947;15884.65;50;1.67;1;1
27948;16617.79;50;1.59;1;1
27949;15933.53;50;1.66;1;1
27950;16764.42;50;1.59;1;1
27951;15884.65;50;1.68;1;1
27952;16617.79;50;1.59;1;1
27953;15884.65;50;1.66;1;1
27954;16666.67;50;1.59;1;1
27955;16031.28;50;1.67;1;1
27956;16666.67;50;1.60;1;1
27957;15835.78;50;1.67;1;1
27958;16715.54;50;1.58;1;1
27959;15884.65;50;1.67;1;1
27960;16666.67;50;1.59;1;1
27961;16031.28;50;1.67;1;1
27962;16715.54;50;1.60;1;1
27963;15982.40;50;1.67;1;1
27964;16862.17;50;1.60;1;1
27965;16080.16;50;1.69;1;1
27966;16715.54;50;1.61;1;1
27967;15982.40;50;1.67;1;1
27968;16617.79;50;1.60;1;1
27969;15982.40;50;1.66;1;1
27970;16617.79;50;1.60;1;1
27971;16031.28;50;1.66;1;1
27972;16666.67;50;1.60;1;1
27973;15835.78;50;1.67;1;1
27974;16617.79;50;1.58;1;1
27975;15933.53;50;1.66;1;1
27976;16520.04;50;1.59;1;1
27977;15884.65;50;1.65;1;1
27978;16568.91;50;1.59;1;1
27979;15933.53;50;1.66;1;1
27980;16422.29;50;1.59;1;1
27981;15786.90;50;1.64;1;1
27982;16520.04;50;1.58;1;1
27983;15933.53;50;1.65;1;1
27984;16373.41;50;1.59;1;1
27985;15884.65;50;1.64;1;1
27986;16471.16;50;1.59;1;1
27987;15786.90;50;1.65;1;1
27988;16520.04;50;1.58;1;1
27989;15835.78;50;1.65;1;1
27990;16520.04;50;1.58;1;1
27991;15786.90;50;1.65;1;1
27992;16471.16;50;1.58;1;1
27993;15884.65;50;1.65;1;1
27994;16324.54;50;1.59;1;1
27995;15835.78;50;1.63;1;1
27996;16471.16;50;1.58;1;1
27997;15689.15;50;1.65;1;1
27998;16226.78;50;1.57;1;1
27999;15884.65;50;1.62;1;1
28000;16373.41;50;1.59;1;1
28001;15884.65;50;1.64;1;1
28002;16177.91;50;1.59;1;1
28003;15835.78;50;1.62;1;1
28004;16177.91;50;1.58;1;1
28005;15884.65;50;1.62;1;1
28006;16080.16;50;1.59;1;1
28007;16129.03;50;1.61;1;1
28008;16031.28;50;1.61;1;1
28009;15835.78;50;1.60;1;1
28010;15884.65;50;1.58;1;1
28011;15835.78;50;1.59;1;1
28012;16080.16;50;1.58;1;1
28013;16177.91;50;1.61;1;1
28014;16031.28;50;1.62;1;1
28015;16129.03;50;1.60;1;1
28016;15884.65;50;1.61;1;1
28017;16129.03;50;1.59;1;1
28018;16031.28;50;1.61;1;1
28019;16226.78;50;1.60;1;1
28020;15933.53;50;1.62;1;1
28021;16275.66;50;1.59;1;1
28022;15884.65;50;1.63;1;1
28023;16568.91;50;1.59;1;1
28024;16129.03;50;1.66;1;1
28025;16324.54;50;1.61;1;1
28026;15835.78;50;1.63;1;1
28027;16226.78;50;1.58;1;1
28028;15884.65;50;1.62;1;1
28029;16373.41;50;1.59;1;1
28030;15933.53;50;1.64;1;1
28031;16471.16;50;1.59;1;1
28032;16031.28;50;1.65;1;1
28033;16617.79;50;1.60;1;1
28034;16080.16;50;1.66;1;1
28035;16520.04;50;1.61;1;1
28036;15933.53;50;1.65;1;1
28037;16568.91;50;1.59;1;1
28038;15933.53;50;1.66;1;1
28039;16422.29;50;1.59;1;1
28040;16031.28;50;1.64;1;1
28041;16422.29;50;1.60;1;1
28042;16080.16;50;1.64;1;1
28043;16617.79;50;1.61;1;1
28044;16129.03;50;1.66;1;1
28045;16666.67;50;1.61;1;1
28046;16080.16;50;1.67;1;1
28047;16422.29;50;1.61;1;1
28048;15884.65;50;1.64;1;1
28049;16617.79;50;1.59;1;1
28050;16031.28;50;1.66;1;1
28051;16862.17;50;1.60;1;1
28052;16275.66;50;1.69;1;1
28053;16471.16;50;1.63;1;1
28054;16031.28;50;1.65;1;1
28055;16568.91;50;1.60;1;1
28056;15933.53;50;1.66;1;1
28057;16617.79;50;1.59;1;1
28058;16080.16;50;1.66;1;1
28059;16666.67;50;1.61;1;1
28060;16080.16;50;1.67;1;1
28061;16813.29;50;1.61;1;1
28062;16080.16;50;1.68;1;1
28063;16666.67;50;1.61;1;1
28064;16129.03;50;1.67;1;1
28065;16959.92;50;1.61;1;1
28066;16226.78;50;1.70;1;1
28067;16862.17;50;1.62;1;1
28068;16275.66;50;1.69;1;1
28069;16715.54;50;1.63;1;1
28070;16226.78;50;1.67;1;1
28071;16666.67;50;1.62;1;1
28072;16177.91;50;1.67;1;1
28073;16715.54;50;1.62;1;1
28074;16129.03;50;1.67;1;1
28075;16813.29;50;1.61;1;1
28076;15982.40;50;1.68;1;1
28077;16862.17;50;1.60;1;1
28078;16129.03;50;1.69;1;1
28079;16715.54;50;1.61;1;1
28080;16177.91;50;1.67;1;1
28081;16959.92;50;1.62;1;1
28082;16177.91;50;1.70;1;1
28083;16813.29;50;1.62;1;1
28084;16275.66;50;1.68;1;1
28085;16666.67;50;1.63;1;1
28086;16177.91;50;1.67;1;1
28087;16520.04;50;1.62;1;1
28088;16080.16;50;1.65;1;1
28089;16568.91;50;1.61;1;1
28090;15933.53;50;1.66;1;1
28091;16666.67;50;1.59;1;1
28092;16031.28;50;1.67;1;1
28093;16471.16;50;1.60;1;1
28094;16275.66;50;1.65;1;1
28095;16471.16;50;1.63;1;1
28096;16031.28;50;1.65;1;1
28097;16568.91;50;1.60;1;1
28098;16275.66;50;1.66;1;1
28099;16520.04;50;1.63;1;1
28100;16226.78;50;1.65;1;1
28101;16568.91;50;1.62;1;1
28102;16031.28;50;1.66;1;1
28103;16568.91;50;1.60;1;1
28104;16129.03;50;1.66;1;1
28105;16471.16;50;1.61;1;1
28106;16275.66;50;1.65;1;1
28107;16373.41;50;1.63;1;1
28108;16275.66;50;1.64;1;1
28109;16177.91;50;1.63;1;1
28110;16471.16;50;1.62;1;1
28111;16080.16;50;1.65;1;1
28112;16226.78;50;1.61;1;1
28113;16177.91;50;1.62;1;1
28114;16275.66;50;1.62;1;1
28115;16177.91;50;1.63;1;1
28116;16568.91;50;1.62;1;1
28117;16129.03;50;1.66;1;1
28118;16568.91;50;1.61;1;1
28119;16080.16;50;1.66;1;1
28120;16373.41;50;1.61;1;1
28121;16129.03;50;1.64;1;1
28122;16471.16;50;1.61;1;1
28123;16177.91;50;1.65;1;1
28124;16324.54;50;1.62;1;1
28125;16129.03;50;1.63;1;1
28126;16422.29;50;1.61;1;1
28127;16226.78;50;1.64;1;1
28128;16324.54;50;1.62;1;1
28129;16275.66;50;1.63;1;1
28130;16373.41;50;1.63;1;1
28131;16129.03;50;1.64;1;1
28132;16471.16;50;1.61;1;1
28133;16373.41;50;1.65;1;1
28134;16471.16;50;1.64;1;1
28135;16226.78;50;1.65;1;1
28136;16520.04;50;1.62;1;1
28137;16080.16;50;1.65;1;1
28138;16422.29;50;1.61;1;1
28139;16129.03;50;1.64;1;1
28140;16568.91;50;1.61;1;1
28141;16080.16;50;1.66;1;1
28142;16568.91;50;1.61;1;1
28143;15933.53;50;1.66;1;1
28144;16617.79;50;1.59;1;1
28145;15933.53;50;1.66;1;1
28146;16422.29;50;1.59;1;1
28147;15884.65;50;1.64;1;1
28148;16373.41;50;1.59;1;1
28149;16129.03;50;1.64;1;1
28150;16568.91;50;1.61;1;1
28151;16177.91;50;1.66;1;1
28152;16666.67;50;1.62;1;1
28153;16129.03;50;1.67;1;1
28154;16422.29;50;1.61;1;1
28155;16129.03;50;1.64;1;1
28156;16520.04;50;1.61;1;1
28157;16031.28;50;1.65;1;1
28158;17008.80;50;1.60;1;1
28159;15982.40;50;1.70;1;1
28160;16568.91;50;1.60;1;1
28161;16080.16;50;1.66;1;1
28162;16862.17;50;1.61;1;1
28163;16275.66;50;1.69;1;1
28164;16666.67;50;1.63;1;1
28165;16129.03;50;1.67;1;1
28166;16617.79;50;1.61;1;1
28167;16129.03;50;1.66;1;1
28168;16617.79;50;1.61;1;1
28169;16226.78;50;1.66;1;1
28170;16666.67;50;1.62;1;1
28171;16031.28;50;1.67;1;1
28172;16764.42;50;1.60;1;1
28173;16129.03;50;1.68;1;1
28174;16764.42;50;1.61;1;1
28175;15982.40;50;1.68;1;1
28176;16617.79;50;1.60;1;1
28177;16080.16;50;1.66;1;1
28178;16715.54;50;1.61;1;1
28179;16177.91;50;1.67;1;1
28180;16862.17;50;1.62;1;1
28181;15884.65;50;1.69;1;1
28182;16666.67;50;1.59;1;1
28183;15982.40;50;1.67;1;1
28184;16862.17;50;1.60;1;1
28185;16080.16;50;1.69;1;1
28186;16862.17;50;1.61;1;1
28187;16129.03;50;1.69;1;1
28188;16764.42;50;1.61;1;1
28189;16129.03;50;1.68;1;1
28190;16715.54;50;1.61;1;1
28191;16031.28;50;1.67;1;1
28192;17008.80;50;1.60;1;1
28193;16129.03;50;1.70;1;1
28194;16764.42;50;1.61;1;1
28195;16177.91;50;1.68;1;1
28196;16715.54;50;1.62;1;1
28197;16226.78;50;1.67;1;1
28198;16813.29;50;1.62;1;1
28199;16226.78;50;1.68;1;1
28200;16862.17;50;1.62;1;1
28201;15982.40;50;1.69;1;1
28202;16666.67;50;1.60;1;1
28203;16031.28;50;1.67;1;1
28204;16715.54;50;1.60;1;1
28205;16129.03;50;1.67;1;1
28206;16617.79;50;1.61;1;1
28207;15933.53;50;1.66;1;1
28208;16764.42;50;1.59;1;1
28209;15884.65;50;1.68;1;1
28210;16617.79;50;1.59;1;1
28211;15933.53;50;1.66;1;1
28212;16568.91;50;1.59;1;1
28213;15884.65;50;1.66;1;1
28214;16422.29;50;1.59;1;1
28215;16080.16;50;1.64;1;1
28216;16617.79;50;1.61;1;1
28217;16080.16;50;1.66;1;1
28218;16617.79;50;1.61;1;1
28219;16129.03;50;1.66;1;1
28220;16617.79;50;1.61;1;1
28221;16177.91;50;1.66;1;1
28222;16520.04;50;1.62;1;1
28223;16177.91;50;1.65;1;1
28224;16471.16;50;1.62;1;1
28225;16324.54;50;1.65;1;1
28226;16520.04;50;1.63;1;1
28227;16080.16;50;1.65;1;1
28228;16520.04;50;1.61;1;1
28229;16373.41;50;1.65;1;1
28230;16764.42;50;1.64;1;1
28231;16226.78;50;1.68;1;1
28232;16422.29;50;1.62;1;1
28233;16177.91;50;1.64;1;1
28234;16471.16;50;1.62;1;1
28235;16324.54;50;1.65;1;1
28236;16080.16;50;1.63;1;1
28237;16177.91;50;1.61;1;1
28238;16129.03;50;1.62;1;1
28239;16177.91;50;1.61;1;1
28240;16422.29;50;1.62;1;1
28241;16080.16;50;1.64;1;1
28242;16324.54;50;1.61;1;1
28243;16275.66;50;1.63;1;1
28244;16226.78;50;1.63;1;1
28245;16275.66;50;1.62;1;1
28246;16324.54;50;1.63;1;1
28247;16422.29;50;1.63;1;1
28248;16275.66;50;1.64;1;1
28249;16324.54;50;1.63;1;1
28250;16226.78;50;1.63;1;1
28251;16568.91;50;1.62;1;1
28252;16324.54;50;1.66;1;1
28253;16422.29;50;1.63;1;1
28254;16275.66;50;1.64;1;1
28255;16373.41;50;1.63;1;1
28256;16129.03;50;1.64;1;1
28257;16177.91;50;1.61;1;1
28258;16080.16;50;1.62;1;1
28259;16666.67;50;1.61;1;1
28260;15933.53;50;1.67;1;1
28261;16275.66;50;1.59;1;1
28262;15933.53;50;1.63;1;1
28263;16471.16;50;1.59;1;1
28264;16031.28;50;1.65;1;1
28265;16373.41;50;1.60;1;1
28266;15884.65;50;1.64;1;1
28267;16324.54;50;1.59;1;1
28268;15835.78;50;1.63;1;1
28269;16520.04;50;1.58;1;1
28270;15884.65;50;1.65;1;1
28271;16471.16;50;1.59;1;1
28272;15835.78;50;1.65;1;1
28273;16617.79;50;1.58;1;1
28274;15884.65;50;1.66;1;1
28275;16617.79;50;1.59;1;1
28276;15982.40;50;1.66;1;1
28277;16520.04;50;1.60;1;1
28278;15933.53;50;1.65;1;1
28279;16617.79;50;1.59;1;1
28280;16031.28;50;1.66;1;1
28281;16666.67;50;1.60;1;1
28282;16226.78;50;1.67;1;1
28283;16715.54;50;1.62;1;1
28284;16080.16;50;1.67;1;1
28285;16617.79;50;1.61;1;1
28286;16129.03;50;1.66;1;1
28287;16520.04;50;1.61;1;1
28288;16031.28;50;1.65;1;1
28289;16568.91;50;1.60;1;1
28290;16226.78;50;1.66;1;1
28291;16715.54;50;1.62;1;1
28292;16031.28;50;1.67;1;1
28293;16666.67;50;1.60;1;1
28294;16031.28;50;1.67;1;1
28295;16666.67;50;1.60;1;1
28296;16080.16;50;1.67;1;1
28297;16764.42;50;1.61;1;1
28298;16080.16;50;1.68;1;1
28299;16764.42;50;1.61;1;1
28300;15982.40;50;1.68;1;1
28301;16764.42;50;1.60;1;1
28302;16031.28;50;1.68;1;1
28303;16862.17;50;1.60;1;1
28304;16275.66;50;1.69;1;1
28305;16813.29;50;1.63;1;1
28306;16080.16;50;1.68;1;1
28307;16715.54;50;1.61;1;1
28308;16177.91;50;1.67;1;1
28309;16715.54;50;1.62;1;1
28310;16080.16;50;1.67;1;1
28311;16715.54;50;1.61;1;1
28312;15982.40;50;1.67;1;1
28313;16715.54;50;1.60;1;1
28314;15982.40;50;1.67;1;1
28315;16813.29;50;1.60;1;1
28316;15884.65;50;1.68;1;1
28317;16666.67;50;1.59;1;1
28318;15982.40;50;1.67;1;1
28319;16568.91;50;1.60;1;1
28320;16031.28;50;1.66;1;1
28321;16568.91;50;1.60;1;1
28322;15982.40;50;1.66;1;1
28323;16568.91;50;1.60;1;1
28324;15835.78;50;1.66;1;1
28325;16617.79;50;1.58;1;1
28326;15738.03;50;1.66;1;1
28327;16471.16;50;1.57;1;1
28328;15835.78;50;1.65;1;1
28329;16617.79;50;1.58;1;1
28330;15786.90;50;1.66;1;1
28331;16617.79;50;1.58;1;1
28332;15738.03;50;1.66;1;1
28333;16422.29;50;1.57;1;1
28334;15835.78;50;1.64;1;1
28335;16520.04;50;1.58;1;1
28336;15786.90;50;1.65;1;1
28337;16373.41;50;1.58;1;1
28338;15884.65;50;1.64;1;1
28339;16373.41;50;1.59;1;1
28340;15786.90;50;1.64;1;1
28341;16324.54;50;1.58;1;1
28342;15738.03;50;1.63;1;1
28343;16275.66;50;1.57;1;1
28344;15542.52;50;1.63;1;1
28345;16226.78;50;1.55;1;1
28346;15640.27;50;1.62;1;1
28347;16226.78;50;1.56;1;1
28348;15591.40;50;1.62;1;1
28349;16373.41;50;1.56;1;1
28350;15738.03;50;1.64;1;1
28351;16373.41;50;1.57;1;1
28352;15835.78;50;1.64;1;1
28353;16373.41;50;1.58;1;1
28354;15786.90;50;1.64;1;1
28355;16568.91;50;1.58;1;1
28356;15835.78;50;1.66;1;1
28357;16471.16;50;1.58;1;1
28358;15982.40;50;1.65;1;1
28359;16373.41;50;1.60;1;1
28360;15933.53;50;1.64;1;1
28361;16324.54;50;1.59;1;1
28362;15738.03;50;1.63;1;1
28363;16275.66;50;1.57;1;1
28364;15835.78;50;1.63;1;1
28365;16471.16;50;1.58;1;1
28366;15884.65;50;1.65;1;1
28367;16422.29;50;1.59;1;1
28368;16031.28;50;1.64;1;1
28369;16275.66;50;1.60;1;1
28370;15835.78;50;1.63;1;1
28371;16422.29;50;1.58;1;1
28372;15982.40;50;1.64;1;1
28373;16373.41;50;1.60;1;1
28374;15933.53;50;1.64;1;1
28375;16422.29;50;1.59;1;1
28376;16129.03;50;1.64;1;1
28377;16471.16;50;1.61;1;1
28378;16129.03;50;1.65;1;1
28379;16422.29;50;1.61;1;1
28380;15884.65;50;1.64;1;1
28381;16373.41;50;1.59;1;1
28382;16080.16;50;1.64;1;1
28383;16177.91;50;1.61;1;1
28384;15982.40;50;1.62;1;1
28385;16129.03;50;1.60;1;1
28386;16177.91;50;1.61;1;1
28387;16080.16;50;1.62;1;1
28388;16226.78;50;1.61;1;1
28389;16177.91;50;1.62;1;1
28390;16226.78;50;1.62;1;1
28391;16177.91;50;1.62;1;1
28392;16129.03;50;1.62;1;1
28393;15982.40;50;1.61;1;1
28394;16275.66;50;1.60;1;1
28395;16080.16;50;1.63;1;1
28396;16275.66;50;1.61;1;1
28397;15933.53;50;1.63;1;1
28398;16324.54;50;1.59;1;1
28399;16031.28;50;1.63;1;1
28400;16324.54;50;1.60;1;1
28401;15982.40;50;1.63;1;1
28402;16275.66;50;1.60;1;1
28403;15884.65;50;1.63;1;1
28404;16275.66;50;1.59;1;1
28405;16080.16;50;1.63;1;1
28406;16373.41;50;1.61;1;1
28407;16031.28;50;1.64;1;1
28408;16275.66;50;1.60;1;1
28409;15982.40;50;1.63;1;1
28410;16373.41;50;1.60;1;1
28411;15982.40;50;1.64;1;1
28412;16471.16;50;1.60;1;1
28413;16031.28;50;1.65;1;1
28414;16177.91;50;1.60;1;1
28415;15982.40;50;1.62;1;1
28416;16324.54;50;1.60;1;1
28417;16080.16;50;1.63;1;1
28418;16324.54;50;1.61;1;1
28419;16177.91;50;1.63;1;1
28420;16471.16;50;1.62;1;1
28421;15982.40;50;1.65;1;1
28422;16422.29;50;1.60;1;1
28423;16080.16;50;1.64;1;1
28424;16617.79;50;1.61;1;1
28425;16031.28;50;1.66;1;1
28426;16617.79;50;1.60;1;1
28427;15982.40;50;1.66;1;1
28428;16471.16;50;1.60;1;1
28429;16080.16;50;1.65;1;1
28430;16422.29;50;1.61;1;1
28431;15982.40;50;1.64;1;1
28432;16324.54;50;1.60;1;1
28433;15982.40;50;1.63;1;1
28434;16324.54;50;1.60;1;1
28435;15884.65;50;1.63;1;1
28436;16422.29;50;1.59;1;1
28437;15884.65;50;1.64;1;1
28438;16373.41;50;1.59;1;1
28439;16031.28;50;1.64;1;1
28440;16275.66;50;1.60;1;1
28441;16080.16;50;1.63;1;1
28442;16422.29;50;1.61;1;1
28443;16031.28;50;1.64;1;1
28444;16373.41;50;1.60;1;1
28445;15982.40;50;1.64;1;1
28446;16422.29;50;1.60;1;1
28447;15884.65;50;1.64;1;1
28448;16568.91;50;1.59;1;1
28449;15982.40;50;1.66;1;1
28450;16373.41;50;1.60;1;1
28451;16031.28;50;1.64;1;1
28452;16568.91;50;1.60;1;1
28453;16226.78;50;1.66;1;1
28454;16568.91;50;1.62;1;1
28455;16226.78;50;1.66;1;1
28456;16568.91;50;1.62;1;1
28457;16031.28;50;1.66;1;1
28458;16617.79;50;1.60;1;1
28459;16031.28;50;1.66;1;1
28460;16471.16;50;1.60;1;1
28461;16080.16;50;1.65;1;1
28462;16520.04;50;1.61;1;1
28463;15933.53;50;1.65;1;1
28464;16617.79;50;1.59;1;1
28465;16080.16;50;1.66;1;1
28466;16422.29;50;1.61;1;1
28467;15982.40;50;1.64;1;1
28468;16666.67;50;1.60;1;1
28469;16177.91;50;1.67;1;1
28470;16715.54;50;1.62;1;1
28471;16275.66;50;1.67;1;1
28472;16764.42;50;1.63;1;1
28473;16177.91;50;1.68;1;1
28474;16715.54;50;1.62;1;1
28475;16226.78;50;1.67;1;1
28476;16617.79;50;1.62;1;1
28477;16129.03;50;1.66;1;1
28478;16568.91;50;1.61;1;1
28479;15933.53;50;1.66;1;1
28480;16862.17;50;1.59;1;1
28481;16080.16;50;1.69;1;1
28482;16764.42;50;1.61;1;1
28483;15933.53;50;1.68;1;1
28484;16617.79;50;1.59;1;1
28485;16080.16;50;1.66;1;1
28486;16764.42;50;1.61;1;1
28487;15982.40;50;1.68;1;1
28488;16666.67;50;1.60;1;1
28489;16031.28;50;1.67;1;1
28490;16715.54;50;1.60;1;1
28491;16129.03;50;1.67;1;1
28492;16617.79;50;1.61;1;1
28493;15982.40;50;1.66;1;1
28494;16862.17;50;1.60;1;1
28495;16226.78;50;1.69;1;1
28496;16617.79;50;1.62;1;1
28497;16177.91;50;1.66;1;1
28498;16617.79;50;1.62;1;1
28499;16177.91;50;1.66;1;1
28500;16813.29;50;1.62;1;1
28501;16177.91;50;1.68;1;1
28502;16862.17;50;1.62;1;1
28503;16226.78;50;1.69;1;1
28504;16764.42;50;1.62;1;1
28505;16226.78;50;1.68;1;1
28506;16862.17;50;1.62;1;1
28507;16177.91;50;1.69;1;1
28508;16715.54;50;1.62;1;1
28509;16226.78;50;1.67;1;1
28510;16862.17;50;1.62;1;1
28511;16177.91;50;1.69;1;1
28512;17253.18;50;1.62;1;1
28513;16275.66;50;1.73;1;1
28514;16959.92;50;1.63;1;1
28515;16177.91;50;1.70;1;1
28516;16764.42;50;1.62;1;1
28517;16324.54;50;1.68;1;1
28518;16862.17;50;1.63;1;1
28519;16226.78;50;1.69;1;1
28520;16666.67;50;1.62;1;1
28521;16031.28;50;1.67;1;1
28522;16715.54;50;1.60;1;1
28523;16275.66;50;1.67;1;1
28524;16715.54;50;1.63;1;1
28525;16177.91;50;1.67;1;1
28526;16715.54;50;1.62;1;1
28527;16129.03;50;1.67;1;1
28528;16764.42;50;1.61;1;1
28529;16226.78;50;1.68;1;1
28530;16862.17;50;1.62;1;1
28531;16422.29;50;1.69;1;1
28532;16813.29;50;1.64;1;1
28533;16275.66;50;1.68;1;1
28534;16715.54;50;1.63;1;1
28535;16129.03;50;1.67;1;1
28536;16715.54;50;1.61;1;1
28537;16080.16;50;1.67;1;1
28538;16862.17;50;1.61;1;1
28539;15884.65;50;1.69;1;1
28540;16568.91;50;1.59;1;1
28541;16177.91;50;1.66;1;1
28542;16666.67;50;1.62;1;1
28543;16031.28;50;1.67;1;1
28544;16862.17;50;1.60;1;1
28545;16373.41;50;1.69;1;1
28546;17057.67;50;1.64;1;1
28547;16177.91;50;1.71;1;1
28548;16764.42;50;1.62;1;1
28549;16226.78;50;1.68;1;1
28550;16715.54;50;1.62;1;1
28551;16129.03;50;1.67;1;1
28552;16715.54;50;1.61;1;1
28553;15982.40;50;1.67;1;1
28554;16862.17;50;1.60;1;1
28555;16275.66;50;1.69;1;1
28556;16764.42;50;1.63;1;1
28557;16129.03;50;1.68;1;1
28558;16715.54;50;1.61;1;1
28559;16177.91;50;1.67;1;1
28560;16617.79;50;1.62;1;1
28561;16275.66;50;1.66;1;1
28562;16568.91;50;1.63;1;1
28563;15884.65;50;1.66;1;1
28564;16520.04;50;1.59;1;1
28565;16031.28;50;1.65;1;1
28566;16422.29;50;1.60;1;1
28567;15835.78;50;1.64;1;1
28568;16520.04;50;1.58;1;1
28569;16080.16;50;1.65;1;1
28570;16617.79;50;1.61;1;1
28571;16129.03;50;1.66;1;1
28572;16422.29;50;1.61;1;1
28573;16177.91;50;1.64;1;1
28574;16520.04;50;1.62;1;1
28575;15982.40;50;1.65;1;1
28576;16373.41;50;1.60;1;1
28577;16031.28;50;1.64;1;1
28578;16373.41;50;1.60;1;1
28579;15786.90;50;1.64;1;1
28580;16617.79;50;1.58;1;1
28581;15689.15;50;1.66;1;1
28582;16471.16;50;1.57;1;1
28583;15982.40;50;1.65;1;1
28584;16471.16;50;1.60;1;1
28585;16177.91;50;1.65;1;1
28586;16373.41;50;1.62;1;1
28587;16275.66;50;1.64;1;1
28588;16471.16;50;1.63;1;1
28589;16080.16;50;1.65;1;1
28590;16520.04;50;1.61;1;1
28591;16324.54;50;1.65;1;1
28592;16275.66;50;1.63;1;1
28593;16080.16;50;1.63;1;1
28594;16226.78;50;1.61;1;1
28595;16129.03;50;1.62;1;1
28596;16129.03;50;1.61;1;1
28597;16080.16;50;1.61;1;1
28598;16031.28;50;1.61;1;1
28599;16129.03;50;1.60;1;1
28600;16324.54;50;1.61;1;1
28601;16275.66;50;1.63;1;1
28602;16226.78;50;1.63;1;1
28603;16617.79;50;1.62;1;1
28604;16226.78;50;1.66;1;1
28605;16324.54;50;1.62;1;1
28606;16226.78;50;1.63;1;1
28607;16520.04;50;1.62;1;1
28608;16226.78;50;1.65;1;1
28609;16471.16;50;1.62;1;1
28610;16275.66;50;1.65;1;1
28611;16422.29;50;1.63;1;1
28612;16275.66;50;1.64;1;1
28613;16324.54;50;1.63;1;1
28614;15982.40;50;1.63;1;1
28615;16373.41;50;1.60;1;1
28616;15933.53;50;1.64;1;1
28617;16275.66;50;1.59;1;1
28618;16080.16;50;1.63;1;1
28619;16422.29;50;1.61;1;1
28620;16080.16;50;1.64;1;1
28621;16471.16;50;1.61;1;1
28622;15933.53;50;1.65;1;1
28623;16520.04;50;1.59;1;1
28624;16080.16;50;1.65;1;1
28625;16715.54;50;1.61;1;1
28626;15982.40;50;1.67;1;1
28627;16568.91;50;1.60;1;1
28628;15982.40;50;1.66;1;1
28629;16568.91;50;1.60;1;1
28630;16129.03;50;1.66;1;1
28631;16324.54;50;1.61;1;1
28632;16177.91;50;1.63;1;1
28633;16764.42;50;1.62;1;1
28634;16275.66;50;1.68;1;1
28635;16617.79;50;1.63;1;1
28636;16226.78;50;1.66;1;1
28637;16568.91;50;1.62;1;1
28638;16275.66;50;1.66;1;1
28639;16568.91;50;1.63;1;1
28640;16275.66;50;1.66;1;1
28641;16471.16;50;1.63;1;1
28642;16324.54;50;1.65;1;1
28643;16520.04;50;1.63;1;1
28644;16422.29;50;1.65;1;1
28645;16422.29;50;1.64;1;1
28646;16177.91;50;1.64;1;1
28647;16520.04;50;1.62;1;1
28648;16373.41;50;1.65;1;1
28649;16568.91;50;1.64;1;1
28650;16177.91;50;1.66;1;1
28651;16520.04;50;1.62;1;1
28652;16275.66;50;1.65;1;1
28653;16764.42;50;1.63;1;1
28654;16177.91;50;1.68;1;1
28655;16568.91;50;1.62;1;1
28656;16275.66;50;1.66;1;1
28657;16715.54;50;1.63;1;1
28658;16226.78;50;1.67;1;1
28659;16520.04;50;1.62;1;1
28660;16226.78;50;1.65;1;1
28661;16666.67;50;1.62;1;1
28662;16129.03;50;1.67;1;1
28663;16715.54;50;1.61;1;1
28664;16373.41;50;1.67;1;1
28665;16764.42;50;1.64;1;1
28666;16226.78;50;1.68;1;1
28667;16764.42;50;1.62;1;1
28668;16324.54;50;1.68;1;1
28669;16715.54;50;1.63;1;1
28670;16177.91;50;1.67;1;1
28671;16764.42;50;1.62;1;1
28672;16080.16;50;1.68;1;1
28673;16715.54;50;1.61;1;1
28674;16226.78;50;1.67;1;1
28675;16911.04;50;1.62;1;1
28676;16177.91;50;1.69;1;1
28677;16862.17;50;1.62;1;1
28678;16226.78;50;1.69;1;1
28679;16862.17;50;1.62;1;1
28680;15982.40;50;1.69;1;1
28681;16764.42;50;1.60;1;1
28682;15884.65;50;1.68;1;1
28683;16666.67;50;1.59;1;1
28684;15786.90;50;1.67;1;1
28685;16862.17;50;1.58;1;1
28686;16080.16;50;1.69;1;1
28687;16666.67;50;1.61;1;1
28688;16080.16;50;1.67;1;1
28689;16764.42;50;1.61;1;1
28690;16031.28;50;1.68;1;1
28691;16764.42;50;1.60;1;1
28692;16031.28;50;1.68;1;1
28693;16715.54;50;1.60;1;1
28694;15933.53;50;1.67;1;1
28695;16764.42;50;1.59;1;1
28696;15982.40;50;1.68;1;1
28697;16568.91;50;1.60;1;1
28698;15982.40;50;1.66;1;1
28699;16568.91;50;1.60;1;1
28700;16177.91;50;1.66;1;1
28701;17302.05;50;1.62;1;1
28702;16031.28;50;1.73;1;1
28703;16617.79;50;1.60;1;1
28704;15982.40;50;1.66;1;1
28705;16568.91;50;1.60;1;1
28706;16129.03;50;1.66;1;1
28707;16568.91;50;1.61;1;1
28708;15933.53;50;1.66;1;1
28709;16666.67;50;1.59;1;1
28710;16031.28;50;1.67;1;1
28711;16666.67;50;1.60;1;1
28712;15982.40;50;1.67;1;1
28713;16666.67;50;1.60;1;1
28714;16080.16;50;1.67;1;1
28715;16568.91;50;1.61;1;1
28716;16031.28;50;1.66;1;1
28717;16715.54;50;1.60;1;1
28718;15982.40;50;1.67;1;1
28719;16520.04;50;1.60;1;1
28720;16080.16;50;1.65;1;1
28721;16862.17;50;1.61;1;1
28722;16031.28;50;1.69;1;1
28723;16666.67;50;1.60;1;1
28724;16080.16;50;1.67;1;1
28725;16715.54;50;1.61;1;1
28726;16080.16;50;1.67;1;1
28727;17155.43;50;1.61;1;1
28728;16031.28;50;1.72;1;1
28729;16617.79;50;1.60;1;1
28730;16177.91;50;1.66;1;1
28731;16568.91;50;1.62;1;1
28732;16129.03;50;1.66;1;1
28733;16471.16;50;1.61;1;1
28734;16031.28;50;1.65;1;1
28735;16617.79;50;1.60;1;1
28736;15982.40;50;1.66;1;1
28737;16617.79;50;1.60;1;1
28738;16031.28;50;1.66;1;1
28739;16617.79;50;1.60;1;1
28740;16373.41;50;1.66;1;1
28741;16666.67;50;1.64;1;1
28742;16080.16;50;1.67;1;1
28743;16666.67;50;1.61;1;1
28744;16177.91;50;1.67;1;1
28745;16715.54;50;1.62;1;1
28746;16129.03;50;1.67;1;1
28747;16666.67;50;1.61;1;1
28748;16177.91;50;1.67;1;1
28749;16715.54;50;1.62;1;1
28750;16080.16;50;1.67;1;1
28751;16617.79;50;1.61;1;1
28752;16177.91;50;1.66;1;1
28753;16373.41;50;1.62;1;1
28754;16177.91;50;1.64;1;1
28755;16617.79;50;1.62;1;1
28756;16275.66;50;1.66;1;1
28757;16520.04;50;1.63;1;1
28758;16080.16;50;1.65;1;1
28759;16520.04;50;1.61;1;1
28760;16177.91;50;1.65;1;1
28761;16422.29;50;1.62;1;1
28762;16422.29;50;1.64;1;1
28763;16715.54;50;1.64;1;1
28764;16177.91;50;1.67;1;1
28765;16617.79;50;1.62;1;1
28766;16177.91;50;1.66;1;1
28767;16520.04;50;1.62;1;1
28768;16275.66;50;1.65;1;1
28769;16568.91;50;1.63;1;1
28770;16275.66;50;1.66;1;1
28771;16422.29;50;1.63;1;1
28772;16226.78;50;1.64;1;1
28773;16666.67;50;1.62;1;1
28774;16226.78;50;1.67;1;1
28775;16666.67;50;1.62;1;1
28776;16177.91;50;1.67;1;1
28777;16666.67;50;1.62;1;1
28778;16177.91;50;1.67;1;1
28779;16715.54;50;1.62;1;1
28780;16275.66;50;1.67;1;1
28781;16764.42;50;1.63;1;1
28782;16324.54;50;1.68;1;1
28783;16617.79;50;1.63;1;1
28784;16471.16;50;1.66;1;1
28785;16617.79;50;1.65;1;1
28786;16422.29;50;1.66;1;1
28787;16617.79;50;1.64;1;1
28788;16520.04;50;1.66;1;1
28789;16471.16;50;1.65;1;1
28790;16275.66;50;1.65;1;1
28791;16715.54;50;1.63;1;1
28792;16324.54;50;1.67;1;1
28793;16568.91;50;1.63;1;1
28794;16471.16;50;1.66;1;1
28795;16568.91;50;1.65;1;1
28796;16324.54;50;1.66;1;1
28797;16471.16;50;1.63;1;1
28798;16471.16;50;1.65;1;1
28799;16617.79;50;1.65;1;1
28800;16520.04;50;1.66;1;1
28801;16422.29;50;1.65;1;1
28802;16520.04;50;1.64;1;1
28803;16275.66;50;1.65;1;1
28804;16324.54;50;1.63;1;1
28805;16373.41;50;1.63;1;1
28806;16373.41;50;1.64;1;1
28807;16422.29;50;1.64;1;1
28808;16520.04;50;1.64;1;1
28809;16080.16;50;1.65;1;1
28810;16275.66;50;1.61;1;1
28811;16226.78;50;1.63;1;1
28812;16422.29;50;1.62;1;1
28813;16177.91;50;1.64;1;1
28814;16617.79;50;1.62;1;1
28815;16080.16;50;1.66;1;1
28816;16324.54;50;1.61;1;1
28817;16226.78;50;1.63;1;1
28818;16568.91;50;1.62;1;1
28819;16177.91;50;1.66;1;1
28820;16471.16;50;1.62;1;1
28821;16129.03;50;1.65;1;1
28822;16520.04;50;1.61;1;1
28823;16080.16;50;1.65;1;1
28824;16715.54;50;1.61;1;1
28825;15933.53;50;1.67;1;1
28826;16764.42;50;1.59;1;1
28827;16129.03;50;1.68;1;1
28828;16520.04;50;1.61;1;1
28829;16080.16;50;1.65;1;1
28830;16617.79;50;1.61;1;1
28831;15982.40;50;1.66;1;1
28832;16568.91;50;1.60;1;1
28833;16031.28;50;1.66;1;1
28834;16617.79;50;1.60;1;1
28835;15835.78;50;1.66;1;1
28836;16520.04;50;1.58;1;1
28837;15982.40;50;1.65;1;1
28838;16617.79;50;1.60;1;1
28839;16031.28;50;1.66;1;1
28840;16715.54;50;1.60;1;1
28841;15933.53;50;1.67;1;1
28842;16666.67;50;1.59;1;1
28843;15982.40;50;1.67;1;1
28844;16568.91;50;1.60;1;1
28845;15884.65;50;1.66;1;1
28846;16520.04;50;1.59;1;1
28847;15982.40;50;1.65;1;1
28848;16568.91;50;1.60;1;1
28849;16031.28;50;1.66;1;1
28850;16666.67;50;1.60;1;1
28851;16080.16;50;1.67;1;1
28852;16617.79;50;1.61;1;1
28853;15933.53;50;1.66;1;1
28854;16568.91;50;1.59;1;1
28855;15884.65;50;1.66;1;1
28856;16813.29;50;1.59;1;1
28857;15835.78;50;1.68;1;1
28858;16568.91;50;1.58;1;1
28859;15933.53;50;1.66;1;1
28860;16666.67;50;1.59;1;1
28861;15884.65;50;1.67;1;1
28862;16617.79;50;1.59;1;1
28863;15786.90;50;1.66;1;1
28864;16617.79;50;1.58;1;1
28865;15835.78;50;1.66;1;1
28866;16617.79;50;1.58;1;1
28867;15884.65;50;1.66;1;1
28868;16520.04;50;1.59;1;1
28869;15933.53;50;1.65;1;1
28870;16617.79;50;1.59;1;1
28871;15884.65;50;1.66;1;1
28872;16617.79;50;1.59;1;1
28873;15982.40;50;1.66;1;1
28874;16568.91;50;1.60;1;1
28875;16129.03;50;1.66;1;1
28876;16520.04;50;1.61;1;1
28877;16080.16;50;1.65;1;1
28878;16617.79;50;1.61;1;1
28879;16080.16;50;1.66;1;1
28880;16715.54;50;1.61;1;1
28881;15982.40;50;1.67;1;1
28882;16764.42;50;1.60;1;1
28883;16080.16;50;1.68;1;1
28884;16715.54;50;1.61;1;1
28885;16177.91;50;1.67;1;1
28886;16617.79;50;1.62;1;1
28887;16129.03;50;1.66;1;1
28888;16813.29;50;1.61;1;1
28889;16031.28;50;1.68;1;1
28890;16568.91;50;1.60;1;1
28891;16080.16;50;1.66;1;1
28892;16715.54;50;1.61;1;1
28893;16177.91;50;1.67;1;1
28894;16520.04;50;1.62;1;1
28895;16129.03;50;1.65;1;1
28896;16568.91;50;1.61;1;1
28897;16813.29;50;1.66;1;1
28898;16666.67;50;1.68;1;1
28899;16275.66;50;1.67;1;1
28900;16520.04;50;1.63;1;1
28901;16471.16;50;1.65;1;1
28902;16520.04;50;1.65;1;1
28903;16422.29;50;1.65;1;1
28904;16471.16;50;1.64;1;1
28905;16422.29;50;1.65;1;1
28906;16275.66;50;1.64;1;1
28907;16324.54;50;1.63;1;1
28908;16422.29;50;1.63;1;1
28909;16422.29;50;1.64;1;1
28910;16422.29;50;1.64;1;1
28911;16520.04;50;1.64;1;1
28912;16373.41;50;1.65;1;1
28913;16471.16;50;1.64;1;1
28914;16324.54;50;1.65;1;1
28915;16520.04;50;1.63;1;1
28916;16275.66;50;1.65;1;1
28917;16422.29;50;1.63;1;1
28918;16275.66;50;1.64;1;1
28919;16422.29;50;1.63;1;1
28920;16226.78;50;1.64;1;1
28921;16617.79;50;1.62;1;1
28922;16226.78;50;1.66;1;1
28923;16568.91;50;1.62;1;1
28924;16129.03;50;1.66;1;1
28925;16568.91;50;1.61;1;1
28926;16129.03;50;1.66;1;1
28927;16471.16;50;1.61;1;1
28928;16080.16;50;1.65;1;1
28929;16715.54;50;1.61;1;1
28930;16031.28;50;1.67;1;1
28931;16666.67;50;1.60;1;1
28932;16080.16;50;1.67;1;1
28933;16568.91;50;1.61;1;1
28934;15933.53;50;1.66;1;1
28935;16715.54;50;1.59;1;1
28936;15982.40;50;1.67;1;1
28937;16520.04;50;1.60;1;1
28938;15982.40;50;1.65;1;1
28939;16471.16;50;1.60;1;1
28940;15982.40;50;1.65;1;1
28941;16520.04;50;1.60;1;1
28942;15933.53;50;1.65;1;1
28943;16422.29;50;1.59;1;1
28944;15884.65;50;1.64;1;1
28945;16568.91;50;1.59;1;1
28946;15884.65;50;1.66;1;1
28947;16520.04;50;1.59;1;1
28948;15982.40;50;1.65;1;1
28949;16617.79;50;1.60;1;1
28950;15933.53;50;1.66;1;1
28951;16666.67;50;1.59;1;1
28952;16031.28;50;1.67;1;1
28953;16471.16;50;1.60;1;1
28954;15933.53;50;1.65;1;1
28955;16617.79;50;1.59;1;1
28956;16031.28;50;1.66;1;1
28957;16617.79;50;1.60;1;1
28958;15884.65;50;1.66;1;1
28959;16666.67;50;1.59;1;1
28960;15933.53;50;1.67;1;1
28961;16568.91;50;1.59;1;1
28962;16031.28;50;1.66;1;1
28963;16568.91;50;1.60;1;1
28964;16031.28;50;1.66;1;1
28965;16617.79;50;1.60;1;1
28966;15884.65;50;1.66;1;1
28967;16568.91;50;1.59;1;1
28968;16031.28;50;1.66;1;1
28969;16471.16;50;1.60;1;1
28970;15933.53;50;1.65;1;1
28971;16617.79;50;1.59;1;1
28972;15933.53;50;1.66;1;1
28973;16617.79;50;1.59;1;1
28974;15835.78;50;1.66;1;1
28975;16568.91;50;1.58;1;1
28976;15835.78;50;1.66;1;1
28977;16520.04;50;1.58;1;1
28978;15933.53;50;1.65;1;1
28979;16422.29;50;1.59;1;1
28980;15738.03;50;1.64;1;1
28981;16520.04;50;1.57;1;1
28982;15933.53;50;1.65;1;1
28983;16666.67;50;1.59;1;1
28984;15884.65;50;1.67;1;1
28985;16617.79;50;1.59;1;1
28986;16080.16;50;1.66;1;1
28987;16617.79;50;1.61;1;1
28988;16031.28;50;1.66;1;1
28989;16666.67;50;1.60;1;1
28990;15933.53;50;1.67;1;1
28991;16715.54;50;1.59;1;1
28992;16177.91;50;1.67;1;1
28993;16520.04;50;1.62;1;1
28994;16031.28;50;1.65;1;1
28995;16666.67;50;1.60;1;1
28996;15982.40;50;1.67;1;1
28997;16715.54;50;1.60;1;1
28998;16080.16;50;1.67;1;1
28999;16617.79;50;1.61;1;1
29000;16080.16;50;1.66;1;1
29001;16666.67;50;1.61;1;1
29002;16177.91;50;1.67;1;1
29003;16568.91;50;1.62;1;1
29004;16324.54;50;1.66;1;1
29005;16666.67;50;1.63;1;1
29006;16324.54;50;1.67;1;1
29007;16715.54;50;1.63;1;1
29008;16226.78;50;1.67;1;1
29009;16568.91;50;1.62;1;1
29010;16324.54;50;1.66;1;1
29011;16617.79;50;1.63;1;1
29012;16177.91;50;1.66;1;1
29013;16471.16;50;1.62;1;1
29014;16275.66;50;1.65;1;1
29015;16715.54;50;1.63;1;1
29016;16422.29;50;1.67;1;1
29017;16617.79;50;1.64;1;1
29018;16568.91;50;1.66;1;1
29019;16520.04;50;1.66;1;1
29020;16471.16;50;1.65;1;1
29021;16568.91;50;1.65;1;1
29022;16520.04;50;1.66;1;1
29023;16373.41;50;1.65;1;1
29024;16520.04;50;1.64;1;1
29025;16422.29;50;1.65;1;1
29026;16764.42;50;1.64;1;1
29027;16471.16;50;1.68;1;1
29028;16715.54;50;1.65;1;1
29029;16422.29;50;1.67;1;1
29030;16666.67;50;1.64;1;1
29031;16373.41;50;1.67;1;1
29032;16764.42;50;1.64;1;1
29033;16520.04;50;1.68;1;1
29034;16764.42;50;1.65;1;1
29035;16275.66;50;1.68;1;1
29036;16666.67;50;1.63;1;1
29037;16275.66;50;1.67;1;1
29038;16617.79;50;1.63;1;1
29039;16177.91;50;1.66;1;1
29040;16422.29;50;1.62;1;1
29041;16177.91;50;1.64;1;1
29042;16471.16;50;1.62;1;1
29043;16031.28;50;1.65;1;1
29044;16617.79;50;1.60;1;1
29045;16177.91;50;1.66;1;1
29046;16568.91;50;1.62;1;1
29047;16031.28;50;1.66;1;1
29048;16617.79;50;1.60;1;1
29049;15982.40;50;1.66;1;1
29050;16715.54;50;1.60;1;1
29051;16129.03;50;1.67;1;1
29052;16617.79;50;1.61;1;1
29053;16568.91;50;1.66;1;1
29054;16568.91;50;1.66;1;1
29055;15933.53;50;1.66;1;1
29056;16568.91;50;1.59;1;1
29057;15884.65;50;1.66;1;1
29058;16568.91;50;1.59;1;1
29059;15933.53;50;1.66;1;1
29060;16520.04;50;1.59;1;1
29061;15982.40;50;1.65;1;1
29062;16617.79;50;1.60;1;1
29063;15835.78;50;1.66;1;1
29064;16520.04;50;1.58;1;1
29065;15884.65;50;1.65;1;1
29066;16520.04;50;1.59;1;1
29067;15738.03;50;1.65;1;1
29068;16617.79;50;1.57;1;1
29069;15835.78;50;1.66;1;1
29070;16568.91;50;1.58;1;1
29071;15738.03;50;1.66;1;1
29072;16617.79;50;1.57;1;1
29073;15884.65;50;1.66;1;1
29074;16764.42;50;1.59;1;1
29075;15982.40;50;1.68;1;1
29076;16520.04;50;1.60;1;1
29077;15689.15;50;1.65;1;1
29078;16520.04;50;1.57;1;1
29079;15933.53;50;1.65;1;1
29080;16520.04;50;1.59;1;1
29081;15933.53;50;1.65;1;1
29082;16422.29;50;1.59;1;1
29083;15884.65;50;1.64;1;1
29084;16666.67;50;1.59;1;1
29085;15835.78;50;1.67;1;1
29086;16568.91;50;1.58;1;1
29087;15884.65;50;1.66;1;1
29088;16422.29;50;1.59;1;1
29089;15835.78;50;1.64;1;1
29090;16373.41;50;1.58;1;1
29091;15835.78;50;1.64;1;1
29092;16471.16;50;1.58;1;1
29093;16080.16;50;1.65;1;1
29094;16471.16;50;1.61;1;1
29095;16031.28;50;1.65;1;1
29096;16324.54;50;1.60;1;1
29097;16129.03;50;1.63;1;1
29098;16226.78;50;1.61;1;1
29099;16080.16;50;1.62;1;1
29100;16520.04;50;1.61;1;1
29101;16177.91;50;1.65;1;1
29102;16471.16;50;1.62;1;1
29103;16080.16;50;1.65;1;1
29104;16568.91;50;1.61;1;1
29105;16129.03;50;1.66;1;1
29106;16520.04;50;1.61;1;1
29107;16177.91;50;1.65;1;1
29108;16568.91;50;1.62;1;1
29109;16177.91;50;1.66;1;1
29110;16422.29;50;1.62;1;1
29111;16275.66;50;1.64;1;1
29112;16422.29;50;1.63;1;1
29113;16373.41;50;1.64;1;1
29114;16373.41;50;1.64;1;1
29115;16324.54;50;1.64;1;1
29116;16471.16;50;1.63;1;1
29117;16422.29;50;1.65;1;1
29118;16520.04;50;1.64;1;1
29119;16520.04;50;1.65;1;1
29120;16520.04;50;1.65;1;1
29121;16471.16;50;1.65;1;1
29122;16471.16;50;1.65;1;1
29123;16520.04;50;1.65;1;1
29124;16226.78;50;1.65;1;1
29125;16568.91;50;1.62;1;1
29126;16373.41;50;1.66;1;1
29127;16568.91;50;1.64;1;1
29128;16226.78;50;1.66;1;1
29129;16568.91;50;1.62;1;1
29130;16275.66;50;1.66;1;1
29131;16520.04;50;1.63;1;1
29132;16226.78;50;1.65;1;1
29133;16715.54;50;1.62;1;1
29134;16275.66;50;1.67;1;1
29135;16715.54;50;1.63;1;1
29136;16422.29;50;1.67;1;1
29137;16911.04;50;1.64;1;1
29138;16177.91;50;1.69;1;1
29139;16911.04;50;1.62;1;1
29140;16275.66;50;1.69;1;1
29141;16862.17;50;1.63;1;1
29142;16324.54;50;1.69;1;1
29143;16862.17;50;1.63;1;1
29144;16177.91;50;1.69;1;1
29145;16666.67;50;1.62;1;1
29146;16177.91;50;1.67;1;1
29147;16715.54;50;1.62;1;1
29148;16226.78;50;1.67;1;1
29149;16862.17;50;1.62;1;1
29150;16177.91;50;1.69;1;1
29151;16764.42;50;1.62;1;1
29152;16226.78;50;1.68;1;1
29153;16715.54;50;1.62;1;1
29154;16129.03;50;1.67;1;1
29155;16813.29;50;1.61;1;1
29156;16177.91;50;1.68;1;1
29157;17008.80;50;1.62;1;1
29158;16226.78;50;1.70;1;1
29159;16715.54;50;1.62;1;1
29160;16080.16;50;1.67;1;1
29161;16911.04;50;1.61;1;1
29162;16031.28;50;1.69;1;1
29163;16764.42;50;1.60;1;1
29164;16031.28;50;1.68;1;1
29165;16911.04;50;1.60;1;1
29166;16080.16;50;1.69;1;1
29167;16471.16;50;1.61;1;1
29168;16080.16;50;1.65;1;1
29169;16715.54;50;1.61;1;1
29170;16129.03;50;1.67;1;1
29171;16715.54;50;1.61;1;1
29172;16129.03;50;1.67;1;1
29173;16764.42;50;1.61;1;1
29174;16031.28;50;1.68;1;1
29175;16666.67;50;1.60;1;1
29176;15982.40;50;1.67;1;1
29177;16666.67;50;1.60;1;1
29178;15982.40;50;1.67;1;1
29179;16666.67;50;1.60;1;1
29180;16031.28;50;1.67;1;1
29181;16617.79;50;1.60;1;1
29182;16324.54;50;1.66;1;1
29183;16862.17;50;1.63;1;1
29184;16422.29;50;1.69;1;1
29185;16813.29;50;1.64;1;1
29186;16275.66;50;1.68;1;1
29187;16715.54;50;1.63;1;1
29188;16324.54;50;1.67;1;1
29189;16813.29;50;1.63;1;1
29190;16373.41;50;1.68;1;1
29191;16764.42;50;1.64;1;1
29192;16129.03;50;1.68;1;1
29193;16666.67;50;1.61;1;1
29194;16275.66;50;1.67;1;1
29195;16471.16;50;1.63;1;1
29196;16226.78;50;1.65;1;1
29197;16471.16;50;1.62;1;1
29198;16422.29;50;1.65;1;1
29199;16715.54;50;1.64;1;1
29200;16324.54;50;1.67;1;1
29201;16715.54;50;1.63;1;1
29202;16129.03;50;1.67;1;1
29203;16471.16;50;1.61;1;1
29204;16080.16;50;1.65;1;1
29205;16568.91;50;1.61;1;1
29206;16080.16;50;1.66;1;1
29207;16422.29;50;1.61;1;1
29208;16275.66;50;1.64;1;1
29209;16764.42;50;1.63;1;1
29210;16177.91;50;1.68;1;1
29211;16715.54;50;1.62;1;1
29212;16422.29;50;1.67;1;1
29213;16520.04;50;1.64;1;1
29214;16324.54;50;1.65;1;1
29215;16862.17;50;1.63;1;1
29216;16324.54;50;1.69;1;1
29217;16617.79;50;1.63;1;1
29218;16226.78;50;1.66;1;1
29219;16617.79;50;1.62;1;1
29220;16324.54;50;1.66;1;1
29221;16617.79;50;1.63;1;1
29222;16471.16;50;1.66;1;1
29223;16568.91;50;1.65;1;1
29224;16471.16;50;1.66;1;1
29225;16617.79;50;1.65;1;1
29226;16520.04;50;1.66;1;1
29227;16813.29;50;1.65;1;1
29228;16471.16;50;1.68;1;1
29229;16666.67;50;1.65;1;1
29230;16520.04;50;1.67;1;1
29231;16666.67;50;1.65;1;1
29232;16666.67;50;1.67;1;1
29233;16617.79;50;1.67;1;1
29234;16520.04;50;1.66;1;1
29235;16471.16;50;1.65;1;1
29236;16520.04;50;1.65;1;1
29237;16813.29;50;1.65;1;1
29238;16764.42;50;1.68;1;1
29239;16617.79;50;1.68;1;1
29240;16617.79;50;1.66;1;1
29241;16911.04;50;1.66;1;1
29242;16422.29;50;1.69;1;1
29243;16862.17;50;1.64;1;1
29244;16373.41;50;1.69;1;1
29245;16959.92;50;1.64;1;1
29246;16617.79;50;1.70;1;1
29247;17008.80;50;1.66;1;1
29248;16471.16;50;1.70;1;1
29249;16911.04;50;1.65;1;1
29250;16373.41;50;1.69;1;1
29251;16911.04;50;1.64;1;1
29252;16666.67;50;1.69;1;1
29253;17008.80;50;1.67;1;1
29254;16568.91;50;1.70;1;1
29255;16862.17;50;1.66;1;1
29256;16275.66;50;1.69;1;1
29257;16862.17;50;1.63;1;1
29258;16373.41;50;1.69;1;1
29259;16862.17;50;1.64;1;1
29260;16666.67;50;1.69;1;1
29261;16911.04;50;1.67;1;1
29262;16666.67;50;1.69;1;1
29263;16813.29;50;1.67;1;1
29264;16520.04;50;1.68;1;1
29265;16568.91;50;1.65;1;1
29266;16471.16;50;1.66;1;1
29267;16568.91;50;1.65;1;1
29268;16520.04;50;1.66;1;1
29269;16471.16;50;1.65;1;1
29270;16471.16;50;1.65;1;1
29271;16422.29;50;1.65;1;1
29272;16520.04;50;1.64;1;1
29273;16520.04;50;1.65;1;1
29274;16715.54;50;1.65;1;1
29275;16275.66;50;1.67;1;1
29276;16568.91;50;1.63;1;1
29277;16373.41;50;1.66;1;1
29278;16275.66;50;1.64;1;1
29279;16031.28;50;1.63;1;1
29280;16324.54;50;1.60;1;1
29281;15982.40;50;1.63;1;1
29282;16275.66;50;1.60;1;1
29283;15933.53;50;1.63;1;1
29284;16324.54;50;1.59;1;1
29285;15982.40;50;1.63;1;1
29286;16568.91;50;1.60;1;1
29287;16226.78;50;1.66;1;1
29288;16764.42;50;1.62;1;1
29289;16422.29;50;1.68;1;1
29290;16911.04;50;1.64;1;1
29291;16129.03;50;1.69;1;1
29292;16959.92;50;1.61;1;1
29293;16226.78;50;1.70;1;1
29294;16764.42;50;1.62;1;1
29295;16177.91;50;1.68;1;1
29296;16568.91;50;1.62;1;1
29297;16177.91;50;1.66;1;1
29298;16617.79;50;1.62;1;1
29299;16275.66;50;1.66;1;1
29300;16617.79;50;1.63;1;1
29301;16129.03;50;1.66;1;1
29302;16617.79;50;1.61;1;1
29303;16129.03;50;1.66;1;1
29304;16764.42;50;1.61;1;1
29305;16031.28;50;1.68;1;1
29306;16617.79;50;1.60;1;1
29307;16275.66;50;1.66;1;1
29308;16715.54;50;1.63;1;1
29309;16275.66;50;1.67;1;1
29310;16813.29;50;1.63;1;1
29311;16177.91;50;1.68;1;1
29312;16715.54;50;1.62;1;1
29313;16129.03;50;1.67;1;1
29314;16862.17;50;1.61;1;1
29315;16129.03;50;1.69;1;1
29316;16813.29;50;1.61;1;1
29317;16275.66;50;1.68;1;1
29318;16764.42;50;1.63;1;1
29319;16177.91;50;1.68;1;1
29320;16764.42;50;1.62;1;1
29321;15933.53;50;1.68;1;1
29322;16666.67;50;1.59;1;1
29323;16031.28;50;1.67;1;1
29324;16568.91;50;1.60;1;1
29325;16275.66;50;1.66;1;1
29326;16813.29;50;1.63;1;1
29327;16226.78;50;1.68;1;1
29328;16911.04;50;1.62;1;1
29329;16177.91;50;1.69;1;1
29330;16862.17;50;1.62;1;1
29331;16177.91;50;1.69;1;1
29332;16862.17;50;1.62;1;1
29333;16177.91;50;1.69;1;1
29334;16862.17;50;1.62;1;1
29335;16275.66;50;1.69;1;1
29336;16862.17;50;1.63;1;1
29337;16129.03;50;1.69;1;1
29338;16715.54;50;1.61;1;1
29339;16177.91;50;1.67;1;1
29340;16862.17;50;1.62;1;1
29341;16080.16;50;1.69;1;1
29342;16666.67;50;1.61;1;1
29343;16226.78;50;1.67;1;1
29344;16764.42;50;1.62;1;1
29345;16226.78;50;1.68;1;1
29346;16911.04;50;1.62;1;1
29347;16177.91;50;1.69;1;1
29348;16911.04;50;1.62;1;1
29349;16226.78;50;1.69;1;1
29350;16813.29;50;1.62;1;1
29351;16373.41;50;1.68;1;1
29352;16862.17;50;1.64;1;1
29353;16275.66;50;1.69;1;1
29354;17008.80;50;1.63;1;1
29355;16080.16;50;1.70;1;1
29356;16959.92;50;1.61;1;1
29357;16324.54;50;1.70;1;1
29358;17057.67;50;1.63;1;1
29359;16324.54;50;1.71;1;1
29360;16862.17;50;1.63;1;1
29361;16324.54;50;1.69;1;1
29362;16911.04;50;1.63;1;1
29363;16324.54;50;1.69;1;1
29364;16911.04;50;1.63;1;1
29365;16177.91;50;1.69;1;1
29366;16911.04;50;1.62;1;1
29367;16275.66;50;1.69;1;1
29368;17008.80;50;1.63;1;1
29369;16373.41;50;1.70;1;1
29370;16959.92;50;1.64;1;1
29371;16324.54;50;1.70;1;1
29372;16911.04;50;1.63;1;1
29373;16373.41;50;1.69;1;1
29374;16911.04;50;1.64;1;1
29375;16226.78;50;1.69;1;1
29376;16911.04;50;1.62;1;1
29377;16226.78;50;1.69;1;1
29378;16764.42;50;1.62;1;1
29379;16471.16;50;1.68;1;1
29380;16862.17;50;1.65;1;1
29381;16471.16;50;1.69;1;1
29382;16813.29;50;1.65;1;1
29383;16764.42;50;1.68;1;1
29384;16862.17;50;1.68;1;1
29385;16764.42;50;1.69;1;1
29386;16862.17;50;1.68;1;1
29387;16715.54;50;1.69;1;1
29388;16715.54;50;1.67;1;1
29389;16813.29;50;1.67;1;1
29390;16911.04;50;1.68;1;1
29391;16666.67;50;1.69;1;1
29392;16715.54;50;1.67;1;1
29393;16764.42;50;1.67;1;1
29394;16959.92;50;1.68;1;1
29395;16862.17;50;1.70;1;1
29396;16715.54;50;1.69;1;1
29397;16813.29;50;1.67;1;1
29398;16715.54;50;1.68;1;1
29399;17057.67;50;1.67;1;1
29400;16862.17;50;1.71;1;1
29401;16617.79;50;1.69;1;1
29402;16617.79;50;1.66;1;1
29403;16568.91;50;1.66;1;1
29404;16520.04;50;1.66;1;1
29405;16862.17;50;1.65;1;1
29406;16471.16;50;1.69;1;1
29407;16617.79;50;1.65;1;1
29408;16568.91;50;1.66;1;1
29409;16617.79;50;1.66;1;1
29410;16324.54;50;1.66;1;1
29411;16617.79;50;1.63;1;1
29412;16471.16;50;1.66;1;1
29413;16666.67;50;1.65;1;1
29414;16373.41;50;1.67;1;1
29415;16764.42;50;1.64;1;1
29416;16422.29;50;1.68;1;1
29417;16568.91;50;1.64;1;1
29418;16373.41;50;1.66;1;1
29419;16715.54;50;1.64;1;1
29420;16617.79;50;1.67;1;1
29421;16666.67;50;1.66;1;1
29422;16568.91;50;1.67;1;1
29423;16813.29;50;1.66;1;1
29424;16373.41;50;1.68;1;1
29425;16715.54;50;1.64;1;1
29426;16422.29;50;1.67;1;1
29427;16764.42;50;1.64;1;1
29428;16471.16;50;1.68;1;1
29429;16715.54;50;1.65;1;1
29430;16422.29;50;1.67;1;1
29431;16715.54;50;1.64;1;1
29432;16373.41;50;1.67;1;1
29433;16813.29;50;1.64;1;1
29434;16373.41;50;1.68;1;1
29435;16862.17;50;1.64;1;1
29436;16422.29;50;1.69;1;1
29437;16813.29;50;1.64;1;1
29438;16471.16;50;1.68;1;1
29439;16764.42;50;1.65;1;1
29440;16226.78;50;1.68;1;1
29441;16715.54;50;1.62;1;1
29442;16177.91;50;1.67;1;1
29443;16764.42;50;1.62;1;1
29444;16324.54;50;1.68;1;1
29445;16715.54;50;1.63;1;1
29446;16617.79;50;1.67;1;1
29447;16764.42;50;1.66;1;1
29448;16422.29;50;1.68;1;1
29449;16813.29;50;1.64;1;1
29450;16324.54;50;1.68;1;1
29451;16813.29;50;1.63;1;1
29452;16275.66;50;1.68;1;1
29453;16813.29;50;1.63;1;1
29454;16275.66;50;1.68;1;1
29455;16715.54;50;1.63;1;1
29456;16177.91;50;1.67;1;1
29457;17595.31;50;1.62;1;1
29458;16275.66;50;1.76;1;1
29459;16666.67;50;1.63;1;1
29460;16177.91;50;1.67;1;1
29461;16715.54;50;1.62;1;1
29462;16177.91;50;1.67;1;1
29463;16813.29;50;1.62;1;1
29464;16226.78;50;1.68;1;1
29465;16959.92;50;1.62;1;1
29466;16324.54;50;1.70;1;1
29467;16715.54;50;1.63;1;1
29468;16080.16;50;1.67;1;1
29469;16862.17;50;1.61;1;1
29470;16129.03;50;1.69;1;1
29471;16813.29;50;1.61;1;1
29472;16177.91;50;1.68;1;1
29473;17057.67;50;1.62;1;1
29474;16373.41;50;1.71;1;1
29475;16959.92;50;1.64;1;1
29476;16226.78;50;1.70;1;1
29477;17008.80;50;1.62;1;1
29478;16471.16;50;1.70;1;1
29479;16862.17;50;1.65;1;1
29480;16275.66;50;1.69;1;1
29481;17106.55;50;1.63;1;1
29482;16226.78;50;1.71;1;1
29483;16862.17;50;1.62;1;1
29484;16226.78;50;1.69;1;1
29485;17008.80;50;1.62;1;1
29486;16471.16;50;1.70;1;1
29487;17008.80;50;1.65;1;1
29488;16373.41;50;1.70;1;1
29489;17008.80;50;1.64;1;1
29490;16471.16;50;1.70;1;1
29491;17106.55;50;1.65;1;1
29492;16471.16;50;1.71;1;1
29493;17155.43;50;1.65;1;1
29494;16520.04;50;1.72;1;1
29495;17204.30;50;1.65;1;1
29496;16568.91;50;1.72;1;1
29497;17106.55;50;1.66;1;1
29498;16324.54;50;1.71;1;1
29499;16911.04;50;1.63;1;1
29500;16471.16;50;1.69;1;1
29501;17106.55;50;1.65;1;1
29502;16324.54;50;1.71;1;1
29503;17057.67;50;1.63;1;1
29504;16373.41;50;1.71;1;1
29505;17155.43;50;1.64;1;1
29506;16422.29;50;1.72;1;1
29507;16959.92;50;1.64;1;1
29508;16813.29;50;1.70;1;1
29509;17008.80;50;1.68;1;1
29510;16520.04;50;1.70;1;1
29511;17057.67;50;1.65;1;1
29512;16471.16;50;1.71;1;1
29513;17155.43;50;1.65;1;1
29514;16617.79;50;1.72;1;1
29515;17008.80;50;1.66;1;1
29516;16373.41;50;1.70;1;1
29517;16911.04;50;1.64;1;1
29518;16617.79;50;1.69;1;1
29519;17008.80;50;1.66;1;1
29520;16617.79;50;1.70;1;1
29521;16764.42;50;1.66;1;1
29522;16471.16;50;1.68;1;1
29523;17057.67;50;1.65;1;1
29524;16422.29;50;1.71;1;1
29525;17204.30;50;1.64;1;1
29526;16471.16;50;1.72;1;1
29527;17497.56;50;1.65;1;1
29528;16520.04;50;1.75;1;1
29529;16764.42;50;1.65;1;1
29530;16422.29;50;1.68;1;1
29531;16862.17;50;1.64;1;1
29532;16520.04;50;1.69;1;1
29533;16862.17;50;1.65;1;1
29534;16471.16;50;1.69;1;1
29535;16666.67;50;1.65;1;1
29536;16324.54;50;1.67;1;1
29537;16764.42;50;1.63;1;1
29538;16422.29;50;1.68;1;1
29539;16813.29;50;1.64;1;1
29540;16520.04;50;1.68;1;1
29541;16715.54;50;1.65;1;1
29542;16520.04;50;1.67;1;1
29543;16520.04;50;1.65;1;1
29544;16422.29;50;1.65;1;1
29545;16617.79;50;1.64;1;1
29546;16471.16;50;1.66;1;1
29547;16422.29;50;1.65;1;1
29548;16666.67;50;1.64;1;1
29549;16715.54;50;1.67;1;1
29550;16617.79;50;1.67;1;1
29551;16568.91;50;1.66;1;1
29552;16666.67;50;1.66;1;1
29553;16471.16;50;1.67;1;1
29554;16520.04;50;1.65;1;1
29555;16373.41;50;1.65;1;1
29556;16471.16;50;1.64;1;1
29557;16422.29;50;1.65;1;1
29558;16666.67;50;1.64;1;1
29559;16373.41;50;1.67;1;1
29560;16666.67;50;1.64;1;1
29561;16422.29;50;1.67;1;1
29562;16715.54;50;1.64;1;1
29563;16520.04;50;1.67;1;1
29564;16520.04;50;1.65;1;1
29565;16373.41;50;1.65;1;1
29566;16568.91;50;1.64;1;1
29567;16520.04;50;1.66;1;1
29568;16666.67;50;1.65;1;1
29569;16373.41;50;1.67;1;1
29570;16764.42;50;1.64;1;1
29571;16520.04;50;1.68;1;1
29572;16568.91;50;1.65;1;1
29573;16275.66;50;1.66;1;1
29574;16911.04;50;1.63;1;1
29575;16471.16;50;1.69;1;1
29576;16715.54;50;1.65;1;1
29577;16422.29;50;1.67;1;1
29578;16715.54;50;1.64;1;1
29579;16373.41;50;1.67;1;1
29580;16617.79;50;1.64;1;1
29581;16568.91;50;1.66;1;1
29582;16764.42;50;1.66;1;1
29583;16373.41;50;1.68;1;1
29584;16471.16;50;1.64;1;1
29585;16275.66;50;1.65;1;1
29586;16666.67;50;1.63;1;1
29587;16422.29;50;1.67;1;1
29588;16666.67;50;1.64;1;1
29589;16324.54;50;1.67;1;1
29590;16764.42;50;1.63;1;1
29591;16422.29;50;1.68;1;1
29592;16911.04;50;1.64;1;1
29593;16422.29;50;1.69;1;1
29594;16862.17;50;1.64;1;1
29595;16324.54;50;1.69;1;1
29596;17057.67;50;1.63;1;1
29597;16373.41;50;1.71;1;1
29598;16862.17;50;1.64;1;1
29599;16226.78;50;1.69;1;1
29600;16715.54;50;1.62;1;1
29601;16129.03;50;1.67;1;1
29602;16813.29;50;1.61;1;1
29603;16471.16;50;1.68;1;1
29604;16764.42;50;1.65;1;1
29605;16177.91;50;1.68;1;1
29606;16813.29;50;1.62;1;1
29607;16275.66;50;1.68;1;1
29608;17008.80;50;1.63;1;1
29609;16226.78;50;1.70;1;1
29610;17546.43;50;1.62;1;1
29611;16324.54;50;1.75;1;1
29612;16862.17;50;1.63;1;1
29613;16324.54;50;1.69;1;1
29614;17057.67;50;1.63;1;1
29615;16373.41;50;1.71;1;1
29616;17155.43;50;1.64;1;1
29617;16568.91;50;1.72;1;1
29618;17350.93;50;1.66;1;1
29619;16520.04;50;1.74;1;1
29620;17204.30;50;1.65;1;1
29621;16471.16;50;1.72;1;1
29622;16959.92;50;1.65;1;1
29623;16568.91;50;1.70;1;1
29624;17302.05;50;1.66;1;1
29625;16715.54;50;1.73;1;1
29626;17204.30;50;1.67;1;1
29627;16177.91;50;1.72;1;1
29628;17008.80;50;1.62;1;1
29629;16177.91;50;1.70;1;1
29630;16715.54;50;1.62;1;1
29631;16324.54;50;1.67;1;1
29632;16862.17;50;1.63;1;1
29633;16226.78;50;1.69;1;1
29634;16862.17;50;1.62;1;1
29635;16226.78;50;1.69;1;1
29636;16764.42;50;1.62;1;1
29637;16324.54;50;1.68;1;1
29638;16764.42;50;1.63;1;1
29639;16422.29;50;1.68;1;1
29640;16617.79;50;1.64;1;1
29641;16275.66;50;1.66;1;1
29642;16471.16;50;1.63;1;1
29643;16520.04;50;1.65;1;1
29644;16324.54;50;1.65;1;1
29645;16177.91;50;1.63;1;1
29646;16422.29;50;1.62;1;1
29647;16666.67;50;1.64;1;1
29648;16226.78;50;1.67;1;1
29649;16520.04;50;1.62;1;1
29650;16422.29;50;1.65;1;1
29651;16666.67;50;1.64;1;1
29652;16471.16;50;1.67;1;1
29653;16666.67;50;1.65;1;1
29654;16422.29;50;1.67;1;1
29655;16520.04;50;1.64;1;1
29656;16471.16;50;1.65;1;1
29657;16471.16;50;1.65;1;1
29658;16617.79;50;1.65;1;1
29659;16373.41;50;1.66;1;1
29660;16373.41;50;1.64;1;1
29661;16520.04;50;1.64;1;1
29662;16617.79;50;1.65;1;1
29663;16715.54;50;1.66;1;1
29664;16520.04;50;1.67;1;1
29665;16813.29;50;1.65;1;1
29666;16373.41;50;1.68;1;1
29667;16568.91;50;1.64;1;1
29668;16617.79;50;1.66;1;1
29669;16617.79;50;1.66;1;1
29670;16422.29;50;1.66;1;1
29671;16666.67;50;1.64;1;1
29672;16471.16;50;1.67;1;1
29673;16373.41;50;1.65;1;1
29674;16226.78;50;1.64;1;1
29675;16666.67;50;1.62;1;1
29676;16373.41;50;1.67;1;1
29677;16568.91;50;1.64;1;1
29678;16568.91;50;1.66;1;1
29679;16715.54;50;1.66;1;1
29680;16422.29;50;1.67;1;1
29681;16617.79;50;1.64;1;1
29682;16422.29;50;1.66;1;1
29683;16862.17;50;1.64;1;1
29684;16422.29;50;1.69;1;1
29685;16764.42;50;1.64;1;1
29686;16275.66;50;1.68;1;1
29687;16764.42;50;1.63;1;1
29688;16177.91;50;1.68;1;1
29689;16568.91;50;1.62;1;1
29690;16275.66;50;1.66;1;1
29691;16715.54;50;1.63;1;1
29692;16373.41;50;1.67;1;1
29693;16813.29;50;1.64;1;1
29694;16226.78;50;1.68;1;1
29695;16666.67;50;1.62;1;1
29696;16373.41;50;1.67;1;1
29697;16715.54;50;1.64;1;1
29698;16520.04;50;1.67;1;1
29699;17008.80;50;1.65;1;1
29700;16422.29;50;1.70;1;1
29701;16911.04;50;1.64;1;1
29702;16422.29;50;1.69;1;1
29703;16813.29;50;1.64;1;1
29704;16226.78;50;1.68;1;1
29705;16959.92;50;1.62;1;1
29706;16422.29;50;1.70;1;1
29707;17057.67;50;1.64;1;1
29708;16324.54;50;1.71;1;1
29709;16959.92;50;1.63;1;1
29710;16422.29;50;1.70;1;1
29711;17057.67;50;1.64;1;1
29712;16080.16;50;1.71;1;1
29713;16764.42;50;1.61;1;1
29714;16617.79;50;1.68;1;1
29715;17008.80;50;1.66;1;1
29716;16422.29;50;1.70;1;1
29717;16959.92;50;1.64;1;1
29718;16275.66;50;1.70;1;1
29719;17106.55;50;1.63;1;1
29720;16471.16;50;1.71;1;1
29721;16911.04;50;1.65;1;1
29722;16373.41;50;1.69;1;1
29723;16911.04;50;1.64;1;1
29724;16275.66;50;1.69;1;1
29725;17057.67;50;1.63;1;1
29726;16324.54;50;1.71;1;1
29727;16862.17;50;1.63;1;1
29728;16422.29;50;1.69;1;1
29729;17106.55;50;1.64;1;1
29730;16324.54;50;1.71;1;1
29731;16911.04;50;1.63;1;1
29732;16520.04;50;1.69;1;1
29733;16959.92;50;1.65;1;1
29734;16471.16;50;1.70;1;1
29735;16764.42;50;1.65;1;1
29736;16520.04;50;1.68;1;1
29737;17204.30;50;1.65;1;1
29738;16764.42;50;1.72;1;1
29739;16813.29;50;1.68;1;1
29740;16666.67;50;1.68;1;1
29741;16911.04;50;1.67;1;1
29742;16471.16;50;1.69;1;1
29743;16959.92;50;1.65;1;1
29744;16715.54;50;1.70;1;1
29745;16715.54;50;1.67;1;1
29746;16617.79;50;1.67;1;1
29747;16471.16;50;1.66;1;1
29748;16471.16;50;1.65;1;1
29749;16666.67;50;1.65;1;1
29750;16520.04;50;1.67;1;1
29751;16568.91;50;1.65;1;1
29752;16568.91;50;1.66;1;1
29753;16324.54;50;1.66;1;1
29754;16862.17;50;1.63;1;1
29755;16373.41;50;1.69;1;1
29756;16568.91;50;1.64;1;1
29757;16520.04;50;1.66;1;1
29758;16911.04;50;1.65;1;1
29759;16568.91;50;1.69;1;1
29760;16813.29;50;1.66;1;1
29761;16568.91;50;1.68;1;1
29762;16959.92;50;1.66;1;1
29763;16568.91;50;1.70;1;1
29764;16813.29;50;1.66;1;1
29765;16275.66;50;1.68;1;1
29766;16715.54;50;1.63;1;1
29767;16324.54;50;1.67;1;1
29768;16666.67;50;1.63;1;1
29769;16275.66;50;1.67;1;1
29770;16862.17;50;1.63;1;1
29771;16226.78;50;1.69;1;1
29772;16862.17;50;1.62;1;1
29773;16275.66;50;1.69;1;1
29774;16568.91;50;1.63;1;1
29775;16177.91;50;1.66;1;1
29776;16911.04;50;1.62;1;1
29777;16080.16;50;1.69;1;1
29778;17008.80;50;1.61;1;1
29779;16422.29;50;1.70;1;1
29780;16813.29;50;1.64;1;1
29781;16177.91;50;1.68;1;1
29782;16862.17;50;1.62;1;1
29783;16471.16;50;1.69;1;1
29784;16764.42;50;1.65;1;1
29785;16080.16;50;1.68;1;1
29786;16959.92;50;1.61;1;1
29787;16177.91;50;1.70;1;1
29788;16862.17;50;1.62;1;1
29789;16177.91;50;1.69;1;1
29790;16813.29;50;1.62;1;1
29791;16324.54;50;1.68;1;1
29792;16911.04;50;1.63;1;1
29793;16275.66;50;1.69;1;1
29794;16813.29;50;1.63;1;1
29795;16275.66;50;1.68;1;1
29796;16911.04;50;1.63;1;1
29797;16471.16;50;1.69;1;1
29798;17057.67;50;1.65;1;1
29799;16471.16;50;1.71;1;1
29800;16911.04;50;1.65;1;1
29801;16275.66;50;1.69;1;1
29802;17155.43;50;1.63;1;1
29803;16568.91;50;1.72;1;1
29804;16911.04;50;1.66;1;1
29805;16520.04;50;1.69;1;1
29806;16911.04;50;1.65;1;1
29807;16568.91;50;1.69;1;1
29808;17057.67;50;1.66;1;1
29809;16422.29;50;1.71;1;1
29810;16959.92;50;1.64;1;1
29811;16422.29;50;1.70;1;1
29812;16715.54;50;1.64;1;1
29813;16617.79;50;1.67;1;1
29814;16617.79;50;1.66;1;1
29815;16520.04;50;1.66;1;1
29816;16764.42;50;1.65;1;1
29817;16422.29;50;1.68;1;1
29818;16617.79;50;1.64;1;1
29819;16715.54;50;1.66;1;1
29820;16813.29;50;1.67;1;1
29821;16862.17;50;1.68;1;1
29822;16813.29;50;1.69;1;1
29823;16568.91;50;1.68;1;1
29824;16617.79;50;1.66;1;1
29825;16617.79;50;1.66;1;1
29826;16471.16;50;1.66;1;1
29827;16617.79;50;1.65;1;1
29828;16568.91;50;1.66;1;1
29829;16617.79;50;1.66;1;1
29830;16471.16;50;1.66;1;1
29831;16813.29;50;1.65;1;1
29832;16862.17;50;1.68;1;1
29833;16959.92;50;1.69;1;1
29834;16568.91;50;1.70;1;1
29835;16959.92;50;1.66;1;1
29836;16568.91;50;1.70;1;1
29837;17155.43;50;1.66;1;1
29838;16568.91;50;1.72;1;1
29839;17155.43;50;1.66;1;1
29840;16520.04;50;1.72;1;1
29841;16911.04;50;1.65;1;1
29842;16520.04;50;1.69;1;1
29843;17008.80;50;1.65;1;1
29844;16568.91;50;1.70;1;1
29845;17057.67;50;1.66;1;1
29846;16568.91;50;1.71;1;1
29847;17204.30;50;1.66;1;1
29848;16617.79;50;1.72;1;1
29849;17253.18;50;1.66;1;1
29850;16666.67;50;1.73;1;1
29851;17106.55;50;1.67;1;1
29852;16471.16;50;1.71;1;1
29853;17106.55;50;1.65;1;1
29854;16715.54;50;1.71;1;1
29855;17057.67;50;1.67;1;1
29856;16471.16;50;1.71;1;1
29857;17302.05;50;1.65;1;1
29858;16373.41;50;1.73;1;1
29859;17204.30;50;1.64;1;1
29860;16422.29;50;1.72;1;1
29861;17106.55;50;1.64;1;1
29862;16324.54;50;1.71;1;1
29863;17008.80;50;1.63;1;1
29864;16520.04;50;1.70;1;1
29865;17106.55;50;1.65;1;1
29866;16471.16;50;1.71;1;1
29867;17350.93;50;1.65;1;1
29868;16617.79;50;1.74;1;1
29869;17106.55;50;1.66;1;1
29870;16324.54;50;1.71;1;1
29871;16959.92;50;1.63;1;1
29872;16373.41;50;1.70;1;1
29873;17155.43;50;1.64;1;1
29874;16764.42;50;1.72;1;1
29875;17204.30;50;1.68;1;1
29876;16422.29;50;1.72;1;1
29877;17008.80;50;1.64;1;1
29878;16373.41;50;1.70;1;1
29879;17057.67;50;1.64;1;1
29880;16422.29;50;1.71;1;1
29881;16862.17;50;1.64;1;1
29882;16471.16;50;1.69;1;1
29883;17057.67;50;1.65;1;1
29884;16422.29;50;1.71;1;1
29885;16959.92;50;1.64;1;1
29886;16471.16;50;1.70;1;1
29887;16764.42;50;1.65;1;1
29888;16520.04;50;1.68;1;1
29889;16862.17;50;1.65;1;1
29890;16520.04;50;1.69;1;1
29891;16715.54;50;1.65;1;1
29892;16520.04;50;1.67;1;1
29893;16911.04;50;1.65;1;1
29894;16764.42;50;1.69;1;1
29895;16959.92;50;1.68;1;1
29896;16813.29;50;1.70;1;1
29897;17008.80;50;1.68;1;1
29898;16617.79;50;1.70;1;1
29899;16471.16;50;1.66;1;1
29900;16568.91;50;1.65;1;1
29901;16422.29;50;1.66;1;1
29902;16373.41;50;1.64;1;1
29903;16666.67;50;1.64;1;1
29904;16520.04;50;1.67;1;1
29905;16422.29;50;1.65;1;1
29906;16862.17;50;1.64;1;1
29907;16471.16;50;1.69;1;1
29908;16813.29;50;1.65;1;1
29909;16568.91;50;1.68;1;1
29910;16715.54;50;1.66;1;1
29911;16422.29;50;1.67;1;1
29912;16764.42;50;1.64;1;1
29913;16617.79;50;1.68;1;1
29914;16715.54;50;1.66;1;1
29915;16422.29;50;1.67;1;1
29916;16568.91;50;1.64;1;1
29917;16324.54;50;1.66;1;1
29918;16764.42;50;1.63;1;1
29919;16324.54;50;1.68;1;1
29920;16715.54;50;1.63;1;1
29921;16422.29;50;1.67;1;1
29922;16862.17;50;1.64;1;1
29923;16959.92;50;1.69;1;1
29924;16862.17;50;1.70;1;1
29925;16568.91;50;1.69;1;1
29926;16813.29;50;1.66;1;1
29927;16275.66;50;1.68;1;1
29928;16862.17;50;1.63;1;1
29929;16373.41;50;1.69;1;1
29930;17204.30;50;1.64;1;1
29931;16031.28;50;1.72;1;1
29932;16959.92;50;1.60;1;1
29933;16324.54;50;1.70;1;1
29934;16959.92;50;1.63;1;1
29935;16275.66;50;1.70;1;1
29936;17155.43;50;1.63;1;1
29937;16275.66;50;1.72;1;1
29938;16862.17;50;1.63;1;1
29939;16129.03;50;1.69;1;1
29940;16911.04;50;1.61;1;1
29941;16324.54;50;1.69;1;1
29942;16862.17;50;1.63;1;1
29943;16324.54;50;1.69;1;1
29944;16911.04;50;1.63;1;1
29945;16226.78;50;1.69;1;1
29946;16911.04;50;1.62;1;1
29947;16373.41;50;1.69;1;1
29948;16959.92;50;1.64;1;1
29949;16177.91;50;1.70;1;1
29950;16764.42;50;1.62;1;1
29951;16177.91;50;1.68;1;1
29952;16862.17;50;1.62;1;1
29953;16275.66;50;1.69;1;1
29954;16911.04;50;1.63;1;1
29955;16422.29;50;1.69;1;1
29956;16959.92;50;1.64;1;1
29957;16275.66;50;1.70;1;1
29958;16959.92;50;1.63;1;1
29959;16275.66;50;1.70;1;1
29960;17057.67;50;1.63;1;1
29961;16520.04;50;1.71;1;1
29962;16813.29;50;1.65;1;1
29963;16373.41;50;1.68;1;1
29964;17106.55;50;1.64;1;1
29965;16471.16;50;1.71;1;1
29966;16862.17;50;1.65;1;1
29967;16520.04;50;1.69;1;1
29968;16862.17;50;1.65;1;1
29969;16617.79;50;1.69;1;1
29970;16959.92;50;1.66;1;1
29971;16568.91;50;1.70;1;1
29972;16715.54;50;1.66;1;1
29973;16911.04;50;1.67;1;1
29974;16813.29;50;1.69;1;1
29975;16764.42;50;1.68;1;1
29976;16862.17;50;1.68;1;1
29977;16813.29;50;1.69;1;1
29978;16715.54;50;1.68;1;1
29979;16666.67;50;1.67;1;1
29980;16764.42;50;1.67;1;1
29981;16813.29;50;1.68;1;1
29982;16764.42;50;1.68;1;1
29983;16813.29;50;1.68;1;1
29984;16764.42;50;1.68;1;1
29985;16862.17;50;1.68;1;1
29986;16764.42;50;1.69;1;1
29987;16715.54;50;1.68;1;1
29988;16764.42;50;1.67;1;1
29989;16813.29;50;1.68;1;1
29990;16666.67;50;1.68;1;1
29991;16862.17;50;1.67;1;1
29992;16666.67;50;1.69;1;1
29993;16959.92;50;1.67;1;1
29994;16813.29;50;1.70;1;1
29995;16862.17;50;1.68;1;1
29996;16568.91;50;1.69;1;1
29997;16813.29;50;1.66;1;1
29998;16422.29;50;1.68;1;1
29999;17057.67;50;1.64;1;1
30000;16373.41;50;1.71;1;1
30001;16813.29;50;1.64;1;1
30002;16617.79;50;1.68;1;1
30003;16715.54;50;1.66;1;1
30004;16520.04;50;1.67;1;1
30005;16911.04;50;1.65;1;1
30006;16520.04;50;1.69;1;1
30007;16813.29;50;1.65;1;1
30008;16471.16;50;1.68;1;1
30009;16715.54;50;1.65;1;1
30010;16373.41;50;1.67;1;1
30011;16813.29;50;1.64;1;1
30012;16568.91;50;1.68;1;1
30013;16959.92;50;1.66;1;1
30014;16422.29;50;1.70;1;1
30015;16959.92;50;1.64;1;1
30016;16373.41;50;1.70;1;1
30017;17057.67;50;1.64;1;1
30018;16422.29;50;1.71;1;1
30019;16813.29;50;1.64;1;1
30020;16471.16;50;1.68;1;1
30021;16862.17;50;1.65;1;1
30022;16471.16;50;1.69;1;1
30023;16862.17;50;1.65;1;1
30024;16471.16;50;1.69;1;1
30025;16813.29;50;1.65;1;1
30026;16275.66;50;1.68;1;1
30027;16862.17;50;1.63;1;1
30028;16471.16;50;1.69;1;1
30029;16715.54;50;1.65;1;1
30030;16275.66;50;1.67;1;1
30031;16862.17;50;1.63;1;1
30032;16373.41;50;1.69;1;1
30033;16959.92;50;1.64;1;1
30034;16422.29;50;1.70;1;1
30035;16911.04;50;1.64;1;1
30036;16226.78;50;1.69;1;1
30037;16813.29;50;1.62;1;1
30038;16324.54;50;1.68;1;1
30039;16764.42;50;1.63;1;1
30040;16471.16;50;1.68;1;1
30041;16862.17;50;1.65;1;1
30042;16422.29;50;1.69;1;1
30043;16813.29;50;1.64;1;1
30044;16177.91;50;1.68;1;1
30045;17008.80;50;1.62;1;1
30046;16275.66;50;1.70;1;1
30047;16911.04;50;1.63;1;1
30048;16324.54;50;1.69;1;1
30049;17008.80;50;1.63;1;1
30050;16275.66;50;1.70;1;1
30051;16813.29;50;1.63;1;1
30052;16471.16;50;1.68;1;1
30053;16959.92;50;1.65;1;1
30054;16324.54;50;1.70;1;1
30055;17106.55;50;1.63;1;1
30056;16422.29;50;1.71;1;1
30057;16959.92;50;1.64;1;1
30058;16471.16;50;1.70;1;1
30059;17106.55;50;1.65;1;1
30060;16422.29;50;1.71;1;1
30061;17106.55;50;1.64;1;1
30062;16471.16;50;1.71;1;1
30063;17008.80;50;1.65;1;1
30064;16422.29;50;1.70;1;1
30065;17253.18;50;1.64;1;1
30066;16471.16;50;1.73;1;1
30067;17155.43;50;1.65;1;1
30068;16568.91;50;1.72;1;1
30069;17008.80;50;1.66;1;1
30070;16520.04;50;1.70;1;1
30071;17155.43;50;1.65;1;1
30072;16324.54;50;1.72;1;1
30073;17057.67;50;1.63;1;1
30074;16422.29;50;1.71;1;1
30075;17155.43;50;1.64;1;1
30076;16471.16;50;1.72;1;1
30077;17106.55;50;1.65;1;1
30078;16373.41;50;1.71;1;1
30079;17057.67;50;1.64;1;1
30080;16471.16;50;1.71;1;1
30081;17008.80;50;1.65;1;1
30082;16422.29;50;1.70;1;1
30083;17204.30;50;1.64;1;1
30084;16422.29;50;1.72;1;1
30085;17155.43;50;1.64;1;1
30086;16373.41;50;1.72;1;1
30087;17106.55;50;1.64;1;1
30088;16324.54;50;1.71;1;1
30089;17106.55;50;1.63;1;1
30090;16275.66;50;1.71;1;1
30091;16911.04;50;1.63;1;1
30092;16324.54;50;1.69;1;1
30093;17204.30;50;1.63;1;1
30094;16520.04;50;1.72;1;1
30095;17204.30;50;1.65;1;1
30096;16471.16;50;1.72;1;1
30097;16959.92;50;1.65;1;1
30098;16422.29;50;1.70;1;1
30099;17106.55;50;1.64;1;1
30100;16324.54;50;1.71;1;1
30101;17106.55;50;1.63;1;1
30102;16422.29;50;1.71;1;1
30103;17057.67;50;1.64;1;1
30104;16422.29;50;1.71;1;1
30105;16813.29;50;1.64;1;1
30106;16031.28;50;1.68;1;1
30107;16764.42;50;1.60;1;1
30108;16129.03;50;1.68;1;1
30109;16715.54;50;1.61;1;1
30110;16129.03;50;1.67;1;1
30111;16764.42;50;1.61;1;1
30112;16080.16;50;1.68;1;1
30113;16617.79;50;1.61;1;1
30114;16226.78;50;1.66;1;1
