2;17497.56;50;1.68;1;1
3;16715.54;50;1.75;1;1
4;17350.93;50;1.67;1;1
5;16813.29;50;1.74;1;1
6;17253.18;50;1.68;1;1
7;16764.42;50;1.73;1;1
8;17253.18;50;1.68;1;1
9;16813.29;50;1.73;1;1
10;17204.30;50;1.68;1;1
11;16813.29;50;1.72;1;1
12;17155.43;50;1.68;1;1
13;16813.29;50;1.72;1;1
14;17106.55;50;1.68;1;1
15;16911.04;50;1.71;1;1
16;17204.30;50;1.69;1;1
17;16862.17;50;1.72;1;1
18;17155.43;50;1.69;1;1
19;16813.29;50;1.72;1;1
20;17008.80;50;1.68;1;1
21;16959.92;50;1.70;1;1
22;17155.43;50;1.70;1;1
23;16568.91;50;1.72;1;1
24;17253.18;50;1.66;1;1
25;16959.92;50;1.73;1;1
26;16911.04;50;1.70;1;1
27;16471.16;50;1.69;1;1
28;16862.17;50;1.65;1;1
29;16373.41;50;1.69;1;1
30;16911.04;50;1.64;1;1
31;16520.04;50;1.69;1;1
32;16764.42;50;1.65;1;1
33;16422.29;50;1.68;1;1
34;16862.17;50;1.64;1;1
35;16373.41;50;1.69;1;1
36;16911.04;50;1.64;1;1
37;16422.29;50;1.69;1;1
38;16813.29;50;1.64;1;1
39;16422.29;50;1.68;1;1
40;16666.67;50;1.64;1;1
41;16422.29;50;1.67;1;1
42;16764.42;50;1.64;1;1
43;16520.04;50;1.68;1;1
44;16813.29;50;1.65;1;1
45;16324.54;50;1.68;1;1
46;16715.54;50;1.63;1;1
47;16226.78;50;1.67;1;1
48;16813.29;50;1.62;1;1
49;16520.04;50;1.68;1;1
50;16764.42;50;1.65;1;1
51;16666.67;50;1.68;1;1
52;16471.16;50;1.67;1;1
53;16471.16;50;1.65;1;1
54;16373.41;50;1.65;1;1
55;16520.04;50;1.64;1;1
56;16666.67;50;1.65;1;1
57;16715.54;50;1.67;1;1
58;16568.91;50;1.67;1;1
59;16617.79;50;1.66;1;1
60;16520.04;50;1.66;1;1
61;16764.42;50;1.65;1;1
62;16520.04;50;1.68;1;1
63;16911.04;50;1.65;1;1
64;16471.16;50;1.69;1;1
65;16959.92;50;1.65;1;1
66;16422.29;50;1.70;1;1
67;16813.29;50;1.64;1;1
68;16568.91;50;1.68;1;1
69;16764.42;50;1.66;1;1
70;16520.04;50;1.68;1;1
71;16911.04;50;1.65;1;1
72;16715.54;50;1.69;1;1
73;16959.92;50;1.67;1;1
74;16520.04;50;1.70;1;1
75;17057.67;50;1.65;1;1
76;16764.42;50;1.71;1;1
77;17057.67;50;1.68;1;1
78;16813.29;50;1.71;1;1
79;17204.30;50;1.68;1;1
80;16715.54;50;1.72;1;1
81;17302.05;50;1.67;1;1
82;16959.92;50;1.73;1;1
83;17057.67;50;1.70;1;1
84;16373.41;50;1.71;1;1
85;16813.29;50;1.64;1;1
86;16715.54;50;1.68;1;1
87;17057.67;50;1.67;1;1
88;16813.29;50;1.71;1;1
89;16959.92;50;1.68;1;1
90;16715.54;50;1.70;1;1
91;17057.67;50;1.67;1;1
92;16813.29;50;1.71;1;1
93;17155.43;50;1.68;1;1
94;17008.80;50;1.72;1;1
95;17057.67;50;1.70;1;1
96;16715.54;50;1.71;1;1
97;17253.18;50;1.67;1;1
98;17057.67;50;1.73;1;1
99;17253.18;50;1.71;1;1
100;17057.67;50;1.73;1;1
101;17106.55;50;1.71;1;1
102;17106.55;50;1.71;1;1
103;17595.31;50;1.71;1;1
104;16862.17;50;1.76;1;1
105;17253.18;50;1.69;1;1
106;17399.80;50;1.73;1;1
107;17644.18;50;1.74;1;1
108;17399.80;50;1.76;1;1
109;17693.06;50;1.74;1;1
110;17350.93;50;1.77;1;1
111;17790.81;50;1.74;1;1
112;17350.93;50;1.78;1;1
113;17839.69;50;1.74;1;1
114;17546.43;50;1.78;1;1
115;17790.81;50;1.75;1;1
116;17497.56;50;1.78;1;1
117;17693.06;50;1.75;1;1
118;17399.80;50;1.77;1;1
119;17888.56;50;1.74;1;1
120;17595.31;50;1.79;1;1
121;17888.56;50;1.76;1;1
122;17546.43;50;1.79;1;1
123;17741.94;50;1.75;1;1
124;17448.68;50;1.77;1;1
125;17693.06;50;1.74;1;1
126;17350.93;50;1.77;1;1
127;17644.18;50;1.74;1;1
128;17253.18;50;1.76;1;1
129;17448.68;50;1.73;1;1
130;17106.55;50;1.74;1;1
131;17595.31;50;1.71;1;1
132;17057.67;50;1.76;1;1
133;17497.56;50;1.71;1;1
134;17008.80;50;1.75;1;1
135;17057.67;50;1.70;1;1
136;16715.54;50;1.71;1;1
137;17008.80;50;1.67;1;1
138;16764.42;50;1.70;1;1
139;16813.29;50;1.68;1;1
140;16568.91;50;1.68;1;1
141;17057.67;50;1.66;1;1
142;16177.91;50;1.71;1;1
143;17008.80;50;1.62;1;1
144;16373.41;50;1.70;1;1
145;16959.92;50;1.64;1;1
146;16031.28;50;1.70;1;1
147;16764.42;50;1.60;1;1
148;16031.28;50;1.68;1;1
149;16862.17;50;1.60;1;1
150;15884.65;50;1.69;1;1
151;16422.29;50;1.59;1;1
152;15982.40;50;1.64;1;1
153;16568.91;50;1.60;1;1
154;15933.53;50;1.66;1;1
155;16422.29;50;1.59;1;1
156;15738.03;50;1.64;1;1
157;16520.04;50;1.57;1;1
158;16129.03;50;1.65;1;1
159;16324.54;50;1.61;1;1
160;15640.27;50;1.63;1;1
161;16275.66;50;1.56;1;1
162;15640.27;50;1.63;1;1
163;16422.29;50;1.56;1;1
164;15738.03;50;1.64;1;1
165;16422.29;50;1.57;1;1
166;15786.90;50;1.64;1;1
167;16471.16;50;1.58;1;1
168;15786.90;50;1.65;1;1
169;16471.16;50;1.58;1;1
170;15786.90;50;1.65;1;1
171;16422.29;50;1.58;1;1
172;15786.90;50;1.64;1;1
173;16568.91;50;1.58;1;1
174;15884.65;50;1.66;1;1
175;16666.67;50;1.59;1;1
176;16031.28;50;1.67;1;1
177;16666.67;50;1.60;1;1
178;15982.40;50;1.67;1;1
179;16813.29;50;1.60;1;1
180;15982.40;50;1.68;1;1
181;16422.29;50;1.60;1;1
182;15933.53;50;1.64;1;1
183;16862.17;50;1.59;1;1
184;16080.16;50;1.69;1;1
185;16911.04;50;1.61;1;1
186;16324.54;50;1.69;1;1
187;17008.80;50;1.63;1;1
188;16422.29;50;1.70;1;1
189;16911.04;50;1.64;1;1
190;16471.16;50;1.69;1;1
191;16764.42;50;1.65;1;1
192;16275.66;50;1.68;1;1
193;16911.04;50;1.63;1;1
194;16568.91;50;1.69;1;1
195;17155.43;50;1.66;1;1
196;16422.29;50;1.72;1;1
197;16764.42;50;1.64;1;1
198;16764.42;50;1.68;1;1
199;17008.80;50;1.68;1;1
200;16617.79;50;1.70;1;1
201;17204.30;50;1.66;1;1
202;17057.67;50;1.72;1;1
203;17106.55;50;1.71;1;1
204;17008.80;50;1.71;1;1
205;16862.17;50;1.70;1;1
206;17204.30;50;1.69;1;1
207;16715.54;50;1.72;1;1
208;17204.30;50;1.67;1;1
209;16862.17;50;1.72;1;1
210;17399.80;50;1.69;1;1
211;16764.42;50;1.74;1;1
212;17204.30;50;1.68;1;1
213;16862.17;50;1.72;1;1
214;17350.93;50;1.69;1;1
215;17008.80;50;1.74;1;1
216;17399.80;50;1.70;1;1
217;16813.29;50;1.74;1;1
218;17595.31;50;1.68;1;1
219;16911.04;50;1.76;1;1
220;17693.06;50;1.69;1;1
221;16911.04;50;1.77;1;1
222;17448.68;50;1.69;1;1
223;16617.79;50;1.74;1;1
224;17546.43;50;1.66;1;1
225;16959.92;50;1.75;1;1
226;17595.31;50;1.70;1;1
227;16617.79;50;1.76;1;1
228;17399.80;50;1.66;1;1
229;17204.30;50;1.74;1;1
230;17399.80;50;1.72;1;1
231;16813.29;50;1.74;1;1
232;17595.31;50;1.68;1;1
233;16911.04;50;1.76;1;1
234;17644.18;50;1.69;1;1
235;16813.29;50;1.76;1;1
236;17741.94;50;1.68;1;1
237;16862.17;50;1.77;1;1
238;17546.43;50;1.69;1;1
239;17008.80;50;1.75;1;1
240;17497.56;50;1.70;1;1
241;16862.17;50;1.75;1;1
242;17693.06;50;1.69;1;1
243;17008.80;50;1.77;1;1
244;17644.18;50;1.70;1;1
245;16862.17;50;1.76;1;1
246;17546.43;50;1.69;1;1
247;16959.92;50;1.75;1;1
248;17448.68;50;1.70;1;1
249;16813.29;50;1.74;1;1
250;17448.68;50;1.68;1;1
251;16911.04;50;1.74;1;1
252;17497.56;50;1.69;1;1
253;16764.42;50;1.75;1;1
254;17497.56;50;1.68;1;1
255;16764.42;50;1.75;1;1
256;17399.80;50;1.68;1;1
257;16764.42;50;1.74;1;1
258;17350.93;50;1.68;1;1
259;16666.67;50;1.74;1;1
260;17302.05;50;1.67;1;1
261;16715.54;50;1.73;1;1
262;17644.18;50;1.67;1;1
263;16813.29;50;1.76;1;1
264;17448.68;50;1.68;1;1
265;16862.17;50;1.74;1;1
266;17497.56;50;1.69;1;1
267;16715.54;50;1.75;1;1
268;17497.56;50;1.67;1;1
269;16764.42;50;1.75;1;1
270;17399.80;50;1.68;1;1
271;16911.04;50;1.74;1;1
272;17399.80;50;1.69;1;1
273;16715.54;50;1.74;1;1
274;17350.93;50;1.67;1;1
275;16813.29;50;1.74;1;1
276;17399.80;50;1.68;1;1
277;16862.17;50;1.74;1;1
278;17497.56;50;1.69;1;1
279;16764.42;50;1.75;1;1
280;17350.93;50;1.68;1;1
281;16764.42;50;1.74;1;1
282;17399.80;50;1.68;1;1
283;16813.29;50;1.74;1;1
284;17350.93;50;1.68;1;1
285;16715.54;50;1.74;1;1
286;17302.05;50;1.67;1;1
287;16862.17;50;1.73;1;1
288;17204.30;50;1.69;1;1
289;17106.55;50;1.72;1;1
290;17302.05;50;1.71;1;1
291;17106.55;50;1.73;1;1
292;17106.55;50;1.71;1;1
293;17155.43;50;1.71;1;1
294;17008.80;50;1.72;1;1
295;17008.80;50;1.70;1;1
296;17155.43;50;1.70;1;1
297;17106.55;50;1.72;1;1
298;17057.67;50;1.71;1;1
299;17106.55;50;1.71;1;1
300;17253.18;50;1.71;1;1
301;16959.92;50;1.73;1;1
302;17253.18;50;1.70;1;1
303;17057.67;50;1.73;1;1
304;17204.30;50;1.71;1;1
305;17204.30;50;1.72;1;1
306;17350.93;50;1.72;1;1
307;17155.43;50;1.74;1;1
308;17106.55;50;1.72;1;1
309;17106.55;50;1.71;1;1
310;17448.68;50;1.71;1;1
311;16959.92;50;1.74;1;1
312;17204.30;50;1.70;1;1
313;17106.55;50;1.72;1;1
314;17350.93;50;1.71;1;1
315;17008.80;50;1.74;1;1
316;17204.30;50;1.70;1;1
317;17106.55;50;1.72;1;1
318;17106.55;50;1.71;1;1
319;17253.18;50;1.71;1;1
320;17350.93;50;1.73;1;1
321;17399.80;50;1.74;1;1
322;17155.43;50;1.74;1;1
323;17302.05;50;1.72;1;1
324;17350.93;50;1.73;1;1
325;17399.80;50;1.74;1;1
326;17350.93;50;1.74;1;1
327;17155.43;50;1.74;1;1
328;17253.18;50;1.72;1;1
329;17253.18;50;1.73;1;1
330;17350.93;50;1.73;1;1
331;17204.30;50;1.74;1;1
332;17155.43;50;1.72;1;1
333;17253.18;50;1.72;1;1
334;17204.30;50;1.73;1;1
335;17155.43;50;1.72;1;1
336;17253.18;50;1.72;1;1
337;17155.43;50;1.73;1;1
338;17253.18;50;1.72;1;1
339;17106.55;50;1.73;1;1
340;17106.55;50;1.71;1;1
341;17155.43;50;1.71;1;1
342;17057.67;50;1.72;1;1
343;17302.05;50;1.71;1;1
344;17008.80;50;1.73;1;1
345;17546.43;50;1.70;1;1
346;17155.43;50;1.75;1;1
347;17497.56;50;1.72;1;1
348;16911.04;50;1.75;1;1
349;17350.93;50;1.69;1;1
350;16959.92;50;1.74;1;1
351;17448.68;50;1.70;1;1
352;17008.80;50;1.74;1;1
353;17595.31;50;1.70;1;1
354;16813.29;50;1.76;1;1
355;17350.93;50;1.68;1;1
356;16715.54;50;1.74;1;1
357;17253.18;50;1.67;1;1
358;16911.04;50;1.73;1;1
359;17253.18;50;1.69;1;1
360;16862.17;50;1.73;1;1
361;17106.55;50;1.69;1;1
362;16862.17;50;1.71;1;1
363;17253.18;50;1.69;1;1
364;17057.67;50;1.73;1;1
365;17253.18;50;1.71;1;1
366;16764.42;50;1.73;1;1
367;16959.92;50;1.68;1;1
368;16862.17;50;1.70;1;1
369;17253.18;50;1.69;1;1
370;16813.29;50;1.73;1;1
371;17106.55;50;1.68;1;1
372;16813.29;50;1.71;1;1
373;17106.55;50;1.68;1;1
374;16813.29;50;1.71;1;1
375;17008.80;50;1.68;1;1
376;16813.29;50;1.70;1;1
377;17106.55;50;1.68;1;1
378;16862.17;50;1.71;1;1
379;17008.80;50;1.69;1;1
380;16568.91;50;1.70;1;1
381;16911.04;50;1.66;1;1
382;16568.91;50;1.69;1;1
383;16959.92;50;1.66;1;1
384;16568.91;50;1.70;1;1
385;17057.67;50;1.66;1;1
386;16520.04;50;1.71;1;1
387;17204.30;50;1.65;1;1
388;16813.29;50;1.72;1;1
389;17106.55;50;1.68;1;1
390;16813.29;50;1.71;1;1
391;17155.43;50;1.68;1;1
392;16715.54;50;1.72;1;1
393;17253.18;50;1.67;1;1
394;16813.29;50;1.73;1;1
395;17106.55;50;1.68;1;1
396;16715.54;50;1.71;1;1
397;17302.05;50;1.67;1;1
398;16666.67;50;1.73;1;1
399;17302.05;50;1.67;1;1
400;16813.29;50;1.73;1;1
401;17106.55;50;1.68;1;1
402;16764.42;50;1.71;1;1
403;17155.43;50;1.68;1;1
404;16862.17;50;1.72;1;1
405;17106.55;50;1.69;1;1
406;17057.67;50;1.71;1;1
407;17350.93;50;1.71;1;1
408;16715.54;50;1.74;1;1
409;17204.30;50;1.67;1;1
410;16666.67;50;1.72;1;1
411;17106.55;50;1.67;1;1
412;16862.17;50;1.71;1;1
413;17302.05;50;1.69;1;1
414;16862.17;50;1.73;1;1
415;17302.05;50;1.69;1;1
416;16666.67;50;1.73;1;1
417;17350.93;50;1.67;1;1
418;16813.29;50;1.74;1;1
419;17595.31;50;1.68;1;1
420;16862.17;50;1.76;1;1
421;17399.80;50;1.69;1;1
422;16715.54;50;1.74;1;1
423;17350.93;50;1.67;1;1
424;16959.92;50;1.74;1;1
425;17448.68;50;1.70;1;1
426;16813.29;50;1.74;1;1
427;18084.07;50;1.68;1;1
428;16862.17;50;1.81;1;1
429;17399.80;50;1.69;1;1
430;16764.42;50;1.74;1;1
431;17253.18;50;1.68;1;1
432;16764.42;50;1.73;1;1
433;17253.18;50;1.68;1;1
434;16666.67;50;1.73;1;1
435;17399.80;50;1.67;1;1
436;16568.91;50;1.74;1;1
437;17448.68;50;1.66;1;1
438;16813.29;50;1.74;1;1
439;17302.05;50;1.68;1;1
440;16568.91;50;1.73;1;1
441;17302.05;50;1.66;1;1
442;16617.79;50;1.73;1;1
443;17448.68;50;1.66;1;1
444;16764.42;50;1.74;1;1
445;17546.43;50;1.68;1;1
446;16666.67;50;1.75;1;1
447;17448.68;50;1.67;1;1
448;16617.79;50;1.74;1;1
449;17497.56;50;1.66;1;1
450;16666.67;50;1.75;1;1
451;17350.93;50;1.67;1;1
452;16715.54;50;1.74;1;1
453;17399.80;50;1.67;1;1
454;16813.29;50;1.74;1;1
455;17204.30;50;1.68;1;1
456;16862.17;50;1.72;1;1
457;17302.05;50;1.69;1;1
458;16568.91;50;1.73;1;1
459;17350.93;50;1.66;1;1
460;16666.67;50;1.74;1;1
461;17350.93;50;1.67;1;1
462;16666.67;50;1.74;1;1
463;17448.68;50;1.67;1;1
464;16715.54;50;1.74;1;1
465;17253.18;50;1.67;1;1
466;16862.17;50;1.73;1;1
467;17204.30;50;1.69;1;1
468;16617.79;50;1.72;1;1
469;17448.68;50;1.66;1;1
470;16813.29;50;1.74;1;1
471;17399.80;50;1.68;1;1
472;16862.17;50;1.74;1;1
473;17399.80;50;1.69;1;1
474;16666.67;50;1.74;1;1
475;17204.30;50;1.67;1;1
476;16715.54;50;1.72;1;1
477;17057.67;50;1.67;1;1
478;16666.67;50;1.71;1;1
479;17302.05;50;1.67;1;1
480;16764.42;50;1.73;1;1
481;17155.43;50;1.68;1;1
482;16568.91;50;1.72;1;1
483;17008.80;50;1.66;1;1
484;16715.54;50;1.70;1;1
485;17106.55;50;1.67;1;1
486;16520.04;50;1.71;1;1
487;17302.05;50;1.65;1;1
488;16813.29;50;1.73;1;1
489;17204.30;50;1.68;1;1
490;16715.54;50;1.72;1;1
491;17204.30;50;1.67;1;1
492;16813.29;50;1.72;1;1
493;17253.18;50;1.68;1;1
494;16862.17;50;1.73;1;1
495;17057.67;50;1.69;1;1
496;16666.67;50;1.71;1;1
497;17155.43;50;1.67;1;1
498;16862.17;50;1.72;1;1
499;17204.30;50;1.69;1;1
500;16911.04;50;1.72;1;1
501;17008.80;50;1.69;1;1
502;17057.67;50;1.70;1;1
503;16911.04;50;1.71;1;1
504;17008.80;50;1.69;1;1
505;16911.04;50;1.70;1;1
506;17155.43;50;1.69;1;1
507;17008.80;50;1.72;1;1
508;17302.05;50;1.70;1;1
509;16862.17;50;1.73;1;1
510;17204.30;50;1.69;1;1
511;16764.42;50;1.72;1;1
512;17155.43;50;1.68;1;1
513;16813.29;50;1.72;1;1
514;17350.93;50;1.68;1;1
515;16764.42;50;1.74;1;1
516;17253.18;50;1.68;1;1
517;16764.42;50;1.73;1;1
518;17302.05;50;1.68;1;1
519;16764.42;50;1.73;1;1
520;17302.05;50;1.68;1;1
521;16666.67;50;1.73;1;1
522;17302.05;50;1.67;1;1
523;16764.42;50;1.73;1;1
524;17497.56;50;1.68;1;1
525;16715.54;50;1.75;1;1
526;17497.56;50;1.67;1;1
527;16715.54;50;1.75;1;1
528;17350.93;50;1.67;1;1
529;16666.67;50;1.74;1;1
530;17350.93;50;1.67;1;1
531;16764.42;50;1.74;1;1
532;17302.05;50;1.68;1;1
533;16813.29;50;1.73;1;1
534;17448.68;50;1.68;1;1
535;16813.29;50;1.74;1;1
536;17302.05;50;1.68;1;1
537;16764.42;50;1.73;1;1
538;17350.93;50;1.68;1;1
539;16764.42;50;1.74;1;1
540;17399.80;50;1.68;1;1
541;16520.04;50;1.74;1;1
542;17204.30;50;1.65;1;1
543;16862.17;50;1.72;1;1
544;17497.56;50;1.69;1;1
545;16862.17;50;1.75;1;1
546;17399.80;50;1.69;1;1
547;16666.67;50;1.74;1;1
548;17350.93;50;1.67;1;1
549;16617.79;50;1.74;1;1
550;17546.43;50;1.66;1;1
551;16911.04;50;1.75;1;1
552;17497.56;50;1.69;1;1
553;17008.80;50;1.75;1;1
554;17546.43;50;1.70;1;1
555;16959.92;50;1.75;1;1
556;17595.31;50;1.70;1;1
557;16813.29;50;1.76;1;1
558;17497.56;50;1.68;1;1
559;16911.04;50;1.75;1;1
560;17350.93;50;1.69;1;1
561;16764.42;50;1.74;1;1
562;17595.31;50;1.68;1;1
563;16813.29;50;1.76;1;1
564;17448.68;50;1.68;1;1
565;16813.29;50;1.74;1;1
566;17448.68;50;1.68;1;1
567;16764.42;50;1.74;1;1
568;17644.18;50;1.68;1;1
569;17008.80;50;1.76;1;1
570;17497.56;50;1.70;1;1
571;16813.29;50;1.75;1;1
572;17448.68;50;1.68;1;1
573;16862.17;50;1.74;1;1
574;17350.93;50;1.69;1;1
575;16813.29;50;1.74;1;1
576;17399.80;50;1.68;1;1
577;16911.04;50;1.74;1;1
578;17546.43;50;1.69;1;1
579;16862.17;50;1.75;1;1
580;17253.18;50;1.69;1;1
581;16862.17;50;1.73;1;1
582;17106.55;50;1.69;1;1
583;16764.42;50;1.71;1;1
584;17350.93;50;1.68;1;1
585;16911.04;50;1.74;1;1
586;17350.93;50;1.69;1;1
587;16959.92;50;1.74;1;1
588;17155.43;50;1.70;1;1
589;16959.92;50;1.72;1;1
590;17302.05;50;1.70;1;1
591;17008.80;50;1.73;1;1
592;17204.30;50;1.70;1;1
593;16959.92;50;1.72;1;1
594;17253.18;50;1.70;1;1
595;16911.04;50;1.73;1;1
596;17106.55;50;1.69;1;1
597;16959.92;50;1.71;1;1
598;17302.05;50;1.70;1;1
599;17204.30;50;1.73;1;1
600;17057.67;50;1.72;1;1
601;16862.17;50;1.71;1;1
602;17057.67;50;1.69;1;1
603;16813.29;50;1.71;1;1
604;17302.05;50;1.68;1;1
605;16959.92;50;1.73;1;1
606;17155.43;50;1.70;1;1
607;16911.04;50;1.72;1;1
608;16959.92;50;1.69;1;1
609;17253.18;50;1.70;1;1
610;17057.67;50;1.73;1;1
611;16959.92;50;1.71;1;1
612;16959.92;50;1.70;1;1
613;17008.80;50;1.70;1;1
614;16911.04;50;1.70;1;1
615;16764.42;50;1.69;1;1
616;16764.42;50;1.68;1;1
617;17106.55;50;1.68;1;1
618;16764.42;50;1.71;1;1
619;17008.80;50;1.68;1;1
620;16764.42;50;1.70;1;1
621;17204.30;50;1.68;1;1
622;16715.54;50;1.72;1;1
623;16911.04;50;1.67;1;1
624;16666.67;50;1.69;1;1
625;17106.55;50;1.67;1;1
626;16666.67;50;1.71;1;1
627;17106.55;50;1.67;1;1
628;16764.42;50;1.71;1;1
629;17106.55;50;1.68;1;1
630;16911.04;50;1.71;1;1
631;16959.92;50;1.69;1;1
632;16764.42;50;1.70;1;1
633;16959.92;50;1.68;1;1
634;16715.54;50;1.70;1;1
635;16813.29;50;1.67;1;1
636;16715.54;50;1.68;1;1
637;17057.67;50;1.67;1;1
638;16764.42;50;1.71;1;1
639;17057.67;50;1.68;1;1
640;16862.17;50;1.71;1;1
641;17057.67;50;1.69;1;1
642;16715.54;50;1.71;1;1
643;17253.18;50;1.67;1;1
644;16666.67;50;1.73;1;1
645;17204.30;50;1.67;1;1
646;16471.16;50;1.72;1;1
647;17204.30;50;1.65;1;1
648;16617.79;50;1.72;1;1
649;17155.43;50;1.66;1;1
650;16666.67;50;1.72;1;1
651;17350.93;50;1.67;1;1
652;16520.04;50;1.74;1;1
653;17302.05;50;1.65;1;1
654;16617.79;50;1.73;1;1
655;17106.55;50;1.66;1;1
656;16715.54;50;1.71;1;1
657;17106.55;50;1.67;1;1
658;16715.54;50;1.71;1;1
659;17155.43;50;1.67;1;1
660;16715.54;50;1.72;1;1
661;17155.43;50;1.67;1;1
662;16471.16;50;1.72;1;1
663;17253.18;50;1.65;1;1
664;16715.54;50;1.73;1;1
665;17253.18;50;1.67;1;1
666;16666.67;50;1.73;1;1
667;17204.30;50;1.67;1;1
668;16715.54;50;1.72;1;1
669;17155.43;50;1.67;1;1
670;16911.04;50;1.72;1;1
671;17204.30;50;1.69;1;1
672;16764.42;50;1.72;1;1
673;17155.43;50;1.68;1;1
674;16862.17;50;1.72;1;1
675;17253.18;50;1.69;1;1
676;16715.54;50;1.73;1;1
677;16959.92;50;1.67;1;1
678;16813.29;50;1.70;1;1
679;17350.93;50;1.68;1;1
680;16813.29;50;1.74;1;1
681;17302.05;50;1.68;1;1
682;16959.92;50;1.73;1;1
683;17399.80;50;1.70;1;1
684;16862.17;50;1.74;1;1
685;17302.05;50;1.69;1;1
686;16911.04;50;1.73;1;1
687;17204.30;50;1.69;1;1
688;16911.04;50;1.72;1;1
689;17204.30;50;1.69;1;1
690;16862.17;50;1.72;1;1
691;17399.80;50;1.69;1;1
692;16862.17;50;1.74;1;1
693;17350.93;50;1.69;1;1
694;16813.29;50;1.74;1;1
695;17350.93;50;1.68;1;1
696;16813.29;50;1.74;1;1
697;17399.80;50;1.68;1;1
698;16862.17;50;1.74;1;1
699;17302.05;50;1.69;1;1
700;16764.42;50;1.73;1;1
701;17204.30;50;1.68;1;1
702;16862.17;50;1.72;1;1
703;17204.30;50;1.69;1;1
704;16715.54;50;1.72;1;1
705;17106.55;50;1.67;1;1
706;16617.79;50;1.71;1;1
707;17204.30;50;1.66;1;1
708;17106.55;50;1.72;1;1
709;17008.80;50;1.71;1;1
710;16862.17;50;1.70;1;1
711;16959.92;50;1.69;1;1
712;16813.29;50;1.70;1;1
713;17008.80;50;1.68;1;1
714;16911.04;50;1.70;1;1
715;17057.67;50;1.69;1;1
716;16959.92;50;1.71;1;1
717;17155.43;50;1.70;1;1
718;16911.04;50;1.72;1;1
719;16715.54;50;1.69;1;1
720;17106.55;50;1.67;1;1
721;16813.29;50;1.71;1;1
722;16911.04;50;1.68;1;1
723;17008.80;50;1.69;1;1
724;16911.04;50;1.70;1;1
725;17008.80;50;1.69;1;1
726;16959.92;50;1.70;1;1
727;17106.55;50;1.70;1;1
728;16813.29;50;1.71;1;1
729;17155.43;50;1.68;1;1
730;17057.67;50;1.72;1;1
731;17057.67;50;1.71;1;1
732;16959.92;50;1.71;1;1
733;17253.18;50;1.70;1;1
734;17155.43;50;1.73;1;1
735;16862.17;50;1.72;1;1
736;17057.67;50;1.69;1;1
737;16764.42;50;1.71;1;1
738;17008.80;50;1.68;1;1
739;17106.55;50;1.70;1;1
740;16959.92;50;1.71;1;1
741;16959.92;50;1.70;1;1
742;17155.43;50;1.70;1;1
743;16911.04;50;1.72;1;1
744;17106.55;50;1.69;1;1
745;16813.29;50;1.71;1;1
746;16959.92;50;1.68;1;1
747;16911.04;50;1.70;1;1
748;17057.67;50;1.69;1;1
749;16813.29;50;1.71;1;1
750;16911.04;50;1.68;1;1
751;16764.42;50;1.69;1;1
752;17155.43;50;1.68;1;1
753;16911.04;50;1.72;1;1
754;17057.67;50;1.69;1;1
755;16959.92;50;1.71;1;1
756;17204.30;50;1.70;1;1
757;16911.04;50;1.72;1;1
758;17204.30;50;1.69;1;1
759;17106.55;50;1.72;1;1
760;17253.18;50;1.71;1;1
761;16959.92;50;1.73;1;1
762;17302.05;50;1.70;1;1
763;16911.04;50;1.73;1;1
764;17057.67;50;1.69;1;1
765;16715.54;50;1.71;1;1
766;17155.43;50;1.67;1;1
767;16715.54;50;1.72;1;1
768;17253.18;50;1.67;1;1
769;16813.29;50;1.73;1;1
770;17155.43;50;1.68;1;1
771;16715.54;50;1.72;1;1
772;17302.05;50;1.67;1;1
773;16666.67;50;1.73;1;1
774;17350.93;50;1.67;1;1
775;16617.79;50;1.74;1;1
776;17302.05;50;1.66;1;1
777;16764.42;50;1.73;1;1
778;17399.80;50;1.68;1;1
779;16764.42;50;1.74;1;1
780;17399.80;50;1.68;1;1
781;16862.17;50;1.74;1;1
782;17497.56;50;1.69;1;1
783;16862.17;50;1.75;1;1
784;17546.43;50;1.69;1;1
785;16813.29;50;1.75;1;1
786;17399.80;50;1.68;1;1
787;16666.67;50;1.74;1;1
788;17595.31;50;1.67;1;1
789;16764.42;50;1.76;1;1
790;17546.43;50;1.68;1;1
791;17008.80;50;1.75;1;1
792;17644.18;50;1.70;1;1
793;16959.92;50;1.76;1;1
794;17546.43;50;1.70;1;1
795;17008.80;50;1.75;1;1
796;17497.56;50;1.70;1;1
797;16715.54;50;1.75;1;1
798;17497.56;50;1.67;1;1
799;16813.29;50;1.75;1;1
800;17546.43;50;1.68;1;1
801;16862.17;50;1.75;1;1
802;17595.31;50;1.69;1;1
803;16764.42;50;1.76;1;1
804;17546.43;50;1.68;1;1
805;16813.29;50;1.75;1;1
806;17497.56;50;1.68;1;1
807;16617.79;50;1.75;1;1
808;17350.93;50;1.66;1;1
809;16715.54;50;1.74;1;1
810;17253.18;50;1.67;1;1
811;16764.42;50;1.73;1;1
812;17497.56;50;1.68;1;1
813;16617.79;50;1.75;1;1
814;17497.56;50;1.66;1;1
815;16617.79;50;1.75;1;1
816;17399.80;50;1.66;1;1
817;16813.29;50;1.74;1;1
818;17253.18;50;1.68;1;1
819;16617.79;50;1.73;1;1
820;17448.68;50;1.66;1;1
821;16764.42;50;1.74;1;1
822;17302.05;50;1.68;1;1
823;16666.67;50;1.73;1;1
824;17350.93;50;1.67;1;1
825;16568.91;50;1.74;1;1
826;17302.05;50;1.66;1;1
827;16520.04;50;1.73;1;1
828;17302.05;50;1.65;1;1
829;16764.42;50;1.73;1;1
830;17448.68;50;1.68;1;1
831;16666.67;50;1.74;1;1
832;17399.80;50;1.67;1;1
833;16617.79;50;1.74;1;1
834;17253.18;50;1.66;1;1
835;16617.79;50;1.73;1;1
836;17350.93;50;1.66;1;1
837;16715.54;50;1.74;1;1
838;17253.18;50;1.67;1;1
839;16617.79;50;1.73;1;1
840;17302.05;50;1.66;1;1
841;16666.67;50;1.73;1;1
842;17155.43;50;1.67;1;1
843;16617.79;50;1.72;1;1
844;17253.18;50;1.66;1;1
845;16617.79;50;1.73;1;1
846;17302.05;50;1.66;1;1
847;16666.67;50;1.73;1;1
848;17204.30;50;1.67;1;1
849;16520.04;50;1.72;1;1
850;17204.30;50;1.65;1;1
851;16666.67;50;1.72;1;1
852;17204.30;50;1.67;1;1
853;16764.42;50;1.72;1;1
854;17253.18;50;1.68;1;1
855;16666.67;50;1.73;1;1
856;17106.55;50;1.67;1;1
857;16715.54;50;1.71;1;1
858;17057.67;50;1.67;1;1
859;16764.42;50;1.71;1;1
860;16911.04;50;1.68;1;1
861;16911.04;50;1.69;1;1
862;17057.67;50;1.69;1;1
863;17155.43;50;1.71;1;1
864;16862.17;50;1.72;1;1
865;16862.17;50;1.69;1;1
866;17155.43;50;1.69;1;1
867;17008.80;50;1.72;1;1
868;16862.17;50;1.70;1;1
869;16862.17;50;1.69;1;1
870;16911.04;50;1.69;1;1
871;17008.80;50;1.69;1;1
872;16959.92;50;1.70;1;1
873;16911.04;50;1.70;1;1
874;16959.92;50;1.69;1;1
875;16911.04;50;1.70;1;1
876;16715.54;50;1.69;1;1
877;17204.30;50;1.67;1;1
878;16911.04;50;1.72;1;1
879;16959.92;50;1.69;1;1
880;16959.92;50;1.70;1;1
881;17057.67;50;1.70;1;1
882;16862.17;50;1.71;1;1
883;17155.43;50;1.69;1;1
884;17008.80;50;1.72;1;1
885;16862.17;50;1.70;1;1
886;17057.67;50;1.69;1;1
887;17008.80;50;1.71;1;1
888;16959.92;50;1.70;1;1
889;17057.67;50;1.70;1;1
890;17008.80;50;1.71;1;1
891;16959.92;50;1.70;1;1
892;16862.17;50;1.70;1;1
893;16862.17;50;1.69;1;1
894;17008.80;50;1.69;1;1
895;17008.80;50;1.70;1;1
896;16911.04;50;1.70;1;1
897;16959.92;50;1.69;1;1
898;16911.04;50;1.70;1;1
899;17155.43;50;1.69;1;1
900;17008.80;50;1.72;1;1
901;16959.92;50;1.70;1;1
902;16911.04;50;1.70;1;1
903;17155.43;50;1.69;1;1
904;17008.80;50;1.72;1;1
905;17302.05;50;1.70;1;1
906;16813.29;50;1.73;1;1
907;17204.30;50;1.68;1;1
908;16911.04;50;1.72;1;1
909;17057.67;50;1.69;1;1
910;16959.92;50;1.71;1;1
911;17155.43;50;1.70;1;1
912;16959.92;50;1.72;1;1
913;17106.55;50;1.70;1;1
914;17057.67;50;1.71;1;1
915;17155.43;50;1.71;1;1
916;17155.43;50;1.72;1;1
917;17204.30;50;1.72;1;1
918;17106.55;50;1.72;1;1
919;17057.67;50;1.71;1;1
920;17302.05;50;1.71;1;1
921;16862.17;50;1.73;1;1
922;17155.43;50;1.69;1;1
923;17057.67;50;1.72;1;1
924;17302.05;50;1.71;1;1
925;17204.30;50;1.73;1;1
926;17008.80;50;1.72;1;1
927;17253.18;50;1.70;1;1
928;17302.05;50;1.73;1;1
929;17204.30;50;1.73;1;1
930;17253.18;50;1.72;1;1
931;17057.67;50;1.73;1;1
932;17204.30;50;1.71;1;1
933;17350.93;50;1.72;1;1
934;17008.80;50;1.74;1;1
935;17008.80;50;1.70;1;1
936;17253.18;50;1.70;1;1
937;17350.93;50;1.73;1;1
938;17253.18;50;1.74;1;1
939;17057.67;50;1.73;1;1
940;17204.30;50;1.71;1;1
941;17106.55;50;1.72;1;1
942;17057.67;50;1.71;1;1
943;17204.30;50;1.71;1;1
944;17106.55;50;1.72;1;1
945;17155.43;50;1.71;1;1
946;17057.67;50;1.72;1;1
947;17204.30;50;1.71;1;1
948;16959.92;50;1.72;1;1
949;17155.43;50;1.70;1;1
950;16959.92;50;1.72;1;1
951;17106.55;50;1.70;1;1
952;17008.80;50;1.71;1;1
953;17106.55;50;1.70;1;1
954;17008.80;50;1.71;1;1
955;17155.43;50;1.70;1;1
956;16911.04;50;1.72;1;1
957;17155.43;50;1.69;1;1
958;17008.80;50;1.72;1;1
959;17204.30;50;1.70;1;1
960;16911.04;50;1.72;1;1
961;17057.67;50;1.69;1;1
962;16813.29;50;1.71;1;1
963;17253.18;50;1.68;1;1
964;16862.17;50;1.73;1;1
965;17155.43;50;1.69;1;1
966;16862.17;50;1.72;1;1
967;17106.55;50;1.69;1;1
968;16764.42;50;1.71;1;1
969;17204.30;50;1.68;1;1
970;16813.29;50;1.72;1;1
971;17155.43;50;1.68;1;1
972;16959.92;50;1.72;1;1
973;17106.55;50;1.70;1;1
974;16862.17;50;1.71;1;1
975;17253.18;50;1.69;1;1
976;16862.17;50;1.73;1;1
977;17057.67;50;1.69;1;1
978;16911.04;50;1.71;1;1
979;17057.67;50;1.69;1;1
980;16813.29;50;1.71;1;1
981;17057.67;50;1.68;1;1
982;16813.29;50;1.71;1;1
983;17155.43;50;1.68;1;1
984;17008.80;50;1.72;1;1
985;17057.67;50;1.70;1;1
986;16911.04;50;1.71;1;1
987;17204.30;50;1.69;1;1
988;16764.42;50;1.72;1;1
989;17204.30;50;1.68;1;1
990;16764.42;50;1.72;1;1
991;17106.55;50;1.68;1;1
992;16911.04;50;1.71;1;1
993;17106.55;50;1.69;1;1
994;16911.04;50;1.71;1;1
995;17106.55;50;1.69;1;1
996;16715.54;50;1.71;1;1
997;17008.80;50;1.67;1;1
998;16764.42;50;1.70;1;1
999;17057.67;50;1.68;1;1
1000;16715.54;50;1.71;1;1
1001;17204.30;50;1.67;1;1
1002;16666.67;50;1.72;1;1
1003;17253.18;50;1.67;1;1
1004;17008.80;50;1.73;1;1
1005;17155.43;50;1.70;1;1
1006;16862.17;50;1.72;1;1
1007;17253.18;50;1.69;1;1
1008;16617.79;50;1.73;1;1
1009;17253.18;50;1.66;1;1
1010;16813.29;50;1.73;1;1
1011;17253.18;50;1.68;1;1
1012;16813.29;50;1.73;1;1
1013;17448.68;50;1.68;1;1
1014;16764.42;50;1.74;1;1
1015;17253.18;50;1.68;1;1
1016;16715.54;50;1.73;1;1
1017;17350.93;50;1.67;1;1
1018;16862.17;50;1.74;1;1
1019;17350.93;50;1.69;1;1
1020;16715.54;50;1.74;1;1
1021;17302.05;50;1.67;1;1
1022;16617.79;50;1.73;1;1
1023;17350.93;50;1.66;1;1
1024;16862.17;50;1.74;1;1
1025;17497.56;50;1.69;1;1
1026;16911.04;50;1.75;1;1
1027;17497.56;50;1.69;1;1
1028;16911.04;50;1.75;1;1
1029;17595.31;50;1.69;1;1
1030;16959.92;50;1.76;1;1
1031;17497.56;50;1.70;1;1
1032;16764.42;50;1.75;1;1
1033;17448.68;50;1.68;1;1
1034;16813.29;50;1.74;1;1
1035;17399.80;50;1.68;1;1
1036;16862.17;50;1.74;1;1
1037;17448.68;50;1.69;1;1
1038;16959.92;50;1.74;1;1
1039;17399.80;50;1.70;1;1
1040;16911.04;50;1.74;1;1
1041;17399.80;50;1.69;1;1
1042;16862.17;50;1.74;1;1
1043;17595.31;50;1.69;1;1
1044;16715.54;50;1.76;1;1
1045;17448.68;50;1.67;1;1
1046;16715.54;50;1.74;1;1
1047;17448.68;50;1.67;1;1
1048;16715.54;50;1.74;1;1
1049;17546.43;50;1.67;1;1
1050;16911.04;50;1.75;1;1
1051;17302.05;50;1.69;1;1
1052;16666.67;50;1.73;1;1
1053;17399.80;50;1.67;1;1
1054;16715.54;50;1.74;1;1
1055;17448.68;50;1.67;1;1
1056;16862.17;50;1.74;1;1
1057;17595.31;50;1.69;1;1
1058;16813.29;50;1.76;1;1
1059;17546.43;50;1.68;1;1
1060;16862.17;50;1.75;1;1
1061;17497.56;50;1.69;1;1
1062;16764.42;50;1.75;1;1
1063;17448.68;50;1.68;1;1
1064;16666.67;50;1.74;1;1
1065;17399.80;50;1.67;1;1
1066;16764.42;50;1.74;1;1
1067;17399.80;50;1.68;1;1
1068;16715.54;50;1.74;1;1
1069;17497.56;50;1.67;1;1
1070;16715.54;50;1.75;1;1
1071;17399.80;50;1.67;1;1
1072;16666.67;50;1.74;1;1
1073;17302.05;50;1.67;1;1
1074;16813.29;50;1.73;1;1
1075;17497.56;50;1.68;1;1
1076;16862.17;50;1.75;1;1
1077;17399.80;50;1.69;1;1
1078;17057.67;50;1.74;1;1
1079;17497.56;50;1.71;1;1
1080;16862.17;50;1.75;1;1
1081;17350.93;50;1.69;1;1
1082;16764.42;50;1.74;1;1
1083;17253.18;50;1.68;1;1
1084;16715.54;50;1.73;1;1
1085;17350.93;50;1.67;1;1
1086;16666.67;50;1.74;1;1
1087;17253.18;50;1.67;1;1
1088;16764.42;50;1.73;1;1
1089;17253.18;50;1.68;1;1
1090;16862.17;50;1.73;1;1
1091;17399.80;50;1.69;1;1
1092;16911.04;50;1.74;1;1
1093;17497.56;50;1.69;1;1
1094;16911.04;50;1.75;1;1
1095;17399.80;50;1.69;1;1
1096;16764.42;50;1.74;1;1
1097;17253.18;50;1.68;1;1
1098;16862.17;50;1.73;1;1
1099;17204.30;50;1.69;1;1
1100;16911.04;50;1.72;1;1
1101;17204.30;50;1.69;1;1
1102;16911.04;50;1.72;1;1
1103;17204.30;50;1.69;1;1
1104;16959.92;50;1.72;1;1
1105;17155.43;50;1.70;1;1
1106;17155.43;50;1.72;1;1
1107;17204.30;50;1.72;1;1
1108;17204.30;50;1.72;1;1
1109;17204.30;50;1.72;1;1
1110;17106.55;50;1.72;1;1
1111;17155.43;50;1.71;1;1
1112;17057.67;50;1.72;1;1
1113;17155.43;50;1.71;1;1
1114;17008.80;50;1.72;1;1
1115;17155.43;50;1.70;1;1
1116;16959.92;50;1.72;1;1
1117;17155.43;50;1.70;1;1
1118;17106.55;50;1.72;1;1
1119;17057.67;50;1.71;1;1
1120;17253.18;50;1.71;1;1
1121;17155.43;50;1.73;1;1
1122;17008.80;50;1.72;1;1
1123;16959.92;50;1.70;1;1
1124;17155.43;50;1.70;1;1
1125;17008.80;50;1.72;1;1
1126;17302.05;50;1.70;1;1
1127;17008.80;50;1.73;1;1
1128;17155.43;50;1.70;1;1
1129;17008.80;50;1.72;1;1
1130;17204.30;50;1.70;1;1
1131;16813.29;50;1.72;1;1
1132;17204.30;50;1.68;1;1
1133;16813.29;50;1.72;1;1
1134;17253.18;50;1.68;1;1
1135;17155.43;50;1.73;1;1
1136;17302.05;50;1.72;1;1
1137;17057.67;50;1.73;1;1
1138;17253.18;50;1.71;1;1
1139;17350.93;50;1.73;1;1
1140;17253.18;50;1.74;1;1
1141;17155.43;50;1.73;1;1
1142;17302.05;50;1.72;1;1
1143;17253.18;50;1.73;1;1
1144;17155.43;50;1.73;1;1
1145;17253.18;50;1.72;1;1
1146;17155.43;50;1.73;1;1
1147;17350.93;50;1.72;1;1
1148;17302.05;50;1.74;1;1
1149;17204.30;50;1.73;1;1
1150;17546.43;50;1.72;1;1
1151;17106.55;50;1.75;1;1
1152;17253.18;50;1.71;1;1
1153;17253.18;50;1.73;1;1
1154;17399.80;50;1.73;1;1
1155;17204.30;50;1.74;1;1
1156;17497.56;50;1.72;1;1
1157;17008.80;50;1.75;1;1
1158;17448.68;50;1.70;1;1
1159;17204.30;50;1.74;1;1
1160;17302.05;50;1.72;1;1
1161;17204.30;50;1.73;1;1
1162;17253.18;50;1.72;1;1
1163;17350.93;50;1.73;1;1
1164;17693.06;50;1.74;1;1
1165;17253.18;50;1.77;1;1
1166;17595.31;50;1.73;1;1
1167;17204.30;50;1.76;1;1
1168;17546.43;50;1.72;1;1
1169;17106.55;50;1.75;1;1
1170;17448.68;50;1.71;1;1
1171;17253.18;50;1.74;1;1
1172;17595.31;50;1.73;1;1
1173;17106.55;50;1.76;1;1
1174;17350.93;50;1.71;1;1
1175;17057.67;50;1.74;1;1
1176;17350.93;50;1.71;1;1
1177;17155.43;50;1.74;1;1
1178;17350.93;50;1.72;1;1
1179;17008.80;50;1.74;1;1
1180;17399.80;50;1.70;1;1
1181;16959.92;50;1.74;1;1
1182;17448.68;50;1.70;1;1
1183;17008.80;50;1.74;1;1
1184;17644.18;50;1.70;1;1
1185;17008.80;50;1.76;1;1
1186;17497.56;50;1.70;1;1
1187;17008.80;50;1.75;1;1
1188;17644.18;50;1.70;1;1
1189;17155.43;50;1.76;1;1
1190;17595.31;50;1.72;1;1
1191;16813.29;50;1.76;1;1
1192;17497.56;50;1.68;1;1
1193;17057.67;50;1.75;1;1
1194;17693.06;50;1.71;1;1
1195;17057.67;50;1.77;1;1
1196;17497.56;50;1.71;1;1
1197;17204.30;50;1.75;1;1
1198;17644.18;50;1.72;1;1
1199;17106.55;50;1.76;1;1
1200;17644.18;50;1.71;1;1
1201;17057.67;50;1.76;1;1
1202;17644.18;50;1.71;1;1
1203;16911.04;50;1.76;1;1
1204;17497.56;50;1.69;1;1
1205;17057.67;50;1.75;1;1
1206;17448.68;50;1.71;1;1
1207;16959.92;50;1.74;1;1
1208;17595.31;50;1.70;1;1
1209;16911.04;50;1.76;1;1
1210;17693.06;50;1.69;1;1
1211;16813.29;50;1.77;1;1
1212;17448.68;50;1.68;1;1
1213;16862.17;50;1.74;1;1
1214;17644.18;50;1.69;1;1
1215;17008.80;50;1.76;1;1
1216;17644.18;50;1.70;1;1
1217;16959.92;50;1.76;1;1
1218;17497.56;50;1.70;1;1
1219;16862.17;50;1.75;1;1
1220;17644.18;50;1.69;1;1
1221;16959.92;50;1.76;1;1
1222;17595.31;50;1.70;1;1
1223;16959.92;50;1.76;1;1
1224;17790.81;50;1.70;1;1
1225;17057.67;50;1.78;1;1
1226;17644.18;50;1.71;1;1
1227;16862.17;50;1.76;1;1
1228;17595.31;50;1.69;1;1
1229;16862.17;50;1.76;1;1
1230;17595.31;50;1.69;1;1
1231;16813.29;50;1.76;1;1
1232;17644.18;50;1.68;1;1
1233;17057.67;50;1.76;1;1
1234;17595.31;50;1.71;1;1
1235;16959.92;50;1.76;1;1
1236;17693.06;50;1.70;1;1
1237;16959.92;50;1.77;1;1
1238;17595.31;50;1.70;1;1
1239;17106.55;50;1.76;1;1
1240;17546.43;50;1.71;1;1
1241;17057.67;50;1.75;1;1
1242;17497.56;50;1.71;1;1
1243;16959.92;50;1.75;1;1
1244;17595.31;50;1.70;1;1
1245;17008.80;50;1.76;1;1
1246;17497.56;50;1.70;1;1
1247;17057.67;50;1.75;1;1
1248;17741.94;50;1.71;1;1
1249;17204.30;50;1.77;1;1
1250;17693.06;50;1.72;1;1
1251;17155.43;50;1.77;1;1
1252;17741.94;50;1.72;1;1
1253;17106.55;50;1.77;1;1
1254;17693.06;50;1.71;1;1
1255;17253.18;50;1.77;1;1
1256;17693.06;50;1.73;1;1
1257;17155.43;50;1.77;1;1
1258;17644.18;50;1.72;1;1
1259;17057.67;50;1.76;1;1
1260;17693.06;50;1.71;1;1
1261;17008.80;50;1.77;1;1
1262;17839.69;50;1.70;1;1
1263;17008.80;50;1.78;1;1
1264;17644.18;50;1.70;1;1
1265;17155.43;50;1.76;1;1
1266;17595.31;50;1.72;1;1
1267;17253.18;50;1.76;1;1
1268;17937.44;50;1.73;1;1
1269;17302.05;50;1.79;1;1
1270;17741.94;50;1.73;1;1
1271;17204.30;50;1.77;1;1
1272;17888.56;50;1.72;1;1
1273;17350.93;50;1.79;1;1
1274;17644.18;50;1.74;1;1
1275;17302.05;50;1.76;1;1
1276;17790.81;50;1.73;1;1
1277;17302.05;50;1.78;1;1
1278;17741.94;50;1.73;1;1
1279;17253.18;50;1.77;1;1
1280;17790.81;50;1.73;1;1
1281;17399.80;50;1.78;1;1
1282;17839.69;50;1.74;1;1
1283;17448.68;50;1.78;1;1
1284;17839.69;50;1.74;1;1
1285;17350.93;50;1.78;1;1
1286;17888.56;50;1.74;1;1
1287;17448.68;50;1.79;1;1
1288;17741.94;50;1.74;1;1
1289;17595.31;50;1.77;1;1
1290;17888.56;50;1.76;1;1
1291;17448.68;50;1.79;1;1
1292;17986.31;50;1.74;1;1
1293;17497.56;50;1.80;1;1
1294;17497.56;50;1.75;1;1
1295;17693.06;50;1.75;1;1
1296;17693.06;50;1.77;1;1
1297;17497.56;50;1.77;1;1
1298;17693.06;50;1.75;1;1
1299;17693.06;50;1.77;1;1
1300;17741.94;50;1.77;1;1
1301;17302.05;50;1.77;1;1
1302;17595.31;50;1.73;1;1
1303;17399.80;50;1.76;1;1
1304;17595.31;50;1.74;1;1
1305;17937.44;50;1.76;1;1
1306;17644.18;50;1.79;1;1
1307;17448.68;50;1.76;1;1
1308;17448.68;50;1.74;1;1
1309;17448.68;50;1.74;1;1
1310;17497.56;50;1.74;1;1
1311;17497.56;50;1.75;1;1
1312;17497.56;50;1.75;1;1
1313;17497.56;50;1.75;1;1
1314;17546.43;50;1.75;1;1
1315;17448.68;50;1.75;1;1
1316;17350.93;50;1.74;1;1
1317;17497.56;50;1.74;1;1
1318;17448.68;50;1.75;1;1
1319;17595.31;50;1.74;1;1
1320;18035.19;50;1.76;1;1
1321;17497.56;50;1.80;1;1
1322;17350.93;50;1.75;1;1
1323;17546.43;50;1.74;1;1
1324;17399.80;50;1.75;1;1
1325;17644.18;50;1.74;1;1
1326;17399.80;50;1.76;1;1
1327;17595.31;50;1.74;1;1
1328;17448.68;50;1.76;1;1
1329;17693.06;50;1.74;1;1
1330;17302.05;50;1.77;1;1
1331;17888.56;50;1.73;1;1
1332;17350.93;50;1.79;1;1
1333;17595.31;50;1.74;1;1
1334;17302.05;50;1.76;1;1
1335;18426.20;50;1.73;1;1
1336;17204.30;50;1.84;1;1
1337;17790.81;50;1.72;1;1
1338;17448.68;50;1.78;1;1
1339;17986.31;50;1.74;1;1
1340;17204.30;50;1.80;1;1
1341;17790.81;50;1.72;1;1
1342;17448.68;50;1.78;1;1
1343;17888.56;50;1.74;1;1
1344;17204.30;50;1.79;1;1
1345;17839.69;50;1.72;1;1
1346;17302.05;50;1.78;1;1
1347;17937.44;50;1.73;1;1
1348;17350.93;50;1.79;1;1
1349;17644.18;50;1.74;1;1
1350;17204.30;50;1.76;1;1
1351;17741.94;50;1.72;1;1
1352;17106.55;50;1.77;1;1
1353;17790.81;50;1.71;1;1
1354;17204.30;50;1.78;1;1
1355;17741.94;50;1.72;1;1
1356;17350.93;50;1.77;1;1
1357;17644.18;50;1.74;1;1
1358;16911.04;50;1.76;1;1
1359;17693.06;50;1.69;1;1
1360;17302.05;50;1.77;1;1
1361;17888.56;50;1.73;1;1
1362;17204.30;50;1.79;1;1
1363;17937.44;50;1.72;1;1
1364;17057.67;50;1.79;1;1
1365;17595.31;50;1.71;1;1
1366;17155.43;50;1.76;1;1
1367;17644.18;50;1.72;1;1
1368;17106.55;50;1.76;1;1
1369;17595.31;50;1.71;1;1
1370;16959.92;50;1.76;1;1
1371;17790.81;50;1.70;1;1
1372;17008.80;50;1.78;1;1
1373;17595.31;50;1.70;1;1
1374;17057.67;50;1.76;1;1
1375;17839.69;50;1.71;1;1
1376;17106.55;50;1.78;1;1
1377;17693.06;50;1.71;1;1
1378;17057.67;50;1.77;1;1
1379;17595.31;50;1.71;1;1
1380;17057.67;50;1.76;1;1
1381;17741.94;50;1.71;1;1
1382;17204.30;50;1.77;1;1
1383;17790.81;50;1.72;1;1
1384;17106.55;50;1.78;1;1
1385;17693.06;50;1.71;1;1
1386;17204.30;50;1.77;1;1
1387;17888.56;50;1.72;1;1
1388;17057.67;50;1.79;1;1
1389;17546.43;50;1.71;1;1
1390;17008.80;50;1.75;1;1
1391;18572.82;50;1.70;1;1
1392;17741.94;50;1.86;1;1
1393;18377.32;50;1.77;1;1
1394;16813.29;50;1.84;1;1
1395;18377.32;50;1.68;1;1
1396;16520.04;50;1.84;1;1
1397;17399.80;50;1.65;1;1
1398;17839.69;50;1.74;1;1
1399;18621.70;50;1.78;1;1
1400;16911.04;50;1.86;1;1
1401;18475.07;50;1.69;1;1
1402;16813.29;50;1.85;1;1
1403;17497.56;50;1.68;1;1
1404;16764.42;50;1.75;1;1
1405;18572.82;50;1.68;1;1
1406;17693.06;50;1.86;1;1
1407;18572.82;50;1.77;1;1
1408;17790.81;50;1.86;1;1
1409;17302.05;50;1.78;1;1
1410;17839.69;50;1.73;1;1
1411;18719.45;50;1.78;1;1
1412;17839.69;50;1.87;1;1
1413;17644.18;50;1.78;1;1
1414;16813.29;50;1.76;1;1
1415;17350.93;50;1.68;1;1
1416;16617.79;50;1.74;1;1
1417;17399.80;50;1.66;1;1
1418;16617.79;50;1.74;1;1
1419;17448.68;50;1.66;1;1
1420;16764.42;50;1.74;1;1
1421;18523.95;50;1.68;1;1
1422;16813.29;50;1.85;1;1
1423;18230.69;50;1.68;1;1
1424;16617.79;50;1.82;1;1
1425;18621.70;50;1.66;1;1
1426;16862.17;50;1.86;1;1
1427;17399.80;50;1.69;1;1
1428;17790.81;50;1.74;1;1
1429;18377.32;50;1.78;1;1
1430;17741.94;50;1.84;1;1
1431;17155.43;50;1.77;1;1
1432;16862.17;50;1.72;1;1
1433;17350.93;50;1.69;1;1
1434;17546.43;50;1.74;1;1
1435;17350.93;50;1.75;1;1
1436;17546.43;50;1.74;1;1
1437;18328.45;50;1.75;1;1
1438;16666.67;50;1.83;1;1
1439;18328.45;50;1.67;1;1
1440;17546.43;50;1.83;1;1
1441;18279.57;50;1.75;1;1
1442;17595.31;50;1.83;1;1
1443;18279.57;50;1.76;1;1
1444;17497.56;50;1.83;1;1
1445;18523.95;50;1.75;1;1
1446;16666.67;50;1.85;1;1
1447;17253.18;50;1.67;1;1
1448;17595.31;50;1.73;1;1
1449;17350.93;50;1.76;1;1
1450;17693.06;50;1.74;1;1
1451;17399.80;50;1.77;1;1
1452;17644.18;50;1.74;1;1
1453;17546.43;50;1.76;1;1
1454;17888.56;50;1.75;1;1
1455;17399.80;50;1.79;1;1
1456;17693.06;50;1.74;1;1
1457;17448.68;50;1.77;1;1
1458;16862.17;50;1.74;1;1
1459;17350.93;50;1.69;1;1
1460;17790.81;50;1.74;1;1
1461;18426.20;50;1.78;1;1
1462;17595.31;50;1.84;1;1
1463;18181.82;50;1.76;1;1
1464;17546.43;50;1.82;1;1
1465;17253.18;50;1.75;1;1
1466;17693.06;50;1.73;1;1
1467;18279.57;50;1.77;1;1
1468;16715.54;50;1.83;1;1
1469;18328.45;50;1.67;1;1
1470;16813.29;50;1.83;1;1
1471;18279.57;50;1.68;1;1
1472;17790.81;50;1.83;1;1
1473;17448.68;50;1.78;1;1
1474;17839.69;50;1.74;1;1
1475;17350.93;50;1.78;1;1
1476;17839.69;50;1.74;1;1
1477;18328.45;50;1.78;1;1
1478;16764.42;50;1.83;1;1
1479;18279.57;50;1.68;1;1
1480;16764.42;50;1.83;1;1
1481;18426.20;50;1.68;1;1
1482;16911.04;50;1.84;1;1
1483;18328.45;50;1.69;1;1
1484;16764.42;50;1.83;1;1
1485;18181.82;50;1.68;1;1
1486;17937.44;50;1.82;1;1
1487;18181.82;50;1.79;1;1
1488;17888.56;50;1.82;1;1
1489;18181.82;50;1.79;1;1
1490;17741.94;50;1.82;1;1
1491;17106.55;50;1.77;1;1
1492;16715.54;50;1.71;1;1
1493;18377.32;50;1.67;1;1
1494;16715.54;50;1.84;1;1
1495;18426.20;50;1.67;1;1
1496;16666.67;50;1.84;1;1
1497;18328.45;50;1.67;1;1
1498;17790.81;50;1.83;1;1
1499;18279.57;50;1.78;1;1
1500;18035.19;50;1.83;1;1
1501;18279.57;50;1.80;1;1
1502;18035.19;50;1.83;1;1
1503;18475.07;50;1.80;1;1
1504;18181.82;50;1.85;1;1
1505;17350.93;50;1.82;1;1
1506;16764.42;50;1.74;1;1
1507;18475.07;50;1.68;1;1
1508;17888.56;50;1.85;1;1
1509;18328.45;50;1.79;1;1
1510;17937.44;50;1.83;1;1
1511;18279.57;50;1.79;1;1
1512;18035.19;50;1.83;1;1
1513;18084.07;50;1.80;1;1
1514;16862.17;50;1.81;1;1
1515;18377.32;50;1.69;1;1
1516;18132.94;50;1.84;1;1
1517;17253.18;50;1.81;1;1
1518;17057.67;50;1.73;1;1
1519;17399.80;50;1.71;1;1
1520;18181.82;50;1.74;1;1
1521;17155.43;50;1.82;1;1
1522;17253.18;50;1.72;1;1
1523;17350.93;50;1.73;1;1
1524;17937.44;50;1.74;1;1
1525;17302.05;50;1.79;1;1
1526;17888.56;50;1.73;1;1
1527;17253.18;50;1.79;1;1
1528;16911.04;50;1.73;1;1
1529;17204.30;50;1.69;1;1
1530;18084.07;50;1.72;1;1
1531;18035.19;50;1.81;1;1
1532;17937.44;50;1.80;1;1
1533;18328.45;50;1.79;1;1
1534;17741.94;50;1.83;1;1
1535;18230.69;50;1.77;1;1
1536;18035.19;50;1.82;1;1
1537;18084.07;50;1.80;1;1
1538;18279.57;50;1.81;1;1
1539;17937.44;50;1.83;1;1
1540;18181.82;50;1.79;1;1
1541;17057.67;50;1.82;1;1
1542;17057.67;50;1.71;1;1
1543;16862.17;50;1.71;1;1
1544;18035.19;50;1.69;1;1
1545;17155.43;50;1.80;1;1
1546;17057.67;50;1.72;1;1
1547;18035.19;50;1.71;1;1
1548;16959.92;50;1.80;1;1
1549;17008.80;50;1.70;1;1
1550;16715.54;50;1.70;1;1
1551;17106.55;50;1.67;1;1
1552;16813.29;50;1.71;1;1
1553;17204.30;50;1.68;1;1
1554;16862.17;50;1.72;1;1
1555;17057.67;50;1.69;1;1
1556;17937.44;50;1.71;1;1
1557;17106.55;50;1.79;1;1
1558;18230.69;50;1.71;1;1
1559;17986.31;50;1.82;1;1
1560;17057.67;50;1.80;1;1
1561;17253.18;50;1.71;1;1
1562;17302.05;50;1.73;1;1
1563;17204.30;50;1.73;1;1
1564;17839.69;50;1.72;1;1
1565;16911.04;50;1.78;1;1
1566;17204.30;50;1.69;1;1
1567;17057.67;50;1.72;1;1
1568;17888.56;50;1.71;1;1
1569;17008.80;50;1.79;1;1
1570;17888.56;50;1.70;1;1
1571;16959.92;50;1.79;1;1
1572;17008.80;50;1.70;1;1
1573;17106.55;50;1.70;1;1
1574;16959.92;50;1.71;1;1
1575;17204.30;50;1.70;1;1
1576;17448.68;50;1.72;1;1
1577;17155.43;50;1.74;1;1
1578;17937.44;50;1.72;1;1
1579;17106.55;50;1.79;1;1
1580;17399.80;50;1.71;1;1
1581;17350.93;50;1.74;1;1
1582;17253.18;50;1.74;1;1
1583;17253.18;50;1.73;1;1
1584;18181.82;50;1.73;1;1
1585;18035.19;50;1.82;1;1
1586;17302.05;50;1.80;1;1
1587;17253.18;50;1.73;1;1
1588;17595.31;50;1.73;1;1
1589;18377.32;50;1.76;1;1
1590;18719.45;50;1.84;1;1
1591;17302.05;50;1.87;1;1
1592;17741.94;50;1.73;1;1
1593;17497.56;50;1.77;1;1
1594;18719.45;50;1.75;1;1
1595;18523.95;50;1.87;1;1
1596;17937.44;50;1.85;1;1
1597;18572.82;50;1.79;1;1
1598;18768.33;50;1.86;1;1
1599;18621.70;50;1.88;1;1
1600;18914.96;50;1.86;1;1
1601;18719.45;50;1.89;1;1
1602;18279.57;50;1.87;1;1
1603;17790.81;50;1.83;1;1
1604;18279.57;50;1.78;1;1
1605;18963.83;50;1.83;1;1
1606;18279.57;50;1.90;1;1
1607;18719.45;50;1.83;1;1
1608;19305.96;50;1.87;1;1
1609;18914.96;50;1.93;1;1
1610;18426.20;50;1.89;1;1
1611;19208.21;50;1.84;1;1
1612;19599.22;50;1.92;1;1
1613;19354.84;50;1.96;1;1
1614;19892.47;50;1.94;1;1
1615;19599.22;50;1.99;1;1
1616;19892.47;50;1.96;1;1
1617;19452.59;50;1.99;1;1
1618;20136.85;50;1.95;1;1
1619;19794.72;50;2.01;1;1
1620;20332.36;50;1.98;1;1
1621;18914.96;50;2.03;1;1
1622;20478.98;50;1.89;1;1
1623;20087.98;50;2.05;1;1
1624;20576.73;50;2.01;1;1
1625;20136.85;50;2.06;1;1
1626;20869.99;50;2.01;1;1
1627;19354.84;50;2.09;1;1
1628;19892.47;50;1.94;1;1
1629;19599.22;50;1.99;1;1
1630;21016.62;50;1.96;1;1
1631;20625.61;50;2.10;1;1
1632;21114.37;50;2.06;1;1
1633;20332.36;50;2.11;1;1
1634;21114.37;50;2.03;1;1
1635;20674.49;50;2.11;1;1
1636;21309.87;50;2.07;1;1
1637;20821.11;50;2.13;1;1
1638;21505.38;50;2.08;1;1
1639;20967.74;50;2.15;1;1
1640;21652.00;50;2.10;1;1
1641;21163.24;50;2.17;1;1
1642;21652.00;50;2.12;1;1
1643;21065.49;50;2.17;1;1
1644;21847.51;50;2.11;1;1
1645;21114.37;50;2.18;1;1
1646;21847.51;50;2.11;1;1
1647;21309.87;50;2.18;1;1
1648;21896.38;50;2.13;1;1
1649;21309.87;50;2.19;1;1
1650;22091.89;50;2.13;1;1
1651;21554.25;50;2.21;1;1
1652;22189.64;50;2.16;1;1
1653;21603.13;50;2.22;1;1
1654;21798.63;50;2.16;1;1
1655;21700.88;50;2.18;1;1
1656;22140.76;50;2.17;1;1
1657;21798.63;50;2.21;1;1
1658;22629.52;50;2.18;1;1
1659;21358.75;50;2.26;1;1
1660;22140.76;50;2.14;1;1
1661;20869.99;50;2.21;1;1
1662;22189.64;50;2.09;1;1
1663;21456.50;50;2.22;1;1
1664;22140.76;50;2.15;1;1
1665;21407.63;50;2.21;1;1
1666;22043.01;50;2.14;1;1
1667;21700.88;50;2.20;1;1
1668;22189.64;50;2.17;1;1
1669;21700.88;50;2.22;1;1
1670;22140.76;50;2.17;1;1
1671;21700.88;50;2.21;1;1
1672;22336.27;50;2.17;1;1
1673;21261.00;50;2.23;1;1
1674;21749.76;50;2.13;1;1
1675;21358.75;50;2.17;1;1
1676;22140.76;50;2.14;1;1
1677;21456.50;50;2.21;1;1
1678;21603.13;50;2.15;1;1
1679;20430.11;50;2.16;1;1
1680;20283.48;50;2.04;1;1
1681;18866.08;50;2.03;1;1
1682;18670.58;50;1.89;1;1
1683;16911.04;50;1.87;1;1
1684;15347.02;50;1.69;1;1
1685;12854.35;50;1.53;1;1
1686;11583.58;50;1.29;1;1
1687;8651.03;50;1.16;1;1
1688;1251.22;50;0.87;1;0
1689;2473.12;50;0.13;1;0
1690;19.55;50;0.25;1;0
1691;0.00;50;0.00;1;0
1692;0.00;50;0.00;1;0
1693;0.00;50;0.00;1;0
1694;0.00;50;0.00;1;0
1695;0.00;50;0.00;1;0
1696;0.00;50;0.00;1;0
1697;0.00;50;0.00;1;0
1698;0.00;50;0.00;1;0
1699;0.00;50;0.00;1;0
1700;0.00;50;0.00;1;0
1701;0.00;50;0.00;1;0
1702;0.00;50;0.00;1;0
1703;0.00;50;0.00;1;0
1704;0.00;50;0.00;1;0
1705;0.00;50;0.00;1;0
1706;0.00;50;0.00;1;0
1707;0.00;50;0.00;1;0
1708;0.00;50;0.00;1;0
1709;0.00;50;0.00;1;0
1710;0.00;50;0.00;1;0
1711;0.00;50;0.00;1;0
1712;0.00;50;0.00;1;0
1713;0.00;50;0.00;1;0
1714;0.00;50;0.00;1;0
1715;0.00;50;0.00;1;0
1716;0.00;50;0.00;1;0
1717;0.00;50;0.00;1;0
1718;0.00;50;0.00;1;0
1719;0.00;50;0.00;1;0
1720;0.00;50;0.00;1;0
1721;0.00;50;0.00;1;0
1722;0.00;50;0.00;1;0
1723;0.00;50;0.00;1;0
1724;0.00;50;0.00;1;0
1725;0.00;50;0.00;1;0
1726;0.00;50;0.00;1;0
1727;0.00;50;0.00;1;0
1728;0.00;50;0.00;1;0
1729;0.00;50;0.00;1;0
1730;0.00;50;0.00;1;0
1731;0.00;50;0.00;1;0
1732;0.00;50;0.00;1;0
1733;0.00;50;0.00;1;0
1734;0.00;50;0.00;1;0
1735;0.00;50;0.00;1;0
1736;0.00;50;0.00;1;0
1737;0.00;50;0.00;1;0
1738;0.00;50;0.00;1;0
1739;0.00;50;0.00;1;0
1740;0.00;50;0.00;1;0
1741;0.00;50;0.00;1;0
1742;0.00;50;0.00;1;0
1743;0.00;50;0.00;1;0
1744;0.00;50;0.00;1;0
1745;0.00;50;0.00;1;0
1746;0.00;50;0.00;1;0
1747;0.00;50;0.00;1;0
1748;0.00;50;0.00;1;0
1749;0.00;50;0.00;1;0
1750;0.00;50;0.00;1;0
1751;0.00;50;0.00;1;0
1752;0.00;50;0.00;1;0
1753;0.00;50;0.00;1;0
1754;0.00;50;0.00;1;0
1755;0.00;50;0.00;1;0
1756;0.00;50;0.00;1;0
1757;0.00;50;0.00;1;0
1758;0.00;50;0.00;1;0
1759;0.00;50;0.00;1;0
1760;0.00;50;0.00;1;0
1761;0.00;50;0.00;1;0
1762;0.00;50;0.00;1;0
1763;0.00;50;0.00;1;0
1764;0.00;50;0.00;1;0
1765;0.00;50;0.00;1;0
1766;0.00;50;0.00;1;0
1767;0.00;50;0.00;1;0
1768;0.00;50;0.00;1;0
1769;0.00;50;0.00;1;0
1770;0.00;50;0.00;1;0
1771;0.00;50;0.00;1;0
1772;0.00;50;0.00;1;0
1773;0.00;50;0.00;1;0
1774;0.00;50;0.00;1;0
1775;0.00;50;0.00;1;0
1776;0.00;50;0.00;1;0
1777;0.00;50;0.00;1;0
1778;0.00;50;0.00;1;0
1779;0.00;50;0.00;1;0
1780;0.00;50;0.00;1;0
1781;0.00;50;0.00;1;0
1782;0.00;50;0.00;1;0
1783;0.00;50;0.00;1;0
1784;0.00;50;0.00;1;0
1785;0.00;50;0.00;1;0
1786;0.00;50;0.00;1;0
1787;0.00;50;0.00;1;0
1788;0.00;50;0.00;1;0
1789;0.00;50;0.00;1;0
1790;0.00;50;0.00;1;0
1791;0.00;50;0.00;1;0
1792;0.00;50;0.00;1;0
1793;0.00;50;0.00;1;0
1794;0.00;50;0.00;1;0
1795;0.00;50;0.00;1;0
1796;0.00;50;0.00;1;0
1797;0.00;50;0.00;1;0
1798;0.00;50;0.00;1;0
1799;0.00;50;0.00;1;0
1800;0.00;50;0.00;1;0
1801;0.00;50;0.00;1;0
1802;0.00;50;0.00;1;0
1803;0.00;50;0.00;1;0
1804;0.00;50;0.00;1;0
1805;0.00;50;0.00;1;0
1806;0.00;50;0.00;1;0
1807;0.00;50;0.00;1;0
1808;0.00;50;0.00;1;0
1809;0.00;50;0.00;1;0
1810;0.00;50;0.00;1;0
1811;0.00;50;0.00;1;0
1812;0.00;50;0.00;1;0
1813;0.00;50;0.00;1;0
1814;0.00;50;0.00;1;0
1815;0.00;50;0.00;1;0
1816;0.00;50;0.00;1;0
1817;0.00;50;0.00;1;0
1818;0.00;50;0.00;1;0
1819;0.00;50;0.00;1;0
1820;0.00;50;0.00;1;0
1821;0.00;50;0.00;1;0
1822;0.00;50;0.00;1;0
1823;0.00;50;0.00;1;0
1824;0.00;50;0.00;1;0
1825;0.00;50;0.00;1;0
1826;0.00;50;0.00;1;0
1827;0.00;50;0.00;1;0
1828;0.00;50;0.00;1;0
1829;0.00;50;0.00;1;0
1830;0.00;50;0.00;1;0
1831;0.00;50;0.00;1;0
1832;0.00;50;0.00;1;0
1833;0.00;50;0.00;1;0
1834;0.00;50;0.00;1;0
1835;0.00;50;0.00;1;0
1836;0.00;50;0.00;1;0
1837;0.00;50;0.00;1;0
1838;0.00;50;0.00;1;0
1839;0.00;50;0.00;1;0
1840;0.00;50;0.00;1;0
1841;0.00;50;0.00;1;0
1842;0.00;50;0.00;1;0
1843;0.00;50;0.00;1;0
1844;0.00;50;0.00;1;0
1845;0.00;50;0.00;1;0
1846;0.00;50;0.00;1;0
1847;0.00;50;0.00;1;0
1848;0.00;50;0.00;1;0
1849;0.00;50;0.00;1;0
1850;0.00;50;0.00;1;0
1851;0.00;50;0.00;1;0
1852;0.00;50;0.00;1;0
1853;0.00;50;0.00;1;0
1854;0.00;50;0.00;1;0
1855;0.00;50;0.00;1;0
1856;0.00;50;0.00;1;0
1857;0.00;50;0.00;1;0
1858;0.00;50;0.00;1;0
1859;0.00;50;0.00;1;0
1860;0.00;50;0.00;1;0
1861;0.00;50;0.00;1;0
1862;0.00;50;0.00;1;0
1863;0.00;50;0.00;1;0
1864;0.00;50;0.00;1;0
1865;0.00;50;0.00;1;0
1866;0.00;50;0.00;1;0
1867;0.00;50;0.00;1;0
1868;0.00;50;0.00;1;0
1869;0.00;50;0.00;1;0
1870;0.00;50;0.00;1;0
1871;0.00;50;0.00;1;0
1872;0.00;50;0.00;1;0
1873;0.00;50;0.00;1;0
1874;0.00;50;0.00;1;0
1875;0.00;50;0.00;1;0
1876;0.00;50;0.00;1;0
1877;0.00;50;0.00;1;0
1878;0.00;50;0.00;1;0
1879;0.00;50;0.00;1;0
1880;0.00;50;0.00;1;0
1881;0.00;50;0.00;1;0
1882;0.00;50;0.00;1;0
1883;0.00;50;0.00;1;0
1884;0.00;50;0.00;1;0
1885;0.00;50;0.00;1;0
1886;0.00;50;0.00;1;0
1887;0.00;50;0.00;1;0
1888;0.00;50;0.00;1;0
1889;0.00;50;0.00;1;0
1890;0.00;50;0.00;1;0
1891;0.00;50;0.00;1;0
1892;0.00;50;0.00;1;0
1893;0.00;50;0.00;1;0
1894;0.00;50;0.00;1;0
1895;0.00;50;0.00;1;0
1896;0.00;50;0.00;1;0
1897;0.00;50;0.00;1;0
1898;0.00;50;0.00;1;0
1899;0.00;50;0.00;1;0
1900;0.00;50;0.00;1;0
1901;0.00;50;0.00;1;0
1902;0.00;50;0.00;1;0
1903;0.00;50;0.00;1;0
1904;0.00;50;0.00;1;0
1905;0.00;50;0.00;1;0
1906;0.00;50;0.00;1;0
1907;0.00;50;0.00;1;0
1908;0.00;50;0.00;1;0
1909;117.30;50;0.00;1;0
1910;576.74;50;0.01;1;0
1911;1446.73;50;0.06;1;0
1912;1652.00;50;0.14;1;0
1913;2746.82;50;0.17;1;0
1914;3216.03;50;0.27;1;0
1915;4174.00;50;0.32;1;0
1916;4261.97;50;0.42;1;0
1917;5210.17;50;0.43;1;0
1918;5708.70;50;0.52;1;0
1919;6461.39;50;0.57;1;0
1920;6881.72;50;0.65;1;0
1921;7693.06;50;0.69;1;0
1922;7917.89;50;0.77;1;0
1923;8817.20;50;0.79;1;0
1924;9325.51;50;0.88;1;0
1925;11730.21;50;0.93;1;1
1926;12121.21;50;1.17;1;1
1927;13098.73;50;1.21;1;1
1928;13489.74;50;1.31;1;1
1929;14662.76;50;1.35;1;1
1930;14809.38;50;1.47;1;1
1931;15933.53;50;1.48;1;1
1932;15689.15;50;1.59;1;1
1933;17008.80;50;1.57;1;1
1934;17057.67;50;1.70;1;1
1935;18279.57;50;1.71;1;1
1936;18035.19;50;1.83;1;1
1937;19305.96;50;1.80;1;1
1938;19159.34;50;1.93;1;1
1939;20576.73;50;1.92;1;1
1940;20283.48;50;2.06;1;1
1941;21554.25;50;2.03;1;1
1942;21505.38;50;2.16;1;1
1943;22531.77;50;2.15;1;1
1944;22336.27;50;2.25;1;1
1945;23558.16;50;2.23;1;1
1946;23167.15;50;2.36;1;1
1947;24633.43;50;2.32;1;1
1948;24340.18;50;2.46;1;1
1949;25366.57;50;2.43;1;1
1950;25171.06;50;2.54;1;1
1951;26295.21;50;2.52;1;1
1952;26148.58;50;2.63;1;1
1953;26930.60;50;2.61;1;1
1954;27028.35;50;2.69;1;1
1955;28054.74;50;2.70;1;1
1956;27761.48;50;2.81;1;1
1957;28836.75;50;2.78;1;1
1958;28739.00;50;2.88;1;1
1959;29667.64;50;2.87;1;1
1960;29569.89;50;2.97;1;1
1961;30156.40;50;2.96;1;1
1962;30351.91;50;3.02;1;1
1963;31133.92;50;3.04;1;1
1964;30938.42;50;3.11;1;1
1965;31769.30;50;3.09;1;1
1966;31378.30;50;3.18;1;1
1967;32258.06;50;3.14;1;1
1968;32013.69;50;3.23;1;1
1969;33088.95;50;3.20;1;1
1970;32893.45;50;3.31;1;1
1971;33626.59;50;3.29;1;1
1972;33626.59;50;3.36;1;1
1973;34261.97;50;3.36;1;1
1974;34066.47;50;3.43;1;1
1975;34261.97;50;3.41;1;1
1976;34261.97;50;3.43;1;1
1977;34261.97;50;3.43;1;1
1978;34261.97;50;3.43;1;1
1979;34261.97;50;3.43;1;1
1980;34261.97;50;3.43;1;1
1981;34261.97;50;3.43;1;1
1982;34261.97;50;3.43;1;1
1983;34261.97;50;3.43;1;1
1984;34261.97;50;3.43;1;1
1985;34261.97;50;3.43;1;1
1986;34310.85;50;3.43;1;1
1987;34261.97;50;3.43;1;1
1988;34261.97;50;3.43;1;1
1989;34261.97;50;3.43;1;1
1990;34261.97;50;3.43;1;1
1991;34261.97;50;3.43;1;1
1992;34261.97;50;3.43;1;1
1993;34261.97;50;3.43;1;1
1994;34261.97;50;3.43;1;1
1995;34310.85;50;3.43;1;1
1996;34261.97;50;3.43;1;1
1997;34261.97;50;3.43;1;1
1998;34213.10;50;3.43;1;1
1999;34261.97;50;3.42;1;1
2000;34261.97;50;3.43;1;1
2001;34261.97;50;3.43;1;1
2002;34261.97;50;3.43;1;1
2003;34261.97;50;3.43;1;1
2004;34261.97;50;3.43;1;1
2005;34310.85;50;3.43;1;1
2006;34261.97;50;3.43;1;1
2007;34261.97;50;3.43;1;1
2008;34261.97;50;3.43;1;1
2009;34261.97;50;3.43;1;1
2010;34261.97;50;3.43;1;1
2011;34261.97;50;3.43;1;1
2012;34261.97;50;3.43;1;1
2013;34213.10;50;3.43;1;1
2014;34261.97;50;3.42;1;1
2015;34261.97;50;3.43;1;1
2016;34261.97;50;3.43;1;1
2017;34261.97;50;3.43;1;1
2018;34261.97;50;3.43;1;1
2019;34261.97;50;3.43;1;1
2020;34261.97;50;3.43;1;1
2021;34261.97;50;3.43;1;1
2022;34261.97;50;3.43;1;1
2023;34261.97;50;3.43;1;1
2024;34261.97;50;3.43;1;1
2025;34310.85;50;3.43;1;1
2026;34261.97;50;3.43;1;1
2027;34261.97;50;3.43;1;1
2028;34261.97;50;3.43;1;1
2029;34213.10;50;3.43;1;1
2030;34213.10;50;3.42;1;1
2031;34261.97;50;3.42;1;1
2032;34213.10;50;3.43;1;1
2033;34261.97;50;3.42;1;1
2034;34261.97;50;3.43;1;1
2035;34213.10;50;3.43;1;1
2036;34213.10;50;3.42;1;1
2037;34261.97;50;3.42;1;1
2038;34261.97;50;3.43;1;1
2039;34261.97;50;3.43;1;1
2040;34261.97;50;3.43;1;1
2041;34213.10;50;3.43;1;1
2042;34213.10;50;3.42;1;1
2043;34213.10;50;3.42;1;1
2044;34261.97;50;3.42;1;1
2045;34213.10;50;3.43;1;1
2046;34261.97;50;3.42;1;1
2047;34261.97;50;3.43;1;1
2048;34213.10;50;3.43;1;1
2049;34213.10;50;3.42;1;1
2050;34261.97;50;3.42;1;1
2051;34261.97;50;3.43;1;1
2052;34213.10;50;3.43;1;1
2053;34213.10;50;3.42;1;1
2054;34213.10;50;3.42;1;1
2055;34310.85;50;3.42;1;1
2056;34213.10;50;3.43;1;1
2057;34261.97;50;3.42;1;1
2058;34213.10;50;3.43;1;1
2059;34213.10;50;3.42;1;1
2060;34261.97;50;3.42;1;1
2061;34213.10;50;3.43;1;1
2062;34261.97;50;3.42;1;1
2063;34213.10;50;3.43;1;1
2064;34261.97;50;3.42;1;1
2065;34213.10;50;3.43;1;1
2066;34213.10;50;3.42;1;1
2067;34213.10;50;3.42;1;1
2068;34261.97;50;3.42;1;1
2069;34261.97;50;3.43;1;1
2070;34261.97;50;3.43;1;1
2071;34261.97;50;3.43;1;1
2072;34213.10;50;3.43;1;1
2073;34261.97;50;3.42;1;1
2074;34310.85;50;3.43;1;1
2075;34310.85;50;3.43;1;1
2076;34261.97;50;3.43;1;1
2077;34261.97;50;3.43;1;1
2078;34261.97;50;3.43;1;1
2079;34213.10;50;3.43;1;1
2080;34213.10;50;3.42;1;1
2081;34213.10;50;3.42;1;1
2082;34213.10;50;3.42;1;1
2083;34213.10;50;3.42;1;1
2084;34213.10;50;3.42;1;1
2085;34213.10;50;3.42;1;1
2086;34359.73;50;3.42;1;1
2087;34213.10;50;3.44;1;1
2088;34213.10;50;3.42;1;1
2089;34261.97;50;3.42;1;1
2090;34213.10;50;3.43;1;1
2091;34213.10;50;3.42;1;1
2092;34213.10;50;3.42;1;1
2093;34213.10;50;3.42;1;1
2094;34213.10;50;3.42;1;1
2095;34261.97;50;3.42;1;1
2096;34310.85;50;3.43;1;1
2097;34261.97;50;3.43;1;1
2098;34213.10;50;3.43;1;1
2099;34261.97;50;3.42;1;1
2100;34213.10;50;3.43;1;1
2101;34213.10;50;3.42;1;1
2102;34261.97;50;3.42;1;1
2103;34213.10;50;3.43;1;1
2104;34213.10;50;3.42;1;1
2105;34261.97;50;3.42;1;1
2106;34213.10;50;3.43;1;1
2107;34213.10;50;3.42;1;1
2108;34213.10;50;3.42;1;1
2109;34213.10;50;3.42;1;1
2110;34213.10;50;3.42;1;1
2111;34213.10;50;3.42;1;1
2112;34213.10;50;3.42;1;1
2113;34213.10;50;3.42;1;1
2114;34213.10;50;3.42;1;1
2115;34261.97;50;3.42;1;1
2116;34261.97;50;3.43;1;1
2117;34213.10;50;3.43;1;1
2118;34261.97;50;3.42;1;1
2119;34261.97;50;3.43;1;1
2120;34213.10;50;3.43;1;1
2121;34213.10;50;3.42;1;1
2122;34213.10;50;3.42;1;1
2123;34213.10;50;3.42;1;1
2124;34213.10;50;3.42;1;1
2125;34213.10;50;3.42;1;1
2126;34213.10;50;3.42;1;1
2127;34213.10;50;3.42;1;1
2128;34213.10;50;3.42;1;1
2129;34213.10;50;3.42;1;1
2130;34213.10;50;3.42;1;1
2131;34213.10;50;3.42;1;1
2132;34213.10;50;3.42;1;1
2133;34261.97;50;3.42;1;1
2134;34213.10;50;3.43;1;1
2135;34213.10;50;3.42;1;1
2136;34261.97;50;3.42;1;1
2137;34261.97;50;3.43;1;1
2138;34213.10;50;3.43;1;1
2139;34213.10;50;3.42;1;1
2140;34213.10;50;3.42;1;1
2141;34310.85;50;3.42;1;1
2142;34213.10;50;3.43;1;1
2143;34213.10;50;3.42;1;1
2144;34213.10;50;3.42;1;1
2145;34213.10;50;3.42;1;1
2146;34213.10;50;3.42;1;1
2147;34261.97;50;3.42;1;1
2148;34213.10;50;3.43;1;1
2149;34213.10;50;3.42;1;1
2150;34213.10;50;3.42;1;1
2151;34213.10;50;3.42;1;1
2152;34213.10;50;3.42;1;1
2153;34213.10;50;3.42;1;1
2154;34213.10;50;3.42;1;1
2155;34213.10;50;3.42;1;1
2156;34213.10;50;3.42;1;1
2157;34213.10;50;3.42;1;1
2158;34261.97;50;3.42;1;1
2159;34213.10;50;3.43;1;1
2160;34213.10;50;3.42;1;1
2161;34213.10;50;3.42;1;1
2162;34213.10;50;3.42;1;1
2163;34213.10;50;3.42;1;1
2164;34213.10;50;3.42;1;1
2165;34213.10;50;3.42;1;1
2166;34261.97;50;3.42;1;1
2167;34213.10;50;3.43;1;1
2168;34213.10;50;3.42;1;1
2169;34213.10;50;3.42;1;1
2170;34213.10;50;3.42;1;1
2171;34261.97;50;3.42;1;1
2172;34213.10;50;3.43;1;1
2173;34213.10;50;3.42;1;1
2174;34213.10;50;3.42;1;1
2175;34213.10;50;3.42;1;1
2176;34213.10;50;3.42;1;1
2177;34213.10;50;3.42;1;1
2178;34213.10;50;3.42;1;1
2179;34213.10;50;3.42;1;1
2180;34261.97;50;3.42;1;1
2181;34213.10;50;3.43;1;1
2182;34213.10;50;3.42;1;1
2183;34213.10;50;3.42;1;1
2184;34213.10;50;3.42;1;1
2185;34213.10;50;3.42;1;1
2186;34213.10;50;3.42;1;1
2187;34213.10;50;3.42;1;1
2188;34213.10;50;3.42;1;1
2189;34213.10;50;3.42;1;1
2190;34261.97;50;3.42;1;1
2191;34213.10;50;3.43;1;1
2192;34213.10;50;3.42;1;1
2193;34261.97;50;3.42;1;1
2194;34213.10;50;3.43;1;1
2195;34213.10;50;3.42;1;1
2196;34213.10;50;3.42;1;1
2197;34213.10;50;3.42;1;1
2198;34213.10;50;3.42;1;1
2199;34261.97;50;3.42;1;1
2200;34213.10;50;3.43;1;1
2201;34213.10;50;3.42;1;1
2202;34213.10;50;3.42;1;1
2203;34213.10;50;3.42;1;1
2204;34213.10;50;3.42;1;1
2205;34261.97;50;3.42;1;1
2206;34213.10;50;3.43;1;1
2207;34213.10;50;3.42;1;1
2208;34261.97;50;3.42;1;1
2209;34213.10;50;3.43;1;1
2210;34213.10;50;3.42;1;1
2211;34213.10;50;3.42;1;1
2212;34261.97;50;3.42;1;1
2213;34261.97;50;3.43;1;1
2214;34213.10;50;3.43;1;1
2215;34213.10;50;3.42;1;1
2216;34213.10;50;3.42;1;1
2217;34213.10;50;3.42;1;1
2218;34213.10;50;3.42;1;1
2219;34213.10;50;3.42;1;1
2220;34213.10;50;3.42;1;1
2221;34213.10;50;3.42;1;1
2222;34261.97;50;3.42;1;1
2223;34213.10;50;3.43;1;1
2224;34213.10;50;3.42;1;1
2225;34261.97;50;3.42;1;1
2226;34213.10;50;3.43;1;1
2227;34213.10;50;3.42;1;1
2228;34213.10;50;3.42;1;1
2229;34213.10;50;3.42;1;1
2230;34213.10;50;3.42;1;1
2231;34213.10;50;3.42;1;1
2232;34213.10;50;3.42;1;1
2233;34213.10;50;3.42;1;1
2234;34213.10;50;3.42;1;1
2235;34213.10;50;3.42;1;1
2236;34213.10;50;3.42;1;1
2237;34213.10;50;3.42;1;1
2238;34213.10;50;3.42;1;1
2239;34213.10;50;3.42;1;1
2240;34213.10;50;3.42;1;1
2241;34164.22;50;3.42;1;1
2242;34213.10;50;3.42;1;1
2243;34213.10;50;3.42;1;1
2244;34213.10;50;3.42;1;1
2245;34213.10;50;3.42;1;1
2246;34213.10;50;3.42;1;1
2247;34213.10;50;3.42;1;1
2248;34213.10;50;3.42;1;1
2249;34213.10;50;3.42;1;1
2250;34213.10;50;3.42;1;1
2251;34261.97;50;3.42;1;1
2252;34213.10;50;3.43;1;1
2253;34213.10;50;3.42;1;1
2254;34213.10;50;3.42;1;1
2255;34261.97;50;3.42;1;1
2256;34213.10;50;3.43;1;1
2257;34213.10;50;3.42;1;1
2258;34213.10;50;3.42;1;1
2259;34213.10;50;3.42;1;1
2260;34213.10;50;3.42;1;1
2261;34213.10;50;3.42;1;1
2262;34261.97;50;3.42;1;1
2263;34213.10;50;3.43;1;1
2264;34213.10;50;3.42;1;1
2265;34213.10;50;3.42;1;1
2266;34213.10;50;3.42;1;1
2267;34213.10;50;3.42;1;1
2268;34213.10;50;3.42;1;1
2269;34213.10;50;3.42;1;1
2270;34213.10;50;3.42;1;1
2271;34213.10;50;3.42;1;1
2272;34213.10;50;3.42;1;1
2273;34213.10;50;3.42;1;1
2274;34213.10;50;3.42;1;1
2275;34213.10;50;3.42;1;1
2276;34213.10;50;3.42;1;1
2277;34213.10;50;3.42;1;1
2278;34213.10;50;3.42;1;1
2279;34213.10;50;3.42;1;1
2280;34213.10;50;3.42;1;1
2281;34213.10;50;3.42;1;1
2282;34213.10;50;3.42;1;1
2283;34213.10;50;3.42;1;1
2284;34213.10;50;3.42;1;1
2285;34213.10;50;3.42;1;1
2286;34213.10;50;3.42;1;1
2287;34213.10;50;3.42;1;1
2288;34261.97;50;3.42;1;1
2289;34213.10;50;3.43;1;1
2290;34213.10;50;3.42;1;1
2291;34213.10;50;3.42;1;1
2292;34213.10;50;3.42;1;1
2293;34213.10;50;3.42;1;1
2294;34213.10;50;3.42;1;1
2295;34213.10;50;3.42;1;1
2296;34213.10;50;3.42;1;1
2297;34213.10;50;3.42;1;1
2298;34213.10;50;3.42;1;1
2299;34213.10;50;3.42;1;1
2300;34213.10;50;3.42;1;1
2301;34213.10;50;3.42;1;1
2302;34213.10;50;3.42;1;1
2303;34213.10;50;3.42;1;1
2304;34213.10;50;3.42;1;1
2305;34213.10;50;3.42;1;1
2306;34213.10;50;3.42;1;1
2307;34213.10;50;3.42;1;1
2308;34213.10;50;3.42;1;1
2309;34261.97;50;3.42;1;1
2310;34213.10;50;3.43;1;1
2311;34213.10;50;3.42;1;1
2312;34164.22;50;3.42;1;1
2313;34213.10;50;3.42;1;1
2314;34213.10;50;3.42;1;1
2315;34213.10;50;3.42;1;1
2316;34213.10;50;3.42;1;1
2317;34213.10;50;3.42;1;1
2318;34213.10;50;3.42;1;1
2319;34213.10;50;3.42;1;1
2320;34213.10;50;3.42;1;1
2321;34213.10;50;3.42;1;1
2322;34213.10;50;3.42;1;1
2323;34213.10;50;3.42;1;1
2324;34213.10;50;3.42;1;1
2325;34310.85;50;3.42;1;1
2326;34213.10;50;3.43;1;1
2327;34213.10;50;3.42;1;1
2328;34213.10;50;3.42;1;1
2329;34213.10;50;3.42;1;1
2330;34213.10;50;3.42;1;1
2331;34261.97;50;3.42;1;1
2332;34261.97;50;3.43;1;1
2333;34213.10;50;3.43;1;1
2334;34213.10;50;3.42;1;1
2335;34213.10;50;3.42;1;1
2336;34164.22;50;3.42;1;1
2337;34213.10;50;3.42;1;1
2338;34261.97;50;3.42;1;1
2339;34213.10;50;3.43;1;1
2340;34213.10;50;3.42;1;1
2341;34213.10;50;3.42;1;1
2342;34164.22;50;3.42;1;1
2343;34213.10;50;3.42;1;1
2344;34213.10;50;3.42;1;1
2345;34213.10;50;3.42;1;1
2346;34164.22;50;3.42;1;1
2347;34213.10;50;3.42;1;1
2348;34213.10;50;3.42;1;1
2349;34213.10;50;3.42;1;1
2350;34261.97;50;3.42;1;1
2351;34213.10;50;3.43;1;1
2352;34213.10;50;3.42;1;1
2353;34213.10;50;3.42;1;1
2354;34213.10;50;3.42;1;1
2355;34213.10;50;3.42;1;1
2356;34213.10;50;3.42;1;1
2357;34164.22;50;3.42;1;1
2358;34213.10;50;3.42;1;1
2359;34213.10;50;3.42;1;1
2360;34213.10;50;3.42;1;1
2361;34213.10;50;3.42;1;1
2362;34213.10;50;3.42;1;1
2363;34213.10;50;3.42;1;1
2364;34213.10;50;3.42;1;1
2365;34261.97;50;3.42;1;1
2366;34213.10;50;3.43;1;1
2367;34310.85;50;3.42;1;1
2368;34213.10;50;3.43;1;1
2369;34213.10;50;3.42;1;1
2370;34213.10;50;3.42;1;1
2371;34213.10;50;3.42;1;1
2372;34213.10;50;3.42;1;1
2373;34213.10;50;3.42;1;1
2374;34213.10;50;3.42;1;1
2375;34213.10;50;3.42;1;1
2376;34213.10;50;3.42;1;1
2377;34213.10;50;3.42;1;1
2378;34213.10;50;3.42;1;1
2379;34164.22;50;3.42;1;1
2380;34213.10;50;3.42;1;1
2381;34213.10;50;3.42;1;1
2382;34213.10;50;3.42;1;1
2383;34213.10;50;3.42;1;1
2384;34164.22;50;3.42;1;1
2385;34213.10;50;3.42;1;1
2386;34261.97;50;3.42;1;1
2387;34213.10;50;3.43;1;1
2388;34213.10;50;3.42;1;1
2389;34213.10;50;3.42;1;1
2390;34213.10;50;3.42;1;1
2391;34213.10;50;3.42;1;1
2392;34213.10;50;3.42;1;1
2393;34213.10;50;3.42;1;1
2394;34213.10;50;3.42;1;1
2395;34213.10;50;3.42;1;1
2396;34213.10;50;3.42;1;1
2397;34310.85;50;3.42;1;1
2398;34164.22;50;3.43;1;1
2399;34213.10;50;3.42;1;1
2400;34310.85;50;3.42;1;1
2401;34213.10;50;3.43;1;1
2402;34213.10;50;3.42;1;1
2403;34213.10;50;3.42;1;1
2404;34213.10;50;3.42;1;1
2405;34164.22;50;3.42;1;1
2406;34213.10;50;3.42;1;1
2407;34213.10;50;3.42;1;1
2408;34213.10;50;3.42;1;1
2409;34213.10;50;3.42;1;1
2410;34213.10;50;3.42;1;1
2411;34213.10;50;3.42;1;1
2412;34213.10;50;3.42;1;1
2413;34213.10;50;3.42;1;1
2414;34213.10;50;3.42;1;1
2415;34164.22;50;3.42;1;1
2416;34213.10;50;3.42;1;1
2417;34164.22;50;3.42;1;1
2418;34213.10;50;3.42;1;1
2419;34213.10;50;3.42;1;1
2420;34213.10;50;3.42;1;1
2421;34213.10;50;3.42;1;1
2422;34213.10;50;3.42;1;1
2423;34213.10;50;3.42;1;1
2424;34213.10;50;3.42;1;1
2425;34213.10;50;3.42;1;1
2426;34213.10;50;3.42;1;1
2427;34213.10;50;3.42;1;1
2428;34213.10;50;3.42;1;1
2429;34213.10;50;3.42;1;1
2430;34213.10;50;3.42;1;1
2431;34213.10;50;3.42;1;1
2432;34213.10;50;3.42;1;1
2433;34213.10;50;3.42;1;1
2434;34164.22;50;3.42;1;1
2435;34213.10;50;3.42;1;1
2436;34213.10;50;3.42;1;1
2437;34164.22;50;3.42;1;1
2438;34213.10;50;3.42;1;1
2439;34213.10;50;3.42;1;1
2440;34213.10;50;3.42;1;1
2441;34213.10;50;3.42;1;1
2442;34213.10;50;3.42;1;1
2443;34164.22;50;3.42;1;1
2444;34164.22;50;3.42;1;1
2445;34164.22;50;3.42;1;1
2446;34164.22;50;3.42;1;1
2447;34213.10;50;3.42;1;1
2448;34164.22;50;3.42;1;1
2449;34213.10;50;3.42;1;1
2450;34213.10;50;3.42;1;1
2451;34213.10;50;3.42;1;1
2452;34213.10;50;3.42;1;1
2453;34213.10;50;3.42;1;1
2454;34213.10;50;3.42;1;1
2455;34213.10;50;3.42;1;1
2456;34213.10;50;3.42;1;1
2457;34213.10;50;3.42;1;1
2458;34213.10;50;3.42;1;1
2459;34213.10;50;3.42;1;1
2460;34213.10;50;3.42;1;1
2461;34164.22;50;3.42;1;1
2462;34213.10;50;3.42;1;1
2463;34213.10;50;3.42;1;1
2464;34213.10;50;3.42;1;1
2465;34164.22;50;3.42;1;1
2466;34164.22;50;3.42;1;1
2467;34213.10;50;3.42;1;1
2468;34164.22;50;3.42;1;1
2469;34213.10;50;3.42;1;1
2470;34213.10;50;3.42;1;1
2471;34213.10;50;3.42;1;1
2472;34213.10;50;3.42;1;1
2473;34164.22;50;3.42;1;1
2474;34213.10;50;3.42;1;1
2475;34213.10;50;3.42;1;1
2476;34164.22;50;3.42;1;1
2477;34164.22;50;3.42;1;1
2478;34213.10;50;3.42;1;1
2479;34164.22;50;3.42;1;1
2480;34261.97;50;3.42;1;1
2481;34261.97;50;3.43;1;1
2482;34213.10;50;3.43;1;1
2483;34213.10;50;3.42;1;1
2484;34164.22;50;3.42;1;1
2485;34164.22;50;3.42;1;1
2486;34213.10;50;3.42;1;1
2487;34213.10;50;3.42;1;1
2488;34213.10;50;3.42;1;1
2489;34213.10;50;3.42;1;1
2490;34213.10;50;3.42;1;1
2491;34164.22;50;3.42;1;1
2492;34213.10;50;3.42;1;1
2493;34213.10;50;3.42;1;1
2494;34164.22;50;3.42;1;1
2495;34164.22;50;3.42;1;1
2496;34164.22;50;3.42;1;1
2497;34213.10;50;3.42;1;1
2498;34213.10;50;3.42;1;1
2499;34164.22;50;3.42;1;1
2500;34213.10;50;3.42;1;1
2501;34164.22;50;3.42;1;1
2502;34213.10;50;3.42;1;1
2503;34213.10;50;3.42;1;1
2504;34213.10;50;3.42;1;1
2505;34213.10;50;3.42;1;1
2506;34261.97;50;3.42;1;1
2507;34213.10;50;3.43;1;1
2508;34261.97;50;3.42;1;1
2509;34164.22;50;3.43;1;1
2510;34261.97;50;3.42;1;1
2511;34213.10;50;3.43;1;1
2512;34261.97;50;3.42;1;1
2513;34164.22;50;3.43;1;1
2514;34164.22;50;3.42;1;1
2515;34213.10;50;3.42;1;1
2516;34213.10;50;3.42;1;1
2517;34213.10;50;3.42;1;1
2518;34213.10;50;3.42;1;1
2519;34213.10;50;3.42;1;1
2520;34213.10;50;3.42;1;1
2521;34310.85;50;3.42;1;1
2522;34213.10;50;3.43;1;1
2523;34164.22;50;3.42;1;1
2524;34164.22;50;3.42;1;1
2525;34164.22;50;3.42;1;1
2526;34213.10;50;3.42;1;1
2527;34213.10;50;3.42;1;1
2528;34213.10;50;3.42;1;1
2529;34213.10;50;3.42;1;1
2530;34213.10;50;3.42;1;1
2531;34164.22;50;3.42;1;1
2532;34213.10;50;3.42;1;1
2533;34164.22;50;3.42;1;1
2534;34164.22;50;3.42;1;1
2535;34213.10;50;3.42;1;1
2536;34213.10;50;3.42;1;1
2537;34213.10;50;3.42;1;1
2538;34261.97;50;3.42;1;1
2539;34164.22;50;3.43;1;1
2540;34213.10;50;3.42;1;1
2541;34164.22;50;3.42;1;1
2542;34164.22;50;3.42;1;1
2543;34213.10;50;3.42;1;1
2544;34213.10;50;3.42;1;1
2545;34213.10;50;3.42;1;1
2546;34164.22;50;3.42;1;1
2547;34164.22;50;3.42;1;1
2548;34213.10;50;3.42;1;1
2549;34213.10;50;3.42;1;1
2550;34164.22;50;3.42;1;1
2551;34213.10;50;3.42;1;1
2552;34164.22;50;3.42;1;1
2553;34261.97;50;3.42;1;1
2554;34213.10;50;3.43;1;1
2555;34213.10;50;3.42;1;1
2556;34164.22;50;3.42;1;1
2557;34164.22;50;3.42;1;1
2558;34164.22;50;3.42;1;1
2559;34213.10;50;3.42;1;1
2560;34164.22;50;3.42;1;1
2561;34213.10;50;3.42;1;1
2562;34164.22;50;3.42;1;1
2563;34213.10;50;3.42;1;1
2564;34164.22;50;3.42;1;1
2565;34164.22;50;3.42;1;1
2566;34164.22;50;3.42;1;1
2567;34164.22;50;3.42;1;1
2568;34164.22;50;3.42;1;1
2569;34164.22;50;3.42;1;1
2570;34164.22;50;3.42;1;1
2571;34164.22;50;3.42;1;1
2572;34164.22;50;3.42;1;1
2573;34213.10;50;3.42;1;1
2574;34213.10;50;3.42;1;1
2575;34164.22;50;3.42;1;1
2576;34164.22;50;3.42;1;1
2577;34164.22;50;3.42;1;1
2578;34164.22;50;3.42;1;1
2579;34164.22;50;3.42;1;1
2580;34164.22;50;3.42;1;1
2581;34213.10;50;3.42;1;1
2582;34164.22;50;3.42;1;1
2583;34310.85;50;3.42;1;1
2584;34261.97;50;3.43;1;1
2585;34164.22;50;3.43;1;1
2586;34164.22;50;3.42;1;1
2587;34213.10;50;3.42;1;1
2588;34164.22;50;3.42;1;1
2589;34213.10;50;3.42;1;1
2590;34164.22;50;3.42;1;1
2591;34164.22;50;3.42;1;1
2592;34164.22;50;3.42;1;1
2593;34164.22;50;3.42;1;1
2594;34164.22;50;3.42;1;1
2595;34213.10;50;3.42;1;1
2596;34213.10;50;3.42;1;1
2597;34164.22;50;3.42;1;1
2598;34164.22;50;3.42;1;1
2599;34164.22;50;3.42;1;1
2600;34164.22;50;3.42;1;1
2601;34164.22;50;3.42;1;1
2602;34164.22;50;3.42;1;1
2603;34164.22;50;3.42;1;1
2604;34164.22;50;3.42;1;1
2605;34164.22;50;3.42;1;1
2606;34164.22;50;3.42;1;1
2607;34164.22;50;3.42;1;1
2608;34164.22;50;3.42;1;1
2609;34164.22;50;3.42;1;1
2610;34164.22;50;3.42;1;1
2611;34164.22;50;3.42;1;1
2612;34164.22;50;3.42;1;1
2613;34164.22;50;3.42;1;1
2614;34164.22;50;3.42;1;1
2615;34164.22;50;3.42;1;1
2616;34164.22;50;3.42;1;1
2617;34164.22;50;3.42;1;1
2618;34164.22;50;3.42;1;1
2619;34213.10;50;3.42;1;1
2620;34164.22;50;3.42;1;1
2621;34164.22;50;3.42;1;1
2622;34261.97;50;3.42;1;1
2623;34164.22;50;3.43;1;1
2624;34164.22;50;3.42;1;1
2625;34164.22;50;3.42;1;1
2626;34164.22;50;3.42;1;1
2627;34164.22;50;3.42;1;1
2628;34164.22;50;3.42;1;1
2629;34164.22;50;3.42;1;1
2630;34164.22;50;3.42;1;1
2631;34164.22;50;3.42;1;1
2632;34164.22;50;3.42;1;1
2633;34164.22;50;3.42;1;1
2634;34164.22;50;3.42;1;1
2635;34164.22;50;3.42;1;1
2636;34164.22;50;3.42;1;1
2637;34164.22;50;3.42;1;1
2638;34164.22;50;3.42;1;1
2639;34164.22;50;3.42;1;1
2640;34261.97;50;3.42;1;1
2641;34164.22;50;3.43;1;1
2642;34164.22;50;3.42;1;1
2643;34164.22;50;3.42;1;1
2644;34164.22;50;3.42;1;1
2645;34164.22;50;3.42;1;1
2646;34261.97;50;3.42;1;1
2647;34164.22;50;3.43;1;1
2648;34261.97;50;3.42;1;1
2649;34164.22;50;3.43;1;1
2650;34213.10;50;3.42;1;1
2651;34164.22;50;3.42;1;1
2652;34164.22;50;3.42;1;1
2653;34213.10;50;3.42;1;1
2654;34164.22;50;3.42;1;1
2655;34164.22;50;3.42;1;1
2656;34164.22;50;3.42;1;1
2657;34164.22;50;3.42;1;1
2658;34164.22;50;3.42;1;1
2659;34164.22;50;3.42;1;1
2660;34164.22;50;3.42;1;1
2661;34164.22;50;3.42;1;1
2662;34164.22;50;3.42;1;1
2663;34261.97;50;3.42;1;1
2664;34164.22;50;3.43;1;1
2665;34164.22;50;3.42;1;1
2666;34164.22;50;3.42;1;1
2667;34164.22;50;3.42;1;1
2668;34164.22;50;3.42;1;1
2669;34213.10;50;3.42;1;1
2670;34164.22;50;3.42;1;1
2671;34164.22;50;3.42;1;1
2672;34164.22;50;3.42;1;1
2673;34164.22;50;3.42;1;1
2674;34213.10;50;3.42;1;1
2675;34164.22;50;3.42;1;1
2676;34115.35;50;3.42;1;1
2677;34164.22;50;3.41;1;1
2678;34115.35;50;3.42;1;1
2679;34164.22;50;3.41;1;1
2680;34164.22;50;3.42;1;1
2681;34164.22;50;3.42;1;1
2682;34164.22;50;3.42;1;1
2683;34164.22;50;3.42;1;1
2684;34164.22;50;3.42;1;1
2685;34164.22;50;3.42;1;1
2686;34164.22;50;3.42;1;1
2687;34164.22;50;3.42;1;1
2688;34164.22;50;3.42;1;1
2689;33968.72;50;3.42;1;1
2690;34164.22;50;3.40;1;1
2691;33675.46;50;3.42;1;1
2692;34017.59;50;3.37;1;1
2693;33382.21;50;3.40;1;1
2694;34115.35;50;3.34;1;1
2695;33626.59;50;3.41;1;1
2696;34017.59;50;3.36;1;1
2697;33235.58;50;3.40;1;1
2698;33724.34;50;3.32;1;1
2699;33333.33;50;3.37;1;1
2700;34017.59;50;3.33;1;1
2701;32942.32;50;3.40;1;1
2702;33919.84;50;3.29;1;1
2703;32942.32;50;3.39;1;1
2704;33626.59;50;3.29;1;1
2705;32893.45;50;3.36;1;1
2706;33528.84;50;3.29;1;1
2707;33040.08;50;3.35;1;1
2708;33479.96;50;3.30;1;1
2709;32600.20;50;3.35;1;1
2710;33284.46;50;3.26;1;1
2711;32551.32;50;3.33;1;1
2712;33186.71;50;3.26;1;1
2713;32404.69;50;3.32;1;1
2714;32991.20;50;3.24;1;1
2715;32160.31;50;3.30;1;1
2716;32795.70;50;3.22;1;1
2717;32355.82;50;3.28;1;1
2718;32844.57;50;3.24;1;1
2719;32013.69;50;3.28;1;1
2720;32697.95;50;3.20;1;1
2721;31915.93;50;3.27;1;1
2722;32649.07;50;3.19;1;1
2723;31964.81;50;3.26;1;1
2724;32697.95;50;3.20;1;1
2725;31915.93;50;3.27;1;1
2726;32453.57;50;3.19;1;1
2727;31573.80;50;3.25;1;1
2728;32355.82;50;3.16;1;1
2729;31671.55;50;3.24;1;1
2730;31915.93;50;3.17;1;1
2731;31573.80;50;3.19;1;1
2732;32111.44;50;3.16;1;1
2733;31280.55;50;3.21;1;1
2734;31769.30;50;3.13;1;1
2735;31133.92;50;3.18;1;1
2736;31915.93;50;3.11;1;1
2737;31231.67;50;3.19;1;1
2738;31964.81;50;3.12;1;1
2739;31085.04;50;3.20;1;1
2740;31769.30;50;3.11;1;1
2741;31085.04;50;3.18;1;1
2742;31720.43;50;3.11;1;1
2743;30987.29;50;3.17;1;1
2744;31769.30;50;3.10;1;1
2745;31036.17;50;3.18;1;1
2746;31524.93;50;3.10;1;1
2747;30889.54;50;3.15;1;1
2748;31476.05;50;3.09;1;1
2749;30987.29;50;3.15;1;1
2750;31280.55;50;3.10;1;1
2751;30840.66;50;3.13;1;1
2752;31329.42;50;3.08;1;1
2753;30547.41;50;3.13;1;1
2754;31182.79;50;3.05;1;1
2755;30791.79;50;3.12;1;1
2756;31476.05;50;3.08;1;1
2757;30449.66;50;3.15;1;1
2758;31280.55;50;3.04;1;1
2759;30694.04;50;3.13;1;1
2760;31329.42;50;3.07;1;1
2761;30645.16;50;3.13;1;1
2762;30987.29;50;3.06;1;1
2763;30694.04;50;3.10;1;1
2764;30742.91;50;3.07;1;1
2765;30498.53;50;3.07;1;1
2766;30889.54;50;3.05;1;1
2767;30596.29;50;3.09;1;1
2768;31085.04;50;3.06;1;1
2769;30400.78;50;3.11;1;1
2770;31133.92;50;3.04;1;1
2771;30547.41;50;3.11;1;1
2772;31133.92;50;3.05;1;1
2773;30742.91;50;3.11;1;1
2774;31036.17;50;3.07;1;1
2775;30694.04;50;3.10;1;1
2776;30987.29;50;3.07;1;1
2777;30645.16;50;3.10;1;1
2778;31085.04;50;3.06;1;1
2779;30742.91;50;3.11;1;1
2780;30742.91;50;3.07;1;1
2781;30596.29;50;3.07;1;1
2782;30987.29;50;3.06;1;1
2783;30840.66;50;3.10;1;1
2784;31133.92;50;3.08;1;1
2785;30645.16;50;3.11;1;1
2786;30987.29;50;3.06;1;1
2787;30840.66;50;3.10;1;1
2788;30791.79;50;3.08;1;1
2789;30840.66;50;3.08;1;1
2790;30987.29;50;3.08;1;1
2791;30840.66;50;3.10;1;1
2792;30840.66;50;3.08;1;1
2793;31036.17;50;3.08;1;1
2794;31133.92;50;3.10;1;1
2795;30791.79;50;3.11;1;1
2796;31182.79;50;3.08;1;1
2797;30742.91;50;3.12;1;1
2798;30889.54;50;3.07;1;1
2799;30938.42;50;3.09;1;1
2800;30987.29;50;3.09;1;1
2801;30889.54;50;3.10;1;1
2802;30889.54;50;3.09;1;1
2803;30938.42;50;3.09;1;1
2804;31036.17;50;3.09;1;1
2805;30694.04;50;3.10;1;1
2806;30938.42;50;3.07;1;1
2807;30938.42;50;3.09;1;1
2808;30791.79;50;3.09;1;1
2809;30742.91;50;3.08;1;1
2810;30938.42;50;3.07;1;1
2811;30840.66;50;3.09;1;1
2812;30791.79;50;3.08;1;1
2813;30645.16;50;3.08;1;1
2814;30840.66;50;3.06;1;1
2815;30742.91;50;3.08;1;1
2816;30547.41;50;3.07;1;1
2817;30791.79;50;3.05;1;1
2818;30400.78;50;3.08;1;1
2819;30596.29;50;3.04;1;1
2820;30254.15;50;3.06;1;1
2821;30400.78;50;3.03;1;1
2822;30107.53;50;3.04;1;1
2823;30254.15;50;3.01;1;1
2824;29960.90;50;3.03;1;1
2825;30254.15;50;3.00;1;1
2826;30009.78;50;3.03;1;1
2827;30107.53;50;3.00;1;1
2828;29765.39;50;3.01;1;1
2829;29814.27;50;2.98;1;1
2830;29374.39;50;2.98;1;1
2831;29618.77;50;2.94;1;1
2832;29569.89;50;2.96;1;1
2833;29618.77;50;2.96;1;1
2834;29032.26;50;2.96;1;1
2835;29325.51;50;2.90;1;1
2836;28690.13;50;2.93;1;1
2837;28934.51;50;2.87;1;1
2838;28445.75;50;2.89;1;1
2839;28885.63;50;2.84;1;1
2840;28592.38;50;2.89;1;1
2841;28299.12;50;2.86;1;1
2842;27908.11;50;2.83;1;1
2843;28054.74;50;2.79;1;1
2844;27614.86;50;2.81;1;1
2845;28348.00;50;2.76;1;1
2846;27614.86;50;2.83;1;1
2847;27761.48;50;2.76;1;1
2848;27126.10;50;2.78;1;1
2849;27517.11;50;2.71;1;1
2850;27077.22;50;2.75;1;1
2851;27272.73;50;2.71;1;1
2852;26588.46;50;2.73;1;1
2853;26881.72;50;2.66;1;1
2854;26246.33;50;2.69;1;1
2855;26588.46;50;2.62;1;1
2856;26148.58;50;2.66;1;1
2857;26686.22;50;2.61;1;1
2858;26295.21;50;2.67;1;1
2859;26295.21;50;2.63;1;1
2860;25708.70;50;2.63;1;1
2861;26001.96;50;2.57;1;1
2862;25464.32;50;2.60;1;1
2863;25855.33;50;2.55;1;1
2864;25317.69;50;2.59;1;1
2865;25610.95;50;2.53;1;1
2866;24731.18;50;2.56;1;1
2867;25317.69;50;2.47;1;1
2868;24486.80;50;2.53;1;1
2869;24975.56;50;2.45;1;1
2870;24144.67;50;2.50;1;1
2871;24926.69;50;2.41;1;1
2872;24193.55;50;2.49;1;1
2873;24633.43;50;2.42;1;1
2874;23949.17;50;2.46;1;1
2875;24535.68;50;2.39;1;1
2876;23802.54;50;2.45;1;1
2877;24389.05;50;2.38;1;1
2878;23704.79;50;2.44;1;1
2879;24340.18;50;2.37;1;1
2880;23704.79;50;2.43;1;1
2881;24340.18;50;2.37;1;1
2882;23558.16;50;2.43;1;1
2883;24144.67;50;2.36;1;1
2884;23607.04;50;2.41;1;1
2885;24291.30;50;2.36;1;1
2886;23509.29;50;2.43;1;1
2887;24486.80;50;2.35;1;1
2888;23998.04;50;2.45;1;1
2889;24584.55;50;2.40;1;1
2890;24046.92;50;2.46;1;1
2891;24828.93;50;2.40;1;1
2892;24242.42;50;2.48;1;1
2893;25317.69;50;2.42;1;1
2894;24780.06;50;2.53;1;1
2895;25268.82;50;2.48;1;1
2896;25073.31;50;2.53;1;1
2897;25659.82;50;2.51;1;1
2898;25122.19;50;2.57;1;1
2899;26050.83;50;2.51;1;1
2900;25659.82;50;2.61;1;1
2901;26441.84;50;2.57;1;1
2902;26099.71;50;2.64;1;1
2903;26979.47;50;2.61;1;1
2904;26588.46;50;2.70;1;1
2905;27663.73;50;2.66;1;1
2906;27419.35;50;2.77;1;1
2907;28005.87;50;2.74;1;1
2908;27761.48;50;2.80;1;1
2909;28787.88;50;2.78;1;1
2910;28592.38;50;2.88;1;1
2911;29423.26;50;2.86;1;1
2912;29521.02;50;2.94;1;1
2913;30400.78;50;2.95;1;1
2914;30156.40;50;3.04;1;1
2915;31622.68;50;3.02;1;1
2916;31231.67;50;3.16;1;1
2917;31720.43;50;3.12;1;1
2918;31671.55;50;3.17;1;1
2919;32649.07;50;3.17;1;1
2920;33088.95;50;3.26;1;1
2921;33675.46;50;3.31;1;1
2922;33724.34;50;3.37;1;1
2923;34164.22;50;3.37;1;1
2924;34164.22;50;3.42;1;1
2925;34213.10;50;3.42;1;1
2926;34164.22;50;3.42;1;1
2927;34164.22;50;3.42;1;1
2928;34164.22;50;3.42;1;1
2929;34164.22;50;3.42;1;1
2930;34164.22;50;3.42;1;1
2931;34213.10;50;3.42;1;1
2932;34164.22;50;3.42;1;1
2933;34164.22;50;3.42;1;1
2934;34164.22;50;3.42;1;1
2935;34164.22;50;3.42;1;1
2936;34164.22;50;3.42;1;1
2937;34164.22;50;3.42;1;1
2938;34164.22;50;3.42;1;1
2939;34164.22;50;3.42;1;1
2940;34164.22;50;3.42;1;1
2941;34164.22;50;3.42;1;1
2942;34164.22;50;3.42;1;1
2943;34164.22;50;3.42;1;1
2944;34164.22;50;3.42;1;1
2945;34164.22;50;3.42;1;1
2946;34164.22;50;3.42;1;1
2947;34164.22;50;3.42;1;1
2948;34164.22;50;3.42;1;1
2949;34164.22;50;3.42;1;1
2950;34213.10;50;3.42;1;1
2951;34164.22;50;3.42;1;1
2952;34164.22;50;3.42;1;1
2953;34164.22;50;3.42;1;1
2954;34213.10;50;3.42;1;1
2955;34213.10;50;3.42;1;1
2956;34164.22;50;3.42;1;1
2957;34164.22;50;3.42;1;1
2958;34164.22;50;3.42;1;1
2959;34164.22;50;3.42;1;1
2960;34164.22;50;3.42;1;1
2961;34164.22;50;3.42;1;1
2962;34164.22;50;3.42;1;1
2963;34164.22;50;3.42;1;1
2964;34164.22;50;3.42;1;1
2965;34164.22;50;3.42;1;1
2966;34164.22;50;3.42;1;1
2967;34164.22;50;3.42;1;1
2968;34164.22;50;3.42;1;1
2969;34164.22;50;3.42;1;1
2970;34164.22;50;3.42;1;1
2971;34164.22;50;3.42;1;1
2972;34164.22;50;3.42;1;1
2973;34164.22;50;3.42;1;1
2974;34164.22;50;3.42;1;1
2975;34164.22;50;3.42;1;1
2976;34164.22;50;3.42;1;1
2977;34164.22;50;3.42;1;1
2978;34213.10;50;3.42;1;1
2979;34164.22;50;3.42;1;1
2980;34164.22;50;3.42;1;1
2981;34164.22;50;3.42;1;1
2982;34164.22;50;3.42;1;1
2983;34164.22;50;3.42;1;1
2984;34164.22;50;3.42;1;1
2985;34164.22;50;3.42;1;1
2986;34164.22;50;3.42;1;1
2987;34115.35;50;3.42;1;1
2988;34261.97;50;3.41;1;1
2989;34164.22;50;3.43;1;1
2990;34164.22;50;3.42;1;1
2991;34164.22;50;3.42;1;1
2992;34164.22;50;3.42;1;1
2993;34164.22;50;3.42;1;1
2994;34164.22;50;3.42;1;1
2995;34164.22;50;3.42;1;1
2996;34164.22;50;3.42;1;1
2997;34164.22;50;3.42;1;1
2998;34164.22;50;3.42;1;1
2999;34164.22;50;3.42;1;1
3000;34164.22;50;3.42;1;1
3001;34164.22;50;3.42;1;1
3002;34164.22;50;3.42;1;1
3003;34164.22;50;3.42;1;1
3004;34164.22;50;3.42;1;1
3005;34213.10;50;3.42;1;1
3006;34164.22;50;3.42;1;1
3007;34164.22;50;3.42;1;1
3008;34164.22;50;3.42;1;1
3009;34164.22;50;3.42;1;1
3010;34164.22;50;3.42;1;1
3011;34164.22;50;3.42;1;1
3012;34164.22;50;3.42;1;1
3013;34164.22;50;3.42;1;1
3014;34164.22;50;3.42;1;1
3015;34213.10;50;3.42;1;1
3016;34164.22;50;3.42;1;1
3017;34164.22;50;3.42;1;1
3018;34164.22;50;3.42;1;1
3019;34164.22;50;3.42;1;1
3020;34164.22;50;3.42;1;1
3021;34164.22;50;3.42;1;1
3022;34164.22;50;3.42;1;1
3023;34164.22;50;3.42;1;1
3024;34164.22;50;3.42;1;1
3025;34164.22;50;3.42;1;1
3026;34164.22;50;3.42;1;1
3027;34164.22;50;3.42;1;1
3028;34164.22;50;3.42;1;1
3029;34164.22;50;3.42;1;1
3030;34164.22;50;3.42;1;1
3031;34164.22;50;3.42;1;1
3032;34164.22;50;3.42;1;1
3033;34164.22;50;3.42;1;1
3034;34164.22;50;3.42;1;1
3035;34164.22;50;3.42;1;1
3036;34164.22;50;3.42;1;1
3037;34164.22;50;3.42;1;1
3038;34164.22;50;3.42;1;1
3039;34164.22;50;3.42;1;1
3040;34164.22;50;3.42;1;1
3041;34164.22;50;3.42;1;1
3042;34164.22;50;3.42;1;1
3043;34261.97;50;3.42;1;1
3044;34164.22;50;3.43;1;1
3045;34213.10;50;3.42;1;1
3046;34164.22;50;3.42;1;1
3047;34213.10;50;3.42;1;1
3048;34164.22;50;3.42;1;1
3049;34164.22;50;3.42;1;1
3050;34213.10;50;3.42;1;1
3051;34213.10;50;3.42;1;1
3052;34164.22;50;3.42;1;1
3053;34164.22;50;3.42;1;1
3054;34164.22;50;3.42;1;1
3055;34164.22;50;3.42;1;1
3056;34164.22;50;3.42;1;1
3057;34164.22;50;3.42;1;1
3058;34164.22;50;3.42;1;1
3059;34164.22;50;3.42;1;1
3060;34164.22;50;3.42;1;1
3061;34164.22;50;3.42;1;1
3062;34164.22;50;3.42;1;1
3063;34164.22;50;3.42;1;1
3064;34164.22;50;3.42;1;1
3065;34164.22;50;3.42;1;1
3066;34213.10;50;3.42;1;1
3067;34164.22;50;3.42;1;1
3068;34164.22;50;3.42;1;1
3069;34164.22;50;3.42;1;1
3070;34164.22;50;3.42;1;1
3071;34164.22;50;3.42;1;1
3072;34164.22;50;3.42;1;1
3073;34213.10;50;3.42;1;1
3074;34164.22;50;3.42;1;1
3075;34164.22;50;3.42;1;1
3076;34164.22;50;3.42;1;1
3077;34164.22;50;3.42;1;1
3078;34213.10;50;3.42;1;1
3079;34164.22;50;3.42;1;1
3080;34164.22;50;3.42;1;1
3081;34164.22;50;3.42;1;1
3082;34164.22;50;3.42;1;1
3083;34164.22;50;3.42;1;1
3084;34164.22;50;3.42;1;1
3085;34164.22;50;3.42;1;1
3086;34164.22;50;3.42;1;1
3087;34213.10;50;3.42;1;1
3088;34164.22;50;3.42;1;1
3089;34164.22;50;3.42;1;1
3090;34164.22;50;3.42;1;1
3091;34164.22;50;3.42;1;1
3092;34164.22;50;3.42;1;1
3093;34213.10;50;3.42;1;1
3094;34164.22;50;3.42;1;1
3095;34164.22;50;3.42;1;1
3096;34164.22;50;3.42;1;1
3097;34164.22;50;3.42;1;1
3098;34164.22;50;3.42;1;1
3099;34164.22;50;3.42;1;1
3100;34164.22;50;3.42;1;1
3101;34164.22;50;3.42;1;1
3102;34164.22;50;3.42;1;1
3103;34164.22;50;3.42;1;1
3104;34164.22;50;3.42;1;1
3105;34164.22;50;3.42;1;1
3106;34164.22;50;3.42;1;1
3107;34164.22;50;3.42;1;1
3108;34164.22;50;3.42;1;1
3109;34164.22;50;3.42;1;1
3110;34164.22;50;3.42;1;1
3111;34164.22;50;3.42;1;1
3112;34164.22;50;3.42;1;1
3113;34164.22;50;3.42;1;1
3114;34164.22;50;3.42;1;1
3115;34164.22;50;3.42;1;1
3116;34164.22;50;3.42;1;1
3117;34213.10;50;3.42;1;1
3118;34164.22;50;3.42;1;1
3119;34164.22;50;3.42;1;1
3120;34164.22;50;3.42;1;1
3121;34213.10;50;3.42;1;1
3122;34164.22;50;3.42;1;1
3123;34164.22;50;3.42;1;1
3124;34261.97;50;3.42;1;1
3125;34164.22;50;3.43;1;1
3126;34164.22;50;3.42;1;1
3127;34164.22;50;3.42;1;1
3128;34164.22;50;3.42;1;1
3129;34164.22;50;3.42;1;1
3130;34164.22;50;3.42;1;1
3131;34164.22;50;3.42;1;1
3132;34164.22;50;3.42;1;1
3133;34164.22;50;3.42;1;1
3134;34164.22;50;3.42;1;1
3135;34261.97;50;3.42;1;1
3136;34164.22;50;3.43;1;1
3137;34164.22;50;3.42;1;1
3138;34164.22;50;3.42;1;1
3139;34164.22;50;3.42;1;1
3140;34164.22;50;3.42;1;1
3141;34164.22;50;3.42;1;1
3142;34164.22;50;3.42;1;1
3143;34164.22;50;3.42;1;1
3144;34213.10;50;3.42;1;1
3145;34164.22;50;3.42;1;1
3146;34164.22;50;3.42;1;1
3147;34164.22;50;3.42;1;1
3148;34164.22;50;3.42;1;1
3149;34164.22;50;3.42;1;1
3150;34164.22;50;3.42;1;1
3151;34164.22;50;3.42;1;1
3152;34164.22;50;3.42;1;1
3153;34164.22;50;3.42;1;1
3154;34164.22;50;3.42;1;1
3155;34164.22;50;3.42;1;1
3156;34261.97;50;3.42;1;1
3157;34164.22;50;3.43;1;1
3158;34164.22;50;3.42;1;1
3159;34164.22;50;3.42;1;1
3160;34164.22;50;3.42;1;1
3161;34115.35;50;3.42;1;1
3162;34164.22;50;3.41;1;1
3163;34164.22;50;3.42;1;1
3164;34164.22;50;3.42;1;1
3165;34164.22;50;3.42;1;1
3166;34164.22;50;3.42;1;1
3167;34164.22;50;3.42;1;1
3168;34164.22;50;3.42;1;1
3169;34164.22;50;3.42;1;1
3170;34164.22;50;3.42;1;1
3171;34164.22;50;3.42;1;1
3172;34164.22;50;3.42;1;1
3173;34164.22;50;3.42;1;1
3174;34164.22;50;3.42;1;1
3175;34164.22;50;3.42;1;1
3176;34164.22;50;3.42;1;1
3177;34164.22;50;3.42;1;1
3178;34164.22;50;3.42;1;1
3179;34164.22;50;3.42;1;1
3180;34164.22;50;3.42;1;1
3181;34164.22;50;3.42;1;1
3182;34164.22;50;3.42;1;1
3183;34164.22;50;3.42;1;1
3184;34164.22;50;3.42;1;1
3185;34164.22;50;3.42;1;1
3186;34164.22;50;3.42;1;1
3187;34164.22;50;3.42;1;1
3188;32160.31;50;3.42;1;1
3189;29814.27;50;3.22;1;1
3190;27028.35;50;2.98;1;1
3191;25219.94;50;2.70;1;1
3192;22629.52;50;2.52;1;1
3193;20527.86;50;2.26;1;1
3194;18426.20;50;2.05;1;1
3195;16324.54;50;1.84;1;1
3196;13440.86;50;1.63;1;1
3197;11730.21;50;1.34;1;1
3198;8846.53;50;1.17;1;1
3199;1407.62;50;0.88;1;0
3200;3929.62;50;0.14;1;0
3201;2561.09;50;0.39;1;0
3202;312.81;50;0.26;1;0
3203;0.00;50;0.03;1;0
3204;0.00;50;0.00;1;0
3205;0.00;50;0.00;1;0
3206;0.00;50;0.00;1;0
3207;0.00;50;0.00;1;0
3208;0.00;50;0.00;1;0
3209;0.00;50;0.00;1;0
3210;0.00;50;0.00;1;0
3211;0.00;50;0.00;1;0
3212;0.00;50;0.00;1;0
3213;0.00;50;0.00;1;0
3214;0.00;50;0.00;1;0
3215;0.00;50;0.00;1;0
3216;0.00;50;0.00;1;0
3217;0.00;50;0.00;1;0
3218;0.00;50;0.00;1;0
3219;0.00;50;0.00;1;0
3220;0.00;50;0.00;1;0
3221;0.00;50;0.00;1;0
3222;0.00;50;0.00;1;0
3223;0.00;50;0.00;1;0
3224;0.00;50;0.00;1;0
3225;0.00;50;0.00;1;0
3226;0.00;50;0.00;1;0
3227;0.00;50;0.00;1;0
3228;0.00;50;0.00;1;0
3229;0.00;50;0.00;1;0
3230;0.00;50;0.00;1;0
3231;0.00;50;0.00;1;0
3232;0.00;50;0.00;1;0
3233;0.00;50;0.00;1;0
3234;0.00;50;0.00;1;0
3235;0.00;50;0.00;1;0
3236;0.00;50;0.00;1;0
3237;0.00;50;0.00;1;0
3238;0.00;50;0.00;1;0
3239;0.00;50;0.00;1;0
3240;0.00;50;0.00;1;0
3241;0.00;50;0.00;1;0
3242;0.00;50;0.00;1;0
3243;0.00;50;0.00;1;0
3244;0.00;50;0.00;1;0
3245;0.00;50;0.00;1;0
3246;0.00;50;0.00;1;0
3247;0.00;50;0.00;1;0
3248;0.00;50;0.00;1;0
3249;0.00;50;0.00;1;0
3250;0.00;50;0.00;1;0
3251;0.00;50;0.00;1;0
3252;0.00;50;0.00;1;0
3253;0.00;50;0.00;1;0
3254;0.00;50;0.00;1;0
3255;0.00;50;0.00;1;0
3256;0.00;50;0.00;1;0
3257;0.00;50;0.00;1;0
3258;0.00;50;0.00;1;0
3259;0.00;50;0.00;1;0
3260;0.00;50;0.00;1;0
3261;0.00;50;0.00;1;0
3262;0.00;50;0.00;1;0
3263;0.00;50;0.00;1;0
3264;0.00;50;0.00;1;0
3265;0.00;50;0.00;1;0
3266;0.00;50;0.00;1;0
3267;0.00;50;0.00;1;0
3268;0.00;50;0.00;1;0
3269;0.00;50;0.00;1;0
3270;0.00;50;0.00;1;0
3271;0.00;50;0.00;1;0
3272;0.00;50;0.00;1;0
3273;0.00;50;0.00;1;0
3274;0.00;50;0.00;1;0
3275;0.00;50;0.00;1;0
3276;0.00;50;0.00;1;0
3277;0.00;50;0.00;1;0
3278;0.00;50;0.00;1;0
3279;0.00;50;0.00;1;0
3280;0.00;50;0.00;1;0
3281;0.00;50;0.00;1;0
3282;0.00;50;0.00;1;0
3283;0.00;50;0.00;1;0
3284;0.00;50;0.00;1;0
3285;0.00;50;0.00;1;0
3286;0.00;50;0.00;1;0
3287;0.00;50;0.00;1;0
3288;0.00;50;0.00;1;0
3289;0.00;50;0.00;1;0
3290;0.00;50;0.00;1;0
3291;0.00;50;0.00;1;0
3292;0.00;50;0.00;1;0
3293;0.00;50;0.00;1;0
3294;0.00;50;0.00;1;0
3295;0.00;50;0.00;1;0
3296;0.00;50;0.00;1;0
3297;0.00;50;0.00;1;0
3298;0.00;50;0.00;1;0
3299;0.00;50;0.00;1;0
3300;0.00;50;0.00;1;0
3301;0.00;50;0.00;1;0
3302;0.00;50;0.00;1;0
3303;0.00;50;0.00;1;0
3304;0.00;50;0.00;1;0
3305;0.00;50;0.00;1;0
3306;0.00;50;0.00;1;0
3307;0.00;50;0.00;1;0
3308;0.00;50;0.00;1;0
3309;0.00;50;0.00;1;0
3310;0.00;50;0.00;1;0
3311;0.00;50;0.00;1;0
3312;0.00;50;0.00;1;0
3313;0.00;50;0.00;1;0
3314;0.00;50;0.00;1;0
3315;0.00;50;0.00;1;0
3316;0.00;50;0.00;1;0
3317;0.00;50;0.00;1;0
3318;0.00;50;0.00;1;0
3319;0.00;50;0.00;1;0
3320;0.00;50;0.00;1;0
3321;0.00;50;0.00;1;0
3322;0.00;50;0.00;1;0
3323;0.00;50;0.00;1;0
3324;0.00;50;0.00;1;0
3325;0.00;50;0.00;1;0
3326;0.00;50;0.00;1;0
3327;0.00;50;0.00;1;0
3328;0.00;50;0.00;1;0
3329;0.00;50;0.00;1;0
3330;0.00;50;0.00;1;0
3331;0.00;50;0.00;1;0
3332;0.00;50;0.00;1;0
3333;0.00;50;0.00;1;0
3334;0.00;50;0.00;1;0
3335;0.00;50;0.00;1;0
3336;0.00;50;0.00;1;0
3337;0.00;50;0.00;1;0
3338;0.00;50;0.00;1;0
3339;0.00;50;0.00;1;0
3340;0.00;50;0.00;1;0
3341;0.00;50;0.00;1;0
3342;0.00;50;0.00;1;0
3343;0.00;50;0.00;1;0
3344;0.00;50;0.00;1;0
3345;0.00;50;0.00;1;0
3346;0.00;50;0.00;1;0
3347;0.00;50;0.00;1;0
3348;0.00;50;0.00;1;0
3349;0.00;50;0.00;1;0
3350;0.00;50;0.00;1;0
3351;0.00;50;0.00;1;0
3352;0.00;50;0.00;1;0
3353;0.00;50;0.00;1;0
3354;0.00;50;0.00;1;0
3355;0.00;50;0.00;1;0
3356;0.00;50;0.00;1;0
3357;0.00;50;0.00;1;0
3358;0.00;50;0.00;1;0
3359;0.00;50;0.00;1;0
3360;0.00;50;0.00;1;0
3361;0.00;50;0.00;1;0
3362;0.00;50;0.00;1;0
3363;0.00;50;0.00;1;0
3364;0.00;50;0.00;1;0
3365;0.00;50;0.00;1;0
3366;0.00;50;0.00;1;0
3367;0.00;50;0.00;1;0
3368;0.00;50;0.00;1;0
3369;0.00;50;0.00;1;0
3370;0.00;50;0.00;1;0
3371;0.00;50;0.00;1;0
3372;0.00;50;0.00;1;0
3373;0.00;50;0.00;1;0
3374;0.00;50;0.00;1;0
3375;0.00;50;0.00;1;0
3376;0.00;50;0.00;1;0
3377;0.00;50;0.00;1;0
3378;0.00;50;0.00;1;0
3379;0.00;50;0.00;1;0
3380;0.00;50;0.00;1;0
3381;0.00;50;0.00;1;0
3382;0.00;50;0.00;1;0
3383;0.00;50;0.00;1;0
3384;0.00;50;0.00;1;0
3385;0.00;50;0.00;1;0
3386;0.00;50;0.00;1;0
3387;0.00;50;0.00;1;0
3388;0.00;50;0.00;1;0
3389;0.00;50;0.00;1;0
3390;0.00;50;0.00;1;0
3391;0.00;50;0.00;1;0
3392;303.03;50;0.00;1;0
3393;322.58;50;0.03;1;0
3394;948.19;50;0.03;1;0
3395;1104.59;50;0.09;1;0
3396;1378.30;50;0.11;1;0
3397;1554.25;50;0.14;1;0
3398;1788.86;50;0.16;1;0
3399;1945.26;50;0.18;1;0
3400;2346.04;50;0.19;1;0
3401;1593.35;50;0.23;1;0
3402;2883.68;50;0.16;1;0
3403;2815.25;50;0.29;1;0
3404;3607.04;50;0.28;1;0
3405;3264.91;50;0.36;1;0
3406;4007.82;50;0.33;1;0
3407;4066.47;50;0.40;1;0
3408;4447.70;50;0.41;1;0
3409;4525.90;50;0.44;1;0
3410;4897.36;50;0.45;1;0
3411;5307.92;50;0.49;1;0
3412;5395.89;50;0.53;1;0
3413;5356.79;50;0.54;1;0
3414;5591.40;50;0.54;1;0
3415;5972.63;50;0.56;1;0
3416;5874.88;50;0.60;1;0
3417;6060.61;50;0.59;1;0
3418;6392.96;50;0.61;1;0
3419;6490.71;50;0.64;1;0
3420;6754.64;50;0.65;1;0
3421;7047.90;50;0.68;1;0
3422;7135.88;50;0.70;1;0
3423;7546.43;50;0.71;1;0
3424;7429.13;50;0.75;1;0
3425;7497.56;50;0.74;1;0
3426;7849.46;50;0.75;1;0
3427;8142.72;50;0.78;1;0
3428;8299.12;50;0.81;1;0
3429;8348.00;50;0.83;1;0
3430;8093.84;50;0.83;1;0
3431;8377.32;50;0.81;1;0
3432;8856.31;50;0.84;1;0
3433;8543.50;50;0.89;1;0
3434;8787.88;50;0.85;1;0
3435;8543.50;50;0.88;1;0
3436;8778.10;50;0.85;1;0
3437;9002.93;50;0.88;1;0
3438;10801.56;50;0.90;1;1
3439;10850.44;50;1.08;1;1
3440;11339.20;50;1.09;1;1
3441;10997.07;50;1.13;1;1
3442;11485.83;50;1.10;1;1
3443;11436.95;50;1.15;1;1
3444;11143.70;50;1.14;1;1
3445;11290.32;50;1.11;1;1
3446;11730.21;50;1.13;1;1
3447;11730.21;50;1.17;1;1
3448;12267.84;50;1.17;1;1
3449;11925.71;50;1.23;1;1
3450;11827.96;50;1.19;1;1
3451;12365.59;50;1.18;1;1
3452;12072.34;50;1.24;1;1
3453;12121.21;50;1.21;1;1
3454;12512.22;50;1.21;1;1
3455;12365.59;50;1.25;1;1
3456;12365.59;50;1.24;1;1
3457;12707.72;50;1.24;1;1
3458;12658.85;50;1.27;1;1
3459;13098.73;50;1.27;1;1
3460;13000.98;50;1.31;1;1
3461;13049.85;50;1.30;1;1
3462;12952.10;50;1.30;1;1
3463;13294.23;50;1.30;1;1
3464;13245.36;50;1.33;1;1
3465;13636.36;50;1.32;1;1
3466;13489.74;50;1.36;1;1
3467;13929.62;50;1.35;1;1
3468;13587.49;50;1.39;1;1
3469;14076.25;50;1.36;1;1
3470;13636.36;50;1.41;1;1
3471;13880.74;50;1.36;1;1
3472;13831.87;50;1.39;1;1
3473;14222.87;50;1.38;1;1
3474;14125.12;50;1.42;1;1
3475;14320.63;50;1.41;1;1
3476;14027.37;50;1.43;1;1
3477;14711.63;50;1.40;1;1
3478;14174.00;50;1.47;1;1
3479;14613.88;50;1.42;1;1
3480;14565.00;50;1.46;1;1
3481;15004.89;50;1.46;1;1
3482;14418.38;50;1.50;1;1
3483;14760.51;50;1.44;1;1
3484;14760.51;50;1.48;1;1
3485;15493.65;50;1.48;1;1
3486;14858.26;50;1.55;1;1
3487;15347.02;50;1.49;1;1
3488;14907.14;50;1.53;1;1
3489;15444.77;50;1.49;1;1
3490;14956.01;50;1.54;1;1
3491;15395.89;50;1.50;1;1
3492;15004.89;50;1.54;1;1
3493;15542.52;50;1.50;1;1
3494;15151.51;50;1.55;1;1
3495;15933.53;50;1.52;1;1
3496;15053.76;50;1.59;1;1
3497;15689.15;50;1.51;1;1
3498;15542.52;50;1.57;1;1
3499;15982.40;50;1.55;1;1
3500;15444.77;50;1.60;1;1
3501;15884.65;50;1.54;1;1
3502;15444.77;50;1.59;1;1
3503;16031.28;50;1.54;1;1
3504;15591.40;50;1.60;1;1
3505;16177.91;50;1.56;1;1
3506;15786.90;50;1.62;1;1
3507;16177.91;50;1.58;1;1
3508;15884.65;50;1.62;1;1
3509;16226.78;50;1.59;1;1
3510;15835.78;50;1.62;1;1
3511;16520.04;50;1.58;1;1
3512;16031.28;50;1.65;1;1
3513;16617.79;50;1.60;1;1
3514;15786.90;50;1.66;1;1
3515;16764.42;50;1.58;1;1
3516;16129.03;50;1.68;1;1
3517;16617.79;50;1.61;1;1
3518;15982.40;50;1.66;1;1
3519;16275.66;50;1.60;1;1
3520;15835.78;50;1.63;1;1
3521;16911.04;50;1.58;1;1
3522;16226.78;50;1.69;1;1
3523;16959.92;50;1.62;1;1
3524;16324.54;50;1.70;1;1
3525;17057.67;50;1.63;1;1
3526;16471.16;50;1.71;1;1
3527;17204.30;50;1.65;1;1
3528;16666.67;50;1.72;1;1
3529;17106.55;50;1.67;1;1
3530;16911.04;50;1.71;1;1
3531;17253.18;50;1.69;1;1
3532;16568.91;50;1.73;1;1
3533;17302.05;50;1.66;1;1
3534;16666.67;50;1.73;1;1
3535;17253.18;50;1.67;1;1
3536;16764.42;50;1.73;1;1
3537;17204.30;50;1.68;1;1
3538;16520.04;50;1.72;1;1
3539;17204.30;50;1.65;1;1
3540;16520.04;50;1.72;1;1
3541;17497.56;50;1.65;1;1
3542;16617.79;50;1.75;1;1
3543;17595.31;50;1.66;1;1
3544;16666.67;50;1.76;1;1
3545;17790.81;50;1.67;1;1
3546;17057.67;50;1.78;1;1
3547;17644.18;50;1.71;1;1
3548;16666.67;50;1.76;1;1
3549;17302.05;50;1.67;1;1
3550;16764.42;50;1.73;1;1
3551;17741.94;50;1.68;1;1
3552;17155.43;50;1.77;1;1
3553;17497.56;50;1.72;1;1
3554;16715.54;50;1.75;1;1
3555;17448.68;50;1.67;1;1
3556;17057.67;50;1.74;1;1
3557;17204.30;50;1.71;1;1
3558;17008.80;50;1.72;1;1
3559;17448.68;50;1.70;1;1
3560;16911.04;50;1.74;1;1
3561;17253.18;50;1.69;1;1
3562;16666.67;50;1.73;1;1
3563;18426.20;50;1.67;1;1
3564;16764.42;50;1.84;1;1
3565;17204.30;50;1.68;1;1
3566;16959.92;50;1.72;1;1
3567;17302.05;50;1.70;1;1
3568;17155.43;50;1.73;1;1
3569;17253.18;50;1.72;1;1
3570;17106.55;50;1.73;1;1
3571;17399.80;50;1.71;1;1
3572;16568.91;50;1.74;1;1
3573;17546.43;50;1.66;1;1
3574;17057.67;50;1.75;1;1
3575;17595.31;50;1.71;1;1
3576;16959.92;50;1.76;1;1
3577;17350.93;50;1.70;1;1
3578;17008.80;50;1.74;1;1
3579;17546.43;50;1.70;1;1
3580;16520.04;50;1.75;1;1
3581;17497.56;50;1.65;1;1
3582;16862.17;50;1.75;1;1
3583;17448.68;50;1.69;1;1
3584;16862.17;50;1.74;1;1
3585;17448.68;50;1.69;1;1
3586;16911.04;50;1.74;1;1
3587;17350.93;50;1.69;1;1
3588;17008.80;50;1.74;1;1
3589;18572.82;50;1.70;1;1
3590;16471.16;50;1.86;1;1
3591;17253.18;50;1.65;1;1
3592;16520.04;50;1.73;1;1
3593;17008.80;50;1.65;1;1
3594;16715.54;50;1.70;1;1
3595;16617.79;50;1.67;1;1
3596;16373.41;50;1.66;1;1
3597;16764.42;50;1.64;1;1
3598;16471.16;50;1.68;1;1
3599;17106.55;50;1.65;1;1
3600;16471.16;50;1.71;1;1
3601;17008.80;50;1.65;1;1
3602;16764.42;50;1.70;1;1
3603;16422.29;50;1.68;1;1
3604;16715.54;50;1.64;1;1
3605;16715.54;50;1.67;1;1
3606;16617.79;50;1.67;1;1
3607;16422.29;50;1.66;1;1
3608;16520.04;50;1.64;1;1
3609;16520.04;50;1.65;1;1
3610;16422.29;50;1.65;1;1
3611;16617.79;50;1.64;1;1
3612;16177.91;50;1.66;1;1
3613;16715.54;50;1.62;1;1
3614;16226.78;50;1.67;1;1
3615;16422.29;50;1.62;1;1
3616;16129.03;50;1.64;1;1
3617;16422.29;50;1.61;1;1
3618;16275.66;50;1.64;1;1
3619;16471.16;50;1.63;1;1
3620;16373.41;50;1.65;1;1
3621;16324.54;50;1.64;1;1
3622;16422.29;50;1.63;1;1
3623;16520.04;50;1.64;1;1
3624;16568.91;50;1.65;1;1
3625;16422.29;50;1.66;1;1
3626;16373.41;50;1.64;1;1
3627;16275.66;50;1.64;1;1
3628;16471.16;50;1.63;1;1
3629;16080.16;50;1.65;1;1
3630;16177.91;50;1.61;1;1
3631;16177.91;50;1.62;1;1
3632;16471.16;50;1.62;1;1
3633;16177.91;50;1.65;1;1
3634;16471.16;50;1.62;1;1
3635;16129.03;50;1.65;1;1
3636;16275.66;50;1.61;1;1
3637;15982.40;50;1.63;1;1
3638;16275.66;50;1.60;1;1
3639;16275.66;50;1.63;1;1
3640;16275.66;50;1.63;1;1
3641;15884.65;50;1.63;1;1
3642;16617.79;50;1.59;1;1
3643;16031.28;50;1.66;1;1
3644;16275.66;50;1.60;1;1
3645;16080.16;50;1.63;1;1
3646;16177.91;50;1.61;1;1
3647;15640.27;50;1.62;1;1
3648;16226.78;50;1.56;1;1
3649;15933.53;50;1.62;1;1
3650;16520.04;50;1.59;1;1
3651;15786.90;50;1.65;1;1
3652;15835.78;50;1.58;1;1
3653;15347.02;50;1.58;1;1
3654;15786.90;50;1.53;1;1
3655;16129.03;50;1.58;1;1
3656;16080.16;50;1.61;1;1
3657;15689.15;50;1.61;1;1
3658;16422.29;50;1.57;1;1
3659;15640.27;50;1.64;1;1
3660;16617.79;50;1.56;1;1
3661;15738.03;50;1.66;1;1
3662;16226.78;50;1.57;1;1
3663;15786.90;50;1.62;1;1
3664;16471.16;50;1.58;1;1
3665;15786.90;50;1.65;1;1
3666;16471.16;50;1.58;1;1
3667;16177.91;50;1.65;1;1
3668;16422.29;50;1.62;1;1
3669;16031.28;50;1.64;1;1
3670;16471.16;50;1.60;1;1
3671;15689.15;50;1.65;1;1
3672;16422.29;50;1.57;1;1
3673;16031.28;50;1.64;1;1
3674;16617.79;50;1.60;1;1
3675;16617.79;50;1.66;1;1
3676;15835.78;50;1.66;1;1
3677;15493.65;50;1.58;1;1
3678;15689.15;50;1.55;1;1
3679;15689.15;50;1.57;1;1
3680;15493.65;50;1.57;1;1
3681;15298.14;50;1.55;1;1
3682;15689.15;50;1.53;1;1
3683;15591.40;50;1.57;1;1
3684;15640.27;50;1.56;1;1
3685;15347.02;50;1.56;1;1
3686;15640.27;50;1.53;1;1
3687;15444.77;50;1.56;1;1
3688;16177.91;50;1.54;1;1
3689;15053.76;50;1.62;1;1
3690;15884.65;50;1.51;1;1
3691;15249.27;50;1.59;1;1
3692;15640.27;50;1.52;1;1
3693;14956.01;50;1.56;1;1
3694;15835.78;50;1.50;1;1
3695;15347.02;50;1.58;1;1
3696;16031.28;50;1.53;1;1
3697;15347.02;50;1.60;1;1
3698;15835.78;50;1.53;1;1
3699;15298.14;50;1.58;1;1
3700;15835.78;50;1.53;1;1
3701;15298.14;50;1.58;1;1
3702;16129.03;50;1.53;1;1
3703;15444.77;50;1.61;1;1
3704;16080.16;50;1.54;1;1
3705;15347.02;50;1.61;1;1
3706;16080.16;50;1.53;1;1
3707;15298.14;50;1.61;1;1
3708;15640.27;50;1.53;1;1
3709;15444.77;50;1.56;1;1
3710;16031.28;50;1.54;1;1
3711;15542.52;50;1.60;1;1
3712;15835.78;50;1.55;1;1
3713;15004.89;50;1.58;1;1
3714;15884.65;50;1.50;1;1
3715;15200.39;50;1.59;1;1
3716;15835.78;50;1.52;1;1
3717;15102.64;50;1.58;1;1
3718;15640.27;50;1.51;1;1
3719;15591.40;50;1.56;1;1
3720;15933.53;50;1.56;1;1
3721;14956.01;50;1.59;1;1
3722;15689.15;50;1.50;1;1
3723;15200.39;50;1.57;1;1
3724;15591.40;50;1.52;1;1
3725;15102.64;50;1.56;1;1
3726;15689.15;50;1.51;1;1
3727;15102.64;50;1.57;1;1
3728;15738.03;50;1.51;1;1
3729;15053.76;50;1.57;1;1
3730;15689.15;50;1.51;1;1
3731;15053.76;50;1.57;1;1
3732;15689.15;50;1.51;1;1
3733;15249.27;50;1.57;1;1
3734;15884.65;50;1.52;1;1
3735;15053.76;50;1.59;1;1
3736;15591.40;50;1.51;1;1
3737;15053.76;50;1.56;1;1
3738;15347.02;50;1.51;1;1
3739;14858.26;50;1.53;1;1
3740;15395.89;50;1.49;1;1
3741;14956.01;50;1.54;1;1
3742;15493.65;50;1.50;1;1
3743;14956.01;50;1.55;1;1
3744;15298.14;50;1.50;1;1
3745;15053.76;50;1.53;1;1
3746;15444.77;50;1.51;1;1
3747;15102.64;50;1.54;1;1
3748;15542.52;50;1.51;1;1
3749;15249.27;50;1.55;1;1
3750;15444.77;50;1.52;1;1
3751;15053.76;50;1.54;1;1
3752;15347.02;50;1.51;1;1
3753;15151.51;50;1.53;1;1
3754;15151.51;50;1.52;1;1
3755;15102.64;50;1.52;1;1
3756;15298.14;50;1.51;1;1
3757;15053.76;50;1.53;1;1
3758;15347.02;50;1.51;1;1
3759;15102.64;50;1.53;1;1
3760;15493.65;50;1.51;1;1
3761;15249.27;50;1.55;1;1
3762;15738.03;50;1.52;1;1
3763;15395.89;50;1.57;1;1
3764;15444.77;50;1.54;1;1
3765;15298.14;50;1.54;1;1
3766;15444.77;50;1.53;1;1
3767;15053.76;50;1.54;1;1
3768;15053.76;50;1.51;1;1
3769;15444.77;50;1.51;1;1
3770;15395.89;50;1.54;1;1
3771;15395.89;50;1.54;1;1
3772;15395.89;50;1.54;1;1
3773;15542.52;50;1.54;1;1
3774;15249.27;50;1.55;1;1
3775;15542.52;50;1.52;1;1
3776;15249.27;50;1.55;1;1
3777;15640.27;50;1.52;1;1
3778;15591.40;50;1.56;1;1
3779;15738.03;50;1.56;1;1
3780;15298.14;50;1.57;1;1
3781;15640.27;50;1.53;1;1
3782;15738.03;50;1.56;1;1
3783;15835.78;50;1.57;1;1
3784;15249.27;50;1.58;1;1
3785;14956.01;50;1.52;1;1
3786;15640.27;50;1.50;1;1
3787;15884.65;50;1.56;1;1
3788;15347.02;50;1.59;1;1
3789;15591.40;50;1.53;1;1
3790;15689.15;50;1.56;1;1
3791;15835.78;50;1.57;1;1
3792;15493.65;50;1.58;1;1
3793;15640.27;50;1.55;1;1
3794;15298.14;50;1.56;1;1
3795;15786.90;50;1.53;1;1
3796;16373.41;50;1.58;1;1
3797;15884.65;50;1.64;1;1
3798;15200.39;50;1.59;1;1
3799;14858.26;50;1.52;1;1
3800;15444.77;50;1.49;1;1
3801;15738.03;50;1.54;1;1
3802;14956.01;50;1.57;1;1
3803;16031.28;50;1.50;1;1
3804;14809.38;50;1.60;1;1
3805;15395.89;50;1.48;1;1
3806;14809.38;50;1.54;1;1
3807;15200.39;50;1.48;1;1
3808;15102.64;50;1.52;1;1
3809;15835.78;50;1.51;1;1
3810;15298.14;50;1.58;1;1
3811;15689.15;50;1.53;1;1
3812;15249.27;50;1.57;1;1
3813;16031.28;50;1.52;1;1
3814;15200.39;50;1.60;1;1
3815;15395.89;50;1.52;1;1
3816;15102.64;50;1.54;1;1
3817;16031.28;50;1.51;1;1
3818;16226.78;50;1.60;1;1
3819;16911.04;50;1.62;1;1
3820;15982.40;50;1.69;1;1
3821;16422.29;50;1.60;1;1
3822;16226.78;50;1.64;1;1
3823;16666.67;50;1.62;1;1
3824;16226.78;50;1.67;1;1
3825;16471.16;50;1.62;1;1
3826;16177.91;50;1.65;1;1
3827;16666.67;50;1.62;1;1
3828;16275.66;50;1.67;1;1
3829;16715.54;50;1.63;1;1
3830;15884.65;50;1.67;1;1
3831;16373.41;50;1.59;1;1
3832;15738.03;50;1.64;1;1
3833;16080.16;50;1.57;1;1
3834;15835.78;50;1.61;1;1
3835;16226.78;50;1.58;1;1
3836;15738.03;50;1.62;1;1
3837;16177.91;50;1.57;1;1
3838;15933.53;50;1.62;1;1
3839;16617.79;50;1.59;1;1
3840;15982.40;50;1.66;1;1
3841;16568.91;50;1.60;1;1
3842;16275.66;50;1.66;1;1
3843;16617.79;50;1.63;1;1
3844;15884.65;50;1.66;1;1
3845;16813.29;50;1.59;1;1
3846;15933.53;50;1.68;1;1
3847;16422.29;50;1.59;1;1
3848;16324.54;50;1.64;1;1
3849;16568.91;50;1.63;1;1
3850;15786.90;50;1.66;1;1
3851;15982.40;50;1.58;1;1
3852;15493.65;50;1.60;1;1
3853;16422.29;50;1.55;1;1
3854;15689.15;50;1.64;1;1
3855;15835.78;50;1.57;1;1
3856;15542.52;50;1.58;1;1
3857;16080.16;50;1.55;1;1
3858;15444.77;50;1.61;1;1
3859;15835.78;50;1.54;1;1
3860;15395.89;50;1.58;1;1
3861;16080.16;50;1.54;1;1
3862;15444.77;50;1.61;1;1
3863;16226.78;50;1.54;1;1
3864;15395.89;50;1.62;1;1
3865;16226.78;50;1.54;1;1
3866;15689.15;50;1.62;1;1
3867;15933.53;50;1.57;1;1
3868;15249.27;50;1.59;1;1
3869;16177.91;50;1.52;1;1
3870;15493.65;50;1.62;1;1
3871;16177.91;50;1.55;1;1
3872;15395.89;50;1.62;1;1
3873;15933.53;50;1.54;1;1
3874;15347.02;50;1.59;1;1
3875;15835.78;50;1.53;1;1
3876;15200.39;50;1.58;1;1
3877;16177.91;50;1.52;1;1
3878;15151.51;50;1.62;1;1
3879;15786.90;50;1.52;1;1
3880;15640.27;50;1.58;1;1
3881;16129.03;50;1.56;1;1
3882;15493.65;50;1.61;1;1
3883;16226.78;50;1.55;1;1
3884;16129.03;50;1.62;1;1
3885;16031.28;50;1.61;1;1
3886;16080.16;50;1.60;1;1
3887;16226.78;50;1.61;1;1
3888;16080.16;50;1.62;1;1
3889;16373.41;50;1.61;1;1
3890;16324.54;50;1.64;1;1
3891;16080.16;50;1.63;1;1
3892;15982.40;50;1.61;1;1
3893;16275.66;50;1.60;1;1
3894;16080.16;50;1.63;1;1
3895;16520.04;50;1.61;1;1
3896;16422.29;50;1.65;1;1
3897;16422.29;50;1.64;1;1
3898;16373.41;50;1.64;1;1
3899;16373.41;50;1.64;1;1
3900;16666.67;50;1.64;1;1
3901;16471.16;50;1.67;1;1
3902;16764.42;50;1.65;1;1
3903;16471.16;50;1.68;1;1
3904;16568.91;50;1.65;1;1
3905;16226.78;50;1.66;1;1
3906;16080.16;50;1.62;1;1
3907;16422.29;50;1.61;1;1
3908;16471.16;50;1.64;1;1
3909;16373.41;50;1.65;1;1
3910;16471.16;50;1.64;1;1
3911;16422.29;50;1.65;1;1
3912;16471.16;50;1.64;1;1
3913;16568.91;50;1.65;1;1
3914;17057.67;50;1.66;1;1
3915;16568.91;50;1.71;1;1
3916;16666.67;50;1.66;1;1
3917;16715.54;50;1.67;1;1
3918;16666.67;50;1.67;1;1
3919;16813.29;50;1.67;1;1
3920;16471.16;50;1.68;1;1
3921;16813.29;50;1.65;1;1
3922;17155.43;50;1.68;1;1
3923;17008.80;50;1.72;1;1
3924;16715.54;50;1.70;1;1
3925;16520.04;50;1.67;1;1
3926;16666.67;50;1.65;1;1
3927;16422.29;50;1.67;1;1
3928;16715.54;50;1.64;1;1
3929;16617.79;50;1.67;1;1
3930;16568.91;50;1.66;1;1
3931;16080.16;50;1.66;1;1
3932;16568.91;50;1.61;1;1
3933;16080.16;50;1.66;1;1
3934;16520.04;50;1.61;1;1
3935;16275.66;50;1.65;1;1
3936;16373.41;50;1.63;1;1
3937;15835.78;50;1.64;1;1
3938;16715.54;50;1.58;1;1
3939;16422.29;50;1.67;1;1
3940;16959.92;50;1.64;1;1
3941;16568.91;50;1.70;1;1
3942;16520.04;50;1.66;1;1
3943;16226.78;50;1.65;1;1
3944;16813.29;50;1.62;1;1
3945;16422.29;50;1.68;1;1
3946;16666.67;50;1.64;1;1
3947;16959.92;50;1.67;1;1
3948;16813.29;50;1.70;1;1
3949;16568.91;50;1.68;1;1
3950;16959.92;50;1.66;1;1
3951;16715.54;50;1.70;1;1
3952;17008.80;50;1.67;1;1
3953;16275.66;50;1.70;1;1
3954;17155.43;50;1.63;1;1
3955;16715.54;50;1.72;1;1
3956;16764.42;50;1.67;1;1
3957;16373.41;50;1.68;1;1
3958;16959.92;50;1.64;1;1
3959;16666.67;50;1.70;1;1
3960;16862.17;50;1.67;1;1
3961;16422.29;50;1.69;1;1
3962;16813.29;50;1.64;1;1
3963;16177.91;50;1.68;1;1
3964;16617.79;50;1.62;1;1
3965;16617.79;50;1.66;1;1
3966;16911.04;50;1.66;1;1
3967;16422.29;50;1.69;1;1
3968;17106.55;50;1.64;1;1
3969;16373.41;50;1.71;1;1
3970;16862.17;50;1.64;1;1
3971;16373.41;50;1.69;1;1
3972;16715.54;50;1.64;1;1
3973;16226.78;50;1.67;1;1
3974;16911.04;50;1.62;1;1
3975;16177.91;50;1.69;1;1
3976;16715.54;50;1.62;1;1
3977;16422.29;50;1.67;1;1
3978;17057.67;50;1.64;1;1
3979;16471.16;50;1.71;1;1
3980;17008.80;50;1.65;1;1
3981;16031.28;50;1.70;1;1
3982;17008.80;50;1.60;1;1
3983;16226.78;50;1.70;1;1
3984;16813.29;50;1.62;1;1
3985;16275.66;50;1.68;1;1
3986;16666.67;50;1.63;1;1
3987;16275.66;50;1.67;1;1
3988;16617.79;50;1.63;1;1
3989;16422.29;50;1.66;1;1
3990;17106.55;50;1.64;1;1
3991;16471.16;50;1.71;1;1
3992;17057.67;50;1.65;1;1
3993;16862.17;50;1.71;1;1
3994;17008.80;50;1.69;1;1
3995;16422.29;50;1.70;1;1
3996;16666.67;50;1.64;1;1
3997;16568.91;50;1.67;1;1
3998;18035.19;50;1.66;1;1
3999;16520.04;50;1.80;1;1
4000;17106.55;50;1.65;1;1
4001;16373.41;50;1.71;1;1
4002;16813.29;50;1.64;1;1
4003;16568.91;50;1.68;1;1
4004;17253.18;50;1.66;1;1
4005;16471.16;50;1.73;1;1
4006;17057.67;50;1.65;1;1
4007;16568.91;50;1.71;1;1
4008;16959.92;50;1.66;1;1
4009;16471.16;50;1.70;1;1
4010;16617.79;50;1.65;1;1
4011;16275.66;50;1.66;1;1
4012;16568.91;50;1.63;1;1
4013;16373.41;50;1.66;1;1
4014;16666.67;50;1.64;1;1
4015;16422.29;50;1.67;1;1
4016;16959.92;50;1.64;1;1
4017;16764.42;50;1.70;1;1
4018;16715.54;50;1.68;1;1
4019;16813.29;50;1.67;1;1
4020;17399.80;50;1.68;1;1
4021;16813.29;50;1.74;1;1
4022;17204.30;50;1.68;1;1
4023;16813.29;50;1.72;1;1
4024;17008.80;50;1.68;1;1
4025;16715.54;50;1.70;1;1
4026;17106.55;50;1.67;1;1
4027;16715.54;50;1.71;1;1
4028;17399.80;50;1.67;1;1
4029;17008.80;50;1.74;1;1
4030;18426.20;50;1.70;1;1
4031;16666.67;50;1.84;1;1
4032;17204.30;50;1.67;1;1
4033;16617.79;50;1.72;1;1
4034;16959.92;50;1.66;1;1
4035;16715.54;50;1.70;1;1
4036;17497.56;50;1.67;1;1
4037;16666.67;50;1.75;1;1
4038;17497.56;50;1.67;1;1
4039;16911.04;50;1.75;1;1
4040;17448.68;50;1.69;1;1
4041;16911.04;50;1.74;1;1
4042;17546.43;50;1.69;1;1
4043;17155.43;50;1.75;1;1
4044;17448.68;50;1.72;1;1
4045;16959.92;50;1.74;1;1
4046;17155.43;50;1.70;1;1
4047;16959.92;50;1.72;1;1
4048;17057.67;50;1.70;1;1
4049;17350.93;50;1.71;1;1
4050;17253.18;50;1.74;1;1
4051;16959.92;50;1.73;1;1
4052;17399.80;50;1.70;1;1
4053;17155.43;50;1.74;1;1
4054;17106.55;50;1.72;1;1
4055;17106.55;50;1.71;1;1
4056;17546.43;50;1.71;1;1
4057;17204.30;50;1.75;1;1
4058;17644.18;50;1.72;1;1
4059;17448.68;50;1.76;1;1
4060;17253.18;50;1.74;1;1
4061;17448.68;50;1.73;1;1
4062;17302.05;50;1.74;1;1
4063;17155.43;50;1.73;1;1
4064;17204.30;50;1.72;1;1
4065;17595.31;50;1.72;1;1
4066;17253.18;50;1.76;1;1
4067;17350.93;50;1.73;1;1
4068;17399.80;50;1.74;1;1
4069;17350.93;50;1.74;1;1
4070;17155.43;50;1.74;1;1
4071;17302.05;50;1.72;1;1
4072;17106.55;50;1.73;1;1
4073;17253.18;50;1.71;1;1
4074;17106.55;50;1.73;1;1
4075;17399.80;50;1.71;1;1
4076;17008.80;50;1.74;1;1
4077;17350.93;50;1.70;1;1
4078;17204.30;50;1.74;1;1
4079;17546.43;50;1.72;1;1
4080;17204.30;50;1.75;1;1
4081;17497.56;50;1.72;1;1
4082;17155.43;50;1.75;1;1
4083;17693.06;50;1.72;1;1
4084;17057.67;50;1.77;1;1
4085;17644.18;50;1.71;1;1
4086;17693.06;50;1.76;1;1
4087;17595.31;50;1.77;1;1
4088;17057.67;50;1.76;1;1
4089;17693.06;50;1.71;1;1
4090;17106.55;50;1.77;1;1
4091;17595.31;50;1.71;1;1
4092;17204.30;50;1.76;1;1
4093;17546.43;50;1.72;1;1
4094;17350.93;50;1.75;1;1
4095;17741.94;50;1.74;1;1
4096;17302.05;50;1.77;1;1
4097;17546.43;50;1.73;1;1
4098;17204.30;50;1.75;1;1
4099;17839.69;50;1.72;1;1
4100;17253.18;50;1.78;1;1
4101;17888.56;50;1.73;1;1
4102;17204.30;50;1.79;1;1
4103;17741.94;50;1.72;1;1
4104;17350.93;50;1.77;1;1
4105;17595.31;50;1.74;1;1
4106;17204.30;50;1.76;1;1
4107;18084.07;50;1.72;1;1
4108;17204.30;50;1.81;1;1
4109;17595.31;50;1.72;1;1
4110;17057.67;50;1.76;1;1
4111;17888.56;50;1.71;1;1
4112;17253.18;50;1.79;1;1
4113;17839.69;50;1.73;1;1
4114;17155.43;50;1.78;1;1
4115;17693.06;50;1.72;1;1
4116;17155.43;50;1.77;1;1
4117;17448.68;50;1.72;1;1
4118;17253.18;50;1.74;1;1
4119;17546.43;50;1.73;1;1
4120;17204.30;50;1.75;1;1
4121;17839.69;50;1.72;1;1
4122;17106.55;50;1.78;1;1
4123;17741.94;50;1.71;1;1
4124;17546.43;50;1.77;1;1
4125;17693.06;50;1.75;1;1
4126;17204.30;50;1.77;1;1
4127;18084.07;50;1.72;1;1
4128;17155.43;50;1.81;1;1
4129;17253.18;50;1.72;1;1
4130;16764.42;50;1.73;1;1
4131;17497.56;50;1.68;1;1
4132;17155.43;50;1.75;1;1
4133;17595.31;50;1.72;1;1
4134;17741.94;50;1.76;1;1
4135;18035.19;50;1.77;1;1
4136;17448.68;50;1.80;1;1
4137;18132.94;50;1.74;1;1
4138;17399.80;50;1.81;1;1
4139;18181.82;50;1.74;1;1
4140;17546.43;50;1.82;1;1
4141;18132.94;50;1.75;1;1
4142;17399.80;50;1.81;1;1
4143;18181.82;50;1.74;1;1
4144;17546.43;50;1.82;1;1
4145;18377.32;50;1.75;1;1
4146;17546.43;50;1.84;1;1
4147;18035.19;50;1.75;1;1
4148;17399.80;50;1.80;1;1
4149;18279.57;50;1.74;1;1
4150;17595.31;50;1.83;1;1
4151;18230.69;50;1.76;1;1
4152;17741.94;50;1.82;1;1
4153;18523.95;50;1.77;1;1
4154;17448.68;50;1.85;1;1
4155;18084.07;50;1.74;1;1
4156;17644.18;50;1.81;1;1
4157;18084.07;50;1.76;1;1
4158;17644.18;50;1.81;1;1
4159;18572.82;50;1.76;1;1
4160;18035.19;50;1.86;1;1
4161;18279.57;50;1.80;1;1
4162;17839.69;50;1.83;1;1
4163;18132.94;50;1.78;1;1
4164;17644.18;50;1.81;1;1
4165;18279.57;50;1.76;1;1
4166;17741.94;50;1.83;1;1
4167;18181.82;50;1.77;1;1
4168;17595.31;50;1.82;1;1
4169;18132.94;50;1.76;1;1
4170;17839.69;50;1.81;1;1
4171;18181.82;50;1.78;1;1
4172;17693.06;50;1.82;1;1
4173;18132.94;50;1.77;1;1
4174;17399.80;50;1.81;1;1
4175;18181.82;50;1.74;1;1
4176;17790.81;50;1.82;1;1
4177;18572.82;50;1.78;1;1
4178;17741.94;50;1.86;1;1
4179;17986.31;50;1.77;1;1
4180;17888.56;50;1.80;1;1
4181;18279.57;50;1.79;1;1
4182;17937.44;50;1.83;1;1
4183;17986.31;50;1.79;1;1
4184;18035.19;50;1.80;1;1
4185;18084.07;50;1.80;1;1
4186;17790.81;50;1.81;1;1
4187;18475.07;50;1.78;1;1
4188;18084.07;50;1.85;1;1
4189;18523.95;50;1.81;1;1
4190;17986.31;50;1.85;1;1
4191;18279.57;50;1.80;1;1
4192;18181.82;50;1.83;1;1
4193;18181.82;50;1.82;1;1
4194;18035.19;50;1.82;1;1
4195;18132.94;50;1.80;1;1
4196;17693.06;50;1.81;1;1
4197;17790.81;50;1.77;1;1
4198;18084.07;50;1.78;1;1
4199;18084.07;50;1.81;1;1
4200;18230.69;50;1.81;1;1
4201;17839.69;50;1.82;1;1
4202;18084.07;50;1.78;1;1
4203;17741.94;50;1.81;1;1
4204;18572.82;50;1.77;1;1
4205;18866.08;50;1.86;1;1
4206;17937.44;50;1.89;1;1
4207;17937.44;50;1.79;1;1
4208;18084.07;50;1.79;1;1
4209;17693.06;50;1.81;1;1
4210;17839.69;50;1.77;1;1
4211;18181.82;50;1.78;1;1
4212;18084.07;50;1.82;1;1
4213;17937.44;50;1.81;1;1
4214;18279.57;50;1.79;1;1
4215;18084.07;50;1.83;1;1
4216;18426.20;50;1.81;1;1
4217;17937.44;50;1.84;1;1
4218;18132.94;50;1.79;1;1
4219;18328.45;50;1.81;1;1
4220;18132.94;50;1.83;1;1
4221;18132.94;50;1.81;1;1
4222;17937.44;50;1.81;1;1
4223;18328.45;50;1.79;1;1
4224;18084.07;50;1.83;1;1
4225;18230.69;50;1.81;1;1
4226;17448.68;50;1.82;1;1
4227;18132.94;50;1.74;1;1
4228;17448.68;50;1.81;1;1
4229;18132.94;50;1.74;1;1
4230;17986.31;50;1.81;1;1
4231;18181.82;50;1.80;1;1
4232;17839.69;50;1.82;1;1
4233;17937.44;50;1.78;1;1
4234;18181.82;50;1.79;1;1
4235;18181.82;50;1.82;1;1
4236;18084.07;50;1.82;1;1
4237;18181.82;50;1.81;1;1
4238;18132.94;50;1.82;1;1
4239;18181.82;50;1.81;1;1
4240;18084.07;50;1.82;1;1
4241;18132.94;50;1.81;1;1
4242;18279.57;50;1.81;1;1
4243;18035.19;50;1.83;1;1
4244;18328.45;50;1.80;1;1
4245;17986.31;50;1.83;1;1
4246;18426.20;50;1.80;1;1
4247;18035.19;50;1.84;1;1
4248;18328.45;50;1.80;1;1
4249;17888.56;50;1.83;1;1
4250;18230.69;50;1.79;1;1
4251;18084.07;50;1.82;1;1
4252;18181.82;50;1.81;1;1
4253;18572.82;50;1.82;1;1
4254;18377.32;50;1.86;1;1
4255;18181.82;50;1.84;1;1
4256;18621.70;50;1.82;1;1
4257;18084.07;50;1.86;1;1
4258;18279.57;50;1.81;1;1
4259;17790.81;50;1.83;1;1
4260;18181.82;50;1.78;1;1
4261;17497.56;50;1.82;1;1
4262;18132.94;50;1.75;1;1
4263;17741.94;50;1.81;1;1
4264;18230.69;50;1.77;1;1
4265;17937.44;50;1.82;1;1
4266;18181.82;50;1.79;1;1
4267;18279.57;50;1.82;1;1
4268;18523.95;50;1.83;1;1
4269;18132.94;50;1.85;1;1
4270;18377.32;50;1.81;1;1
4271;18181.82;50;1.84;1;1
4272;18670.58;50;1.82;1;1
4273;18181.82;50;1.87;1;1
4274;18377.32;50;1.82;1;1
4275;18035.19;50;1.84;1;1
4276;18523.95;50;1.80;1;1
4277;17937.44;50;1.85;1;1
4278;18328.45;50;1.79;1;1
4279;17986.31;50;1.83;1;1
4280;18621.70;50;1.80;1;1
4281;18377.32;50;1.86;1;1
4282;18719.45;50;1.84;1;1
4283;18084.07;50;1.87;1;1
4284;19599.22;50;1.81;1;1
4285;18035.19;50;1.96;1;1
4286;18426.20;50;1.80;1;1
4287;17888.56;50;1.84;1;1
4288;18719.45;50;1.79;1;1
4289;18230.69;50;1.87;1;1
4290;18914.96;50;1.82;1;1
4291;17986.31;50;1.89;1;1
4292;18572.82;50;1.80;1;1
4293;18084.07;50;1.86;1;1
4294;18621.70;50;1.81;1;1
4295;18084.07;50;1.86;1;1
4296;18377.32;50;1.81;1;1
4297;18132.94;50;1.84;1;1
4298;18523.95;50;1.81;1;1
4299;17839.69;50;1.85;1;1
4300;18719.45;50;1.78;1;1
4301;18084.07;50;1.87;1;1
4302;18475.07;50;1.81;1;1
4303;17937.44;50;1.85;1;1
4304;18768.33;50;1.79;1;1
4305;18035.19;50;1.88;1;1
4306;18523.95;50;1.80;1;1
4307;17888.56;50;1.85;1;1
4308;18572.82;50;1.79;1;1
4309;18132.94;50;1.86;1;1
4310;18279.57;50;1.81;1;1
4311;17888.56;50;1.83;1;1
4312;18572.82;50;1.79;1;1
4313;17937.44;50;1.86;1;1
4314;18572.82;50;1.79;1;1
4315;17888.56;50;1.86;1;1
4316;18523.95;50;1.79;1;1
4317;18132.94;50;1.85;1;1
4318;18719.45;50;1.81;1;1
4319;17986.31;50;1.87;1;1
4320;18768.33;50;1.80;1;1
4321;18279.57;50;1.88;1;1
4322;18621.70;50;1.83;1;1
4323;18181.82;50;1.86;1;1
4324;18572.82;50;1.82;1;1
4325;18132.94;50;1.86;1;1
4326;18670.58;50;1.81;1;1
4327;18328.45;50;1.87;1;1
4328;18621.70;50;1.83;1;1
4329;18230.69;50;1.86;1;1
4330;18719.45;50;1.82;1;1
4331;18230.69;50;1.87;1;1
4332;18817.20;50;1.82;1;1
4333;18084.07;50;1.88;1;1
4334;18768.33;50;1.81;1;1
4335;18523.95;50;1.88;1;1
4336;18817.20;50;1.85;1;1
4337;18279.57;50;1.88;1;1
4338;18719.45;50;1.83;1;1
4339;18132.94;50;1.87;1;1
4340;18670.58;50;1.81;1;1
4341;18426.20;50;1.87;1;1
4342;18817.20;50;1.84;1;1
4343;18377.32;50;1.88;1;1
4344;18621.70;50;1.84;1;1
4345;18475.07;50;1.86;1;1
4346;18817.20;50;1.85;1;1
4347;18572.82;50;1.88;1;1
4348;18719.45;50;1.86;1;1
4349;18426.20;50;1.87;1;1
4350;18768.33;50;1.84;1;1
4351;18670.58;50;1.88;1;1
4352;18817.20;50;1.87;1;1
4353;18328.45;50;1.88;1;1
4354;18572.82;50;1.83;1;1
4355;18377.32;50;1.86;1;1
4356;18768.33;50;1.84;1;1
4357;18035.19;50;1.88;1;1
4358;18670.58;50;1.80;1;1
4359;18426.20;50;1.87;1;1
4360;18475.07;50;1.84;1;1
4361;18181.82;50;1.85;1;1
4362;18621.70;50;1.82;1;1
4363;18279.57;50;1.86;1;1
4364;18719.45;50;1.83;1;1
4365;18475.07;50;1.87;1;1
4366;18377.32;50;1.85;1;1
4367;18084.07;50;1.84;1;1
4368;18817.20;50;1.81;1;1
4369;18328.45;50;1.88;1;1
4370;18670.58;50;1.83;1;1
4371;18670.58;50;1.87;1;1
4372;18670.58;50;1.87;1;1
4373;18572.82;50;1.87;1;1
4374;18377.32;50;1.86;1;1
4375;18377.32;50;1.84;1;1
4376;18377.32;50;1.84;1;1
4377;18230.69;50;1.84;1;1
4378;18768.33;50;1.82;1;1
4379;18475.07;50;1.88;1;1
4380;18426.20;50;1.85;1;1
4381;18426.20;50;1.84;1;1
4382;18328.45;50;1.84;1;1
4383;18475.07;50;1.83;1;1
4384;18426.20;50;1.85;1;1
4385;18523.95;50;1.84;1;1
4386;18572.82;50;1.85;1;1
4387;18181.82;50;1.86;1;1
4388;18768.33;50;1.82;1;1
4389;18426.20;50;1.88;1;1
4390;18475.07;50;1.84;1;1
4391;18426.20;50;1.85;1;1
4392;18866.08;50;1.84;1;1
4393;18768.33;50;1.89;1;1
4394;18621.70;50;1.88;1;1
4395;18523.95;50;1.86;1;1
4396;18426.20;50;1.85;1;1
4397;18817.20;50;1.84;1;1
4398;18719.45;50;1.88;1;1
4399;18866.08;50;1.87;1;1
4400;18377.32;50;1.89;1;1
4401;18670.58;50;1.84;1;1
4402;18572.82;50;1.87;1;1
4403;18768.33;50;1.86;1;1
4404;18523.95;50;1.88;1;1
4405;18768.33;50;1.85;1;1
4406;18719.45;50;1.88;1;1
4407;18963.83;50;1.87;1;1
4408;18670.58;50;1.90;1;1
4409;18866.08;50;1.87;1;1
4410;18866.08;50;1.89;1;1
4411;19012.71;50;1.89;1;1
4412;18523.95;50;1.90;1;1
4413;18670.58;50;1.85;1;1
4414;18328.45;50;1.87;1;1
4415;18719.45;50;1.83;1;1
4416;18230.69;50;1.87;1;1
4417;18719.45;50;1.82;1;1
4418;18181.82;50;1.87;1;1
4419;18572.82;50;1.82;1;1
4420;18328.45;50;1.86;1;1
4421;19061.58;50;1.83;1;1
4422;18230.69;50;1.91;1;1
4423;18963.83;50;1.82;1;1
4424;18426.20;50;1.90;1;1
4425;18621.70;50;1.84;1;1
4426;18377.32;50;1.86;1;1
4427;19648.09;50;1.84;1;1
4428;18181.82;50;1.96;1;1
4429;18914.96;50;1.82;1;1
4430;18181.82;50;1.89;1;1
4431;18621.70;50;1.82;1;1
4432;18181.82;50;1.86;1;1
4433;18719.45;50;1.82;1;1
4434;18230.69;50;1.87;1;1
4435;18572.82;50;1.82;1;1
4436;18132.94;50;1.86;1;1
4437;18621.70;50;1.81;1;1
4438;18084.07;50;1.86;1;1
4439;18768.33;50;1.81;1;1
4440;18084.07;50;1.88;1;1
4441;18817.20;50;1.81;1;1
4442;18475.07;50;1.88;1;1
4443;19012.71;50;1.85;1;1
4444;18426.20;50;1.90;1;1
4445;19257.09;50;1.84;1;1
4446;18426.20;50;1.93;1;1
4447;18817.20;50;1.84;1;1
4448;18132.94;50;1.88;1;1
4449;19257.09;50;1.81;1;1
4450;18181.82;50;1.93;1;1
4451;18719.45;50;1.82;1;1
4452;18279.57;50;1.87;1;1
4453;18768.33;50;1.83;1;1
4454;18230.69;50;1.88;1;1
4455;18817.20;50;1.82;1;1
4456;18475.07;50;1.88;1;1
4457;19354.84;50;1.85;1;1
4458;18230.69;50;1.94;1;1
4459;18817.20;50;1.82;1;1
4460;18523.95;50;1.88;1;1
4461;18963.83;50;1.85;1;1
4462;18377.32;50;1.90;1;1
4463;18817.20;50;1.84;1;1
4464;18279.57;50;1.88;1;1
4465;18963.83;50;1.83;1;1
4466;18084.07;50;1.90;1;1
4467;18963.83;50;1.81;1;1
4468;18181.82;50;1.90;1;1
4469;18963.83;50;1.82;1;1
4470;18377.32;50;1.90;1;1
4471;18768.33;50;1.84;1;1
4472;18475.07;50;1.88;1;1
4473;18817.20;50;1.85;1;1
4474;18426.20;50;1.88;1;1
4475;19012.71;50;1.84;1;1
4476;18328.45;50;1.90;1;1
4477;18817.20;50;1.83;1;1
4478;18084.07;50;1.88;1;1
4479;18768.33;50;1.81;1;1
4480;18230.69;50;1.88;1;1
4481;19354.84;50;1.82;1;1
4482;18475.07;50;1.94;1;1
4483;19110.46;50;1.85;1;1
4484;18475.07;50;1.91;1;1
4485;19257.09;50;1.85;1;1
4486;18475.07;50;1.93;1;1
4487;19061.58;50;1.85;1;1
4488;18475.07;50;1.91;1;1
4489;19403.71;50;1.85;1;1
4490;18426.20;50;1.94;1;1
4491;18817.20;50;1.84;1;1
4492;18426.20;50;1.88;1;1
4493;19012.71;50;1.84;1;1
4494;18426.20;50;1.90;1;1
4495;19305.96;50;1.84;1;1
4496;18181.82;50;1.93;1;1
4497;19061.58;50;1.82;1;1
4498;18768.33;50;1.91;1;1
4499;19012.71;50;1.88;1;1
4500;18475.07;50;1.90;1;1
4501;19012.71;50;1.85;1;1
4502;18719.45;50;1.90;1;1
4503;19208.21;50;1.87;1;1
4504;18572.82;50;1.92;1;1
4505;19061.58;50;1.86;1;1
4506;18426.20;50;1.91;1;1
4507;19843.60;50;1.84;1;1
4508;19745.85;50;1.98;1;1
4509;19892.47;50;1.97;1;1
4510;19599.22;50;1.99;1;1
4511;19990.22;50;1.96;1;1
4512;19403.71;50;2.00;1;1
4513;20039.10;50;1.94;1;1
4514;19696.97;50;2.00;1;1
4515;20136.85;50;1.97;1;1
4516;19403.71;50;2.01;1;1
4517;19794.72;50;1.94;1;1
4518;19452.59;50;1.98;1;1
4519;19843.60;50;1.95;1;1
4520;19550.34;50;1.98;1;1
4521;19941.35;50;1.96;1;1
4522;19745.85;50;1.99;1;1
4523;20185.73;50;1.97;1;1
4524;19696.97;50;2.02;1;1
4525;20185.73;50;1.97;1;1
4526;19696.97;50;2.02;1;1
4527;19941.35;50;1.97;1;1
4528;19794.72;50;1.99;1;1
4529;20039.10;50;1.98;1;1
4530;19990.22;50;2.00;1;1
4531;20478.98;50;2.00;1;1
4532;20234.60;50;2.05;1;1
4533;20723.36;50;2.02;1;1
4534;20087.98;50;2.07;1;1
4535;20283.48;50;2.01;1;1
4536;20234.60;50;2.03;1;1
4537;20332.36;50;2.02;1;1
4538;20234.60;50;2.03;1;1
4539;20087.98;50;2.02;1;1
4540;20478.98;50;2.01;1;1
4541;20430.11;50;2.05;1;1
4542;19550.34;50;2.04;1;1
4543;20576.73;50;1.96;1;1
4544;20087.98;50;2.06;1;1
4545;19990.22;50;2.01;1;1
4546;20430.11;50;2.00;1;1
4547;20381.23;50;2.04;1;1
4548;20283.48;50;2.04;1;1
4549;20234.60;50;2.03;1;1
4550;20478.98;50;2.02;1;1
4551;19941.35;50;2.05;1;1
4552;20625.61;50;1.99;1;1
4553;20478.98;50;2.06;1;1
4554;20332.36;50;2.05;1;1
4555;20136.85;50;2.03;1;1
4556;20478.98;50;2.01;1;1
4557;20136.85;50;2.05;1;1
4558;20283.48;50;2.01;1;1
4559;20087.98;50;2.03;1;1
4560;20430.11;50;2.01;1;1
4561;19990.22;50;2.04;1;1
4562;20283.48;50;2.00;1;1
4563;19745.85;50;2.03;1;1
4564;20039.10;50;1.97;1;1
4565;19745.85;50;2.00;1;1
4566;21065.49;50;1.97;1;1
4567;20625.61;50;2.11;1;1
4568;20869.99;50;2.06;1;1
4569;20478.98;50;2.09;1;1
4570;21065.49;50;2.05;1;1
4571;20674.49;50;2.11;1;1
4572;20967.74;50;2.07;1;1
4573;20087.98;50;2.10;1;1
4574;21212.12;50;2.01;1;1
4575;20723.36;50;2.12;1;1
4576;20381.23;50;2.07;1;1
4577;19990.22;50;2.04;1;1
4578;20869.99;50;2.00;1;1
4579;20527.86;50;2.09;1;1
4580;20234.60;50;2.05;1;1
4581;19941.35;50;2.02;1;1
4582;20332.36;50;1.99;1;1
4583;20039.10;50;2.03;1;1
4584;20332.36;50;2.00;1;1
4585;19696.97;50;2.03;1;1
4586;20234.60;50;1.97;1;1
4587;19892.47;50;2.02;1;1
4588;20576.73;50;1.99;1;1
4589;20136.85;50;2.06;1;1
4590;20381.23;50;2.01;1;1
4591;19648.09;50;2.04;1;1
4592;20332.36;50;1.96;1;1
4593;19990.22;50;2.03;1;1
4594;20478.98;50;2.00;1;1
4595;19745.85;50;2.05;1;1
4596;20723.36;50;1.97;1;1
4597;20136.85;50;2.07;1;1
4598;20478.98;50;2.01;1;1
4599;20283.48;50;2.05;1;1
4600;20381.23;50;2.03;1;1
4601;19892.47;50;2.04;1;1
4602;20772.24;50;1.99;1;1
4603;20039.10;50;2.08;1;1
4604;21261.00;50;2.00;1;1
4605;20136.85;50;2.13;1;1
4606;20430.11;50;2.01;1;1
4607;19990.22;50;2.04;1;1
4608;20332.36;50;2.00;1;1
4609;20234.60;50;2.03;1;1
4610;20478.98;50;2.02;1;1
4611;20234.60;50;2.05;1;1
4612;20478.98;50;2.02;1;1
4613;19941.35;50;2.05;1;1
4614;20723.36;50;1.99;1;1
4615;20234.60;50;2.07;1;1
4616;20918.87;50;2.02;1;1
4617;19892.47;50;2.09;1;1
4618;21114.37;50;1.99;1;1
4619;20234.60;50;2.11;1;1
4620;20625.61;50;2.02;1;1
4621;20039.10;50;2.06;1;1
4622;20869.99;50;2.00;1;1
4623;20087.98;50;2.09;1;1
4624;20674.49;50;2.01;1;1
4625;20234.60;50;2.07;1;1
4626;21016.62;50;2.02;1;1
4627;20136.85;50;2.10;1;1
4628;20527.86;50;2.01;1;1
4629;20234.60;50;2.05;1;1
4630;20625.61;50;2.02;1;1
4631;20185.73;50;2.06;1;1
4632;20234.60;50;2.02;1;1
4633;19990.22;50;2.02;1;1
4634;20478.98;50;2.00;1;1
4635;20283.48;50;2.05;1;1
4636;20869.99;50;2.03;1;1
4637;20674.49;50;2.09;1;1
4638;21163.24;50;2.07;1;1
4639;20381.23;50;2.12;1;1
4640;20723.36;50;2.04;1;1
4641;20185.73;50;2.07;1;1
4642;20772.24;50;2.02;1;1
4643;20136.85;50;2.08;1;1
4644;20918.87;50;2.01;1;1
4645;20478.98;50;2.09;1;1
4646;21065.49;50;2.05;1;1
4647;20625.61;50;2.11;1;1
4648;21407.63;50;2.06;1;1
4649;20576.73;50;2.14;1;1
4650;20869.99;50;2.06;1;1
4651;20087.98;50;2.09;1;1
4652;20772.24;50;2.01;1;1
4653;20136.85;50;2.08;1;1
4654;20723.36;50;2.01;1;1
4655;19990.22;50;2.07;1;1
4656;20625.61;50;2.00;1;1
4657;20381.23;50;2.06;1;1
4658;20869.99;50;2.04;1;1
4659;20136.85;50;2.09;1;1
4660;20918.87;50;2.01;1;1
4661;20136.85;50;2.09;1;1
4662;20821.11;50;2.01;1;1
4663;19990.22;50;2.08;1;1
4664;20527.86;50;2.00;1;1
4665;20136.85;50;2.05;1;1
4666;20576.73;50;2.01;1;1
4667;20234.60;50;2.06;1;1
4668;20821.11;50;2.02;1;1
4669;20136.85;50;2.08;1;1
4670;20918.87;50;2.01;1;1
4671;20087.98;50;2.09;1;1
4672;20576.73;50;2.01;1;1
4673;20283.48;50;2.06;1;1
4674;20918.87;50;2.03;1;1
4675;20136.85;50;2.09;1;1
4676;20625.61;50;2.01;1;1
4677;20136.85;50;2.06;1;1
4678;20821.11;50;2.01;1;1
4679;20039.10;50;2.08;1;1
4680;20576.73;50;2.00;1;1
4681;20283.48;50;2.06;1;1
4682;21212.12;50;2.03;1;1
4683;20430.11;50;2.12;1;1
4684;20772.24;50;2.04;1;1
4685;20527.86;50;2.08;1;1
4686;21016.62;50;2.05;1;1
4687;20087.98;50;2.10;1;1
4688;20821.11;50;2.01;1;1
4689;20381.23;50;2.08;1;1
4690;21358.75;50;2.04;1;1
4691;20332.36;50;2.14;1;1
4692;21065.49;50;2.03;1;1
4693;20381.23;50;2.11;1;1
4694;20039.10;50;2.04;1;1
4695;19696.97;50;2.00;1;1
4696;20332.36;50;1.97;1;1
4697;19501.47;50;2.03;1;1
4698;20283.48;50;1.95;1;1
4699;20039.10;50;2.03;1;1
4700;20527.86;50;2.00;1;1
4701;18230.69;50;2.05;1;1
4702;18377.32;50;1.82;1;1
4703;18035.19;50;1.84;1;1
4704;18670.58;50;1.80;1;1
4705;17986.31;50;1.87;1;1
4706;18523.95;50;1.80;1;1
4707;17888.56;50;1.85;1;1
4708;20478.98;50;1.79;1;1
4709;20234.60;50;2.05;1;1
4710;20430.11;50;2.02;1;1
4711;19990.22;50;2.04;1;1
4712;20283.48;50;2.00;1;1
4713;19892.47;50;2.03;1;1
4714;20478.98;50;1.99;1;1
4715;19941.35;50;2.05;1;1
4716;20478.98;50;1.99;1;1
4717;19892.47;50;2.05;1;1
4718;20185.73;50;1.99;1;1
4719;17986.31;50;2.02;1;1
4720;18572.82;50;1.80;1;1
4721;17986.31;50;1.86;1;1
4722;18279.57;50;1.80;1;1
4723;17888.56;50;1.83;1;1
4724;18084.07;50;1.79;1;1
4725;18035.19;50;1.81;1;1
4726;18084.07;50;1.80;1;1
4727;17937.44;50;1.81;1;1
4728;18181.82;50;1.79;1;1
4729;17937.44;50;1.82;1;1
4730;18230.69;50;1.79;1;1
4731;18035.19;50;1.82;1;1
4732;18279.57;50;1.80;1;1
4733;17888.56;50;1.83;1;1
4734;18181.82;50;1.79;1;1
4735;17839.69;50;1.82;1;1
4736;18279.57;50;1.78;1;1
4737;17888.56;50;1.83;1;1
4738;18377.32;50;1.79;1;1
4739;17986.31;50;1.84;1;1
4740;18181.82;50;1.80;1;1
4741;17839.69;50;1.82;1;1
4742;18279.57;50;1.78;1;1
4743;17986.31;50;1.83;1;1
4744;18230.69;50;1.80;1;1
4745;18035.19;50;1.82;1;1
4746;18377.32;50;1.80;1;1
4747;18132.94;50;1.84;1;1
4748;18475.07;50;1.81;1;1
4749;18279.57;50;1.85;1;1
4750;18670.58;50;1.83;1;1
4751;18181.82;50;1.87;1;1
4752;18377.32;50;1.82;1;1
4753;18377.32;50;1.84;1;1
4754;18328.45;50;1.84;1;1
4755;18181.82;50;1.83;1;1
4756;18523.95;50;1.82;1;1
4757;18279.57;50;1.85;1;1
4758;18670.58;50;1.83;1;1
4759;18279.57;50;1.87;1;1
4760;18279.57;50;1.83;1;1
4761;18279.57;50;1.83;1;1
4762;18426.20;50;1.83;1;1
4763;18328.45;50;1.84;1;1
4764;18426.20;50;1.83;1;1
4765;18426.20;50;1.84;1;1
4766;18523.95;50;1.84;1;1
4767;18670.58;50;1.85;1;1
4768;18475.07;50;1.87;1;1
4769;18719.45;50;1.85;1;1
4770;18181.82;50;1.87;1;1
4771;18377.32;50;1.82;1;1
4772;18230.69;50;1.84;1;1
4773;18475.07;50;1.82;1;1
4774;18328.45;50;1.85;1;1
4775;18132.94;50;1.83;1;1
4776;18328.45;50;1.81;1;1
4777;18181.82;50;1.83;1;1
4778;18279.57;50;1.82;1;1
4779;18475.07;50;1.83;1;1
4780;18523.95;50;1.85;1;1
4781;18523.95;50;1.85;1;1
4782;18181.82;50;1.85;1;1
4783;18475.07;50;1.82;1;1
4784;18279.57;50;1.85;1;1
4785;18572.82;50;1.83;1;1
4786;18377.32;50;1.86;1;1
4787;18768.33;50;1.84;1;1
4788;18572.82;50;1.88;1;1
4789;18670.58;50;1.86;1;1
4790;18132.94;50;1.87;1;1
4791;18866.08;50;1.81;1;1
4792;18475.07;50;1.89;1;1
4793;18572.82;50;1.85;1;1
4794;18475.07;50;1.86;1;1
4795;18719.45;50;1.85;1;1
4796;17937.44;50;1.87;1;1
4797;18426.20;50;1.79;1;1
4798;18279.57;50;1.84;1;1
4799;18475.07;50;1.83;1;1
4800;18084.07;50;1.85;1;1
4801;18084.07;50;1.81;1;1
4802;17937.44;50;1.81;1;1
4803;18426.20;50;1.79;1;1
4804;17986.31;50;1.84;1;1
4805;18426.20;50;1.80;1;1
4806;18084.07;50;1.84;1;1
4807;18426.20;50;1.81;1;1
4808;18132.94;50;1.84;1;1
4809;18475.07;50;1.81;1;1
4810;17937.44;50;1.85;1;1
4811;18426.20;50;1.79;1;1
4812;18132.94;50;1.84;1;1
4813;18279.57;50;1.81;1;1
4814;18035.19;50;1.83;1;1
4815;18426.20;50;1.80;1;1
4816;18035.19;50;1.84;1;1
4817;18426.20;50;1.80;1;1
4818;18181.82;50;1.84;1;1
4819;18670.58;50;1.82;1;1
4820;17986.31;50;1.87;1;1
4821;18670.58;50;1.80;1;1
4822;18230.69;50;1.87;1;1
4823;18572.82;50;1.82;1;1
4824;18084.07;50;1.86;1;1
4825;18377.32;50;1.81;1;1
4826;18084.07;50;1.84;1;1
4827;19110.46;50;1.81;1;1
4828;18328.45;50;1.91;1;1
4829;19061.58;50;1.83;1;1
4830;18670.58;50;1.91;1;1
4831;19208.21;50;1.87;1;1
4832;18328.45;50;1.92;1;1
4833;18768.33;50;1.83;1;1
4834;18426.20;50;1.88;1;1
4835;19110.46;50;1.84;1;1
4836;18328.45;50;1.91;1;1
4837;19305.96;50;1.83;1;1
4838;18523.95;50;1.93;1;1
4839;19257.09;50;1.85;1;1
4840;18670.58;50;1.93;1;1
4841;19061.58;50;1.87;1;1
4842;18719.45;50;1.91;1;1
4843;18817.20;50;1.87;1;1
4844;18328.45;50;1.88;1;1
4845;18914.96;50;1.83;1;1
4846;18572.82;50;1.89;1;1
4847;18963.83;50;1.86;1;1
4848;18279.57;50;1.90;1;1
4849;18768.33;50;1.83;1;1
4850;18230.69;50;1.88;1;1
4851;18817.20;50;1.82;1;1
4852;18426.20;50;1.88;1;1
4853;18914.96;50;1.84;1;1
4854;18475.07;50;1.89;1;1
4855;18963.83;50;1.85;1;1
4856;18328.45;50;1.90;1;1
4857;19159.34;50;1.83;1;1
4858;18523.95;50;1.92;1;1
4859;18914.96;50;1.85;1;1
4860;18279.57;50;1.89;1;1
4861;19012.71;50;1.83;1;1
4862;18426.20;50;1.90;1;1
4863;19110.46;50;1.84;1;1
4864;18621.70;50;1.91;1;1
4865;18963.83;50;1.86;1;1
4866;18377.32;50;1.90;1;1
4867;19012.71;50;1.84;1;1
4868;18377.32;50;1.90;1;1
4869;19012.71;50;1.84;1;1
4870;18572.82;50;1.90;1;1
4871;19354.84;50;1.86;1;1
4872;18719.45;50;1.94;1;1
4873;18963.83;50;1.87;1;1
4874;18523.95;50;1.90;1;1
4875;19159.34;50;1.85;1;1
4876;18084.07;50;1.92;1;1
4877;19159.34;50;1.81;1;1
4878;18230.69;50;1.92;1;1
4879;18768.33;50;1.82;1;1
4880;18621.70;50;1.88;1;1
4881;18132.94;50;1.86;1;1
4882;17350.93;50;1.81;1;1
4883;18426.20;50;1.74;1;1
4884;17986.31;50;1.84;1;1
4885;18963.83;50;1.80;1;1
4886;18230.69;50;1.90;1;1
4887;18670.58;50;1.82;1;1
4888;17937.44;50;1.87;1;1
4889;18621.70;50;1.79;1;1
4890;17937.44;50;1.86;1;1
4891;18670.58;50;1.79;1;1
4892;17986.31;50;1.87;1;1
4893;18475.07;50;1.80;1;1
4894;18084.07;50;1.85;1;1
4895;18719.45;50;1.81;1;1
4896;18132.94;50;1.87;1;1
4897;18963.83;50;1.81;1;1
4898;18035.19;50;1.90;1;1
4899;18670.58;50;1.80;1;1
4900;18621.70;50;1.87;1;1
4901;19159.34;50;1.86;1;1
4902;18475.07;50;1.92;1;1
4903;19061.58;50;1.85;1;1
4904;18572.82;50;1.91;1;1
4905;19061.58;50;1.86;1;1
4906;18621.70;50;1.91;1;1
4907;19159.34;50;1.86;1;1
4908;18768.33;50;1.92;1;1
4909;19257.09;50;1.88;1;1
4910;18621.70;50;1.93;1;1
4911;19012.71;50;1.86;1;1
4912;18572.82;50;1.90;1;1
4913;18817.20;50;1.86;1;1
4914;18768.33;50;1.88;1;1
4915;19159.34;50;1.88;1;1
4916;19012.71;50;1.92;1;1
4917;19061.58;50;1.90;1;1
4918;18817.20;50;1.91;1;1
4919;19208.21;50;1.88;1;1
4920;18621.70;50;1.92;1;1
4921;19354.84;50;1.86;1;1
4922;19208.21;50;1.94;1;1
4923;19354.84;50;1.92;1;1
4924;18768.33;50;1.94;1;1
4925;18866.08;50;1.88;1;1
4926;18768.33;50;1.89;1;1
4927;18866.08;50;1.88;1;1
4928;18621.70;50;1.89;1;1
4929;18719.45;50;1.86;1;1
4930;18768.33;50;1.87;1;1
4931;19061.58;50;1.88;1;1
4932;19110.46;50;1.91;1;1
4933;18963.83;50;1.91;1;1
4934;18817.20;50;1.90;1;1
4935;18475.07;50;1.88;1;1
4936;18523.95;50;1.85;1;1
4937;18523.95;50;1.85;1;1
4938;18670.58;50;1.85;1;1
4939;18475.07;50;1.87;1;1
4940;18230.69;50;1.85;1;1
4941;18475.07;50;1.82;1;1
4942;18279.57;50;1.85;1;1
4943;18523.95;50;1.83;1;1
4944;18621.70;50;1.85;1;1
4945;18621.70;50;1.86;1;1
4946;18621.70;50;1.86;1;1
4947;18914.96;50;1.86;1;1
4948;18621.70;50;1.89;1;1
4949;18621.70;50;1.86;1;1
4950;18572.82;50;1.86;1;1
4951;18670.58;50;1.86;1;1
4952;18523.95;50;1.87;1;1
4953;18719.45;50;1.85;1;1
4954;18719.45;50;1.87;1;1
4955;18817.20;50;1.87;1;1
4956;18914.96;50;1.88;1;1
4957;19305.96;50;1.89;1;1
4958;18670.58;50;1.93;1;1
4959;19159.34;50;1.87;1;1
4960;18621.70;50;1.92;1;1
4961;19061.58;50;1.86;1;1
4962;18866.08;50;1.91;1;1
4963;19208.21;50;1.89;1;1
4964;18768.33;50;1.92;1;1
4965;19110.46;50;1.88;1;1
4966;18230.69;50;1.91;1;1
4967;19110.46;50;1.82;1;1
4968;18866.08;50;1.91;1;1
4969;19501.47;50;1.89;1;1
4970;19354.84;50;1.95;1;1
4971;19452.59;50;1.94;1;1
4972;19159.34;50;1.95;1;1
4973;18914.96;50;1.92;1;1
4974;19159.34;50;1.89;1;1
4975;19159.34;50;1.92;1;1
4976;19208.21;50;1.92;1;1
4977;19012.71;50;1.92;1;1
4978;19110.46;50;1.90;1;1
4979;19012.71;50;1.91;1;1
4980;19061.58;50;1.90;1;1
4981;18817.20;50;1.91;1;1
4982;19110.46;50;1.88;1;1
4983;19061.58;50;1.91;1;1
4984;19208.21;50;1.91;1;1
4985;18963.83;50;1.92;1;1
4986;19159.34;50;1.90;1;1
4987;18914.96;50;1.92;1;1
4988;19257.09;50;1.89;1;1
4989;18768.33;50;1.93;1;1
4990;19061.58;50;1.88;1;1
4991;19257.09;50;1.91;1;1
4992;19257.09;50;1.93;1;1
4993;18914.96;50;1.93;1;1
4994;19403.71;50;1.89;1;1
4995;18719.45;50;1.94;1;1
4996;19257.09;50;1.87;1;1
4997;19110.46;50;1.93;1;1
4998;19354.84;50;1.91;1;1
4999;18914.96;50;1.94;1;1
5000;19501.47;50;1.89;1;1
5001;18963.83;50;1.95;1;1
5002;19403.71;50;1.90;1;1
5003;18963.83;50;1.94;1;1
5004;19648.09;50;1.90;1;1
5005;19159.34;50;1.96;1;1
5006;19550.34;50;1.92;1;1
5007;18768.33;50;1.96;1;1
5008;19208.21;50;1.88;1;1
5009;19159.34;50;1.92;1;1
5010;19208.21;50;1.92;1;1
5011;19110.46;50;1.92;1;1
5012;19208.21;50;1.91;1;1
5013;18817.20;50;1.92;1;1
5014;19403.71;50;1.88;1;1
5015;18768.33;50;1.94;1;1
5016;19208.21;50;1.88;1;1
5017;18670.58;50;1.92;1;1
5018;19452.59;50;1.87;1;1
5019;19012.71;50;1.95;1;1
5020;19599.22;50;1.90;1;1
5021;18768.33;50;1.96;1;1
5022;19501.47;50;1.88;1;1
5023;18719.45;50;1.95;1;1
5024;19208.21;50;1.87;1;1
5025;18572.82;50;1.92;1;1
5026;19061.58;50;1.86;1;1
5027;18621.70;50;1.91;1;1
5028;19159.34;50;1.86;1;1
5029;18670.58;50;1.92;1;1
5030;19305.96;50;1.87;1;1
5031;18328.45;50;1.93;1;1
5032;18914.96;50;1.83;1;1
5033;18475.07;50;1.89;1;1
5034;18866.08;50;1.85;1;1
5035;18670.58;50;1.89;1;1
5036;19110.46;50;1.87;1;1
5037;18621.70;50;1.91;1;1
5038;19550.34;50;1.86;1;1
5039;18768.33;50;1.96;1;1
5040;19452.59;50;1.88;1;1
5041;18621.70;50;1.95;1;1
5042;19403.71;50;1.86;1;1
5043;18719.45;50;1.94;1;1
5044;19599.22;50;1.87;1;1
5045;18670.58;50;1.96;1;1
5046;19452.59;50;1.87;1;1
5047;18719.45;50;1.95;1;1
5048;19696.97;50;1.87;1;1
5049;18866.08;50;1.97;1;1
5050;19794.72;50;1.89;1;1
5051;18914.96;50;1.98;1;1
5052;19208.21;50;1.89;1;1
5053;18572.82;50;1.92;1;1
5054;19501.47;50;1.86;1;1
5055;18817.20;50;1.95;1;1
5056;19354.84;50;1.88;1;1
5057;19061.58;50;1.94;1;1
5058;19501.47;50;1.91;1;1
5059;18963.83;50;1.95;1;1
5060;19403.71;50;1.90;1;1
5061;18670.58;50;1.94;1;1
5062;19599.22;50;1.87;1;1
5063;19061.58;50;1.96;1;1
5064;19257.09;50;1.91;1;1
5065;18963.83;50;1.93;1;1
5066;19305.96;50;1.90;1;1
5067;19061.58;50;1.93;1;1
5068;19159.34;50;1.91;1;1
5069;19354.84;50;1.92;1;1
5070;19452.59;50;1.94;1;1
5071;19012.71;50;1.95;1;1
5072;19354.84;50;1.90;1;1
5073;19061.58;50;1.94;1;1
5074;19501.47;50;1.91;1;1
5075;19012.71;50;1.95;1;1
5076;19452.59;50;1.90;1;1
5077;19159.34;50;1.95;1;1
5078;19403.71;50;1.92;1;1
5079;19208.21;50;1.94;1;1
5080;19354.84;50;1.92;1;1
5081;19305.96;50;1.94;1;1
5082;19648.09;50;1.93;1;1
5083;19110.46;50;1.96;1;1
5084;19305.96;50;1.91;1;1
5085;19012.71;50;1.93;1;1
5086;19550.34;50;1.90;1;1
5087;19305.96;50;1.96;1;1
5088;19354.84;50;1.93;1;1
5089;19403.71;50;1.94;1;1
5090;19599.22;50;1.94;1;1
5091;19452.59;50;1.96;1;1
5092;19403.71;50;1.95;1;1
5093;19305.96;50;1.94;1;1
5094;19452.59;50;1.93;1;1
5095;19501.47;50;1.95;1;1
5096;19550.34;50;1.95;1;1
5097;19599.22;50;1.96;1;1
5098;19745.85;50;1.96;1;1
5099;19305.96;50;1.97;1;1
5100;19452.59;50;1.93;1;1
5101;19403.71;50;1.95;1;1
5102;19354.84;50;1.94;1;1
5103;20039.10;50;1.94;1;1
5104;19159.34;50;2.00;1;1
5105;19403.71;50;1.92;1;1
5106;19452.59;50;1.94;1;1
5107;19941.35;50;1.95;1;1
5108;19305.96;50;1.99;1;1
5109;19745.85;50;1.93;1;1
5110;19501.47;50;1.97;1;1
5111;19501.47;50;1.95;1;1
5112;19452.59;50;1.95;1;1
5113;19696.97;50;1.95;1;1
5114;19257.09;50;1.97;1;1
5115;19599.22;50;1.93;1;1
5116;19305.96;50;1.96;1;1
5117;19696.97;50;1.93;1;1
5118;19012.71;50;1.97;1;1
5119;19208.21;50;1.90;1;1
5120;19061.58;50;1.92;1;1
5121;19305.96;50;1.91;1;1
5122;18914.96;50;1.93;1;1
5123;19257.09;50;1.89;1;1
5124;19257.09;50;1.93;1;1
5125;19452.59;50;1.93;1;1
5126;18817.20;50;1.95;1;1
5127;19159.34;50;1.88;1;1
5128;18866.08;50;1.92;1;1
5129;19257.09;50;1.89;1;1
5130;19110.46;50;1.93;1;1
5131;19452.59;50;1.91;1;1
5132;19257.09;50;1.95;1;1
5133;19501.47;50;1.93;1;1
5134;19354.84;50;1.95;1;1
5135;19257.09;50;1.94;1;1
5136;18963.83;50;1.93;1;1
5137;19305.96;50;1.90;1;1
5138;18866.08;50;1.93;1;1
5139;19403.71;50;1.89;1;1
5140;19061.58;50;1.94;1;1
5141;19257.09;50;1.91;1;1
5142;18817.20;50;1.93;1;1
5143;19208.21;50;1.88;1;1
5144;18866.08;50;1.92;1;1
5145;19159.34;50;1.89;1;1
5146;18768.33;50;1.92;1;1
5147;19305.96;50;1.88;1;1
5148;18523.95;50;1.93;1;1
5149;19354.84;50;1.85;1;1
5150;18963.83;50;1.94;1;1
5151;19452.59;50;1.90;1;1
5152;19061.58;50;1.95;1;1
5153;19305.96;50;1.91;1;1
5154;19012.71;50;1.93;1;1
5155;19403.71;50;1.90;1;1
5156;18866.08;50;1.94;1;1
5157;19696.97;50;1.89;1;1
5158;18963.83;50;1.97;1;1
5159;19501.47;50;1.90;1;1
5160;19110.46;50;1.95;1;1
5161;19696.97;50;1.91;1;1
5162;18963.83;50;1.97;1;1
5163;19305.96;50;1.90;1;1
5164;19061.58;50;1.93;1;1
5165;19599.22;50;1.91;1;1
5166;18719.45;50;1.96;1;1
5167;19794.72;50;1.87;1;1
5168;18914.96;50;1.98;1;1
5169;19648.09;50;1.89;1;1
5170;18914.96;50;1.96;1;1
5171;19452.59;50;1.89;1;1
5172;18963.83;50;1.95;1;1
5173;19452.59;50;1.90;1;1
5174;18817.20;50;1.95;1;1
5175;19794.72;50;1.88;1;1
5176;18914.96;50;1.98;1;1
5177;19501.47;50;1.89;1;1
5178;18914.96;50;1.95;1;1
5179;19452.59;50;1.89;1;1
5180;19012.71;50;1.95;1;1
5181;19599.22;50;1.90;1;1
5182;19257.09;50;1.96;1;1
5183;19794.72;50;1.93;1;1
5184;19012.71;50;1.98;1;1
5185;19648.09;50;1.90;1;1
5186;19061.58;50;1.96;1;1
5187;19599.22;50;1.91;1;1
5188;18768.33;50;1.96;1;1
5189;19550.34;50;1.88;1;1
5190;18768.33;50;1.96;1;1
5191;20283.48;50;1.88;1;1
5192;18817.20;50;2.03;1;1
5193;19452.59;50;1.88;1;1
5194;18866.08;50;1.95;1;1
5195;19550.34;50;1.89;1;1
5196;18670.58;50;1.96;1;1
5197;19403.71;50;1.87;1;1
5198;18817.20;50;1.94;1;1
5199;19599.22;50;1.88;1;1
5200;18670.58;50;1.96;1;1
5201;19452.59;50;1.87;1;1
5202;18768.33;50;1.95;1;1
5203;19305.96;50;1.88;1;1
5204;18572.82;50;1.93;1;1
5205;19403.71;50;1.86;1;1
5206;18621.70;50;1.94;1;1
5207;19208.21;50;1.86;1;1
5208;18621.70;50;1.92;1;1
5209;19452.59;50;1.86;1;1
5210;18768.33;50;1.95;1;1
5211;19550.34;50;1.88;1;1
5212;18621.70;50;1.96;1;1
5213;19452.59;50;1.86;1;1
5214;18914.96;50;1.95;1;1
5215;19305.96;50;1.89;1;1
5216;18866.08;50;1.93;1;1
5217;19403.71;50;1.89;1;1
5218;19110.46;50;1.94;1;1
5219;19501.47;50;1.91;1;1
5220;18621.70;50;1.95;1;1
5221;19550.34;50;1.86;1;1
5222;19012.71;50;1.96;1;1
5223;19745.85;50;1.90;1;1
5224;18963.83;50;1.97;1;1
5225;19648.09;50;1.90;1;1
5226;19208.21;50;1.96;1;1
5227;19550.34;50;1.92;1;1
5228;18963.83;50;1.96;1;1
5229;19452.59;50;1.90;1;1
5230;18963.83;50;1.95;1;1
5231;19648.09;50;1.90;1;1
5232;19061.58;50;1.96;1;1
5233;19550.34;50;1.91;1;1
5234;19110.46;50;1.96;1;1
5235;19452.59;50;1.91;1;1
5236;19257.09;50;1.95;1;1
5237;19892.47;50;1.93;1;1
5238;19061.58;50;1.99;1;1
5239;19599.22;50;1.91;1;1
5240;18817.20;50;1.96;1;1
5241;19550.34;50;1.88;1;1
5242;18963.83;50;1.96;1;1
5243;19599.22;50;1.90;1;1
5244;19208.21;50;1.96;1;1
5245;19843.60;50;1.92;1;1
5246;18963.83;50;1.98;1;1
5247;19648.09;50;1.90;1;1
5248;19012.71;50;1.96;1;1
5249;19648.09;50;1.90;1;1
5250;19012.71;50;1.96;1;1
5251;19599.22;50;1.90;1;1
5252;18963.83;50;1.96;1;1
5253;19159.34;50;1.90;1;1
5254;18914.96;50;1.92;1;1
5255;19501.47;50;1.89;1;1
5256;19208.21;50;1.95;1;1
5257;19403.71;50;1.92;1;1
5258;18963.83;50;1.94;1;1
5259;19501.47;50;1.90;1;1
5260;19159.34;50;1.95;1;1
5261;19599.22;50;1.92;1;1
5262;18963.83;50;1.96;1;1
5263;19452.59;50;1.90;1;1
5264;18963.83;50;1.95;1;1
5265;19257.09;50;1.90;1;1
5266;19012.71;50;1.93;1;1
5267;19501.47;50;1.90;1;1
5268;19159.34;50;1.95;1;1
5269;19403.71;50;1.92;1;1
5270;18866.08;50;1.94;1;1
5271;19305.96;50;1.89;1;1
5272;19012.71;50;1.93;1;1
5273;19012.71;50;1.90;1;1
5274;18914.96;50;1.90;1;1
5275;19501.47;50;1.89;1;1
5276;18817.20;50;1.95;1;1
5277;19257.09;50;1.88;1;1
5278;19110.46;50;1.93;1;1
5279;19501.47;50;1.91;1;1
5280;18914.96;50;1.95;1;1
5281;19648.09;50;1.89;1;1
5282;19159.34;50;1.96;1;1
5283;19794.72;50;1.92;1;1
5284;19257.09;50;1.98;1;1
5285;19696.97;50;1.93;1;1
5286;19208.21;50;1.97;1;1
5287;19550.34;50;1.92;1;1
5288;19110.46;50;1.96;1;1
5289;19501.47;50;1.91;1;1
5290;19061.58;50;1.95;1;1
5291;19648.09;50;1.91;1;1
5292;19159.34;50;1.96;1;1
5293;19843.60;50;1.92;1;1
5294;18914.96;50;1.98;1;1
5295;19501.47;50;1.89;1;1
5296;19110.46;50;1.95;1;1
5297;19696.97;50;1.91;1;1
5298;19159.34;50;1.97;1;1
5299;19941.35;50;1.92;1;1
5300;19159.34;50;1.99;1;1
5301;19696.97;50;1.92;1;1
5302;19012.71;50;1.97;1;1
5303;19794.72;50;1.90;1;1
5304;19208.21;50;1.98;1;1
5305;19843.60;50;1.92;1;1
5306;19354.84;50;1.98;1;1
5307;19745.85;50;1.94;1;1
5308;19257.09;50;1.97;1;1
5309;19892.47;50;1.93;1;1
5310;19305.96;50;1.99;1;1
5311;19794.72;50;1.93;1;1
5312;19159.34;50;1.98;1;1
5313;19892.47;50;1.92;1;1
5314;18914.96;50;1.99;1;1
5315;19745.85;50;1.89;1;1
5316;19012.71;50;1.97;1;1
5317;19745.85;50;1.90;1;1
5318;19110.46;50;1.97;1;1
5319;19696.97;50;1.91;1;1
5320;19305.96;50;1.97;1;1
5321;19990.22;50;1.93;1;1
5322;19208.21;50;2.00;1;1
5323;19843.60;50;1.92;1;1
5324;19208.21;50;1.98;1;1
5325;19794.72;50;1.92;1;1
5326;19648.09;50;1.98;1;1
5327;19843.60;50;1.96;1;1
5328;19550.34;50;1.98;1;1
5329;20136.85;50;1.96;1;1
5330;19305.96;50;2.01;1;1
5331;19794.72;50;1.93;1;1
5332;19110.46;50;1.98;1;1
5333;19843.60;50;1.91;1;1
5334;19208.21;50;1.98;1;1
5335;19794.72;50;1.92;1;1
5336;19501.47;50;1.98;1;1
5337;19745.85;50;1.95;1;1
5338;19257.09;50;1.97;1;1
5339;20087.98;50;1.93;1;1
5340;19208.21;50;2.01;1;1
5341;19794.72;50;1.92;1;1
5342;19110.46;50;1.98;1;1
5343;19941.35;50;1.91;1;1
5344;19159.34;50;1.99;1;1
5345;19941.35;50;1.92;1;1
5346;19501.47;50;1.99;1;1
5347;20039.10;50;1.95;1;1
5348;19110.46;50;2.00;1;1
5349;19794.72;50;1.91;1;1
5350;19208.21;50;1.98;1;1
5351;20136.85;50;1.92;1;1
5352;19354.84;50;2.01;1;1
5353;19990.22;50;1.94;1;1
5354;19403.71;50;2.00;1;1
5355;19941.35;50;1.94;1;1
5356;19550.34;50;1.99;1;1
5357;19941.35;50;1.96;1;1
5358;19257.09;50;1.99;1;1
5359;19941.35;50;1.93;1;1
5360;19696.97;50;1.99;1;1
5361;20136.85;50;1.97;1;1
5362;19745.85;50;2.01;1;1
5363;20087.98;50;1.97;1;1
5364;19648.09;50;2.01;1;1
5365;19990.22;50;1.96;1;1
5366;19550.34;50;2.00;1;1
5367;19696.97;50;1.96;1;1
5368;19208.21;50;1.97;1;1
5369;19794.72;50;1.92;1;1
5370;19403.71;50;1.98;1;1
5371;19403.71;50;1.94;1;1
5372;19110.46;50;1.94;1;1
5373;19892.47;50;1.91;1;1
5374;19501.47;50;1.99;1;1
5375;19648.09;50;1.95;1;1
5376;19550.34;50;1.96;1;1
5377;19843.60;50;1.96;1;1
5378;19599.22;50;1.98;1;1
5379;19648.09;50;1.96;1;1
5380;19501.47;50;1.96;1;1
5381;19745.85;50;1.95;1;1
5382;19403.71;50;1.97;1;1
5383;19501.47;50;1.94;1;1
5384;19599.22;50;1.95;1;1
5385;19599.22;50;1.96;1;1
5386;19599.22;50;1.96;1;1
5387;19648.09;50;1.96;1;1
5388;19745.85;50;1.96;1;1
5389;19305.96;50;1.97;1;1
5390;19501.47;50;1.93;1;1
5391;19501.47;50;1.95;1;1
5392;19305.96;50;1.95;1;1
5393;19452.59;50;1.93;1;1
5394;19550.34;50;1.95;1;1
5395;19550.34;50;1.96;1;1
5396;19599.22;50;1.96;1;1
5397;19501.47;50;1.96;1;1
5398;19501.47;50;1.95;1;1
5399;19061.58;50;1.95;1;1
5400;19452.59;50;1.91;1;1
5401;19354.84;50;1.95;1;1
5402;19501.47;50;1.94;1;1
5403;19354.84;50;1.95;1;1
5404;19550.34;50;1.94;1;1
5405;19403.71;50;1.96;1;1
5406;19501.47;50;1.94;1;1
5407;19257.09;50;1.95;1;1
5408;19696.97;50;1.93;1;1
5409;19452.59;50;1.97;1;1
5410;19599.22;50;1.95;1;1
5411;19501.47;50;1.96;1;1
5412;19550.34;50;1.95;1;1
5413;19354.84;50;1.96;1;1
5414;19354.84;50;1.94;1;1
5415;19208.21;50;1.94;1;1
5416;19403.71;50;1.92;1;1
5417;19257.09;50;1.94;1;1
5418;19501.47;50;1.93;1;1
5419;19110.46;50;1.95;1;1
5420;19599.22;50;1.91;1;1
5421;19257.09;50;1.96;1;1
5422;19501.47;50;1.93;1;1
5423;19305.96;50;1.95;1;1
5424;19305.96;50;1.93;1;1
5425;19159.34;50;1.93;1;1
5426;19599.22;50;1.92;1;1
5427;19159.34;50;1.96;1;1
5428;19403.71;50;1.92;1;1
5429;19159.34;50;1.94;1;1
5430;19599.22;50;1.92;1;1
5431;19208.21;50;1.96;1;1
5432;19501.47;50;1.92;1;1
5433;19208.21;50;1.95;1;1
5434;19599.22;50;1.92;1;1
5435;19696.97;50;1.96;1;1
5436;19305.96;50;1.97;1;1
5437;19403.71;50;1.93;1;1
5438;19550.34;50;1.94;1;1
5439;19354.84;50;1.96;1;1
5440;19550.34;50;1.94;1;1
5441;19990.22;50;1.96;1;1
5442;19990.22;50;2.00;1;1
5443;19745.85;50;2.00;1;1
5444;19941.35;50;1.97;1;1
5445;19354.84;50;1.99;1;1
5446;19745.85;50;1.94;1;1
5447;19452.59;50;1.97;1;1
5448;19745.85;50;1.95;1;1
5449;19550.34;50;1.97;1;1
5450;19696.97;50;1.96;1;1
5451;19452.59;50;1.97;1;1
5452;19794.72;50;1.95;1;1
5453;19501.47;50;1.98;1;1
5454;19843.60;50;1.95;1;1
5455;19648.09;50;1.98;1;1
5456;20039.10;50;1.96;1;1
5457;19892.47;50;2.00;1;1
5458;19990.22;50;1.99;1;1
5459;19501.47;50;2.00;1;1
5460;19990.22;50;1.95;1;1
5461;19745.85;50;2.00;1;1
5462;20087.98;50;1.97;1;1
5463;19843.60;50;2.01;1;1
5464;20332.36;50;1.98;1;1
5465;19941.35;50;2.03;1;1
5466;20283.48;50;1.99;1;1
5467;21798.63;50;2.03;1;1
5468;22580.64;50;2.18;1;1
5469;22580.64;50;2.26;1;1
5470;22580.64;50;2.26;1;1
5471;21652.00;50;2.26;1;1
5472;22922.78;50;2.17;1;1
5473;22140.76;50;2.29;1;1
5474;22482.89;50;2.21;1;1
5475;21847.51;50;2.25;1;1
5476;23118.28;50;2.18;1;1
5477;22385.14;50;2.31;1;1
5478;22580.64;50;2.24;1;1
5479;21896.38;50;2.26;1;1
5480;22873.90;50;2.19;1;1
5481;22238.51;50;2.29;1;1
5482;22580.64;50;2.22;1;1
5483;22043.01;50;2.26;1;1
5484;22971.65;50;2.20;1;1
5485;22385.14;50;2.30;1;1
5486;22873.90;50;2.24;1;1
5487;21798.63;50;2.29;1;1
5488;22922.78;50;2.18;1;1
5489;22482.89;50;2.29;1;1
5490;22873.90;50;2.25;1;1
5491;21896.38;50;2.29;1;1
5492;22385.14;50;2.19;1;1
5493;21847.51;50;2.24;1;1
5494;22629.52;50;2.18;1;1
5495;22385.14;50;2.26;1;1
5496;22825.02;50;2.24;1;1
5497;22043.01;50;2.28;1;1
5498;22043.01;50;2.20;1;1
5499;22140.76;50;2.20;1;1
5500;23118.28;50;2.21;1;1
5501;22434.02;50;2.31;1;1
5502;22629.52;50;2.24;1;1
5503;22580.64;50;2.26;1;1
5504;23167.15;50;2.26;1;1
5505;22385.14;50;2.32;1;1
5506;22873.90;50;2.24;1;1
5507;22434.02;50;2.29;1;1
5508;22678.40;50;2.24;1;1
5509;22629.52;50;2.27;1;1
5510;22922.78;50;2.26;1;1
5511;22531.77;50;2.29;1;1
5512;23118.28;50;2.25;1;1
5513;22482.89;50;2.31;1;1
5514;22825.02;50;2.25;1;1
5515;22287.39;50;2.28;1;1
5516;22727.27;50;2.23;1;1
5517;22189.64;50;2.27;1;1
5518;22629.52;50;2.22;1;1
5519;22043.01;50;2.26;1;1
5520;22971.65;50;2.20;1;1
5521;22238.51;50;2.30;1;1
5522;22776.15;50;2.22;1;1
5523;22385.14;50;2.28;1;1
5524;22531.77;50;2.24;1;1
5525;22531.77;50;2.25;1;1
5526;22825.02;50;2.25;1;1
5527;22189.64;50;2.28;1;1
5528;22434.02;50;2.22;1;1
5529;22336.27;50;2.24;1;1
5530;22678.40;50;2.23;1;1
5531;22189.64;50;2.27;1;1
5532;22580.64;50;2.22;1;1
5533;22629.52;50;2.26;1;1
5534;22287.39;50;2.26;1;1
5535;22922.78;50;2.23;1;1
5536;22776.15;50;2.29;1;1
5537;22531.77;50;2.28;1;1
5538;22385.14;50;2.25;1;1
5539;22336.27;50;2.24;1;1
5540;22385.14;50;2.23;1;1
5541;22434.02;50;2.24;1;1
5542;22238.51;50;2.24;1;1
5543;22043.01;50;2.22;1;1
5544;22385.14;50;2.20;1;1
5545;22336.27;50;2.24;1;1
5546;22434.02;50;2.23;1;1
5547;22287.39;50;2.24;1;1
5548;22336.27;50;2.23;1;1
5549;22434.02;50;2.23;1;1
5550;22336.27;50;2.24;1;1
5551;22629.52;50;2.23;1;1
5552;22189.64;50;2.26;1;1
5553;22629.52;50;2.22;1;1
5554;22140.76;50;2.26;1;1
5555;22922.78;50;2.21;1;1
5556;22629.52;50;2.29;1;1
5557;22580.64;50;2.26;1;1
5558;22287.39;50;2.26;1;1
5559;22678.40;50;2.23;1;1
5560;23167.15;50;2.27;1;1
5561;21505.38;50;2.32;1;1
5562;21456.50;50;2.15;1;1
5563;21847.51;50;2.15;1;1
5564;21456.50;50;2.18;1;1
5565;21407.63;50;2.15;1;1
5566;21456.50;50;2.14;1;1
5567;21603.13;50;2.15;1;1
5568;21358.75;50;2.16;1;1
5569;21700.88;50;2.14;1;1
5570;21798.63;50;2.17;1;1
5571;21603.13;50;2.18;1;1
5572;20967.74;50;2.16;1;1
5573;21065.49;50;2.10;1;1
5574;22189.64;50;2.11;1;1
5575;21896.38;50;2.22;1;1
5576;21212.12;50;2.19;1;1
5577;21749.76;50;2.12;1;1
5578;21212.12;50;2.17;1;1
5579;21798.63;50;2.12;1;1
5580;20723.36;50;2.18;1;1
5581;21358.75;50;2.07;1;1
5582;21407.63;50;2.14;1;1
5583;21358.75;50;2.14;1;1
5584;21212.12;50;2.14;1;1
5585;21456.50;50;2.12;1;1
5586;21065.49;50;2.15;1;1
5587;21309.87;50;2.11;1;1
5588;20821.11;50;2.13;1;1
5589;21309.87;50;2.08;1;1
5590;21212.12;50;2.13;1;1
5591;21212.12;50;2.12;1;1
5592;21065.49;50;2.12;1;1
5593;21700.88;50;2.11;1;1
5594;21016.62;50;2.17;1;1
5595;21505.38;50;2.10;1;1
5596;21065.49;50;2.15;1;1
5597;21407.63;50;2.11;1;1
5598;21016.62;50;2.14;1;1
5599;21358.75;50;2.10;1;1
5600;21016.62;50;2.14;1;1
5601;21554.25;50;2.10;1;1
5602;21163.24;50;2.16;1;1
5603;21505.38;50;2.12;1;1
5604;20723.36;50;2.15;1;1
5605;21603.13;50;2.07;1;1
5606;21065.49;50;2.16;1;1
5607;21896.38;50;2.11;1;1
5608;20772.24;50;2.19;1;1
5609;21603.13;50;2.08;1;1
5610;20869.99;50;2.16;1;1
5611;21358.75;50;2.09;1;1
5612;20674.49;50;2.14;1;1
5613;21603.13;50;2.07;1;1
5614;20821.11;50;2.16;1;1
5615;21700.88;50;2.08;1;1
5616;21016.62;50;2.17;1;1
5617;21652.00;50;2.10;1;1
5618;20918.87;50;2.17;1;1
5619;21554.25;50;2.09;1;1
5620;20967.74;50;2.16;1;1
5621;21700.88;50;2.10;1;1
5622;20918.87;50;2.17;1;1
5623;21505.38;50;2.09;1;1
5624;21016.62;50;2.15;1;1
5625;21358.75;50;2.10;1;1
5626;20869.99;50;2.14;1;1
5627;21603.13;50;2.09;1;1
5628;21212.12;50;2.16;1;1
5629;21798.63;50;2.12;1;1
5630;21407.63;50;2.18;1;1
5631;21749.76;50;2.14;1;1
5632;20918.87;50;2.17;1;1
5633;21798.63;50;2.09;1;1
5634;21212.12;50;2.18;1;1
5635;21554.25;50;2.12;1;1
5636;21261.00;50;2.16;1;1
5637;21554.25;50;2.13;1;1
5638;21065.49;50;2.16;1;1
5639;21896.38;50;2.11;1;1
5640;21309.87;50;2.19;1;1
5641;21603.13;50;2.13;1;1
5642;21016.62;50;2.16;1;1
5643;21456.50;50;2.10;1;1
5644;21163.24;50;2.15;1;1
5645;21652.00;50;2.12;1;1
5646;21603.13;50;2.17;1;1
5647;21798.63;50;2.16;1;1
5648;21749.76;50;2.18;1;1
5649;21994.13;50;2.17;1;1
5650;21700.88;50;2.20;1;1
5651;21896.38;50;2.17;1;1
5652;21603.13;50;2.19;1;1
5653;22091.89;50;2.16;1;1
5654;21163.24;50;2.21;1;1
5655;21994.13;50;2.12;1;1
5656;21456.50;50;2.20;1;1
5657;21945.26;50;2.15;1;1
5658;21652.00;50;2.19;1;1
5659;22238.51;50;2.17;1;1
5660;21994.13;50;2.22;1;1
5661;22531.77;50;2.20;1;1
5662;21407.63;50;2.25;1;1
5663;22043.01;50;2.14;1;1
5664;21505.38;50;2.20;1;1
5665;22091.89;50;2.15;1;1
5666;22825.02;50;2.21;1;1
5667;21847.51;50;2.28;1;1
5668;21700.88;50;2.18;1;1
5669;21700.88;50;2.17;1;1
5670;21212.12;50;2.17;1;1
5671;21749.76;50;2.12;1;1
5672;21407.63;50;2.17;1;1
5673;22189.64;50;2.14;1;1
5674;21456.50;50;2.22;1;1
5675;22385.14;50;2.15;1;1
5676;21700.88;50;2.24;1;1
5677;21994.13;50;2.17;1;1
5678;21798.63;50;2.20;1;1
5679;22043.01;50;2.18;1;1
5680;21554.25;50;2.20;1;1
5681;22091.89;50;2.16;1;1
5682;21603.13;50;2.21;1;1
5683;22189.64;50;2.16;1;1
5684;21603.13;50;2.22;1;1
5685;21700.88;50;2.16;1;1
5686;21554.25;50;2.17;1;1
5687;21994.13;50;2.16;1;1
5688;21945.26;50;2.20;1;1
5689;22287.39;50;2.19;1;1
5690;21407.63;50;2.23;1;1
5691;21847.51;50;2.14;1;1
5692;21505.38;50;2.18;1;1
5693;22091.89;50;2.15;1;1
5694;21847.51;50;2.21;1;1
5695;22189.64;50;2.18;1;1
5696;21700.88;50;2.22;1;1
5697;21652.00;50;2.17;1;1
5698;21309.87;50;2.17;1;1
5699;21798.63;50;2.13;1;1
5700;21749.76;50;2.18;1;1
5701;22043.01;50;2.17;1;1
5702;21652.00;50;2.20;1;1
5703;21700.88;50;2.17;1;1
5704;21603.13;50;2.17;1;1
5705;22140.76;50;2.16;1;1
5706;22091.89;50;2.21;1;1
5707;22043.01;50;2.21;1;1
5708;21749.76;50;2.20;1;1
5709;21994.13;50;2.17;1;1
5710;21994.13;50;2.20;1;1
5711;21896.38;50;2.20;1;1
5712;21652.00;50;2.19;1;1
5713;21896.38;50;2.17;1;1
5714;21994.13;50;2.19;1;1
5715;21945.26;50;2.20;1;1
5716;22043.01;50;2.19;1;1
5717;21896.38;50;2.20;1;1
5718;22091.89;50;2.19;1;1
5719;21896.38;50;2.21;1;1
5720;22043.01;50;2.19;1;1
5721;21700.88;50;2.20;1;1
5722;22140.76;50;2.17;1;1
5723;21896.38;50;2.21;1;1
5724;21945.26;50;2.19;1;1
5725;22531.77;50;2.19;1;1
5726;22287.39;50;2.25;1;1
5727;22140.76;50;2.23;1;1
5728;23362.66;50;2.21;1;1
5729;22140.76;50;2.34;1;1
5730;22580.64;50;2.21;1;1
5731;22336.27;50;2.26;1;1
5732;22336.27;50;2.23;1;1
5733;22189.64;50;2.23;1;1
5734;22385.14;50;2.22;1;1
5735;21994.13;50;2.24;1;1
5736;22091.89;50;2.20;1;1
5737;22531.77;50;2.21;1;1
5738;22091.89;50;2.25;1;1
5739;21749.76;50;2.21;1;1
5740;22189.64;50;2.17;1;1
5741;21798.63;50;2.22;1;1
5742;22336.27;50;2.18;1;1
5743;21994.13;50;2.23;1;1
5744;22043.01;50;2.20;1;1
5745;21554.25;50;2.20;1;1
5746;22238.51;50;2.16;1;1
5747;22140.76;50;2.22;1;1
5748;22971.65;50;2.21;1;1
5749;22336.27;50;2.30;1;1
5750;22629.52;50;2.23;1;1
5751;22238.51;50;2.26;1;1
5752;22922.78;50;2.22;1;1
5753;21994.13;50;2.29;1;1
5754;22385.14;50;2.20;1;1
5755;21505.38;50;2.24;1;1
5756;23753.67;50;2.15;1;1
5757;22091.89;50;2.38;1;1
5758;22776.15;50;2.21;1;1
5759;21994.13;50;2.28;1;1
5760;22727.27;50;2.20;1;1
5761;22091.89;50;2.27;1;1
5762;22580.64;50;2.21;1;1
5763;21749.76;50;2.26;1;1
5764;22873.90;50;2.17;1;1
5765;22140.76;50;2.29;1;1
5766;22873.90;50;2.21;1;1
5767;22238.51;50;2.29;1;1
5768;24144.67;50;2.22;1;1
5769;22922.78;50;2.41;1;1
5770;23900.29;50;2.29;1;1
5771;22922.78;50;2.39;1;1
5772;23655.91;50;2.29;1;1
5773;23411.54;50;2.37;1;1
5774;23802.54;50;2.34;1;1
5775;23167.15;50;2.38;1;1
5776;22873.90;50;2.32;1;1
5777;22482.89;50;2.29;1;1
5778;23069.40;50;2.25;1;1
5779;22482.89;50;2.31;1;1
5780;22482.89;50;2.25;1;1
5781;22091.89;50;2.25;1;1
5782;23118.28;50;2.21;1;1
5783;22482.89;50;2.31;1;1
5784;22873.90;50;2.25;1;1
5785;22238.51;50;2.29;1;1
5786;22776.15;50;2.22;1;1
5787;22336.27;50;2.28;1;1
5788;23313.78;50;2.23;1;1
5789;22336.27;50;2.33;1;1
5790;22434.02;50;2.23;1;1
5791;22727.27;50;2.24;1;1
5792;23069.40;50;2.27;1;1
5793;22385.14;50;2.31;1;1
5794;23118.28;50;2.24;1;1
5795;22531.77;50;2.31;1;1
5796;23216.03;50;2.25;1;1
5797;22678.40;50;2.32;1;1
5798;22873.90;50;2.27;1;1
5799;23118.28;50;2.29;1;1
5800;23069.40;50;2.31;1;1
5801;22873.90;50;2.31;1;1
5802;22922.78;50;2.29;1;1
5803;22629.52;50;2.29;1;1
5804;22873.90;50;2.26;1;1
5805;22727.27;50;2.29;1;1
5806;22971.65;50;2.27;1;1
5807;22776.15;50;2.30;1;1
5808;22922.78;50;2.28;1;1
5809;22873.90;50;2.29;1;1
5810;22727.27;50;2.29;1;1
5811;22482.89;50;2.27;1;1
5812;22531.77;50;2.25;1;1
5813;22482.89;50;2.25;1;1
5814;22629.52;50;2.25;1;1
5815;22580.64;50;2.26;1;1
5816;22531.77;50;2.26;1;1
5817;22531.77;50;2.25;1;1
5818;22531.77;50;2.25;1;1
5819;22580.64;50;2.25;1;1
5820;22727.27;50;2.26;1;1
5821;23069.40;50;2.27;1;1
5822;22873.90;50;2.31;1;1
5823;23020.53;50;2.29;1;1
5824;22971.65;50;2.30;1;1
5825;22873.90;50;2.30;1;1
5826;22434.02;50;2.29;1;1
5827;22825.02;50;2.24;1;1
5828;22385.14;50;2.28;1;1
5829;22531.77;50;2.24;1;1
5830;22287.39;50;2.25;1;1
5831;23216.03;50;2.23;1;1
5832;22971.65;50;2.32;1;1
5833;23264.91;50;2.30;1;1
5834;22727.27;50;2.33;1;1
5835;23313.78;50;2.27;1;1
5836;22727.27;50;2.33;1;1
5837;23118.28;50;2.27;1;1
5838;22776.15;50;2.31;1;1
5839;23216.03;50;2.28;1;1
5840;22678.40;50;2.32;1;1
5841;23118.28;50;2.27;1;1
5842;22873.90;50;2.31;1;1
5843;23118.28;50;2.29;1;1
5844;22727.27;50;2.31;1;1
5845;23216.03;50;2.27;1;1
5846;22531.77;50;2.32;1;1
5847;23069.40;50;2.25;1;1
5848;22531.77;50;2.31;1;1
5849;23167.15;50;2.25;1;1
5850;22238.51;50;2.32;1;1
5851;22873.90;50;2.22;1;1
5852;22238.51;50;2.29;1;1
5853;22678.40;50;2.22;1;1
5854;22140.76;50;2.27;1;1
5855;22385.14;50;2.21;1;1
5856;22140.76;50;2.24;1;1
5857;22873.90;50;2.21;1;1
5858;22287.39;50;2.29;1;1
5859;22922.78;50;2.23;1;1
5860;22482.89;50;2.29;1;1
5861;22678.40;50;2.25;1;1
5862;22189.64;50;2.27;1;1
5863;22873.90;50;2.22;1;1
5864;22287.39;50;2.29;1;1
5865;23020.53;50;2.23;1;1
5866;22385.14;50;2.30;1;1
5867;23020.53;50;2.24;1;1
5868;22434.02;50;2.30;1;1
5869;23216.03;50;2.24;1;1
5870;22434.02;50;2.32;1;1
5871;22873.90;50;2.24;1;1
5872;22189.64;50;2.29;1;1
5873;22434.02;50;2.22;1;1
5874;22043.01;50;2.24;1;1
5875;22580.64;50;2.20;1;1
5876;22189.64;50;2.26;1;1
5877;22580.64;50;2.22;1;1
5878;21798.63;50;2.26;1;1
5879;22336.27;50;2.18;1;1
5880;21798.63;50;2.23;1;1
5881;22385.14;50;2.18;1;1
5882;22043.01;50;2.24;1;1
5883;22385.14;50;2.20;1;1
5884;21847.51;50;2.24;1;1
5885;22678.40;50;2.18;1;1
5886;22091.89;50;2.27;1;1
5887;22678.40;50;2.21;1;1
5888;22189.64;50;2.27;1;1
5889;22580.64;50;2.22;1;1
5890;22189.64;50;2.26;1;1
5891;22776.15;50;2.22;1;1
5892;21896.38;50;2.28;1;1
5893;22727.27;50;2.19;1;1
5894;22043.01;50;2.27;1;1
5895;22776.15;50;2.20;1;1
5896;22091.89;50;2.28;1;1
5897;22043.01;50;2.21;1;1
5898;21407.63;50;2.20;1;1
5899;22189.64;50;2.14;1;1
5900;21603.13;50;2.22;1;1
5901;22531.77;50;2.16;1;1
5902;21994.13;50;2.25;1;1
5903;22238.51;50;2.20;1;1
5904;21554.25;50;2.22;1;1
5905;22287.39;50;2.16;1;1
5906;21358.75;50;2.23;1;1
5907;21896.38;50;2.14;1;1
5908;21603.13;50;2.19;1;1
5909;21798.63;50;2.16;1;1
5910;21309.87;50;2.18;1;1
5911;21896.38;50;2.13;1;1
5912;21603.13;50;2.19;1;1
5913;22873.90;50;2.16;1;1
5914;22043.01;50;2.29;1;1
5915;22434.02;50;2.20;1;1
5916;21407.63;50;2.24;1;1
5917;22238.51;50;2.14;1;1
5918;21407.63;50;2.22;1;1
5919;22678.40;50;2.14;1;1
5920;21798.63;50;2.27;1;1
5921;22238.51;50;2.18;1;1
5922;22140.76;50;2.22;1;1
5923;22043.01;50;2.21;1;1
5924;21603.13;50;2.20;1;1
5925;22336.27;50;2.16;1;1
5926;21749.76;50;2.23;1;1
5927;22091.89;50;2.17;1;1
5928;21505.38;50;2.21;1;1
5929;22140.76;50;2.15;1;1
5930;21407.63;50;2.21;1;1
5931;22482.89;50;2.14;1;1
5932;21994.13;50;2.25;1;1
5933;22385.14;50;2.20;1;1
5934;23167.15;50;2.24;1;1
5935;23069.40;50;2.32;1;1
5936;22531.77;50;2.31;1;1
5937;22873.90;50;2.25;1;1
5938;22482.89;50;2.29;1;1
5939;23118.28;50;2.25;1;1
5940;22531.77;50;2.31;1;1
5941;23020.53;50;2.25;1;1
5942;22727.27;50;2.30;1;1
5943;23313.78;50;2.27;1;1
5944;22580.64;50;2.33;1;1
5945;23509.29;50;2.26;1;1
5946;22825.02;50;2.35;1;1
5947;23704.79;50;2.28;1;1
5948;22922.78;50;2.37;1;1
5949;23460.41;50;2.29;1;1
5950;22776.15;50;2.35;1;1
5951;23704.79;50;2.28;1;1
5952;23118.28;50;2.37;1;1
5953;23411.54;50;2.31;1;1
5954;22825.02;50;2.34;1;1
5955;23704.79;50;2.28;1;1
5956;23020.53;50;2.37;1;1
5957;23411.54;50;2.30;1;1
5958;22580.64;50;2.34;1;1
5959;23655.91;50;2.26;1;1
5960;22873.90;50;2.37;1;1
5961;23264.91;50;2.29;1;1
5962;22776.15;50;2.33;1;1
5963;22922.78;50;2.28;1;1
5964;22580.64;50;2.29;1;1
5965;23118.28;50;2.26;1;1
5966;23264.91;50;2.31;1;1
5967;23313.78;50;2.33;1;1
5968;23362.66;50;2.33;1;1
5969;23607.04;50;2.34;1;1
5970;23460.41;50;2.36;1;1
5971;23607.04;50;2.35;1;1
5972;23167.15;50;2.36;1;1
5973;23900.29;50;2.32;1;1
5974;23460.41;50;2.39;1;1
5975;23069.40;50;2.35;1;1
5976;23411.54;50;2.31;1;1
5977;23167.15;50;2.34;1;1
5978;23851.42;50;2.32;1;1
5979;23655.91;50;2.39;1;1
5980;23851.42;50;2.37;1;1
5981;23998.04;50;2.39;1;1
5982;23607.04;50;2.40;1;1
5983;23313.78;50;2.36;1;1
5984;23753.67;50;2.33;1;1
5985;23362.66;50;2.38;1;1
5986;23167.15;50;2.34;1;1
5987;22873.90;50;2.32;1;1
5988;23118.28;50;2.29;1;1
5989;22873.90;50;2.31;1;1
5990;22922.78;50;2.29;1;1
5991;23167.15;50;2.29;1;1
5992;23362.66;50;2.32;1;1
5993;22825.02;50;2.34;1;1
5994;22922.78;50;2.28;1;1
5995;22776.15;50;2.29;1;1
5996;23069.40;50;2.28;1;1
5997;23020.53;50;2.31;1;1
5998;23216.03;50;2.30;1;1
5999;22580.64;50;2.32;1;1
6000;23216.03;50;2.26;1;1
6001;22580.64;50;2.32;1;1
6002;23020.53;50;2.26;1;1
6003;22825.02;50;2.30;1;1
6004;23313.78;50;2.28;1;1
6005;22873.90;50;2.33;1;1
6006;23313.78;50;2.29;1;1
6007;22971.65;50;2.33;1;1
6008;23411.54;50;2.30;1;1
6009;22873.90;50;2.34;1;1
6010;23216.03;50;2.29;1;1
6011;22825.02;50;2.32;1;1
6012;23216.03;50;2.28;1;1
6013;23020.53;50;2.32;1;1
6014;23998.04;50;2.30;1;1
6015;23313.78;50;2.40;1;1
6016;23900.29;50;2.33;1;1
6017;23216.03;50;2.39;1;1
6018;23753.67;50;2.32;1;1
6019;23264.91;50;2.38;1;1
6020;23802.54;50;2.33;1;1
6021;23558.16;50;2.38;1;1
6022;23802.54;50;2.36;1;1
6023;23558.16;50;2.38;1;1
6024;23704.79;50;2.36;1;1
6025;23313.78;50;2.37;1;1
6026;23851.42;50;2.33;1;1
6027;23313.78;50;2.39;1;1
6028;23753.67;50;2.33;1;1
6029;23167.15;50;2.38;1;1
6030;24046.92;50;2.32;1;1
6031;23753.67;50;2.40;1;1
6032;24144.67;50;2.38;1;1
6033;23362.66;50;2.41;1;1
6034;24144.67;50;2.34;1;1
6035;23704.79;50;2.41;1;1
6036;24242.42;50;2.37;1;1
6037;23216.03;50;2.42;1;1
6038;23900.29;50;2.32;1;1
6039;23460.41;50;2.39;1;1
6040;23802.54;50;2.35;1;1
6041;23216.03;50;2.38;1;1
6042;23998.04;50;2.32;1;1
6043;22825.02;50;2.40;1;1
6044;23753.67;50;2.28;1;1
6045;23509.29;50;2.38;1;1
6046;23949.17;50;2.35;1;1
6047;23411.54;50;2.39;1;1
6048;23998.04;50;2.34;1;1
6049;23118.28;50;2.40;1;1
6050;23655.91;50;2.31;1;1
6051;23362.66;50;2.37;1;1
6052;23900.29;50;2.34;1;1
6053;23020.53;50;2.39;1;1
6054;24046.92;50;2.30;1;1
6055;23558.16;50;2.40;1;1
6056;23460.41;50;2.36;1;1
6057;23411.54;50;2.35;1;1
6058;23607.04;50;2.34;1;1
6059;23264.91;50;2.36;1;1
6060;23558.16;50;2.33;1;1
6061;23851.42;50;2.36;1;1
6062;23460.41;50;2.39;1;1
6063;23362.66;50;2.35;1;1
6064;23655.91;50;2.34;1;1
6065;23216.03;50;2.37;1;1
6066;23949.17;50;2.32;1;1
6067;23949.17;50;2.39;1;1
6068;23753.67;50;2.39;1;1
6069;23655.91;50;2.38;1;1
6070;23949.17;50;2.37;1;1
6071;24046.92;50;2.39;1;1
6072;24193.55;50;2.40;1;1
6073;23802.54;50;2.42;1;1
6074;23900.29;50;2.38;1;1
6075;23655.91;50;2.39;1;1
6076;23949.17;50;2.37;1;1
6077;23558.16;50;2.39;1;1
6078;23802.54;50;2.36;1;1
6079;23851.42;50;2.38;1;1
6080;23655.91;50;2.39;1;1
6081;23851.42;50;2.37;1;1
6082;23460.41;50;2.39;1;1
6083;23998.04;50;2.35;1;1
6084;24046.92;50;2.40;1;1
6085;23753.67;50;2.40;1;1
6086;23704.79;50;2.38;1;1
6087;23655.91;50;2.37;1;1
6088;23509.29;50;2.37;1;1
6089;23851.42;50;2.35;1;1
6090;23264.91;50;2.39;1;1
6091;23900.29;50;2.33;1;1
6092;23949.17;50;2.39;1;1
6093;23998.04;50;2.39;1;1
6094;24046.92;50;2.40;1;1
6095;24389.05;50;2.40;1;1
6096;23802.54;50;2.44;1;1
6097;24633.43;50;2.38;1;1
6098;24046.92;50;2.46;1;1
6099;23851.42;50;2.40;1;1
6100;23704.79;50;2.39;1;1
6101;24193.55;50;2.37;1;1
6102;23655.91;50;2.42;1;1
6103;24095.80;50;2.37;1;1
6104;23753.67;50;2.41;1;1
6105;24291.30;50;2.38;1;1
6106;23558.16;50;2.43;1;1
6107;24242.42;50;2.36;1;1
6108;23558.16;50;2.42;1;1
6109;24242.42;50;2.36;1;1
6110;23802.54;50;2.42;1;1
6111;24535.68;50;2.38;1;1
6112;23509.29;50;2.45;1;1
6113;24144.67;50;2.35;1;1
6114;23753.67;50;2.41;1;1
6115;24389.05;50;2.38;1;1
6116;23558.16;50;2.44;1;1
6117;24291.30;50;2.36;1;1
6118;23900.29;50;2.43;1;1
6119;24144.67;50;2.39;1;1
6120;23998.04;50;2.41;1;1
6121;24340.18;50;2.40;1;1
6122;23607.04;50;2.43;1;1
6123;23949.17;50;2.36;1;1
6124;23069.40;50;2.39;1;1
6125;23900.29;50;2.31;1;1
6126;23460.41;50;2.39;1;1
6127;23753.67;50;2.35;1;1
6128;23509.29;50;2.38;1;1
6129;23998.04;50;2.35;1;1
6130;24046.92;50;2.40;1;1
6131;24389.05;50;2.40;1;1
6132;23313.78;50;2.44;1;1
6133;23998.04;50;2.33;1;1
6134;23655.91;50;2.40;1;1
6135;24095.80;50;2.37;1;1
6136;23362.66;50;2.41;1;1
6137;23460.41;50;2.34;1;1
6138;23216.03;50;2.35;1;1
6139;24340.18;50;2.32;1;1
6140;23607.04;50;2.43;1;1
6141;24193.55;50;2.36;1;1
6142;23558.16;50;2.42;1;1
6143;23753.67;50;2.36;1;1
6144;23558.16;50;2.38;1;1
6145;23998.04;50;2.36;1;1
6146;23558.16;50;2.40;1;1
6147;23998.04;50;2.36;1;1
6148;23509.29;50;2.40;1;1
6149;24535.68;50;2.35;1;1
6150;23558.16;50;2.45;1;1
6151;24193.55;50;2.36;1;1
6152;23655.91;50;2.42;1;1
6153;24242.42;50;2.37;1;1
6154;23509.29;50;2.42;1;1
6155;23998.04;50;2.35;1;1
6156;23704.79;50;2.40;1;1
6157;24242.42;50;2.37;1;1
6158;23704.79;50;2.42;1;1
6159;23900.29;50;2.37;1;1
6160;23558.16;50;2.39;1;1
6161;23949.17;50;2.36;1;1
6162;23704.79;50;2.39;1;1
6163;23851.42;50;2.37;1;1
6164;23362.66;50;2.39;1;1
6165;23753.67;50;2.34;1;1
6166;23460.41;50;2.38;1;1
6167;24095.80;50;2.35;1;1
6168;23558.16;50;2.41;1;1
6169;24144.67;50;2.36;1;1
6170;23460.41;50;2.41;1;1
6171;24291.30;50;2.35;1;1
6172;23362.66;50;2.43;1;1
6173;24144.67;50;2.34;1;1
6174;23655.91;50;2.41;1;1
6175;24144.67;50;2.37;1;1
6176;23509.29;50;2.41;1;1
6177;24340.18;50;2.35;1;1
6178;23802.54;50;2.43;1;1
6179;23998.04;50;2.38;1;1
6180;23851.42;50;2.40;1;1
6181;24389.05;50;2.39;1;1
6182;23900.29;50;2.44;1;1
6183;24291.30;50;2.39;1;1
6184;23900.29;50;2.43;1;1
6185;24046.92;50;2.39;1;1
6186;23851.42;50;2.40;1;1
6187;23998.04;50;2.39;1;1
6188;23704.79;50;2.40;1;1
6189;23851.42;50;2.37;1;1
6190;23704.79;50;2.39;1;1
6191;24193.55;50;2.37;1;1
6192;23949.17;50;2.42;1;1
6193;24144.67;50;2.39;1;1
6194;23509.29;50;2.41;1;1
6195;23949.17;50;2.35;1;1
6196;23802.54;50;2.39;1;1
6197;23802.54;50;2.38;1;1
6198;23558.16;50;2.38;1;1
6199;23704.79;50;2.36;1;1
6200;23704.79;50;2.37;1;1
6201;23509.29;50;2.37;1;1
6202;23460.41;50;2.35;1;1
6203;23655.91;50;2.35;1;1
6204;23704.79;50;2.37;1;1
6205;23460.41;50;2.37;1;1
6206;23607.04;50;2.35;1;1
6207;23362.66;50;2.36;1;1
6208;23362.66;50;2.34;1;1
6209;23362.66;50;2.34;1;1
6210;23704.79;50;2.34;1;1
6211;23655.91;50;2.37;1;1
6212;24144.67;50;2.37;1;1
6213;23851.42;50;2.41;1;1
6214;24144.67;50;2.39;1;1
6215;23655.91;50;2.41;1;1
6216;23753.67;50;2.37;1;1
6217;23460.41;50;2.38;1;1
6218;24095.80;50;2.35;1;1
6219;23655.91;50;2.41;1;1
6220;24389.05;50;2.37;1;1
6221;23998.04;50;2.44;1;1
6222;24046.92;50;2.40;1;1
6223;23704.79;50;2.40;1;1
6224;24193.55;50;2.37;1;1
6225;23607.04;50;2.42;1;1
6226;23704.79;50;2.36;1;1
6227;23460.41;50;2.37;1;1
6228;23851.42;50;2.35;1;1
6229;23704.79;50;2.39;1;1
6230;24437.93;50;2.37;1;1
6231;23949.17;50;2.44;1;1
6232;24242.42;50;2.39;1;1
6233;23607.04;50;2.42;1;1
6234;23704.79;50;2.36;1;1
6235;23851.42;50;2.37;1;1
6236;23949.17;50;2.39;1;1
6237;23753.67;50;2.39;1;1
6238;24340.18;50;2.38;1;1
6239;23753.67;50;2.43;1;1
6240;24193.55;50;2.38;1;1
6241;23558.16;50;2.42;1;1
6242;24340.18;50;2.36;1;1
6243;23753.67;50;2.43;1;1
6244;24046.92;50;2.38;1;1
6245;23900.29;50;2.40;1;1
6246;23900.29;50;2.39;1;1
6247;23802.54;50;2.39;1;1
6248;24780.06;50;2.38;1;1
6249;24095.80;50;2.48;1;1
6250;24389.05;50;2.41;1;1
6251;23460.41;50;2.44;1;1
6252;24340.18;50;2.35;1;1
6253;23313.78;50;2.43;1;1
6254;23949.17;50;2.33;1;1
6255;23362.66;50;2.39;1;1
6256;24046.92;50;2.34;1;1
6257;23509.29;50;2.40;1;1
6258;23607.04;50;2.35;1;1
6259;23313.78;50;2.36;1;1
6260;23802.54;50;2.33;1;1
6261;23411.54;50;2.38;1;1
6262;23655.91;50;2.34;1;1
6263;23020.53;50;2.37;1;1
6264;23851.42;50;2.30;1;1
6265;23118.28;50;2.39;1;1
6266;23704.79;50;2.31;1;1
6267;23118.28;50;2.37;1;1
6268;23851.42;50;2.31;1;1
6269;23069.40;50;2.39;1;1
6270;23949.17;50;2.31;1;1
6271;23020.53;50;2.39;1;1
6272;23949.17;50;2.30;1;1
6273;23411.54;50;2.39;1;1
6274;23998.04;50;2.34;1;1
6275;23167.15;50;2.40;1;1
6276;23558.16;50;2.32;1;1
6277;23118.28;50;2.36;1;1
6278;23704.79;50;2.31;1;1
6279;23509.29;50;2.37;1;1
6280;23998.04;50;2.35;1;1
6281;23411.54;50;2.40;1;1
6282;23704.79;50;2.34;1;1
6283;23118.28;50;2.37;1;1
6284;23900.29;50;2.31;1;1
6285;23509.29;50;2.39;1;1
6286;23753.67;50;2.35;1;1
6287;23313.78;50;2.38;1;1
6288;23655.91;50;2.33;1;1
6289;23460.41;50;2.37;1;1
6290;23655.91;50;2.35;1;1
6291;23313.78;50;2.37;1;1
6292;23802.54;50;2.33;1;1
6293;23509.29;50;2.38;1;1
6294;23753.67;50;2.35;1;1
6295;23264.91;50;2.38;1;1
6296;23411.54;50;2.33;1;1
6297;23558.16;50;2.34;1;1
6298;23411.54;50;2.36;1;1
6299;23167.15;50;2.34;1;1
6300;24046.92;50;2.32;1;1
6301;23460.41;50;2.40;1;1
6302;23655.91;50;2.35;1;1
6303;23460.41;50;2.37;1;1
6304;23802.54;50;2.35;1;1
6305;23607.04;50;2.38;1;1
6306;23851.42;50;2.36;1;1
6307;23313.78;50;2.39;1;1
6308;23753.67;50;2.33;1;1
6309;23607.04;50;2.38;1;1
6310;23704.79;50;2.36;1;1
6311;23704.79;50;2.37;1;1
6312;23704.79;50;2.37;1;1
6313;23509.29;50;2.37;1;1
6314;23802.54;50;2.35;1;1
6315;23655.91;50;2.38;1;1
6316;23802.54;50;2.37;1;1
6317;23558.16;50;2.38;1;1
6318;23704.79;50;2.36;1;1
6319;23753.67;50;2.37;1;1
6320;23704.79;50;2.38;1;1
6321;23753.67;50;2.37;1;1
6322;23802.54;50;2.38;1;1
6323;23851.42;50;2.38;1;1
6324;23802.54;50;2.39;1;1
6325;23949.17;50;2.38;1;1
6326;23753.67;50;2.39;1;1
6327;23607.04;50;2.38;1;1
6328;23216.03;50;2.36;1;1
6329;23851.42;50;2.32;1;1
6330;23802.54;50;2.39;1;1
6331;23460.41;50;2.38;1;1
6332;23655.91;50;2.35;1;1
6333;23704.79;50;2.37;1;1
6334;23411.54;50;2.37;1;1
6335;23558.16;50;2.34;1;1
6336;23558.16;50;2.36;1;1
6337;23851.42;50;2.36;1;1
6338;23558.16;50;2.39;1;1
6339;23362.66;50;2.36;1;1
6340;23460.41;50;2.34;1;1
6341;23460.41;50;2.35;1;1
6342;23069.40;50;2.35;1;1
6343;23851.42;50;2.31;1;1
6344;23558.16;50;2.39;1;1
6345;23607.04;50;2.36;1;1
6346;23509.29;50;2.36;1;1
6347;24144.67;50;2.35;1;1
6348;23362.66;50;2.41;1;1
6349;23607.04;50;2.34;1;1
6350;23362.66;50;2.36;1;1
6351;23851.42;50;2.34;1;1
6352;23509.29;50;2.39;1;1
6353;23704.79;50;2.35;1;1
6354;23558.16;50;2.37;1;1
6355;23558.16;50;2.36;1;1
6356;23411.54;50;2.36;1;1
6357;23704.79;50;2.34;1;1
6358;23704.79;50;2.37;1;1
6359;23607.04;50;2.37;1;1
6360;23411.54;50;2.36;1;1
6361;23802.54;50;2.34;1;1
6362;23509.29;50;2.38;1;1
6363;23802.54;50;2.35;1;1
6364;23313.78;50;2.38;1;1
6365;23802.54;50;2.33;1;1
6366;23264.91;50;2.38;1;1
6367;23704.79;50;2.33;1;1
6368;23313.78;50;2.37;1;1
6369;23607.04;50;2.33;1;1
6370;23216.03;50;2.36;1;1
6371;23753.67;50;2.32;1;1
6372;23509.29;50;2.38;1;1
6373;23704.79;50;2.35;1;1
6374;23216.03;50;2.37;1;1
6375;23313.78;50;2.32;1;1
6376;22825.02;50;2.33;1;1
6377;23704.79;50;2.28;1;1
6378;23509.29;50;2.37;1;1
6379;23851.42;50;2.35;1;1
6380;23460.41;50;2.39;1;1
6381;23851.42;50;2.35;1;1
6382;23558.16;50;2.39;1;1
6383;23753.67;50;2.36;1;1
6384;23655.91;50;2.38;1;1
6385;23900.29;50;2.37;1;1
6386;23411.54;50;2.39;1;1
6387;23998.04;50;2.34;1;1
6388;23607.04;50;2.40;1;1
6389;24193.55;50;2.36;1;1
6390;23509.29;50;2.42;1;1
6391;23998.04;50;2.35;1;1
6392;23558.16;50;2.40;1;1
6393;24046.92;50;2.36;1;1
6394;23704.79;50;2.40;1;1
6395;24291.30;50;2.37;1;1
6396;23460.41;50;2.43;1;1
6397;24242.42;50;2.35;1;1
6398;23655.91;50;2.42;1;1
6399;24242.42;50;2.37;1;1
6400;23753.67;50;2.42;1;1
6401;24144.67;50;2.38;1;1
6402;23509.29;50;2.41;1;1
6403;23851.42;50;2.35;1;1
6404;23411.54;50;2.39;1;1
6405;24291.30;50;2.34;1;1
6406;23802.54;50;2.43;1;1
6407;24193.55;50;2.38;1;1
6408;23607.04;50;2.42;1;1
6409;24242.42;50;2.36;1;1
6410;23802.54;50;2.42;1;1
6411;24193.55;50;2.38;1;1
6412;23900.29;50;2.42;1;1
6413;24340.18;50;2.39;1;1
6414;23949.17;50;2.43;1;1
6415;24242.42;50;2.39;1;1
6416;23460.41;50;2.42;1;1
6417;24486.80;50;2.35;1;1
6418;24095.80;50;2.45;1;1
6419;24340.18;50;2.41;1;1
6420;23558.16;50;2.43;1;1
6421;24242.42;50;2.36;1;1
6422;23900.29;50;2.42;1;1
6423;24291.30;50;2.39;1;1
6424;23753.67;50;2.43;1;1
6425;24340.18;50;2.38;1;1
6426;23509.29;50;2.43;1;1
6427;24340.18;50;2.35;1;1
6428;23655.91;50;2.43;1;1
6429;24291.30;50;2.37;1;1
6430;23655.91;50;2.43;1;1
6431;24291.30;50;2.37;1;1
6432;23704.79;50;2.43;1;1
6433;24144.67;50;2.37;1;1
6434;23509.29;50;2.41;1;1
6435;24046.92;50;2.35;1;1
6436;23509.29;50;2.40;1;1
6437;23900.29;50;2.35;1;1
6438;23509.29;50;2.39;1;1
6439;24046.92;50;2.35;1;1
6440;23460.41;50;2.40;1;1
6441;23998.04;50;2.35;1;1
6442;23607.04;50;2.40;1;1
6443;23998.04;50;2.36;1;1
6444;23753.67;50;2.40;1;1
6445;23998.04;50;2.38;1;1
6446;23558.16;50;2.40;1;1
6447;24193.55;50;2.36;1;1
6448;23509.29;50;2.42;1;1
6449;24242.42;50;2.35;1;1
6450;23704.79;50;2.42;1;1
6451;23753.67;50;2.37;1;1
6452;23167.15;50;2.38;1;1
6453;24046.92;50;2.32;1;1
6454;23558.16;50;2.40;1;1
6455;23900.29;50;2.36;1;1
6456;23802.54;50;2.39;1;1
6457;24389.05;50;2.38;1;1
6458;23900.29;50;2.44;1;1
6459;23998.04;50;2.39;1;1
6460;23802.54;50;2.40;1;1
6461;24193.55;50;2.38;1;1
6462;23460.41;50;2.42;1;1
6463;24193.55;50;2.35;1;1
6464;23558.16;50;2.42;1;1
6465;23900.29;50;2.36;1;1
6466;23558.16;50;2.39;1;1
6467;24242.42;50;2.36;1;1
6468;23704.79;50;2.42;1;1
6469;24242.42;50;2.37;1;1
6470;23558.16;50;2.42;1;1
6471;24486.80;50;2.36;1;1
6472;23802.54;50;2.45;1;1
6473;24242.42;50;2.38;1;1
6474;23509.29;50;2.42;1;1
6475;24046.92;50;2.35;1;1
6476;23607.04;50;2.40;1;1
6477;23998.04;50;2.36;1;1
6478;23411.54;50;2.40;1;1
6479;24193.55;50;2.34;1;1
6480;23558.16;50;2.42;1;1
6481;24242.42;50;2.36;1;1
6482;23802.54;50;2.42;1;1
6483;24535.68;50;2.38;1;1
6484;23704.79;50;2.45;1;1
6485;24144.67;50;2.37;1;1
6486;23411.54;50;2.41;1;1
6487;23949.17;50;2.34;1;1
6488;23069.40;50;2.39;1;1
6489;23509.29;50;2.31;1;1
6490;23216.03;50;2.35;1;1
6491;23851.42;50;2.32;1;1
6492;23264.91;50;2.39;1;1
6493;23704.79;50;2.33;1;1
6494;23509.29;50;2.37;1;1
6495;24046.92;50;2.35;1;1
6496;23216.03;50;2.40;1;1
6497;23802.54;50;2.32;1;1
6498;23362.66;50;2.38;1;1
6499;23655.91;50;2.34;1;1
6500;23264.91;50;2.37;1;1
6501;23655.91;50;2.33;1;1
6502;23264.91;50;2.37;1;1
6503;23655.91;50;2.33;1;1
6504;23313.78;50;2.37;1;1
6505;23900.29;50;2.33;1;1
6506;23949.17;50;2.39;1;1
6507;23998.04;50;2.39;1;1
6508;23607.04;50;2.40;1;1
6509;23998.04;50;2.36;1;1
6510;23802.54;50;2.40;1;1
6511;24046.92;50;2.38;1;1
6512;23753.67;50;2.40;1;1
6513;23949.17;50;2.38;1;1
6514;24046.92;50;2.39;1;1
6515;23900.29;50;2.40;1;1
6516;23655.91;50;2.39;1;1
6517;23753.67;50;2.37;1;1
6518;23753.67;50;2.38;1;1
6519;23851.42;50;2.38;1;1
6520;23998.04;50;2.39;1;1
6521;23949.17;50;2.40;1;1
6522;23949.17;50;2.39;1;1
6523;23949.17;50;2.39;1;1
6524;23900.29;50;2.39;1;1
6525;23900.29;50;2.39;1;1
6526;23949.17;50;2.39;1;1
6527;23704.79;50;2.39;1;1
6528;24144.67;50;2.37;1;1
6529;23998.04;50;2.41;1;1
6530;24144.67;50;2.40;1;1
6531;24095.80;50;2.41;1;1
6532;24242.42;50;2.41;1;1
6533;23998.04;50;2.42;1;1
6534;24144.67;50;2.40;1;1
6535;23704.79;50;2.41;1;1
6536;24340.18;50;2.37;1;1
6537;23949.17;50;2.43;1;1
6538;23998.04;50;2.39;1;1
6539;23998.04;50;2.40;1;1
6540;24144.67;50;2.40;1;1
6541;23900.29;50;2.41;1;1
6542;24291.30;50;2.39;1;1
6543;23802.54;50;2.43;1;1
6544;24535.68;50;2.38;1;1
6545;23704.79;50;2.45;1;1
6546;24144.67;50;2.37;1;1
6547;23655.91;50;2.41;1;1
6548;23802.54;50;2.37;1;1
6549;23704.79;50;2.38;1;1
6550;24389.05;50;2.37;1;1
6551;23753.67;50;2.44;1;1
6552;23851.42;50;2.38;1;1
6553;23460.41;50;2.39;1;1
6554;23655.91;50;2.35;1;1
6555;23558.16;50;2.37;1;1
6556;24193.55;50;2.36;1;1
6557;23802.54;50;2.42;1;1
6558;23900.29;50;2.38;1;1
6559;23313.78;50;2.39;1;1
6560;23607.04;50;2.33;1;1
6561;23167.15;50;2.36;1;1
6562;23753.67;50;2.32;1;1
6563;22825.02;50;2.38;1;1
6564;23558.16;50;2.28;1;1
6565;23411.54;50;2.36;1;1
6566;23607.04;50;2.34;1;1
6567;23313.78;50;2.36;1;1
6568;23509.29;50;2.33;1;1
6569;23460.41;50;2.35;1;1
6570;23655.91;50;2.35;1;1
6571;23118.28;50;2.37;1;1
6572;23607.04;50;2.31;1;1
6573;23264.91;50;2.36;1;1
6574;23753.67;50;2.33;1;1
6575;23362.66;50;2.38;1;1
6576;23851.42;50;2.34;1;1
6577;23216.03;50;2.39;1;1
6578;23704.79;50;2.32;1;1
6579;22727.27;50;2.37;1;1
6580;23900.29;50;2.27;1;1
6581;23118.28;50;2.39;1;1
6582;23313.78;50;2.31;1;1
6583;23167.15;50;2.33;1;1
6584;23753.67;50;2.32;1;1
6585;22922.78;50;2.38;1;1
6586;23118.28;50;2.29;1;1
6587;22727.27;50;2.31;1;1
6588;23753.67;50;2.27;1;1
6589;23020.53;50;2.38;1;1
6590;23460.41;50;2.30;1;1
6591;22922.78;50;2.35;1;1
6592;23509.29;50;2.29;1;1
6593;22971.65;50;2.35;1;1
6594;23802.54;50;2.30;1;1
6595;23118.28;50;2.38;1;1
6596;23607.04;50;2.31;1;1
6597;22776.15;50;2.36;1;1
6598;23509.29;50;2.28;1;1
6599;23362.66;50;2.35;1;1
6600;23460.41;50;2.34;1;1
6601;23118.28;50;2.35;1;1
6602;23949.17;50;2.31;1;1
6603;23264.91;50;2.39;1;1
6604;24095.80;50;2.33;1;1
6605;23313.78;50;2.41;1;1
6606;23655.91;50;2.33;1;1
6607;22922.78;50;2.37;1;1
6608;23753.67;50;2.29;1;1
6609;22482.89;50;2.38;1;1
6610;23607.04;50;2.25;1;1
6611;23118.28;50;2.36;1;1
6612;23802.54;50;2.31;1;1
6613;22776.15;50;2.38;1;1
6614;23655.91;50;2.28;1;1
6615;23020.53;50;2.37;1;1
6616;23509.29;50;2.30;1;1
6617;23069.40;50;2.35;1;1
6618;23802.54;50;2.31;1;1
6619;23264.91;50;2.38;1;1
6620;23607.04;50;2.33;1;1
6621;23167.15;50;2.36;1;1
6622;23802.54;50;2.32;1;1
6623;23069.40;50;2.38;1;1
6624;23900.29;50;2.31;1;1
6625;22922.78;50;2.39;1;1
6626;23607.04;50;2.29;1;1
6627;23216.03;50;2.36;1;1
6628;23313.78;50;2.32;1;1
6629;22727.27;50;2.33;1;1
6630;23802.54;50;2.27;1;1
6631;23264.91;50;2.38;1;1
6632;23509.29;50;2.33;1;1
6633;23020.53;50;2.35;1;1
6634;23607.04;50;2.30;1;1
6635;23167.15;50;2.36;1;1
6636;23802.54;50;2.32;1;1
6637;22727.27;50;2.38;1;1
6638;23753.67;50;2.27;1;1
6639;23264.91;50;2.38;1;1
6640;24535.68;50;2.33;1;1
6641;23900.29;50;2.45;1;1
6642;23998.04;50;2.39;1;1
6643;23607.04;50;2.40;1;1
6644;23851.42;50;2.36;1;1
6645;23655.91;50;2.39;1;1
6646;23655.91;50;2.37;1;1
6647;23900.29;50;2.37;1;1
6648;23753.67;50;2.39;1;1
6649;23607.04;50;2.38;1;1
6650;23949.17;50;2.36;1;1
6651;24584.55;50;2.39;1;1
6652;24389.05;50;2.46;1;1
6653;23851.42;50;2.44;1;1
6654;24193.55;50;2.39;1;1
6655;24193.55;50;2.42;1;1
6656;24389.05;50;2.42;1;1
6657;23607.04;50;2.44;1;1
6658;23411.54;50;2.36;1;1
6659;24340.18;50;2.34;1;1
6660;24437.93;50;2.43;1;1
6661;24486.80;50;2.44;1;1
6662;24144.67;50;2.45;1;1
6663;24193.55;50;2.41;1;1
6664;24193.55;50;2.42;1;1
6665;24095.80;50;2.42;1;1
6666;23851.42;50;2.41;1;1
6667;23802.54;50;2.39;1;1
6668;23949.17;50;2.38;1;1
6669;24046.92;50;2.39;1;1
6670;23900.29;50;2.40;1;1
6671;23900.29;50;2.39;1;1
6672;23313.78;50;2.39;1;1
6673;23704.79;50;2.33;1;1
6674;24046.92;50;2.37;1;1
6675;24144.67;50;2.40;1;1
6676;24242.42;50;2.41;1;1
6677;23802.54;50;2.42;1;1
6678;23460.41;50;2.38;1;1
6679;23949.17;50;2.35;1;1
6680;23607.04;50;2.39;1;1
6681;23704.79;50;2.36;1;1
6682;23509.29;50;2.37;1;1
6683;23704.79;50;2.35;1;1
6684;23949.17;50;2.37;1;1
6685;24046.92;50;2.39;1;1
6686;24242.42;50;2.40;1;1
6687;24486.80;50;2.42;1;1
6688;24584.55;50;2.45;1;1
6689;24535.68;50;2.46;1;1
6690;25024.44;50;2.45;1;1
6691;24780.06;50;2.50;1;1
6692;24584.55;50;2.48;1;1
6693;24877.81;50;2.46;1;1
6694;24682.31;50;2.49;1;1
6695;25024.44;50;2.47;1;1
6696;24975.56;50;2.50;1;1
6697;23998.04;50;2.50;1;1
6698;24633.43;50;2.40;1;1
6699;24340.18;50;2.46;1;1
6700;24193.55;50;2.43;1;1
6701;24242.42;50;2.42;1;1
6702;24975.56;50;2.42;1;1
6703;24780.06;50;2.50;1;1
6704;24437.93;50;2.48;1;1
6705;24486.80;50;2.44;1;1
6706;24682.31;50;2.45;1;1
6707;24486.80;50;2.47;1;1
6708;24486.80;50;2.45;1;1
6709;24975.56;50;2.45;1;1
6710;24584.55;50;2.50;1;1
6711;25122.19;50;2.46;1;1
6712;24535.68;50;2.51;1;1
6713;25366.57;50;2.45;1;1
6714;24780.06;50;2.54;1;1
6715;24780.06;50;2.48;1;1
6716;24828.93;50;2.48;1;1
6717;25073.31;50;2.48;1;1
6718;24486.80;50;2.51;1;1
6719;25122.19;50;2.45;1;1
6720;24486.80;50;2.51;1;1
6721;24828.93;50;2.45;1;1
6722;24926.69;50;2.48;1;1
6723;25317.69;50;2.49;1;1
6724;25122.19;50;2.53;1;1
6725;25219.94;50;2.51;1;1
6726;24828.93;50;2.52;1;1
6727;25513.20;50;2.48;1;1
6728;24584.55;50;2.55;1;1
6729;25122.19;50;2.46;1;1
6730;24828.93;50;2.51;1;1
6731;24975.56;50;2.48;1;1
6732;24682.31;50;2.50;1;1
6733;25122.19;50;2.47;1;1
6734;24535.68;50;2.51;1;1
6735;25366.57;50;2.45;1;1
6736;24242.42;50;2.54;1;1
6737;24731.18;50;2.42;1;1
6738;24633.43;50;2.47;1;1
6739;25073.31;50;2.46;1;1
6740;25073.31;50;2.51;1;1
6741;25366.57;50;2.51;1;1
6742;24780.06;50;2.54;1;1
6743;25513.20;50;2.48;1;1
6744;24731.18;50;2.55;1;1
6745;25024.44;50;2.47;1;1
6746;24682.31;50;2.50;1;1
6747;25317.69;50;2.47;1;1
6748;24780.06;50;2.53;1;1
6749;24780.06;50;2.48;1;1
6750;24633.43;50;2.48;1;1
6751;25366.57;50;2.46;1;1
6752;24584.55;50;2.54;1;1
6753;25513.20;50;2.46;1;1
6754;24731.18;50;2.55;1;1
6755;25855.33;50;2.47;1;1
6756;24877.81;50;2.59;1;1
6757;25562.07;50;2.49;1;1
6758;24633.43;50;2.56;1;1
6759;25562.07;50;2.46;1;1
6760;24633.43;50;2.56;1;1
6761;24731.18;50;2.46;1;1
6762;25122.19;50;2.47;1;1
6763;25219.94;50;2.51;1;1
6764;25415.45;50;2.52;1;1
6765;26197.46;50;2.54;1;1
6766;25757.58;50;2.62;1;1
6767;25268.82;50;2.58;1;1
6768;25122.19;50;2.53;1;1
6769;25806.45;50;2.51;1;1
6770;24975.56;50;2.58;1;1
6771;25366.57;50;2.50;1;1
6772;25708.70;50;2.54;1;1
6773;25659.82;50;2.57;1;1
6774;25073.31;50;2.57;1;1
6775;25610.95;50;2.51;1;1
6776;24877.81;50;2.56;1;1
6777;25513.20;50;2.49;1;1
6778;25757.58;50;2.55;1;1
6779;25806.45;50;2.58;1;1
6780;25366.57;50;2.58;1;1
6781;25953.08;50;2.54;1;1
6782;25366.57;50;2.60;1;1
6783;25366.57;50;2.54;1;1
6784;25171.06;50;2.54;1;1
6785;25610.95;50;2.52;1;1
6786;25610.95;50;2.56;1;1
6787;25806.45;50;2.56;1;1
6788;25562.07;50;2.58;1;1
6789;25122.19;50;2.56;1;1
6790;25366.57;50;2.51;1;1
6791;25415.45;50;2.54;1;1
6792;25268.82;50;2.54;1;1
6793;25219.94;50;2.53;1;1
6794;25806.45;50;2.52;1;1
6795;25073.31;50;2.58;1;1
6796;25513.20;50;2.51;1;1
6797;25513.20;50;2.55;1;1
6798;25415.45;50;2.55;1;1
6799;24682.31;50;2.54;1;1
6800;25366.57;50;2.47;1;1
6801;25268.82;50;2.54;1;1
6802;24975.56;50;2.53;1;1
6803;24389.05;50;2.50;1;1
6804;25024.44;50;2.44;1;1
6805;25366.57;50;2.50;1;1
6806;24682.31;50;2.54;1;1
6807;24486.80;50;2.47;1;1
6808;24975.56;50;2.45;1;1
6809;24095.80;50;2.50;1;1
6810;24975.56;50;2.41;1;1
6811;24682.31;50;2.50;1;1
6812;24828.93;50;2.47;1;1
6813;24682.31;50;2.48;1;1
6814;25122.19;50;2.47;1;1
6815;24193.55;50;2.51;1;1
6816;24780.06;50;2.42;1;1
6817;24389.05;50;2.48;1;1
6818;24877.81;50;2.44;1;1
6819;24291.30;50;2.49;1;1
6820;25122.19;50;2.43;1;1
6821;24389.05;50;2.51;1;1
6822;24731.18;50;2.44;1;1
6823;24682.31;50;2.47;1;1
6824;24633.43;50;2.47;1;1
6825;24193.55;50;2.46;1;1
6826;24877.81;50;2.42;1;1
6827;24193.55;50;2.49;1;1
6828;24780.06;50;2.42;1;1
6829;24486.80;50;2.48;1;1
6830;25024.44;50;2.45;1;1
6831;24486.80;50;2.50;1;1
6832;25122.19;50;2.45;1;1
6833;24340.18;50;2.51;1;1
6834;25415.45;50;2.43;1;1
6835;24877.81;50;2.54;1;1
6836;25366.57;50;2.49;1;1
6837;24780.06;50;2.54;1;1
6838;25366.57;50;2.48;1;1
6839;24633.43;50;2.54;1;1
6840;25219.94;50;2.46;1;1
6841;24535.68;50;2.52;1;1
6842;25073.31;50;2.45;1;1
6843;24877.81;50;2.51;1;1
6844;25268.82;50;2.49;1;1
6845;24828.93;50;2.53;1;1
6846;25268.82;50;2.48;1;1
6847;24633.43;50;2.53;1;1
6848;25317.69;50;2.46;1;1
6849;24437.93;50;2.53;1;1
6850;25219.94;50;2.44;1;1
6851;24389.05;50;2.52;1;1
6852;25024.44;50;2.44;1;1
6853;24437.93;50;2.50;1;1
6854;25219.94;50;2.44;1;1
6855;24291.30;50;2.52;1;1
6856;24975.56;50;2.43;1;1
6857;24486.80;50;2.50;1;1
6858;25610.95;50;2.45;1;1
6859;24633.43;50;2.56;1;1
6860;25171.06;50;2.46;1;1
6861;24682.31;50;2.52;1;1
6862;25073.31;50;2.47;1;1
6863;24633.43;50;2.51;1;1
6864;25415.45;50;2.46;1;1
6865;24975.56;50;2.54;1;1
6866;25219.94;50;2.50;1;1
6867;24437.93;50;2.52;1;1
6868;24584.55;50;2.44;1;1
6869;24144.67;50;2.46;1;1
6870;24780.06;50;2.41;1;1
6871;24193.55;50;2.48;1;1
6872;25073.31;50;2.42;1;1
6873;24780.06;50;2.51;1;1
6874;24926.69;50;2.48;1;1
6875;24828.93;50;2.49;1;1
6876;25024.44;50;2.48;1;1
6877;24731.18;50;2.50;1;1
6878;25268.82;50;2.47;1;1
6879;24389.05;50;2.53;1;1
6880;24535.68;50;2.44;1;1
6881;24535.68;50;2.45;1;1
6882;24535.68;50;2.45;1;1
6883;24877.81;50;2.45;1;1
6884;25122.19;50;2.49;1;1
6885;24682.31;50;2.51;1;1
6886;25219.94;50;2.47;1;1
6887;24535.68;50;2.52;1;1
6888;24828.93;50;2.45;1;1
6889;25317.69;50;2.48;1;1
6890;25024.44;50;2.53;1;1
6891;25317.69;50;2.50;1;1
6892;25708.70;50;2.53;1;1
6893;25122.19;50;2.57;1;1
6894;25024.44;50;2.51;1;1
6895;24926.69;50;2.50;1;1
6896;25073.31;50;2.49;1;1
6897;24828.93;50;2.51;1;1
6898;25415.45;50;2.48;1;1
6899;24975.56;50;2.54;1;1
6900;25317.69;50;2.50;1;1
6901;24633.43;50;2.53;1;1
6902;24926.69;50;2.46;1;1
6903;25171.06;50;2.49;1;1
6904;24975.56;50;2.52;1;1
6905;25122.19;50;2.50;1;1
6906;25024.44;50;2.51;1;1
6907;25024.44;50;2.50;1;1
6908;25317.69;50;2.50;1;1
6909;25122.19;50;2.53;1;1
6910;25464.32;50;2.51;1;1
6911;24877.81;50;2.55;1;1
6912;24731.18;50;2.49;1;1
6913;24682.31;50;2.47;1;1
6914;25122.19;50;2.47;1;1
6915;25122.19;50;2.51;1;1
6916;25415.45;50;2.51;1;1
6917;25219.94;50;2.54;1;1
6918;25366.57;50;2.52;1;1
6919;24877.81;50;2.54;1;1
6920;25024.44;50;2.49;1;1
6921;25122.19;50;2.50;1;1
6922;24486.80;50;2.51;1;1
6923;24975.56;50;2.45;1;1
6924;24877.81;50;2.50;1;1
6925;25317.69;50;2.49;1;1
6926;25268.82;50;2.53;1;1
6927;25562.07;50;2.53;1;1
6928;25073.31;50;2.56;1;1
6929;25366.57;50;2.51;1;1
6930;24975.56;50;2.54;1;1
6931;25024.44;50;2.50;1;1
6932;25122.19;50;2.50;1;1
6933;25464.32;50;2.51;1;1
6934;24828.93;50;2.55;1;1
6935;25415.45;50;2.48;1;1
6936;24975.56;50;2.54;1;1
6937;25317.69;50;2.50;1;1
6938;25073.31;50;2.53;1;1
6939;25562.07;50;2.51;1;1
6940;25073.31;50;2.56;1;1
6941;25268.82;50;2.51;1;1
6942;24682.31;50;2.53;1;1
6943;24975.56;50;2.47;1;1
6944;24291.30;50;2.50;1;1
6945;25268.82;50;2.43;1;1
6946;24535.68;50;2.53;1;1
6947;25610.95;50;2.45;1;1
6948;25317.69;50;2.56;1;1
6949;25415.45;50;2.53;1;1
6950;24584.55;50;2.54;1;1
6951;25610.95;50;2.46;1;1
6952;24877.81;50;2.56;1;1
6953;25464.32;50;2.49;1;1
6954;24926.69;50;2.55;1;1
6955;25464.32;50;2.49;1;1
6956;25219.94;50;2.55;1;1
6957;25610.95;50;2.52;1;1
6958;24828.93;50;2.56;1;1
6959;25513.20;50;2.48;1;1
6960;25073.31;50;2.55;1;1
6961;25024.44;50;2.51;1;1
6962;24828.93;50;2.50;1;1
6963;24877.81;50;2.48;1;1
6964;24828.93;50;2.49;1;1
6965;25171.06;50;2.48;1;1
6966;24340.18;50;2.52;1;1
6967;25268.82;50;2.43;1;1
6968;25024.44;50;2.53;1;1
6969;25366.57;50;2.50;1;1
6970;25073.31;50;2.54;1;1
6971;25464.32;50;2.51;1;1
6972;25024.44;50;2.55;1;1
6973;25219.94;50;2.50;1;1
6974;24584.55;50;2.52;1;1
6975;25415.45;50;2.46;1;1
6976;24877.81;50;2.54;1;1
6977;25904.20;50;2.49;1;1
6978;25366.57;50;2.59;1;1
6979;25268.82;50;2.54;1;1
6980;24682.31;50;2.53;1;1
6981;25659.82;50;2.47;1;1
6982;25513.20;50;2.57;1;1
6983;25659.82;50;2.55;1;1
6984;26099.71;50;2.57;1;1
6985;26588.46;50;2.61;1;1
6986;24975.56;50;2.66;1;1
6987;26344.09;50;2.50;1;1
6988;26588.46;50;2.63;1;1
6989;26979.47;50;2.66;1;1
6990;26197.46;50;2.70;1;1
6991;26539.59;50;2.62;1;1
6992;26050.83;50;2.65;1;1
6993;26735.09;50;2.61;1;1
6994;26539.59;50;2.67;1;1
6995;26930.60;50;2.65;1;1
6996;26392.96;50;2.69;1;1
6997;26539.59;50;2.64;1;1
6998;25610.95;50;2.65;1;1
6999;26686.22;50;2.56;1;1
7000;25953.08;50;2.67;1;1
7001;25806.45;50;2.60;1;1
7002;25464.32;50;2.58;1;1
7003;25610.95;50;2.55;1;1
7004;24731.18;50;2.56;1;1
7005;25366.57;50;2.47;1;1
7006;25268.82;50;2.54;1;1
7007;24877.81;50;2.53;1;1
7008;25171.06;50;2.49;1;1
7009;25219.94;50;2.52;1;1
7010;24877.81;50;2.52;1;1
7011;25366.57;50;2.49;1;1
7012;25171.06;50;2.54;1;1
7013;25562.07;50;2.52;1;1
7014;25464.32;50;2.56;1;1
7015;25659.82;50;2.55;1;1
7016;25024.44;50;2.57;1;1
7017;25855.33;50;2.50;1;1
7018;25219.94;50;2.59;1;1
7019;25806.45;50;2.52;1;1
7020;25610.95;50;2.58;1;1
7021;25610.95;50;2.56;1;1
7022;25562.07;50;2.56;1;1
7023;25219.94;50;2.56;1;1
7024;25219.94;50;2.52;1;1
7025;25464.32;50;2.52;1;1
7026;25415.45;50;2.55;1;1
7027;26197.46;50;2.54;1;1
7028;25024.44;50;2.62;1;1
7029;24926.69;50;2.50;1;1
7030;24780.06;50;2.49;1;1
7031;24926.69;50;2.48;1;1
7032;24486.80;50;2.49;1;1
7033;25366.57;50;2.45;1;1
7034;25171.06;50;2.54;1;1
7035;25415.45;50;2.52;1;1
7036;24340.18;50;2.54;1;1
7037;25415.45;50;2.43;1;1
7038;24877.81;50;2.54;1;1
7039;25513.20;50;2.49;1;1
7040;25122.19;50;2.55;1;1
7041;24877.81;50;2.51;1;1
7042;24633.43;50;2.49;1;1
7043;25610.95;50;2.46;1;1
7044;25073.31;50;2.56;1;1
7045;24584.55;50;2.51;1;1
7046;25073.31;50;2.46;1;1
7047;25024.44;50;2.51;1;1
7048;24828.93;50;2.50;1;1
7049;25415.45;50;2.48;1;1
7050;24731.18;50;2.54;1;1
7051;25464.32;50;2.47;1;1
7052;25659.82;50;2.55;1;1
7053;25073.31;50;2.57;1;1
7054;25415.45;50;2.51;1;1
7055;25708.70;50;2.54;1;1
7056;25562.07;50;2.57;1;1
7057;25659.82;50;2.56;1;1
7058;25268.82;50;2.57;1;1
7059;25562.07;50;2.53;1;1
7060;24535.68;50;2.56;1;1
7061;25317.69;50;2.45;1;1
7062;25415.45;50;2.53;1;1
7063;25073.31;50;2.54;1;1
7064;24828.93;50;2.51;1;1
7065;24877.81;50;2.48;1;1
7066;24975.56;50;2.49;1;1
7067;25122.19;50;2.50;1;1
7068;24926.69;50;2.51;1;1
7069;24731.18;50;2.49;1;1
7070;24975.56;50;2.47;1;1
7071;25219.94;50;2.50;1;1
7072;24926.69;50;2.52;1;1
7073;25024.44;50;2.49;1;1
7074;24828.93;50;2.50;1;1
7075;24633.43;50;2.48;1;1
7076;24486.80;50;2.46;1;1
7077;24437.93;50;2.45;1;1
7078;24682.31;50;2.44;1;1
7079;24486.80;50;2.47;1;1
7080;24731.18;50;2.45;1;1
7081;24828.93;50;2.47;1;1
7082;25024.44;50;2.48;1;1
7083;24682.31;50;2.50;1;1
7084;25024.44;50;2.47;1;1
7085;24877.81;50;2.50;1;1
7086;25073.31;50;2.49;1;1
7087;25219.94;50;2.51;1;1
7088;25317.69;50;2.52;1;1
7089;24340.18;50;2.53;1;1
7090;24975.56;50;2.43;1;1
7091;24486.80;50;2.50;1;1
7092;24877.81;50;2.45;1;1
7093;24633.43;50;2.49;1;1
7094;24828.93;50;2.46;1;1
7095;24877.81;50;2.48;1;1
7096;24780.06;50;2.49;1;1
7097;24437.93;50;2.48;1;1
7098;25122.19;50;2.44;1;1
7099;24584.55;50;2.51;1;1
7100;26197.46;50;2.46;1;1
7101;24633.43;50;2.62;1;1
7102;25317.69;50;2.46;1;1
7103;24682.31;50;2.53;1;1
7104;25268.82;50;2.47;1;1
7105;24633.43;50;2.53;1;1
7106;25415.45;50;2.46;1;1
7107;24535.68;50;2.54;1;1
7108;25562.07;50;2.45;1;1
7109;24877.81;50;2.56;1;1
7110;25366.57;50;2.49;1;1
7111;24389.05;50;2.54;1;1
7112;25171.06;50;2.44;1;1
7113;24828.93;50;2.52;1;1
7114;25562.07;50;2.48;1;1
7115;24731.18;50;2.56;1;1
7116;25024.44;50;2.47;1;1
7117;24926.69;50;2.50;1;1
7118;25171.06;50;2.49;1;1
7119;24584.55;50;2.52;1;1
7120;25219.94;50;2.46;1;1
7121;24780.06;50;2.52;1;1
7122;25513.20;50;2.48;1;1
7123;25073.31;50;2.55;1;1
7124;25268.82;50;2.51;1;1
7125;24780.06;50;2.53;1;1
7126;25610.95;50;2.48;1;1
7127;24975.56;50;2.56;1;1
7128;25806.45;50;2.50;1;1
7129;25122.19;50;2.58;1;1
7130;25708.70;50;2.51;1;1
7131;25024.44;50;2.57;1;1
7132;25562.07;50;2.50;1;1
7133;25122.19;50;2.56;1;1
7134;26001.96;50;2.51;1;1
7135;25366.57;50;2.60;1;1
7136;25904.20;50;2.54;1;1
7137;25513.20;50;2.59;1;1
7138;26099.71;50;2.55;1;1
7139;25317.69;50;2.61;1;1
7140;26050.83;50;2.53;1;1
7141;25415.45;50;2.61;1;1
7142;26050.83;50;2.54;1;1
7143;25708.70;50;2.61;1;1
7144;26099.71;50;2.57;1;1
7145;25219.94;50;2.61;1;1
7146;25953.08;50;2.52;1;1
7147;25513.20;50;2.60;1;1
7148;25855.33;50;2.55;1;1
7149;25562.07;50;2.59;1;1
7150;25366.57;50;2.56;1;1
7151;24828.93;50;2.54;1;1
7152;25757.58;50;2.48;1;1
7153;25219.94;50;2.58;1;1
7154;25562.07;50;2.52;1;1
7155;24975.56;50;2.56;1;1
7156;25757.58;50;2.50;1;1
7157;24926.69;50;2.58;1;1
7158;25562.07;50;2.49;1;1
7159;25366.57;50;2.56;1;1
7160;25855.33;50;2.54;1;1
7161;25415.45;50;2.59;1;1
7162;26050.83;50;2.54;1;1
7163;24926.69;50;2.61;1;1
7164;25806.45;50;2.49;1;1
7165;25268.82;50;2.58;1;1
7166;25659.82;50;2.53;1;1
7167;25317.69;50;2.57;1;1
7168;25806.45;50;2.53;1;1
7169;25024.44;50;2.58;1;1
7170;25806.45;50;2.50;1;1
7171;25610.95;50;2.58;1;1
7172;25464.32;50;2.56;1;1
7173;25073.31;50;2.55;1;1
7174;25562.07;50;2.51;1;1
7175;25464.32;50;2.56;1;1
7176;26050.83;50;2.55;1;1
7177;25122.19;50;2.61;1;1
7178;25904.20;50;2.51;1;1
7179;24682.31;50;2.59;1;1
7180;25024.44;50;2.47;1;1
7181;24926.69;50;2.50;1;1
7182;25464.32;50;2.49;1;1
7183;24731.18;50;2.55;1;1
7184;26099.71;50;2.47;1;1
7185;24633.43;50;2.61;1;1
7186;25268.82;50;2.46;1;1
7187;24389.05;50;2.53;1;1
7188;25073.31;50;2.44;1;1
7189;24780.06;50;2.51;1;1
7190;25073.31;50;2.48;1;1
7191;24926.69;50;2.51;1;1
7192;25610.95;50;2.49;1;1
7193;23851.42;50;2.56;1;1
7194;25464.32;50;2.39;1;1
7195;25122.19;50;2.55;1;1
7196;25562.07;50;2.51;1;1
7197;25904.20;50;2.56;1;1
7198;26197.46;50;2.59;1;1
7199;26001.96;50;2.62;1;1
7200;26099.71;50;2.60;1;1
7201;25562.07;50;2.61;1;1
7202;25806.45;50;2.56;1;1
7203;25708.70;50;2.58;1;1
7204;25415.45;50;2.57;1;1
7205;25855.33;50;2.54;1;1
7206;25953.08;50;2.59;1;1
7207;25513.20;50;2.60;1;1
7208;26148.58;50;2.55;1;1
7209;25659.82;50;2.61;1;1
7210;25855.33;50;2.57;1;1
7211;26295.21;50;2.59;1;1
7212;26001.96;50;2.63;1;1
7213;25513.20;50;2.60;1;1
7214;25513.20;50;2.55;1;1
7215;25855.33;50;2.55;1;1
7216;25659.82;50;2.59;1;1
7217;26441.84;50;2.57;1;1
7218;25904.20;50;2.64;1;1
7219;25904.20;50;2.59;1;1
7220;25659.82;50;2.59;1;1
7221;26148.58;50;2.57;1;1
7222;25904.20;50;2.61;1;1
7223;26637.34;50;2.59;1;1
7224;26344.09;50;2.66;1;1
7225;26588.46;50;2.63;1;1
7226;26099.71;50;2.66;1;1
7227;26050.83;50;2.61;1;1
7228;26050.83;50;2.61;1;1
7229;25659.82;50;2.61;1;1
7230;25757.58;50;2.57;1;1
7231;25855.33;50;2.58;1;1
7232;25708.70;50;2.59;1;1
7233;26099.71;50;2.57;1;1
7234;25953.08;50;2.61;1;1
7235;25708.70;50;2.60;1;1
7236;25122.19;50;2.57;1;1
7237;25953.08;50;2.51;1;1
7238;25122.19;50;2.60;1;1
7239;25610.95;50;2.51;1;1
7240;25415.45;50;2.56;1;1
7241;26099.71;50;2.54;1;1
7242;25317.69;50;2.61;1;1
7243;26441.84;50;2.53;1;1
7244;25513.20;50;2.64;1;1
7245;25855.33;50;2.55;1;1
7246;25317.69;50;2.59;1;1
7247;26197.46;50;2.53;1;1
7248;25513.20;50;2.62;1;1
7249;26197.46;50;2.55;1;1
7250;25317.69;50;2.62;1;1
7251;25855.33;50;2.53;1;1
7252;25317.69;50;2.59;1;1
7253;25904.20;50;2.53;1;1
7254;25610.95;50;2.59;1;1
7255;26832.84;50;2.56;1;1
7256;25757.58;50;2.68;1;1
7257;26295.21;50;2.58;1;1
7258;25708.70;50;2.63;1;1
7259;26099.71;50;2.57;1;1
7260;25659.82;50;2.61;1;1
7261;26050.83;50;2.57;1;1
7262;25855.33;50;2.61;1;1
7263;26246.33;50;2.59;1;1
7264;25659.82;50;2.62;1;1
7265;26197.46;50;2.57;1;1
7266;25317.69;50;2.62;1;1
7267;26148.58;50;2.53;1;1
7268;25659.82;50;2.61;1;1
7269;26050.83;50;2.57;1;1
7270;25562.07;50;2.61;1;1
7271;26295.21;50;2.56;1;1
7272;25904.20;50;2.63;1;1
7273;26197.46;50;2.59;1;1
7274;25219.94;50;2.62;1;1
7275;25904.20;50;2.52;1;1
7276;25562.07;50;2.59;1;1
7277;26344.09;50;2.56;1;1
7278;26099.71;50;2.63;1;1
7279;26197.46;50;2.61;1;1
7280;25415.45;50;2.62;1;1
7281;26197.46;50;2.54;1;1
7282;25513.20;50;2.62;1;1
7283;25659.82;50;2.55;1;1
7284;25464.32;50;2.57;1;1
7285;26246.33;50;2.55;1;1
7286;25415.45;50;2.62;1;1
7287;26490.71;50;2.54;1;1
7288;26099.71;50;2.65;1;1
7289;26441.84;50;2.61;1;1
7290;26295.21;50;2.64;1;1
7291;25806.45;50;2.63;1;1
7292;25806.45;50;2.58;1;1
7293;25855.33;50;2.58;1;1
7294;25610.95;50;2.59;1;1
7295;26050.83;50;2.56;1;1
7296;25317.69;50;2.61;1;1
7297;26001.96;50;2.53;1;1
7298;25513.20;50;2.60;1;1
7299;25855.33;50;2.55;1;1
7300;25464.32;50;2.59;1;1
7301;26099.71;50;2.55;1;1
7302;25562.07;50;2.61;1;1
7303;25708.70;50;2.56;1;1
7304;25415.45;50;2.57;1;1
7305;25366.57;50;2.54;1;1
7306;25659.82;50;2.54;1;1
7307;25562.07;50;2.57;1;1
7308;25317.69;50;2.56;1;1
7309;25953.08;50;2.53;1;1
7310;25513.20;50;2.60;1;1
7311;25708.70;50;2.55;1;1
7312;25562.07;50;2.57;1;1
7313;25659.82;50;2.56;1;1
7314;25464.32;50;2.57;1;1
7315;25855.33;50;2.55;1;1
7316;25806.45;50;2.59;1;1
7317;25464.32;50;2.58;1;1
7318;25366.57;50;2.55;1;1
7319;25464.32;50;2.54;1;1
7320;25610.95;50;2.55;1;1
7321;25562.07;50;2.56;1;1
7322;25659.82;50;2.56;1;1
7323;25513.20;50;2.57;1;1
7324;25659.82;50;2.55;1;1
7325;25562.07;50;2.57;1;1
7326;25562.07;50;2.56;1;1
7327;25464.32;50;2.56;1;1
7328;25513.20;50;2.55;1;1
7329;25317.69;50;2.55;1;1
7330;25610.95;50;2.53;1;1
7331;25464.32;50;2.56;1;1
7332;25562.07;50;2.55;1;1
7333;25806.45;50;2.56;1;1
7334;25708.70;50;2.58;1;1
7335;25464.32;50;2.57;1;1
7336;25708.70;50;2.55;1;1
7337;25415.45;50;2.57;1;1
7338;25855.33;50;2.54;1;1
7339;24780.06;50;2.59;1;1
7340;25122.19;50;2.48;1;1
7341;24535.68;50;2.51;1;1
7342;24437.93;50;2.45;1;1
7343;24584.55;50;2.44;1;1
7344;25024.44;50;2.46;1;1
7345;24046.92;50;2.50;1;1
7346;25171.06;50;2.40;1;1
7347;24633.43;50;2.52;1;1
7348;25806.45;50;2.46;1;1
7349;25513.20;50;2.58;1;1
7350;25610.95;50;2.55;1;1
7351;25171.06;50;2.56;1;1
7352;25708.70;50;2.52;1;1
7353;25219.94;50;2.57;1;1
7354;25513.20;50;2.52;1;1
7355;24828.93;50;2.55;1;1
7356;25415.45;50;2.48;1;1
7357;25073.31;50;2.54;1;1
7358;24877.81;50;2.51;1;1
7359;25366.57;50;2.49;1;1
7360;24975.56;50;2.54;1;1
7361;25024.44;50;2.50;1;1
7362;24780.06;50;2.50;1;1
7363;24682.31;50;2.48;1;1
7364;24486.80;50;2.47;1;1
7365;23998.04;50;2.45;1;1
7366;24584.55;50;2.40;1;1
7367;24242.42;50;2.46;1;1
7368;24633.43;50;2.42;1;1
7369;23998.04;50;2.46;1;1
7370;24828.93;50;2.40;1;1
7371;24046.92;50;2.48;1;1
7372;24340.18;50;2.40;1;1
7373;23900.29;50;2.43;1;1
7374;24682.31;50;2.39;1;1
7375;23998.04;50;2.47;1;1
7376;24584.55;50;2.40;1;1
7377;24046.92;50;2.46;1;1
7378;24633.43;50;2.40;1;1
7379;23949.17;50;2.46;1;1
7380;24193.55;50;2.39;1;1
7381;23802.54;50;2.42;1;1
7382;23998.04;50;2.38;1;1
7383;23411.54;50;2.40;1;1
7384;24682.31;50;2.34;1;1
7385;24437.93;50;2.47;1;1
7386;24926.69;50;2.44;1;1
7387;24095.80;50;2.49;1;1
7388;24633.43;50;2.41;1;1
7389;23753.67;50;2.46;1;1
7390;24926.69;50;2.38;1;1
7391;24731.18;50;2.49;1;1
7392;25415.45;50;2.47;1;1
7393;24486.80;50;2.54;1;1
7394;24780.06;50;2.45;1;1
7395;23851.42;50;2.48;1;1
7396;24780.06;50;2.39;1;1
7397;24340.18;50;2.48;1;1
7398;24486.80;50;2.43;1;1
7399;24437.93;50;2.45;1;1
7400;24682.31;50;2.44;1;1
7401;24242.42;50;2.47;1;1
7402;24584.55;50;2.42;1;1
7403;24046.92;50;2.46;1;1
7404;24633.43;50;2.40;1;1
7405;24291.30;50;2.46;1;1
7406;24633.43;50;2.43;1;1
7407;23949.17;50;2.46;1;1
7408;24437.93;50;2.39;1;1
7409;23998.04;50;2.44;1;1
7410;24535.68;50;2.40;1;1
7411;24095.80;50;2.45;1;1
7412;24535.68;50;2.41;1;1
7413;23900.29;50;2.45;1;1
7414;24584.55;50;2.39;1;1
7415;23949.17;50;2.46;1;1
7416;24389.05;50;2.39;1;1
7417;23851.42;50;2.44;1;1
7418;24535.68;50;2.39;1;1
7419;23998.04;50;2.45;1;1
7420;24486.80;50;2.40;1;1
7421;23949.17;50;2.45;1;1
7422;24584.55;50;2.39;1;1
7423;24095.80;50;2.46;1;1
7424;24389.05;50;2.41;1;1
7425;23998.04;50;2.44;1;1
7426;24389.05;50;2.40;1;1
7427;23998.04;50;2.44;1;1
7428;24340.18;50;2.40;1;1
7429;23753.67;50;2.43;1;1
7430;24095.80;50;2.38;1;1
7431;23704.79;50;2.41;1;1
7432;23851.42;50;2.37;1;1
7433;23313.78;50;2.39;1;1
7434;24193.55;50;2.33;1;1
7435;24242.42;50;2.42;1;1
7436;24584.55;50;2.42;1;1
7437;24486.80;50;2.46;1;1
7438;24584.55;50;2.45;1;1
7439;24095.80;50;2.46;1;1
7440;24437.93;50;2.41;1;1
7441;24242.42;50;2.44;1;1
7442;24486.80;50;2.42;1;1
7443;24291.30;50;2.45;1;1
7444;24144.67;50;2.43;1;1
7445;23949.17;50;2.41;1;1
7446;23998.04;50;2.39;1;1
7447;24437.93;50;2.40;1;1
7448;24486.80;50;2.44;1;1
7449;24389.05;50;2.45;1;1
7450;24193.55;50;2.44;1;1
7451;24242.42;50;2.42;1;1
7452;24095.80;50;2.42;1;1
7453;24095.80;50;2.41;1;1
7454;23900.29;50;2.41;1;1
7455;23949.17;50;2.39;1;1
7456;23851.42;50;2.39;1;1
7457;24291.30;50;2.39;1;1
7458;24144.67;50;2.43;1;1
7459;24144.67;50;2.41;1;1
7460;24144.67;50;2.41;1;1
7461;23998.04;50;2.41;1;1
7462;23753.67;50;2.40;1;1
7463;23704.79;50;2.38;1;1
7464;23851.42;50;2.37;1;1
7465;24144.67;50;2.39;1;1
7466;24095.80;50;2.41;1;1
7467;23998.04;50;2.41;1;1
7468;24095.80;50;2.40;1;1
7469;24291.30;50;2.41;1;1
7470;23851.42;50;2.43;1;1
7471;24389.05;50;2.39;1;1
7472;24193.55;50;2.44;1;1
7473;24291.30;50;2.42;1;1
7474;24193.55;50;2.43;1;1
7475;24486.80;50;2.42;1;1
7476;24437.93;50;2.45;1;1
7477;24193.55;50;2.44;1;1
7478;24291.30;50;2.42;1;1
7479;24193.55;50;2.43;1;1
7480;24144.67;50;2.42;1;1
7481;24682.31;50;2.41;1;1
7482;24046.92;50;2.47;1;1
7483;24486.80;50;2.40;1;1
7484;24242.42;50;2.45;1;1
7485;24633.43;50;2.42;1;1
7486;24095.80;50;2.46;1;1
7487;24437.93;50;2.41;1;1
7488;24340.18;50;2.44;1;1
7489;24437.93;50;2.43;1;1
7490;24389.05;50;2.44;1;1
7491;24633.43;50;2.44;1;1
7492;24389.05;50;2.46;1;1
7493;24975.56;50;2.44;1;1
7494;24828.93;50;2.50;1;1
7495;24584.55;50;2.48;1;1
7496;24144.67;50;2.46;1;1
7497;24046.92;50;2.41;1;1
7498;23851.42;50;2.40;1;1
7499;24535.68;50;2.39;1;1
7500;24291.30;50;2.45;1;1
7501;24682.31;50;2.43;1;1
7502;24486.80;50;2.47;1;1
7503;24486.80;50;2.45;1;1
7504;24486.80;50;2.45;1;1
7505;24828.93;50;2.45;1;1
7506;24193.55;50;2.48;1;1
7507;24926.69;50;2.42;1;1
7508;24437.93;50;2.49;1;1
7509;25171.06;50;2.44;1;1
7510;24535.68;50;2.52;1;1
7511;24682.31;50;2.45;1;1
7512;24535.68;50;2.47;1;1
7513;24877.81;50;2.45;1;1
7514;24144.67;50;2.49;1;1
7515;24780.06;50;2.41;1;1
7516;24193.55;50;2.48;1;1
7517;24926.69;50;2.42;1;1
7518;24389.05;50;2.49;1;1
7519;24584.55;50;2.44;1;1
7520;24291.30;50;2.46;1;1
7521;25268.82;50;2.43;1;1
7522;24340.18;50;2.53;1;1
7523;24926.69;50;2.43;1;1
7524;24486.80;50;2.49;1;1
7525;24975.56;50;2.45;1;1
7526;24682.31;50;2.50;1;1
7527;25024.44;50;2.47;1;1
7528;24584.55;50;2.50;1;1
7529;24780.06;50;2.46;1;1
7530;24389.05;50;2.48;1;1
7531;24828.93;50;2.44;1;1
7532;24633.43;50;2.48;1;1
7533;24731.18;50;2.46;1;1
7534;24633.43;50;2.47;1;1
7535;24877.81;50;2.46;1;1
7536;24682.31;50;2.49;1;1
7537;24633.43;50;2.47;1;1
7538;24437.93;50;2.46;1;1
7539;24828.93;50;2.44;1;1
7540;24437.93;50;2.48;1;1
7541;24682.31;50;2.44;1;1
7542;23753.67;50;2.47;1;1
7543;24242.42;50;2.38;1;1
7544;23998.04;50;2.42;1;1
7545;24340.18;50;2.40;1;1
7546;23802.54;50;2.43;1;1
7547;24291.30;50;2.38;1;1
7548;23558.16;50;2.43;1;1
7549;24926.69;50;2.36;1;1
7550;24828.93;50;2.49;1;1
7551;25073.31;50;2.48;1;1
7552;23998.04;50;2.51;1;1
7553;24780.06;50;2.40;1;1
7554;24095.80;50;2.48;1;1
7555;23851.42;50;2.41;1;1
7556;24095.80;50;2.39;1;1
7557;24535.68;50;2.41;1;1
7558;23900.29;50;2.45;1;1
7559;24584.55;50;2.39;1;1
7560;24926.69;50;2.46;1;1
7561;24242.42;50;2.49;1;1
7562;23753.67;50;2.42;1;1
7563;24780.06;50;2.38;1;1
7564;23802.54;50;2.48;1;1
7565;24926.69;50;2.38;1;1
7566;23753.67;50;2.49;1;1
7567;24291.30;50;2.38;1;1
7568;23509.29;50;2.43;1;1
7569;24584.55;50;2.35;1;1
7570;24046.92;50;2.46;1;1
7571;24975.56;50;2.40;1;1
7572;23949.17;50;2.50;1;1
7573;24926.69;50;2.39;1;1
7574;23900.29;50;2.49;1;1
7575;24437.93;50;2.39;1;1
7576;24046.92;50;2.44;1;1
7577;24926.69;50;2.40;1;1
7578;25073.31;50;2.49;1;1
7579;24486.80;50;2.51;1;1
7580;24584.55;50;2.45;1;1
7581;25073.31;50;2.46;1;1
7582;23900.29;50;2.51;1;1
7583;24877.81;50;2.39;1;1
7584;24877.81;50;2.49;1;1
7585;24682.31;50;2.49;1;1
7586;24242.42;50;2.47;1;1
7587;24486.80;50;2.42;1;1
7588;24046.92;50;2.45;1;1
7589;24731.18;50;2.40;1;1
7590;23704.79;50;2.47;1;1
7591;24535.68;50;2.37;1;1
7592;23753.67;50;2.45;1;1
7593;24877.81;50;2.38;1;1
7594;23900.29;50;2.49;1;1
7595;24926.69;50;2.39;1;1
7596;23998.04;50;2.49;1;1
7597;24486.80;50;2.40;1;1
7598;24389.05;50;2.45;1;1
7599;24780.06;50;2.44;1;1
7600;24389.05;50;2.48;1;1
7601;26344.09;50;2.44;1;1
7602;24877.81;50;2.63;1;1
7603;26295.21;50;2.49;1;1
7604;25219.94;50;2.63;1;1
7605;25464.32;50;2.52;1;1
7606;25562.07;50;2.55;1;1
7607;25268.82;50;2.56;1;1
7608;24731.18;50;2.53;1;1
7609;25219.94;50;2.47;1;1
7610;24535.68;50;2.52;1;1
7611;24780.06;50;2.45;1;1
7612;24682.31;50;2.48;1;1
7613;26148.58;50;2.47;1;1
7614;25268.82;50;2.61;1;1
7615;25953.08;50;2.53;1;1
7616;25464.32;50;2.60;1;1
7617;26344.09;50;2.55;1;1
7618;25219.94;50;2.63;1;1
7619;25464.32;50;2.52;1;1
7620;25268.82;50;2.55;1;1
7621;25953.08;50;2.53;1;1
7622;24486.80;50;2.60;1;1
7623;25562.07;50;2.45;1;1
7624;25122.19;50;2.56;1;1
7625;25610.95;50;2.51;1;1
7626;25317.69;50;2.56;1;1
7627;25366.57;50;2.53;1;1
7628;24975.56;50;2.54;1;1
7629;25708.70;50;2.50;1;1
7630;24975.56;50;2.57;1;1
7631;26001.96;50;2.50;1;1
7632;25366.57;50;2.60;1;1
7633;25904.20;50;2.54;1;1
7634;25415.45;50;2.59;1;1
7635;25708.70;50;2.54;1;1
7636;25171.06;50;2.57;1;1
7637;25855.33;50;2.52;1;1
7638;25415.45;50;2.59;1;1
7639;25024.44;50;2.54;1;1
7640;25415.45;50;2.50;1;1
7641;26344.09;50;2.54;1;1
7642;24828.93;50;2.63;1;1
7643;25806.45;50;2.48;1;1
7644;24780.06;50;2.58;1;1
7645;25219.94;50;2.48;1;1
7646;25366.57;50;2.52;1;1
7647;25757.58;50;2.54;1;1
7648;25464.32;50;2.58;1;1
7649;26197.46;50;2.55;1;1
7650;25757.58;50;2.62;1;1
7651;25122.19;50;2.58;1;1
7652;25024.44;50;2.51;1;1
7653;26001.96;50;2.50;1;1
7654;24291.30;50;2.60;1;1
7655;25122.19;50;2.43;1;1
7656;24926.69;50;2.51;1;1
7657;25757.58;50;2.49;1;1
7658;25513.20;50;2.58;1;1
7659;25904.20;50;2.55;1;1
7660;25219.94;50;2.59;1;1
7661;25317.69;50;2.52;1;1
7662;25513.20;50;2.53;1;1
7663;25513.20;50;2.55;1;1
7664;23851.42;50;2.55;1;1
7665;25562.07;50;2.39;1;1
7666;25464.32;50;2.56;1;1
7667;25366.57;50;2.55;1;1
7668;25073.31;50;2.54;1;1
7669;24584.55;50;2.51;1;1
7670;24926.69;50;2.46;1;1
7671;25171.06;50;2.49;1;1
7672;25562.07;50;2.52;1;1
7673;24926.69;50;2.56;1;1
7674;25317.69;50;2.49;1;1
7675;25464.32;50;2.53;1;1
7676;25562.07;50;2.55;1;1
7677;24975.56;50;2.56;1;1
7678;25806.45;50;2.50;1;1
7679;25073.31;50;2.58;1;1
7680;25366.57;50;2.51;1;1
7681;24731.18;50;2.54;1;1
7682;25366.57;50;2.47;1;1
7683;24731.18;50;2.54;1;1
7684;25659.82;50;2.47;1;1
7685;24780.06;50;2.57;1;1
7686;25562.07;50;2.48;1;1
7687;25317.69;50;2.56;1;1
7688;25317.69;50;2.53;1;1
7689;25513.20;50;2.53;1;1
7690;25610.95;50;2.55;1;1
7691;24828.93;50;2.56;1;1
7692;25904.20;50;2.48;1;1
7693;24584.55;50;2.59;1;1
7694;25464.32;50;2.46;1;1
7695;24926.69;50;2.55;1;1
7696;25122.19;50;2.49;1;1
7697;24877.81;50;2.51;1;1
7698;25122.19;50;2.49;1;1
7699;24877.81;50;2.51;1;1
7700;25219.94;50;2.49;1;1
7701;24780.06;50;2.52;1;1
7702;25317.69;50;2.48;1;1
7703;25317.69;50;2.53;1;1
7704;25122.19;50;2.53;1;1
7705;25122.19;50;2.51;1;1
7706;25659.82;50;2.51;1;1
7707;25073.31;50;2.57;1;1
7708;25757.58;50;2.51;1;1
7709;24780.06;50;2.58;1;1
7710;25904.20;50;2.48;1;1
7711;24731.18;50;2.59;1;1
7712;25610.95;50;2.47;1;1
7713;24828.93;50;2.56;1;1
7714;25562.07;50;2.48;1;1
7715;24828.93;50;2.56;1;1
7716;25415.45;50;2.48;1;1
7717;24975.56;50;2.54;1;1
7718;25317.69;50;2.50;1;1
7719;24877.81;50;2.53;1;1
7720;25317.69;50;2.49;1;1
7721;24926.69;50;2.53;1;1
7722;25464.32;50;2.49;1;1
7723;24926.69;50;2.55;1;1
7724;25317.69;50;2.49;1;1
7725;24682.31;50;2.53;1;1
7726;24975.56;50;2.47;1;1
7727;24828.93;50;2.50;1;1
7728;25513.20;50;2.48;1;1
7729;24780.06;50;2.55;1;1
7730;25317.69;50;2.48;1;1
7731;24486.80;50;2.53;1;1
7732;25171.06;50;2.45;1;1
7733;24633.43;50;2.52;1;1
7734;25806.45;50;2.46;1;1
7735;24877.81;50;2.58;1;1
7736;25171.06;50;2.49;1;1
7737;24877.81;50;2.52;1;1
7738;25268.82;50;2.49;1;1
7739;24828.93;50;2.53;1;1
7740;25757.58;50;2.48;1;1
7741;25073.31;50;2.58;1;1
7742;25708.70;50;2.51;1;1
7743;25171.06;50;2.57;1;1
7744;25317.69;50;2.52;1;1
7745;24877.81;50;2.53;1;1
7746;25757.58;50;2.49;1;1
7747;25024.44;50;2.58;1;1
7748;25757.58;50;2.50;1;1
7749;24877.81;50;2.58;1;1
7750;25708.70;50;2.49;1;1
7751;25219.94;50;2.57;1;1
7752;25415.45;50;2.52;1;1
7753;24682.31;50;2.54;1;1
7754;25415.45;50;2.47;1;1
7755;24828.93;50;2.54;1;1
7756;25171.06;50;2.48;1;1
7757;24926.69;50;2.52;1;1
7758;25659.82;50;2.49;1;1
7759;24926.69;50;2.57;1;1
7760;25122.19;50;2.49;1;1
7761;24926.69;50;2.51;1;1
7762;25268.82;50;2.49;1;1
7763;24731.18;50;2.53;1;1
7764;25366.57;50;2.47;1;1
7765;24682.31;50;2.54;1;1
7766;25464.32;50;2.47;1;1
7767;24828.93;50;2.55;1;1
7768;25219.94;50;2.48;1;1
7769;24926.69;50;2.52;1;1
7770;25268.82;50;2.49;1;1
7771;24535.68;50;2.53;1;1
7772;25366.57;50;2.45;1;1
7773;24682.31;50;2.54;1;1
7774;25268.82;50;2.47;1;1
7775;24584.55;50;2.53;1;1
7776;25366.57;50;2.46;1;1
7777;24877.81;50;2.54;1;1
7778;24975.56;50;2.49;1;1
7779;24633.43;50;2.50;1;1
7780;25317.69;50;2.46;1;1
7781;24780.06;50;2.53;1;1
7782;25122.19;50;2.48;1;1
7783;24682.31;50;2.51;1;1
7784;25366.57;50;2.47;1;1
7785;24535.68;50;2.54;1;1
7786;25073.31;50;2.45;1;1
7787;24731.18;50;2.51;1;1
7788;25513.20;50;2.47;1;1
7789;24780.06;50;2.55;1;1
7790;25219.94;50;2.48;1;1
7791;24682.31;50;2.52;1;1
7792;25562.07;50;2.47;1;1
7793;24291.30;50;2.56;1;1
7794;25073.31;50;2.43;1;1
7795;24486.80;50;2.51;1;1
7796;25415.45;50;2.45;1;1
7797;24291.30;50;2.54;1;1
7798;25122.19;50;2.43;1;1
7799;24584.55;50;2.51;1;1
7800;25268.82;50;2.46;1;1
7801;24731.18;50;2.53;1;1
7802;25415.45;50;2.47;1;1
7803;25171.06;50;2.54;1;1
7804;25219.94;50;2.52;1;1
7805;24828.93;50;2.52;1;1
7806;25219.94;50;2.48;1;1
7807;24633.43;50;2.52;1;1
7808;25219.94;50;2.46;1;1
7809;25024.44;50;2.52;1;1
7810;25708.70;50;2.50;1;1
7811;24828.93;50;2.57;1;1
7812;25317.69;50;2.48;1;1
7813;24584.55;50;2.53;1;1
7814;25122.19;50;2.46;1;1
7815;24144.67;50;2.51;1;1
7816;24926.69;50;2.41;1;1
7817;24242.42;50;2.49;1;1
7818;24731.18;50;2.42;1;1
7819;24144.67;50;2.47;1;1
7820;25366.57;50;2.41;1;1
7821;24437.93;50;2.54;1;1
7822;24877.81;50;2.44;1;1
7823;24437.93;50;2.49;1;1
7824;25219.94;50;2.44;1;1
7825;24437.93;50;2.52;1;1
7826;25219.94;50;2.44;1;1
7827;24584.55;50;2.52;1;1
7828;25024.44;50;2.46;1;1
7829;23998.04;50;2.50;1;1
7830;25513.20;50;2.40;1;1
7831;24389.05;50;2.55;1;1
7832;25024.44;50;2.44;1;1
7833;24193.55;50;2.50;1;1
7834;25219.94;50;2.42;1;1
7835;24633.43;50;2.52;1;1
7836;25073.31;50;2.46;1;1
7837;24437.93;50;2.51;1;1
7838;25024.44;50;2.44;1;1
7839;24193.55;50;2.50;1;1
7840;25171.06;50;2.42;1;1
7841;24584.55;50;2.52;1;1
7842;25513.20;50;2.46;1;1
7843;24780.06;50;2.55;1;1
7844;25268.82;50;2.48;1;1
7845;24780.06;50;2.53;1;1
7846;25855.33;50;2.48;1;1
7847;24877.81;50;2.59;1;1
7848;25366.57;50;2.49;1;1
7849;24731.18;50;2.54;1;1
7850;25513.20;50;2.47;1;1
7851;24389.05;50;2.55;1;1
7852;25317.69;50;2.44;1;1
7853;24828.93;50;2.53;1;1
7854;25122.19;50;2.48;1;1
7855;24975.56;50;2.51;1;1
7856;25219.94;50;2.50;1;1
7857;25317.69;50;2.52;1;1
7858;25513.20;50;2.53;1;1
7859;24926.69;50;2.55;1;1
7860;25464.32;50;2.49;1;1
7861;24877.81;50;2.55;1;1
7862;25219.94;50;2.49;1;1
7863;24975.56;50;2.52;1;1
7864;25024.44;50;2.50;1;1
7865;24780.06;50;2.50;1;1
7866;25562.07;50;2.48;1;1
7867;25268.82;50;2.56;1;1
7868;25513.20;50;2.53;1;1
7869;25757.58;50;2.55;1;1
7870;25366.57;50;2.58;1;1
7871;25268.82;50;2.54;1;1
7872;25171.06;50;2.53;1;1
7873;24975.56;50;2.52;1;1
7874;25415.45;50;2.50;1;1
7875;24877.81;50;2.54;1;1
7876;25219.94;50;2.49;1;1
7877;24780.06;50;2.52;1;1
7878;25073.31;50;2.48;1;1
7879;25219.94;50;2.51;1;1
7880;24828.93;50;2.52;1;1
7881;24731.18;50;2.48;1;1
7882;25317.69;50;2.47;1;1
7883;25366.57;50;2.53;1;1
7884;25268.82;50;2.54;1;1
7885;25122.19;50;2.53;1;1
7886;25366.57;50;2.51;1;1
7887;24975.56;50;2.54;1;1
7888;25024.44;50;2.50;1;1
7889;24877.81;50;2.50;1;1
7890;24975.56;50;2.49;1;1
7891;25024.44;50;2.50;1;1
7892;25024.44;50;2.50;1;1
7893;24975.56;50;2.50;1;1
7894;25366.57;50;2.50;1;1
7895;25073.31;50;2.54;1;1
7896;25073.31;50;2.51;1;1
7897;25415.45;50;2.51;1;1
7898;25317.69;50;2.54;1;1
7899;25268.82;50;2.53;1;1
7900;25122.19;50;2.53;1;1
7901;24535.68;50;2.51;1;1
7902;25073.31;50;2.45;1;1
7903;24780.06;50;2.51;1;1
7904;24877.81;50;2.48;1;1
7905;24780.06;50;2.49;1;1
7906;24975.56;50;2.48;1;1
7907;24926.69;50;2.50;1;1
7908;24682.31;50;2.49;1;1
7909;24877.81;50;2.47;1;1
7910;24682.31;50;2.49;1;1
7911;24877.81;50;2.47;1;1
7912;24682.31;50;2.49;1;1
7913;24780.06;50;2.47;1;1
7914;24633.43;50;2.48;1;1
7915;25024.44;50;2.46;1;1
7916;24780.06;50;2.50;1;1
7917;24926.69;50;2.48;1;1
7918;24926.69;50;2.49;1;1
7919;25219.94;50;2.49;1;1
7920;24584.55;50;2.52;1;1
7921;25219.94;50;2.46;1;1
7922;24975.56;50;2.52;1;1
7923;24780.06;50;2.50;1;1
7924;24780.06;50;2.48;1;1
7925;25122.19;50;2.48;1;1
7926;24731.18;50;2.51;1;1
7927;25219.94;50;2.47;1;1
7928;24975.56;50;2.52;1;1
7929;25122.19;50;2.50;1;1
7930;24584.55;50;2.51;1;1
7931;25122.19;50;2.46;1;1
7932;24975.56;50;2.51;1;1
7933;25219.94;50;2.50;1;1
7934;24877.81;50;2.52;1;1
7935;24535.68;50;2.49;1;1
7936;24877.81;50;2.45;1;1
7937;24975.56;50;2.49;1;1
7938;24877.81;50;2.50;1;1
7939;24975.56;50;2.49;1;1
7940;25268.82;50;2.50;1;1
7941;24926.69;50;2.53;1;1
7942;24877.81;50;2.49;1;1
7943;25708.70;50;2.49;1;1
7944;24340.18;50;2.57;1;1
7945;24926.69;50;2.43;1;1
7946;24877.81;50;2.49;1;1
7947;25610.95;50;2.49;1;1
7948;24877.81;50;2.56;1;1
7949;24926.69;50;2.49;1;1
7950;24780.06;50;2.49;1;1
7951;24340.18;50;2.48;1;1
7952;23998.04;50;2.43;1;1
7953;24437.93;50;2.40;1;1
7954;23998.04;50;2.44;1;1
7955;24144.67;50;2.40;1;1
7956;23704.79;50;2.41;1;1
7957;24193.55;50;2.37;1;1
7958;23704.79;50;2.42;1;1
7959;23558.16;50;2.37;1;1
7960;23313.78;50;2.36;1;1
7961;23509.29;50;2.33;1;1
7962;23264.91;50;2.35;1;1
7963;23704.79;50;2.33;1;1
7964;23460.41;50;2.37;1;1
7965;24193.55;50;2.35;1;1
7966;23704.79;50;2.42;1;1
7967;24437.93;50;2.37;1;1
7968;24242.42;50;2.44;1;1
7969;24486.80;50;2.42;1;1
7970;23900.29;50;2.45;1;1
7971;24437.93;50;2.39;1;1
7972;24193.55;50;2.44;1;1
7973;24877.81;50;2.42;1;1
7974;24340.18;50;2.49;1;1
7975;24535.68;50;2.43;1;1
7976;24144.67;50;2.45;1;1
7977;25171.06;50;2.41;1;1
7978;23998.04;50;2.52;1;1
7979;24437.93;50;2.40;1;1
7980;24242.42;50;2.44;1;1
7981;24486.80;50;2.42;1;1
7982;24291.30;50;2.45;1;1
7983;24633.43;50;2.43;1;1
7984;23998.04;50;2.46;1;1
7985;23900.29;50;2.40;1;1
7986;23753.67;50;2.39;1;1
7987;23851.42;50;2.38;1;1
7988;24389.05;50;2.39;1;1
7989;24682.31;50;2.44;1;1
7990;24095.80;50;2.47;1;1
7991;24682.31;50;2.41;1;1
7992;24144.67;50;2.47;1;1
7993;24584.55;50;2.41;1;1
7994;24144.67;50;2.46;1;1
7995;24633.43;50;2.41;1;1
7996;24144.67;50;2.46;1;1
7997;24535.68;50;2.41;1;1
7998;24144.67;50;2.45;1;1
7999;24340.18;50;2.41;1;1
8000;24095.80;50;2.43;1;1
8001;24682.31;50;2.41;1;1
8002;23949.17;50;2.47;1;1
8003;24535.68;50;2.39;1;1
8004;24144.67;50;2.45;1;1
8005;24144.67;50;2.41;1;1
8006;23704.79;50;2.41;1;1
8007;24046.92;50;2.37;1;1
8008;23753.67;50;2.40;1;1
8009;23998.04;50;2.38;1;1
8010;24291.30;50;2.40;1;1
8011;24584.55;50;2.43;1;1
8012;24291.30;50;2.46;1;1
8013;25122.19;50;2.43;1;1
8014;24291.30;50;2.51;1;1
8015;25268.82;50;2.43;1;1
8016;24731.18;50;2.53;1;1
8017;25268.82;50;2.47;1;1
8018;24731.18;50;2.53;1;1
8019;25171.06;50;2.47;1;1
8020;24389.05;50;2.52;1;1
8021;25122.19;50;2.44;1;1
8022;24486.80;50;2.51;1;1
8023;25024.44;50;2.45;1;1
8024;24486.80;50;2.50;1;1
8025;25073.31;50;2.45;1;1
8026;24633.43;50;2.51;1;1
8027;25073.31;50;2.46;1;1
8028;24926.69;50;2.51;1;1
8029;25171.06;50;2.49;1;1
8030;24584.55;50;2.52;1;1
8031;24926.69;50;2.46;1;1
8032;24731.18;50;2.49;1;1
8033;25171.06;50;2.47;1;1
8034;24682.31;50;2.52;1;1
8035;25317.69;50;2.47;1;1
8036;23753.67;50;2.53;1;1
8037;25073.31;50;2.38;1;1
8038;24535.68;50;2.51;1;1
8039;25171.06;50;2.45;1;1
8040;24486.80;50;2.52;1;1
8041;25317.69;50;2.45;1;1
8042;23998.04;50;2.53;1;1
8043;25122.19;50;2.40;1;1
8044;24437.93;50;2.51;1;1
8045;25073.31;50;2.44;1;1
8046;24535.68;50;2.51;1;1
8047;25610.95;50;2.45;1;1
8048;24633.43;50;2.56;1;1
8049;25366.57;50;2.46;1;1
8050;24731.18;50;2.54;1;1
8051;25073.31;50;2.47;1;1
8052;24682.31;50;2.51;1;1
8053;25122.19;50;2.47;1;1
8054;24633.43;50;2.51;1;1
8055;25024.44;50;2.46;1;1
8056;24340.18;50;2.50;1;1
8057;24975.56;50;2.43;1;1
8058;24437.93;50;2.50;1;1
8059;25024.44;50;2.44;1;1
8060;24389.05;50;2.50;1;1
8061;24975.56;50;2.44;1;1
8062;24877.81;50;2.50;1;1
8063;25268.82;50;2.49;1;1
8064;24780.06;50;2.53;1;1
8065;25219.94;50;2.48;1;1
8066;24731.18;50;2.52;1;1
8067;25024.44;50;2.47;1;1
8068;24291.30;50;2.50;1;1
8069;25024.44;50;2.43;1;1
8070;24535.68;50;2.50;1;1
8071;25024.44;50;2.45;1;1
8072;24437.93;50;2.50;1;1
8073;25024.44;50;2.44;1;1
8074;24633.43;50;2.50;1;1
8075;24828.93;50;2.46;1;1
8076;24437.93;50;2.48;1;1
8077;25024.44;50;2.44;1;1
8078;24633.43;50;2.50;1;1
8079;25122.19;50;2.46;1;1
8080;24193.55;50;2.51;1;1
8081;24975.56;50;2.42;1;1
8082;24584.55;50;2.50;1;1
8083;25171.06;50;2.46;1;1
8084;24877.81;50;2.52;1;1
8085;25073.31;50;2.49;1;1
8086;24633.43;50;2.51;1;1
8087;25562.07;50;2.46;1;1
8088;25219.94;50;2.56;1;1
8089;25317.69;50;2.52;1;1
8090;24780.06;50;2.53;1;1
8091;25366.57;50;2.48;1;1
8092;24975.56;50;2.54;1;1
8093;25415.45;50;2.50;1;1
8094;24828.93;50;2.54;1;1
8095;25562.07;50;2.48;1;1
8096;25219.94;50;2.56;1;1
8097;25806.45;50;2.52;1;1
8098;25464.32;50;2.58;1;1
8099;25806.45;50;2.55;1;1
8100;25122.19;50;2.58;1;1
8101;25317.69;50;2.51;1;1
8102;24731.18;50;2.53;1;1
8103;25366.57;50;2.47;1;1
8104;25024.44;50;2.54;1;1
8105;25122.19;50;2.50;1;1
8106;24437.93;50;2.51;1;1
8107;25268.82;50;2.44;1;1
8108;25610.95;50;2.53;1;1
8109;26148.58;50;2.56;1;1
8110;25659.82;50;2.61;1;1
8111;26246.33;50;2.57;1;1
8112;25610.95;50;2.62;1;1
8113;26148.58;50;2.56;1;1
8114;25562.07;50;2.61;1;1
8115;26392.96;50;2.56;1;1
8116;25562.07;50;2.64;1;1
8117;26490.71;50;2.56;1;1
8118;25708.70;50;2.65;1;1
8119;26148.58;50;2.57;1;1
8120;25562.07;50;2.61;1;1
8121;26148.58;50;2.56;1;1
8122;26001.96;50;2.61;1;1
8123;26392.96;50;2.60;1;1
8124;25757.58;50;2.64;1;1
8125;26295.21;50;2.58;1;1
8126;25806.45;50;2.63;1;1
8127;26539.59;50;2.58;1;1
8128;25904.20;50;2.65;1;1
8129;26539.59;50;2.59;1;1
8130;25219.94;50;2.65;1;1
8131;26295.21;50;2.52;1;1
8132;25464.32;50;2.63;1;1
8133;26197.46;50;2.55;1;1
8134;25268.82;50;2.62;1;1
8135;26099.71;50;2.53;1;1
8136;25415.45;50;2.61;1;1
8137;25757.58;50;2.54;1;1
8138;25317.69;50;2.58;1;1
8139;26148.58;50;2.53;1;1
8140;25415.45;50;2.61;1;1
8141;25757.58;50;2.54;1;1
8142;25219.94;50;2.58;1;1
8143;26099.71;50;2.52;1;1
8144;25708.70;50;2.61;1;1
8145;26001.96;50;2.57;1;1
8146;25415.45;50;2.60;1;1
8147;25464.32;50;2.54;1;1
8148;25757.58;50;2.55;1;1
8149;25855.33;50;2.58;1;1
8150;25562.07;50;2.59;1;1
8151;26148.58;50;2.56;1;1
8152;25659.82;50;2.61;1;1
8153;26588.46;50;2.57;1;1
8154;25904.20;50;2.66;1;1
8155;26637.34;50;2.59;1;1
8156;26099.71;50;2.66;1;1
8157;26783.97;50;2.61;1;1
8158;25904.20;50;2.68;1;1
8159;26392.96;50;2.59;1;1
8160;25757.58;50;2.64;1;1
8161;26979.47;50;2.58;1;1
8162;25953.08;50;2.70;1;1
8163;26050.83;50;2.60;1;1
8164;26001.96;50;2.61;1;1
8165;26392.96;50;2.60;1;1
8166;25708.70;50;2.64;1;1
8167;26392.96;50;2.57;1;1
8168;26050.83;50;2.64;1;1
8169;26539.59;50;2.61;1;1
8170;25757.58;50;2.65;1;1
8171;26588.46;50;2.58;1;1
8172;26001.96;50;2.66;1;1
8173;26490.71;50;2.60;1;1
8174;25464.32;50;2.65;1;1
8175;26637.34;50;2.55;1;1
8176;25708.70;50;2.66;1;1
8177;26588.46;50;2.57;1;1
8178;25806.45;50;2.66;1;1
8179;26246.33;50;2.58;1;1
8180;26148.58;50;2.62;1;1
8181;26441.84;50;2.61;1;1
8182;25904.20;50;2.64;1;1
8183;26783.97;50;2.59;1;1
8184;25610.95;50;2.68;1;1
8185;26686.22;50;2.56;1;1
8186;26148.58;50;2.67;1;1
8187;26637.34;50;2.61;1;1
8188;26148.58;50;2.66;1;1
8189;26588.46;50;2.61;1;1
8190;26001.96;50;2.66;1;1
8191;26490.71;50;2.60;1;1
8192;26246.33;50;2.65;1;1
8193;26490.71;50;2.62;1;1
8194;26295.21;50;2.65;1;1
8195;26392.96;50;2.63;1;1
8196;26197.46;50;2.64;1;1
8197;26441.84;50;2.62;1;1
8198;26295.21;50;2.64;1;1
8199;26344.09;50;2.63;1;1
8200;26001.96;50;2.63;1;1
8201;26197.46;50;2.60;1;1
8202;26197.46;50;2.62;1;1
8203;26539.59;50;2.62;1;1
8204;26246.33;50;2.65;1;1
8205;25855.33;50;2.62;1;1
8206;26148.58;50;2.59;1;1
8207;26735.09;50;2.61;1;1
8208;26344.09;50;2.67;1;1
8209;26392.96;50;2.63;1;1
8210;26441.84;50;2.64;1;1
8211;26686.22;50;2.64;1;1
8212;26099.71;50;2.67;1;1
8213;26441.84;50;2.61;1;1
8214;26490.71;50;2.64;1;1
8215;26637.34;50;2.65;1;1
8216;25659.82;50;2.66;1;1
8217;26099.71;50;2.57;1;1
8218;26099.71;50;2.61;1;1
8219;26001.96;50;2.61;1;1
8220;26148.58;50;2.60;1;1
8221;26686.22;50;2.61;1;1
8222;26490.71;50;2.67;1;1
8223;26441.84;50;2.65;1;1
8224;26783.97;50;2.64;1;1
8225;26295.21;50;2.68;1;1
8226;26490.71;50;2.63;1;1
8227;26588.46;50;2.65;1;1
8228;26588.46;50;2.66;1;1
8229;26392.96;50;2.66;1;1
8230;26881.72;50;2.64;1;1
8231;26246.33;50;2.69;1;1
8232;27077.22;50;2.62;1;1
8233;26148.58;50;2.71;1;1
8234;26783.97;50;2.61;1;1
8235;26392.96;50;2.68;1;1
8236;26979.47;50;2.64;1;1
8237;26832.84;50;2.70;1;1
8238;26979.47;50;2.68;1;1
8239;27028.35;50;2.70;1;1
8240;26881.72;50;2.70;1;1
8241;26588.46;50;2.69;1;1
8242;26979.47;50;2.66;1;1
8243;26832.84;50;2.70;1;1
8244;27174.97;50;2.68;1;1
8245;26637.34;50;2.72;1;1
8246;27028.35;50;2.66;1;1
8247;26441.84;50;2.70;1;1
8248;26930.60;50;2.64;1;1
8249;26686.22;50;2.69;1;1
8250;26979.47;50;2.67;1;1
8251;26490.71;50;2.70;1;1
8252;27614.86;50;2.65;1;1
8253;27028.35;50;2.76;1;1
8254;27614.86;50;2.70;1;1
8255;27028.35;50;2.76;1;1
8256;27517.11;50;2.70;1;1
8257;26686.22;50;2.75;1;1
8258;27370.48;50;2.67;1;1
8259;27174.97;50;2.74;1;1
8260;27223.85;50;2.72;1;1
8261;26979.47;50;2.72;1;1
8262;27663.73;50;2.70;1;1
8263;26881.72;50;2.77;1;1
8264;27223.85;50;2.69;1;1
8265;26832.84;50;2.72;1;1
8266;27272.73;50;2.68;1;1
8267;26588.46;50;2.73;1;1
8268;27272.73;50;2.66;1;1
8269;26539.59;50;2.73;1;1
8270;26392.96;50;2.65;1;1
8271;26686.22;50;2.64;1;1
8272;26735.09;50;2.67;1;1
8273;26344.09;50;2.67;1;1
8274;26637.34;50;2.63;1;1
8275;26344.09;50;2.66;1;1
8276;26783.97;50;2.63;1;1
8277;26490.71;50;2.68;1;1
8278;26637.34;50;2.65;1;1
8279;25806.45;50;2.66;1;1
8280;26441.84;50;2.58;1;1
8281;25904.20;50;2.64;1;1
8282;26441.84;50;2.59;1;1
8283;25855.33;50;2.64;1;1
8284;26344.09;50;2.59;1;1
8285;26295.21;50;2.63;1;1
8286;26637.34;50;2.63;1;1
8287;26099.71;50;2.66;1;1
8288;26832.84;50;2.61;1;1
8289;26539.59;50;2.68;1;1
8290;26735.09;50;2.65;1;1
8291;26246.33;50;2.67;1;1
8292;26588.46;50;2.62;1;1
8293;25904.20;50;2.66;1;1
8294;26392.96;50;2.59;1;1
8295;26050.83;50;2.64;1;1
8296;26686.22;50;2.61;1;1
8297;26197.46;50;2.67;1;1
8298;26295.21;50;2.62;1;1
8299;26001.96;50;2.63;1;1
8300;26881.72;50;2.60;1;1
8301;26099.71;50;2.69;1;1
8302;26588.46;50;2.61;1;1
8303;26001.96;50;2.66;1;1
8304;26539.59;50;2.60;1;1
8305;26344.09;50;2.65;1;1
8306;26539.59;50;2.63;1;1
8307;26637.34;50;2.65;1;1
8308;26735.09;50;2.66;1;1
8309;26099.71;50;2.67;1;1
8310;26490.71;50;2.61;1;1
8311;26099.71;50;2.65;1;1
8312;26783.97;50;2.61;1;1
8313;26490.71;50;2.68;1;1
8314;26588.46;50;2.65;1;1
8315;26001.96;50;2.66;1;1
8316;26881.72;50;2.60;1;1
8317;26686.22;50;2.69;1;1
8318;27419.35;50;2.67;1;1
8319;26832.84;50;2.74;1;1
8320;27223.85;50;2.68;1;1
8321;26539.59;50;2.72;1;1
8322;27126.10;50;2.65;1;1
8323;26881.72;50;2.71;1;1
8324;26881.72;50;2.69;1;1
8325;26783.97;50;2.69;1;1
8326;27468.23;50;2.68;1;1
8327;26832.84;50;2.75;1;1
8328;26832.84;50;2.68;1;1
8329;26441.84;50;2.68;1;1
8330;26832.84;50;2.64;1;1
8331;26295.21;50;2.68;1;1
8332;26783.97;50;2.63;1;1
8333;26246.33;50;2.68;1;1
8334;26783.97;50;2.62;1;1
8335;26295.21;50;2.68;1;1
8336;26588.46;50;2.63;1;1
8337;26197.46;50;2.66;1;1
8338;26735.09;50;2.62;1;1
8339;26099.71;50;2.67;1;1
8340;26979.47;50;2.61;1;1
8341;26148.58;50;2.70;1;1
8342;26686.22;50;2.61;1;1
8343;26246.33;50;2.67;1;1
8344;26344.09;50;2.62;1;1
8345;26197.46;50;2.63;1;1
8346;26832.84;50;2.62;1;1
8347;26246.33;50;2.68;1;1
8348;26686.22;50;2.62;1;1
8349;26099.71;50;2.67;1;1
8350;26588.46;50;2.61;1;1
8351;26295.21;50;2.66;1;1
8352;26735.09;50;2.63;1;1
8353;25806.45;50;2.67;1;1
8354;26344.09;50;2.58;1;1
8355;26001.96;50;2.63;1;1
8356;26490.71;50;2.60;1;1
8357;26050.83;50;2.65;1;1
8358;26783.97;50;2.61;1;1
8359;25806.45;50;2.68;1;1
8360;26295.21;50;2.58;1;1
8361;25708.70;50;2.63;1;1
8362;26344.09;50;2.57;1;1
8363;25610.95;50;2.63;1;1
8364;26441.84;50;2.56;1;1
8365;25610.95;50;2.64;1;1
8366;25904.20;50;2.56;1;1
8367;25757.58;50;2.59;1;1
8368;26197.46;50;2.58;1;1
8369;25806.45;50;2.62;1;1
8370;26099.71;50;2.58;1;1
8371;25953.08;50;2.61;1;1
8372;25953.08;50;2.60;1;1
8373;25659.82;50;2.60;1;1
8374;26295.21;50;2.57;1;1
8375;26099.71;50;2.63;1;1
8376;26539.59;50;2.61;1;1
8377;25806.45;50;2.65;1;1
8378;26197.46;50;2.58;1;1
8379;25317.69;50;2.62;1;1
8380;26148.58;50;2.53;1;1
8381;25708.70;50;2.61;1;1
8382;26539.59;50;2.57;1;1
8383;25855.33;50;2.65;1;1
8384;26539.59;50;2.59;1;1
8385;25855.33;50;2.65;1;1
8386;26392.96;50;2.59;1;1
8387;25610.95;50;2.64;1;1
8388;26392.96;50;2.56;1;1
8389;25513.20;50;2.64;1;1
8390;26050.83;50;2.55;1;1
8391;25659.82;50;2.61;1;1
8392;26246.33;50;2.57;1;1
8393;25757.58;50;2.62;1;1
8394;26148.58;50;2.58;1;1
8395;25171.06;50;2.61;1;1
8396;26490.71;50;2.52;1;1
8397;25415.45;50;2.65;1;1
8398;25904.20;50;2.54;1;1
8399;25659.82;50;2.59;1;1
8400;25953.08;50;2.57;1;1
8401;25317.69;50;2.60;1;1
8402;25757.58;50;2.53;1;1
8403;25513.20;50;2.58;1;1
8404;26099.71;50;2.55;1;1
8405;25659.82;50;2.61;1;1
8406;25953.08;50;2.57;1;1
8407;25562.07;50;2.60;1;1
8408;25953.08;50;2.56;1;1
8409;25219.94;50;2.60;1;1
8410;25855.33;50;2.52;1;1
8411;25317.69;50;2.59;1;1
8412;25757.58;50;2.53;1;1
8413;25268.82;50;2.58;1;1
8414;25904.20;50;2.53;1;1
8415;25610.95;50;2.59;1;1
8416;25953.08;50;2.56;1;1
8417;25806.45;50;2.60;1;1
8418;26686.22;50;2.58;1;1
8419;25757.58;50;2.67;1;1
8420;26099.71;50;2.58;1;1
8421;25464.32;50;2.61;1;1
8422;26539.59;50;2.55;1;1
8423;25366.57;50;2.65;1;1
8424;26441.84;50;2.54;1;1
8425;25464.32;50;2.64;1;1
8426;26295.21;50;2.55;1;1
8427;25268.82;50;2.63;1;1
8428;26637.34;50;2.53;1;1
8429;26148.58;50;2.66;1;1
8430;26441.84;50;2.61;1;1
8431;25757.58;50;2.64;1;1
8432;26392.96;50;2.58;1;1
8433;25855.33;50;2.64;1;1
8434;26441.84;50;2.59;1;1
8435;25904.20;50;2.64;1;1
8436;26735.09;50;2.59;1;1
8437;26148.58;50;2.67;1;1
8438;26637.34;50;2.61;1;1
8439;26099.71;50;2.66;1;1
8440;26539.59;50;2.61;1;1
8441;25855.33;50;2.65;1;1
8442;26148.58;50;2.59;1;1
8443;25855.33;50;2.61;1;1
8444;26392.96;50;2.59;1;1
8445;25806.45;50;2.64;1;1
8446;26588.46;50;2.58;1;1
8447;26148.58;50;2.66;1;1
8448;27126.10;50;2.61;1;1
8449;25855.33;50;2.71;1;1
8450;25855.33;50;2.59;1;1
8451;25464.32;50;2.59;1;1
8452;26197.46;50;2.55;1;1
8453;25708.70;50;2.62;1;1
8454;26588.46;50;2.57;1;1
8455;25219.94;50;2.66;1;1
8456;26392.96;50;2.52;1;1
8457;25708.70;50;2.64;1;1
8458;26539.59;50;2.57;1;1
8459;25855.33;50;2.65;1;1
8460;26344.09;50;2.59;1;1
8461;26001.96;50;2.63;1;1
8462;26392.96;50;2.60;1;1
8463;25464.32;50;2.64;1;1
8464;25855.33;50;2.55;1;1
8465;25464.32;50;2.59;1;1
8466;25904.20;50;2.55;1;1
8467;25562.07;50;2.59;1;1
8468;25953.08;50;2.56;1;1
8469;25659.82;50;2.60;1;1
8470;26001.96;50;2.57;1;1
8471;25562.07;50;2.60;1;1
8472;26344.09;50;2.56;1;1
8473;25904.20;50;2.63;1;1
8474;25659.82;50;2.59;1;1
8475;25757.58;50;2.57;1;1
8476;25855.33;50;2.58;1;1
8477;25610.95;50;2.59;1;1
8478;25855.33;50;2.56;1;1
8479;25708.70;50;2.59;1;1
8480;26197.46;50;2.57;1;1
8481;26197.46;50;2.62;1;1
8482;26295.21;50;2.62;1;1
8483;26001.96;50;2.63;1;1
8484;25904.20;50;2.60;1;1
8485;25610.95;50;2.59;1;1
8486;25708.70;50;2.56;1;1
8487;25513.20;50;2.57;1;1
8488;25659.82;50;2.55;1;1
8489;25806.45;50;2.57;1;1
8490;25464.32;50;2.58;1;1
8491;25513.20;50;2.55;1;1
8492;25610.95;50;2.55;1;1
8493;25708.70;50;2.56;1;1
8494;26001.96;50;2.57;1;1
8495;25953.08;50;2.60;1;1
8496;25953.08;50;2.60;1;1
8497;25708.70;50;2.60;1;1
8498;25610.95;50;2.57;1;1
8499;25562.07;50;2.56;1;1
8500;26001.96;50;2.56;1;1
8501;26148.58;50;2.60;1;1
8502;26050.83;50;2.61;1;1
8503;25757.58;50;2.61;1;1
8504;25464.32;50;2.58;1;1
8505;25806.45;50;2.55;1;1
8506;25610.95;50;2.58;1;1
8507;25708.70;50;2.56;1;1
8508;25610.95;50;2.57;1;1
8509;25415.45;50;2.56;1;1
8510;25219.94;50;2.54;1;1
8511;26050.83;50;2.52;1;1
8512;25610.95;50;2.61;1;1
8513;25659.82;50;2.56;1;1
8514;25415.45;50;2.57;1;1
8515;25708.70;50;2.54;1;1
8516;25415.45;50;2.57;1;1
8517;26050.83;50;2.54;1;1
8518;25659.82;50;2.61;1;1
8519;26246.33;50;2.57;1;1
8520;25708.70;50;2.62;1;1
8521;26148.58;50;2.57;1;1
8522;25415.45;50;2.61;1;1
8523;25904.20;50;2.54;1;1
8524;25122.19;50;2.59;1;1
8525;25904.20;50;2.51;1;1
8526;25122.19;50;2.59;1;1
8527;25904.20;50;2.51;1;1
8528;25366.57;50;2.59;1;1
8529;26099.71;50;2.54;1;1
8530;25122.19;50;2.61;1;1
8531;26197.46;50;2.51;1;1
8532;25708.70;50;2.62;1;1
8533;25757.58;50;2.57;1;1
8534;25464.32;50;2.58;1;1
8535;26050.83;50;2.55;1;1
8536;24828.93;50;2.61;1;1
8537;25513.20;50;2.48;1;1
8538;25171.06;50;2.55;1;1
8539;25708.70;50;2.52;1;1
8540;25562.07;50;2.57;1;1
8541;26001.96;50;2.56;1;1
8542;25073.31;50;2.60;1;1
8543;25415.45;50;2.51;1;1
8544;25073.31;50;2.54;1;1
8545;25513.20;50;2.51;1;1
8546;25415.45;50;2.55;1;1
8547;25610.95;50;2.54;1;1
8548;25122.19;50;2.56;1;1
8549;25659.82;50;2.51;1;1
8550;25073.31;50;2.57;1;1
8551;25610.95;50;2.51;1;1
8552;25708.70;50;2.56;1;1
8553;25757.58;50;2.57;1;1
8554;25171.06;50;2.58;1;1
8555;25610.95;50;2.52;1;1
8556;25366.57;50;2.56;1;1
8557;25610.95;50;2.54;1;1
8558;25513.20;50;2.56;1;1
8559;25757.58;50;2.55;1;1
8560;25464.32;50;2.58;1;1
8561;25513.20;50;2.55;1;1
8562;25171.06;50;2.55;1;1
8563;25464.32;50;2.52;1;1
8564;24877.81;50;2.55;1;1
8565;25659.82;50;2.49;1;1
8566;25268.82;50;2.57;1;1
8567;25415.45;50;2.53;1;1
8568;26050.83;50;2.54;1;1
8569;25659.82;50;2.61;1;1
8570;25415.45;50;2.57;1;1
8571;25610.95;50;2.54;1;1
8572;25122.19;50;2.56;1;1
8573;25610.95;50;2.51;1;1
8574;25513.20;50;2.56;1;1
8575;25366.57;50;2.55;1;1
8576;25855.33;50;2.54;1;1
8577;26441.84;50;2.59;1;1
8578;25366.57;50;2.64;1;1
8579;25757.58;50;2.54;1;1
8580;25513.20;50;2.58;1;1
8581;25610.95;50;2.55;1;1
8582;25317.69;50;2.56;1;1
8583;25757.58;50;2.53;1;1
8584;25366.57;50;2.58;1;1
8585;26001.96;50;2.54;1;1
8586;25415.45;50;2.60;1;1
8587;25757.58;50;2.54;1;1
8588;25317.69;50;2.58;1;1
8589;25659.82;50;2.53;1;1
8590;25219.94;50;2.57;1;1
8591;25708.70;50;2.52;1;1
8592;25757.58;50;2.57;1;1
8593;25610.95;50;2.58;1;1
8594;25610.95;50;2.56;1;1
8595;25757.58;50;2.56;1;1
8596;25366.57;50;2.58;1;1
8597;25610.95;50;2.54;1;1
8598;25415.45;50;2.56;1;1
8599;25366.57;50;2.54;1;1
8600;25219.94;50;2.54;1;1
8601;25659.82;50;2.52;1;1
8602;25317.69;50;2.57;1;1
8603;25659.82;50;2.53;1;1
8604;25073.31;50;2.57;1;1
8605;25317.69;50;2.51;1;1
8606;25171.06;50;2.53;1;1
8607;25513.20;50;2.52;1;1
8608;25268.82;50;2.55;1;1
8609;25855.33;50;2.53;1;1
8610;25464.32;50;2.59;1;1
8611;25708.70;50;2.55;1;1
8612;25513.20;50;2.57;1;1
8613;26050.83;50;2.55;1;1
8614;25415.45;50;2.61;1;1
8615;26295.21;50;2.54;1;1
8616;25708.70;50;2.63;1;1
8617;26392.96;50;2.57;1;1
8618;25953.08;50;2.64;1;1
8619;25855.33;50;2.60;1;1
8620;25904.20;50;2.59;1;1
8621;25513.20;50;2.59;1;1
8622;25806.45;50;2.55;1;1
8623;25708.70;50;2.58;1;1
8624;25562.07;50;2.57;1;1
8625;26001.96;50;2.56;1;1
8626;25708.70;50;2.60;1;1
8627;25953.08;50;2.57;1;1
8628;25904.20;50;2.60;1;1
8629;26148.58;50;2.59;1;1
8630;25562.07;50;2.61;1;1
8631;26392.96;50;2.56;1;1
8632;25268.82;50;2.64;1;1
8633;26148.58;50;2.53;1;1
8634;25171.06;50;2.61;1;1
8635;26099.71;50;2.52;1;1
8636;25659.82;50;2.61;1;1
8637;26197.46;50;2.57;1;1
8638;25806.45;50;2.62;1;1
8639;26344.09;50;2.58;1;1
8640;25855.33;50;2.63;1;1
8641;26246.33;50;2.59;1;1
8642;25415.45;50;2.62;1;1
8643;26099.71;50;2.54;1;1
8644;25610.95;50;2.61;1;1
8645;26050.83;50;2.56;1;1
8646;25464.32;50;2.61;1;1
8647;25757.58;50;2.55;1;1
8648;25562.07;50;2.58;1;1
8649;26441.84;50;2.56;1;1
8650;26539.59;50;2.64;1;1
8651;27321.60;50;2.65;1;1
8652;26637.34;50;2.73;1;1
8653;27126.10;50;2.66;1;1
8654;26539.59;50;2.71;1;1
8655;27174.97;50;2.65;1;1
8656;25953.08;50;2.72;1;1
8657;26344.09;50;2.60;1;1
8658;26246.33;50;2.63;1;1
8659;27370.48;50;2.62;1;1
8660;27419.35;50;2.74;1;1
8661;26881.72;50;2.74;1;1
8662;26441.84;50;2.69;1;1
8663;27077.22;50;2.64;1;1
8664;26539.59;50;2.71;1;1
8665;27321.60;50;2.65;1;1
8666;25953.08;50;2.73;1;1
8667;26881.72;50;2.60;1;1
8668;26344.09;50;2.69;1;1
8669;27810.36;50;2.63;1;1
8670;26588.46;50;2.78;1;1
8671;27370.48;50;2.66;1;1
8672;26832.84;50;2.74;1;1
8673;27517.11;50;2.68;1;1
8674;26930.60;50;2.75;1;1
8675;27761.48;50;2.69;1;1
8676;26686.22;50;2.78;1;1
8677;27370.48;50;2.67;1;1
8678;26930.60;50;2.74;1;1
8679;26979.47;50;2.69;1;1
8680;26490.71;50;2.70;1;1
8681;27223.85;50;2.65;1;1
8682;26686.22;50;2.72;1;1
8683;26979.47;50;2.67;1;1
8684;26979.47;50;2.70;1;1
8685;27859.24;50;2.70;1;1
8686;26832.84;50;2.79;1;1
8687;27419.35;50;2.68;1;1
8688;26735.09;50;2.74;1;1
8689;27321.60;50;2.67;1;1
8690;27077.22;50;2.73;1;1
8691;27810.36;50;2.71;1;1
8692;26881.72;50;2.78;1;1
8693;27077.22;50;2.69;1;1
8694;26441.84;50;2.71;1;1
8695;27565.98;50;2.64;1;1
8696;27370.48;50;2.76;1;1
8697;27761.48;50;2.74;1;1
8698;28396.87;50;2.78;1;1
8699;28836.75;50;2.84;1;1
8700;27614.86;50;2.88;1;1
8701;27614.86;50;2.76;1;1
8702;27321.60;50;2.76;1;1
8703;27126.10;50;2.73;1;1
8704;26050.83;50;2.71;1;1
8705;26295.21;50;2.61;1;1
8706;26735.09;50;2.63;1;1
8707;26539.59;50;2.67;1;1
8708;25806.45;50;2.65;1;1
8709;26539.59;50;2.58;1;1
8710;26637.34;50;2.65;1;1
8711;25708.70;50;2.66;1;1
8712;26295.21;50;2.57;1;1
8713;27077.22;50;2.63;1;1
8714;25708.70;50;2.71;1;1
8715;26783.97;50;2.57;1;1
8716;26783.97;50;2.68;1;1
8717;27174.97;50;2.68;1;1
8718;26441.84;50;2.72;1;1
8719;26490.71;50;2.64;1;1
8720;25855.33;50;2.65;1;1
8721;26637.34;50;2.59;1;1
8722;25806.45;50;2.66;1;1
8723;26441.84;50;2.58;1;1
8724;25659.82;50;2.64;1;1
8725;27614.86;50;2.57;1;1
8726;26099.71;50;2.76;1;1
8727;26832.84;50;2.61;1;1
8728;27077.22;50;2.68;1;1
8729;27956.99;50;2.71;1;1
8730;27419.35;50;2.80;1;1
8731;28054.74;50;2.74;1;1
8732;27468.23;50;2.81;1;1
8733;27077.22;50;2.75;1;1
8734;27028.35;50;2.71;1;1
8735;27223.85;50;2.70;1;1
8736;27126.10;50;2.72;1;1
8737;27517.11;50;2.71;1;1
8738;26490.71;50;2.75;1;1
8739;27517.11;50;2.65;1;1
8740;26295.21;50;2.75;1;1
8741;27028.35;50;2.63;1;1
8742;26441.84;50;2.70;1;1
8743;26979.47;50;2.64;1;1
8744;26099.71;50;2.70;1;1
8745;25855.33;50;2.61;1;1
8746;12756.60;50;2.59;1;1
8747;9677.42;50;1.28;1;1
8748;9530.79;50;0.97;1;1
8749;9188.66;50;0.95;1;1
8750;9970.67;50;0.92;1;1
8751;9579.67;50;1.00;1;1
8752;9628.54;50;0.96;1;1
8753;9775.17;50;0.96;1;1
8754;9530.79;50;0.98;1;1
8755;9872.92;50;0.95;1;1
8756;9726.29;50;0.99;1;1
8757;9824.05;50;0.97;1;1
8758;9579.67;50;0.98;1;1
8759;10019.55;50;0.96;1;1
8760;9530.79;50;1.00;1;1
8761;10166.18;50;0.95;1;1
8762;9775.17;50;1.02;1;1
8763;9921.80;50;0.98;1;1
8764;9628.54;50;0.99;1;1
8765;9921.80;50;0.96;1;1
8766;9530.79;50;0.99;1;1
8767;9872.92;50;0.95;1;1
8768;9579.67;50;0.99;1;1
8769;9970.67;50;0.96;1;1
8770;9628.54;50;1.00;1;1
8771;9872.92;50;0.96;1;1
8772;8699.90;50;0.99;1;1
8773;1994.13;50;0.87;1;0
8774;7282.50;50;0.20;1;0
8775;9970.67;50;0.73;1;0
8776;13196.48;50;1.00;1;1
8777;11974.58;50;1.32;1;1
8778;11436.95;50;1.20;1;1
8779;11388.07;50;1.14;1;1
8780;11534.70;50;1.14;1;1
8781;10703.81;50;1.15;1;1
8782;10166.18;50;1.07;1;1
8783;7233.63;50;1.02;1;1
8784;1603.13;50;0.72;1;0
8785;8357.77;50;0.16;1;0
8786;8807.43;50;0.84;1;0
8787;7038.12;50;0.88;1;0
8788;7634.41;50;0.70;1;0
8789;10000.00;50;0.76;1;0
8790;10117.30;50;1.00;1;1
8791;9237.54;50;1.01;1;1
8792;11485.83;50;0.92;1;1
8793;9970.67;50;1.15;1;1
8794;8162.27;50;1.00;1;1
8795;1876.83;50;0.82;1;0
8796;8279.57;50;0.19;1;0
8797;8181.82;50;0.83;1;0
8798;8240.47;50;0.82;1;0
8799;8172.04;50;0.82;1;0
8800;8299.12;50;0.82;1;0
8801;8220.92;50;0.83;1;0
8802;8494.62;50;0.82;1;0
8803;7741.94;50;0.85;1;0
8804;8514.17;50;0.77;1;0
8805;7849.46;50;0.85;1;0
8806;8005.87;50;0.78;1;0
8807;8191.59;50;0.80;1;0
8808;7732.16;50;0.82;1;0
8809;7702.83;50;0.77;1;0
8810;9853.37;50;0.77;1;0
8811;8211.14;50;0.99;1;1
8812;2267.84;50;0.82;1;0
8813;7253.18;50;0.23;1;0
8814;7390.03;50;0.73;1;0
8815;7996.09;50;0.74;1;0
8816;7614.86;50;0.80;1;0
8817;8377.32;50;0.76;1;0
8818;8387.10;50;0.84;1;0
8819;8289.35;50;0.84;1;0
8820;8377.32;50;0.83;1;0
8821;8289.35;50;0.84;1;0
8822;8406.65;50;0.83;1;0
8823;8240.47;50;0.84;1;0
8824;8426.20;50;0.82;1;0
8825;8152.49;50;0.84;1;0
8826;8455.52;50;0.82;1;0
8827;8924.73;50;0.85;1;0
8828;9266.86;50;0.89;1;0
8829;9726.29;50;0.93;1;1
8830;10166.18;50;0.97;1;1
8831;10166.18;50;1.02;1;1
8832;10117.30;50;1.02;1;1
8833;11779.08;50;1.01;1;1
8834;12463.34;50;1.18;1;1
8835;7233.63;50;1.25;1;1
8836;1603.13;50;0.72;1;0
8837;8905.18;50;0.16;1;0
8838;7360.70;50;0.89;1;0
8839;8778.10;50;0.74;1;0
8840;9511.24;50;0.88;1;0
8841;8993.16;50;0.95;1;1
8842;1876.83;50;0.90;1;0
8843;7947.21;50;0.19;1;0
8844;7047.90;50;0.79;1;0
8845;10000.00;50;0.70;1;0
8846;10703.81;50;1.00;1;1
8847;9286.41;50;1.07;1;1
8848;10068.43;50;0.93;1;1
8849;9188.66;50;1.01;1;1
8850;8797.65;50;0.92;1;1
8851;2150.54;50;0.88;1;0
8852;6774.19;50;0.22;1;0
8853;8426.20;50;0.68;1;0
8854;8299.12;50;0.84;1;0
8855;6060.61;50;0.83;1;0
8856;7595.31;50;0.61;1;0
8857;7282.50;50;0.76;1;0
8858;8328.45;50;0.73;1;0
8859;8172.04;50;0.83;1;0
8860;8308.90;50;0.82;1;0
8861;8406.65;50;0.83;1;0
8862;9384.16;50;0.84;1;0
8863;10557.18;50;0.94;1;1
8864;9286.41;50;1.06;1;1
8865;11681.33;50;0.93;1;1
8866;9090.91;50;1.17;1;1
8867;7869.01;50;0.91;1;1
8868;1642.23;50;0.79;1;0
8869;7390.03;50;0.16;1;0
8870;8934.51;50;0.74;1;0
8871;5982.40;50;0.89;1;0
8872;7165.20;50;0.60;1;0
8873;7135.88;50;0.72;1;0
8874;8416.42;50;0.71;1;0
8875;8054.74;50;0.84;1;0
8876;8406.65;50;0.81;1;0
8877;8015.64;50;0.84;1;0
8878;8435.97;50;0.80;1;0
8879;7986.31;50;0.84;1;0
8880;8357.77;50;0.80;1;0
8881;8103.62;50;0.84;1;0
8882;8357.77;50;0.81;1;0
8883;8005.87;50;0.84;1;0
8884;8455.52;50;0.80;1;0
8885;7976.54;50;0.85;1;0
8886;8308.90;50;0.80;1;0
8887;8103.62;50;0.83;1;0
8888;8435.97;50;0.81;1;0
8889;7947.21;50;0.84;1;0
8890;8367.55;50;0.79;1;0
8891;8054.74;50;0.84;1;0
8892;8416.42;50;0.81;1;0
8893;7996.09;50;0.84;1;0
8894;8426.20;50;0.80;1;0
8895;7956.99;50;0.84;1;0
8896;8455.52;50;0.80;1;0
8897;8015.64;50;0.85;1;0
8898;8377.32;50;0.80;1;0
8899;8025.42;50;0.84;1;0
8900;8426.20;50;0.80;1;0
8901;7996.09;50;0.84;1;0
8902;8455.52;50;0.80;1;0
8903;7986.31;50;0.85;1;0
8904;8435.97;50;0.80;1;0
8905;7996.09;50;0.84;1;0
8906;8455.52;50;0.80;1;0
8907;8005.87;50;0.85;1;0
8908;8484.85;50;0.80;1;0
8909;7996.09;50;0.85;1;0
8910;8455.52;50;0.80;1;0
8911;8005.87;50;0.85;1;0
8912;8504.40;50;0.80;1;0
8913;7976.54;50;0.85;1;0
8914;8504.40;50;0.80;1;0
8915;7976.54;50;0.85;1;0
8916;8543.50;50;0.80;1;0
8917;7996.09;50;0.85;1;0
8918;8514.17;50;0.80;1;0
8919;8015.64;50;0.85;1;0
8920;8563.05;50;0.80;1;0
8921;8005.87;50;0.86;1;0
8922;8523.95;50;0.80;1;0
8923;7976.54;50;0.85;1;0
8924;8533.72;50;0.80;1;0
8925;7996.09;50;0.85;1;0
8926;8553.27;50;0.80;1;0
8927;8005.87;50;0.86;1;0
8928;8504.40;50;0.80;1;0
8929;8025.42;50;0.85;1;0
8930;8582.60;50;0.80;1;0
8931;8025.42;50;0.86;1;0
8932;8592.38;50;0.80;1;0
8933;8025.42;50;0.86;1;0
8934;8572.83;50;0.80;1;0
8935;8054.74;50;0.86;1;0
8936;8582.60;50;0.81;1;0
8937;8054.74;50;0.86;1;0
8938;8582.60;50;0.81;1;0
8939;8093.84;50;0.86;1;0
8940;8553.27;50;0.81;1;0
8941;8113.39;50;0.86;1;0
8942;8553.27;50;0.81;1;0
8943;8093.84;50;0.86;1;0
8944;8514.17;50;0.81;1;0
8945;8074.29;50;0.85;1;0
8946;8523.95;50;0.81;1;0
8947;8074.29;50;0.85;1;0
8948;8553.27;50;0.81;1;0
8949;8054.74;50;0.86;1;0
8950;8543.50;50;0.81;1;0
8951;8035.19;50;0.85;1;0
8952;8563.05;50;0.80;1;0
8953;8084.07;50;0.86;1;0
8954;8553.27;50;0.81;1;0
8955;8054.74;50;0.86;1;0
8956;8523.95;50;0.81;1;0
8957;8064.52;50;0.85;1;0
8958;8543.50;50;0.81;1;0
8959;8035.19;50;0.85;1;0
8960;8533.72;50;0.80;1;0
8961;8044.97;50;0.85;1;0
8962;8523.95;50;0.80;1;0
8963;8054.74;50;0.85;1;0
8964;8543.50;50;0.81;1;0
8965;8054.74;50;0.85;1;0
8966;8494.62;50;0.81;1;0
8967;8054.74;50;0.85;1;0
8968;8514.17;50;0.81;1;0
8969;8005.87;50;0.85;1;0
8970;8533.72;50;0.80;1;0
8971;7986.31;50;0.85;1;0
8972;8445.75;50;0.80;1;0
8973;8035.19;50;0.84;1;0
8974;8494.62;50;0.80;1;0
8975;8035.19;50;0.85;1;0
8976;8523.95;50;0.80;1;0
8977;8084.07;50;0.85;1;0
8978;8621.70;50;0.81;1;0
8979;8005.87;50;0.86;1;0
8980;8416.42;50;0.80;1;0
8981;8035.19;50;0.84;1;0
8982;8416.42;50;0.80;1;0
8983;8015.64;50;0.84;1;0
8984;8475.07;50;0.80;1;0
8985;7976.54;50;0.85;1;0
8986;8494.62;50;0.80;1;0
8987;7986.31;50;0.85;1;0
8988;8475.07;50;0.80;1;0
8989;8044.97;50;0.85;1;0
8990;8406.65;50;0.80;1;0
8991;7996.09;50;0.84;1;0
8992;8504.40;50;0.80;1;0
8993;8074.29;50;0.85;1;0
8994;8445.75;50;0.81;1;0
8995;8064.52;50;0.84;1;0
8996;8387.10;50;0.81;1;0
8997;7741.94;50;0.84;1;0
8998;8670.58;50;0.77;1;0
8999;7810.36;50;0.87;1;0
9000;8514.17;50;0.78;1;0
9001;8044.97;50;0.85;1;0
9002;8494.62;50;0.80;1;0
9003;8191.59;50;0.85;1;0
9004;8435.97;50;0.82;1;0
9005;8152.49;50;0.84;1;0
9006;8396.87;50;0.82;1;0
9007;8250.24;50;0.84;1;0
9008;8367.55;50;0.83;1;0
9009;8035.19;50;0.84;1;0
9010;8230.69;50;0.80;1;0
9011;8172.04;50;0.82;1;0
9012;8279.57;50;0.82;1;0
9013;8132.94;50;0.83;1;0
9014;8377.32;50;0.81;1;0
9015;8113.39;50;0.84;1;0
9016;8396.87;50;0.81;1;0
9017;8132.94;50;0.84;1;0
9018;8328.45;50;0.81;1;0
9019;8132.94;50;0.83;1;0
9020;8338.22;50;0.81;1;0
9021;8113.39;50;0.83;1;0
9022;8338.22;50;0.81;1;0
9023;8074.29;50;0.83;1;0
9024;8348.00;50;0.81;1;0
9025;8084.07;50;0.83;1;0
9026;8377.32;50;0.81;1;0
9027;8191.59;50;0.84;1;0
9028;8328.45;50;0.82;1;0
9029;8191.59;50;0.83;1;0
9030;8406.65;50;0.82;1;0
9031;8142.72;50;0.84;1;0
9032;8406.65;50;0.81;1;0
9033;8093.84;50;0.84;1;0
9034;8416.42;50;0.81;1;0
9035;8123.17;50;0.84;1;0
9036;8494.62;50;0.81;1;0
9037;8093.84;50;0.85;1;0
9038;8494.62;50;0.81;1;0
9039;8123.17;50;0.85;1;0
9040;8553.27;50;0.81;1;0
9041;8132.94;50;0.86;1;0
9042;8553.27;50;0.81;1;0
9043;8123.17;50;0.86;1;0
9044;8494.62;50;0.81;1;0
9045;8103.62;50;0.85;1;0
9046;8523.95;50;0.81;1;0
9047;8113.39;50;0.85;1;0
9048;8504.40;50;0.81;1;0
9049;8113.39;50;0.85;1;0
9050;8455.52;50;0.81;1;0
9051;8201.37;50;0.85;1;0
9052;8465.30;50;0.82;1;0
9053;8211.14;50;0.85;1;0
9054;8455.52;50;0.82;1;0
9055;8191.59;50;0.85;1;0
9056;8396.87;50;0.82;1;0
9057;8220.92;50;0.84;1;0
9058;8396.87;50;0.82;1;0
9059;8269.79;50;0.84;1;0
9060;8435.97;50;0.83;1;0
9061;8299.12;50;0.84;1;0
9062;8406.65;50;0.83;1;0
9063;8348.00;50;0.84;1;0
9064;8475.07;50;0.83;1;0
9065;8240.47;50;0.85;1;0
9066;8533.72;50;0.82;1;0
9067;8269.79;50;0.85;1;0
9068;8494.62;50;0.83;1;0
9069;8289.35;50;0.85;1;0
9070;8494.62;50;0.83;1;0
9071;8338.22;50;0.85;1;0
9072;8465.30;50;0.83;1;0
9073;8299.12;50;0.85;1;0
9074;8514.17;50;0.83;1;0
9075;8348.00;50;0.85;1;0
9076;8475.07;50;0.83;1;0
9077;8367.55;50;0.85;1;0
9078;8494.62;50;0.84;1;0
9079;8348.00;50;0.85;1;0
9080;8455.52;50;0.83;1;0
9081;8396.87;50;0.85;1;0
9082;8406.65;50;0.84;1;0
9083;8348.00;50;0.84;1;0
9084;8387.10;50;0.83;1;0
9085;8406.65;50;0.84;1;0
9086;8377.32;50;0.84;1;0
9087;8367.55;50;0.84;1;0
9088;8357.77;50;0.84;1;0
9089;8387.10;50;0.84;1;0
9090;8377.32;50;0.84;1;0
9091;8406.65;50;0.84;1;0
9092;8367.55;50;0.84;1;0
9093;8406.65;50;0.84;1;0
9094;8475.07;50;0.84;1;0
9095;8348.00;50;0.85;1;0
9096;8396.87;50;0.83;1;0
9097;8318.67;50;0.84;1;0
9098;8367.55;50;0.83;1;0
9099;8318.67;50;0.84;1;0
9100;8377.32;50;0.83;1;0
9101;8357.77;50;0.84;1;0
9102;8367.55;50;0.84;1;0
9103;8367.55;50;0.84;1;0
9104;8348.00;50;0.84;1;0
9105;8348.00;50;0.83;1;0
9106;8260.02;50;0.83;1;0
9107;8357.77;50;0.83;1;0
9108;8279.57;50;0.84;1;0
9109;8357.77;50;0.83;1;0
9110;8269.79;50;0.84;1;0
9111;8377.32;50;0.83;1;0
9112;8279.57;50;0.84;1;0
9113;8348.00;50;0.83;1;0
9114;8230.69;50;0.83;1;0
9115;8377.32;50;0.82;1;0
9116;8220.92;50;0.84;1;0
9117;8357.77;50;0.82;1;0
9118;8211.14;50;0.84;1;0
9119;8396.87;50;0.82;1;0
9120;8181.82;50;0.84;1;0
9121;8377.32;50;0.82;1;0
9122;8211.14;50;0.84;1;0
9123;8328.45;50;0.82;1;0
9124;8260.02;50;0.83;1;0
9125;8338.22;50;0.83;1;0
9126;8250.24;50;0.83;1;0
9127;8348.00;50;0.83;1;0
9128;8250.24;50;0.83;1;0
9129;8289.35;50;0.83;1;0
9130;8318.67;50;0.83;1;0
9131;8279.57;50;0.83;1;0
9132;8299.12;50;0.83;1;0
9133;8299.12;50;0.83;1;0
9134;8269.79;50;0.83;1;0
9135;8299.12;50;0.83;1;0
9136;8299.12;50;0.83;1;0
9137;8279.57;50;0.83;1;0
9138;8260.02;50;0.83;1;0
9139;8308.90;50;0.83;1;0
9140;8289.35;50;0.83;1;0
9141;8338.22;50;0.83;1;0
9142;8260.02;50;0.83;1;0
9143;8377.32;50;0.83;1;0
9144;8220.92;50;0.84;1;0
9145;8357.77;50;0.82;1;0
9146;8250.24;50;0.84;1;0
9147;8367.55;50;0.83;1;0
9148;8260.02;50;0.84;1;0
9149;8377.32;50;0.83;1;0
9150;8269.79;50;0.84;1;0
9151;8396.87;50;0.83;1;0
9152;8250.24;50;0.84;1;0
9153;8387.10;50;0.83;1;0
9154;8240.47;50;0.84;1;0
9155;8406.65;50;0.82;1;0
9156;8230.69;50;0.84;1;0
9157;8435.97;50;0.82;1;0
9158;8260.02;50;0.84;1;0
9159;8416.42;50;0.83;1;0
9160;8250.24;50;0.84;1;0
9161;8435.97;50;0.83;1;0
9162;8240.47;50;0.84;1;0
9163;8445.75;50;0.82;1;0
9164;8289.35;50;0.84;1;0
9165;8455.52;50;0.83;1;0
9166;8260.02;50;0.85;1;0
9167;8504.40;50;0.83;1;0
9168;8260.02;50;0.85;1;0
9169;8484.85;50;0.83;1;0
9170;8269.79;50;0.85;1;0
9171;8533.72;50;0.83;1;0
9172;8260.02;50;0.85;1;0
9173;8494.62;50;0.83;1;0
9174;8279.57;50;0.85;1;0
9175;8533.72;50;0.83;1;0
9176;8279.57;50;0.85;1;0
9177;8543.50;50;0.83;1;0
9178;8299.12;50;0.85;1;0
9179;8563.05;50;0.83;1;0
9180;8250.24;50;0.86;1;0
9181;8504.40;50;0.83;1;0
9182;8318.67;50;0.85;1;0
9183;8523.95;50;0.83;1;0
9184;8299.12;50;0.85;1;0
9185;8504.40;50;0.83;1;0
9186;8299.12;50;0.85;1;0
9187;8494.62;50;0.83;1;0
9188;8289.35;50;0.85;1;0
9189;8572.83;50;0.83;1;0
9190;8318.67;50;0.86;1;0
9191;8523.95;50;0.83;1;0
9192;8260.02;50;0.85;1;0
9193;8563.05;50;0.83;1;0
9194;8279.57;50;0.86;1;0
9195;8563.05;50;0.83;1;0
9196;8289.35;50;0.86;1;0
9197;8533.72;50;0.83;1;0
9198;8289.35;50;0.85;1;0
9199;8592.38;50;0.83;1;0
9200;8240.47;50;0.86;1;0
9201;8533.72;50;0.82;1;0
9202;8240.47;50;0.85;1;0
9203;8543.50;50;0.82;1;0
9204;8250.24;50;0.85;1;0
9205;8553.27;50;0.83;1;0
9206;8181.82;50;0.86;1;0
9207;8563.05;50;0.82;1;0
9208;8240.47;50;0.86;1;0
9209;8553.27;50;0.82;1;0
9210;8260.02;50;0.86;1;0
9211;8465.30;50;0.83;1;0
9212;8269.79;50;0.85;1;0
9213;8494.62;50;0.83;1;0
9214;8172.04;50;0.85;1;0
9215;8484.85;50;0.82;1;0
9216;8240.47;50;0.85;1;0
9217;8465.30;50;0.82;1;0
9218;8240.47;50;0.85;1;0
9219;8445.75;50;0.82;1;0
9220;8172.04;50;0.84;1;0
9221;8465.30;50;0.82;1;0
9222;8240.47;50;0.85;1;0
9223;8445.75;50;0.82;1;0
9224;8191.59;50;0.84;1;0
9225;8445.75;50;0.82;1;0
9226;8191.59;50;0.84;1;0
9227;8426.20;50;0.82;1;0
9228;8230.69;50;0.84;1;0
9229;8465.30;50;0.82;1;0
9230;8191.59;50;0.85;1;0
9231;8475.07;50;0.82;1;0
9232;8142.72;50;0.85;1;0
9233;8475.07;50;0.81;1;0
9234;8132.94;50;0.85;1;0
9235;8445.75;50;0.81;1;0
9236;8152.49;50;0.84;1;0
9237;8475.07;50;0.82;1;0
9238;8191.59;50;0.85;1;0
9239;8455.52;50;0.82;1;0
9240;8103.62;50;0.85;1;0
9241;8455.52;50;0.81;1;0
9242;8113.39;50;0.85;1;0
9243;8494.62;50;0.81;1;0
9244;8123.17;50;0.85;1;0
9245;8465.30;50;0.81;1;0
9246;8113.39;50;0.85;1;0
9247;8455.52;50;0.81;1;0
9248;8132.94;50;0.85;1;0
9249;8465.30;50;0.81;1;0
9250;8132.94;50;0.85;1;0
9251;8475.07;50;0.81;1;0
9252;8113.39;50;0.85;1;0
9253;8484.85;50;0.81;1;0
9254;8113.39;50;0.85;1;0
9255;8475.07;50;0.81;1;0
9256;8084.07;50;0.85;1;0
9257;8494.62;50;0.81;1;0
9258;8103.62;50;0.85;1;0
9259;8475.07;50;0.81;1;0
9260;8113.39;50;0.85;1;0
9261;8484.85;50;0.81;1;0
9262;8113.39;50;0.85;1;0
9263;8475.07;50;0.81;1;0
9264;8113.39;50;0.85;1;0
9265;8514.17;50;0.81;1;0
9266;8123.17;50;0.85;1;0
9267;8494.62;50;0.81;1;0
9268;8132.94;50;0.85;1;0
9269;8514.17;50;0.81;1;0
9270;8162.27;50;0.85;1;0
9271;8465.30;50;0.82;1;0
9272;8162.27;50;0.85;1;0
9273;8504.40;50;0.82;1;0
9274;8142.72;50;0.85;1;0
9275;8523.95;50;0.81;1;0
9276;8132.94;50;0.85;1;0
9277;8543.50;50;0.81;1;0
9278;8123.17;50;0.85;1;0
9279;8553.27;50;0.81;1;0
9280;8162.27;50;0.86;1;0
9281;8553.27;50;0.82;1;0
9282;8142.72;50;0.86;1;0
9283;8553.27;50;0.81;1;0
9284;8191.59;50;0.86;1;0
9285;8582.60;50;0.82;1;0
9286;8181.82;50;0.86;1;0
9287;8592.38;50;0.82;1;0
9288;8191.59;50;0.86;1;0
9289;8602.15;50;0.82;1;0
9290;8201.37;50;0.86;1;0
9291;8602.15;50;0.82;1;0
9292;8220.92;50;0.86;1;0
9293;8621.70;50;0.82;1;0
9294;8220.92;50;0.86;1;0
9295;8631.48;50;0.82;1;0
9296;8230.69;50;0.86;1;0
9297;8631.48;50;0.82;1;0
9298;8260.02;50;0.86;1;0
9299;8651.03;50;0.83;1;0
9300;8230.69;50;0.87;1;0
9301;8660.80;50;0.82;1;0
9302;8230.69;50;0.87;1;0
9303;8651.03;50;0.82;1;0
9304;8269.79;50;0.87;1;0
9305;8651.03;50;0.83;1;0
9306;8269.79;50;0.87;1;0
9307;8660.80;50;0.83;1;0
9308;8289.35;50;0.87;1;0
9309;8660.80;50;0.83;1;0
9310;8289.35;50;0.87;1;0
9311;8670.58;50;0.83;1;0
9312;8289.35;50;0.87;1;0
9313;8680.35;50;0.83;1;0
9314;8260.02;50;0.87;1;0
9315;8660.80;50;0.83;1;0
9316;8250.24;50;0.87;1;0
9317;8680.35;50;0.83;1;0
9318;8289.35;50;0.87;1;0
9319;8680.35;50;0.83;1;0
9320;8289.35;50;0.87;1;0
9321;8670.58;50;0.83;1;0
9322;8279.57;50;0.87;1;0
9323;8670.58;50;0.83;1;0
9324;8269.79;50;0.87;1;0
9325;8709.68;50;0.83;1;0
9326;8260.02;50;0.87;1;0
9327;8670.58;50;0.83;1;0
9328;8260.02;50;0.87;1;0
9329;8680.35;50;0.83;1;0
9330;8260.02;50;0.87;1;0
9331;8670.58;50;0.83;1;0
9332;8269.79;50;0.87;1;0
9333;8660.80;50;0.83;1;0
9334;8260.02;50;0.87;1;0
9335;8670.58;50;0.83;1;0
9336;8240.47;50;0.87;1;0
9337;8651.03;50;0.82;1;0
9338;8260.02;50;0.87;1;0
9339;8641.25;50;0.83;1;0
9340;8230.69;50;0.86;1;0
9341;8641.25;50;0.82;1;0
9342;8269.79;50;0.86;1;0
9343;8651.03;50;0.83;1;0
9344;8269.79;50;0.87;1;0
9345;8631.48;50;0.83;1;0
9346;8269.79;50;0.86;1;0
9347;8651.03;50;0.83;1;0
9348;8240.47;50;0.87;1;0
9349;8660.80;50;0.82;1;0
9350;8250.24;50;0.87;1;0
9351;8651.03;50;0.83;1;0
9352;8279.57;50;0.87;1;0
9353;8641.25;50;0.83;1;0
9354;8260.02;50;0.86;1;0
9355;8660.80;50;0.83;1;0
9356;8279.57;50;0.87;1;0
9357;8660.80;50;0.83;1;0
9358;8289.35;50;0.87;1;0
9359;8660.80;50;0.83;1;0
9360;8269.79;50;0.87;1;0
9361;8690.13;50;0.83;1;0
9362;8260.02;50;0.87;1;0
9363;8690.13;50;0.83;1;0
9364;8279.57;50;0.87;1;0
9365;8739.00;50;0.83;1;0
9366;8269.79;50;0.87;1;0
9367;8690.13;50;0.83;1;0
9368;8299.12;50;0.87;1;0
9369;8690.13;50;0.83;1;0
9370;8318.67;50;0.87;1;0
9371;8699.90;50;0.83;1;0
9372;8318.67;50;0.87;1;0
9373;8729.23;50;0.83;1;0
9374;8338.22;50;0.87;1;0
9375;8758.55;50;0.83;1;0
9376;8308.90;50;0.88;1;0
9377;8787.88;50;0.83;1;0
9378;8357.77;50;0.88;1;0
9379;8768.33;50;0.84;1;0
9380;8367.55;50;0.88;1;0
9381;8768.33;50;0.84;1;0
9382;8377.32;50;0.88;1;0
9383;8787.88;50;0.84;1;0
9384;8387.10;50;0.88;1;0
9385;8797.65;50;0.84;1;0
9386;8426.20;50;0.88;1;0
9387;8836.75;50;0.84;1;0
9388;8416.42;50;0.88;1;0
9389;8866.08;50;0.84;1;0
9390;8455.52;50;0.89;1;0
9391;8856.31;50;0.85;1;0
9392;8465.30;50;0.89;1;0
9393;8885.63;50;0.85;1;0
9394;8494.62;50;0.89;1;0
9395;8875.86;50;0.85;1;0
9396;8533.72;50;0.89;1;0
9397;8895.41;50;0.85;1;0
9398;8523.95;50;0.89;1;0
9399;8924.73;50;0.85;1;0
9400;8553.27;50;0.89;1;0
9401;8924.73;50;0.86;1;0
9402;8592.38;50;0.89;1;0
9403;8954.06;50;0.86;1;0
9404;8631.48;50;0.90;1;0
9405;8983.38;50;0.86;1;0
9406;8641.25;50;0.90;1;0
9407;8973.61;50;0.86;1;0
9408;8690.13;50;0.90;1;0
9409;8993.16;50;0.87;1;0
9410;8739.00;50;0.90;1;0
9411;8983.38;50;0.87;1;0
9412;8709.68;50;0.90;1;0
9413;9042.03;50;0.87;1;0
9414;10508.31;50;0.90;1;1
9415;10801.56;50;1.05;1;1
9416;10557.18;50;1.08;1;1
9417;10801.56;50;1.06;1;1
9418;10508.31;50;1.08;1;1
9419;10850.44;50;1.05;1;1
9420;10654.94;50;1.09;1;1
9421;10752.69;50;1.07;1;1
9422;10654.94;50;1.08;1;1
9423;10850.44;50;1.07;1;1
9424;10654.94;50;1.09;1;1
9425;10899.32;50;1.07;1;1
9426;10752.69;50;1.09;1;1
9427;10850.44;50;1.08;1;1
9428;10752.69;50;1.09;1;1
9429;10899.32;50;1.08;1;1
9430;10850.44;50;1.09;1;1
9431;10899.32;50;1.09;1;1
9432;10899.32;50;1.09;1;1
9433;10850.44;50;1.09;1;1
9434;10899.32;50;1.09;1;1
9435;10899.32;50;1.09;1;1
9436;10948.19;50;1.09;1;1
9437;10899.32;50;1.09;1;1
9438;10948.19;50;1.09;1;1
9439;10899.32;50;1.09;1;1
9440;11045.94;50;1.09;1;1
9441;10899.32;50;1.10;1;1
9442;10997.07;50;1.09;1;1
9443;10997.07;50;1.10;1;1
9444;10997.07;50;1.10;1;1
9445;11045.94;50;1.10;1;1
9446;11045.94;50;1.10;1;1
9447;10997.07;50;1.10;1;1
9448;11045.94;50;1.10;1;1
9449;11045.94;50;1.10;1;1
9450;11094.82;50;1.10;1;1
9451;11045.94;50;1.11;1;1
9452;11094.82;50;1.10;1;1
9453;11094.82;50;1.11;1;1
9454;11192.57;50;1.11;1;1
9455;11045.94;50;1.12;1;1
9456;11192.57;50;1.10;1;1
9457;11045.94;50;1.12;1;1
9458;11290.32;50;1.10;1;1
9459;11045.94;50;1.13;1;1
9460;11241.45;50;1.10;1;1
9461;11094.82;50;1.12;1;1
9462;11339.20;50;1.11;1;1
9463;11094.82;50;1.13;1;1
9464;11290.32;50;1.11;1;1
9465;11094.82;50;1.13;1;1
9466;11339.20;50;1.11;1;1
9467;11094.82;50;1.13;1;1
9468;11388.07;50;1.11;1;1
9469;11143.70;50;1.14;1;1
9470;11485.83;50;1.11;1;1
9471;11241.45;50;1.15;1;1
9472;11436.95;50;1.12;1;1
9473;11241.45;50;1.14;1;1
9474;11436.95;50;1.12;1;1
9475;11241.45;50;1.14;1;1
9476;11485.83;50;1.12;1;1
9477;11339.20;50;1.15;1;1
9478;11436.95;50;1.13;1;1
9479;11388.07;50;1.14;1;1
9480;11436.95;50;1.14;1;1
9481;11388.07;50;1.14;1;1
9482;11534.70;50;1.14;1;1
9483;11388.07;50;1.15;1;1
9484;11534.70;50;1.14;1;1
9485;11436.95;50;1.15;1;1
9486;11583.58;50;1.14;1;1
9487;11485.83;50;1.16;1;1
9488;11632.45;50;1.15;1;1
9489;11485.83;50;1.16;1;1
9490;11681.33;50;1.15;1;1
9491;11485.83;50;1.17;1;1
9492;11730.21;50;1.15;1;1
9493;11485.83;50;1.17;1;1
9494;11876.83;50;1.15;1;1
9495;11485.83;50;1.19;1;1
9496;11876.83;50;1.15;1;1
9497;11583.58;50;1.19;1;1
9498;11876.83;50;1.16;1;1
9499;11583.58;50;1.19;1;1
9500;11876.83;50;1.16;1;1
9501;11681.33;50;1.19;1;1
9502;11974.58;50;1.17;1;1
9503;11632.45;50;1.20;1;1
9504;11974.58;50;1.16;1;1
9505;11730.21;50;1.20;1;1
9506;12023.46;50;1.17;1;1
9507;11730.21;50;1.20;1;1
9508;12023.46;50;1.17;1;1
9509;11779.08;50;1.20;1;1
9510;12072.34;50;1.18;1;1
9511;11876.83;50;1.21;1;1
9512;12121.21;50;1.19;1;1
9513;11827.96;50;1.21;1;1
9514;12218.96;50;1.18;1;1
9515;11876.83;50;1.22;1;1
9516;12267.84;50;1.19;1;1
9517;11925.71;50;1.23;1;1
9518;12316.71;50;1.19;1;1
9519;11876.83;50;1.23;1;1
9520;12316.71;50;1.19;1;1
9521;11925.71;50;1.23;1;1
9522;12365.59;50;1.19;1;1
9523;11974.58;50;1.24;1;1
9524;12414.47;50;1.20;1;1
9525;12023.46;50;1.24;1;1
9526;12463.34;50;1.20;1;1
9527;12023.46;50;1.25;1;1
9528;12512.22;50;1.20;1;1
9529;12121.21;50;1.25;1;1
9530;12512.22;50;1.21;1;1
9531;12121.21;50;1.25;1;1
9532;12561.09;50;1.21;1;1
9533;12023.46;50;1.26;1;1
9534;12561.09;50;1.20;1;1
9535;12121.21;50;1.26;1;1
9536;12609.97;50;1.21;1;1
9537;12121.21;50;1.26;1;1
9538;12658.85;50;1.21;1;1
9539;12121.21;50;1.27;1;1
9540;12707.72;50;1.21;1;1
9541;12170.09;50;1.27;1;1
9542;12707.72;50;1.22;1;1
9543;12218.96;50;1.27;1;1
9544;12756.60;50;1.22;1;1
9545;12267.84;50;1.28;1;1
9546;12805.47;50;1.23;1;1
9547;12267.84;50;1.28;1;1
9548;12854.35;50;1.23;1;1
9549;12218.96;50;1.29;1;1
9550;12854.35;50;1.22;1;1
9551;12267.84;50;1.29;1;1
9552;12903.23;50;1.23;1;1
9553;12316.71;50;1.29;1;1
9554;12952.10;50;1.23;1;1
9555;12316.71;50;1.30;1;1
9556;12952.10;50;1.23;1;1
9557;12316.71;50;1.30;1;1
9558;12903.23;50;1.23;1;1
9559;12365.59;50;1.29;1;1
9560;12952.10;50;1.24;1;1
9561;12365.59;50;1.30;1;1
9562;12952.10;50;1.24;1;1
9563;12365.59;50;1.30;1;1
9564;13000.98;50;1.24;1;1
9565;12365.59;50;1.30;1;1
9566;13000.98;50;1.24;1;1
9567;12365.59;50;1.30;1;1
9568;13000.98;50;1.24;1;1
9569;12414.47;50;1.30;1;1
9570;13000.98;50;1.24;1;1
9571;12414.47;50;1.30;1;1
9572;12952.10;50;1.24;1;1
9573;12414.47;50;1.30;1;1
9574;13049.85;50;1.24;1;1
9575;12414.47;50;1.30;1;1
9576;13098.73;50;1.24;1;1
9577;12414.47;50;1.31;1;1
9578;13049.85;50;1.24;1;1
9579;12414.47;50;1.30;1;1
9580;13049.85;50;1.24;1;1
9581;12414.47;50;1.30;1;1
9582;13049.85;50;1.24;1;1
9583;12414.47;50;1.30;1;1
9584;13000.98;50;1.24;1;1
9585;12463.34;50;1.30;1;1
9586;13000.98;50;1.25;1;1
9587;12463.34;50;1.30;1;1
9588;13000.98;50;1.25;1;1
9589;12463.34;50;1.30;1;1
9590;13049.85;50;1.25;1;1
9591;12414.47;50;1.30;1;1
9592;13000.98;50;1.24;1;1
9593;12414.47;50;1.30;1;1
9594;13000.98;50;1.24;1;1
9595;12463.34;50;1.30;1;1
9596;13000.98;50;1.25;1;1
9597;12414.47;50;1.30;1;1
9598;13000.98;50;1.24;1;1
9599;12414.47;50;1.30;1;1
9600;13000.98;50;1.24;1;1
9601;12414.47;50;1.30;1;1
9602;13000.98;50;1.24;1;1
9603;12414.47;50;1.30;1;1
9604;13000.98;50;1.24;1;1
9605;12463.34;50;1.30;1;1
9606;13000.98;50;1.25;1;1
9607;12414.47;50;1.30;1;1
9608;12952.10;50;1.24;1;1
9609;12463.34;50;1.30;1;1
9610;13000.98;50;1.25;1;1
9611;12512.22;50;1.30;1;1
9612;13000.98;50;1.25;1;1
9613;12512.22;50;1.30;1;1
9614;12952.10;50;1.25;1;1
9615;12463.34;50;1.30;1;1
9616;0.00;50;1.25;1;1
9617;2346.04;50;0.00;1;0
9618;10000.00;50;0.23;1;0
9619;12316.71;50;1.00;1;1
9620;12512.22;50;1.23;1;1
9621;12316.71;50;1.25;1;1
9622;12463.34;50;1.23;1;1
9623;12267.84;50;1.25;1;1
9624;12512.22;50;1.23;1;1
9625;12316.71;50;1.25;1;1
9626;12414.47;50;1.23;1;1
9627;12316.71;50;1.24;1;1
9628;12414.47;50;1.23;1;1
9629;12316.71;50;1.24;1;1
9630;12414.47;50;1.23;1;1
9631;12365.59;50;1.24;1;1
9632;12414.47;50;1.24;1;1
9633;12414.47;50;1.24;1;1
9634;12316.71;50;1.24;1;1
9635;12414.47;50;1.23;1;1
9636;12316.71;50;1.24;1;1
9637;12463.34;50;1.23;1;1
9638;12316.71;50;1.25;1;1
9639;12414.47;50;1.23;1;1
9640;12267.84;50;1.24;1;1
9641;12414.47;50;1.23;1;1
9642;12267.84;50;1.24;1;1
9643;12414.47;50;1.23;1;1
9644;12218.96;50;1.24;1;1
9645;12463.34;50;1.22;1;1
9646;12218.96;50;1.25;1;1
9647;12463.34;50;1.22;1;1
9648;12218.96;50;1.25;1;1
9649;12512.22;50;1.22;1;1
9650;12170.09;50;1.25;1;1
9651;12414.47;50;1.22;1;1
9652;12267.84;50;1.24;1;1
9653;12512.22;50;1.23;1;1
9654;12121.21;50;1.25;1;1
9655;12414.47;50;1.21;1;1
9656;12170.09;50;1.24;1;1
9657;12463.34;50;1.22;1;1
9658;12072.34;50;1.25;1;1
9659;12512.22;50;1.21;1;1
9660;12121.21;50;1.25;1;1
9661;12463.34;50;1.21;1;1
9662;12121.21;50;1.25;1;1
9663;12414.47;50;1.21;1;1
9664;12170.09;50;1.24;1;1
9665;12414.47;50;1.22;1;1
9666;12121.21;50;1.24;1;1
9667;12414.47;50;1.21;1;1
9668;12170.09;50;1.24;1;1
9669;12316.71;50;1.22;1;1
9670;12121.21;50;1.23;1;1
9671;12316.71;50;1.21;1;1
9672;12121.21;50;1.23;1;1
9673;12316.71;50;1.21;1;1
9674;12072.34;50;1.23;1;1
9675;12218.96;50;1.21;1;1
9676;12023.46;50;1.22;1;1
9677;12218.96;50;1.20;1;1
9678;11974.58;50;1.22;1;1
9679;12218.96;50;1.20;1;1
9680;11925.71;50;1.22;1;1
9681;12267.84;50;1.19;1;1
9682;11925.71;50;1.23;1;1
9683;12267.84;50;1.19;1;1
9684;11876.83;50;1.23;1;1
9685;12121.21;50;1.19;1;1
9686;11827.96;50;1.21;1;1
9687;12121.21;50;1.18;1;1
9688;11779.08;50;1.21;1;1
9689;12121.21;50;1.18;1;1
9690;11779.08;50;1.21;1;1
9691;12121.21;50;1.18;1;1
9692;11730.21;50;1.21;1;1
9693;12072.34;50;1.17;1;1
9694;11681.33;50;1.21;1;1
9695;12023.46;50;1.17;1;1
9696;11632.45;50;1.20;1;1
9697;12023.46;50;1.16;1;1
9698;11632.45;50;1.20;1;1
9699;11925.71;50;1.16;1;1
9700;11583.58;50;1.19;1;1
9701;11925.71;50;1.16;1;1
9702;11485.83;50;1.19;1;1
9703;11925.71;50;1.15;1;1
9704;11436.95;50;1.19;1;1
9705;11925.71;50;1.14;1;1
9706;11388.07;50;1.19;1;1
9707;11827.96;50;1.14;1;1
9708;11436.95;50;1.18;1;1
9709;11827.96;50;1.14;1;1
9710;11388.07;50;1.18;1;1
9711;11827.96;50;1.14;1;1
9712;11339.20;50;1.18;1;1
9713;11779.08;50;1.13;1;1
9714;11339.20;50;1.18;1;1
9715;11730.21;50;1.13;1;1
9716;11290.32;50;1.17;1;1
9717;11730.21;50;1.13;1;1
9718;11192.57;50;1.17;1;1
9719;11681.33;50;1.12;1;1
9720;11192.57;50;1.17;1;1
9721;11730.21;50;1.12;1;1
9722;11143.70;50;1.17;1;1
9723;11681.33;50;1.11;1;1
9724;11094.82;50;1.17;1;1
9725;11632.45;50;1.11;1;1
9726;11143.70;50;1.16;1;1
9727;11583.58;50;1.11;1;1
9728;11045.94;50;1.16;1;1
9729;11583.58;50;1.10;1;1
9730;10997.07;50;1.16;1;1
9731;11583.58;50;1.10;1;1
9732;10997.07;50;1.16;1;1
9733;11583.58;50;1.10;1;1
9734;10948.19;50;1.16;1;1
9735;11534.70;50;1.09;1;1
9736;10948.19;50;1.15;1;1
9737;11534.70;50;1.09;1;1
9738;10899.32;50;1.15;1;1
9739;11534.70;50;1.09;1;1
9740;10899.32;50;1.15;1;1
9741;11485.83;50;1.09;1;1
9742;10899.32;50;1.15;1;1
9743;11485.83;50;1.09;1;1
9744;10801.56;50;1.15;1;1
9745;11485.83;50;1.08;1;1
9746;10850.44;50;1.15;1;1
9747;11436.95;50;1.09;1;1
9748;10850.44;50;1.14;1;1
9749;11388.07;50;1.09;1;1
9750;10801.56;50;1.14;1;1
9751;11388.07;50;1.08;1;1
9752;10801.56;50;1.14;1;1
9753;11388.07;50;1.08;1;1
9754;10801.56;50;1.14;1;1
9755;11388.07;50;1.08;1;1
9756;10703.81;50;1.14;1;1
9757;11339.20;50;1.07;1;1
9758;10752.69;50;1.13;1;1
9759;11388.07;50;1.08;1;1
9760;10703.81;50;1.14;1;1
9761;11339.20;50;1.07;1;1
9762;10703.81;50;1.13;1;1
9763;11339.20;50;1.07;1;1
9764;10703.81;50;1.13;1;1
9765;11290.32;50;1.07;1;1
9766;10703.81;50;1.13;1;1
9767;11290.32;50;1.07;1;1
9768;10703.81;50;1.13;1;1
9769;11290.32;50;1.07;1;1
9770;10654.94;50;1.13;1;1
9771;11290.32;50;1.07;1;1
9772;10703.81;50;1.13;1;1
9773;11143.70;50;1.07;1;1
9774;10703.81;50;1.11;1;1
9775;11143.70;50;1.07;1;1
9776;10703.81;50;1.11;1;1
9777;11143.70;50;1.07;1;1
9778;10703.81;50;1.11;1;1
9779;11094.82;50;1.07;1;1
9780;10703.81;50;1.11;1;1
9781;11094.82;50;1.07;1;1
9782;10654.94;50;1.11;1;1
9783;11045.94;50;1.07;1;1
9784;10654.94;50;1.10;1;1
9785;11045.94;50;1.07;1;1
9786;10703.81;50;1.10;1;1
9787;10997.07;50;1.07;1;1
9788;10703.81;50;1.10;1;1
9789;10997.07;50;1.07;1;1
9790;10654.94;50;1.10;1;1
9791;10948.19;50;1.07;1;1
9792;10654.94;50;1.09;1;1
9793;10850.44;50;1.07;1;1
9794;10606.06;50;1.09;1;1
9795;10850.44;50;1.06;1;1
9796;10654.94;50;1.09;1;1
9797;10850.44;50;1.07;1;1
9798;10654.94;50;1.09;1;1
9799;10752.69;50;1.07;1;1
9800;10703.81;50;1.08;1;1
9801;10850.44;50;1.07;1;1
9802;10557.18;50;1.09;1;1
9803;10850.44;50;1.06;1;1
9804;10508.31;50;1.09;1;1
9805;10801.56;50;1.05;1;1
9806;10508.31;50;1.08;1;1
9807;10801.56;50;1.05;1;1
9808;10361.68;50;1.08;1;1
9809;10752.69;50;1.04;1;1
9810;10410.56;50;1.08;1;1
9811;10752.69;50;1.04;1;1
9812;10361.68;50;1.08;1;1
9813;10703.81;50;1.04;1;1
9814;10361.68;50;1.07;1;1
9815;10703.81;50;1.04;1;1
9816;10361.68;50;1.07;1;1
9817;10606.06;50;1.04;1;1
9818;10312.81;50;1.06;1;1
9819;10557.18;50;1.03;1;1
9820;10312.81;50;1.06;1;1
9821;10557.18;50;1.03;1;1
9822;10312.81;50;1.06;1;1
9823;10459.43;50;1.03;1;1
9824;10361.68;50;1.05;1;1
9825;10508.31;50;1.04;1;1
9826;10263.93;50;1.05;1;1
9827;10508.31;50;1.03;1;1
9828;10263.93;50;1.05;1;1
9829;10361.68;50;1.03;1;1
9830;10263.93;50;1.04;1;1
9831;10312.81;50;1.03;1;1
9832;10263.93;50;1.03;1;1
9833;10361.68;50;1.03;1;1
9834;10312.81;50;1.04;1;1
9835;10312.81;50;1.03;1;1
9836;10263.93;50;1.03;1;1
9837;10263.93;50;1.03;1;1
9838;10312.81;50;1.03;1;1
9839;10215.05;50;1.03;1;1
9840;10263.93;50;1.02;1;1
9841;10166.18;50;1.03;1;1
9842;10263.93;50;1.02;1;1
9843;10117.30;50;1.03;1;1
9844;10263.93;50;1.01;1;1
9845;10117.30;50;1.03;1;1
9846;10312.81;50;1.01;1;1
9847;10117.30;50;1.03;1;1
9848;10312.81;50;1.01;1;1
9849;10068.43;50;1.03;1;1
9850;10312.81;50;1.01;1;1
9851;10068.43;50;1.03;1;1
9852;10312.81;50;1.01;1;1
9853;10068.43;50;1.03;1;1
9854;10312.81;50;1.01;1;1
9855;10019.55;50;1.03;1;1
9856;10312.81;50;1.00;1;1
9857;9970.67;50;1.03;1;1
9858;10410.56;50;1.00;1;1
9859;10019.55;50;1.04;1;1
9860;10410.56;50;1.00;1;1
9861;9970.67;50;1.04;1;1
9862;10361.68;50;1.00;1;1
9863;9970.67;50;1.04;1;1
9864;10312.81;50;1.00;1;1
9865;9921.80;50;1.03;1;1
9866;10410.56;50;0.99;1;1
9867;9921.80;50;1.04;1;1
9868;10410.56;50;0.99;1;1
9869;9872.92;50;1.04;1;1
9870;10361.68;50;0.99;1;1
9871;9872.92;50;1.04;1;1
9872;10361.68;50;0.99;1;1
9873;9921.80;50;1.04;1;1
9874;10459.43;50;0.99;1;1
9875;9872.92;50;1.05;1;1
9876;10361.68;50;0.99;1;1
9877;9872.92;50;1.04;1;1
9878;10459.43;50;0.99;1;1
9879;9872.92;50;1.05;1;1
9880;10459.43;50;0.99;1;1
9881;9824.05;50;1.05;1;1
9882;10459.43;50;0.98;1;1
9883;9824.05;50;1.05;1;1
9884;10410.56;50;0.98;1;1
9885;9872.92;50;1.04;1;1
9886;10410.56;50;0.99;1;1
9887;9824.05;50;1.04;1;1
9888;10410.56;50;0.98;1;1
9889;9824.05;50;1.04;1;1
9890;10410.56;50;0.98;1;1
9891;9872.92;50;1.04;1;1
9892;10459.43;50;0.99;1;1
9893;9824.05;50;1.05;1;1
9894;10410.56;50;0.98;1;1
9895;9824.05;50;1.04;1;1
9896;10508.31;50;0.98;1;1
9897;9824.05;50;1.05;1;1
9898;10459.43;50;0.98;1;1
9899;9872.92;50;1.05;1;1
9900;10459.43;50;0.99;1;1
9901;9824.05;50;1.05;1;1
9902;10459.43;50;0.98;1;1
9903;9872.92;50;1.05;1;1
9904;10459.43;50;0.99;1;1
9905;9872.92;50;1.05;1;1
9906;10459.43;50;0.99;1;1
9907;9824.05;50;1.05;1;1
9908;10410.56;50;0.98;1;1
9909;9775.17;50;1.04;1;1
9910;10410.56;50;0.98;1;1
9911;9824.05;50;1.04;1;1
9912;10410.56;50;0.98;1;1
9913;9775.17;50;1.04;1;1
9914;10361.68;50;0.98;1;1
9915;9824.05;50;1.04;1;1
9916;10410.56;50;0.98;1;1
9917;9824.05;50;1.04;1;1
9918;10361.68;50;0.98;1;1
9919;9775.17;50;1.04;1;1
9920;10361.68;50;0.98;1;1
9921;9726.29;50;1.04;1;1
9922;10361.68;50;0.97;1;1
9923;9775.17;50;1.04;1;1
9924;10361.68;50;0.98;1;1
9925;9726.29;50;1.04;1;1
9926;10361.68;50;0.97;1;1
9927;9726.29;50;1.04;1;1
9928;10312.81;50;0.97;1;1
9929;9726.29;50;1.03;1;1
9930;10312.81;50;0.97;1;1
9931;9726.29;50;1.03;1;1
9932;10312.81;50;0.97;1;1
9933;9677.42;50;1.03;1;1
9934;10263.93;50;0.97;1;1
9935;9677.42;50;1.03;1;1
9936;10312.81;50;0.97;1;1
9937;9726.29;50;1.03;1;1
9938;10263.93;50;0.97;1;1
9939;9677.42;50;1.03;1;1
9940;10263.93;50;0.97;1;1
9941;9628.54;50;1.03;1;1
9942;10215.05;50;0.96;1;1
9943;9628.54;50;1.02;1;1
9944;10215.05;50;0.96;1;1
9945;9628.54;50;1.02;1;1
9946;10215.05;50;0.96;1;1
9947;9628.54;50;1.02;1;1
9948;10215.05;50;0.96;1;1
9949;9628.54;50;1.02;1;1
9950;10166.18;50;0.96;1;1
9951;9628.54;50;1.02;1;1
9952;10166.18;50;0.96;1;1
9953;9579.67;50;1.02;1;1
9954;10166.18;50;0.96;1;1
9955;9530.79;50;1.02;1;1
9956;10166.18;50;0.95;1;1
9957;9530.79;50;1.02;1;1
9958;10117.30;50;0.95;1;1
9959;9481.92;50;1.01;1;1
9960;10117.30;50;0.95;1;1
9961;9579.67;50;1.01;1;1
9962;10117.30;50;0.96;1;1
9963;9579.67;50;1.01;1;1
9964;10166.18;50;0.96;1;1
9965;9579.67;50;1.02;1;1
9966;10117.30;50;0.96;1;1
9967;9579.67;50;1.01;1;1
9968;10117.30;50;0.96;1;1
9969;9579.67;50;1.01;1;1
9970;10117.30;50;0.96;1;1
9971;9530.79;50;1.01;1;1
9972;10117.30;50;0.95;1;1
9973;9530.79;50;1.01;1;1
9974;10068.43;50;0.95;1;1
9975;9579.67;50;1.01;1;1
9976;10068.43;50;0.96;1;1
9977;9579.67;50;1.01;1;1
9978;10068.43;50;0.96;1;1
9979;9628.54;50;1.01;1;1
9980;10068.43;50;0.96;1;1
9981;9579.67;50;1.01;1;1
9982;10068.43;50;0.96;1;1
9983;9628.54;50;1.01;1;1
9984;10019.55;50;0.96;1;1
9985;9579.67;50;1.00;1;1
9986;10019.55;50;0.96;1;1
9987;9628.54;50;1.00;1;1
9988;10019.55;50;0.96;1;1
9989;9628.54;50;1.00;1;1
9990;9970.67;50;0.96;1;1
9991;9628.54;50;1.00;1;1
9992;10117.30;50;0.96;1;1
9993;9579.67;50;1.01;1;1
9994;10117.30;50;0.96;1;1
9995;9579.67;50;1.01;1;1
9996;10068.43;50;0.96;1;1
9997;9628.54;50;1.01;1;1
9998;10117.30;50;0.96;1;1
9999;9530.79;50;1.01;1;1
10000;10117.30;50;0.95;1;1
10001;9579.67;50;1.01;1;1
10002;10117.30;50;0.96;1;1
10003;9579.67;50;1.01;1;1
10004;10117.30;50;0.96;1;1
10005;9579.67;50;1.01;1;1
10006;10166.18;50;0.96;1;1
10007;9530.79;50;1.02;1;1
10008;10166.18;50;0.95;1;1
10009;9579.67;50;1.02;1;1
10010;10166.18;50;0.96;1;1
10011;9628.54;50;1.02;1;1
10012;10166.18;50;0.96;1;1
10013;9628.54;50;1.02;1;1
10014;10117.30;50;0.96;1;1
10015;9628.54;50;1.01;1;1
10016;10117.30;50;0.96;1;1
10017;9628.54;50;1.01;1;1
10018;10117.30;50;0.96;1;1
10019;9677.42;50;1.01;1;1
10020;10117.30;50;0.97;1;1
10021;9677.42;50;1.01;1;1
10022;10117.30;50;0.97;1;1
10023;9677.42;50;1.01;1;1
10024;10117.30;50;0.97;1;1
10025;9726.29;50;1.01;1;1
10026;10019.55;50;0.97;1;1
10027;9677.42;50;1.00;1;1
10028;10117.30;50;0.97;1;1
10029;9677.42;50;1.01;1;1
10030;10117.30;50;0.97;1;1
10031;9677.42;50;1.01;1;1
10032;10117.30;50;0.97;1;1
10033;9677.42;50;1.01;1;1
10034;10068.43;50;0.97;1;1
10035;9677.42;50;1.01;1;1
10036;10068.43;50;0.97;1;1
10037;9775.17;50;1.01;1;1
10038;10068.43;50;0.98;1;1
10039;9726.29;50;1.01;1;1
10040;10019.55;50;0.97;1;1
10041;9726.29;50;1.00;1;1
10042;9970.67;50;0.97;1;1
10043;9824.05;50;1.00;1;1
10044;9970.67;50;0.98;1;1
10045;9824.05;50;1.00;1;1
10046;9921.80;50;0.98;1;1
10047;9824.05;50;0.99;1;1
10048;9872.92;50;0.98;1;1
10049;9824.05;50;0.99;1;1
10050;9775.17;50;0.98;1;1
10051;9824.05;50;0.98;1;1
10052;9775.17;50;0.98;1;1
10053;9824.05;50;0.98;1;1
10054;9775.17;50;0.98;1;1
10055;9872.92;50;0.98;1;1
10056;9726.29;50;0.99;1;1
10057;9824.05;50;0.97;1;1
10058;9677.42;50;0.98;1;1
10059;9872.92;50;0.97;1;1
10060;9628.54;50;0.99;1;1
10061;9921.80;50;0.96;1;1
10062;9628.54;50;0.99;1;1
10063;9921.80;50;0.96;1;1
10064;9579.67;50;0.99;1;1
10065;9775.17;50;0.96;1;1
10066;9628.54;50;0.98;1;1
10067;9824.05;50;0.96;1;1
10068;9628.54;50;0.98;1;1
10069;9824.05;50;0.96;1;1
10070;9530.79;50;0.98;1;1
10071;9872.92;50;0.95;1;1
10072;9579.67;50;0.99;1;1
10073;9824.05;50;0.96;1;1
10074;9579.67;50;0.98;1;1
10075;9824.05;50;0.96;1;1
10076;9530.79;50;0.98;1;1
10077;9921.80;50;0.95;1;1
10078;9481.92;50;0.99;1;1
10079;9824.05;50;0.95;1;1
10080;9579.67;50;0.98;1;1
10081;9824.05;50;0.96;1;1
10082;9530.79;50;0.98;1;1
10083;9872.92;50;0.95;1;1
10084;9530.79;50;0.99;1;1
10085;9872.92;50;0.95;1;1
10086;9481.92;50;0.99;1;1
10087;9872.92;50;0.95;1;1
10088;9481.92;50;0.99;1;1
10089;9872.92;50;0.95;1;1
10090;9481.92;50;0.99;1;1
10091;9921.80;50;0.95;1;1
10092;9481.92;50;0.99;1;1
10093;9921.80;50;0.95;1;1
10094;9481.92;50;0.99;1;1
10095;9872.92;50;0.95;1;1
10096;9481.92;50;0.99;1;1
10097;9872.92;50;0.95;1;1
10098;9433.04;50;0.99;1;1
10099;9872.92;50;0.94;1;1
10100;9433.04;50;0.99;1;1
10101;9970.67;50;0.94;1;1
10102;9481.92;50;1.00;1;1
10103;9775.17;50;0.95;1;1
10104;9481.92;50;0.98;1;1
10105;9872.92;50;0.95;1;1
10106;9530.79;50;0.99;1;1
10107;9824.05;50;0.95;1;1
10108;9481.92;50;0.98;1;1
10109;9872.92;50;0.95;1;1
10110;9481.92;50;0.99;1;1
10111;9921.80;50;0.95;1;1
10112;9481.92;50;0.99;1;1
10113;9872.92;50;0.95;1;1
10114;9530.79;50;0.99;1;1
10115;9921.80;50;0.95;1;1
10116;9481.92;50;0.99;1;1
10117;9921.80;50;0.95;1;1
10118;9530.79;50;0.99;1;1
10119;9872.92;50;0.95;1;1
10120;9579.67;50;0.99;1;1
10121;9970.67;50;0.96;1;1
10122;9530.79;50;1.00;1;1
10123;9970.67;50;0.95;1;1
10124;9530.79;50;1.00;1;1
10125;9970.67;50;0.95;1;1
10126;9579.67;50;1.00;1;1
10127;9970.67;50;0.96;1;1
10128;9530.79;50;1.00;1;1
10129;9970.67;50;0.95;1;1
10130;9579.67;50;1.00;1;1
10131;10019.55;50;0.96;1;1
10132;9579.67;50;1.00;1;1
10133;10019.55;50;0.96;1;1
10134;9579.67;50;1.00;1;1
10135;10019.55;50;0.96;1;1
10136;9579.67;50;1.00;1;1
10137;10068.43;50;0.96;1;1
10138;9579.67;50;1.01;1;1
10139;10019.55;50;0.96;1;1
10140;9579.67;50;1.00;1;1
10141;10068.43;50;0.96;1;1
10142;9579.67;50;1.01;1;1
10143;9970.67;50;0.96;1;1
10144;9628.54;50;1.00;1;1
10145;9921.80;50;0.96;1;1
10146;9628.54;50;0.99;1;1
10147;10068.43;50;0.96;1;1
10148;9628.54;50;1.01;1;1
10149;10117.30;50;0.96;1;1
10150;9628.54;50;1.01;1;1
10151;10068.43;50;0.96;1;1
10152;9628.54;50;1.01;1;1
10153;10019.55;50;0.96;1;1
10154;9628.54;50;1.00;1;1
10155;10068.43;50;0.96;1;1
10156;9530.79;50;1.01;1;1
10157;10068.43;50;0.95;1;1
10158;9579.67;50;1.01;1;1
10159;10019.55;50;0.96;1;1
10160;9530.79;50;1.00;1;1
10161;10068.43;50;0.95;1;1
10162;9530.79;50;1.01;1;1
10163;10068.43;50;0.95;1;1
10164;9481.92;50;1.01;1;1
10165;10068.43;50;0.95;1;1
10166;9481.92;50;1.01;1;1
10167;10019.55;50;0.95;1;1
10168;9433.04;50;1.00;1;1
10169;10068.43;50;0.94;1;1
10170;9433.04;50;1.01;1;1
10171;10068.43;50;0.94;1;1
10172;9433.04;50;1.01;1;1
10173;10019.55;50;0.94;1;1
10174;9433.04;50;1.00;1;1
10175;10019.55;50;0.94;1;1
10176;9384.16;50;1.00;1;1
10177;9970.67;50;0.94;1;1
10178;9433.04;50;1.00;1;1
10179;9921.80;50;0.94;1;1
10180;9384.16;50;0.99;1;1
10181;9970.67;50;0.94;1;1
10182;9335.29;50;1.00;1;1
10183;9970.67;50;0.93;1;1
10184;9384.16;50;1.00;1;1
10185;9970.67;50;0.94;1;1
10186;9335.29;50;1.00;1;1
10187;9970.67;50;0.93;1;1
10188;9384.16;50;1.00;1;1
10189;9970.67;50;0.94;1;1
10190;9384.16;50;1.00;1;1
10191;9921.80;50;0.94;1;1
10192;9335.29;50;0.99;1;1
10193;9921.80;50;0.93;1;1
10194;9384.16;50;0.99;1;1
10195;9970.67;50;0.94;1;1
10196;9335.29;50;1.00;1;1
10197;9921.80;50;0.93;1;1
10198;9335.29;50;0.99;1;1
10199;9921.80;50;0.93;1;1
10200;9286.41;50;0.99;1;1
10201;9921.80;50;0.93;1;1
10202;9335.29;50;0.99;1;1
10203;9921.80;50;0.93;1;1
10204;9286.41;50;0.99;1;1
10205;9921.80;50;0.93;1;1
10206;9286.41;50;0.99;1;1
10207;9921.80;50;0.93;1;1
10208;9286.41;50;0.99;1;1
10209;9921.80;50;0.93;1;1
10210;9286.41;50;0.99;1;1
10211;9872.92;50;0.93;1;1
10212;9286.41;50;0.99;1;1
10213;9872.92;50;0.93;1;1
10214;9335.29;50;0.99;1;1
10215;9921.80;50;0.93;1;1
10216;9286.41;50;0.99;1;1
10217;9921.80;50;0.93;1;1
10218;9335.29;50;0.99;1;1
10219;9921.80;50;0.93;1;1
10220;9335.29;50;0.99;1;1
10221;9921.80;50;0.93;1;1
10222;9286.41;50;0.99;1;1
10223;9921.80;50;0.93;1;1
10224;9286.41;50;0.99;1;1
10225;9921.80;50;0.93;1;1
10226;9335.29;50;0.99;1;1
10227;9921.80;50;0.93;1;1
10228;9335.29;50;0.99;1;1
10229;9921.80;50;0.93;1;1
10230;9335.29;50;0.99;1;1
10231;9921.80;50;0.93;1;1
10232;9335.29;50;0.99;1;1
10233;9970.67;50;0.93;1;1
10234;9384.16;50;1.00;1;1
10235;9921.80;50;0.94;1;1
10236;9384.16;50;0.99;1;1
10237;9921.80;50;0.94;1;1
10238;9384.16;50;0.99;1;1
10239;9921.80;50;0.94;1;1
10240;9481.92;50;0.99;1;1
10241;9872.92;50;0.95;1;1
10242;9433.04;50;0.99;1;1
10243;9872.92;50;0.94;1;1
10244;9481.92;50;0.99;1;1
10245;9872.92;50;0.95;1;1
10246;9481.92;50;0.99;1;1
10247;9872.92;50;0.95;1;1
10248;9530.79;50;0.99;1;1
10249;9872.92;50;0.95;1;1
10250;9579.67;50;0.99;1;1
10251;9775.17;50;0.96;1;1
10252;9628.54;50;0.98;1;1
10253;9824.05;50;0.96;1;1
10254;9628.54;50;0.98;1;1
10255;9824.05;50;0.96;1;1
10256;9726.29;50;0.98;1;1
10257;9726.29;50;0.97;1;1
10258;9726.29;50;0.97;1;1
10259;9726.29;50;0.97;1;1
10260;9677.42;50;0.97;1;1
10261;9726.29;50;0.97;1;1
10262;9726.29;50;0.97;1;1
10263;9677.42;50;0.97;1;1
10264;9726.29;50;0.97;1;1
10265;9628.54;50;0.97;1;1
10266;9775.17;50;0.96;1;1
10267;9628.54;50;0.98;1;1
10268;9824.05;50;0.96;1;1
10269;9628.54;50;0.98;1;1
10270;9824.05;50;0.96;1;1
10271;9628.54;50;0.98;1;1
10272;9824.05;50;0.96;1;1
10273;9579.67;50;0.98;1;1
10274;9824.05;50;0.96;1;1
10275;9677.42;50;0.98;1;1
10276;9677.42;50;0.97;1;1
10277;9775.17;50;0.97;1;1
10278;9628.54;50;0.98;1;1
10279;9628.54;50;0.96;1;1
10280;9726.29;50;0.96;1;1
10281;9677.42;50;0.97;1;1
10282;9677.42;50;0.97;1;1
10283;9628.54;50;0.97;1;1
10284;9677.42;50;0.96;1;1
10285;9579.67;50;0.97;1;1
10286;9726.29;50;0.96;1;1
10287;9579.67;50;0.97;1;1
10288;9726.29;50;0.96;1;1
10289;9530.79;50;0.97;1;1
10290;9726.29;50;0.95;1;1
10291;9530.79;50;0.97;1;1
10292;9726.29;50;0.95;1;1
10293;9481.92;50;0.97;1;1
10294;9726.29;50;0.95;1;1
10295;9481.92;50;0.97;1;1
10296;9726.29;50;0.95;1;1
10297;9384.16;50;0.97;1;1
10298;9726.29;50;0.94;1;1
10299;9433.04;50;0.97;1;1
10300;9726.29;50;0.94;1;1
10301;9335.29;50;0.97;1;1
10302;9775.17;50;0.93;1;1
10303;9335.29;50;0.98;1;1
10304;9677.42;50;0.93;1;1
10305;9335.29;50;0.97;1;1
10306;9726.29;50;0.93;1;1
10307;9286.41;50;0.97;1;1
10308;9775.17;50;0.93;1;1
10309;9335.29;50;0.98;1;1
10310;9726.29;50;0.93;1;1
10311;9335.29;50;0.97;1;1
10312;9677.42;50;0.93;1;1
10313;9335.29;50;0.97;1;1
10314;9726.29;50;0.93;1;1
10315;9384.16;50;0.97;1;1
10316;9726.29;50;0.94;1;1
10317;9335.29;50;0.97;1;1
10318;9677.42;50;0.93;1;1
10319;9335.29;50;0.97;1;1
10320;9726.29;50;0.93;1;1
10321;9286.41;50;0.97;1;1
10322;9775.17;50;0.93;1;1
10323;9384.16;50;0.98;1;1
10324;9726.29;50;0.94;1;1
10325;9384.16;50;0.97;1;1
10326;9775.17;50;0.94;1;1
10327;9335.29;50;0.98;1;1
10328;9775.17;50;0.93;1;1
10329;9335.29;50;0.98;1;1
10330;9726.29;50;0.93;1;1
10331;9335.29;50;0.97;1;1
10332;9775.17;50;0.93;1;1
10333;9286.41;50;0.98;1;1
10334;9628.54;50;0.93;1;1
10335;9384.16;50;0.96;1;1
10336;9677.42;50;0.94;1;1
10337;9433.04;50;0.97;1;1
10338;9726.29;50;0.94;1;1
10339;9384.16;50;0.97;1;1
10340;9775.17;50;0.94;1;1
10341;9384.16;50;0.98;1;1
10342;9726.29;50;0.94;1;1
10343;9433.04;50;0.97;1;1
10344;9775.17;50;0.94;1;1
10345;9433.04;50;0.98;1;1
10346;9726.29;50;0.94;1;1
10347;9433.04;50;0.97;1;1
10348;9726.29;50;0.94;1;1
10349;9433.04;50;0.97;1;1
10350;9775.17;50;0.94;1;1
10351;9335.29;50;0.98;1;1
10352;9775.17;50;0.93;1;1
10353;9433.04;50;0.98;1;1
10354;9775.17;50;0.94;1;1
10355;9481.92;50;0.98;1;1
10356;9824.05;50;0.95;1;1
10357;9433.04;50;0.98;1;1
10358;9872.92;50;0.94;1;1
10359;9384.16;50;0.99;1;1
10360;9824.05;50;0.94;1;1
10361;9384.16;50;0.98;1;1
10362;9872.92;50;0.94;1;1
10363;9433.04;50;0.99;1;1
10364;9872.92;50;0.94;1;1
10365;9481.92;50;0.99;1;1
10366;9921.80;50;0.95;1;1
10367;9433.04;50;0.99;1;1
10368;9872.92;50;0.94;1;1
10369;9481.92;50;0.99;1;1
10370;9872.92;50;0.95;1;1
10371;9481.92;50;0.99;1;1
10372;9872.92;50;0.95;1;1
10373;9481.92;50;0.99;1;1
10374;9921.80;50;0.95;1;1
10375;9530.79;50;0.99;1;1
10376;9970.67;50;0.95;1;1
10377;9481.92;50;1.00;1;1
10378;9921.80;50;0.95;1;1
10379;9579.67;50;0.99;1;1
10380;9921.80;50;0.96;1;1
10381;9530.79;50;0.99;1;1
10382;9921.80;50;0.95;1;1
10383;9481.92;50;0.99;1;1
10384;10019.55;50;0.95;1;1
10385;9433.04;50;1.00;1;1
10386;9970.67;50;0.94;1;1
10387;9481.92;50;1.00;1;1
10388;10019.55;50;0.95;1;1
10389;9481.92;50;1.00;1;1
10390;9970.67;50;0.95;1;1
10391;9433.04;50;1.00;1;1
10392;9921.80;50;0.94;1;1
10393;9433.04;50;0.99;1;1
10394;10019.55;50;0.94;1;1
10395;9433.04;50;1.00;1;1
10396;9921.80;50;0.94;1;1
10397;9433.04;50;0.99;1;1
10398;9921.80;50;0.94;1;1
10399;9481.92;50;0.99;1;1
10400;9921.80;50;0.95;1;1
10401;9433.04;50;0.99;1;1
10402;9921.80;50;0.94;1;1
10403;9481.92;50;0.99;1;1
10404;9921.80;50;0.95;1;1
10405;9433.04;50;0.99;1;1
10406;9921.80;50;0.94;1;1
10407;9433.04;50;0.99;1;1
10408;9921.80;50;0.94;1;1
10409;9433.04;50;0.99;1;1
10410;9921.80;50;0.94;1;1
10411;9433.04;50;0.99;1;1
10412;9872.92;50;0.94;1;1
10413;9433.04;50;0.99;1;1
10414;9872.92;50;0.94;1;1
10415;9433.04;50;0.99;1;1
10416;9921.80;50;0.94;1;1
10417;9335.29;50;0.99;1;1
10418;9872.92;50;0.93;1;1
10419;9335.29;50;0.99;1;1
10420;9775.17;50;0.93;1;1
10421;9335.29;50;0.98;1;1
10422;9824.05;50;0.93;1;1
10423;9384.16;50;0.98;1;1
10424;9824.05;50;0.94;1;1
10425;9286.41;50;0.98;1;1
10426;9824.05;50;0.93;1;1
10427;9286.41;50;0.98;1;1
10428;9726.29;50;0.93;1;1
10429;9335.29;50;0.97;1;1
10430;9726.29;50;0.93;1;1
10431;9335.29;50;0.97;1;1
10432;9775.17;50;0.93;1;1
10433;9384.16;50;0.98;1;1
10434;9726.29;50;0.94;1;1
10435;9335.29;50;0.97;1;1
10436;9726.29;50;0.93;1;1
10437;9335.29;50;0.97;1;1
10438;9726.29;50;0.93;1;1
10439;9286.41;50;0.97;1;1
10440;9824.05;50;0.93;1;1
10441;9286.41;50;0.98;1;1
10442;9726.29;50;0.93;1;1
10443;9237.54;50;0.97;1;1
10444;9824.05;50;0.92;1;1
10445;9286.41;50;0.98;1;1
10446;9824.05;50;0.93;1;1
10447;9237.54;50;0.98;1;1
10448;9824.05;50;0.92;1;1
10449;9237.54;50;0.98;1;1
10450;9824.05;50;0.92;1;1
10451;9237.54;50;0.98;1;1
10452;9824.05;50;0.92;1;1
10453;9286.41;50;0.98;1;1
10454;9824.05;50;0.93;1;1
10455;9237.54;50;0.98;1;1
10456;9824.05;50;0.92;1;1
10457;9237.54;50;0.98;1;1
10458;9824.05;50;0.92;1;1
10459;9286.41;50;0.98;1;1
10460;9824.05;50;0.93;1;1
10461;9237.54;50;0.98;1;1
10462;9824.05;50;0.92;1;1
10463;9237.54;50;0.98;1;1
10464;9872.92;50;0.92;1;1
10465;9286.41;50;0.99;1;1
10466;9872.92;50;0.93;1;1
10467;9286.41;50;0.99;1;1
10468;9872.92;50;0.93;1;1
10469;9286.41;50;0.99;1;1
10470;9921.80;50;0.93;1;1
10471;9286.41;50;0.99;1;1
10472;9921.80;50;0.93;1;1
10473;9286.41;50;0.99;1;1
10474;9921.80;50;0.93;1;1
10475;9286.41;50;0.99;1;1
10476;9921.80;50;0.93;1;1
10477;9384.16;50;0.99;1;1
10478;9921.80;50;0.94;1;1
10479;9384.16;50;0.99;1;1
10480;9921.80;50;0.94;1;1
10481;9384.16;50;0.99;1;1
10482;9921.80;50;0.94;1;1
10483;9384.16;50;0.99;1;1
10484;9970.67;50;0.94;1;1
10485;9433.04;50;1.00;1;1
10486;9921.80;50;0.94;1;1
10487;9433.04;50;0.99;1;1
10488;9921.80;50;0.94;1;1
10489;9433.04;50;0.99;1;1
10490;9921.80;50;0.94;1;1
10491;9481.92;50;0.99;1;1
10492;9921.80;50;0.95;1;1
10493;9530.79;50;0.99;1;1
10494;9872.92;50;0.95;1;1
10495;9481.92;50;0.99;1;1
10496;9970.67;50;0.95;1;1
10497;9530.79;50;1.00;1;1
10498;9921.80;50;0.95;1;1
10499;9530.79;50;0.99;1;1
10500;9921.80;50;0.95;1;1
10501;9628.54;50;0.99;1;1
10502;9970.67;50;0.96;1;1
10503;9481.92;50;1.00;1;1
10504;10019.55;50;0.95;1;1
10505;9481.92;50;1.00;1;1
10506;9970.67;50;0.95;1;1
10507;9481.92;50;1.00;1;1
10508;10019.55;50;0.95;1;1
10509;9481.92;50;1.00;1;1
10510;10019.55;50;0.95;1;1
10511;9530.79;50;1.00;1;1
10512;9970.67;50;0.95;1;1
10513;9530.79;50;1.00;1;1
10514;9970.67;50;0.95;1;1
10515;9530.79;50;1.00;1;1
10516;9921.80;50;0.95;1;1
10517;9530.79;50;0.99;1;1
10518;9872.92;50;0.95;1;1
10519;9530.79;50;0.99;1;1
10520;9872.92;50;0.95;1;1
10521;9530.79;50;0.99;1;1
10522;9824.05;50;0.95;1;1
10523;9579.67;50;0.98;1;1
10524;9824.05;50;0.96;1;1
10525;9530.79;50;0.98;1;1
10526;9824.05;50;0.95;1;1
10527;9628.54;50;0.98;1;1
10528;9775.17;50;0.96;1;1
10529;9628.54;50;0.98;1;1
10530;9775.17;50;0.96;1;1
10531;9677.42;50;0.98;1;1
10532;9726.29;50;0.97;1;1
10533;9628.54;50;0.97;1;1
10534;9677.42;50;0.96;1;1
10535;9677.42;50;0.97;1;1
10536;9628.54;50;0.97;1;1
10537;9677.42;50;0.96;1;1
10538;9677.42;50;0.97;1;1
10539;9726.29;50;0.97;1;1
10540;9775.17;50;0.97;1;1
10541;9579.67;50;0.98;1;1
10542;9677.42;50;0.96;1;1
10543;9677.42;50;0.97;1;1
10544;9726.29;50;0.97;1;1
10545;9628.54;50;0.97;1;1
10546;9628.54;50;0.96;1;1
10547;9579.67;50;0.96;1;1
10548;9628.54;50;0.96;1;1
10549;9726.29;50;0.96;1;1
10550;9530.79;50;0.97;1;1
10551;9677.42;50;0.95;1;1
10552;9579.67;50;0.97;1;1
10553;9726.29;50;0.96;1;1
10554;9530.79;50;0.97;1;1
10555;9726.29;50;0.95;1;1
10556;9530.79;50;0.97;1;1
10557;9726.29;50;0.95;1;1
10558;9481.92;50;0.97;1;1
10559;9775.17;50;0.95;1;1
10560;9481.92;50;0.98;1;1
10561;9726.29;50;0.95;1;1
10562;9481.92;50;0.97;1;1
10563;9824.05;50;0.95;1;1
10564;9433.04;50;0.98;1;1
10565;9775.17;50;0.94;1;1
10566;9481.92;50;0.98;1;1
10567;9775.17;50;0.95;1;1
10568;9433.04;50;0.98;1;1
10569;9824.05;50;0.94;1;1
10570;9433.04;50;0.98;1;1
10571;9775.17;50;0.94;1;1
10572;9433.04;50;0.98;1;1
10573;9824.05;50;0.94;1;1
10574;9481.92;50;0.98;1;1
10575;9824.05;50;0.95;1;1
10576;9433.04;50;0.98;1;1
10577;9872.92;50;0.94;1;1
10578;9433.04;50;0.99;1;1
10579;9824.05;50;0.94;1;1
10580;9384.16;50;0.98;1;1
10581;9824.05;50;0.94;1;1
10582;9433.04;50;0.98;1;1
10583;9921.80;50;0.94;1;1
10584;9433.04;50;0.99;1;1
10585;9921.80;50;0.94;1;1
10586;9433.04;50;0.99;1;1
10587;9921.80;50;0.94;1;1
10588;9384.16;50;0.99;1;1
10589;9970.67;50;0.94;1;1
10590;9433.04;50;1.00;1;1
10591;9872.92;50;0.94;1;1
10592;9384.16;50;0.99;1;1
10593;9970.67;50;0.94;1;1
10594;9433.04;50;1.00;1;1
10595;9970.67;50;0.94;1;1
10596;9384.16;50;1.00;1;1
10597;10019.55;50;0.94;1;1
10598;9384.16;50;1.00;1;1
10599;10019.55;50;0.94;1;1
10600;9433.04;50;1.00;1;1
10601;10019.55;50;0.94;1;1
10602;9433.04;50;1.00;1;1
10603;10019.55;50;0.94;1;1
10604;9433.04;50;1.00;1;1
10605;10068.43;50;0.94;1;1
10606;9433.04;50;1.01;1;1
10607;10068.43;50;0.94;1;1
10608;9481.92;50;1.01;1;1
10609;10068.43;50;0.95;1;1
10610;9481.92;50;1.01;1;1
10611;10068.43;50;0.95;1;1
10612;9481.92;50;1.01;1;1
10613;10068.43;50;0.95;1;1
10614;9530.79;50;1.01;1;1
10615;10068.43;50;0.95;1;1
10616;9481.92;50;1.01;1;1
10617;10068.43;50;0.95;1;1
10618;9530.79;50;1.01;1;1
10619;10068.43;50;0.95;1;1
10620;9579.67;50;1.01;1;1
10621;10117.30;50;0.96;1;1
10622;9579.67;50;1.01;1;1
10623;10068.43;50;0.96;1;1
10624;9677.42;50;1.01;1;1
10625;10068.43;50;0.97;1;1
10626;9677.42;50;1.01;1;1
10627;10068.43;50;0.97;1;1
10628;9726.29;50;1.01;1;1
10629;10068.43;50;0.97;1;1
10630;9726.29;50;1.01;1;1
10631;10068.43;50;0.97;1;1
10632;9726.29;50;1.01;1;1
10633;10068.43;50;0.97;1;1
10634;9726.29;50;1.01;1;1
10635;10068.43;50;0.97;1;1
10636;9726.29;50;1.01;1;1
10637;10068.43;50;0.97;1;1
10638;9726.29;50;1.01;1;1
10639;9970.67;50;0.97;1;1
10640;9726.29;50;1.00;1;1
10641;10068.43;50;0.97;1;1
10642;9677.42;50;1.01;1;1
10643;10019.55;50;0.97;1;1
10644;9775.17;50;1.00;1;1
10645;9970.67;50;0.98;1;1
10646;9775.17;50;1.00;1;1
10647;9921.80;50;0.98;1;1
10648;9726.29;50;0.99;1;1
10649;9921.80;50;0.97;1;1
10650;9775.17;50;0.99;1;1
10651;9970.67;50;0.98;1;1
10652;9726.29;50;1.00;1;1
10653;9921.80;50;0.97;1;1
10654;9775.17;50;0.99;1;1
10655;9872.92;50;0.98;1;1
10656;9726.29;50;0.99;1;1
10657;9921.80;50;0.97;1;1
10658;9775.17;50;0.99;1;1
10659;9824.05;50;0.98;1;1
10660;9824.05;50;0.98;1;1
10661;9775.17;50;0.98;1;1
10662;9775.17;50;0.98;1;1
10663;9775.17;50;0.98;1;1
10664;9824.05;50;0.98;1;1
10665;9726.29;50;0.98;1;1
10666;9824.05;50;0.97;1;1
10667;9726.29;50;0.98;1;1
10668;9824.05;50;0.97;1;1
10669;9726.29;50;0.98;1;1
10670;9824.05;50;0.97;1;1
10671;9726.29;50;0.98;1;1
10672;9775.17;50;0.97;1;1
10673;9726.29;50;0.98;1;1
10674;9824.05;50;0.97;1;1
10675;9726.29;50;0.98;1;1
10676;9824.05;50;0.97;1;1
10677;9726.29;50;0.98;1;1
10678;9775.17;50;0.97;1;1
10679;9677.42;50;0.98;1;1
10680;9824.05;50;0.97;1;1
10681;9677.42;50;0.98;1;1
10682;9775.17;50;0.97;1;1
10683;9726.29;50;0.98;1;1
10684;9775.17;50;0.97;1;1
10685;9677.42;50;0.98;1;1
10686;9824.05;50;0.97;1;1
10687;9677.42;50;0.98;1;1
10688;9872.92;50;0.97;1;1
10689;9628.54;50;0.99;1;1
10690;9824.05;50;0.96;1;1
10691;9579.67;50;0.98;1;1
10692;9872.92;50;0.96;1;1
10693;9530.79;50;0.99;1;1
10694;9872.92;50;0.95;1;1
10695;9579.67;50;0.99;1;1
10696;9921.80;50;0.96;1;1
10697;9530.79;50;0.99;1;1
10698;9872.92;50;0.95;1;1
10699;9628.54;50;0.99;1;1
10700;9921.80;50;0.96;1;1
10701;9579.67;50;0.99;1;1
10702;9921.80;50;0.96;1;1
10703;9628.54;50;0.99;1;1
10704;9970.67;50;0.96;1;1
10705;9579.67;50;1.00;1;1
10706;9970.67;50;0.96;1;1
10707;9579.67;50;1.00;1;1
10708;9921.80;50;0.96;1;1
10709;9677.42;50;0.99;1;1
10710;9921.80;50;0.97;1;1
10711;9628.54;50;0.99;1;1
10712;9921.80;50;0.96;1;1
10713;9677.42;50;0.99;1;1
10714;9921.80;50;0.97;1;1
10715;9628.54;50;0.99;1;1
10716;9970.67;50;0.96;1;1
10717;9726.29;50;1.00;1;1
10718;9970.67;50;0.97;1;1
10719;9628.54;50;1.00;1;1
10720;10019.55;50;0.96;1;1
10721;9726.29;50;1.00;1;1
10722;9970.67;50;0.97;1;1
10723;9677.42;50;1.00;1;1
10724;9970.67;50;0.97;1;1
10725;9677.42;50;1.00;1;1
10726;10019.55;50;0.97;1;1
10727;9677.42;50;1.00;1;1
10728;10117.30;50;0.97;1;1
10729;9677.42;50;1.01;1;1
10730;10068.43;50;0.97;1;1
10731;9726.29;50;1.01;1;1
10732;10068.43;50;0.97;1;1
10733;9726.29;50;1.01;1;1
10734;10117.30;50;0.97;1;1
10735;9677.42;50;1.01;1;1
10736;10117.30;50;0.97;1;1
10737;9628.54;50;1.01;1;1
10738;10166.18;50;0.96;1;1
10739;9628.54;50;1.02;1;1
10740;10068.43;50;0.96;1;1
10741;9579.67;50;1.01;1;1
10742;10068.43;50;0.96;1;1
10743;9579.67;50;1.01;1;1
10744;10068.43;50;0.96;1;1
10745;9579.67;50;1.01;1;1
10746;9970.67;50;0.96;1;1
10747;9579.67;50;1.00;1;1
10748;9970.67;50;0.96;1;1
10749;9628.54;50;1.00;1;1
10750;9970.67;50;0.96;1;1
10751;9628.54;50;1.00;1;1
10752;10019.55;50;0.96;1;1
10753;9579.67;50;1.00;1;1
10754;10068.43;50;0.96;1;1
10755;9530.79;50;1.01;1;1
10756;9970.67;50;0.95;1;1
10757;9579.67;50;1.00;1;1
10758;9921.80;50;0.96;1;1
10759;9628.54;50;0.99;1;1
10760;9970.67;50;0.96;1;1
10761;9677.42;50;1.00;1;1
10762;9921.80;50;0.97;1;1
10763;9677.42;50;0.99;1;1
10764;9872.92;50;0.97;1;1
10765;9628.54;50;0.99;1;1
10766;9872.92;50;0.96;1;1
10767;9628.54;50;0.99;1;1
10768;9921.80;50;0.96;1;1
10769;9579.67;50;0.99;1;1
10770;9872.92;50;0.96;1;1
10771;9579.67;50;0.99;1;1
10772;9921.80;50;0.96;1;1
10773;9628.54;50;0.99;1;1
10774;9921.80;50;0.96;1;1
10775;9579.67;50;0.99;1;1
10776;9921.80;50;0.96;1;1
10777;9481.92;50;0.99;1;1
10778;9921.80;50;0.95;1;1
10779;9530.79;50;0.99;1;1
10780;9921.80;50;0.95;1;1
10781;9530.79;50;0.99;1;1
10782;9970.67;50;0.95;1;1
10783;9433.04;50;1.00;1;1
10784;9872.92;50;0.94;1;1
10785;9530.79;50;0.99;1;1
10786;9872.92;50;0.95;1;1
10787;9530.79;50;0.99;1;1
10788;9921.80;50;0.95;1;1
10789;9530.79;50;0.99;1;1
10790;9921.80;50;0.95;1;1
10791;9530.79;50;0.99;1;1
10792;9824.05;50;0.95;1;1
10793;9530.79;50;0.98;1;1
10794;9824.05;50;0.95;1;1
10795;9481.92;50;0.98;1;1
10796;9872.92;50;0.95;1;1
10797;9579.67;50;0.99;1;1
10798;9872.92;50;0.96;1;1
10799;9481.92;50;0.99;1;1
10800;9824.05;50;0.95;1;1
10801;9481.92;50;0.98;1;1
10802;9824.05;50;0.95;1;1
10803;9481.92;50;0.98;1;1
10804;9824.05;50;0.95;1;1
10805;9481.92;50;0.98;1;1
10806;9824.05;50;0.95;1;1
10807;9433.04;50;0.98;1;1
10808;9824.05;50;0.94;1;1
10809;9530.79;50;0.98;1;1
10810;9824.05;50;0.95;1;1
10811;9530.79;50;0.98;1;1
10812;9775.17;50;0.95;1;1
10813;9481.92;50;0.98;1;1
10814;9824.05;50;0.95;1;1
10815;9481.92;50;0.98;1;1
10816;9872.92;50;0.95;1;1
10817;9481.92;50;0.99;1;1
10818;9824.05;50;0.95;1;1
10819;9481.92;50;0.98;1;1
10820;9824.05;50;0.95;1;1
10821;9433.04;50;0.98;1;1
10822;9824.05;50;0.94;1;1
10823;9481.92;50;0.98;1;1
10824;9921.80;50;0.95;1;1
10825;9481.92;50;0.99;1;1
10826;9872.92;50;0.95;1;1
10827;9530.79;50;0.99;1;1
10828;9921.80;50;0.95;1;1
10829;9481.92;50;0.99;1;1
10830;9921.80;50;0.95;1;1
10831;9433.04;50;0.99;1;1
10832;9921.80;50;0.94;1;1
10833;9433.04;50;0.99;1;1
10834;10019.55;50;0.94;1;1
10835;9481.92;50;1.00;1;1
10836;9970.67;50;0.95;1;1
10837;9530.79;50;1.00;1;1
10838;10019.55;50;0.95;1;1
10839;9433.04;50;1.00;1;1
10840;10019.55;50;0.94;1;1
10841;9481.92;50;1.00;1;1
10842;10019.55;50;0.95;1;1
10843;9481.92;50;1.00;1;1
10844;10068.43;50;0.95;1;1
10845;9481.92;50;1.01;1;1
10846;10068.43;50;0.95;1;1
10847;9481.92;50;1.01;1;1
10848;10068.43;50;0.95;1;1
10849;9481.92;50;1.01;1;1
10850;10068.43;50;0.95;1;1
10851;9481.92;50;1.01;1;1
10852;10068.43;50;0.95;1;1
10853;9481.92;50;1.01;1;1
10854;10068.43;50;0.95;1;1
10855;9481.92;50;1.01;1;1
10856;10117.30;50;0.95;1;1
10857;9433.04;50;1.01;1;1
10858;10117.30;50;0.94;1;1
10859;9481.92;50;1.01;1;1
10860;10117.30;50;0.95;1;1
10861;9481.92;50;1.01;1;1
10862;10117.30;50;0.95;1;1
10863;9481.92;50;1.01;1;1
10864;10068.43;50;0.95;1;1
10865;9481.92;50;1.01;1;1
10866;10117.30;50;0.95;1;1
10867;9481.92;50;1.01;1;1
10868;10068.43;50;0.95;1;1
10869;9433.04;50;1.01;1;1
10870;10117.30;50;0.94;1;1
10871;9433.04;50;1.01;1;1
10872;10019.55;50;0.94;1;1
10873;9481.92;50;1.00;1;1
10874;10068.43;50;0.95;1;1
10875;9481.92;50;1.01;1;1
10876;10068.43;50;0.95;1;1
10877;9481.92;50;1.01;1;1
10878;10068.43;50;0.95;1;1
10879;9433.04;50;1.01;1;1
10880;10019.55;50;0.94;1;1
10881;9433.04;50;1.00;1;1
10882;10019.55;50;0.94;1;1
10883;9384.16;50;1.00;1;1
10884;10019.55;50;0.94;1;1
10885;9433.04;50;1.00;1;1
10886;10068.43;50;0.94;1;1
10887;9433.04;50;1.01;1;1
10888;10019.55;50;0.94;1;1
10889;9384.16;50;1.00;1;1
10890;10019.55;50;0.94;1;1
10891;9384.16;50;1.00;1;1
10892;10019.55;50;0.94;1;1
10893;9433.04;50;1.00;1;1
10894;10068.43;50;0.94;1;1
10895;9384.16;50;1.01;1;1
10896;9970.67;50;0.94;1;1
10897;9433.04;50;1.00;1;1
10898;10019.55;50;0.94;1;1
10899;9335.29;50;1.00;1;1
10900;9970.67;50;0.93;1;1
10901;9335.29;50;1.00;1;1
10902;9970.67;50;0.93;1;1
10903;9384.16;50;1.00;1;1
10904;9921.80;50;0.94;1;1
10905;9384.16;50;0.99;1;1
10906;9970.67;50;0.94;1;1
10907;9384.16;50;1.00;1;1
10908;9970.67;50;0.94;1;1
10909;9384.16;50;1.00;1;1
10910;9970.67;50;0.94;1;1
10911;9335.29;50;1.00;1;1
10912;9970.67;50;0.93;1;1
10913;9384.16;50;1.00;1;1
10914;9970.67;50;0.94;1;1
10915;9384.16;50;1.00;1;1
10916;9970.67;50;0.94;1;1
10917;9335.29;50;1.00;1;1
10918;9970.67;50;0.93;1;1
10919;9335.29;50;1.00;1;1
10920;9970.67;50;0.93;1;1
10921;9335.29;50;1.00;1;1
10922;9970.67;50;0.93;1;1
10923;9286.41;50;1.00;1;1
10924;9921.80;50;0.93;1;1
10925;9335.29;50;0.99;1;1
10926;9921.80;50;0.93;1;1
10927;9335.29;50;0.99;1;1
10928;9921.80;50;0.93;1;1
10929;9335.29;50;0.99;1;1
10930;9921.80;50;0.93;1;1
10931;9286.41;50;0.99;1;1
10932;9921.80;50;0.93;1;1
10933;9335.29;50;0.99;1;1
10934;9921.80;50;0.93;1;1
10935;9335.29;50;0.99;1;1
10936;9921.80;50;0.93;1;1
10937;9335.29;50;0.99;1;1
10938;9921.80;50;0.93;1;1
10939;9384.16;50;0.99;1;1
10940;9872.92;50;0.94;1;1
10941;9384.16;50;0.99;1;1
10942;9921.80;50;0.94;1;1
10943;9433.04;50;0.99;1;1
10944;9872.92;50;0.94;1;1
10945;9384.16;50;0.99;1;1
10946;9872.92;50;0.94;1;1
10947;9384.16;50;0.99;1;1
10948;9872.92;50;0.94;1;1
10949;9433.04;50;0.99;1;1
10950;9872.92;50;0.94;1;1
10951;9384.16;50;0.99;1;1
10952;9970.67;50;0.94;1;1
10953;9433.04;50;1.00;1;1
10954;9921.80;50;0.94;1;1
10955;9433.04;50;0.99;1;1
10956;9921.80;50;0.94;1;1
10957;9433.04;50;0.99;1;1
10958;9921.80;50;0.94;1;1
10959;9481.92;50;0.99;1;1
10960;9921.80;50;0.95;1;1
10961;9481.92;50;0.99;1;1
10962;9921.80;50;0.95;1;1
10963;9530.79;50;0.99;1;1
10964;9970.67;50;0.95;1;1
10965;9579.67;50;1.00;1;1
10966;9921.80;50;0.96;1;1
10967;9579.67;50;0.99;1;1
10968;9921.80;50;0.96;1;1
10969;9628.54;50;0.99;1;1
10970;9921.80;50;0.96;1;1
10971;9628.54;50;0.99;1;1
10972;9921.80;50;0.96;1;1
10973;9628.54;50;0.99;1;1
10974;9872.92;50;0.96;1;1
10975;9677.42;50;0.99;1;1
10976;9921.80;50;0.97;1;1
10977;9579.67;50;0.99;1;1
10978;9921.80;50;0.96;1;1
10979;9628.54;50;0.99;1;1
10980;9921.80;50;0.96;1;1
10981;9726.29;50;0.99;1;1
10982;10019.55;50;0.97;1;1
10983;9579.67;50;1.00;1;1
10984;9970.67;50;0.96;1;1
10985;9628.54;50;1.00;1;1
10986;9921.80;50;0.96;1;1
10987;9628.54;50;0.99;1;1
10988;9970.67;50;0.96;1;1
10989;9579.67;50;1.00;1;1
10990;10019.55;50;0.96;1;1
10991;9579.67;50;1.00;1;1
10992;10019.55;50;0.96;1;1
10993;9628.54;50;1.00;1;1
10994;9970.67;50;0.96;1;1
10995;9579.67;50;1.00;1;1
10996;9970.67;50;0.96;1;1
10997;9579.67;50;1.00;1;1
10998;9872.92;50;0.96;1;1
10999;9628.54;50;0.99;1;1
11000;9921.80;50;0.96;1;1
11001;9628.54;50;0.99;1;1
11002;9872.92;50;0.96;1;1
11003;9677.42;50;0.99;1;1
11004;9824.05;50;0.97;1;1
11005;9677.42;50;0.98;1;1
11006;9824.05;50;0.97;1;1
11007;9726.29;50;0.98;1;1
11008;9726.29;50;0.97;1;1
11009;9726.29;50;0.97;1;1
11010;9677.42;50;0.97;1;1
11011;9628.54;50;0.97;1;1
11012;9775.17;50;0.96;1;1
11013;9628.54;50;0.98;1;1
11014;9824.05;50;0.96;1;1
11015;9628.54;50;0.98;1;1
11016;9726.29;50;0.96;1;1
11017;9530.79;50;0.97;1;1
11018;9872.92;50;0.95;1;1
11019;9530.79;50;0.99;1;1
11020;9872.92;50;0.95;1;1
11021;9579.67;50;0.99;1;1
11022;9775.17;50;0.96;1;1
11023;9628.54;50;0.98;1;1
11024;9726.29;50;0.96;1;1
11025;9579.67;50;0.97;1;1
11026;9726.29;50;0.96;1;1
11027;9530.79;50;0.97;1;1
11028;9824.05;50;0.95;1;1
11029;9530.79;50;0.98;1;1
11030;9775.17;50;0.95;1;1
11031;9579.67;50;0.98;1;1
11032;9775.17;50;0.96;1;1
11033;9530.79;50;0.98;1;1
11034;9726.29;50;0.95;1;1
11035;9579.67;50;0.97;1;1
11036;9775.17;50;0.96;1;1
11037;9579.67;50;0.98;1;1
11038;9726.29;50;0.96;1;1
11039;9579.67;50;0.97;1;1
11040;9775.17;50;0.96;1;1
11041;9481.92;50;0.98;1;1
11042;9775.17;50;0.95;1;1
11043;9530.79;50;0.98;1;1
11044;9775.17;50;0.95;1;1
11045;9481.92;50;0.98;1;1
11046;9824.05;50;0.95;1;1
11047;9433.04;50;0.98;1;1
11048;9824.05;50;0.94;1;1
11049;9481.92;50;0.98;1;1
11050;9775.17;50;0.95;1;1
11051;9433.04;50;0.98;1;1
11052;9775.17;50;0.94;1;1
11053;9481.92;50;0.98;1;1
11054;9775.17;50;0.95;1;1
11055;9481.92;50;0.98;1;1
11056;9726.29;50;0.95;1;1
11057;9530.79;50;0.97;1;1
11058;9775.17;50;0.95;1;1
11059;9579.67;50;0.98;1;1
11060;9677.42;50;0.96;1;1
11061;9628.54;50;0.97;1;1
11062;9677.42;50;0.96;1;1
11063;9677.42;50;0.97;1;1
11064;9677.42;50;0.97;1;1
11065;9677.42;50;0.97;1;1
11066;9628.54;50;0.97;1;1
11067;9726.29;50;0.96;1;1
11068;9628.54;50;0.97;1;1
11069;9726.29;50;0.96;1;1
11070;9628.54;50;0.97;1;1
11071;9726.29;50;0.96;1;1
11072;9579.67;50;0.97;1;1
11073;9775.17;50;0.96;1;1
11074;9579.67;50;0.98;1;1
11075;9824.05;50;0.96;1;1
11076;9530.79;50;0.98;1;1
11077;9726.29;50;0.95;1;1
11078;9628.54;50;0.97;1;1
11079;9775.17;50;0.96;1;1
11080;9628.54;50;0.98;1;1
11081;9775.17;50;0.96;1;1
11082;9628.54;50;0.98;1;1
11083;9824.05;50;0.96;1;1
11084;9579.67;50;0.98;1;1
11085;9824.05;50;0.96;1;1
11086;9579.67;50;0.98;1;1
11087;9872.92;50;0.96;1;1
11088;9579.67;50;0.99;1;1
11089;9824.05;50;0.96;1;1
11090;9677.42;50;0.98;1;1
11091;9824.05;50;0.97;1;1
11092;9677.42;50;0.98;1;1
11093;9921.80;50;0.97;1;1
11094;9677.42;50;0.99;1;1
11095;9872.92;50;0.97;1;1
11096;9628.54;50;0.99;1;1
11097;9921.80;50;0.96;1;1
11098;9628.54;50;0.99;1;1
11099;9921.80;50;0.96;1;1
11100;9579.67;50;0.99;1;1
11101;9970.67;50;0.96;1;1
11102;9677.42;50;1.00;1;1
11103;9872.92;50;0.97;1;1
11104;9628.54;50;0.99;1;1
11105;9970.67;50;0.96;1;1
11106;9677.42;50;1.00;1;1
11107;9970.67;50;0.97;1;1
11108;9628.54;50;1.00;1;1
11109;9970.67;50;0.96;1;1
11110;9628.54;50;1.00;1;1
11111;9970.67;50;0.96;1;1
11112;9579.67;50;1.00;1;1
11113;9921.80;50;0.96;1;1
11114;9579.67;50;0.99;1;1
11115;9921.80;50;0.96;1;1
11116;9579.67;50;0.99;1;1
11117;9970.67;50;0.96;1;1
11118;9481.92;50;1.00;1;1
11119;10019.55;50;0.95;1;1
11120;9579.67;50;1.00;1;1
11121;9970.67;50;0.96;1;1
11122;9579.67;50;1.00;1;1
11123;10019.55;50;0.96;1;1
11124;9530.79;50;1.00;1;1
11125;9970.67;50;0.95;1;1
11126;9433.04;50;1.00;1;1
11127;9970.67;50;0.94;1;1
11128;9579.67;50;1.00;1;1
11129;9921.80;50;0.96;1;1
11130;9579.67;50;0.99;1;1
11131;9921.80;50;0.96;1;1
11132;9579.67;50;0.99;1;1
11133;9921.80;50;0.96;1;1
11134;9628.54;50;0.99;1;1
11135;9824.05;50;0.96;1;1
11136;9579.67;50;0.98;1;1
11137;9775.17;50;0.96;1;1
11138;9530.79;50;0.98;1;1
11139;9824.05;50;0.95;1;1
11140;9530.79;50;0.98;1;1
11141;9775.17;50;0.95;1;1
11142;9579.67;50;0.98;1;1
11143;9824.05;50;0.96;1;1
11144;9579.67;50;0.98;1;1
11145;9824.05;50;0.96;1;1
11146;9481.92;50;0.98;1;1
11147;9824.05;50;0.95;1;1
11148;9530.79;50;0.98;1;1
11149;9872.92;50;0.95;1;1
11150;9481.92;50;0.99;1;1
11151;9824.05;50;0.95;1;1
11152;9433.04;50;0.98;1;1
11153;9872.92;50;0.94;1;1
11154;9579.67;50;0.99;1;1
11155;9775.17;50;0.96;1;1
11156;9530.79;50;0.98;1;1
11157;9824.05;50;0.95;1;1
11158;9530.79;50;0.98;1;1
11159;9775.17;50;0.95;1;1
11160;9433.04;50;0.98;1;1
11161;9775.17;50;0.94;1;1
11162;9481.92;50;0.98;1;1
11163;9775.17;50;0.95;1;1
11164;9481.92;50;0.98;1;1
11165;9824.05;50;0.95;1;1
11166;9433.04;50;0.98;1;1
11167;9824.05;50;0.94;1;1
11168;9481.92;50;0.98;1;1
11169;9775.17;50;0.95;1;1
11170;9481.92;50;0.98;1;1
11171;9824.05;50;0.95;1;1
11172;9384.16;50;0.98;1;1
11173;9726.29;50;0.94;1;1
11174;9433.04;50;0.97;1;1
11175;9775.17;50;0.94;1;1
11176;9433.04;50;0.98;1;1
11177;9824.05;50;0.94;1;1
11178;9433.04;50;0.98;1;1
11179;9824.05;50;0.94;1;1
11180;9384.16;50;0.98;1;1
11181;9872.92;50;0.94;1;1
11182;9433.04;50;0.99;1;1
11183;9872.92;50;0.94;1;1
11184;9433.04;50;0.99;1;1
11185;9872.92;50;0.94;1;1
11186;9433.04;50;0.99;1;1
11187;9921.80;50;0.94;1;1
11188;9433.04;50;0.99;1;1
11189;9921.80;50;0.94;1;1
11190;9433.04;50;0.99;1;1
11191;9824.05;50;0.94;1;1
11192;9384.16;50;0.98;1;1
11193;9872.92;50;0.94;1;1
11194;9433.04;50;0.99;1;1
11195;9921.80;50;0.94;1;1
11196;9384.16;50;0.99;1;1
11197;9921.80;50;0.94;1;1
11198;9384.16;50;0.99;1;1
11199;9970.67;50;0.94;1;1
11200;9433.04;50;1.00;1;1
11201;9970.67;50;0.94;1;1
11202;9530.79;50;1.00;1;1
11203;9970.67;50;0.95;1;1
11204;9433.04;50;1.00;1;1
11205;10019.55;50;0.94;1;1
11206;9530.79;50;1.00;1;1
11207;10019.55;50;0.95;1;1
11208;9481.92;50;1.00;1;1
11209;10019.55;50;0.95;1;1
11210;9481.92;50;1.00;1;1
11211;10019.55;50;0.95;1;1
11212;9481.92;50;1.00;1;1
11213;10019.55;50;0.95;1;1
11214;9481.92;50;1.00;1;1
11215;10019.55;50;0.95;1;1
11216;9481.92;50;1.00;1;1
11217;9970.67;50;0.95;1;1
11218;9481.92;50;1.00;1;1
11219;10019.55;50;0.95;1;1
11220;9433.04;50;1.00;1;1
11221;9970.67;50;0.94;1;1
11222;9433.04;50;1.00;1;1
11223;10019.55;50;0.94;1;1
11224;9481.92;50;1.00;1;1
11225;10019.55;50;0.95;1;1
11226;9628.54;50;1.00;1;1
11227;9921.80;50;0.96;1;1
11228;9481.92;50;0.99;1;1
11229;9921.80;50;0.95;1;1
11230;9579.67;50;0.99;1;1
11231;10019.55;50;0.96;1;1
11232;9579.67;50;1.00;1;1
11233;9921.80;50;0.96;1;1
11234;9579.67;50;0.99;1;1
11235;9970.67;50;0.96;1;1
11236;9579.67;50;1.00;1;1
11237;9921.80;50;0.96;1;1
11238;9530.79;50;0.99;1;1
11239;9921.80;50;0.95;1;1
11240;9579.67;50;0.99;1;1
11241;9921.80;50;0.96;1;1
11242;9481.92;50;0.99;1;1
11243;10019.55;50;0.95;1;1
11244;9481.92;50;1.00;1;1
11245;9921.80;50;0.95;1;1
11246;9384.16;50;0.99;1;1
11247;9970.67;50;0.94;1;1
11248;9433.04;50;1.00;1;1
11249;9921.80;50;0.94;1;1
11250;9384.16;50;0.99;1;1
11251;9921.80;50;0.94;1;1
11252;9433.04;50;0.99;1;1
11253;9970.67;50;0.94;1;1
11254;9384.16;50;1.00;1;1
11255;9970.67;50;0.94;1;1
11256;9384.16;50;1.00;1;1
11257;9970.67;50;0.94;1;1
11258;9384.16;50;1.00;1;1
11259;9921.80;50;0.94;1;1
11260;9335.29;50;0.99;1;1
11261;9921.80;50;0.93;1;1
11262;9335.29;50;0.99;1;1
11263;9921.80;50;0.93;1;1
11264;9286.41;50;0.99;1;1
11265;9921.80;50;0.93;1;1
11266;9286.41;50;0.99;1;1
11267;9921.80;50;0.93;1;1
11268;9286.41;50;0.99;1;1
11269;9970.67;50;0.93;1;1
11270;9286.41;50;1.00;1;1
11271;9921.80;50;0.93;1;1
11272;9237.54;50;0.99;1;1
11273;9921.80;50;0.92;1;1
11274;9286.41;50;0.99;1;1
11275;9872.92;50;0.93;1;1
11276;9335.29;50;0.99;1;1
11277;9921.80;50;0.93;1;1
11278;9286.41;50;0.99;1;1
11279;9921.80;50;0.93;1;1
11280;9286.41;50;0.99;1;1
11281;9872.92;50;0.93;1;1
11282;9335.29;50;0.99;1;1
11283;9872.92;50;0.93;1;1
11284;9335.29;50;0.99;1;1
11285;9872.92;50;0.93;1;1
11286;9384.16;50;0.99;1;1
11287;9872.92;50;0.94;1;1
11288;9384.16;50;0.99;1;1
11289;9824.05;50;0.94;1;1
11290;9384.16;50;0.98;1;1
11291;9872.92;50;0.94;1;1
11292;9433.04;50;0.99;1;1
11293;9824.05;50;0.94;1;1
11294;9384.16;50;0.98;1;1
11295;9824.05;50;0.94;1;1
11296;9481.92;50;0.98;1;1
11297;9824.05;50;0.95;1;1
11298;9433.04;50;0.98;1;1
11299;9872.92;50;0.94;1;1
11300;9384.16;50;0.99;1;1
11301;9872.92;50;0.94;1;1
11302;9433.04;50;0.99;1;1
11303;9824.05;50;0.94;1;1
11304;9481.92;50;0.98;1;1
11305;9921.80;50;0.95;1;1
11306;9481.92;50;0.99;1;1
11307;9872.92;50;0.95;1;1
11308;9579.67;50;0.99;1;1
11309;9824.05;50;0.96;1;1
11310;9579.67;50;0.98;1;1
11311;9824.05;50;0.96;1;1
11312;9628.54;50;0.98;1;1
11313;9824.05;50;0.96;1;1
11314;9628.54;50;0.98;1;1
11315;9824.05;50;0.96;1;1
11316;9628.54;50;0.98;1;1
11317;9824.05;50;0.96;1;1
11318;9628.54;50;0.98;1;1
11319;9726.29;50;0.96;1;1
11320;9677.42;50;0.97;1;1
11321;9775.17;50;0.97;1;1
11322;9775.17;50;0.98;1;1
11323;9775.17;50;0.98;1;1
11324;9824.05;50;0.98;1;1
11325;9775.17;50;0.98;1;1
11326;9775.17;50;0.98;1;1
11327;9726.29;50;0.98;1;1
11328;9824.05;50;0.97;1;1
11329;9726.29;50;0.98;1;1
11330;9872.92;50;0.97;1;1
11331;9677.42;50;0.99;1;1
11332;9921.80;50;0.97;1;1
11333;9677.42;50;0.99;1;1
11334;9921.80;50;0.97;1;1
11335;9677.42;50;0.99;1;1
11336;9872.92;50;0.97;1;1
11337;9775.17;50;0.99;1;1
11338;9872.92;50;0.98;1;1
11339;9775.17;50;0.99;1;1
11340;9872.92;50;0.98;1;1
11341;9775.17;50;0.99;1;1
11342;9921.80;50;0.98;1;1
11343;9726.29;50;0.99;1;1
11344;9970.67;50;0.97;1;1
11345;9726.29;50;1.00;1;1
11346;9970.67;50;0.97;1;1
11347;9726.29;50;1.00;1;1
11348;10019.55;50;0.97;1;1
11349;9775.17;50;1.00;1;1
11350;9921.80;50;0.98;1;1
11351;9872.92;50;0.99;1;1
11352;9970.67;50;0.99;1;1
11353;9775.17;50;1.00;1;1
11354;9970.67;50;0.98;1;1
11355;9726.29;50;1.00;1;1
11356;9970.67;50;0.97;1;1
11357;9775.17;50;1.00;1;1
11358;10019.55;50;0.98;1;1
11359;9726.29;50;1.00;1;1
11360;9970.67;50;0.97;1;1
11361;9677.42;50;1.00;1;1
11362;10019.55;50;0.97;1;1
11363;9677.42;50;1.00;1;1
11364;10019.55;50;0.97;1;1
11365;9677.42;50;1.00;1;1
11366;10019.55;50;0.97;1;1
11367;9628.54;50;1.00;1;1
11368;10068.43;50;0.96;1;1
11369;9628.54;50;1.01;1;1
11370;10019.55;50;0.96;1;1
11371;9579.67;50;1.00;1;1
11372;10068.43;50;0.96;1;1
11373;9628.54;50;1.01;1;1
11374;10019.55;50;0.96;1;1
11375;9628.54;50;1.00;1;1
11376;10019.55;50;0.96;1;1
11377;9628.54;50;1.00;1;1
11378;10068.43;50;0.96;1;1
11379;9579.67;50;1.01;1;1
11380;10068.43;50;0.96;1;1
11381;9579.67;50;1.01;1;1
11382;10117.30;50;0.96;1;1
11383;9579.67;50;1.01;1;1
11384;10117.30;50;0.96;1;1
11385;9579.67;50;1.01;1;1
11386;10068.43;50;0.96;1;1
11387;9530.79;50;1.01;1;1
11388;10117.30;50;0.95;1;1
11389;9530.79;50;1.01;1;1
11390;10117.30;50;0.95;1;1
11391;9530.79;50;1.01;1;1
11392;10166.18;50;0.95;1;1
11393;9530.79;50;1.02;1;1
11394;10117.30;50;0.95;1;1
11395;9530.79;50;1.01;1;1
11396;10166.18;50;0.95;1;1
11397;9530.79;50;1.02;1;1
11398;10068.43;50;0.95;1;1
11399;9579.67;50;1.01;1;1
11400;10068.43;50;0.96;1;1
11401;9530.79;50;1.01;1;1
11402;10117.30;50;0.95;1;1
11403;9579.67;50;1.01;1;1
11404;10166.18;50;0.96;1;1
11405;9628.54;50;1.02;1;1
11406;10117.30;50;0.96;1;1
11407;9628.54;50;1.01;1;1
11408;10117.30;50;0.96;1;1
11409;9628.54;50;1.01;1;1
11410;10068.43;50;0.96;1;1
11411;9677.42;50;1.01;1;1
11412;10117.30;50;0.97;1;1
11413;9628.54;50;1.01;1;1
11414;10166.18;50;0.96;1;1
11415;9628.54;50;1.02;1;1
11416;10166.18;50;0.96;1;1
11417;9579.67;50;1.02;1;1
11418;10215.05;50;0.96;1;1
11419;9677.42;50;1.02;1;1
11420;10215.05;50;0.97;1;1
11421;9677.42;50;1.02;1;1
11422;10215.05;50;0.97;1;1
11423;9677.42;50;1.02;1;1
11424;10215.05;50;0.97;1;1
11425;9677.42;50;1.02;1;1
11426;10215.05;50;0.97;1;1
11427;9677.42;50;1.02;1;1
11428;10263.93;50;0.97;1;1
11429;9677.42;50;1.03;1;1
11430;10263.93;50;0.97;1;1
11431;9726.29;50;1.03;1;1
11432;10263.93;50;0.97;1;1
11433;9726.29;50;1.03;1;1
11434;10312.81;50;0.97;1;1
11435;9726.29;50;1.03;1;1
11436;10263.93;50;0.97;1;1
11437;9775.17;50;1.03;1;1
11438;10312.81;50;0.98;1;1
11439;9726.29;50;1.03;1;1
11440;10410.56;50;0.97;1;1
11441;9775.17;50;1.04;1;1
11442;10410.56;50;0.98;1;1
11443;9824.05;50;1.04;1;1
11444;10410.56;50;0.98;1;1
11445;9872.92;50;1.04;1;1
11446;10459.43;50;0.99;1;1
11447;9872.92;50;1.05;1;1
11448;10459.43;50;0.99;1;1
11449;9872.92;50;1.05;1;1
11450;10459.43;50;0.99;1;1
11451;9872.92;50;1.05;1;1
11452;10459.43;50;0.99;1;1
11453;9872.92;50;1.05;1;1
11454;10508.31;50;0.99;1;1
11455;9872.92;50;1.05;1;1
11456;10508.31;50;0.99;1;1
11457;9921.80;50;1.05;1;1
11458;10557.18;50;0.99;1;1
11459;9970.67;50;1.06;1;1
11460;10557.18;50;1.00;1;1
11461;9970.67;50;1.06;1;1
11462;10557.18;50;1.00;1;1
11463;9970.67;50;1.06;1;1
11464;10557.18;50;1.00;1;1
11465;10019.55;50;1.06;1;1
11466;10557.18;50;1.00;1;1
11467;9970.67;50;1.06;1;1
11468;10557.18;50;1.00;1;1
11469;10019.55;50;1.06;1;1
11470;10557.18;50;1.00;1;1
11471;9970.67;50;1.06;1;1
11472;10606.06;50;1.00;1;1
11473;9970.67;50;1.06;1;1
11474;10557.18;50;1.00;1;1
11475;9970.67;50;1.06;1;1
11476;10557.18;50;1.00;1;1
11477;9970.67;50;1.06;1;1
11478;10557.18;50;1.00;1;1
11479;9970.67;50;1.06;1;1
11480;10557.18;50;1.00;1;1
11481;9970.67;50;1.06;1;1
11482;10606.06;50;1.00;1;1
11483;9970.67;50;1.06;1;1
11484;10606.06;50;1.00;1;1
11485;9970.67;50;1.06;1;1
11486;10606.06;50;1.00;1;1
11487;9970.67;50;1.06;1;1
11488;10606.06;50;1.00;1;1
11489;9970.67;50;1.06;1;1
11490;10606.06;50;1.00;1;1
11491;9970.67;50;1.06;1;1
11492;10606.06;50;1.00;1;1
11493;9970.67;50;1.06;1;1
11494;10557.18;50;1.00;1;1
11495;9970.67;50;1.06;1;1
11496;10606.06;50;1.00;1;1
11497;9970.67;50;1.06;1;1
11498;10606.06;50;1.00;1;1
11499;9970.67;50;1.06;1;1
11500;10606.06;50;1.00;1;1
11501;9970.67;50;1.06;1;1
11502;10557.18;50;1.00;1;1
11503;9970.67;50;1.06;1;1
11504;10606.06;50;1.00;1;1
11505;9970.67;50;1.06;1;1
11506;10606.06;50;1.00;1;1
11507;9970.67;50;1.06;1;1
11508;10606.06;50;1.00;1;1
11509;9970.67;50;1.06;1;1
11510;10606.06;50;1.00;1;1
11511;10019.55;50;1.06;1;1
11512;10606.06;50;1.00;1;1
11513;10019.55;50;1.06;1;1
11514;10606.06;50;1.00;1;1
11515;9970.67;50;1.06;1;1
11516;10606.06;50;1.00;1;1
11517;9970.67;50;1.06;1;1
11518;10606.06;50;1.00;1;1
11519;10019.55;50;1.06;1;1
11520;10654.94;50;1.00;1;1
11521;10019.55;50;1.07;1;1
11522;10654.94;50;1.00;1;1
11523;10019.55;50;1.07;1;1
11524;10606.06;50;1.00;1;1
11525;10068.43;50;1.06;1;1
11526;10654.94;50;1.01;1;1
11527;10068.43;50;1.07;1;1
11528;10606.06;50;1.01;1;1
11529;10068.43;50;1.06;1;1
11530;10703.81;50;1.01;1;1
11531;10117.30;50;1.07;1;1
11532;10654.94;50;1.01;1;1
11533;10117.30;50;1.07;1;1
11534;10654.94;50;1.01;1;1
11535;10068.43;50;1.07;1;1
11536;10703.81;50;1.01;1;1
11537;10068.43;50;1.07;1;1
11538;10703.81;50;1.01;1;1
11539;10117.30;50;1.07;1;1
11540;10703.81;50;1.01;1;1
11541;10166.18;50;1.07;1;1
11542;10703.81;50;1.02;1;1
11543;10117.30;50;1.07;1;1
11544;10703.81;50;1.01;1;1
11545;10117.30;50;1.07;1;1
11546;10703.81;50;1.01;1;1
11547;10166.18;50;1.07;1;1
11548;10703.81;50;1.02;1;1
11549;10166.18;50;1.07;1;1
11550;10752.69;50;1.02;1;1
11551;10166.18;50;1.08;1;1
11552;10752.69;50;1.02;1;1
11553;10166.18;50;1.08;1;1
11554;10801.56;50;1.02;1;1
11555;10166.18;50;1.08;1;1
11556;10850.44;50;1.02;1;1
11557;10166.18;50;1.09;1;1
11558;10801.56;50;1.02;1;1
11559;10215.05;50;1.08;1;1
11560;10801.56;50;1.02;1;1
11561;10215.05;50;1.08;1;1
11562;10850.44;50;1.02;1;1
11563;10263.93;50;1.09;1;1
11564;10899.32;50;1.03;1;1
11565;10312.81;50;1.09;1;1
11566;10850.44;50;1.03;1;1
11567;10263.93;50;1.09;1;1
11568;10850.44;50;1.03;1;1
11569;10312.81;50;1.09;1;1
11570;10850.44;50;1.03;1;1
11571;10312.81;50;1.09;1;1
11572;10850.44;50;1.03;1;1
11573;10312.81;50;1.09;1;1
11574;10850.44;50;1.03;1;1
11575;10312.81;50;1.09;1;1
11576;10850.44;50;1.03;1;1
11577;10312.81;50;1.09;1;1
11578;10899.32;50;1.03;1;1
11579;10361.68;50;1.09;1;1
11580;10899.32;50;1.04;1;1
11581;10361.68;50;1.09;1;1
11582;10850.44;50;1.04;1;1
11583;10361.68;50;1.09;1;1
11584;10899.32;50;1.04;1;1
11585;10312.81;50;1.09;1;1
11586;10899.32;50;1.03;1;1
11587;10361.68;50;1.09;1;1
11588;10899.32;50;1.04;1;1
11589;10312.81;50;1.09;1;1
11590;10899.32;50;1.03;1;1
11591;10312.81;50;1.09;1;1
11592;10850.44;50;1.03;1;1
11593;10410.56;50;1.09;1;1
11594;10899.32;50;1.04;1;1
11595;10312.81;50;1.09;1;1
11596;10850.44;50;1.03;1;1
11597;10410.56;50;1.09;1;1
11598;10850.44;50;1.04;1;1
11599;10312.81;50;1.09;1;1
11600;10899.32;50;1.03;1;1
11601;10312.81;50;1.09;1;1
11602;10899.32;50;1.03;1;1
11603;10312.81;50;1.09;1;1
11604;10850.44;50;1.03;1;1
11605;10312.81;50;1.09;1;1
11606;10850.44;50;1.03;1;1
11607;10312.81;50;1.09;1;1
11608;10801.56;50;1.03;1;1
11609;10312.81;50;1.08;1;1
11610;10801.56;50;1.03;1;1
11611;10312.81;50;1.08;1;1
11612;10752.69;50;1.03;1;1
11613;10361.68;50;1.08;1;1
11614;10801.56;50;1.04;1;1
11615;10263.93;50;1.08;1;1
11616;10801.56;50;1.03;1;1
11617;10263.93;50;1.08;1;1
11618;10801.56;50;1.03;1;1
11619;10263.93;50;1.08;1;1
11620;10752.69;50;1.03;1;1
11621;10263.93;50;1.08;1;1
11622;10703.81;50;1.03;1;1
11623;10263.93;50;1.07;1;1
11624;10703.81;50;1.03;1;1
11625;10263.93;50;1.07;1;1
11626;10752.69;50;1.03;1;1
11627;10263.93;50;1.08;1;1
11628;10703.81;50;1.03;1;1
11629;10312.81;50;1.07;1;1
11630;10654.94;50;1.03;1;1
11631;10263.93;50;1.07;1;1
11632;10606.06;50;1.03;1;1
11633;10263.93;50;1.06;1;1
11634;10654.94;50;1.03;1;1
11635;10215.05;50;1.07;1;1
11636;10703.81;50;1.02;1;1
11637;10215.05;50;1.07;1;1
11638;10654.94;50;1.02;1;1
11639;10215.05;50;1.07;1;1
11640;10606.06;50;1.02;1;1
11641;10263.93;50;1.06;1;1
11642;10606.06;50;1.03;1;1
11643;10166.18;50;1.06;1;1
11644;10654.94;50;1.02;1;1
11645;10166.18;50;1.07;1;1
11646;10703.81;50;1.02;1;1
11647;10117.30;50;1.07;1;1
11648;10654.94;50;1.01;1;1
11649;10117.30;50;1.07;1;1
11650;10654.94;50;1.01;1;1
11651;10117.30;50;1.07;1;1
11652;10703.81;50;1.01;1;1
11653;10117.30;50;1.07;1;1
11654;10654.94;50;1.01;1;1
11655;10166.18;50;1.07;1;1
11656;10654.94;50;1.02;1;1
11657;10215.05;50;1.07;1;1
11658;10654.94;50;1.02;1;1
11659;10166.18;50;1.07;1;1
11660;10606.06;50;1.02;1;1
11661;10166.18;50;1.06;1;1
11662;10654.94;50;1.02;1;1
11663;10215.05;50;1.07;1;1
11664;10654.94;50;1.02;1;1
11665;10215.05;50;1.07;1;1
11666;10606.06;50;1.02;1;1
11667;10215.05;50;1.06;1;1
11668;10557.18;50;1.02;1;1
11669;10166.18;50;1.06;1;1
11670;10508.31;50;1.02;1;1
11671;10312.81;50;1.05;1;1
11672;10508.31;50;1.03;1;1
11673;10263.93;50;1.05;1;1
11674;10508.31;50;1.03;1;1
11675;10312.81;50;1.05;1;1
11676;10557.18;50;1.03;1;1
11677;10312.81;50;1.06;1;1
11678;10508.31;50;1.03;1;1
11679;10361.68;50;1.05;1;1
11680;10459.43;50;1.04;1;1
11681;10410.56;50;1.05;1;1
11682;10459.43;50;1.04;1;1
11683;10361.68;50;1.05;1;1
11684;10361.68;50;1.04;1;1
11685;10361.68;50;1.04;1;1
11686;10459.43;50;1.04;1;1
11687;10410.56;50;1.05;1;1
11688;10410.56;50;1.04;1;1
11689;10410.56;50;1.04;1;1
11690;10410.56;50;1.04;1;1
11691;10508.31;50;1.04;1;1
11692;10508.31;50;1.05;1;1
11693;10410.56;50;1.05;1;1
11694;10508.31;50;1.04;1;1
11695;10459.43;50;1.05;1;1
11696;10410.56;50;1.05;1;1
11697;10410.56;50;1.04;1;1
11698;10459.43;50;1.04;1;1
11699;10459.43;50;1.05;1;1
11700;10410.56;50;1.05;1;1
11701;10508.31;50;1.04;1;1
11702;10361.68;50;1.05;1;1
11703;10557.18;50;1.04;1;1
11704;10361.68;50;1.06;1;1
11705;10508.31;50;1.04;1;1
11706;10312.81;50;1.05;1;1
11707;10459.43;50;1.03;1;1
11708;10312.81;50;1.05;1;1
11709;10508.31;50;1.03;1;1
11710;10312.81;50;1.05;1;1
11711;10557.18;50;1.03;1;1
11712;10263.93;50;1.06;1;1
11713;10557.18;50;1.03;1;1
11714;10263.93;50;1.06;1;1
11715;10459.43;50;1.03;1;1
11716;10312.81;50;1.05;1;1
11717;10459.43;50;1.03;1;1
11718;10263.93;50;1.05;1;1
11719;10459.43;50;1.03;1;1
11720;10263.93;50;1.05;1;1
11721;10459.43;50;1.03;1;1
11722;10215.05;50;1.05;1;1
11723;10459.43;50;1.02;1;1
11724;10263.93;50;1.05;1;1
11725;10410.56;50;1.03;1;1
11726;10215.05;50;1.04;1;1
11727;10361.68;50;1.02;1;1
11728;10215.05;50;1.04;1;1
11729;10361.68;50;1.02;1;1
11730;10215.05;50;1.04;1;1
11731;10263.93;50;1.02;1;1
11732;10215.05;50;1.03;1;1
11733;10215.05;50;1.02;1;1
11734;10166.18;50;1.02;1;1
11735;10312.81;50;1.02;1;1
11736;10117.30;50;1.03;1;1
11737;10263.93;50;1.01;1;1
11738;10263.93;50;1.03;1;1
11739;10166.18;50;1.03;1;1
11740;10263.93;50;1.02;1;1
11741;10215.05;50;1.03;1;1
11742;10166.18;50;1.02;1;1
11743;10215.05;50;1.02;1;1
11744;10117.30;50;1.02;1;1
11745;10166.18;50;1.01;1;1
11746;10117.30;50;1.02;1;1
11747;10166.18;50;1.01;1;1
11748;10068.43;50;1.02;1;1
11749;10117.30;50;1.01;1;1
11750;10019.55;50;1.01;1;1
11751;10166.18;50;1.00;1;1
11752;10019.55;50;1.02;1;1
11753;10166.18;50;1.00;1;1
11754;9970.67;50;1.02;1;1
11755;10215.05;50;1.00;1;1
11756;9970.67;50;1.02;1;1
11757;10166.18;50;1.00;1;1
11758;9872.92;50;1.02;1;1
11759;10068.43;50;0.99;1;1
11760;9970.67;50;1.01;1;1
11761;9970.67;50;1.00;1;1
11762;10068.43;50;1.00;1;1
11763;9970.67;50;1.01;1;1
11764;10117.30;50;1.00;1;1
11765;9921.80;50;1.01;1;1
11766;10166.18;50;0.99;1;1
11767;9921.80;50;1.02;1;1
11768;10068.43;50;0.99;1;1
11769;9970.67;50;1.01;1;1
11770;10068.43;50;1.00;1;1
11771;9921.80;50;1.01;1;1
11772;10068.43;50;0.99;1;1
11773;9970.67;50;1.01;1;1
11774;10019.55;50;1.00;1;1
11775;9970.67;50;1.00;1;1
11776;9970.67;50;1.00;1;1
11777;10068.43;50;1.00;1;1
11778;9921.80;50;1.01;1;1
11779;9970.67;50;0.99;1;1
11780;9872.92;50;1.00;1;1
11781;10019.55;50;0.99;1;1
11782;9872.92;50;1.00;1;1
11783;10019.55;50;0.99;1;1
11784;9775.17;50;1.00;1;1
11785;10068.43;50;0.98;1;1
11786;9921.80;50;1.01;1;1
11787;9970.67;50;0.99;1;1
11788;9872.92;50;1.00;1;1
11789;9872.92;50;0.99;1;1
11790;9824.05;50;0.99;1;1
11791;10019.55;50;0.98;1;1
11792;9872.92;50;1.00;1;1
11793;10019.55;50;0.99;1;1
11794;9970.67;50;1.00;1;1
11795;10019.55;50;1.00;1;1
11796;9921.80;50;1.00;1;1
11797;9970.67;50;0.99;1;1
11798;9921.80;50;1.00;1;1
11799;9921.80;50;0.99;1;1
11800;10019.55;50;0.99;1;1
11801;9921.80;50;1.00;1;1
11802;9970.67;50;0.99;1;1
11803;9921.80;50;1.00;1;1
11804;10019.55;50;0.99;1;1
11805;9970.67;50;1.00;1;1
11806;9970.67;50;1.00;1;1
11807;9970.67;50;1.00;1;1
11808;9921.80;50;1.00;1;1
11809;10019.55;50;0.99;1;1
11810;9921.80;50;1.00;1;1
11811;10068.43;50;0.99;1;1
11812;9921.80;50;1.01;1;1
11813;10068.43;50;0.99;1;1
11814;9872.92;50;1.01;1;1
11815;10019.55;50;0.99;1;1
11816;9872.92;50;1.00;1;1
11817;10117.30;50;0.99;1;1
11818;9872.92;50;1.01;1;1
11819;10068.43;50;0.99;1;1
11820;9872.92;50;1.01;1;1
11821;10117.30;50;0.99;1;1
11822;9872.92;50;1.01;1;1
11823;10117.30;50;0.99;1;1
11824;9921.80;50;1.01;1;1
11825;10117.30;50;0.99;1;1
11826;9872.92;50;1.01;1;1
11827;10117.30;50;0.99;1;1
11828;9872.92;50;1.01;1;1
11829;10117.30;50;0.99;1;1
11830;9872.92;50;1.01;1;1
11831;10117.30;50;0.99;1;1
11832;9775.17;50;1.01;1;1
11833;10019.55;50;0.98;1;1
11834;9824.05;50;1.00;1;1
11835;10068.43;50;0.98;1;1
11836;9775.17;50;1.01;1;1
11837;10117.30;50;0.98;1;1
11838;9775.17;50;1.01;1;1
11839;10117.30;50;0.98;1;1
11840;9726.29;50;1.01;1;1
11841;10068.43;50;0.97;1;1
11842;9677.42;50;1.01;1;1
11843;10117.30;50;0.97;1;1
11844;9726.29;50;1.01;1;1
11845;10068.43;50;0.97;1;1
11846;9726.29;50;1.01;1;1
11847;10068.43;50;0.97;1;1
11848;9726.29;50;1.01;1;1
11849;10068.43;50;0.97;1;1
11850;9628.54;50;1.01;1;1
11851;10117.30;50;0.96;1;1
11852;9628.54;50;1.01;1;1
11853;10068.43;50;0.96;1;1
11854;9628.54;50;1.01;1;1
11855;10068.43;50;0.96;1;1
11856;9579.67;50;1.01;1;1
11857;10117.30;50;0.96;1;1
11858;9628.54;50;1.01;1;1
11859;10019.55;50;0.96;1;1
11860;9628.54;50;1.00;1;1
11861;10117.30;50;0.96;1;1
11862;9579.67;50;1.01;1;1
11863;10068.43;50;0.96;1;1
11864;9628.54;50;1.01;1;1
11865;10068.43;50;0.96;1;1
11866;9530.79;50;1.01;1;1
11867;10068.43;50;0.95;1;1
11868;9530.79;50;1.01;1;1
11869;10019.55;50;0.95;1;1
11870;9481.92;50;1.00;1;1
11871;10019.55;50;0.95;1;1
11872;9481.92;50;1.00;1;1
11873;10019.55;50;0.95;1;1
11874;9530.79;50;1.00;1;1
11875;10019.55;50;0.95;1;1
11876;9530.79;50;1.00;1;1
11877;9970.67;50;0.95;1;1
11878;9481.92;50;1.00;1;1
11879;9970.67;50;0.95;1;1
11880;9481.92;50;1.00;1;1
11881;9970.67;50;0.95;1;1
11882;9530.79;50;1.00;1;1
11883;10019.55;50;0.95;1;1
11884;9481.92;50;1.00;1;1
11885;9970.67;50;0.95;1;1
11886;9481.92;50;1.00;1;1
11887;9921.80;50;0.95;1;1
11888;9481.92;50;0.99;1;1
11889;9970.67;50;0.95;1;1
11890;9384.16;50;1.00;1;1
11891;9970.67;50;0.94;1;1
11892;9481.92;50;1.00;1;1
11893;10019.55;50;0.95;1;1
11894;9481.92;50;1.00;1;1
11895;9970.67;50;0.95;1;1
11896;9384.16;50;1.00;1;1
11897;10019.55;50;0.94;1;1
11898;9384.16;50;1.00;1;1
11899;10019.55;50;0.94;1;1
11900;9384.16;50;1.00;1;1
11901;9970.67;50;0.94;1;1
11902;9384.16;50;1.00;1;1
11903;10019.55;50;0.94;1;1
11904;9433.04;50;1.00;1;1
11905;9970.67;50;0.94;1;1
11906;9481.92;50;1.00;1;1
11907;9970.67;50;0.95;1;1
11908;9433.04;50;1.00;1;1
11909;9970.67;50;0.94;1;1
11910;9481.92;50;1.00;1;1
11911;9970.67;50;0.95;1;1
11912;9433.04;50;1.00;1;1
11913;10019.55;50;0.94;1;1
11914;9433.04;50;1.00;1;1
11915;9970.67;50;0.94;1;1
11916;9433.04;50;1.00;1;1
11917;10019.55;50;0.94;1;1
11918;9481.92;50;1.00;1;1
11919;10019.55;50;0.95;1;1
11920;9433.04;50;1.00;1;1
11921;10019.55;50;0.94;1;1
11922;9433.04;50;1.00;1;1
11923;10068.43;50;0.94;1;1
11924;9481.92;50;1.01;1;1
11925;10117.30;50;0.95;1;1
11926;9481.92;50;1.01;1;1
11927;10117.30;50;0.95;1;1
11928;9530.79;50;1.01;1;1
11929;10117.30;50;0.95;1;1
11930;9530.79;50;1.01;1;1
11931;10117.30;50;0.95;1;1
11932;9481.92;50;1.01;1;1
11933;10117.30;50;0.95;1;1
11934;9530.79;50;1.01;1;1
11935;10117.30;50;0.95;1;1
11936;9530.79;50;1.01;1;1
11937;10166.18;50;0.95;1;1
11938;9530.79;50;1.02;1;1
11939;10166.18;50;0.95;1;1
11940;9530.79;50;1.02;1;1
11941;10117.30;50;0.95;1;1
11942;9530.79;50;1.01;1;1
11943;10117.30;50;0.95;1;1
11944;9579.67;50;1.01;1;1
11945;10117.30;50;0.96;1;1
11946;9530.79;50;1.01;1;1
11947;10117.30;50;0.95;1;1
11948;9579.67;50;1.01;1;1
11949;10166.18;50;0.96;1;1
11950;9530.79;50;1.02;1;1
11951;10117.30;50;0.95;1;1
11952;9530.79;50;1.01;1;1
11953;10117.30;50;0.95;1;1
11954;9481.92;50;1.01;1;1
11955;10068.43;50;0.95;1;1
11956;9530.79;50;1.01;1;1
11957;10117.30;50;0.95;1;1
11958;9530.79;50;1.01;1;1
11959;10019.55;50;0.95;1;1
11960;9530.79;50;1.00;1;1
11961;10019.55;50;0.95;1;1
11962;9530.79;50;1.00;1;1
11963;10019.55;50;0.95;1;1
11964;9433.04;50;1.00;1;1
11965;10019.55;50;0.94;1;1
11966;9481.92;50;1.00;1;1
11967;10019.55;50;0.95;1;1
11968;9433.04;50;1.00;1;1
11969;9970.67;50;0.94;1;1
11970;9481.92;50;1.00;1;1
11971;9970.67;50;0.95;1;1
11972;9481.92;50;1.00;1;1
11973;9970.67;50;0.95;1;1
11974;9481.92;50;1.00;1;1
11975;9872.92;50;0.95;1;1
11976;9481.92;50;0.99;1;1
11977;9921.80;50;0.95;1;1
11978;9481.92;50;0.99;1;1
11979;9872.92;50;0.95;1;1
11980;9481.92;50;0.99;1;1
11981;9824.05;50;0.95;1;1
11982;9481.92;50;0.98;1;1
11983;9872.92;50;0.95;1;1
11984;9530.79;50;0.99;1;1
11985;9872.92;50;0.95;1;1
11986;9433.04;50;0.99;1;1
11987;9824.05;50;0.94;1;1
11988;9384.16;50;0.98;1;1
11989;9824.05;50;0.94;1;1
11990;9433.04;50;0.98;1;1
11991;9872.92;50;0.94;1;1
11992;9384.16;50;0.99;1;1
11993;9872.92;50;0.94;1;1
11994;9384.16;50;0.99;1;1
11995;9872.92;50;0.94;1;1
11996;9433.04;50;0.99;1;1
11997;9872.92;50;0.94;1;1
11998;9384.16;50;0.99;1;1
11999;9824.05;50;0.94;1;1
12000;9433.04;50;0.98;1;1
12001;9824.05;50;0.94;1;1
12002;9433.04;50;0.98;1;1
12003;9726.29;50;0.94;1;1
12004;9433.04;50;0.97;1;1
12005;9726.29;50;0.94;1;1
12006;9481.92;50;0.97;1;1
12007;9677.42;50;0.95;1;1
12008;9530.79;50;0.97;1;1
12009;9677.42;50;0.95;1;1
12010;9481.92;50;0.97;1;1
12011;9677.42;50;0.95;1;1
12012;9579.67;50;0.97;1;1
12013;9628.54;50;0.96;1;1
12014;9579.67;50;0.96;1;1
12015;9579.67;50;0.96;1;1
12016;9579.67;50;0.96;1;1
12017;9579.67;50;0.96;1;1
12018;9628.54;50;0.96;1;1
12019;9579.67;50;0.96;1;1
12020;9628.54;50;0.96;1;1
12021;9579.67;50;0.96;1;1
12022;9726.29;50;0.96;1;1
12023;9530.79;50;0.97;1;1
12024;9726.29;50;0.95;1;1
12025;9481.92;50;0.97;1;1
12026;9726.29;50;0.95;1;1
12027;9530.79;50;0.97;1;1
12028;9775.17;50;0.95;1;1
12029;9433.04;50;0.98;1;1
12030;9726.29;50;0.94;1;1
12031;9433.04;50;0.97;1;1
12032;9775.17;50;0.94;1;1
12033;9481.92;50;0.98;1;1
12034;9824.05;50;0.95;1;1
12035;9481.92;50;0.98;1;1
12036;9872.92;50;0.95;1;1
12037;9384.16;50;0.99;1;1
12038;9872.92;50;0.94;1;1
12039;9433.04;50;0.99;1;1
12040;9872.92;50;0.94;1;1
12041;9384.16;50;0.99;1;1
12042;9921.80;50;0.94;1;1
12043;9433.04;50;0.99;1;1
12044;9970.67;50;0.94;1;1
12045;9384.16;50;1.00;1;1
12046;9824.05;50;0.94;1;1
12047;9481.92;50;0.98;1;1
12048;9921.80;50;0.95;1;1
12049;9433.04;50;0.99;1;1
12050;10019.55;50;0.94;1;1
12051;9481.92;50;1.00;1;1
12052;10019.55;50;0.95;1;1
12053;9481.92;50;1.00;1;1
12054;10068.43;50;0.95;1;1
12055;9481.92;50;1.01;1;1
12056;10068.43;50;0.95;1;1
12057;9530.79;50;1.01;1;1
12058;10068.43;50;0.95;1;1
12059;9530.79;50;1.01;1;1
12060;10019.55;50;0.95;1;1
12061;9530.79;50;1.00;1;1
12062;9970.67;50;0.95;1;1
12063;9579.67;50;1.00;1;1
12064;10019.55;50;0.96;1;1
12065;9579.67;50;1.00;1;1
12066;10019.55;50;0.96;1;1
12067;9530.79;50;1.00;1;1
12068;10019.55;50;0.95;1;1
12069;9530.79;50;1.00;1;1
12070;10068.43;50;0.95;1;1
12071;9481.92;50;1.01;1;1
12072;10068.43;50;0.95;1;1
12073;9530.79;50;1.01;1;1
12074;10068.43;50;0.95;1;1
12075;9481.92;50;1.01;1;1
12076;10117.30;50;0.95;1;1
12077;9481.92;50;1.01;1;1
12078;10068.43;50;0.95;1;1
12079;9481.92;50;1.01;1;1
12080;10117.30;50;0.95;1;1
12081;9530.79;50;1.01;1;1
12082;10117.30;50;0.95;1;1
12083;9481.92;50;1.01;1;1
12084;10068.43;50;0.95;1;1
12085;9481.92;50;1.01;1;1
12086;10117.30;50;0.95;1;1
12087;9481.92;50;1.01;1;1
12088;10068.43;50;0.95;1;1
12089;9433.04;50;1.01;1;1
12090;10068.43;50;0.94;1;1
12091;9481.92;50;1.01;1;1
12092;10068.43;50;0.95;1;1
12093;9481.92;50;1.01;1;1
12094;10019.55;50;0.95;1;1
12095;9433.04;50;1.00;1;1
12096;10019.55;50;0.94;1;1
12097;9433.04;50;1.00;1;1
12098;10019.55;50;0.94;1;1
12099;9433.04;50;1.00;1;1
12100;10068.43;50;0.94;1;1
12101;9433.04;50;1.01;1;1
12102;10068.43;50;0.94;1;1
12103;9433.04;50;1.01;1;1
12104;10019.55;50;0.94;1;1
12105;9481.92;50;1.00;1;1
12106;10019.55;50;0.95;1;1
12107;9481.92;50;1.00;1;1
12108;10019.55;50;0.95;1;1
12109;9433.04;50;1.00;1;1
12110;10019.55;50;0.94;1;1
12111;9433.04;50;1.00;1;1
12112;10019.55;50;0.94;1;1
12113;9481.92;50;1.00;1;1
12114;9970.67;50;0.95;1;1
12115;9481.92;50;1.00;1;1
12116;9970.67;50;0.95;1;1
12117;9481.92;50;1.00;1;1
12118;10019.55;50;0.95;1;1
12119;9433.04;50;1.00;1;1
12120;10019.55;50;0.94;1;1
12121;9384.16;50;1.00;1;1
12122;9970.67;50;0.94;1;1
12123;9384.16;50;1.00;1;1
12124;10019.55;50;0.94;1;1
12125;9384.16;50;1.00;1;1
12126;10019.55;50;0.94;1;1
12127;9433.04;50;1.00;1;1
12128;10019.55;50;0.94;1;1
12129;9433.04;50;1.00;1;1
12130;10068.43;50;0.94;1;1
12131;9384.16;50;1.01;1;1
12132;10019.55;50;0.94;1;1
12133;9433.04;50;1.00;1;1
12134;10019.55;50;0.94;1;1
12135;9433.04;50;1.00;1;1
12136;10019.55;50;0.94;1;1
12137;9433.04;50;1.00;1;1
12138;10019.55;50;0.94;1;1
12139;9481.92;50;1.00;1;1
12140;10019.55;50;0.95;1;1
12141;9530.79;50;1.00;1;1
12142;10019.55;50;0.95;1;1
12143;9481.92;50;1.00;1;1
12144;10019.55;50;0.95;1;1
12145;9481.92;50;1.00;1;1
12146;10019.55;50;0.95;1;1
12147;9579.67;50;1.00;1;1
12148;9970.67;50;0.96;1;1
12149;9579.67;50;1.00;1;1
12150;10019.55;50;0.96;1;1
12151;9579.67;50;1.00;1;1
12152;9970.67;50;0.96;1;1
12153;9530.79;50;1.00;1;1
12154;9970.67;50;0.95;1;1
12155;9677.42;50;1.00;1;1
12156;9921.80;50;0.97;1;1
12157;9726.29;50;0.99;1;1
12158;9921.80;50;0.97;1;1
12159;9677.42;50;0.99;1;1
12160;9921.80;50;0.97;1;1
12161;9775.17;50;0.99;1;1
12162;9872.92;50;0.98;1;1
12163;9775.17;50;0.99;1;1
12164;9824.05;50;0.98;1;1
12165;9775.17;50;0.98;1;1
12166;9775.17;50;0.98;1;1
12167;9824.05;50;0.98;1;1
12168;9726.29;50;0.98;1;1
12169;9921.80;50;0.97;1;1
12170;9824.05;50;0.99;1;1
12171;9921.80;50;0.98;1;1
12172;9824.05;50;0.99;1;1
12173;10019.55;50;0.98;1;1
12174;9872.92;50;1.00;1;1
12175;10019.55;50;0.99;1;1
12176;9872.92;50;1.00;1;1
12177;10068.43;50;0.99;1;1
12178;9824.05;50;1.01;1;1
12179;10068.43;50;0.98;1;1
12180;9824.05;50;1.01;1;1
12181;10117.30;50;0.98;1;1
12182;9775.17;50;1.01;1;1
12183;10166.18;50;0.98;1;1
12184;9824.05;50;1.02;1;1
12185;10166.18;50;0.98;1;1
12186;9824.05;50;1.02;1;1
12187;10117.30;50;0.98;1;1
12188;9775.17;50;1.01;1;1
12189;10166.18;50;0.98;1;1
12190;9824.05;50;1.02;1;1
12191;10166.18;50;0.98;1;1
12192;9824.05;50;1.02;1;1
12193;10166.18;50;0.98;1;1
12194;9824.05;50;1.02;1;1
12195;10166.18;50;0.98;1;1
12196;9775.17;50;1.02;1;1
12197;10166.18;50;0.98;1;1
12198;9775.17;50;1.02;1;1
12199;10117.30;50;0.98;1;1
12200;9824.05;50;1.01;1;1
12201;10117.30;50;0.98;1;1
12202;9872.92;50;1.01;1;1
12203;10068.43;50;0.99;1;1
12204;9921.80;50;1.01;1;1
12205;9921.80;50;0.99;1;1
12206;9921.80;50;0.99;1;1
12207;10019.55;50;0.99;1;1
12208;9872.92;50;1.00;1;1
12209;9921.80;50;0.99;1;1
12210;9872.92;50;0.99;1;1
12211;10019.55;50;0.99;1;1
12212;9824.05;50;1.00;1;1
12213;10019.55;50;0.98;1;1
12214;9824.05;50;1.00;1;1
12215;10019.55;50;0.98;1;1
12216;9824.05;50;1.00;1;1
12217;10117.30;50;0.98;1;1
12218;9775.17;50;1.01;1;1
12219;10117.30;50;0.98;1;1
12220;9775.17;50;1.01;1;1
12221;10166.18;50;0.98;1;1
12222;9726.29;50;1.02;1;1
12223;10117.30;50;0.97;1;1
12224;9726.29;50;1.01;1;1
12225;10117.30;50;0.97;1;1
12226;9726.29;50;1.01;1;1
12227;10068.43;50;0.97;1;1
12228;9677.42;50;1.01;1;1
12229;10117.30;50;0.97;1;1
12230;9726.29;50;1.01;1;1
12231;10019.55;50;0.97;1;1
12232;9530.79;50;1.00;1;1
12233;10019.55;50;0.95;1;1
12234;9579.67;50;1.00;1;1
12235;10117.30;50;0.96;1;1
12236;9677.42;50;1.01;1;1
12237;10166.18;50;0.97;1;1
12238;9677.42;50;1.02;1;1
12239;10215.05;50;0.97;1;1
12240;9628.54;50;1.02;1;1
12241;10215.05;50;0.96;1;1
12242;9628.54;50;1.02;1;1
12243;10215.05;50;0.96;1;1
12244;9628.54;50;1.02;1;1
12245;10215.05;50;0.96;1;1
12246;9628.54;50;1.02;1;1
12247;10215.05;50;0.96;1;1
12248;9628.54;50;1.02;1;1
12249;10215.05;50;0.96;1;1
12250;9726.29;50;1.02;1;1
12251;10263.93;50;0.97;1;1
12252;9677.42;50;1.03;1;1
12253;10263.93;50;0.97;1;1
12254;9677.42;50;1.03;1;1
12255;10263.93;50;0.97;1;1
12256;9628.54;50;1.03;1;1
12257;10166.18;50;0.96;1;1
12258;9677.42;50;1.02;1;1
12259;10215.05;50;0.97;1;1
12260;9677.42;50;1.02;1;1
12261;10263.93;50;0.97;1;1
12262;9677.42;50;1.03;1;1
12263;10215.05;50;0.97;1;1
12264;9726.29;50;1.02;1;1
12265;10263.93;50;0.97;1;1
12266;9726.29;50;1.03;1;1
12267;10215.05;50;0.97;1;1
12268;9824.05;50;1.02;1;1
12269;10361.68;50;0.98;1;1
12270;9726.29;50;1.04;1;1
12271;10263.93;50;0.97;1;1
12272;9726.29;50;1.03;1;1
12273;10312.81;50;0.97;1;1
12274;9775.17;50;1.03;1;1
12275;10312.81;50;0.98;1;1
12276;9726.29;50;1.03;1;1
12277;10263.93;50;0.97;1;1
12278;9775.17;50;1.03;1;1
12279;10361.68;50;0.98;1;1
12280;9775.17;50;1.04;1;1
12281;10361.68;50;0.98;1;1
12282;9775.17;50;1.04;1;1
12283;10361.68;50;0.98;1;1
12284;9775.17;50;1.04;1;1
12285;10361.68;50;0.98;1;1
12286;9824.05;50;1.04;1;1
12287;10361.68;50;0.98;1;1
12288;9824.05;50;1.04;1;1
12289;10459.43;50;0.98;1;1
12290;9824.05;50;1.05;1;1
12291;10459.43;50;0.98;1;1
12292;9872.92;50;1.05;1;1
12293;10459.43;50;0.99;1;1
12294;9872.92;50;1.05;1;1
12295;10508.31;50;0.99;1;1
12296;9872.92;50;1.05;1;1
12297;10459.43;50;0.99;1;1
12298;9970.67;50;1.05;1;1
12299;10508.31;50;1.00;1;1
12300;9921.80;50;1.05;1;1
12301;10459.43;50;0.99;1;1
12302;9921.80;50;1.05;1;1
12303;10557.18;50;0.99;1;1
12304;9921.80;50;1.06;1;1
12305;10557.18;50;0.99;1;1
12306;9921.80;50;1.06;1;1
12307;10508.31;50;0.99;1;1
12308;9921.80;50;1.05;1;1
12309;10508.31;50;0.99;1;1
12310;9921.80;50;1.05;1;1
12311;10508.31;50;0.99;1;1
12312;9921.80;50;1.05;1;1
12313;10557.18;50;0.99;1;1
12314;9872.92;50;1.06;1;1
12315;10508.31;50;0.99;1;1
12316;9872.92;50;1.05;1;1
12317;10508.31;50;0.99;1;1
12318;9921.80;50;1.05;1;1
12319;10459.43;50;0.99;1;1
12320;9872.92;50;1.05;1;1
12321;10459.43;50;0.99;1;1
12322;9921.80;50;1.05;1;1
12323;10459.43;50;0.99;1;1
12324;9921.80;50;1.05;1;1
12325;10508.31;50;0.99;1;1
12326;9872.92;50;1.05;1;1
12327;10508.31;50;0.99;1;1
12328;9921.80;50;1.05;1;1
12329;10459.43;50;0.99;1;1
12330;9921.80;50;1.05;1;1
12331;10410.56;50;0.99;1;1
12332;9872.92;50;1.04;1;1
12333;10459.43;50;0.99;1;1
12334;9921.80;50;1.05;1;1
12335;10410.56;50;0.99;1;1
12336;9872.92;50;1.04;1;1
12337;10361.68;50;0.99;1;1
12338;9921.80;50;1.04;1;1
12339;10361.68;50;0.99;1;1
12340;9921.80;50;1.04;1;1
12341;10361.68;50;0.99;1;1
12342;9921.80;50;1.04;1;1
12343;10361.68;50;0.99;1;1
12344;9921.80;50;1.04;1;1
12345;10312.81;50;0.99;1;1
12346;9921.80;50;1.03;1;1
12347;10263.93;50;0.99;1;1
12348;9921.80;50;1.03;1;1
12349;10263.93;50;0.99;1;1
12350;10019.55;50;1.03;1;1
12351;10263.93;50;1.00;1;1
12352;10117.30;50;1.03;1;1
12353;10215.05;50;1.01;1;1
12354;10068.43;50;1.02;1;1
12355;10263.93;50;1.01;1;1
12356;10019.55;50;1.03;1;1
12357;10166.18;50;1.00;1;1
12358;10019.55;50;1.02;1;1
12359;10117.30;50;1.00;1;1
12360;10117.30;50;1.01;1;1
12361;10117.30;50;1.01;1;1
12362;10117.30;50;1.01;1;1
12363;10068.43;50;1.01;1;1
12364;10117.30;50;1.01;1;1
12365;10019.55;50;1.01;1;1
12366;10068.43;50;1.00;1;1
12367;9970.67;50;1.01;1;1
12368;10019.55;50;1.00;1;1
12369;10166.18;50;1.00;1;1
12370;10019.55;50;1.02;1;1
12371;10117.30;50;1.00;1;1
12372;10019.55;50;1.01;1;1
12373;10019.55;50;1.00;1;1
12374;10068.43;50;1.00;1;1
12375;10117.30;50;1.01;1;1
12376;10117.30;50;1.01;1;1
12377;10068.43;50;1.01;1;1
12378;10166.18;50;1.01;1;1
12379;10068.43;50;1.02;1;1
12380;10166.18;50;1.01;1;1
12381;10068.43;50;1.02;1;1
12382;10215.05;50;1.01;1;1
12383;9970.67;50;1.02;1;1
12384;10312.81;50;1.00;1;1
12385;10068.43;50;1.03;1;1
12386;10312.81;50;1.01;1;1
12387;10019.55;50;1.03;1;1
12388;10312.81;50;1.00;1;1
12389;10019.55;50;1.03;1;1
12390;10215.05;50;1.00;1;1
12391;10166.18;50;1.02;1;1
12392;10166.18;50;1.02;1;1
12393;10166.18;50;1.02;1;1
12394;10068.43;50;1.02;1;1
12395;10215.05;50;1.01;1;1
12396;10166.18;50;1.02;1;1
12397;10117.30;50;1.02;1;1
12398;10117.30;50;1.01;1;1
12399;10068.43;50;1.01;1;1
12400;10215.05;50;1.01;1;1
12401;10068.43;50;1.02;1;1
12402;10263.93;50;1.01;1;1
12403;10068.43;50;1.03;1;1
12404;10263.93;50;1.01;1;1
12405;10068.43;50;1.03;1;1
12406;10312.81;50;1.01;1;1
12407;10117.30;50;1.03;1;1
12408;10312.81;50;1.01;1;1
12409;10068.43;50;1.03;1;1
12410;10361.68;50;1.01;1;1
12411;10068.43;50;1.04;1;1
12412;10361.68;50;1.01;1;1
12413;10068.43;50;1.04;1;1
12414;10361.68;50;1.01;1;1
12415;10068.43;50;1.04;1;1
12416;10361.68;50;1.01;1;1
12417;10019.55;50;1.04;1;1
12418;10410.56;50;1.00;1;1
12419;9921.80;50;1.04;1;1
12420;10361.68;50;0.99;1;1
12421;10019.55;50;1.04;1;1
12422;10361.68;50;1.00;1;1
12423;10019.55;50;1.04;1;1
12424;10459.43;50;1.00;1;1
12425;9872.92;50;1.05;1;1
12426;10459.43;50;0.99;1;1
12427;9970.67;50;1.05;1;1
12428;10459.43;50;1.00;1;1
12429;9921.80;50;1.05;1;1
12430;10361.68;50;0.99;1;1
12431;9872.92;50;1.04;1;1
12432;10361.68;50;0.99;1;1
12433;9872.92;50;1.04;1;1
12434;10459.43;50;0.99;1;1
12435;9921.80;50;1.05;1;1
12436;10459.43;50;0.99;1;1
12437;9921.80;50;1.05;1;1
12438;10410.56;50;0.99;1;1
12439;9970.67;50;1.04;1;1
12440;10410.56;50;1.00;1;1
12441;9921.80;50;1.04;1;1
12442;10312.81;50;0.99;1;1
12443;9775.17;50;1.03;1;1
12444;10361.68;50;0.98;1;1
12445;9872.92;50;1.04;1;1
12446;10312.81;50;0.99;1;1
12447;9775.17;50;1.03;1;1
12448;10410.56;50;0.98;1;1
12449;9824.05;50;1.04;1;1
12450;10361.68;50;0.98;1;1
12451;9824.05;50;1.04;1;1
12452;10410.56;50;0.98;1;1
12453;9872.92;50;1.04;1;1
12454;10361.68;50;0.99;1;1
12455;9775.17;50;1.04;1;1
12456;10312.81;50;0.98;1;1
12457;9775.17;50;1.03;1;1
12458;10312.81;50;0.98;1;1
12459;9726.29;50;1.03;1;1
12460;10312.81;50;0.97;1;1
12461;9726.29;50;1.03;1;1
12462;10263.93;50;0.97;1;1
12463;9726.29;50;1.03;1;1
12464;10312.81;50;0.97;1;1
12465;9775.17;50;1.03;1;1
12466;10312.81;50;0.98;1;1
12467;9677.42;50;1.03;1;1
12468;10361.68;50;0.97;1;1
12469;9775.17;50;1.04;1;1
12470;10361.68;50;0.98;1;1
12471;9775.17;50;1.04;1;1
12472;10312.81;50;0.98;1;1
12473;9775.17;50;1.03;1;1
12474;10215.05;50;0.98;1;1
12475;9677.42;50;1.02;1;1
12476;10215.05;50;0.97;1;1
12477;9775.17;50;1.02;1;1
12478;10215.05;50;0.98;1;1
12479;9726.29;50;1.02;1;1
12480;10263.93;50;0.97;1;1
12481;9726.29;50;1.03;1;1
12482;10312.81;50;0.97;1;1
12483;9677.42;50;1.03;1;1
12484;10312.81;50;0.97;1;1
12485;9726.29;50;1.03;1;1
12486;10263.93;50;0.97;1;1
12487;9726.29;50;1.03;1;1
12488;10263.93;50;0.97;1;1
12489;9677.42;50;1.03;1;1
12490;10215.05;50;0.97;1;1
12491;9677.42;50;1.02;1;1
12492;10263.93;50;0.97;1;1
12493;9579.67;50;1.03;1;1
12494;10263.93;50;0.96;1;1
12495;9677.42;50;1.03;1;1
12496;10263.93;50;0.97;1;1
12497;9579.67;50;1.03;1;1
12498;10263.93;50;0.96;1;1
12499;9677.42;50;1.03;1;1
12500;10263.93;50;0.97;1;1
12501;9677.42;50;1.03;1;1
12502;10263.93;50;0.97;1;1
12503;9726.29;50;1.03;1;1
12504;10263.93;50;0.97;1;1
12505;9579.67;50;1.03;1;1
12506;10263.93;50;0.96;1;1
12507;9579.67;50;1.03;1;1
12508;10166.18;50;0.96;1;1
12509;9579.67;50;1.02;1;1
12510;10263.93;50;0.96;1;1
12511;9628.54;50;1.03;1;1
12512;10215.05;50;0.96;1;1
12513;9677.42;50;1.02;1;1
12514;10263.93;50;0.97;1;1
12515;9677.42;50;1.03;1;1
12516;10312.81;50;0.97;1;1
12517;9677.42;50;1.03;1;1
12518;10263.93;50;0.97;1;1
12519;9726.29;50;1.03;1;1
12520;10215.05;50;0.97;1;1
12521;9628.54;50;1.02;1;1
12522;10263.93;50;0.96;1;1
12523;9628.54;50;1.03;1;1
12524;10215.05;50;0.96;1;1
12525;9579.67;50;1.02;1;1
12526;10215.05;50;0.96;1;1
12527;9628.54;50;1.02;1;1
12528;10215.05;50;0.96;1;1
12529;9677.42;50;1.02;1;1
12530;10215.05;50;0.97;1;1
12531;9677.42;50;1.02;1;1
12532;10263.93;50;0.97;1;1
12533;9628.54;50;1.03;1;1
12534;10263.93;50;0.96;1;1
12535;9628.54;50;1.03;1;1
12536;10263.93;50;0.96;1;1
12537;9677.42;50;1.03;1;1
12538;10215.05;50;0.97;1;1
12539;9530.79;50;1.02;1;1
12540;10215.05;50;0.95;1;1
12541;9628.54;50;1.02;1;1
12542;10263.93;50;0.96;1;1
12543;9579.67;50;1.03;1;1
12544;10166.18;50;0.96;1;1
12545;9579.67;50;1.02;1;1
12546;10117.30;50;0.96;1;1
12547;9530.79;50;1.01;1;1
12548;10117.30;50;0.95;1;1
12549;9530.79;50;1.01;1;1
12550;10166.18;50;0.95;1;1
12551;9579.67;50;1.02;1;1
12552;10215.05;50;0.96;1;1
12553;9530.79;50;1.02;1;1
12554;10117.30;50;0.95;1;1
12555;9530.79;50;1.01;1;1
12556;10117.30;50;0.95;1;1
12557;9481.92;50;1.01;1;1
12558;10068.43;50;0.95;1;1
12559;9530.79;50;1.01;1;1
12560;10166.18;50;0.95;1;1
12561;9481.92;50;1.02;1;1
12562;10117.30;50;0.95;1;1
12563;9579.67;50;1.01;1;1
12564;10215.05;50;0.96;1;1
12565;9628.54;50;1.02;1;1
12566;10263.93;50;0.96;1;1
12567;9628.54;50;1.03;1;1
12568;10215.05;50;0.96;1;1
12569;9530.79;50;1.02;1;1
12570;10215.05;50;0.95;1;1
12571;9579.67;50;1.02;1;1
12572;10215.05;50;0.96;1;1
12573;9579.67;50;1.02;1;1
12574;10166.18;50;0.96;1;1
12575;9579.67;50;1.02;1;1
12576;10263.93;50;0.96;1;1
12577;9579.67;50;1.03;1;1
12578;10215.05;50;0.96;1;1
12579;9579.67;50;1.02;1;1
12580;10166.18;50;0.96;1;1
12581;9579.67;50;1.02;1;1
12582;10166.18;50;0.96;1;1
12583;9579.67;50;1.02;1;1
12584;10166.18;50;0.96;1;1
12585;9628.54;50;1.02;1;1
12586;10166.18;50;0.96;1;1
12587;9579.67;50;1.02;1;1
12588;10117.30;50;0.96;1;1
12589;9579.67;50;1.01;1;1
12590;10117.30;50;0.96;1;1
12591;9579.67;50;1.01;1;1
12592;10117.30;50;0.96;1;1
12593;9481.92;50;1.01;1;1
12594;10068.43;50;0.95;1;1
12595;9433.04;50;1.01;1;1
12596;10019.55;50;0.94;1;1
12597;9481.92;50;1.00;1;1
12598;10068.43;50;0.95;1;1
12599;9481.92;50;1.01;1;1
12600;10068.43;50;0.95;1;1
12601;9481.92;50;1.01;1;1
12602;10019.55;50;0.95;1;1
12603;9530.79;50;1.00;1;1
12604;10019.55;50;0.95;1;1
12605;9579.67;50;1.00;1;1
12606;10019.55;50;0.96;1;1
12607;9530.79;50;1.00;1;1
12608;10019.55;50;0.95;1;1
12609;9579.67;50;1.00;1;1
12610;9970.67;50;0.96;1;1
12611;9530.79;50;1.00;1;1
12612;9970.67;50;0.95;1;1
12613;9530.79;50;1.00;1;1
12614;9872.92;50;0.95;1;1
12615;9579.67;50;0.99;1;1
12616;10019.55;50;0.96;1;1
12617;9530.79;50;1.00;1;1
12618;9970.67;50;0.95;1;1
12619;9530.79;50;1.00;1;1
12620;9872.92;50;0.95;1;1
12621;9530.79;50;0.99;1;1
12622;10019.55;50;0.95;1;1
12623;9530.79;50;1.00;1;1
12624;10019.55;50;0.95;1;1
12625;9579.67;50;1.00;1;1
12626;10068.43;50;0.96;1;1
12627;9433.04;50;1.01;1;1
12628;9921.80;50;0.94;1;1
12629;9433.04;50;0.99;1;1
12630;9872.92;50;0.94;1;1
12631;9579.67;50;0.99;1;1
12632;9970.67;50;0.96;1;1
12633;9530.79;50;1.00;1;1
12634;9921.80;50;0.95;1;1
12635;9579.67;50;0.99;1;1
12636;9921.80;50;0.96;1;1
12637;9677.42;50;0.99;1;1
12638;9921.80;50;0.97;1;1
12639;9628.54;50;0.99;1;1
12640;9824.05;50;0.96;1;1
12641;9579.67;50;0.98;1;1
12642;9872.92;50;0.96;1;1
12643;9677.42;50;0.99;1;1
12644;9775.17;50;0.97;1;1
12645;9628.54;50;0.98;1;1
12646;9824.05;50;0.96;1;1
12647;9628.54;50;0.98;1;1
12648;9775.17;50;0.96;1;1
12649;9677.42;50;0.98;1;1
12650;9726.29;50;0.97;1;1
12651;9726.29;50;0.97;1;1
12652;9677.42;50;0.97;1;1
12653;9628.54;50;0.97;1;1
12654;9677.42;50;0.96;1;1
12655;9872.92;50;0.97;1;1
12656;9726.29;50;0.99;1;1
12657;9872.92;50;0.97;1;1
12658;9775.17;50;0.99;1;1
12659;9921.80;50;0.98;1;1
12660;9775.17;50;0.99;1;1
12661;9921.80;50;0.98;1;1
12662;9677.42;50;0.99;1;1
12663;9824.05;50;0.97;1;1
12664;9579.67;50;0.98;1;1
12665;9921.80;50;0.96;1;1
12666;9726.29;50;0.99;1;1
12667;9775.17;50;0.97;1;1
12668;9677.42;50;0.98;1;1
12669;9824.05;50;0.97;1;1
12670;9628.54;50;0.98;1;1
12671;9872.92;50;0.96;1;1
12672;9677.42;50;0.99;1;1
12673;9921.80;50;0.97;1;1
12674;9726.29;50;0.99;1;1
12675;9775.17;50;0.97;1;1
12676;9677.42;50;0.98;1;1
12677;9775.17;50;0.97;1;1
12678;9677.42;50;0.98;1;1
12679;9677.42;50;0.97;1;1
12680;9726.29;50;0.97;1;1
12681;9726.29;50;0.97;1;1
12682;9726.29;50;0.97;1;1
12683;9824.05;50;0.97;1;1
12684;9726.29;50;0.98;1;1
12685;9726.29;50;0.97;1;1
12686;9677.42;50;0.97;1;1
12687;9726.29;50;0.97;1;1
12688;9628.54;50;0.97;1;1
12689;9775.17;50;0.96;1;1
12690;9579.67;50;0.98;1;1
12691;9726.29;50;0.96;1;1
12692;9628.54;50;0.97;1;1
12693;9824.05;50;0.96;1;1
12694;9530.79;50;0.98;1;1
12695;9677.42;50;0.95;1;1
12696;9433.04;50;0.97;1;1
12697;9775.17;50;0.94;1;1
12698;9530.79;50;0.98;1;1
12699;9677.42;50;0.95;1;1
12700;9384.16;50;0.97;1;1
12701;9775.17;50;0.94;1;1
12702;9384.16;50;0.98;1;1
12703;9677.42;50;0.94;1;1
12704;9530.79;50;0.97;1;1
12705;9481.92;50;0.95;1;1
12706;9481.92;50;0.95;1;1
12707;9579.67;50;0.95;1;1
12708;9579.67;50;0.96;1;1
12709;9579.67;50;0.96;1;1
12710;9579.67;50;0.96;1;1
12711;9530.79;50;0.96;1;1
12712;9628.54;50;0.95;1;1
12713;9530.79;50;0.96;1;1
12714;9481.92;50;0.95;1;1
12715;9433.04;50;0.95;1;1
12716;9579.67;50;0.94;1;1
12717;9628.54;50;0.96;1;1
12718;9579.67;50;0.96;1;1
12719;9726.29;50;0.96;1;1
12720;9530.79;50;0.97;1;1
12721;9677.42;50;0.95;1;1
12722;9481.92;50;0.97;1;1
12723;9726.29;50;0.95;1;1
12724;9530.79;50;0.97;1;1
12725;9775.17;50;0.95;1;1
12726;9530.79;50;0.98;1;1
12727;9726.29;50;0.95;1;1
12728;9481.92;50;0.97;1;1
12729;9775.17;50;0.95;1;1
12730;9481.92;50;0.98;1;1
12731;9824.05;50;0.95;1;1
12732;9433.04;50;0.98;1;1
12733;9775.17;50;0.94;1;1
12734;9433.04;50;0.98;1;1
12735;9775.17;50;0.94;1;1
12736;9481.92;50;0.98;1;1
12737;9677.42;50;0.95;1;1
12738;9384.16;50;0.97;1;1
12739;9775.17;50;0.94;1;1
12740;9335.29;50;0.98;1;1
12741;9824.05;50;0.93;1;1
12742;9286.41;50;0.98;1;1
12743;9824.05;50;0.93;1;1
12744;9384.16;50;0.98;1;1
12745;9872.92;50;0.94;1;1
12746;9433.04;50;0.99;1;1
12747;9970.67;50;0.94;1;1
12748;9481.92;50;1.00;1;1
12749;9970.67;50;0.95;1;1
12750;9481.92;50;1.00;1;1
12751;9921.80;50;0.95;1;1
12752;9433.04;50;0.99;1;1
12753;9872.92;50;0.94;1;1
12754;9384.16;50;0.99;1;1
12755;9921.80;50;0.94;1;1
12756;9384.16;50;0.99;1;1
12757;9970.67;50;0.94;1;1
12758;9433.04;50;1.00;1;1
12759;9872.92;50;0.94;1;1
12760;9286.41;50;0.99;1;1
12761;9872.92;50;0.93;1;1
12762;9237.54;50;0.99;1;1
12763;9970.67;50;0.92;1;1
12764;9433.04;50;1.00;1;1
12765;10019.55;50;0.94;1;1
12766;9384.16;50;1.00;1;1
12767;9970.67;50;0.94;1;1
12768;9384.16;50;1.00;1;1
12769;10019.55;50;0.94;1;1
12770;9481.92;50;1.00;1;1
12771;10068.43;50;0.95;1;1
12772;9433.04;50;1.01;1;1
12773;10068.43;50;0.94;1;1
12774;9481.92;50;1.01;1;1
12775;10117.30;50;0.95;1;1
12776;9530.79;50;1.01;1;1
12777;10068.43;50;0.95;1;1
12778;9481.92;50;1.01;1;1
12779;10117.30;50;0.95;1;1
12780;9579.67;50;1.01;1;1
12781;10117.30;50;0.96;1;1
12782;9579.67;50;1.01;1;1
12783;10068.43;50;0.96;1;1
12784;9530.79;50;1.01;1;1
12785;10068.43;50;0.95;1;1
12786;9433.04;50;1.01;1;1
12787;10019.55;50;0.94;1;1
12788;9433.04;50;1.00;1;1
12789;9970.67;50;0.94;1;1
12790;9433.04;50;1.00;1;1
12791;9970.67;50;0.94;1;1
12792;9384.16;50;1.00;1;1
12793;9970.67;50;0.94;1;1
12794;9384.16;50;1.00;1;1
12795;9872.92;50;0.94;1;1
12796;9481.92;50;0.99;1;1
12797;9970.67;50;0.95;1;1
12798;9530.79;50;1.00;1;1
12799;9970.67;50;0.95;1;1
12800;9628.54;50;1.00;1;1
12801;10068.43;50;0.96;1;1
12802;9628.54;50;1.01;1;1
12803;10019.55;50;0.96;1;1
12804;9628.54;50;1.00;1;1
12805;9921.80;50;0.96;1;1
12806;9628.54;50;0.99;1;1
12807;9970.67;50;0.96;1;1
12808;9677.42;50;1.00;1;1
12809;9872.92;50;0.97;1;1
12810;9677.42;50;0.99;1;1
12811;9872.92;50;0.97;1;1
12812;9726.29;50;0.99;1;1
12813;9824.05;50;0.97;1;1
12814;9628.54;50;0.98;1;1
12815;9775.17;50;0.96;1;1
12816;9628.54;50;0.98;1;1
12817;9726.29;50;0.96;1;1
12818;9726.29;50;0.97;1;1
12819;9726.29;50;0.97;1;1
12820;9726.29;50;0.97;1;1
12821;9628.54;50;0.97;1;1
12822;9726.29;50;0.96;1;1
12823;9726.29;50;0.97;1;1
12824;9775.17;50;0.97;1;1
12825;9677.42;50;0.98;1;1
12826;9775.17;50;0.97;1;1
12827;9677.42;50;0.98;1;1
12828;9775.17;50;0.97;1;1
12829;9579.67;50;0.98;1;1
12830;9726.29;50;0.96;1;1
12831;9579.67;50;0.97;1;1
12832;9824.05;50;0.96;1;1
12833;9579.67;50;0.98;1;1
12834;9872.92;50;0.96;1;1
12835;9628.54;50;0.99;1;1
12836;9677.42;50;0.96;1;1
12837;9628.54;50;0.97;1;1
12838;9726.29;50;0.96;1;1
12839;9481.92;50;0.97;1;1
12840;9726.29;50;0.95;1;1
12841;9530.79;50;0.97;1;1
12842;9775.17;50;0.95;1;1
12843;9481.92;50;0.98;1;1
12844;9628.54;50;0.95;1;1
12845;9433.04;50;0.96;1;1
12846;9775.17;50;0.94;1;1
12847;9481.92;50;0.98;1;1
12848;9726.29;50;0.95;1;1
12849;9628.54;50;0.97;1;1
12850;9775.17;50;0.96;1;1
12851;9579.67;50;0.98;1;1
12852;9824.05;50;0.96;1;1
12853;9530.79;50;0.98;1;1
12854;9775.17;50;0.95;1;1
12855;9530.79;50;0.98;1;1
12856;9775.17;50;0.95;1;1
12857;9481.92;50;0.98;1;1
12858;9775.17;50;0.95;1;1
12859;9481.92;50;0.98;1;1
12860;9775.17;50;0.95;1;1
12861;9433.04;50;0.98;1;1
12862;9726.29;50;0.94;1;1
12863;9384.16;50;0.97;1;1
12864;9726.29;50;0.94;1;1
12865;9384.16;50;0.97;1;1
12866;9824.05;50;0.94;1;1
12867;9481.92;50;0.98;1;1
12868;9872.92;50;0.95;1;1
12869;9481.92;50;0.99;1;1
12870;9872.92;50;0.95;1;1
12871;9481.92;50;0.99;1;1
12872;9872.92;50;0.95;1;1
12873;9530.79;50;0.99;1;1
12874;9872.92;50;0.95;1;1
12875;9530.79;50;0.99;1;1
12876;9921.80;50;0.95;1;1
12877;9579.67;50;0.99;1;1
12878;9921.80;50;0.96;1;1
12879;9530.79;50;0.99;1;1
12880;9921.80;50;0.95;1;1
12881;9579.67;50;0.99;1;1
12882;9970.67;50;0.96;1;1
12883;9579.67;50;1.00;1;1
12884;9970.67;50;0.96;1;1
12885;9628.54;50;1.00;1;1
12886;10019.55;50;0.96;1;1
12887;9628.54;50;1.00;1;1
12888;10019.55;50;0.96;1;1
12889;9628.54;50;1.00;1;1
12890;10068.43;50;0.96;1;1
12891;9628.54;50;1.01;1;1
12892;10117.30;50;0.96;1;1
12893;9677.42;50;1.01;1;1
12894;10068.43;50;0.97;1;1
12895;9628.54;50;1.01;1;1
12896;10117.30;50;0.96;1;1
12897;9677.42;50;1.01;1;1
12898;10166.18;50;0.97;1;1
12899;9628.54;50;1.02;1;1
12900;10117.30;50;0.96;1;1
12901;9677.42;50;1.01;1;1
12902;10117.30;50;0.97;1;1
12903;9677.42;50;1.01;1;1
12904;10068.43;50;0.97;1;1
12905;9579.67;50;1.01;1;1
12906;10166.18;50;0.96;1;1
12907;9579.67;50;1.02;1;1
12908;9970.67;50;0.96;1;1
12909;9530.79;50;1.00;1;1
12910;9970.67;50;0.95;1;1
12911;9579.67;50;1.00;1;1
12912;9970.67;50;0.96;1;1
12913;9433.04;50;1.00;1;1
12914;9921.80;50;0.94;1;1
12915;9530.79;50;0.99;1;1
12916;9921.80;50;0.95;1;1
12917;9481.92;50;0.99;1;1
12918;10019.55;50;0.95;1;1
12919;9530.79;50;1.00;1;1
12920;10068.43;50;0.95;1;1
12921;9628.54;50;1.01;1;1
12922;9970.67;50;0.96;1;1
12923;9481.92;50;1.00;1;1
12924;9970.67;50;0.95;1;1
12925;9628.54;50;1.00;1;1
12926;9970.67;50;0.96;1;1
12927;9530.79;50;1.00;1;1
12928;9921.80;50;0.95;1;1
12929;9579.67;50;0.99;1;1
12930;10068.43;50;0.96;1;1
12931;9481.92;50;1.01;1;1
12932;9921.80;50;0.95;1;1
12933;9433.04;50;0.99;1;1
12934;9970.67;50;0.94;1;1
12935;9433.04;50;1.00;1;1
12936;9970.67;50;0.94;1;1
12937;9433.04;50;1.00;1;1
12938;9970.67;50;0.94;1;1
12939;9530.79;50;1.00;1;1
12940;10019.55;50;0.95;1;1
12941;9530.79;50;1.00;1;1
12942;10019.55;50;0.95;1;1
12943;9433.04;50;1.00;1;1
12944;10019.55;50;0.94;1;1
12945;9481.92;50;1.00;1;1
12946;9921.80;50;0.95;1;1
12947;9384.16;50;0.99;1;1
12948;9872.92;50;0.94;1;1
12949;9481.92;50;0.99;1;1
12950;10019.55;50;0.95;1;1
12951;9481.92;50;1.00;1;1
12952;10019.55;50;0.95;1;1
12953;9530.79;50;1.00;1;1
12954;9970.67;50;0.95;1;1
12955;9481.92;50;1.00;1;1
12956;9970.67;50;0.95;1;1
12957;9481.92;50;1.00;1;1
12958;9921.80;50;0.95;1;1
12959;9481.92;50;0.99;1;1
12960;9921.80;50;0.95;1;1
12961;9481.92;50;0.99;1;1
12962;9921.80;50;0.95;1;1
12963;9433.04;50;0.99;1;1
12964;9921.80;50;0.94;1;1
12965;9481.92;50;0.99;1;1
12966;9921.80;50;0.95;1;1
12967;9433.04;50;0.99;1;1
12968;10019.55;50;0.94;1;1
12969;9433.04;50;1.00;1;1
12970;10068.43;50;0.94;1;1
12971;9335.29;50;1.01;1;1
12972;9970.67;50;0.93;1;1
12973;9384.16;50;1.00;1;1
12974;10019.55;50;0.94;1;1
12975;9335.29;50;1.00;1;1
12976;10019.55;50;0.93;1;1
12977;9433.04;50;1.00;1;1
12978;10019.55;50;0.94;1;1
12979;9530.79;50;1.00;1;1
12980;10068.43;50;0.95;1;1
12981;9481.92;50;1.01;1;1
12982;10068.43;50;0.95;1;1
12983;9433.04;50;1.01;1;1
12984;10117.30;50;0.94;1;1
12985;9481.92;50;1.01;1;1
12986;10068.43;50;0.95;1;1
12987;9481.92;50;1.01;1;1
12988;10068.43;50;0.95;1;1
12989;9481.92;50;1.01;1;1
12990;10019.55;50;0.95;1;1
12991;9530.79;50;1.00;1;1
12992;10166.18;50;0.95;1;1
12993;9530.79;50;1.02;1;1
12994;10117.30;50;0.95;1;1
12995;9481.92;50;1.01;1;1
12996;10117.30;50;0.95;1;1
12997;9433.04;50;1.01;1;1
12998;10117.30;50;0.94;1;1
12999;9481.92;50;1.01;1;1
13000;10117.30;50;0.95;1;1
13001;9481.92;50;1.01;1;1
13002;10117.30;50;0.95;1;1
13003;9384.16;50;1.01;1;1
13004;10068.43;50;0.94;1;1
13005;9433.04;50;1.01;1;1
13006;10068.43;50;0.94;1;1
13007;9481.92;50;1.01;1;1
13008;10117.30;50;0.95;1;1
13009;9481.92;50;1.01;1;1
13010;10117.30;50;0.95;1;1
13011;9579.67;50;1.01;1;1
13012;10215.05;50;0.96;1;1
13013;9579.67;50;1.02;1;1
13014;10166.18;50;0.96;1;1
13015;9579.67;50;1.02;1;1
13016;10166.18;50;0.96;1;1
13017;9628.54;50;1.02;1;1
13018;10117.30;50;0.96;1;1
13019;9530.79;50;1.01;1;1
13020;10117.30;50;0.95;1;1
13021;9481.92;50;1.01;1;1
13022;10068.43;50;0.95;1;1
13023;9579.67;50;1.01;1;1
13024;10117.30;50;0.96;1;1
13025;9579.67;50;1.01;1;1
13026;10068.43;50;0.96;1;1
13027;9481.92;50;1.01;1;1
13028;10019.55;50;0.95;1;1
13029;9530.79;50;1.00;1;1
13030;10019.55;50;0.95;1;1
13031;9530.79;50;1.00;1;1
13032;10068.43;50;0.95;1;1
13033;9579.67;50;1.01;1;1
13034;10068.43;50;0.96;1;1
13035;9579.67;50;1.01;1;1
13036;10068.43;50;0.96;1;1
13037;9628.54;50;1.01;1;1
13038;10068.43;50;0.96;1;1
13039;9677.42;50;1.01;1;1
13040;10068.43;50;0.97;1;1
13041;9677.42;50;1.01;1;1
13042;10019.55;50;0.97;1;1
13043;9628.54;50;1.00;1;1
13044;10019.55;50;0.96;1;1
13045;9677.42;50;1.00;1;1
13046;10019.55;50;0.97;1;1
13047;9726.29;50;1.00;1;1
13048;9970.67;50;0.97;1;1
13049;9726.29;50;1.00;1;1
13050;10117.30;50;0.97;1;1
13051;9579.67;50;1.01;1;1
13052;10166.18;50;0.96;1;1
13053;9628.54;50;1.02;1;1
13054;10117.30;50;0.96;1;1
13055;9579.67;50;1.01;1;1
13056;10117.30;50;0.96;1;1
13057;9530.79;50;1.01;1;1
13058;10068.43;50;0.95;1;1
13059;9530.79;50;1.01;1;1
13060;10068.43;50;0.95;1;1
13061;9481.92;50;1.01;1;1
13062;9872.92;50;0.95;1;1
13063;9433.04;50;0.99;1;1
13064;9921.80;50;0.94;1;1
13065;9384.16;50;0.99;1;1
13066;9970.67;50;0.94;1;1
13067;9530.79;50;1.00;1;1
13068;9970.67;50;0.95;1;1
13069;9530.79;50;1.00;1;1
13070;9970.67;50;0.95;1;1
13071;9579.67;50;1.00;1;1
13072;9970.67;50;0.96;1;1
13073;9579.67;50;1.00;1;1
13074;9921.80;50;0.96;1;1
13075;9530.79;50;0.99;1;1
13076;9921.80;50;0.95;1;1
13077;9530.79;50;0.99;1;1
13078;9921.80;50;0.95;1;1
13079;9481.92;50;0.99;1;1
13080;9921.80;50;0.95;1;1
13081;9481.92;50;0.99;1;1
13082;9872.92;50;0.95;1;1
13083;9628.54;50;0.99;1;1
13084;9872.92;50;0.96;1;1
13085;9530.79;50;0.99;1;1
13086;9824.05;50;0.95;1;1
13087;9530.79;50;0.98;1;1
13088;9824.05;50;0.95;1;1
13089;9579.67;50;0.98;1;1
13090;9824.05;50;0.96;1;1
13091;9628.54;50;0.98;1;1
13092;9872.92;50;0.96;1;1
13093;9677.42;50;0.99;1;1
13094;9872.92;50;0.97;1;1
13095;9677.42;50;0.99;1;1
13096;9726.29;50;0.97;1;1
13097;9775.17;50;0.97;1;1
13098;9677.42;50;0.98;1;1
13099;9726.29;50;0.97;1;1
13100;9726.29;50;0.97;1;1
13101;9775.17;50;0.97;1;1
13102;9677.42;50;0.98;1;1
13103;9824.05;50;0.97;1;1
13104;9628.54;50;0.98;1;1
13105;9824.05;50;0.96;1;1
13106;9579.67;50;0.98;1;1
13107;9775.17;50;0.96;1;1
13108;9628.54;50;0.98;1;1
13109;9872.92;50;0.96;1;1
13110;9628.54;50;0.99;1;1
13111;9872.92;50;0.96;1;1
13112;9628.54;50;0.99;1;1
13113;9824.05;50;0.96;1;1
13114;9677.42;50;0.98;1;1
13115;9872.92;50;0.97;1;1
13116;9628.54;50;0.99;1;1
13117;9872.92;50;0.96;1;1
13118;9628.54;50;0.99;1;1
13119;9921.80;50;0.96;1;1
13120;9579.67;50;0.99;1;1
13121;9921.80;50;0.96;1;1
13122;9628.54;50;0.99;1;1
13123;9921.80;50;0.96;1;1
13124;9628.54;50;0.99;1;1
13125;10019.55;50;0.96;1;1
13126;9628.54;50;1.00;1;1
13127;9970.67;50;0.96;1;1
13128;9530.79;50;1.00;1;1
13129;10019.55;50;0.95;1;1
13130;9628.54;50;1.00;1;1
13131;9970.67;50;0.96;1;1
13132;9677.42;50;1.00;1;1
13133;9921.80;50;0.97;1;1
13134;9579.67;50;0.99;1;1
13135;10019.55;50;0.96;1;1
13136;9677.42;50;1.00;1;1
13137;10019.55;50;0.97;1;1
13138;9579.67;50;1.00;1;1
13139;10117.30;50;0.96;1;1
13140;9628.54;50;1.01;1;1
13141;10019.55;50;0.96;1;1
13142;9628.54;50;1.00;1;1
13143;10019.55;50;0.96;1;1
13144;9579.67;50;1.00;1;1
13145;10019.55;50;0.96;1;1
13146;9628.54;50;1.00;1;1
13147;10068.43;50;0.96;1;1
13148;9530.79;50;1.01;1;1
13149;10019.55;50;0.95;1;1
13150;9530.79;50;1.00;1;1
13151;10068.43;50;0.95;1;1
13152;9579.67;50;1.01;1;1
13153;10117.30;50;0.96;1;1
13154;9579.67;50;1.01;1;1
13155;10019.55;50;0.96;1;1
13156;9628.54;50;1.00;1;1
13157;10117.30;50;0.96;1;1
13158;9579.67;50;1.01;1;1
13159;10068.43;50;0.96;1;1
13160;9530.79;50;1.01;1;1
13161;10068.43;50;0.95;1;1
13162;9433.04;50;1.01;1;1
13163;10117.30;50;0.94;1;1
13164;9433.04;50;1.01;1;1
13165;10019.55;50;0.94;1;1
13166;9481.92;50;1.00;1;1
13167;10068.43;50;0.95;1;1
13168;9286.41;50;1.01;1;1
13169;10019.55;50;0.93;1;1
13170;9335.29;50;1.00;1;1
13171;10019.55;50;0.93;1;1
13172;9384.16;50;1.00;1;1
13173;10019.55;50;0.94;1;1
13174;9384.16;50;1.00;1;1
13175;10068.43;50;0.94;1;1
13176;9433.04;50;1.01;1;1
13177;10068.43;50;0.94;1;1
13178;9384.16;50;1.01;1;1
13179;10019.55;50;0.94;1;1
13180;9335.29;50;1.00;1;1
13181;10019.55;50;0.93;1;1
13182;9433.04;50;1.00;1;1
13183;10068.43;50;0.94;1;1
13184;9481.92;50;1.01;1;1
13185;10068.43;50;0.95;1;1
13186;9433.04;50;1.01;1;1
13187;9921.80;50;0.94;1;1
13188;9384.16;50;0.99;1;1
13189;9970.67;50;0.94;1;1
13190;9433.04;50;1.00;1;1
13191;9872.92;50;0.94;1;1
13192;9384.16;50;0.99;1;1
13193;9921.80;50;0.94;1;1
13194;9433.04;50;0.99;1;1
13195;9970.67;50;0.94;1;1
13196;9335.29;50;1.00;1;1
13197;10019.55;50;0.93;1;1
13198;9384.16;50;1.00;1;1
13199;10019.55;50;0.94;1;1
13200;9384.16;50;1.00;1;1
13201;10019.55;50;0.94;1;1
13202;9335.29;50;1.00;1;1
13203;9921.80;50;0.93;1;1
13204;9384.16;50;0.99;1;1
13205;10019.55;50;0.94;1;1
13206;9384.16;50;1.00;1;1
13207;9921.80;50;0.94;1;1
13208;9335.29;50;0.99;1;1
13209;9872.92;50;0.93;1;1
13210;9286.41;50;0.99;1;1
13211;9921.80;50;0.93;1;1
13212;9335.29;50;0.99;1;1
13213;9921.80;50;0.93;1;1
13214;9335.29;50;0.99;1;1
13215;10019.55;50;0.93;1;1
13216;9335.29;50;1.00;1;1
13217;9872.92;50;0.93;1;1
13218;9335.29;50;0.99;1;1
13219;9921.80;50;0.93;1;1
13220;9286.41;50;0.99;1;1
13221;9921.80;50;0.93;1;1
13222;9384.16;50;0.99;1;1
13223;9872.92;50;0.94;1;1
13224;9335.29;50;0.99;1;1
13225;10019.55;50;0.93;1;1
13226;9433.04;50;1.00;1;1
13227;10019.55;50;0.94;1;1
13228;9433.04;50;1.00;1;1
13229;9921.80;50;0.94;1;1
13230;9384.16;50;0.99;1;1
13231;9921.80;50;0.94;1;1
13232;9433.04;50;0.99;1;1
13233;9921.80;50;0.94;1;1
13234;9433.04;50;0.99;1;1
13235;9872.92;50;0.94;1;1
13236;9481.92;50;0.99;1;1
13237;9970.67;50;0.95;1;1
13238;9530.79;50;1.00;1;1
13239;9921.80;50;0.95;1;1
13240;9579.67;50;0.99;1;1
13241;9970.67;50;0.96;1;1
13242;9579.67;50;1.00;1;1
13243;9970.67;50;0.96;1;1
13244;9628.54;50;1.00;1;1
13245;9921.80;50;0.96;1;1
13246;9677.42;50;0.99;1;1
13247;9872.92;50;0.97;1;1
13248;9726.29;50;0.99;1;1
13249;9921.80;50;0.97;1;1
13250;9726.29;50;0.99;1;1
13251;9872.92;50;0.97;1;1
13252;9726.29;50;0.99;1;1
13253;9872.92;50;0.97;1;1
13254;9824.05;50;0.99;1;1
13255;9872.92;50;0.98;1;1
13256;9628.54;50;0.99;1;1
13257;9921.80;50;0.96;1;1
13258;9677.42;50;0.99;1;1
13259;9824.05;50;0.97;1;1
13260;9677.42;50;0.98;1;1
13261;9872.92;50;0.97;1;1
13262;9628.54;50;0.99;1;1
13263;9824.05;50;0.96;1;1
13264;9628.54;50;0.98;1;1
13265;9921.80;50;0.96;1;1
13266;9677.42;50;0.99;1;1
13267;9824.05;50;0.97;1;1
13268;9628.54;50;0.98;1;1
13269;10019.55;50;0.96;1;1
13270;9628.54;50;1.00;1;1
13271;9921.80;50;0.96;1;1
13272;9579.67;50;0.99;1;1
13273;10019.55;50;0.96;1;1
13274;9677.42;50;1.00;1;1
13275;9921.80;50;0.97;1;1
13276;9579.67;50;0.99;1;1
13277;9921.80;50;0.96;1;1
13278;9677.42;50;0.99;1;1
13279;9921.80;50;0.97;1;1
13280;9677.42;50;0.99;1;1
13281;9726.29;50;0.97;1;1
13282;9579.67;50;0.97;1;1
13283;9726.29;50;0.96;1;1
13284;9677.42;50;0.97;1;1
13285;9628.54;50;0.97;1;1
13286;9677.42;50;0.96;1;1
13287;9628.54;50;0.97;1;1
13288;9677.42;50;0.96;1;1
13289;9628.54;50;0.97;1;1
13290;9677.42;50;0.96;1;1
13291;9628.54;50;0.97;1;1
13292;9579.67;50;0.96;1;1
13293;9628.54;50;0.96;1;1
13294;9579.67;50;0.96;1;1
13295;9628.54;50;0.96;1;1
13296;9628.54;50;0.96;1;1
13297;9628.54;50;0.96;1;1
13298;9677.42;50;0.96;1;1
13299;9628.54;50;0.97;1;1
13300;9579.67;50;0.96;1;1
13301;9775.17;50;0.96;1;1
13302;9628.54;50;0.98;1;1
13303;9677.42;50;0.96;1;1
13304;9628.54;50;0.97;1;1
13305;9628.54;50;0.96;1;1
13306;9579.67;50;0.96;1;1
13307;9628.54;50;0.96;1;1
13308;9628.54;50;0.96;1;1
13309;9579.67;50;0.96;1;1
13310;9677.42;50;0.96;1;1
13311;9481.92;50;0.97;1;1
13312;9628.54;50;0.95;1;1
13313;9530.79;50;0.96;1;1
13314;9677.42;50;0.95;1;1
13315;9481.92;50;0.97;1;1
13316;9726.29;50;0.95;1;1
13317;9530.79;50;0.97;1;1
13318;9677.42;50;0.95;1;1
13319;9530.79;50;0.97;1;1
13320;9530.79;50;0.95;1;1
13321;9481.92;50;0.95;1;1
13322;9628.54;50;0.95;1;1
13323;9481.92;50;0.96;1;1
13324;9628.54;50;0.95;1;1
13325;9433.04;50;0.96;1;1
13326;9628.54;50;0.94;1;1
13327;9433.04;50;0.96;1;1
13328;9579.67;50;0.94;1;1
13329;9286.41;50;0.96;1;1
13330;9579.67;50;0.93;1;1
13331;9433.04;50;0.96;1;1
13332;9530.79;50;0.94;1;1
13333;9384.16;50;0.95;1;1
13334;9579.67;50;0.94;1;1
13335;9335.29;50;0.96;1;1
13336;9579.67;50;0.93;1;1
13337;9384.16;50;0.96;1;1
13338;9628.54;50;0.94;1;1
13339;9286.41;50;0.96;1;1
13340;9677.42;50;0.93;1;1
13341;9335.29;50;0.97;1;1
13342;9775.17;50;0.93;1;1
13343;9384.16;50;0.98;1;1
13344;9677.42;50;0.94;1;1
13345;9384.16;50;0.97;1;1
13346;9726.29;50;0.94;1;1
13347;9335.29;50;0.97;1;1
13348;9726.29;50;0.93;1;1
13349;9286.41;50;0.97;1;1
13350;9628.54;50;0.93;1;1
13351;9384.16;50;0.96;1;1
13352;9628.54;50;0.94;1;1
13353;9384.16;50;0.96;1;1
13354;9530.79;50;0.94;1;1
13355;9237.54;50;0.95;1;1
13356;9775.17;50;0.92;1;1
13357;9530.79;50;0.98;1;1
13358;9726.29;50;0.95;1;1
13359;9530.79;50;0.97;1;1
13360;9775.17;50;0.95;1;1
13361;9384.16;50;0.98;1;1
13362;9628.54;50;0.94;1;1
13363;9481.92;50;0.96;1;1
13364;9775.17;50;0.95;1;1
13365;9530.79;50;0.98;1;1
13366;9726.29;50;0.95;1;1
13367;9433.04;50;0.97;1;1
13368;9726.29;50;0.94;1;1
13369;9481.92;50;0.97;1;1
13370;9872.92;50;0.95;1;1
13371;9579.67;50;0.99;1;1
13372;9775.17;50;0.96;1;1
13373;9433.04;50;0.98;1;1
13374;9921.80;50;0.94;1;1
13375;9530.79;50;0.99;1;1
13376;10019.55;50;0.95;1;1
13377;9433.04;50;1.00;1;1
13378;10019.55;50;0.94;1;1
13379;9579.67;50;1.00;1;1
13380;9921.80;50;0.96;1;1
13381;9481.92;50;0.99;1;1
13382;9970.67;50;0.95;1;1
13383;9579.67;50;1.00;1;1
13384;9970.67;50;0.96;1;1
13385;9579.67;50;1.00;1;1
13386;9824.05;50;0.96;1;1
13387;9628.54;50;0.98;1;1
13388;9970.67;50;0.96;1;1
13389;9579.67;50;1.00;1;1
13390;9921.80;50;0.96;1;1
13391;9530.79;50;0.99;1;1
13392;9921.80;50;0.95;1;1
13393;9433.04;50;0.99;1;1
13394;9824.05;50;0.94;1;1
13395;9481.92;50;0.98;1;1
13396;9824.05;50;0.95;1;1
13397;9384.16;50;0.98;1;1
13398;9921.80;50;0.94;1;1
13399;9384.16;50;0.99;1;1
13400;9824.05;50;0.94;1;1
13401;9384.16;50;0.98;1;1
13402;9824.05;50;0.94;1;1
13403;9335.29;50;0.98;1;1
13404;9824.05;50;0.93;1;1
13405;9433.04;50;0.98;1;1
13406;9824.05;50;0.94;1;1
13407;9481.92;50;0.98;1;1
13408;9824.05;50;0.95;1;1
13409;9433.04;50;0.98;1;1
13410;9775.17;50;0.94;1;1
13411;9433.04;50;0.98;1;1
13412;9970.67;50;0.94;1;1
13413;9384.16;50;1.00;1;1
13414;9872.92;50;0.94;1;1
13415;9335.29;50;0.99;1;1
13416;9726.29;50;0.93;1;1
13417;9286.41;50;0.97;1;1
13418;9677.42;50;0.93;1;1
13419;9237.54;50;0.97;1;1
13420;9824.05;50;0.92;1;1
13421;9335.29;50;0.98;1;1
13422;9775.17;50;0.93;1;1
13423;9335.29;50;0.98;1;1
13424;9872.92;50;0.93;1;1
13425;9188.66;50;0.99;1;1
13426;9775.17;50;0.92;1;1
13427;9286.41;50;0.98;1;1
13428;9824.05;50;0.93;1;1
13429;9286.41;50;0.98;1;1
13430;9726.29;50;0.93;1;1
13431;9188.66;50;0.97;1;1
13432;9677.42;50;0.92;1;1
13433;9188.66;50;0.97;1;1
13434;9677.42;50;0.92;1;1
13435;9188.66;50;0.97;1;1
13436;9677.42;50;0.92;1;1
13437;9384.16;50;0.97;1;1
13438;9726.29;50;0.94;1;1
13439;9286.41;50;0.97;1;1
13440;9824.05;50;0.93;1;1
13441;9286.41;50;0.98;1;1
13442;9824.05;50;0.93;1;1
13443;9335.29;50;0.98;1;1
13444;9824.05;50;0.93;1;1
13445;9286.41;50;0.98;1;1
13446;9872.92;50;0.93;1;1
13447;9286.41;50;0.99;1;1
13448;9775.17;50;0.93;1;1
13449;9286.41;50;0.98;1;1
13450;9677.42;50;0.93;1;1
13451;9237.54;50;0.97;1;1
13452;9726.29;50;0.92;1;1
13453;9237.54;50;0.97;1;1
13454;9726.29;50;0.92;1;1
13455;9286.41;50;0.97;1;1
13456;9872.92;50;0.93;1;1
13457;9335.29;50;0.99;1;1
13458;9872.92;50;0.93;1;1
13459;9335.29;50;0.99;1;1
13460;9726.29;50;0.93;1;1
13461;9139.79;50;0.97;1;1
13462;9677.42;50;0.91;1;1
13463;9286.41;50;0.97;1;1
13464;9775.17;50;0.93;1;1
13465;9335.29;50;0.98;1;1
13466;9872.92;50;0.93;1;1
13467;9384.16;50;0.99;1;1
13468;9726.29;50;0.94;1;1
13469;9237.54;50;0.97;1;1
13470;9628.54;50;0.92;1;1
13471;9139.79;50;0.96;1;1
13472;9677.42;50;0.91;1;1
13473;9286.41;50;0.97;1;1
13474;9726.29;50;0.93;1;1
13475;9286.41;50;0.97;1;1
13476;9775.17;50;0.93;1;1
13477;9139.79;50;0.98;1;1
13478;9726.29;50;0.91;1;1
13479;9237.54;50;0.97;1;1
13480;9677.42;50;0.92;1;1
13481;9188.66;50;0.97;1;1
13482;9677.42;50;0.92;1;1
13483;9237.54;50;0.97;1;1
13484;9726.29;50;0.92;1;1
13485;9237.54;50;0.97;1;1
13486;9824.05;50;0.92;1;1
13487;9384.16;50;0.98;1;1
13488;9775.17;50;0.94;1;1
13489;9286.41;50;0.98;1;1
13490;9824.05;50;0.93;1;1
13491;9481.92;50;0.98;1;1
13492;9921.80;50;0.95;1;1
13493;9433.04;50;0.99;1;1
13494;9970.67;50;0.94;1;1
13495;9384.16;50;1.00;1;1
13496;9970.67;50;0.94;1;1
13497;9433.04;50;1.00;1;1
13498;10019.55;50;0.94;1;1
13499;9433.04;50;1.00;1;1
13500;9970.67;50;0.94;1;1
13501;9433.04;50;1.00;1;1
13502;9921.80;50;0.94;1;1
13503;9433.04;50;0.99;1;1
13504;10019.55;50;0.94;1;1
13505;9433.04;50;1.00;1;1
13506;9970.67;50;0.94;1;1
13507;9384.16;50;1.00;1;1
13508;9726.29;50;0.94;1;1
13509;9286.41;50;0.97;1;1
13510;9775.17;50;0.93;1;1
13511;9335.29;50;0.98;1;1
13512;9824.05;50;0.93;1;1
13513;9433.04;50;0.98;1;1
13514;9824.05;50;0.94;1;1
13515;9335.29;50;0.98;1;1
13516;9921.80;50;0.93;1;1
13517;9433.04;50;0.99;1;1
13518;9970.67;50;0.94;1;1
13519;9579.67;50;1.00;1;1
13520;9970.67;50;0.96;1;1
13521;9433.04;50;1.00;1;1
13522;9921.80;50;0.94;1;1
13523;9237.54;50;0.99;1;1
13524;9921.80;50;0.92;1;1
13525;9384.16;50;0.99;1;1
13526;9921.80;50;0.94;1;1
13527;9433.04;50;0.99;1;1
13528;9970.67;50;0.94;1;1
13529;9286.41;50;1.00;1;1
13530;9824.05;50;0.93;1;1
13531;9384.16;50;0.98;1;1
13532;9775.17;50;0.94;1;1
13533;9335.29;50;0.98;1;1
13534;9775.17;50;0.93;1;1
13535;9335.29;50;0.98;1;1
13536;9921.80;50;0.93;1;1
13537;9384.16;50;0.99;1;1
13538;9872.92;50;0.94;1;1
13539;9237.54;50;0.99;1;1
13540;9824.05;50;0.92;1;1
13541;9286.41;50;0.98;1;1
13542;9921.80;50;0.93;1;1
13543;9286.41;50;0.99;1;1
13544;9824.05;50;0.93;1;1
13545;9139.79;50;0.98;1;1
13546;9775.17;50;0.91;1;1
13547;9139.79;50;0.98;1;1
13548;9824.05;50;0.91;1;1
13549;9335.29;50;0.98;1;1
13550;9775.17;50;0.93;1;1
13551;9286.41;50;0.98;1;1
13552;9775.17;50;0.93;1;1
13553;9237.54;50;0.98;1;1
13554;9775.17;50;0.92;1;1
13555;9188.66;50;0.98;1;1
13556;9726.29;50;0.92;1;1
13557;9139.79;50;0.97;1;1
13558;9775.17;50;0.91;1;1
13559;9237.54;50;0.98;1;1
13560;9775.17;50;0.92;1;1
13561;9188.66;50;0.98;1;1
13562;9775.17;50;0.92;1;1
13563;9237.54;50;0.98;1;1
13564;9872.92;50;0.92;1;1
13565;9237.54;50;0.99;1;1
13566;9824.05;50;0.92;1;1
13567;9188.66;50;0.98;1;1
13568;9824.05;50;0.92;1;1
13569;9237.54;50;0.98;1;1
13570;9824.05;50;0.92;1;1
13571;9237.54;50;0.98;1;1
13572;9824.05;50;0.92;1;1
13573;9188.66;50;0.98;1;1
13574;9726.29;50;0.92;1;1
13575;9139.79;50;0.97;1;1
13576;9726.29;50;0.91;1;1
13577;9188.66;50;0.97;1;1
13578;9824.05;50;0.92;1;1
13579;9188.66;50;0.98;1;1
13580;9775.17;50;0.92;1;1
13581;9237.54;50;0.98;1;1
13582;9872.92;50;0.92;1;1
13583;9188.66;50;0.99;1;1
13584;9628.54;50;0.92;1;1
13585;9090.91;50;0.96;1;1
13586;9872.92;50;0.91;1;1
13587;9237.54;50;0.99;1;1
13588;9872.92;50;0.92;1;1
13589;9286.41;50;0.99;1;1
13590;9921.80;50;0.93;1;1
13591;9335.29;50;0.99;1;1
13592;9921.80;50;0.93;1;1
13593;9286.41;50;0.99;1;1
13594;9921.80;50;0.93;1;1
13595;9237.54;50;0.99;1;1
13596;9921.80;50;0.92;1;1
13597;9286.41;50;0.99;1;1
13598;9872.92;50;0.93;1;1
13599;9286.41;50;0.99;1;1
13600;9824.05;50;0.93;1;1
13601;9237.54;50;0.98;1;1
13602;9921.80;50;0.92;1;1
13603;9237.54;50;0.99;1;1
13604;9824.05;50;0.92;1;1
13605;9286.41;50;0.98;1;1
13606;9921.80;50;0.93;1;1
13607;9335.29;50;0.99;1;1
13608;9970.67;50;0.93;1;1
13609;9286.41;50;1.00;1;1
13610;9921.80;50;0.93;1;1
13611;9384.16;50;0.99;1;1
13612;9970.67;50;0.94;1;1
13613;9335.29;50;1.00;1;1
13614;9921.80;50;0.93;1;1
13615;9237.54;50;0.99;1;1
13616;9921.80;50;0.92;1;1
13617;9335.29;50;0.99;1;1
13618;9970.67;50;0.93;1;1
13619;9286.41;50;1.00;1;1
13620;9824.05;50;0.93;1;1
13621;9237.54;50;0.98;1;1
13622;9872.92;50;0.92;1;1
13623;9433.04;50;0.99;1;1
13624;9970.67;50;0.94;1;1
13625;9433.04;50;1.00;1;1
13626;9872.92;50;0.94;1;1
13627;9433.04;50;0.99;1;1
13628;9921.80;50;0.94;1;1
13629;9433.04;50;0.99;1;1
13630;9921.80;50;0.94;1;1
13631;9481.92;50;0.99;1;1
13632;9921.80;50;0.95;1;1
13633;9433.04;50;0.99;1;1
13634;9872.92;50;0.94;1;1
13635;9433.04;50;0.99;1;1
13636;9872.92;50;0.94;1;1
13637;9433.04;50;0.99;1;1
13638;9824.05;50;0.94;1;1
13639;9481.92;50;0.98;1;1
13640;9775.17;50;0.95;1;1
13641;9384.16;50;0.98;1;1
13642;9775.17;50;0.94;1;1
13643;9335.29;50;0.98;1;1
13644;9677.42;50;0.93;1;1
13645;9433.04;50;0.97;1;1
13646;9726.29;50;0.94;1;1
13647;9481.92;50;0.97;1;1
13648;9579.67;50;0.95;1;1
13649;9481.92;50;0.96;1;1
13650;9628.54;50;0.95;1;1
13651;9530.79;50;0.96;1;1
13652;9579.67;50;0.95;1;1
13653;9530.79;50;0.96;1;1
13654;9530.79;50;0.95;1;1
13655;9628.54;50;0.95;1;1
13656;9677.42;50;0.96;1;1
13657;9433.04;50;0.97;1;1
13658;9579.67;50;0.94;1;1
13659;9481.92;50;0.96;1;1
13660;9628.54;50;0.95;1;1
13661;9481.92;50;0.96;1;1
13662;9433.04;50;0.95;1;1
13663;9530.79;50;0.94;1;1
13664;9530.79;50;0.95;1;1
13665;9530.79;50;0.95;1;1
13666;9384.16;50;0.95;1;1
13667;9481.92;50;0.94;1;1
13668;9335.29;50;0.95;1;1
13669;9433.04;50;0.93;1;1
13670;9237.54;50;0.94;1;1
13671;9481.92;50;0.92;1;1
13672;9286.41;50;0.95;1;1
13673;9384.16;50;0.93;1;1
13674;9090.91;50;0.94;1;1
13675;9433.04;50;0.91;1;1
13676;9188.66;50;0.94;1;1
13677;9481.92;50;0.92;1;1
13678;9188.66;50;0.95;1;1
13679;9481.92;50;0.92;1;1
13680;9237.54;50;0.95;1;1
13681;9579.67;50;0.92;1;1
13682;9188.66;50;0.96;1;1
13683;9530.79;50;0.92;1;1
13684;9139.79;50;0.95;1;1
13685;9481.92;50;0.91;1;1
13686;9139.79;50;0.95;1;1
13687;9579.67;50;0.91;1;1
13688;9237.54;50;0.96;1;1
13689;9481.92;50;0.92;1;1
13690;9042.03;50;0.95;1;1
13691;9530.79;50;0.90;1;1
13692;9188.66;50;0.95;1;1
13693;9628.54;50;0.92;1;1
13694;9139.79;50;0.96;1;1
13695;9628.54;50;0.91;1;1
13696;9139.79;50;0.96;1;1
13697;9677.42;50;0.91;1;1
13698;9042.03;50;0.97;1;1
13699;9677.42;50;0.90;1;1
13700;9090.91;50;0.97;1;1
13701;9628.54;50;0.91;1;1
13702;9139.79;50;0.96;1;1
13703;9677.42;50;0.91;1;1
13704;9139.79;50;0.97;1;1
13705;9677.42;50;0.91;1;1
13706;9090.91;50;0.97;1;1
13707;9677.42;50;0.91;1;1
13708;9090.91;50;0.97;1;1
13709;9726.29;50;0.91;1;1
13710;9188.66;50;0.97;1;1
13711;9726.29;50;0.92;1;1
13712;9139.79;50;0.97;1;1
13713;9726.29;50;0.91;1;1
13714;9188.66;50;0.97;1;1
13715;9726.29;50;0.92;1;1
13716;9090.91;50;0.97;1;1
13717;9775.17;50;0.91;1;1
13718;9188.66;50;0.98;1;1
13719;9775.17;50;0.92;1;1
13720;9139.79;50;0.98;1;1
13721;9775.17;50;0.91;1;1
13722;9286.41;50;0.98;1;1
13723;9824.05;50;0.93;1;1
13724;9237.54;50;0.98;1;1
13725;9872.92;50;0.92;1;1
13726;9286.41;50;0.99;1;1
13727;9921.80;50;0.93;1;1
13728;9286.41;50;0.99;1;1
13729;9921.80;50;0.93;1;1
13730;9335.29;50;0.99;1;1
13731;9775.17;50;0.93;1;1
13732;9237.54;50;0.98;1;1
13733;9872.92;50;0.92;1;1
13734;9335.29;50;0.99;1;1
13735;9872.92;50;0.93;1;1
13736;9335.29;50;0.99;1;1
13737;9872.92;50;0.93;1;1
13738;9384.16;50;0.99;1;1
13739;9824.05;50;0.94;1;1
13740;9384.16;50;0.98;1;1
13741;10019.55;50;0.94;1;1
13742;9579.67;50;1.00;1;1
13743;9921.80;50;0.96;1;1
13744;9530.79;50;0.99;1;1
13745;9824.05;50;0.95;1;1
13746;9384.16;50;0.98;1;1
13747;9775.17;50;0.94;1;1
13748;9335.29;50;0.98;1;1
13749;9628.54;50;0.93;1;1
13750;9335.29;50;0.96;1;1
13751;9628.54;50;0.93;1;1
13752;9433.04;50;0.96;1;1
13753;9579.67;50;0.94;1;1
13754;9481.92;50;0.96;1;1
13755;9530.79;50;0.95;1;1
13756;9481.92;50;0.95;1;1
13757;9481.92;50;0.95;1;1
13758;9481.92;50;0.95;1;1
13759;9481.92;50;0.95;1;1
13760;9579.67;50;0.95;1;1
13761;9481.92;50;0.96;1;1
13762;9433.04;50;0.95;1;1
13763;9579.67;50;0.94;1;1
13764;9433.04;50;0.96;1;1
13765;9530.79;50;0.94;1;1
13766;9433.04;50;0.95;1;1
13767;9481.92;50;0.94;1;1
13768;9530.79;50;0.95;1;1
13769;9726.29;50;0.95;1;1
13770;9530.79;50;0.97;1;1
13771;9726.29;50;0.95;1;1
13772;9530.79;50;0.97;1;1
13773;9726.29;50;0.95;1;1
13774;9579.67;50;0.97;1;1
13775;9726.29;50;0.96;1;1
13776;9579.67;50;0.97;1;1
13777;9628.54;50;0.96;1;1
13778;9628.54;50;0.96;1;1
13779;9628.54;50;0.96;1;1
13780;9726.29;50;0.96;1;1
13781;9579.67;50;0.97;1;1
13782;9677.42;50;0.96;1;1
13783;9481.92;50;0.97;1;1
13784;9628.54;50;0.95;1;1
13785;9530.79;50;0.96;1;1
13786;9726.29;50;0.95;1;1
13787;9481.92;50;0.97;1;1
13788;9726.29;50;0.95;1;1
13789;9481.92;50;0.97;1;1
13790;9677.42;50;0.95;1;1
13791;9433.04;50;0.97;1;1
13792;9677.42;50;0.94;1;1
13793;9384.16;50;0.97;1;1
13794;9677.42;50;0.94;1;1
13795;9384.16;50;0.97;1;1
13796;9726.29;50;0.94;1;1
13797;9384.16;50;0.97;1;1
13798;9677.42;50;0.94;1;1
13799;9384.16;50;0.97;1;1
13800;9481.92;50;0.94;1;1
13801;9237.54;50;0.95;1;1
13802;9530.79;50;0.92;1;1
13803;9286.41;50;0.95;1;1
13804;9579.67;50;0.93;1;1
13805;9237.54;50;0.96;1;1
13806;9579.67;50;0.92;1;1
13807;9237.54;50;0.96;1;1
13808;9628.54;50;0.92;1;1
13809;9188.66;50;0.96;1;1
13810;9579.67;50;0.92;1;1
13811;9188.66;50;0.96;1;1
13812;9579.67;50;0.92;1;1
13813;9188.66;50;0.96;1;1
13814;9579.67;50;0.92;1;1
13815;9433.04;50;0.96;1;1
13816;9628.54;50;0.94;1;1
13817;9139.79;50;0.96;1;1
13818;9481.92;50;0.91;1;1
13819;9139.79;50;0.95;1;1
13820;9481.92;50;0.91;1;1
13821;9188.66;50;0.95;1;1
13822;9677.42;50;0.92;1;1
13823;9237.54;50;0.97;1;1
13824;9726.29;50;0.92;1;1
13825;9286.41;50;0.97;1;1
13826;9628.54;50;0.93;1;1
13827;9335.29;50;0.96;1;1
13828;9775.17;50;0.93;1;1
13829;9335.29;50;0.98;1;1
13830;9726.29;50;0.93;1;1
13831;9139.79;50;0.97;1;1
13832;9579.67;50;0.91;1;1
13833;9139.79;50;0.96;1;1
13834;9628.54;50;0.91;1;1
13835;9139.79;50;0.96;1;1
13836;9579.67;50;0.91;1;1
13837;9042.03;50;0.96;1;1
13838;9775.17;50;0.90;1;1
13839;9188.66;50;0.98;1;1
13840;9579.67;50;0.92;1;1
13841;9139.79;50;0.96;1;1
13842;9775.17;50;0.91;1;1
13843;9335.29;50;0.98;1;1
13844;9824.05;50;0.93;1;1
13845;9286.41;50;0.98;1;1
13846;9824.05;50;0.93;1;1
13847;9237.54;50;0.98;1;1
13848;9872.92;50;0.92;1;1
13849;9335.29;50;0.99;1;1
13850;9775.17;50;0.93;1;1
13851;9384.16;50;0.98;1;1
13852;9970.67;50;0.94;1;1
13853;9384.16;50;1.00;1;1
13854;9921.80;50;0.94;1;1
13855;9188.66;50;0.99;1;1
13856;9775.17;50;0.92;1;1
13857;9188.66;50;0.98;1;1
13858;9824.05;50;0.92;1;1
13859;9286.41;50;0.98;1;1
13860;9726.29;50;0.93;1;1
13861;9188.66;50;0.97;1;1
13862;9872.92;50;0.92;1;1
13863;9188.66;50;0.99;1;1
13864;9921.80;50;0.92;1;1
13865;9237.54;50;0.99;1;1
13866;9775.17;50;0.92;1;1
13867;9188.66;50;0.98;1;1
13868;9824.05;50;0.92;1;1
13869;9188.66;50;0.98;1;1
13870;9872.92;50;0.92;1;1
13871;9286.41;50;0.99;1;1
13872;9970.67;50;0.93;1;1
13873;9433.04;50;1.00;1;1
13874;10019.55;50;0.94;1;1
13875;9384.16;50;1.00;1;1
13876;9824.05;50;0.94;1;1
13877;9286.41;50;0.98;1;1
13878;9921.80;50;0.93;1;1
13879;9286.41;50;0.99;1;1
13880;9921.80;50;0.93;1;1
13881;9286.41;50;0.99;1;1
13882;9921.80;50;0.93;1;1
13883;9188.66;50;0.99;1;1
13884;9921.80;50;0.92;1;1
13885;9335.29;50;0.99;1;1
13886;9921.80;50;0.93;1;1
13887;9286.41;50;0.99;1;1
13888;9921.80;50;0.93;1;1
13889;9286.41;50;0.99;1;1
13890;9872.92;50;0.93;1;1
13891;9237.54;50;0.99;1;1
13892;9921.80;50;0.92;1;1
13893;9237.54;50;0.99;1;1
13894;9726.29;50;0.92;1;1
13895;9090.91;50;0.97;1;1
13896;9775.17;50;0.91;1;1
13897;9188.66;50;0.98;1;1
13898;9824.05;50;0.92;1;1
13899;9335.29;50;0.98;1;1
13900;9824.05;50;0.93;1;1
13901;9090.91;50;0.98;1;1
13902;9677.42;50;0.91;1;1
13903;9188.66;50;0.97;1;1
13904;9824.05;50;0.92;1;1
13905;9188.66;50;0.98;1;1
13906;9775.17;50;0.92;1;1
13907;9139.79;50;0.98;1;1
13908;9824.05;50;0.91;1;1
13909;9090.91;50;0.98;1;1
13910;9726.29;50;0.91;1;1
13911;9188.66;50;0.97;1;1
13912;9872.92;50;0.92;1;1
13913;9139.79;50;0.99;1;1
13914;9726.29;50;0.91;1;1
13915;9188.66;50;0.97;1;1
13916;9726.29;50;0.92;1;1
13917;9188.66;50;0.97;1;1
13918;9726.29;50;0.92;1;1
13919;9188.66;50;0.97;1;1
13920;9677.42;50;0.92;1;1
13921;9090.91;50;0.97;1;1
13922;9677.42;50;0.91;1;1
13923;9139.79;50;0.97;1;1
13924;9677.42;50;0.91;1;1
13925;9090.91;50;0.97;1;1
13926;9775.17;50;0.91;1;1
13927;9139.79;50;0.98;1;1
13928;9824.05;50;0.91;1;1
13929;9188.66;50;0.98;1;1
13930;9726.29;50;0.92;1;1
13931;9188.66;50;0.97;1;1
13932;9677.42;50;0.92;1;1
13933;9188.66;50;0.97;1;1
13934;9677.42;50;0.92;1;1
13935;9188.66;50;0.97;1;1
13936;9726.29;50;0.92;1;1
13937;9237.54;50;0.97;1;1
13938;9726.29;50;0.92;1;1
13939;9188.66;50;0.97;1;1
13940;9726.29;50;0.92;1;1
13941;9139.79;50;0.97;1;1
13942;9481.92;50;0.91;1;1
13943;9237.54;50;0.95;1;1
13944;9481.92;50;0.92;1;1
13945;9188.66;50;0.95;1;1
13946;9530.79;50;0.92;1;1
13947;9188.66;50;0.95;1;1
13948;9530.79;50;0.92;1;1
13949;9139.79;50;0.95;1;1
13950;9530.79;50;0.91;1;1
13951;9237.54;50;0.95;1;1
13952;9481.92;50;0.92;1;1
13953;9286.41;50;0.95;1;1
13954;9481.92;50;0.93;1;1
13955;9286.41;50;0.95;1;1
13956;9530.79;50;0.93;1;1
13957;9237.54;50;0.95;1;1
13958;9579.67;50;0.92;1;1
13959;9237.54;50;0.96;1;1
13960;9530.79;50;0.92;1;1
13961;9433.04;50;0.95;1;1
13962;9579.67;50;0.94;1;1
13963;9335.29;50;0.96;1;1
13964;9530.79;50;0.93;1;1
13965;9237.54;50;0.95;1;1
13966;9579.67;50;0.92;1;1
13967;9237.54;50;0.96;1;1
13968;9579.67;50;0.92;1;1
13969;9335.29;50;0.96;1;1
13970;9530.79;50;0.93;1;1
13971;9237.54;50;0.95;1;1
13972;9921.80;50;0.92;1;1
13973;9384.16;50;0.99;1;1
13974;9628.54;50;0.94;1;1
13975;9286.41;50;0.96;1;1
13976;9628.54;50;0.93;1;1
13977;9433.04;50;0.96;1;1
13978;9579.67;50;0.94;1;1
13979;9433.04;50;0.96;1;1
13980;9775.17;50;0.94;1;1
13981;9628.54;50;0.98;1;1
13982;9677.42;50;0.96;1;1
13983;9628.54;50;0.97;1;1
13984;9677.42;50;0.96;1;1
13985;9481.92;50;0.97;1;1
13986;9481.92;50;0.95;1;1
13987;9481.92;50;0.95;1;1
13988;9579.67;50;0.95;1;1
13989;9530.79;50;0.96;1;1
13990;9433.04;50;0.95;1;1
13991;9579.67;50;0.94;1;1
13992;9384.16;50;0.96;1;1
13993;9677.42;50;0.94;1;1
13994;9579.67;50;0.97;1;1
13995;9677.42;50;0.96;1;1
13996;9481.92;50;0.97;1;1
13997;9628.54;50;0.95;1;1
13998;9433.04;50;0.96;1;1
13999;9677.42;50;0.94;1;1
14000;9384.16;50;0.97;1;1
14001;9726.29;50;0.94;1;1
14002;9335.29;50;0.97;1;1
14003;9628.54;50;0.93;1;1
14004;9335.29;50;0.96;1;1
14005;9677.42;50;0.93;1;1
14006;9286.41;50;0.97;1;1
14007;9677.42;50;0.93;1;1
14008;9286.41;50;0.97;1;1
14009;9677.42;50;0.93;1;1
14010;9286.41;50;0.97;1;1
14011;9677.42;50;0.93;1;1
14012;9188.66;50;0.97;1;1
14013;9628.54;50;0.92;1;1
14014;9237.54;50;0.96;1;1
14015;9726.29;50;0.92;1;1
14016;9237.54;50;0.97;1;1
14017;9726.29;50;0.92;1;1
14018;9139.79;50;0.97;1;1
14019;9726.29;50;0.91;1;1
14020;9139.79;50;0.97;1;1
14021;9628.54;50;0.91;1;1
14022;9237.54;50;0.96;1;1
14023;9824.05;50;0.92;1;1
14024;9042.03;50;0.98;1;1
14025;9677.42;50;0.90;1;1
14026;9090.91;50;0.97;1;1
14027;9628.54;50;0.91;1;1
14028;9139.79;50;0.96;1;1
14029;9775.17;50;0.91;1;1
14030;9090.91;50;0.98;1;1
14031;9628.54;50;0.91;1;1
14032;8993.16;50;0.96;1;1
14033;1876.83;50;0.90;1;0
14034;7487.78;50;0.19;1;0
14035;8015.64;50;0.75;1;0
14036;7487.78;50;0.80;1;0
14037;8015.64;50;0.75;1;0
14038;7653.96;50;0.80;1;0
14039;8093.84;50;0.77;1;0
14040;7644.18;50;0.81;1;0
14041;8103.62;50;0.76;1;0
14042;7595.31;50;0.81;1;0
14043;8035.19;50;0.76;1;0
14044;7536.66;50;0.80;1;0
14045;8054.74;50;0.75;1;0
14046;7517.11;50;0.81;1;0
14047;8074.29;50;0.75;1;0
14048;7507.33;50;0.81;1;0
14049;8035.19;50;0.75;1;0
14050;7526.88;50;0.80;1;0
14051;7966.76;50;0.75;1;0
14052;7526.88;50;0.80;1;0
14053;7927.66;50;0.75;1;0
14054;7536.66;50;0.79;1;0
14055;8054.74;50;0.75;1;0
14056;7507.33;50;0.81;1;0
14057;7966.76;50;0.75;1;0
14058;7497.56;50;0.80;1;0
14059;8035.19;50;0.75;1;0
14060;7517.11;50;0.80;1;0
14061;8142.72;50;0.75;1;0
14062;7683.28;50;0.81;1;0
14063;8142.72;50;0.77;1;0
14064;7585.53;50;0.81;1;0
14065;8132.94;50;0.76;1;0
14066;7624.63;50;0.81;1;0
14067;8172.04;50;0.76;1;0
14068;7497.56;50;0.82;1;0
14069;8123.17;50;0.75;1;0
14070;7634.41;50;0.81;1;0
14071;8074.29;50;0.76;1;0
14072;7565.98;50;0.81;1;0
14073;8093.84;50;0.76;1;0
14074;7595.31;50;0.81;1;0
14075;8123.17;50;0.76;1;0
14076;7614.86;50;0.81;1;0
14077;8074.29;50;0.76;1;0
14078;7614.86;50;0.81;1;0
14079;8093.84;50;0.76;1;0
14080;7634.41;50;0.81;1;0
14081;8035.19;50;0.76;1;0
14082;7575.76;50;0.80;1;0
14083;8103.62;50;0.76;1;0
14084;7663.73;50;0.81;1;0
14085;8152.49;50;0.77;1;0
14086;7663.73;50;0.82;1;0
14087;8260.02;50;0.77;1;0
14088;7644.18;50;0.83;1;0
14089;8250.24;50;0.76;1;0
14090;7849.46;50;0.83;1;0
14091;8201.37;50;0.78;1;0
14092;7732.16;50;0.82;1;0
14093;8240.47;50;0.77;1;0
14094;7800.59;50;0.82;1;0
14095;8338.22;50;0.78;1;0
14096;7839.69;50;0.83;1;0
14097;8357.77;50;0.78;1;0
14098;7722.39;50;0.84;1;0
14099;8260.02;50;0.77;1;0
14100;7878.79;50;0.83;1;0
14101;8201.37;50;0.79;1;0
14102;7712.61;50;0.82;1;0
14103;8220.92;50;0.77;1;0
14104;7702.83;50;0.82;1;0
14105;8269.79;50;0.77;1;0
14106;7702.83;50;0.83;1;0
14107;8201.37;50;0.77;1;0
14108;7702.83;50;0.82;1;0
14109;8201.37;50;0.77;1;0
14110;7712.61;50;0.82;1;0
14111;8211.14;50;0.77;1;0
14112;7732.16;50;0.82;1;0
14113;8250.24;50;0.77;1;0
14114;7702.83;50;0.83;1;0
14115;8220.92;50;0.77;1;0
14116;7702.83;50;0.82;1;0
14117;8230.69;50;0.77;1;0
14118;7732.16;50;0.82;1;0
14119;8181.82;50;0.77;1;0
14120;7732.16;50;0.82;1;0
14121;8230.69;50;0.77;1;0
14122;7800.59;50;0.82;1;0
14123;8289.35;50;0.78;1;0
14124;7722.39;50;0.83;1;0
14125;8240.47;50;0.77;1;0
14126;7605.08;50;0.82;1;0
14127;8123.17;50;0.76;1;0
14128;7585.53;50;0.81;1;0
14129;8123.17;50;0.76;1;0
14130;7605.08;50;0.81;1;0
14131;8054.74;50;0.76;1;0
14132;7644.18;50;0.81;1;0
14133;8103.62;50;0.76;1;0
14134;7693.06;50;0.81;1;0
14135;8054.74;50;0.77;1;0
14136;7761.49;50;0.81;1;0
14137;8103.62;50;0.78;1;0
14138;7634.41;50;0.81;1;0
14139;8123.17;50;0.76;1;0
14140;7556.21;50;0.81;1;0
14141;8044.97;50;0.76;1;0
14142;7565.98;50;0.80;1;0
14143;8005.87;50;0.76;1;0
14144;7751.71;50;0.80;1;0
14145;8054.74;50;0.78;1;0
14146;7565.98;50;0.81;1;0
14147;8132.94;50;0.76;1;0
14148;7624.63;50;0.81;1;0
14149;8015.64;50;0.76;1;0
14150;7546.43;50;0.80;1;0
14151;8044.97;50;0.75;1;0
14152;7575.76;50;0.80;1;0
14153;8064.52;50;0.76;1;0
14154;7614.86;50;0.81;1;0
14155;7986.31;50;0.76;1;0
14156;7565.98;50;0.80;1;0
14157;7966.76;50;0.76;1;0
14158;7565.98;50;0.80;1;0
14159;7937.44;50;0.76;1;0
14160;7565.98;50;0.79;1;0
14161;7986.31;50;0.76;1;0
14162;7585.53;50;0.80;1;0
14163;7917.89;50;0.76;1;0
14164;7644.18;50;0.79;1;0
14165;7996.09;50;0.76;1;0
14166;7722.39;50;0.80;1;0
14167;8015.64;50;0.77;1;0
14168;7605.08;50;0.80;1;0
14169;7966.76;50;0.76;1;0
14170;7702.83;50;0.80;1;0
14171;8113.39;50;0.77;1;0
14172;7683.28;50;0.81;1;0
14173;8054.74;50;0.77;1;0
14174;7585.53;50;0.81;1;0
14175;8015.64;50;0.76;1;0
14176;7624.63;50;0.80;1;0
14177;8064.52;50;0.76;1;0
14178;7624.63;50;0.81;1;0
14179;8064.52;50;0.76;1;0
14180;7722.39;50;0.81;1;0
14181;8005.87;50;0.77;1;0
14182;7702.83;50;0.80;1;0
14183;7996.09;50;0.77;1;0
14184;7790.81;50;0.80;1;0
14185;8181.82;50;0.78;1;0
14186;7927.66;50;0.82;1;0
14187;8132.94;50;0.79;1;0
14188;7849.46;50;0.81;1;0
14189;8123.17;50;0.78;1;0
14190;7947.21;50;0.81;1;0
14191;8113.39;50;0.79;1;0
14192;8044.97;50;0.81;1;0
14193;8054.74;50;0.80;1;0
14194;7771.26;50;0.81;1;0
14195;8015.64;50;0.78;1;0
14196;7751.71;50;0.80;1;0
14197;7966.76;50;0.78;1;0
14198;7781.04;50;0.80;1;0
14199;7996.09;50;0.78;1;0
14200;7820.14;50;0.80;1;0
14201;7917.89;50;0.78;1;0
14202;7829.91;50;0.79;1;0
14203;7927.66;50;0.78;1;0
14204;7820.14;50;0.79;1;0
14205;7859.24;50;0.78;1;0
14206;7820.14;50;0.79;1;0
14207;7966.76;50;0.78;1;0
14208;7966.76;50;0.80;1;0
14209;7908.11;50;0.80;1;0
14210;8005.87;50;0.79;1;0
14211;7849.46;50;0.80;1;0
14212;8015.64;50;0.78;1;0
14213;7888.56;50;0.80;1;0
14214;8103.62;50;0.79;1;0
14215;7771.26;50;0.81;1;0
14216;8054.74;50;0.78;1;0
14217;7888.56;50;0.81;1;0
14218;8015.64;50;0.79;1;0
14219;7908.11;50;0.80;1;0
14220;8093.84;50;0.79;1;0
14221;7829.91;50;0.81;1;0
14222;8113.39;50;0.78;1;0
14223;7790.81;50;0.81;1;0
14224;8103.62;50;0.78;1;0
14225;7741.94;50;0.81;1;0
14226;8201.37;50;0.77;1;0
14227;7722.39;50;0.82;1;0
14228;8132.94;50;0.77;1;0
14229;7751.71;50;0.81;1;0
14230;8103.62;50;0.78;1;0
14231;7751.71;50;0.81;1;0
14232;8074.29;50;0.78;1;0
14233;7751.71;50;0.81;1;0
14234;8220.92;50;0.78;1;0
14235;7732.16;50;0.82;1;0
14236;8044.97;50;0.77;1;0
14237;7663.73;50;0.80;1;0
14238;8162.27;50;0.77;1;0
14239;7771.26;50;0.82;1;0
14240;8123.17;50;0.78;1;0
14241;7683.28;50;0.81;1;0
14242;8044.97;50;0.77;1;0
14243;7683.28;50;0.80;1;0
14244;8201.37;50;0.77;1;0
14245;7790.81;50;0.82;1;0
14246;8289.35;50;0.78;1;0
14247;7732.16;50;0.83;1;0
14248;8123.17;50;0.77;1;0
14249;7673.51;50;0.81;1;0
14250;8074.29;50;0.77;1;0
14251;7663.73;50;0.81;1;0
14252;8142.72;50;0.77;1;0
14253;7712.61;50;0.81;1;0
14254;8015.64;50;0.77;1;0
14255;7800.59;50;0.80;1;0
14256;8015.64;50;0.78;1;0
14257;7565.98;50;0.80;1;0
14258;8044.97;50;0.76;1;0
14259;7663.73;50;0.80;1;0
14260;8201.37;50;0.77;1;0
14261;7741.94;50;0.82;1;0
14262;8240.47;50;0.77;1;0
14263;7683.28;50;0.82;1;0
14264;8152.49;50;0.77;1;0
14265;7751.71;50;0.82;1;0
14266;8113.39;50;0.78;1;0
14267;7751.71;50;0.81;1;0
14268;8211.14;50;0.78;1;0
14269;7839.69;50;0.82;1;0
14270;8181.82;50;0.78;1;0
14271;7712.61;50;0.82;1;0
14272;8074.29;50;0.77;1;0
14273;7614.86;50;0.81;1;0
14274;8093.84;50;0.76;1;0
14275;7732.16;50;0.81;1;0
14276;8084.07;50;0.77;1;0
14277;7624.63;50;0.81;1;0
14278;8074.29;50;0.76;1;0
14279;7614.86;50;0.81;1;0
14280;8123.17;50;0.76;1;0
14281;7595.31;50;0.81;1;0
14282;8093.84;50;0.76;1;0
14283;7546.43;50;0.81;1;0
14284;8064.52;50;0.75;1;0
14285;7663.73;50;0.81;1;0
14286;8054.74;50;0.77;1;0
14287;7771.26;50;0.81;1;0
14288;8123.17;50;0.78;1;0
14289;7653.96;50;0.81;1;0
14290;8142.72;50;0.77;1;0
14291;7653.96;50;0.81;1;0
14292;8084.07;50;0.77;1;0
14293;7595.31;50;0.81;1;0
14294;8113.39;50;0.76;1;0
14295;7595.31;50;0.81;1;0
14296;8123.17;50;0.76;1;0
14297;7634.41;50;0.81;1;0
14298;8005.87;50;0.76;1;0
14299;7536.66;50;0.80;1;0
14300;8103.62;50;0.75;1;0
14301;7585.53;50;0.81;1;0
14302;8162.27;50;0.76;1;0
14303;7722.39;50;0.82;1;0
14304;8211.14;50;0.77;1;0
14305;7653.96;50;0.82;1;0
14306;8132.94;50;0.77;1;0
14307;7683.28;50;0.81;1;0
14308;8211.14;50;0.77;1;0
14309;7644.18;50;0.82;1;0
14310;8338.22;50;0.76;1;0
14311;7741.94;50;0.83;1;0
14312;8230.69;50;0.77;1;0
14313;7771.26;50;0.82;1;0
14314;8299.12;50;0.78;1;0
14315;7839.69;50;0.83;1;0
14316;8318.67;50;0.78;1;0
14317;7829.91;50;0.83;1;0
14318;8260.02;50;0.78;1;0
14319;7829.91;50;0.83;1;0
14320;8338.22;50;0.78;1;0
14321;7820.14;50;0.83;1;0
14322;8396.87;50;0.78;1;0
14323;7683.28;50;0.84;1;0
14324;8357.77;50;0.77;1;0
14325;7741.94;50;0.84;1;0
14326;8211.14;50;0.77;1;0
14327;7732.16;50;0.82;1;0
14328;8191.59;50;0.77;1;0
14329;7722.39;50;0.82;1;0
14330;8279.57;50;0.77;1;0
14331;7849.46;50;0.83;1;0
14332;8318.67;50;0.78;1;0
14333;7693.06;50;0.83;1;0
14334;8240.47;50;0.77;1;0
14335;7829.91;50;0.82;1;0
14336;8220.92;50;0.78;1;0
14337;7702.83;50;0.82;1;0
14338;8240.47;50;0.77;1;0
14339;7751.71;50;0.82;1;0
14340;8181.82;50;0.78;1;0
14341;7732.16;50;0.82;1;0
14342;8279.57;50;0.77;1;0
14343;7751.71;50;0.83;1;0
14344;8279.57;50;0.78;1;0
14345;7702.83;50;0.83;1;0
14346;8269.79;50;0.77;1;0
14347;7693.06;50;0.83;1;0
14348;8162.27;50;0.77;1;0
14349;7712.61;50;0.82;1;0
14350;8279.57;50;0.77;1;0
14351;7732.16;50;0.83;1;0
14352;8211.14;50;0.77;1;0
14353;7644.18;50;0.82;1;0
14354;8172.04;50;0.76;1;0
14355;7683.28;50;0.82;1;0
14356;8172.04;50;0.77;1;0
14357;7732.16;50;0.82;1;0
14358;8279.57;50;0.77;1;0
14359;7771.26;50;0.83;1;0
14360;8191.59;50;0.78;1;0
14361;7751.71;50;0.82;1;0
14362;8172.04;50;0.78;1;0
14363;7693.06;50;0.82;1;0
14364;8132.94;50;0.77;1;0
14365;7663.73;50;0.81;1;0
14366;8181.82;50;0.77;1;0
14367;7712.61;50;0.82;1;0
14368;8220.92;50;0.77;1;0
14369;7751.71;50;0.82;1;0
14370;8220.92;50;0.78;1;0
14371;7741.94;50;0.82;1;0
14372;8103.62;50;0.77;1;0
14373;7653.96;50;0.81;1;0
14374;8035.19;50;0.77;1;0
14375;7634.41;50;0.80;1;0
14376;8044.97;50;0.76;1;0
14377;7712.61;50;0.80;1;0
14378;8172.04;50;0.77;1;0
14379;7829.91;50;0.82;1;0
14380;8093.84;50;0.78;1;0
14381;7790.81;50;0.81;1;0
14382;8074.29;50;0.78;1;0
14383;7741.94;50;0.81;1;0
14384;8074.29;50;0.77;1;0
14385;7644.18;50;0.81;1;0
14386;8054.74;50;0.76;1;0
14387;7605.08;50;0.81;1;0
14388;7986.31;50;0.76;1;0
14389;7644.18;50;0.80;1;0
14390;7947.21;50;0.76;1;0
14391;7595.31;50;0.79;1;0
14392;7947.21;50;0.76;1;0
14393;7673.51;50;0.79;1;0
14394;7996.09;50;0.77;1;0
14395;7722.39;50;0.80;1;0
14396;7927.66;50;0.77;1;0
14397;7673.51;50;0.79;1;0
14398;7966.76;50;0.77;1;0
14399;7781.04;50;0.80;1;0
14400;8035.19;50;0.78;1;0
14401;7663.73;50;0.80;1;0
14402;7996.09;50;0.77;1;0
14403;7673.51;50;0.80;1;0
14404;7908.11;50;0.77;1;0
14405;7683.28;50;0.79;1;0
14406;7917.89;50;0.77;1;0
14407;7712.61;50;0.79;1;0
14408;7888.56;50;0.77;1;0
14409;7663.73;50;0.79;1;0
14410;7966.76;50;0.77;1;0
14411;7693.06;50;0.80;1;0
14412;8015.64;50;0.77;1;0
14413;7751.71;50;0.80;1;0
14414;8005.87;50;0.78;1;0
14415;7820.14;50;0.80;1;0
14416;8035.19;50;0.78;1;0
14417;7732.16;50;0.80;1;0
14418;7966.76;50;0.77;1;0
14419;7800.59;50;0.80;1;0
14420;7878.79;50;0.78;1;0
14421;7644.18;50;0.79;1;0
14422;7976.54;50;0.76;1;0
14423;7712.61;50;0.80;1;0
14424;7917.89;50;0.77;1;0
14425;7878.79;50;0.79;1;0
14426;7996.09;50;0.79;1;0
14427;7937.44;50;0.80;1;0
14428;8044.97;50;0.79;1;0
14429;7908.11;50;0.80;1;0
14430;7917.89;50;0.79;1;0
14431;7878.79;50;0.79;1;0
14432;7956.99;50;0.79;1;0
14433;7927.66;50;0.80;1;0
14434;8093.84;50;0.79;1;0
14435;7790.81;50;0.81;1;0
14436;7927.66;50;0.78;1;0
14437;7839.69;50;0.79;1;0
14438;7898.34;50;0.78;1;0
14439;8005.87;50;0.79;1;0
14440;7996.09;50;0.80;1;0
14441;7956.99;50;0.80;1;0
14442;7996.09;50;0.80;1;0
14443;8064.52;50;0.80;1;0
14444;8035.19;50;0.81;1;0
14445;7956.99;50;0.80;1;0
14446;7937.44;50;0.80;1;0
14447;8054.74;50;0.79;1;0
14448;7996.09;50;0.81;1;0
14449;8103.62;50;0.80;1;0
14450;8035.19;50;0.81;1;0
14451;8201.37;50;0.80;1;0
14452;7956.99;50;0.82;1;0
14453;8191.59;50;0.80;1;0
14454;7937.44;50;0.82;1;0
14455;8142.72;50;0.79;1;0
14456;7869.01;50;0.81;1;0
14457;8152.49;50;0.79;1;0
14458;7937.44;50;0.82;1;0
14459;8025.42;50;0.79;1;0
14460;8084.07;50;0.80;1;0
14461;8093.84;50;0.81;1;0
14462;8064.52;50;0.81;1;0
14463;8211.14;50;0.81;1;0
14464;8240.47;50;0.82;1;0
14465;8015.64;50;0.82;1;0
14466;8132.94;50;0.80;1;0
14467;8064.52;50;0.81;1;0
14468;8064.52;50;0.81;1;0
14469;8044.97;50;0.81;1;0
14470;7956.99;50;0.80;1;0
14471;7829.91;50;0.80;1;0
14472;7878.79;50;0.78;1;0
14473;7751.71;50;0.79;1;0
14474;7956.99;50;0.78;1;0
14475;7751.71;50;0.80;1;0
14476;7898.34;50;0.78;1;0
14477;7878.79;50;0.79;1;0
14478;7908.11;50;0.79;1;0
14479;7917.89;50;0.79;1;0
14480;7878.79;50;0.79;1;0
14481;7927.66;50;0.79;1;0
14482;7849.46;50;0.79;1;0
14483;7898.34;50;0.78;1;0
14484;7956.99;50;0.79;1;0
14485;7829.91;50;0.80;1;0
14486;7966.76;50;0.78;1;0
14487;7898.34;50;0.80;1;0
14488;7927.66;50;0.79;1;0
14489;7927.66;50;0.79;1;0
14490;7859.24;50;0.79;1;0
14491;7908.11;50;0.79;1;0
14492;7956.99;50;0.79;1;0
14493;7898.34;50;0.80;1;0
14494;7820.14;50;0.79;1;0
14495;7956.99;50;0.78;1;0
14496;7741.94;50;0.80;1;0
14497;7810.36;50;0.77;1;0
14498;7849.46;50;0.78;1;0
14499;7869.01;50;0.78;1;0
14500;7820.14;50;0.79;1;0
14501;7976.54;50;0.78;1;0
14502;7839.69;50;0.80;1;0
14503;7859.24;50;0.78;1;0
14504;7751.71;50;0.79;1;0
14505;7888.56;50;0.78;1;0
14506;7732.16;50;0.79;1;0
14507;7956.99;50;0.77;1;0
14508;7771.26;50;0.80;1;0
14509;7888.56;50;0.78;1;0
14510;7829.91;50;0.79;1;0
14511;7927.66;50;0.78;1;0
14512;7781.04;50;0.79;1;0
14513;7986.31;50;0.78;1;0
14514;7771.26;50;0.80;1;0
14515;8338.22;50;0.78;1;0
14516;8054.74;50;0.83;1;0
14517;8387.10;50;0.81;1;0
14518;8132.94;50;0.84;1;0
14519;8416.42;50;0.81;1;0
14520;8132.94;50;0.84;1;0
14521;8494.62;50;0.81;1;0
14522;8123.17;50;0.85;1;0
14523;8455.52;50;0.81;1;0
14524;8035.19;50;0.85;1;0
14525;8533.72;50;0.80;1;0
14526;8074.29;50;0.85;1;0
14527;8514.17;50;0.81;1;0
14528;8054.74;50;0.85;1;0
14529;8445.75;50;0.81;1;0
14530;7976.54;50;0.84;1;0
14531;8543.50;50;0.80;1;0
14532;8064.52;50;0.85;1;0
14533;8494.62;50;0.81;1;0
14534;7986.31;50;0.85;1;0
14535;8416.42;50;0.80;1;0
14536;8005.87;50;0.84;1;0
14537;8455.52;50;0.80;1;0
14538;8025.42;50;0.85;1;0
14539;8445.75;50;0.80;1;0
14540;8005.87;50;0.84;1;0
14541;8514.17;50;0.80;1;0
14542;8074.29;50;0.85;1;0
14543;8709.68;50;0.81;1;0
14544;8015.64;50;0.87;1;0
14545;8445.75;50;0.80;1;0
14546;7927.66;50;0.84;1;0
14547;8475.07;50;0.79;1;0
14548;7966.76;50;0.85;1;0
14549;8523.95;50;0.80;1;0
14550;8025.42;50;0.85;1;0
14551;8592.38;50;0.80;1;0
14552;7947.21;50;0.86;1;0
14553;8582.60;50;0.79;1;0
14554;7986.31;50;0.86;1;0
14555;8563.05;50;0.80;1;0
14556;7966.76;50;0.86;1;0
14557;8563.05;50;0.80;1;0
14558;8005.87;50;0.86;1;0
14559;8631.48;50;0.80;1;0
14560;8074.29;50;0.86;1;0
14561;8641.25;50;0.81;1;0
14562;8025.42;50;0.86;1;0
14563;8611.93;50;0.80;1;0
14564;8064.52;50;0.86;1;0
14565;8729.23;50;0.81;1;0
14566;8054.74;50;0.87;1;0
14567;8719.45;50;0.81;1;0
14568;8044.97;50;0.87;1;0
14569;8651.03;50;0.80;1;0
14570;8132.94;50;0.87;1;0
14571;8709.68;50;0.81;1;0
14572;8123.17;50;0.87;1;0
14573;8699.90;50;0.81;1;0
14574;8044.97;50;0.87;1;0
14575;8690.13;50;0.80;1;0
14576;8044.97;50;0.87;1;0
14577;8690.13;50;0.80;1;0
14578;8035.19;50;0.87;1;0
14579;8680.35;50;0.80;1;0
14580;8044.97;50;0.87;1;0
14581;8787.88;50;0.80;1;0
14582;8123.17;50;0.88;1;0
14583;8709.68;50;0.81;1;0
14584;8220.92;50;0.87;1;0
14585;8778.10;50;0.82;1;0
14586;8181.82;50;0.88;1;0
14587;8729.23;50;0.82;1;0
14588;8279.57;50;0.87;1;0
14589;8758.55;50;0.83;1;0
14590;8172.04;50;0.88;1;0
14591;8934.51;50;0.82;1;0
14592;8279.57;50;0.89;1;0
14593;8807.43;50;0.83;1;0
14594;8269.79;50;0.88;1;0
14595;8836.75;50;0.83;1;0
14596;8172.04;50;0.88;1;0
14597;8680.35;50;0.82;1;0
14598;8103.62;50;0.87;1;0
14599;8680.35;50;0.81;1;0
14600;8103.62;50;0.87;1;0
14601;8787.88;50;0.81;1;0
14602;8211.14;50;0.88;1;0
14603;8797.65;50;0.82;1;0
14604;8064.52;50;0.88;1;0
14605;8651.03;50;0.81;1;0
14606;8211.14;50;0.87;1;0
14607;8807.43;50;0.82;1;0
14608;8230.69;50;0.88;1;0
14609;8690.13;50;0.82;1;0
14610;8220.92;50;0.87;1;0
14611;8631.48;50;0.82;1;0
14612;8035.19;50;0.86;1;0
14613;8719.45;50;0.80;1;0
14614;8103.62;50;0.87;1;0
14615;8768.33;50;0.81;1;0
14616;8211.14;50;0.88;1;0
14617;8787.88;50;0.82;1;0
14618;8084.07;50;0.88;1;0
14619;8690.13;50;0.81;1;0
14620;8074.29;50;0.87;1;0
14621;8729.23;50;0.81;1;0
14622;8113.39;50;0.87;1;0
14623;8846.53;50;0.81;1;0
14624;8123.17;50;0.88;1;0
14625;8797.65;50;0.81;1;0
14626;9941.35;50;0.88;1;0
14627;14271.75;50;0.99;1;1
14628;21700.88;50;1.43;1;1
14629;12854.35;50;2.17;1;1
14630;12903.23;50;1.29;1;1
14631;14711.63;50;1.29;1;1
14632;14174.00;50;1.47;1;1
14633;13440.86;50;1.42;1;1
14634;9824.05;50;1.34;1;1
14635;10312.81;50;0.98;1;1
14636;9726.29;50;1.03;1;1
14637;10312.81;50;0.97;1;1
14638;9677.42;50;1.03;1;1
14639;10312.81;50;0.97;1;1
14640;9824.05;50;1.03;1;1
14641;10557.18;50;0.98;1;1
14642;9775.17;50;1.06;1;1
14643;10508.31;50;0.98;1;1
14644;9775.17;50;1.05;1;1
14645;10654.94;50;0.98;1;1
14646;9775.17;50;1.07;1;1
14647;10361.68;50;0.98;1;1
14648;12121.21;50;1.04;1;1
14649;15053.76;50;1.21;1;1
14650;9677.42;50;1.51;1;1
14651;10459.43;50;0.97;1;1
14652;9921.80;50;1.05;1;1
14653;10606.06;50;0.99;1;1
14654;9921.80;50;1.06;1;1
14655;10508.31;50;0.99;1;1
14656;9824.05;50;1.05;1;1
14657;10606.06;50;0.98;1;1
14658;9824.05;50;1.06;1;1
14659;10459.43;50;0.98;1;1
14660;9677.42;50;1.05;1;1
14661;10361.68;50;0.97;1;1
14662;9872.92;50;1.04;1;1
14663;10557.18;50;0.99;1;1
14664;9921.80;50;1.06;1;1
14665;11241.45;50;0.99;1;1
14666;10654.94;50;1.12;1;1
14667;11290.32;50;1.07;1;1
14668;10606.06;50;1.13;1;1
14669;11241.45;50;1.06;1;1
14670;10606.06;50;1.12;1;1
14671;11241.45;50;1.06;1;1
14672;10606.06;50;1.12;1;1
14673;11192.57;50;1.06;1;1
14674;10508.31;50;1.12;1;1
14675;11192.57;50;1.05;1;1
14676;10557.18;50;1.12;1;1
14677;11192.57;50;1.06;1;1
14678;10361.68;50;1.12;1;1
14679;11192.57;50;1.04;1;1
14680;10459.43;50;1.12;1;1
14681;11094.82;50;1.05;1;1
14682;10410.56;50;1.11;1;1
14683;11241.45;50;1.04;1;1
14684;10410.56;50;1.12;1;1
14685;11192.57;50;1.04;1;1
14686;10410.56;50;1.12;1;1
14687;11388.07;50;1.04;1;1
14688;10654.94;50;1.14;1;1
14689;11388.07;50;1.07;1;1
14690;10557.18;50;1.14;1;1
14691;11388.07;50;1.06;1;1
14692;10752.69;50;1.14;1;1
14693;11388.07;50;1.08;1;1
14694;10703.81;50;1.14;1;1
14695;11436.95;50;1.07;1;1
14696;10801.56;50;1.14;1;1
14697;11534.70;50;1.08;1;1
14698;10752.69;50;1.15;1;1
14699;11730.21;50;1.08;1;1
14700;11143.70;50;1.17;1;1
14701;11779.08;50;1.11;1;1
14702;11143.70;50;1.18;1;1
14703;11827.96;50;1.11;1;1
14704;11094.82;50;1.18;1;1
14705;11925.71;50;1.11;1;1
14706;11339.20;50;1.19;1;1
14707;12218.96;50;1.13;1;1
14708;11485.83;50;1.22;1;1
14709;12072.34;50;1.15;1;1
14710;11534.70;50;1.21;1;1
14711;11974.58;50;1.15;1;1
14712;11388.07;50;1.20;1;1
14713;11925.71;50;1.14;1;1
14714;11388.07;50;1.19;1;1
14715;12170.09;50;1.14;1;1
14716;11339.20;50;1.22;1;1
14717;11730.21;50;1.13;1;1
14718;11143.70;50;1.17;1;1
14719;11925.71;50;1.11;1;1
14720;11094.82;50;1.19;1;1
14721;12023.46;50;1.11;1;1
14722;11388.07;50;1.20;1;1
14723;11925.71;50;1.14;1;1
14724;11339.20;50;1.19;1;1
14725;11974.58;50;1.13;1;1
14726;11241.45;50;1.20;1;1
14727;12121.21;50;1.12;1;1
14728;11339.20;50;1.21;1;1
14729;12023.46;50;1.13;1;1
14730;11339.20;50;1.20;1;1
14731;11827.96;50;1.13;1;1
14732;11290.32;50;1.18;1;1
14733;11974.58;50;1.13;1;1
14734;11290.32;50;1.20;1;1
14735;11779.08;50;1.13;1;1
14736;11192.57;50;1.18;1;1
14737;11681.33;50;1.12;1;1
14738;11143.70;50;1.17;1;1
14739;11876.83;50;1.11;1;1
14740;11143.70;50;1.19;1;1
14741;11974.58;50;1.11;1;1
14742;11241.45;50;1.20;1;1
14743;11925.71;50;1.12;1;1
14744;11143.70;50;1.19;1;1
14745;11925.71;50;1.11;1;1
14746;11339.20;50;1.19;1;1
14747;11974.58;50;1.13;1;1
14748;11241.45;50;1.20;1;1
14749;11925.71;50;1.12;1;1
14750;11241.45;50;1.19;1;1
14751;12072.34;50;1.12;1;1
14752;11388.07;50;1.21;1;1
14753;11974.58;50;1.14;1;1
14754;11339.20;50;1.20;1;1
14755;11827.96;50;1.13;1;1
14756;11241.45;50;1.18;1;1
14757;11779.08;50;1.12;1;1
14758;11339.20;50;1.18;1;1
14759;11974.58;50;1.13;1;1
14760;11436.95;50;1.20;1;1
14761;12023.46;50;1.14;1;1
14762;11241.45;50;1.20;1;1
14763;11827.96;50;1.12;1;1
14764;11094.82;50;1.18;1;1
14765;11534.70;50;1.11;1;1
14766;11045.94;50;1.15;1;1
14767;11534.70;50;1.10;1;1
14768;11094.82;50;1.15;1;1
14769;11583.58;50;1.11;1;1
14770;11192.57;50;1.16;1;1
14771;11681.33;50;1.12;1;1
14772;11339.20;50;1.17;1;1
14773;11681.33;50;1.13;1;1
14774;11290.32;50;1.17;1;1
14775;11632.45;50;1.13;1;1
14776;11045.94;50;1.16;1;1
14777;11290.32;50;1.10;1;1
14778;11045.94;50;1.13;1;1
14779;11388.07;50;1.10;1;1
14780;11143.70;50;1.14;1;1
14781;11290.32;50;1.11;1;1
14782;11241.45;50;1.13;1;1
14783;11388.07;50;1.12;1;1
14784;11241.45;50;1.14;1;1
14785;11388.07;50;1.12;1;1
14786;11339.20;50;1.14;1;1
14787;11290.32;50;1.13;1;1
14788;11192.57;50;1.13;1;1
14789;10997.07;50;1.12;1;1
14790;11290.32;50;1.10;1;1
14791;11339.20;50;1.13;1;1
14792;11534.70;50;1.13;1;1
14793;11485.83;50;1.15;1;1
14794;11388.07;50;1.15;1;1
14795;11388.07;50;1.14;1;1
14796;11485.83;50;1.14;1;1
14797;11290.32;50;1.15;1;1
14798;11632.45;50;1.13;1;1
14799;11583.58;50;1.16;1;1
14800;11534.70;50;1.16;1;1
14801;11339.20;50;1.15;1;1
14802;11485.83;50;1.13;1;1
14803;11436.95;50;1.15;1;1
14804;11534.70;50;1.14;1;1
14805;11388.07;50;1.15;1;1
14806;11779.08;50;1.14;1;1
14807;11485.83;50;1.18;1;1
14808;11632.45;50;1.15;1;1
14809;11436.95;50;1.16;1;1
14810;11681.33;50;1.14;1;1
14811;11241.45;50;1.17;1;1
14812;11583.58;50;1.12;1;1
14813;11290.32;50;1.16;1;1
14814;11681.33;50;1.13;1;1
14815;11388.07;50;1.17;1;1
14816;11779.08;50;1.14;1;1
14817;11436.95;50;1.18;1;1
14818;11779.08;50;1.14;1;1
14819;11485.83;50;1.18;1;1
14820;11730.21;50;1.15;1;1
14821;11436.95;50;1.17;1;1
14822;11779.08;50;1.14;1;1
14823;11485.83;50;1.18;1;1
14824;11779.08;50;1.15;1;1
14825;11534.70;50;1.18;1;1
14826;11730.21;50;1.15;1;1
14827;11583.58;50;1.17;1;1
14828;11827.96;50;1.16;1;1
14829;11485.83;50;1.18;1;1
14830;11779.08;50;1.15;1;1
14831;11290.32;50;1.18;1;1
14832;11534.70;50;1.13;1;1
14833;11485.83;50;1.15;1;1
14834;11779.08;50;1.15;1;1
14835;11485.83;50;1.18;1;1
14836;11876.83;50;1.15;1;1
14837;11339.20;50;1.19;1;1
14838;11681.33;50;1.13;1;1
14839;11241.45;50;1.17;1;1
14840;11779.08;50;1.12;1;1
14841;11290.32;50;1.18;1;1
14842;11632.45;50;1.13;1;1
14843;11241.45;50;1.16;1;1
14844;11485.83;50;1.12;1;1
14845;11045.94;50;1.15;1;1
14846;11534.70;50;1.10;1;1
14847;11094.82;50;1.15;1;1
14848;11583.58;50;1.11;1;1
14849;11192.57;50;1.16;1;1
14850;11534.70;50;1.12;1;1
14851;11143.70;50;1.15;1;1
14852;11436.95;50;1.11;1;1
14853;11241.45;50;1.14;1;1
14854;11583.58;50;1.12;1;1
14855;11241.45;50;1.16;1;1
14856;11485.83;50;1.12;1;1
14857;11192.57;50;1.15;1;1
14858;11485.83;50;1.12;1;1
14859;11094.82;50;1.15;1;1
14860;11290.32;50;1.11;1;1
14861;11192.57;50;1.13;1;1
14862;11485.83;50;1.12;1;1
14863;11485.83;50;1.15;1;1
14864;11632.45;50;1.15;1;1
14865;11388.07;50;1.16;1;1
14866;11632.45;50;1.14;1;1
14867;11339.20;50;1.16;1;1
14868;11485.83;50;1.13;1;1
14869;11436.95;50;1.15;1;1
14870;11876.83;50;1.14;1;1
14871;11436.95;50;1.19;1;1
14872;11730.21;50;1.14;1;1
14873;11485.83;50;1.17;1;1
14874;11730.21;50;1.15;1;1
14875;11632.45;50;1.17;1;1
14876;11827.96;50;1.16;1;1
14877;11534.70;50;1.18;1;1
14878;11730.21;50;1.15;1;1
14879;11583.58;50;1.17;1;1
14880;11876.83;50;1.16;1;1
14881;11681.33;50;1.19;1;1
14882;11827.96;50;1.17;1;1
14883;11388.07;50;1.18;1;1
14884;11632.45;50;1.14;1;1
14885;11290.32;50;1.16;1;1
14886;11534.70;50;1.13;1;1
14887;11241.45;50;1.15;1;1
14888;11534.70;50;1.12;1;1
14889;11436.95;50;1.15;1;1
14890;11632.45;50;1.14;1;1
14891;11436.95;50;1.16;1;1
14892;11779.08;50;1.14;1;1
14893;11192.57;50;1.18;1;1
14894;11534.70;50;1.12;1;1
14895;11241.45;50;1.15;1;1
14896;11632.45;50;1.12;1;1
14897;11143.70;50;1.16;1;1
14898;11632.45;50;1.11;1;1
14899;11045.94;50;1.16;1;1
14900;11681.33;50;1.10;1;1
14901;11094.82;50;1.17;1;1
14902;11436.95;50;1.11;1;1
14903;10997.07;50;1.14;1;1
14904;11779.08;50;1.10;1;1
14905;11241.45;50;1.18;1;1
14906;11779.08;50;1.12;1;1
14907;11192.57;50;1.18;1;1
14908;11730.21;50;1.12;1;1
14909;11388.07;50;1.17;1;1
14910;11876.83;50;1.14;1;1
14911;11485.83;50;1.19;1;1
14912;11681.33;50;1.15;1;1
14913;11241.45;50;1.17;1;1
14914;11583.58;50;1.12;1;1
14915;11143.70;50;1.16;1;1
14916;11681.33;50;1.11;1;1
14917;11094.82;50;1.17;1;1
14918;11876.83;50;1.11;1;1
14919;11192.57;50;1.19;1;1
14920;11730.21;50;1.12;1;1
14921;11143.70;50;1.17;1;1
14922;11681.33;50;1.11;1;1
14923;11094.82;50;1.17;1;1
14924;11876.83;50;1.11;1;1
14925;11241.45;50;1.19;1;1
14926;11876.83;50;1.12;1;1
14927;11290.32;50;1.19;1;1
14928;11974.58;50;1.13;1;1
14929;11290.32;50;1.20;1;1
14930;11974.58;50;1.13;1;1
14931;11290.32;50;1.20;1;1
14932;11925.71;50;1.13;1;1
14933;11290.32;50;1.19;1;1
14934;11974.58;50;1.13;1;1
14935;11388.07;50;1.20;1;1
14936;12023.46;50;1.14;1;1
14937;11290.32;50;1.20;1;1
14938;12023.46;50;1.13;1;1
14939;11339.20;50;1.20;1;1
14940;11779.08;50;1.13;1;1
14941;11290.32;50;1.18;1;1
14942;12023.46;50;1.13;1;1
14943;11339.20;50;1.20;1;1
14944;11779.08;50;1.13;1;1
14945;11339.20;50;1.18;1;1
14946;11876.83;50;1.13;1;1
14947;11534.70;50;1.19;1;1
14948;12023.46;50;1.15;1;1
14949;11436.95;50;1.20;1;1
14950;12072.34;50;1.14;1;1
14951;11583.58;50;1.21;1;1
14952;12121.21;50;1.16;1;1
14953;11388.07;50;1.21;1;1
14954;12072.34;50;1.14;1;1
14955;11436.95;50;1.21;1;1
14956;12121.21;50;1.14;1;1
14957;11485.83;50;1.21;1;1
14958;12121.21;50;1.15;1;1
14959;11436.95;50;1.21;1;1
14960;12072.34;50;1.14;1;1
14961;11388.07;50;1.21;1;1
14962;12121.21;50;1.14;1;1
14963;11485.83;50;1.21;1;1
14964;11925.71;50;1.15;1;1
14965;11339.20;50;1.19;1;1
14966;12170.09;50;1.13;1;1
14967;11436.95;50;1.22;1;1
14968;11974.58;50;1.14;1;1
14969;11339.20;50;1.20;1;1
14970;12121.21;50;1.13;1;1
14971;11339.20;50;1.21;1;1
14972;12072.34;50;1.13;1;1
14973;11339.20;50;1.21;1;1
14974;11779.08;50;1.13;1;1
14975;11192.57;50;1.18;1;1
14976;11827.96;50;1.12;1;1
14977;11094.82;50;1.18;1;1
14978;11730.21;50;1.11;1;1
14979;11094.82;50;1.17;1;1
14980;11779.08;50;1.11;1;1
14981;11094.82;50;1.18;1;1
14982;11827.96;50;1.11;1;1
14983;11192.57;50;1.18;1;1
14984;11876.83;50;1.12;1;1
14985;11143.70;50;1.19;1;1
14986;11779.08;50;1.11;1;1
14987;11094.82;50;1.18;1;1
14988;11925.71;50;1.11;1;1
14989;11143.70;50;1.19;1;1
14990;11925.71;50;1.11;1;1
14991;11241.45;50;1.19;1;1
14992;11925.71;50;1.12;1;1
14993;11290.32;50;1.19;1;1
14994;11974.58;50;1.13;1;1
14995;11290.32;50;1.20;1;1
14996;11974.58;50;1.13;1;1
14997;11241.45;50;1.20;1;1
14998;12023.46;50;1.12;1;1
14999;11143.70;50;1.20;1;1
15000;11876.83;50;1.11;1;1
15001;11192.57;50;1.19;1;1
15002;11925.71;50;1.12;1;1
15003;11192.57;50;1.19;1;1
15004;11925.71;50;1.12;1;1
15005;11241.45;50;1.19;1;1
15006;11876.83;50;1.12;1;1
15007;11192.57;50;1.19;1;1
15008;11925.71;50;1.12;1;1
15009;11143.70;50;1.19;1;1
15010;11827.96;50;1.11;1;1
15011;11094.82;50;1.18;1;1
15012;11925.71;50;1.11;1;1
15013;11192.57;50;1.19;1;1
15014;11876.83;50;1.12;1;1
15015;11192.57;50;1.19;1;1
15016;11876.83;50;1.12;1;1
15017;11192.57;50;1.19;1;1
15018;11827.96;50;1.12;1;1
15019;11143.70;50;1.18;1;1
15020;11779.08;50;1.11;1;1
15021;11241.45;50;1.18;1;1
15022;11730.21;50;1.12;1;1
15023;11143.70;50;1.17;1;1
15024;11730.21;50;1.11;1;1
15025;11192.57;50;1.17;1;1
15026;11681.33;50;1.12;1;1
15027;11192.57;50;1.17;1;1
15028;11876.83;50;1.12;1;1
15029;11192.57;50;1.19;1;1
15030;11730.21;50;1.12;1;1
15031;11290.32;50;1.17;1;1
15032;11779.08;50;1.13;1;1
15033;11094.82;50;1.18;1;1
15034;11779.08;50;1.11;1;1
15035;11045.94;50;1.18;1;1
15036;11681.33;50;1.10;1;1
15037;11045.94;50;1.17;1;1
15038;11632.45;50;1.10;1;1
15039;11045.94;50;1.16;1;1
15040;11534.70;50;1.10;1;1
15041;11045.94;50;1.15;1;1
15042;11681.33;50;1.10;1;1
15043;11094.82;50;1.17;1;1
15044;11534.70;50;1.11;1;1
15045;11045.94;50;1.15;1;1
15046;11534.70;50;1.10;1;1
15047;10997.07;50;1.15;1;1
15048;11583.58;50;1.10;1;1
15049;11143.70;50;1.16;1;1
15050;11583.58;50;1.11;1;1
15051;11192.57;50;1.16;1;1
15052;11583.58;50;1.12;1;1
15053;11241.45;50;1.16;1;1
15054;11534.70;50;1.12;1;1
15055;11339.20;50;1.15;1;1
15056;11485.83;50;1.13;1;1
15057;11339.20;50;1.15;1;1
15058;11485.83;50;1.13;1;1
15059;11290.32;50;1.15;1;1
15060;11388.07;50;1.13;1;1
15061;11290.32;50;1.14;1;1
15062;11436.95;50;1.13;1;1
15063;11290.32;50;1.14;1;1
15064;11485.83;50;1.13;1;1
15065;11534.70;50;1.15;1;1
15066;11730.21;50;1.15;1;1
15067;11388.07;50;1.17;1;1
15068;11632.45;50;1.14;1;1
15069;11485.83;50;1.16;1;1
15070;11632.45;50;1.15;1;1
15071;11583.58;50;1.16;1;1
15072;11632.45;50;1.16;1;1
15073;11485.83;50;1.16;1;1
15074;11485.83;50;1.15;1;1
15075;11534.70;50;1.15;1;1
15076;11485.83;50;1.15;1;1
15077;11485.83;50;1.15;1;1
15078;11681.33;50;1.15;1;1
15079;11485.83;50;1.17;1;1
15080;11583.58;50;1.15;1;1
15081;11388.07;50;1.16;1;1
15082;11436.95;50;1.14;1;1
15083;11436.95;50;1.14;1;1
15084;11339.20;50;1.14;1;1
15085;11583.58;50;1.13;1;1
15086;11339.20;50;1.16;1;1
15087;11534.70;50;1.13;1;1
15088;11290.32;50;1.15;1;1
15089;11436.95;50;1.13;1;1
15090;11241.45;50;1.14;1;1
15091;11485.83;50;1.12;1;1
15092;11339.20;50;1.15;1;1
15093;11583.58;50;1.13;1;1
15094;11388.07;50;1.16;1;1
15095;11583.58;50;1.14;1;1
15096;11241.45;50;1.16;1;1
15097;11681.33;50;1.12;1;1
15098;11241.45;50;1.17;1;1
15099;11534.70;50;1.12;1;1
15100;11143.70;50;1.15;1;1
15101;11534.70;50;1.11;1;1
15102;11094.82;50;1.15;1;1
15103;11583.58;50;1.11;1;1
15104;10997.07;50;1.16;1;1
15105;11436.95;50;1.10;1;1
15106;11045.94;50;1.14;1;1
15107;11534.70;50;1.10;1;1
15108;11045.94;50;1.15;1;1
15109;11534.70;50;1.10;1;1
15110;10997.07;50;1.15;1;1
15111;11583.58;50;1.10;1;1
15112;10948.19;50;1.16;1;1
15113;11534.70;50;1.09;1;1
15114;10997.07;50;1.15;1;1
15115;11534.70;50;1.10;1;1
15116;10948.19;50;1.15;1;1
15117;11730.21;50;1.09;1;1
15118;10997.07;50;1.17;1;1
15119;11779.08;50;1.10;1;1
15120;10997.07;50;1.18;1;1
15121;11730.21;50;1.10;1;1
15122;10997.07;50;1.17;1;1
15123;11681.33;50;1.10;1;1
15124;10899.32;50;1.17;1;1
15125;11681.33;50;1.09;1;1
15126;10997.07;50;1.17;1;1
15127;11681.33;50;1.10;1;1
15128;10948.19;50;1.17;1;1
15129;11681.33;50;1.09;1;1
15130;11045.94;50;1.17;1;1
15131;11681.33;50;1.10;1;1
15132;10997.07;50;1.17;1;1
15133;11730.21;50;1.10;1;1
15134;10997.07;50;1.17;1;1
15135;11681.33;50;1.10;1;1
15136;10997.07;50;1.17;1;1
15137;11681.33;50;1.10;1;1
15138;10948.19;50;1.17;1;1
15139;11632.45;50;1.09;1;1
15140;10850.44;50;1.16;1;1
15141;11632.45;50;1.09;1;1
15142;10801.56;50;1.16;1;1
15143;11583.58;50;1.08;1;1
15144;10948.19;50;1.16;1;1
15145;11827.96;50;1.09;1;1
15146;11241.45;50;1.18;1;1
15147;11974.58;50;1.12;1;1
15148;11094.82;50;1.20;1;1
15149;11779.08;50;1.11;1;1
15150;11192.57;50;1.18;1;1
15151;11632.45;50;1.12;1;1
15152;11045.94;50;1.16;1;1
15153;11681.33;50;1.10;1;1
15154;11143.70;50;1.17;1;1
15155;11730.21;50;1.11;1;1
15156;11143.70;50;1.17;1;1
15157;11730.21;50;1.11;1;1
15158;11290.32;50;1.17;1;1
15159;11827.96;50;1.13;1;1
15160;11290.32;50;1.18;1;1
15161;11779.08;50;1.13;1;1
15162;11388.07;50;1.18;1;1
15163;12023.46;50;1.14;1;1
15164;11485.83;50;1.20;1;1
15165;12023.46;50;1.15;1;1
15166;11534.70;50;1.20;1;1
15167;11974.58;50;1.15;1;1
15168;11436.95;50;1.20;1;1
15169;11925.71;50;1.14;1;1
15170;11388.07;50;1.19;1;1
15171;11876.83;50;1.14;1;1
15172;11436.95;50;1.19;1;1
15173;11779.08;50;1.14;1;1
15174;11583.58;50;1.18;1;1
15175;11779.08;50;1.16;1;1
15176;11632.45;50;1.18;1;1
15177;11681.33;50;1.16;1;1
15178;11583.58;50;1.17;1;1
15179;11632.45;50;1.16;1;1
15180;11534.70;50;1.16;1;1
15181;11534.70;50;1.15;1;1
15182;11779.08;50;1.15;1;1
15183;11827.96;50;1.18;1;1
15184;11632.45;50;1.18;1;1
15185;11730.21;50;1.16;1;1
15186;11681.33;50;1.17;1;1
15187;11730.21;50;1.17;1;1
15188;11534.70;50;1.17;1;1
15189;11779.08;50;1.15;1;1
15190;11436.95;50;1.18;1;1
15191;11681.33;50;1.14;1;1
15192;11534.70;50;1.17;1;1
15193;11876.83;50;1.15;1;1
15194;11583.58;50;1.19;1;1
15195;11827.96;50;1.16;1;1
15196;11681.33;50;1.18;1;1
15197;11827.96;50;1.17;1;1
15198;11534.70;50;1.18;1;1
15199;11632.45;50;1.15;1;1
15200;11681.33;50;1.16;1;1
15201;11730.21;50;1.17;1;1
15202;11681.33;50;1.17;1;1
15203;11583.58;50;1.17;1;1
15204;11681.33;50;1.16;1;1
15205;11632.45;50;1.17;1;1
15206;11779.08;50;1.16;1;1
15207;11485.83;50;1.18;1;1
15208;11779.08;50;1.15;1;1
15209;11485.83;50;1.18;1;1
15210;11730.21;50;1.15;1;1
15211;11436.95;50;1.17;1;1
15212;11827.96;50;1.14;1;1
15213;11388.07;50;1.18;1;1
15214;11730.21;50;1.14;1;1
15215;11436.95;50;1.17;1;1
15216;11876.83;50;1.14;1;1
15217;11534.70;50;1.19;1;1
15218;11730.21;50;1.15;1;1
15219;11583.58;50;1.17;1;1
15220;11876.83;50;1.16;1;1
15221;11485.83;50;1.19;1;1
15222;11779.08;50;1.15;1;1
15223;11388.07;50;1.18;1;1
15224;11827.96;50;1.14;1;1
15225;11339.20;50;1.18;1;1
15226;11827.96;50;1.13;1;1
15227;11388.07;50;1.18;1;1
15228;11730.21;50;1.14;1;1
15229;11192.57;50;1.17;1;1
15230;11779.08;50;1.12;1;1
15231;11241.45;50;1.18;1;1
15232;11779.08;50;1.12;1;1
15233;11241.45;50;1.18;1;1
15234;11827.96;50;1.12;1;1
15235;11290.32;50;1.18;1;1
15236;11779.08;50;1.13;1;1
15237;11192.57;50;1.18;1;1
15238;11730.21;50;1.12;1;1
15239;11143.70;50;1.17;1;1
15240;11779.08;50;1.11;1;1
15241;11143.70;50;1.18;1;1
15242;11876.83;50;1.11;1;1
15243;11192.57;50;1.19;1;1
15244;11827.96;50;1.12;1;1
15245;11143.70;50;1.18;1;1
15246;11730.21;50;1.11;1;1
15247;11241.45;50;1.17;1;1
15248;11730.21;50;1.12;1;1
15249;11290.32;50;1.17;1;1
15250;11779.08;50;1.13;1;1
15251;11290.32;50;1.18;1;1
15252;11681.33;50;1.13;1;1
15253;11192.57;50;1.17;1;1
15254;11779.08;50;1.12;1;1
15255;11045.94;50;1.18;1;1
15256;11583.58;50;1.10;1;1
15257;11094.82;50;1.16;1;1
15258;11827.96;50;1.11;1;1
15259;11192.57;50;1.18;1;1
15260;11779.08;50;1.12;1;1
15261;11094.82;50;1.18;1;1
15262;11730.21;50;1.11;1;1
15263;11143.70;50;1.17;1;1
15264;11730.21;50;1.11;1;1
15265;10997.07;50;1.17;1;1
15266;11632.45;50;1.10;1;1
15267;10997.07;50;1.16;1;1
15268;11827.96;50;1.10;1;1
15269;11094.82;50;1.18;1;1
15270;11779.08;50;1.11;1;1
15271;11094.82;50;1.18;1;1
15272;11876.83;50;1.11;1;1
15273;11192.57;50;1.19;1;1
15274;11974.58;50;1.12;1;1
15275;11241.45;50;1.20;1;1
15276;11925.71;50;1.12;1;1
15277;11290.32;50;1.19;1;1
15278;11974.58;50;1.13;1;1
15279;11241.45;50;1.20;1;1
15280;12023.46;50;1.12;1;1
15281;11241.45;50;1.20;1;1
15282;12072.34;50;1.12;1;1
15283;11436.95;50;1.21;1;1
15284;12121.21;50;1.14;1;1
15285;11388.07;50;1.21;1;1
15286;11974.58;50;1.14;1;1
15287;11436.95;50;1.20;1;1
15288;12023.46;50;1.14;1;1
15289;11388.07;50;1.20;1;1
15290;11925.71;50;1.14;1;1
15291;11436.95;50;1.19;1;1
15292;12023.46;50;1.14;1;1
15293;11534.70;50;1.20;1;1
15294;11974.58;50;1.15;1;1
15295;11632.45;50;1.20;1;1
15296;12121.21;50;1.16;1;1
15297;11534.70;50;1.21;1;1
15298;12072.34;50;1.15;1;1
15299;11436.95;50;1.21;1;1
15300;12023.46;50;1.14;1;1
15301;11388.07;50;1.20;1;1
15302;11876.83;50;1.14;1;1
15303;11485.83;50;1.19;1;1
15304;12072.34;50;1.15;1;1
15305;11583.58;50;1.21;1;1
15306;11925.71;50;1.16;1;1
15307;11388.07;50;1.19;1;1
15308;12072.34;50;1.14;1;1
15309;11485.83;50;1.21;1;1
15310;12121.21;50;1.15;1;1
15311;11485.83;50;1.21;1;1
15312;12023.46;50;1.15;1;1
15313;11534.70;50;1.20;1;1
15314;12023.46;50;1.15;1;1
15315;11436.95;50;1.20;1;1
15316;11925.71;50;1.14;1;1
15317;11485.83;50;1.19;1;1
15318;12121.21;50;1.15;1;1
15319;11632.45;50;1.21;1;1
15320;12072.34;50;1.16;1;1
15321;11583.58;50;1.21;1;1
15322;12023.46;50;1.16;1;1
15323;11583.58;50;1.20;1;1
15324;12023.46;50;1.16;1;1
15325;11632.45;50;1.20;1;1
15326;11925.71;50;1.16;1;1
15327;11534.70;50;1.19;1;1
15328;12072.34;50;1.15;1;1
15329;11681.33;50;1.21;1;1
15330;12121.21;50;1.17;1;1
15331;11632.45;50;1.21;1;1
15332;12023.46;50;1.16;1;1
15333;11730.21;50;1.20;1;1
15334;12072.34;50;1.17;1;1
15335;11730.21;50;1.21;1;1
15336;11925.71;50;1.17;1;1
15337;11779.08;50;1.19;1;1
15338;11925.71;50;1.18;1;1
15339;11925.71;50;1.19;1;1
15340;11876.83;50;1.19;1;1
15341;11876.83;50;1.19;1;1
15342;11827.96;50;1.19;1;1
15343;11827.96;50;1.18;1;1
15344;11876.83;50;1.18;1;1
15345;11632.45;50;1.19;1;1
15346;11779.08;50;1.16;1;1
15347;11827.96;50;1.18;1;1
15348;11925.71;50;1.18;1;1
15349;11827.96;50;1.19;1;1
15350;11925.71;50;1.18;1;1
15351;11779.08;50;1.19;1;1
15352;11974.58;50;1.18;1;1
15353;11779.08;50;1.20;1;1
15354;12121.21;50;1.18;1;1
15355;11925.71;50;1.21;1;1
15356;11876.83;50;1.19;1;1
15357;11681.33;50;1.19;1;1
15358;12170.09;50;1.17;1;1
15359;11632.45;50;1.22;1;1
15360;11876.83;50;1.16;1;1
15361;11730.21;50;1.19;1;1
15362;12072.34;50;1.17;1;1
15363;11827.96;50;1.21;1;1
15364;11876.83;50;1.18;1;1
15365;11925.71;50;1.19;1;1
15366;12072.34;50;1.19;1;1
15367;12170.09;50;1.21;1;1
15368;12170.09;50;1.22;1;1
15369;12267.84;50;1.22;1;1
15370;12170.09;50;1.23;1;1
15371;12267.84;50;1.22;1;1
15372;12023.46;50;1.23;1;1
15373;12267.84;50;1.20;1;1
15374;12072.34;50;1.23;1;1
15375;12218.96;50;1.21;1;1
15376;12170.09;50;1.22;1;1
15377;12267.84;50;1.22;1;1
15378;12170.09;50;1.23;1;1
15379;12561.09;50;1.22;1;1
15380;12121.21;50;1.26;1;1
15381;12463.34;50;1.21;1;1
15382;12072.34;50;1.25;1;1
15383;12316.71;50;1.21;1;1
15384;12072.34;50;1.23;1;1
15385;12463.34;50;1.21;1;1
15386;11925.71;50;1.25;1;1
15387;12561.09;50;1.19;1;1
15388;12170.09;50;1.26;1;1
15389;12658.85;50;1.22;1;1
15390;12365.59;50;1.27;1;1
15391;12756.60;50;1.24;1;1
15392;12170.09;50;1.28;1;1
15393;12512.22;50;1.22;1;1
15394;12218.96;50;1.25;1;1
15395;12658.85;50;1.22;1;1
15396;12267.84;50;1.27;1;1
15397;12658.85;50;1.23;1;1
15398;12316.71;50;1.27;1;1
15399;12658.85;50;1.23;1;1
15400;12218.96;50;1.27;1;1
15401;12756.60;50;1.22;1;1
15402;12072.34;50;1.28;1;1
15403;12609.97;50;1.21;1;1
15404;12023.46;50;1.26;1;1
15405;12414.47;50;1.20;1;1
15406;12072.34;50;1.24;1;1
15407;12463.34;50;1.21;1;1
15408;12170.09;50;1.25;1;1
15409;12414.47;50;1.22;1;1
15410;12121.21;50;1.24;1;1
15411;12512.22;50;1.21;1;1
15412;12267.84;50;1.25;1;1
15413;12463.34;50;1.23;1;1
15414;12121.21;50;1.25;1;1
15415;12561.09;50;1.21;1;1
15416;12072.34;50;1.26;1;1
15417;12658.85;50;1.21;1;1
15418;12218.96;50;1.27;1;1
15419;12609.97;50;1.22;1;1
15420;12170.09;50;1.26;1;1
15421;12609.97;50;1.22;1;1
15422;12316.71;50;1.26;1;1
15423;12805.47;50;1.23;1;1
15424;12414.47;50;1.28;1;1
15425;12756.60;50;1.24;1;1
15426;12316.71;50;1.28;1;1
15427;12707.72;50;1.23;1;1
15428;12170.09;50;1.27;1;1
15429;12658.85;50;1.22;1;1
15430;12170.09;50;1.27;1;1
15431;12756.60;50;1.22;1;1
15432;12218.96;50;1.28;1;1
15433;12658.85;50;1.22;1;1
15434;12170.09;50;1.27;1;1
15435;12854.35;50;1.22;1;1
15436;12072.34;50;1.29;1;1
15437;12707.72;50;1.21;1;1
15438;12170.09;50;1.27;1;1
15439;12756.60;50;1.22;1;1
15440;12072.34;50;1.28;1;1
15441;12707.72;50;1.21;1;1
15442;12218.96;50;1.27;1;1
15443;12707.72;50;1.22;1;1
15444;12267.84;50;1.27;1;1
15445;12512.22;50;1.23;1;1
15446;12267.84;50;1.25;1;1
15447;12707.72;50;1.23;1;1
15448;12267.84;50;1.27;1;1
15449;12805.47;50;1.23;1;1
15450;12316.71;50;1.28;1;1
15451;12756.60;50;1.23;1;1
15452;12218.96;50;1.28;1;1
15453;12561.09;50;1.22;1;1
15454;12218.96;50;1.26;1;1
15455;12658.85;50;1.22;1;1
15456;12121.21;50;1.27;1;1
15457;12854.35;50;1.21;1;1
15458;12316.71;50;1.29;1;1
15459;12952.10;50;1.23;1;1
15460;12463.34;50;1.30;1;1
15461;12805.47;50;1.25;1;1
15462;12365.59;50;1.28;1;1
15463;12903.23;50;1.24;1;1
15464;12512.22;50;1.29;1;1
15465;12952.10;50;1.25;1;1
15466;12463.34;50;1.30;1;1
15467;12952.10;50;1.25;1;1
15468;12267.84;50;1.30;1;1
15469;12903.23;50;1.23;1;1
15470;12365.59;50;1.29;1;1
15471;12952.10;50;1.24;1;1
15472;12267.84;50;1.30;1;1
15473;12903.23;50;1.23;1;1
15474;12463.34;50;1.29;1;1
15475;12952.10;50;1.25;1;1
15476;12365.59;50;1.30;1;1
15477;12903.23;50;1.24;1;1
15478;12463.34;50;1.29;1;1
15479;13000.98;50;1.25;1;1
15480;12170.09;50;1.30;1;1
15481;12805.47;50;1.22;1;1
15482;12414.47;50;1.28;1;1
15483;12903.23;50;1.24;1;1
15484;12414.47;50;1.29;1;1
15485;13000.98;50;1.24;1;1
15486;12414.47;50;1.30;1;1
15487;12952.10;50;1.24;1;1
15488;12316.71;50;1.30;1;1
15489;13049.85;50;1.23;1;1
15490;12365.59;50;1.30;1;1
15491;13000.98;50;1.24;1;1
15492;12316.71;50;1.30;1;1
15493;13000.98;50;1.23;1;1
15494;12267.84;50;1.30;1;1
15495;12952.10;50;1.23;1;1
15496;12170.09;50;1.30;1;1
15497;12952.10;50;1.22;1;1
15498;12267.84;50;1.30;1;1
15499;13098.73;50;1.23;1;1
15500;12414.47;50;1.31;1;1
15501;13049.85;50;1.24;1;1
15502;12267.84;50;1.30;1;1
15503;13098.73;50;1.23;1;1
15504;12170.09;50;1.31;1;1
15505;13049.85;50;1.22;1;1
15506;12316.71;50;1.30;1;1
15507;13049.85;50;1.23;1;1
15508;12365.59;50;1.30;1;1
15509;12903.23;50;1.24;1;1
15510;12170.09;50;1.29;1;1
15511;12952.10;50;1.22;1;1
15512;12218.96;50;1.30;1;1
15513;13098.73;50;1.22;1;1
15514;12512.22;50;1.31;1;1
15515;13147.60;50;1.25;1;1
15516;12218.96;50;1.31;1;1
15517;13049.85;50;1.22;1;1
15518;12414.47;50;1.30;1;1
15519;13098.73;50;1.24;1;1
15520;12316.71;50;1.31;1;1
15521;13098.73;50;1.23;1;1
15522;12365.59;50;1.31;1;1
15523;13049.85;50;1.24;1;1
15524;12414.47;50;1.30;1;1
15525;13049.85;50;1.24;1;1
15526;12512.22;50;1.30;1;1
15527;13196.48;50;1.25;1;1
15528;12609.97;50;1.32;1;1
15529;13147.60;50;1.26;1;1
15530;12609.97;50;1.31;1;1
15531;13196.48;50;1.26;1;1
15532;12658.85;50;1.32;1;1
15533;13196.48;50;1.27;1;1
15534;12609.97;50;1.32;1;1
15535;13147.60;50;1.26;1;1
15536;12609.97;50;1.31;1;1
15537;13000.98;50;1.26;1;1
15538;12658.85;50;1.30;1;1
15539;13147.60;50;1.27;1;1
15540;12707.72;50;1.31;1;1
15541;13147.60;50;1.27;1;1
15542;12609.97;50;1.31;1;1
15543;13000.98;50;1.26;1;1
15544;12756.60;50;1.30;1;1
15545;12952.10;50;1.28;1;1
15546;12854.35;50;1.30;1;1
15547;13049.85;50;1.29;1;1
15548;12805.47;50;1.30;1;1
15549;12805.47;50;1.28;1;1
15550;12854.35;50;1.28;1;1
15551;12854.35;50;1.29;1;1
15552;12805.47;50;1.29;1;1
15553;12805.47;50;1.28;1;1
15554;13049.85;50;1.28;1;1
15555;12903.23;50;1.30;1;1
15556;13049.85;50;1.29;1;1
15557;12952.10;50;1.30;1;1
15558;13049.85;50;1.30;1;1
15559;13245.36;50;1.30;1;1
15560;13196.48;50;1.32;1;1
15561;13147.60;50;1.32;1;1
15562;13098.73;50;1.31;1;1
15563;13000.98;50;1.31;1;1
15564;13049.85;50;1.30;1;1
15565;13000.98;50;1.30;1;1
15566;13098.73;50;1.30;1;1
15567;13049.85;50;1.31;1;1
15568;13147.60;50;1.30;1;1
15569;13049.85;50;1.31;1;1
15570;13000.98;50;1.30;1;1
15571;13049.85;50;1.30;1;1
15572;12952.10;50;1.30;1;1
15573;12952.10;50;1.30;1;1
15574;13000.98;50;1.30;1;1
15575;12903.23;50;1.30;1;1
15576;12903.23;50;1.29;1;1
15577;12903.23;50;1.29;1;1
15578;13000.98;50;1.29;1;1
15579;13049.85;50;1.30;1;1
15580;13000.98;50;1.30;1;1
15581;13147.60;50;1.30;1;1
15582;12903.23;50;1.31;1;1
15583;13000.98;50;1.29;1;1
15584;13098.73;50;1.30;1;1
15585;12952.10;50;1.31;1;1
15586;12805.47;50;1.30;1;1
15587;13049.85;50;1.28;1;1
15588;12854.35;50;1.30;1;1
15589;13000.98;50;1.29;1;1
15590;12903.23;50;1.30;1;1
15591;12854.35;50;1.29;1;1
15592;12854.35;50;1.29;1;1
15593;12903.23;50;1.29;1;1
15594;13000.98;50;1.29;1;1
15595;12756.60;50;1.30;1;1
15596;12952.10;50;1.28;1;1
15597;12854.35;50;1.30;1;1
15598;13196.48;50;1.29;1;1
15599;12903.23;50;1.32;1;1
15600;13098.73;50;1.29;1;1
15601;12805.47;50;1.31;1;1
15602;13098.73;50;1.28;1;1
15603;12805.47;50;1.31;1;1
15604;13049.85;50;1.28;1;1
15605;12903.23;50;1.30;1;1
15606;13098.73;50;1.29;1;1
15607;12952.10;50;1.31;1;1
15608;13147.60;50;1.30;1;1
15609;12854.35;50;1.31;1;1
15610;13245.36;50;1.29;1;1
15611;13000.98;50;1.32;1;1
15612;13245.36;50;1.30;1;1
15613;13098.73;50;1.32;1;1
15614;13294.23;50;1.31;1;1
15615;12952.10;50;1.33;1;1
15616;13196.48;50;1.30;1;1
15617;13049.85;50;1.32;1;1
15618;13196.48;50;1.30;1;1
15619;13049.85;50;1.32;1;1
15620;13294.23;50;1.30;1;1
15621;13098.73;50;1.33;1;1
15622;13245.36;50;1.31;1;1
15623;12903.23;50;1.32;1;1
15624;13196.48;50;1.29;1;1
15625;12903.23;50;1.32;1;1
15626;13147.60;50;1.29;1;1
15627;12805.47;50;1.31;1;1
15628;13294.23;50;1.28;1;1
15629;12903.23;50;1.33;1;1
15630;13343.11;50;1.29;1;1
15631;12903.23;50;1.33;1;1
15632;13343.11;50;1.29;1;1
15633;12854.35;50;1.33;1;1
15634;13538.61;50;1.29;1;1
15635;12952.10;50;1.35;1;1
15636;13391.98;50;1.30;1;1
15637;12854.35;50;1.34;1;1
15638;13587.49;50;1.29;1;1
15639;12805.47;50;1.36;1;1
15640;13343.11;50;1.28;1;1
15641;12805.47;50;1.33;1;1
15642;13391.98;50;1.28;1;1
15643;12854.35;50;1.34;1;1
15644;13440.86;50;1.29;1;1
15645;12805.47;50;1.34;1;1
15646;13538.61;50;1.28;1;1
15647;12854.35;50;1.35;1;1
15648;13391.98;50;1.29;1;1
15649;12805.47;50;1.34;1;1
15650;13294.23;50;1.28;1;1
15651;12707.72;50;1.33;1;1
15652;13245.36;50;1.27;1;1
15653;12805.47;50;1.32;1;1
15654;13440.86;50;1.28;1;1
15655;12561.09;50;1.34;1;1
15656;13343.11;50;1.26;1;1
15657;12658.85;50;1.33;1;1
15658;13196.48;50;1.27;1;1
15659;12512.22;50;1.32;1;1
15660;13245.36;50;1.25;1;1
15661;12512.22;50;1.32;1;1
15662;13294.23;50;1.25;1;1
15663;12609.97;50;1.33;1;1
15664;13196.48;50;1.26;1;1
15665;12561.09;50;1.32;1;1
15666;13098.73;50;1.26;1;1
15667;12561.09;50;1.31;1;1
15668;13098.73;50;1.26;1;1
15669;12512.22;50;1.31;1;1
15670;13049.85;50;1.25;1;1
15671;12707.72;50;1.30;1;1
15672;13147.60;50;1.27;1;1
15673;12512.22;50;1.31;1;1
15674;13196.48;50;1.25;1;1
15675;12316.71;50;1.32;1;1
15676;13098.73;50;1.23;1;1
15677;12365.59;50;1.31;1;1
15678;13000.98;50;1.24;1;1
15679;12267.84;50;1.30;1;1
15680;13098.73;50;1.23;1;1
15681;12218.96;50;1.31;1;1
15682;12854.35;50;1.22;1;1
15683;12316.71;50;1.29;1;1
15684;12805.47;50;1.23;1;1
15685;12267.84;50;1.28;1;1
15686;13098.73;50;1.23;1;1
15687;12170.09;50;1.31;1;1
15688;12854.35;50;1.22;1;1
15689;12316.71;50;1.29;1;1
15690;12805.47;50;1.23;1;1
15691;12218.96;50;1.28;1;1
15692;12854.35;50;1.22;1;1
15693;12072.34;50;1.29;1;1
15694;13000.98;50;1.21;1;1
15695;12414.47;50;1.30;1;1
15696;13147.60;50;1.24;1;1
15697;12463.34;50;1.31;1;1
15698;13049.85;50;1.25;1;1
15699;12365.59;50;1.30;1;1
15700;12805.47;50;1.24;1;1
15701;12121.21;50;1.28;1;1
15702;12756.60;50;1.21;1;1
15703;12218.96;50;1.28;1;1
15704;12903.23;50;1.22;1;1
15705;12170.09;50;1.29;1;1
15706;12707.72;50;1.22;1;1
15707;12218.96;50;1.27;1;1
15708;12805.47;50;1.22;1;1
15709;12072.34;50;1.28;1;1
15710;12658.85;50;1.21;1;1
15711;12170.09;50;1.27;1;1
15712;12854.35;50;1.22;1;1
15713;12170.09;50;1.29;1;1
15714;12463.34;50;1.22;1;1
15715;12121.21;50;1.25;1;1
15716;12414.47;50;1.21;1;1
15717;11876.83;50;1.24;1;1
15718;12512.22;50;1.19;1;1
15719;12170.09;50;1.25;1;1
15720;12561.09;50;1.22;1;1
15721;11925.71;50;1.26;1;1
15722;12414.47;50;1.19;1;1
15723;11925.71;50;1.24;1;1
15724;12414.47;50;1.19;1;1
15725;11876.83;50;1.24;1;1
15726;12512.22;50;1.19;1;1
15727;12072.34;50;1.25;1;1
15728;12414.47;50;1.21;1;1
15729;11925.71;50;1.24;1;1
15730;12463.34;50;1.19;1;1
15731;12218.96;50;1.25;1;1
15732;12561.09;50;1.22;1;1
15733;12316.71;50;1.26;1;1
15734;12365.59;50;1.23;1;1
15735;12218.96;50;1.24;1;1
15736;12414.47;50;1.22;1;1
15737;12463.34;50;1.24;1;1
15738;12561.09;50;1.25;1;1
15739;12267.84;50;1.26;1;1
15740;12512.22;50;1.23;1;1
15741;12316.71;50;1.25;1;1
15742;12658.85;50;1.23;1;1
15743;12267.84;50;1.27;1;1
15744;12609.97;50;1.23;1;1
15745;12121.21;50;1.26;1;1
15746;12756.60;50;1.21;1;1
15747;12023.46;50;1.28;1;1
15748;12561.09;50;1.20;1;1
15749;11974.58;50;1.26;1;1
15750;12512.22;50;1.20;1;1
15751;11974.58;50;1.25;1;1
15752;12365.59;50;1.20;1;1
15753;11925.71;50;1.24;1;1
15754;12512.22;50;1.19;1;1
15755;11876.83;50;1.25;1;1
15756;12414.47;50;1.19;1;1
15757;12170.09;50;1.24;1;1
15758;12512.22;50;1.22;1;1
15759;11925.71;50;1.25;1;1
15760;12365.59;50;1.19;1;1
15761;12218.96;50;1.24;1;1
15762;12658.85;50;1.22;1;1
15763;12218.96;50;1.27;1;1
15764;12707.72;50;1.22;1;1
15765;12267.84;50;1.27;1;1
15766;12658.85;50;1.23;1;1
15767;12267.84;50;1.27;1;1
15768;12512.22;50;1.23;1;1
15769;12267.84;50;1.25;1;1
15770;12512.22;50;1.23;1;1
15771;12170.09;50;1.25;1;1
15772;12512.22;50;1.22;1;1
15773;12170.09;50;1.25;1;1
15774;12658.85;50;1.22;1;1
15775;12365.59;50;1.27;1;1
15776;12561.09;50;1.24;1;1
15777;12218.96;50;1.26;1;1
15778;12512.22;50;1.22;1;1
15779;12170.09;50;1.25;1;1
15780;12561.09;50;1.22;1;1
15781;12267.84;50;1.26;1;1
15782;12756.60;50;1.23;1;1
15783;12170.09;50;1.28;1;1
15784;12805.47;50;1.22;1;1
15785;12414.47;50;1.28;1;1
15786;12609.97;50;1.24;1;1
15787;12218.96;50;1.26;1;1
15788;12561.09;50;1.22;1;1
15789;12316.71;50;1.26;1;1
15790;12609.97;50;1.23;1;1
15791;12463.34;50;1.26;1;1
15792;12512.22;50;1.25;1;1
15793;12414.47;50;1.25;1;1
15794;12561.09;50;1.24;1;1
15795;12365.59;50;1.26;1;1
15796;12463.34;50;1.24;1;1
15797;12463.34;50;1.25;1;1
15798;12414.47;50;1.25;1;1
15799;12365.59;50;1.24;1;1
15800;12512.22;50;1.24;1;1
15801;12414.47;50;1.25;1;1
15802;12609.97;50;1.24;1;1
15803;12512.22;50;1.26;1;1
15804;12609.97;50;1.25;1;1
15805;12072.34;50;1.26;1;1
15806;12267.84;50;1.21;1;1
15807;12170.09;50;1.23;1;1
15808;12316.71;50;1.22;1;1
15809;12170.09;50;1.23;1;1
15810;12707.72;50;1.22;1;1
15811;12121.21;50;1.27;1;1
15812;12707.72;50;1.21;1;1
15813;12463.34;50;1.27;1;1
15814;13049.85;50;1.25;1;1
15815;12463.34;50;1.30;1;1
15816;12512.22;50;1.25;1;1
15817;12218.96;50;1.25;1;1
15818;12414.47;50;1.22;1;1
15819;12365.59;50;1.24;1;1
15820;12561.09;50;1.24;1;1
15821;12365.59;50;1.26;1;1
15822;12512.22;50;1.24;1;1
15823;12414.47;50;1.25;1;1
15824;12561.09;50;1.24;1;1
15825;12316.71;50;1.26;1;1
15826;12267.84;50;1.23;1;1
15827;12170.09;50;1.23;1;1
15828;12463.34;50;1.22;1;1
15829;12267.84;50;1.25;1;1
15830;12316.71;50;1.23;1;1
15831;12170.09;50;1.23;1;1
15832;12267.84;50;1.22;1;1
15833;12072.34;50;1.23;1;1
15834;12561.09;50;1.21;1;1
15835;12218.96;50;1.26;1;1
15836;12267.84;50;1.22;1;1
15837;12121.21;50;1.23;1;1
15838;12365.59;50;1.21;1;1
15839;12121.21;50;1.24;1;1
15840;12316.71;50;1.21;1;1
15841;12267.84;50;1.23;1;1
15842;12707.72;50;1.23;1;1
15843;12218.96;50;1.27;1;1
15844;12463.34;50;1.22;1;1
15845;12463.34;50;1.25;1;1
15846;12316.71;50;1.25;1;1
15847;12267.84;50;1.23;1;1
15848;12414.47;50;1.23;1;1
15849;12316.71;50;1.24;1;1
15850;12414.47;50;1.23;1;1
15851;12512.22;50;1.24;1;1
15852;12463.34;50;1.25;1;1
15853;12267.84;50;1.25;1;1
15854;12072.34;50;1.23;1;1
15855;12267.84;50;1.21;1;1
15856;12170.09;50;1.23;1;1
15857;12512.22;50;1.22;1;1
15858;12463.34;50;1.25;1;1
15859;12512.22;50;1.25;1;1
15860;12365.59;50;1.25;1;1
15861;12561.09;50;1.24;1;1
15862;12365.59;50;1.26;1;1
15863;12609.97;50;1.24;1;1
15864;12267.84;50;1.26;1;1
15865;12609.97;50;1.23;1;1
15866;12267.84;50;1.26;1;1
15867;12561.09;50;1.23;1;1
15868;12218.96;50;1.26;1;1
15869;12609.97;50;1.22;1;1
15870;12218.96;50;1.26;1;1
15871;12609.97;50;1.22;1;1
15872;12072.34;50;1.26;1;1
15873;12561.09;50;1.21;1;1
15874;12365.59;50;1.26;1;1
15875;12609.97;50;1.24;1;1
15876;11827.96;50;1.26;1;1
15877;12414.47;50;1.18;1;1
15878;12023.46;50;1.24;1;1
15879;12658.85;50;1.20;1;1
15880;11974.58;50;1.27;1;1
15881;12658.85;50;1.20;1;1
15882;12121.21;50;1.27;1;1
15883;12707.72;50;1.21;1;1
15884;12218.96;50;1.27;1;1
15885;12952.10;50;1.22;1;1
15886;12414.47;50;1.30;1;1
15887;12854.35;50;1.24;1;1
15888;12218.96;50;1.29;1;1
15889;12756.60;50;1.22;1;1
15890;12365.59;50;1.28;1;1
15891;12805.47;50;1.24;1;1
15892;12463.34;50;1.28;1;1
15893;12952.10;50;1.25;1;1
15894;12218.96;50;1.30;1;1
15895;13049.85;50;1.22;1;1
15896;12658.85;50;1.30;1;1
15897;12903.23;50;1.27;1;1
15898;12463.34;50;1.29;1;1
15899;13000.98;50;1.25;1;1
15900;12658.85;50;1.30;1;1
15901;13147.60;50;1.27;1;1
15902;12267.84;50;1.31;1;1
15903;12903.23;50;1.23;1;1
15904;12316.71;50;1.29;1;1
15905;12854.35;50;1.23;1;1
15906;12316.71;50;1.29;1;1
15907;12658.85;50;1.23;1;1
15908;12072.34;50;1.27;1;1
15909;12512.22;50;1.21;1;1
15910;11974.58;50;1.25;1;1
15911;12561.09;50;1.20;1;1
15912;11974.58;50;1.26;1;1
15913;12561.09;50;1.20;1;1
15914;11974.58;50;1.26;1;1
15915;12658.85;50;1.20;1;1
15916;12072.34;50;1.27;1;1
15917;12707.72;50;1.21;1;1
15918;11876.83;50;1.27;1;1
15919;12512.22;50;1.19;1;1
15920;11827.96;50;1.25;1;1
15921;12414.47;50;1.18;1;1
15922;11876.83;50;1.24;1;1
15923;12365.59;50;1.19;1;1
15924;11827.96;50;1.24;1;1
15925;12316.71;50;1.18;1;1
15926;12023.46;50;1.23;1;1
15927;12414.47;50;1.20;1;1
15928;12023.46;50;1.24;1;1
15929;12463.34;50;1.20;1;1
15930;12170.09;50;1.25;1;1
15931;12561.09;50;1.22;1;1
15932;11974.58;50;1.26;1;1
15933;12512.22;50;1.20;1;1
15934;11827.96;50;1.25;1;1
15935;12414.47;50;1.18;1;1
15936;11974.58;50;1.24;1;1
15937;12365.59;50;1.20;1;1
15938;11779.08;50;1.24;1;1
15939;12561.09;50;1.18;1;1
15940;12072.34;50;1.26;1;1
15941;12414.47;50;1.21;1;1
15942;11632.45;50;1.24;1;1
15943;12365.59;50;1.16;1;1
15944;11779.08;50;1.24;1;1
15945;12316.71;50;1.18;1;1
15946;11779.08;50;1.23;1;1
15947;12414.47;50;1.18;1;1
15948;11779.08;50;1.24;1;1
15949;12365.59;50;1.18;1;1
15950;11632.45;50;1.24;1;1
15951;12414.47;50;1.16;1;1
15952;11534.70;50;1.24;1;1
15953;12316.71;50;1.15;1;1
15954;11632.45;50;1.23;1;1
15955;12218.96;50;1.16;1;1
15956;11779.08;50;1.22;1;1
15957;12365.59;50;1.18;1;1
15958;11485.83;50;1.24;1;1
15959;12023.46;50;1.15;1;1
15960;11534.70;50;1.20;1;1
15961;12023.46;50;1.15;1;1
15962;11436.95;50;1.20;1;1
15963;12170.09;50;1.14;1;1
15964;11779.08;50;1.22;1;1
15965;12365.59;50;1.18;1;1
15966;12072.34;50;1.24;1;1
15967;12609.97;50;1.21;1;1
15968;11974.58;50;1.26;1;1
15969;12609.97;50;1.20;1;1
15970;11681.33;50;1.26;1;1
15971;12316.71;50;1.17;1;1
15972;11681.33;50;1.23;1;1
15973;12218.96;50;1.17;1;1
15974;11632.45;50;1.22;1;1
15975;12414.47;50;1.16;1;1
15976;12170.09;50;1.24;1;1
15977;12561.09;50;1.22;1;1
15978;11730.21;50;1.26;1;1
15979;12561.09;50;1.17;1;1
15980;11779.08;50;1.26;1;1
15981;12463.34;50;1.18;1;1
15982;11827.96;50;1.25;1;1
15983;12658.85;50;1.18;1;1
15984;11681.33;50;1.27;1;1
15985;12756.60;50;1.17;1;1
15986;12072.34;50;1.28;1;1
15987;12756.60;50;1.21;1;1
15988;11827.96;50;1.28;1;1
15989;12512.22;50;1.18;1;1
15990;11681.33;50;1.25;1;1
15991;12414.47;50;1.17;1;1
15992;11583.58;50;1.24;1;1
15993;12365.59;50;1.16;1;1
15994;11974.58;50;1.24;1;1
15995;12512.22;50;1.20;1;1
15996;11681.33;50;1.25;1;1
15997;12365.59;50;1.17;1;1
15998;11876.83;50;1.24;1;1
15999;12414.47;50;1.19;1;1
16000;11681.33;50;1.24;1;1
16001;12414.47;50;1.17;1;1
16002;11681.33;50;1.24;1;1
16003;12463.34;50;1.17;1;1
16004;11632.45;50;1.25;1;1
16005;12609.97;50;1.16;1;1
16006;12023.46;50;1.26;1;1
16007;12609.97;50;1.20;1;1
16008;12072.34;50;1.26;1;1
16009;12609.97;50;1.21;1;1
16010;11827.96;50;1.26;1;1
16011;12512.22;50;1.18;1;1
16012;11632.45;50;1.25;1;1
16013;12463.34;50;1.16;1;1
16014;11632.45;50;1.25;1;1
16015;12658.85;50;1.16;1;1
16016;11925.71;50;1.27;1;1
16017;12463.34;50;1.19;1;1
16018;11779.08;50;1.25;1;1
16019;12267.84;50;1.18;1;1
16020;11779.08;50;1.23;1;1
16021;12463.34;50;1.18;1;1
16022;11779.08;50;1.25;1;1
16023;12218.96;50;1.18;1;1
16024;11681.33;50;1.22;1;1
16025;12414.47;50;1.17;1;1
16026;11827.96;50;1.24;1;1
16027;12512.22;50;1.18;1;1
16028;11681.33;50;1.25;1;1
16029;12218.96;50;1.17;1;1
16030;11925.71;50;1.22;1;1
16031;12316.71;50;1.19;1;1
16032;11974.58;50;1.23;1;1
16033;12316.71;50;1.20;1;1
16034;11779.08;50;1.23;1;1
16035;12170.09;50;1.18;1;1
16036;11779.08;50;1.22;1;1
16037;12072.34;50;1.18;1;1
16038;11876.83;50;1.21;1;1
16039;12121.21;50;1.19;1;1
16040;12072.34;50;1.21;1;1
16041;11876.83;50;1.21;1;1
16042;11925.71;50;1.19;1;1
16043;11974.58;50;1.19;1;1
16044;11876.83;50;1.20;1;1
16045;12072.34;50;1.19;1;1
16046;12170.09;50;1.21;1;1
16047;12072.34;50;1.22;1;1
16048;12072.34;50;1.21;1;1
16049;11827.96;50;1.21;1;1
16050;12023.46;50;1.18;1;1
16051;11730.21;50;1.20;1;1
16052;11876.83;50;1.17;1;1
16053;11583.58;50;1.19;1;1
16054;12170.09;50;1.16;1;1
16055;11876.83;50;1.22;1;1
16056;12023.46;50;1.19;1;1
16057;11632.45;50;1.20;1;1
16058;11827.96;50;1.16;1;1
16059;11632.45;50;1.18;1;1
16060;12072.34;50;1.16;1;1
16061;11876.83;50;1.21;1;1
16062;12072.34;50;1.19;1;1
16063;11779.08;50;1.21;1;1
16064;12023.46;50;1.18;1;1
16065;11534.70;50;1.20;1;1
16066;12121.21;50;1.15;1;1
16067;11925.71;50;1.21;1;1
16068;12218.96;50;1.19;1;1
16069;11876.83;50;1.22;1;1
16070;12121.21;50;1.19;1;1
16071;12023.46;50;1.21;1;1
16072;12316.71;50;1.20;1;1
16073;11827.96;50;1.23;1;1
16074;12267.84;50;1.18;1;1
16075;11534.70;50;1.23;1;1
16076;11974.58;50;1.15;1;1
16077;11339.20;50;1.20;1;1
16078;11974.58;50;1.13;1;1
16079;11876.83;50;1.20;1;1
16080;12121.21;50;1.19;1;1
16081;11681.33;50;1.21;1;1
16082;12121.21;50;1.17;1;1
16083;11779.08;50;1.21;1;1
16084;12267.84;50;1.18;1;1
16085;11632.45;50;1.23;1;1
16086;11925.71;50;1.16;1;1
16087;11534.70;50;1.19;1;1
16088;12072.34;50;1.15;1;1
16089;11583.58;50;1.21;1;1
16090;11974.58;50;1.16;1;1
16091;11436.95;50;1.20;1;1
16092;12072.34;50;1.14;1;1
16093;11388.07;50;1.21;1;1
16094;11876.83;50;1.14;1;1
16095;11339.20;50;1.19;1;1
16096;12072.34;50;1.13;1;1
16097;11388.07;50;1.21;1;1
16098;11876.83;50;1.14;1;1
16099;11388.07;50;1.19;1;1
16100;12023.46;50;1.14;1;1
16101;11192.57;50;1.20;1;1
16102;12170.09;50;1.12;1;1
16103;11436.95;50;1.22;1;1
16104;11827.96;50;1.14;1;1
16105;11339.20;50;1.18;1;1
16106;12121.21;50;1.13;1;1
16107;11388.07;50;1.21;1;1
16108;11974.58;50;1.14;1;1
16109;11388.07;50;1.20;1;1
16110;11974.58;50;1.14;1;1
16111;11436.95;50;1.20;1;1
16112;11925.71;50;1.14;1;1
16113;11339.20;50;1.19;1;1
16114;12072.34;50;1.13;1;1
16115;11290.32;50;1.21;1;1
16116;11974.58;50;1.13;1;1
16117;11094.82;50;1.20;1;1
16118;11925.71;50;1.11;1;1
16119;11045.94;50;1.19;1;1
16120;12072.34;50;1.10;1;1
16121;11192.57;50;1.21;1;1
16122;12121.21;50;1.12;1;1
16123;11583.58;50;1.21;1;1
16124;12170.09;50;1.16;1;1
16125;11436.95;50;1.22;1;1
16126;12267.84;50;1.14;1;1
16127;11534.70;50;1.23;1;1
16128;12267.84;50;1.15;1;1
16129;11730.21;50;1.23;1;1
16130;12365.59;50;1.17;1;1
16131;11583.58;50;1.24;1;1
16132;12316.71;50;1.16;1;1
16133;11436.95;50;1.23;1;1
16134;12121.21;50;1.14;1;1
16135;11388.07;50;1.21;1;1
16136;11974.58;50;1.14;1;1
16137;11339.20;50;1.20;1;1
16138;11876.83;50;1.13;1;1
16139;11583.58;50;1.19;1;1
16140;12170.09;50;1.16;1;1
16141;11534.70;50;1.22;1;1
16142;12170.09;50;1.15;1;1
16143;11485.83;50;1.22;1;1
16144;11876.83;50;1.15;1;1
16145;11485.83;50;1.19;1;1
16146;11827.96;50;1.15;1;1
16147;11388.07;50;1.18;1;1
16148;11876.83;50;1.14;1;1
16149;11436.95;50;1.19;1;1
16150;12023.46;50;1.14;1;1
16151;11583.58;50;1.20;1;1
16152;12072.34;50;1.16;1;1
16153;11583.58;50;1.21;1;1
16154;11827.96;50;1.16;1;1
16155;11583.58;50;1.18;1;1
16156;11925.71;50;1.16;1;1
16157;11534.70;50;1.19;1;1
16158;11925.71;50;1.15;1;1
16159;11534.70;50;1.19;1;1
16160;11925.71;50;1.15;1;1
16161;11681.33;50;1.19;1;1
16162;11876.83;50;1.17;1;1
16163;11730.21;50;1.19;1;1
16164;11827.96;50;1.17;1;1
16165;11583.58;50;1.18;1;1
16166;11876.83;50;1.16;1;1
16167;11583.58;50;1.19;1;1
16168;11876.83;50;1.16;1;1
16169;11779.08;50;1.19;1;1
16170;11779.08;50;1.18;1;1
16171;11876.83;50;1.18;1;1
16172;11827.96;50;1.19;1;1
16173;11779.08;50;1.18;1;1
16174;11730.21;50;1.18;1;1
16175;11925.71;50;1.17;1;1
16176;11827.96;50;1.19;1;1
16177;11730.21;50;1.18;1;1
16178;11827.96;50;1.17;1;1
16179;11730.21;50;1.18;1;1
16180;11827.96;50;1.17;1;1
16181;11827.96;50;1.18;1;1
16182;11779.08;50;1.18;1;1
16183;11925.71;50;1.18;1;1
16184;11730.21;50;1.19;1;1
16185;11974.58;50;1.17;1;1
16186;11827.96;50;1.20;1;1
16187;11974.58;50;1.18;1;1
16188;11779.08;50;1.20;1;1
16189;11827.96;50;1.18;1;1
16190;11730.21;50;1.18;1;1
16191;11779.08;50;1.17;1;1
16192;11681.33;50;1.18;1;1
16193;11974.58;50;1.17;1;1
16194;11925.71;50;1.20;1;1
16195;12121.21;50;1.19;1;1
16196;11779.08;50;1.21;1;1
16197;12023.46;50;1.18;1;1
16198;11779.08;50;1.20;1;1
16199;11974.58;50;1.18;1;1
16200;11827.96;50;1.20;1;1
16201;12316.71;50;1.18;1;1
16202;11436.95;50;1.23;1;1
16203;11876.83;50;1.14;1;1
16204;11290.32;50;1.19;1;1
16205;11779.08;50;1.13;1;1
16206;11485.83;50;1.18;1;1
16207;11730.21;50;1.15;1;1
16208;11339.20;50;1.17;1;1
16209;11632.45;50;1.13;1;1
16210;11583.58;50;1.16;1;1
16211;11974.58;50;1.16;1;1
16212;11388.07;50;1.20;1;1
16213;12170.09;50;1.14;1;1
16214;11485.83;50;1.22;1;1
16215;11925.71;50;1.15;1;1
16216;11436.95;50;1.19;1;1
16217;12121.21;50;1.14;1;1
16218;11730.21;50;1.21;1;1
16219;12170.09;50;1.17;1;1
16220;11730.21;50;1.22;1;1
16221;12218.96;50;1.17;1;1
16222;11583.58;50;1.22;1;1
16223;12267.84;50;1.16;1;1
16224;11730.21;50;1.23;1;1
16225;12561.09;50;1.17;1;1
16226;11779.08;50;1.26;1;1
16227;12170.09;50;1.18;1;1
16228;11730.21;50;1.22;1;1
16229;12463.34;50;1.17;1;1
16230;12023.46;50;1.25;1;1
16231;12805.47;50;1.20;1;1
16232;11925.71;50;1.28;1;1
16233;12561.09;50;1.19;1;1
16234;12023.46;50;1.26;1;1
16235;12756.60;50;1.20;1;1
16236;12072.34;50;1.28;1;1
16237;12854.35;50;1.21;1;1
16238;12121.21;50;1.29;1;1
16239;12805.47;50;1.21;1;1
16240;12072.34;50;1.28;1;1
16241;12854.35;50;1.21;1;1
16242;12218.96;50;1.29;1;1
16243;12903.23;50;1.22;1;1
16244;12072.34;50;1.29;1;1
16245;12609.97;50;1.21;1;1
16246;12121.21;50;1.26;1;1
16247;12952.10;50;1.21;1;1
16248;12218.96;50;1.30;1;1
16249;12609.97;50;1.22;1;1
16250;12218.96;50;1.26;1;1
16251;12952.10;50;1.22;1;1
16252;12121.21;50;1.30;1;1
16253;13098.73;50;1.21;1;1
16254;12023.46;50;1.31;1;1
16255;12952.10;50;1.20;1;1
16256;12218.96;50;1.30;1;1
16257;12707.72;50;1.22;1;1
16258;12218.96;50;1.27;1;1
16259;13049.85;50;1.22;1;1
16260;12316.71;50;1.30;1;1
16261;13000.98;50;1.23;1;1
16262;12561.09;50;1.30;1;1
16263;13098.73;50;1.26;1;1
16264;12463.34;50;1.31;1;1
16265;13098.73;50;1.25;1;1
16266;12512.22;50;1.31;1;1
16267;13147.60;50;1.25;1;1
16268;12512.22;50;1.31;1;1
16269;13196.48;50;1.25;1;1
16270;12609.97;50;1.32;1;1
16271;13245.36;50;1.26;1;1
16272;12561.09;50;1.32;1;1
16273;13049.85;50;1.26;1;1
16274;12463.34;50;1.30;1;1
16275;13147.60;50;1.25;1;1
16276;12512.22;50;1.31;1;1
16277;13098.73;50;1.25;1;1
16278;12365.59;50;1.31;1;1
16279;13098.73;50;1.24;1;1
16280;12561.09;50;1.31;1;1
16281;13196.48;50;1.26;1;1
16282;12609.97;50;1.32;1;1
16283;13196.48;50;1.26;1;1
16284;12561.09;50;1.32;1;1
16285;12903.23;50;1.26;1;1
16286;12609.97;50;1.29;1;1
16287;12609.97;50;1.26;1;1
16288;12463.34;50;1.26;1;1
16289;12952.10;50;1.25;1;1
16290;12218.96;50;1.30;1;1
16291;12707.72;50;1.22;1;1
16292;12414.47;50;1.27;1;1
16293;12609.97;50;1.24;1;1
16294;12463.34;50;1.26;1;1
16295;12658.85;50;1.25;1;1
16296;12561.09;50;1.27;1;1
16297;12854.35;50;1.26;1;1
16298;12756.60;50;1.29;1;1
16299;13245.36;50;1.28;1;1
16300;12707.72;50;1.32;1;1
16301;13196.48;50;1.27;1;1
16302;12707.72;50;1.32;1;1
16303;13098.73;50;1.27;1;1
16304;12561.09;50;1.31;1;1
16305;13098.73;50;1.26;1;1
16306;12707.72;50;1.31;1;1
16307;12854.35;50;1.27;1;1
16308;12609.97;50;1.29;1;1
16309;12903.23;50;1.26;1;1
16310;12512.22;50;1.29;1;1
16311;13000.98;50;1.25;1;1
16312;12414.47;50;1.30;1;1
16313;12952.10;50;1.24;1;1
16314;12463.34;50;1.30;1;1
16315;12805.47;50;1.25;1;1
16316;12316.71;50;1.28;1;1
16317;12756.60;50;1.23;1;1
16318;12316.71;50;1.28;1;1
16319;12512.22;50;1.23;1;1
16320;12072.34;50;1.25;1;1
16321;12609.97;50;1.21;1;1
16322;12121.21;50;1.26;1;1
16323;12365.59;50;1.21;1;1
16324;12365.59;50;1.24;1;1
16325;12365.59;50;1.24;1;1
16326;12854.35;50;1.24;1;1
16327;12658.85;50;1.29;1;1
16328;12707.72;50;1.27;1;1
16329;12609.97;50;1.27;1;1
16330;12365.59;50;1.26;1;1
16331;12756.60;50;1.24;1;1
16332;12707.72;50;1.28;1;1
16333;12903.23;50;1.27;1;1
16334;12561.09;50;1.29;1;1
16335;12707.72;50;1.26;1;1
16336;12463.34;50;1.27;1;1
16337;12561.09;50;1.25;1;1
16338;12561.09;50;1.26;1;1
16339;12561.09;50;1.26;1;1
16340;12463.34;50;1.26;1;1
16341;12561.09;50;1.25;1;1
16342;12512.22;50;1.26;1;1
16343;12756.60;50;1.25;1;1
16344;12707.72;50;1.28;1;1
16345;12854.35;50;1.27;1;1
16346;12463.34;50;1.29;1;1
16347;12609.97;50;1.25;1;1
16348;12658.85;50;1.26;1;1
16349;12463.34;50;1.27;1;1
16350;12903.23;50;1.25;1;1
16351;12756.60;50;1.29;1;1
16352;12952.10;50;1.28;1;1
16353;12707.72;50;1.30;1;1
16354;12756.60;50;1.27;1;1
16355;12512.22;50;1.28;1;1
16356;12903.23;50;1.25;1;1
16357;12463.34;50;1.29;1;1
16358;13049.85;50;1.25;1;1
16359;12707.72;50;1.30;1;1
16360;13147.60;50;1.27;1;1
16361;12854.35;50;1.31;1;1
16362;13049.85;50;1.29;1;1
16363;12805.47;50;1.30;1;1
16364;13049.85;50;1.28;1;1
16365;12903.23;50;1.30;1;1
16366;13245.36;50;1.29;1;1
16367;12805.47;50;1.32;1;1
16368;13049.85;50;1.28;1;1
16369;12805.47;50;1.30;1;1
16370;13147.60;50;1.28;1;1
16371;12707.72;50;1.31;1;1
16372;13196.48;50;1.27;1;1
16373;12609.97;50;1.32;1;1
16374;13294.23;50;1.26;1;1
16375;12805.47;50;1.33;1;1
16376;13294.23;50;1.28;1;1
16377;12267.84;50;1.33;1;1
16378;12903.23;50;1.23;1;1
16379;12365.59;50;1.29;1;1
16380;12903.23;50;1.24;1;1
16381;12463.34;50;1.29;1;1
16382;12756.60;50;1.25;1;1
16383;12365.59;50;1.28;1;1
16384;12707.72;50;1.24;1;1
16385;12267.84;50;1.27;1;1
16386;12854.35;50;1.23;1;1
16387;12267.84;50;1.29;1;1
16388;12805.47;50;1.23;1;1
16389;12365.59;50;1.28;1;1
16390;13147.60;50;1.24;1;1
16391;12316.71;50;1.31;1;1
16392;12903.23;50;1.23;1;1
16393;12218.96;50;1.29;1;1
16394;13098.73;50;1.22;1;1
16395;12023.46;50;1.31;1;1
16396;13196.48;50;1.20;1;1
16397;12658.85;50;1.32;1;1
16398;12903.23;50;1.27;1;1
16399;12365.59;50;1.29;1;1
16400;12463.34;50;1.24;1;1
16401;11925.71;50;1.25;1;1
16402;12512.22;50;1.19;1;1
16403;11681.33;50;1.25;1;1
16404;12365.59;50;1.17;1;1
16405;12121.21;50;1.24;1;1
16406;12414.47;50;1.21;1;1
16407;12072.34;50;1.24;1;1
16408;12658.85;50;1.21;1;1
16409;12121.21;50;1.27;1;1
16410;12854.35;50;1.21;1;1
16411;12072.34;50;1.29;1;1
16412;12756.60;50;1.21;1;1
16413;12023.46;50;1.28;1;1
16414;12756.60;50;1.20;1;1
16415;11974.58;50;1.28;1;1
16416;12609.97;50;1.20;1;1
16417;12365.59;50;1.26;1;1
16418;12952.10;50;1.24;1;1
16419;12365.59;50;1.30;1;1
16420;12903.23;50;1.24;1;1
16421;12316.71;50;1.29;1;1
16422;12854.35;50;1.23;1;1
16423;12365.59;50;1.29;1;1
16424;12805.47;50;1.24;1;1
16425;12365.59;50;1.28;1;1
16426;13245.36;50;1.24;1;1
16427;12414.47;50;1.32;1;1
16428;13196.48;50;1.24;1;1
16429;12170.09;50;1.32;1;1
16430;13294.23;50;1.22;1;1
16431;12512.22;50;1.33;1;1
16432;13049.85;50;1.25;1;1
16433;12609.97;50;1.30;1;1
16434;12952.10;50;1.26;1;1
16435;12316.71;50;1.30;1;1
16436;13098.73;50;1.23;1;1
16437;12658.85;50;1.31;1;1
16438;13000.98;50;1.27;1;1
16439;12707.72;50;1.30;1;1
16440;13098.73;50;1.27;1;1
16441;12512.22;50;1.31;1;1
16442;12952.10;50;1.25;1;1
16443;12463.34;50;1.30;1;1
16444;12756.60;50;1.25;1;1
16445;12609.97;50;1.28;1;1
16446;13196.48;50;1.26;1;1
16447;12756.60;50;1.32;1;1
16448;12805.47;50;1.28;1;1
16449;12463.34;50;1.28;1;1
16450;12756.60;50;1.25;1;1
16451;12903.23;50;1.28;1;1
16452;12805.47;50;1.29;1;1
16453;12707.72;50;1.28;1;1
16454;12609.97;50;1.27;1;1
16455;12609.97;50;1.26;1;1
16456;12805.47;50;1.26;1;1
16457;12854.35;50;1.28;1;1
16458;12512.22;50;1.29;1;1
16459;12658.85;50;1.25;1;1
16460;12512.22;50;1.27;1;1
16461;12707.72;50;1.25;1;1
16462;12854.35;50;1.27;1;1
16463;12952.10;50;1.29;1;1
16464;12805.47;50;1.30;1;1
16465;13049.85;50;1.28;1;1
16466;12707.72;50;1.30;1;1
16467;12561.09;50;1.27;1;1
16468;12512.22;50;1.26;1;1
16469;12756.60;50;1.25;1;1
16470;12463.34;50;1.28;1;1
16471;12561.09;50;1.25;1;1
16472;12463.34;50;1.26;1;1
16473;12561.09;50;1.25;1;1
16474;12512.22;50;1.26;1;1
16475;13049.85;50;1.25;1;1
16476;12903.23;50;1.30;1;1
16477;12805.47;50;1.29;1;1
16478;13000.98;50;1.28;1;1
16479;13000.98;50;1.30;1;1
16480;12952.10;50;1.30;1;1
16481;13147.60;50;1.30;1;1
16482;12854.35;50;1.31;1;1
16483;13245.36;50;1.29;1;1
16484;12854.35;50;1.32;1;1
16485;13343.11;50;1.29;1;1
16486;12658.85;50;1.33;1;1
16487;13294.23;50;1.27;1;1
16488;12854.35;50;1.33;1;1
16489;13440.86;50;1.29;1;1
16490;12952.10;50;1.34;1;1
16491;13196.48;50;1.30;1;1
16492;12903.23;50;1.32;1;1
16493;13440.86;50;1.29;1;1
16494;12805.47;50;1.34;1;1
16495;13245.36;50;1.28;1;1
16496;12658.85;50;1.32;1;1
16497;13587.49;50;1.27;1;1
16498;12463.34;50;1.36;1;1
16499;13000.98;50;1.25;1;1
16500;12561.09;50;1.30;1;1
16501;13147.60;50;1.26;1;1
16502;12414.47;50;1.31;1;1
16503;12952.10;50;1.24;1;1
16504;12414.47;50;1.30;1;1
16505;13245.36;50;1.24;1;1
16506;12805.47;50;1.32;1;1
16507;13049.85;50;1.28;1;1
16508;12512.22;50;1.30;1;1
16509;13245.36;50;1.25;1;1
16510;13000.98;50;1.32;1;1
16511;13831.87;50;1.30;1;1
16512;12658.85;50;1.38;1;1
16513;13538.61;50;1.27;1;1
16514;12561.09;50;1.35;1;1
16515;13343.11;50;1.26;1;1
16516;12658.85;50;1.33;1;1
16517;13685.24;50;1.27;1;1
16518;12707.72;50;1.37;1;1
16519;13343.11;50;1.27;1;1
16520;12609.97;50;1.33;1;1
16521;13294.23;50;1.26;1;1
16522;13049.85;50;1.33;1;1
16523;13343.11;50;1.30;1;1
16524;12463.34;50;1.33;1;1
16525;13294.23;50;1.25;1;1
16526;12561.09;50;1.33;1;1
16527;13978.49;50;1.26;1;1
16528;12903.23;50;1.40;1;1
16529;13489.74;50;1.29;1;1
16530;12707.72;50;1.35;1;1
16531;13294.23;50;1.27;1;1
16532;12952.10;50;1.33;1;1
16533;13685.24;50;1.30;1;1
16534;13587.49;50;1.37;1;1
16535;13734.12;50;1.36;1;1
16536;12854.35;50;1.37;1;1
16537;13440.86;50;1.29;1;1
16538;12609.97;50;1.34;1;1
16539;13391.98;50;1.26;1;1
16540;12609.97;50;1.34;1;1
16541;13489.74;50;1.26;1;1
16542;12561.09;50;1.35;1;1
16543;13538.61;50;1.26;1;1
16544;13147.60;50;1.35;1;1
16545;13734.12;50;1.31;1;1
16546;12658.85;50;1.37;1;1
16547;13538.61;50;1.27;1;1
16548;12707.72;50;1.35;1;1
16549;13831.87;50;1.27;1;1
16550;12658.85;50;1.38;1;1
16551;13294.23;50;1.27;1;1
16552;12707.72;50;1.33;1;1
16553;13440.86;50;1.27;1;1
16554;12658.85;50;1.34;1;1
16555;13343.11;50;1.27;1;1
16556;13245.36;50;1.33;1;1
16557;13098.73;50;1.32;1;1
16558;12952.10;50;1.31;1;1
16559;13391.98;50;1.30;1;1
16560;12805.47;50;1.34;1;1
16561;13489.74;50;1.28;1;1
16562;13147.60;50;1.35;1;1
16563;14222.87;50;1.31;1;1
16564;13538.61;50;1.42;1;1
16565;13929.62;50;1.35;1;1
16566;13489.74;50;1.39;1;1
16567;14222.87;50;1.35;1;1
16568;13440.86;50;1.42;1;1
16569;13782.99;50;1.34;1;1
16570;13391.98;50;1.38;1;1
16571;14076.25;50;1.34;1;1
16572;13587.49;50;1.41;1;1
16573;13685.24;50;1.36;1;1
16574;13294.23;50;1.37;1;1
16575;13636.36;50;1.33;1;1
16576;13391.98;50;1.36;1;1
16577;13685.24;50;1.34;1;1
16578;13245.36;50;1.37;1;1
16579;13831.87;50;1.32;1;1
16580;13538.61;50;1.38;1;1
16581;13978.49;50;1.35;1;1
16582;13782.99;50;1.40;1;1
16583;13734.12;50;1.38;1;1
16584;13538.61;50;1.37;1;1
16585;13978.49;50;1.35;1;1
16586;13489.74;50;1.40;1;1
16587;13831.87;50;1.35;1;1
16588;13245.36;50;1.38;1;1
16589;13831.87;50;1.32;1;1
16590;13440.86;50;1.38;1;1
16591;13685.24;50;1.34;1;1
16592;13343.11;50;1.37;1;1
16593;13929.62;50;1.33;1;1
16594;13538.61;50;1.39;1;1
16595;13880.74;50;1.35;1;1
16596;13294.23;50;1.39;1;1
16597;13880.74;50;1.33;1;1
16598;13440.86;50;1.39;1;1
16599;13538.61;50;1.34;1;1
16600;13685.24;50;1.35;1;1
16601;13734.12;50;1.37;1;1
16602;13587.49;50;1.37;1;1
16603;13685.24;50;1.36;1;1
16604;14027.37;50;1.37;1;1
16605;13587.49;50;1.40;1;1
16606;13782.99;50;1.36;1;1
16607;13685.24;50;1.38;1;1
16608;13782.99;50;1.37;1;1
16609;13685.24;50;1.38;1;1
16610;13636.36;50;1.37;1;1
16611;13782.99;50;1.36;1;1
16612;13636.36;50;1.38;1;1
16613;13440.86;50;1.36;1;1
16614;13636.36;50;1.34;1;1
16615;13440.86;50;1.36;1;1
16616;13734.12;50;1.34;1;1
16617;13391.98;50;1.37;1;1
16618;13685.24;50;1.34;1;1
16619;13294.23;50;1.37;1;1
16620;13538.61;50;1.33;1;1
16621;13098.73;50;1.35;1;1
16622;13489.74;50;1.31;1;1
16623;13098.73;50;1.35;1;1
16624;13489.74;50;1.31;1;1
16625;13000.98;50;1.35;1;1
16626;13538.61;50;1.30;1;1
16627;13196.48;50;1.35;1;1
16628;13538.61;50;1.32;1;1
16629;13343.11;50;1.35;1;1
16630;13391.98;50;1.33;1;1
16631;13196.48;50;1.34;1;1
16632;13831.87;50;1.32;1;1
16633;13147.60;50;1.38;1;1
16634;13636.36;50;1.31;1;1
16635;13000.98;50;1.36;1;1
16636;13734.12;50;1.30;1;1
16637;12854.35;50;1.37;1;1
16638;13831.87;50;1.29;1;1
16639;13098.73;50;1.38;1;1
16640;13636.36;50;1.31;1;1
16641;12854.35;50;1.36;1;1
16642;13489.74;50;1.29;1;1
16643;12854.35;50;1.35;1;1
16644;13440.86;50;1.29;1;1
16645;12805.47;50;1.34;1;1
16646;13538.61;50;1.28;1;1
16647;12854.35;50;1.35;1;1
16648;13538.61;50;1.29;1;1
16649;12756.60;50;1.35;1;1
16650;13782.99;50;1.28;1;1
16651;12903.23;50;1.38;1;1
16652;13685.24;50;1.29;1;1
16653;13000.98;50;1.37;1;1
16654;13880.74;50;1.30;1;1
16655;12756.60;50;1.39;1;1
16656;13831.87;50;1.28;1;1
16657;12952.10;50;1.38;1;1
16658;13587.49;50;1.30;1;1
16659;12952.10;50;1.36;1;1
16660;13978.49;50;1.30;1;1
16661;12903.23;50;1.40;1;1
16662;13538.61;50;1.29;1;1
16663;12805.47;50;1.35;1;1
16664;13587.49;50;1.28;1;1
16665;12707.72;50;1.36;1;1
16666;13245.36;50;1.27;1;1
16667;12512.22;50;1.32;1;1
16668;13245.36;50;1.25;1;1
16669;12414.47;50;1.32;1;1
16670;13245.36;50;1.24;1;1
16671;12609.97;50;1.32;1;1
16672;13343.11;50;1.26;1;1
16673;12561.09;50;1.33;1;1
16674;13489.74;50;1.26;1;1
16675;12658.85;50;1.35;1;1
16676;13343.11;50;1.27;1;1
16677;12658.85;50;1.33;1;1
16678;13343.11;50;1.27;1;1
16679;12756.60;50;1.33;1;1
16680;13440.86;50;1.28;1;1
16681;12952.10;50;1.34;1;1
16682;13538.61;50;1.30;1;1
16683;12658.85;50;1.35;1;1
16684;13489.74;50;1.27;1;1
16685;12903.23;50;1.35;1;1
16686;13440.86;50;1.29;1;1
16687;12854.35;50;1.34;1;1
16688;13391.98;50;1.29;1;1
16689;12561.09;50;1.34;1;1
16690;13489.74;50;1.26;1;1
16691;12903.23;50;1.35;1;1
16692;13391.98;50;1.29;1;1
16693;12756.60;50;1.34;1;1
16694;13587.49;50;1.28;1;1
16695;12854.35;50;1.36;1;1
16696;13294.23;50;1.29;1;1
16697;12854.35;50;1.33;1;1
16698;13440.86;50;1.29;1;1
16699;12854.35;50;1.34;1;1
16700;13440.86;50;1.29;1;1
16701;12756.60;50;1.34;1;1
16702;13685.24;50;1.28;1;1
16703;12854.35;50;1.37;1;1
16704;13294.23;50;1.29;1;1
16705;12658.85;50;1.33;1;1
16706;13245.36;50;1.27;1;1
16707;12707.72;50;1.32;1;1
16708;13294.23;50;1.27;1;1
16709;12512.22;50;1.33;1;1
16710;13098.73;50;1.25;1;1
16711;12463.34;50;1.31;1;1
16712;13245.36;50;1.25;1;1
16713;12707.72;50;1.32;1;1
16714;13391.98;50;1.27;1;1
16715;12707.72;50;1.34;1;1
16716;13343.11;50;1.27;1;1
16717;12609.97;50;1.33;1;1
16718;13245.36;50;1.26;1;1
16719;12707.72;50;1.32;1;1
16720;13391.98;50;1.27;1;1
16721;12609.97;50;1.34;1;1
16722;13343.11;50;1.26;1;1
16723;12609.97;50;1.33;1;1
16724;13489.74;50;1.26;1;1
16725;12658.85;50;1.35;1;1
16726;13440.86;50;1.27;1;1
16727;12561.09;50;1.34;1;1
16728;13587.49;50;1.26;1;1
16729;12707.72;50;1.36;1;1
16730;13636.36;50;1.27;1;1
16731;12805.47;50;1.36;1;1
16732;13440.86;50;1.28;1;1
16733;12609.97;50;1.34;1;1
16734;13343.11;50;1.26;1;1
16735;12609.97;50;1.33;1;1
16736;13391.98;50;1.26;1;1
16737;12756.60;50;1.34;1;1
16738;13294.23;50;1.28;1;1
16739;12952.10;50;1.33;1;1
16740;13734.12;50;1.30;1;1
16741;13049.85;50;1.37;1;1
16742;13587.49;50;1.30;1;1
16743;13049.85;50;1.36;1;1
16744;13734.12;50;1.30;1;1
16745;12805.47;50;1.37;1;1
16746;13538.61;50;1.28;1;1
16747;12854.35;50;1.35;1;1
16748;13538.61;50;1.29;1;1
16749;13049.85;50;1.35;1;1
16750;13636.36;50;1.30;1;1
16751;13049.85;50;1.36;1;1
16752;13538.61;50;1.30;1;1
16753;12854.35;50;1.35;1;1
16754;13587.49;50;1.29;1;1
16755;12952.10;50;1.36;1;1
16756;13538.61;50;1.30;1;1
16757;12854.35;50;1.35;1;1
16758;13685.24;50;1.29;1;1
16759;13049.85;50;1.37;1;1
16760;13538.61;50;1.30;1;1
16761;12903.23;50;1.35;1;1
16762;13587.49;50;1.29;1;1
16763;13049.85;50;1.36;1;1
16764;13538.61;50;1.30;1;1
16765;12952.10;50;1.35;1;1
16766;13391.98;50;1.30;1;1
16767;13049.85;50;1.34;1;1
16768;13538.61;50;1.30;1;1
16769;12952.10;50;1.35;1;1
16770;13489.74;50;1.30;1;1
16771;12952.10;50;1.35;1;1
16772;13294.23;50;1.30;1;1
16773;12707.72;50;1.33;1;1
16774;13294.23;50;1.27;1;1
16775;12756.60;50;1.33;1;1
16776;13294.23;50;1.28;1;1
16777;13000.98;50;1.33;1;1
16778;13294.23;50;1.30;1;1
16779;13196.48;50;1.33;1;1
16780;13049.85;50;1.32;1;1
16781;12854.35;50;1.30;1;1
16782;13196.48;50;1.29;1;1
16783;13196.48;50;1.32;1;1
16784;13245.36;50;1.32;1;1
16785;12658.85;50;1.32;1;1
16786;13000.98;50;1.27;1;1
16787;12609.97;50;1.30;1;1
16788;13196.48;50;1.26;1;1
16789;12756.60;50;1.32;1;1
16790;12805.47;50;1.28;1;1
16791;12609.97;50;1.28;1;1
16792;12805.47;50;1.26;1;1
16793;12561.09;50;1.28;1;1
16794;12756.60;50;1.26;1;1
16795;12756.60;50;1.28;1;1
16796;12609.97;50;1.28;1;1
16797;12707.72;50;1.26;1;1
16798;12658.85;50;1.27;1;1
16799;12707.72;50;1.27;1;1
16800;12854.35;50;1.27;1;1
16801;13294.23;50;1.29;1;1
16802;13294.23;50;1.33;1;1
16803;13294.23;50;1.33;1;1
16804;13098.73;50;1.33;1;1
16805;13294.23;50;1.31;1;1
16806;13000.98;50;1.33;1;1
16807;12805.47;50;1.30;1;1
16808;13245.36;50;1.28;1;1
16809;13000.98;50;1.32;1;1
16810;13000.98;50;1.30;1;1
16811;13098.73;50;1.30;1;1
16812;12463.34;50;1.31;1;1
16813;12561.09;50;1.25;1;1
16814;12707.72;50;1.26;1;1
16815;12512.22;50;1.27;1;1
16816;12512.22;50;1.25;1;1
16817;12609.97;50;1.25;1;1
16818;12707.72;50;1.26;1;1
16819;12561.09;50;1.27;1;1
16820;12609.97;50;1.26;1;1
16821;12903.23;50;1.26;1;1
16822;12756.60;50;1.29;1;1
16823;13196.48;50;1.28;1;1
16824;12952.10;50;1.32;1;1
16825;13196.48;50;1.30;1;1
16826;13000.98;50;1.32;1;1
16827;13196.48;50;1.30;1;1
16828;12707.72;50;1.32;1;1
16829;12805.47;50;1.27;1;1
16830;12854.35;50;1.28;1;1
16831;12805.47;50;1.29;1;1
16832;12609.97;50;1.28;1;1
16833;12854.35;50;1.26;1;1
16834;13000.98;50;1.29;1;1
16835;13147.60;50;1.30;1;1
16836;12952.10;50;1.31;1;1
16837;13147.60;50;1.30;1;1
16838;12952.10;50;1.31;1;1
16839;13049.85;50;1.30;1;1
16840;12952.10;50;1.30;1;1
16841;13245.36;50;1.30;1;1
16842;13000.98;50;1.32;1;1
16843;13343.11;50;1.30;1;1
16844;13000.98;50;1.33;1;1
16845;13245.36;50;1.30;1;1
16846;12903.23;50;1.32;1;1
16847;13245.36;50;1.29;1;1
16848;12707.72;50;1.32;1;1
16849;13245.36;50;1.27;1;1
16850;13000.98;50;1.32;1;1
16851;13245.36;50;1.30;1;1
16852;12903.23;50;1.32;1;1
16853;13343.11;50;1.29;1;1
16854;13049.85;50;1.33;1;1
16855;13538.61;50;1.30;1;1
16856;12854.35;50;1.35;1;1
16857;13440.86;50;1.29;1;1
16858;12854.35;50;1.34;1;1
16859;13147.60;50;1.29;1;1
16860;12414.47;50;1.31;1;1
16861;12952.10;50;1.24;1;1
16862;12707.72;50;1.30;1;1
16863;13147.60;50;1.27;1;1
16864;12561.09;50;1.31;1;1
16865;12903.23;50;1.26;1;1
16866;12414.47;50;1.29;1;1
16867;12903.23;50;1.24;1;1
16868;12414.47;50;1.29;1;1
16869;13049.85;50;1.24;1;1
16870;12414.47;50;1.30;1;1
16871;13098.73;50;1.24;1;1
16872;12512.22;50;1.31;1;1
16873;12903.23;50;1.25;1;1
16874;12170.09;50;1.29;1;1
16875;12756.60;50;1.22;1;1
16876;12609.97;50;1.28;1;1
16877;13098.73;50;1.26;1;1
16878;12365.59;50;1.31;1;1
16879;13147.60;50;1.24;1;1
16880;12561.09;50;1.31;1;1
16881;13049.85;50;1.26;1;1
16882;12512.22;50;1.30;1;1
16883;13391.98;50;1.25;1;1
16884;12561.09;50;1.34;1;1
16885;13343.11;50;1.26;1;1
16886;12658.85;50;1.33;1;1
16887;13489.74;50;1.27;1;1
16888;12756.60;50;1.35;1;1
16889;13440.86;50;1.28;1;1
16890;12609.97;50;1.34;1;1
16891;13294.23;50;1.26;1;1
16892;12756.60;50;1.33;1;1
16893;13391.98;50;1.28;1;1
16894;12609.97;50;1.34;1;1
16895;13343.11;50;1.26;1;1
16896;12512.22;50;1.33;1;1
16897;13147.60;50;1.25;1;1
16898;12365.59;50;1.31;1;1
16899;13391.98;50;1.24;1;1
16900;12512.22;50;1.34;1;1
16901;13196.48;50;1.25;1;1
16902;12512.22;50;1.32;1;1
16903;13098.73;50;1.25;1;1
16904;12414.47;50;1.31;1;1
16905;13147.60;50;1.24;1;1
16906;12414.47;50;1.31;1;1
16907;13343.11;50;1.24;1;1
16908;12414.47;50;1.33;1;1
16909;13049.85;50;1.24;1;1
16910;12218.96;50;1.30;1;1
16911;13000.98;50;1.22;1;1
16912;12170.09;50;1.30;1;1
16913;12805.47;50;1.22;1;1
16914;12072.34;50;1.28;1;1
16915;12756.60;50;1.21;1;1
16916;12023.46;50;1.28;1;1
16917;12561.09;50;1.20;1;1
16918;12023.46;50;1.26;1;1
16919;12707.72;50;1.20;1;1
16920;12121.21;50;1.27;1;1
16921;12854.35;50;1.21;1;1
16922;12023.46;50;1.29;1;1
16923;12903.23;50;1.20;1;1
16924;11876.83;50;1.29;1;1
16925;12512.22;50;1.19;1;1
16926;11925.71;50;1.25;1;1
16927;12609.97;50;1.19;1;1
16928;11974.58;50;1.26;1;1
16929;12756.60;50;1.20;1;1
16930;12170.09;50;1.28;1;1
16931;12805.47;50;1.22;1;1
16932;12072.34;50;1.28;1;1
16933;12707.72;50;1.21;1;1
16934;12267.84;50;1.27;1;1
16935;12854.35;50;1.23;1;1
16936;12170.09;50;1.29;1;1
16937;12854.35;50;1.22;1;1
16938;12218.96;50;1.29;1;1
16939;12805.47;50;1.22;1;1
16940;12072.34;50;1.28;1;1
16941;12658.85;50;1.21;1;1
16942;11974.58;50;1.27;1;1
16943;12805.47;50;1.20;1;1
16944;12218.96;50;1.28;1;1
16945;12854.35;50;1.22;1;1
16946;12365.59;50;1.29;1;1
16947;12854.35;50;1.24;1;1
16948;12218.96;50;1.29;1;1
16949;12756.60;50;1.22;1;1
16950;12463.34;50;1.28;1;1
16951;13049.85;50;1.25;1;1
16952;12463.34;50;1.30;1;1
16953;12854.35;50;1.25;1;1
16954;12414.47;50;1.29;1;1
16955;12756.60;50;1.24;1;1
16956;12414.47;50;1.28;1;1
16957;12805.47;50;1.24;1;1
16958;12267.84;50;1.28;1;1
16959;12805.47;50;1.23;1;1
16960;12463.34;50;1.28;1;1
16961;12854.35;50;1.25;1;1
16962;12609.97;50;1.29;1;1
16963;12854.35;50;1.26;1;1
16964;12463.34;50;1.29;1;1
16965;12952.10;50;1.25;1;1
16966;12463.34;50;1.30;1;1
16967;13391.98;50;1.25;1;1
16968;12512.22;50;1.34;1;1
16969;12952.10;50;1.25;1;1
16970;12365.59;50;1.30;1;1
16971;12952.10;50;1.24;1;1
16972;12805.47;50;1.30;1;1
16973;13098.73;50;1.28;1;1
16974;12658.85;50;1.31;1;1
16975;13343.11;50;1.27;1;1
16976;12463.34;50;1.33;1;1
16977;13049.85;50;1.25;1;1
16978;12707.72;50;1.30;1;1
16979;12952.10;50;1.27;1;1
16980;12854.35;50;1.30;1;1
16981;13147.60;50;1.29;1;1
16982;12609.97;50;1.31;1;1
16983;12805.47;50;1.26;1;1
16984;12658.85;50;1.28;1;1
16985;12854.35;50;1.27;1;1
16986;12707.72;50;1.29;1;1
16987;13098.73;50;1.27;1;1
16988;12854.35;50;1.31;1;1
16989;13098.73;50;1.29;1;1
16990;12609.97;50;1.31;1;1
16991;12952.10;50;1.26;1;1
16992;12658.85;50;1.30;1;1
16993;13147.60;50;1.27;1;1
16994;12463.34;50;1.31;1;1
16995;12903.23;50;1.25;1;1
16996;12365.59;50;1.29;1;1
16997;12903.23;50;1.24;1;1
16998;12365.59;50;1.29;1;1
16999;13000.98;50;1.24;1;1
17000;12609.97;50;1.30;1;1
17001;12756.60;50;1.26;1;1
17002;12512.22;50;1.28;1;1
17003;12707.72;50;1.25;1;1
17004;12756.60;50;1.27;1;1
17005;12854.35;50;1.28;1;1
17006;12756.60;50;1.29;1;1
17007;12658.85;50;1.28;1;1
17008;12903.23;50;1.27;1;1
17009;13196.48;50;1.29;1;1
17010;12903.23;50;1.32;1;1
17011;12903.23;50;1.29;1;1
17012;12952.10;50;1.29;1;1
17013;12707.72;50;1.30;1;1
17014;12952.10;50;1.27;1;1
17015;12805.47;50;1.30;1;1
17016;12854.35;50;1.28;1;1
17017;12512.22;50;1.29;1;1
17018;12658.85;50;1.25;1;1
17019;12805.47;50;1.27;1;1
17020;12609.97;50;1.28;1;1
17021;12512.22;50;1.26;1;1
17022;12756.60;50;1.25;1;1
17023;12658.85;50;1.28;1;1
17024;12561.09;50;1.27;1;1
17025;12658.85;50;1.26;1;1
17026;12463.34;50;1.27;1;1
17027;12609.97;50;1.25;1;1
17028;12414.47;50;1.26;1;1
17029;12707.72;50;1.24;1;1
17030;12316.71;50;1.27;1;1
17031;12903.23;50;1.23;1;1
17032;12561.09;50;1.29;1;1
17033;12903.23;50;1.26;1;1
17034;12512.22;50;1.29;1;1
17035;12952.10;50;1.25;1;1
17036;12561.09;50;1.30;1;1
17037;12952.10;50;1.26;1;1
17038;12756.60;50;1.30;1;1
17039;12903.23;50;1.28;1;1
17040;12609.97;50;1.29;1;1
17041;12805.47;50;1.26;1;1
17042;12561.09;50;1.28;1;1
17043;12609.97;50;1.26;1;1
17044;12365.59;50;1.26;1;1
17045;12658.85;50;1.24;1;1
17046;12463.34;50;1.27;1;1
17047;12952.10;50;1.25;1;1
17048;12463.34;50;1.30;1;1
17049;12756.60;50;1.25;1;1
17050;12316.71;50;1.28;1;1
17051;12463.34;50;1.23;1;1
17052;12463.34;50;1.25;1;1
17053;12658.85;50;1.25;1;1
17054;13000.98;50;1.27;1;1
17055;13000.98;50;1.30;1;1
17056;12805.47;50;1.30;1;1
17057;13294.23;50;1.28;1;1
17058;12854.35;50;1.33;1;1
17059;13147.60;50;1.29;1;1
17060;13049.85;50;1.31;1;1
17061;13440.86;50;1.30;1;1
17062;13196.48;50;1.34;1;1
17063;13147.60;50;1.32;1;1
17064;13049.85;50;1.31;1;1
17065;13343.11;50;1.30;1;1
17066;13000.98;50;1.33;1;1
17067;13245.36;50;1.30;1;1
17068;12658.85;50;1.32;1;1
17069;13049.85;50;1.27;1;1
17070;12756.60;50;1.30;1;1
17071;13391.98;50;1.28;1;1
17072;12756.60;50;1.34;1;1
17073;13196.48;50;1.28;1;1
17074;12658.85;50;1.32;1;1
17075;12903.23;50;1.27;1;1
17076;12903.23;50;1.29;1;1
17077;13098.73;50;1.29;1;1
17078;13000.98;50;1.31;1;1
17079;13147.60;50;1.30;1;1
17080;13000.98;50;1.31;1;1
17081;13147.60;50;1.30;1;1
17082;12903.23;50;1.31;1;1
17083;13098.73;50;1.29;1;1
17084;12854.35;50;1.31;1;1
17085;13147.60;50;1.29;1;1
17086;12903.23;50;1.31;1;1
17087;13098.73;50;1.29;1;1
17088;13000.98;50;1.31;1;1
17089;13049.85;50;1.30;1;1
17090;13147.60;50;1.30;1;1
17091;13147.60;50;1.31;1;1
17092;13000.98;50;1.31;1;1
17093;13049.85;50;1.30;1;1
17094;12952.10;50;1.30;1;1
17095;12952.10;50;1.30;1;1
17096;13000.98;50;1.30;1;1
17097;12903.23;50;1.30;1;1
17098;13245.36;50;1.29;1;1
17099;12952.10;50;1.32;1;1
17100;13049.85;50;1.30;1;1
17101;13000.98;50;1.30;1;1
17102;13147.60;50;1.30;1;1
17103;12756.60;50;1.31;1;1
17104;12952.10;50;1.28;1;1
17105;12658.85;50;1.30;1;1
17106;13245.36;50;1.27;1;1
17107;12805.47;50;1.32;1;1
17108;13049.85;50;1.28;1;1
17109;12756.60;50;1.30;1;1
17110;13000.98;50;1.28;1;1
17111;12609.97;50;1.30;1;1
17112;12805.47;50;1.26;1;1
17113;12707.72;50;1.28;1;1
17114;13049.85;50;1.27;1;1
17115;12609.97;50;1.30;1;1
17116;13049.85;50;1.26;1;1
17117;12463.34;50;1.30;1;1
17118;12952.10;50;1.25;1;1
17119;12463.34;50;1.30;1;1
17120;13098.73;50;1.25;1;1
17121;12512.22;50;1.31;1;1
17122;13000.98;50;1.25;1;1
17123;12512.22;50;1.30;1;1
17124;13049.85;50;1.25;1;1
17125;12316.71;50;1.30;1;1
17126;12903.23;50;1.23;1;1
17127;12463.34;50;1.29;1;1
17128;13147.60;50;1.25;1;1
17129;12365.59;50;1.31;1;1
17130;13000.98;50;1.24;1;1
17131;12316.71;50;1.30;1;1
17132;13000.98;50;1.23;1;1
17133;12267.84;50;1.30;1;1
17134;12952.10;50;1.23;1;1
17135;12365.59;50;1.30;1;1
17136;13196.48;50;1.24;1;1
17137;12609.97;50;1.32;1;1
17138;13294.23;50;1.26;1;1
17139;12609.97;50;1.33;1;1
17140;13245.36;50;1.26;1;1
17141;12756.60;50;1.32;1;1
17142;13294.23;50;1.28;1;1
17143;12463.34;50;1.33;1;1
17144;13343.11;50;1.25;1;1
17145;12609.97;50;1.33;1;1
17146;13440.86;50;1.26;1;1
17147;12561.09;50;1.34;1;1
17148;13440.86;50;1.26;1;1
17149;12658.85;50;1.34;1;1
17150;13147.60;50;1.27;1;1
17151;12756.60;50;1.31;1;1
17152;13636.36;50;1.28;1;1
17153;13000.98;50;1.36;1;1
17154;13782.99;50;1.30;1;1
17155;13000.98;50;1.38;1;1
17156;13685.24;50;1.30;1;1
17157;12805.47;50;1.37;1;1
17158;13685.24;50;1.28;1;1
17159;13000.98;50;1.37;1;1
17160;13538.61;50;1.30;1;1
17161;12903.23;50;1.35;1;1
17162;13636.36;50;1.29;1;1
17163;12756.60;50;1.36;1;1
17164;13636.36;50;1.28;1;1
17165;13098.73;50;1.36;1;1
17166;13734.12;50;1.31;1;1
17167;12756.60;50;1.37;1;1
17168;13391.98;50;1.28;1;1
17169;12756.60;50;1.34;1;1
17170;13343.11;50;1.28;1;1
17171;12805.47;50;1.33;1;1
17172;13343.11;50;1.28;1;1
17173;13000.98;50;1.33;1;1
17174;13538.61;50;1.30;1;1
17175;13098.73;50;1.35;1;1
17176;13245.36;50;1.31;1;1
17177;12756.60;50;1.32;1;1
17178;13391.98;50;1.28;1;1
17179;12854.35;50;1.34;1;1
17180;13196.48;50;1.29;1;1
17181;12561.09;50;1.32;1;1
17182;13049.85;50;1.26;1;1
17183;12414.47;50;1.30;1;1
17184;13049.85;50;1.24;1;1
17185;12658.85;50;1.30;1;1
17186;13000.98;50;1.27;1;1
17187;12658.85;50;1.30;1;1
17188;13147.60;50;1.27;1;1
17189;12414.47;50;1.31;1;1
17190;13147.60;50;1.24;1;1
17191;12756.60;50;1.31;1;1
17192;13098.73;50;1.28;1;1
17193;12707.72;50;1.31;1;1
17194;13196.48;50;1.27;1;1
17195;12805.47;50;1.32;1;1
17196;13196.48;50;1.28;1;1
17197;13049.85;50;1.32;1;1
17198;13245.36;50;1.30;1;1
17199;12903.23;50;1.32;1;1
17200;13245.36;50;1.29;1;1
17201;13000.98;50;1.32;1;1
17202;13196.48;50;1.30;1;1
17203;13000.98;50;1.32;1;1
17204;13000.98;50;1.30;1;1
17205;13147.60;50;1.30;1;1
17206;13000.98;50;1.31;1;1
17207;12952.10;50;1.30;1;1
17208;12903.23;50;1.30;1;1
17209;12805.47;50;1.29;1;1
17210;12609.97;50;1.28;1;1
17211;12854.35;50;1.26;1;1
17212;13098.73;50;1.29;1;1
17213;12952.10;50;1.31;1;1
17214;12854.35;50;1.30;1;1
17215;13000.98;50;1.29;1;1
17216;13049.85;50;1.30;1;1
17217;13049.85;50;1.30;1;1
17218;12805.47;50;1.30;1;1
17219;13147.60;50;1.28;1;1
17220;12952.10;50;1.31;1;1
17221;13245.36;50;1.30;1;1
17222;13049.85;50;1.32;1;1
17223;13294.23;50;1.30;1;1
17224;12756.60;50;1.33;1;1
17225;13343.11;50;1.28;1;1
17226;13000.98;50;1.33;1;1
17227;13391.98;50;1.30;1;1
17228;12805.47;50;1.34;1;1
17229;13147.60;50;1.28;1;1
17230;12854.35;50;1.31;1;1
17231;13196.48;50;1.29;1;1
17232;12756.60;50;1.32;1;1
17233;13049.85;50;1.28;1;1
17234;12952.10;50;1.30;1;1
17235;13147.60;50;1.30;1;1
17236;12854.35;50;1.31;1;1
17237;13196.48;50;1.29;1;1
17238;12707.72;50;1.32;1;1
17239;13440.86;50;1.27;1;1
17240;13294.23;50;1.34;1;1
17241;13440.86;50;1.33;1;1
17242;12805.47;50;1.34;1;1
17243;13196.48;50;1.28;1;1
17244;12854.35;50;1.32;1;1
17245;13343.11;50;1.29;1;1
17246;12805.47;50;1.33;1;1
17247;13391.98;50;1.28;1;1
17248;12952.10;50;1.34;1;1
17249;13196.48;50;1.30;1;1
17250;12658.85;50;1.32;1;1
17251;13196.48;50;1.27;1;1
17252;12512.22;50;1.32;1;1
17253;13098.73;50;1.25;1;1
17254;12707.72;50;1.31;1;1
17255;13538.61;50;1.27;1;1
17256;12658.85;50;1.35;1;1
17257;13440.86;50;1.27;1;1
17258;13000.98;50;1.34;1;1
17259;13147.60;50;1.30;1;1
17260;12463.34;50;1.31;1;1
17261;13098.73;50;1.25;1;1
17262;12658.85;50;1.31;1;1
17263;13343.11;50;1.27;1;1
17264;12707.72;50;1.33;1;1
17265;13343.11;50;1.27;1;1
17266;12512.22;50;1.33;1;1
17267;13391.98;50;1.25;1;1
17268;12707.72;50;1.34;1;1
17269;13489.74;50;1.27;1;1
17270;12707.72;50;1.35;1;1
17271;13440.86;50;1.27;1;1
17272;12756.60;50;1.34;1;1
17273;13440.86;50;1.28;1;1
17274;12658.85;50;1.34;1;1
17275;13294.23;50;1.27;1;1
17276;12609.97;50;1.33;1;1
17277;13538.61;50;1.26;1;1
17278;12756.60;50;1.35;1;1
17279;13245.36;50;1.28;1;1
17280;12707.72;50;1.32;1;1
17281;13343.11;50;1.27;1;1
17282;12756.60;50;1.33;1;1
17283;13245.36;50;1.28;1;1
17284;12707.72;50;1.32;1;1
17285;13245.36;50;1.27;1;1
17286;12756.60;50;1.32;1;1
17287;13343.11;50;1.28;1;1
17288;12707.72;50;1.33;1;1
17289;13294.23;50;1.27;1;1
17290;12854.35;50;1.33;1;1
17291;13245.36;50;1.29;1;1
17292;12707.72;50;1.32;1;1
17293;13343.11;50;1.27;1;1
17294;12756.60;50;1.33;1;1
17295;13440.86;50;1.28;1;1
17296;12756.60;50;1.34;1;1
17297;13098.73;50;1.28;1;1
17298;12561.09;50;1.31;1;1
17299;13245.36;50;1.26;1;1
17300;12903.23;50;1.32;1;1
17301;13440.86;50;1.29;1;1
17302;12463.34;50;1.34;1;1
17303;13245.36;50;1.25;1;1
17304;12658.85;50;1.32;1;1
17305;13343.11;50;1.27;1;1
17306;12609.97;50;1.33;1;1
17307;13147.60;50;1.26;1;1
17308;12512.22;50;1.31;1;1
17309;13196.48;50;1.25;1;1
17310;12365.59;50;1.32;1;1
17311;13000.98;50;1.24;1;1
17312;12512.22;50;1.30;1;1
17313;13538.61;50;1.25;1;1
17314;13049.85;50;1.35;1;1
17315;13343.11;50;1.30;1;1
17316;12756.60;50;1.33;1;1
17317;13587.49;50;1.28;1;1
17318;12903.23;50;1.36;1;1
17319;13538.61;50;1.29;1;1
17320;12756.60;50;1.35;1;1
17321;13538.61;50;1.28;1;1
17322;13000.98;50;1.35;1;1
17323;13587.49;50;1.30;1;1
17324;12756.60;50;1.36;1;1
17325;13685.24;50;1.28;1;1
17326;12952.10;50;1.37;1;1
17327;13538.61;50;1.30;1;1
17328;12707.72;50;1.35;1;1
17329;13391.98;50;1.27;1;1
17330;12805.47;50;1.34;1;1
17331;13685.24;50;1.28;1;1
17332;12903.23;50;1.37;1;1
17333;13538.61;50;1.29;1;1
17334;12658.85;50;1.35;1;1
17335;13538.61;50;1.27;1;1
17336;13000.98;50;1.35;1;1
17337;13391.98;50;1.30;1;1
17338;12756.60;50;1.34;1;1
17339;13391.98;50;1.28;1;1
17340;12756.60;50;1.34;1;1
17341;13147.60;50;1.28;1;1
17342;12609.97;50;1.31;1;1
17343;13294.23;50;1.26;1;1
17344;12658.85;50;1.33;1;1
17345;13440.86;50;1.27;1;1
17346;12903.23;50;1.34;1;1
17347;13587.49;50;1.29;1;1
17348;12854.35;50;1.36;1;1
17349;13538.61;50;1.29;1;1
17350;12903.23;50;1.35;1;1
17351;13245.36;50;1.29;1;1
17352;12658.85;50;1.32;1;1
17353;13391.98;50;1.27;1;1
17354;12854.35;50;1.34;1;1
17355;13196.48;50;1.29;1;1
17356;12903.23;50;1.32;1;1
17357;13196.48;50;1.29;1;1
17358;12903.23;50;1.32;1;1
17359;13440.86;50;1.29;1;1
17360;13049.85;50;1.34;1;1
17361;13685.24;50;1.30;1;1
17362;12952.10;50;1.37;1;1
17363;13587.49;50;1.30;1;1
17364;12756.60;50;1.36;1;1
17365;13538.61;50;1.28;1;1
17366;12952.10;50;1.35;1;1
17367;13440.86;50;1.30;1;1
17368;12756.60;50;1.34;1;1
17369;13538.61;50;1.28;1;1
17370;12903.23;50;1.35;1;1
17371;13391.98;50;1.29;1;1
17372;12952.10;50;1.34;1;1
17373;13391.98;50;1.30;1;1
17374;12805.47;50;1.34;1;1
17375;13440.86;50;1.28;1;1
17376;12854.35;50;1.34;1;1
17377;13636.36;50;1.29;1;1
17378;13098.73;50;1.36;1;1
17379;13489.74;50;1.31;1;1
17380;13245.36;50;1.35;1;1
17381;13587.49;50;1.32;1;1
17382;13000.98;50;1.36;1;1
17383;13587.49;50;1.30;1;1
17384;12756.60;50;1.36;1;1
17385;13587.49;50;1.28;1;1
17386;13147.60;50;1.36;1;1
17387;13489.74;50;1.31;1;1
17388;12903.23;50;1.35;1;1
17389;13391.98;50;1.29;1;1
17390;12903.23;50;1.34;1;1
17391;13391.98;50;1.29;1;1
17392;12707.72;50;1.34;1;1
17393;13147.60;50;1.27;1;1
17394;12707.72;50;1.31;1;1
17395;13294.23;50;1.27;1;1
17396;12903.23;50;1.33;1;1
17397;13245.36;50;1.29;1;1
17398;13245.36;50;1.32;1;1
17399;13098.73;50;1.32;1;1
17400;13000.98;50;1.31;1;1
17401;13391.98;50;1.30;1;1
17402;13098.73;50;1.34;1;1
17403;13636.36;50;1.31;1;1
17404;12903.23;50;1.36;1;1
17405;13391.98;50;1.29;1;1
17406;13294.23;50;1.34;1;1
17407;13245.36;50;1.33;1;1
17408;13196.48;50;1.32;1;1
17409;13391.98;50;1.32;1;1
17410;13245.36;50;1.34;1;1
17411;13391.98;50;1.32;1;1
17412;12952.10;50;1.34;1;1
17413;13440.86;50;1.30;1;1
17414;13294.23;50;1.34;1;1
17415;13294.23;50;1.33;1;1
17416;13343.11;50;1.33;1;1
17417;13538.61;50;1.33;1;1
17418;13196.48;50;1.35;1;1
17419;13294.23;50;1.32;1;1
17420;13000.98;50;1.33;1;1
17421;13489.74;50;1.30;1;1
17422;13294.23;50;1.35;1;1
17423;13147.60;50;1.33;1;1
17424;13343.11;50;1.31;1;1
17425;13196.48;50;1.33;1;1
17426;12854.35;50;1.32;1;1
17427;13343.11;50;1.29;1;1
17428;13391.98;50;1.33;1;1
17429;13391.98;50;1.34;1;1
17430;12952.10;50;1.34;1;1
17431;13098.73;50;1.30;1;1
17432;13000.98;50;1.31;1;1
17433;13245.36;50;1.30;1;1
17434;13147.60;50;1.32;1;1
17435;13343.11;50;1.31;1;1
17436;13245.36;50;1.33;1;1
17437;13098.73;50;1.32;1;1
17438;13489.74;50;1.31;1;1
17439;13391.98;50;1.35;1;1
17440;13294.23;50;1.34;1;1
17441;13587.49;50;1.33;1;1
17442;13196.48;50;1.36;1;1
17443;13489.74;50;1.32;1;1
17444;13343.11;50;1.35;1;1
17445;13391.98;50;1.33;1;1
17446;13391.98;50;1.34;1;1
17447;13391.98;50;1.34;1;1
17448;13049.85;50;1.34;1;1
17449;12854.35;50;1.30;1;1
17450;13343.11;50;1.29;1;1
17451;13294.23;50;1.33;1;1
17452;13294.23;50;1.33;1;1
17453;13147.60;50;1.33;1;1
17454;13489.74;50;1.31;1;1
17455;13343.11;50;1.35;1;1
17456;13294.23;50;1.33;1;1
17457;13147.60;50;1.33;1;1
17458;13489.74;50;1.31;1;1
17459;13098.73;50;1.35;1;1
17460;13880.74;50;1.31;1;1
17461;13098.73;50;1.39;1;1
17462;13391.98;50;1.31;1;1
17463;13587.49;50;1.34;1;1
17464;13538.61;50;1.36;1;1
17465;13196.48;50;1.35;1;1
17466;13978.49;50;1.32;1;1
17467;13196.48;50;1.40;1;1
17468;13636.36;50;1.32;1;1
17469;13147.60;50;1.36;1;1
17470;13538.61;50;1.31;1;1
17471;13538.61;50;1.35;1;1
17472;13636.36;50;1.35;1;1
17473;13196.48;50;1.36;1;1
17474;14076.25;50;1.32;1;1
17475;13538.61;50;1.41;1;1
17476;13880.74;50;1.35;1;1
17477;13587.49;50;1.39;1;1
17478;13880.74;50;1.36;1;1
17479;13587.49;50;1.39;1;1
17480;13880.74;50;1.36;1;1
17481;13294.23;50;1.39;1;1
17482;14027.37;50;1.33;1;1
17483;13489.74;50;1.40;1;1
17484;13538.61;50;1.35;1;1
17485;13147.60;50;1.35;1;1
17486;13538.61;50;1.31;1;1
17487;13000.98;50;1.35;1;1
17488;14076.25;50;1.30;1;1
17489;12512.22;50;1.41;1;1
17490;12805.47;50;1.25;1;1
17491;12316.71;50;1.28;1;1
17492;12365.59;50;1.23;1;1
17493;12267.84;50;1.24;1;1
17494;12512.22;50;1.23;1;1
17495;11388.07;50;1.25;1;1
17496;11730.21;50;1.14;1;1
17497;26832.84;50;1.17;1;1
17498;33870.97;50;2.68;1;1
17499;32160.31;50;3.39;1;1
17500;33870.97;50;3.22;1;1
17501;33870.97;50;3.39;1;1
17502;33870.97;50;3.39;1;1
17503;33870.97;50;3.39;1;1
17504;10019.55;50;3.39;1;1
17505;9481.92;50;1.00;1;1
17506;9970.67;50;0.95;1;1
17507;9335.29;50;1.00;1;1
17508;10019.55;50;0.93;1;1
17509;9286.41;50;1.00;1;1
17510;9872.92;50;0.93;1;1
17511;9286.41;50;0.99;1;1
17512;9824.05;50;0.93;1;1
17513;9188.66;50;0.98;1;1
17514;9921.80;50;0.92;1;1
17515;9237.54;50;0.99;1;1
17516;9921.80;50;0.92;1;1
17517;9188.66;50;0.99;1;1
17518;9921.80;50;0.92;1;1
17519;9286.41;50;0.99;1;1
17520;10068.43;50;0.93;1;1
17521;9286.41;50;1.01;1;1
17522;10117.30;50;0.93;1;1
17523;9335.29;50;1.01;1;1
17524;10019.55;50;0.93;1;1
17525;9335.29;50;1.00;1;1
17526;10019.55;50;0.93;1;1
17527;9237.54;50;1.00;1;1
17528;10019.55;50;0.92;1;1
17529;9335.29;50;1.00;1;1
17530;10068.43;50;0.93;1;1
17531;9335.29;50;1.01;1;1
17532;10019.55;50;0.93;1;1
17533;9335.29;50;1.00;1;1
17534;10019.55;50;0.93;1;1
17535;9335.29;50;1.00;1;1
17536;10166.18;50;0.93;1;1
17537;9237.54;50;1.02;1;1
17538;10019.55;50;0.92;1;1
17539;9286.41;50;1.00;1;1
17540;9970.67;50;0.93;1;1
17541;9237.54;50;1.00;1;1
17542;9970.67;50;0.92;1;1
17543;9335.29;50;1.00;1;1
17544;10019.55;50;0.93;1;1
17545;9188.66;50;1.00;1;1
17546;9872.92;50;0.92;1;1
17547;9139.79;50;0.99;1;1
17548;9872.92;50;0.91;1;1
17549;9237.54;50;0.99;1;1
17550;9872.92;50;0.92;1;1
17551;9139.79;50;0.99;1;1
17552;9970.67;50;0.91;1;1
17553;9188.66;50;1.00;1;1
17554;9970.67;50;0.92;1;1
17555;9237.54;50;1.00;1;1
17556;10019.55;50;0.92;1;1
17557;9286.41;50;1.00;1;1
17558;10019.55;50;0.93;1;1
17559;9237.54;50;1.00;1;1
17560;9872.92;50;0.92;1;1
17561;9139.79;50;0.99;1;1
17562;9970.67;50;0.91;1;1
17563;9286.41;50;1.00;1;1
17564;9921.80;50;0.93;1;1
17565;9188.66;50;0.99;1;1
17566;10019.55;50;0.92;1;1
17567;9433.04;50;1.00;1;1
17568;9970.67;50;0.94;1;1
17569;9237.54;50;1.00;1;1
17570;9970.67;50;0.92;1;1
17571;9384.16;50;1.00;1;1
17572;9921.80;50;0.94;1;1
17573;9286.41;50;0.99;1;1
17574;9872.92;50;0.93;1;1
17575;9286.41;50;0.99;1;1
17576;9921.80;50;0.93;1;1
17577;9237.54;50;0.99;1;1
17578;9970.67;50;0.92;1;1
17579;9286.41;50;1.00;1;1
17580;9824.05;50;0.93;1;1
17581;9286.41;50;0.98;1;1
17582;9921.80;50;0.93;1;1
17583;9286.41;50;0.99;1;1
17584;9824.05;50;0.93;1;1
17585;9237.54;50;0.98;1;1
17586;9775.17;50;0.92;1;1
17587;9237.54;50;0.98;1;1
17588;9872.92;50;0.92;1;1
17589;9335.29;50;0.99;1;1
17590;9970.67;50;0.93;1;1
17591;9335.29;50;1.00;1;1
17592;9921.80;50;0.93;1;1
17593;9433.04;50;0.99;1;1
17594;9921.80;50;0.94;1;1
17595;9188.66;50;0.99;1;1
17596;9677.42;50;0.92;1;1
17597;9139.79;50;0.97;1;1
17598;9726.29;50;0.91;1;1
17599;9237.54;50;0.97;1;1
17600;9579.67;50;0.92;1;1
17601;9139.79;50;0.96;1;1
17602;9628.54;50;0.91;1;1
17603;9335.29;50;0.96;1;1
17604;9579.67;50;0.93;1;1
17605;9335.29;50;0.96;1;1
17606;9677.42;50;0.93;1;1
17607;9237.54;50;0.97;1;1
17608;9677.42;50;0.92;1;1
17609;9237.54;50;0.97;1;1
17610;9628.54;50;0.92;1;1
17611;9188.66;50;0.96;1;1
17612;9628.54;50;0.92;1;1
17613;9139.79;50;0.96;1;1
17614;9628.54;50;0.91;1;1
17615;9237.54;50;0.96;1;1
17616;9677.42;50;0.92;1;1
17617;9237.54;50;0.97;1;1
17618;9726.29;50;0.92;1;1
17619;9237.54;50;0.97;1;1
17620;9677.42;50;0.92;1;1
17621;9188.66;50;0.97;1;1
17622;9579.67;50;0.92;1;1
17623;9237.54;50;0.96;1;1
17624;9579.67;50;0.92;1;1
17625;9237.54;50;0.96;1;1
17626;9628.54;50;0.92;1;1
17627;9433.04;50;0.96;1;1
17628;9677.42;50;0.94;1;1
17629;9433.04;50;0.97;1;1
17630;9677.42;50;0.94;1;1
17631;9433.04;50;0.97;1;1
17632;9433.04;50;0.94;1;1
17633;9237.54;50;0.94;1;1
17634;9530.79;50;0.92;1;1
17635;9530.79;50;0.95;1;1
17636;9433.04;50;0.95;1;1
17637;9139.79;50;0.94;1;1
17638;9677.42;50;0.91;1;1
17639;9335.29;50;0.97;1;1
17640;9677.42;50;0.93;1;1
17641;9237.54;50;0.97;1;1
17642;9677.42;50;0.92;1;1
17643;9188.66;50;0.97;1;1
17644;9677.42;50;0.92;1;1
17645;9384.16;50;0.97;1;1
17646;9579.67;50;0.94;1;1
17647;9335.29;50;0.96;1;1
17648;9628.54;50;0.93;1;1
17649;9384.16;50;0.96;1;1
17650;9579.67;50;0.94;1;1
17651;9335.29;50;0.96;1;1
17652;9481.92;50;0.93;1;1
17653;9433.04;50;0.95;1;1
17654;9433.04;50;0.94;1;1
17655;9335.29;50;0.94;1;1
17656;9628.54;50;0.93;1;1
17657;9335.29;50;0.96;1;1
17658;9530.79;50;0.93;1;1
17659;9481.92;50;0.95;1;1
17660;9433.04;50;0.95;1;1
17661;9433.04;50;0.94;1;1
17662;9726.29;50;0.94;1;1
17663;9481.92;50;0.97;1;1
17664;9628.54;50;0.95;1;1
17665;9481.92;50;0.96;1;1
17666;9530.79;50;0.95;1;1
17667;9530.79;50;0.95;1;1
17668;9433.04;50;0.95;1;1
17669;9481.92;50;0.94;1;1
17670;9433.04;50;0.95;1;1
17671;9481.92;50;0.94;1;1
17672;9481.92;50;0.95;1;1
17673;9628.54;50;0.95;1;1
17674;9530.79;50;0.96;1;1
17675;9677.42;50;0.95;1;1
17676;9384.16;50;0.97;1;1
17677;9726.29;50;0.94;1;1
17678;9433.04;50;0.97;1;1
17679;0.00;50;0.94;1;1
17680;0.00;50;0.00;1;0
17681;0.00;50;0.00;1;0
17682;0.00;50;0.00;1;0
17683;0.00;50;0.00;1;0
17684;0.00;50;0.00;1;0
17685;0.00;50;0.00;1;0
17686;0.00;50;0.00;1;0
17687;0.00;50;0.00;1;0
17688;0.00;50;0.00;1;0
17689;0.00;50;0.00;1;0
17690;0.00;50;0.00;1;0
17691;0.00;50;0.00;1;0
17692;0.00;50;0.00;1;0
17693;0.00;50;0.00;1;0
17694;0.00;50;0.00;1;0
17695;0.00;50;0.00;1;0
17696;0.00;50;0.00;1;0
17697;0.00;50;0.00;1;0
17698;0.00;50;0.00;1;0
17699;0.00;50;0.00;1;0
17700;0.00;50;0.00;1;0
17701;0.00;50;0.00;1;0
17702;0.00;50;0.00;1;0
17703;0.00;50;0.00;1;0
17704;0.00;50;0.00;1;0
17705;0.00;50;0.00;1;0
17706;0.00;50;0.00;1;0
17707;0.00;50;0.00;1;0
17708;0.00;50;0.00;1;0
17709;0.00;50;0.00;1;0
17710;0.00;50;0.00;1;0
17711;0.00;50;0.00;1;0
17712;0.00;50;0.00;1;0
17713;0.00;50;0.00;1;0
17714;0.00;50;0.00;1;0
17715;0.00;50;0.00;1;0
17716;0.00;50;0.00;1;0
17717;0.00;50;0.00;1;0
17718;0.00;50;0.00;1;0
17719;0.00;50;0.00;1;0
17720;0.00;50;0.00;1;0
17721;0.00;50;0.00;1;0
17722;0.00;50;0.00;1;0
17723;0.00;50;0.00;1;0
17724;0.00;50;0.00;1;0
17725;0.00;50;0.00;1;0
17726;0.00;50;0.00;1;0
17727;0.00;50;0.00;1;0
17728;0.00;50;0.00;1;0
17729;0.00;50;0.00;1;0
17730;0.00;50;0.00;1;0
17731;0.00;50;0.00;1;0
17732;0.00;50;0.00;1;0
17733;0.00;50;0.00;1;0
17734;0.00;50;0.00;1;0
17735;0.00;50;0.00;1;0
17736;0.00;50;0.00;1;0
17737;0.00;50;0.00;1;0
17738;0.00;50;0.00;1;0
17739;7869.01;50;0.00;1;0
17740;0.00;50;0.79;1;0
17741;0.00;50;0.00;1;0
17742;0.00;50;0.00;1;0
17743;0.00;50;0.00;1;0
17744;0.00;50;0.00;1;0
17745;0.00;50;0.00;1;0
17746;7438.91;50;0.00;1;0
17747;7947.21;50;0.74;1;0
17748;7634.41;50;0.79;1;0
17749;8035.19;50;0.76;1;0
17750;7536.66;50;0.80;1;0
17751;8015.64;50;0.75;1;0
17752;7565.98;50;0.80;1;0
17753;8093.84;50;0.76;1;0
17754;7556.21;50;0.81;1;0
17755;7996.09;50;0.76;1;0
17756;7370.48;50;0.80;1;0
17757;7976.54;50;0.74;1;0
17758;7478.01;50;0.80;1;0
17759;7966.76;50;0.75;1;0
17760;7429.13;50;0.80;1;0
17761;7966.76;50;0.74;1;0
17762;7321.60;50;0.80;1;0
17763;7986.31;50;0.73;1;0
17764;7390.03;50;0.80;1;0
17765;7996.09;50;0.74;1;0
17766;7399.80;50;0.80;1;0
17767;7937.44;50;0.74;1;0
17768;7321.60;50;0.79;1;0
17769;7956.99;50;0.73;1;0
17770;7360.70;50;0.80;1;0
17771;7996.09;50;0.74;1;0
17772;7380.25;50;0.80;1;0
17773;7908.11;50;0.74;1;0
17774;7331.38;50;0.79;1;0
17775;7996.09;50;0.73;1;0
17776;7380.25;50;0.80;1;0
17777;0.00;50;0.74;1;0
17778;0.00;50;0.00;1;0
17779;0.00;50;0.00;1;0
17780;0.00;50;0.00;1;0
17781;0.00;50;0.00;1;0
17782;0.00;50;0.00;1;0
17783;0.00;50;0.00;1;0
17784;0.00;50;0.00;1;0
17785;0.00;50;0.00;1;0
17786;0.00;50;0.00;1;0
17787;0.00;50;0.00;1;0
17788;0.00;50;0.00;1;0
17789;0.00;50;0.00;1;0
17790;0.00;50;0.00;1;0
17791;0.00;50;0.00;1;0
17792;0.00;50;0.00;1;0
17793;0.00;50;0.00;1;0
17794;0.00;50;0.00;1;0
17795;0.00;50;0.00;1;0
17796;0.00;50;0.00;1;0
17797;0.00;50;0.00;1;0
17798;0.00;50;0.00;1;0
17799;0.00;50;0.00;1;0
17800;0.00;50;0.00;1;0
17801;0.00;50;0.00;1;0
17802;7497.56;50;0.00;1;0
17803;7956.99;50;0.75;1;0
17804;7507.33;50;0.80;1;0
17805;7908.11;50;0.75;1;0
17806;7517.11;50;0.79;1;0
17807;7790.81;50;0.75;1;0
17808;7370.48;50;0.78;1;0
17809;7683.28;50;0.74;1;0
17810;7399.80;50;0.77;1;0
17811;7741.94;50;0.74;1;0
17812;7517.11;50;0.77;1;0
17813;7702.83;50;0.75;1;0
17814;7497.56;50;0.77;1;0
17815;7849.46;50;0.75;1;0
17816;7605.08;50;0.78;1;0
17817;7644.18;50;0.76;1;0
17818;7575.76;50;0.76;1;0
17819;7771.26;50;0.76;1;0
17820;7517.11;50;0.78;1;0
17821;7712.61;50;0.75;1;0
17822;7829.91;50;0.77;1;0
17823;7751.71;50;0.78;1;0
17824;7820.14;50;0.78;1;0
17825;7653.96;50;0.78;1;0
17826;7712.61;50;0.77;1;0
17827;7732.16;50;0.77;1;0
17828;7829.91;50;0.77;1;0
17829;7702.83;50;0.78;1;0
17830;7869.01;50;0.77;1;0
17831;7771.26;50;0.79;1;0
17832;7927.66;50;0.78;1;0
17833;7732.16;50;0.79;1;0
17834;7839.69;50;0.77;1;0
17835;7526.88;50;0.78;1;0
17836;7761.49;50;0.75;1;0
17837;7556.21;50;0.78;1;0
17838;7790.81;50;0.76;1;0
17839;7585.53;50;0.78;1;0
17840;7898.34;50;0.76;1;0
17841;7556.21;50;0.79;1;0
17842;7878.79;50;0.76;1;0
17843;7556.21;50;0.79;1;0
17844;10000.00;50;0.76;1;0
17845;16862.17;50;1.00;1;1
17846;10654.94;50;1.69;1;1
17847;9579.67;50;1.07;1;1
17848;10019.55;50;0.96;1;1
17849;9384.16;50;1.00;1;1
17850;10166.18;50;0.94;1;1
17851;9677.42;50;1.02;1;1
17852;10166.18;50;0.97;1;1
17853;9970.67;50;1.02;1;1
17854;10606.06;50;1.00;1;1
17855;10068.43;50;1.06;1;1
17856;10801.56;50;1.01;1;1
17857;10166.18;50;1.08;1;1
17858;10850.44;50;1.02;1;1
17859;10215.05;50;1.09;1;1
17860;10801.56;50;1.02;1;1
17861;10117.30;50;1.08;1;1
17862;10997.07;50;1.01;1;1
17863;10263.93;50;1.10;1;1
17864;10557.18;50;1.03;1;1
17865;10068.43;50;1.06;1;1
17866;10752.69;50;1.01;1;1
17867;10019.55;50;1.08;1;1
17868;10459.43;50;1.00;1;1
17869;9921.80;50;1.05;1;1
17870;10459.43;50;0.99;1;1
17871;9872.92;50;1.05;1;1
17872;10361.68;50;0.99;1;1
17873;9677.42;50;1.04;1;1
17874;10410.56;50;0.97;1;1
17875;9775.17;50;1.04;1;1
17876;10508.31;50;0.98;1;1
17877;9775.17;50;1.05;1;1
17878;10752.69;50;0.98;1;1
17879;9970.67;50;1.08;1;1
17880;10508.31;50;1.00;1;1
17881;10068.43;50;1.05;1;1
17882;10654.94;50;1.01;1;1
17883;10019.55;50;1.07;1;1
17884;10606.06;50;1.00;1;1
17885;10068.43;50;1.06;1;1
17886;10899.32;50;1.01;1;1
17887;10068.43;50;1.09;1;1
17888;10654.94;50;1.01;1;1
17889;9970.67;50;1.07;1;1
17890;10801.56;50;1.00;1;1
17891;9921.80;50;1.08;1;1
17892;10899.32;50;0.99;1;1
17893;10312.81;50;1.09;1;1
17894;10801.56;50;1.03;1;1
17895;10019.55;50;1.08;1;1
17896;10850.44;50;1.00;1;1
17897;10215.05;50;1.09;1;1
17898;10948.19;50;1.02;1;1
17899;10117.30;50;1.09;1;1
17900;10752.69;50;1.01;1;1
17901;10019.55;50;1.08;1;1
17902;10850.44;50;1.00;1;1
17903;10166.18;50;1.09;1;1
17904;10948.19;50;1.02;1;1
17905;10215.05;50;1.09;1;1
17906;10948.19;50;1.02;1;1
17907;10117.30;50;1.09;1;1
17908;11094.82;50;1.01;1;1
17909;10215.05;50;1.11;1;1
17910;10948.19;50;1.02;1;1
17911;10263.93;50;1.09;1;1
17912;10899.32;50;1.03;1;1
17913;10312.81;50;1.09;1;1
17914;10899.32;50;1.03;1;1
17915;10312.81;50;1.09;1;1
17916;10948.19;50;1.03;1;1
17917;10312.81;50;1.09;1;1
17918;10850.44;50;1.03;1;1
17919;10263.93;50;1.09;1;1
17920;10850.44;50;1.03;1;1
17921;10312.81;50;1.09;1;1
17922;10850.44;50;1.03;1;1
17923;10215.05;50;1.09;1;1
17924;10752.69;50;1.02;1;1
17925;10215.05;50;1.08;1;1
17926;10654.94;50;1.02;1;1
17927;10263.93;50;1.07;1;1
17928;10703.81;50;1.03;1;1
17929;10312.81;50;1.07;1;1
17930;10801.56;50;1.03;1;1
17931;10215.05;50;1.08;1;1
17932;10557.18;50;1.02;1;1
17933;10263.93;50;1.06;1;1
17934;10459.43;50;1.03;1;1
17935;10263.93;50;1.05;1;1
17936;10410.56;50;1.03;1;1
17937;10312.81;50;1.04;1;1
17938;10606.06;50;1.03;1;1
17939;10361.68;50;1.06;1;1
17940;10410.56;50;1.04;1;1
17941;10166.18;50;1.04;1;1
17942;10557.18;50;1.02;1;1
17943;10166.18;50;1.06;1;1
17944;10410.56;50;1.02;1;1
17945;10215.05;50;1.04;1;1
17946;10557.18;50;1.02;1;1
17947;10410.56;50;1.06;1;1
17948;10606.06;50;1.04;1;1
17949;10215.05;50;1.06;1;1
17950;10703.81;50;1.02;1;1
17951;10263.93;50;1.07;1;1
17952;10557.18;50;1.03;1;1
17953;10166.18;50;1.06;1;1
17954;10654.94;50;1.02;1;1
17955;10215.05;50;1.07;1;1
17956;10654.94;50;1.02;1;1
17957;10166.18;50;1.07;1;1
17958;10752.69;50;1.02;1;1
17959;10117.30;50;1.08;1;1
17960;10654.94;50;1.01;1;1
17961;10263.93;50;1.07;1;1
17962;10654.94;50;1.03;1;1
17963;10263.93;50;1.07;1;1
17964;10557.18;50;1.03;1;1
17965;10166.18;50;1.06;1;1
17966;10557.18;50;1.02;1;1
17967;10117.30;50;1.06;1;1
17968;10606.06;50;1.01;1;1
17969;10068.43;50;1.06;1;1
17970;10557.18;50;1.01;1;1
17971;10166.18;50;1.06;1;1
17972;10606.06;50;1.02;1;1
17973;10117.30;50;1.06;1;1
17974;10459.43;50;1.01;1;1
17975;10166.18;50;1.05;1;1
17976;10459.43;50;1.02;1;1
17977;10117.30;50;1.05;1;1
17978;10361.68;50;1.01;1;1
17979;10068.43;50;1.04;1;1
17980;10557.18;50;1.01;1;1
17981;9970.67;50;1.06;1;1
17982;10312.81;50;1.00;1;1
17983;9872.92;50;1.03;1;1
17984;10459.43;50;0.99;1;1
17985;9872.92;50;1.05;1;1
17986;10215.05;50;0.99;1;1
17987;9677.42;50;1.02;1;1
17988;10215.05;50;0.97;1;1
17989;9677.42;50;1.02;1;1
17990;10263.93;50;0.97;1;1
17991;9726.29;50;1.03;1;1
17992;10215.05;50;0.97;1;1
17993;9726.29;50;1.02;1;1
17994;10215.05;50;0.97;1;1
17995;9872.92;50;1.02;1;1
17996;10312.81;50;0.99;1;1
17997;9824.05;50;1.03;1;1
17998;10215.05;50;0.98;1;1
17999;9775.17;50;1.02;1;1
18000;10263.93;50;0.98;1;1
18001;9824.05;50;1.03;1;1
18002;10361.68;50;0.98;1;1
18003;9921.80;50;1.04;1;1
18004;10312.81;50;0.99;1;1
18005;9872.92;50;1.03;1;1
18006;10361.68;50;0.99;1;1
18007;9824.05;50;1.04;1;1
18008;10508.31;50;0.98;1;1
18009;10117.30;50;1.05;1;1
18010;10459.43;50;1.01;1;1
18011;10068.43;50;1.05;1;1
18012;10312.81;50;1.01;1;1
18013;9824.05;50;1.03;1;1
18014;10215.05;50;0.98;1;1
18015;9921.80;50;1.02;1;1
18016;10263.93;50;0.99;1;1
18017;9872.92;50;1.03;1;1
18018;10166.18;50;0.99;1;1
18019;9824.05;50;1.02;1;1
18020;10361.68;50;0.98;1;1
18021;9921.80;50;1.04;1;1
18022;10508.31;50;0.99;1;1
18023;10166.18;50;1.05;1;1
18024;10410.56;50;1.02;1;1
18025;10410.56;50;1.04;1;1
18026;10410.56;50;1.04;1;1
18027;10117.30;50;1.04;1;1
18028;10215.05;50;1.01;1;1
18029;9970.67;50;1.02;1;1
18030;10459.43;50;1.00;1;1
18031;10215.05;50;1.05;1;1
18032;10459.43;50;1.02;1;1
18033;10215.05;50;1.05;1;1
18034;10459.43;50;1.02;1;1
18035;10312.81;50;1.05;1;1
18036;10361.68;50;1.03;1;1
18037;10410.56;50;1.04;1;1
18038;10410.56;50;1.04;1;1
18039;10312.81;50;1.04;1;1
18040;10215.05;50;1.03;1;1
18041;10361.68;50;1.02;1;1
18042;10215.05;50;1.04;1;1
18043;10312.81;50;1.02;1;1
18044;10166.18;50;1.03;1;1
18045;10410.56;50;1.02;1;1
18046;10117.30;50;1.04;1;1
18047;10361.68;50;1.01;1;1
18048;10312.81;50;1.04;1;1
18049;10068.43;50;1.03;1;1
18050;10508.31;50;1.01;1;1
18051;10215.05;50;1.05;1;1
18052;10459.43;50;1.02;1;1
18053;10459.43;50;1.05;1;1
18054;10410.56;50;1.05;1;1
18055;10410.56;50;1.04;1;1
18056;10459.43;50;1.04;1;1
18057;10508.31;50;1.05;1;1
18058;10361.68;50;1.05;1;1
18059;10361.68;50;1.04;1;1
18060;10312.81;50;1.04;1;1
18061;10361.68;50;1.03;1;1
18062;10312.81;50;1.04;1;1
18063;10312.81;50;1.03;1;1
18064;10263.93;50;1.03;1;1
18065;10410.56;50;1.03;1;1
18066;10215.05;50;1.04;1;1
18067;10410.56;50;1.02;1;1
18068;10166.18;50;1.04;1;1
18069;10361.68;50;1.02;1;1
18070;10263.93;50;1.04;1;1
18071;10263.93;50;1.03;1;1
18072;10166.18;50;1.03;1;1
18073;10361.68;50;1.02;1;1
18074;10215.05;50;1.04;1;1
18075;10361.68;50;1.02;1;1
18076;10068.43;50;1.04;1;1
18077;10215.05;50;1.01;1;1
18078;10166.18;50;1.02;1;1
18079;10068.43;50;1.02;1;1
18080;10166.18;50;1.01;1;1
18081;10361.68;50;1.02;1;1
18082;10117.30;50;1.04;1;1
18083;10117.30;50;1.01;1;1
18084;10215.05;50;1.01;1;1
18085;10117.30;50;1.02;1;1
18086;10312.81;50;1.01;1;1
18087;10361.68;50;1.03;1;1
18088;10410.56;50;1.04;1;1
18089;10361.68;50;1.04;1;1
18090;10215.05;50;1.04;1;1
18091;10263.93;50;1.02;1;1
18092;10117.30;50;1.03;1;1
18093;10263.93;50;1.01;1;1
18094;10166.18;50;1.03;1;1
18095;10263.93;50;1.02;1;1
18096;10166.18;50;1.03;1;1
18097;10410.56;50;1.02;1;1
18098;10117.30;50;1.04;1;1
18099;10361.68;50;1.01;1;1
18100;10117.30;50;1.04;1;1
18101;10410.56;50;1.01;1;1
18102;10166.18;50;1.04;1;1
18103;10508.31;50;1.02;1;1
18104;10068.43;50;1.05;1;1
18105;10557.18;50;1.01;1;1
18106;9970.67;50;1.06;1;1
18107;10312.81;50;1.00;1;1
18108;9921.80;50;1.03;1;1
18109;10312.81;50;0.99;1;1
18110;9921.80;50;1.03;1;1
18111;10361.68;50;0.99;1;1
18112;10117.30;50;1.04;1;1
18113;10508.31;50;1.01;1;1
18114;9921.80;50;1.05;1;1
18115;10459.43;50;0.99;1;1
18116;10019.55;50;1.05;1;1
18117;10312.81;50;1.00;1;1
18118;9921.80;50;1.03;1;1
18119;10508.31;50;0.99;1;1
18120;9970.67;50;1.05;1;1
18121;10459.43;50;1.00;1;1
18122;9872.92;50;1.05;1;1
18123;10459.43;50;0.99;1;1
18124;9872.92;50;1.05;1;1
18125;10606.06;50;0.99;1;1
18126;10068.43;50;1.06;1;1
18127;10703.81;50;1.01;1;1
18128;10117.30;50;1.07;1;1
18129;10654.94;50;1.01;1;1
18130;10019.55;50;1.07;1;1
18131;10557.18;50;1.00;1;1
18132;9970.67;50;1.06;1;1
18133;10459.43;50;1.00;1;1
18134;9775.17;50;1.05;1;1
18135;10410.56;50;0.98;1;1
18136;9726.29;50;1.04;1;1
18137;10410.56;50;0.97;1;1
18138;9677.42;50;1.04;1;1
18139;10459.43;50;0.97;1;1
18140;9824.05;50;1.05;1;1
18141;10459.43;50;0.98;1;1
18142;9775.17;50;1.05;1;1
18143;10508.31;50;0.98;1;1
18144;9824.05;50;1.05;1;1
18145;10508.31;50;0.98;1;1
18146;9872.92;50;1.05;1;1
18147;10459.43;50;0.99;1;1
18148;9872.92;50;1.05;1;1
18149;10557.18;50;0.99;1;1
18150;9872.92;50;1.06;1;1
18151;10606.06;50;0.99;1;1
18152;9872.92;50;1.06;1;1
18153;10654.94;50;0.99;1;1
18154;9921.80;50;1.07;1;1
18155;10654.94;50;0.99;1;1
18156;9872.92;50;1.07;1;1
18157;10557.18;50;0.99;1;1
18158;9921.80;50;1.06;1;1
18159;10557.18;50;0.99;1;1
18160;9872.92;50;1.06;1;1
18161;10508.31;50;0.99;1;1
18162;9872.92;50;1.05;1;1
18163;10557.18;50;0.99;1;1
18164;9824.05;50;1.06;1;1
18165;10459.43;50;0.98;1;1
18166;9775.17;50;1.05;1;1
18167;10654.94;50;0.98;1;1
18168;9872.92;50;1.07;1;1
18169;10508.31;50;0.99;1;1
18170;10068.43;50;1.05;1;1
18171;10752.69;50;1.01;1;1
18172;9872.92;50;1.08;1;1
18173;10654.94;50;0.99;1;1
18174;9872.92;50;1.07;1;1
18175;10606.06;50;0.99;1;1
18176;9970.67;50;1.06;1;1
18177;10654.94;50;1.00;1;1
18178;9872.92;50;1.07;1;1
18179;10606.06;50;0.99;1;1
18180;9824.05;50;1.06;1;1
18181;10654.94;50;0.98;1;1
18182;9872.92;50;1.07;1;1
18183;10606.06;50;0.99;1;1
18184;9921.80;50;1.06;1;1
18185;10703.81;50;0.99;1;1
18186;9872.92;50;1.07;1;1
18187;10606.06;50;0.99;1;1
18188;9872.92;50;1.06;1;1
18189;10410.56;50;0.99;1;1
18190;9775.17;50;1.04;1;1
18191;10606.06;50;0.98;1;1
18192;9921.80;50;1.06;1;1
18193;10459.43;50;0.99;1;1
18194;9872.92;50;1.05;1;1
18195;10557.18;50;0.99;1;1
18196;9970.67;50;1.06;1;1
18197;10606.06;50;1.00;1;1
18198;9921.80;50;1.06;1;1
18199;10508.31;50;0.99;1;1
18200;9824.05;50;1.05;1;1
18201;10557.18;50;0.98;1;1
18202;9824.05;50;1.06;1;1
18203;10459.43;50;0.98;1;1
18204;9677.42;50;1.05;1;1
18205;10459.43;50;0.97;1;1
18206;9677.42;50;1.05;1;1
18207;10410.56;50;0.97;1;1
18208;9824.05;50;1.04;1;1
18209;10459.43;50;0.98;1;1
18210;9775.17;50;1.05;1;1
18211;10410.56;50;0.98;1;1
18212;9677.42;50;1.04;1;1
18213;10508.31;50;0.97;1;1
18214;9775.17;50;1.05;1;1
18215;10459.43;50;0.98;1;1
18216;9677.42;50;1.05;1;1
18217;10410.56;50;0.97;1;1
18218;9677.42;50;1.04;1;1
18219;10459.43;50;0.97;1;1
18220;9775.17;50;1.05;1;1
18221;10508.31;50;0.98;1;1
18222;9824.05;50;1.05;1;1
18223;10557.18;50;0.98;1;1
18224;9775.17;50;1.06;1;1
18225;10459.43;50;0.98;1;1
18226;9677.42;50;1.05;1;1
18227;10410.56;50;0.97;1;1
18228;9775.17;50;1.04;1;1
18229;10654.94;50;0.98;1;1
18230;9872.92;50;1.07;1;1
18231;10557.18;50;0.99;1;1
18232;9921.80;50;1.06;1;1
18233;10606.06;50;0.99;1;1
18234;9970.67;50;1.06;1;1
18235;10606.06;50;1.00;1;1
18236;9824.05;50;1.06;1;1
18237;10557.18;50;0.98;1;1
18238;9872.92;50;1.06;1;1
18239;10557.18;50;0.99;1;1
18240;9872.92;50;1.06;1;1
18241;10459.43;50;0.99;1;1
18242;9970.67;50;1.05;1;1
18243;10606.06;50;1.00;1;1
18244;9970.67;50;1.06;1;1
18245;10703.81;50;1.00;1;1
18246;9921.80;50;1.07;1;1
18247;10703.81;50;0.99;1;1
18248;10019.55;50;1.07;1;1
18249;10703.81;50;1.00;1;1
18250;10019.55;50;1.07;1;1
18251;10606.06;50;1.00;1;1
18252;9921.80;50;1.06;1;1
18253;10459.43;50;0.99;1;1
18254;9921.80;50;1.05;1;1
18255;10557.18;50;0.99;1;1
18256;10019.55;50;1.06;1;1
18257;10606.06;50;1.00;1;1
18258;9872.92;50;1.06;1;1
18259;10606.06;50;0.99;1;1
18260;9970.67;50;1.06;1;1
18261;10459.43;50;1.00;1;1
18262;9872.92;50;1.05;1;1
18263;10508.31;50;0.99;1;1
18264;9921.80;50;1.05;1;1
18265;10459.43;50;0.99;1;1
18266;9872.92;50;1.05;1;1
18267;10459.43;50;0.99;1;1
18268;9872.92;50;1.05;1;1
18269;10459.43;50;0.99;1;1
18270;9970.67;50;1.05;1;1
18271;10459.43;50;1.00;1;1
18272;10019.55;50;1.05;1;1
18273;10508.31;50;1.00;1;1
18274;10019.55;50;1.05;1;1
18275;10410.56;50;1.00;1;1
18276;10068.43;50;1.04;1;1
18277;10410.56;50;1.01;1;1
18278;10019.55;50;1.04;1;1
18279;10312.81;50;1.00;1;1
18280;10068.43;50;1.03;1;1
18281;10312.81;50;1.01;1;1
18282;10215.05;50;1.03;1;1
18283;10459.43;50;1.02;1;1
18284;10263.93;50;1.05;1;1
18285;10361.68;50;1.03;1;1
18286;10361.68;50;1.04;1;1
18287;10557.18;50;1.04;1;1
18288;10410.56;50;1.06;1;1
18289;10459.43;50;1.04;1;1
18290;10410.56;50;1.05;1;1
18291;10410.56;50;1.04;1;1
18292;10508.31;50;1.04;1;1
18293;10361.68;50;1.05;1;1
18294;10606.06;50;1.04;1;1
18295;10410.56;50;1.06;1;1
18296;10606.06;50;1.04;1;1
18297;10459.43;50;1.06;1;1
18298;10606.06;50;1.05;1;1
18299;10459.43;50;1.06;1;1
18300;10654.94;50;1.05;1;1
18301;10410.56;50;1.07;1;1
18302;10654.94;50;1.04;1;1
18303;10361.68;50;1.07;1;1
18304;10606.06;50;1.04;1;1
18305;10361.68;50;1.06;1;1
18306;10654.94;50;1.04;1;1
18307;10361.68;50;1.07;1;1
18308;10557.18;50;1.04;1;1
18309;10312.81;50;1.06;1;1
18310;10557.18;50;1.03;1;1
18311;10215.05;50;1.06;1;1
18312;10606.06;50;1.02;1;1
18313;10166.18;50;1.06;1;1
18314;10752.69;50;1.02;1;1
18315;10312.81;50;1.08;1;1
18316;10508.31;50;1.03;1;1
18317;10117.30;50;1.05;1;1
18318;10703.81;50;1.01;1;1
18319;10068.43;50;1.07;1;1
18320;10606.06;50;1.01;1;1
18321;10068.43;50;1.06;1;1
18322;10606.06;50;1.01;1;1
18323;10166.18;50;1.06;1;1
18324;10508.31;50;1.02;1;1
18325;10019.55;50;1.05;1;1
18326;10606.06;50;1.00;1;1
18327;10019.55;50;1.06;1;1
18328;10703.81;50;1.00;1;1
18329;10068.43;50;1.07;1;1
18330;10508.31;50;1.01;1;1
18331;10019.55;50;1.05;1;1
18332;10703.81;50;1.00;1;1
18333;10117.30;50;1.07;1;1
18334;10557.18;50;1.01;1;1
18335;10019.55;50;1.06;1;1
18336;10654.94;50;1.00;1;1
18337;10019.55;50;1.07;1;1
18338;10654.94;50;1.00;1;1
18339;9921.80;50;1.07;1;1
18340;10654.94;50;0.99;1;1
18341;9921.80;50;1.07;1;1
18342;10557.18;50;0.99;1;1
18343;9872.92;50;1.06;1;1
18344;10508.31;50;0.99;1;1
18345;9970.67;50;1.05;1;1
18346;10508.31;50;1.00;1;1
18347;9824.05;50;1.05;1;1
18348;10606.06;50;0.98;1;1
18349;9872.92;50;1.06;1;1
18350;10557.18;50;0.99;1;1
18351;9872.92;50;1.06;1;1
18352;10557.18;50;0.99;1;1
18353;9824.05;50;1.06;1;1
18354;10654.94;50;0.98;1;1
18355;10019.55;50;1.07;1;1
18356;10703.81;50;1.00;1;1
18357;9970.67;50;1.07;1;1
18358;10654.94;50;1.00;1;1
18359;9872.92;50;1.07;1;1
18360;10557.18;50;0.99;1;1
18361;9872.92;50;1.06;1;1
18362;10557.18;50;0.99;1;1
18363;9824.05;50;1.06;1;1
18364;10459.43;50;0.98;1;1
18365;9872.92;50;1.05;1;1
18366;10410.56;50;0.99;1;1
18367;9872.92;50;1.04;1;1
18368;10410.56;50;0.99;1;1
18369;9872.92;50;1.04;1;1
18370;10410.56;50;0.99;1;1
18371;9921.80;50;1.04;1;1
18372;10459.43;50;0.99;1;1
18373;9872.92;50;1.05;1;1
18374;10557.18;50;0.99;1;1
18375;9872.92;50;1.06;1;1
18376;10410.56;50;0.99;1;1
18377;10117.30;50;1.04;1;1
18378;10508.31;50;1.01;1;1
18379;10068.43;50;1.05;1;1
18380;10606.06;50;1.01;1;1
18381;10019.55;50;1.06;1;1
18382;10557.18;50;1.00;1;1
18383;10117.30;50;1.06;1;1
18384;10557.18;50;1.01;1;1
18385;10068.43;50;1.06;1;1
18386;10410.56;50;1.01;1;1
18387;10019.55;50;1.04;1;1
18388;10361.68;50;1.00;1;1
18389;9970.67;50;1.04;1;1
18390;10361.68;50;1.00;1;1
18391;10068.43;50;1.04;1;1
18392;10557.18;50;1.01;1;1
18393;10019.55;50;1.06;1;1
18394;10557.18;50;1.00;1;1
18395;10117.30;50;1.06;1;1
18396;10557.18;50;1.01;1;1
18397;10166.18;50;1.06;1;1
18398;10459.43;50;1.02;1;1
18399;10215.05;50;1.05;1;1
18400;10508.31;50;1.02;1;1
18401;10263.93;50;1.05;1;1
18402;10459.43;50;1.03;1;1
18403;10312.81;50;1.05;1;1
18404;10410.56;50;1.03;1;1
18405;10263.93;50;1.04;1;1
18406;10312.81;50;1.03;1;1
18407;10117.30;50;1.03;1;1
18408;10410.56;50;1.01;1;1
18409;10117.30;50;1.04;1;1
18410;10557.18;50;1.01;1;1
18411;10312.81;50;1.06;1;1
18412;10606.06;50;1.03;1;1
18413;10312.81;50;1.06;1;1
18414;10654.94;50;1.03;1;1
18415;10312.81;50;1.07;1;1
18416;10557.18;50;1.03;1;1
18417;10263.93;50;1.06;1;1
18418;10557.18;50;1.03;1;1
18419;10117.30;50;1.06;1;1
18420;10508.31;50;1.01;1;1
18421;10215.05;50;1.05;1;1
18422;10459.43;50;1.02;1;1
18423;10263.93;50;1.05;1;1
18424;10508.31;50;1.03;1;1
18425;10361.68;50;1.05;1;1
18426;10459.43;50;1.04;1;1
18427;10215.05;50;1.05;1;1
18428;10654.94;50;1.02;1;1
18429;10312.81;50;1.07;1;1
18430;10508.31;50;1.03;1;1
18431;10361.68;50;1.05;1;1
18432;10508.31;50;1.04;1;1
18433;10263.93;50;1.05;1;1
18434;10410.56;50;1.03;1;1
18435;10215.05;50;1.04;1;1
18436;10312.81;50;1.02;1;1
18437;10312.81;50;1.03;1;1
18438;10410.56;50;1.03;1;1
18439;10361.68;50;1.04;1;1
18440;10459.43;50;1.04;1;1
18441;10459.43;50;1.05;1;1
18442;10361.68;50;1.05;1;1
18443;10361.68;50;1.04;1;1
18444;10361.68;50;1.04;1;1
18445;10410.56;50;1.04;1;1
18446;10263.93;50;1.04;1;1
18447;10459.43;50;1.03;1;1
18448;10312.81;50;1.05;1;1
18449;10459.43;50;1.03;1;1
18450;10410.56;50;1.05;1;1
18451;10654.94;50;1.04;1;1
18452;10459.43;50;1.07;1;1
18453;10654.94;50;1.05;1;1
18454;10263.93;50;1.07;1;1
18455;10606.06;50;1.03;1;1
18456;10312.81;50;1.06;1;1
18457;10654.94;50;1.03;1;1
18458;10312.81;50;1.07;1;1
18459;10752.69;50;1.03;1;1
18460;10361.68;50;1.08;1;1
18461;10654.94;50;1.04;1;1
18462;10215.05;50;1.07;1;1
18463;10703.81;50;1.02;1;1
18464;10117.30;50;1.07;1;1
18465;10557.18;50;1.01;1;1
18466;10117.30;50;1.06;1;1
18467;10557.18;50;1.01;1;1
18468;10068.43;50;1.06;1;1
18469;10557.18;50;1.01;1;1
18470;10068.43;50;1.06;1;1
18471;10654.94;50;1.01;1;1
18472;10019.55;50;1.07;1;1
18473;10654.94;50;1.00;1;1
18474;9921.80;50;1.07;1;1
18475;10557.18;50;0.99;1;1
18476;9970.67;50;1.06;1;1
18477;10557.18;50;1.00;1;1
18478;9921.80;50;1.06;1;1
18479;10606.06;50;0.99;1;1
18480;9970.67;50;1.06;1;1
18481;10557.18;50;1.00;1;1
18482;9921.80;50;1.06;1;1
18483;10654.94;50;0.99;1;1
18484;9921.80;50;1.07;1;1
18485;10557.18;50;0.99;1;1
18486;10068.43;50;1.06;1;1
18487;10654.94;50;1.01;1;1
18488;10019.55;50;1.07;1;1
18489;10703.81;50;1.00;1;1
18490;9921.80;50;1.07;1;1
18491;10606.06;50;0.99;1;1
18492;9921.80;50;1.06;1;1
18493;10606.06;50;0.99;1;1
18494;9921.80;50;1.06;1;1
18495;10654.94;50;0.99;1;1
18496;10019.55;50;1.07;1;1
18497;10752.69;50;1.00;1;1
18498;10019.55;50;1.08;1;1
18499;10801.56;50;1.00;1;1
18500;10068.43;50;1.08;1;1
18501;10654.94;50;1.01;1;1
18502;9970.67;50;1.07;1;1
18503;10752.69;50;1.00;1;1
18504;10019.55;50;1.08;1;1
18505;10752.69;50;1.00;1;1
18506;9872.92;50;1.08;1;1
18507;10606.06;50;0.99;1;1
18508;10019.55;50;1.06;1;1
18509;10654.94;50;1.00;1;1
18510;10068.43;50;1.07;1;1
18511;10654.94;50;1.01;1;1
18512;10117.30;50;1.07;1;1
18513;10752.69;50;1.01;1;1
18514;10117.30;50;1.08;1;1
18515;10850.44;50;1.01;1;1
18516;10215.05;50;1.09;1;1
18517;10654.94;50;1.02;1;1
18518;10166.18;50;1.07;1;1
18519;10606.06;50;1.02;1;1
18520;10263.93;50;1.06;1;1
18521;10654.94;50;1.03;1;1
18522;10361.68;50;1.07;1;1
18523;10606.06;50;1.04;1;1
18524;10263.93;50;1.06;1;1
18525;10508.31;50;1.03;1;1
18526;10312.81;50;1.05;1;1
18527;10459.43;50;1.03;1;1
18528;10166.18;50;1.05;1;1
18529;10410.56;50;1.02;1;1
18530;10312.81;50;1.04;1;1
18531;10459.43;50;1.03;1;1
18532;10312.81;50;1.05;1;1
18533;10263.93;50;1.03;1;1
18534;10361.68;50;1.03;1;1
18535;10410.56;50;1.04;1;1
18536;10410.56;50;1.04;1;1
18537;10166.18;50;1.04;1;1
18538;10459.43;50;1.02;1;1
18539;10215.05;50;1.05;1;1
18540;10459.43;50;1.02;1;1
18541;10117.30;50;1.05;1;1
18542;10557.18;50;1.01;1;1
18543;10263.93;50;1.06;1;1
18544;10459.43;50;1.03;1;1
18545;10166.18;50;1.05;1;1
18546;10410.56;50;1.02;1;1
18547;10068.43;50;1.04;1;1
18548;10606.06;50;1.01;1;1
18549;10215.05;50;1.06;1;1
18550;10508.31;50;1.02;1;1
18551;10117.30;50;1.05;1;1
18552;10508.31;50;1.01;1;1
18553;10312.81;50;1.05;1;1
18554;10557.18;50;1.03;1;1
18555;10215.05;50;1.06;1;1
18556;10557.18;50;1.02;1;1
18557;10166.18;50;1.06;1;1
18558;10703.81;50;1.02;1;1
18559;10263.93;50;1.07;1;1
18560;10654.94;50;1.03;1;1
18561;10166.18;50;1.07;1;1
18562;10654.94;50;1.02;1;1
18563;10068.43;50;1.07;1;1
18564;10752.69;50;1.01;1;1
18565;10117.30;50;1.08;1;1
18566;10801.56;50;1.01;1;1
18567;10019.55;50;1.08;1;1
18568;10557.18;50;1.00;1;1
18569;10068.43;50;1.06;1;1
18570;10606.06;50;1.01;1;1
18571;9970.67;50;1.06;1;1
18572;10752.69;50;1.00;1;1
18573;9970.67;50;1.08;1;1
18574;10606.06;50;1.00;1;1
18575;9921.80;50;1.06;1;1
18576;10606.06;50;0.99;1;1
18577;9970.67;50;1.06;1;1
18578;10557.18;50;1.00;1;1
18579;10019.55;50;1.06;1;1
18580;10508.31;50;1.00;1;1
18581;9872.92;50;1.05;1;1
18582;10654.94;50;0.99;1;1
18583;9921.80;50;1.07;1;1
18584;10606.06;50;0.99;1;1
18585;10117.30;50;1.06;1;1
18586;10606.06;50;1.01;1;1
18587;10019.55;50;1.06;1;1
18588;10850.44;50;1.00;1;1
18589;10117.30;50;1.09;1;1
18590;10606.06;50;1.01;1;1
18591;9921.80;50;1.06;1;1
18592;10557.18;50;0.99;1;1
18593;10068.43;50;1.06;1;1
18594;10654.94;50;1.01;1;1
18595;10117.30;50;1.07;1;1
18596;10703.81;50;1.01;1;1
18597;10019.55;50;1.07;1;1
18598;10752.69;50;1.00;1;1
18599;10068.43;50;1.08;1;1
18600;10703.81;50;1.01;1;1
18601;10068.43;50;1.07;1;1
18602;10850.44;50;1.01;1;1
18603;9921.80;50;1.09;1;1
18604;10752.69;50;0.99;1;1
18605;9970.67;50;1.08;1;1
18606;10606.06;50;1.00;1;1
18607;10019.55;50;1.06;1;1
18608;10801.56;50;1.00;1;1
18609;10068.43;50;1.08;1;1
18610;10703.81;50;1.01;1;1
18611;9921.80;50;1.07;1;1
18612;10606.06;50;0.99;1;1
18613;9872.92;50;1.06;1;1
18614;10606.06;50;0.99;1;1
18615;10019.55;50;1.06;1;1
18616;10606.06;50;1.00;1;1
18617;9921.80;50;1.06;1;1
18618;10752.69;50;0.99;1;1
18619;9970.67;50;1.08;1;1
18620;10654.94;50;1.00;1;1
18621;10019.55;50;1.07;1;1
18622;10654.94;50;1.00;1;1
18623;9921.80;50;1.07;1;1
18624;10654.94;50;0.99;1;1
18625;9970.67;50;1.07;1;1
18626;10703.81;50;1.00;1;1
18627;9970.67;50;1.07;1;1
18628;10801.56;50;1.00;1;1
18629;10117.30;50;1.08;1;1
18630;10703.81;50;1.01;1;1
18631;10019.55;50;1.07;1;1
18632;10703.81;50;1.00;1;1
18633;9970.67;50;1.07;1;1
18634;10654.94;50;1.00;1;1
18635;9970.67;50;1.07;1;1
18636;10606.06;50;1.00;1;1
18637;10117.30;50;1.06;1;1
18638;10801.56;50;1.01;1;1
18639;10068.43;50;1.08;1;1
18640;10654.94;50;1.01;1;1
18641;10019.55;50;1.07;1;1
18642;10703.81;50;1.00;1;1
18643;10068.43;50;1.07;1;1
18644;10606.06;50;1.01;1;1
18645;10068.43;50;1.06;1;1
18646;10606.06;50;1.01;1;1
18647;10117.30;50;1.06;1;1
18648;10654.94;50;1.01;1;1
18649;10166.18;50;1.07;1;1
18650;10752.69;50;1.02;1;1
18651;10117.30;50;1.08;1;1
18652;10752.69;50;1.01;1;1
18653;10312.81;50;1.08;1;1
18654;10801.56;50;1.03;1;1
18655;10263.93;50;1.08;1;1
18656;10752.69;50;1.03;1;1
18657;10263.93;50;1.08;1;1
18658;10801.56;50;1.03;1;1
18659;10215.05;50;1.08;1;1
18660;10703.81;50;1.02;1;1
18661;10166.18;50;1.07;1;1
18662;10850.44;50;1.02;1;1
18663;10215.05;50;1.09;1;1
18664;10850.44;50;1.02;1;1
18665;10166.18;50;1.09;1;1
18666;10703.81;50;1.02;1;1
18667;10117.30;50;1.07;1;1
18668;10703.81;50;1.01;1;1
18669;10117.30;50;1.07;1;1
18670;10654.94;50;1.01;1;1
18671;10215.05;50;1.07;1;1
18672;10752.69;50;1.02;1;1
18673;10117.30;50;1.08;1;1
18674;10801.56;50;1.01;1;1
18675;10117.30;50;1.08;1;1
18676;11045.94;50;1.01;1;1
18677;9970.67;50;1.10;1;1
18678;10654.94;50;1.00;1;1
18679;9970.67;50;1.07;1;1
18680;10752.69;50;1.00;1;1
18681;10068.43;50;1.08;1;1
18682;10752.69;50;1.01;1;1
18683;10166.18;50;1.08;1;1
18684;10752.69;50;1.02;1;1
18685;10019.55;50;1.08;1;1
18686;10654.94;50;1.00;1;1
18687;10019.55;50;1.07;1;1
18688;10752.69;50;1.00;1;1
18689;10019.55;50;1.08;1;1
18690;10654.94;50;1.00;1;1
18691;10019.55;50;1.07;1;1
18692;10752.69;50;1.00;1;1
18693;9872.92;50;1.08;1;1
18694;10703.81;50;0.99;1;1
18695;9872.92;50;1.07;1;1
18696;10703.81;50;0.99;1;1
18697;10019.55;50;1.07;1;1
18698;10654.94;50;1.00;1;1
18699;9824.05;50;1.07;1;1
18700;10606.06;50;0.98;1;1
18701;9921.80;50;1.06;1;1
18702;10557.18;50;0.99;1;1
18703;10019.55;50;1.06;1;1
18704;10752.69;50;1.00;1;1
18705;10068.43;50;1.08;1;1
18706;10801.56;50;1.01;1;1
18707;10410.56;50;1.08;1;1
18708;10948.19;50;1.04;1;1
18709;10215.05;50;1.09;1;1
18710;10557.18;50;1.02;1;1
18711;10068.43;50;1.06;1;1
18712;10557.18;50;1.01;1;1
18713;10117.30;50;1.06;1;1
18714;10459.43;50;1.01;1;1
18715;10019.55;50;1.05;1;1
18716;10508.31;50;1.00;1;1
18717;10166.18;50;1.05;1;1
18718;10361.68;50;1.02;1;1
18719;10117.30;50;1.04;1;1
18720;10459.43;50;1.01;1;1
18721;10117.30;50;1.05;1;1
18722;10508.31;50;1.01;1;1
18723;10215.05;50;1.05;1;1
18724;10459.43;50;1.02;1;1
18725;10019.55;50;1.05;1;1
18726;10410.56;50;1.00;1;1
18727;10117.30;50;1.04;1;1
18728;10410.56;50;1.01;1;1
18729;10117.30;50;1.04;1;1
18730;10361.68;50;1.01;1;1
18731;10019.55;50;1.04;1;1
18732;10508.31;50;1.00;1;1
18733;10117.30;50;1.05;1;1
18734;10508.31;50;1.01;1;1
18735;10117.30;50;1.05;1;1
18736;10606.06;50;1.01;1;1
18737;10019.55;50;1.06;1;1
18738;10459.43;50;1.00;1;1
18739;9921.80;50;1.05;1;1
18740;10459.43;50;0.99;1;1
18741;10068.43;50;1.05;1;1
18742;10361.68;50;1.01;1;1
18743;10019.55;50;1.04;1;1
18744;10263.93;50;1.00;1;1
18745;10019.55;50;1.03;1;1
18746;10410.56;50;1.00;1;1
18747;10068.43;50;1.04;1;1
18748;10361.68;50;1.01;1;1
18749;10117.30;50;1.04;1;1
18750;10410.56;50;1.01;1;1
18751;10312.81;50;1.04;1;1
18752;10508.31;50;1.03;1;1
18753;10361.68;50;1.05;1;1
18754;10459.43;50;1.04;1;1
18755;10361.68;50;1.05;1;1
18756;10263.93;50;1.04;1;1
18757;10361.68;50;1.03;1;1
18758;10361.68;50;1.04;1;1
18759;10410.56;50;1.04;1;1
18760;10312.81;50;1.04;1;1
18761;10459.43;50;1.03;1;1
18762;10312.81;50;1.05;1;1
18763;10410.56;50;1.03;1;1
18764;10263.93;50;1.04;1;1
18765;10410.56;50;1.03;1;1
18766;10117.30;50;1.04;1;1
18767;10508.31;50;1.01;1;1
18768;10215.05;50;1.05;1;1
18769;10459.43;50;1.02;1;1
18770;10117.30;50;1.05;1;1
18771;10557.18;50;1.01;1;1
18772;10068.43;50;1.06;1;1
18773;10703.81;50;1.01;1;1
18774;10410.56;50;1.07;1;1
18775;10801.56;50;1.04;1;1
18776;10263.93;50;1.08;1;1
18777;10557.18;50;1.03;1;1
18778;10508.31;50;1.06;1;1
18779;10850.44;50;1.05;1;1
18780;10459.43;50;1.09;1;1
18781;10703.81;50;1.05;1;1
18782;10166.18;50;1.07;1;1
18783;10654.94;50;1.02;1;1
18784;10215.05;50;1.07;1;1
18785;10606.06;50;1.02;1;1
18786;10166.18;50;1.06;1;1
18787;10508.31;50;1.02;1;1
18788;10166.18;50;1.05;1;1
18789;10557.18;50;1.02;1;1
18790;10215.05;50;1.06;1;1
18791;10508.31;50;1.02;1;1
18792;10117.30;50;1.05;1;1
18793;10312.81;50;1.01;1;1
18794;9921.80;50;1.03;1;1
18795;10117.30;50;0.99;1;1
18796;9970.67;50;1.01;1;1
18797;10215.05;50;1.00;1;1
18798;10117.30;50;1.02;1;1
18799;10312.81;50;1.01;1;1
18800;10068.43;50;1.03;1;1
18801;10263.93;50;1.01;1;1
18802;10019.55;50;1.03;1;1
18803;10263.93;50;1.00;1;1
18804;10019.55;50;1.03;1;1
18805;10361.68;50;1.00;1;1
18806;9872.92;50;1.04;1;1
18807;10361.68;50;0.99;1;1
18808;10019.55;50;1.04;1;1
18809;10312.81;50;1.00;1;1
18810;10068.43;50;1.03;1;1
18811;10459.43;50;1.01;1;1
18812;10019.55;50;1.05;1;1
18813;10361.68;50;1.00;1;1
18814;10019.55;50;1.04;1;1
18815;10312.81;50;1.00;1;1
18816;9970.67;50;1.03;1;1
18817;10166.18;50;1.00;1;1
18818;9872.92;50;1.02;1;1
18819;10263.93;50;0.99;1;1
18820;9970.67;50;1.03;1;1
18821;10508.31;50;1.00;1;1
18822;9872.92;50;1.05;1;1
18823;10312.81;50;0.99;1;1
18824;9824.05;50;1.03;1;1
18825;10312.81;50;0.98;1;1
18826;9775.17;50;1.03;1;1
18827;10557.18;50;0.98;1;1
18828;10019.55;50;1.06;1;1
18829;10215.05;50;1.00;1;1
18830;9921.80;50;1.02;1;1
18831;10166.18;50;0.99;1;1
18832;9726.29;50;1.02;1;1
18833;10117.30;50;0.97;1;1
18834;9824.05;50;1.01;1;1
18835;10312.81;50;0.98;1;1
18836;9824.05;50;1.03;1;1
18837;10166.18;50;0.98;1;1
18838;9921.80;50;1.02;1;1
18839;10215.05;50;0.99;1;1
18840;9872.92;50;1.02;1;1
18841;10410.56;50;0.99;1;1
18842;9921.80;50;1.04;1;1
18843;10361.68;50;0.99;1;1
18844;10019.55;50;1.04;1;1
18845;10263.93;50;1.00;1;1
18846;9824.05;50;1.03;1;1
18847;10215.05;50;0.98;1;1
18848;9775.17;50;1.02;1;1
18849;10312.81;50;0.98;1;1
18850;9921.80;50;1.03;1;1
18851;10312.81;50;0.99;1;1
18852;9872.92;50;1.03;1;1
18853;10263.93;50;0.99;1;1
18854;10117.30;50;1.03;1;1
18855;10606.06;50;1.01;1;1
18856;10166.18;50;1.06;1;1
18857;10654.94;50;1.02;1;1
18858;10117.30;50;1.07;1;1
18859;10654.94;50;1.01;1;1
18860;10263.93;50;1.07;1;1
18861;10361.68;50;1.03;1;1
18862;10068.43;50;1.04;1;1
18863;10459.43;50;1.01;1;1
18864;9970.67;50;1.05;1;1
18865;10361.68;50;1.00;1;1
18866;10117.30;50;1.04;1;1
18867;10215.05;50;1.01;1;1
18868;10117.30;50;1.02;1;1
18869;10459.43;50;1.01;1;1
18870;10215.05;50;1.05;1;1
18871;10508.31;50;1.02;1;1
18872;10068.43;50;1.05;1;1
18873;10459.43;50;1.01;1;1
18874;10117.30;50;1.05;1;1
18875;10606.06;50;1.01;1;1
18876;10117.30;50;1.06;1;1
18877;10606.06;50;1.01;1;1
18878;10019.55;50;1.06;1;1
18879;10606.06;50;1.00;1;1
18880;10068.43;50;1.06;1;1
18881;10606.06;50;1.01;1;1
18882;9970.67;50;1.06;1;1
18883;10557.18;50;1.00;1;1
18884;10019.55;50;1.06;1;1
18885;10606.06;50;1.00;1;1
18886;9872.92;50;1.06;1;1
18887;10557.18;50;0.99;1;1
18888;10019.55;50;1.06;1;1
18889;10850.44;50;1.00;1;1
18890;10068.43;50;1.09;1;1
18891;10654.94;50;1.01;1;1
18892;10068.43;50;1.07;1;1
18893;10752.69;50;1.01;1;1
18894;10117.30;50;1.08;1;1
18895;11094.82;50;1.01;1;1
18896;10459.43;50;1.11;1;1
18897;10997.07;50;1.05;1;1
18898;10557.18;50;1.10;1;1
18899;11045.94;50;1.06;1;1
18900;10459.43;50;1.10;1;1
18901;10948.19;50;1.05;1;1
18902;10166.18;50;1.09;1;1
18903;10850.44;50;1.02;1;1
18904;10117.30;50;1.09;1;1
18905;10752.69;50;1.01;1;1
18906;10019.55;50;1.08;1;1
18907;10703.81;50;1.00;1;1
18908;9970.67;50;1.07;1;1
18909;10508.31;50;1.00;1;1
18910;10019.55;50;1.05;1;1
18911;10654.94;50;1.00;1;1
18912;9921.80;50;1.07;1;1
18913;10801.56;50;0.99;1;1
18914;10068.43;50;1.08;1;1
18915;10801.56;50;1.01;1;1
18916;10068.43;50;1.08;1;1
18917;10752.69;50;1.01;1;1
18918;10117.30;50;1.08;1;1
18919;10899.32;50;1.01;1;1
18920;9970.67;50;1.09;1;1
18921;10899.32;50;1.00;1;1
18922;10019.55;50;1.09;1;1
18923;10606.06;50;1.00;1;1
18924;10263.93;50;1.06;1;1
18925;10801.56;50;1.03;1;1
18926;10019.55;50;1.08;1;1
18927;10654.94;50;1.00;1;1
18928;10068.43;50;1.07;1;1
18929;10703.81;50;1.01;1;1
18930;10068.43;50;1.07;1;1
18931;10801.56;50;1.01;1;1
18932;10263.93;50;1.08;1;1
18933;10752.69;50;1.03;1;1
18934;10166.18;50;1.08;1;1
18935;10752.69;50;1.02;1;1
18936;10019.55;50;1.08;1;1
18937;10557.18;50;1.00;1;1
18938;10117.30;50;1.06;1;1
18939;10557.18;50;1.01;1;1
18940;10019.55;50;1.06;1;1
18941;10459.43;50;1.00;1;1
18942;10068.43;50;1.05;1;1
18943;10606.06;50;1.01;1;1
18944;10166.18;50;1.06;1;1
18945;10606.06;50;1.02;1;1
18946;9872.92;50;1.06;1;1
18947;10557.18;50;0.99;1;1
18948;9970.67;50;1.06;1;1
18949;10557.18;50;1.00;1;1
18950;10068.43;50;1.06;1;1
18951;10508.31;50;1.01;1;1
18952;10019.55;50;1.05;1;1
18953;10606.06;50;1.00;1;1
18954;10019.55;50;1.06;1;1
18955;10508.31;50;1.00;1;1
18956;9872.92;50;1.05;1;1
18957;10508.31;50;0.99;1;1
18958;10166.18;50;1.05;1;1
18959;10459.43;50;1.02;1;1
18960;10068.43;50;1.05;1;1
18961;10508.31;50;1.01;1;1
18962;10117.30;50;1.05;1;1
18963;10410.56;50;1.01;1;1
18964;10215.05;50;1.04;1;1
18965;10410.56;50;1.02;1;1
18966;10312.81;50;1.04;1;1
18967;10459.43;50;1.03;1;1
18968;10361.68;50;1.05;1;1
18969;10361.68;50;1.04;1;1
18970;10263.93;50;1.04;1;1
18971;10312.81;50;1.03;1;1
18972;10410.56;50;1.03;1;1
18973;10215.05;50;1.04;1;1
18974;10361.68;50;1.02;1;1
18975;10215.05;50;1.04;1;1
18976;10312.81;50;1.02;1;1
18977;10019.55;50;1.03;1;1
18978;10263.93;50;1.00;1;1
18979;10117.30;50;1.03;1;1
18980;10263.93;50;1.01;1;1
18981;10263.93;50;1.03;1;1
18982;10361.68;50;1.03;1;1
18983;10361.68;50;1.04;1;1
18984;10508.31;50;1.04;1;1
18985;10263.93;50;1.05;1;1
18986;10410.56;50;1.03;1;1
18987;10215.05;50;1.04;1;1
18988;10459.43;50;1.02;1;1
18989;10312.81;50;1.05;1;1
18990;10508.31;50;1.03;1;1
18991;10166.18;50;1.05;1;1
18992;10508.31;50;1.02;1;1
18993;10312.81;50;1.05;1;1
18994;10703.81;50;1.03;1;1
18995;10312.81;50;1.07;1;1
18996;10557.18;50;1.03;1;1
18997;10117.30;50;1.06;1;1
18998;10606.06;50;1.01;1;1
18999;10215.05;50;1.06;1;1
19000;10606.06;50;1.02;1;1
19001;10215.05;50;1.06;1;1
19002;10654.94;50;1.02;1;1
19003;10312.81;50;1.07;1;1
19004;10752.69;50;1.03;1;1
19005;10557.18;50;1.08;1;1
19006;10703.81;50;1.06;1;1
19007;10459.43;50;1.07;1;1
19008;10752.69;50;1.05;1;1
19009;10459.43;50;1.08;1;1
19010;10752.69;50;1.05;1;1
19011;10508.31;50;1.08;1;1
19012;10801.56;50;1.05;1;1
19013;10606.06;50;1.08;1;1
19014;10654.94;50;1.06;1;1
19015;10459.43;50;1.07;1;1
19016;10654.94;50;1.05;1;1
19017;10410.56;50;1.07;1;1
19018;10850.44;50;1.04;1;1
19019;10263.93;50;1.09;1;1
19020;10703.81;50;1.03;1;1
19021;10215.05;50;1.07;1;1
19022;10703.81;50;1.02;1;1
19023;10263.93;50;1.07;1;1
19024;10557.18;50;1.03;1;1
19025;10508.31;50;1.06;1;1
19026;10801.56;50;1.05;1;1
19027;10361.68;50;1.08;1;1
19028;10654.94;50;1.04;1;1
19029;10312.81;50;1.07;1;1
19030;10801.56;50;1.03;1;1
19031;10361.68;50;1.08;1;1
19032;10703.81;50;1.04;1;1
19033;10459.43;50;1.07;1;1
19034;10654.94;50;1.05;1;1
19035;10312.81;50;1.07;1;1
19036;10557.18;50;1.03;1;1
19037;10361.68;50;1.06;1;1
19038;10557.18;50;1.04;1;1
19039;10410.56;50;1.06;1;1
19040;10508.31;50;1.04;1;1
19041;10312.81;50;1.05;1;1
19042;10508.31;50;1.03;1;1
19043;10166.18;50;1.05;1;1
19044;10557.18;50;1.02;1;1
19045;10215.05;50;1.06;1;1
19046;10752.69;50;1.02;1;1
19047;10312.81;50;1.08;1;1
19048;10801.56;50;1.03;1;1
19049;10263.93;50;1.08;1;1
19050;10606.06;50;1.03;1;1
19051;10117.30;50;1.06;1;1
19052;10654.94;50;1.01;1;1
19053;10263.93;50;1.07;1;1
19054;10654.94;50;1.03;1;1
19055;10019.55;50;1.07;1;1
19056;10752.69;50;1.00;1;1
19057;10166.18;50;1.08;1;1
19058;10606.06;50;1.02;1;1
19059;10117.30;50;1.06;1;1
19060;10459.43;50;1.01;1;1
19061;10117.30;50;1.05;1;1
19062;10654.94;50;1.01;1;1
19063;9970.67;50;1.07;1;1
19064;10557.18;50;1.00;1;1
19065;9921.80;50;1.06;1;1
19066;10508.31;50;0.99;1;1
19067;9921.80;50;1.05;1;1
19068;10557.18;50;0.99;1;1
19069;9921.80;50;1.06;1;1
19070;10459.43;50;0.99;1;1
19071;9775.17;50;1.05;1;1
19072;10508.31;50;0.98;1;1
19073;9824.05;50;1.05;1;1
19074;10801.56;50;0.98;1;1
19075;9970.67;50;1.08;1;1
19076;10654.94;50;1.00;1;1
19077;9970.67;50;1.07;1;1
19078;10703.81;50;1.00;1;1
19079;10019.55;50;1.07;1;1
19080;10606.06;50;1.00;1;1
19081;10068.43;50;1.06;1;1
19082;10899.32;50;1.01;1;1
19083;10068.43;50;1.09;1;1
19084;10752.69;50;1.01;1;1
19085;9970.67;50;1.08;1;1
19086;10654.94;50;1.00;1;1
19087;9970.67;50;1.07;1;1
19088;10703.81;50;1.00;1;1
19089;9970.67;50;1.07;1;1
19090;10703.81;50;1.00;1;1
19091;10068.43;50;1.07;1;1
19092;10654.94;50;1.01;1;1
19093;9824.05;50;1.07;1;1
19094;10606.06;50;0.98;1;1
19095;9921.80;50;1.06;1;1
19096;10606.06;50;0.99;1;1
19097;9872.92;50;1.06;1;1
19098;10654.94;50;0.99;1;1
19099;9970.67;50;1.07;1;1
19100;10703.81;50;1.00;1;1
19101;9970.67;50;1.07;1;1
19102;10801.56;50;1.00;1;1
19103;10019.55;50;1.08;1;1
19104;10703.81;50;1.00;1;1
19105;10117.30;50;1.07;1;1
19106;10801.56;50;1.01;1;1
19107;10166.18;50;1.08;1;1
19108;10801.56;50;1.02;1;1
19109;10166.18;50;1.08;1;1
19110;10801.56;50;1.02;1;1
19111;10117.30;50;1.08;1;1
19112;10752.69;50;1.01;1;1
19113;10068.43;50;1.08;1;1
19114;10752.69;50;1.01;1;1
19115;10019.55;50;1.08;1;1
19116;10654.94;50;1.00;1;1
19117;10068.43;50;1.07;1;1
19118;10752.69;50;1.01;1;1
19119;10166.18;50;1.08;1;1
19120;10801.56;50;1.02;1;1
19121;10117.30;50;1.08;1;1
19122;10752.69;50;1.01;1;1
19123;10117.30;50;1.08;1;1
19124;10654.94;50;1.01;1;1
19125;10019.55;50;1.07;1;1
19126;10801.56;50;1.00;1;1
19127;10117.30;50;1.08;1;1
19128;10703.81;50;1.01;1;1
19129;9872.92;50;1.07;1;1
19130;10606.06;50;0.99;1;1
19131;9824.05;50;1.06;1;1
19132;10459.43;50;0.98;1;1
19133;9921.80;50;1.05;1;1
19134;10557.18;50;0.99;1;1
19135;9921.80;50;1.06;1;1
19136;10606.06;50;0.99;1;1
19137;10019.55;50;1.06;1;1
19138;10703.81;50;1.00;1;1
19139;10019.55;50;1.07;1;1
19140;10606.06;50;1.00;1;1
19141;10068.43;50;1.06;1;1
19142;10654.94;50;1.01;1;1
19143;10019.55;50;1.07;1;1
19144;10606.06;50;1.00;1;1
19145;10019.55;50;1.06;1;1
19146;10752.69;50;1.00;1;1
19147;10312.81;50;1.08;1;1
19148;10850.44;50;1.03;1;1
19149;10166.18;50;1.09;1;1
19150;10606.06;50;1.02;1;1
19151;10263.93;50;1.06;1;1
19152;10606.06;50;1.03;1;1
19153;10410.56;50;1.06;1;1
19154;10654.94;50;1.04;1;1
19155;10263.93;50;1.07;1;1
19156;10557.18;50;1.03;1;1
19157;10263.93;50;1.06;1;1
19158;10410.56;50;1.03;1;1
19159;10166.18;50;1.04;1;1
19160;10263.93;50;1.02;1;1
19161;10215.05;50;1.03;1;1
19162;10459.43;50;1.02;1;1
19163;10508.31;50;1.05;1;1
19164;10410.56;50;1.05;1;1
19165;10508.31;50;1.04;1;1
19166;10361.68;50;1.05;1;1
19167;10166.18;50;1.04;1;1
19168;10361.68;50;1.02;1;1
19169;10215.05;50;1.04;1;1
19170;10459.43;50;1.02;1;1
19171;10557.18;50;1.05;1;1
19172;10459.43;50;1.06;1;1
19173;10361.68;50;1.05;1;1
19174;10606.06;50;1.04;1;1
19175;10801.56;50;1.06;1;1
19176;10508.31;50;1.08;1;1
19177;10703.81;50;1.05;1;1
19178;10654.94;50;1.07;1;1
19179;10312.81;50;1.07;1;1
19180;10508.31;50;1.03;1;1
19181;10117.30;50;1.05;1;1
19182;10410.56;50;1.01;1;1
19183;10215.05;50;1.04;1;1
19184;10606.06;50;1.02;1;1
19185;10166.18;50;1.06;1;1
19186;10508.31;50;1.02;1;1
19187;10263.93;50;1.05;1;1
19188;10508.31;50;1.03;1;1
19189;10166.18;50;1.05;1;1
19190;10459.43;50;1.02;1;1
19191;10068.43;50;1.05;1;1
19192;10752.69;50;1.01;1;1
19193;10215.05;50;1.08;1;1
19194;10703.81;50;1.02;1;1
19195;10312.81;50;1.07;1;1
19196;10459.43;50;1.03;1;1
19197;10117.30;50;1.05;1;1
19198;10410.56;50;1.01;1;1
19199;10312.81;50;1.04;1;1
19200;10654.94;50;1.03;1;1
19201;10361.68;50;1.07;1;1
19202;10606.06;50;1.04;1;1
19203;10117.30;50;1.06;1;1
19204;10410.56;50;1.01;1;1
19205;10166.18;50;1.04;1;1
19206;10410.56;50;1.02;1;1
19207;10215.05;50;1.04;1;1
19208;10263.93;50;1.02;1;1
19209;10117.30;50;1.03;1;1
19210;10361.68;50;1.01;1;1
19211;10459.43;50;1.04;1;1
19212;10410.56;50;1.05;1;1
19213;10361.68;50;1.04;1;1
19214;10459.43;50;1.04;1;1
19215;10459.43;50;1.05;1;1
19216;10410.56;50;1.05;1;1
19217;10410.56;50;1.04;1;1
19218;10361.68;50;1.04;1;1
19219;10166.18;50;1.04;1;1
19220;10508.31;50;1.02;1;1
19221;10263.93;50;1.05;1;1
19222;10459.43;50;1.03;1;1
19223;10166.18;50;1.05;1;1
19224;10263.93;50;1.02;1;1
19225;10166.18;50;1.03;1;1
19226;10312.81;50;1.02;1;1
19227;10117.30;50;1.03;1;1
19228;10312.81;50;1.01;1;1
19229;10068.43;50;1.03;1;1
19230;10459.43;50;1.01;1;1
19231;10117.30;50;1.05;1;1
19232;10459.43;50;1.01;1;1
19233;10166.18;50;1.05;1;1
19234;10361.68;50;1.02;1;1
19235;10215.05;50;1.04;1;1
19236;10215.05;50;1.02;1;1
19237;10117.30;50;1.02;1;1
19238;10166.18;50;1.01;1;1
19239;10312.81;50;1.02;1;1
19240;10263.93;50;1.03;1;1
19241;10312.81;50;1.03;1;1
19242;10263.93;50;1.03;1;1
19243;10312.81;50;1.03;1;1
19244;10361.68;50;1.03;1;1
19245;10557.18;50;1.04;1;1
19246;10410.56;50;1.06;1;1
19247;10508.31;50;1.04;1;1
19248;10215.05;50;1.05;1;1
19249;10459.43;50;1.02;1;1
19250;10019.55;50;1.05;1;1
19251;10508.31;50;1.00;1;1
19252;10215.05;50;1.05;1;1
19253;10459.43;50;1.02;1;1
19254;10215.05;50;1.05;1;1
19255;10654.94;50;1.02;1;1
19256;10312.81;50;1.07;1;1
19257;10557.18;50;1.03;1;1
19258;9970.67;50;1.06;1;1
19259;10606.06;50;1.00;1;1
19260;10361.68;50;1.06;1;1
19261;10654.94;50;1.04;1;1
19262;10166.18;50;1.07;1;1
19263;10410.56;50;1.02;1;1
19264;10068.43;50;1.04;1;1
19265;10263.93;50;1.01;1;1
19266;10117.30;50;1.03;1;1
19267;10557.18;50;1.01;1;1
19268;9824.05;50;1.06;1;1
19269;10215.05;50;0.98;1;1
19270;9775.17;50;1.02;1;1
19271;10410.56;50;0.98;1;1
19272;10263.93;50;1.04;1;1
19273;10459.43;50;1.03;1;1
19274;10361.68;50;1.05;1;1
19275;10508.31;50;1.04;1;1
19276;10263.93;50;1.05;1;1
19277;10459.43;50;1.03;1;1
19278;10263.93;50;1.05;1;1
19279;10508.31;50;1.03;1;1
19280;10215.05;50;1.05;1;1
19281;10410.56;50;1.02;1;1
19282;10166.18;50;1.04;1;1
19283;10312.81;50;1.02;1;1
19284;10019.55;50;1.03;1;1
19285;10215.05;50;1.00;1;1
19286;9775.17;50;1.02;1;1
19287;10557.18;50;0.98;1;1
19288;10166.18;50;1.06;1;1
19289;10606.06;50;1.02;1;1
19290;10068.43;50;1.06;1;1
19291;10557.18;50;1.01;1;1
19292;10068.43;50;1.06;1;1
19293;10654.94;50;1.01;1;1
19294;10117.30;50;1.07;1;1
19295;10459.43;50;1.01;1;1
19296;10117.30;50;1.05;1;1
19297;10508.31;50;1.01;1;1
19298;9970.67;50;1.05;1;1
19299;10410.56;50;1.00;1;1
19300;10019.55;50;1.04;1;1
19301;10606.06;50;1.00;1;1
19302;10117.30;50;1.06;1;1
19303;10654.94;50;1.01;1;1
19304;9970.67;50;1.07;1;1
19305;10459.43;50;1.00;1;1
19306;10019.55;50;1.05;1;1
19307;10361.68;50;1.00;1;1
19308;10019.55;50;1.04;1;1
19309;10459.43;50;1.00;1;1
19310;10068.43;50;1.05;1;1
19311;10361.68;50;1.01;1;1
19312;10117.30;50;1.04;1;1
19313;10410.56;50;1.01;1;1
19314;10117.30;50;1.04;1;1
19315;10263.93;50;1.01;1;1
19316;10117.30;50;1.03;1;1
19317;10263.93;50;1.01;1;1
19318;10117.30;50;1.03;1;1
19319;10312.81;50;1.01;1;1
19320;10068.43;50;1.03;1;1
19321;10263.93;50;1.01;1;1
19322;10068.43;50;1.03;1;1
19323;10312.81;50;1.01;1;1
19324;10312.81;50;1.03;1;1
19325;10361.68;50;1.03;1;1
19326;10117.30;50;1.04;1;1
19327;10557.18;50;1.01;1;1
19328;10117.30;50;1.06;1;1
19329;10361.68;50;1.01;1;1
19330;10019.55;50;1.04;1;1
19331;10410.56;50;1.00;1;1
19332;10068.43;50;1.04;1;1
19333;10410.56;50;1.01;1;1
19334;10068.43;50;1.04;1;1
19335;10312.81;50;1.01;1;1
19336;9872.92;50;1.03;1;1
19337;10410.56;50;0.99;1;1
19338;9970.67;50;1.04;1;1
19339;10312.81;50;1.00;1;1
19340;9872.92;50;1.03;1;1
19341;10215.05;50;0.99;1;1
19342;10117.30;50;1.02;1;1
19343;10410.56;50;1.01;1;1
19344;10215.05;50;1.04;1;1
19345;10215.05;50;1.02;1;1
19346;10068.43;50;1.02;1;1
19347;10361.68;50;1.01;1;1
19348;10068.43;50;1.04;1;1
19349;10410.56;50;1.01;1;1
19350;10166.18;50;1.04;1;1
19351;10606.06;50;1.02;1;1
19352;10117.30;50;1.06;1;1
19353;10459.43;50;1.01;1;1
19354;10068.43;50;1.05;1;1
19355;10410.56;50;1.01;1;1
19356;10361.68;50;1.04;1;1
19357;10606.06;50;1.04;1;1
19358;10215.05;50;1.06;1;1
19359;10801.56;50;1.02;1;1
19360;10410.56;50;1.08;1;1
19361;10459.43;50;1.04;1;1
19362;10117.30;50;1.05;1;1
19363;10606.06;50;1.01;1;1
19364;10068.43;50;1.06;1;1
19365;10508.31;50;1.01;1;1
19366;10166.18;50;1.05;1;1
19367;10752.69;50;1.02;1;1
19368;10361.68;50;1.08;1;1
19369;10703.81;50;1.04;1;1
19370;10263.93;50;1.07;1;1
19371;10606.06;50;1.03;1;1
19372;10166.18;50;1.06;1;1
19373;10654.94;50;1.02;1;1
19374;9970.67;50;1.07;1;1
19375;10410.56;50;1.00;1;1
19376;10068.43;50;1.04;1;1
19377;10508.31;50;1.01;1;1
19378;10117.30;50;1.05;1;1
19379;10606.06;50;1.01;1;1
19380;9970.67;50;1.06;1;1
19381;10508.31;50;1.00;1;1
19382;10117.30;50;1.05;1;1
19383;10557.18;50;1.01;1;1
19384;10068.43;50;1.06;1;1
19385;10508.31;50;1.01;1;1
19386;10117.30;50;1.05;1;1
19387;10508.31;50;1.01;1;1
19388;10068.43;50;1.05;1;1
19389;10557.18;50;1.01;1;1
19390;10068.43;50;1.06;1;1
19391;10752.69;50;1.01;1;1
19392;10117.30;50;1.08;1;1
19393;10606.06;50;1.01;1;1
19394;10019.55;50;1.06;1;1
19395;10606.06;50;1.00;1;1
19396;9921.80;50;1.06;1;1
19397;10508.31;50;0.99;1;1
19398;9775.17;50;1.05;1;1
19399;10459.43;50;0.98;1;1
19400;9921.80;50;1.05;1;1
19401;10557.18;50;0.99;1;1
19402;9921.80;50;1.06;1;1
19403;10557.18;50;0.99;1;1
19404;9921.80;50;1.06;1;1
19405;10410.56;50;0.99;1;1
19406;10019.55;50;1.04;1;1
19407;10410.56;50;1.00;1;1
19408;9921.80;50;1.04;1;1
19409;10459.43;50;0.99;1;1
19410;9824.05;50;1.05;1;1
19411;10410.56;50;0.98;1;1
19412;9775.17;50;1.04;1;1
19413;10263.93;50;0.98;1;1
19414;9775.17;50;1.03;1;1
19415;10361.68;50;0.98;1;1
19416;9726.29;50;1.04;1;1
19417;10361.68;50;0.97;1;1
19418;9628.54;50;1.04;1;1
19419;10263.93;50;0.96;1;1
19420;9628.54;50;1.03;1;1
19421;10361.68;50;0.96;1;1
19422;9726.29;50;1.04;1;1
19423;10312.81;50;0.97;1;1
19424;9579.67;50;1.03;1;1
19425;10215.05;50;0.96;1;1
19426;9579.67;50;1.02;1;1
19427;10263.93;50;0.96;1;1
19428;9530.79;50;1.03;1;1
19429;10166.18;50;0.95;1;1
19430;9677.42;50;1.02;1;1
19431;10361.68;50;0.97;1;1
19432;9628.54;50;1.04;1;1
19433;10117.30;50;0.96;1;1
19434;9579.67;50;1.01;1;1
19435;10117.30;50;0.96;1;1
19436;9530.79;50;1.01;1;1
19437;10117.30;50;0.95;1;1
19438;9433.04;50;1.01;1;1
19439;10215.05;50;0.94;1;1
19440;9579.67;50;1.02;1;1
19441;10410.56;50;0.96;1;1
19442;9628.54;50;1.04;1;1
19443;10410.56;50;0.96;1;1
19444;9579.67;50;1.04;1;1
19445;10215.05;50;0.96;1;1
19446;9481.92;50;1.02;1;1
19447;10215.05;50;0.95;1;1
19448;9530.79;50;1.02;1;1
19449;10215.05;50;0.95;1;1
19450;9579.67;50;1.02;1;1
19451;10215.05;50;0.96;1;1
19452;9579.67;50;1.02;1;1
19453;10166.18;50;0.96;1;1
19454;9677.42;50;1.02;1;1
19455;10117.30;50;0.97;1;1
19456;9628.54;50;1.01;1;1
19457;10117.30;50;0.96;1;1
19458;9677.42;50;1.01;1;1
19459;10117.30;50;0.97;1;1
19460;9824.05;50;1.01;1;1
19461;10068.43;50;0.98;1;1
19462;9726.29;50;1.01;1;1
19463;10019.55;50;0.97;1;1
19464;9921.80;50;1.00;1;1
19465;10263.93;50;0.99;1;1
19466;9677.42;50;1.03;1;1
19467;10117.30;50;0.97;1;1
19468;9824.05;50;1.01;1;1
19469;10019.55;50;0.98;1;1
19470;9726.29;50;1.00;1;1
19471;9921.80;50;0.97;1;1
19472;9824.05;50;0.99;1;1
19473;9970.67;50;0.98;1;1
19474;9775.17;50;1.00;1;1
19475;9824.05;50;0.98;1;1
19476;9824.05;50;0.98;1;1
19477;9824.05;50;0.98;1;1
19478;9872.92;50;0.98;1;1
19479;9921.80;50;0.99;1;1
19480;9872.92;50;0.99;1;1
19481;9775.17;50;0.99;1;1
19482;9921.80;50;0.98;1;1
19483;9921.80;50;0.99;1;1
19484;9824.05;50;0.99;1;1
19485;9824.05;50;0.98;1;1
19486;9872.92;50;0.98;1;1
19487;9775.17;50;0.99;1;1
19488;10117.30;50;0.98;1;1
19489;9921.80;50;1.01;1;1
19490;9921.80;50;0.99;1;1
19491;9872.92;50;0.99;1;1
19492;10117.30;50;0.99;1;1
19493;9726.29;50;1.01;1;1
19494;9921.80;50;0.97;1;1
19495;9677.42;50;0.99;1;1
19496;9872.92;50;0.97;1;1
19497;9628.54;50;0.99;1;1
19498;9921.80;50;0.96;1;1
19499;9579.67;50;0.99;1;1
19500;9921.80;50;0.96;1;1
19501;9286.41;50;0.99;1;1
19502;9677.42;50;0.93;1;1
19503;9433.04;50;0.97;1;1
19504;9775.17;50;0.94;1;1
19505;9677.42;50;0.98;1;1
19506;9872.92;50;0.97;1;1
19507;9433.04;50;0.99;1;1
19508;9677.42;50;0.94;1;1
19509;9726.29;50;0.97;1;1
19510;9628.54;50;0.97;1;1
19511;9921.80;50;0.96;1;1
19512;9872.92;50;0.99;1;1
19513;9775.17;50;0.99;1;1
19514;9872.92;50;0.98;1;1
19515;9775.17;50;0.99;1;1
19516;9726.29;50;0.98;1;1
19517;9726.29;50;0.97;1;1
19518;9775.17;50;0.97;1;1
19519;9872.92;50;0.98;1;1
19520;9921.80;50;0.99;1;1
19521;9872.92;50;0.99;1;1
19522;9872.92;50;0.99;1;1
19523;9824.05;50;0.99;1;1
19524;9872.92;50;0.98;1;1
19525;9824.05;50;0.99;1;1
19526;9970.67;50;0.98;1;1
19527;9970.67;50;1.00;1;1
19528;9921.80;50;1.00;1;1
19529;9824.05;50;0.99;1;1
19530;9921.80;50;0.98;1;1
19531;9970.67;50;0.99;1;1
19532;9970.67;50;1.00;1;1
19533;9677.42;50;1.00;1;1
19534;9824.05;50;0.97;1;1
19535;9775.17;50;0.98;1;1
19536;9775.17;50;0.98;1;1
19537;9726.29;50;0.98;1;1
19538;9921.80;50;0.97;1;1
19539;9726.29;50;0.99;1;1
19540;9824.05;50;0.97;1;1
19541;9726.29;50;0.98;1;1
19542;10166.18;50;0.97;1;1
19543;9970.67;50;1.02;1;1
19544;10117.30;50;1.00;1;1
19545;10019.55;50;1.01;1;1
19546;10361.68;50;1.00;1;1
19547;10068.43;50;1.04;1;1
19548;10166.18;50;1.01;1;1
19549;9726.29;50;1.02;1;1
19550;9921.80;50;0.97;1;1
19551;9726.29;50;0.99;1;1
19552;10068.43;50;0.97;1;1
19553;9775.17;50;1.01;1;1
19554;10019.55;50;0.98;1;1
19555;9677.42;50;1.00;1;1
19556;9970.67;50;0.97;1;1
19557;9628.54;50;1.00;1;1
19558;10019.55;50;0.96;1;1
19559;9579.67;50;1.00;1;1
19560;10117.30;50;0.96;1;1
19561;9726.29;50;1.01;1;1
19562;9872.92;50;0.97;1;1
19563;9530.79;50;0.99;1;1
19564;9921.80;50;0.95;1;1
19565;9188.66;50;0.99;1;1
19566;9872.92;50;0.92;1;1
19567;9726.29;50;0.99;1;1
19568;10215.05;50;0.97;1;1
19569;9335.29;50;1.02;1;1
19570;9921.80;50;0.93;1;1
19571;9579.67;50;0.99;1;1
19572;10117.30;50;0.96;1;1
19573;9481.92;50;1.01;1;1
19574;9970.67;50;0.95;1;1
19575;9335.29;50;1.00;1;1
19576;9970.67;50;0.93;1;1
19577;9090.91;50;1.00;1;1
19578;9872.92;50;0.91;1;1
19579;9139.79;50;0.99;1;1
19580;9921.80;50;0.91;1;1
19581;9042.03;50;0.99;1;1
19582;10166.18;50;0.90;1;1
19583;9335.29;50;1.02;1;1
19584;9921.80;50;0.93;1;1
19585;9237.54;50;0.99;1;1
19586;10166.18;50;0.92;1;1
19587;9433.04;50;1.02;1;1
19588;10117.30;50;0.94;1;1
19589;9433.04;50;1.01;1;1
19590;10068.43;50;0.94;1;1
19591;9384.16;50;1.01;1;1
19592;10508.31;50;0.94;1;1
19593;9628.54;50;1.05;1;1
19594;10312.81;50;0.96;1;1
19595;9628.54;50;1.03;1;1
19596;10215.05;50;0.96;1;1
19597;9384.16;50;1.02;1;1
19598;10117.30;50;0.94;1;1
19599;9384.16;50;1.01;1;1
19600;10117.30;50;0.94;1;1
19601;9433.04;50;1.01;1;1
19602;10068.43;50;0.94;1;1
19603;9384.16;50;1.01;1;1
19604;10068.43;50;0.94;1;1
19605;9530.79;50;1.01;1;1
19606;10215.05;50;0.95;1;1
19607;9433.04;50;1.02;1;1
19608;9970.67;50;0.94;1;1
19609;9335.29;50;1.00;1;1
19610;9970.67;50;0.93;1;1
19611;9481.92;50;1.00;1;1
19612;10068.43;50;0.95;1;1
19613;9335.29;50;1.01;1;1
19614;10117.30;50;0.93;1;1
19615;9335.29;50;1.01;1;1
19616;9970.67;50;0.93;1;1
19617;9384.16;50;1.00;1;1
19618;10019.55;50;0.94;1;1
19619;9286.41;50;1.00;1;1
19620;9970.67;50;0.93;1;1
19621;9286.41;50;1.00;1;1
19622;10019.55;50;0.93;1;1
19623;9384.16;50;1.00;1;1
19624;10117.30;50;0.94;1;1
19625;9384.16;50;1.01;1;1
19626;10019.55;50;0.94;1;1
19627;9237.54;50;1.00;1;1
19628;9970.67;50;0.92;1;1
19629;9286.41;50;1.00;1;1
19630;10117.30;50;0.93;1;1
19631;9384.16;50;1.01;1;1
19632;10117.30;50;0.94;1;1
19633;9237.54;50;1.01;1;1
19634;9970.67;50;0.92;1;1
19635;9335.29;50;1.00;1;1
19636;10019.55;50;0.93;1;1
19637;9335.29;50;1.00;1;1
19638;10068.43;50;0.93;1;1
19639;9188.66;50;1.01;1;1
19640;9824.05;50;0.92;1;1
19641;9188.66;50;0.98;1;1
19642;9872.92;50;0.92;1;1
19643;9481.92;50;0.99;1;1
19644;10117.30;50;0.95;1;1
19645;9530.79;50;1.01;1;1
19646;9970.67;50;0.95;1;1
19647;9384.16;50;1.00;1;1
19648;9921.80;50;0.94;1;1
19649;9188.66;50;0.99;1;1
19650;9921.80;50;0.92;1;1
19651;9139.79;50;0.99;1;1
19652;10068.43;50;0.91;1;1
19653;9237.54;50;1.01;1;1
19654;10019.55;50;0.92;1;1
19655;9237.54;50;1.00;1;1
19656;9921.80;50;0.92;1;1
19657;9237.54;50;0.99;1;1
19658;9872.92;50;0.92;1;1
19659;9237.54;50;0.99;1;1
19660;9824.05;50;0.92;1;1
19661;9139.79;50;0.98;1;1
19662;9824.05;50;0.91;1;1
19663;9090.91;50;0.98;1;1
19664;9824.05;50;0.91;1;1
19665;9139.79;50;0.98;1;1
19666;10019.55;50;0.91;1;1
19667;9481.92;50;1.00;1;1
19668;10166.18;50;0.95;1;1
19669;9384.16;50;1.02;1;1
19670;10019.55;50;0.94;1;1
19671;9433.04;50;1.00;1;1
19672;10117.30;50;0.94;1;1
19673;9628.54;50;1.01;1;1
19674;10019.55;50;0.96;1;1
19675;9628.54;50;1.00;1;1
19676;10117.30;50;0.96;1;1
19677;9335.29;50;1.01;1;1
19678;9872.92;50;0.93;1;1
19679;9433.04;50;0.99;1;1
19680;9921.80;50;0.94;1;1
19681;9384.16;50;0.99;1;1
19682;9775.17;50;0.94;1;1
19683;9335.29;50;0.98;1;1
19684;9775.17;50;0.93;1;1
19685;9433.04;50;0.98;1;1
19686;9824.05;50;0.94;1;1
19687;9579.67;50;0.98;1;1
19688;10019.55;50;0.96;1;1
19689;9579.67;50;1.00;1;1
19690;10312.81;50;0.96;1;1
19691;10019.55;50;1.03;1;1
19692;10166.18;50;1.00;1;1
19693;9579.67;50;1.02;1;1
19694;10117.30;50;0.96;1;1
19695;9628.54;50;1.01;1;1
19696;10068.43;50;0.96;1;1
19697;9970.67;50;1.01;1;1
19698;10263.93;50;1.00;1;1
19699;9775.17;50;1.03;1;1
19700;10312.81;50;0.98;1;1
19701;9677.42;50;1.03;1;1
19702;9970.67;50;0.97;1;1
19703;9579.67;50;1.00;1;1
19704;9970.67;50;0.96;1;1
19705;9628.54;50;1.00;1;1
19706;10166.18;50;0.96;1;1
19707;9677.42;50;1.02;1;1
19708;10166.18;50;0.97;1;1
19709;9677.42;50;1.02;1;1
19710;10068.43;50;0.97;1;1
19711;9872.92;50;1.01;1;1
19712;9970.67;50;0.99;1;1
19713;9579.67;50;1.00;1;1
19714;9921.80;50;0.96;1;1
19715;9677.42;50;0.99;1;1
19716;9970.67;50;0.97;1;1
19717;9628.54;50;1.00;1;1
19718;10019.55;50;0.96;1;1
19719;10019.55;50;1.00;1;1
19720;10068.43;50;1.00;1;1
19721;9872.92;50;1.01;1;1
19722;9775.17;50;0.99;1;1
19723;9726.29;50;0.98;1;1
19724;10068.43;50;0.97;1;1
19725;9872.92;50;1.01;1;1
19726;9970.67;50;0.99;1;1
19727;9775.17;50;1.00;1;1
19728;9970.67;50;0.98;1;1
19729;9824.05;50;1.00;1;1
19730;9970.67;50;0.98;1;1
19731;9824.05;50;1.00;1;1
19732;9921.80;50;0.98;1;1
19733;9970.67;50;0.99;1;1
19734;9921.80;50;1.00;1;1
19735;9628.54;50;0.99;1;1
19736;9872.92;50;0.96;1;1
19737;9872.92;50;0.99;1;1
19738;9921.80;50;0.99;1;1
19739;9775.17;50;0.99;1;1
19740;9775.17;50;0.98;1;1
19741;9384.16;50;0.98;1;1
19742;9579.67;50;0.94;1;1
19743;9335.29;50;0.96;1;1
19744;9628.54;50;0.93;1;1
19745;9384.16;50;0.96;1;1
19746;9628.54;50;0.94;1;1
19747;9433.04;50;0.96;1;1
19748;9530.79;50;0.94;1;1
19749;9335.29;50;0.95;1;1
19750;9433.04;50;0.93;1;1
19751;9481.92;50;0.94;1;1
19752;9530.79;50;0.95;1;1
19753;9530.79;50;0.95;1;1
19754;9628.54;50;0.95;1;1
19755;9628.54;50;0.96;1;1
19756;9335.29;50;0.96;1;1
19757;9481.92;50;0.93;1;1
19758;9286.41;50;0.95;1;1
19759;9481.92;50;0.93;1;1
19760;9335.29;50;0.95;1;1
19761;9775.17;50;0.93;1;1
19762;9677.42;50;0.98;1;1
19763;9677.42;50;0.97;1;1
19764;9628.54;50;0.97;1;1
19765;9726.29;50;0.96;1;1
19766;9579.67;50;0.97;1;1
19767;9726.29;50;0.96;1;1
19768;9433.04;50;0.97;1;1
19769;9775.17;50;0.94;1;1
19770;9530.79;50;0.98;1;1
19771;9726.29;50;0.95;1;1
19772;9335.29;50;0.97;1;1
19773;9628.54;50;0.93;1;1
19774;9579.67;50;0.96;1;1
19775;9824.05;50;0.96;1;1
19776;9530.79;50;0.98;1;1
19777;9872.92;50;0.95;1;1
19778;9579.67;50;0.99;1;1
19779;9824.05;50;0.96;1;1
19780;9384.16;50;0.98;1;1
19781;9872.92;50;0.94;1;1
19782;9481.92;50;0.99;1;1
19783;9872.92;50;0.95;1;1
19784;9335.29;50;0.99;1;1
19785;9824.05;50;0.93;1;1
19786;9335.29;50;0.98;1;1
19787;9921.80;50;0.93;1;1
19788;9139.79;50;0.99;1;1
19789;9775.17;50;0.91;1;1
19790;9188.66;50;0.98;1;1
19791;9677.42;50;0.92;1;1
19792;9090.91;50;0.97;1;1
19793;9775.17;50;0.91;1;1
19794;9286.41;50;0.98;1;1
19795;9824.05;50;0.93;1;1
19796;9286.41;50;0.98;1;1
19797;9921.80;50;0.93;1;1
19798;9188.66;50;0.99;1;1
19799;9824.05;50;0.92;1;1
19800;9042.03;50;0.98;1;1
19801;9530.79;50;0.90;1;1
19802;9042.03;50;0.95;1;1
19803;9775.17;50;0.90;1;1
19804;9139.79;50;0.98;1;1
19805;10019.55;50;0.91;1;1
19806;8993.16;50;1.00;1;1
19807;1876.83;50;0.90;1;0
19808;7624.63;50;0.19;1;0
19809;8181.82;50;0.76;1;0
19810;7683.28;50;0.82;1;0
19811;8269.79;50;0.77;1;0
19812;7663.73;50;0.83;1;0
19813;8338.22;50;0.77;1;0
19814;7732.16;50;0.83;1;0
19815;8299.12;50;0.77;1;0
19816;7771.26;50;0.83;1;0
19817;8250.24;50;0.78;1;0
19818;7653.96;50;0.83;1;0
19819;8308.90;50;0.77;1;0
19820;7556.21;50;0.83;1;0
19821;8015.64;50;0.76;1;0
19822;7575.76;50;0.80;1;0
19823;8084.07;50;0.76;1;0
19824;7507.33;50;0.81;1;0
19825;8123.17;50;0.75;1;0
19826;7605.08;50;0.81;1;0
19827;8220.92;50;0.76;1;0
19828;7595.31;50;0.82;1;0
19829;8348.00;50;0.76;1;0
19830;7644.18;50;0.83;1;0
19831;8318.67;50;0.76;1;0
19832;7693.06;50;0.83;1;0
19833;8230.69;50;0.77;1;0
19834;7732.16;50;0.82;1;0
19835;8416.42;50;0.77;1;0
19836;7644.18;50;0.84;1;0
19837;8318.67;50;0.76;1;0
19838;7624.63;50;0.83;1;0
19839;8445.75;50;0.76;1;0
19840;7810.36;50;0.84;1;0
19841;8357.77;50;0.78;1;0
19842;7927.66;50;0.84;1;0
19843;8269.79;50;0.79;1;0
19844;7693.06;50;0.83;1;0
19845;8279.57;50;0.77;1;0
19846;7624.63;50;0.83;1;0
19847;8338.22;50;0.76;1;0
19848;7712.61;50;0.83;1;0
19849;8357.77;50;0.77;1;0
19850;7859.24;50;0.84;1;0
19851;8426.20;50;0.79;1;0
19852;7702.83;50;0.84;1;0
19853;8240.47;50;0.77;1;0
19854;7741.94;50;0.82;1;0
19855;8328.45;50;0.77;1;0
19856;7790.81;50;0.83;1;0
19857;8348.00;50;0.78;1;0
19858;7761.49;50;0.83;1;0
19859;8367.55;50;0.78;1;0
19860;7712.61;50;0.84;1;0
19861;8240.47;50;0.77;1;0
19862;7683.28;50;0.82;1;0
19863;8250.24;50;0.77;1;0
19864;7702.83;50;0.83;1;0
19865;8250.24;50;0.77;1;0
19866;7937.44;50;0.83;1;0
19867;8250.24;50;0.79;1;0
19868;7732.16;50;0.83;1;0
19869;8308.90;50;0.77;1;0
19870;7653.96;50;0.83;1;0
19871;8299.12;50;0.77;1;0
19872;7702.83;50;0.83;1;0
19873;8289.35;50;0.77;1;0
19874;7917.89;50;0.83;1;0
19875;8553.27;50;0.79;1;0
19876;7927.66;50;0.86;1;0
19877;8445.75;50;0.79;1;0
19878;7888.56;50;0.84;1;0
19879;8445.75;50;0.79;1;0
19880;7849.46;50;0.84;1;0
19881;8308.90;50;0.78;1;0
19882;7859.24;50;0.83;1;0
19883;8201.37;50;0.79;1;0
19884;7614.86;50;0.82;1;0
19885;8172.04;50;0.76;1;0
19886;7781.04;50;0.82;1;0
19887;8152.49;50;0.78;1;0
19888;7829.91;50;0.82;1;0
19889;8260.02;50;0.78;1;0
19890;7888.56;50;0.83;1;0
19891;8426.20;50;0.79;1;0
19892;8015.64;50;0.84;1;0
19893;8455.52;50;0.80;1;0
19894;8093.84;50;0.85;1;0
19895;8514.17;50;0.81;1;0
19896;8103.62;50;0.85;1;0
19897;8504.40;50;0.81;1;0
19898;7996.09;50;0.85;1;0
19899;8377.32;50;0.80;1;0
19900;7927.66;50;0.84;1;0
19901;8279.57;50;0.79;1;0
19902;7771.26;50;0.83;1;0
19903;8005.87;50;0.78;1;0
19904;7800.59;50;0.80;1;0
19905;8064.52;50;0.78;1;0
19906;7898.34;50;0.81;1;0
19907;7839.69;50;0.79;1;0
19908;7859.24;50;0.78;1;0
19909;7849.46;50;0.79;1;0
19910;7898.34;50;0.78;1;0
19911;7869.01;50;0.79;1;0
19912;8044.97;50;0.79;1;0
19913;7781.04;50;0.80;1;0
19914;7888.56;50;0.78;1;0
19915;7663.73;50;0.79;1;0
19916;7927.66;50;0.77;1;0
19917;7673.51;50;0.79;1;0
19918;7878.79;50;0.77;1;0
19919;7683.28;50;0.79;1;0
19920;7849.46;50;0.77;1;0
19921;7605.08;50;0.78;1;0
19922;7859.24;50;0.76;1;0
19923;7810.36;50;0.79;1;0
19924;8181.82;50;0.78;1;0
19925;7956.99;50;0.82;1;0
19926;8308.90;50;0.80;1;0
19927;7839.69;50;0.83;1;0
19928;8201.37;50;0.78;1;0
19929;7937.44;50;0.82;1;0
19930;8230.69;50;0.79;1;0
19931;7898.34;50;0.82;1;0
19932;8250.24;50;0.79;1;0
19933;7829.91;50;0.83;1;0
19934;8318.67;50;0.78;1;0
19935;7966.76;50;0.83;1;0
19936;8328.45;50;0.80;1;0
19937;7761.49;50;0.83;1;0
19938;8240.47;50;0.78;1;0
19939;7820.14;50;0.82;1;0
19940;8250.24;50;0.78;1;0
19941;7888.56;50;0.83;1;0
19942;8367.55;50;0.79;1;0
19943;7839.69;50;0.84;1;0
19944;8308.90;50;0.78;1;0
19945;7927.66;50;0.83;1;0
19946;8426.20;50;0.79;1;0
19947;8113.39;50;0.84;1;0
19948;8416.42;50;0.81;1;0
19949;7976.54;50;0.84;1;0
19950;8308.90;50;0.80;1;0
19951;7888.56;50;0.83;1;0
19952;8318.67;50;0.79;1;0
19953;7781.04;50;0.83;1;0
19954;8406.65;50;0.78;1;0
19955;7878.79;50;0.84;1;0
19956;8250.24;50;0.79;1;0
19957;8054.74;50;0.83;1;0
19958;8250.24;50;0.81;1;0
19959;7663.73;50;0.83;1;0
19960;8308.90;50;0.77;1;0
19961;7966.76;50;0.83;1;0
19962;8660.80;50;0.80;1;0
19963;7849.46;50;0.87;1;0
19964;8435.97;50;0.78;1;0
19965;7820.14;50;0.84;1;0
19966;8494.62;50;0.78;1;0
19967;7781.04;50;0.85;1;0
19968;8220.92;50;0.78;1;0
19969;7937.44;50;0.82;1;0
19970;8553.27;50;0.79;1;0
19971;7781.04;50;0.86;1;0
19972;8533.72;50;0.78;1;0
19973;7917.89;50;0.85;1;0
19974;8484.85;50;0.79;1;0
19975;7751.71;50;0.85;1;0
19976;8328.45;50;0.78;1;0
19977;7781.04;50;0.83;1;0
19978;8289.35;50;0.78;1;0
19979;7771.26;50;0.83;1;0
19980;8299.12;50;0.78;1;0
19981;7683.28;50;0.83;1;0
19982;8230.69;50;0.77;1;0
19983;7663.73;50;0.82;1;0
19984;8211.14;50;0.77;1;0
19985;7693.06;50;0.82;1;0
19986;8250.24;50;0.77;1;0
19987;7634.41;50;0.83;1;0
19988;8260.02;50;0.76;1;0
19989;7683.28;50;0.83;1;0
19990;8181.82;50;0.77;1;0
19991;7546.43;50;0.82;1;0
19992;8367.55;50;0.75;1;0
19993;7771.26;50;0.84;1;0
19994;8348.00;50;0.78;1;0
19995;7800.59;50;0.83;1;0
19996;8426.20;50;0.78;1;0
19997;7820.14;50;0.84;1;0
19998;8377.32;50;0.78;1;0
19999;7829.91;50;0.84;1;0
20000;8308.90;50;0.78;1;0
20001;7820.14;50;0.83;1;0
20002;8416.42;50;0.78;1;0
20003;7771.26;50;0.84;1;0
20004;8455.52;50;0.78;1;0
20005;7820.14;50;0.85;1;0
20006;8308.90;50;0.78;1;0
20007;7761.49;50;0.83;1;0
20008;8289.35;50;0.78;1;0
20009;7663.73;50;0.83;1;0
20010;8260.02;50;0.77;1;0
20011;7966.76;50;0.83;1;0
20012;8357.77;50;0.80;1;0
20013;7810.36;50;0.84;1;0
20014;8357.77;50;0.78;1;0
20015;7800.59;50;0.84;1;0
20016;8220.92;50;0.78;1;0
20017;7702.83;50;0.82;1;0
20018;8348.00;50;0.77;1;0
20019;7702.83;50;0.83;1;0
20020;8328.45;50;0.77;1;0
20021;7693.06;50;0.83;1;0
20022;8162.27;50;0.77;1;0
20023;7644.18;50;0.82;1;0
20024;8260.02;50;0.76;1;0
20025;7624.63;50;0.83;1;0
20026;7986.31;50;0.76;1;0
20027;7468.23;50;0.80;1;0
20028;7908.11;50;0.75;1;0
20029;7507.33;50;0.79;1;0
20030;7927.66;50;0.75;1;0
20031;7409.58;50;0.79;1;0
20032;7927.66;50;0.74;1;0
20033;7517.11;50;0.79;1;0
20034;8220.92;50;0.75;1;0
20035;7722.39;50;0.82;1;0
20036;8220.92;50;0.77;1;0
20037;7869.01;50;0.82;1;0
20038;8299.12;50;0.79;1;0
20039;7878.79;50;0.83;1;0
20040;8299.12;50;0.79;1;0
20041;7888.56;50;0.83;1;0
20042;8260.02;50;0.79;1;0
20043;7878.79;50;0.83;1;0
20044;8201.37;50;0.79;1;0
20045;7888.56;50;0.82;1;0
20046;8191.59;50;0.79;1;0
20047;7937.44;50;0.82;1;0
20048;8201.37;50;0.79;1;0
20049;8103.62;50;0.82;1;0
20050;8132.94;50;0.81;1;0
20051;8005.87;50;0.81;1;0
20052;8260.02;50;0.80;1;0
20053;8142.72;50;0.83;1;0
20054;8064.52;50;0.81;1;0
20055;8064.52;50;0.81;1;0
20056;8025.42;50;0.81;1;0
20057;8211.14;50;0.80;1;0
20058;8005.87;50;0.82;1;0
20059;8181.82;50;0.80;1;0
20060;7996.09;50;0.82;1;0
20061;8181.82;50;0.80;1;0
20062;8054.74;50;0.82;1;0
20063;8435.97;50;0.81;1;0
20064;8416.42;50;0.84;1;0
20065;8260.02;50;0.84;1;0
20066;8181.82;50;0.83;1;0
20067;8445.75;50;0.82;1;0
20068;8279.57;50;0.84;1;0
20069;8484.85;50;0.83;1;0
20070;8172.04;50;0.85;1;0
20071;8543.50;50;0.82;1;0
20072;8269.79;50;0.85;1;0
20073;8475.07;50;0.83;1;0
20074;8191.59;50;0.85;1;0
20075;8602.15;50;0.82;1;0
20076;8279.57;50;0.86;1;0
20077;8543.50;50;0.83;1;0
20078;8132.94;50;0.85;1;0
20079;8611.93;50;0.81;1;0
20080;8260.02;50;0.86;1;0
20081;8523.95;50;0.83;1;0
20082;8132.94;50;0.85;1;0
20083;8553.27;50;0.81;1;0
20084;8211.14;50;0.86;1;0
20085;8592.38;50;0.82;1;0
20086;8240.47;50;0.86;1;0
20087;8660.80;50;0.82;1;0
20088;8220.92;50;0.87;1;0
20089;8660.80;50;0.82;1;0
20090;8074.29;50;0.87;1;0
20091;8611.93;50;0.81;1;0
20092;8132.94;50;0.86;1;0
20093;8602.15;50;0.81;1;0
20094;8113.39;50;0.86;1;0
20095;8641.25;50;0.81;1;0
20096;8211.14;50;0.86;1;0
20097;8660.80;50;0.82;1;0
20098;8103.62;50;0.87;1;0
20099;8660.80;50;0.81;1;0
20100;8191.59;50;0.87;1;0
20101;8563.05;50;0.82;1;0
20102;8084.07;50;0.86;1;0
20103;8778.10;50;0.81;1;0
20104;8044.97;50;0.88;1;0
20105;8592.38;50;0.80;1;0
20106;8162.27;50;0.86;1;0
20107;8641.25;50;0.82;1;0
20108;7996.09;50;0.86;1;0
20109;8660.80;50;0.80;1;0
20110;8074.29;50;0.87;1;0
20111;8455.52;50;0.81;1;0
20112;8025.42;50;0.85;1;0
20113;8445.75;50;0.80;1;0
20114;7947.21;50;0.84;1;0
20115;8533.72;50;0.79;1;0
20116;8152.49;50;0.85;1;0
20117;8533.72;50;0.82;1;0
20118;7996.09;50;0.85;1;0
20119;8445.75;50;0.80;1;0
20120;8240.47;50;0.84;1;0
20121;8475.07;50;0.82;1;0
20122;7947.21;50;0.85;1;0
20123;8504.40;50;0.79;1;0
20124;8015.64;50;0.85;1;0
20125;8611.93;50;0.80;1;0
20126;7996.09;50;0.86;1;0
20127;8611.93;50;0.80;1;0
20128;8025.42;50;0.86;1;0
20129;8475.07;50;0.80;1;0
20130;7908.11;50;0.85;1;0
20131;8514.17;50;0.79;1;0
20132;8025.42;50;0.85;1;0
20133;8426.20;50;0.80;1;0
20134;7927.66;50;0.84;1;0
20135;8533.72;50;0.79;1;0
20136;7908.11;50;0.85;1;0
20137;8416.42;50;0.79;1;0
20138;7917.89;50;0.84;1;0
20139;8367.55;50;0.79;1;0
20140;7869.01;50;0.84;1;0
20141;8426.20;50;0.79;1;0
20142;7869.01;50;0.84;1;0
20143;8533.72;50;0.79;1;0
20144;7976.54;50;0.85;1;0
20145;8533.72;50;0.80;1;0
20146;7917.89;50;0.85;1;0
20147;8426.20;50;0.79;1;0
20148;8035.19;50;0.84;1;0
20149;8533.72;50;0.80;1;0
20150;8035.19;50;0.85;1;0
20151;8983.38;50;0.80;1;0
20152;8005.87;50;0.90;1;0
20153;8582.60;50;0.80;1;0
20154;7996.09;50;0.86;1;0
20155;8435.97;50;0.80;1;0
20156;7849.46;50;0.84;1;0
20157;8416.42;50;0.78;1;0
20158;8035.19;50;0.84;1;0
20159;8465.30;50;0.80;1;0
20160;7917.89;50;0.85;1;0
20161;8660.80;50;0.79;1;0
20162;7976.54;50;0.87;1;0
20163;8543.50;50;0.80;1;0
20164;8074.29;50;0.85;1;0
20165;8523.95;50;0.81;1;0
20166;7878.79;50;0.85;1;0
20167;8504.40;50;0.79;1;0
20168;7908.11;50;0.85;1;0
20169;8445.75;50;0.79;1;0
20170;7781.04;50;0.84;1;0
20171;8504.40;50;0.78;1;0
20172;7829.91;50;0.85;1;0
20173;8396.87;50;0.78;1;0
20174;7653.96;50;0.84;1;0
20175;8250.24;50;0.77;1;0
20176;7644.18;50;0.83;1;0
20177;8475.07;50;0.76;1;0
20178;7869.01;50;0.85;1;0
20179;8406.65;50;0.79;1;0
20180;7859.24;50;0.84;1;0
20181;8514.17;50;0.79;1;0
20182;7917.89;50;0.85;1;0
20183;8543.50;50;0.79;1;0
20184;7996.09;50;0.85;1;0
20185;8709.68;50;0.80;1;0
20186;7986.31;50;0.87;1;0
20187;8533.72;50;0.80;1;0
20188;8035.19;50;0.85;1;0
20189;8592.38;50;0.80;1;0
20190;8113.39;50;0.86;1;0
20191;8641.25;50;0.81;1;0
20192;8025.42;50;0.86;1;0
20193;8729.23;50;0.80;1;0
20194;8054.74;50;0.87;1;0
20195;8602.15;50;0.81;1;0
20196;8299.12;50;0.86;1;0
20197;8758.55;50;0.83;1;0
20198;7947.21;50;0.88;1;0
20199;8611.93;50;0.79;1;0
20200;7996.09;50;0.86;1;0
20201;8641.25;50;0.80;1;0
20202;8054.74;50;0.86;1;0
20203;8387.10;50;0.81;1;0
20204;7898.34;50;0.84;1;0
20205;8543.50;50;0.79;1;0
20206;7947.21;50;0.85;1;0
20207;8553.27;50;0.79;1;0
20208;8152.49;50;0.86;1;0
20209;8592.38;50;0.82;1;0
20210;7996.09;50;0.86;1;0
20211;8563.05;50;0.80;1;0
20212;7947.21;50;0.86;1;0
20213;8475.07;50;0.79;1;0
20214;8035.19;50;0.85;1;0
20215;8445.75;50;0.80;1;0
20216;7937.44;50;0.84;1;0
20217;8367.55;50;0.79;1;0
20218;7956.99;50;0.84;1;0
20219;8357.77;50;0.80;1;0
20220;7927.66;50;0.84;1;0
20221;8328.45;50;0.79;1;0
20222;8113.39;50;0.83;1;0
20223;8377.32;50;0.81;1;0
20224;8044.97;50;0.84;1;0
20225;8396.87;50;0.80;1;0
20226;8005.87;50;0.84;1;0
20227;8328.45;50;0.80;1;0
20228;7888.56;50;0.83;1;0
20229;8220.92;50;0.79;1;0
20230;7829.91;50;0.82;1;0
20231;8455.52;50;0.78;1;0
20232;7790.81;50;0.85;1;0
20233;7976.54;50;0.78;1;0
20234;7712.61;50;0.80;1;0
20235;8103.62;50;0.77;1;0
20236;7986.31;50;0.81;1;0
20237;8396.87;50;0.80;1;0
20238;8132.94;50;0.84;1;0
20239;8357.77;50;0.81;1;0
20240;7937.44;50;0.84;1;0
20241;8152.49;50;0.79;1;0
20242;8084.07;50;0.82;1;0
20243;8074.29;50;0.81;1;0
20244;8162.27;50;0.81;1;0
20245;8181.82;50;0.82;1;0
20246;8191.59;50;0.82;1;0
20247;8250.24;50;0.82;1;0
20248;8181.82;50;0.83;1;0
20249;8172.04;50;0.82;1;0
20250;7761.49;50;0.82;1;0
20251;8044.97;50;0.78;1;0
20252;7761.49;50;0.80;1;0
20253;8084.07;50;0.78;1;0
20254;7859.24;50;0.81;1;0
20255;8064.52;50;0.79;1;0
20256;7624.63;50;0.81;1;0
20257;8113.39;50;0.76;1;0
20258;7556.21;50;0.81;1;0
20259;8064.52;50;0.76;1;0
20260;7937.44;50;0.81;1;0
20261;8260.02;50;0.79;1;0
20262;7878.79;50;0.83;1;0
20263;8201.37;50;0.79;1;0
20264;7751.71;50;0.82;1;0
20265;8142.72;50;0.78;1;0
20266;7937.44;50;0.81;1;0
20267;8015.64;50;0.79;1;0
20268;7761.49;50;0.80;1;0
20269;8132.94;50;0.78;1;0
20270;7908.11;50;0.81;1;0
20271;8181.82;50;0.79;1;0
20272;8005.87;50;0.82;1;0
20273;8299.12;50;0.80;1;0
20274;8044.97;50;0.83;1;0
20275;8611.93;50;0.80;1;0
20276;8093.84;50;0.86;1;0
20277;8220.92;50;0.81;1;0
20278;8279.57;50;0.82;1;0
20279;8484.85;50;0.83;1;0
20280;8093.84;50;0.85;1;0
20281;8338.22;50;0.81;1;0
20282;8181.82;50;0.83;1;0
20283;8348.00;50;0.82;1;0
20284;8201.37;50;0.83;1;0
20285;8367.55;50;0.82;1;0
20286;8074.29;50;0.84;1;0
20287;8338.22;50;0.81;1;0
20288;8230.69;50;0.83;1;0
20289;8377.32;50;0.82;1;0
20290;8269.79;50;0.84;1;0
20291;8768.33;50;0.83;1;0
20292;8220.92;50;0.88;1;0
20293;8533.72;50;0.82;1;0
20294;8025.42;50;0.85;1;0
20295;8523.95;50;0.80;1;0
20296;8113.39;50;0.85;1;0
20297;8318.67;50;0.81;1;0
20298;7927.66;50;0.83;1;0
20299;8318.67;50;0.79;1;0
20300;8113.39;50;0.83;1;0
20301;8396.87;50;0.81;1;0
20302;8044.97;50;0.84;1;0
20303;8260.02;50;0.80;1;0
20304;7869.01;50;0.83;1;0
20305;8328.45;50;0.79;1;0
20306;7937.44;50;0.83;1;0
20307;8260.02;50;0.79;1;0
20308;8015.64;50;0.83;1;0
20309;8465.30;50;0.80;1;0
20310;8191.59;50;0.85;1;0
20311;8396.87;50;0.82;1;0
20312;7917.89;50;0.84;1;0
20313;8504.40;50;0.79;1;0
20314;8025.42;50;0.85;1;0
20315;8318.67;50;0.80;1;0
20316;8025.42;50;0.83;1;0
20317;8308.90;50;0.80;1;0
20318;8035.19;50;0.83;1;0
20319;8357.77;50;0.80;1;0
20320;8044.97;50;0.84;1;0
20321;8426.20;50;0.80;1;0
20322;8093.84;50;0.84;1;0
20323;8494.62;50;0.81;1;0
20324;8025.42;50;0.85;1;0
20325;8533.72;50;0.80;1;0
20326;8054.74;50;0.85;1;0
20327;8465.30;50;0.81;1;0
20328;8132.94;50;0.85;1;0
20329;8426.20;50;0.81;1;0
20330;7976.54;50;0.84;1;0
20331;8465.30;50;0.80;1;0
20332;7878.79;50;0.85;1;0
20333;8299.12;50;0.79;1;0
20334;8035.19;50;0.83;1;0
20335;8328.45;50;0.80;1;0
20336;7898.34;50;0.83;1;0
20337;8328.45;50;0.79;1;0
20338;8132.94;50;0.83;1;0
20339;8543.50;50;0.81;1;0
20340;8152.49;50;0.85;1;0
20341;8416.42;50;0.82;1;0
20342;8142.72;50;0.84;1;0
20343;8387.10;50;0.81;1;0
20344;8240.47;50;0.84;1;0
20345;8328.45;50;0.82;1;0
20346;8172.04;50;0.83;1;0
20347;8220.92;50;0.82;1;0
20348;8181.82;50;0.82;1;0
20349;8338.22;50;0.82;1;0
20350;8191.59;50;0.83;1;0
20351;8220.92;50;0.82;1;0
20352;8289.35;50;0.82;1;0
20353;8191.59;50;0.83;1;0
20354;8220.92;50;0.82;1;0
20355;8211.14;50;0.82;1;0
20356;8191.59;50;0.82;1;0
20357;8220.92;50;0.82;1;0
20358;8240.47;50;0.82;1;0
20359;8279.57;50;0.82;1;0
20360;8250.24;50;0.83;1;0
20361;8406.65;50;0.83;1;0
20362;8455.52;50;0.84;1;0
20363;8348.00;50;0.85;1;0
20364;8484.85;50;0.83;1;0
20365;8211.14;50;0.85;1;0
20366;8475.07;50;0.82;1;0
20367;8035.19;50;0.85;1;0
20368;8377.32;50;0.80;1;0
20369;8064.52;50;0.84;1;0
20370;8377.32;50;0.81;1;0
20371;8113.39;50;0.84;1;0
20372;8348.00;50;0.81;1;0
20373;8132.94;50;0.83;1;0
20374;8387.10;50;0.81;1;0
20375;8054.74;50;0.84;1;0
20376;8396.87;50;0.81;1;0
20377;8103.62;50;0.84;1;0
20378;8377.32;50;0.81;1;0
20379;8152.49;50;0.84;1;0
20380;8611.93;50;0.82;1;0
20381;8220.92;50;0.86;1;0
20382;8670.58;50;0.82;1;0
20383;8172.04;50;0.87;1;0
20384;8563.05;50;0.82;1;0
20385;8357.77;50;0.86;1;0
20386;8660.80;50;0.84;1;0
20387;8113.39;50;0.87;1;0
20388;8602.15;50;0.81;1;0
20389;8093.84;50;0.86;1;0
20390;8553.27;50;0.81;1;0
20391;8142.72;50;0.86;1;0
20392;8582.60;50;0.81;1;0
20393;8211.14;50;0.86;1;0
20394;8641.25;50;0.82;1;0
20395;8123.17;50;0.86;1;0
20396;8533.72;50;0.81;1;0
20397;8152.49;50;0.85;1;0
20398;8680.35;50;0.82;1;0
20399;8074.29;50;0.87;1;0
20400;8553.27;50;0.81;1;0
20401;8181.82;50;0.86;1;0
20402;8660.80;50;0.82;1;0
20403;8044.97;50;0.87;1;0
20404;8396.87;50;0.80;1;0
20405;7927.66;50;0.84;1;0
20406;8455.52;50;0.79;1;0
20407;8025.42;50;0.85;1;0
20408;8455.52;50;0.80;1;0
20409;8035.19;50;0.85;1;0
20410;8543.50;50;0.80;1;0
20411;8162.27;50;0.85;1;0
20412;8582.60;50;0.82;1;0
20413;7917.89;50;0.86;1;0
20414;8553.27;50;0.79;1;0
20415;7996.09;50;0.86;1;0
20416;8484.85;50;0.80;1;0
20417;7937.44;50;0.85;1;0
20418;8475.07;50;0.79;1;0
20419;7888.56;50;0.85;1;0
20420;8455.52;50;0.79;1;0
20421;7829.91;50;0.85;1;0
20422;8455.52;50;0.78;1;0
20423;7966.76;50;0.85;1;0
20424;8553.27;50;0.80;1;0
20425;7937.44;50;0.86;1;0
20426;8611.93;50;0.79;1;0
20427;8142.72;50;0.86;1;0
20428;8611.93;50;0.81;1;0
20429;8054.74;50;0.86;1;0
20430;8641.25;50;0.81;1;0
20431;8132.94;50;0.86;1;0
20432;8592.38;50;0.81;1;0
20433;7976.54;50;0.86;1;0
20434;8592.38;50;0.80;1;0
20435;7927.66;50;0.86;1;0
20436;8641.25;50;0.79;1;0
20437;8064.52;50;0.86;1;0
20438;8611.93;50;0.81;1;0
20439;8172.04;50;0.86;1;0
20440;8836.75;50;0.82;1;0
20441;8240.47;50;0.88;1;0
20442;8778.10;50;0.82;1;0
20443;8044.97;50;0.88;1;0
20444;8680.35;50;0.80;1;0
20445;8093.84;50;0.87;1;0
20446;8729.23;50;0.81;1;0
20447;8132.94;50;0.87;1;0
20448;8631.48;50;0.81;1;0
20449;8084.07;50;0.86;1;0
20450;8670.58;50;0.81;1;0
20451;7976.54;50;0.87;1;0
20452;8582.60;50;0.80;1;0
20453;8005.87;50;0.86;1;0
20454;8680.35;50;0.80;1;0
20455;8132.94;50;0.87;1;0
20456;8709.68;50;0.81;1;0
20457;8005.87;50;0.87;1;0
20458;8680.35;50;0.80;1;0
20459;7966.76;50;0.87;1;0
20460;8611.93;50;0.80;1;0
20461;8005.87;50;0.86;1;0
20462;8641.25;50;0.80;1;0
20463;8084.07;50;0.86;1;0
20464;8631.48;50;0.81;1;0
20465;8054.74;50;0.86;1;0
20466;8592.38;50;0.81;1;0
20467;7996.09;50;0.86;1;0
20468;8719.45;50;0.80;1;0
20469;8250.24;50;0.87;1;0
20470;8866.08;50;0.83;1;0
20471;8191.59;50;0.89;1;0
20472;8611.93;50;0.82;1;0
20473;8142.72;50;0.86;1;0
20474;8651.03;50;0.81;1;0
20475;8162.27;50;0.87;1;0
20476;8660.80;50;0.82;1;0
20477;8093.84;50;0.87;1;0
20478;8621.70;50;0.81;1;0
20479;8074.29;50;0.86;1;0
20480;8660.80;50;0.81;1;0
20481;8025.42;50;0.87;1;0
20482;8699.90;50;0.80;1;0
20483;8035.19;50;0.87;1;0
20484;8611.93;50;0.80;1;0
20485;7966.76;50;0.86;1;0
20486;8572.83;50;0.80;1;0
20487;7917.89;50;0.86;1;0
20488;8484.85;50;0.79;1;0
20489;7976.54;50;0.85;1;0
20490;8445.75;50;0.80;1;0
20491;7839.69;50;0.84;1;0
20492;8651.03;50;0.78;1;0
20493;7839.69;50;0.87;1;0
20494;8465.30;50;0.78;1;0
20495;7947.21;50;0.85;1;0
20496;8514.17;50;0.79;1;0
20497;7927.66;50;0.85;1;0
20498;8631.48;50;0.79;1;0
20499;8113.39;50;0.86;1;0
20500;8670.58;50;0.81;1;0
20501;8054.74;50;0.87;1;0
20502;8406.65;50;0.81;1;0
20503;8074.29;50;0.84;1;0
20504;8758.55;50;0.81;1;0
20505;8035.19;50;0.88;1;0
20506;8690.13;50;0.80;1;0
20507;8191.59;50;0.87;1;0
20508;8484.85;50;0.82;1;0
20509;8162.27;50;0.85;1;0
20510;8533.72;50;0.82;1;0
20511;8074.29;50;0.85;1;0
20512;8797.65;50;0.81;1;0
20513;8338.22;50;0.88;1;0
20514;8709.68;50;0.83;1;0
20515;8113.39;50;0.87;1;0
20516;8621.70;50;0.81;1;0
20517;8132.94;50;0.86;1;0
20518;8651.03;50;0.81;1;0
20519;8025.42;50;0.87;1;0
20520;8758.55;50;0.80;1;0
20521;8113.39;50;0.88;1;0
20522;8621.70;50;0.81;1;0
20523;8172.04;50;0.86;1;0
20524;8396.87;50;0.82;1;0
20525;7927.66;50;0.84;1;0
20526;8435.97;50;0.79;1;0
20527;7986.31;50;0.84;1;0
20528;8494.62;50;0.80;1;0
20529;8064.52;50;0.85;1;0
20530;8592.38;50;0.81;1;0
20531;8113.39;50;0.86;1;0
20532;8582.60;50;0.81;1;0
20533;8025.42;50;0.86;1;0
20534;8494.62;50;0.80;1;0
20535;8113.39;50;0.85;1;0
20536;8533.72;50;0.81;1;0
20537;8142.72;50;0.85;1;0
20538;8455.52;50;0.81;1;0
20539;8181.82;50;0.85;1;0
20540;8611.93;50;0.82;1;0
20541;7937.44;50;0.86;1;0
20542;8651.03;50;0.79;1;0
20543;7976.54;50;0.87;1;0
20544;8416.42;50;0.80;1;0
20545;8113.39;50;0.84;1;0
20546;8680.35;50;0.81;1;0
20547;8162.27;50;0.87;1;0
20548;8660.80;50;0.82;1;0
20549;8240.47;50;0.87;1;0
20550;8582.60;50;0.82;1;0
20551;8279.57;50;0.86;1;0
20552;8465.30;50;0.83;1;0
20553;8103.62;50;0.85;1;0
20554;8475.07;50;0.81;1;0
20555;8074.29;50;0.85;1;0
20556;8465.30;50;0.81;1;0
20557;8162.27;50;0.85;1;0
20558;8377.32;50;0.82;1;0
20559;8172.04;50;0.84;1;0
20560;8465.30;50;0.82;1;0
20561;8162.27;50;0.85;1;0
20562;8572.83;50;0.82;1;0
20563;8328.45;50;0.86;1;0
20564;8543.50;50;0.83;1;0
20565;8367.55;50;0.85;1;0
20566;8475.07;50;0.84;1;0
20567;8279.57;50;0.85;1;0
20568;8426.20;50;0.83;1;0
20569;8367.55;50;0.84;1;0
20570;8328.45;50;0.84;1;0
20571;8582.60;50;0.83;1;0
20572;8475.07;50;0.86;1;0
20573;8338.22;50;0.85;1;0
20574;8367.55;50;0.83;1;0
20575;8250.24;50;0.84;1;0
20576;8377.32;50;0.83;1;0
20577;8250.24;50;0.84;1;0
20578;8269.79;50;0.83;1;0
20579;8181.82;50;0.83;1;0
20580;8338.22;50;0.82;1;0
20581;8279.57;50;0.83;1;0
20582;8260.02;50;0.83;1;0
20583;8191.59;50;0.83;1;0
20584;8328.45;50;0.82;1;0
20585;8455.52;50;0.83;1;0
20586;8465.30;50;0.85;1;0
20587;8152.49;50;0.85;1;0
20588;8348.00;50;0.82;1;0
20589;8279.57;50;0.83;1;0
20590;8220.92;50;0.83;1;0
20591;8318.67;50;0.82;1;0
20592;8435.97;50;0.83;1;0
20593;8416.42;50;0.84;1;0
20594;8367.55;50;0.84;1;0
20595;8260.02;50;0.84;1;0
20596;8406.65;50;0.83;1;0
20597;8357.77;50;0.84;1;0
20598;8416.42;50;0.84;1;0
20599;8279.57;50;0.84;1;0
20600;8318.67;50;0.83;1;0
20601;8074.29;50;0.83;1;0
20602;8172.04;50;0.81;1;0
20603;8113.39;50;0.82;1;0
20604;8054.74;50;0.81;1;0
20605;8152.49;50;0.81;1;0
20606;8103.62;50;0.82;1;0
20607;8152.49;50;0.81;1;0
20608;8142.72;50;0.82;1;0
20609;8279.57;50;0.81;1;0
20610;8172.04;50;0.83;1;0
20611;8328.45;50;0.82;1;0
20612;8416.42;50;0.83;1;0
20613;8240.47;50;0.84;1;0
20614;7908.11;50;0.82;1;0
20615;8113.39;50;0.79;1;0
20616;7986.31;50;0.81;1;0
20617;8250.24;50;0.80;1;0
20618;8201.37;50;0.83;1;0
20619;8279.57;50;0.82;1;0
20620;7927.66;50;0.83;1;0
20621;8181.82;50;0.79;1;0
20622;7976.54;50;0.82;1;0
20623;8338.22;50;0.80;1;0
20624;8162.27;50;0.83;1;0
20625;8250.24;50;0.82;1;0
20626;7966.76;50;0.83;1;0
20627;8132.94;50;0.80;1;0
20628;7878.79;50;0.81;1;0
20629;8201.37;50;0.79;1;0
20630;7917.89;50;0.82;1;0
20631;8299.12;50;0.79;1;0
20632;7986.31;50;0.83;1;0
20633;8250.24;50;0.80;1;0
20634;7976.54;50;0.83;1;0
20635;8250.24;50;0.80;1;0
20636;7947.21;50;0.83;1;0
20637;8396.87;50;0.79;1;0
20638;8064.52;50;0.84;1;0
20639;8299.12;50;0.81;1;0
20640;8064.52;50;0.83;1;0
20641;8260.02;50;0.81;1;0
20642;8025.42;50;0.83;1;0
20643;8338.22;50;0.80;1;0
20644;8084.07;50;0.83;1;0
20645;8396.87;50;0.81;1;0
20646;8064.52;50;0.84;1;0
20647;8445.75;50;0.81;1;0
20648;8044.97;50;0.84;1;0
20649;8377.32;50;0.80;1;0
20650;8201.37;50;0.84;1;0
20651;8279.57;50;0.82;1;0
20652;8269.79;50;0.83;1;0
20653;8455.52;50;0.83;1;0
20654;7996.09;50;0.85;1;0
20655;8211.14;50;0.80;1;0
20656;7996.09;50;0.82;1;0
20657;8338.22;50;0.80;1;0
20658;8044.97;50;0.83;1;0
20659;8289.35;50;0.80;1;0
20660;8220.92;50;0.83;1;0
20661;8494.62;50;0.82;1;0
20662;8152.49;50;0.85;1;0
20663;8621.70;50;0.82;1;0
20664;8035.19;50;0.86;1;0
20665;8445.75;50;0.80;1;0
20666;8240.47;50;0.84;1;0
20667;8533.72;50;0.82;1;0
20668;8181.82;50;0.85;1;0
20669;8406.65;50;0.82;1;0
20670;8035.19;50;0.84;1;0
20671;8426.20;50;0.80;1;0
20672;8299.12;50;0.84;1;0
20673;8338.22;50;0.83;1;0
20674;8035.19;50;0.83;1;0
20675;8572.83;50;0.80;1;0
20676;8318.67;50;0.86;1;0
20677;8572.83;50;0.83;1;0
20678;8093.84;50;0.86;1;0
20679;8435.97;50;0.81;1;0
20680;7908.11;50;0.84;1;0
20681;8504.40;50;0.79;1;0
20682;8044.97;50;0.85;1;0
20683;8631.48;50;0.80;1;0
20684;8103.62;50;0.86;1;0
20685;8797.65;50;0.81;1;0
20686;8338.22;50;0.88;1;0
20687;8924.73;50;0.83;1;0
20688;8308.90;50;0.89;1;0
20689;8944.28;50;0.83;1;0
20690;7966.76;50;0.89;1;0
20691;8455.52;50;0.80;1;0
20692;7956.99;50;0.85;1;0
20693;8445.75;50;0.80;1;0
20694;7976.54;50;0.84;1;0
20695;8514.17;50;0.80;1;0
20696;7947.21;50;0.85;1;0
20697;8445.75;50;0.79;1;0
20698;7956.99;50;0.84;1;0
20699;8572.83;50;0.80;1;0
20700;7917.89;50;0.86;1;0
20701;8533.72;50;0.79;1;0
20702;7976.54;50;0.85;1;0
20703;8465.30;50;0.80;1;0
20704;7800.59;50;0.85;1;0
20705;8582.60;50;0.78;1;0
20706;7966.76;50;0.86;1;0
20707;8621.70;50;0.80;1;0
20708;7859.24;50;0.86;1;0
20709;8504.40;50;0.79;1;0
20710;7976.54;50;0.85;1;0
20711;8631.48;50;0.80;1;0
20712;7976.54;50;0.86;1;0
20713;8651.03;50;0.80;1;0
20714;8152.49;50;0.87;1;0
20715;8641.25;50;0.82;1;0
20716;8172.04;50;0.86;1;0
20717;8729.23;50;0.82;1;0
20718;8044.97;50;0.87;1;0
20719;8787.88;50;0.80;1;0
20720;8044.97;50;0.88;1;0
20721;8592.38;50;0.80;1;0
20722;8553.27;50;0.86;1;0
20723;8651.03;50;0.86;1;0
20724;8250.24;50;0.87;1;0
20725;8846.53;50;0.83;1;0
20726;8289.35;50;0.88;1;0
20727;8768.33;50;0.83;1;0
20728;8211.14;50;0.88;1;0
20729;8611.93;50;0.82;1;0
20730;8211.14;50;0.86;1;0
20731;8406.65;50;0.82;1;0
20732;7986.31;50;0.84;1;0
20733;8553.27;50;0.80;1;0
20734;7966.76;50;0.86;1;0
20735;8435.97;50;0.80;1;0
20736;7849.46;50;0.84;1;0
20737;8172.04;50;0.78;1;0
20738;7888.56;50;0.82;1;0
20739;8260.02;50;0.79;1;0
20740;7761.49;50;0.83;1;0
20741;8279.57;50;0.78;1;0
20742;7732.16;50;0.83;1;0
20743;8318.67;50;0.77;1;0
20744;7947.21;50;0.83;1;0
20745;8357.77;50;0.79;1;0
20746;7693.06;50;0.84;1;0
20747;8396.87;50;0.77;1;0
20748;7937.44;50;0.84;1;0
20749;8260.02;50;0.79;1;0
20750;7849.46;50;0.83;1;0
20751;8230.69;50;0.78;1;0
20752;7732.16;50;0.82;1;0
20753;8152.49;50;0.77;1;0
20754;7624.63;50;0.82;1;0
20755;8348.00;50;0.76;1;0
20756;7849.46;50;0.83;1;0
20757;8504.40;50;0.78;1;0
20758;7839.69;50;0.85;1;0
20759;8308.90;50;0.78;1;0
20760;7869.01;50;0.83;1;0
20761;8220.92;50;0.79;1;0
20762;7849.46;50;0.82;1;0
20763;8250.24;50;0.78;1;0
20764;8015.64;50;0.83;1;0
20765;8338.22;50;0.80;1;0
20766;7829.91;50;0.83;1;0
20767;8181.82;50;0.78;1;0
20768;7849.46;50;0.82;1;0
20769;8064.52;50;0.78;1;0
20770;7849.46;50;0.81;1;0
20771;7878.79;50;0.78;1;0
20772;7565.98;50;0.79;1;0
20773;7800.59;50;0.76;1;0
20774;7507.33;50;0.78;1;0
20775;8044.97;50;0.75;1;0
20776;7702.83;50;0.80;1;0
20777;7800.59;50;0.77;1;0
20778;7693.06;50;0.78;1;0
20779;7996.09;50;0.77;1;0
20780;7771.26;50;0.80;1;0
20781;7820.14;50;0.78;1;0
20782;7644.18;50;0.78;1;0
20783;7781.04;50;0.76;1;0
20784;7546.43;50;0.78;1;0
20785;8103.62;50;0.75;1;0
20786;7986.31;50;0.81;1;0
20787;8064.52;50;0.80;1;0
20788;7996.09;50;0.81;1;0
20789;8025.42;50;0.80;1;0
20790;7634.41;50;0.80;1;0
20791;7927.66;50;0.76;1;0
20792;7790.81;50;0.79;1;0
20793;7849.46;50;0.78;1;0
20794;7878.79;50;0.78;1;0
20795;8064.52;50;0.79;1;0
20796;7908.11;50;0.81;1;0
20797;8005.87;50;0.79;1;0
20798;7986.31;50;0.80;1;0
20799;7927.66;50;0.80;1;0
20800;7741.94;50;0.79;1;0
20801;7986.31;50;0.77;1;0
20802;7800.59;50;0.80;1;0
20803;8005.87;50;0.78;1;0
20804;7917.89;50;0.80;1;0
20805;8025.42;50;0.79;1;0
20806;7741.94;50;0.80;1;0
20807;7937.44;50;0.77;1;0
20808;7585.53;50;0.79;1;0
20809;7771.26;50;0.76;1;0
20810;7546.43;50;0.78;1;0
20811;7829.91;50;0.75;1;0
20812;7331.38;50;0.78;1;0
20813;8054.74;50;0.73;1;0
20814;7624.63;50;0.81;1;0
20815;8074.29;50;0.76;1;0
20816;7556.21;50;0.81;1;0
20817;8005.87;50;0.76;1;0
20818;7497.56;50;0.80;1;0
20819;8025.42;50;0.75;1;0
20820;7517.11;50;0.80;1;0
20821;8084.07;50;0.75;1;0
20822;7614.86;50;0.81;1;0
20823;7575.76;50;0.76;1;0
20824;8866.08;50;0.76;1;0
20825;8963.83;50;0.89;1;0
20826;9002.93;50;0.90;1;0
20827;10899.32;50;0.90;1;1
20828;9775.17;50;1.09;1;1
20829;10703.81;50;0.98;1;1
20830;10166.18;50;1.07;1;1
20831;10948.19;50;1.02;1;1
20832;9824.05;50;1.09;1;1
20833;10508.31;50;0.98;1;1
20834;9921.80;50;1.05;1;1
20835;10654.94;50;0.99;1;1
20836;10166.18;50;1.07;1;1
20837;10410.56;50;1.02;1;1
20838;10312.81;50;1.04;1;1
20839;10752.69;50;1.03;1;1
20840;10215.05;50;1.08;1;1
20841;10508.31;50;1.02;1;1
20842;9970.67;50;1.05;1;1
20843;10166.18;50;1.00;1;1
20844;10166.18;50;1.02;1;1
20845;10410.56;50;1.02;1;1
20846;10263.93;50;1.04;1;1
20847;10117.30;50;1.03;1;1
20848;10215.05;50;1.01;1;1
20849;10263.93;50;1.02;1;1
20850;10215.05;50;1.03;1;1
20851;11290.32;50;1.02;1;1
20852;10312.81;50;1.13;1;1
20853;10654.94;50;1.03;1;1
20854;10068.43;50;1.07;1;1
20855;10215.05;50;1.01;1;1
20856;10068.43;50;1.02;1;1
20857;10410.56;50;1.01;1;1
20858;10459.43;50;1.04;1;1
20859;10703.81;50;1.05;1;1
20860;10508.31;50;1.07;1;1
20861;11045.94;50;1.05;1;1
20862;10508.31;50;1.10;1;1
20863;11192.57;50;1.05;1;1
20864;10850.44;50;1.12;1;1
20865;11094.82;50;1.09;1;1
20866;10557.18;50;1.11;1;1
20867;10801.56;50;1.06;1;1
20868;10361.68;50;1.08;1;1
20869;10263.93;50;1.04;1;1
20870;10117.30;50;1.03;1;1
20871;10654.94;50;1.01;1;1
20872;10263.93;50;1.07;1;1
20873;10654.94;50;1.03;1;1
20874;10166.18;50;1.07;1;1
20875;10557.18;50;1.02;1;1
20876;10263.93;50;1.06;1;1
20877;10801.56;50;1.03;1;1
20878;10263.93;50;1.08;1;1
20879;10410.56;50;1.03;1;1
20880;10312.81;50;1.04;1;1
20881;10703.81;50;1.03;1;1
20882;10459.43;50;1.07;1;1
20883;11045.94;50;1.05;1;1
20884;10899.32;50;1.10;1;1
20885;11534.70;50;1.09;1;1
20886;11632.45;50;1.15;1;1
20887;11436.95;50;1.16;1;1
20888;11388.07;50;1.14;1;1
20889;12072.34;50;1.14;1;1
20890;11241.45;50;1.21;1;1
20891;11388.07;50;1.12;1;1
20892;10997.07;50;1.14;1;1
20893;11485.83;50;1.10;1;1
20894;10899.32;50;1.15;1;1
20895;11436.95;50;1.09;1;1
20896;11143.70;50;1.14;1;1
20897;10752.69;50;1.11;1;1
20898;10557.18;50;1.08;1;1
20899;11192.57;50;1.06;1;1
20900;10801.56;50;1.12;1;1
20901;10850.44;50;1.08;1;1
20902;10801.56;50;1.09;1;1
20903;11241.45;50;1.08;1;1
20904;11192.57;50;1.12;1;1
20905;11632.45;50;1.12;1;1
20906;11192.57;50;1.16;1;1
20907;11290.32;50;1.12;1;1
20908;11045.94;50;1.13;1;1
20909;11143.70;50;1.10;1;1
20910;11534.70;50;1.11;1;1
20911;11876.83;50;1.15;1;1
20912;11730.21;50;1.19;1;1
20913;12365.59;50;1.17;1;1
20914;12365.59;50;1.24;1;1
20915;12072.34;50;1.24;1;1
20916;12121.21;50;1.21;1;1
20917;12170.09;50;1.21;1;1
20918;11632.45;50;1.22;1;1
20919;11339.20;50;1.16;1;1
20920;11730.21;50;1.13;1;1
20921;11534.70;50;1.17;1;1
20922;11827.96;50;1.15;1;1
20923;11290.32;50;1.18;1;1
20924;11241.45;50;1.13;1;1
20925;11241.45;50;1.12;1;1
20926;11339.20;50;1.12;1;1
20927;11192.57;50;1.13;1;1
20928;11143.70;50;1.12;1;1
20929;11388.07;50;1.11;1;1
20930;10703.81;50;1.14;1;1
20931;10850.44;50;1.07;1;1
20932;10703.81;50;1.09;1;1
20933;11241.45;50;1.07;1;1
20934;10752.69;50;1.12;1;1
20935;10899.32;50;1.08;1;1
20936;10752.69;50;1.09;1;1
20937;10801.56;50;1.08;1;1
20938;10752.69;50;1.08;1;1
20939;10752.69;50;1.08;1;1
20940;11143.70;50;1.08;1;1
20941;10752.69;50;1.11;1;1
20942;10801.56;50;1.08;1;1
20943;10606.06;50;1.08;1;1
20944;10899.32;50;1.06;1;1
20945;10703.81;50;1.09;1;1
20946;11094.82;50;1.07;1;1
20947;10801.56;50;1.11;1;1
20948;10752.69;50;1.08;1;1
20949;10410.56;50;1.08;1;1
20950;10557.18;50;1.04;1;1
20951;10166.18;50;1.06;1;1
20952;10801.56;50;1.02;1;1
20953;10654.94;50;1.08;1;1
20954;11143.70;50;1.07;1;1
20955;10703.81;50;1.11;1;1
20956;11632.45;50;1.07;1;1
20957;10997.07;50;1.16;1;1
20958;11143.70;50;1.10;1;1
20959;10752.69;50;1.11;1;1
20960;11534.70;50;1.08;1;1
20961;11045.94;50;1.15;1;1
20962;11094.82;50;1.10;1;1
20963;10997.07;50;1.11;1;1
20964;11339.20;50;1.10;1;1
20965;10801.56;50;1.13;1;1
20966;11388.07;50;1.08;1;1
20967;10752.69;50;1.14;1;1
20968;11045.94;50;1.08;1;1
20969;10606.06;50;1.10;1;1
20970;11143.70;50;1.06;1;1
20971;10459.43;50;1.11;1;1
20972;11045.94;50;1.05;1;1
20973;10166.18;50;1.10;1;1
20974;11143.70;50;1.02;1;1
20975;10459.43;50;1.11;1;1
20976;11045.94;50;1.05;1;1
20977;10508.31;50;1.10;1;1
20978;11290.32;50;1.05;1;1
20979;10703.81;50;1.13;1;1
20980;11339.20;50;1.07;1;1
20981;10899.32;50;1.13;1;1
20982;10948.19;50;1.09;1;1
20983;10361.68;50;1.09;1;1
20984;11436.95;50;1.04;1;1
20985;10361.68;50;1.14;1;1
20986;11094.82;50;1.04;1;1
20987;10801.56;50;1.11;1;1
20988;11094.82;50;1.08;1;1
20989;10654.94;50;1.11;1;1
20990;11094.82;50;1.07;1;1
20991;10019.55;50;1.11;1;1
20992;10801.56;50;1.00;1;1
20993;10557.18;50;1.08;1;1
20994;10752.69;50;1.06;1;1
20995;9970.67;50;1.08;1;1
20996;10948.19;50;1.00;1;1
20997;10459.43;50;1.09;1;1
20998;11143.70;50;1.05;1;1
20999;10654.94;50;1.11;1;1
21000;11045.94;50;1.07;1;1
21001;10263.93;50;1.10;1;1
21002;10801.56;50;1.03;1;1
21003;10361.68;50;1.08;1;1
21004;11045.94;50;1.04;1;1
21005;10361.68;50;1.10;1;1
21006;11339.20;50;1.04;1;1
21007;10850.44;50;1.13;1;1
21008;11632.45;50;1.09;1;1
21009;10557.18;50;1.16;1;1
21010;11681.33;50;1.06;1;1
21011;10361.68;50;1.17;1;1
21012;11290.32;50;1.04;1;1
21013;10166.18;50;1.13;1;1
21014;11192.57;50;1.02;1;1
21015;10557.18;50;1.12;1;1
21016;10899.32;50;1.06;1;1
21017;10068.43;50;1.09;1;1
21018;10899.32;50;1.01;1;1
21019;10361.68;50;1.09;1;1
21020;10997.07;50;1.04;1;1
21021;10166.18;50;1.10;1;1
21022;10948.19;50;1.02;1;1
21023;10117.30;50;1.09;1;1
21024;10606.06;50;1.01;1;1
21025;9970.67;50;1.06;1;1
21026;10850.44;50;1.00;1;1
21027;10019.55;50;1.09;1;1
21028;10899.32;50;1.00;1;1
21029;10997.07;50;1.09;1;1
21030;11388.07;50;1.10;1;1
21031;10899.32;50;1.14;1;1
21032;11436.95;50;1.09;1;1
21033;10703.81;50;1.14;1;1
21034;11485.83;50;1.07;1;1
21035;10752.69;50;1.15;1;1
21036;11779.08;50;1.08;1;1
21037;11094.82;50;1.18;1;1
21038;11632.45;50;1.11;1;1
21039;11143.70;50;1.16;1;1
21040;11730.21;50;1.11;1;1
21041;10948.19;50;1.17;1;1
21042;11241.45;50;1.09;1;1
21043;10410.56;50;1.12;1;1
21044;11339.20;50;1.04;1;1
21045;10606.06;50;1.13;1;1
21046;11290.32;50;1.06;1;1
21047;10606.06;50;1.13;1;1
21048;11388.07;50;1.06;1;1
21049;10850.44;50;1.14;1;1
21050;11241.45;50;1.09;1;1
21051;11094.82;50;1.12;1;1
21052;11827.96;50;1.11;1;1
21053;11485.83;50;1.18;1;1
21054;12023.46;50;1.15;1;1
21055;11827.96;50;1.20;1;1
21056;11925.71;50;1.18;1;1
21057;11681.33;50;1.19;1;1
21058;12121.21;50;1.17;1;1
21059;11388.07;50;1.21;1;1
21060;11436.95;50;1.14;1;1
21061;11290.32;50;1.14;1;1
21062;11045.94;50;1.13;1;1
21063;11388.07;50;1.10;1;1
21064;11339.20;50;1.14;1;1
21065;11779.08;50;1.13;1;1
21066;12023.46;50;1.18;1;1
21067;11730.21;50;1.20;1;1
21068;11876.83;50;1.17;1;1
21069;11730.21;50;1.19;1;1
21070;11779.08;50;1.17;1;1
21071;11632.45;50;1.18;1;1
21072;11143.70;50;1.16;1;1
21073;11241.45;50;1.11;1;1
21074;11436.95;50;1.12;1;1
21075;11779.08;50;1.14;1;1
21076;12072.34;50;1.18;1;1
21077;12072.34;50;1.21;1;1
21078;11681.33;50;1.21;1;1
21079;12316.71;50;1.17;1;1
21080;12072.34;50;1.23;1;1
21081;12218.96;50;1.21;1;1
21082;11779.08;50;1.22;1;1
21083;12121.21;50;1.18;1;1
21084;11339.20;50;1.21;1;1
21085;11583.58;50;1.13;1;1
21086;10899.32;50;1.16;1;1
21087;11583.58;50;1.09;1;1
21088;10997.07;50;1.16;1;1
21089;11779.08;50;1.10;1;1
21090;11388.07;50;1.18;1;1
21091;11827.96;50;1.14;1;1
21092;11485.83;50;1.18;1;1
21093;11534.70;50;1.15;1;1
21094;11534.70;50;1.15;1;1
21095;11681.33;50;1.15;1;1
21096;11045.94;50;1.17;1;1
21097;11632.45;50;1.10;1;1
21098;11192.57;50;1.16;1;1
21099;11290.32;50;1.12;1;1
21100;10703.81;50;1.13;1;1
21101;11339.20;50;1.07;1;1
21102;10215.05;50;1.13;1;1
21103;11045.94;50;1.02;1;1
21104;10948.19;50;1.10;1;1
21105;11192.57;50;1.09;1;1
21106;15493.65;50;1.12;1;1
21107;16275.66;50;1.55;1;1
21108;19501.47;50;1.63;1;1
21109;33626.59;50;1.95;1;1
21110;33577.71;50;3.36;1;1
21111;33626.59;50;3.36;1;1
21112;33577.71;50;3.36;1;1
21113;33626.59;50;3.36;1;1
21114;33577.71;50;3.36;1;1
21115;33626.59;50;3.36;1;1
21116;33577.71;50;3.36;1;1
21117;33626.59;50;3.36;1;1
21118;33577.71;50;3.36;1;1
21119;33577.71;50;3.36;1;1
21120;33577.71;50;3.36;1;1
21121;33577.71;50;3.36;1;1
21122;33626.59;50;3.36;1;1
21123;33626.59;50;3.36;1;1
21124;33626.59;50;3.36;1;1
21125;33577.71;50;3.36;1;1
21126;33626.59;50;3.36;1;1
21127;33626.59;50;3.36;1;1
21128;33626.59;50;3.36;1;1
21129;33577.71;50;3.36;1;1
21130;33626.59;50;3.36;1;1
21131;33577.71;50;3.36;1;1
21132;33577.71;50;3.36;1;1
21133;33577.71;50;3.36;1;1
21134;33626.59;50;3.36;1;1
21135;33626.59;50;3.36;1;1
21136;33626.59;50;3.36;1;1
21137;33577.71;50;3.36;1;1
21138;33577.71;50;3.36;1;1
21139;33626.59;50;3.36;1;1
21140;33577.71;50;3.36;1;1
21141;33626.59;50;3.36;1;1
21142;33626.59;50;3.36;1;1
21143;33577.71;50;3.36;1;1
21144;33626.59;50;3.36;1;1
21145;33626.59;50;3.36;1;1
21146;33577.71;50;3.36;1;1
21147;33577.71;50;3.36;1;1
21148;33577.71;50;3.36;1;1
21149;33577.71;50;3.36;1;1
21150;33577.71;50;3.36;1;1
21151;33626.59;50;3.36;1;1
21152;33577.71;50;3.36;1;1
21153;33577.71;50;3.36;1;1
21154;33577.71;50;3.36;1;1
21155;33577.71;50;3.36;1;1
21156;33577.71;50;3.36;1;1
21157;33626.59;50;3.36;1;1
21158;33626.59;50;3.36;1;1
21159;33577.71;50;3.36;1;1
21160;33577.71;50;3.36;1;1
21161;33577.71;50;3.36;1;1
21162;33626.59;50;3.36;1;1
21163;33626.59;50;3.36;1;1
21164;33626.59;50;3.36;1;1
21165;33577.71;50;3.36;1;1
21166;33577.71;50;3.36;1;1
21167;33577.71;50;3.36;1;1
21168;33577.71;50;3.36;1;1
21169;33626.59;50;3.36;1;1
21170;33626.59;50;3.36;1;1
21171;33626.59;50;3.36;1;1
21172;33577.71;50;3.36;1;1
21173;33626.59;50;3.36;1;1
21174;33577.71;50;3.36;1;1
21175;33626.59;50;3.36;1;1
21176;33626.59;50;3.36;1;1
21177;33626.59;50;3.36;1;1
21178;33626.59;50;3.36;1;1
21179;33626.59;50;3.36;1;1
21180;33626.59;50;3.36;1;1
21181;33626.59;50;3.36;1;1
21182;33577.71;50;3.36;1;1
21183;33626.59;50;3.36;1;1
21184;33626.59;50;3.36;1;1
21185;33626.59;50;3.36;1;1
21186;33626.59;50;3.36;1;1
21187;33626.59;50;3.36;1;1
21188;33626.59;50;3.36;1;1
21189;33626.59;50;3.36;1;1
21190;33626.59;50;3.36;1;1
21191;33626.59;50;3.36;1;1
21192;33626.59;50;3.36;1;1
21193;33626.59;50;3.36;1;1
21194;33626.59;50;3.36;1;1
21195;33626.59;50;3.36;1;1
21196;33577.71;50;3.36;1;1
21197;33626.59;50;3.36;1;1
21198;33626.59;50;3.36;1;1
21199;33626.59;50;3.36;1;1
21200;33626.59;50;3.36;1;1
21201;33626.59;50;3.36;1;1
21202;33626.59;50;3.36;1;1
21203;33626.59;50;3.36;1;1
21204;33577.71;50;3.36;1;1
21205;33626.59;50;3.36;1;1
21206;33626.59;50;3.36;1;1
21207;33626.59;50;3.36;1;1
21208;33626.59;50;3.36;1;1
21209;33626.59;50;3.36;1;1
21210;33626.59;50;3.36;1;1
21211;33626.59;50;3.36;1;1
21212;33626.59;50;3.36;1;1
21213;33626.59;50;3.36;1;1
21214;33626.59;50;3.36;1;1
21215;33626.59;50;3.36;1;1
21216;33626.59;50;3.36;1;1
21217;33626.59;50;3.36;1;1
21218;33577.71;50;3.36;1;1
21219;33626.59;50;3.36;1;1
21220;33626.59;50;3.36;1;1
21221;33626.59;50;3.36;1;1
21222;33577.71;50;3.36;1;1
21223;33577.71;50;3.36;1;1
21224;33577.71;50;3.36;1;1
21225;33626.59;50;3.36;1;1
21226;33626.59;50;3.36;1;1
21227;33626.59;50;3.36;1;1
21228;33626.59;50;3.36;1;1
21229;33626.59;50;3.36;1;1
21230;33626.59;50;3.36;1;1
21231;33626.59;50;3.36;1;1
21232;33577.71;50;3.36;1;1
21233;33626.59;50;3.36;1;1
21234;33577.71;50;3.36;1;1
21235;33577.71;50;3.36;1;1
21236;33626.59;50;3.36;1;1
21237;33626.59;50;3.36;1;1
21238;33626.59;50;3.36;1;1
21239;33626.59;50;3.36;1;1
21240;33626.59;50;3.36;1;1
21241;33626.59;50;3.36;1;1
21242;33626.59;50;3.36;1;1
21243;33626.59;50;3.36;1;1
21244;33626.59;50;3.36;1;1
21245;33626.59;50;3.36;1;1
21246;33577.71;50;3.36;1;1
21247;33626.59;50;3.36;1;1
21248;33626.59;50;3.36;1;1
21249;33626.59;50;3.36;1;1
21250;33626.59;50;3.36;1;1
21251;33626.59;50;3.36;1;1
21252;33626.59;50;3.36;1;1
21253;33577.71;50;3.36;1;1
21254;33626.59;50;3.36;1;1
21255;33626.59;50;3.36;1;1
21256;33626.59;50;3.36;1;1
21257;33577.71;50;3.36;1;1
21258;33577.71;50;3.36;1;1
21259;33577.71;50;3.36;1;1
21260;33528.84;50;3.36;1;1
21261;33137.83;50;3.35;1;1
21262;32844.57;50;3.31;1;1
21263;33333.33;50;3.28;1;1
21264;33333.33;50;3.33;1;1
21265;33235.58;50;3.33;1;1
21266;32942.32;50;3.32;1;1
21267;33186.71;50;3.29;1;1
21268;33137.83;50;3.32;1;1
21269;33382.21;50;3.31;1;1
21270;33284.46;50;3.34;1;1
21271;33235.58;50;3.33;1;1
21272;33333.33;50;3.32;1;1
21273;33333.33;50;3.33;1;1
21274;33333.33;50;3.33;1;1
21275;33284.46;50;3.33;1;1
21276;33333.33;50;3.33;1;1
21277;33333.33;50;3.33;1;1
21278;33333.33;50;3.33;1;1
21279;33333.33;50;3.33;1;1
21280;33333.33;50;3.33;1;1
21281;33333.33;50;3.33;1;1
21282;33333.33;50;3.33;1;1
21283;33333.33;50;3.33;1;1
21284;33382.21;50;3.33;1;1
21285;33333.33;50;3.34;1;1
21286;33333.33;50;3.33;1;1
21287;33333.33;50;3.33;1;1
21288;33333.33;50;3.33;1;1
21289;33333.33;50;3.33;1;1
21290;33333.33;50;3.33;1;1
21291;33333.33;50;3.33;1;1
21292;33333.33;50;3.33;1;1
21293;33333.33;50;3.33;1;1
21294;33333.33;50;3.33;1;1
21295;33333.33;50;3.33;1;1
21296;33333.33;50;3.33;1;1
21297;33333.33;50;3.33;1;1
21298;33333.33;50;3.33;1;1
21299;33333.33;50;3.33;1;1
21300;33333.33;50;3.33;1;1
21301;33333.33;50;3.33;1;1
21302;33333.33;50;3.33;1;1
21303;33333.33;50;3.33;1;1
21304;33333.33;50;3.33;1;1
21305;33333.33;50;3.33;1;1
21306;33333.33;50;3.33;1;1
21307;33333.33;50;3.33;1;1
21308;33333.33;50;3.33;1;1
21309;33333.33;50;3.33;1;1
21310;33333.33;50;3.33;1;1
21311;33333.33;50;3.33;1;1
21312;33333.33;50;3.33;1;1
21313;33333.33;50;3.33;1;1
21314;33333.33;50;3.33;1;1
21315;33333.33;50;3.33;1;1
21316;33333.33;50;3.33;1;1
21317;33333.33;50;3.33;1;1
21318;33333.33;50;3.33;1;1
21319;33333.33;50;3.33;1;1
21320;33333.33;50;3.33;1;1
21321;33333.33;50;3.33;1;1
21322;33333.33;50;3.33;1;1
21323;33333.33;50;3.33;1;1
21324;33333.33;50;3.33;1;1
21325;33333.33;50;3.33;1;1
21326;33333.33;50;3.33;1;1
21327;33333.33;50;3.33;1;1
21328;33333.33;50;3.33;1;1
21329;33333.33;50;3.33;1;1
21330;33333.33;50;3.33;1;1
21331;33333.33;50;3.33;1;1
21332;33333.33;50;3.33;1;1
21333;33333.33;50;3.33;1;1
21334;33333.33;50;3.33;1;1
21335;33333.33;50;3.33;1;1
21336;33333.33;50;3.33;1;1
21337;33333.33;50;3.33;1;1
21338;33333.33;50;3.33;1;1
21339;33333.33;50;3.33;1;1
21340;33333.33;50;3.33;1;1
21341;33333.33;50;3.33;1;1
21342;33333.33;50;3.33;1;1
21343;33333.33;50;3.33;1;1
21344;33333.33;50;3.33;1;1
21345;33333.33;50;3.33;1;1
21346;33333.33;50;3.33;1;1
21347;33333.33;50;3.33;1;1
21348;33333.33;50;3.33;1;1
21349;33333.33;50;3.33;1;1
21350;33333.33;50;3.33;1;1
21351;33333.33;50;3.33;1;1
21352;33333.33;50;3.33;1;1
21353;33333.33;50;3.33;1;1
21354;33333.33;50;3.33;1;1
21355;33333.33;50;3.33;1;1
21356;33333.33;50;3.33;1;1
21357;33333.33;50;3.33;1;1
21358;33333.33;50;3.33;1;1
21359;33333.33;50;3.33;1;1
21360;33333.33;50;3.33;1;1
21361;33333.33;50;3.33;1;1
21362;33333.33;50;3.33;1;1
21363;33333.33;50;3.33;1;1
21364;33333.33;50;3.33;1;1
21365;33333.33;50;3.33;1;1
21366;33333.33;50;3.33;1;1
21367;33333.33;50;3.33;1;1
21368;33333.33;50;3.33;1;1
21369;33333.33;50;3.33;1;1
21370;33333.33;50;3.33;1;1
21371;33333.33;50;3.33;1;1
21372;33333.33;50;3.33;1;1
21373;33333.33;50;3.33;1;1
21374;33333.33;50;3.33;1;1
21375;33333.33;50;3.33;1;1
21376;33333.33;50;3.33;1;1
21377;33333.33;50;3.33;1;1
21378;33333.33;50;3.33;1;1
21379;33333.33;50;3.33;1;1
21380;33333.33;50;3.33;1;1
21381;33333.33;50;3.33;1;1
21382;33333.33;50;3.33;1;1
21383;33333.33;50;3.33;1;1
21384;33333.33;50;3.33;1;1
21385;33333.33;50;3.33;1;1
21386;33333.33;50;3.33;1;1
21387;33333.33;50;3.33;1;1
21388;33333.33;50;3.33;1;1
21389;33333.33;50;3.33;1;1
21390;33333.33;50;3.33;1;1
21391;33333.33;50;3.33;1;1
21392;33333.33;50;3.33;1;1
21393;33333.33;50;3.33;1;1
21394;33333.33;50;3.33;1;1
21395;33333.33;50;3.33;1;1
21396;33333.33;50;3.33;1;1
21397;33333.33;50;3.33;1;1
21398;33333.33;50;3.33;1;1
21399;33333.33;50;3.33;1;1
21400;33333.33;50;3.33;1;1
21401;33333.33;50;3.33;1;1
21402;33333.33;50;3.33;1;1
21403;33333.33;50;3.33;1;1
21404;33333.33;50;3.33;1;1
21405;33333.33;50;3.33;1;1
21406;33333.33;50;3.33;1;1
21407;33333.33;50;3.33;1;1
21408;33333.33;50;3.33;1;1
21409;33333.33;50;3.33;1;1
21410;33333.33;50;3.33;1;1
21411;33333.33;50;3.33;1;1
21412;33333.33;50;3.33;1;1
21413;33333.33;50;3.33;1;1
21414;33333.33;50;3.33;1;1
21415;33333.33;50;3.33;1;1
21416;33333.33;50;3.33;1;1
21417;33333.33;50;3.33;1;1
21418;33333.33;50;3.33;1;1
21419;33333.33;50;3.33;1;1
21420;33333.33;50;3.33;1;1
21421;33333.33;50;3.33;1;1
21422;33333.33;50;3.33;1;1
21423;33333.33;50;3.33;1;1
21424;33333.33;50;3.33;1;1
21425;33333.33;50;3.33;1;1
21426;33333.33;50;3.33;1;1
21427;33333.33;50;3.33;1;1
21428;33333.33;50;3.33;1;1
21429;33333.33;50;3.33;1;1
21430;33333.33;50;3.33;1;1
21431;33333.33;50;3.33;1;1
21432;33333.33;50;3.33;1;1
21433;33333.33;50;3.33;1;1
21434;33333.33;50;3.33;1;1
21435;33333.33;50;3.33;1;1
21436;33333.33;50;3.33;1;1
21437;33333.33;50;3.33;1;1
21438;33333.33;50;3.33;1;1
21439;33333.33;50;3.33;1;1
21440;33333.33;50;3.33;1;1
21441;33333.33;50;3.33;1;1
21442;33333.33;50;3.33;1;1
21443;33333.33;50;3.33;1;1
21444;33333.33;50;3.33;1;1
21445;33333.33;50;3.33;1;1
21446;33333.33;50;3.33;1;1
21447;33333.33;50;3.33;1;1
21448;33333.33;50;3.33;1;1
21449;33333.33;50;3.33;1;1
21450;33333.33;50;3.33;1;1
21451;33333.33;50;3.33;1;1
21452;33333.33;50;3.33;1;1
21453;33333.33;50;3.33;1;1
21454;33333.33;50;3.33;1;1
21455;33333.33;50;3.33;1;1
21456;33333.33;50;3.33;1;1
21457;33333.33;50;3.33;1;1
21458;33333.33;50;3.33;1;1
21459;33333.33;50;3.33;1;1
21460;33333.33;50;3.33;1;1
21461;33333.33;50;3.33;1;1
21462;33333.33;50;3.33;1;1
21463;33333.33;50;3.33;1;1
21464;33333.33;50;3.33;1;1
21465;33333.33;50;3.33;1;1
21466;33333.33;50;3.33;1;1
21467;33333.33;50;3.33;1;1
21468;33333.33;50;3.33;1;1
21469;33333.33;50;3.33;1;1
21470;33333.33;50;3.33;1;1
21471;33333.33;50;3.33;1;1
21472;33333.33;50;3.33;1;1
21473;33333.33;50;3.33;1;1
21474;33333.33;50;3.33;1;1
21475;33333.33;50;3.33;1;1
21476;33333.33;50;3.33;1;1
21477;33333.33;50;3.33;1;1
21478;33333.33;50;3.33;1;1
21479;33333.33;50;3.33;1;1
21480;33333.33;50;3.33;1;1
21481;33333.33;50;3.33;1;1
21482;33333.33;50;3.33;1;1
21483;33333.33;50;3.33;1;1
21484;33333.33;50;3.33;1;1
21485;33333.33;50;3.33;1;1
21486;33333.33;50;3.33;1;1
21487;33333.33;50;3.33;1;1
21488;33333.33;50;3.33;1;1
21489;33333.33;50;3.33;1;1
21490;33333.33;50;3.33;1;1
21491;33333.33;50;3.33;1;1
21492;33333.33;50;3.33;1;1
21493;33333.33;50;3.33;1;1
21494;33333.33;50;3.33;1;1
21495;33333.33;50;3.33;1;1
21496;32893.45;50;3.33;1;1
21497;31573.80;50;3.29;1;1
21498;32844.57;50;3.16;1;1
21499;32795.70;50;3.28;1;1
21500;32355.82;50;3.28;1;1
21501;32649.07;50;3.24;1;1
21502;32355.82;50;3.26;1;1
21503;32551.32;50;3.24;1;1
21504;32697.95;50;3.26;1;1
21505;31622.68;50;3.27;1;1
21506;31378.30;50;3.16;1;1
21507;31378.30;50;3.14;1;1
21508;32942.32;50;3.14;1;1
21509;33822.09;50;3.29;1;1
21510;19159.34;50;3.38;1;1
21511;16715.54;50;1.92;1;1
21512;14222.87;50;1.67;1;1
21513;16959.92;50;1.42;1;1
21514;14418.38;50;1.70;1;1
21515;15591.40;50;1.44;1;1
21516;16226.78;50;1.56;1;1
21517;15786.90;50;1.62;1;1
21518;14858.26;50;1.58;1;1
21519;14222.87;50;1.49;1;1
21520;13147.60;50;1.42;1;1
21521;15347.02;50;1.31;1;1
21522;14027.37;50;1.53;1;1
21523;14222.87;50;1.40;1;1
21524;13049.85;50;1.42;1;1
21525;13929.62;50;1.30;1;1
21526;14125.12;50;1.39;1;1
21527;14760.51;50;1.41;1;1
21528;14174.00;50;1.48;1;1
21529;14907.14;50;1.42;1;1
21530;15640.27;50;1.49;1;1
21531;15444.77;50;1.56;1;1
21532;15151.51;50;1.54;1;1
21533;15933.53;50;1.52;1;1
21534;12854.35;50;1.59;1;1
21535;11583.58;50;1.29;1;1
21536;11339.20;50;1.16;1;1
21537;11827.96;50;1.13;1;1
21538;11241.45;50;1.18;1;1
21539;11339.20;50;1.12;1;1
21540;10997.07;50;1.13;1;1
21541;10752.69;50;1.10;1;1
21542;9579.67;50;1.08;1;1
21543;10068.43;50;0.96;1;1
21544;9530.79;50;1.01;1;1
21545;10117.30;50;0.95;1;1
21546;9433.04;50;1.01;1;1
21547;10166.18;50;0.94;1;1
21548;9579.67;50;1.02;1;1
21549;9824.05;50;0.96;1;1
21550;9677.42;50;0.98;1;1
21551;10215.05;50;0.97;1;1
21552;9726.29;50;1.02;1;1
21553;9775.17;50;0.97;1;1
21554;9286.41;50;0.98;1;1
21555;9628.54;50;0.93;1;1
21556;9775.17;50;0.96;1;1
21557;9872.92;50;0.98;1;1
21558;9481.92;50;0.99;1;1
21559;9775.17;50;0.95;1;1
21560;9481.92;50;0.98;1;1
21561;9921.80;50;0.95;1;1
21562;9530.79;50;0.99;1;1
21563;9384.16;50;0.95;1;1
21564;9188.66;50;0.94;1;1
21565;9481.92;50;0.92;1;1
21566;9677.42;50;0.95;1;1
21567;9579.67;50;0.97;1;1
21568;9824.05;50;0.96;1;1
21569;9530.79;50;0.98;1;1
21570;9579.67;50;0.95;1;1
21571;9286.41;50;0.96;1;1
21572;9335.29;50;0.93;1;1
21573;8993.16;50;0.93;1;1
21574;6539.59;50;0.90;1;0
21575;10000.00;50;0.65;1;0
21576;29863.15;50;1.00;1;1
21577;29227.76;50;2.99;1;1
21578;29081.13;50;2.92;1;1
21579;21407.63;50;2.91;1;1
21580;17057.67;50;2.14;1;1
21581;16617.79;50;1.71;1;1
21582;7673.51;50;1.66;1;1
21583;4037.15;50;0.77;1;0
21584;10000.00;50;0.40;1;0
21585;24780.06;50;1.00;1;1
21586;18035.19;50;2.48;1;1
21587;19061.58;50;1.80;1;1
21588;31720.43;50;1.91;1;1
21589;32160.31;50;3.17;1;1
21590;31964.81;50;3.22;1;1
21591;33284.46;50;3.20;1;1
21592;32600.20;50;3.33;1;1
21593;32991.20;50;3.26;1;1
21594;32991.20;50;3.30;1;1
21595;33040.08;50;3.30;1;1
21596;33040.08;50;3.30;1;1
21597;33382.21;50;3.30;1;1
21598;33088.95;50;3.34;1;1
21599;33137.83;50;3.31;1;1
21600;33186.71;50;3.31;1;1
21601;33284.46;50;3.32;1;1
21602;33333.33;50;3.33;1;1
21603;33382.21;50;3.33;1;1
21604;33382.21;50;3.34;1;1
21605;33431.09;50;3.34;1;1
21606;33431.09;50;3.34;1;1
21607;33431.09;50;3.34;1;1
21608;33479.96;50;3.34;1;1
21609;33431.09;50;3.35;1;1
21610;33431.09;50;3.34;1;1
21611;33479.96;50;3.34;1;1
21612;33479.96;50;3.35;1;1
21613;33479.96;50;3.35;1;1
21614;33431.09;50;3.35;1;1
21615;33479.96;50;3.34;1;1
21616;33479.96;50;3.35;1;1
21617;33479.96;50;3.35;1;1
21618;33479.96;50;3.35;1;1
21619;33528.84;50;3.35;1;1
21620;33528.84;50;3.35;1;1
21621;33528.84;50;3.35;1;1
21622;33528.84;50;3.35;1;1
21623;33528.84;50;3.35;1;1
21624;33528.84;50;3.35;1;1
21625;33528.84;50;3.35;1;1
21626;33528.84;50;3.35;1;1
21627;33528.84;50;3.35;1;1
21628;33528.84;50;3.35;1;1
21629;33528.84;50;3.35;1;1
21630;33528.84;50;3.35;1;1
21631;33528.84;50;3.35;1;1
21632;33528.84;50;3.35;1;1
21633;33528.84;50;3.35;1;1
21634;33528.84;50;3.35;1;1
21635;33528.84;50;3.35;1;1
21636;33528.84;50;3.35;1;1
21637;33528.84;50;3.35;1;1
21638;33528.84;50;3.35;1;1
21639;33528.84;50;3.35;1;1
21640;33528.84;50;3.35;1;1
21641;33528.84;50;3.35;1;1
21642;33528.84;50;3.35;1;1
21643;33528.84;50;3.35;1;1
21644;33528.84;50;3.35;1;1
21645;33528.84;50;3.35;1;1
21646;33528.84;50;3.35;1;1
21647;33528.84;50;3.35;1;1
21648;33528.84;50;3.35;1;1
21649;33528.84;50;3.35;1;1
21650;33528.84;50;3.35;1;1
21651;33528.84;50;3.35;1;1
21652;33528.84;50;3.35;1;1
21653;33528.84;50;3.35;1;1
21654;33528.84;50;3.35;1;1
21655;33528.84;50;3.35;1;1
21656;33528.84;50;3.35;1;1
21657;33528.84;50;3.35;1;1
21658;33528.84;50;3.35;1;1
21659;33528.84;50;3.35;1;1
21660;33528.84;50;3.35;1;1
21661;33528.84;50;3.35;1;1
21662;33528.84;50;3.35;1;1
21663;33528.84;50;3.35;1;1
21664;25073.31;50;3.35;1;1
21665;33528.84;50;2.51;1;1
21666;33528.84;50;3.35;1;1
21667;33528.84;50;3.35;1;1
21668;33528.84;50;3.35;1;1
21669;32893.45;50;3.35;1;1
21670;31427.17;50;3.29;1;1
21671;31915.93;50;3.14;1;1
21672;33137.83;50;3.19;1;1
21673;33577.71;50;3.31;1;1
21674;33528.84;50;3.36;1;1
21675;33382.21;50;3.35;1;1
21676;33528.84;50;3.34;1;1
21677;33577.71;50;3.35;1;1
21678;33528.84;50;3.36;1;1
21679;32062.56;50;3.35;1;1
21680;27712.61;50;3.21;1;1
21681;32600.20;50;2.77;1;1
21682;33577.71;50;3.26;1;1
21683;33577.71;50;3.36;1;1
21684;33186.71;50;3.36;1;1
21685;33577.71;50;3.32;1;1
21686;33577.71;50;3.36;1;1
21687;33577.71;50;3.36;1;1
21688;33577.71;50;3.36;1;1
21689;33577.71;50;3.36;1;1
21690;33577.71;50;3.36;1;1
21691;33577.71;50;3.36;1;1
21692;33528.84;50;3.36;1;1
21693;33528.84;50;3.35;1;1
21694;33528.84;50;3.35;1;1
21695;33528.84;50;3.35;1;1
21696;33528.84;50;3.35;1;1
21697;33528.84;50;3.35;1;1
21698;33528.84;50;3.35;1;1
21699;33528.84;50;3.35;1;1
21700;33528.84;50;3.35;1;1
21701;33528.84;50;3.35;1;1
21702;33528.84;50;3.35;1;1
21703;21309.87;50;3.35;1;1
21704;33528.84;50;2.13;1;1
21705;33528.84;50;3.35;1;1
21706;33528.84;50;3.35;1;1
21707;33479.96;50;3.35;1;1
21708;33479.96;50;3.35;1;1
21709;33479.96;50;3.35;1;1
21710;33479.96;50;3.35;1;1
21711;33479.96;50;3.35;1;1
21712;33528.84;50;3.35;1;1
21713;33479.96;50;3.35;1;1
21714;33528.84;50;3.35;1;1
21715;33479.96;50;3.35;1;1
21716;33479.96;50;3.35;1;1
21717;33479.96;50;3.35;1;1
21718;33479.96;50;3.35;1;1
21719;33479.96;50;3.35;1;1
21720;33479.96;50;3.35;1;1
21721;33479.96;50;3.35;1;1
21722;33479.96;50;3.35;1;1
21723;33479.96;50;3.35;1;1
21724;33479.96;50;3.35;1;1
21725;32600.20;50;3.35;1;1
21726;33479.96;50;3.26;1;1
21727;33479.96;50;3.35;1;1
21728;33479.96;50;3.35;1;1
21729;33479.96;50;3.35;1;1
21730;33479.96;50;3.35;1;1
21731;33479.96;50;3.35;1;1
21732;33479.96;50;3.35;1;1
21733;33479.96;50;3.35;1;1
21734;33479.96;50;3.35;1;1
21735;33479.96;50;3.35;1;1
21736;33479.96;50;3.35;1;1
21737;33479.96;50;3.35;1;1
21738;33479.96;50;3.35;1;1
21739;33479.96;50;3.35;1;1
21740;33479.96;50;3.35;1;1
21741;33479.96;50;3.35;1;1
21742;33479.96;50;3.35;1;1
21743;33479.96;50;3.35;1;1
21744;33479.96;50;3.35;1;1
21745;33479.96;50;3.35;1;1
21746;33479.96;50;3.35;1;1
21747;33479.96;50;3.35;1;1
21748;33479.96;50;3.35;1;1
21749;33479.96;50;3.35;1;1
21750;33479.96;50;3.35;1;1
21751;33479.96;50;3.35;1;1
21752;33479.96;50;3.35;1;1
21753;33479.96;50;3.35;1;1
21754;33479.96;50;3.35;1;1
21755;6695.99;50;3.35;1;1
21756;6793.74;50;0.67;1;0
21757;10000.00;50;0.68;1;0
21758;33528.84;50;1.00;1;1
21759;33479.96;50;3.35;1;1
21760;33479.96;50;3.35;1;1
21761;33479.96;50;3.35;1;1
21762;33479.96;50;3.35;1;1
21763;33479.96;50;3.35;1;1
21764;33479.96;50;3.35;1;1
21765;33479.96;50;3.35;1;1
21766;33479.96;50;3.35;1;1
21767;33479.96;50;3.35;1;1
21768;33479.96;50;3.35;1;1
21769;33479.96;50;3.35;1;1
21770;33479.96;50;3.35;1;1
21771;33479.96;50;3.35;1;1
21772;33479.96;50;3.35;1;1
21773;33479.96;50;3.35;1;1
21774;33479.96;50;3.35;1;1
21775;33479.96;50;3.35;1;1
21776;33479.96;50;3.35;1;1
21777;33479.96;50;3.35;1;1
21778;33479.96;50;3.35;1;1
21779;33479.96;50;3.35;1;1
21780;33479.96;50;3.35;1;1
21781;33479.96;50;3.35;1;1
21782;33479.96;50;3.35;1;1
21783;33479.96;50;3.35;1;1
21784;33479.96;50;3.35;1;1
21785;33479.96;50;3.35;1;1
21786;33479.96;50;3.35;1;1
21787;33479.96;50;3.35;1;1
21788;33479.96;50;3.35;1;1
21789;33479.96;50;3.35;1;1
21790;33479.96;50;3.35;1;1
21791;33479.96;50;3.35;1;1
21792;33479.96;50;3.35;1;1
21793;33479.96;50;3.35;1;1
21794;33479.96;50;3.35;1;1
21795;33479.96;50;3.35;1;1
21796;33479.96;50;3.35;1;1
21797;33479.96;50;3.35;1;1
21798;33479.96;50;3.35;1;1
21799;33479.96;50;3.35;1;1
21800;33479.96;50;3.35;1;1
21801;33479.96;50;3.35;1;1
21802;33479.96;50;3.35;1;1
21803;33479.96;50;3.35;1;1
21804;33479.96;50;3.35;1;1
21805;33479.96;50;3.35;1;1
21806;33479.96;50;3.35;1;1
21807;33479.96;50;3.35;1;1
21808;33479.96;50;3.35;1;1
21809;33479.96;50;3.35;1;1
21810;33479.96;50;3.35;1;1
21811;33479.96;50;3.35;1;1
21812;33479.96;50;3.35;1;1
21813;33479.96;50;3.35;1;1
21814;33528.84;50;3.35;1;1
21815;33528.84;50;3.35;1;1
21816;33528.84;50;3.35;1;1
21817;33528.84;50;3.35;1;1
21818;33528.84;50;3.35;1;1
21819;33528.84;50;3.35;1;1
21820;33528.84;50;3.35;1;1
21821;33528.84;50;3.35;1;1
21822;33528.84;50;3.35;1;1
21823;33528.84;50;3.35;1;1
21824;33528.84;50;3.35;1;1
21825;33528.84;50;3.35;1;1
21826;33528.84;50;3.35;1;1
21827;33528.84;50;3.35;1;1
21828;33528.84;50;3.35;1;1
21829;33528.84;50;3.35;1;1
21830;33528.84;50;3.35;1;1
21831;33528.84;50;3.35;1;1
21832;33528.84;50;3.35;1;1
21833;33528.84;50;3.35;1;1
21834;33528.84;50;3.35;1;1
21835;33528.84;50;3.35;1;1
21836;33528.84;50;3.35;1;1
21837;33528.84;50;3.35;1;1
21838;33528.84;50;3.35;1;1
21839;33528.84;50;3.35;1;1
21840;33528.84;50;3.35;1;1
21841;33528.84;50;3.35;1;1
21842;33528.84;50;3.35;1;1
21843;33528.84;50;3.35;1;1
21844;33528.84;50;3.35;1;1
21845;33528.84;50;3.35;1;1
21846;33528.84;50;3.35;1;1
21847;33528.84;50;3.35;1;1
21848;33528.84;50;3.35;1;1
21849;33577.71;50;3.35;1;1
21850;33528.84;50;3.36;1;1
21851;33528.84;50;3.35;1;1
21852;33528.84;50;3.35;1;1
21853;33528.84;50;3.35;1;1
21854;33528.84;50;3.35;1;1
21855;33577.71;50;3.35;1;1
21856;33528.84;50;3.36;1;1
21857;33577.71;50;3.35;1;1
21858;33577.71;50;3.36;1;1
21859;33577.71;50;3.36;1;1
21860;33528.84;50;3.36;1;1
21861;33577.71;50;3.35;1;1
21862;33577.71;50;3.36;1;1
21863;33577.71;50;3.36;1;1
21864;33577.71;50;3.36;1;1
21865;33528.84;50;3.36;1;1
21866;33528.84;50;3.35;1;1
21867;33528.84;50;3.35;1;1
21868;33528.84;50;3.35;1;1
21869;33577.71;50;3.35;1;1
21870;33528.84;50;3.36;1;1
21871;33577.71;50;3.35;1;1
21872;33577.71;50;3.36;1;1
21873;33577.71;50;3.36;1;1
21874;33528.84;50;3.36;1;1
21875;33577.71;50;3.35;1;1
21876;33528.84;50;3.36;1;1
21877;33577.71;50;3.35;1;1
21878;33577.71;50;3.36;1;1
21879;6891.50;50;3.36;1;1
21880;6813.29;50;0.69;1;0
21881;10000.00;50;0.68;1;0
21882;33577.71;50;1.00;1;1
21883;33577.71;50;3.36;1;1
21884;33577.71;50;3.36;1;1
21885;33577.71;50;3.36;1;1
21886;33577.71;50;3.36;1;1
21887;33577.71;50;3.36;1;1
21888;33577.71;50;3.36;1;1
21889;33577.71;50;3.36;1;1
21890;33577.71;50;3.36;1;1
21891;33577.71;50;3.36;1;1
21892;33577.71;50;3.36;1;1
21893;33577.71;50;3.36;1;1
21894;33577.71;50;3.36;1;1
21895;33577.71;50;3.36;1;1
21896;33528.84;50;3.36;1;1
21897;27859.24;50;3.35;1;1
21898;31036.17;50;2.79;1;1
21899;33577.71;50;3.10;1;1
21900;33577.71;50;3.36;1;1
21901;33577.71;50;3.36;1;1
21902;33577.71;50;3.36;1;1
21903;33577.71;50;3.36;1;1
21904;33626.59;50;3.36;1;1
21905;33626.59;50;3.36;1;1
21906;33626.59;50;3.36;1;1
21907;31378.30;50;3.36;1;1
21908;33626.59;50;3.14;1;1
21909;33626.59;50;3.36;1;1
21910;33577.71;50;3.36;1;1
21911;33626.59;50;3.36;1;1
21912;33626.59;50;3.36;1;1
21913;33626.59;50;3.36;1;1
21914;33626.59;50;3.36;1;1
21915;33528.84;50;3.36;1;1
21916;33528.84;50;3.35;1;1
21917;33528.84;50;3.35;1;1
21918;33528.84;50;3.35;1;1
21919;33528.84;50;3.35;1;1
21920;33528.84;50;3.35;1;1
21921;33528.84;50;3.35;1;1
21922;33528.84;50;3.35;1;1
21923;33528.84;50;3.35;1;1
21924;33528.84;50;3.35;1;1
21925;33528.84;50;3.35;1;1
21926;33528.84;50;3.35;1;1
21927;18914.96;50;3.35;1;1
21928;12854.35;50;1.89;1;1
21929;8699.90;50;1.29;1;1
21930;1603.13;50;0.87;1;0
21931;0.00;50;0.16;1;0
21932;7409.58;50;0.00;1;0
21933;6011.73;50;0.74;1;0
21934;6363.64;50;0.60;1;0
21935;6011.73;50;0.64;1;0
21936;6412.51;50;0.60;1;0
21937;6031.28;50;0.64;1;0
21938;6500.49;50;0.60;1;0
21939;6060.61;50;0.65;1;0
21940;0.00;50;0.61;1;0
21941;0.00;50;0.00;1;0
21942;0.00;50;0.00;1;0
21943;0.00;50;0.00;1;0
21944;0.00;50;0.00;1;0
21945;0.00;50;0.00;1;0
21946;0.00;50;0.00;1;0
21947;6236.56;50;0.00;1;0
21948;6627.57;50;0.62;1;0
21949;0.00;50;0.66;1;0
21950;0.00;50;0.00;1;0
21951;5884.65;50;0.00;1;0
21952;6324.54;50;0.59;1;0
21953;6168.13;50;0.63;1;0
21954;6471.16;50;0.62;1;0
21955;5913.98;50;0.65;1;0
21956;6529.81;50;0.59;1;0
21957;6099.71;50;0.65;1;0
21958;6979.47;50;0.61;1;0
21959;6285.44;50;0.70;1;0
21960;6774.19;50;0.63;1;0
21961;6089.93;50;0.68;1;0
21962;6881.72;50;0.61;1;0
21963;6089.93;50;0.69;1;0
21964;6432.06;50;0.61;1;0
21965;5786.90;50;0.64;1;0
21966;6598.24;50;0.58;1;0
21967;6226.78;50;0.66;1;0
21968;7038.12;50;0.62;1;0
21969;6129.03;50;0.70;1;0
21970;6715.54;50;0.61;1;0
21971;6353.86;50;0.67;1;0
21972;6823.07;50;0.64;1;0
21973;5679.37;50;0.68;1;0
21974;6500.49;50;0.57;1;0
21975;5845.55;50;0.65;1;0
21976;6432.06;50;0.58;1;0
21977;5933.53;50;0.64;1;0
21978;6461.39;50;0.59;1;0
21979;5913.98;50;0.65;1;0
21980;6490.71;50;0.59;1;0
21981;6070.38;50;0.65;1;0
21982;6373.41;50;0.61;1;0
21983;6060.61;50;0.64;1;0
21984;6568.92;50;0.61;1;0
21985;6099.71;50;0.66;1;0
21986;6891.50;50;0.61;1;0
21987;6060.61;50;0.69;1;0
21988;6754.64;50;0.61;1;0
21989;6324.54;50;0.68;1;0
21990;6832.84;50;0.63;1;0
21991;6383.19;50;0.68;1;0
21992;6842.62;50;0.64;1;0
21993;6490.71;50;0.68;1;0
21994;6715.54;50;0.65;1;0
21995;6549.36;50;0.67;1;0
21996;7038.12;50;0.65;1;0
21997;6461.39;50;0.70;1;0
21998;6793.74;50;0.65;1;0
21999;6353.86;50;0.68;1;0
22000;6744.87;50;0.64;1;0
22001;6373.41;50;0.67;1;0
22002;6608.02;50;0.64;1;0
22003;6392.96;50;0.66;1;0
22004;6666.67;50;0.64;1;0
22005;6080.16;50;0.67;1;0
22006;6490.71;50;0.61;1;0
22007;6236.56;50;0.65;1;0
22008;6559.14;50;0.62;1;0
22009;6080.16;50;0.66;1;0
22010;6246.33;50;0.61;1;0
22011;6207.23;50;0.62;1;0
22012;6070.38;50;0.62;1;0
22013;6265.88;50;0.61;1;0
22014;6217.01;50;0.63;1;0
22015;6480.94;50;0.62;1;0
22016;6314.76;50;0.65;1;0
22017;6500.49;50;0.63;1;0
22018;6275.66;50;0.65;1;0
22019;6568.92;50;0.63;1;0
22020;6148.58;50;0.66;1;0
22021;6608.02;50;0.61;1;0
22022;6363.64;50;0.66;1;0
22023;6559.14;50;0.64;1;0
22024;6373.41;50;0.66;1;0
22025;0.00;50;0.64;1;0
22026;0.00;50;0.00;1;0
22027;0.00;50;0.00;1;0
22028;0.00;50;0.00;1;0
22029;0.00;50;0.00;1;0
22030;6070.38;50;0.00;1;0
22031;6480.94;50;0.61;1;0
22032;6060.61;50;0.65;1;0
22033;6236.56;50;0.61;1;0
22034;6011.73;50;0.62;1;0
22035;6148.58;50;0.60;1;0
22036;6050.83;50;0.61;1;0
22037;5884.65;50;0.61;1;0
22038;5757.58;50;0.59;1;0
22039;6236.56;50;0.58;1;0
22040;5757.58;50;0.62;1;0
22041;6021.51;50;0.58;1;0
22042;5767.35;50;0.60;1;0
22043;6666.67;50;0.58;1;0
22044;5826.00;50;0.67;1;0
22045;6089.93;50;0.58;1;0
22046;6617.79;50;0.61;1;0
22047;8709.68;50;0.66;1;0
22048;8093.84;50;0.87;1;0
22049;8983.38;50;0.81;1;0
22050;8005.87;50;0.90;1;0
22051;8866.08;50;0.80;1;0
22052;8504.40;50;0.89;1;0
22053;9335.29;50;0.85;1;0
22054;9677.42;50;0.93;1;1
22055;10606.06;50;0.97;1;1
22056;10899.32;50;1.06;1;1
22057;11436.95;50;1.09;1;1
22058;9824.05;50;1.14;1;1
22059;11681.33;50;0.98;1;1
22060;9042.03;50;1.17;1;1
22061;9579.67;50;0.90;1;1
22062;9335.29;50;0.96;1;1
22063;9579.67;50;0.93;1;1
22064;8064.52;50;0.96;1;1
22065;1720.43;50;0.81;1;0
22066;6578.69;50;0.17;1;0
22067;7067.45;50;0.66;1;0
22068;7057.67;50;0.71;1;0
22069;7898.34;50;0.71;1;0
22070;6529.81;50;0.79;1;0
22071;7409.58;50;0.65;1;0
22072;7292.28;50;0.74;1;0
22073;8602.15;50;0.73;1;0
22074;7184.75;50;0.86;1;0
22075;7722.39;50;0.72;1;0
22076;8543.50;50;0.77;1;0
22077;8905.18;50;0.85;1;0
22078;8318.67;50;0.89;1;0
22079;8729.23;50;0.83;1;0
22080;8035.19;50;0.87;1;0
22081;8602.15;50;0.80;1;0
22082;8250.24;50;0.86;1;0
22083;9159.34;50;0.83;1;0
22084;10654.94;50;0.92;1;1
22085;11241.45;50;1.07;1;1
22086;10654.94;50;1.12;1;1
22087;11974.58;50;1.07;1;1
22088;10997.07;50;1.20;1;1
22089;11388.07;50;1.10;1;1
22090;11534.70;50;1.14;1;1
22091;12463.34;50;1.15;1;1
22092;11534.70;50;1.25;1;1
22093;11925.71;50;1.15;1;1
22094;11094.82;50;1.19;1;1
22095;11925.71;50;1.11;1;1
22096;10752.69;50;1.19;1;1
22097;11681.33;50;1.08;1;1
22098;11094.82;50;1.17;1;1
22099;12365.59;50;1.11;1;1
22100;11534.70;50;1.24;1;1
22101;12023.46;50;1.15;1;1
22102;11192.57;50;1.20;1;1
22103;11534.70;50;1.12;1;1
22104;11094.82;50;1.15;1;1
22105;11925.71;50;1.11;1;1
22106;11632.45;50;1.19;1;1
22107;11827.96;50;1.16;1;1
22108;11094.82;50;1.18;1;1
22109;12414.47;50;1.11;1;1
22110;11143.70;50;1.24;1;1
22111;12561.09;50;1.11;1;1
22112;12170.09;50;1.26;1;1
22113;13049.85;50;1.22;1;1
22114;12609.97;50;1.30;1;1
22115;13538.61;50;1.26;1;1
22116;12952.10;50;1.35;1;1
22117;12267.84;50;1.30;1;1
22118;11681.33;50;1.23;1;1
22119;12707.72;50;1.17;1;1
22120;11730.21;50;1.27;1;1
22121;12658.85;50;1.17;1;1
22122;12414.47;50;1.27;1;1
22123;12658.85;50;1.24;1;1
22124;12365.59;50;1.27;1;1
22125;13294.23;50;1.24;1;1
22126;12854.35;50;1.33;1;1
22127;13685.24;50;1.29;1;1
22128;12512.22;50;1.37;1;1
22129;13685.24;50;1.25;1;1
22130;13587.49;50;1.37;1;1
22131;14418.38;50;1.36;1;1
22132;14125.12;50;1.44;1;1
22133;14565.00;50;1.41;1;1
22134;13294.23;50;1.46;1;1
22135;14565.00;50;1.33;1;1
22136;13538.61;50;1.46;1;1
22137;14418.38;50;1.35;1;1
22138;13391.98;50;1.44;1;1
22139;13636.36;50;1.34;1;1
22140;13782.99;50;1.36;1;1
22141;14858.26;50;1.38;1;1
22142;15102.64;50;1.49;1;1
22143;15444.77;50;1.51;1;1
22144;15053.76;50;1.54;1;1
22145;14369.50;50;1.51;1;1
22146;15249.27;50;1.44;1;1
22147;15542.52;50;1.52;1;1
22148;15200.39;50;1.55;1;1
22149;15738.03;50;1.52;1;1
22150;15102.64;50;1.57;1;1
22151;14662.76;50;1.51;1;1
22152;14418.38;50;1.47;1;1
22153;14369.50;50;1.44;1;1
22154;14076.25;50;1.44;1;1
22155;15004.89;50;1.41;1;1
22156;14320.63;50;1.50;1;1
22157;14516.13;50;1.43;1;1
22158;14271.75;50;1.45;1;1
22159;15249.27;50;1.43;1;1
22160;14565.00;50;1.52;1;1
22161;14467.25;50;1.46;1;1
22162;14662.76;50;1.45;1;1
22163;14711.63;50;1.47;1;1
22164;14271.75;50;1.47;1;1
22165;15249.27;50;1.43;1;1
22166;14125.12;50;1.52;1;1
22167;14613.88;50;1.41;1;1
22168;14369.50;50;1.46;1;1
22169;14467.25;50;1.44;1;1
22170;13929.62;50;1.45;1;1
22171;13587.49;50;1.39;1;1
22172;13196.48;50;1.36;1;1
22173;13734.12;50;1.32;1;1
22174;14027.37;50;1.37;1;1
22175;13929.62;50;1.40;1;1
22176;13196.48;50;1.39;1;1
22177;12903.23;50;1.32;1;1
22178;14565.00;50;1.29;1;1
22179;14271.75;50;1.46;1;1
22180;13147.60;50;1.43;1;1
22181;14125.12;50;1.31;1;1
22182;13734.12;50;1.41;1;1
22183;14076.25;50;1.37;1;1
22184;13294.23;50;1.41;1;1
22185;13098.73;50;1.33;1;1
22186;13587.49;50;1.31;1;1
22187;13782.99;50;1.36;1;1
22188;13978.49;50;1.38;1;1
22189;13636.36;50;1.40;1;1
22190;13440.86;50;1.36;1;1
22191;13782.99;50;1.34;1;1
22192;13587.49;50;1.38;1;1
22193;13782.99;50;1.36;1;1
22194;13831.87;50;1.38;1;1
22195;14222.87;50;1.38;1;1
22196;13440.86;50;1.42;1;1
22197;13734.12;50;1.34;1;1
22198;12952.10;50;1.37;1;1
22199;14222.87;50;1.30;1;1
22200;14027.37;50;1.42;1;1
22201;14125.12;50;1.40;1;1
22202;14467.25;50;1.41;1;1
22203;14222.87;50;1.45;1;1
22204;14320.63;50;1.42;1;1
22205;14809.38;50;1.43;1;1
22206;14516.13;50;1.48;1;1
22207;15395.89;50;1.45;1;1
22208;15102.64;50;1.54;1;1
22209;15395.89;50;1.51;1;1
22210;15151.51;50;1.54;1;1
22211;15542.52;50;1.52;1;1
22212;15151.51;50;1.55;1;1
22213;15102.64;50;1.52;1;1
22214;15395.89;50;1.51;1;1
22215;15151.51;50;1.54;1;1
22216;14711.63;50;1.52;1;1
22217;13831.87;50;1.47;1;1
22218;14076.25;50;1.38;1;1
22219;14613.88;50;1.41;1;1
22220;15151.51;50;1.46;1;1
22221;14369.50;50;1.52;1;1
22222;14076.25;50;1.44;1;1
22223;13831.87;50;1.41;1;1
22224;15249.27;50;1.38;1;1
22225;15249.27;50;1.52;1;1
22226;14369.50;50;1.52;1;1
22227;14271.75;50;1.44;1;1
22228;15249.27;50;1.43;1;1
22229;14809.38;50;1.52;1;1
22230;15444.77;50;1.48;1;1
22231;15200.39;50;1.54;1;1
22232;15689.15;50;1.52;1;1
22233;15004.89;50;1.57;1;1
22234;15200.39;50;1.50;1;1
22235;15249.27;50;1.52;1;1
22236;15493.65;50;1.52;1;1
22237;15493.65;50;1.55;1;1
22238;15982.40;50;1.55;1;1
22239;15738.03;50;1.60;1;1
22240;16177.91;50;1.57;1;1
22241;15835.78;50;1.62;1;1
22242;15493.65;50;1.58;1;1
22243;15053.76;50;1.55;1;1
22244;16422.29;50;1.51;1;1
22245;15444.77;50;1.64;1;1
22246;15786.90;50;1.54;1;1
22247;15395.89;50;1.58;1;1
22248;15542.52;50;1.54;1;1
22249;15200.39;50;1.55;1;1
22250;16422.29;50;1.52;1;1
22251;16324.54;50;1.64;1;1
22252;16422.29;50;1.63;1;1
22253;15982.40;50;1.64;1;1
22254;15738.03;50;1.60;1;1
22255;15444.77;50;1.57;1;1
22256;15200.39;50;1.54;1;1
22257;15298.14;50;1.52;1;1
22258;15444.77;50;1.53;1;1
22259;15444.77;50;1.54;1;1
22260;15689.15;50;1.54;1;1
22261;15689.15;50;1.57;1;1
22262;14711.63;50;1.57;1;1
22263;14956.01;50;1.47;1;1
22264;15004.89;50;1.50;1;1
22265;15689.15;50;1.50;1;1
22266;14858.26;50;1.57;1;1
22267;14565.00;50;1.49;1;1
22268;15249.27;50;1.46;1;1
22269;15249.27;50;1.52;1;1
22270;15884.65;50;1.52;1;1
22271;15640.27;50;1.59;1;1
22272;15982.40;50;1.56;1;1
22273;15395.89;50;1.60;1;1
22274;16226.78;50;1.54;1;1
22275;15200.39;50;1.62;1;1
22276;15591.40;50;1.52;1;1
22277;15786.90;50;1.56;1;1
22278;15933.53;50;1.58;1;1
22279;15249.27;50;1.59;1;1
22280;16129.03;50;1.52;1;1
22281;15689.15;50;1.61;1;1
22282;16568.91;50;1.57;1;1
22283;15786.90;50;1.66;1;1
22284;17204.30;50;1.58;1;1
22285;14809.38;50;1.72;1;1
22286;15347.02;50;1.48;1;1
22287;14858.26;50;1.53;1;1
22288;15395.89;50;1.49;1;1
22289;15004.89;50;1.54;1;1
22290;16324.54;50;1.50;1;1
22291;14809.38;50;1.63;1;1
22292;16080.16;50;1.48;1;1
22293;15591.40;50;1.61;1;1
22294;15738.03;50;1.56;1;1
22295;15493.65;50;1.57;1;1
22296;16031.28;50;1.55;1;1
22297;15493.65;50;1.60;1;1
22298;15591.40;50;1.55;1;1
22299;15053.76;50;1.56;1;1
22300;15689.15;50;1.51;1;1
22301;15102.64;50;1.57;1;1
22302;15298.14;50;1.51;1;1
22303;15151.51;50;1.53;1;1
22304;15493.65;50;1.52;1;1
22305;14858.26;50;1.55;1;1
22306;15347.02;50;1.49;1;1
22307;14369.50;50;1.53;1;1
22308;14760.51;50;1.44;1;1
22309;14369.50;50;1.48;1;1
22310;15298.14;50;1.44;1;1
22311;16226.78;50;1.53;1;1
22312;16813.29;50;1.62;1;1
22313;14858.26;50;1.68;1;1
22314;16568.91;50;1.49;1;1
22315;16129.03;50;1.66;1;1
22316;15347.02;50;1.61;1;1
22317;14858.26;50;1.53;1;1
22318;16177.91;50;1.49;1;1
22319;15151.51;50;1.62;1;1
22320;15395.89;50;1.52;1;1
22321;15151.51;50;1.54;1;1
22322;16275.66;50;1.52;1;1
22323;16324.54;50;1.63;1;1
22324;16324.54;50;1.63;1;1
22325;16080.16;50;1.63;1;1
22326;16324.54;50;1.61;1;1
22327;16080.16;50;1.63;1;1
22328;16129.03;50;1.61;1;1
22329;15738.03;50;1.61;1;1
22330;15884.65;50;1.57;1;1
22331;15102.64;50;1.59;1;1
22332;15591.40;50;1.51;1;1
22333;14662.76;50;1.56;1;1
22334;15738.03;50;1.47;1;1
22335;15249.27;50;1.57;1;1
22336;15395.89;50;1.52;1;1
22337;15053.76;50;1.54;1;1
22338;15640.27;50;1.51;1;1
22339;15151.51;50;1.56;1;1
22340;15493.65;50;1.52;1;1
22341;15004.89;50;1.55;1;1
22342;15689.15;50;1.50;1;1
22343;15249.27;50;1.57;1;1
22344;14907.14;50;1.52;1;1
22345;14320.63;50;1.49;1;1
22346;15004.89;50;1.43;1;1
22347;14271.75;50;1.50;1;1
22348;14662.76;50;1.43;1;1
22349;13929.62;50;1.47;1;1
22350;14613.88;50;1.39;1;1
22351;14809.38;50;1.46;1;1
22352;15200.39;50;1.48;1;1
22353;15542.52;50;1.52;1;1
22354;15786.90;50;1.55;1;1
22355;16129.03;50;1.58;1;1
22356;15738.03;50;1.61;1;1
22357;14565.00;50;1.57;1;1
22358;15395.89;50;1.46;1;1
22359;15689.15;50;1.54;1;1
22360;15053.76;50;1.57;1;1
22361;14320.63;50;1.51;1;1
22362;14418.38;50;1.43;1;1
22363;14467.25;50;1.44;1;1
22364;14076.25;50;1.45;1;1
22365;13880.74;50;1.41;1;1
22366;15249.27;50;1.39;1;1
22367;13049.85;50;1.52;1;1
22368;15835.78;50;1.30;1;1
22369;14125.12;50;1.58;1;1
22370;14956.01;50;1.41;1;1
22371;14174.00;50;1.50;1;1
22372;14760.51;50;1.42;1;1
22373;15004.89;50;1.48;1;1
22374;13489.74;50;1.50;1;1
22375;14662.76;50;1.35;1;1
22376;14516.13;50;1.47;1;1
22377;14760.51;50;1.45;1;1
22378;15004.89;50;1.48;1;1
22379;14565.00;50;1.50;1;1
22380;15004.89;50;1.46;1;1
22381;14809.38;50;1.50;1;1
22382;15298.14;50;1.48;1;1
22383;14027.37;50;1.53;1;1
22384;15102.64;50;1.40;1;1
22385;13978.49;50;1.51;1;1
22386;15102.64;50;1.40;1;1
22387;13831.87;50;1.51;1;1
22388;14320.63;50;1.38;1;1
22389;13489.74;50;1.43;1;1
22390;14222.87;50;1.35;1;1
22391;13587.49;50;1.42;1;1
22392;14125.12;50;1.36;1;1
22393;13831.87;50;1.41;1;1
22394;15591.40;50;1.38;1;1
22395;14956.01;50;1.56;1;1
22396;14565.00;50;1.50;1;1
22397;14809.38;50;1.46;1;1
22398;14613.88;50;1.48;1;1
22399;14613.88;50;1.46;1;1
22400;14516.13;50;1.46;1;1
22401;14711.63;50;1.45;1;1
22402;15053.76;50;1.47;1;1
22403;15004.89;50;1.51;1;1
22404;16568.91;50;1.50;1;1
22405;15933.53;50;1.66;1;1
22406;16031.28;50;1.59;1;1
22407;15347.02;50;1.60;1;1
22408;15004.89;50;1.53;1;1
22409;15640.27;50;1.50;1;1
22410;16226.78;50;1.56;1;1
22411;14956.01;50;1.62;1;1
22412;15347.02;50;1.50;1;1
22413;15493.65;50;1.53;1;1
22414;15249.27;50;1.55;1;1
22415;15640.27;50;1.52;1;1
22416;15102.64;50;1.56;1;1
22417;15347.02;50;1.51;1;1
22418;15249.27;50;1.53;1;1
22419;15004.89;50;1.52;1;1
22420;14760.51;50;1.50;1;1
22421;14711.63;50;1.48;1;1
22422;14320.63;50;1.47;1;1
22423;14711.63;50;1.43;1;1
22424;14809.38;50;1.47;1;1
22425;15933.53;50;1.48;1;1
22426;15395.89;50;1.59;1;1
22427;14516.13;50;1.54;1;1
22428;15004.89;50;1.45;1;1
22429;15298.14;50;1.50;1;1
22430;15444.77;50;1.53;1;1
22431;15982.40;50;1.54;1;1
22432;15689.15;50;1.60;1;1
22433;15884.65;50;1.57;1;1
22434;14809.38;50;1.59;1;1
22435;14369.50;50;1.48;1;1
22436;14516.13;50;1.44;1;1
22437;14858.26;50;1.45;1;1
22438;14467.25;50;1.49;1;1
22439;14907.14;50;1.45;1;1
22440;15004.89;50;1.49;1;1
22441;15298.14;50;1.50;1;1
22442;14858.26;50;1.53;1;1
22443;15493.65;50;1.49;1;1
22444;14662.76;50;1.55;1;1
22445;15444.77;50;1.47;1;1
22446;14516.13;50;1.54;1;1
22447;14467.25;50;1.45;1;1
22448;14565.00;50;1.45;1;1
22449;15102.64;50;1.46;1;1
22450;14467.25;50;1.51;1;1
22451;15249.27;50;1.45;1;1
22452;15738.03;50;1.52;1;1
22453;15884.65;50;1.57;1;1
22454;14858.26;50;1.59;1;1
22455;14907.14;50;1.49;1;1
22456;14418.38;50;1.49;1;1
22457;14711.63;50;1.44;1;1
22458;14467.25;50;1.47;1;1
22459;15835.78;50;1.45;1;1
22460;14662.76;50;1.58;1;1
22461;15151.51;50;1.47;1;1
22462;14711.63;50;1.52;1;1
22463;13880.74;50;1.47;1;1
22464;14271.75;50;1.39;1;1
22465;14271.75;50;1.43;1;1
22466;13734.12;50;1.43;1;1
22467;13685.24;50;1.37;1;1
22468;13489.74;50;1.37;1;1
22469;13636.36;50;1.35;1;1
22470;13391.98;50;1.36;1;1
22471;13929.62;50;1.34;1;1
22472;13098.73;50;1.39;1;1
22473;14125.12;50;1.31;1;1
22474;13391.98;50;1.41;1;1
22475;13587.49;50;1.34;1;1
22476;13489.74;50;1.36;1;1
22477;13098.73;50;1.35;1;1
22478;13098.73;50;1.31;1;1
22479;13196.48;50;1.31;1;1
22480;13782.99;50;1.32;1;1
22481;13391.98;50;1.38;1;1
22482;13391.98;50;1.34;1;1
22483;13782.99;50;1.34;1;1
22484;13734.12;50;1.38;1;1
22485;14320.63;50;1.37;1;1
22486;13782.99;50;1.43;1;1
22487;13831.87;50;1.38;1;1
22488;12805.47;50;1.38;1;1
22489;11730.21;50;1.28;1;1
22490;13343.11;50;1.17;1;1
22491;13587.49;50;1.33;1;1
22492;12952.10;50;1.36;1;1
22493;13489.74;50;1.30;1;1
22494;12707.72;50;1.35;1;1
22495;13343.11;50;1.27;1;1
22496;12267.84;50;1.33;1;1
22497;13098.73;50;1.23;1;1
22498;12463.34;50;1.31;1;1
22499;13294.23;50;1.25;1;1
22500;12414.47;50;1.33;1;1
22501;13245.36;50;1.24;1;1
22502;13000.98;50;1.32;1;1
22503;13440.86;50;1.30;1;1
22504;12805.47;50;1.34;1;1
22505;13391.98;50;1.28;1;1
22506;13049.85;50;1.34;1;1
22507;13049.85;50;1.30;1;1
22508;12658.85;50;1.30;1;1
22509;13782.99;50;1.27;1;1
22510;14125.12;50;1.38;1;1
22511;13636.36;50;1.41;1;1
22512;12903.23;50;1.36;1;1
22513;14369.50;50;1.29;1;1
22514;13587.49;50;1.44;1;1
22515;14711.63;50;1.36;1;1
22516;13000.98;50;1.47;1;1
22517;14027.37;50;1.30;1;1
22518;12658.85;50;1.40;1;1
22519;13049.85;50;1.27;1;1
22520;12463.34;50;1.30;1;1
22521;13978.49;50;1.25;1;1
22522;14613.88;50;1.40;1;1
22523;15004.89;50;1.46;1;1
22524;13538.61;50;1.50;1;1
22525;15298.14;50;1.35;1;1
22526;14369.50;50;1.53;1;1
22527;15004.89;50;1.44;1;1
22528;13440.86;50;1.50;1;1
22529;13880.74;50;1.34;1;1
22530;13734.12;50;1.39;1;1
22531;13978.49;50;1.37;1;1
22532;12756.60;50;1.40;1;1
22533;13587.49;50;1.28;1;1
22534;13245.36;50;1.36;1;1
22535;14907.14;50;1.32;1;1
22536;14174.00;50;1.49;1;1
22537;14858.26;50;1.42;1;1
22538;11779.08;50;1.49;1;1
22539;12609.97;50;1.18;1;1
22540;11485.83;50;1.26;1;1
22541;12218.96;50;1.15;1;1
22542;12609.97;50;1.22;1;1
22543;12707.72;50;1.26;1;1
22544;12561.09;50;1.27;1;1
22545;11436.95;50;1.26;1;1
22546;11094.82;50;1.14;1;1
22547;12756.60;50;1.11;1;1
22548;10606.06;50;1.28;1;1
22549;12952.10;50;1.06;1;1
22550;12170.09;50;1.30;1;1
22551;13147.60;50;1.22;1;1
22552;11779.08;50;1.31;1;1
22553;12023.46;50;1.18;1;1
22554;11339.20;50;1.20;1;1
22555;11583.58;50;1.13;1;1
22556;10850.44;50;1.16;1;1
22557;12023.46;50;1.09;1;1
22558;11730.21;50;1.20;1;1
22559;12903.23;50;1.17;1;1
22560;12316.71;50;1.29;1;1
22561;11436.95;50;1.23;1;1
22562;11485.83;50;1.14;1;1
22563;13000.98;50;1.15;1;1
22564;11290.32;50;1.30;1;1
22565;11436.95;50;1.13;1;1
22566;11094.82;50;1.14;1;1
22567;13049.85;50;1.11;1;1
22568;11485.83;50;1.30;1;1
22569;12512.22;50;1.15;1;1
22570;11583.58;50;1.25;1;1
22571;12609.97;50;1.16;1;1
