2;33235.58;50;3.32;1;1
3;33186.71;50;3.32;1;1
4;33186.71;50;3.32;1;1
5;33186.71;50;3.32;1;1
6;33235.58;50;3.32;1;1
7;33186.71;50;3.32;1;1
8;33235.58;50;3.32;1;1
9;33186.71;50;3.32;1;1
10;33235.58;50;3.32;1;1
11;33186.71;50;3.32;1;1
12;33235.58;50;3.32;1;1
13;33186.71;50;3.32;1;1
14;33235.58;50;3.32;1;1
15;33186.71;50;3.32;1;1
16;33186.71;50;3.32;1;1
17;33186.71;50;3.32;1;1
18;33186.71;50;3.32;1;1
19;33186.71;50;3.32;1;1
20;33235.58;50;3.32;1;1
21;33186.71;50;3.32;1;1
22;33235.58;50;3.32;1;1
23;33186.71;50;3.32;1;1
24;33186.71;50;3.32;1;1
25;33186.71;50;3.32;1;1
26;33186.71;50;3.32;1;1
27;33186.71;50;3.32;1;1
28;33186.71;50;3.32;1;1
29;33186.71;50;3.32;1;1
30;33235.58;50;3.32;1;1
31;33186.71;50;3.32;1;1
32;33235.58;50;3.32;1;1
33;33186.71;50;3.32;1;1
34;33186.71;50;3.32;1;1
35;33186.71;50;3.32;1;1
36;33235.58;50;3.32;1;1
37;33186.71;50;3.32;1;1
38;33186.71;50;3.32;1;1
39;33186.71;50;3.32;1;1
40;33235.58;50;3.32;1;1
41;33186.71;50;3.32;1;1
42;33235.58;50;3.32;1;1
43;33186.71;50;3.32;1;1
44;33235.58;50;3.32;1;1
45;33186.71;50;3.32;1;1
46;33235.58;50;3.32;1;1
47;33186.71;50;3.32;1;1
48;33235.58;50;3.32;1;1
49;33186.71;50;3.32;1;1
50;33235.58;50;3.32;1;1
51;33186.71;50;3.32;1;1
52;33186.71;50;3.32;1;1
53;33186.71;50;3.32;1;1
54;33235.58;50;3.32;1;1
55;33186.71;50;3.32;1;1
56;33186.71;50;3.32;1;1
57;33186.71;50;3.32;1;1
58;33235.58;50;3.32;1;1
59;33186.71;50;3.32;1;1
60;33235.58;50;3.32;1;1
61;33186.71;50;3.32;1;1
62;33235.58;50;3.32;1;1
63;33186.71;50;3.32;1;1
64;33186.71;50;3.32;1;1
65;33186.71;50;3.32;1;1
66;33186.71;50;3.32;1;1
67;33186.71;50;3.32;1;1
68;33186.71;50;3.32;1;1
69;33186.71;50;3.32;1;1
70;33186.71;50;3.32;1;1
71;33186.71;50;3.32;1;1
72;33186.71;50;3.32;1;1
73;33186.71;50;3.32;1;1
74;33186.71;50;3.32;1;1
75;33186.71;50;3.32;1;1
76;33186.71;50;3.32;1;1
77;33235.58;50;3.32;1;1
78;33186.71;50;3.32;1;1
79;33235.58;50;3.32;1;1
80;33186.71;50;3.32;1;1
81;33235.58;50;3.32;1;1
82;33186.71;50;3.32;1;1
83;33235.58;50;3.32;1;1
84;33186.71;50;3.32;1;1
85;33235.58;50;3.32;1;1
86;33186.71;50;3.32;1;1
87;33235.58;50;3.32;1;1
88;33186.71;50;3.32;1;1
89;33235.58;50;3.32;1;1
90;33186.71;50;3.32;1;1
91;33235.58;50;3.32;1;1
92;33186.71;50;3.32;1;1
93;33235.58;50;3.32;1;1
94;33186.71;50;3.32;1;1
95;33235.58;50;3.32;1;1
96;33186.71;50;3.32;1;1
97;33186.71;50;3.32;1;1
98;33186.71;50;3.32;1;1
99;33186.71;50;3.32;1;1
100;33186.71;50;3.32;1;1
101;33235.58;50;3.32;1;1
102;33186.71;50;3.32;1;1
103;33235.58;50;3.32;1;1
104;33186.71;50;3.32;1;1
105;33235.58;50;3.32;1;1
106;33186.71;50;3.32;1;1
107;33235.58;50;3.32;1;1
108;33186.71;50;3.32;1;1
109;33235.58;50;3.32;1;1
110;33186.71;50;3.32;1;1
111;33235.58;50;3.32;1;1
112;33186.71;50;3.32;1;1
113;33235.58;50;3.32;1;1
114;33186.71;50;3.32;1;1
115;33235.58;50;3.32;1;1
116;33186.71;50;3.32;1;1
117;33186.71;50;3.32;1;1
118;33186.71;50;3.32;1;1
119;33235.58;50;3.32;1;1
120;33186.71;50;3.32;1;1
121;33235.58;50;3.32;1;1
122;33186.71;50;3.32;1;1
123;33235.58;50;3.32;1;1
124;33186.71;50;3.32;1;1
125;33186.71;50;3.32;1;1
126;33186.71;50;3.32;1;1
127;33235.58;50;3.32;1;1
128;33186.71;50;3.32;1;1
129;33235.58;50;3.32;1;1
130;33186.71;50;3.32;1;1
131;33235.58;50;3.32;1;1
132;33186.71;50;3.32;1;1
133;33235.58;50;3.32;1;1
134;33186.71;50;3.32;1;1
135;33235.58;50;3.32;1;1
136;33186.71;50;3.32;1;1
137;33235.58;50;3.32;1;1
138;33186.71;50;3.32;1;1
139;33235.58;50;3.32;1;1
140;33186.71;50;3.32;1;1
141;33235.58;50;3.32;1;1
142;33186.71;50;3.32;1;1
143;33235.58;50;3.32;1;1
144;33186.71;50;3.32;1;1
145;33235.58;50;3.32;1;1
146;33186.71;50;3.32;1;1
147;33235.58;50;3.32;1;1
148;33186.71;50;3.32;1;1
149;33235.58;50;3.32;1;1
150;33186.71;50;3.32;1;1
151;33235.58;50;3.32;1;1
152;33186.71;50;3.32;1;1
153;33235.58;50;3.32;1;1
154;33186.71;50;3.32;1;1
155;33235.58;50;3.32;1;1
156;33186.71;50;3.32;1;1
157;33235.58;50;3.32;1;1
158;33186.71;50;3.32;1;1
159;33235.58;50;3.32;1;1
160;33186.71;50;3.32;1;1
161;33235.58;50;3.32;1;1
162;33186.71;50;3.32;1;1
163;33235.58;50;3.32;1;1
164;33186.71;50;3.32;1;1
165;33235.58;50;3.32;1;1
166;33186.71;50;3.32;1;1
167;33235.58;50;3.32;1;1
168;33186.71;50;3.32;1;1
169;33186.71;50;3.32;1;1
170;33186.71;50;3.32;1;1
171;33186.71;50;3.32;1;1
172;33186.71;50;3.32;1;1
173;33235.58;50;3.32;1;1
174;33186.71;50;3.32;1;1
175;33235.58;50;3.32;1;1
176;33186.71;50;3.32;1;1
177;33186.71;50;3.32;1;1
178;33186.71;50;3.32;1;1
179;33235.58;50;3.32;1;1
180;33186.71;50;3.32;1;1
181;33186.71;50;3.32;1;1
182;33186.71;50;3.32;1;1
183;33186.71;50;3.32;1;1
184;33186.71;50;3.32;1;1
185;33186.71;50;3.32;1;1
186;33186.71;50;3.32;1;1
187;33186.71;50;3.32;1;1
188;33186.71;50;3.32;1;1
189;33186.71;50;3.32;1;1
190;33186.71;50;3.32;1;1
191;33186.71;50;3.32;1;1
192;33186.71;50;3.32;1;1
193;33186.71;50;3.32;1;1
194;33235.58;50;3.32;1;1
195;33186.71;50;3.32;1;1
196;33186.71;50;3.32;1;1
197;33186.71;50;3.32;1;1
198;33186.71;50;3.32;1;1
199;33186.71;50;3.32;1;1
200;33235.58;50;3.32;1;1
201;33186.71;50;3.32;1;1
202;33186.71;50;3.32;1;1
203;33186.71;50;3.32;1;1
204;33235.58;50;3.32;1;1
205;33186.71;50;3.32;1;1
206;33235.58;50;3.32;1;1
207;33186.71;50;3.32;1;1
208;33235.58;50;3.32;1;1
209;33186.71;50;3.32;1;1
210;33235.58;50;3.32;1;1
211;33186.71;50;3.32;1;1
212;33186.71;50;3.32;1;1
213;33186.71;50;3.32;1;1
214;33235.58;50;3.32;1;1
215;33186.71;50;3.32;1;1
216;33235.58;50;3.32;1;1
217;33186.71;50;3.32;1;1
218;33235.58;50;3.32;1;1
219;33186.71;50;3.32;1;1
220;33235.58;50;3.32;1;1
221;33186.71;50;3.32;1;1
222;33235.58;50;3.32;1;1
223;33186.71;50;3.32;1;1
224;33235.58;50;3.32;1;1
225;33186.71;50;3.32;1;1
226;33186.71;50;3.32;1;1
227;33186.71;50;3.32;1;1
228;33235.58;50;3.32;1;1
229;33186.71;50;3.32;1;1
230;33235.58;50;3.32;1;1
231;33186.71;50;3.32;1;1
232;33186.71;50;3.32;1;1
233;33186.71;50;3.32;1;1
234;33235.58;50;3.32;1;1
235;33186.71;50;3.32;1;1
236;33235.58;50;3.32;1;1
237;33186.71;50;3.32;1;1
238;33186.71;50;3.32;1;1
239;33186.71;50;3.32;1;1
240;33235.58;50;3.32;1;1
241;33186.71;50;3.32;1;1
242;33235.58;50;3.32;1;1
243;33186.71;50;3.32;1;1
244;33186.71;50;3.32;1;1
245;33186.71;50;3.32;1;1
246;33235.58;50;3.32;1;1
247;33186.71;50;3.32;1;1
248;33235.58;50;3.32;1;1
249;33186.71;50;3.32;1;1
250;33235.58;50;3.32;1;1
251;33186.71;50;3.32;1;1
252;33235.58;50;3.32;1;1
253;33186.71;50;3.32;1;1
254;33186.71;50;3.32;1;1
255;33186.71;50;3.32;1;1
256;33235.58;50;3.32;1;1
257;33186.71;50;3.32;1;1
258;33235.58;50;3.32;1;1
259;33186.71;50;3.32;1;1
260;33235.58;50;3.32;1;1
261;33186.71;50;3.32;1;1
262;33235.58;50;3.32;1;1
263;33186.71;50;3.32;1;1
264;33186.71;50;3.32;1;1
265;33186.71;50;3.32;1;1
266;33186.71;50;3.32;1;1
267;33186.71;50;3.32;1;1
268;33186.71;50;3.32;1;1
269;33186.71;50;3.32;1;1
270;33235.58;50;3.32;1;1
271;33186.71;50;3.32;1;1
272;33186.71;50;3.32;1;1
273;33186.71;50;3.32;1;1
274;33235.58;50;3.32;1;1
275;33186.71;50;3.32;1;1
276;33186.71;50;3.32;1;1
277;33186.71;50;3.32;1;1
278;33186.71;50;3.32;1;1
279;33186.71;50;3.32;1;1
280;33186.71;50;3.32;1;1
281;33186.71;50;3.32;1;1
282;33186.71;50;3.32;1;1
283;33186.71;50;3.32;1;1
284;33186.71;50;3.32;1;1
285;33186.71;50;3.32;1;1
286;33186.71;50;3.32;1;1
287;33186.71;50;3.32;1;1
288;33186.71;50;3.32;1;1
289;33186.71;50;3.32;1;1
290;33186.71;50;3.32;1;1
291;33186.71;50;3.32;1;1
292;33186.71;50;3.32;1;1
293;33186.71;50;3.32;1;1
294;33186.71;50;3.32;1;1
295;33186.71;50;3.32;1;1
296;33186.71;50;3.32;1;1
297;33186.71;50;3.32;1;1
298;33186.71;50;3.32;1;1
299;33235.58;50;3.32;1;1
300;33186.71;50;3.32;1;1
301;33235.58;50;3.32;1;1
302;33186.71;50;3.32;1;1
303;33186.71;50;3.32;1;1
304;33186.71;50;3.32;1;1
305;33235.58;50;3.32;1;1
306;33186.71;50;3.32;1;1
307;33186.71;50;3.32;1;1
308;33186.71;50;3.32;1;1
309;33235.58;50;3.32;1;1
310;33186.71;50;3.32;1;1
311;33235.58;50;3.32;1;1
312;33186.71;50;3.32;1;1
313;33235.58;50;3.32;1;1
314;33186.71;50;3.32;1;1
315;33235.58;50;3.32;1;1
316;33186.71;50;3.32;1;1
317;33235.58;50;3.32;1;1
318;33186.71;50;3.32;1;1
319;33235.58;50;3.32;1;1
320;33186.71;50;3.32;1;1
321;33235.58;50;3.32;1;1
322;33186.71;50;3.32;1;1
323;33235.58;50;3.32;1;1
324;33186.71;50;3.32;1;1
325;33235.58;50;3.32;1;1
326;33186.71;50;3.32;1;1
327;33235.58;50;3.32;1;1
328;33186.71;50;3.32;1;1
329;33235.58;50;3.32;1;1
330;33186.71;50;3.32;1;1
331;33235.58;50;3.32;1;1
332;33186.71;50;3.32;1;1
333;33235.58;50;3.32;1;1
334;33186.71;50;3.32;1;1
335;33235.58;50;3.32;1;1
336;33186.71;50;3.32;1;1
337;33235.58;50;3.32;1;1
338;33186.71;50;3.32;1;1
339;33235.58;50;3.32;1;1
340;33186.71;50;3.32;1;1
341;33235.58;50;3.32;1;1
342;33186.71;50;3.32;1;1
343;33235.58;50;3.32;1;1
344;33186.71;50;3.32;1;1
345;33235.58;50;3.32;1;1
346;33186.71;50;3.32;1;1
347;33235.58;50;3.32;1;1
348;33186.71;50;3.32;1;1
349;33186.71;50;3.32;1;1
350;33186.71;50;3.32;1;1
351;33186.71;50;3.32;1;1
352;33186.71;50;3.32;1;1
353;33235.58;50;3.32;1;1
354;33186.71;50;3.32;1;1
355;33186.71;50;3.32;1;1
356;33186.71;50;3.32;1;1
357;33235.58;50;3.32;1;1
358;33186.71;50;3.32;1;1
359;33235.58;50;3.32;1;1
360;33186.71;50;3.32;1;1
361;33186.71;50;3.32;1;1
362;33186.71;50;3.32;1;1
363;33235.58;50;3.32;1;1
364;33186.71;50;3.32;1;1
365;33235.58;50;3.32;1;1
366;33186.71;50;3.32;1;1
367;33235.58;50;3.32;1;1
368;33186.71;50;3.32;1;1
369;33235.58;50;3.32;1;1
370;33186.71;50;3.32;1;1
371;33235.58;50;3.32;1;1
372;33186.71;50;3.32;1;1
373;33186.71;50;3.32;1;1
374;33186.71;50;3.32;1;1
375;33235.58;50;3.32;1;1
376;33186.71;50;3.32;1;1
377;33186.71;50;3.32;1;1
378;33186.71;50;3.32;1;1
379;33186.71;50;3.32;1;1
380;33186.71;50;3.32;1;1
381;33186.71;50;3.32;1;1
382;33186.71;50;3.32;1;1
383;33235.58;50;3.32;1;1
384;33186.71;50;3.32;1;1
385;33235.58;50;3.32;1;1
386;33186.71;50;3.32;1;1
387;33235.58;50;3.32;1;1
388;33186.71;50;3.32;1;1
389;33235.58;50;3.32;1;1
390;33186.71;50;3.32;1;1
391;33235.58;50;3.32;1;1
392;33186.71;50;3.32;1;1
393;33186.71;50;3.32;1;1
394;33186.71;50;3.32;1;1
395;33186.71;50;3.32;1;1
396;33186.71;50;3.32;1;1
397;33186.71;50;3.32;1;1
398;33186.71;50;3.32;1;1
399;33186.71;50;3.32;1;1
400;33186.71;50;3.32;1;1
401;33186.71;50;3.32;1;1
402;33186.71;50;3.32;1;1
403;33186.71;50;3.32;1;1
404;33186.71;50;3.32;1;1
405;33186.71;50;3.32;1;1
406;33186.71;50;3.32;1;1
407;33186.71;50;3.32;1;1
408;33186.71;50;3.32;1;1
409;33186.71;50;3.32;1;1
410;33235.58;50;3.32;1;1
411;33186.71;50;3.32;1;1
412;33186.71;50;3.32;1;1
413;33186.71;50;3.32;1;1
414;33235.58;50;3.32;1;1
415;33186.71;50;3.32;1;1
416;33186.71;50;3.32;1;1
417;33186.71;50;3.32;1;1
418;33186.71;50;3.32;1;1
419;33186.71;50;3.32;1;1
420;33186.71;50;3.32;1;1
421;33186.71;50;3.32;1;1
422;33186.71;50;3.32;1;1
423;33186.71;50;3.32;1;1
424;33235.58;50;3.32;1;1
425;33186.71;50;3.32;1;1
426;33235.58;50;3.32;1;1
427;33186.71;50;3.32;1;1
428;33235.58;50;3.32;1;1
429;33186.71;50;3.32;1;1
430;33235.58;50;3.32;1;1
431;33186.71;50;3.32;1;1
432;33235.58;50;3.32;1;1
433;33186.71;50;3.32;1;1
434;33235.58;50;3.32;1;1
435;33186.71;50;3.32;1;1
436;33186.71;50;3.32;1;1
437;33186.71;50;3.32;1;1
438;33235.58;50;3.32;1;1
439;33186.71;50;3.32;1;1
440;33235.58;50;3.32;1;1
441;33186.71;50;3.32;1;1
442;33186.71;50;3.32;1;1
443;33186.71;50;3.32;1;1
444;33235.58;50;3.32;1;1
445;33186.71;50;3.32;1;1
446;33235.58;50;3.32;1;1
447;33186.71;50;3.32;1;1
448;33235.58;50;3.32;1;1
449;33186.71;50;3.32;1;1
450;33235.58;50;3.32;1;1
451;33186.71;50;3.32;1;1
452;33235.58;50;3.32;1;1
453;33186.71;50;3.32;1;1
454;33186.71;50;3.32;1;1
455;33186.71;50;3.32;1;1
456;33186.71;50;3.32;1;1
457;33186.71;50;3.32;1;1
458;33235.58;50;3.32;1;1
459;33186.71;50;3.32;1;1
460;33235.58;50;3.32;1;1
461;33186.71;50;3.32;1;1
462;33235.58;50;3.32;1;1
463;33186.71;50;3.32;1;1
464;33186.71;50;3.32;1;1
465;33186.71;50;3.32;1;1
466;33186.71;50;3.32;1;1
467;33186.71;50;3.32;1;1
468;33235.58;50;3.32;1;1
469;33186.71;50;3.32;1;1
470;33186.71;50;3.32;1;1
471;33186.71;50;3.32;1;1
472;33186.71;50;3.32;1;1
473;33186.71;50;3.32;1;1
474;33186.71;50;3.32;1;1
475;33186.71;50;3.32;1;1
476;33186.71;50;3.32;1;1
477;33186.71;50;3.32;1;1
478;33186.71;50;3.32;1;1
479;33186.71;50;3.32;1;1
480;33186.71;50;3.32;1;1
481;33186.71;50;3.32;1;1
482;33186.71;50;3.32;1;1
483;33186.71;50;3.32;1;1
484;33186.71;50;3.32;1;1
485;33186.71;50;3.32;1;1
486;33186.71;50;3.32;1;1
487;33186.71;50;3.32;1;1
488;33186.71;50;3.32;1;1
489;33186.71;50;3.32;1;1
490;33186.71;50;3.32;1;1
491;33186.71;50;3.32;1;1
492;33186.71;50;3.32;1;1
493;33186.71;50;3.32;1;1
494;33186.71;50;3.32;1;1
495;33186.71;50;3.32;1;1
496;33186.71;50;3.32;1;1
497;33186.71;50;3.32;1;1
498;33186.71;50;3.32;1;1
499;33186.71;50;3.32;1;1
500;33186.71;50;3.32;1;1
501;33186.71;50;3.32;1;1
502;33186.71;50;3.32;1;1
503;33186.71;50;3.32;1;1
504;33186.71;50;3.32;1;1
505;33186.71;50;3.32;1;1
506;33186.71;50;3.32;1;1
507;33186.71;50;3.32;1;1
508;33186.71;50;3.32;1;1
509;33235.58;50;3.32;1;1
510;33186.71;50;3.32;1;1
511;33235.58;50;3.32;1;1
512;33186.71;50;3.32;1;1
513;33186.71;50;3.32;1;1
514;33186.71;50;3.32;1;1
515;33186.71;50;3.32;1;1
516;33186.71;50;3.32;1;1
517;33186.71;50;3.32;1;1
518;33186.71;50;3.32;1;1
519;33235.58;50;3.32;1;1
520;33186.71;50;3.32;1;1
521;33235.58;50;3.32;1;1
522;33186.71;50;3.32;1;1
523;33186.71;50;3.32;1;1
524;33186.71;50;3.32;1;1
525;33235.58;50;3.32;1;1
526;33186.71;50;3.32;1;1
527;33235.58;50;3.32;1;1
528;33186.71;50;3.32;1;1
529;33235.58;50;3.32;1;1
530;33186.71;50;3.32;1;1
531;33235.58;50;3.32;1;1
532;33186.71;50;3.32;1;1
533;33235.58;50;3.32;1;1
534;33186.71;50;3.32;1;1
535;33235.58;50;3.32;1;1
536;33186.71;50;3.32;1;1
537;33235.58;50;3.32;1;1
538;33186.71;50;3.32;1;1
539;33186.71;50;3.32;1;1
540;33186.71;50;3.32;1;1
541;33235.58;50;3.32;1;1
542;33186.71;50;3.32;1;1
543;33235.58;50;3.32;1;1
544;33186.71;50;3.32;1;1
545;33235.58;50;3.32;1;1
546;33186.71;50;3.32;1;1
547;33235.58;50;3.32;1;1
548;33186.71;50;3.32;1;1
549;33235.58;50;3.32;1;1
550;33186.71;50;3.32;1;1
551;33235.58;50;3.32;1;1
552;33186.71;50;3.32;1;1
553;33235.58;50;3.32;1;1
554;33186.71;50;3.32;1;1
555;33186.71;50;3.32;1;1
556;33186.71;50;3.32;1;1
557;33235.58;50;3.32;1;1
558;33186.71;50;3.32;1;1
559;33186.71;50;3.32;1;1
560;33186.71;50;3.32;1;1
561;33186.71;50;3.32;1;1
562;33186.71;50;3.32;1;1
563;33186.71;50;3.32;1;1
564;33186.71;50;3.32;1;1
565;33186.71;50;3.32;1;1
566;33186.71;50;3.32;1;1
567;33186.71;50;3.32;1;1
568;33186.71;50;3.32;1;1
569;33186.71;50;3.32;1;1
570;33186.71;50;3.32;1;1
571;33186.71;50;3.32;1;1
572;33186.71;50;3.32;1;1
573;33186.71;50;3.32;1;1
574;33186.71;50;3.32;1;1
575;33186.71;50;3.32;1;1
576;33186.71;50;3.32;1;1
577;33186.71;50;3.32;1;1
578;33186.71;50;3.32;1;1
579;33186.71;50;3.32;1;1
580;33186.71;50;3.32;1;1
581;33186.71;50;3.32;1;1
582;33186.71;50;3.32;1;1
583;33186.71;50;3.32;1;1
584;33186.71;50;3.32;1;1
585;33186.71;50;3.32;1;1
586;33186.71;50;3.32;1;1
587;33186.71;50;3.32;1;1
588;33186.71;50;3.32;1;1
589;33186.71;50;3.32;1;1
590;33186.71;50;3.32;1;1
591;33186.71;50;3.32;1;1
592;33186.71;50;3.32;1;1
593;33186.71;50;3.32;1;1
594;33186.71;50;3.32;1;1
595;33186.71;50;3.32;1;1
596;33235.58;50;3.32;1;1
597;33186.71;50;3.32;1;1
598;33235.58;50;3.32;1;1
599;33186.71;50;3.32;1;1
600;33186.71;50;3.32;1;1
601;33186.71;50;3.32;1;1
602;33235.58;50;3.32;1;1
603;33186.71;50;3.32;1;1
604;33186.71;50;3.32;1;1
605;33186.71;50;3.32;1;1
606;33186.71;50;3.32;1;1
607;33186.71;50;3.32;1;1
608;33235.58;50;3.32;1;1
609;33186.71;50;3.32;1;1
610;33186.71;50;3.32;1;1
611;33186.71;50;3.32;1;1
612;33186.71;50;3.32;1;1
613;33186.71;50;3.32;1;1
614;33235.58;50;3.32;1;1
615;33186.71;50;3.32;1;1
616;33186.71;50;3.32;1;1
617;33186.71;50;3.32;1;1
618;33186.71;50;3.32;1;1
619;33186.71;50;3.32;1;1
620;33186.71;50;3.32;1;1
621;33186.71;50;3.32;1;1
622;33235.58;50;3.32;1;1
623;33186.71;50;3.32;1;1
624;33235.58;50;3.32;1;1
625;33186.71;50;3.32;1;1
626;33186.71;50;3.32;1;1
627;33186.71;50;3.32;1;1
628;33235.58;50;3.32;1;1
629;33186.71;50;3.32;1;1
630;33186.71;50;3.32;1;1
631;33186.71;50;3.32;1;1
632;33186.71;50;3.32;1;1
633;33186.71;50;3.32;1;1
634;33186.71;50;3.32;1;1
635;33186.71;50;3.32;1;1
636;33235.58;50;3.32;1;1
637;33186.71;50;3.32;1;1
638;33186.71;50;3.32;1;1
639;33186.71;50;3.32;1;1
640;33235.58;50;3.32;1;1
641;33186.71;50;3.32;1;1
642;33235.58;50;3.32;1;1
643;33186.71;50;3.32;1;1
644;33235.58;50;3.32;1;1
645;33186.71;50;3.32;1;1
646;33186.71;50;3.32;1;1
647;33186.71;50;3.32;1;1
648;33235.58;50;3.32;1;1
649;33186.71;50;3.32;1;1
650;33186.71;50;3.32;1;1
651;33186.71;50;3.32;1;1
652;33186.71;50;3.32;1;1
653;33186.71;50;3.32;1;1
654;33235.58;50;3.32;1;1
655;33186.71;50;3.32;1;1
656;33235.58;50;3.32;1;1
657;33186.71;50;3.32;1;1
658;33235.58;50;3.32;1;1
659;33186.71;50;3.32;1;1
660;33186.71;50;3.32;1;1
661;33186.71;50;3.32;1;1
662;33186.71;50;3.32;1;1
663;33186.71;50;3.32;1;1
664;33235.58;50;3.32;1;1
665;33186.71;50;3.32;1;1
666;33235.58;50;3.32;1;1
667;33186.71;50;3.32;1;1
668;33186.71;50;3.32;1;1
669;33186.71;50;3.32;1;1
670;33186.71;50;3.32;1;1
671;33186.71;50;3.32;1;1
672;33186.71;50;3.32;1;1
673;33186.71;50;3.32;1;1
674;33186.71;50;3.32;1;1
675;33186.71;50;3.32;1;1
676;33235.58;50;3.32;1;1
677;33186.71;50;3.32;1;1
678;33186.71;50;3.32;1;1
679;33186.71;50;3.32;1;1
680;33186.71;50;3.32;1;1
681;33186.71;50;3.32;1;1
682;33186.71;50;3.32;1;1
683;33186.71;50;3.32;1;1
684;33186.71;50;3.32;1;1
685;33186.71;50;3.32;1;1
686;33186.71;50;3.32;1;1
687;33186.71;50;3.32;1;1
688;33186.71;50;3.32;1;1
689;33186.71;50;3.32;1;1
690;33186.71;50;3.32;1;1
691;33186.71;50;3.32;1;1
692;33186.71;50;3.32;1;1
693;33186.71;50;3.32;1;1
694;33186.71;50;3.32;1;1
695;33186.71;50;3.32;1;1
696;33186.71;50;3.32;1;1
697;33186.71;50;3.32;1;1
698;33186.71;50;3.32;1;1
699;33186.71;50;3.32;1;1
700;33186.71;50;3.32;1;1
701;33186.71;50;3.32;1;1
702;33186.71;50;3.32;1;1
703;33186.71;50;3.32;1;1
704;33186.71;50;3.32;1;1
705;33186.71;50;3.32;1;1
706;33186.71;50;3.32;1;1
707;33186.71;50;3.32;1;1
708;33186.71;50;3.32;1;1
709;33186.71;50;3.32;1;1
710;33186.71;50;3.32;1;1
711;33186.71;50;3.32;1;1
712;33186.71;50;3.32;1;1
713;33186.71;50;3.32;1;1
714;33186.71;50;3.32;1;1
715;33186.71;50;3.32;1;1
716;33186.71;50;3.32;1;1
717;33186.71;50;3.32;1;1
718;33186.71;50;3.32;1;1
719;33186.71;50;3.32;1;1
720;33186.71;50;3.32;1;1
721;33186.71;50;3.32;1;1
722;33186.71;50;3.32;1;1
723;33235.58;50;3.32;1;1
724;33186.71;50;3.32;1;1
725;33235.58;50;3.32;1;1
726;33186.71;50;3.32;1;1
727;33235.58;50;3.32;1;1
728;33186.71;50;3.32;1;1
729;33235.58;50;3.32;1;1
730;33186.71;50;3.32;1;1
731;33235.58;50;3.32;1;1
732;33186.71;50;3.32;1;1
733;33186.71;50;3.32;1;1
734;33186.71;50;3.32;1;1
735;33235.58;50;3.32;1;1
736;33186.71;50;3.32;1;1
737;33186.71;50;3.32;1;1
738;33186.71;50;3.32;1;1
739;33235.58;50;3.32;1;1
740;33186.71;50;3.32;1;1
741;33186.71;50;3.32;1;1
742;33186.71;50;3.32;1;1
743;33186.71;50;3.32;1;1
744;33186.71;50;3.32;1;1
745;33186.71;50;3.32;1;1
746;33186.71;50;3.32;1;1
747;33235.58;50;3.32;1;1
748;33186.71;50;3.32;1;1
749;33186.71;50;3.32;1;1
750;33186.71;50;3.32;1;1
751;33235.58;50;3.32;1;1
752;33186.71;50;3.32;1;1
753;33186.71;50;3.32;1;1
754;33186.71;50;3.32;1;1
755;33235.58;50;3.32;1;1
756;33186.71;50;3.32;1;1
757;33186.71;50;3.32;1;1
758;33186.71;50;3.32;1;1
759;33186.71;50;3.32;1;1
760;33186.71;50;3.32;1;1
761;33235.58;50;3.32;1;1
762;33186.71;50;3.32;1;1
763;33235.58;50;3.32;1;1
764;33186.71;50;3.32;1;1
765;33235.58;50;3.32;1;1
766;33186.71;50;3.32;1;1
767;33235.58;50;3.32;1;1
768;33186.71;50;3.32;1;1
769;33186.71;50;3.32;1;1
770;33186.71;50;3.32;1;1
771;33235.58;50;3.32;1;1
772;33186.71;50;3.32;1;1
773;33235.58;50;3.32;1;1
774;33186.71;50;3.32;1;1
775;33186.71;50;3.32;1;1
776;33186.71;50;3.32;1;1
777;33235.58;50;3.32;1;1
778;33186.71;50;3.32;1;1
779;33186.71;50;3.32;1;1
780;33186.71;50;3.32;1;1
781;33235.58;50;3.32;1;1
782;33186.71;50;3.32;1;1
783;33235.58;50;3.32;1;1
784;33186.71;50;3.32;1;1
785;33235.58;50;3.32;1;1
786;33186.71;50;3.32;1;1
787;33186.71;50;3.32;1;1
788;33186.71;50;3.32;1;1
789;33235.58;50;3.32;1;1
790;33186.71;50;3.32;1;1
791;33235.58;50;3.32;1;1
792;33186.71;50;3.32;1;1
793;33235.58;50;3.32;1;1
794;33186.71;50;3.32;1;1
795;33235.58;50;3.32;1;1
796;33186.71;50;3.32;1;1
797;33235.58;50;3.32;1;1
798;33186.71;50;3.32;1;1
799;33235.58;50;3.32;1;1
800;33186.71;50;3.32;1;1
801;33186.71;50;3.32;1;1
802;33186.71;50;3.32;1;1
803;33235.58;50;3.32;1;1
804;33186.71;50;3.32;1;1
805;33235.58;50;3.32;1;1
806;33186.71;50;3.32;1;1
807;33235.58;50;3.32;1;1
808;33186.71;50;3.32;1;1
809;33235.58;50;3.32;1;1
810;33186.71;50;3.32;1;1
811;33235.58;50;3.32;1;1
812;33186.71;50;3.32;1;1
813;33235.58;50;3.32;1;1
814;33186.71;50;3.32;1;1
815;33235.58;50;3.32;1;1
816;33186.71;50;3.32;1;1
817;33235.58;50;3.32;1;1
818;33186.71;50;3.32;1;1
819;33235.58;50;3.32;1;1
820;33186.71;50;3.32;1;1
821;33186.71;50;3.32;1;1
822;33186.71;50;3.32;1;1
823;33235.58;50;3.32;1;1
824;33186.71;50;3.32;1;1
825;33186.71;50;3.32;1;1
826;33186.71;50;3.32;1;1
827;33235.58;50;3.32;1;1
828;33186.71;50;3.32;1;1
829;33186.71;50;3.32;1;1
830;33186.71;50;3.32;1;1
831;33235.58;50;3.32;1;1
832;33186.71;50;3.32;1;1
833;33186.71;50;3.32;1;1
834;33186.71;50;3.32;1;1
835;33235.58;50;3.32;1;1
836;33186.71;50;3.32;1;1
837;33186.71;50;3.32;1;1
838;33186.71;50;3.32;1;1
839;33235.58;50;3.32;1;1
840;33186.71;50;3.32;1;1
841;33186.71;50;3.32;1;1
842;33186.71;50;3.32;1;1
843;33186.71;50;3.32;1;1
844;33186.71;50;3.32;1;1
845;33235.58;50;3.32;1;1
846;33186.71;50;3.32;1;1
847;33186.71;50;3.32;1;1
848;33186.71;50;3.32;1;1
849;33186.71;50;3.32;1;1
850;33186.71;50;3.32;1;1
851;33186.71;50;3.32;1;1
852;33186.71;50;3.32;1;1
853;33186.71;50;3.32;1;1
854;33186.71;50;3.32;1;1
855;33186.71;50;3.32;1;1
856;33186.71;50;3.32;1;1
857;33186.71;50;3.32;1;1
858;33186.71;50;3.32;1;1
859;33186.71;50;3.32;1;1
860;33186.71;50;3.32;1;1
861;33186.71;50;3.32;1;1
862;33186.71;50;3.32;1;1
863;33186.71;50;3.32;1;1
864;33186.71;50;3.32;1;1
865;33186.71;50;3.32;1;1
866;33186.71;50;3.32;1;1
867;33186.71;50;3.32;1;1
868;33186.71;50;3.32;1;1
869;33186.71;50;3.32;1;1
870;33186.71;50;3.32;1;1
871;33186.71;50;3.32;1;1
872;33186.71;50;3.32;1;1
873;33186.71;50;3.32;1;1
874;33186.71;50;3.32;1;1
875;33186.71;50;3.32;1;1
876;33186.71;50;3.32;1;1
877;33186.71;50;3.32;1;1
878;33186.71;50;3.32;1;1
879;33186.71;50;3.32;1;1
880;33235.58;50;3.32;1;1
881;33186.71;50;3.32;1;1
882;33186.71;50;3.32;1;1
883;33186.71;50;3.32;1;1
884;33186.71;50;3.32;1;1
885;33186.71;50;3.32;1;1
886;33186.71;50;3.32;1;1
887;33186.71;50;3.32;1;1
888;33235.58;50;3.32;1;1
889;33186.71;50;3.32;1;1
890;33235.58;50;3.32;1;1
891;33186.71;50;3.32;1;1
892;33186.71;50;3.32;1;1
893;33186.71;50;3.32;1;1
894;33235.58;50;3.32;1;1
895;33186.71;50;3.32;1;1
896;33235.58;50;3.32;1;1
897;33186.71;50;3.32;1;1
898;33186.71;50;3.32;1;1
899;33186.71;50;3.32;1;1
900;33235.58;50;3.32;1;1
901;33186.71;50;3.32;1;1
902;33235.58;50;3.32;1;1
903;33186.71;50;3.32;1;1
904;33235.58;50;3.32;1;1
905;33186.71;50;3.32;1;1
906;33235.58;50;3.32;1;1
907;33186.71;50;3.32;1;1
908;33235.58;50;3.32;1;1
909;33186.71;50;3.32;1;1
910;33235.58;50;3.32;1;1
911;33186.71;50;3.32;1;1
912;33186.71;50;3.32;1;1
913;33186.71;50;3.32;1;1
914;33186.71;50;3.32;1;1
915;33186.71;50;3.32;1;1
916;33235.58;50;3.32;1;1
917;33186.71;50;3.32;1;1
918;33186.71;50;3.32;1;1
919;33186.71;50;3.32;1;1
920;33235.58;50;3.32;1;1
921;33186.71;50;3.32;1;1
922;33235.58;50;3.32;1;1
923;33186.71;50;3.32;1;1
924;33186.71;50;3.32;1;1
925;33186.71;50;3.32;1;1
926;33186.71;50;3.32;1;1
927;33186.71;50;3.32;1;1
928;33235.58;50;3.32;1;1
929;33186.71;50;3.32;1;1
930;33235.58;50;3.32;1;1
931;33186.71;50;3.32;1;1
932;33186.71;50;3.32;1;1
933;33186.71;50;3.32;1;1
934;33186.71;50;3.32;1;1
935;33186.71;50;3.32;1;1
936;33186.71;50;3.32;1;1
937;33186.71;50;3.32;1;1
938;33186.71;50;3.32;1;1
939;33186.71;50;3.32;1;1
940;33186.71;50;3.32;1;1
941;33186.71;50;3.32;1;1
942;33186.71;50;3.32;1;1
943;33186.71;50;3.32;1;1
944;33186.71;50;3.32;1;1
945;33186.71;50;3.32;1;1
946;33186.71;50;3.32;1;1
947;33186.71;50;3.32;1;1
948;33186.71;50;3.32;1;1
949;33186.71;50;3.32;1;1
950;33186.71;50;3.32;1;1
951;33186.71;50;3.32;1;1
952;33186.71;50;3.32;1;1
953;33186.71;50;3.32;1;1
954;33186.71;50;3.32;1;1
955;33186.71;50;3.32;1;1
956;33186.71;50;3.32;1;1
957;33186.71;50;3.32;1;1
958;33186.71;50;3.32;1;1
959;33186.71;50;3.32;1;1
960;33186.71;50;3.32;1;1
961;33186.71;50;3.32;1;1
962;33186.71;50;3.32;1;1
963;33186.71;50;3.32;1;1
964;33186.71;50;3.32;1;1
965;33186.71;50;3.32;1;1
966;33186.71;50;3.32;1;1
967;33186.71;50;3.32;1;1
968;33186.71;50;3.32;1;1
969;33186.71;50;3.32;1;1
970;33186.71;50;3.32;1;1
971;33186.71;50;3.32;1;1
972;33186.71;50;3.32;1;1
973;33186.71;50;3.32;1;1
974;33186.71;50;3.32;1;1
975;33186.71;50;3.32;1;1
976;33186.71;50;3.32;1;1
977;33186.71;50;3.32;1;1
978;33186.71;50;3.32;1;1
979;33186.71;50;3.32;1;1
980;33186.71;50;3.32;1;1
981;33186.71;50;3.32;1;1
982;33186.71;50;3.32;1;1
983;33186.71;50;3.32;1;1
984;33186.71;50;3.32;1;1
985;33186.71;50;3.32;1;1
986;33186.71;50;3.32;1;1
987;33186.71;50;3.32;1;1
988;33186.71;50;3.32;1;1
989;33186.71;50;3.32;1;1
990;33186.71;50;3.32;1;1
991;33186.71;50;3.32;1;1
992;33186.71;50;3.32;1;1
993;33186.71;50;3.32;1;1
994;33186.71;50;3.32;1;1
995;33186.71;50;3.32;1;1
996;33186.71;50;3.32;1;1
997;33186.71;50;3.32;1;1
998;33186.71;50;3.32;1;1
999;33186.71;50;3.32;1;1
1000;33186.71;50;3.32;1;1
1001;33186.71;50;3.32;1;1
1002;33186.71;50;3.32;1;1
1003;33186.71;50;3.32;1;1
1004;33186.71;50;3.32;1;1
1005;33186.71;50;3.32;1;1
1006;33186.71;50;3.32;1;1
1007;33186.71;50;3.32;1;1
1008;33186.71;50;3.32;1;1
1009;33186.71;50;3.32;1;1
1010;33186.71;50;3.32;1;1
1011;33235.58;50;3.32;1;1
1012;33186.71;50;3.32;1;1
1013;33235.58;50;3.32;1;1
1014;33186.71;50;3.32;1;1
1015;33235.58;50;3.32;1;1
1016;33186.71;50;3.32;1;1
1017;33235.58;50;3.32;1;1
1018;33186.71;50;3.32;1;1
1019;33235.58;50;3.32;1;1
1020;33186.71;50;3.32;1;1
1021;33235.58;50;3.32;1;1
1022;33186.71;50;3.32;1;1
1023;33235.58;50;3.32;1;1
1024;33186.71;50;3.32;1;1
1025;33235.58;50;3.32;1;1
1026;33186.71;50;3.32;1;1
1027;33186.71;50;3.32;1;1
1028;33186.71;50;3.32;1;1
1029;33235.58;50;3.32;1;1
1030;33186.71;50;3.32;1;1
1031;33235.58;50;3.32;1;1
1032;33186.71;50;3.32;1;1
1033;33235.58;50;3.32;1;1
1034;33186.71;50;3.32;1;1
1035;33235.58;50;3.32;1;1
1036;33186.71;50;3.32;1;1
1037;33235.58;50;3.32;1;1
1038;33186.71;50;3.32;1;1
1039;33186.71;50;3.32;1;1
1040;33186.71;50;3.32;1;1
1041;33235.58;50;3.32;1;1
1042;33186.71;50;3.32;1;1
1043;33235.58;50;3.32;1;1
1044;33186.71;50;3.32;1;1
1045;33235.58;50;3.32;1;1
1046;33186.71;50;3.32;1;1
1047;33186.71;50;3.32;1;1
1048;33186.71;50;3.32;1;1
1049;33235.58;50;3.32;1;1
1050;33186.71;50;3.32;1;1
1051;33235.58;50;3.32;1;1
1052;33186.71;50;3.32;1;1
1053;33235.58;50;3.32;1;1
1054;33186.71;50;3.32;1;1
1055;33186.71;50;3.32;1;1
1056;33186.71;50;3.32;1;1
1057;33235.58;50;3.32;1;1
1058;33186.71;50;3.32;1;1
1059;33235.58;50;3.32;1;1
1060;33186.71;50;3.32;1;1
1061;33235.58;50;3.32;1;1
1062;33186.71;50;3.32;1;1
1063;33235.58;50;3.32;1;1
1064;33186.71;50;3.32;1;1
1065;33235.58;50;3.32;1;1
1066;33186.71;50;3.32;1;1
1067;33235.58;50;3.32;1;1
1068;33186.71;50;3.32;1;1
1069;33235.58;50;3.32;1;1
1070;33186.71;50;3.32;1;1
1071;33235.58;50;3.32;1;1
1072;33186.71;50;3.32;1;1
1073;33235.58;50;3.32;1;1
1074;33186.71;50;3.32;1;1
1075;33235.58;50;3.32;1;1
1076;33186.71;50;3.32;1;1
1077;33235.58;50;3.32;1;1
1078;33186.71;50;3.32;1;1
1079;33235.58;50;3.32;1;1
1080;33186.71;50;3.32;1;1
1081;33235.58;50;3.32;1;1
1082;33186.71;50;3.32;1;1
1083;33235.58;50;3.32;1;1
1084;33186.71;50;3.32;1;1
1085;33235.58;50;3.32;1;1
1086;33186.71;50;3.32;1;1
1087;33235.58;50;3.32;1;1
1088;33186.71;50;3.32;1;1
1089;33235.58;50;3.32;1;1
1090;33186.71;50;3.32;1;1
1091;33186.71;50;3.32;1;1
1092;33186.71;50;3.32;1;1
1093;33235.58;50;3.32;1;1
1094;33186.71;50;3.32;1;1
1095;33186.71;50;3.32;1;1
1096;33186.71;50;3.32;1;1
1097;33235.58;50;3.32;1;1
1098;33235.58;50;3.32;1;1
1099;33235.58;50;3.32;1;1
1100;33186.71;50;3.32;1;1
1101;33235.58;50;3.32;1;1
1102;33186.71;50;3.32;1;1
1103;33235.58;50;3.32;1;1
1104;33186.71;50;3.32;1;1
1105;33186.71;50;3.32;1;1
1106;33235.58;50;3.32;1;1
1107;33235.58;50;3.32;1;1
1108;33186.71;50;3.32;1;1
1109;33235.58;50;3.32;1;1
1110;33186.71;50;3.32;1;1
1111;33186.71;50;3.32;1;1
1112;33186.71;50;3.32;1;1
1113;33186.71;50;3.32;1;1
1114;33186.71;50;3.32;1;1
1115;33186.71;50;3.32;1;1
1116;33186.71;50;3.32;1;1
1117;33235.58;50;3.32;1;1
1118;33186.71;50;3.32;1;1
1119;33186.71;50;3.32;1;1
1120;33186.71;50;3.32;1;1
1121;33186.71;50;3.32;1;1
1122;33186.71;50;3.32;1;1
1123;33186.71;50;3.32;1;1
1124;33186.71;50;3.32;1;1
1125;33186.71;50;3.32;1;1
1126;33186.71;50;3.32;1;1
1127;33186.71;50;3.32;1;1
1128;33186.71;50;3.32;1;1
1129;33186.71;50;3.32;1;1
1130;33186.71;50;3.32;1;1
1131;33186.71;50;3.32;1;1
1132;33186.71;50;3.32;1;1
1133;33186.71;50;3.32;1;1
1134;33186.71;50;3.32;1;1
1135;33186.71;50;3.32;1;1
1136;33186.71;50;3.32;1;1
1137;33186.71;50;3.32;1;1
1138;33235.58;50;3.32;1;1
1139;33235.58;50;3.32;1;1
1140;33186.71;50;3.32;1;1
1141;33235.58;50;3.32;1;1
1142;33186.71;50;3.32;1;1
1143;33186.71;50;3.32;1;1
1144;33235.58;50;3.32;1;1
1145;33235.58;50;3.32;1;1
1146;33186.71;50;3.32;1;1
1147;33186.71;50;3.32;1;1
1148;33235.58;50;3.32;1;1
1149;33186.71;50;3.32;1;1
1150;33235.58;50;3.32;1;1
1151;33186.71;50;3.32;1;1
1152;33235.58;50;3.32;1;1
1153;33186.71;50;3.32;1;1
1154;33235.58;50;3.32;1;1
1155;33186.71;50;3.32;1;1
1156;33235.58;50;3.32;1;1
1157;33186.71;50;3.32;1;1
1158;33235.58;50;3.32;1;1
1159;33186.71;50;3.32;1;1
1160;33235.58;50;3.32;1;1
1161;33186.71;50;3.32;1;1
1162;33235.58;50;3.32;1;1
1163;33186.71;50;3.32;1;1
1164;33235.58;50;3.32;1;1
1165;33186.71;50;3.32;1;1
1166;33235.58;50;3.32;1;1
1167;33186.71;50;3.32;1;1
1168;33235.58;50;3.32;1;1
1169;33186.71;50;3.32;1;1
1170;33235.58;50;3.32;1;1
1171;33186.71;50;3.32;1;1
1172;33235.58;50;3.32;1;1
1173;33186.71;50;3.32;1;1
1174;33235.58;50;3.32;1;1
1175;33186.71;50;3.32;1;1
1176;33186.71;50;3.32;1;1
1177;33186.71;50;3.32;1;1
1178;33235.58;50;3.32;1;1
1179;33186.71;50;3.32;1;1
1180;33235.58;50;3.32;1;1
1181;33186.71;50;3.32;1;1
1182;33235.58;50;3.32;1;1
1183;33186.71;50;3.32;1;1
1184;33235.58;50;3.32;1;1
1185;33186.71;50;3.32;1;1
1186;33235.58;50;3.32;1;1
1187;33186.71;50;3.32;1;1
1188;33235.58;50;3.32;1;1
1189;33186.71;50;3.32;1;1
1190;33235.58;50;3.32;1;1
1191;33186.71;50;3.32;1;1
1192;33235.58;50;3.32;1;1
1193;33186.71;50;3.32;1;1
1194;33235.58;50;3.32;1;1
1195;33186.71;50;3.32;1;1
1196;33235.58;50;3.32;1;1
1197;33186.71;50;3.32;1;1
1198;33235.58;50;3.32;1;1
1199;33186.71;50;3.32;1;1
1200;33235.58;50;3.32;1;1
1201;33186.71;50;3.32;1;1
1202;33235.58;50;3.32;1;1
1203;33186.71;50;3.32;1;1
1204;33235.58;50;3.32;1;1
1205;33186.71;50;3.32;1;1
1206;33235.58;50;3.32;1;1
1207;33186.71;50;3.32;1;1
1208;33235.58;50;3.32;1;1
1209;33186.71;50;3.32;1;1
1210;33235.58;50;3.32;1;1
1211;33186.71;50;3.32;1;1
1212;33235.58;50;3.32;1;1
1213;33186.71;50;3.32;1;1
1214;33235.58;50;3.32;1;1
1215;33186.71;50;3.32;1;1
1216;33235.58;50;3.32;1;1
1217;33186.71;50;3.32;1;1
1218;33186.71;50;3.32;1;1
1219;33186.71;50;3.32;1;1
1220;33186.71;50;3.32;1;1
1221;33186.71;50;3.32;1;1
1222;33235.58;50;3.32;1;1
1223;33186.71;50;3.32;1;1
1224;33235.58;50;3.32;1;1
1225;33186.71;50;3.32;1;1
1226;33186.71;50;3.32;1;1
1227;33186.71;50;3.32;1;1
1228;33235.58;50;3.32;1;1
1229;33186.71;50;3.32;1;1
1230;33235.58;50;3.32;1;1
1231;33186.71;50;3.32;1;1
1232;33235.58;50;3.32;1;1
1233;33186.71;50;3.32;1;1
1234;33235.58;50;3.32;1;1
1235;33186.71;50;3.32;1;1
1236;33235.58;50;3.32;1;1
1237;33186.71;50;3.32;1;1
1238;33235.58;50;3.32;1;1
1239;33186.71;50;3.32;1;1
1240;33235.58;50;3.32;1;1
1241;33186.71;50;3.32;1;1
1242;33235.58;50;3.32;1;1
1243;33186.71;50;3.32;1;1
1244;33235.58;50;3.32;1;1
1245;33186.71;50;3.32;1;1
1246;33235.58;50;3.32;1;1
1247;33186.71;50;3.32;1;1
1248;33235.58;50;3.32;1;1
1249;33186.71;50;3.32;1;1
1250;33235.58;50;3.32;1;1
1251;33235.58;50;3.32;1;1
1252;33186.71;50;3.32;1;1
1253;33186.71;50;3.32;1;1
1254;33186.71;50;3.32;1;1
1255;33186.71;50;3.32;1;1
1256;33186.71;50;3.32;1;1
1257;33186.71;50;3.32;1;1
1258;33186.71;50;3.32;1;1
1259;33186.71;50;3.32;1;1
1260;33186.71;50;3.32;1;1
1261;33186.71;50;3.32;1;1
1262;33186.71;50;3.32;1;1
1263;33186.71;50;3.32;1;1
1264;33186.71;50;3.32;1;1
1265;33235.58;50;3.32;1;1
1266;33186.71;50;3.32;1;1
1267;33186.71;50;3.32;1;1
1268;33186.71;50;3.32;1;1
1269;33186.71;50;3.32;1;1
1270;33186.71;50;3.32;1;1
1271;33186.71;50;3.32;1;1
1272;33186.71;50;3.32;1;1
1273;33186.71;50;3.32;1;1
1274;33186.71;50;3.32;1;1
1275;33235.58;50;3.32;1;1
1276;33186.71;50;3.32;1;1
1277;33186.71;50;3.32;1;1
1278;33186.71;50;3.32;1;1
1279;33235.58;50;3.32;1;1
1280;33186.71;50;3.32;1;1
1281;33186.71;50;3.32;1;1
1282;33186.71;50;3.32;1;1
1283;33186.71;50;3.32;1;1
1284;33186.71;50;3.32;1;1
1285;33235.58;50;3.32;1;1
1286;33186.71;50;3.32;1;1
1287;33186.71;50;3.32;1;1
1288;33186.71;50;3.32;1;1
1289;33235.58;50;3.32;1;1
1290;33186.71;50;3.32;1;1
1291;33186.71;50;3.32;1;1
1292;33186.71;50;3.32;1;1
1293;33235.58;50;3.32;1;1
1294;33186.71;50;3.32;1;1
1295;33235.58;50;3.32;1;1
1296;33186.71;50;3.32;1;1
1297;33235.58;50;3.32;1;1
1298;33186.71;50;3.32;1;1
1299;33235.58;50;3.32;1;1
1300;33186.71;50;3.32;1;1
1301;33235.58;50;3.32;1;1
1302;33186.71;50;3.32;1;1
1303;33235.58;50;3.32;1;1
1304;33186.71;50;3.32;1;1
1305;33186.71;50;3.32;1;1
1306;33186.71;50;3.32;1;1
1307;33186.71;50;3.32;1;1
1308;33186.71;50;3.32;1;1
1309;33186.71;50;3.32;1;1
1310;33186.71;50;3.32;1;1
1311;33235.58;50;3.32;1;1
1312;33186.71;50;3.32;1;1
1313;33235.58;50;3.32;1;1
1314;33186.71;50;3.32;1;1
1315;33235.58;50;3.32;1;1
1316;33235.58;50;3.32;1;1
1317;33284.46;50;3.32;1;1
1318;33284.46;50;3.33;1;1
1319;33284.46;50;3.33;1;1
1320;33284.46;50;3.33;1;1
1321;33333.33;50;3.33;1;1
1322;33284.46;50;3.33;1;1
1323;33284.46;50;3.33;1;1
1324;33284.46;50;3.33;1;1
1325;33284.46;50;3.33;1;1
1326;33235.58;50;3.33;1;1
1327;33284.46;50;3.32;1;1
1328;33284.46;50;3.33;1;1
1329;33284.46;50;3.33;1;1
1330;33284.46;50;3.33;1;1
1331;33284.46;50;3.33;1;1
1332;33284.46;50;3.33;1;1
1333;33284.46;50;3.33;1;1
1334;33235.58;50;3.33;1;1
1335;33284.46;50;3.32;1;1
1336;33235.58;50;3.33;1;1
1337;33284.46;50;3.32;1;1
1338;33235.58;50;3.33;1;1
1339;33284.46;50;3.32;1;1
1340;33235.58;50;3.33;1;1
1341;33284.46;50;3.32;1;1
1342;33235.58;50;3.33;1;1
1343;33284.46;50;3.32;1;1
1344;33235.58;50;3.33;1;1
1345;33284.46;50;3.32;1;1
1346;33235.58;50;3.33;1;1
1347;33284.46;50;3.32;1;1
1348;33235.58;50;3.33;1;1
1349;33284.46;50;3.32;1;1
1350;33235.58;50;3.33;1;1
1351;33284.46;50;3.32;1;1
1352;33235.58;50;3.33;1;1
1353;33284.46;50;3.32;1;1
1354;33235.58;50;3.33;1;1
1355;33284.46;50;3.32;1;1
1356;33284.46;50;3.33;1;1
1357;33284.46;50;3.33;1;1
1358;33235.58;50;3.33;1;1
1359;33284.46;50;3.32;1;1
1360;33235.58;50;3.33;1;1
1361;33284.46;50;3.32;1;1
1362;33284.46;50;3.33;1;1
1363;33284.46;50;3.33;1;1
1364;33284.46;50;3.33;1;1
1365;33235.58;50;3.33;1;1
1366;33577.71;50;3.32;1;1
1367;33528.84;50;3.36;1;1
1368;33528.84;50;3.35;1;1
1369;33528.84;50;3.35;1;1
1370;33528.84;50;3.35;1;1
1371;33528.84;50;3.35;1;1
1372;33528.84;50;3.35;1;1
1373;33528.84;50;3.35;1;1
1374;33479.96;50;3.35;1;1
1375;33528.84;50;3.35;1;1
1376;33479.96;50;3.35;1;1
1377;33822.09;50;3.35;1;1
1378;33822.09;50;3.38;1;1
1379;33822.09;50;3.38;1;1
1380;33822.09;50;3.38;1;1
1381;33822.09;50;3.38;1;1
1382;33137.83;50;3.38;1;1
1383;33333.33;50;3.31;1;1
1384;33382.21;50;3.33;1;1
1385;33431.09;50;3.34;1;1
1386;33479.96;50;3.34;1;1
1387;33528.84;50;3.35;1;1
1388;33528.84;50;3.35;1;1
1389;33577.71;50;3.35;1;1
1390;33528.84;50;3.36;1;1
1391;33577.71;50;3.35;1;1
1392;33577.71;50;3.36;1;1
1393;33577.71;50;3.36;1;1
1394;33577.71;50;3.36;1;1
1395;33577.71;50;3.36;1;1
1396;33577.71;50;3.36;1;1
1397;33577.71;50;3.36;1;1
1398;33577.71;50;3.36;1;1
1399;33577.71;50;3.36;1;1
1400;33577.71;50;3.36;1;1
1401;33577.71;50;3.36;1;1
1402;33577.71;50;3.36;1;1
1403;33577.71;50;3.36;1;1
1404;33577.71;50;3.36;1;1
1405;33577.71;50;3.36;1;1
1406;33577.71;50;3.36;1;1
1407;33577.71;50;3.36;1;1
1408;33577.71;50;3.36;1;1
1409;33577.71;50;3.36;1;1
1410;33577.71;50;3.36;1;1
1411;33577.71;50;3.36;1;1
1412;33577.71;50;3.36;1;1
1413;33577.71;50;3.36;1;1
1414;33577.71;50;3.36;1;1
1415;33577.71;50;3.36;1;1
1416;33528.84;50;3.36;1;1
1417;33577.71;50;3.35;1;1
1418;33577.71;50;3.36;1;1
1419;33577.71;50;3.36;1;1
1420;33577.71;50;3.36;1;1
1421;33577.71;50;3.36;1;1
1422;33577.71;50;3.36;1;1
1423;33577.71;50;3.36;1;1
1424;33577.71;50;3.36;1;1
1425;33577.71;50;3.36;1;1
1426;33577.71;50;3.36;1;1
1427;33577.71;50;3.36;1;1
1428;33577.71;50;3.36;1;1
1429;33577.71;50;3.36;1;1
1430;33577.71;50;3.36;1;1
1431;33577.71;50;3.36;1;1
1432;33577.71;50;3.36;1;1
1433;33577.71;50;3.36;1;1
1434;33577.71;50;3.36;1;1
1435;33577.71;50;3.36;1;1
1436;33577.71;50;3.36;1;1
1437;33577.71;50;3.36;1;1
1438;33577.71;50;3.36;1;1
1439;33577.71;50;3.36;1;1
1440;33577.71;50;3.36;1;1
1441;33577.71;50;3.36;1;1
1442;33577.71;50;3.36;1;1
1443;33577.71;50;3.36;1;1
1444;33577.71;50;3.36;1;1
1445;33577.71;50;3.36;1;1
1446;33577.71;50;3.36;1;1
1447;33577.71;50;3.36;1;1
1448;33577.71;50;3.36;1;1
1449;33577.71;50;3.36;1;1
1450;33577.71;50;3.36;1;1
1451;33577.71;50;3.36;1;1
1452;33577.71;50;3.36;1;1
1453;33577.71;50;3.36;1;1
1454;33577.71;50;3.36;1;1
1455;33577.71;50;3.36;1;1
1456;33577.71;50;3.36;1;1
1457;33577.71;50;3.36;1;1
1458;33577.71;50;3.36;1;1
1459;33577.71;50;3.36;1;1
1460;33577.71;50;3.36;1;1
1461;33577.71;50;3.36;1;1
1462;33577.71;50;3.36;1;1
1463;33577.71;50;3.36;1;1
1464;33577.71;50;3.36;1;1
1465;33577.71;50;3.36;1;1
1466;33577.71;50;3.36;1;1
1467;33577.71;50;3.36;1;1
1468;33577.71;50;3.36;1;1
1469;33577.71;50;3.36;1;1
1470;33577.71;50;3.36;1;1
1471;33577.71;50;3.36;1;1
1472;33577.71;50;3.36;1;1
1473;33577.71;50;3.36;1;1
1474;33577.71;50;3.36;1;1
1475;33577.71;50;3.36;1;1
1476;33577.71;50;3.36;1;1
1477;33577.71;50;3.36;1;1
1478;33577.71;50;3.36;1;1
1479;33577.71;50;3.36;1;1
1480;33626.59;50;3.36;1;1
1481;33577.71;50;3.36;1;1
1482;33577.71;50;3.36;1;1
1483;33577.71;50;3.36;1;1
1484;33577.71;50;3.36;1;1
1485;33577.71;50;3.36;1;1
1486;33577.71;50;3.36;1;1
1487;33577.71;50;3.36;1;1
1488;33577.71;50;3.36;1;1
1489;33577.71;50;3.36;1;1
1490;33577.71;50;3.36;1;1
1491;33577.71;50;3.36;1;1
1492;33577.71;50;3.36;1;1
1493;33577.71;50;3.36;1;1
1494;33626.59;50;3.36;1;1
1495;33577.71;50;3.36;1;1
1496;33577.71;50;3.36;1;1
1497;33577.71;50;3.36;1;1
1498;33626.59;50;3.36;1;1
1499;33577.71;50;3.36;1;1
1500;33626.59;50;3.36;1;1
1501;33577.71;50;3.36;1;1
1502;33626.59;50;3.36;1;1
1503;33577.71;50;3.36;1;1
1504;33577.71;50;3.36;1;1
1505;33577.71;50;3.36;1;1
1506;33577.71;50;3.36;1;1
1507;33577.71;50;3.36;1;1
1508;33577.71;50;3.36;1;1
1509;33577.71;50;3.36;1;1
1510;33577.71;50;3.36;1;1
1511;33577.71;50;3.36;1;1
1512;33577.71;50;3.36;1;1
1513;33577.71;50;3.36;1;1
1514;33626.59;50;3.36;1;1
1515;33577.71;50;3.36;1;1
1516;33626.59;50;3.36;1;1
1517;33577.71;50;3.36;1;1
1518;33577.71;50;3.36;1;1
1519;33577.71;50;3.36;1;1
1520;33577.71;50;3.36;1;1
1521;33577.71;50;3.36;1;1
1522;33577.71;50;3.36;1;1
1523;33577.71;50;3.36;1;1
1524;33577.71;50;3.36;1;1
1525;33577.71;50;3.36;1;1
1526;33577.71;50;3.36;1;1
1527;33577.71;50;3.36;1;1
1528;33577.71;50;3.36;1;1
1529;33577.71;50;3.36;1;1
1530;33577.71;50;3.36;1;1
1531;33577.71;50;3.36;1;1
1532;33577.71;50;3.36;1;1
1533;33577.71;50;3.36;1;1
1534;33577.71;50;3.36;1;1
1535;33577.71;50;3.36;1;1
1536;33577.71;50;3.36;1;1
1537;33577.71;50;3.36;1;1
1538;33577.71;50;3.36;1;1
1539;33577.71;50;3.36;1;1
1540;33577.71;50;3.36;1;1
1541;33577.71;50;3.36;1;1
1542;33577.71;50;3.36;1;1
1543;33577.71;50;3.36;1;1
1544;33577.71;50;3.36;1;1
1545;33577.71;50;3.36;1;1
1546;33577.71;50;3.36;1;1
1547;33333.33;50;3.36;1;1
1548;33088.95;50;3.33;1;1
1549;33284.46;50;3.31;1;1
1550;33040.08;50;3.33;1;1
1551;33577.71;50;3.30;1;1
1552;33528.84;50;3.36;1;1
1553;33479.96;50;3.35;1;1
1554;33675.46;50;3.35;1;1
1555;33675.46;50;3.37;1;1
1556;33675.46;50;3.37;1;1
1557;33675.46;50;3.37;1;1
1558;33675.46;50;3.37;1;1
1559;33675.46;50;3.37;1;1
1560;33675.46;50;3.37;1;1
1561;33675.46;50;3.37;1;1
1562;33675.46;50;3.37;1;1
1563;33675.46;50;3.37;1;1
1564;33626.59;50;3.37;1;1
1565;33675.46;50;3.36;1;1
1566;33675.46;50;3.37;1;1
1567;33675.46;50;3.37;1;1
1568;33626.59;50;3.37;1;1
1569;33675.46;50;3.36;1;1
1570;33675.46;50;3.37;1;1
1571;33675.46;50;3.37;1;1
1572;33626.59;50;3.37;1;1
1573;33675.46;50;3.36;1;1
1574;33675.46;50;3.37;1;1
1575;33675.46;50;3.37;1;1
1576;33675.46;50;3.37;1;1
1577;33675.46;50;3.37;1;1
1578;33626.59;50;3.37;1;1
1579;33724.34;50;3.36;1;1
1580;32746.82;50;3.37;1;1
1581;32355.82;50;3.27;1;1
1582;32551.32;50;3.24;1;1
1583;32844.57;50;3.26;1;1
1584;32551.32;50;3.28;1;1
1585;32844.57;50;3.26;1;1
1586;32893.45;50;3.28;1;1
1587;32942.32;50;3.29;1;1
1588;32844.57;50;3.29;1;1
1589;32844.57;50;3.28;1;1
1590;32844.57;50;3.28;1;1
1591;32844.57;50;3.28;1;1
1592;32746.82;50;3.28;1;1
1593;32893.45;50;3.27;1;1
1594;32893.45;50;3.29;1;1
1595;32991.20;50;3.29;1;1
1596;32893.45;50;3.30;1;1
1597;32991.20;50;3.29;1;1
1598;32942.32;50;3.30;1;1
1599;32991.20;50;3.29;1;1
1600;32942.32;50;3.30;1;1
1601;32991.20;50;3.29;1;1
1602;32942.32;50;3.30;1;1
1603;32991.20;50;3.29;1;1
1604;32942.32;50;3.30;1;1
1605;32991.20;50;3.29;1;1
1606;32942.32;50;3.30;1;1
1607;32991.20;50;3.29;1;1
1608;32942.32;50;3.30;1;1
1609;32991.20;50;3.29;1;1
1610;32942.32;50;3.30;1;1
1611;32991.20;50;3.29;1;1
1612;32942.32;50;3.30;1;1
1613;32991.20;50;3.29;1;1
1614;32991.20;50;3.30;1;1
1615;33040.08;50;3.30;1;1
1616;32991.20;50;3.30;1;1
1617;33040.08;50;3.30;1;1
1618;32991.20;50;3.30;1;1
1619;33040.08;50;3.30;1;1
1620;32991.20;50;3.30;1;1
1621;33040.08;50;3.30;1;1
1622;32991.20;50;3.30;1;1
1623;33040.08;50;3.30;1;1
1624;32991.20;50;3.30;1;1
1625;33040.08;50;3.30;1;1
1626;32991.20;50;3.30;1;1
1627;33040.08;50;3.30;1;1
1628;32991.20;50;3.30;1;1
1629;33040.08;50;3.30;1;1
1630;32991.20;50;3.30;1;1
1631;33040.08;50;3.30;1;1
1632;32991.20;50;3.30;1;1
1633;32991.20;50;3.30;1;1
1634;32991.20;50;3.30;1;1
1635;32942.32;50;3.30;1;1
1636;32991.20;50;3.29;1;1
1637;32942.32;50;3.30;1;1
1638;32942.32;50;3.29;1;1
1639;32942.32;50;3.29;1;1
1640;32942.32;50;3.29;1;1
1641;32942.32;50;3.29;1;1
1642;32893.45;50;3.29;1;1
1643;32942.32;50;3.29;1;1
1644;32893.45;50;3.29;1;1
1645;32893.45;50;3.29;1;1
1646;32844.57;50;3.29;1;1
1647;32746.82;50;3.28;1;1
1648;32893.45;50;3.27;1;1
1649;32991.20;50;3.29;1;1
1650;32942.32;50;3.30;1;1
1651;32991.20;50;3.29;1;1
1652;32991.20;50;3.30;1;1
1653;33040.08;50;3.30;1;1
1654;33040.08;50;3.30;1;1
1655;33040.08;50;3.30;1;1
1656;33040.08;50;3.30;1;1
1657;33040.08;50;3.30;1;1
1658;33040.08;50;3.30;1;1
1659;33284.46;50;3.30;1;1
1660;33040.08;50;3.33;1;1
1661;33040.08;50;3.30;1;1
1662;33040.08;50;3.30;1;1
1663;33040.08;50;3.30;1;1
1664;33040.08;50;3.30;1;1
1665;33040.08;50;3.30;1;1
1666;33040.08;50;3.30;1;1
1667;33040.08;50;3.30;1;1
1668;33040.08;50;3.30;1;1
1669;33040.08;50;3.30;1;1
1670;33040.08;50;3.30;1;1
1671;33040.08;50;3.30;1;1
1672;33088.95;50;3.30;1;1
1673;33040.08;50;3.31;1;1
1674;33088.95;50;3.30;1;1
1675;33040.08;50;3.31;1;1
1676;33088.95;50;3.30;1;1
1677;33088.95;50;3.31;1;1
1678;33137.83;50;3.31;1;1
1679;33088.95;50;3.31;1;1
1680;33137.83;50;3.31;1;1
1681;33088.95;50;3.31;1;1
1682;33088.95;50;3.31;1;1
1683;33088.95;50;3.31;1;1
1684;33088.95;50;3.31;1;1
1685;33088.95;50;3.31;1;1
1686;33137.83;50;3.31;1;1
1687;33088.95;50;3.31;1;1
1688;33137.83;50;3.31;1;1
1689;33088.95;50;3.31;1;1
1690;33137.83;50;3.31;1;1
1691;33088.95;50;3.31;1;1
1692;33137.83;50;3.31;1;1
1693;33088.95;50;3.31;1;1
1694;33137.83;50;3.31;1;1
1695;33137.83;50;3.31;1;1
1696;33137.83;50;3.31;1;1
1697;33088.95;50;3.31;1;1
1698;33137.83;50;3.31;1;1
1699;33088.95;50;3.31;1;1
1700;33137.83;50;3.31;1;1
1701;33088.95;50;3.31;1;1
1702;33137.83;50;3.31;1;1
1703;33137.83;50;3.31;1;1
1704;33137.83;50;3.31;1;1
1705;33137.83;50;3.31;1;1
1706;33137.83;50;3.31;1;1
1707;33088.95;50;3.31;1;1
1708;33137.83;50;3.31;1;1
1709;33284.46;50;3.31;1;1
1710;33088.95;50;3.33;1;1
1711;33088.95;50;3.31;1;1
1712;33137.83;50;3.31;1;1
1713;33137.83;50;3.31;1;1
1714;33137.83;50;3.31;1;1
1715;33137.83;50;3.31;1;1
1716;33137.83;50;3.31;1;1
1717;33088.95;50;3.31;1;1
1718;33137.83;50;3.31;1;1
1719;33088.95;50;3.31;1;1
1720;33137.83;50;3.31;1;1
1721;33088.95;50;3.31;1;1
1722;33137.83;50;3.31;1;1
1723;33137.83;50;3.31;1;1
1724;33137.83;50;3.31;1;1
1725;33137.83;50;3.31;1;1
1726;33137.83;50;3.31;1;1
1727;33137.83;50;3.31;1;1
1728;33137.83;50;3.31;1;1
1729;33137.83;50;3.31;1;1
1730;33137.83;50;3.31;1;1
1731;33137.83;50;3.31;1;1
1732;33186.71;50;3.31;1;1
1733;33137.83;50;3.32;1;1
1734;33137.83;50;3.31;1;1
1735;33088.95;50;3.31;1;1
1736;32844.57;50;3.31;1;1
1737;32844.57;50;3.28;1;1
1738;33137.83;50;3.28;1;1
1739;33137.83;50;3.31;1;1
1740;33137.83;50;3.31;1;1
1741;33137.83;50;3.31;1;1
1742;33186.71;50;3.31;1;1
1743;33137.83;50;3.32;1;1
1744;33186.71;50;3.31;1;1
1745;33137.83;50;3.32;1;1
1746;33186.71;50;3.31;1;1
1747;33137.83;50;3.32;1;1
1748;33186.71;50;3.31;1;1
1749;33137.83;50;3.32;1;1
1750;33137.83;50;3.31;1;1
1751;33137.83;50;3.31;1;1
1752;33186.71;50;3.31;1;1
1753;33137.83;50;3.32;1;1
1754;33186.71;50;3.31;1;1
1755;33137.83;50;3.32;1;1
1756;33186.71;50;3.31;1;1
1757;33137.83;50;3.32;1;1
1758;33186.71;50;3.31;1;1
1759;33137.83;50;3.32;1;1
1760;33137.83;50;3.31;1;1
1761;33137.83;50;3.31;1;1
1762;33186.71;50;3.31;1;1
1763;33137.83;50;3.32;1;1
1764;33186.71;50;3.31;1;1
1765;33137.83;50;3.32;1;1
1766;33186.71;50;3.31;1;1
1767;33137.83;50;3.32;1;1
1768;33186.71;50;3.31;1;1
1769;33137.83;50;3.32;1;1
1770;33137.83;50;3.31;1;1
1771;33137.83;50;3.31;1;1
1772;33186.71;50;3.31;1;1
1773;33137.83;50;3.32;1;1
1774;33137.83;50;3.31;1;1
1775;33137.83;50;3.31;1;1
1776;33137.83;50;3.31;1;1
1777;33137.83;50;3.31;1;1
1778;33137.83;50;3.31;1;1
1779;33137.83;50;3.31;1;1
1780;33137.83;50;3.31;1;1
1781;33137.83;50;3.31;1;1
1782;33186.71;50;3.31;1;1
1783;33137.83;50;3.32;1;1
1784;33186.71;50;3.31;1;1
1785;33137.83;50;3.32;1;1
1786;33186.71;50;3.31;1;1
1787;33137.83;50;3.32;1;1
1788;33137.83;50;3.31;1;1
1789;33137.83;50;3.31;1;1
1790;33137.83;50;3.31;1;1
1791;33137.83;50;3.31;1;1
1792;33137.83;50;3.31;1;1
1793;33137.83;50;3.31;1;1
1794;33186.71;50;3.31;1;1
1795;33186.71;50;3.32;1;1
1796;33137.83;50;3.32;1;1
1797;33137.83;50;3.31;1;1
1798;33137.83;50;3.31;1;1
1799;33137.83;50;3.31;1;1
1800;33186.71;50;3.31;1;1
1801;33186.71;50;3.32;1;1
1802;33186.71;50;3.32;1;1
1803;33186.71;50;3.32;1;1
1804;33137.83;50;3.32;1;1
1805;33186.71;50;3.31;1;1
1806;33137.83;50;3.32;1;1
1807;33186.71;50;3.31;1;1
1808;33137.83;50;3.32;1;1
1809;33186.71;50;3.31;1;1
1810;33186.71;50;3.32;1;1
1811;33186.71;50;3.32;1;1
1812;33137.83;50;3.32;1;1
1813;33186.71;50;3.31;1;1
1814;33186.71;50;3.32;1;1
1815;33186.71;50;3.32;1;1
1816;33186.71;50;3.32;1;1
1817;33186.71;50;3.32;1;1
1818;33186.71;50;3.32;1;1
1819;33186.71;50;3.32;1;1
1820;33186.71;50;3.32;1;1
1821;33186.71;50;3.32;1;1
1822;33186.71;50;3.32;1;1
1823;33186.71;50;3.32;1;1
1824;33186.71;50;3.32;1;1
1825;33186.71;50;3.32;1;1
1826;33137.83;50;3.32;1;1
1827;33186.71;50;3.31;1;1
1828;33137.83;50;3.32;1;1
1829;33186.71;50;3.31;1;1
1830;33137.83;50;3.32;1;1
1831;33186.71;50;3.31;1;1
1832;33137.83;50;3.32;1;1
1833;33186.71;50;3.31;1;1
1834;33137.83;50;3.32;1;1
1835;33186.71;50;3.31;1;1
1836;33137.83;50;3.32;1;1
1837;33186.71;50;3.31;1;1
1838;33137.83;50;3.32;1;1
1839;33186.71;50;3.31;1;1
1840;33186.71;50;3.32;1;1
1841;33186.71;50;3.32;1;1
1842;33137.83;50;3.32;1;1
1843;33186.71;50;3.31;1;1
1844;33137.83;50;3.32;1;1
1845;33186.71;50;3.31;1;1
1846;33137.83;50;3.32;1;1
1847;33186.71;50;3.31;1;1
1848;33137.83;50;3.32;1;1
1849;33186.71;50;3.31;1;1
1850;33186.71;50;3.32;1;1
1851;33186.71;50;3.32;1;1
1852;33137.83;50;3.32;1;1
1853;33186.71;50;3.31;1;1
1854;33137.83;50;3.32;1;1
1855;33186.71;50;3.31;1;1
1856;33137.83;50;3.32;1;1
1857;33186.71;50;3.31;1;1
1858;33186.71;50;3.32;1;1
1859;33186.71;50;3.32;1;1
1860;33137.83;50;3.32;1;1
1861;33186.71;50;3.31;1;1
1862;33186.71;50;3.32;1;1
1863;33186.71;50;3.32;1;1
1864;33137.83;50;3.32;1;1
1865;33186.71;50;3.31;1;1
1866;33137.83;50;3.32;1;1
1867;33186.71;50;3.31;1;1
1868;33186.71;50;3.32;1;1
1869;33186.71;50;3.32;1;1
1870;33137.83;50;3.32;1;1
1871;33186.71;50;3.31;1;1
1872;33186.71;50;3.32;1;1
1873;33186.71;50;3.32;1;1
1874;33186.71;50;3.32;1;1
1875;33186.71;50;3.32;1;1
1876;33186.71;50;3.32;1;1
1877;33186.71;50;3.32;1;1
1878;33186.71;50;3.32;1;1
1879;33186.71;50;3.32;1;1
1880;33137.83;50;3.32;1;1
1881;33186.71;50;3.31;1;1
1882;33186.71;50;3.32;1;1
1883;33186.71;50;3.32;1;1
1884;33186.71;50;3.32;1;1
1885;33186.71;50;3.32;1;1
1886;33186.71;50;3.32;1;1
1887;33186.71;50;3.32;1;1
1888;33186.71;50;3.32;1;1
1889;33186.71;50;3.32;1;1
1890;33186.71;50;3.32;1;1
1891;33186.71;50;3.32;1;1
1892;33186.71;50;3.32;1;1
1893;33186.71;50;3.32;1;1
1894;33186.71;50;3.32;1;1
1895;33186.71;50;3.32;1;1
1896;33186.71;50;3.32;1;1
1897;33186.71;50;3.32;1;1
1898;33186.71;50;3.32;1;1
1899;33186.71;50;3.32;1;1
1900;33186.71;50;3.32;1;1
1901;33186.71;50;3.32;1;1
1902;33186.71;50;3.32;1;1
1903;33186.71;50;3.32;1;1
1904;33186.71;50;3.32;1;1
1905;33186.71;50;3.32;1;1
1906;33186.71;50;3.32;1;1
1907;33186.71;50;3.32;1;1
1908;33186.71;50;3.32;1;1
1909;33186.71;50;3.32;1;1
1910;33186.71;50;3.32;1;1
1911;33186.71;50;3.32;1;1
1912;33186.71;50;3.32;1;1
1913;33186.71;50;3.32;1;1
1914;33186.71;50;3.32;1;1
1915;33186.71;50;3.32;1;1
1916;33186.71;50;3.32;1;1
1917;33186.71;50;3.32;1;1
1918;33186.71;50;3.32;1;1
1919;33186.71;50;3.32;1;1
1920;33186.71;50;3.32;1;1
1921;33186.71;50;3.32;1;1
1922;33186.71;50;3.32;1;1
1923;33186.71;50;3.32;1;1
1924;33186.71;50;3.32;1;1
1925;33186.71;50;3.32;1;1
1926;33186.71;50;3.32;1;1
1927;33186.71;50;3.32;1;1
1928;33186.71;50;3.32;1;1
1929;33186.71;50;3.32;1;1
1930;33186.71;50;3.32;1;1
1931;33186.71;50;3.32;1;1
1932;33186.71;50;3.32;1;1
1933;33186.71;50;3.32;1;1
1934;33186.71;50;3.32;1;1
1935;33186.71;50;3.32;1;1
1936;33186.71;50;3.32;1;1
1937;33186.71;50;3.32;1;1
1938;33186.71;50;3.32;1;1
1939;33186.71;50;3.32;1;1
1940;33186.71;50;3.32;1;1
1941;33186.71;50;3.32;1;1
1942;33186.71;50;3.32;1;1
1943;33186.71;50;3.32;1;1
1944;33186.71;50;3.32;1;1
1945;33186.71;50;3.32;1;1
1946;33186.71;50;3.32;1;1
1947;33186.71;50;3.32;1;1
1948;33186.71;50;3.32;1;1
1949;33186.71;50;3.32;1;1
1950;33186.71;50;3.32;1;1
1951;33186.71;50;3.32;1;1
1952;33186.71;50;3.32;1;1
1953;33186.71;50;3.32;1;1
1954;33186.71;50;3.32;1;1
1955;33186.71;50;3.32;1;1
1956;33186.71;50;3.32;1;1
1957;33186.71;50;3.32;1;1
1958;33186.71;50;3.32;1;1
1959;33186.71;50;3.32;1;1
1960;33186.71;50;3.32;1;1
1961;33186.71;50;3.32;1;1
1962;33186.71;50;3.32;1;1
1963;33137.83;50;3.32;1;1
1964;33186.71;50;3.31;1;1
1965;33186.71;50;3.32;1;1
1966;33186.71;50;3.32;1;1
1967;33186.71;50;3.32;1;1
1968;33186.71;50;3.32;1;1
1969;33186.71;50;3.32;1;1
1970;33186.71;50;3.32;1;1
1971;33186.71;50;3.32;1;1
1972;33186.71;50;3.32;1;1
1973;33186.71;50;3.32;1;1
1974;33186.71;50;3.32;1;1
1975;33186.71;50;3.32;1;1
1976;33235.58;50;3.32;1;1
1977;33186.71;50;3.32;1;1
1978;33235.58;50;3.32;1;1
1979;33186.71;50;3.32;1;1
1980;33235.58;50;3.32;1;1
1981;33186.71;50;3.32;1;1
1982;33186.71;50;3.32;1;1
1983;33186.71;50;3.32;1;1
1984;33186.71;50;3.32;1;1
1985;33186.71;50;3.32;1;1
1986;33235.58;50;3.32;1;1
1987;33186.71;50;3.32;1;1
1988;33186.71;50;3.32;1;1
1989;33186.71;50;3.32;1;1
1990;33186.71;50;3.32;1;1
1991;33186.71;50;3.32;1;1
1992;33186.71;50;3.32;1;1
1993;33186.71;50;3.32;1;1
1994;33186.71;50;3.32;1;1
1995;33186.71;50;3.32;1;1
1996;33186.71;50;3.32;1;1
1997;33186.71;50;3.32;1;1
1998;33186.71;50;3.32;1;1
1999;33186.71;50;3.32;1;1
2000;33186.71;50;3.32;1;1
2001;33186.71;50;3.32;1;1
2002;33186.71;50;3.32;1;1
2003;33186.71;50;3.32;1;1
2004;33186.71;50;3.32;1;1
2005;33186.71;50;3.32;1;1
2006;33186.71;50;3.32;1;1
2007;33186.71;50;3.32;1;1
2008;33186.71;50;3.32;1;1
2009;33186.71;50;3.32;1;1
2010;33186.71;50;3.32;1;1
2011;33186.71;50;3.32;1;1
2012;33186.71;50;3.32;1;1
2013;33186.71;50;3.32;1;1
2014;33186.71;50;3.32;1;1
2015;33186.71;50;3.32;1;1
2016;33186.71;50;3.32;1;1
2017;33186.71;50;3.32;1;1
2018;33186.71;50;3.32;1;1
2019;33186.71;50;3.32;1;1
2020;33186.71;50;3.32;1;1
2021;33186.71;50;3.32;1;1
2022;33186.71;50;3.32;1;1
2023;33186.71;50;3.32;1;1
2024;33186.71;50;3.32;1;1
2025;33186.71;50;3.32;1;1
2026;33186.71;50;3.32;1;1
2027;33186.71;50;3.32;1;1
2028;33186.71;50;3.32;1;1
2029;33186.71;50;3.32;1;1
2030;33186.71;50;3.32;1;1
2031;33186.71;50;3.32;1;1
2032;33186.71;50;3.32;1;1
2033;33186.71;50;3.32;1;1
2034;33186.71;50;3.32;1;1
2035;33186.71;50;3.32;1;1
2036;33186.71;50;3.32;1;1
2037;33186.71;50;3.32;1;1
2038;33186.71;50;3.32;1;1
2039;33186.71;50;3.32;1;1
2040;33186.71;50;3.32;1;1
2041;33186.71;50;3.32;1;1
2042;33186.71;50;3.32;1;1
2043;33186.71;50;3.32;1;1
2044;33186.71;50;3.32;1;1
2045;33186.71;50;3.32;1;1
2046;33186.71;50;3.32;1;1
2047;33186.71;50;3.32;1;1
2048;33186.71;50;3.32;1;1
2049;33186.71;50;3.32;1;1
2050;33186.71;50;3.32;1;1
2051;33186.71;50;3.32;1;1
2052;33186.71;50;3.32;1;1
2053;33186.71;50;3.32;1;1
2054;33186.71;50;3.32;1;1
2055;33186.71;50;3.32;1;1
2056;33186.71;50;3.32;1;1
2057;33186.71;50;3.32;1;1
2058;33186.71;50;3.32;1;1
2059;33186.71;50;3.32;1;1
2060;33186.71;50;3.32;1;1
2061;33186.71;50;3.32;1;1
2062;33186.71;50;3.32;1;1
2063;33186.71;50;3.32;1;1
2064;33186.71;50;3.32;1;1
2065;33186.71;50;3.32;1;1
2066;33186.71;50;3.32;1;1
2067;33186.71;50;3.32;1;1
2068;33186.71;50;3.32;1;1
2069;33235.58;50;3.32;1;1
2070;33186.71;50;3.32;1;1
2071;33186.71;50;3.32;1;1
2072;33186.71;50;3.32;1;1
2073;33235.58;50;3.32;1;1
2074;33186.71;50;3.32;1;1
2075;33235.58;50;3.32;1;1
2076;33186.71;50;3.32;1;1
2077;33235.58;50;3.32;1;1
2078;33186.71;50;3.32;1;1
2079;33186.71;50;3.32;1;1
2080;33186.71;50;3.32;1;1
2081;33235.58;50;3.32;1;1
2082;33186.71;50;3.32;1;1
2083;33235.58;50;3.32;1;1
2084;33186.71;50;3.32;1;1
2085;33235.58;50;3.32;1;1
2086;33186.71;50;3.32;1;1
2087;33235.58;50;3.32;1;1
2088;33186.71;50;3.32;1;1
2089;33235.58;50;3.32;1;1
2090;33186.71;50;3.32;1;1
2091;33235.58;50;3.32;1;1
2092;33186.71;50;3.32;1;1
2093;33235.58;50;3.32;1;1
2094;33186.71;50;3.32;1;1
2095;33235.58;50;3.32;1;1
2096;33186.71;50;3.32;1;1
2097;33235.58;50;3.32;1;1
2098;33186.71;50;3.32;1;1
2099;33235.58;50;3.32;1;1
2100;33186.71;50;3.32;1;1
2101;33235.58;50;3.32;1;1
2102;33186.71;50;3.32;1;1
2103;33235.58;50;3.32;1;1
2104;33186.71;50;3.32;1;1
2105;33235.58;50;3.32;1;1
2106;33186.71;50;3.32;1;1
2107;33235.58;50;3.32;1;1
2108;33186.71;50;3.32;1;1
2109;33235.58;50;3.32;1;1
2110;33186.71;50;3.32;1;1
2111;33235.58;50;3.32;1;1
2112;33186.71;50;3.32;1;1
2113;33235.58;50;3.32;1;1
2114;33186.71;50;3.32;1;1
2115;33235.58;50;3.32;1;1
2116;33186.71;50;3.32;1;1
2117;33235.58;50;3.32;1;1
2118;33186.71;50;3.32;1;1
2119;33235.58;50;3.32;1;1
2120;33186.71;50;3.32;1;1
2121;33235.58;50;3.32;1;1
2122;33186.71;50;3.32;1;1
2123;33235.58;50;3.32;1;1
2124;33186.71;50;3.32;1;1
2125;33235.58;50;3.32;1;1
2126;33186.71;50;3.32;1;1
2127;33186.71;50;3.32;1;1
2128;33186.71;50;3.32;1;1
2129;33186.71;50;3.32;1;1
2130;33186.71;50;3.32;1;1
2131;33235.58;50;3.32;1;1
2132;33186.71;50;3.32;1;1
2133;33235.58;50;3.32;1;1
2134;33186.71;50;3.32;1;1
2135;33235.58;50;3.32;1;1
2136;33186.71;50;3.32;1;1
2137;33235.58;50;3.32;1;1
2138;33186.71;50;3.32;1;1
2139;33235.58;50;3.32;1;1
2140;33186.71;50;3.32;1;1
2141;33235.58;50;3.32;1;1
2142;33186.71;50;3.32;1;1
2143;33235.58;50;3.32;1;1
2144;33186.71;50;3.32;1;1
2145;33235.58;50;3.32;1;1
2146;33186.71;50;3.32;1;1
2147;33235.58;50;3.32;1;1
2148;33186.71;50;3.32;1;1
2149;33235.58;50;3.32;1;1
2150;33186.71;50;3.32;1;1
2151;33235.58;50;3.32;1;1
2152;33186.71;50;3.32;1;1
2153;33235.58;50;3.32;1;1
2154;33186.71;50;3.32;1;1
2155;33235.58;50;3.32;1;1
2156;33186.71;50;3.32;1;1
2157;33235.58;50;3.32;1;1
2158;33186.71;50;3.32;1;1
2159;33235.58;50;3.32;1;1
2160;33186.71;50;3.32;1;1
2161;33235.58;50;3.32;1;1
2162;33186.71;50;3.32;1;1
2163;33235.58;50;3.32;1;1
2164;33186.71;50;3.32;1;1
2165;33186.71;50;3.32;1;1
2166;33186.71;50;3.32;1;1
2167;33235.58;50;3.32;1;1
2168;33186.71;50;3.32;1;1
2169;33235.58;50;3.32;1;1
2170;33186.71;50;3.32;1;1
2171;33235.58;50;3.32;1;1
2172;33186.71;50;3.32;1;1
2173;33235.58;50;3.32;1;1
2174;33186.71;50;3.32;1;1
2175;33235.58;50;3.32;1;1
2176;33186.71;50;3.32;1;1
2177;33235.58;50;3.32;1;1
2178;33186.71;50;3.32;1;1
2179;33235.58;50;3.32;1;1
2180;33186.71;50;3.32;1;1
2181;33235.58;50;3.32;1;1
2182;33186.71;50;3.32;1;1
2183;33235.58;50;3.32;1;1
2184;33186.71;50;3.32;1;1
2185;33235.58;50;3.32;1;1
2186;33186.71;50;3.32;1;1
2187;33235.58;50;3.32;1;1
2188;33186.71;50;3.32;1;1
2189;33235.58;50;3.32;1;1
2190;33186.71;50;3.32;1;1
2191;33235.58;50;3.32;1;1
2192;33186.71;50;3.32;1;1
2193;33235.58;50;3.32;1;1
2194;33186.71;50;3.32;1;1
2195;33186.71;50;3.32;1;1
2196;33186.71;50;3.32;1;1
2197;33235.58;50;3.32;1;1
2198;33186.71;50;3.32;1;1
2199;33235.58;50;3.32;1;1
2200;33186.71;50;3.32;1;1
2201;33235.58;50;3.32;1;1
2202;33186.71;50;3.32;1;1
2203;33186.71;50;3.32;1;1
2204;33186.71;50;3.32;1;1
2205;33186.71;50;3.32;1;1
2206;33186.71;50;3.32;1;1
2207;33235.58;50;3.32;1;1
2208;33186.71;50;3.32;1;1
2209;33235.58;50;3.32;1;1
2210;33186.71;50;3.32;1;1
2211;33186.71;50;3.32;1;1
2212;33186.71;50;3.32;1;1
2213;33186.71;50;3.32;1;1
2214;33186.71;50;3.32;1;1
2215;33186.71;50;3.32;1;1
2216;33186.71;50;3.32;1;1
2217;33186.71;50;3.32;1;1
2218;33186.71;50;3.32;1;1
2219;33186.71;50;3.32;1;1
2220;33186.71;50;3.32;1;1
2221;33235.58;50;3.32;1;1
2222;33186.71;50;3.32;1;1
2223;33186.71;50;3.32;1;1
2224;33186.71;50;3.32;1;1
2225;33186.71;50;3.32;1;1
2226;33186.71;50;3.32;1;1
2227;33235.58;50;3.32;1;1
2228;33186.71;50;3.32;1;1
2229;33186.71;50;3.32;1;1
2230;33186.71;50;3.32;1;1
2231;33186.71;50;3.32;1;1
2232;33186.71;50;3.32;1;1
2233;33186.71;50;3.32;1;1
2234;33186.71;50;3.32;1;1
2235;33186.71;50;3.32;1;1
2236;33186.71;50;3.32;1;1
2237;33186.71;50;3.32;1;1
2238;33186.71;50;3.32;1;1
2239;33186.71;50;3.32;1;1
2240;33186.71;50;3.32;1;1
2241;33186.71;50;3.32;1;1
2242;33186.71;50;3.32;1;1
2243;33186.71;50;3.32;1;1
2244;33186.71;50;3.32;1;1
2245;33186.71;50;3.32;1;1
2246;33186.71;50;3.32;1;1
2247;33186.71;50;3.32;1;1
2248;33186.71;50;3.32;1;1
2249;33186.71;50;3.32;1;1
2250;33186.71;50;3.32;1;1
2251;33186.71;50;3.32;1;1
2252;33186.71;50;3.32;1;1
2253;33186.71;50;3.32;1;1
2254;33186.71;50;3.32;1;1
2255;33186.71;50;3.32;1;1
2256;33235.58;50;3.32;1;1
2257;33186.71;50;3.32;1;1
2258;33186.71;50;3.32;1;1
2259;33186.71;50;3.32;1;1
2260;33186.71;50;3.32;1;1
2261;33186.71;50;3.32;1;1
2262;33186.71;50;3.32;1;1
2263;33186.71;50;3.32;1;1
2264;33235.58;50;3.32;1;1
2265;33186.71;50;3.32;1;1
2266;33235.58;50;3.32;1;1
2267;33186.71;50;3.32;1;1
2268;33235.58;50;3.32;1;1
2269;33186.71;50;3.32;1;1
2270;33235.58;50;3.32;1;1
2271;33186.71;50;3.32;1;1
2272;33235.58;50;3.32;1;1
2273;33186.71;50;3.32;1;1
2274;33235.58;50;3.32;1;1
2275;33186.71;50;3.32;1;1
2276;33235.58;50;3.32;1;1
2277;33186.71;50;3.32;1;1
2278;33235.58;50;3.32;1;1
2279;33186.71;50;3.32;1;1
2280;33235.58;50;3.32;1;1
2281;33186.71;50;3.32;1;1
2282;33235.58;50;3.32;1;1
2283;33186.71;50;3.32;1;1
2284;33235.58;50;3.32;1;1
2285;33186.71;50;3.32;1;1
2286;33235.58;50;3.32;1;1
2287;33186.71;50;3.32;1;1
2288;33235.58;50;3.32;1;1
2289;33186.71;50;3.32;1;1
2290;33235.58;50;3.32;1;1
2291;33186.71;50;3.32;1;1
2292;33235.58;50;3.32;1;1
2293;33186.71;50;3.32;1;1
2294;33235.58;50;3.32;1;1
2295;33186.71;50;3.32;1;1
2296;33235.58;50;3.32;1;1
2297;33186.71;50;3.32;1;1
2298;33235.58;50;3.32;1;1
2299;33186.71;50;3.32;1;1
2300;33235.58;50;3.32;1;1
2301;33186.71;50;3.32;1;1
2302;33235.58;50;3.32;1;1
2303;33186.71;50;3.32;1;1
2304;33235.58;50;3.32;1;1
2305;33186.71;50;3.32;1;1
2306;33235.58;50;3.32;1;1
2307;33186.71;50;3.32;1;1
2308;33235.58;50;3.32;1;1
2309;33186.71;50;3.32;1;1
2310;33186.71;50;3.32;1;1
2311;33186.71;50;3.32;1;1
2312;33186.71;50;3.32;1;1
2313;33186.71;50;3.32;1;1
2314;33235.58;50;3.32;1;1
2315;33186.71;50;3.32;1;1
2316;33235.58;50;3.32;1;1
2317;33186.71;50;3.32;1;1
2318;33186.71;50;3.32;1;1
2319;33186.71;50;3.32;1;1
2320;33235.58;50;3.32;1;1
2321;33186.71;50;3.32;1;1
2322;33235.58;50;3.32;1;1
2323;33186.71;50;3.32;1;1
2324;33235.58;50;3.32;1;1
2325;33186.71;50;3.32;1;1
2326;33235.58;50;3.32;1;1
2327;33186.71;50;3.32;1;1
2328;33235.58;50;3.32;1;1
2329;33186.71;50;3.32;1;1
2330;33235.58;50;3.32;1;1
2331;33186.71;50;3.32;1;1
2332;33235.58;50;3.32;1;1
2333;33186.71;50;3.32;1;1
2334;33235.58;50;3.32;1;1
2335;33186.71;50;3.32;1;1
2336;33235.58;50;3.32;1;1
2337;33186.71;50;3.32;1;1
2338;33235.58;50;3.32;1;1
2339;33186.71;50;3.32;1;1
2340;33235.58;50;3.32;1;1
2341;33186.71;50;3.32;1;1
2342;33235.58;50;3.32;1;1
2343;33186.71;50;3.32;1;1
2344;33235.58;50;3.32;1;1
2345;33186.71;50;3.32;1;1
2346;33235.58;50;3.32;1;1
2347;33186.71;50;3.32;1;1
2348;33235.58;50;3.32;1;1
2349;33186.71;50;3.32;1;1
2350;33235.58;50;3.32;1;1
2351;33186.71;50;3.32;1;1
2352;33235.58;50;3.32;1;1
2353;33186.71;50;3.32;1;1
2354;33235.58;50;3.32;1;1
2355;33186.71;50;3.32;1;1
2356;33235.58;50;3.32;1;1
2357;33186.71;50;3.32;1;1
2358;33235.58;50;3.32;1;1
2359;33186.71;50;3.32;1;1
2360;33235.58;50;3.32;1;1
2361;33186.71;50;3.32;1;1
2362;33235.58;50;3.32;1;1
2363;33186.71;50;3.32;1;1
2364;33235.58;50;3.32;1;1
2365;33186.71;50;3.32;1;1
2366;33235.58;50;3.32;1;1
2367;33186.71;50;3.32;1;1
2368;33235.58;50;3.32;1;1
2369;33186.71;50;3.32;1;1
2370;33235.58;50;3.32;1;1
2371;33186.71;50;3.32;1;1
2372;33186.71;50;3.32;1;1
2373;33186.71;50;3.32;1;1
2374;33235.58;50;3.32;1;1
2375;33186.71;50;3.32;1;1
2376;33235.58;50;3.32;1;1
2377;33186.71;50;3.32;1;1
2378;33235.58;50;3.32;1;1
2379;33186.71;50;3.32;1;1
2380;33235.58;50;3.32;1;1
2381;33186.71;50;3.32;1;1
2382;33235.58;50;3.32;1;1
2383;33186.71;50;3.32;1;1
2384;33235.58;50;3.32;1;1
2385;33186.71;50;3.32;1;1
2386;33235.58;50;3.32;1;1
2387;33186.71;50;3.32;1;1
2388;33235.58;50;3.32;1;1
2389;33186.71;50;3.32;1;1
2390;33235.58;50;3.32;1;1
2391;33186.71;50;3.32;1;1
2392;33235.58;50;3.32;1;1
2393;33186.71;50;3.32;1;1
2394;33235.58;50;3.32;1;1
2395;33186.71;50;3.32;1;1
2396;33235.58;50;3.32;1;1
2397;33186.71;50;3.32;1;1
2398;33235.58;50;3.32;1;1
2399;33186.71;50;3.32;1;1
2400;33235.58;50;3.32;1;1
2401;33186.71;50;3.32;1;1
2402;33235.58;50;3.32;1;1
2403;33186.71;50;3.32;1;1
2404;33235.58;50;3.32;1;1
2405;33186.71;50;3.32;1;1
2406;33235.58;50;3.32;1;1
2407;33186.71;50;3.32;1;1
2408;33186.71;50;3.32;1;1
2409;33186.71;50;3.32;1;1
2410;33186.71;50;3.32;1;1
2411;33186.71;50;3.32;1;1
2412;33235.58;50;3.32;1;1
2413;33235.58;50;3.32;1;1
2414;33235.58;50;3.32;1;1
2415;33235.58;50;3.32;1;1
2416;33186.71;50;3.32;1;1
2417;33186.71;50;3.32;1;1
2418;33186.71;50;3.32;1;1
2419;33186.71;50;3.32;1;1
2420;33235.58;50;3.32;1;1
2421;33235.58;50;3.32;1;1
2422;33186.71;50;3.32;1;1
2423;33186.71;50;3.32;1;1
2424;33186.71;50;3.32;1;1
2425;33186.71;50;3.32;1;1
2426;33186.71;50;3.32;1;1
2427;33186.71;50;3.32;1;1
2428;33186.71;50;3.32;1;1
2429;33235.58;50;3.32;1;1
2430;33186.71;50;3.32;1;1
2431;33235.58;50;3.32;1;1
2432;33186.71;50;3.32;1;1
2433;33235.58;50;3.32;1;1
2434;33186.71;50;3.32;1;1
2435;33235.58;50;3.32;1;1
2436;33186.71;50;3.32;1;1
2437;33186.71;50;3.32;1;1
2438;33186.71;50;3.32;1;1
2439;33235.58;50;3.32;1;1
2440;33186.71;50;3.32;1;1
2441;33235.58;50;3.32;1;1
2442;33186.71;50;3.32;1;1
2443;33186.71;50;3.32;1;1
2444;33186.71;50;3.32;1;1
2445;33235.58;50;3.32;1;1
2446;33186.71;50;3.32;1;1
2447;33235.58;50;3.32;1;1
2448;33186.71;50;3.32;1;1
2449;33235.58;50;3.32;1;1
2450;33186.71;50;3.32;1;1
2451;33235.58;50;3.32;1;1
2452;33186.71;50;3.32;1;1
2453;33235.58;50;3.32;1;1
2454;33186.71;50;3.32;1;1
2455;33235.58;50;3.32;1;1
2456;33186.71;50;3.32;1;1
2457;33235.58;50;3.32;1;1
2458;33186.71;50;3.32;1;1
2459;33235.58;50;3.32;1;1
2460;33186.71;50;3.32;1;1
2461;33235.58;50;3.32;1;1
2462;33186.71;50;3.32;1;1
2463;33235.58;50;3.32;1;1
2464;33186.71;50;3.32;1;1
2465;33235.58;50;3.32;1;1
2466;33186.71;50;3.32;1;1
2467;33235.58;50;3.32;1;1
2468;33186.71;50;3.32;1;1
2469;33235.58;50;3.32;1;1
2470;33186.71;50;3.32;1;1
2471;33235.58;50;3.32;1;1
2472;33186.71;50;3.32;1;1
2473;33235.58;50;3.32;1;1
2474;33186.71;50;3.32;1;1
2475;33235.58;50;3.32;1;1
2476;33186.71;50;3.32;1;1
2477;33235.58;50;3.32;1;1
2478;33186.71;50;3.32;1;1
2479;33235.58;50;3.32;1;1
2480;33186.71;50;3.32;1;1
2481;33235.58;50;3.32;1;1
2482;33186.71;50;3.32;1;1
2483;33235.58;50;3.32;1;1
2484;33186.71;50;3.32;1;1
2485;33235.58;50;3.32;1;1
2486;33186.71;50;3.32;1;1
2487;33235.58;50;3.32;1;1
2488;33186.71;50;3.32;1;1
2489;33235.58;50;3.32;1;1
2490;33186.71;50;3.32;1;1
2491;33235.58;50;3.32;1;1
2492;33186.71;50;3.32;1;1
2493;33186.71;50;3.32;1;1
2494;33186.71;50;3.32;1;1
2495;33235.58;50;3.32;1;1
2496;33186.71;50;3.32;1;1
2497;33235.58;50;3.32;1;1
2498;33186.71;50;3.32;1;1
2499;33235.58;50;3.32;1;1
2500;33186.71;50;3.32;1;1
2501;33235.58;50;3.32;1;1
2502;33186.71;50;3.32;1;1
2503;33235.58;50;3.32;1;1
2504;33186.71;50;3.32;1;1
2505;33235.58;50;3.32;1;1
2506;33186.71;50;3.32;1;1
2507;33235.58;50;3.32;1;1
2508;33186.71;50;3.32;1;1
2509;33235.58;50;3.32;1;1
2510;33186.71;50;3.32;1;1
2511;33235.58;50;3.32;1;1
2512;33186.71;50;3.32;1;1
2513;33235.58;50;3.32;1;1
2514;33186.71;50;3.32;1;1
2515;33235.58;50;3.32;1;1
2516;33186.71;50;3.32;1;1
2517;33235.58;50;3.32;1;1
2518;33186.71;50;3.32;1;1
2519;33235.58;50;3.32;1;1
2520;33186.71;50;3.32;1;1
2521;33235.58;50;3.32;1;1
2522;33186.71;50;3.32;1;1
2523;33235.58;50;3.32;1;1
2524;33186.71;50;3.32;1;1
2525;33235.58;50;3.32;1;1
2526;33186.71;50;3.32;1;1
2527;33235.58;50;3.32;1;1
2528;33186.71;50;3.32;1;1
2529;33235.58;50;3.32;1;1
2530;33186.71;50;3.32;1;1
2531;33235.58;50;3.32;1;1
2532;33186.71;50;3.32;1;1
2533;33235.58;50;3.32;1;1
2534;33186.71;50;3.32;1;1
2535;33235.58;50;3.32;1;1
2536;33186.71;50;3.32;1;1
2537;33235.58;50;3.32;1;1
2538;33186.71;50;3.32;1;1
2539;33235.58;50;3.32;1;1
2540;33186.71;50;3.32;1;1
2541;33235.58;50;3.32;1;1
2542;33186.71;50;3.32;1;1
2543;33235.58;50;3.32;1;1
2544;33186.71;50;3.32;1;1
2545;33235.58;50;3.32;1;1
2546;33186.71;50;3.32;1;1
2547;33235.58;50;3.32;1;1
2548;33186.71;50;3.32;1;1
2549;33235.58;50;3.32;1;1
2550;33186.71;50;3.32;1;1
2551;33235.58;50;3.32;1;1
2552;33186.71;50;3.32;1;1
2553;33235.58;50;3.32;1;1
2554;33186.71;50;3.32;1;1
2555;33235.58;50;3.32;1;1
2556;33186.71;50;3.32;1;1
2557;33235.58;50;3.32;1;1
2558;33186.71;50;3.32;1;1
2559;33235.58;50;3.32;1;1
2560;33186.71;50;3.32;1;1
2561;33235.58;50;3.32;1;1
2562;33186.71;50;3.32;1;1
2563;33235.58;50;3.32;1;1
2564;33186.71;50;3.32;1;1
2565;33235.58;50;3.32;1;1
2566;33186.71;50;3.32;1;1
2567;33235.58;50;3.32;1;1
2568;33186.71;50;3.32;1;1
2569;33235.58;50;3.32;1;1
2570;33186.71;50;3.32;1;1
2571;33235.58;50;3.32;1;1
2572;33186.71;50;3.32;1;1
2573;33235.58;50;3.32;1;1
2574;33186.71;50;3.32;1;1
2575;33235.58;50;3.32;1;1
2576;33186.71;50;3.32;1;1
2577;33235.58;50;3.32;1;1
2578;33186.71;50;3.32;1;1
2579;33235.58;50;3.32;1;1
2580;33186.71;50;3.32;1;1
2581;33235.58;50;3.32;1;1
2582;33186.71;50;3.32;1;1
2583;33186.71;50;3.32;1;1
2584;33186.71;50;3.32;1;1
2585;33235.58;50;3.32;1;1
2586;33186.71;50;3.32;1;1
2587;33235.58;50;3.32;1;1
2588;33186.71;50;3.32;1;1
2589;33235.58;50;3.32;1;1
2590;33186.71;50;3.32;1;1
2591;33186.71;50;3.32;1;1
2592;33186.71;50;3.32;1;1
2593;33186.71;50;3.32;1;1
2594;33235.58;50;3.32;1;1
2595;33235.58;50;3.32;1;1
2596;33186.71;50;3.32;1;1
2597;33235.58;50;3.32;1;1
2598;33186.71;50;3.32;1;1
2599;33186.71;50;3.32;1;1
2600;33186.71;50;3.32;1;1
2601;33186.71;50;3.32;1;1
2602;33186.71;50;3.32;1;1
2603;33235.58;50;3.32;1;1
2604;33186.71;50;3.32;1;1
2605;33235.58;50;3.32;1;1
2606;33235.58;50;3.32;1;1
2607;33186.71;50;3.32;1;1
2608;33186.71;50;3.32;1;1
2609;33186.71;50;3.32;1;1
2610;33235.58;50;3.32;1;1
2611;33186.71;50;3.32;1;1
2612;33186.71;50;3.32;1;1
2613;33186.71;50;3.32;1;1
2614;33235.58;50;3.32;1;1
2615;33186.71;50;3.32;1;1
2616;33235.58;50;3.32;1;1
2617;33186.71;50;3.32;1;1
2618;33235.58;50;3.32;1;1
2619;33186.71;50;3.32;1;1
2620;33235.58;50;3.32;1;1
2621;33186.71;50;3.32;1;1
2622;33235.58;50;3.32;1;1
2623;33186.71;50;3.32;1;1
2624;33186.71;50;3.32;1;1
2625;33186.71;50;3.32;1;1
2626;33235.58;50;3.32;1;1
2627;33186.71;50;3.32;1;1
2628;33235.58;50;3.32;1;1
2629;33186.71;50;3.32;1;1
2630;33235.58;50;3.32;1;1
2631;33186.71;50;3.32;1;1
2632;33186.71;50;3.32;1;1
2633;33186.71;50;3.32;1;1
2634;33235.58;50;3.32;1;1
2635;33186.71;50;3.32;1;1
2636;33235.58;50;3.32;1;1
2637;33186.71;50;3.32;1;1
2638;33235.58;50;3.32;1;1
2639;33186.71;50;3.32;1;1
2640;33235.58;50;3.32;1;1
2641;33186.71;50;3.32;1;1
2642;33235.58;50;3.32;1;1
2643;33186.71;50;3.32;1;1
2644;33235.58;50;3.32;1;1
2645;33186.71;50;3.32;1;1
2646;33235.58;50;3.32;1;1
2647;33186.71;50;3.32;1;1
2648;33235.58;50;3.32;1;1
2649;33186.71;50;3.32;1;1
2650;33235.58;50;3.32;1;1
2651;33186.71;50;3.32;1;1
2652;33235.58;50;3.32;1;1
2653;33186.71;50;3.32;1;1
2654;33235.58;50;3.32;1;1
2655;33186.71;50;3.32;1;1
2656;33235.58;50;3.32;1;1
2657;33186.71;50;3.32;1;1
2658;33235.58;50;3.32;1;1
2659;33186.71;50;3.32;1;1
2660;33235.58;50;3.32;1;1
2661;33186.71;50;3.32;1;1
2662;33235.58;50;3.32;1;1
2663;33235.58;50;3.32;1;1
2664;33235.58;50;3.32;1;1
2665;33186.71;50;3.32;1;1
2666;33235.58;50;3.32;1;1
2667;33235.58;50;3.32;1;1
2668;33235.58;50;3.32;1;1
2669;33186.71;50;3.32;1;1
2670;33235.58;50;3.32;1;1
2671;33186.71;50;3.32;1;1
2672;33235.58;50;3.32;1;1
2673;33186.71;50;3.32;1;1
2674;33235.58;50;3.32;1;1
2675;33235.58;50;3.32;1;1
2676;33235.58;50;3.32;1;1
2677;33186.71;50;3.32;1;1
2678;33235.58;50;3.32;1;1
2679;33186.71;50;3.32;1;1
2680;33235.58;50;3.32;1;1
2681;33186.71;50;3.32;1;1
2682;33235.58;50;3.32;1;1
2683;33186.71;50;3.32;1;1
2684;33235.58;50;3.32;1;1
2685;33186.71;50;3.32;1;1
2686;33235.58;50;3.32;1;1
2687;33186.71;50;3.32;1;1
2688;33235.58;50;3.32;1;1
2689;33186.71;50;3.32;1;1
2690;33235.58;50;3.32;1;1
2691;33186.71;50;3.32;1;1
2692;33235.58;50;3.32;1;1
2693;33186.71;50;3.32;1;1
2694;33235.58;50;3.32;1;1
2695;33186.71;50;3.32;1;1
2696;33235.58;50;3.32;1;1
2697;33235.58;50;3.32;1;1
2698;33235.58;50;3.32;1;1
2699;33186.71;50;3.32;1;1
2700;33235.58;50;3.32;1;1
2701;33186.71;50;3.32;1;1
2702;33235.58;50;3.32;1;1
2703;33186.71;50;3.32;1;1
2704;33235.58;50;3.32;1;1
2705;33235.58;50;3.32;1;1
2706;33235.58;50;3.32;1;1
2707;33186.71;50;3.32;1;1
2708;33235.58;50;3.32;1;1
2709;33186.71;50;3.32;1;1
2710;33235.58;50;3.32;1;1
2711;33235.58;50;3.32;1;1
2712;33235.58;50;3.32;1;1
2713;33235.58;50;3.32;1;1
2714;33235.58;50;3.32;1;1
2715;33186.71;50;3.32;1;1
2716;33235.58;50;3.32;1;1
2717;33186.71;50;3.32;1;1
2718;33235.58;50;3.32;1;1
2719;33186.71;50;3.32;1;1
2720;33235.58;50;3.32;1;1
2721;33186.71;50;3.32;1;1
2722;33235.58;50;3.32;1;1
2723;33235.58;50;3.32;1;1
2724;33235.58;50;3.32;1;1
2725;33186.71;50;3.32;1;1
2726;33235.58;50;3.32;1;1
2727;33186.71;50;3.32;1;1
2728;33235.58;50;3.32;1;1
2729;33186.71;50;3.32;1;1
2730;33235.58;50;3.32;1;1
2731;33235.58;50;3.32;1;1
2732;33235.58;50;3.32;1;1
2733;33235.58;50;3.32;1;1
2734;33235.58;50;3.32;1;1
2735;33186.71;50;3.32;1;1
2736;33235.58;50;3.32;1;1
2737;33186.71;50;3.32;1;1
2738;33235.58;50;3.32;1;1
2739;33235.58;50;3.32;1;1
2740;33235.58;50;3.32;1;1
2741;33235.58;50;3.32;1;1
2742;33235.58;50;3.32;1;1
2743;33235.58;50;3.32;1;1
2744;33235.58;50;3.32;1;1
2745;33235.58;50;3.32;1;1
2746;33235.58;50;3.32;1;1
2747;33186.71;50;3.32;1;1
2748;33235.58;50;3.32;1;1
2749;33235.58;50;3.32;1;1
2750;33235.58;50;3.32;1;1
2751;33235.58;50;3.32;1;1
2752;33235.58;50;3.32;1;1
2753;33235.58;50;3.32;1;1
2754;33235.58;50;3.32;1;1
2755;33235.58;50;3.32;1;1
2756;33235.58;50;3.32;1;1
2757;33235.58;50;3.32;1;1
2758;33235.58;50;3.32;1;1
2759;33235.58;50;3.32;1;1
2760;33235.58;50;3.32;1;1
2761;33235.58;50;3.32;1;1
2762;33235.58;50;3.32;1;1
2763;33235.58;50;3.32;1;1
2764;33235.58;50;3.32;1;1
2765;33235.58;50;3.32;1;1
2766;33235.58;50;3.32;1;1
2767;33235.58;50;3.32;1;1
2768;33235.58;50;3.32;1;1
2769;33235.58;50;3.32;1;1
2770;33235.58;50;3.32;1;1
2771;33235.58;50;3.32;1;1
2772;33186.71;50;3.32;1;1
2773;33235.58;50;3.32;1;1
2774;33235.58;50;3.32;1;1
2775;33235.58;50;3.32;1;1
2776;33235.58;50;3.32;1;1
2777;33235.58;50;3.32;1;1
2778;33235.58;50;3.32;1;1
2779;33235.58;50;3.32;1;1
2780;33235.58;50;3.32;1;1
2781;33235.58;50;3.32;1;1
2782;33235.58;50;3.32;1;1
2783;33235.58;50;3.32;1;1
2784;33235.58;50;3.32;1;1
2785;33235.58;50;3.32;1;1
2786;33235.58;50;3.32;1;1
2787;33235.58;50;3.32;1;1
2788;33235.58;50;3.32;1;1
2789;33235.58;50;3.32;1;1
2790;33235.58;50;3.32;1;1
2791;33235.58;50;3.32;1;1
2792;33235.58;50;3.32;1;1
2793;33235.58;50;3.32;1;1
2794;33186.71;50;3.32;1;1
2795;33186.71;50;3.32;1;1
2796;33235.58;50;3.32;1;1
2797;33235.58;50;3.32;1;1
2798;33235.58;50;3.32;1;1
2799;33235.58;50;3.32;1;1
2800;33235.58;50;3.32;1;1
2801;33235.58;50;3.32;1;1
2802;33235.58;50;3.32;1;1
2803;33235.58;50;3.32;1;1
2804;33235.58;50;3.32;1;1
2805;33235.58;50;3.32;1;1
2806;33235.58;50;3.32;1;1
2807;33235.58;50;3.32;1;1
2808;33235.58;50;3.32;1;1
2809;33235.58;50;3.32;1;1
2810;33186.71;50;3.32;1;1
2811;33235.58;50;3.32;1;1
2812;33235.58;50;3.32;1;1
2813;33235.58;50;3.32;1;1
2814;33235.58;50;3.32;1;1
2815;33235.58;50;3.32;1;1
2816;33235.58;50;3.32;1;1
2817;33235.58;50;3.32;1;1
2818;33235.58;50;3.32;1;1
2819;33235.58;50;3.32;1;1
2820;33235.58;50;3.32;1;1
2821;33235.58;50;3.32;1;1
2822;33186.71;50;3.32;1;1
2823;33235.58;50;3.32;1;1
2824;33186.71;50;3.32;1;1
2825;33235.58;50;3.32;1;1
2826;33235.58;50;3.32;1;1
2827;33235.58;50;3.32;1;1
2828;33186.71;50;3.32;1;1
2829;33235.58;50;3.32;1;1
2830;33235.58;50;3.32;1;1
2831;33235.58;50;3.32;1;1
2832;33186.71;50;3.32;1;1
2833;33235.58;50;3.32;1;1
2834;33186.71;50;3.32;1;1
2835;33235.58;50;3.32;1;1
2836;33235.58;50;3.32;1;1
2837;33235.58;50;3.32;1;1
2838;33186.71;50;3.32;1;1
2839;33235.58;50;3.32;1;1
2840;33186.71;50;3.32;1;1
2841;33235.58;50;3.32;1;1
2842;33235.58;50;3.32;1;1
2843;33235.58;50;3.32;1;1
2844;33186.71;50;3.32;1;1
2845;33235.58;50;3.32;1;1
2846;33235.58;50;3.32;1;1
2847;33235.58;50;3.32;1;1
2848;33186.71;50;3.32;1;1
2849;33235.58;50;3.32;1;1
2850;33235.58;50;3.32;1;1
2851;33235.58;50;3.32;1;1
2852;33235.58;50;3.32;1;1
2853;33235.58;50;3.32;1;1
2854;33186.71;50;3.32;1;1
2855;33235.58;50;3.32;1;1
2856;33235.58;50;3.32;1;1
2857;33235.58;50;3.32;1;1
2858;33235.58;50;3.32;1;1
2859;33235.58;50;3.32;1;1
2860;33235.58;50;3.32;1;1
2861;33235.58;50;3.32;1;1
2862;33186.71;50;3.32;1;1
2863;33235.58;50;3.32;1;1
2864;33186.71;50;3.32;1;1
2865;33235.58;50;3.32;1;1
2866;33186.71;50;3.32;1;1
2867;33235.58;50;3.32;1;1
2868;33235.58;50;3.32;1;1
2869;33284.46;50;3.32;1;1
2870;33235.58;50;3.33;1;1
2871;33235.58;50;3.32;1;1
2872;33235.58;50;3.32;1;1
2873;33235.58;50;3.32;1;1
2874;33186.71;50;3.32;1;1
2875;33235.58;50;3.32;1;1
2876;33186.71;50;3.32;1;1
2877;33284.46;50;3.32;1;1
2878;33235.58;50;3.33;1;1
2879;33235.58;50;3.32;1;1
2880;33186.71;50;3.32;1;1
2881;33235.58;50;3.32;1;1
2882;33186.71;50;3.32;1;1
2883;33235.58;50;3.32;1;1
2884;33186.71;50;3.32;1;1
2885;33235.58;50;3.32;1;1
2886;33186.71;50;3.32;1;1
2887;33235.58;50;3.32;1;1
2888;33235.58;50;3.32;1;1
2889;33235.58;50;3.32;1;1
2890;33186.71;50;3.32;1;1
2891;33235.58;50;3.32;1;1
2892;33186.71;50;3.32;1;1
2893;33235.58;50;3.32;1;1
2894;33186.71;50;3.32;1;1
2895;33235.58;50;3.32;1;1
2896;33186.71;50;3.32;1;1
2897;33235.58;50;3.32;1;1
2898;33235.58;50;3.32;1;1
2899;33235.58;50;3.32;1;1
2900;33235.58;50;3.32;1;1
2901;33235.58;50;3.32;1;1
2902;33186.71;50;3.32;1;1
2903;33235.58;50;3.32;1;1
2904;33186.71;50;3.32;1;1
2905;33235.58;50;3.32;1;1
2906;33235.58;50;3.32;1;1
2907;33235.58;50;3.32;1;1
2908;33186.71;50;3.32;1;1
2909;33235.58;50;3.32;1;1
2910;33186.71;50;3.32;1;1
2911;33235.58;50;3.32;1;1
2912;33186.71;50;3.32;1;1
2913;33235.58;50;3.32;1;1
2914;33235.58;50;3.32;1;1
2915;33235.58;50;3.32;1;1
2916;33235.58;50;3.32;1;1
2917;33235.58;50;3.32;1;1
2918;33186.71;50;3.32;1;1
2919;33235.58;50;3.32;1;1
2920;33186.71;50;3.32;1;1
2921;33235.58;50;3.32;1;1
2922;33186.71;50;3.32;1;1
2923;33235.58;50;3.32;1;1
2924;33235.58;50;3.32;1;1
2925;33235.58;50;3.32;1;1
2926;33235.58;50;3.32;1;1
2927;33235.58;50;3.32;1;1
2928;33235.58;50;3.32;1;1
2929;33235.58;50;3.32;1;1
2930;33235.58;50;3.32;1;1
2931;33235.58;50;3.32;1;1
2932;33235.58;50;3.32;1;1
2933;33235.58;50;3.32;1;1
2934;33235.58;50;3.32;1;1
2935;33235.58;50;3.32;1;1
2936;33235.58;50;3.32;1;1
2937;33235.58;50;3.32;1;1
2938;33235.58;50;3.32;1;1
2939;33235.58;50;3.32;1;1
2940;33235.58;50;3.32;1;1
2941;33235.58;50;3.32;1;1
2942;33235.58;50;3.32;1;1
2943;33235.58;50;3.32;1;1
2944;33186.71;50;3.32;1;1
2945;33235.58;50;3.32;1;1
2946;33235.58;50;3.32;1;1
2947;33235.58;50;3.32;1;1
2948;33235.58;50;3.32;1;1
2949;33235.58;50;3.32;1;1
2950;33235.58;50;3.32;1;1
2951;33235.58;50;3.32;1;1
2952;33235.58;50;3.32;1;1
2953;33235.58;50;3.32;1;1
2954;33235.58;50;3.32;1;1
2955;33235.58;50;3.32;1;1
2956;33235.58;50;3.32;1;1
2957;33235.58;50;3.32;1;1
2958;33186.71;50;3.32;1;1
2959;33186.71;50;3.32;1;1
2960;33235.58;50;3.32;1;1
2961;33235.58;50;3.32;1;1
2962;33235.58;50;3.32;1;1
2963;33235.58;50;3.32;1;1
2964;33235.58;50;3.32;1;1
2965;33235.58;50;3.32;1;1
2966;33235.58;50;3.32;1;1
2967;33186.71;50;3.32;1;1
2968;33235.58;50;3.32;1;1
2969;33235.58;50;3.32;1;1
2970;33235.58;50;3.32;1;1
2971;33235.58;50;3.32;1;1
2972;33235.58;50;3.32;1;1
2973;33235.58;50;3.32;1;1
2974;33235.58;50;3.32;1;1
2975;33235.58;50;3.32;1;1
2976;33235.58;50;3.32;1;1
2977;33235.58;50;3.32;1;1
2978;33235.58;50;3.32;1;1
2979;33235.58;50;3.32;1;1
2980;33235.58;50;3.32;1;1
2981;33235.58;50;3.32;1;1
2982;33235.58;50;3.32;1;1
2983;33235.58;50;3.32;1;1
2984;33235.58;50;3.32;1;1
2985;33235.58;50;3.32;1;1
2986;33235.58;50;3.32;1;1
2987;33235.58;50;3.32;1;1
2988;33235.58;50;3.32;1;1
2989;33186.71;50;3.32;1;1
2990;33235.58;50;3.32;1;1
2991;33186.71;50;3.32;1;1
2992;33235.58;50;3.32;1;1
2993;33235.58;50;3.32;1;1
2994;33235.58;50;3.32;1;1
2995;33235.58;50;3.32;1;1
2996;33235.58;50;3.32;1;1
2997;33235.58;50;3.32;1;1
2998;33235.58;50;3.32;1;1
2999;33186.71;50;3.32;1;1
3000;33235.58;50;3.32;1;1
3001;33235.58;50;3.32;1;1
3002;33235.58;50;3.32;1;1
3003;33235.58;50;3.32;1;1
3004;33235.58;50;3.32;1;1
3005;33235.58;50;3.32;1;1
3006;33235.58;50;3.32;1;1
3007;33186.71;50;3.32;1;1
3008;33235.58;50;3.32;1;1
3009;33235.58;50;3.32;1;1
3010;33235.58;50;3.32;1;1
3011;33235.58;50;3.32;1;1
3012;33235.58;50;3.32;1;1
3013;33186.71;50;3.32;1;1
3014;33235.58;50;3.32;1;1
3015;33186.71;50;3.32;1;1
3016;33235.58;50;3.32;1;1
3017;33186.71;50;3.32;1;1
3018;33235.58;50;3.32;1;1
3019;33235.58;50;3.32;1;1
3020;33235.58;50;3.32;1;1
3021;33235.58;50;3.32;1;1
3022;33235.58;50;3.32;1;1
3023;33235.58;50;3.32;1;1
3024;33235.58;50;3.32;1;1
3025;33235.58;50;3.32;1;1
3026;33235.58;50;3.32;1;1
3027;33186.71;50;3.32;1;1
3028;33235.58;50;3.32;1;1
3029;33235.58;50;3.32;1;1
3030;33235.58;50;3.32;1;1
3031;33235.58;50;3.32;1;1
3032;33235.58;50;3.32;1;1
3033;33235.58;50;3.32;1;1
3034;33235.58;50;3.32;1;1
3035;33235.58;50;3.32;1;1
3036;33235.58;50;3.32;1;1
3037;33186.71;50;3.32;1;1
3038;33235.58;50;3.32;1;1
3039;33186.71;50;3.32;1;1
3040;33235.58;50;3.32;1;1
3041;33186.71;50;3.32;1;1
3042;33235.58;50;3.32;1;1
3043;33235.58;50;3.32;1;1
3044;33235.58;50;3.32;1;1
3045;33186.71;50;3.32;1;1
3046;33235.58;50;3.32;1;1
3047;33186.71;50;3.32;1;1
3048;33235.58;50;3.32;1;1
3049;33186.71;50;3.32;1;1
3050;33235.58;50;3.32;1;1
3051;33186.71;50;3.32;1;1
3052;33235.58;50;3.32;1;1
3053;33186.71;50;3.32;1;1
3054;33235.58;50;3.32;1;1
3055;33186.71;50;3.32;1;1
3056;33235.58;50;3.32;1;1
3057;33186.71;50;3.32;1;1
3058;33235.58;50;3.32;1;1
3059;33186.71;50;3.32;1;1
3060;33235.58;50;3.32;1;1
3061;33186.71;50;3.32;1;1
3062;33235.58;50;3.32;1;1
3063;33186.71;50;3.32;1;1
3064;33235.58;50;3.32;1;1
3065;33186.71;50;3.32;1;1
3066;33235.58;50;3.32;1;1
3067;33235.58;50;3.32;1;1
3068;33235.58;50;3.32;1;1
3069;33235.58;50;3.32;1;1
3070;33235.58;50;3.32;1;1
3071;33235.58;50;3.32;1;1
3072;33235.58;50;3.32;1;1
3073;33186.71;50;3.32;1;1
3074;33235.58;50;3.32;1;1
3075;33235.58;50;3.32;1;1
3076;33235.58;50;3.32;1;1
3077;33235.58;50;3.32;1;1
3078;33235.58;50;3.32;1;1
3079;33235.58;50;3.32;1;1
3080;33235.58;50;3.32;1;1
3081;33235.58;50;3.32;1;1
3082;33235.58;50;3.32;1;1
3083;33186.71;50;3.32;1;1
3084;33235.58;50;3.32;1;1
3085;33235.58;50;3.32;1;1
3086;33235.58;50;3.32;1;1
3087;33235.58;50;3.32;1;1
3088;33235.58;50;3.32;1;1
3089;33186.71;50;3.32;1;1
3090;33235.58;50;3.32;1;1
3091;33235.58;50;3.32;1;1
3092;33235.58;50;3.32;1;1
3093;33235.58;50;3.32;1;1
3094;33235.58;50;3.32;1;1
3095;33235.58;50;3.32;1;1
3096;33235.58;50;3.32;1;1
3097;33186.71;50;3.32;1;1
3098;33235.58;50;3.32;1;1
3099;33235.58;50;3.32;1;1
3100;33235.58;50;3.32;1;1
3101;33235.58;50;3.32;1;1
3102;33235.58;50;3.32;1;1
3103;33235.58;50;3.32;1;1
3104;33235.58;50;3.32;1;1
3105;33235.58;50;3.32;1;1
3106;33235.58;50;3.32;1;1
3107;33186.71;50;3.32;1;1
3108;33235.58;50;3.32;1;1
3109;33235.58;50;3.32;1;1
3110;33235.58;50;3.32;1;1
3111;33235.58;50;3.32;1;1
3112;33235.58;50;3.32;1;1
3113;33235.58;50;3.32;1;1
3114;33235.58;50;3.32;1;1
3115;33186.71;50;3.32;1;1
3116;33235.58;50;3.32;1;1
3117;33235.58;50;3.32;1;1
3118;33235.58;50;3.32;1;1
3119;33186.71;50;3.32;1;1
3120;33235.58;50;3.32;1;1
3121;33235.58;50;3.32;1;1
3122;33235.58;50;3.32;1;1
3123;33235.58;50;3.32;1;1
3124;33235.58;50;3.32;1;1
3125;33235.58;50;3.32;1;1
3126;33235.58;50;3.32;1;1
3127;33235.58;50;3.32;1;1
3128;33235.58;50;3.32;1;1
3129;33235.58;50;3.32;1;1
3130;33235.58;50;3.32;1;1
3131;33235.58;50;3.32;1;1
3132;33235.58;50;3.32;1;1
3133;33235.58;50;3.32;1;1
3134;33235.58;50;3.32;1;1
3135;33235.58;50;3.32;1;1
3136;33235.58;50;3.32;1;1
3137;33235.58;50;3.32;1;1
3138;33235.58;50;3.32;1;1
3139;33235.58;50;3.32;1;1
3140;33235.58;50;3.32;1;1
3141;33235.58;50;3.32;1;1
3142;33235.58;50;3.32;1;1
3143;33235.58;50;3.32;1;1
3144;33235.58;50;3.32;1;1
3145;33235.58;50;3.32;1;1
3146;33235.58;50;3.32;1;1
3147;33235.58;50;3.32;1;1
3148;33235.58;50;3.32;1;1
3149;33235.58;50;3.32;1;1
3150;33235.58;50;3.32;1;1
3151;33235.58;50;3.32;1;1
3152;33235.58;50;3.32;1;1
3153;33235.58;50;3.32;1;1
3154;33235.58;50;3.32;1;1
3155;33235.58;50;3.32;1;1
3156;33235.58;50;3.32;1;1
3157;33235.58;50;3.32;1;1
3158;33235.58;50;3.32;1;1
3159;33235.58;50;3.32;1;1
3160;33235.58;50;3.32;1;1
3161;33235.58;50;3.32;1;1
3162;33235.58;50;3.32;1;1
3163;33235.58;50;3.32;1;1
3164;33235.58;50;3.32;1;1
3165;33235.58;50;3.32;1;1
3166;33235.58;50;3.32;1;1
3167;33235.58;50;3.32;1;1
3168;33235.58;50;3.32;1;1
3169;33235.58;50;3.32;1;1
3170;33235.58;50;3.32;1;1
3171;33235.58;50;3.32;1;1
3172;33235.58;50;3.32;1;1
3173;33235.58;50;3.32;1;1
3174;33235.58;50;3.32;1;1
3175;33235.58;50;3.32;1;1
3176;33235.58;50;3.32;1;1
3177;33235.58;50;3.32;1;1
3178;33235.58;50;3.32;1;1
3179;33235.58;50;3.32;1;1
3180;33235.58;50;3.32;1;1
3181;33235.58;50;3.32;1;1
3182;33235.58;50;3.32;1;1
3183;33235.58;50;3.32;1;1
3184;33235.58;50;3.32;1;1
3185;33235.58;50;3.32;1;1
3186;33235.58;50;3.32;1;1
3187;33235.58;50;3.32;1;1
3188;33235.58;50;3.32;1;1
3189;33235.58;50;3.32;1;1
3190;33235.58;50;3.32;1;1
3191;33235.58;50;3.32;1;1
3192;33235.58;50;3.32;1;1
3193;33235.58;50;3.32;1;1
3194;33235.58;50;3.32;1;1
3195;33235.58;50;3.32;1;1
3196;33235.58;50;3.32;1;1
3197;33235.58;50;3.32;1;1
3198;33235.58;50;3.32;1;1
3199;33235.58;50;3.32;1;1
3200;33186.71;50;3.32;1;1
3201;33235.58;50;3.32;1;1
3202;33235.58;50;3.32;1;1
3203;33235.58;50;3.32;1;1
3204;33235.58;50;3.32;1;1
3205;33235.58;50;3.32;1;1
3206;33186.71;50;3.32;1;1
3207;33235.58;50;3.32;1;1
3208;33186.71;50;3.32;1;1
3209;33235.58;50;3.32;1;1
3210;33235.58;50;3.32;1;1
3211;33235.58;50;3.32;1;1
3212;33186.71;50;3.32;1;1
3213;33235.58;50;3.32;1;1
3214;33235.58;50;3.32;1;1
3215;33235.58;50;3.32;1;1
3216;33186.71;50;3.32;1;1
3217;33235.58;50;3.32;1;1
3218;33235.58;50;3.32;1;1
3219;33235.58;50;3.32;1;1
3220;33235.58;50;3.32;1;1
3221;33235.58;50;3.32;1;1
3222;33186.71;50;3.32;1;1
3223;33284.46;50;3.32;1;1
3224;33235.58;50;3.33;1;1
3225;33235.58;50;3.32;1;1
3226;33186.71;50;3.32;1;1
3227;33235.58;50;3.32;1;1
3228;33186.71;50;3.32;1;1
3229;33235.58;50;3.32;1;1
3230;33235.58;50;3.32;1;1
3231;33235.58;50;3.32;1;1
3232;33235.58;50;3.32;1;1
3233;33235.58;50;3.32;1;1
3234;33235.58;50;3.32;1;1
3235;33235.58;50;3.32;1;1
3236;33235.58;50;3.32;1;1
3237;33235.58;50;3.32;1;1
3238;33235.58;50;3.32;1;1
3239;33235.58;50;3.32;1;1
3240;33186.71;50;3.32;1;1
3241;33235.58;50;3.32;1;1
3242;33235.58;50;3.32;1;1
3243;33235.58;50;3.32;1;1
3244;33235.58;50;3.32;1;1
3245;33235.58;50;3.32;1;1
3246;33186.71;50;3.32;1;1
3247;33235.58;50;3.32;1;1
3248;33235.58;50;3.32;1;1
3249;33235.58;50;3.32;1;1
3250;33235.58;50;3.32;1;1
3251;33235.58;50;3.32;1;1
3252;33235.58;50;3.32;1;1
3253;33235.58;50;3.32;1;1
3254;33235.58;50;3.32;1;1
3255;33235.58;50;3.32;1;1
3256;33235.58;50;3.32;1;1
3257;33235.58;50;3.32;1;1
3258;33186.71;50;3.32;1;1
3259;33235.58;50;3.32;1;1
3260;33186.71;50;3.32;1;1
3261;33235.58;50;3.32;1;1
3262;33186.71;50;3.32;1;1
3263;33235.58;50;3.32;1;1
3264;33186.71;50;3.32;1;1
3265;33235.58;50;3.32;1;1
3266;33235.58;50;3.32;1;1
3267;33235.58;50;3.32;1;1
3268;33235.58;50;3.32;1;1
3269;33235.58;50;3.32;1;1
3270;33186.71;50;3.32;1;1
3271;33235.58;50;3.32;1;1
3272;33235.58;50;3.32;1;1
3273;33235.58;50;3.32;1;1
3274;33235.58;50;3.32;1;1
3275;33235.58;50;3.32;1;1
3276;33235.58;50;3.32;1;1
3277;33235.58;50;3.32;1;1
3278;33235.58;50;3.32;1;1
3279;33235.58;50;3.32;1;1
3280;33235.58;50;3.32;1;1
3281;33235.58;50;3.32;1;1
3282;33235.58;50;3.32;1;1
3283;33235.58;50;3.32;1;1
3284;33235.58;50;3.32;1;1
3285;33235.58;50;3.32;1;1
3286;33186.71;50;3.32;1;1
3287;33235.58;50;3.32;1;1
3288;33186.71;50;3.32;1;1
3289;33235.58;50;3.32;1;1
3290;33235.58;50;3.32;1;1
3291;33235.58;50;3.32;1;1
3292;33235.58;50;3.32;1;1
3293;33235.58;50;3.32;1;1
3294;33235.58;50;3.32;1;1
3295;33235.58;50;3.32;1;1
3296;33235.58;50;3.32;1;1
3297;33235.58;50;3.32;1;1
3298;33235.58;50;3.32;1;1
3299;33235.58;50;3.32;1;1
3300;33235.58;50;3.32;1;1
3301;33235.58;50;3.32;1;1
3302;33235.58;50;3.32;1;1
3303;33235.58;50;3.32;1;1
3304;33235.58;50;3.32;1;1
3305;33235.58;50;3.32;1;1
3306;33235.58;50;3.32;1;1
3307;33235.58;50;3.32;1;1
3308;33235.58;50;3.32;1;1
3309;33235.58;50;3.32;1;1
3310;33235.58;50;3.32;1;1
3311;33235.58;50;3.32;1;1
3312;33235.58;50;3.32;1;1
3313;33235.58;50;3.32;1;1
3314;33235.58;50;3.32;1;1
3315;33235.58;50;3.32;1;1
3316;33235.58;50;3.32;1;1
3317;33235.58;50;3.32;1;1
3318;33235.58;50;3.32;1;1
3319;33235.58;50;3.32;1;1
3320;33235.58;50;3.32;1;1
3321;33235.58;50;3.32;1;1
3322;33186.71;50;3.32;1;1
3323;33235.58;50;3.32;1;1
3324;33235.58;50;3.32;1;1
3325;33235.58;50;3.32;1;1
3326;33235.58;50;3.32;1;1
3327;33235.58;50;3.32;1;1
3328;33235.58;50;3.32;1;1
3329;33235.58;50;3.32;1;1
3330;33235.58;50;3.32;1;1
3331;33235.58;50;3.32;1;1
3332;33235.58;50;3.32;1;1
3333;33235.58;50;3.32;1;1
3334;33235.58;50;3.32;1;1
3335;33235.58;50;3.32;1;1
3336;33235.58;50;3.32;1;1
3337;33235.58;50;3.32;1;1
3338;33235.58;50;3.32;1;1
3339;33235.58;50;3.32;1;1
3340;33235.58;50;3.32;1;1
3341;33235.58;50;3.32;1;1
3342;33235.58;50;3.32;1;1
3343;33235.58;50;3.32;1;1
3344;33235.58;50;3.32;1;1
3345;33235.58;50;3.32;1;1
3346;33235.58;50;3.32;1;1
3347;33235.58;50;3.32;1;1
3348;33235.58;50;3.32;1;1
3349;33235.58;50;3.32;1;1
3350;33235.58;50;3.32;1;1
3351;33235.58;50;3.32;1;1
3352;33235.58;50;3.32;1;1
3353;33235.58;50;3.32;1;1
3354;33235.58;50;3.32;1;1
3355;33235.58;50;3.32;1;1
3356;33235.58;50;3.32;1;1
3357;33186.71;50;3.32;1;1
3358;33235.58;50;3.32;1;1
3359;33235.58;50;3.32;1;1
3360;33235.58;50;3.32;1;1
3361;33235.58;50;3.32;1;1
3362;33235.58;50;3.32;1;1
3363;33235.58;50;3.32;1;1
3364;33235.58;50;3.32;1;1
3365;33235.58;50;3.32;1;1
3366;33235.58;50;3.32;1;1
3367;33186.71;50;3.32;1;1
3368;33235.58;50;3.32;1;1
3369;33186.71;50;3.32;1;1
3370;33235.58;50;3.32;1;1
3371;33235.58;50;3.32;1;1
3372;33284.46;50;3.32;1;1
3373;33235.58;50;3.33;1;1
3374;33235.58;50;3.32;1;1
3375;33235.58;50;3.32;1;1
3376;33235.58;50;3.32;1;1
3377;33186.71;50;3.32;1;1
3378;33235.58;50;3.32;1;1
3379;33235.58;50;3.32;1;1
3380;33235.58;50;3.32;1;1
3381;33235.58;50;3.32;1;1
3382;33235.58;50;3.32;1;1
3383;33235.58;50;3.32;1;1
3384;33235.58;50;3.32;1;1
3385;33235.58;50;3.32;1;1
3386;33235.58;50;3.32;1;1
3387;33186.71;50;3.32;1;1
3388;33235.58;50;3.32;1;1
3389;33235.58;50;3.32;1;1
3390;33235.58;50;3.32;1;1
3391;33235.58;50;3.32;1;1
3392;33235.58;50;3.32;1;1
3393;33235.58;50;3.32;1;1
3394;33235.58;50;3.32;1;1
3395;33235.58;50;3.32;1;1
3396;33235.58;50;3.32;1;1
3397;33235.58;50;3.32;1;1
3398;33235.58;50;3.32;1;1
3399;33235.58;50;3.32;1;1
3400;33235.58;50;3.32;1;1
3401;33235.58;50;3.32;1;1
3402;33235.58;50;3.32;1;1
3403;33235.58;50;3.32;1;1
3404;33284.46;50;3.32;1;1
3405;33235.58;50;3.33;1;1
3406;33235.58;50;3.32;1;1
3407;33235.58;50;3.32;1;1
3408;33284.46;50;3.32;1;1
3409;33235.58;50;3.33;1;1
3410;33235.58;50;3.32;1;1
3411;33235.58;50;3.32;1;1
3412;33284.46;50;3.32;1;1
3413;33235.58;50;3.33;1;1
3414;33235.58;50;3.32;1;1
3415;33186.71;50;3.32;1;1
3416;33284.46;50;3.32;1;1
3417;33235.58;50;3.33;1;1
3418;33284.46;50;3.32;1;1
3419;33235.58;50;3.33;1;1
3420;33284.46;50;3.32;1;1
3421;33235.58;50;3.33;1;1
3422;33284.46;50;3.32;1;1
3423;33235.58;50;3.33;1;1
3424;33235.58;50;3.32;1;1
3425;33235.58;50;3.32;1;1
3426;33284.46;50;3.32;1;1
3427;33235.58;50;3.33;1;1
3428;33284.46;50;3.32;1;1
3429;33235.58;50;3.33;1;1
3430;33235.58;50;3.32;1;1
3431;33235.58;50;3.32;1;1
3432;33235.58;50;3.32;1;1
3433;33235.58;50;3.32;1;1
3434;33235.58;50;3.32;1;1
3435;33186.71;50;3.32;1;1
3436;33235.58;50;3.32;1;1
3437;33235.58;50;3.32;1;1
3438;33235.58;50;3.32;1;1
3439;33235.58;50;3.32;1;1
3440;33235.58;50;3.32;1;1
3441;33235.58;50;3.32;1;1
3442;33235.58;50;3.32;1;1
3443;33235.58;50;3.32;1;1
3444;33235.58;50;3.32;1;1
3445;33235.58;50;3.32;1;1
3446;33235.58;50;3.32;1;1
3447;33235.58;50;3.32;1;1
3448;33235.58;50;3.32;1;1
3449;33235.58;50;3.32;1;1
3450;33235.58;50;3.32;1;1
3451;33235.58;50;3.32;1;1
3452;33235.58;50;3.32;1;1
3453;33235.58;50;3.32;1;1
3454;33235.58;50;3.32;1;1
3455;33235.58;50;3.32;1;1
3456;33235.58;50;3.32;1;1
3457;33235.58;50;3.32;1;1
3458;33235.58;50;3.32;1;1
3459;33235.58;50;3.32;1;1
3460;33235.58;50;3.32;1;1
3461;33235.58;50;3.32;1;1
3462;33235.58;50;3.32;1;1
3463;33235.58;50;3.32;1;1
3464;33235.58;50;3.32;1;1
3465;33235.58;50;3.32;1;1
3466;33235.58;50;3.32;1;1
3467;33235.58;50;3.32;1;1
3468;33235.58;50;3.32;1;1
3469;33235.58;50;3.32;1;1
3470;33235.58;50;3.32;1;1
3471;33235.58;50;3.32;1;1
3472;33235.58;50;3.32;1;1
3473;33235.58;50;3.32;1;1
3474;33235.58;50;3.32;1;1
3475;33235.58;50;3.32;1;1
3476;33235.58;50;3.32;1;1
3477;33235.58;50;3.32;1;1
3478;33235.58;50;3.32;1;1
3479;33186.71;50;3.32;1;1
3480;33235.58;50;3.32;1;1
3481;33235.58;50;3.32;1;1
3482;33235.58;50;3.32;1;1
3483;33235.58;50;3.32;1;1
3484;33235.58;50;3.32;1;1
3485;33235.58;50;3.32;1;1
3486;33235.58;50;3.32;1;1
3487;33235.58;50;3.32;1;1
3488;33235.58;50;3.32;1;1
3489;33235.58;50;3.32;1;1
3490;33235.58;50;3.32;1;1
3491;33235.58;50;3.32;1;1
3492;33235.58;50;3.32;1;1
3493;33235.58;50;3.32;1;1
3494;33235.58;50;3.32;1;1
3495;33235.58;50;3.32;1;1
3496;33235.58;50;3.32;1;1
3497;33235.58;50;3.32;1;1
3498;33235.58;50;3.32;1;1
3499;33235.58;50;3.32;1;1
3500;33235.58;50;3.32;1;1
3501;33235.58;50;3.32;1;1
3502;33235.58;50;3.32;1;1
3503;33235.58;50;3.32;1;1
3504;33186.71;50;3.32;1;1
3505;33235.58;50;3.32;1;1
3506;33235.58;50;3.32;1;1
3507;33235.58;50;3.32;1;1
3508;33235.58;50;3.32;1;1
3509;33235.58;50;3.32;1;1
3510;33235.58;50;3.32;1;1
3511;33235.58;50;3.32;1;1
3512;33235.58;50;3.32;1;1
3513;33235.58;50;3.32;1;1
3514;33235.58;50;3.32;1;1
3515;33235.58;50;3.32;1;1
3516;33235.58;50;3.32;1;1
3517;33235.58;50;3.32;1;1
3518;33235.58;50;3.32;1;1
3519;33235.58;50;3.32;1;1
3520;33235.58;50;3.32;1;1
3521;33235.58;50;3.32;1;1
3522;33186.71;50;3.32;1;1
3523;33284.46;50;3.32;1;1
3524;33235.58;50;3.33;1;1
3525;33235.58;50;3.32;1;1
3526;33235.58;50;3.32;1;1
3527;33235.58;50;3.32;1;1
3528;33235.58;50;3.32;1;1
3529;33235.58;50;3.32;1;1
3530;33235.58;50;3.32;1;1
3531;33235.58;50;3.32;1;1
3532;33235.58;50;3.32;1;1
3533;33235.58;50;3.32;1;1
3534;33235.58;50;3.32;1;1
3535;33235.58;50;3.32;1;1
3536;33235.58;50;3.32;1;1
3537;33235.58;50;3.32;1;1
3538;33235.58;50;3.32;1;1
3539;33235.58;50;3.32;1;1
3540;33235.58;50;3.32;1;1
3541;33235.58;50;3.32;1;1
3542;33186.71;50;3.32;1;1
3543;33235.58;50;3.32;1;1
3544;33235.58;50;3.32;1;1
3545;33235.58;50;3.32;1;1
3546;33235.58;50;3.32;1;1
3547;33235.58;50;3.32;1;1
3548;33186.71;50;3.32;1;1
3549;33235.58;50;3.32;1;1
3550;33235.58;50;3.32;1;1
3551;33235.58;50;3.32;1;1
3552;33235.58;50;3.32;1;1
3553;33235.58;50;3.32;1;1
3554;33235.58;50;3.32;1;1
3555;33235.58;50;3.32;1;1
3556;33186.71;50;3.32;1;1
3557;33235.58;50;3.32;1;1
3558;33186.71;50;3.32;1;1
3559;33235.58;50;3.32;1;1
3560;33235.58;50;3.32;1;1
3561;33235.58;50;3.32;1;1
3562;33235.58;50;3.32;1;1
3563;33235.58;50;3.32;1;1
3564;33235.58;50;3.32;1;1
3565;33235.58;50;3.32;1;1
3566;33235.58;50;3.32;1;1
3567;33235.58;50;3.32;1;1
3568;33235.58;50;3.32;1;1
3569;33235.58;50;3.32;1;1
3570;33186.71;50;3.32;1;1
3571;33235.58;50;3.32;1;1
3572;33235.58;50;3.32;1;1
3573;33235.58;50;3.32;1;1
3574;33186.71;50;3.32;1;1
3575;33235.58;50;3.32;1;1
3576;33235.58;50;3.32;1;1
3577;33235.58;50;3.32;1;1
3578;33235.58;50;3.32;1;1
3579;33235.58;50;3.32;1;1
3580;33235.58;50;3.32;1;1
3581;33235.58;50;3.32;1;1
3582;33235.58;50;3.32;1;1
3583;33235.58;50;3.32;1;1
3584;33235.58;50;3.32;1;1
3585;33235.58;50;3.32;1;1
3586;33235.58;50;3.32;1;1
3587;33235.58;50;3.32;1;1
3588;33235.58;50;3.32;1;1
3589;33235.58;50;3.32;1;1
3590;33235.58;50;3.32;1;1
3591;33235.58;50;3.32;1;1
3592;33235.58;50;3.32;1;1
3593;33235.58;50;3.32;1;1
3594;33235.58;50;3.32;1;1
3595;33235.58;50;3.32;1;1
3596;33235.58;50;3.32;1;1
3597;33235.58;50;3.32;1;1
3598;33235.58;50;3.32;1;1
3599;33235.58;50;3.32;1;1
3600;33235.58;50;3.32;1;1
3601;33235.58;50;3.32;1;1
3602;33235.58;50;3.32;1;1
3603;33235.58;50;3.32;1;1
3604;33235.58;50;3.32;1;1
3605;33235.58;50;3.32;1;1
3606;33235.58;50;3.32;1;1
3607;33235.58;50;3.32;1;1
3608;33235.58;50;3.32;1;1
3609;33235.58;50;3.32;1;1
3610;33235.58;50;3.32;1;1
3611;33235.58;50;3.32;1;1
3612;33235.58;50;3.32;1;1
3613;33235.58;50;3.32;1;1
3614;33235.58;50;3.32;1;1
3615;33235.58;50;3.32;1;1
3616;33235.58;50;3.32;1;1
3617;33235.58;50;3.32;1;1
3618;33235.58;50;3.32;1;1
3619;33235.58;50;3.32;1;1
3620;33235.58;50;3.32;1;1
3621;33235.58;50;3.32;1;1
3622;33235.58;50;3.32;1;1
3623;33235.58;50;3.32;1;1
3624;33235.58;50;3.32;1;1
3625;33235.58;50;3.32;1;1
3626;33235.58;50;3.32;1;1
3627;33235.58;50;3.32;1;1
3628;33186.71;50;3.32;1;1
3629;33235.58;50;3.32;1;1
3630;33235.58;50;3.32;1;1
3631;33235.58;50;3.32;1;1
3632;33235.58;50;3.32;1;1
3633;33235.58;50;3.32;1;1
3634;33235.58;50;3.32;1;1
3635;33235.58;50;3.32;1;1
3636;33235.58;50;3.32;1;1
3637;33235.58;50;3.32;1;1
3638;33235.58;50;3.32;1;1
3639;33235.58;50;3.32;1;1
3640;33235.58;50;3.32;1;1
3641;33235.58;50;3.32;1;1
3642;33235.58;50;3.32;1;1
3643;33235.58;50;3.32;1;1
3644;33235.58;50;3.32;1;1
3645;33235.58;50;3.32;1;1
3646;33235.58;50;3.32;1;1
3647;33235.58;50;3.32;1;1
3648;33235.58;50;3.32;1;1
3649;33235.58;50;3.32;1;1
3650;33235.58;50;3.32;1;1
3651;33235.58;50;3.32;1;1
3652;33235.58;50;3.32;1;1
3653;33235.58;50;3.32;1;1
3654;33235.58;50;3.32;1;1
3655;33235.58;50;3.32;1;1
3656;33235.58;50;3.32;1;1
3657;33186.71;50;3.32;1;1
3658;33235.58;50;3.32;1;1
3659;33235.58;50;3.32;1;1
3660;33235.58;50;3.32;1;1
3661;33186.71;50;3.32;1;1
3662;33235.58;50;3.32;1;1
3663;33235.58;50;3.32;1;1
3664;33235.58;50;3.32;1;1
3665;33235.58;50;3.32;1;1
3666;33235.58;50;3.32;1;1
3667;33235.58;50;3.32;1;1
3668;33235.58;50;3.32;1;1
3669;33235.58;50;3.32;1;1
3670;33235.58;50;3.32;1;1
3671;33235.58;50;3.32;1;1
3672;33235.58;50;3.32;1;1
3673;33235.58;50;3.32;1;1
3674;33235.58;50;3.32;1;1
3675;33235.58;50;3.32;1;1
3676;33235.58;50;3.32;1;1
3677;33235.58;50;3.32;1;1
3678;33235.58;50;3.32;1;1
3679;33235.58;50;3.32;1;1
3680;33235.58;50;3.32;1;1
3681;33235.58;50;3.32;1;1
3682;33235.58;50;3.32;1;1
3683;33235.58;50;3.32;1;1
3684;33235.58;50;3.32;1;1
3685;33235.58;50;3.32;1;1
3686;33235.58;50;3.32;1;1
3687;33235.58;50;3.32;1;1
3688;33235.58;50;3.32;1;1
3689;33235.58;50;3.32;1;1
3690;33235.58;50;3.32;1;1
3691;33235.58;50;3.32;1;1
3692;33235.58;50;3.32;1;1
3693;33235.58;50;3.32;1;1
3694;33235.58;50;3.32;1;1
3695;33235.58;50;3.32;1;1
3696;33235.58;50;3.32;1;1
3697;33235.58;50;3.32;1;1
3698;33284.46;50;3.32;1;1
3699;33235.58;50;3.33;1;1
3700;33284.46;50;3.32;1;1
3701;33235.58;50;3.33;1;1
3702;33235.58;50;3.32;1;1
3703;33235.58;50;3.32;1;1
3704;33235.58;50;3.32;1;1
3705;33235.58;50;3.32;1;1
3706;33235.58;50;3.32;1;1
3707;33235.58;50;3.32;1;1
3708;33235.58;50;3.32;1;1
3709;33235.58;50;3.32;1;1
3710;33235.58;50;3.32;1;1
3711;33235.58;50;3.32;1;1
3712;33235.58;50;3.32;1;1
3713;33235.58;50;3.32;1;1
3714;33235.58;50;3.32;1;1
3715;33186.71;50;3.32;1;1
3716;33284.46;50;3.32;1;1
3717;33235.58;50;3.33;1;1
3718;33235.58;50;3.32;1;1
3719;33235.58;50;3.32;1;1
3720;33235.58;50;3.32;1;1
3721;33186.71;50;3.32;1;1
3722;33235.58;50;3.32;1;1
3723;33235.58;50;3.32;1;1
3724;33235.58;50;3.32;1;1
3725;33186.71;50;3.32;1;1
3726;33284.46;50;3.32;1;1
3727;33235.58;50;3.33;1;1
3728;33235.58;50;3.32;1;1
3729;33235.58;50;3.32;1;1
3730;33235.58;50;3.32;1;1
3731;33235.58;50;3.32;1;1
3732;33235.58;50;3.32;1;1
3733;33235.58;50;3.32;1;1
3734;33235.58;50;3.32;1;1
3735;33186.71;50;3.32;1;1
3736;33235.58;50;3.32;1;1
3737;33235.58;50;3.32;1;1
3738;33284.46;50;3.32;1;1
3739;33235.58;50;3.33;1;1
3740;33284.46;50;3.32;1;1
3741;33235.58;50;3.33;1;1
3742;33235.58;50;3.32;1;1
3743;33235.58;50;3.32;1;1
3744;33235.58;50;3.32;1;1
3745;33235.58;50;3.32;1;1
3746;33235.58;50;3.32;1;1
3747;33235.58;50;3.32;1;1
3748;33284.46;50;3.32;1;1
3749;33235.58;50;3.33;1;1
3750;33284.46;50;3.32;1;1
3751;33235.58;50;3.33;1;1
3752;33235.58;50;3.32;1;1
3753;33235.58;50;3.32;1;1
3754;33235.58;50;3.32;1;1
3755;33235.58;50;3.32;1;1
3756;33235.58;50;3.32;1;1
3757;33235.58;50;3.32;1;1
3758;33235.58;50;3.32;1;1
3759;33235.58;50;3.32;1;1
3760;33235.58;50;3.32;1;1
3761;33235.58;50;3.32;1;1
3762;33235.58;50;3.32;1;1
3763;33235.58;50;3.32;1;1
3764;33235.58;50;3.32;1;1
3765;33235.58;50;3.32;1;1
3766;33235.58;50;3.32;1;1
3767;33235.58;50;3.32;1;1
3768;33235.58;50;3.32;1;1
3769;33235.58;50;3.32;1;1
3770;33235.58;50;3.32;1;1
3771;33235.58;50;3.32;1;1
3772;33235.58;50;3.32;1;1
3773;33235.58;50;3.32;1;1
3774;33235.58;50;3.32;1;1
3775;33235.58;50;3.32;1;1
3776;33235.58;50;3.32;1;1
3777;33235.58;50;3.32;1;1
3778;33235.58;50;3.32;1;1
3779;33235.58;50;3.32;1;1
3780;33235.58;50;3.32;1;1
3781;33235.58;50;3.32;1;1
3782;33235.58;50;3.32;1;1
3783;33235.58;50;3.32;1;1
3784;33235.58;50;3.32;1;1
3785;33235.58;50;3.32;1;1
3786;33235.58;50;3.32;1;1
3787;33235.58;50;3.32;1;1
3788;33235.58;50;3.32;1;1
3789;33235.58;50;3.32;1;1
3790;33235.58;50;3.32;1;1
3791;33235.58;50;3.32;1;1
3792;33235.58;50;3.32;1;1
3793;33235.58;50;3.32;1;1
3794;33235.58;50;3.32;1;1
3795;33235.58;50;3.32;1;1
3796;33235.58;50;3.32;1;1
3797;33235.58;50;3.32;1;1
3798;33235.58;50;3.32;1;1
3799;33235.58;50;3.32;1;1
3800;33235.58;50;3.32;1;1
3801;33235.58;50;3.32;1;1
3802;33235.58;50;3.32;1;1
3803;33186.71;50;3.32;1;1
3804;33235.58;50;3.32;1;1
3805;33235.58;50;3.32;1;1
3806;33235.58;50;3.32;1;1
3807;33235.58;50;3.32;1;1
3808;33235.58;50;3.32;1;1
3809;33235.58;50;3.32;1;1
3810;33235.58;50;3.32;1;1
3811;33235.58;50;3.32;1;1
3812;33235.58;50;3.32;1;1
3813;33235.58;50;3.32;1;1
3814;33235.58;50;3.32;1;1
3815;33235.58;50;3.32;1;1
3816;33235.58;50;3.32;1;1
3817;33235.58;50;3.32;1;1
3818;33235.58;50;3.32;1;1
3819;33235.58;50;3.32;1;1
3820;33235.58;50;3.32;1;1
3821;33235.58;50;3.32;1;1
3822;33235.58;50;3.32;1;1
3823;33235.58;50;3.32;1;1
3824;33235.58;50;3.32;1;1
3825;33235.58;50;3.32;1;1
3826;33235.58;50;3.32;1;1
3827;33235.58;50;3.32;1;1
3828;33235.58;50;3.32;1;1
3829;33235.58;50;3.32;1;1
3830;33235.58;50;3.32;1;1
3831;33235.58;50;3.32;1;1
3832;33235.58;50;3.32;1;1
3833;33235.58;50;3.32;1;1
3834;33235.58;50;3.32;1;1
3835;33235.58;50;3.32;1;1
3836;33235.58;50;3.32;1;1
3837;33235.58;50;3.32;1;1
3838;33235.58;50;3.32;1;1
3839;33235.58;50;3.32;1;1
3840;33235.58;50;3.32;1;1
3841;33235.58;50;3.32;1;1
3842;33235.58;50;3.32;1;1
3843;33235.58;50;3.32;1;1
3844;33235.58;50;3.32;1;1
3845;33235.58;50;3.32;1;1
3846;33235.58;50;3.32;1;1
3847;33235.58;50;3.32;1;1
3848;33235.58;50;3.32;1;1
3849;33235.58;50;3.32;1;1
3850;33235.58;50;3.32;1;1
3851;33235.58;50;3.32;1;1
3852;33235.58;50;3.32;1;1
3853;33235.58;50;3.32;1;1
3854;33235.58;50;3.32;1;1
3855;33235.58;50;3.32;1;1
3856;33235.58;50;3.32;1;1
3857;33235.58;50;3.32;1;1
3858;33235.58;50;3.32;1;1
3859;33235.58;50;3.32;1;1
3860;33235.58;50;3.32;1;1
3861;33235.58;50;3.32;1;1
3862;33235.58;50;3.32;1;1
3863;33284.46;50;3.32;1;1
3864;33235.58;50;3.33;1;1
3865;33235.58;50;3.32;1;1
3866;33235.58;50;3.32;1;1
3867;33235.58;50;3.32;1;1
3868;33235.58;50;3.32;1;1
3869;33235.58;50;3.32;1;1
3870;33235.58;50;3.32;1;1
3871;33235.58;50;3.32;1;1
3872;33235.58;50;3.32;1;1
3873;33284.46;50;3.32;1;1
3874;33235.58;50;3.33;1;1
3875;33284.46;50;3.32;1;1
3876;33235.58;50;3.33;1;1
3877;33235.58;50;3.32;1;1
3878;33235.58;50;3.32;1;1
3879;33284.46;50;3.32;1;1
3880;33235.58;50;3.33;1;1
3881;33235.58;50;3.32;1;1
3882;33235.58;50;3.32;1;1
3883;33235.58;50;3.32;1;1
3884;33235.58;50;3.32;1;1
3885;33235.58;50;3.32;1;1
3886;33235.58;50;3.32;1;1
3887;33235.58;50;3.32;1;1
3888;33235.58;50;3.32;1;1
3889;33235.58;50;3.32;1;1
3890;33235.58;50;3.32;1;1
3891;33235.58;50;3.32;1;1
3892;33186.71;50;3.32;1;1
3893;33235.58;50;3.32;1;1
3894;33235.58;50;3.32;1;1
3895;33235.58;50;3.32;1;1
3896;33235.58;50;3.32;1;1
3897;33284.46;50;3.32;1;1
3898;33186.71;50;3.33;1;1
3899;33235.58;50;3.32;1;1
3900;33235.58;50;3.32;1;1
3901;33235.58;50;3.32;1;1
3902;33235.58;50;3.32;1;1
3903;33284.46;50;3.32;1;1
3904;33235.58;50;3.33;1;1
3905;33284.46;50;3.32;1;1
3906;33235.58;50;3.33;1;1
3907;33284.46;50;3.32;1;1
3908;33186.71;50;3.33;1;1
3909;33235.58;50;3.32;1;1
3910;33235.58;50;3.32;1;1
3911;33284.46;50;3.32;1;1
3912;33235.58;50;3.33;1;1
3913;33284.46;50;3.32;1;1
3914;33235.58;50;3.33;1;1
3915;33284.46;50;3.32;1;1
3916;33235.58;50;3.33;1;1
3917;33235.58;50;3.32;1;1
3918;33235.58;50;3.32;1;1
3919;33235.58;50;3.32;1;1
3920;33235.58;50;3.32;1;1
3921;33284.46;50;3.32;1;1
3922;33235.58;50;3.33;1;1
3923;33284.46;50;3.32;1;1
3924;33235.58;50;3.33;1;1
3925;33235.58;50;3.32;1;1
3926;33186.71;50;3.32;1;1
3927;33235.58;50;3.32;1;1
3928;33186.71;50;3.32;1;1
3929;33235.58;50;3.32;1;1
3930;33235.58;50;3.32;1;1
3931;33284.46;50;3.32;1;1
3932;33235.58;50;3.33;1;1
3933;33284.46;50;3.32;1;1
3934;33186.71;50;3.33;1;1
3935;33235.58;50;3.32;1;1
3936;33186.71;50;3.32;1;1
3937;33284.46;50;3.32;1;1
3938;33186.71;50;3.33;1;1
3939;33235.58;50;3.32;1;1
3940;33235.58;50;3.32;1;1
3941;33284.46;50;3.32;1;1
3942;33235.58;50;3.33;1;1
3943;33235.58;50;3.32;1;1
3944;33235.58;50;3.32;1;1
3945;33235.58;50;3.32;1;1
3946;33186.71;50;3.32;1;1
3947;33235.58;50;3.32;1;1
3948;33186.71;50;3.32;1;1
3949;33284.46;50;3.32;1;1
3950;33235.58;50;3.33;1;1
3951;33235.58;50;3.32;1;1
3952;33235.58;50;3.32;1;1
3953;33235.58;50;3.32;1;1
3954;33235.58;50;3.32;1;1
3955;33235.58;50;3.32;1;1
3956;33235.58;50;3.32;1;1
3957;33235.58;50;3.32;1;1
3958;33235.58;50;3.32;1;1
3959;33235.58;50;3.32;1;1
3960;33235.58;50;3.32;1;1
3961;33235.58;50;3.32;1;1
3962;33235.58;50;3.32;1;1
3963;33235.58;50;3.32;1;1
3964;33235.58;50;3.32;1;1
3965;33235.58;50;3.32;1;1
3966;33235.58;50;3.32;1;1
3967;33235.58;50;3.32;1;1
3968;33235.58;50;3.32;1;1
3969;33235.58;50;3.32;1;1
3970;33186.71;50;3.32;1;1
3971;33235.58;50;3.32;1;1
3972;33235.58;50;3.32;1;1
3973;33235.58;50;3.32;1;1
3974;33235.58;50;3.32;1;1
3975;33235.58;50;3.32;1;1
3976;33235.58;50;3.32;1;1
3977;33235.58;50;3.32;1;1
3978;33235.58;50;3.32;1;1
3979;33235.58;50;3.32;1;1
3980;33235.58;50;3.32;1;1
3981;33235.58;50;3.32;1;1
3982;33235.58;50;3.32;1;1
3983;33235.58;50;3.32;1;1
3984;33235.58;50;3.32;1;1
3985;33235.58;50;3.32;1;1
3986;33235.58;50;3.32;1;1
3987;33235.58;50;3.32;1;1
3988;33235.58;50;3.32;1;1
3989;33235.58;50;3.32;1;1
3990;33235.58;50;3.32;1;1
3991;33235.58;50;3.32;1;1
3992;33235.58;50;3.32;1;1
3993;33235.58;50;3.32;1;1
3994;33235.58;50;3.32;1;1
3995;33235.58;50;3.32;1;1
3996;33235.58;50;3.32;1;1
3997;33235.58;50;3.32;1;1
3998;33235.58;50;3.32;1;1
3999;33235.58;50;3.32;1;1
4000;33235.58;50;3.32;1;1
4001;33235.58;50;3.32;1;1
4002;33235.58;50;3.32;1;1
4003;33235.58;50;3.32;1;1
4004;33235.58;50;3.32;1;1
4005;33235.58;50;3.32;1;1
4006;33235.58;50;3.32;1;1
4007;33235.58;50;3.32;1;1
4008;33235.58;50;3.32;1;1
4009;33235.58;50;3.32;1;1
4010;33235.58;50;3.32;1;1
4011;33235.58;50;3.32;1;1
4012;33235.58;50;3.32;1;1
4013;33235.58;50;3.32;1;1
4014;33235.58;50;3.32;1;1
4015;33235.58;50;3.32;1;1
4016;33235.58;50;3.32;1;1
4017;33235.58;50;3.32;1;1
4018;33235.58;50;3.32;1;1
4019;33235.58;50;3.32;1;1
4020;33235.58;50;3.32;1;1
4021;33235.58;50;3.32;1;1
4022;33235.58;50;3.32;1;1
4023;33235.58;50;3.32;1;1
4024;33235.58;50;3.32;1;1
4025;33235.58;50;3.32;1;1
4026;33235.58;50;3.32;1;1
4027;33235.58;50;3.32;1;1
4028;33235.58;50;3.32;1;1
4029;33235.58;50;3.32;1;1
4030;33235.58;50;3.32;1;1
4031;33235.58;50;3.32;1;1
4032;33235.58;50;3.32;1;1
4033;33235.58;50;3.32;1;1
4034;33235.58;50;3.32;1;1
4035;33186.71;50;3.32;1;1
4036;33235.58;50;3.32;1;1
4037;33235.58;50;3.32;1;1
4038;33235.58;50;3.32;1;1
4039;33235.58;50;3.32;1;1
4040;33235.58;50;3.32;1;1
4041;33235.58;50;3.32;1;1
4042;33235.58;50;3.32;1;1
4043;33235.58;50;3.32;1;1
4044;33235.58;50;3.32;1;1
4045;33235.58;50;3.32;1;1
4046;33235.58;50;3.32;1;1
4047;33235.58;50;3.32;1;1
4048;33235.58;50;3.32;1;1
4049;33235.58;50;3.32;1;1
4050;33235.58;50;3.32;1;1
4051;33235.58;50;3.32;1;1
4052;33235.58;50;3.32;1;1
4053;33235.58;50;3.32;1;1
4054;33235.58;50;3.32;1;1
4055;33235.58;50;3.32;1;1
4056;33235.58;50;3.32;1;1
4057;33235.58;50;3.32;1;1
4058;33235.58;50;3.32;1;1
4059;33235.58;50;3.32;1;1
4060;33235.58;50;3.32;1;1
4061;33235.58;50;3.32;1;1
4062;33235.58;50;3.32;1;1
4063;33235.58;50;3.32;1;1
4064;33235.58;50;3.32;1;1
4065;33186.71;50;3.32;1;1
4066;33235.58;50;3.32;1;1
4067;33235.58;50;3.32;1;1
4068;33235.58;50;3.32;1;1
4069;33235.58;50;3.32;1;1
4070;33235.58;50;3.32;1;1
4071;33235.58;50;3.32;1;1
4072;33235.58;50;3.32;1;1
4073;33235.58;50;3.32;1;1
4074;33235.58;50;3.32;1;1
4075;33235.58;50;3.32;1;1
4076;33235.58;50;3.32;1;1
4077;33186.71;50;3.32;1;1
4078;33235.58;50;3.32;1;1
4079;33235.58;50;3.32;1;1
4080;33284.46;50;3.32;1;1
4081;33235.58;50;3.33;1;1
4082;33284.46;50;3.32;1;1
4083;33235.58;50;3.33;1;1
4084;33235.58;50;3.32;1;1
4085;33186.71;50;3.32;1;1
4086;33284.46;50;3.32;1;1
4087;33235.58;50;3.33;1;1
4088;33284.46;50;3.32;1;1
4089;33235.58;50;3.33;1;1
4090;33235.58;50;3.32;1;1
4091;33186.71;50;3.32;1;1
4092;33235.58;50;3.32;1;1
4093;33186.71;50;3.32;1;1
4094;33235.58;50;3.32;1;1
4095;33235.58;50;3.32;1;1
4096;33284.46;50;3.32;1;1
4097;33235.58;50;3.33;1;1
4098;33235.58;50;3.32;1;1
4099;33186.71;50;3.32;1;1
4100;33235.58;50;3.32;1;1
4101;33186.71;50;3.32;1;1
4102;33235.58;50;3.32;1;1
4103;33186.71;50;3.32;1;1
4104;33235.58;50;3.32;1;1
4105;33235.58;50;3.32;1;1
4106;33235.58;50;3.32;1;1
4107;33186.71;50;3.32;1;1
4108;33235.58;50;3.32;1;1
4109;33235.58;50;3.32;1;1
4110;33284.46;50;3.32;1;1
4111;33186.71;50;3.33;1;1
4112;33235.58;50;3.32;1;1
4113;33186.71;50;3.32;1;1
4114;33284.46;50;3.32;1;1
4115;33186.71;50;3.33;1;1
4116;33235.58;50;3.32;1;1
4117;33235.58;50;3.32;1;1
4118;33235.58;50;3.32;1;1
4119;33235.58;50;3.32;1;1
4120;33235.58;50;3.32;1;1
4121;33186.71;50;3.32;1;1
4122;33235.58;50;3.32;1;1
4123;33235.58;50;3.32;1;1
4124;33235.58;50;3.32;1;1
4125;33235.58;50;3.32;1;1
4126;33235.58;50;3.32;1;1
4127;33186.71;50;3.32;1;1
4128;33235.58;50;3.32;1;1
4129;33186.71;50;3.32;1;1
4130;33235.58;50;3.32;1;1
4131;33235.58;50;3.32;1;1
4132;33235.58;50;3.32;1;1
4133;33186.71;50;3.32;1;1
4134;33235.58;50;3.32;1;1
4135;33235.58;50;3.32;1;1
4136;33235.58;50;3.32;1;1
4137;33186.71;50;3.32;1;1
4138;33235.58;50;3.32;1;1
4139;33186.71;50;3.32;1;1
4140;33235.58;50;3.32;1;1
4141;33235.58;50;3.32;1;1
4142;33235.58;50;3.32;1;1
4143;33235.58;50;3.32;1;1
4144;33235.58;50;3.32;1;1
4145;33235.58;50;3.32;1;1
4146;33235.58;50;3.32;1;1
4147;33235.58;50;3.32;1;1
4148;33235.58;50;3.32;1;1
4149;33235.58;50;3.32;1;1
4150;33235.58;50;3.32;1;1
4151;33235.58;50;3.32;1;1
4152;33235.58;50;3.32;1;1
4153;33235.58;50;3.32;1;1
4154;33235.58;50;3.32;1;1
4155;33186.71;50;3.32;1;1
4156;33235.58;50;3.32;1;1
4157;33235.58;50;3.32;1;1
4158;33235.58;50;3.32;1;1
4159;33235.58;50;3.32;1;1
4160;33235.58;50;3.32;1;1
4161;33235.58;50;3.32;1;1
4162;33235.58;50;3.32;1;1
4163;33235.58;50;3.32;1;1
4164;33235.58;50;3.32;1;1
4165;33186.71;50;3.32;1;1
4166;33235.58;50;3.32;1;1
4167;33235.58;50;3.32;1;1
4168;33235.58;50;3.32;1;1
4169;33235.58;50;3.32;1;1
4170;33235.58;50;3.32;1;1
4171;33235.58;50;3.32;1;1
4172;33235.58;50;3.32;1;1
4173;33235.58;50;3.32;1;1
4174;33235.58;50;3.32;1;1
4175;33235.58;50;3.32;1;1
4176;33235.58;50;3.32;1;1
4177;33186.71;50;3.32;1;1
4178;33235.58;50;3.32;1;1
4179;33235.58;50;3.32;1;1
4180;33235.58;50;3.32;1;1
4181;33235.58;50;3.32;1;1
4182;33235.58;50;3.32;1;1
4183;33235.58;50;3.32;1;1
4184;33235.58;50;3.32;1;1
4185;33235.58;50;3.32;1;1
4186;33235.58;50;3.32;1;1
4187;33235.58;50;3.32;1;1
4188;33235.58;50;3.32;1;1
4189;33235.58;50;3.32;1;1
4190;33186.71;50;3.32;1;1
4191;33235.58;50;3.32;1;1
4192;33235.58;50;3.32;1;1
4193;33235.58;50;3.32;1;1
4194;33235.58;50;3.32;1;1
4195;33235.58;50;3.32;1;1
4196;33235.58;50;3.32;1;1
4197;33235.58;50;3.32;1;1
4198;33235.58;50;3.32;1;1
4199;33235.58;50;3.32;1;1
4200;33235.58;50;3.32;1;1
4201;33235.58;50;3.32;1;1
4202;33235.58;50;3.32;1;1
4203;33235.58;50;3.32;1;1
4204;33235.58;50;3.32;1;1
4205;33235.58;50;3.32;1;1
4206;33235.58;50;3.32;1;1
4207;33235.58;50;3.32;1;1
4208;33186.71;50;3.32;1;1
4209;33235.58;50;3.32;1;1
4210;33186.71;50;3.32;1;1
4211;33235.58;50;3.32;1;1
4212;33235.58;50;3.32;1;1
4213;33235.58;50;3.32;1;1
4214;33235.58;50;3.32;1;1
4215;33235.58;50;3.32;1;1
4216;33235.58;50;3.32;1;1
4217;33235.58;50;3.32;1;1
4218;33186.71;50;3.32;1;1
4219;33235.58;50;3.32;1;1
4220;33235.58;50;3.32;1;1
4221;33235.58;50;3.32;1;1
4222;33186.71;50;3.32;1;1
4223;33235.58;50;3.32;1;1
4224;33235.58;50;3.32;1;1
4225;33235.58;50;3.32;1;1
4226;33186.71;50;3.32;1;1
4227;33235.58;50;3.32;1;1
4228;33186.71;50;3.32;1;1
4229;33235.58;50;3.32;1;1
4230;33186.71;50;3.32;1;1
4231;33235.58;50;3.32;1;1
4232;33186.71;50;3.32;1;1
4233;33235.58;50;3.32;1;1
4234;33186.71;50;3.32;1;1
4235;33235.58;50;3.32;1;1
4236;33235.58;50;3.32;1;1
4237;33235.58;50;3.32;1;1
4238;33186.71;50;3.32;1;1
4239;33235.58;50;3.32;1;1
4240;33186.71;50;3.32;1;1
4241;33235.58;50;3.32;1;1
4242;33186.71;50;3.32;1;1
4243;33235.58;50;3.32;1;1
4244;33235.58;50;3.32;1;1
4245;33235.58;50;3.32;1;1
4246;33186.71;50;3.32;1;1
4247;33235.58;50;3.32;1;1
4248;33186.71;50;3.32;1;1
4249;33235.58;50;3.32;1;1
4250;33186.71;50;3.32;1;1
4251;33235.58;50;3.32;1;1
4252;33235.58;50;3.32;1;1
4253;33235.58;50;3.32;1;1
4254;33186.71;50;3.32;1;1
4255;33235.58;50;3.32;1;1
4256;33235.58;50;3.32;1;1
4257;33235.58;50;3.32;1;1
4258;33186.71;50;3.32;1;1
4259;33235.58;50;3.32;1;1
4260;33186.71;50;3.32;1;1
4261;33235.58;50;3.32;1;1
4262;33186.71;50;3.32;1;1
4263;33235.58;50;3.32;1;1
4264;33186.71;50;3.32;1;1
4265;33235.58;50;3.32;1;1
4266;33235.58;50;3.32;1;1
4267;33235.58;50;3.32;1;1
4268;33186.71;50;3.32;1;1
4269;33235.58;50;3.32;1;1
4270;33186.71;50;3.32;1;1
4271;33235.58;50;3.32;1;1
4272;33235.58;50;3.32;1;1
4273;33235.58;50;3.32;1;1
4274;33186.71;50;3.32;1;1
4275;33235.58;50;3.32;1;1
4276;33186.71;50;3.32;1;1
4277;33235.58;50;3.32;1;1
4278;33186.71;50;3.32;1;1
4279;33235.58;50;3.32;1;1
4280;33186.71;50;3.32;1;1
4281;33235.58;50;3.32;1;1
4282;33235.58;50;3.32;1;1
4283;33235.58;50;3.32;1;1
4284;33186.71;50;3.32;1;1
4285;33235.58;50;3.32;1;1
4286;33186.71;50;3.32;1;1
4287;33235.58;50;3.32;1;1
4288;33186.71;50;3.32;1;1
4289;33235.58;50;3.32;1;1
4290;33186.71;50;3.32;1;1
4291;33235.58;50;3.32;1;1
4292;33186.71;50;3.32;1;1
4293;33235.58;50;3.32;1;1
4294;33235.58;50;3.32;1;1
4295;33235.58;50;3.32;1;1
4296;33186.71;50;3.32;1;1
4297;33235.58;50;3.32;1;1
4298;33186.71;50;3.32;1;1
4299;33235.58;50;3.32;1;1
4300;33186.71;50;3.32;1;1
4301;33235.58;50;3.32;1;1
4302;33235.58;50;3.32;1;1
4303;33235.58;50;3.32;1;1
4304;33235.58;50;3.32;1;1
4305;33235.58;50;3.32;1;1
4306;33186.71;50;3.32;1;1
4307;33235.58;50;3.32;1;1
4308;33235.58;50;3.32;1;1
4309;33235.58;50;3.32;1;1
4310;33235.58;50;3.32;1;1
4311;33235.58;50;3.32;1;1
4312;33235.58;50;3.32;1;1
4313;33235.58;50;3.32;1;1
4314;33235.58;50;3.32;1;1
4315;33235.58;50;3.32;1;1
4316;33186.71;50;3.32;1;1
4317;33235.58;50;3.32;1;1
4318;33186.71;50;3.32;1;1
4319;33235.58;50;3.32;1;1
4320;33235.58;50;3.32;1;1
4321;33235.58;50;3.32;1;1
4322;33235.58;50;3.32;1;1
4323;33235.58;50;3.32;1;1
4324;33235.58;50;3.32;1;1
4325;33235.58;50;3.32;1;1
4326;33235.58;50;3.32;1;1
4327;33235.58;50;3.32;1;1
4328;33235.58;50;3.32;1;1
4329;33235.58;50;3.32;1;1
4330;33235.58;50;3.32;1;1
4331;33235.58;50;3.32;1;1
4332;33235.58;50;3.32;1;1
4333;33235.58;50;3.32;1;1
4334;33235.58;50;3.32;1;1
4335;33235.58;50;3.32;1;1
4336;33235.58;50;3.32;1;1
4337;33235.58;50;3.32;1;1
4338;33186.71;50;3.32;1;1
4339;33235.58;50;3.32;1;1
4340;33186.71;50;3.32;1;1
4341;33235.58;50;3.32;1;1
4342;33235.58;50;3.32;1;1
4343;33235.58;50;3.32;1;1
4344;33235.58;50;3.32;1;1
4345;33186.71;50;3.32;1;1
4346;33235.58;50;3.32;1;1
4347;33235.58;50;3.32;1;1
4348;33235.58;50;3.32;1;1
4349;33235.58;50;3.32;1;1
4350;33186.71;50;3.32;1;1
4351;33235.58;50;3.32;1;1
4352;33235.58;50;3.32;1;1
4353;33235.58;50;3.32;1;1
4354;33235.58;50;3.32;1;1
4355;33235.58;50;3.32;1;1
4356;33235.58;50;3.32;1;1
4357;33235.58;50;3.32;1;1
4358;33235.58;50;3.32;1;1
4359;33186.71;50;3.32;1;1
4360;33235.58;50;3.32;1;1
4361;33235.58;50;3.32;1;1
4362;33235.58;50;3.32;1;1
4363;33235.58;50;3.32;1;1
4364;33235.58;50;3.32;1;1
4365;33186.71;50;3.32;1;1
4366;33235.58;50;3.32;1;1
4367;33235.58;50;3.32;1;1
4368;33235.58;50;3.32;1;1
4369;33235.58;50;3.32;1;1
4370;33235.58;50;3.32;1;1
4371;33235.58;50;3.32;1;1
4372;33235.58;50;3.32;1;1
4373;33235.58;50;3.32;1;1
4374;33235.58;50;3.32;1;1
4375;33186.71;50;3.32;1;1
4376;33235.58;50;3.32;1;1
4377;33235.58;50;3.32;1;1
4378;33235.58;50;3.32;1;1
4379;33235.58;50;3.32;1;1
4380;33235.58;50;3.32;1;1
4381;33186.71;50;3.32;1;1
4382;33235.58;50;3.32;1;1
4383;33186.71;50;3.32;1;1
4384;33235.58;50;3.32;1;1
4385;33186.71;50;3.32;1;1
4386;33235.58;50;3.32;1;1
4387;33186.71;50;3.32;1;1
4388;33235.58;50;3.32;1;1
4389;33235.58;50;3.32;1;1
4390;33235.58;50;3.32;1;1
4391;33186.71;50;3.32;1;1
4392;33235.58;50;3.32;1;1
4393;33186.71;50;3.32;1;1
4394;33235.58;50;3.32;1;1
4395;33186.71;50;3.32;1;1
4396;33235.58;50;3.32;1;1
4397;33186.71;50;3.32;1;1
4398;33235.58;50;3.32;1;1
4399;33186.71;50;3.32;1;1
4400;33235.58;50;3.32;1;1
4401;33186.71;50;3.32;1;1
4402;33235.58;50;3.32;1;1
4403;33186.71;50;3.32;1;1
4404;33235.58;50;3.32;1;1
4405;33186.71;50;3.32;1;1
4406;33235.58;50;3.32;1;1
4407;33186.71;50;3.32;1;1
4408;33235.58;50;3.32;1;1
4409;33186.71;50;3.32;1;1
4410;33235.58;50;3.32;1;1
4411;33186.71;50;3.32;1;1
4412;33235.58;50;3.32;1;1
4413;33186.71;50;3.32;1;1
4414;33235.58;50;3.32;1;1
4415;33186.71;50;3.32;1;1
4416;33235.58;50;3.32;1;1
4417;33186.71;50;3.32;1;1
4418;33235.58;50;3.32;1;1
4419;33186.71;50;3.32;1;1
4420;33235.58;50;3.32;1;1
4421;33186.71;50;3.32;1;1
4422;33235.58;50;3.32;1;1
4423;33186.71;50;3.32;1;1
4424;33235.58;50;3.32;1;1
4425;33235.58;50;3.32;1;1
4426;33235.58;50;3.32;1;1
4427;33235.58;50;3.32;1;1
4428;33235.58;50;3.32;1;1
4429;33186.71;50;3.32;1;1
4430;33235.58;50;3.32;1;1
4431;33235.58;50;3.32;1;1
4432;33235.58;50;3.32;1;1
4433;33186.71;50;3.32;1;1
4434;33235.58;50;3.32;1;1
4435;33186.71;50;3.32;1;1
4436;33235.58;50;3.32;1;1
4437;33186.71;50;3.32;1;1
4438;33235.58;50;3.32;1;1
4439;33235.58;50;3.32;1;1
4440;33235.58;50;3.32;1;1
4441;33186.71;50;3.32;1;1
4442;33235.58;50;3.32;1;1
4443;33186.71;50;3.32;1;1
4444;33235.58;50;3.32;1;1
4445;33235.58;50;3.32;1;1
4446;33235.58;50;3.32;1;1
4447;33235.58;50;3.32;1;1
4448;33235.58;50;3.32;1;1
4449;33235.58;50;3.32;1;1
4450;33235.58;50;3.32;1;1
4451;33235.58;50;3.32;1;1
4452;33235.58;50;3.32;1;1
4453;33235.58;50;3.32;1;1
4454;33235.58;50;3.32;1;1
4455;33235.58;50;3.32;1;1
4456;33235.58;50;3.32;1;1
4457;33186.71;50;3.32;1;1
4458;33235.58;50;3.32;1;1
4459;33235.58;50;3.32;1;1
4460;33235.58;50;3.32;1;1
4461;33186.71;50;3.32;1;1
4462;33235.58;50;3.32;1;1
4463;33235.58;50;3.32;1;1
4464;33235.58;50;3.32;1;1
4465;33235.58;50;3.32;1;1
4466;33235.58;50;3.32;1;1
4467;33235.58;50;3.32;1;1
4468;33235.58;50;3.32;1;1
4469;33235.58;50;3.32;1;1
4470;33235.58;50;3.32;1;1
4471;33186.71;50;3.32;1;1
4472;33235.58;50;3.32;1;1
4473;33235.58;50;3.32;1;1
4474;33235.58;50;3.32;1;1
4475;33235.58;50;3.32;1;1
4476;33235.58;50;3.32;1;1
4477;33235.58;50;3.32;1;1
4478;33235.58;50;3.32;1;1
4479;33235.58;50;3.32;1;1
4480;33235.58;50;3.32;1;1
4481;33235.58;50;3.32;1;1
4482;33235.58;50;3.32;1;1
4483;33235.58;50;3.32;1;1
4484;33235.58;50;3.32;1;1
4485;33235.58;50;3.32;1;1
4486;33235.58;50;3.32;1;1
4487;33235.58;50;3.32;1;1
4488;33235.58;50;3.32;1;1
4489;33235.58;50;3.32;1;1
4490;33235.58;50;3.32;1;1
4491;33235.58;50;3.32;1;1
4492;33235.58;50;3.32;1;1
4493;33235.58;50;3.32;1;1
4494;33235.58;50;3.32;1;1
4495;33235.58;50;3.32;1;1
4496;33235.58;50;3.32;1;1
4497;33235.58;50;3.32;1;1
4498;33235.58;50;3.32;1;1
4499;33235.58;50;3.32;1;1
4500;33186.71;50;3.32;1;1
4501;33235.58;50;3.32;1;1
4502;33186.71;50;3.32;1;1
4503;33235.58;50;3.32;1;1
4504;33235.58;50;3.32;1;1
4505;33235.58;50;3.32;1;1
4506;33186.71;50;3.32;1;1
4507;33235.58;50;3.32;1;1
4508;33186.71;50;3.32;1;1
4509;33235.58;50;3.32;1;1
4510;33186.71;50;3.32;1;1
4511;33235.58;50;3.32;1;1
4512;33235.58;50;3.32;1;1
4513;33235.58;50;3.32;1;1
4514;33186.71;50;3.32;1;1
4515;33235.58;50;3.32;1;1
4516;33186.71;50;3.32;1;1
4517;33235.58;50;3.32;1;1
4518;33186.71;50;3.32;1;1
4519;33235.58;50;3.32;1;1
4520;33186.71;50;3.32;1;1
4521;33235.58;50;3.32;1;1
4522;33186.71;50;3.32;1;1
4523;33235.58;50;3.32;1;1
4524;33186.71;50;3.32;1;1
4525;33235.58;50;3.32;1;1
4526;33186.71;50;3.32;1;1
4527;33235.58;50;3.32;1;1
4528;33235.58;50;3.32;1;1
4529;33235.58;50;3.32;1;1
4530;33186.71;50;3.32;1;1
4531;33235.58;50;3.32;1;1
4532;33186.71;50;3.32;1;1
4533;33235.58;50;3.32;1;1
4534;33186.71;50;3.32;1;1
4535;33235.58;50;3.32;1;1
4536;33235.58;50;3.32;1;1
4537;33235.58;50;3.32;1;1
4538;33186.71;50;3.32;1;1
4539;33235.58;50;3.32;1;1
4540;33186.71;50;3.32;1;1
4541;33235.58;50;3.32;1;1
4542;33186.71;50;3.32;1;1
4543;33235.58;50;3.32;1;1
4544;33186.71;50;3.32;1;1
4545;33235.58;50;3.32;1;1
4546;33186.71;50;3.32;1;1
4547;33235.58;50;3.32;1;1
4548;33186.71;50;3.32;1;1
4549;33235.58;50;3.32;1;1
4550;33186.71;50;3.32;1;1
4551;33235.58;50;3.32;1;1
4552;33186.71;50;3.32;1;1
4553;33235.58;50;3.32;1;1
4554;33235.58;50;3.32;1;1
4555;33235.58;50;3.32;1;1
4556;33186.71;50;3.32;1;1
4557;33235.58;50;3.32;1;1
4558;33186.71;50;3.32;1;1
4559;33235.58;50;3.32;1;1
4560;33186.71;50;3.32;1;1
4561;33235.58;50;3.32;1;1
4562;33186.71;50;3.32;1;1
4563;33235.58;50;3.32;1;1
4564;33235.58;50;3.32;1;1
4565;33235.58;50;3.32;1;1
4566;33186.71;50;3.32;1;1
4567;33235.58;50;3.32;1;1
4568;33186.71;50;3.32;1;1
4569;33235.58;50;3.32;1;1
4570;33235.58;50;3.32;1;1
4571;33235.58;50;3.32;1;1
4572;33186.71;50;3.32;1;1
4573;33235.58;50;3.32;1;1
4574;33186.71;50;3.32;1;1
4575;33235.58;50;3.32;1;1
4576;33186.71;50;3.32;1;1
4577;33235.58;50;3.32;1;1
4578;33235.58;50;3.32;1;1
4579;33235.58;50;3.32;1;1
4580;33186.71;50;3.32;1;1
4581;33235.58;50;3.32;1;1
4582;33235.58;50;3.32;1;1
4583;33235.58;50;3.32;1;1
4584;33235.58;50;3.32;1;1
4585;33235.58;50;3.32;1;1
4586;33186.71;50;3.32;1;1
4587;33235.58;50;3.32;1;1
4588;33186.71;50;3.32;1;1
4589;33235.58;50;3.32;1;1
4590;33235.58;50;3.32;1;1
4591;33235.58;50;3.32;1;1
4592;33235.58;50;3.32;1;1
4593;33235.58;50;3.32;1;1
4594;33235.58;50;3.32;1;1
4595;33235.58;50;3.32;1;1
4596;33186.71;50;3.32;1;1
4597;33235.58;50;3.32;1;1
4598;33235.58;50;3.32;1;1
4599;33235.58;50;3.32;1;1
4600;33235.58;50;3.32;1;1
4601;33235.58;50;3.32;1;1
4602;33186.71;50;3.32;1;1
4603;33235.58;50;3.32;1;1
4604;33186.71;50;3.32;1;1
4605;33235.58;50;3.32;1;1
4606;33186.71;50;3.32;1;1
4607;33235.58;50;3.32;1;1
4608;33186.71;50;3.32;1;1
4609;33235.58;50;3.32;1;1
4610;33235.58;50;3.32;1;1
4611;33235.58;50;3.32;1;1
4612;33235.58;50;3.32;1;1
4613;33235.58;50;3.32;1;1
4614;33235.58;50;3.32;1;1
4615;33235.58;50;3.32;1;1
4616;33235.58;50;3.32;1;1
4617;33186.71;50;3.32;1;1
4618;33235.58;50;3.32;1;1
4619;33235.58;50;3.32;1;1
4620;33235.58;50;3.32;1;1
4621;33235.58;50;3.32;1;1
4622;33235.58;50;3.32;1;1
4623;33235.58;50;3.32;1;1
4624;33235.58;50;3.32;1;1
4625;33235.58;50;3.32;1;1
4626;33235.58;50;3.32;1;1
4627;33235.58;50;3.32;1;1
4628;33235.58;50;3.32;1;1
4629;33235.58;50;3.32;1;1
4630;33235.58;50;3.32;1;1
4631;33235.58;50;3.32;1;1
4632;33235.58;50;3.32;1;1
4633;33235.58;50;3.32;1;1
4634;33235.58;50;3.32;1;1
4635;33235.58;50;3.32;1;1
4636;33235.58;50;3.32;1;1
4637;33235.58;50;3.32;1;1
4638;33235.58;50;3.32;1;1
4639;33235.58;50;3.32;1;1
4640;33235.58;50;3.32;1;1
4641;33186.71;50;3.32;1;1
4642;33235.58;50;3.32;1;1
4643;33186.71;50;3.32;1;1
4644;33235.58;50;3.32;1;1
4645;33186.71;50;3.32;1;1
4646;33235.58;50;3.32;1;1
4647;33186.71;50;3.32;1;1
4648;33235.58;50;3.32;1;1
4649;33186.71;50;3.32;1;1
4650;33235.58;50;3.32;1;1
4651;33186.71;50;3.32;1;1
4652;33235.58;50;3.32;1;1
4653;33186.71;50;3.32;1;1
4654;33235.58;50;3.32;1;1
4655;33186.71;50;3.32;1;1
4656;33235.58;50;3.32;1;1
4657;33186.71;50;3.32;1;1
4658;33235.58;50;3.32;1;1
4659;33186.71;50;3.32;1;1
4660;33235.58;50;3.32;1;1
4661;33186.71;50;3.32;1;1
4662;33235.58;50;3.32;1;1
4663;33186.71;50;3.32;1;1
4664;33235.58;50;3.32;1;1
4665;33186.71;50;3.32;1;1
4666;33235.58;50;3.32;1;1
4667;33186.71;50;3.32;1;1
4668;33235.58;50;3.32;1;1
4669;33186.71;50;3.32;1;1
4670;33235.58;50;3.32;1;1
4671;33186.71;50;3.32;1;1
4672;33235.58;50;3.32;1;1
4673;33186.71;50;3.32;1;1
4674;33235.58;50;3.32;1;1
4675;33186.71;50;3.32;1;1
4676;33235.58;50;3.32;1;1
4677;33186.71;50;3.32;1;1
4678;33235.58;50;3.32;1;1
4679;33186.71;50;3.32;1;1
4680;33235.58;50;3.32;1;1
4681;33186.71;50;3.32;1;1
4682;33235.58;50;3.32;1;1
4683;33186.71;50;3.32;1;1
4684;33235.58;50;3.32;1;1
4685;33186.71;50;3.32;1;1
4686;33235.58;50;3.32;1;1
4687;33186.71;50;3.32;1;1
4688;33235.58;50;3.32;1;1
4689;33186.71;50;3.32;1;1
4690;33235.58;50;3.32;1;1
4691;33186.71;50;3.32;1;1
4692;33235.58;50;3.32;1;1
4693;33186.71;50;3.32;1;1
4694;33235.58;50;3.32;1;1
4695;33186.71;50;3.32;1;1
4696;33235.58;50;3.32;1;1
4697;33186.71;50;3.32;1;1
4698;33235.58;50;3.32;1;1
4699;33186.71;50;3.32;1;1
4700;33235.58;50;3.32;1;1
4701;33186.71;50;3.32;1;1
4702;33235.58;50;3.32;1;1
4703;33186.71;50;3.32;1;1
4704;33235.58;50;3.32;1;1
4705;33186.71;50;3.32;1;1
4706;33235.58;50;3.32;1;1
4707;33186.71;50;3.32;1;1
4708;33235.58;50;3.32;1;1
4709;33186.71;50;3.32;1;1
4710;33235.58;50;3.32;1;1
4711;33186.71;50;3.32;1;1
4712;33235.58;50;3.32;1;1
4713;33186.71;50;3.32;1;1
4714;33235.58;50;3.32;1;1
4715;33186.71;50;3.32;1;1
4716;33235.58;50;3.32;1;1
4717;33235.58;50;3.32;1;1
4718;33235.58;50;3.32;1;1
4719;33186.71;50;3.32;1;1
4720;33235.58;50;3.32;1;1
4721;33186.71;50;3.32;1;1
4722;33235.58;50;3.32;1;1
4723;33186.71;50;3.32;1;1
4724;33235.58;50;3.32;1;1
4725;33235.58;50;3.32;1;1
4726;33235.58;50;3.32;1;1
4727;33186.71;50;3.32;1;1
4728;33235.58;50;3.32;1;1
4729;33186.71;50;3.32;1;1
4730;33235.58;50;3.32;1;1
4731;33186.71;50;3.32;1;1
4732;33235.58;50;3.32;1;1
4733;33186.71;50;3.32;1;1
4734;33235.58;50;3.32;1;1
4735;33235.58;50;3.32;1;1
4736;33235.58;50;3.32;1;1
4737;33186.71;50;3.32;1;1
4738;33235.58;50;3.32;1;1
4739;33186.71;50;3.32;1;1
4740;33235.58;50;3.32;1;1
4741;33186.71;50;3.32;1;1
4742;33186.71;50;3.32;1;1
4743;33235.58;50;3.32;1;1
4744;33235.58;50;3.32;1;1
4745;33235.58;50;3.32;1;1
4746;33235.58;50;3.32;1;1
4747;33186.71;50;3.32;1;1
4748;33235.58;50;3.32;1;1
4749;33235.58;50;3.32;1;1
4750;33235.58;50;3.32;1;1
4751;33235.58;50;3.32;1;1
4752;33235.58;50;3.32;1;1
4753;33186.71;50;3.32;1;1
4754;33235.58;50;3.32;1;1
4755;33186.71;50;3.32;1;1
4756;33235.58;50;3.32;1;1
4757;33235.58;50;3.32;1;1
4758;33235.58;50;3.32;1;1
4759;33235.58;50;3.32;1;1
4760;33235.58;50;3.32;1;1
4761;33186.71;50;3.32;1;1
4762;33235.58;50;3.32;1;1
4763;33186.71;50;3.32;1;1
4764;33235.58;50;3.32;1;1
4765;33186.71;50;3.32;1;1
4766;33235.58;50;3.32;1;1
4767;33186.71;50;3.32;1;1
4768;33186.71;50;3.32;1;1
4769;33235.58;50;3.32;1;1
4770;33235.58;50;3.32;1;1
4771;33186.71;50;3.32;1;1
4772;33235.58;50;3.32;1;1
4773;33235.58;50;3.32;1;1
4774;33235.58;50;3.32;1;1
4775;33235.58;50;3.32;1;1
4776;33235.58;50;3.32;1;1
4777;33235.58;50;3.32;1;1
4778;33235.58;50;3.32;1;1
4779;33186.71;50;3.32;1;1
4780;33235.58;50;3.32;1;1
4781;33235.58;50;3.32;1;1
4782;33186.71;50;3.32;1;1
4783;33235.58;50;3.32;1;1
4784;33235.58;50;3.32;1;1
4785;33235.58;50;3.32;1;1
4786;33235.58;50;3.32;1;1
4787;33186.71;50;3.32;1;1
4788;33186.71;50;3.32;1;1
4789;33235.58;50;3.32;1;1
4790;33186.71;50;3.32;1;1
4791;33235.58;50;3.32;1;1
4792;33186.71;50;3.32;1;1
4793;33235.58;50;3.32;1;1
4794;33235.58;50;3.32;1;1
4795;33235.58;50;3.32;1;1
4796;33186.71;50;3.32;1;1
4797;33235.58;50;3.32;1;1
4798;33186.71;50;3.32;1;1
4799;33235.58;50;3.32;1;1
4800;33186.71;50;3.32;1;1
4801;33235.58;50;3.32;1;1
4802;33186.71;50;3.32;1;1
4803;33235.58;50;3.32;1;1
4804;33186.71;50;3.32;1;1
4805;33235.58;50;3.32;1;1
4806;33186.71;50;3.32;1;1
4807;33235.58;50;3.32;1;1
4808;33186.71;50;3.32;1;1
4809;33235.58;50;3.32;1;1
4810;33186.71;50;3.32;1;1
4811;33235.58;50;3.32;1;1
4812;33186.71;50;3.32;1;1
4813;33235.58;50;3.32;1;1
4814;33186.71;50;3.32;1;1
4815;33235.58;50;3.32;1;1
4816;33186.71;50;3.32;1;1
4817;33235.58;50;3.32;1;1
4818;33186.71;50;3.32;1;1
4819;33235.58;50;3.32;1;1
4820;33186.71;50;3.32;1;1
4821;33235.58;50;3.32;1;1
4822;33186.71;50;3.32;1;1
4823;33235.58;50;3.32;1;1
4824;33186.71;50;3.32;1;1
4825;33235.58;50;3.32;1;1
4826;33186.71;50;3.32;1;1
4827;33235.58;50;3.32;1;1
4828;33186.71;50;3.32;1;1
4829;33235.58;50;3.32;1;1
4830;33186.71;50;3.32;1;1
4831;33235.58;50;3.32;1;1
4832;33186.71;50;3.32;1;1
4833;33235.58;50;3.32;1;1
4834;33186.71;50;3.32;1;1
4835;33235.58;50;3.32;1;1
4836;33186.71;50;3.32;1;1
4837;33235.58;50;3.32;1;1
4838;33186.71;50;3.32;1;1
4839;33235.58;50;3.32;1;1
4840;33186.71;50;3.32;1;1
4841;33235.58;50;3.32;1;1
4842;33186.71;50;3.32;1;1
4843;33235.58;50;3.32;1;1
4844;33186.71;50;3.32;1;1
4845;33235.58;50;3.32;1;1
4846;33186.71;50;3.32;1;1
4847;33235.58;50;3.32;1;1
4848;33186.71;50;3.32;1;1
4849;33235.58;50;3.32;1;1
4850;33186.71;50;3.32;1;1
4851;33235.58;50;3.32;1;1
4852;33186.71;50;3.32;1;1
4853;33235.58;50;3.32;1;1
4854;33186.71;50;3.32;1;1
4855;33235.58;50;3.32;1;1
4856;33186.71;50;3.32;1;1
4857;33235.58;50;3.32;1;1
4858;33186.71;50;3.32;1;1
4859;33235.58;50;3.32;1;1
4860;33186.71;50;3.32;1;1
4861;33235.58;50;3.32;1;1
4862;33186.71;50;3.32;1;1
4863;33235.58;50;3.32;1;1
4864;33186.71;50;3.32;1;1
4865;33235.58;50;3.32;1;1
4866;33186.71;50;3.32;1;1
4867;33235.58;50;3.32;1;1
4868;33186.71;50;3.32;1;1
4869;33235.58;50;3.32;1;1
4870;33186.71;50;3.32;1;1
4871;33235.58;50;3.32;1;1
4872;33186.71;50;3.32;1;1
4873;33235.58;50;3.32;1;1
4874;33186.71;50;3.32;1;1
4875;33235.58;50;3.32;1;1
4876;33186.71;50;3.32;1;1
4877;33235.58;50;3.32;1;1
4878;33186.71;50;3.32;1;1
4879;33235.58;50;3.32;1;1
4880;33186.71;50;3.32;1;1
4881;33235.58;50;3.32;1;1
4882;33186.71;50;3.32;1;1
4883;33235.58;50;3.32;1;1
4884;33186.71;50;3.32;1;1
4885;33235.58;50;3.32;1;1
4886;33186.71;50;3.32;1;1
4887;33235.58;50;3.32;1;1
4888;33186.71;50;3.32;1;1
4889;33235.58;50;3.32;1;1
4890;33186.71;50;3.32;1;1
4891;33235.58;50;3.32;1;1
4892;33186.71;50;3.32;1;1
4893;33235.58;50;3.32;1;1
4894;33186.71;50;3.32;1;1
4895;33235.58;50;3.32;1;1
4896;33186.71;50;3.32;1;1
4897;33235.58;50;3.32;1;1
4898;33186.71;50;3.32;1;1
4899;33235.58;50;3.32;1;1
4900;33186.71;50;3.32;1;1
4901;33235.58;50;3.32;1;1
4902;33186.71;50;3.32;1;1
4903;33235.58;50;3.32;1;1
4904;33186.71;50;3.32;1;1
4905;33235.58;50;3.32;1;1
4906;33186.71;50;3.32;1;1
4907;33235.58;50;3.32;1;1
4908;33186.71;50;3.32;1;1
4909;33235.58;50;3.32;1;1
4910;33186.71;50;3.32;1;1
4911;33186.71;50;3.32;1;1
4912;33186.71;50;3.32;1;1
4913;33235.58;50;3.32;1;1
4914;33235.58;50;3.32;1;1
4915;33235.58;50;3.32;1;1
4916;33186.71;50;3.32;1;1
4917;33186.71;50;3.32;1;1
4918;33186.71;50;3.32;1;1
4919;33235.58;50;3.32;1;1
4920;33235.58;50;3.32;1;1
4921;33235.58;50;3.32;1;1
4922;33235.58;50;3.32;1;1
4923;33235.58;50;3.32;1;1
4924;33235.58;50;3.32;1;1
4925;33186.71;50;3.32;1;1
4926;33186.71;50;3.32;1;1
4927;33186.71;50;3.32;1;1
4928;33186.71;50;3.32;1;1
4929;33235.58;50;3.32;1;1
4930;33235.58;50;3.32;1;1
4931;33235.58;50;3.32;1;1
4932;33235.58;50;3.32;1;1
4933;33235.58;50;3.32;1;1
4934;33186.71;50;3.32;1;1
4935;33235.58;50;3.32;1;1
4936;33186.71;50;3.32;1;1
4937;33186.71;50;3.32;1;1
4938;33186.71;50;3.32;1;1
4939;33235.58;50;3.32;1;1
4940;33186.71;50;3.32;1;1
4941;33186.71;50;3.32;1;1
4942;33186.71;50;3.32;1;1
4943;33186.71;50;3.32;1;1
4944;33186.71;50;3.32;1;1
4945;33186.71;50;3.32;1;1
4946;33186.71;50;3.32;1;1
4947;33186.71;50;3.32;1;1
4948;33235.58;50;3.32;1;1
4949;33186.71;50;3.32;1;1
4950;33235.58;50;3.32;1;1
4951;33186.71;50;3.32;1;1
4952;33235.58;50;3.32;1;1
4953;33186.71;50;3.32;1;1
4954;33235.58;50;3.32;1;1
4955;33186.71;50;3.32;1;1
4956;33235.58;50;3.32;1;1
4957;33186.71;50;3.32;1;1
4958;33235.58;50;3.32;1;1
4959;33186.71;50;3.32;1;1
4960;33235.58;50;3.32;1;1
4961;33186.71;50;3.32;1;1
4962;33235.58;50;3.32;1;1
4963;33186.71;50;3.32;1;1
4964;33235.58;50;3.32;1;1
4965;33186.71;50;3.32;1;1
4966;33235.58;50;3.32;1;1
4967;33186.71;50;3.32;1;1
4968;33235.58;50;3.32;1;1
4969;33186.71;50;3.32;1;1
4970;33235.58;50;3.32;1;1
4971;33186.71;50;3.32;1;1
4972;33235.58;50;3.32;1;1
4973;33186.71;50;3.32;1;1
4974;33235.58;50;3.32;1;1
4975;33186.71;50;3.32;1;1
4976;33235.58;50;3.32;1;1
4977;33186.71;50;3.32;1;1
4978;33235.58;50;3.32;1;1
4979;33186.71;50;3.32;1;1
4980;33235.58;50;3.32;1;1
4981;33186.71;50;3.32;1;1
4982;33235.58;50;3.32;1;1
4983;33186.71;50;3.32;1;1
4984;33235.58;50;3.32;1;1
4985;33186.71;50;3.32;1;1
4986;33235.58;50;3.32;1;1
4987;33186.71;50;3.32;1;1
4988;33235.58;50;3.32;1;1
4989;33186.71;50;3.32;1;1
4990;33235.58;50;3.32;1;1
4991;33186.71;50;3.32;1;1
4992;33235.58;50;3.32;1;1
4993;33186.71;50;3.32;1;1
4994;33235.58;50;3.32;1;1
4995;33186.71;50;3.32;1;1
4996;33235.58;50;3.32;1;1
4997;33186.71;50;3.32;1;1
4998;33235.58;50;3.32;1;1
4999;33186.71;50;3.32;1;1
5000;33235.58;50;3.32;1;1
5001;33186.71;50;3.32;1;1
5002;33235.58;50;3.32;1;1
5003;33186.71;50;3.32;1;1
5004;33235.58;50;3.32;1;1
5005;33186.71;50;3.32;1;1
5006;33235.58;50;3.32;1;1
5007;33186.71;50;3.32;1;1
5008;33235.58;50;3.32;1;1
5009;33186.71;50;3.32;1;1
5010;33235.58;50;3.32;1;1
5011;33186.71;50;3.32;1;1
5012;33235.58;50;3.32;1;1
5013;33186.71;50;3.32;1;1
5014;33235.58;50;3.32;1;1
5015;33186.71;50;3.32;1;1
5016;33235.58;50;3.32;1;1
5017;33186.71;50;3.32;1;1
5018;33235.58;50;3.32;1;1
5019;33186.71;50;3.32;1;1
5020;33235.58;50;3.32;1;1
5021;33186.71;50;3.32;1;1
5022;33235.58;50;3.32;1;1
5023;33186.71;50;3.32;1;1
5024;33235.58;50;3.32;1;1
5025;33186.71;50;3.32;1;1
5026;33235.58;50;3.32;1;1
5027;33186.71;50;3.32;1;1
5028;33235.58;50;3.32;1;1
5029;33186.71;50;3.32;1;1
5030;33235.58;50;3.32;1;1
5031;33186.71;50;3.32;1;1
5032;33235.58;50;3.32;1;1
5033;33186.71;50;3.32;1;1
5034;33235.58;50;3.32;1;1
5035;33186.71;50;3.32;1;1
5036;33235.58;50;3.32;1;1
5037;33186.71;50;3.32;1;1
5038;33235.58;50;3.32;1;1
5039;33186.71;50;3.32;1;1
5040;33235.58;50;3.32;1;1
5041;33186.71;50;3.32;1;1
5042;33235.58;50;3.32;1;1
5043;33186.71;50;3.32;1;1
5044;33235.58;50;3.32;1;1
5045;33186.71;50;3.32;1;1
5046;33235.58;50;3.32;1;1
5047;33186.71;50;3.32;1;1
5048;33235.58;50;3.32;1;1
5049;33186.71;50;3.32;1;1
5050;33235.58;50;3.32;1;1
5051;33186.71;50;3.32;1;1
5052;33235.58;50;3.32;1;1
5053;33186.71;50;3.32;1;1
5054;33235.58;50;3.32;1;1
5055;33186.71;50;3.32;1;1
5056;33235.58;50;3.32;1;1
5057;33186.71;50;3.32;1;1
5058;33235.58;50;3.32;1;1
5059;33186.71;50;3.32;1;1
5060;33235.58;50;3.32;1;1
5061;33186.71;50;3.32;1;1
5062;33235.58;50;3.32;1;1
5063;33186.71;50;3.32;1;1
5064;33235.58;50;3.32;1;1
5065;33186.71;50;3.32;1;1
5066;33235.58;50;3.32;1;1
5067;33186.71;50;3.32;1;1
5068;33235.58;50;3.32;1;1
5069;33186.71;50;3.32;1;1
5070;33235.58;50;3.32;1;1
5071;33186.71;50;3.32;1;1
5072;33235.58;50;3.32;1;1
5073;33186.71;50;3.32;1;1
5074;33235.58;50;3.32;1;1
5075;33186.71;50;3.32;1;1
5076;33235.58;50;3.32;1;1
5077;33186.71;50;3.32;1;1
5078;33235.58;50;3.32;1;1
5079;33186.71;50;3.32;1;1
5080;33235.58;50;3.32;1;1
5081;33186.71;50;3.32;1;1
5082;33235.58;50;3.32;1;1
5083;33186.71;50;3.32;1;1
5084;33235.58;50;3.32;1;1
5085;33186.71;50;3.32;1;1
5086;33235.58;50;3.32;1;1
5087;33235.58;50;3.32;1;1
5088;33235.58;50;3.32;1;1
5089;33186.71;50;3.32;1;1
5090;33235.58;50;3.32;1;1
5091;33186.71;50;3.32;1;1
5092;33235.58;50;3.32;1;1
5093;33186.71;50;3.32;1;1
5094;33235.58;50;3.32;1;1
5095;33235.58;50;3.32;1;1
5096;33235.58;50;3.32;1;1
5097;33186.71;50;3.32;1;1
5098;33235.58;50;3.32;1;1
5099;33186.71;50;3.32;1;1
5100;33186.71;50;3.32;1;1
5101;33235.58;50;3.32;1;1
5102;33235.58;50;3.32;1;1
5103;33235.58;50;3.32;1;1
5104;33235.58;50;3.32;1;1
5105;33235.58;50;3.32;1;1
5106;33235.58;50;3.32;1;1
5107;33186.71;50;3.32;1;1
5108;33235.58;50;3.32;1;1
5109;33186.71;50;3.32;1;1
5110;33235.58;50;3.32;1;1
5111;33235.58;50;3.32;1;1
5112;33186.71;50;3.32;1;1
5113;33186.71;50;3.32;1;1
5114;33235.58;50;3.32;1;1
5115;33235.58;50;3.32;1;1
5116;33235.58;50;3.32;1;1
5117;33186.71;50;3.32;1;1
5118;33235.58;50;3.32;1;1
5119;33235.58;50;3.32;1;1
5120;33186.71;50;3.32;1;1
5121;33186.71;50;3.32;1;1
5122;33235.58;50;3.32;1;1
5123;33235.58;50;3.32;1;1
5124;33235.58;50;3.32;1;1
5125;33235.58;50;3.32;1;1
5126;33186.71;50;3.32;1;1
5127;33235.58;50;3.32;1;1
5128;33186.71;50;3.32;1;1
5129;33186.71;50;3.32;1;1
5130;33186.71;50;3.32;1;1
5131;33235.58;50;3.32;1;1
5132;33186.71;50;3.32;1;1
5133;33235.58;50;3.32;1;1
5134;33186.71;50;3.32;1;1
5135;33235.58;50;3.32;1;1
5136;33235.58;50;3.32;1;1
5137;33235.58;50;3.32;1;1
5138;33186.71;50;3.32;1;1
5139;33186.71;50;3.32;1;1
5140;33186.71;50;3.32;1;1
5141;33186.71;50;3.32;1;1
5142;33235.58;50;3.32;1;1
5143;33186.71;50;3.32;1;1
5144;33186.71;50;3.32;1;1
5145;33235.58;50;3.32;1;1
5146;33186.71;50;3.32;1;1
5147;33235.58;50;3.32;1;1
5148;33235.58;50;3.32;1;1
5149;33186.71;50;3.32;1;1
5150;33186.71;50;3.32;1;1
5151;33235.58;50;3.32;1;1
5152;33186.71;50;3.32;1;1
5153;33186.71;50;3.32;1;1
5154;33186.71;50;3.32;1;1
5155;33235.58;50;3.32;1;1
5156;33235.58;50;3.32;1;1
5157;33235.58;50;3.32;1;1
5158;33186.71;50;3.32;1;1
5159;33235.58;50;3.32;1;1
5160;33186.71;50;3.32;1;1
5161;33235.58;50;3.32;1;1
5162;33186.71;50;3.32;1;1
5163;33235.58;50;3.32;1;1
5164;33186.71;50;3.32;1;1
5165;33235.58;50;3.32;1;1
5166;33186.71;50;3.32;1;1
5167;33235.58;50;3.32;1;1
5168;33186.71;50;3.32;1;1
5169;33235.58;50;3.32;1;1
5170;33186.71;50;3.32;1;1
5171;33235.58;50;3.32;1;1
5172;33186.71;50;3.32;1;1
5173;33235.58;50;3.32;1;1
5174;33186.71;50;3.32;1;1
5175;33235.58;50;3.32;1;1
5176;33186.71;50;3.32;1;1
5177;33235.58;50;3.32;1;1
5178;33186.71;50;3.32;1;1
5179;33235.58;50;3.32;1;1
5180;33186.71;50;3.32;1;1
5181;33235.58;50;3.32;1;1
5182;33186.71;50;3.32;1;1
5183;33235.58;50;3.32;1;1
5184;33186.71;50;3.32;1;1
5185;33235.58;50;3.32;1;1
5186;33186.71;50;3.32;1;1
5187;33235.58;50;3.32;1;1
5188;33186.71;50;3.32;1;1
5189;33235.58;50;3.32;1;1
5190;33186.71;50;3.32;1;1
5191;33235.58;50;3.32;1;1
5192;33186.71;50;3.32;1;1
5193;33235.58;50;3.32;1;1
5194;33186.71;50;3.32;1;1
5195;33235.58;50;3.32;1;1
5196;33186.71;50;3.32;1;1
5197;33235.58;50;3.32;1;1
5198;33186.71;50;3.32;1;1
5199;33235.58;50;3.32;1;1
5200;33186.71;50;3.32;1;1
5201;33235.58;50;3.32;1;1
5202;33186.71;50;3.32;1;1
5203;33235.58;50;3.32;1;1
5204;33186.71;50;3.32;1;1
5205;33235.58;50;3.32;1;1
5206;33186.71;50;3.32;1;1
5207;33235.58;50;3.32;1;1
5208;33186.71;50;3.32;1;1
5209;33235.58;50;3.32;1;1
5210;33186.71;50;3.32;1;1
5211;33235.58;50;3.32;1;1
5212;33186.71;50;3.32;1;1
5213;33235.58;50;3.32;1;1
5214;33186.71;50;3.32;1;1
5215;33235.58;50;3.32;1;1
5216;33186.71;50;3.32;1;1
5217;33235.58;50;3.32;1;1
5218;33186.71;50;3.32;1;1
5219;33235.58;50;3.32;1;1
5220;33186.71;50;3.32;1;1
5221;33235.58;50;3.32;1;1
5222;33186.71;50;3.32;1;1
5223;33235.58;50;3.32;1;1
5224;33186.71;50;3.32;1;1
5225;33235.58;50;3.32;1;1
5226;33186.71;50;3.32;1;1
5227;33235.58;50;3.32;1;1
5228;33186.71;50;3.32;1;1
5229;33235.58;50;3.32;1;1
5230;33186.71;50;3.32;1;1
5231;33235.58;50;3.32;1;1
5232;33186.71;50;3.32;1;1
5233;33235.58;50;3.32;1;1
5234;33186.71;50;3.32;1;1
5235;33235.58;50;3.32;1;1
5236;33186.71;50;3.32;1;1
5237;33235.58;50;3.32;1;1
5238;33186.71;50;3.32;1;1
5239;33235.58;50;3.32;1;1
5240;33186.71;50;3.32;1;1
5241;33235.58;50;3.32;1;1
5242;33186.71;50;3.32;1;1
5243;33235.58;50;3.32;1;1
5244;33186.71;50;3.32;1;1
5245;33235.58;50;3.32;1;1
5246;33186.71;50;3.32;1;1
5247;33235.58;50;3.32;1;1
5248;33186.71;50;3.32;1;1
5249;33235.58;50;3.32;1;1
5250;33186.71;50;3.32;1;1
5251;33235.58;50;3.32;1;1
5252;33186.71;50;3.32;1;1
5253;33235.58;50;3.32;1;1
5254;33186.71;50;3.32;1;1
5255;33235.58;50;3.32;1;1
5256;33186.71;50;3.32;1;1
5257;33235.58;50;3.32;1;1
5258;33186.71;50;3.32;1;1
5259;33235.58;50;3.32;1;1
5260;33186.71;50;3.32;1;1
5261;33235.58;50;3.32;1;1
5262;33186.71;50;3.32;1;1
5263;33235.58;50;3.32;1;1
5264;33186.71;50;3.32;1;1
5265;33186.71;50;3.32;1;1
5266;33186.71;50;3.32;1;1
5267;33235.58;50;3.32;1;1
5268;33186.71;50;3.32;1;1
5269;33235.58;50;3.32;1;1
5270;33186.71;50;3.32;1;1
5271;33186.71;50;3.32;1;1
5272;33186.71;50;3.32;1;1
5273;33235.58;50;3.32;1;1
5274;33186.71;50;3.32;1;1
5275;33186.71;50;3.32;1;1
5276;33186.71;50;3.32;1;1
5277;33235.58;50;3.32;1;1
5278;33235.58;50;3.32;1;1
5279;33235.58;50;3.32;1;1
5280;33186.71;50;3.32;1;1
5281;33186.71;50;3.32;1;1
5282;33186.71;50;3.32;1;1
5283;33186.71;50;3.32;1;1
5284;33186.71;50;3.32;1;1
5285;33186.71;50;3.32;1;1
5286;33186.71;50;3.32;1;1
5287;33186.71;50;3.32;1;1
5288;33235.58;50;3.32;1;1
5289;33186.71;50;3.32;1;1
5290;33235.58;50;3.32;1;1
5291;33186.71;50;3.32;1;1
5292;33186.71;50;3.32;1;1
5293;33186.71;50;3.32;1;1
5294;33235.58;50;3.32;1;1
5295;33186.71;50;3.32;1;1
5296;33235.58;50;3.32;1;1
5297;33186.71;50;3.32;1;1
5298;33186.71;50;3.32;1;1
5299;33186.71;50;3.32;1;1
5300;33235.58;50;3.32;1;1
5301;33186.71;50;3.32;1;1
5302;33235.58;50;3.32;1;1
5303;33186.71;50;3.32;1;1
5304;33235.58;50;3.32;1;1
5305;33186.71;50;3.32;1;1
5306;33235.58;50;3.32;1;1
5307;33186.71;50;3.32;1;1
5308;33235.58;50;3.32;1;1
5309;33186.71;50;3.32;1;1
5310;33235.58;50;3.32;1;1
5311;33186.71;50;3.32;1;1
5312;33235.58;50;3.32;1;1
5313;33186.71;50;3.32;1;1
5314;33235.58;50;3.32;1;1
5315;33186.71;50;3.32;1;1
5316;33235.58;50;3.32;1;1
5317;33186.71;50;3.32;1;1
5318;33235.58;50;3.32;1;1
5319;33186.71;50;3.32;1;1
5320;33235.58;50;3.32;1;1
5321;33186.71;50;3.32;1;1
5322;33235.58;50;3.32;1;1
5323;33186.71;50;3.32;1;1
5324;33235.58;50;3.32;1;1
5325;33186.71;50;3.32;1;1
5326;33235.58;50;3.32;1;1
5327;33186.71;50;3.32;1;1
5328;33235.58;50;3.32;1;1
5329;33186.71;50;3.32;1;1
5330;33235.58;50;3.32;1;1
5331;33186.71;50;3.32;1;1
5332;33235.58;50;3.32;1;1
5333;33186.71;50;3.32;1;1
5334;33235.58;50;3.32;1;1
5335;33186.71;50;3.32;1;1
5336;33235.58;50;3.32;1;1
5337;33186.71;50;3.32;1;1
5338;33235.58;50;3.32;1;1
5339;33186.71;50;3.32;1;1
5340;33235.58;50;3.32;1;1
5341;33186.71;50;3.32;1;1
5342;33235.58;50;3.32;1;1
5343;33186.71;50;3.32;1;1
5344;33235.58;50;3.32;1;1
5345;33186.71;50;3.32;1;1
5346;33235.58;50;3.32;1;1
5347;33186.71;50;3.32;1;1
5348;33235.58;50;3.32;1;1
5349;33186.71;50;3.32;1;1
5350;33235.58;50;3.32;1;1
5351;33186.71;50;3.32;1;1
5352;33235.58;50;3.32;1;1
5353;33186.71;50;3.32;1;1
5354;33235.58;50;3.32;1;1
5355;33186.71;50;3.32;1;1
5356;33235.58;50;3.32;1;1
5357;33186.71;50;3.32;1;1
5358;33235.58;50;3.32;1;1
5359;33186.71;50;3.32;1;1
5360;33235.58;50;3.32;1;1
5361;33186.71;50;3.32;1;1
5362;33235.58;50;3.32;1;1
5363;33186.71;50;3.32;1;1
5364;33235.58;50;3.32;1;1
5365;33186.71;50;3.32;1;1
5366;33235.58;50;3.32;1;1
5367;33186.71;50;3.32;1;1
5368;33235.58;50;3.32;1;1
5369;33186.71;50;3.32;1;1
5370;33235.58;50;3.32;1;1
5371;33186.71;50;3.32;1;1
5372;33235.58;50;3.32;1;1
5373;33186.71;50;3.32;1;1
5374;33235.58;50;3.32;1;1
5375;33186.71;50;3.32;1;1
5376;33235.58;50;3.32;1;1
5377;33186.71;50;3.32;1;1
5378;33235.58;50;3.32;1;1
5379;33186.71;50;3.32;1;1
5380;33235.58;50;3.32;1;1
5381;33186.71;50;3.32;1;1
5382;33235.58;50;3.32;1;1
5383;33186.71;50;3.32;1;1
5384;33235.58;50;3.32;1;1
5385;33186.71;50;3.32;1;1
5386;33235.58;50;3.32;1;1
5387;33186.71;50;3.32;1;1
5388;33235.58;50;3.32;1;1
5389;33186.71;50;3.32;1;1
5390;33235.58;50;3.32;1;1
5391;33186.71;50;3.32;1;1
5392;33235.58;50;3.32;1;1
5393;33186.71;50;3.32;1;1
5394;33235.58;50;3.32;1;1
5395;33186.71;50;3.32;1;1
5396;33235.58;50;3.32;1;1
5397;33186.71;50;3.32;1;1
5398;33235.58;50;3.32;1;1
5399;33186.71;50;3.32;1;1
5400;33235.58;50;3.32;1;1
5401;33186.71;50;3.32;1;1
5402;33235.58;50;3.32;1;1
5403;33186.71;50;3.32;1;1
5404;33235.58;50;3.32;1;1
5405;33186.71;50;3.32;1;1
5406;33235.58;50;3.32;1;1
5407;33186.71;50;3.32;1;1
5408;33235.58;50;3.32;1;1
5409;33186.71;50;3.32;1;1
5410;33235.58;50;3.32;1;1
5411;33186.71;50;3.32;1;1
5412;33235.58;50;3.32;1;1
5413;33186.71;50;3.32;1;1
5414;33235.58;50;3.32;1;1
5415;33186.71;50;3.32;1;1
5416;33235.58;50;3.32;1;1
5417;33186.71;50;3.32;1;1
5418;33235.58;50;3.32;1;1
5419;33186.71;50;3.32;1;1
5420;33235.58;50;3.32;1;1
5421;33186.71;50;3.32;1;1
5422;33235.58;50;3.32;1;1
5423;33186.71;50;3.32;1;1
5424;33186.71;50;3.32;1;1
5425;33186.71;50;3.32;1;1
5426;33235.58;50;3.32;1;1
5427;33186.71;50;3.32;1;1
5428;33235.58;50;3.32;1;1
5429;33186.71;50;3.32;1;1
5430;33235.58;50;3.32;1;1
5431;33186.71;50;3.32;1;1
5432;33186.71;50;3.32;1;1
5433;33186.71;50;3.32;1;1
5434;33186.71;50;3.32;1;1
5435;33186.71;50;3.32;1;1
5436;33235.58;50;3.32;1;1
5437;33186.71;50;3.32;1;1
5438;33186.71;50;3.32;1;1
5439;33186.71;50;3.32;1;1
5440;33186.71;50;3.32;1;1
5441;33186.71;50;3.32;1;1
5442;33186.71;50;3.32;1;1
5443;33186.71;50;3.32;1;1
5444;33186.71;50;3.32;1;1
5445;33186.71;50;3.32;1;1
5446;33186.71;50;3.32;1;1
5447;33186.71;50;3.32;1;1
5448;33186.71;50;3.32;1;1
5449;33186.71;50;3.32;1;1
5450;33186.71;50;3.32;1;1
5451;33186.71;50;3.32;1;1
5452;33186.71;50;3.32;1;1
5453;33186.71;50;3.32;1;1
5454;33186.71;50;3.32;1;1
5455;33186.71;50;3.32;1;1
5456;33186.71;50;3.32;1;1
5457;33186.71;50;3.32;1;1
5458;33186.71;50;3.32;1;1
5459;33186.71;50;3.32;1;1
5460;33186.71;50;3.32;1;1
5461;33186.71;50;3.32;1;1
5462;33186.71;50;3.32;1;1
5463;33186.71;50;3.32;1;1
5464;33186.71;50;3.32;1;1
5465;33186.71;50;3.32;1;1
5466;33186.71;50;3.32;1;1
5467;33186.71;50;3.32;1;1
5468;33186.71;50;3.32;1;1
5469;33235.58;50;3.32;1;1
5470;33186.71;50;3.32;1;1
5471;33186.71;50;3.32;1;1
5472;33186.71;50;3.32;1;1
5473;33186.71;50;3.32;1;1
5474;33186.71;50;3.32;1;1
5475;33235.58;50;3.32;1;1
5476;33186.71;50;3.32;1;1
5477;33235.58;50;3.32;1;1
5478;33186.71;50;3.32;1;1
5479;33235.58;50;3.32;1;1
5480;33186.71;50;3.32;1;1
5481;33235.58;50;3.32;1;1
5482;33186.71;50;3.32;1;1
5483;33235.58;50;3.32;1;1
5484;33186.71;50;3.32;1;1
5485;33235.58;50;3.32;1;1
5486;33186.71;50;3.32;1;1
5487;33235.58;50;3.32;1;1
5488;33186.71;50;3.32;1;1
5489;33235.58;50;3.32;1;1
5490;33186.71;50;3.32;1;1
5491;33235.58;50;3.32;1;1
5492;33186.71;50;3.32;1;1
5493;33235.58;50;3.32;1;1
5494;33186.71;50;3.32;1;1
5495;33235.58;50;3.32;1;1
5496;33186.71;50;3.32;1;1
5497;33235.58;50;3.32;1;1
5498;33186.71;50;3.32;1;1
5499;33235.58;50;3.32;1;1
5500;33186.71;50;3.32;1;1
5501;33235.58;50;3.32;1;1
5502;33186.71;50;3.32;1;1
5503;33235.58;50;3.32;1;1
5504;33186.71;50;3.32;1;1
5505;33235.58;50;3.32;1;1
5506;33186.71;50;3.32;1;1
5507;33235.58;50;3.32;1;1
5508;33186.71;50;3.32;1;1
5509;33235.58;50;3.32;1;1
5510;33186.71;50;3.32;1;1
5511;33235.58;50;3.32;1;1
5512;33186.71;50;3.32;1;1
5513;33235.58;50;3.32;1;1
5514;33186.71;50;3.32;1;1
5515;33235.58;50;3.32;1;1
5516;33186.71;50;3.32;1;1
5517;33235.58;50;3.32;1;1
5518;33186.71;50;3.32;1;1
5519;33235.58;50;3.32;1;1
5520;33186.71;50;3.32;1;1
5521;33235.58;50;3.32;1;1
5522;33186.71;50;3.32;1;1
5523;33235.58;50;3.32;1;1
5524;33186.71;50;3.32;1;1
5525;33235.58;50;3.32;1;1
5526;33186.71;50;3.32;1;1
5527;33235.58;50;3.32;1;1
5528;33186.71;50;3.32;1;1
5529;33235.58;50;3.32;1;1
5530;33186.71;50;3.32;1;1
5531;33235.58;50;3.32;1;1
5532;33186.71;50;3.32;1;1
5533;33235.58;50;3.32;1;1
5534;33186.71;50;3.32;1;1
5535;33235.58;50;3.32;1;1
5536;33186.71;50;3.32;1;1
5537;33235.58;50;3.32;1;1
5538;33186.71;50;3.32;1;1
5539;33235.58;50;3.32;1;1
5540;33186.71;50;3.32;1;1
5541;33235.58;50;3.32;1;1
5542;33186.71;50;3.32;1;1
5543;33235.58;50;3.32;1;1
5544;33186.71;50;3.32;1;1
5545;33235.58;50;3.32;1;1
5546;33186.71;50;3.32;1;1
5547;33235.58;50;3.32;1;1
5548;33186.71;50;3.32;1;1
5549;33235.58;50;3.32;1;1
5550;33186.71;50;3.32;1;1
5551;33235.58;50;3.32;1;1
5552;33186.71;50;3.32;1;1
5553;33235.58;50;3.32;1;1
5554;33186.71;50;3.32;1;1
5555;33235.58;50;3.32;1;1
5556;33186.71;50;3.32;1;1
5557;33235.58;50;3.32;1;1
5558;33186.71;50;3.32;1;1
5559;33235.58;50;3.32;1;1
5560;33186.71;50;3.32;1;1
5561;33235.58;50;3.32;1;1
5562;33186.71;50;3.32;1;1
5563;33235.58;50;3.32;1;1
5564;33186.71;50;3.32;1;1
5565;33235.58;50;3.32;1;1
5566;33186.71;50;3.32;1;1
5567;33235.58;50;3.32;1;1
5568;33186.71;50;3.32;1;1
5569;33235.58;50;3.32;1;1
5570;33186.71;50;3.32;1;1
5571;33235.58;50;3.32;1;1
5572;33186.71;50;3.32;1;1
5573;33235.58;50;3.32;1;1
5574;33186.71;50;3.32;1;1
5575;33235.58;50;3.32;1;1
5576;33186.71;50;3.32;1;1
5577;33235.58;50;3.32;1;1
5578;33186.71;50;3.32;1;1
5579;33235.58;50;3.32;1;1
5580;33186.71;50;3.32;1;1
5581;33235.58;50;3.32;1;1
5582;33186.71;50;3.32;1;1
5583;33235.58;50;3.32;1;1
5584;33186.71;50;3.32;1;1
5585;33235.58;50;3.32;1;1
5586;33186.71;50;3.32;1;1
5587;33235.58;50;3.32;1;1
5588;33186.71;50;3.32;1;1
5589;33235.58;50;3.32;1;1
5590;33186.71;50;3.32;1;1
5591;33235.58;50;3.32;1;1
5592;33186.71;50;3.32;1;1
5593;33235.58;50;3.32;1;1
5594;33186.71;50;3.32;1;1
5595;33186.71;50;3.32;1;1
5596;33186.71;50;3.32;1;1
5597;33235.58;50;3.32;1;1
5598;33186.71;50;3.32;1;1
5599;33235.58;50;3.32;1;1
5600;33186.71;50;3.32;1;1
5601;33235.58;50;3.32;1;1
5602;33186.71;50;3.32;1;1
5603;33235.58;50;3.32;1;1
5604;33186.71;50;3.32;1;1
5605;33235.58;50;3.32;1;1
5606;33186.71;50;3.32;1;1
5607;33235.58;50;3.32;1;1
5608;33186.71;50;3.32;1;1
5609;33235.58;50;3.32;1;1
5610;33186.71;50;3.32;1;1
5611;33186.71;50;3.32;1;1
5612;33186.71;50;3.32;1;1
5613;33186.71;50;3.32;1;1
5614;33186.71;50;3.32;1;1
5615;33235.58;50;3.32;1;1
5616;33186.71;50;3.32;1;1
5617;33186.71;50;3.32;1;1
5618;33186.71;50;3.32;1;1
5619;33186.71;50;3.32;1;1
5620;33186.71;50;3.32;1;1
5621;33186.71;50;3.32;1;1
5622;33186.71;50;3.32;1;1
5623;33186.71;50;3.32;1;1
5624;33186.71;50;3.32;1;1
5625;33186.71;50;3.32;1;1
5626;33186.71;50;3.32;1;1
5627;33186.71;50;3.32;1;1
5628;33186.71;50;3.32;1;1
5629;33186.71;50;3.32;1;1
5630;33186.71;50;3.32;1;1
5631;33186.71;50;3.32;1;1
5632;33186.71;50;3.32;1;1
5633;33186.71;50;3.32;1;1
5634;33186.71;50;3.32;1;1
5635;33186.71;50;3.32;1;1
5636;33186.71;50;3.32;1;1
5637;33235.58;50;3.32;1;1
5638;33186.71;50;3.32;1;1
5639;33186.71;50;3.32;1;1
5640;33186.71;50;3.32;1;1
5641;33235.58;50;3.32;1;1
5642;33186.71;50;3.32;1;1
5643;33186.71;50;3.32;1;1
5644;33186.71;50;3.32;1;1
5645;33235.58;50;3.32;1;1
5646;33186.71;50;3.32;1;1
5647;33186.71;50;3.32;1;1
5648;33186.71;50;3.32;1;1
5649;33186.71;50;3.32;1;1
5650;33186.71;50;3.32;1;1
5651;33186.71;50;3.32;1;1
5652;33186.71;50;3.32;1;1
5653;33186.71;50;3.32;1;1
5654;33186.71;50;3.32;1;1
5655;33186.71;50;3.32;1;1
5656;33186.71;50;3.32;1;1
5657;33186.71;50;3.32;1;1
5658;33186.71;50;3.32;1;1
5659;33186.71;50;3.32;1;1
5660;33186.71;50;3.32;1;1
5661;33186.71;50;3.32;1;1
5662;33186.71;50;3.32;1;1
5663;33186.71;50;3.32;1;1
5664;33186.71;50;3.32;1;1
5665;33186.71;50;3.32;1;1
5666;33235.58;50;3.32;1;1
5667;33186.71;50;3.32;1;1
5668;33235.58;50;3.32;1;1
5669;33186.71;50;3.32;1;1
5670;33186.71;50;3.32;1;1
5671;33186.71;50;3.32;1;1
5672;33186.71;50;3.32;1;1
5673;33186.71;50;3.32;1;1
5674;33186.71;50;3.32;1;1
5675;33186.71;50;3.32;1;1
5676;33235.58;50;3.32;1;1
5677;33186.71;50;3.32;1;1
5678;33186.71;50;3.32;1;1
5679;33186.71;50;3.32;1;1
5680;33235.58;50;3.32;1;1
5681;33186.71;50;3.32;1;1
5682;33235.58;50;3.32;1;1
5683;33186.71;50;3.32;1;1
5684;33235.58;50;3.32;1;1
5685;33186.71;50;3.32;1;1
5686;33235.58;50;3.32;1;1
5687;33186.71;50;3.32;1;1
5688;33235.58;50;3.32;1;1
5689;33186.71;50;3.32;1;1
5690;33235.58;50;3.32;1;1
5691;33186.71;50;3.32;1;1
5692;33235.58;50;3.32;1;1
5693;33186.71;50;3.32;1;1
5694;33235.58;50;3.32;1;1
5695;33186.71;50;3.32;1;1
5696;33235.58;50;3.32;1;1
5697;33186.71;50;3.32;1;1
5698;33235.58;50;3.32;1;1
5699;33186.71;50;3.32;1;1
5700;33186.71;50;3.32;1;1
5701;33186.71;50;3.32;1;1
5702;33235.58;50;3.32;1;1
5703;33186.71;50;3.32;1;1
5704;33235.58;50;3.32;1;1
5705;33186.71;50;3.32;1;1
5706;33235.58;50;3.32;1;1
5707;33186.71;50;3.32;1;1
5708;33235.58;50;3.32;1;1
5709;33186.71;50;3.32;1;1
5710;33235.58;50;3.32;1;1
5711;33186.71;50;3.32;1;1
5712;33235.58;50;3.32;1;1
5713;33186.71;50;3.32;1;1
5714;33235.58;50;3.32;1;1
5715;33186.71;50;3.32;1;1
5716;33235.58;50;3.32;1;1
5717;33186.71;50;3.32;1;1
5718;33235.58;50;3.32;1;1
5719;33186.71;50;3.32;1;1
5720;33186.71;50;3.32;1;1
5721;33186.71;50;3.32;1;1
5722;33235.58;50;3.32;1;1
5723;33186.71;50;3.32;1;1
5724;33235.58;50;3.32;1;1
5725;33186.71;50;3.32;1;1
5726;33235.58;50;3.32;1;1
5727;33186.71;50;3.32;1;1
5728;33235.58;50;3.32;1;1
5729;33186.71;50;3.32;1;1
5730;33235.58;50;3.32;1;1
5731;33186.71;50;3.32;1;1
5732;33235.58;50;3.32;1;1
5733;33186.71;50;3.32;1;1
5734;33235.58;50;3.32;1;1
5735;33186.71;50;3.32;1;1
5736;33235.58;50;3.32;1;1
5737;33186.71;50;3.32;1;1
5738;33235.58;50;3.32;1;1
5739;33186.71;50;3.32;1;1
5740;33235.58;50;3.32;1;1
5741;33186.71;50;3.32;1;1
5742;33235.58;50;3.32;1;1
5743;33186.71;50;3.32;1;1
5744;33235.58;50;3.32;1;1
5745;33186.71;50;3.32;1;1
5746;33235.58;50;3.32;1;1
5747;33186.71;50;3.32;1;1
5748;33235.58;50;3.32;1;1
5749;33186.71;50;3.32;1;1
5750;33235.58;50;3.32;1;1
5751;33186.71;50;3.32;1;1
5752;33235.58;50;3.32;1;1
5753;33186.71;50;3.32;1;1
5754;33235.58;50;3.32;1;1
5755;33186.71;50;3.32;1;1
5756;33235.58;50;3.32;1;1
5757;33186.71;50;3.32;1;1
5758;33235.58;50;3.32;1;1
5759;33186.71;50;3.32;1;1
5760;33235.58;50;3.32;1;1
5761;33186.71;50;3.32;1;1
5762;33235.58;50;3.32;1;1
5763;33186.71;50;3.32;1;1
5764;33235.58;50;3.32;1;1
5765;33186.71;50;3.32;1;1
5766;33235.58;50;3.32;1;1
5767;33186.71;50;3.32;1;1
5768;33235.58;50;3.32;1;1
5769;33186.71;50;3.32;1;1
5770;33235.58;50;3.32;1;1
5771;33186.71;50;3.32;1;1
5772;33235.58;50;3.32;1;1
5773;33186.71;50;3.32;1;1
5774;33235.58;50;3.32;1;1
5775;33186.71;50;3.32;1;1
5776;33235.58;50;3.32;1;1
5777;33186.71;50;3.32;1;1
5778;33186.71;50;3.32;1;1
5779;33186.71;50;3.32;1;1
5780;33235.58;50;3.32;1;1
5781;33186.71;50;3.32;1;1
5782;33235.58;50;3.32;1;1
5783;33186.71;50;3.32;1;1
5784;33235.58;50;3.32;1;1
5785;33186.71;50;3.32;1;1
5786;33186.71;50;3.32;1;1
5787;33186.71;50;3.32;1;1
5788;33235.58;50;3.32;1;1
5789;33186.71;50;3.32;1;1
5790;33235.58;50;3.32;1;1
5791;33186.71;50;3.32;1;1
5792;33235.58;50;3.32;1;1
5793;33186.71;50;3.32;1;1
5794;33186.71;50;3.32;1;1
5795;33186.71;50;3.32;1;1
5796;33186.71;50;3.32;1;1
5797;33186.71;50;3.32;1;1
5798;33235.58;50;3.32;1;1
5799;33186.71;50;3.32;1;1
5800;33186.71;50;3.32;1;1
5801;33186.71;50;3.32;1;1
5802;33235.58;50;3.32;1;1
5803;33186.71;50;3.32;1;1
5804;33235.58;50;3.32;1;1
5805;33186.71;50;3.32;1;1
5806;33186.71;50;3.32;1;1
5807;33186.71;50;3.32;1;1
5808;33235.58;50;3.32;1;1
5809;33186.71;50;3.32;1;1
5810;33235.58;50;3.32;1;1
5811;33186.71;50;3.32;1;1
5812;33235.58;50;3.32;1;1
5813;33186.71;50;3.32;1;1
5814;33235.58;50;3.32;1;1
5815;33186.71;50;3.32;1;1
5816;33235.58;50;3.32;1;1
5817;33186.71;50;3.32;1;1
5818;33186.71;50;3.32;1;1
5819;33186.71;50;3.32;1;1
5820;33235.58;50;3.32;1;1
5821;33186.71;50;3.32;1;1
5822;33235.58;50;3.32;1;1
5823;33186.71;50;3.32;1;1
5824;33235.58;50;3.32;1;1
5825;33186.71;50;3.32;1;1
5826;33235.58;50;3.32;1;1
5827;33186.71;50;3.32;1;1
5828;33235.58;50;3.32;1;1
5829;33186.71;50;3.32;1;1
5830;33186.71;50;3.32;1;1
5831;33186.71;50;3.32;1;1
5832;33235.58;50;3.32;1;1
5833;33186.71;50;3.32;1;1
5834;33235.58;50;3.32;1;1
5835;33186.71;50;3.32;1;1
5836;33186.71;50;3.32;1;1
5837;33186.71;50;3.32;1;1
5838;33235.58;50;3.32;1;1
5839;33186.71;50;3.32;1;1
5840;33235.58;50;3.32;1;1
5841;33186.71;50;3.32;1;1
5842;33186.71;50;3.32;1;1
5843;33186.71;50;3.32;1;1
5844;33186.71;50;3.32;1;1
5845;33186.71;50;3.32;1;1
5846;33186.71;50;3.32;1;1
5847;33186.71;50;3.32;1;1
5848;33186.71;50;3.32;1;1
5849;33186.71;50;3.32;1;1
5850;33186.71;50;3.32;1;1
5851;33186.71;50;3.32;1;1
5852;33186.71;50;3.32;1;1
5853;33186.71;50;3.32;1;1
5854;33186.71;50;3.32;1;1
5855;33186.71;50;3.32;1;1
5856;33186.71;50;3.32;1;1
5857;33186.71;50;3.32;1;1
5858;33186.71;50;3.32;1;1
5859;33186.71;50;3.32;1;1
5860;33186.71;50;3.32;1;1
5861;33186.71;50;3.32;1;1
5862;33186.71;50;3.32;1;1
5863;33186.71;50;3.32;1;1
5864;33186.71;50;3.32;1;1
5865;33186.71;50;3.32;1;1
5866;33186.71;50;3.32;1;1
5867;33186.71;50;3.32;1;1
5868;33186.71;50;3.32;1;1
5869;33186.71;50;3.32;1;1
5870;33186.71;50;3.32;1;1
5871;33186.71;50;3.32;1;1
5872;33186.71;50;3.32;1;1
5873;33186.71;50;3.32;1;1
5874;33186.71;50;3.32;1;1
5875;33186.71;50;3.32;1;1
5876;33186.71;50;3.32;1;1
5877;33186.71;50;3.32;1;1
5878;33186.71;50;3.32;1;1
5879;33186.71;50;3.32;1;1
5880;33186.71;50;3.32;1;1
5881;33186.71;50;3.32;1;1
5882;33186.71;50;3.32;1;1
5883;33186.71;50;3.32;1;1
5884;33186.71;50;3.32;1;1
5885;33186.71;50;3.32;1;1
5886;33186.71;50;3.32;1;1
5887;33186.71;50;3.32;1;1
5888;33186.71;50;3.32;1;1
5889;33186.71;50;3.32;1;1
5890;33186.71;50;3.32;1;1
5891;33186.71;50;3.32;1;1
5892;33186.71;50;3.32;1;1
5893;33186.71;50;3.32;1;1
5894;33186.71;50;3.32;1;1
5895;33186.71;50;3.32;1;1
5896;33186.71;50;3.32;1;1
5897;33186.71;50;3.32;1;1
5898;33186.71;50;3.32;1;1
5899;33186.71;50;3.32;1;1
5900;33186.71;50;3.32;1;1
5901;33186.71;50;3.32;1;1
5902;33186.71;50;3.32;1;1
5903;33186.71;50;3.32;1;1
5904;33186.71;50;3.32;1;1
5905;33186.71;50;3.32;1;1
5906;33186.71;50;3.32;1;1
5907;33186.71;50;3.32;1;1
5908;33186.71;50;3.32;1;1
5909;33186.71;50;3.32;1;1
5910;33186.71;50;3.32;1;1
5911;33186.71;50;3.32;1;1
5912;33186.71;50;3.32;1;1
5913;33186.71;50;3.32;1;1
5914;33186.71;50;3.32;1;1
5915;33186.71;50;3.32;1;1
5916;33186.71;50;3.32;1;1
5917;33186.71;50;3.32;1;1
5918;33186.71;50;3.32;1;1
5919;33235.58;50;3.32;1;1
5920;33186.71;50;3.32;1;1
5921;33235.58;50;3.32;1;1
5922;33186.71;50;3.32;1;1
5923;33186.71;50;3.32;1;1
5924;33186.71;50;3.32;1;1
5925;33235.58;50;3.32;1;1
5926;33186.71;50;3.32;1;1
5927;33235.58;50;3.32;1;1
5928;33186.71;50;3.32;1;1
5929;33235.58;50;3.32;1;1
5930;33186.71;50;3.32;1;1
5931;33235.58;50;3.32;1;1
5932;33186.71;50;3.32;1;1
5933;33235.58;50;3.32;1;1
5934;33186.71;50;3.32;1;1
5935;33235.58;50;3.32;1;1
5936;33186.71;50;3.32;1;1
5937;33235.58;50;3.32;1;1
5938;33186.71;50;3.32;1;1
5939;33235.58;50;3.32;1;1
5940;33186.71;50;3.32;1;1
5941;33235.58;50;3.32;1;1
5942;33186.71;50;3.32;1;1
5943;33235.58;50;3.32;1;1
5944;33186.71;50;3.32;1;1
5945;33235.58;50;3.32;1;1
5946;33186.71;50;3.32;1;1
5947;33235.58;50;3.32;1;1
5948;33186.71;50;3.32;1;1
5949;33235.58;50;3.32;1;1
5950;33186.71;50;3.32;1;1
5951;33186.71;50;3.32;1;1
5952;33186.71;50;3.32;1;1
5953;33235.58;50;3.32;1;1
5954;33186.71;50;3.32;1;1
5955;33186.71;50;3.32;1;1
5956;33186.71;50;3.32;1;1
5957;33235.58;50;3.32;1;1
5958;33186.71;50;3.32;1;1
5959;33235.58;50;3.32;1;1
5960;33186.71;50;3.32;1;1
5961;33235.58;50;3.32;1;1
5962;33186.71;50;3.32;1;1
5963;33235.58;50;3.32;1;1
5964;33186.71;50;3.32;1;1
5965;33235.58;50;3.32;1;1
5966;33186.71;50;3.32;1;1
5967;33235.58;50;3.32;1;1
5968;33186.71;50;3.32;1;1
5969;33235.58;50;3.32;1;1
5970;33186.71;50;3.32;1;1
5971;33235.58;50;3.32;1;1
5972;33186.71;50;3.32;1;1
5973;33235.58;50;3.32;1;1
5974;33186.71;50;3.32;1;1
5975;33235.58;50;3.32;1;1
5976;33186.71;50;3.32;1;1
5977;33235.58;50;3.32;1;1
5978;33186.71;50;3.32;1;1
5979;33235.58;50;3.32;1;1
5980;33186.71;50;3.32;1;1
5981;33235.58;50;3.32;1;1
5982;33186.71;50;3.32;1;1
5983;33235.58;50;3.32;1;1
5984;33186.71;50;3.32;1;1
5985;33235.58;50;3.32;1;1
5986;33137.83;50;3.32;1;1
5987;33235.58;50;3.31;1;1
5988;33186.71;50;3.32;1;1
5989;33235.58;50;3.32;1;1
5990;33186.71;50;3.32;1;1
5991;33235.58;50;3.32;1;1
5992;33186.71;50;3.32;1;1
5993;33235.58;50;3.32;1;1
5994;33186.71;50;3.32;1;1
5995;33186.71;50;3.32;1;1
5996;33186.71;50;3.32;1;1
5997;33186.71;50;3.32;1;1
5998;33186.71;50;3.32;1;1
5999;33235.58;50;3.32;1;1
6000;33186.71;50;3.32;1;1
6001;33235.58;50;3.32;1;1
6002;33186.71;50;3.32;1;1
6003;33186.71;50;3.32;1;1
6004;33186.71;50;3.32;1;1
6005;33235.58;50;3.32;1;1
6006;33186.71;50;3.32;1;1
6007;33235.58;50;3.32;1;1
6008;33186.71;50;3.32;1;1
6009;33186.71;50;3.32;1;1
6010;33186.71;50;3.32;1;1
6011;33235.58;50;3.32;1;1
6012;33186.71;50;3.32;1;1
6013;33235.58;50;3.32;1;1
6014;33186.71;50;3.32;1;1
6015;33186.71;50;3.32;1;1
6016;33186.71;50;3.32;1;1
6017;33186.71;50;3.32;1;1
6018;33186.71;50;3.32;1;1
6019;33186.71;50;3.32;1;1
6020;33186.71;50;3.32;1;1
6021;33186.71;50;3.32;1;1
6022;33186.71;50;3.32;1;1
6023;33186.71;50;3.32;1;1
6024;33186.71;50;3.32;1;1
6025;33186.71;50;3.32;1;1
6026;33186.71;50;3.32;1;1
6027;33186.71;50;3.32;1;1
6028;33186.71;50;3.32;1;1
6029;33186.71;50;3.32;1;1
6030;33186.71;50;3.32;1;1
6031;33186.71;50;3.32;1;1
6032;33186.71;50;3.32;1;1
6033;33186.71;50;3.32;1;1
6034;33186.71;50;3.32;1;1
6035;33186.71;50;3.32;1;1
6036;33186.71;50;3.32;1;1
6037;33186.71;50;3.32;1;1
6038;33186.71;50;3.32;1;1
6039;33186.71;50;3.32;1;1
6040;33186.71;50;3.32;1;1
6041;33186.71;50;3.32;1;1
6042;33186.71;50;3.32;1;1
6043;33186.71;50;3.32;1;1
6044;33186.71;50;3.32;1;1
6045;33186.71;50;3.32;1;1
6046;33186.71;50;3.32;1;1
6047;33186.71;50;3.32;1;1
6048;33186.71;50;3.32;1;1
6049;33186.71;50;3.32;1;1
6050;33186.71;50;3.32;1;1
6051;33186.71;50;3.32;1;1
6052;33186.71;50;3.32;1;1
6053;33186.71;50;3.32;1;1
6054;33186.71;50;3.32;1;1
6055;33186.71;50;3.32;1;1
6056;33186.71;50;3.32;1;1
6057;33186.71;50;3.32;1;1
6058;33186.71;50;3.32;1;1
6059;33186.71;50;3.32;1;1
6060;33186.71;50;3.32;1;1
6061;33235.58;50;3.32;1;1
6062;33186.71;50;3.32;1;1
6063;33186.71;50;3.32;1;1
6064;33186.71;50;3.32;1;1
6065;33186.71;50;3.32;1;1
6066;33186.71;50;3.32;1;1
6067;33186.71;50;3.32;1;1
6068;33186.71;50;3.32;1;1
6069;33186.71;50;3.32;1;1
6070;33186.71;50;3.32;1;1
6071;33186.71;50;3.32;1;1
6072;33186.71;50;3.32;1;1
6073;33186.71;50;3.32;1;1
6074;33186.71;50;3.32;1;1
6075;33186.71;50;3.32;1;1
6076;33186.71;50;3.32;1;1
6077;33186.71;50;3.32;1;1
6078;33186.71;50;3.32;1;1
6079;33186.71;50;3.32;1;1
6080;33186.71;50;3.32;1;1
6081;33186.71;50;3.32;1;1
6082;33186.71;50;3.32;1;1
6083;33186.71;50;3.32;1;1
6084;33186.71;50;3.32;1;1
6085;33186.71;50;3.32;1;1
6086;33186.71;50;3.32;1;1
6087;33186.71;50;3.32;1;1
6088;33186.71;50;3.32;1;1
6089;33186.71;50;3.32;1;1
6090;33186.71;50;3.32;1;1
6091;33186.71;50;3.32;1;1
6092;33186.71;50;3.32;1;1
6093;33186.71;50;3.32;1;1
6094;33186.71;50;3.32;1;1
6095;33186.71;50;3.32;1;1
6096;33186.71;50;3.32;1;1
6097;33186.71;50;3.32;1;1
6098;33186.71;50;3.32;1;1
6099;33186.71;50;3.32;1;1
6100;33186.71;50;3.32;1;1
6101;33186.71;50;3.32;1;1
6102;33186.71;50;3.32;1;1
6103;33186.71;50;3.32;1;1
6104;33186.71;50;3.32;1;1
6105;33186.71;50;3.32;1;1
6106;33186.71;50;3.32;1;1
6107;33186.71;50;3.32;1;1
6108;33186.71;50;3.32;1;1
6109;33186.71;50;3.32;1;1
6110;33235.58;50;3.32;1;1
6111;33186.71;50;3.32;1;1
6112;33186.71;50;3.32;1;1
6113;33186.71;50;3.32;1;1
6114;33186.71;50;3.32;1;1
6115;33186.71;50;3.32;1;1
6116;33186.71;50;3.32;1;1
6117;33186.71;50;3.32;1;1
6118;33235.58;50;3.32;1;1
6119;33186.71;50;3.32;1;1
6120;33235.58;50;3.32;1;1
6121;33186.71;50;3.32;1;1
6122;33186.71;50;3.32;1;1
6123;33186.71;50;3.32;1;1
6124;33186.71;50;3.32;1;1
6125;33186.71;50;3.32;1;1
6126;33235.58;50;3.32;1;1
6127;33186.71;50;3.32;1;1
6128;33235.58;50;3.32;1;1
6129;33186.71;50;3.32;1;1
6130;33235.58;50;3.32;1;1
6131;33186.71;50;3.32;1;1
6132;33235.58;50;3.32;1;1
6133;33186.71;50;3.32;1;1
6134;33235.58;50;3.32;1;1
6135;33137.83;50;3.32;1;1
6136;33186.71;50;3.31;1;1
6137;33186.71;50;3.32;1;1
6138;33186.71;50;3.32;1;1
6139;33186.71;50;3.32;1;1
6140;33235.58;50;3.32;1;1
6141;33186.71;50;3.32;1;1
6142;33235.58;50;3.32;1;1
6143;33186.71;50;3.32;1;1
6144;33235.58;50;3.32;1;1
6145;33186.71;50;3.32;1;1
6146;33235.58;50;3.32;1;1
6147;33186.71;50;3.32;1;1
6148;33235.58;50;3.32;1;1
6149;33137.83;50;3.32;1;1
6150;33235.58;50;3.31;1;1
6151;33186.71;50;3.32;1;1
6152;33235.58;50;3.32;1;1
6153;33186.71;50;3.32;1;1
6154;33235.58;50;3.32;1;1
6155;33186.71;50;3.32;1;1
6156;33235.58;50;3.32;1;1
6157;33186.71;50;3.32;1;1
6158;33235.58;50;3.32;1;1
6159;33186.71;50;3.32;1;1
6160;33235.58;50;3.32;1;1
6161;33186.71;50;3.32;1;1
6162;33235.58;50;3.32;1;1
6163;33186.71;50;3.32;1;1
6164;33186.71;50;3.32;1;1
6165;33186.71;50;3.32;1;1
6166;33235.58;50;3.32;1;1
6167;33186.71;50;3.32;1;1
6168;33235.58;50;3.32;1;1
6169;33186.71;50;3.32;1;1
6170;33235.58;50;3.32;1;1
6171;33186.71;50;3.32;1;1
6172;33235.58;50;3.32;1;1
6173;33186.71;50;3.32;1;1
6174;33186.71;50;3.32;1;1
6175;33186.71;50;3.32;1;1
6176;33186.71;50;3.32;1;1
6177;33186.71;50;3.32;1;1
6178;33235.58;50;3.32;1;1
6179;33186.71;50;3.32;1;1
6180;33186.71;50;3.32;1;1
6181;33186.71;50;3.32;1;1
6182;33186.71;50;3.32;1;1
6183;33186.71;50;3.32;1;1
6184;33186.71;50;3.32;1;1
6185;33186.71;50;3.32;1;1
6186;33235.58;50;3.32;1;1
6187;33186.71;50;3.32;1;1
6188;33186.71;50;3.32;1;1
6189;33186.71;50;3.32;1;1
6190;33186.71;50;3.32;1;1
6191;33186.71;50;3.32;1;1
6192;33186.71;50;3.32;1;1
6193;33186.71;50;3.32;1;1
6194;33186.71;50;3.32;1;1
6195;33186.71;50;3.32;1;1
6196;33186.71;50;3.32;1;1
6197;33186.71;50;3.32;1;1
6198;33186.71;50;3.32;1;1
6199;33186.71;50;3.32;1;1
6200;33235.58;50;3.32;1;1
6201;33186.71;50;3.32;1;1
6202;33186.71;50;3.32;1;1
6203;33186.71;50;3.32;1;1
6204;33235.58;50;3.32;1;1
6205;33186.71;50;3.32;1;1
6206;33186.71;50;3.32;1;1
6207;33186.71;50;3.32;1;1
6208;33186.71;50;3.32;1;1
6209;33186.71;50;3.32;1;1
6210;33186.71;50;3.32;1;1
6211;33186.71;50;3.32;1;1
6212;33186.71;50;3.32;1;1
6213;33186.71;50;3.32;1;1
6214;33186.71;50;3.32;1;1
6215;33186.71;50;3.32;1;1
6216;33186.71;50;3.32;1;1
6217;33186.71;50;3.32;1;1
6218;33186.71;50;3.32;1;1
6219;33186.71;50;3.32;1;1
6220;33186.71;50;3.32;1;1
6221;33186.71;50;3.32;1;1
6222;33186.71;50;3.32;1;1
6223;33186.71;50;3.32;1;1
6224;33186.71;50;3.32;1;1
6225;33186.71;50;3.32;1;1
6226;33186.71;50;3.32;1;1
6227;33186.71;50;3.32;1;1
6228;33186.71;50;3.32;1;1
6229;33186.71;50;3.32;1;1
6230;33186.71;50;3.32;1;1
6231;33186.71;50;3.32;1;1
6232;33186.71;50;3.32;1;1
6233;33186.71;50;3.32;1;1
6234;33186.71;50;3.32;1;1
6235;33186.71;50;3.32;1;1
6236;33186.71;50;3.32;1;1
6237;33186.71;50;3.32;1;1
6238;33186.71;50;3.32;1;1
6239;33186.71;50;3.32;1;1
6240;33186.71;50;3.32;1;1
6241;33186.71;50;3.32;1;1
6242;33186.71;50;3.32;1;1
6243;33186.71;50;3.32;1;1
6244;33186.71;50;3.32;1;1
6245;33186.71;50;3.32;1;1
6246;33186.71;50;3.32;1;1
6247;33186.71;50;3.32;1;1
6248;33186.71;50;3.32;1;1
6249;33186.71;50;3.32;1;1
6250;33186.71;50;3.32;1;1
6251;33186.71;50;3.32;1;1
6252;33186.71;50;3.32;1;1
6253;33186.71;50;3.32;1;1
6254;33186.71;50;3.32;1;1
6255;33186.71;50;3.32;1;1
6256;33186.71;50;3.32;1;1
6257;33186.71;50;3.32;1;1
6258;33186.71;50;3.32;1;1
6259;33186.71;50;3.32;1;1
6260;33186.71;50;3.32;1;1
6261;33186.71;50;3.32;1;1
6262;33186.71;50;3.32;1;1
6263;33186.71;50;3.32;1;1
6264;33186.71;50;3.32;1;1
6265;33186.71;50;3.32;1;1
6266;33186.71;50;3.32;1;1
6267;33186.71;50;3.32;1;1
6268;33186.71;50;3.32;1;1
6269;33186.71;50;3.32;1;1
6270;33186.71;50;3.32;1;1
6271;33186.71;50;3.32;1;1
6272;33186.71;50;3.32;1;1
6273;33186.71;50;3.32;1;1
6274;33186.71;50;3.32;1;1
6275;33186.71;50;3.32;1;1
6276;33186.71;50;3.32;1;1
6277;33186.71;50;3.32;1;1
6278;33186.71;50;3.32;1;1
6279;33186.71;50;3.32;1;1
6280;33186.71;50;3.32;1;1
6281;33186.71;50;3.32;1;1
6282;33186.71;50;3.32;1;1
6283;33186.71;50;3.32;1;1
6284;33186.71;50;3.32;1;1
6285;33186.71;50;3.32;1;1
6286;33186.71;50;3.32;1;1
6287;33186.71;50;3.32;1;1
6288;33186.71;50;3.32;1;1
6289;33186.71;50;3.32;1;1
6290;33186.71;50;3.32;1;1
6291;33186.71;50;3.32;1;1
6292;33186.71;50;3.32;1;1
6293;33186.71;50;3.32;1;1
6294;33186.71;50;3.32;1;1
6295;33186.71;50;3.32;1;1
6296;33186.71;50;3.32;1;1
6297;33186.71;50;3.32;1;1
6298;33186.71;50;3.32;1;1
6299;33186.71;50;3.32;1;1
6300;33186.71;50;3.32;1;1
6301;33186.71;50;3.32;1;1
6302;33186.71;50;3.32;1;1
6303;33186.71;50;3.32;1;1
6304;33137.83;50;3.32;1;1
6305;33186.71;50;3.31;1;1
6306;33186.71;50;3.32;1;1
6307;33186.71;50;3.32;1;1
6308;33186.71;50;3.32;1;1
6309;33186.71;50;3.32;1;1
6310;33186.71;50;3.32;1;1
6311;33186.71;50;3.32;1;1
6312;33186.71;50;3.32;1;1
6313;33186.71;50;3.32;1;1
6314;33186.71;50;3.32;1;1
6315;33186.71;50;3.32;1;1
6316;33186.71;50;3.32;1;1
6317;33186.71;50;3.32;1;1
6318;33186.71;50;3.32;1;1
6319;33186.71;50;3.32;1;1
6320;33186.71;50;3.32;1;1
6321;33235.58;50;3.32;1;1
6322;33186.71;50;3.32;1;1
6323;33235.58;50;3.32;1;1
6324;33186.71;50;3.32;1;1
6325;33235.58;50;3.32;1;1
6326;33186.71;50;3.32;1;1
6327;33186.71;50;3.32;1;1
6328;33186.71;50;3.32;1;1
6329;33186.71;50;3.32;1;1
6330;33186.71;50;3.32;1;1
6331;33235.58;50;3.32;1;1
6332;33186.71;50;3.32;1;1
6333;33235.58;50;3.32;1;1
6334;33186.71;50;3.32;1;1
6335;33235.58;50;3.32;1;1
6336;33186.71;50;3.32;1;1
6337;33235.58;50;3.32;1;1
6338;33186.71;50;3.32;1;1
6339;33186.71;50;3.32;1;1
6340;33186.71;50;3.32;1;1
6341;33235.58;50;3.32;1;1
6342;33186.71;50;3.32;1;1
6343;33186.71;50;3.32;1;1
6344;33137.83;50;3.32;1;1
6345;33235.58;50;3.31;1;1
6346;33186.71;50;3.32;1;1
6347;33235.58;50;3.32;1;1
6348;33186.71;50;3.32;1;1
6349;33235.58;50;3.32;1;1
6350;33186.71;50;3.32;1;1
6351;33235.58;50;3.32;1;1
6352;33186.71;50;3.32;1;1
6353;33235.58;50;3.32;1;1
6354;33186.71;50;3.32;1;1
6355;33235.58;50;3.32;1;1
6356;33186.71;50;3.32;1;1
6357;33235.58;50;3.32;1;1
6358;33186.71;50;3.32;1;1
6359;33235.58;50;3.32;1;1
6360;33186.71;50;3.32;1;1
6361;33235.58;50;3.32;1;1
6362;33186.71;50;3.32;1;1
6363;33235.58;50;3.32;1;1
6364;33186.71;50;3.32;1;1
6365;33235.58;50;3.32;1;1
6366;33186.71;50;3.32;1;1
6367;33235.58;50;3.32;1;1
6368;33186.71;50;3.32;1;1
6369;33235.58;50;3.32;1;1
6370;33186.71;50;3.32;1;1
6371;33235.58;50;3.32;1;1
6372;33186.71;50;3.32;1;1
6373;33235.58;50;3.32;1;1
6374;33186.71;50;3.32;1;1
6375;33235.58;50;3.32;1;1
6376;33186.71;50;3.32;1;1
6377;33235.58;50;3.32;1;1
6378;33186.71;50;3.32;1;1
6379;33235.58;50;3.32;1;1
6380;33186.71;50;3.32;1;1
6381;33235.58;50;3.32;1;1
6382;33186.71;50;3.32;1;1
6383;33235.58;50;3.32;1;1
6384;33186.71;50;3.32;1;1
6385;33235.58;50;3.32;1;1
6386;33186.71;50;3.32;1;1
6387;33235.58;50;3.32;1;1
6388;33186.71;50;3.32;1;1
6389;33235.58;50;3.32;1;1
6390;33186.71;50;3.32;1;1
6391;33186.71;50;3.32;1;1
6392;33186.71;50;3.32;1;1
6393;33235.58;50;3.32;1;1
6394;33186.71;50;3.32;1;1
6395;33235.58;50;3.32;1;1
6397;33186.71;50;3.32;1;1
6398;33186.71;50;3.32;1;1
6398;33186.71;50;3.32;1;1
6399;33235.58;50;3.32;1;1
6400;33186.71;50;3.32;1;1
6401;33235.58;50;3.32;1;1
6402;33137.83;50;3.32;1;1
6403;33186.71;50;3.31;1;1
6404;33186.71;50;3.32;1;1
6405;33186.71;50;3.32;1;1
6406;33186.71;50;3.32;1;1
6407;33186.71;50;3.32;1;1
6408;33186.71;50;3.32;1;1
6409;33186.71;50;3.32;1;1
6410;33186.71;50;3.32;1;1
6411;33235.58;50;3.32;1;1
6412;33186.71;50;3.32;1;1
6413;33235.58;50;3.32;1;1
6414;33186.71;50;3.32;1;1
6415;33186.71;50;3.32;1;1
6416;33186.71;50;3.32;1;1
6417;33186.71;50;3.32;1;1
6418;33186.71;50;3.32;1;1
6419;33235.58;50;3.32;1;1
6420;33186.71;50;3.32;1;1
6421;33235.58;50;3.32;1;1
6422;33186.71;50;3.32;1;1
6423;33235.58;50;3.32;1;1
6425;33235.58;50;3.32;1;1
6426;33186.71;50;3.32;1;1
6426;33186.71;50;3.32;1;1
6427;33235.58;50;3.32;1;1
6428;33186.71;50;3.32;1;1
6429;33235.58;50;3.32;1;1
6430;33186.71;50;3.32;1;1
6431;33235.58;50;3.32;1;1
6432;33186.71;50;3.32;1;1
6433;33235.58;50;3.32;1;1
6434;33186.71;50;3.32;1;1
6435;33186.71;50;3.32;1;1
6436;33186.71;50;3.32;1;1
6437;33235.58;50;3.32;1;1
6438;33186.71;50;3.32;1;1
6439;33186.71;50;3.32;1;1
6440;33186.71;50;3.32;1;1
6441;33186.71;50;3.32;1;1
6442;33186.71;50;3.32;1;1
6443;33186.71;50;3.32;1;1
6444;33186.71;50;3.32;1;1
6445;33186.71;50;3.32;1;1
6446;33186.71;50;3.32;1;1
6447;33186.71;50;3.32;1;1
6448;33186.71;50;3.32;1;1
6449;33235.58;50;3.32;1;1
6450;33186.71;50;3.32;1;1
6451;33186.71;50;3.32;1;1
6452;33186.71;50;3.32;1;1
6453;33186.71;50;3.32;1;1
6454;33186.71;50;3.32;1;1
6455;33186.71;50;3.32;1;1
6456;33186.71;50;3.32;1;1
6457;33186.71;50;3.32;1;1
6458;33186.71;50;3.32;1;1
6459;33186.71;50;3.32;1;1
6460;33186.71;50;3.32;1;1
6461;33186.71;50;3.32;1;1
6462;33186.71;50;3.32;1;1
6463;33186.71;50;3.32;1;1
6464;33186.71;50;3.32;1;1
6465;33186.71;50;3.32;1;1
6466;33186.71;50;3.32;1;1
6467;33186.71;50;3.32;1;1
6468;33186.71;50;3.32;1;1
6469;33186.71;50;3.32;1;1
6470;33186.71;50;3.32;1;1
6471;33186.71;50;3.32;1;1
6472;33186.71;50;3.32;1;1
6473;33186.71;50;3.32;1;1
6474;33186.71;50;3.32;1;1
6475;33186.71;50;3.32;1;1
6476;33186.71;50;3.32;1;1
6477;33186.71;50;3.32;1;1
6478;33186.71;50;3.32;1;1
6479;33186.71;50;3.32;1;1
6480;33186.71;50;3.32;1;1
6481;33186.71;50;3.32;1;1
6482;33186.71;50;3.32;1;1
6483;33186.71;50;3.32;1;1
6484;33186.71;50;3.32;1;1
6485;33186.71;50;3.32;1;1
6486;33186.71;50;3.32;1;1
6487;33186.71;50;3.32;1;1
6488;33186.71;50;3.32;1;1
6489;33186.71;50;3.32;1;1
6490;33186.71;50;3.32;1;1
6491;33186.71;50;3.32;1;1
6492;33186.71;50;3.32;1;1
6493;33186.71;50;3.32;1;1
6494;33186.71;50;3.32;1;1
6495;33186.71;50;3.32;1;1
6496;33186.71;50;3.32;1;1
6497;33186.71;50;3.32;1;1
6498;33186.71;50;3.32;1;1
6499;33186.71;50;3.32;1;1
6500;33186.71;50;3.32;1;1
6501;33186.71;50;3.32;1;1
6502;33186.71;50;3.32;1;1
6503;33186.71;50;3.32;1;1
6504;33186.71;50;3.32;1;1
6505;33186.71;50;3.32;1;1
6506;33186.71;50;3.32;1;1
6507;33186.71;50;3.32;1;1
6508;33186.71;50;3.32;1;1
6509;33186.71;50;3.32;1;1
6510;33186.71;50;3.32;1;1
6511;33186.71;50;3.32;1;1
6512;33186.71;50;3.32;1;1
6513;33186.71;50;3.32;1;1
6514;33186.71;50;3.32;1;1
6515;33186.71;50;3.32;1;1
6516;33186.71;50;3.32;1;1
6517;33186.71;50;3.32;1;1
6518;33235.58;50;3.32;1;1
6519;33186.71;50;3.32;1;1
6520;33235.58;50;3.32;1;1
6521;33186.71;50;3.32;1;1
6522;33186.71;50;3.32;1;1
6523;33186.71;50;3.32;1;1
6524;33186.71;50;3.32;1;1
6525;33186.71;50;3.32;1;1
6526;33235.58;50;3.32;1;1
6527;33186.71;50;3.32;1;1
6528;33235.58;50;3.32;1;1
6529;33186.71;50;3.32;1;1
6530;33235.58;50;3.32;1;1
6531;33186.71;50;3.32;1;1
6532;33186.71;50;3.32;1;1
6533;33186.71;50;3.32;1;1
6534;33235.58;50;3.32;1;1
6535;33186.71;50;3.32;1;1
6536;33235.58;50;3.32;1;1
6537;33186.71;50;3.32;1;1
6538;33186.71;50;3.32;1;1
6539;33186.71;50;3.32;1;1
6540;33235.58;50;3.32;1;1
6541;33186.71;50;3.32;1;1
6542;33235.58;50;3.32;1;1
6543;33186.71;50;3.32;1;1
6544;33235.58;50;3.32;1;1
6545;33186.71;50;3.32;1;1
6546;33235.58;50;3.32;1;1
6547;33186.71;50;3.32;1;1
6548;33235.58;50;3.32;1;1
6549;33186.71;50;3.32;1;1
6550;33235.58;50;3.32;1;1
6551;33186.71;50;3.32;1;1
6552;33235.58;50;3.32;1;1
6553;33186.71;50;3.32;1;1
6554;33235.58;50;3.32;1;1
6555;33186.71;50;3.32;1;1
6556;33235.58;50;3.32;1;1
6557;33186.71;50;3.32;1;1
6558;33235.58;50;3.32;1;1
6559;33186.71;50;3.32;1;1
6560;33235.58;50;3.32;1;1
6561;33186.71;50;3.32;1;1
6562;33235.58;50;3.32;1;1
6563;33186.71;50;3.32;1;1
6564;33235.58;50;3.32;1;1
6565;33186.71;50;3.32;1;1
6566;33235.58;50;3.32;1;1
6567;33186.71;50;3.32;1;1
6568;33235.58;50;3.32;1;1
6569;33186.71;50;3.32;1;1
6570;33235.58;50;3.32;1;1
6571;33186.71;50;3.32;1;1
6572;33186.71;50;3.32;1;1
6573;33186.71;50;3.32;1;1
6574;33235.58;50;3.32;1;1
6575;33186.71;50;3.32;1;1
6576;33235.58;50;3.32;1;1
6577;33186.71;50;3.32;1;1
6578;33235.58;50;3.32;1;1
6579;33186.71;50;3.32;1;1
6580;33186.71;50;3.32;1;1
6581;33186.71;50;3.32;1;1
6582;33186.71;50;3.32;1;1
6583;33186.71;50;3.32;1;1
6584;33235.58;50;3.32;1;1
6585;33186.71;50;3.32;1;1
6586;33235.58;50;3.32;1;1
6587;33186.71;50;3.32;1;1
6588;33235.58;50;3.32;1;1
6589;33186.71;50;3.32;1;1
6590;33235.58;50;3.32;1;1
6591;33186.71;50;3.32;1;1
6592;33235.58;50;3.32;1;1
6593;33186.71;50;3.32;1;1
6594;33235.58;50;3.32;1;1
6595;33186.71;50;3.32;1;1
6596;33235.58;50;3.32;1;1
6597;33186.71;50;3.32;1;1
6598;33235.58;50;3.32;1;1
6599;33186.71;50;3.32;1;1
6600;33235.58;50;3.32;1;1
6601;33186.71;50;3.32;1;1
6602;33235.58;50;3.32;1;1
6603;33186.71;50;3.32;1;1
6604;33235.58;50;3.32;1;1
6605;33186.71;50;3.32;1;1
6606;33235.58;50;3.32;1;1
6607;33186.71;50;3.32;1;1
6608;33235.58;50;3.32;1;1
6609;33186.71;50;3.32;1;1
6610;33235.58;50;3.32;1;1
6611;33186.71;50;3.32;1;1
6612;33235.58;50;3.32;1;1
6613;33186.71;50;3.32;1;1
6614;33235.58;50;3.32;1;1
6615;33186.71;50;3.32;1;1
6616;33235.58;50;3.32;1;1
6617;33186.71;50;3.32;1;1
6618;33235.58;50;3.32;1;1
6619;33186.71;50;3.32;1;1
6620;33235.58;50;3.32;1;1
6621;33186.71;50;3.32;1;1
6622;33235.58;50;3.32;1;1
6623;33186.71;50;3.32;1;1
6624;33235.58;50;3.32;1;1
6625;33186.71;50;3.32;1;1
6626;33235.58;50;3.32;1;1
6627;33186.71;50;3.32;1;1
6628;33235.58;50;3.32;1;1
6629;33186.71;50;3.32;1;1
6630;33186.71;50;3.32;1;1
6631;33186.71;50;3.32;1;1
6632;33186.71;50;3.32;1;1
6633;33186.71;50;3.32;1;1
6634;33186.71;50;3.32;1;1
6635;33186.71;50;3.32;1;1
6636;33186.71;50;3.32;1;1
6637;33186.71;50;3.32;1;1
6638;33186.71;50;3.32;1;1
6639;33186.71;50;3.32;1;1
6640;33186.71;50;3.32;1;1
6641;33186.71;50;3.32;1;1
6642;33186.71;50;3.32;1;1
6643;33186.71;50;3.32;1;1
6644;33186.71;50;3.32;1;1
6645;33186.71;50;3.32;1;1
6646;33186.71;50;3.32;1;1
6647;33186.71;50;3.32;1;1
6648;33186.71;50;3.32;1;1
6649;33186.71;50;3.32;1;1
6650;33186.71;50;3.32;1;1
6651;33186.71;50;3.32;1;1
6652;33186.71;50;3.32;1;1
6653;33186.71;50;3.32;1;1
6654;33186.71;50;3.32;1;1
6655;33186.71;50;3.32;1;1
6656;33186.71;50;3.32;1;1
6657;33186.71;50;3.32;1;1
6658;33186.71;50;3.32;1;1
6659;33186.71;50;3.32;1;1
6660;33186.71;50;3.32;1;1
6661;33186.71;50;3.32;1;1
6662;33186.71;50;3.32;1;1
6663;33186.71;50;3.32;1;1
6664;33186.71;50;3.32;1;1
6665;33186.71;50;3.32;1;1
6666;33186.71;50;3.32;1;1
6667;33186.71;50;3.32;1;1
6668;33186.71;50;3.32;1;1
6669;33186.71;50;3.32;1;1
6670;33186.71;50;3.32;1;1
6671;33186.71;50;3.32;1;1
6672;33186.71;50;3.32;1;1
6673;33186.71;50;3.32;1;1
6674;33186.71;50;3.32;1;1
6675;33186.71;50;3.32;1;1
6676;33186.71;50;3.32;1;1
6677;33186.71;50;3.32;1;1
6678;33186.71;50;3.32;1;1
6679;33186.71;50;3.32;1;1
6680;33186.71;50;3.32;1;1
6681;33186.71;50;3.32;1;1
6682;33186.71;50;3.32;1;1
6683;33186.71;50;3.32;1;1
6684;33186.71;50;3.32;1;1
6685;33186.71;50;3.32;1;1
6686;33186.71;50;3.32;1;1
6687;33186.71;50;3.32;1;1
6688;33186.71;50;3.32;1;1
6689;33186.71;50;3.32;1;1
6690;33186.71;50;3.32;1;1
6691;33186.71;50;3.32;1;1
6692;33186.71;50;3.32;1;1
6693;33186.71;50;3.32;1;1
6694;33186.71;50;3.32;1;1
6695;33186.71;50;3.32;1;1
6696;33186.71;50;3.32;1;1
6697;33186.71;50;3.32;1;1
6698;33186.71;50;3.32;1;1
6699;33186.71;50;3.32;1;1
6700;33186.71;50;3.32;1;1
6701;33186.71;50;3.32;1;1
6702;33186.71;50;3.32;1;1
6703;33186.71;50;3.32;1;1
6704;33186.71;50;3.32;1;1
6705;33235.58;50;3.32;1;1
6706;33186.71;50;3.32;1;1
6707;33186.71;50;3.32;1;1
6708;33186.71;50;3.32;1;1
6709;33186.71;50;3.32;1;1
6710;33186.71;50;3.32;1;1
6711;33186.71;50;3.32;1;1
6712;33186.71;50;3.32;1;1
6713;33186.71;50;3.32;1;1
6714;33186.71;50;3.32;1;1
6715;33186.71;50;3.32;1;1
6716;33186.71;50;3.32;1;1
6717;33235.58;50;3.32;1;1
6718;33186.71;50;3.32;1;1
6719;33235.58;50;3.32;1;1
6720;33186.71;50;3.32;1;1
6721;33235.58;50;3.32;1;1
6722;33186.71;50;3.32;1;1
6723;33235.58;50;3.32;1;1
6724;33186.71;50;3.32;1;1
6725;33186.71;50;3.32;1;1
6726;33186.71;50;3.32;1;1
6727;33186.71;50;3.32;1;1
6728;33186.71;50;3.32;1;1
6729;33186.71;50;3.32;1;1
6730;33186.71;50;3.32;1;1
6731;33235.58;50;3.32;1;1
6732;33186.71;50;3.32;1;1
6733;33186.71;50;3.32;1;1
6734;33186.71;50;3.32;1;1
6735;33235.58;50;3.32;1;1
6736;33186.71;50;3.32;1;1
6737;33235.58;50;3.32;1;1
6738;33186.71;50;3.32;1;1
6739;33235.58;50;3.32;1;1
6740;33186.71;50;3.32;1;1
6741;33235.58;50;3.32;1;1
6742;33186.71;50;3.32;1;1
6743;33186.71;50;3.32;1;1
6744;33186.71;50;3.32;1;1
6745;33235.58;50;3.32;1;1
6746;33186.71;50;3.32;1;1
6747;33235.58;50;3.32;1;1
6748;33186.71;50;3.32;1;1
6749;33235.58;50;3.32;1;1
6750;33186.71;50;3.32;1;1
6751;33235.58;50;3.32;1;1
6752;33186.71;50;3.32;1;1
6753;33235.58;50;3.32;1;1
6754;33186.71;50;3.32;1;1
6755;33235.58;50;3.32;1;1
6756;33186.71;50;3.32;1;1
6757;33235.58;50;3.32;1;1
6758;33186.71;50;3.32;1;1
6759;33235.58;50;3.32;1;1
6760;33186.71;50;3.32;1;1
6761;33235.58;50;3.32;1;1
6762;33186.71;50;3.32;1;1
6763;33235.58;50;3.32;1;1
6764;33186.71;50;3.32;1;1
6765;33235.58;50;3.32;1;1
6766;33186.71;50;3.32;1;1
6767;33235.58;50;3.32;1;1
6768;33186.71;50;3.32;1;1
6769;33235.58;50;3.32;1;1
6770;33186.71;50;3.32;1;1
6771;33235.58;50;3.32;1;1
6772;33186.71;50;3.32;1;1
6773;33186.71;50;3.32;1;1
6774;33186.71;50;3.32;1;1
6775;33235.58;50;3.32;1;1
6776;33186.71;50;3.32;1;1
6777;33235.58;50;3.32;1;1
6778;33186.71;50;3.32;1;1
6779;33235.58;50;3.32;1;1
6780;33186.71;50;3.32;1;1
6781;33235.58;50;3.32;1;1
6782;33186.71;50;3.32;1;1
6783;33235.58;50;3.32;1;1
6784;33186.71;50;3.32;1;1
6785;33235.58;50;3.32;1;1
6786;33186.71;50;3.32;1;1
6787;33235.58;50;3.32;1;1
6788;33186.71;50;3.32;1;1
6789;33235.58;50;3.32;1;1
6790;33186.71;50;3.32;1;1
6791;33235.58;50;3.32;1;1
6792;33186.71;50;3.32;1;1
6793;33235.58;50;3.32;1;1
6794;33186.71;50;3.32;1;1
6795;33235.58;50;3.32;1;1
6796;33186.71;50;3.32;1;1
6797;33235.58;50;3.32;1;1
6798;33186.71;50;3.32;1;1
6799;33235.58;50;3.32;1;1
6800;33186.71;50;3.32;1;1
6801;33235.58;50;3.32;1;1
6802;33186.71;50;3.32;1;1
6803;33235.58;50;3.32;1;1
6804;33186.71;50;3.32;1;1
6805;33235.58;50;3.32;1;1
6806;33186.71;50;3.32;1;1
6807;33235.58;50;3.32;1;1
6808;33186.71;50;3.32;1;1
6809;33235.58;50;3.32;1;1
6810;33186.71;50;3.32;1;1
6811;33235.58;50;3.32;1;1
6812;33186.71;50;3.32;1;1
6813;33235.58;50;3.32;1;1
6814;33186.71;50;3.32;1;1
6815;33235.58;50;3.32;1;1
6816;33186.71;50;3.32;1;1
6817;33235.58;50;3.32;1;1
6818;33186.71;50;3.32;1;1
6819;33235.58;50;3.32;1;1
6820;33186.71;50;3.32;1;1
6821;33235.58;50;3.32;1;1
6822;33186.71;50;3.32;1;1
6823;33186.71;50;3.32;1;1
6824;33186.71;50;3.32;1;1
6825;33235.58;50;3.32;1;1
6826;33186.71;50;3.32;1;1
6827;33235.58;50;3.32;1;1
6828;33186.71;50;3.32;1;1
6829;33235.58;50;3.32;1;1
6830;33186.71;50;3.32;1;1
6831;33235.58;50;3.32;1;1
6832;33186.71;50;3.32;1;1
6833;33186.71;50;3.32;1;1
6834;33186.71;50;3.32;1;1
6835;33235.58;50;3.32;1;1
6836;33186.71;50;3.32;1;1
6837;33235.58;50;3.32;1;1
6838;33186.71;50;3.32;1;1
6839;33235.58;50;3.32;1;1
6840;33186.71;50;3.32;1;1
6841;33235.58;50;3.32;1;1
6842;33186.71;50;3.32;1;1
6843;33235.58;50;3.32;1;1
6844;33186.71;50;3.32;1;1
6845;33235.58;50;3.32;1;1
6846;33186.71;50;3.32;1;1
6847;33235.58;50;3.32;1;1
6848;33186.71;50;3.32;1;1
6849;33235.58;50;3.32;1;1
6850;33186.71;50;3.32;1;1
6851;33186.71;50;3.32;1;1
6852;33186.71;50;3.32;1;1
6853;33235.58;50;3.32;1;1
6854;33186.71;50;3.32;1;1
6855;33235.58;50;3.32;1;1
6856;33186.71;50;3.32;1;1
6857;33186.71;50;3.32;1;1
6858;33186.71;50;3.32;1;1
6859;33186.71;50;3.32;1;1
6860;33186.71;50;3.32;1;1
6861;33186.71;50;3.32;1;1
6862;33186.71;50;3.32;1;1
6863;33235.58;50;3.32;1;1
6864;33186.71;50;3.32;1;1
6865;33235.58;50;3.32;1;1
6866;33186.71;50;3.32;1;1
6867;33235.58;50;3.32;1;1
6868;33186.71;50;3.32;1;1
6869;33186.71;50;3.32;1;1
6870;33186.71;50;3.32;1;1
6871;33186.71;50;3.32;1;1
6872;33186.71;50;3.32;1;1
6873;33186.71;50;3.32;1;1
6874;33186.71;50;3.32;1;1
6875;33186.71;50;3.32;1;1
6876;33186.71;50;3.32;1;1
6877;33186.71;50;3.32;1;1
6878;33186.71;50;3.32;1;1
6879;33186.71;50;3.32;1;1
6880;33186.71;50;3.32;1;1
6881;33186.71;50;3.32;1;1
6882;33186.71;50;3.32;1;1
6883;33186.71;50;3.32;1;1
6884;33186.71;50;3.32;1;1
6885;33186.71;50;3.32;1;1
6886;33186.71;50;3.32;1;1
6887;33186.71;50;3.32;1;1
6888;33186.71;50;3.32;1;1
6889;33235.58;50;3.32;1;1
6890;33186.71;50;3.32;1;1
6891;33186.71;50;3.32;1;1
6892;33186.71;50;3.32;1;1
6893;33186.71;50;3.32;1;1
6894;33186.71;50;3.32;1;1
6895;33186.71;50;3.32;1;1
6896;33186.71;50;3.32;1;1
6897;33186.71;50;3.32;1;1
6898;33186.71;50;3.32;1;1
6899;33186.71;50;3.32;1;1
6900;33186.71;50;3.32;1;1
6901;33186.71;50;3.32;1;1
6902;33186.71;50;3.32;1;1
6903;33186.71;50;3.32;1;1
6904;33186.71;50;3.32;1;1
6905;33186.71;50;3.32;1;1
6906;33186.71;50;3.32;1;1
6907;33186.71;50;3.32;1;1
6908;33186.71;50;3.32;1;1
6909;33186.71;50;3.32;1;1
6910;33186.71;50;3.32;1;1
6911;33186.71;50;3.32;1;1
6912;33186.71;50;3.32;1;1
6913;33186.71;50;3.32;1;1
6914;33186.71;50;3.32;1;1
6915;33186.71;50;3.32;1;1
6916;33186.71;50;3.32;1;1
6917;33186.71;50;3.32;1;1
6918;33186.71;50;3.32;1;1
6919;33186.71;50;3.32;1;1
6920;33186.71;50;3.32;1;1
6921;33186.71;50;3.32;1;1
6922;33186.71;50;3.32;1;1
6923;33186.71;50;3.32;1;1
6924;33186.71;50;3.32;1;1
6925;33186.71;50;3.32;1;1
6926;33186.71;50;3.32;1;1
6927;33186.71;50;3.32;1;1
6928;33186.71;50;3.32;1;1
6929;33186.71;50;3.32;1;1
6930;33235.58;50;3.32;1;1
6931;33186.71;50;3.32;1;1
6932;33235.58;50;3.32;1;1
6933;33186.71;50;3.32;1;1
6934;33235.58;50;3.32;1;1
6935;33186.71;50;3.32;1;1
6936;33235.58;50;3.32;1;1
6937;33186.71;50;3.32;1;1
6938;33186.71;50;3.32;1;1
6939;33186.71;50;3.32;1;1
6940;33186.71;50;3.32;1;1
6941;33186.71;50;3.32;1;1
6942;33235.58;50;3.32;1;1
6943;33186.71;50;3.32;1;1
6944;33186.71;50;3.32;1;1
6945;33186.71;50;3.32;1;1
6946;33235.58;50;3.32;1;1
6947;33186.71;50;3.32;1;1
6948;33186.71;50;3.32;1;1
6949;33186.71;50;3.32;1;1
6950;33186.71;50;3.32;1;1
6951;33186.71;50;3.32;1;1
6952;33235.58;50;3.32;1;1
6953;33186.71;50;3.32;1;1
6954;33235.58;50;3.32;1;1
6955;33186.71;50;3.32;1;1
6956;33235.58;50;3.32;1;1
6957;33186.71;50;3.32;1;1
6958;33235.58;50;3.32;1;1
6959;33186.71;50;3.32;1;1
6960;33235.58;50;3.32;1;1
6961;33186.71;50;3.32;1;1
6962;33235.58;50;3.32;1;1
6963;33186.71;50;3.32;1;1
6964;33235.58;50;3.32;1;1
6965;33186.71;50;3.32;1;1
6966;33235.58;50;3.32;1;1
6967;33186.71;50;3.32;1;1
6968;33235.58;50;3.32;1;1
6969;33186.71;50;3.32;1;1
6970;33235.58;50;3.32;1;1
6971;33186.71;50;3.32;1;1
6972;33235.58;50;3.32;1;1
6973;33186.71;50;3.32;1;1
6974;33235.58;50;3.32;1;1
6975;33186.71;50;3.32;1;1
6976;33235.58;50;3.32;1;1
6977;33186.71;50;3.32;1;1
6978;33235.58;50;3.32;1;1
6979;33186.71;50;3.32;1;1
6980;33235.58;50;3.32;1;1
6981;33186.71;50;3.32;1;1
6982;33235.58;50;3.32;1;1
6983;33186.71;50;3.32;1;1
6984;33235.58;50;3.32;1;1
6985;33186.71;50;3.32;1;1
6986;33235.58;50;3.32;1;1
6987;33186.71;50;3.32;1;1
6988;33235.58;50;3.32;1;1
6989;33186.71;50;3.32;1;1
6990;33235.58;50;3.32;1;1
6991;33186.71;50;3.32;1;1
6992;33235.58;50;3.32;1;1
6993;33186.71;50;3.32;1;1
6994;33186.71;50;3.32;1;1
6995;33186.71;50;3.32;1;1
6996;33235.58;50;3.32;1;1
6997;33186.71;50;3.32;1;1
6998;33235.58;50;3.32;1;1
6999;33186.71;50;3.32;1;1
7000;33235.58;50;3.32;1;1
7001;33186.71;50;3.32;1;1
7002;33235.58;50;3.32;1;1
7003;33186.71;50;3.32;1;1
7004;33235.58;50;3.32;1;1
7005;33186.71;50;3.32;1;1
7006;33235.58;50;3.32;1;1
7007;33186.71;50;3.32;1;1
7008;33235.58;50;3.32;1;1
7009;33186.71;50;3.32;1;1
7010;33235.58;50;3.32;1;1
7011;33186.71;50;3.32;1;1
7012;33235.58;50;3.32;1;1
7013;33186.71;50;3.32;1;1
7014;33235.58;50;3.32;1;1
7015;33186.71;50;3.32;1;1
7016;33235.58;50;3.32;1;1
7017;33186.71;50;3.32;1;1
7018;33235.58;50;3.32;1;1
7019;33186.71;50;3.32;1;1
7020;33235.58;50;3.32;1;1
7021;33186.71;50;3.32;1;1
7022;33186.71;50;3.32;1;1
7023;33186.71;50;3.32;1;1
7024;33235.58;50;3.32;1;1
7025;33186.71;50;3.32;1;1
7026;33235.58;50;3.32;1;1
7027;33186.71;50;3.32;1;1
7028;33235.58;50;3.32;1;1
7029;33186.71;50;3.32;1;1
7030;33186.71;50;3.32;1;1
7031;33186.71;50;3.32;1;1
7032;33235.58;50;3.32;1;1
7033;33186.71;50;3.32;1;1
7034;33235.58;50;3.32;1;1
7035;33186.71;50;3.32;1;1
7036;33235.58;50;3.32;1;1
7037;33186.71;50;3.32;1;1
7038;33235.58;50;3.32;1;1
7039;33186.71;50;3.32;1;1
7040;33235.58;50;3.32;1;1
7041;33186.71;50;3.32;1;1
7042;33186.71;50;3.32;1;1
7043;33186.71;50;3.32;1;1
7044;33186.71;50;3.32;1;1
7045;33186.71;50;3.32;1;1
7046;33186.71;50;3.32;1;1
7047;33186.71;50;3.32;1;1
7048;33186.71;50;3.32;1;1
7049;33186.71;50;3.32;1;1
7050;33235.58;50;3.32;1;1
7051;33186.71;50;3.32;1;1
7052;33186.71;50;3.32;1;1
7053;33186.71;50;3.32;1;1
7054;33186.71;50;3.32;1;1
7055;33186.71;50;3.32;1;1
7056;33186.71;50;3.32;1;1
7057;33186.71;50;3.32;1;1
7058;33186.71;50;3.32;1;1
7059;33186.71;50;3.32;1;1
7060;33186.71;50;3.32;1;1
7061;33186.71;50;3.32;1;1
7062;33186.71;50;3.32;1;1
7063;33186.71;50;3.32;1;1
7064;33186.71;50;3.32;1;1
7065;33186.71;50;3.32;1;1
7066;33186.71;50;3.32;1;1
7067;33186.71;50;3.32;1;1
7068;33186.71;50;3.32;1;1
7069;33186.71;50;3.32;1;1
7070;33186.71;50;3.32;1;1
7071;33186.71;50;3.32;1;1
7072;33186.71;50;3.32;1;1
7073;33186.71;50;3.32;1;1
7074;33186.71;50;3.32;1;1
7075;33186.71;50;3.32;1;1
7076;33186.71;50;3.32;1;1
7077;33186.71;50;3.32;1;1
7078;33186.71;50;3.32;1;1
7079;33186.71;50;3.32;1;1
7080;33186.71;50;3.32;1;1
7081;33186.71;50;3.32;1;1
7082;33186.71;50;3.32;1;1
7083;33186.71;50;3.32;1;1
7084;33186.71;50;3.32;1;1
7085;33186.71;50;3.32;1;1
7086;33186.71;50;3.32;1;1
7087;33186.71;50;3.32;1;1
7088;33186.71;50;3.32;1;1
7089;33186.71;50;3.32;1;1
7090;33186.71;50;3.32;1;1
7091;33186.71;50;3.32;1;1
7092;33186.71;50;3.32;1;1
7093;33186.71;50;3.32;1;1
7094;33186.71;50;3.32;1;1
7095;33235.58;50;3.32;1;1
7096;33186.71;50;3.32;1;1
7097;33186.71;50;3.32;1;1
7098;33186.71;50;3.32;1;1
7099;33235.58;50;3.32;1;1
7100;33186.71;50;3.32;1;1
7101;33186.71;50;3.32;1;1
7102;33186.71;50;3.32;1;1
7103;33186.71;50;3.32;1;1
7104;33186.71;50;3.32;1;1
7105;33235.58;50;3.32;1;1
7106;33186.71;50;3.32;1;1
7107;33235.58;50;3.32;1;1
7108;33186.71;50;3.32;1;1
7109;33235.58;50;3.32;1;1
7110;33186.71;50;3.32;1;1
7111;33235.58;50;3.32;1;1
7112;33186.71;50;3.32;1;1
7113;33235.58;50;3.32;1;1
7114;33186.71;50;3.32;1;1
7115;33235.58;50;3.32;1;1
7116;33186.71;50;3.32;1;1
7117;33235.58;50;3.32;1;1
7118;33186.71;50;3.32;1;1
7119;33235.58;50;3.32;1;1
7120;33186.71;50;3.32;1;1
7121;33235.58;50;3.32;1;1
7122;33186.71;50;3.32;1;1
7123;33235.58;50;3.32;1;1
7124;33186.71;50;3.32;1;1
7125;33235.58;50;3.32;1;1
7126;33186.71;50;3.32;1;1
7127;33235.58;50;3.32;1;1
7128;33186.71;50;3.32;1;1
7129;33235.58;50;3.32;1;1
7130;33186.71;50;3.32;1;1
7133;33235.58;50;3.32;1;1
7136;33186.71;50;3.32;1;1
7136;33186.71;50;3.32;1;1
7136;33186.71;50;3.32;1;1
7136;33186.71;50;3.32;1;1
7136;33186.71;50;3.32;1;1
7141;33235.58;50;3.32;1;1
7141;33235.58;50;3.32;1;1
7142;33186.71;50;3.32;1;1
7142;33186.71;50;3.32;1;1
7142;33186.71;50;3.32;1;1
7142;33186.71;50;3.32;1;1
7143;33235.58;50;3.32;1;1
7144;33186.71;50;3.32;1;1
7145;33235.58;50;3.32;1;1
7146;33186.71;50;3.32;1;1
7147;33235.58;50;3.32;1;1
7148;33186.71;50;3.32;1;1
7149;33235.58;50;3.32;1;1
7150;33186.71;50;3.32;1;1
7151;33235.58;50;3.32;1;1
7152;33186.71;50;3.32;1;1
7153;33235.58;50;3.32;1;1
7154;33186.71;50;3.32;1;1
7155;33235.58;50;3.32;1;1
7156;33186.71;50;3.32;1;1
7157;33235.58;50;3.32;1;1
7158;33186.71;50;3.32;1;1
7159;33235.58;50;3.32;1;1
7160;33186.71;50;3.32;1;1
7161;33235.58;50;3.32;1;1
7162;33186.71;50;3.32;1;1
7163;33235.58;50;3.32;1;1
7166;33186.71;50;3.32;1;1
7166;33186.71;50;3.32;1;1
7166;33186.71;50;3.32;1;1
7167;33235.58;50;3.32;1;1
7168;33186.71;50;3.32;1;1
7169;33235.58;50;3.32;1;1
7170;33186.71;50;3.32;1;1
7171;33235.58;50;3.32;1;1
7172;33186.71;50;3.32;1;1
7173;33235.58;50;3.32;1;1
7174;33186.71;50;3.32;1;1
7175;33235.58;50;3.32;1;1
7176;33186.71;50;3.32;1;1
7177;33235.58;50;3.32;1;1
7178;33186.71;50;3.32;1;1
7179;33235.58;50;3.32;1;1
7180;33186.71;50;3.32;1;1
7181;33235.58;50;3.32;1;1
7182;33186.71;50;3.32;1;1
7183;33235.58;50;3.32;1;1
7184;33186.71;50;3.32;1;1
7185;33235.58;50;3.32;1;1
7186;33186.71;50;3.32;1;1
7187;33235.58;50;3.32;1;1
7188;33186.71;50;3.32;1;1
7189;33235.58;50;3.32;1;1
7190;33186.71;50;3.32;1;1
7191;33235.58;50;3.32;1;1
7192;33186.71;50;3.32;1;1
7193;33235.58;50;3.32;1;1
7194;33186.71;50;3.32;1;1
7195;33235.58;50;3.32;1;1
7196;33186.71;50;3.32;1;1
7197;33235.58;50;3.32;1;1
7198;33186.71;50;3.32;1;1
7199;33186.71;50;3.32;1;1
7200;33186.71;50;3.32;1;1
7201;33235.58;50;3.32;1;1
7202;33186.71;50;3.32;1;1
7208;33186.71;50;3.32;1;1
7209;33186.71;50;3.32;1;1
7209;33186.71;50;3.32;1;1
7210;33186.71;50;3.32;1;1
7210;33186.71;50;3.32;1;1
7210;33186.71;50;3.32;1;1
7210;33186.71;50;3.32;1;1
7210;33186.71;50;3.32;1;1
7211;33235.58;50;3.32;1;1
7212;33186.71;50;3.32;1;1
7213;33235.58;50;3.32;1;1
7214;33186.71;50;3.32;1;1
7215;33186.71;50;3.32;1;1
7216;33186.71;50;3.32;1;1
7217;33186.71;50;3.32;1;1
7218;33186.71;50;3.32;1;1
7219;33186.71;50;3.32;1;1
7220;33186.71;50;3.32;1;1
7221;33186.71;50;3.32;1;1
7222;33186.71;50;3.32;1;1
7223;33235.58;50;3.32;1;1
7224;33186.71;50;3.32;1;1
7225;33235.58;50;3.32;1;1
7226;33186.71;50;3.32;1;1
7227;33186.71;50;3.32;1;1
7228;33186.71;50;3.32;1;1
7229;33186.71;50;3.32;1;1
7230;33186.71;50;3.32;1;1
7231;33186.71;50;3.32;1;1
7232;33186.71;50;3.32;1;1
7233;33186.71;50;3.32;1;1
7234;33186.71;50;3.32;1;1
7235;33186.71;50;3.32;1;1
7236;33186.71;50;3.32;1;1
7237;33186.71;50;3.32;1;1
7238;33186.71;50;3.32;1;1
7239;33235.58;50;3.32;1;1
7240;33186.71;50;3.32;1;1
7241;33186.71;50;3.32;1;1
7242;33186.71;50;3.32;1;1
7243;33235.58;50;3.32;1;1
7244;33186.71;50;3.32;1;1
7245;33186.71;50;3.32;1;1
7246;33186.71;50;3.32;1;1
7247;33186.71;50;3.32;1;1
7248;33186.71;50;3.32;1;1
7249;33235.58;50;3.32;1;1
7250;33186.71;50;3.32;1;1
7251;33235.58;50;3.32;1;1
7252;33186.71;50;3.32;1;1
7253;33186.71;50;3.32;1;1
7254;33186.71;50;3.32;1;1
7255;33186.71;50;3.32;1;1
7256;33186.71;50;3.32;1;1
7257;33186.71;50;3.32;1;1
7258;33186.71;50;3.32;1;1
7259;33186.71;50;3.32;1;1
7260;33186.71;50;3.32;1;1
7261;33186.71;50;3.32;1;1
7262;33186.71;50;3.32;1;1
7263;33186.71;50;3.32;1;1
7264;33186.71;50;3.32;1;1
7265;33186.71;50;3.32;1;1
7266;33186.71;50;3.32;1;1
7267;33186.71;50;3.32;1;1
7268;33186.71;50;3.32;1;1
7269;33186.71;50;3.32;1;1
7270;33186.71;50;3.32;1;1
7271;33186.71;50;3.32;1;1
7272;33186.71;50;3.32;1;1
7273;33186.71;50;3.32;1;1
7274;33186.71;50;3.32;1;1
7275;33186.71;50;3.32;1;1
7276;33235.58;50;3.32;1;1
7277;33186.71;50;3.32;1;1
7280;33235.58;50;3.32;1;1
7281;33186.71;50;3.32;1;1
7281;33186.71;50;3.32;1;1
7281;33186.71;50;3.32;1;1
7282;33235.58;50;3.32;1;1
7283;33186.71;50;3.32;1;1
7284;33235.58;50;3.32;1;1
7285;33186.71;50;3.32;1;1
7286;33235.58;50;3.32;1;1
7287;33186.71;50;3.32;1;1
7288;33235.58;50;3.32;1;1
7289;33186.71;50;3.32;1;1
7290;33235.58;50;3.32;1;1
7291;33186.71;50;3.32;1;1
7292;33235.58;50;3.32;1;1
7293;33186.71;50;3.32;1;1
7294;33235.58;50;3.32;1;1
7295;33186.71;50;3.32;1;1
7296;33235.58;50;3.32;1;1
7297;33186.71;50;3.32;1;1
7298;33235.58;50;3.32;1;1
7299;33186.71;50;3.32;1;1
7300;33235.58;50;3.32;1;1
7301;33186.71;50;3.32;1;1
7302;33235.58;50;3.32;1;1
7303;33186.71;50;3.32;1;1
7304;33235.58;50;3.32;1;1
7305;33186.71;50;3.32;1;1
7306;33235.58;50;3.32;1;1
7307;33186.71;50;3.32;1;1
7308;33235.58;50;3.32;1;1
7309;33186.71;50;3.32;1;1
7310;33235.58;50;3.32;1;1
7311;33186.71;50;3.32;1;1
7312;33235.58;50;3.32;1;1
7313;33186.71;50;3.32;1;1
7314;33235.58;50;3.32;1;1
7315;33186.71;50;3.32;1;1
7316;33235.58;50;3.32;1;1
7317;33186.71;50;3.32;1;1
7318;33235.58;50;3.32;1;1
7319;33186.71;50;3.32;1;1
7320;33235.58;50;3.32;1;1
7321;33186.71;50;3.32;1;1
7322;33235.58;50;3.32;1;1
7323;33186.71;50;3.32;1;1
7324;33235.58;50;3.32;1;1
7325;33186.71;50;3.32;1;1
7326;33235.58;50;3.32;1;1
7327;33186.71;50;3.32;1;1
7328;33235.58;50;3.32;1;1
7329;33186.71;50;3.32;1;1
7330;33235.58;50;3.32;1;1
7331;33186.71;50;3.32;1;1
7332;33235.58;50;3.32;1;1
7333;33186.71;50;3.32;1;1
7334;33235.58;50;3.32;1;1
7335;33186.71;50;3.32;1;1
7336;33235.58;50;3.32;1;1
7337;33186.71;50;3.32;1;1
7338;33235.58;50;3.32;1;1
7339;33186.71;50;3.32;1;1
7340;33235.58;50;3.32;1;1
7341;33186.71;50;3.32;1;1
7342;33235.58;50;3.32;1;1
7343;33186.71;50;3.32;1;1
7344;33235.58;50;3.32;1;1
7345;33186.71;50;3.32;1;1
7346;33235.58;50;3.32;1;1
7347;33186.71;50;3.32;1;1
7348;33235.58;50;3.32;1;1
7349;33186.71;50;3.32;1;1
7350;33235.58;50;3.32;1;1
7351;33186.71;50;3.32;1;1
7352;33235.58;50;3.32;1;1
7353;33186.71;50;3.32;1;1
7354;33235.58;50;3.32;1;1
7355;33186.71;50;3.32;1;1
7356;33235.58;50;3.32;1;1
7357;33186.71;50;3.32;1;1
7358;33235.58;50;3.32;1;1
7359;33186.71;50;3.32;1;1
7360;33235.58;50;3.32;1;1
7361;33186.71;50;3.32;1;1
7365;33186.71;50;3.32;1;1
7365;33186.71;50;3.32;1;1
7365;33186.71;50;3.32;1;1
7366;33186.71;50;3.32;1;1
7366;33186.71;50;3.32;1;1
7367;33186.71;50;3.32;1;1
7368;33235.58;50;3.32;1;1
7369;33186.71;50;3.32;1;1
7370;33235.58;50;3.32;1;1
7371;33186.71;50;3.32;1;1
7372;33235.58;50;3.32;1;1
7373;33186.71;50;3.32;1;1
7374;33186.71;50;3.32;1;1
7375;33186.71;50;3.32;1;1
7376;33235.58;50;3.32;1;1
7377;33186.71;50;3.32;1;1
7378;33186.71;50;3.32;1;1
7379;33186.71;50;3.32;1;1
7380;33235.58;50;3.32;1;1
7381;33186.71;50;3.32;1;1
7382;33235.58;50;3.32;1;1
7383;33186.71;50;3.32;1;1
7384;33186.71;50;3.32;1;1
7385;33186.71;50;3.32;1;1
7386;33186.71;50;3.32;1;1
7387;33186.71;50;3.32;1;1
7388;33235.58;50;3.32;1;1
7389;33186.71;50;3.32;1;1
7390;33186.71;50;3.32;1;1
7391;33186.71;50;3.32;1;1
7392;33186.71;50;3.32;1;1
7393;33186.71;50;3.32;1;1
7394;33186.71;50;3.32;1;1
7395;33186.71;50;3.32;1;1
7396;33186.71;50;3.32;1;1
7397;33186.71;50;3.32;1;1
7398;33186.71;50;3.32;1;1
7399;33186.71;50;3.32;1;1
7400;33186.71;50;3.32;1;1
7401;33186.71;50;3.32;1;1
7402;33186.71;50;3.32;1;1
7403;33186.71;50;3.32;1;1
7404;33186.71;50;3.32;1;1
7405;33186.71;50;3.32;1;1
7406;33186.71;50;3.32;1;1
7407;33235.58;50;3.32;1;1
7408;33186.71;50;3.32;1;1
7409;33235.58;50;3.32;1;1
7410;33186.71;50;3.32;1;1
7411;33235.58;50;3.32;1;1
7412;33186.71;50;3.32;1;1
7413;33186.71;50;3.32;1;1
7414;33186.71;50;3.32;1;1
7415;33235.58;50;3.32;1;1
7416;33186.71;50;3.32;1;1
7417;33186.71;50;3.32;1;1
7418;33186.71;50;3.32;1;1
7419;33186.71;50;3.32;1;1
7420;33186.71;50;3.32;1;1
7421;33186.71;50;3.32;1;1
7422;33186.71;50;3.32;1;1
7423;33186.71;50;3.32;1;1
7424;33186.71;50;3.32;1;1
7425;33186.71;50;3.32;1;1
7426;33186.71;50;3.32;1;1
7427;33186.71;50;3.32;1;1
7428;33186.71;50;3.32;1;1
7429;33186.71;50;3.32;1;1
7430;33186.71;50;3.32;1;1
7431;33186.71;50;3.32;1;1
7432;33186.71;50;3.32;1;1
7433;33186.71;50;3.32;1;1
7434;33186.71;50;3.32;1;1
7435;33235.58;50;3.32;1;1
7436;33186.71;50;3.32;1;1
7437;33235.58;50;3.32;1;1
7438;33186.71;50;3.32;1;1
7439;33186.71;50;3.32;1;1
7440;33186.71;50;3.32;1;1
7441;33235.58;50;3.32;1;1
7442;33186.71;50;3.32;1;1
7443;33235.58;50;3.32;1;1
7444;33186.71;50;3.32;1;1
7445;33235.58;50;3.32;1;1
7446;33186.71;50;3.32;1;1
7447;33186.71;50;3.32;1;1
7448;33186.71;50;3.32;1;1
7449;33235.58;50;3.32;1;1
7450;33186.71;50;3.32;1;1
7451;33235.58;50;3.32;1;1
7452;33186.71;50;3.32;1;1
7453;33235.58;50;3.32;1;1
7454;33186.71;50;3.32;1;1
7455;33235.58;50;3.32;1;1
7456;33186.71;50;3.32;1;1
7457;33235.58;50;3.32;1;1
7458;33186.71;50;3.32;1;1
7459;33235.58;50;3.32;1;1
7460;33186.71;50;3.32;1;1
7461;33235.58;50;3.32;1;1
7462;33186.71;50;3.32;1;1
7463;33235.58;50;3.32;1;1
7464;33186.71;50;3.32;1;1
7465;33235.58;50;3.32;1;1
7466;33186.71;50;3.32;1;1
7467;33235.58;50;3.32;1;1
7468;33186.71;50;3.32;1;1
7469;33235.58;50;3.32;1;1
7470;33186.71;50;3.32;1;1
7471;33235.58;50;3.32;1;1
7472;33186.71;50;3.32;1;1
7473;33235.58;50;3.32;1;1
7474;33186.71;50;3.32;1;1
7475;33235.58;50;3.32;1;1
7476;33186.71;50;3.32;1;1
7477;33235.58;50;3.32;1;1
7478;33186.71;50;3.32;1;1
7479;33235.58;50;3.32;1;1
7480;33186.71;50;3.32;1;1
7481;33235.58;50;3.32;1;1
7482;33186.71;50;3.32;1;1
7483;33235.58;50;3.32;1;1
7484;33186.71;50;3.32;1;1
7485;33235.58;50;3.32;1;1
7486;33186.71;50;3.32;1;1
7487;33235.58;50;3.32;1;1
7488;33186.71;50;3.32;1;1
7489;33235.58;50;3.32;1;1
7490;33186.71;50;3.32;1;1
7491;33235.58;50;3.32;1;1
7492;33186.71;50;3.32;1;1
7493;33235.58;50;3.32;1;1
7494;33186.71;50;3.32;1;1
7495;33235.58;50;3.32;1;1
7496;33186.71;50;3.32;1;1
7497;33235.58;50;3.32;1;1
7498;33186.71;50;3.32;1;1
7499;33235.58;50;3.32;1;1
7500;33186.71;50;3.32;1;1
7501;33235.58;50;3.32;1;1
7502;33186.71;50;3.32;1;1
7503;33235.58;50;3.32;1;1
7504;33186.71;50;3.32;1;1
7505;33235.58;50;3.32;1;1
7506;33186.71;50;3.32;1;1
7507;33235.58;50;3.32;1;1
7508;33186.71;50;3.32;1;1
7509;33186.71;50;3.32;1;1
7510;33186.71;50;3.32;1;1
7511;33235.58;50;3.32;1;1
7512;33186.71;50;3.32;1;1
7513;33235.58;50;3.32;1;1
7514;33186.71;50;3.32;1;1
7515;33235.58;50;3.32;1;1
7516;33186.71;50;3.32;1;1
7517;33235.58;50;3.32;1;1
7518;33186.71;50;3.32;1;1
7519;33186.71;50;3.32;1;1
7520;33186.71;50;3.32;1;1
7521;33235.58;50;3.32;1;1
7522;33186.71;50;3.32;1;1
7523;33235.58;50;3.32;1;1
7524;33186.71;50;3.32;1;1
7525;33235.58;50;3.32;1;1
7526;33186.71;50;3.32;1;1
7527;33235.58;50;3.32;1;1
7528;33186.71;50;3.32;1;1
7529;33235.58;50;3.32;1;1
7530;33186.71;50;3.32;1;1
7531;33235.58;50;3.32;1;1
7532;33186.71;50;3.32;1;1
7533;33235.58;50;3.32;1;1
7534;33186.71;50;3.32;1;1
7535;33235.58;50;3.32;1;1
7536;33186.71;50;3.32;1;1
7537;33235.58;50;3.32;1;1
7538;33186.71;50;3.32;1;1
7539;33235.58;50;3.32;1;1
7540;33186.71;50;3.32;1;1
7541;33235.58;50;3.32;1;1
7542;33186.71;50;3.32;1;1
7543;33186.71;50;3.32;1;1
7544;33186.71;50;3.32;1;1
7545;33235.58;50;3.32;1;1
7546;33186.71;50;3.32;1;1
7547;33235.58;50;3.32;1;1
7548;33186.71;50;3.32;1;1
7549;33235.58;50;3.32;1;1
7550;33186.71;50;3.32;1;1
7551;33235.58;50;3.32;1;1
7552;33186.71;50;3.32;1;1
7553;33186.71;50;3.32;1;1
7554;33186.71;50;3.32;1;1
7555;33235.58;50;3.32;1;1
7556;33186.71;50;3.32;1;1
7557;33186.71;50;3.32;1;1
7558;33186.71;50;3.32;1;1
7559;33186.71;50;3.32;1;1
7560;33186.71;50;3.32;1;1
7561;33186.71;50;3.32;1;1
7562;33186.71;50;3.32;1;1
7563;33186.71;50;3.32;1;1
7564;33186.71;50;3.32;1;1
7565;33186.71;50;3.32;1;1
7566;33186.71;50;3.32;1;1
7567;33186.71;50;3.32;1;1
7568;33186.71;50;3.32;1;1
7569;33186.71;50;3.32;1;1
7570;33186.71;50;3.32;1;1
7571;33186.71;50;3.32;1;1
7572;33186.71;50;3.32;1;1
7573;33186.71;50;3.32;1;1
7574;33186.71;50;3.32;1;1
7575;33186.71;50;3.32;1;1
7576;33186.71;50;3.32;1;1
7577;33186.71;50;3.32;1;1
7578;33186.71;50;3.32;1;1
7579;33186.71;50;3.32;1;1
7580;33186.71;50;3.32;1;1
7581;33186.71;50;3.32;1;1
7582;33186.71;50;3.32;1;1
7583;33186.71;50;3.32;1;1
7584;33186.71;50;3.32;1;1
7585;33186.71;50;3.32;1;1
7586;33235.58;50;3.32;1;1
7587;33186.71;50;3.32;1;1
7588;33186.71;50;3.32;1;1
7589;33186.71;50;3.32;1;1
7590;33186.71;50;3.32;1;1
7591;33186.71;50;3.32;1;1
7592;33186.71;50;3.32;1;1
7593;33186.71;50;3.32;1;1
7595;33186.71;50;3.32;1;1
7597;33186.71;50;3.32;1;1
7597;33186.71;50;3.32;1;1
7597;33186.71;50;3.32;1;1
7598;33186.71;50;3.32;1;1
7599;33186.71;50;3.32;1;1
7600;33186.71;50;3.32;1;1
7601;33186.71;50;3.32;1;1
7602;33235.58;50;3.32;1;1
7603;33186.71;50;3.32;1;1
7604;33235.58;50;3.32;1;1
7605;33186.71;50;3.32;1;1
7606;33186.71;50;3.32;1;1
7607;33186.71;50;3.32;1;1
7608;33186.71;50;3.32;1;1
7609;33186.71;50;3.32;1;1
7610;33235.58;50;3.32;1;1
7611;33186.71;50;3.32;1;1
7612;33235.58;50;3.32;1;1
7613;33186.71;50;3.32;1;1
7614;33235.58;50;3.32;1;1
7615;33186.71;50;3.32;1;1
7616;33235.58;50;3.32;1;1
7617;33186.71;50;3.32;1;1
7618;33235.58;50;3.32;1;1
7619;33186.71;50;3.32;1;1
7620;33235.58;50;3.32;1;1
7621;33186.71;50;3.32;1;1
7622;33235.58;50;3.32;1;1
7623;33186.71;50;3.32;1;1
7624;33235.58;50;3.32;1;1
7625;33186.71;50;3.32;1;1
7626;33235.58;50;3.32;1;1
7627;33186.71;50;3.32;1;1
7628;33235.58;50;3.32;1;1
7629;33186.71;50;3.32;1;1
7630;33235.58;50;3.32;1;1
7631;33186.71;50;3.32;1;1
7632;33235.58;50;3.32;1;1
7633;33186.71;50;3.32;1;1
7634;33235.58;50;3.32;1;1
7635;33186.71;50;3.32;1;1
7636;33235.58;50;3.32;1;1
7637;33186.71;50;3.32;1;1
7638;33235.58;50;3.32;1;1
7639;33186.71;50;3.32;1;1
7640;33235.58;50;3.32;1;1
7641;33186.71;50;3.32;1;1
7642;33235.58;50;3.32;1;1
7643;33186.71;50;3.32;1;1
7644;33235.58;50;3.32;1;1
7645;33186.71;50;3.32;1;1
7646;33235.58;50;3.32;1;1
7647;33186.71;50;3.32;1;1
7648;33235.58;50;3.32;1;1
7649;33186.71;50;3.32;1;1
7650;33235.58;50;3.32;1;1
7651;33186.71;50;3.32;1;1
7652;33235.58;50;3.32;1;1
7653;33186.71;50;3.32;1;1
7654;33235.58;50;3.32;1;1
7655;33186.71;50;3.32;1;1
7656;33235.58;50;3.32;1;1
7657;33186.71;50;3.32;1;1
7658;33235.58;50;3.32;1;1
7659;33186.71;50;3.32;1;1
7660;33235.58;50;3.32;1;1
7661;33186.71;50;3.32;1;1
7662;33235.58;50;3.32;1;1
7663;33186.71;50;3.32;1;1
7664;33235.58;50;3.32;1;1
7665;33186.71;50;3.32;1;1
7666;33235.58;50;3.32;1;1
7667;33186.71;50;3.32;1;1
7668;33235.58;50;3.32;1;1
7669;33186.71;50;3.32;1;1
7670;33235.58;50;3.32;1;1
7671;33186.71;50;3.32;1;1
7672;33235.58;50;3.32;1;1
7673;33186.71;50;3.32;1;1
7674;33235.58;50;3.32;1;1
7675;33186.71;50;3.32;1;1
7676;33235.58;50;3.32;1;1
7677;33186.71;50;3.32;1;1
7678;33235.58;50;3.32;1;1
7679;33186.71;50;3.32;1;1
7680;33235.58;50;3.32;1;1
7681;33186.71;50;3.32;1;1
7682;33235.58;50;3.32;1;1
7683;33186.71;50;3.32;1;1
7684;33235.58;50;3.32;1;1
7685;33186.71;50;3.32;1;1
7686;33235.58;50;3.32;1;1
7687;33186.71;50;3.32;1;1
7688;33235.58;50;3.32;1;1
7689;33186.71;50;3.32;1;1
7690;33235.58;50;3.32;1;1
7691;33186.71;50;3.32;1;1
7692;33235.58;50;3.32;1;1
7693;33186.71;50;3.32;1;1
7694;33235.58;50;3.32;1;1
7695;33186.71;50;3.32;1;1
7696;33235.58;50;3.32;1;1
7697;33186.71;50;3.32;1;1
7698;33235.58;50;3.32;1;1
7699;33186.71;50;3.32;1;1
7700;33235.58;50;3.32;1;1
7701;33186.71;50;3.32;1;1
7702;33235.58;50;3.32;1;1
7703;33186.71;50;3.32;1;1
7704;33235.58;50;3.32;1;1
7705;33186.71;50;3.32;1;1
7706;33235.58;50;3.32;1;1
7707;33186.71;50;3.32;1;1
7708;33186.71;50;3.32;1;1
7709;33186.71;50;3.32;1;1
7710;33235.58;50;3.32;1;1
7711;33186.71;50;3.32;1;1
7712;33235.58;50;3.32;1;1
7713;33186.71;50;3.32;1;1
7714;33235.58;50;3.32;1;1
7715;33186.71;50;3.32;1;1
7716;33235.58;50;3.32;1;1
7717;33186.71;50;3.32;1;1
7718;33186.71;50;3.32;1;1
7719;33186.71;50;3.32;1;1
7720;33235.58;50;3.32;1;1
7721;33186.71;50;3.32;1;1
7722;33235.58;50;3.32;1;1
7723;33186.71;50;3.32;1;1
7724;33235.58;50;3.32;1;1
7725;33186.71;50;3.32;1;1
7726;33235.58;50;3.32;1;1
7727;33186.71;50;3.32;1;1
7728;33235.58;50;3.32;1;1
7729;33186.71;50;3.32;1;1
7730;33235.58;50;3.32;1;1
7731;33186.71;50;3.32;1;1
7732;33186.71;50;3.32;1;1
7733;33186.71;50;3.32;1;1
7734;33186.71;50;3.32;1;1
7735;33186.71;50;3.32;1;1
7736;33235.58;50;3.32;1;1
7737;33186.71;50;3.32;1;1
7738;33235.58;50;3.32;1;1
7739;33186.71;50;3.32;1;1
7740;33186.71;50;3.32;1;1
7741;33186.71;50;3.32;1;1
7742;33186.71;50;3.32;1;1
7743;33186.71;50;3.32;1;1
7744;33186.71;50;3.32;1;1
7745;33186.71;50;3.32;1;1
7746;33186.71;50;3.32;1;1
7747;33186.71;50;3.32;1;1
7748;33186.71;50;3.32;1;1
7749;33186.71;50;3.32;1;1
7750;33186.71;50;3.32;1;1
7751;33186.71;50;3.32;1;1
7752;33186.71;50;3.32;1;1
7753;33186.71;50;3.32;1;1
7754;33186.71;50;3.32;1;1
7755;33186.71;50;3.32;1;1
7756;33186.71;50;3.32;1;1
7757;33186.71;50;3.32;1;1
7758;33186.71;50;3.32;1;1
7759;33186.71;50;3.32;1;1
7760;33186.71;50;3.32;1;1
7761;33186.71;50;3.32;1;1
7762;33186.71;50;3.32;1;1
7763;33235.58;50;3.32;1;1
7764;33186.71;50;3.32;1;1
7765;33235.58;50;3.32;1;1
7766;33186.71;50;3.32;1;1
7767;33186.71;50;3.32;1;1
7768;33186.71;50;3.32;1;1
7769;33186.71;50;3.32;1;1
7770;33186.71;50;3.32;1;1
7771;33186.71;50;3.32;1;1
7772;33186.71;50;3.32;1;1
7773;33186.71;50;3.32;1;1
7774;33186.71;50;3.32;1;1
7775;33235.58;50;3.32;1;1
7776;33186.71;50;3.32;1;1
7777;33235.58;50;3.32;1;1
7778;33186.71;50;3.32;1;1
7779;33235.58;50;3.32;1;1
7780;33186.71;50;3.32;1;1
7781;33235.58;50;3.32;1;1
7782;33186.71;50;3.32;1;1
7783;33235.58;50;3.32;1;1
7784;33186.71;50;3.32;1;1
7785;33235.58;50;3.32;1;1
7786;33186.71;50;3.32;1;1
7787;33235.58;50;3.32;1;1
7788;33186.71;50;3.32;1;1
7789;33235.58;50;3.32;1;1
7790;33186.71;50;3.32;1;1
7791;33235.58;50;3.32;1;1
7792;33186.71;50;3.32;1;1
7793;33235.58;50;3.32;1;1
7794;33186.71;50;3.32;1;1
7795;33235.58;50;3.32;1;1
7796;33186.71;50;3.32;1;1
7797;33235.58;50;3.32;1;1
7798;33186.71;50;3.32;1;1
7799;33235.58;50;3.32;1;1
7800;33186.71;50;3.32;1;1
7801;33235.58;50;3.32;1;1
7802;33186.71;50;3.32;1;1
7803;33235.58;50;3.32;1;1
7804;33186.71;50;3.32;1;1
7805;33235.58;50;3.32;1;1
7806;33186.71;50;3.32;1;1
7807;33235.58;50;3.32;1;1
7808;33186.71;50;3.32;1;1
7809;33235.58;50;3.32;1;1
7810;33186.71;50;3.32;1;1
7811;33235.58;50;3.32;1;1
7812;33186.71;50;3.32;1;1
7813;33235.58;50;3.32;1;1
7814;33186.71;50;3.32;1;1
7815;33235.58;50;3.32;1;1
7816;33186.71;50;3.32;1;1
7817;33235.58;50;3.32;1;1
7818;33186.71;50;3.32;1;1
7819;33235.58;50;3.32;1;1
7820;33186.71;50;3.32;1;1
7821;33235.58;50;3.32;1;1
7822;33186.71;50;3.32;1;1
7823;33235.58;50;3.32;1;1
7824;33186.71;50;3.32;1;1
7825;33235.58;50;3.32;1;1
7826;33186.71;50;3.32;1;1
7827;33235.58;50;3.32;1;1
7828;33186.71;50;3.32;1;1
7829;33235.58;50;3.32;1;1
7830;33186.71;50;3.32;1;1
7831;33235.58;50;3.32;1;1
7832;33186.71;50;3.32;1;1
7833;33235.58;50;3.32;1;1
7834;33186.71;50;3.32;1;1
7835;33235.58;50;3.32;1;1
7836;33186.71;50;3.32;1;1
7837;33235.58;50;3.32;1;1
7838;33186.71;50;3.32;1;1
7839;33235.58;50;3.32;1;1
7840;33186.71;50;3.32;1;1
7841;33235.58;50;3.32;1;1
7842;33186.71;50;3.32;1;1
7843;33235.58;50;3.32;1;1
7844;33186.71;50;3.32;1;1
7845;33186.71;50;3.32;1;1
7846;33186.71;50;3.32;1;1
7847;33235.58;50;3.32;1;1
7848;33186.71;50;3.32;1;1
7849;33235.58;50;3.32;1;1
7850;33186.71;50;3.32;1;1
7851;33235.58;50;3.32;1;1
7852;33186.71;50;3.32;1;1
7853;33235.58;50;3.32;1;1
7854;33186.71;50;3.32;1;1
7855;33186.71;50;3.32;1;1
7856;33186.71;50;3.32;1;1
7857;33235.58;50;3.32;1;1
7858;33186.71;50;3.32;1;1
7859;33235.58;50;3.32;1;1
7860;33186.71;50;3.32;1;1
7861;33235.58;50;3.32;1;1
7862;33186.71;50;3.32;1;1
7863;33235.58;50;3.32;1;1
7864;33186.71;50;3.32;1;1
7865;33235.58;50;3.32;1;1
7866;33186.71;50;3.32;1;1
7867;33186.71;50;3.32;1;1
7868;33186.71;50;3.32;1;1
7869;33235.58;50;3.32;1;1
7870;33186.71;50;3.32;1;1
7871;33235.58;50;3.32;1;1
7872;33186.71;50;3.32;1;1
7873;33235.58;50;3.32;1;1
7874;33186.71;50;3.32;1;1
7875;33186.71;50;3.32;1;1
7876;33186.71;50;3.32;1;1
7877;33186.71;50;3.32;1;1
7878;33186.71;50;3.32;1;1
7879;33186.71;50;3.32;1;1
7880;33186.71;50;3.32;1;1
7881;33186.71;50;3.32;1;1
7882;33186.71;50;3.32;1;1
7883;33186.71;50;3.32;1;1
7884;33186.71;50;3.32;1;1
7885;33186.71;50;3.32;1;1
7886;33186.71;50;3.32;1;1
7887;33186.71;50;3.32;1;1
7888;33186.71;50;3.32;1;1
7889;33235.58;50;3.32;1;1
7890;33186.71;50;3.32;1;1
7891;33235.58;50;3.32;1;1
7892;33186.71;50;3.32;1;1
7893;33235.58;50;3.32;1;1
7894;33186.71;50;3.32;1;1
7895;33186.71;50;3.32;1;1
7896;33186.71;50;3.32;1;1
7897;33235.58;50;3.32;1;1
7898;33186.71;50;3.32;1;1
7899;33235.58;50;3.32;1;1
7900;33186.71;50;3.32;1;1
7901;33235.58;50;3.32;1;1
7902;33186.71;50;3.32;1;1
7903;33186.71;50;3.32;1;1
7904;33186.71;50;3.32;1;1
7905;33186.71;50;3.32;1;1
7906;33186.71;50;3.32;1;1
7907;33186.71;50;3.32;1;1
7908;33186.71;50;3.32;1;1
7909;33186.71;50;3.32;1;1
7910;33186.71;50;3.32;1;1
7911;33186.71;50;3.32;1;1
7912;33186.71;50;3.32;1;1
7913;33186.71;50;3.32;1;1
7914;33186.71;50;3.32;1;1
7915;33186.71;50;3.32;1;1
7916;33186.71;50;3.32;1;1
7917;33186.71;50;3.32;1;1
7918;33186.71;50;3.32;1;1
7919;33186.71;50;3.32;1;1
7920;33186.71;50;3.32;1;1
7921;33186.71;50;3.32;1;1
7922;33186.71;50;3.32;1;1
7923;33186.71;50;3.32;1;1
7924;33186.71;50;3.32;1;1
7925;33186.71;50;3.32;1;1
7926;33186.71;50;3.32;1;1
7927;33186.71;50;3.32;1;1
7928;33186.71;50;3.32;1;1
7929;33186.71;50;3.32;1;1
7930;33186.71;50;3.32;1;1
7931;33186.71;50;3.32;1;1
7932;33186.71;50;3.32;1;1
7933;33186.71;50;3.32;1;1
7934;33186.71;50;3.32;1;1
7935;33186.71;50;3.32;1;1
7936;33186.71;50;3.32;1;1
7937;33186.71;50;3.32;1;1
7938;33186.71;50;3.32;1;1
7939;33186.71;50;3.32;1;1
7940;33186.71;50;3.32;1;1
7941;33186.71;50;3.32;1;1
7942;33235.58;50;3.32;1;1
7943;33186.71;50;3.32;1;1
7944;33186.71;50;3.32;1;1
7945;33186.71;50;3.32;1;1
7946;33235.58;50;3.32;1;1
7947;33186.71;50;3.32;1;1
7948;33235.58;50;3.32;1;1
7949;33186.71;50;3.32;1;1
7950;33235.58;50;3.32;1;1
7951;33186.71;50;3.32;1;1
7952;33235.58;50;3.32;1;1
7953;33186.71;50;3.32;1;1
7954;33235.58;50;3.32;1;1
7955;33186.71;50;3.32;1;1
7956;33235.58;50;3.32;1;1
7957;33186.71;50;3.32;1;1
7958;33186.71;50;3.32;1;1
7959;33186.71;50;3.32;1;1
7960;33186.71;50;3.32;1;1
7961;33186.71;50;3.32;1;1
7962;33235.58;50;3.32;1;1
7963;33186.71;50;3.32;1;1
7964;33186.71;50;3.32;1;1
7965;33186.71;50;3.32;1;1
7966;33235.58;50;3.32;1;1
7967;33186.71;50;3.32;1;1
7968;33235.58;50;3.32;1;1
7969;33186.71;50;3.32;1;1
7970;33186.71;50;3.32;1;1
7971;33186.71;50;3.32;1;1
7972;33235.58;50;3.32;1;1
7973;33186.71;50;3.32;1;1
7974;33186.71;50;3.32;1;1
7975;33186.71;50;3.32;1;1
7976;33235.58;50;3.32;1;1
7977;33186.71;50;3.32;1;1
7978;33235.58;50;3.32;1;1
7979;33186.71;50;3.32;1;1
7980;33235.58;50;3.32;1;1
7981;33186.71;50;3.32;1;1
7982;33235.58;50;3.32;1;1
7983;33186.71;50;3.32;1;1
7984;33235.58;50;3.32;1;1
7985;33186.71;50;3.32;1;1
7986;33235.58;50;3.32;1;1
7987;33186.71;50;3.32;1;1
7988;33186.71;50;3.32;1;1
7989;33186.71;50;3.32;1;1
7990;33235.58;50;3.32;1;1
7991;33186.71;50;3.32;1;1
7992;33235.58;50;3.32;1;1
7993;33137.83;50;3.32;1;1
7994;33235.58;50;3.31;1;1
7995;33186.71;50;3.32;1;1
7996;33235.58;50;3.32;1;1
7997;33186.71;50;3.32;1;1
7998;33235.58;50;3.32;1;1
7999;33186.71;50;3.32;1;1
8000;33235.58;50;3.32;1;1
8001;33186.71;50;3.32;1;1
8002;33235.58;50;3.32;1;1
8003;33186.71;50;3.32;1;1
8004;33235.58;50;3.32;1;1
8005;33186.71;50;3.32;1;1
8006;33235.58;50;3.32;1;1
8007;33186.71;50;3.32;1;1
8008;33235.58;50;3.32;1;1
8009;33186.71;50;3.32;1;1
8010;33235.58;50;3.32;1;1
8011;33186.71;50;3.32;1;1
8012;33235.58;50;3.32;1;1
8013;33186.71;50;3.32;1;1
8014;33235.58;50;3.32;1;1
8015;33186.71;50;3.32;1;1
8016;33235.58;50;3.32;1;1
8017;33186.71;50;3.32;1;1
8018;33235.58;50;3.32;1;1
8019;33186.71;50;3.32;1;1
8020;33235.58;50;3.32;1;1
8021;33186.71;50;3.32;1;1
8022;33235.58;50;3.32;1;1
8023;33186.71;50;3.32;1;1
8024;33235.58;50;3.32;1;1
8025;33186.71;50;3.32;1;1
8026;33235.58;50;3.32;1;1
8027;33186.71;50;3.32;1;1
8028;33235.58;50;3.32;1;1
8029;33186.71;50;3.32;1;1
8030;33235.58;50;3.32;1;1
8031;33186.71;50;3.32;1;1
8032;33186.71;50;3.32;1;1
8033;33186.71;50;3.32;1;1
8034;33235.58;50;3.32;1;1
8035;33186.71;50;3.32;1;1
8036;33235.58;50;3.32;1;1
8037;33186.71;50;3.32;1;1
8038;33186.71;50;3.32;1;1
8039;33186.71;50;3.32;1;1
8040;33186.71;50;3.32;1;1
8041;33186.71;50;3.32;1;1
8042;33186.71;50;3.32;1;1
8043;33186.71;50;3.32;1;1
8044;33186.71;50;3.32;1;1
8045;33186.71;50;3.32;1;1
8046;33186.71;50;3.32;1;1
8047;33186.71;50;3.32;1;1
8048;33186.71;50;3.32;1;1
8049;33186.71;50;3.32;1;1
8050;33186.71;50;3.32;1;1
8051;33186.71;50;3.32;1;1
8052;33186.71;50;3.32;1;1
8053;33186.71;50;3.32;1;1
8054;33186.71;50;3.32;1;1
8055;33186.71;50;3.32;1;1
8056;33186.71;50;3.32;1;1
8057;33186.71;50;3.32;1;1
8058;33186.71;50;3.32;1;1
8059;33186.71;50;3.32;1;1
8060;33186.71;50;3.32;1;1
8061;33186.71;50;3.32;1;1
8062;33186.71;50;3.32;1;1
8063;33186.71;50;3.32;1;1
8064;33186.71;50;3.32;1;1
8065;33186.71;50;3.32;1;1
8066;33186.71;50;3.32;1;1
8067;33186.71;50;3.32;1;1
8068;33186.71;50;3.32;1;1
8069;33186.71;50;3.32;1;1
8070;33186.71;50;3.32;1;1
8071;33186.71;50;3.32;1;1
8072;33186.71;50;3.32;1;1
8073;33186.71;50;3.32;1;1
8074;33186.71;50;3.32;1;1
8075;33186.71;50;3.32;1;1
8076;33186.71;50;3.32;1;1
8077;33186.71;50;3.32;1;1
8078;33186.71;50;3.32;1;1
8079;33186.71;50;3.32;1;1
8080;33186.71;50;3.32;1;1
8081;33186.71;50;3.32;1;1
8082;33186.71;50;3.32;1;1
8083;33186.71;50;3.32;1;1
8084;33186.71;50;3.32;1;1
8085;33186.71;50;3.32;1;1
8086;33186.71;50;3.32;1;1
8087;33186.71;50;3.32;1;1
8088;33186.71;50;3.32;1;1
8089;33186.71;50;3.32;1;1
8090;33186.71;50;3.32;1;1
8091;33186.71;50;3.32;1;1
8092;33186.71;50;3.32;1;1
8093;33186.71;50;3.32;1;1
8094;33186.71;50;3.32;1;1
8095;33186.71;50;3.32;1;1
8096;33186.71;50;3.32;1;1
8097;33186.71;50;3.32;1;1
8098;33186.71;50;3.32;1;1
8099;33186.71;50;3.32;1;1
8100;33186.71;50;3.32;1;1
8101;33186.71;50;3.32;1;1
8102;33186.71;50;3.32;1;1
8103;33186.71;50;3.32;1;1
8104;33186.71;50;3.32;1;1
8105;33186.71;50;3.32;1;1
8106;33186.71;50;3.32;1;1
8107;33186.71;50;3.32;1;1
8108;33186.71;50;3.32;1;1
8109;33235.58;50;3.32;1;1
8110;33186.71;50;3.32;1;1
8111;33186.71;50;3.32;1;1
8112;33186.71;50;3.32;1;1
8113;33186.71;50;3.32;1;1
8114;33137.83;50;3.32;1;1
8115;33186.71;50;3.31;1;1
8116;33186.71;50;3.32;1;1
8117;33235.58;50;3.32;1;1
8118;33186.71;50;3.32;1;1
8119;33186.71;50;3.32;1;1
8120;33186.71;50;3.32;1;1
8121;33235.58;50;3.32;1;1
8122;33186.71;50;3.32;1;1
8123;33186.71;50;3.32;1;1
8124;33186.71;50;3.32;1;1
8125;33235.58;50;3.32;1;1
8126;33186.71;50;3.32;1;1
8127;33186.71;50;3.32;1;1
8128;33186.71;50;3.32;1;1
8129;33186.71;50;3.32;1;1
8130;33186.71;50;3.32;1;1
8131;33235.58;50;3.32;1;1
8132;33186.71;50;3.32;1;1
8133;33235.58;50;3.32;1;1
8134;33186.71;50;3.32;1;1
8135;33235.58;50;3.32;1;1
8136;33186.71;50;3.32;1;1
8137;33235.58;50;3.32;1;1
8138;33186.71;50;3.32;1;1
8139;33186.71;50;3.32;1;1
8140;33186.71;50;3.32;1;1
8141;33235.58;50;3.32;1;1
8142;33186.71;50;3.32;1;1
8143;33235.58;50;3.32;1;1
8144;33186.71;50;3.32;1;1
8145;33235.58;50;3.32;1;1
8146;33186.71;50;3.32;1;1
8147;33235.58;50;3.32;1;1
8148;33137.83;50;3.32;1;1
8149;33235.58;50;3.31;1;1
8150;33186.71;50;3.32;1;1
8151;33186.71;50;3.32;1;1
8152;33186.71;50;3.32;1;1
8153;33186.71;50;3.32;1;1
8154;33186.71;50;3.32;1;1
8155;33186.71;50;3.32;1;1
8156;33186.71;50;3.32;1;1
8157;33186.71;50;3.32;1;1
8158;33186.71;50;3.32;1;1
8159;33186.71;50;3.32;1;1
8160;33137.83;50;3.32;1;1
8161;33186.71;50;3.31;1;1
8162;33186.71;50;3.32;1;1
8163;33186.71;50;3.32;1;1
8164;33186.71;50;3.32;1;1
8165;33186.71;50;3.32;1;1
8166;33186.71;50;3.32;1;1
8167;33186.71;50;3.32;1;1
8168;33186.71;50;3.32;1;1
8169;33186.71;50;3.32;1;1
8170;33186.71;50;3.32;1;1
8171;33186.71;50;3.32;1;1
8172;33186.71;50;3.32;1;1
8173;33186.71;50;3.32;1;1
8174;33186.71;50;3.32;1;1
8175;33186.71;50;3.32;1;1
8176;33186.71;50;3.32;1;1
8177;33186.71;50;3.32;1;1
8178;33186.71;50;3.32;1;1
8179;33186.71;50;3.32;1;1
8180;33186.71;50;3.32;1;1
8181;33186.71;50;3.32;1;1
8182;33186.71;50;3.32;1;1
8183;33186.71;50;3.32;1;1
8184;33186.71;50;3.32;1;1
8185;33186.71;50;3.32;1;1
8186;33186.71;50;3.32;1;1
8187;33186.71;50;3.32;1;1
8188;33186.71;50;3.32;1;1
8189;33186.71;50;3.32;1;1
8190;33186.71;50;3.32;1;1
8191;33186.71;50;3.32;1;1
8192;33186.71;50;3.32;1;1
8193;33186.71;50;3.32;1;1
8194;33186.71;50;3.32;1;1
8195;33186.71;50;3.32;1;1
8196;33186.71;50;3.32;1;1
8197;33186.71;50;3.32;1;1
8198;33186.71;50;3.32;1;1
8199;33186.71;50;3.32;1;1
8200;33186.71;50;3.32;1;1
8201;33186.71;50;3.32;1;1
8202;33186.71;50;3.32;1;1
8203;33186.71;50;3.32;1;1
8204;33186.71;50;3.32;1;1
8205;33186.71;50;3.32;1;1
8206;33186.71;50;3.32;1;1
8207;33186.71;50;3.32;1;1
8208;33186.71;50;3.32;1;1
8209;33186.71;50;3.32;1;1
8210;33186.71;50;3.32;1;1
8211;33186.71;50;3.32;1;1
8212;33186.71;50;3.32;1;1
8213;33186.71;50;3.32;1;1
8214;33186.71;50;3.32;1;1
8215;33186.71;50;3.32;1;1
8216;33186.71;50;3.32;1;1
8217;33186.71;50;3.32;1;1
8218;33186.71;50;3.32;1;1
8219;33186.71;50;3.32;1;1
8220;33186.71;50;3.32;1;1
8221;33186.71;50;3.32;1;1
8222;33186.71;50;3.32;1;1
8223;33186.71;50;3.32;1;1
8224;33186.71;50;3.32;1;1
8225;33186.71;50;3.32;1;1
8226;33186.71;50;3.32;1;1
8227;33186.71;50;3.32;1;1
8229;33186.71;50;3.32;1;1
8231;33186.71;50;3.32;1;1
8231;33186.71;50;3.32;1;1
8231;33186.71;50;3.32;1;1
8232;33186.71;50;3.32;1;1
8233;33186.71;50;3.32;1;1
8234;33186.71;50;3.32;1;1
8235;33186.71;50;3.32;1;1
8236;33186.71;50;3.32;1;1
8237;33186.71;50;3.32;1;1
8238;33235.58;50;3.32;1;1
8239;33186.71;50;3.32;1;1
8240;33235.58;50;3.32;1;1
8241;33186.71;50;3.32;1;1
8242;33186.71;50;3.32;1;1
8243;33186.71;50;3.32;1;1
8244;33186.71;50;3.32;1;1
8245;33137.83;50;3.32;1;1
8246;33186.71;50;3.31;1;1
8247;33186.71;50;3.32;1;1
8248;33186.71;50;3.32;1;1
8249;33186.71;50;3.32;1;1
8250;33186.71;50;3.32;1;1
8251;33186.71;50;3.32;1;1
8252;33186.71;50;3.32;1;1
8253;33186.71;50;3.32;1;1
8254;33186.71;50;3.32;1;1
8255;33137.83;50;3.32;1;1
8256;33186.71;50;3.31;1;1
8257;33186.71;50;3.32;1;1
8258;33186.71;50;3.32;1;1
8259;33186.71;50;3.32;1;1
8260;33186.71;50;3.32;1;1
8261;33186.71;50;3.32;1;1
8262;33186.71;50;3.32;1;1
8263;33186.71;50;3.32;1;1
8264;33186.71;50;3.32;1;1
8265;33186.71;50;3.32;1;1
8266;33235.58;50;3.32;1;1
8267;33186.71;50;3.32;1;1
8268;33186.71;50;3.32;1;1
8269;33186.71;50;3.32;1;1
8270;33186.71;50;3.32;1;1
8271;33137.83;50;3.32;1;1
8272;33186.71;50;3.31;1;1
8273;33137.83;50;3.32;1;1
8274;33186.71;50;3.31;1;1
8275;33137.83;50;3.32;1;1
8276;33186.71;50;3.31;1;1
8277;33186.71;50;3.32;1;1
8278;33235.58;50;3.32;1;1
8279;33186.71;50;3.32;1;1
8280;33186.71;50;3.32;1;1
8281;33137.83;50;3.32;1;1
8282;33235.58;50;3.31;1;1
8283;33186.71;50;3.32;1;1
8284;33186.71;50;3.32;1;1
8285;33186.71;50;3.32;1;1
8286;33235.58;50;3.32;1;1
8287;33186.71;50;3.32;1;1
8288;33235.58;50;3.32;1;1
8289;33186.71;50;3.32;1;1
8290;33186.71;50;3.32;1;1
8291;33186.71;50;3.32;1;1
8292;33186.71;50;3.32;1;1
8293;33137.83;50;3.32;1;1
8294;33186.71;50;3.31;1;1
8295;33137.83;50;3.32;1;1
8296;33186.71;50;3.31;1;1
8297;33186.71;50;3.32;1;1
8298;33186.71;50;3.32;1;1
8299;33186.71;50;3.32;1;1
8300;33186.71;50;3.32;1;1
8301;33186.71;50;3.32;1;1
8302;33186.71;50;3.32;1;1
8303;33137.83;50;3.32;1;1
8304;33186.71;50;3.31;1;1
8305;33186.71;50;3.32;1;1
8306;33186.71;50;3.32;1;1
8307;33186.71;50;3.32;1;1
8308;33186.71;50;3.32;1;1
8309;33137.83;50;3.32;1;1
8310;33186.71;50;3.31;1;1
8311;33186.71;50;3.32;1;1
8312;33186.71;50;3.32;1;1
8313;33186.71;50;3.32;1;1
8314;33186.71;50;3.32;1;1
8315;33137.83;50;3.32;1;1
8316;33186.71;50;3.31;1;1
8317;33186.71;50;3.32;1;1
8318;33186.71;50;3.32;1;1
8319;33186.71;50;3.32;1;1
8320;33186.71;50;3.32;1;1
8321;33186.71;50;3.32;1;1
8322;33186.71;50;3.32;1;1
8323;33186.71;50;3.32;1;1
8324;33186.71;50;3.32;1;1
8325;33186.71;50;3.32;1;1
8326;33186.71;50;3.32;1;1
8327;33186.71;50;3.32;1;1
8328;33186.71;50;3.32;1;1
8329;33186.71;50;3.32;1;1
8330;33186.71;50;3.32;1;1
8331;33186.71;50;3.32;1;1
8332;33186.71;50;3.32;1;1
8333;33186.71;50;3.32;1;1
8334;33186.71;50;3.32;1;1
8335;33186.71;50;3.32;1;1
8336;33186.71;50;3.32;1;1
8337;33137.83;50;3.32;1;1
8338;33186.71;50;3.31;1;1
8339;33186.71;50;3.32;1;1
8340;33186.71;50;3.32;1;1
8341;33186.71;50;3.32;1;1
8342;33186.71;50;3.32;1;1
8343;33186.71;50;3.32;1;1
8344;33186.71;50;3.32;1;1
8345;33186.71;50;3.32;1;1
8346;33186.71;50;3.32;1;1
8347;33186.71;50;3.32;1;1
8348;33186.71;50;3.32;1;1
8349;33186.71;50;3.32;1;1
8350;33186.71;50;3.32;1;1
8351;33186.71;50;3.32;1;1
8352;33137.83;50;3.32;1;1
8353;33186.71;50;3.31;1;1
8354;33186.71;50;3.32;1;1
8355;33186.71;50;3.32;1;1
8356;33186.71;50;3.32;1;1
8357;33186.71;50;3.32;1;1
8358;33186.71;50;3.32;1;1
8359;33186.71;50;3.32;1;1
8360;33137.83;50;3.32;1;1
8361;33186.71;50;3.31;1;1
8362;33186.71;50;3.32;1;1
8363;33186.71;50;3.32;1;1
8364;33186.71;50;3.32;1;1
8365;33186.71;50;3.32;1;1
8366;33186.71;50;3.32;1;1
8367;33186.71;50;3.32;1;1
8368;33186.71;50;3.32;1;1
8369;33186.71;50;3.32;1;1
8370;33186.71;50;3.32;1;1
8371;33186.71;50;3.32;1;1
8372;33137.83;50;3.32;1;1
8373;33186.71;50;3.31;1;1
8374;33186.71;50;3.32;1;1
8375;33186.71;50;3.32;1;1
8376;33186.71;50;3.32;1;1
8377;33186.71;50;3.32;1;1
8378;33137.83;50;3.32;1;1
8379;33186.71;50;3.31;1;1
8380;33137.83;50;3.32;1;1
8381;33235.58;50;3.31;1;1
8382;33186.71;50;3.32;1;1
8383;33186.71;50;3.32;1;1
8384;33186.71;50;3.32;1;1
8385;33186.71;50;3.32;1;1
8386;33186.71;50;3.32;1;1
8387;33186.71;50;3.32;1;1
8388;33186.71;50;3.32;1;1
8389;33186.71;50;3.32;1;1
8390;33137.83;50;3.32;1;1
8391;33186.71;50;3.31;1;1
8392;33137.83;50;3.32;1;1
8393;33186.71;50;3.31;1;1
8394;33186.71;50;3.32;1;1
8395;33186.71;50;3.32;1;1
8396;33186.71;50;3.32;1;1
8397;33186.71;50;3.32;1;1
8398;33186.71;50;3.32;1;1
8399;33186.71;50;3.32;1;1
8400;33137.83;50;3.32;1;1
8401;33186.71;50;3.31;1;1
8402;33186.71;50;3.32;1;1
8403;33186.71;50;3.32;1;1
8404;33186.71;50;3.32;1;1
8405;33186.71;50;3.32;1;1
8406;33137.83;50;3.32;1;1
8407;33186.71;50;3.31;1;1
8408;33137.83;50;3.32;1;1
8409;33186.71;50;3.31;1;1
8410;33186.71;50;3.32;1;1
8411;33186.71;50;3.32;1;1
8412;33186.71;50;3.32;1;1
8413;33186.71;50;3.32;1;1
8414;33137.83;50;3.32;1;1
8415;33186.71;50;3.31;1;1
8416;33137.83;50;3.32;1;1
8417;33186.71;50;3.31;1;1
8418;33137.83;50;3.32;1;1
8419;33186.71;50;3.31;1;1
8420;33186.71;50;3.32;1;1
8421;33186.71;50;3.32;1;1
8422;33186.71;50;3.32;1;1
8423;33186.71;50;3.32;1;1
8424;33186.71;50;3.32;1;1
8425;33186.71;50;3.32;1;1
8426;33186.71;50;3.32;1;1
8427;33186.71;50;3.32;1;1
8428;33137.83;50;3.32;1;1
8429;33186.71;50;3.31;1;1
8430;33137.83;50;3.32;1;1
8431;33186.71;50;3.31;1;1
8432;33137.83;50;3.32;1;1
8433;33186.71;50;3.31;1;1
8434;33137.83;50;3.32;1;1
8435;33186.71;50;3.31;1;1
8436;33137.83;50;3.32;1;1
8437;33186.71;50;3.31;1;1
8438;33137.83;50;3.32;1;1
8439;33186.71;50;3.31;1;1
8440;33186.71;50;3.32;1;1
8441;33186.71;50;3.32;1;1
8442;33137.83;50;3.32;1;1
8443;33186.71;50;3.31;1;1
8444;33137.83;50;3.32;1;1
8445;33186.71;50;3.31;1;1
8446;33137.83;50;3.32;1;1
8447;33186.71;50;3.31;1;1
8448;33137.83;50;3.32;1;1
8449;33186.71;50;3.31;1;1
8450;33186.71;50;3.32;1;1
8451;33186.71;50;3.32;1;1
8452;33137.83;50;3.32;1;1
8453;33186.71;50;3.31;1;1
8454;33186.71;50;3.32;1;1
8455;33186.71;50;3.32;1;1
8456;33186.71;50;3.32;1;1
8457;33186.71;50;3.32;1;1
8458;33186.71;50;3.32;1;1
8459;33186.71;50;3.32;1;1
8460;33186.71;50;3.32;1;1
8461;33186.71;50;3.32;1;1
8462;33186.71;50;3.32;1;1
8463;33186.71;50;3.32;1;1
8464;33186.71;50;3.32;1;1
8465;33186.71;50;3.32;1;1
8466;33186.71;50;3.32;1;1
8467;33186.71;50;3.32;1;1
8468;33186.71;50;3.32;1;1
8469;33186.71;50;3.32;1;1
8470;33186.71;50;3.32;1;1
8471;33186.71;50;3.32;1;1
8472;33186.71;50;3.32;1;1
8473;33186.71;50;3.32;1;1
8474;33186.71;50;3.32;1;1
8475;33186.71;50;3.32;1;1
8476;33186.71;50;3.32;1;1
8477;33186.71;50;3.32;1;1
8478;33137.83;50;3.32;1;1
8479;33186.71;50;3.31;1;1
8480;33186.71;50;3.32;1;1
8481;33186.71;50;3.32;1;1
8482;33186.71;50;3.32;1;1
8483;33186.71;50;3.32;1;1
8484;33186.71;50;3.32;1;1
8485;33186.71;50;3.32;1;1
8486;33186.71;50;3.32;1;1
8487;33186.71;50;3.32;1;1
8488;33186.71;50;3.32;1;1
8489;33186.71;50;3.32;1;1
8490;33186.71;50;3.32;1;1
8491;33186.71;50;3.32;1;1
8492;33186.71;50;3.32;1;1
8493;33186.71;50;3.32;1;1
8494;33186.71;50;3.32;1;1
8495;33137.83;50;3.32;1;1
8496;33186.71;50;3.31;1;1
8497;33186.71;50;3.32;1;1
8498;33186.71;50;3.32;1;1
8499;33186.71;50;3.32;1;1
8500;33186.71;50;3.32;1;1
8501;33137.83;50;3.32;1;1
8502;33186.71;50;3.31;1;1
8503;33186.71;50;3.32;1;1
8504;33186.71;50;3.32;1;1
8505;33186.71;50;3.32;1;1
8506;33186.71;50;3.32;1;1
8507;33137.83;50;3.32;1;1
8508;33186.71;50;3.31;1;1
8509;33137.83;50;3.32;1;1
8510;33186.71;50;3.31;1;1
8511;33186.71;50;3.32;1;1
8512;33186.71;50;3.32;1;1
8513;33137.83;50;3.32;1;1
8514;33186.71;50;3.31;1;1
8515;33137.83;50;3.32;1;1
8516;33186.71;50;3.31;1;1
8517;33186.71;50;3.32;1;1
8518;33186.71;50;3.32;1;1
8519;33186.71;50;3.32;1;1
8520;33186.71;50;3.32;1;1
8521;33137.83;50;3.32;1;1
8522;33186.71;50;3.31;1;1
8523;33137.83;50;3.32;1;1
8524;33186.71;50;3.31;1;1
8525;33137.83;50;3.32;1;1
8526;33186.71;50;3.31;1;1
8527;33137.83;50;3.32;1;1
8528;33186.71;50;3.31;1;1
8529;33137.83;50;3.32;1;1
8530;33186.71;50;3.31;1;1
8531;33137.83;50;3.32;1;1
8532;33186.71;50;3.31;1;1
8533;33137.83;50;3.32;1;1
8534;33186.71;50;3.31;1;1
8535;33137.83;50;3.32;1;1
8536;33186.71;50;3.31;1;1
8537;33137.83;50;3.32;1;1
8538;33186.71;50;3.31;1;1
8539;33137.83;50;3.32;1;1
8540;33186.71;50;3.31;1;1
8541;33137.83;50;3.32;1;1
8542;33186.71;50;3.31;1;1
8543;33137.83;50;3.32;1;1
8544;33186.71;50;3.31;1;1
8545;33137.83;50;3.32;1;1
8546;33186.71;50;3.31;1;1
8547;33137.83;50;3.32;1;1
8548;33186.71;50;3.31;1;1
8549;33137.83;50;3.32;1;1
8550;33186.71;50;3.31;1;1
8551;33186.71;50;3.32;1;1
8552;33186.71;50;3.32;1;1
8553;33137.83;50;3.32;1;1
8554;33186.71;50;3.31;1;1
8555;33137.83;50;3.32;1;1
8556;33186.71;50;3.31;1;1
8557;33137.83;50;3.32;1;1
8558;33186.71;50;3.31;1;1
8559;33137.83;50;3.32;1;1
8560;33186.71;50;3.31;1;1
8561;33137.83;50;3.32;1;1
8562;33186.71;50;3.31;1;1
8563;33137.83;50;3.32;1;1
8564;33186.71;50;3.31;1;1
8565;33137.83;50;3.32;1;1
8566;33186.71;50;3.31;1;1
8567;33137.83;50;3.32;1;1
8568;33186.71;50;3.31;1;1
8569;33186.71;50;3.32;1;1
8570;33186.71;50;3.32;1;1
8571;33137.83;50;3.32;1;1
8572;33186.71;50;3.31;1;1
8573;33137.83;50;3.32;1;1
8574;33186.71;50;3.31;1;1
8575;33186.71;50;3.32;1;1
8576;33186.71;50;3.32;1;1
8577;33137.83;50;3.32;1;1
8578;33186.71;50;3.31;1;1
8579;33137.83;50;3.32;1;1
8580;33186.71;50;3.31;1;1
8581;33186.71;50;3.32;1;1
8582;33186.71;50;3.32;1;1
8583;33137.83;50;3.32;1;1
8584;33186.71;50;3.31;1;1
8585;33137.83;50;3.32;1;1
8586;33186.71;50;3.31;1;1
8587;33137.83;50;3.32;1;1
8588;33186.71;50;3.31;1;1
8589;33186.71;50;3.32;1;1
8590;33186.71;50;3.32;1;1
8591;33137.83;50;3.32;1;1
8592;33186.71;50;3.31;1;1
8593;33137.83;50;3.32;1;1
8594;33186.71;50;3.31;1;1
8595;33186.71;50;3.32;1;1
8596;33186.71;50;3.32;1;1
8597;33137.83;50;3.32;1;1
8598;33186.71;50;3.31;1;1
8599;33186.71;50;3.32;1;1
8600;33186.71;50;3.32;1;1
8601;33137.83;50;3.32;1;1
8602;33186.71;50;3.31;1;1
8603;33137.83;50;3.32;1;1
8604;33186.71;50;3.31;1;1
8605;33186.71;50;3.32;1;1
8606;33186.71;50;3.32;1;1
8607;33137.83;50;3.32;1;1
8608;33186.71;50;3.31;1;1
8609;33137.83;50;3.32;1;1
8610;33186.71;50;3.31;1;1
8611;33137.83;50;3.32;1;1
8612;33186.71;50;3.31;1;1
8613;33137.83;50;3.32;1;1
8614;33186.71;50;3.31;1;1
8615;33137.83;50;3.32;1;1
8616;33186.71;50;3.31;1;1
8617;33137.83;50;3.32;1;1
8618;33186.71;50;3.31;1;1
8619;33137.83;50;3.32;1;1
8620;33186.71;50;3.31;1;1
8621;33186.71;50;3.32;1;1
8622;33186.71;50;3.32;1;1
8623;33186.71;50;3.32;1;1
8624;33186.71;50;3.32;1;1
8625;33186.71;50;3.32;1;1
8626;33186.71;50;3.32;1;1
8627;33186.71;50;3.32;1;1
8628;33186.71;50;3.32;1;1
8629;33186.71;50;3.32;1;1
8630;33137.83;50;3.32;1;1
8631;33186.71;50;3.31;1;1
8632;33137.83;50;3.32;1;1
8633;33186.71;50;3.31;1;1
8634;33137.83;50;3.32;1;1
8635;33186.71;50;3.31;1;1
8636;33137.83;50;3.32;1;1
8637;33186.71;50;3.31;1;1
8638;33186.71;50;3.32;1;1
8639;33186.71;50;3.32;1;1
8640;33137.83;50;3.32;1;1
8641;33186.71;50;3.31;1;1
8642;33137.83;50;3.32;1;1
8643;33137.83;50;3.31;1;1
8644;33186.71;50;3.31;1;1
8645;33186.71;50;3.32;1;1
8646;33186.71;50;3.32;1;1
8647;33186.71;50;3.32;1;1
8648;33186.71;50;3.32;1;1
8649;33186.71;50;3.32;1;1
8650;33186.71;50;3.32;1;1
8651;33137.83;50;3.32;1;1
8652;33186.71;50;3.31;1;1
8653;33186.71;50;3.32;1;1
8654;33186.71;50;3.32;1;1
8655;33186.71;50;3.32;1;1
8656;33137.83;50;3.32;1;1
8657;33186.71;50;3.31;1;1
8658;33186.71;50;3.32;1;1
8659;33186.71;50;3.32;1;1
8660;33137.83;50;3.32;1;1
8661;33186.71;50;3.31;1;1
8662;33137.83;50;3.32;1;1
8663;33186.71;50;3.31;1;1
8664;33186.71;50;3.32;1;1
8665;33186.71;50;3.32;1;1
8666;33137.83;50;3.32;1;1
8667;33186.71;50;3.31;1;1
8668;33137.83;50;3.32;1;1
8669;33186.71;50;3.31;1;1
8670;33137.83;50;3.32;1;1
8671;33186.71;50;3.31;1;1
8672;33137.83;50;3.32;1;1
8673;33186.71;50;3.31;1;1
8674;33137.83;50;3.32;1;1
8675;33186.71;50;3.31;1;1
8676;33137.83;50;3.32;1;1
8677;33186.71;50;3.31;1;1
8678;33137.83;50;3.32;1;1
8679;33186.71;50;3.31;1;1
8680;33137.83;50;3.32;1;1
8681;33186.71;50;3.31;1;1
8682;33137.83;50;3.32;1;1
8683;33186.71;50;3.31;1;1
8684;33137.83;50;3.32;1;1
8685;33186.71;50;3.31;1;1
8686;33137.83;50;3.32;1;1
8687;33186.71;50;3.31;1;1
8688;33137.83;50;3.32;1;1
8689;33186.71;50;3.31;1;1
8690;33137.83;50;3.32;1;1
8691;33186.71;50;3.31;1;1
8692;33137.83;50;3.32;1;1
8693;33186.71;50;3.31;1;1
8694;33137.83;50;3.32;1;1
8695;33186.71;50;3.31;1;1
8696;33137.83;50;3.32;1;1
8697;33186.71;50;3.31;1;1
8698;33137.83;50;3.32;1;1
8699;33186.71;50;3.31;1;1
8700;33137.83;50;3.32;1;1
8701;33186.71;50;3.31;1;1
8702;33137.83;50;3.32;1;1
8703;33186.71;50;3.31;1;1
8704;33137.83;50;3.32;1;1
8705;33186.71;50;3.31;1;1
8706;33137.83;50;3.32;1;1
8707;33186.71;50;3.31;1;1
8708;33137.83;50;3.32;1;1
8709;33186.71;50;3.31;1;1
8710;33137.83;50;3.32;1;1
8711;33186.71;50;3.31;1;1
8712;33137.83;50;3.32;1;1
8713;33186.71;50;3.31;1;1
8714;33137.83;50;3.32;1;1
8715;33186.71;50;3.31;1;1
8716;33137.83;50;3.32;1;1
8717;33186.71;50;3.31;1;1
8718;33137.83;50;3.32;1;1
8719;33186.71;50;3.31;1;1
8720;33137.83;50;3.32;1;1
8721;33186.71;50;3.31;1;1
8722;33137.83;50;3.32;1;1
8723;33186.71;50;3.31;1;1
8724;33137.83;50;3.32;1;1
8725;33186.71;50;3.31;1;1
8726;33137.83;50;3.32;1;1
8727;33186.71;50;3.31;1;1
8728;33137.83;50;3.32;1;1
8729;33186.71;50;3.31;1;1
8730;33137.83;50;3.32;1;1
8731;33186.71;50;3.31;1;1
8732;33137.83;50;3.32;1;1
8733;33186.71;50;3.31;1;1
8734;33137.83;50;3.32;1;1
8735;33186.71;50;3.31;1;1
8736;33137.83;50;3.32;1;1
8737;33186.71;50;3.31;1;1
8738;33137.83;50;3.32;1;1
8739;33186.71;50;3.31;1;1
8740;33137.83;50;3.32;1;1
8741;33186.71;50;3.31;1;1
8742;33137.83;50;3.32;1;1
8743;33186.71;50;3.31;1;1
8744;33137.83;50;3.32;1;1
8745;33186.71;50;3.31;1;1
8746;33137.83;50;3.32;1;1
8747;33186.71;50;3.31;1;1
8748;33137.83;50;3.32;1;1
8749;33186.71;50;3.31;1;1
8750;33137.83;50;3.32;1;1
8751;33186.71;50;3.31;1;1
8752;33137.83;50;3.32;1;1
8753;33186.71;50;3.31;1;1
8754;33137.83;50;3.32;1;1
8755;33186.71;50;3.31;1;1
8756;33137.83;50;3.32;1;1
8757;33186.71;50;3.31;1;1
8758;33137.83;50;3.32;1;1
8759;33186.71;50;3.31;1;1
8760;33137.83;50;3.32;1;1
8761;33186.71;50;3.31;1;1
8762;33137.83;50;3.32;1;1
8763;33186.71;50;3.31;1;1
8764;33137.83;50;3.32;1;1
8765;33186.71;50;3.31;1;1
8766;33137.83;50;3.32;1;1
8767;33186.71;50;3.31;1;1
8768;33137.83;50;3.32;1;1
8769;33186.71;50;3.31;1;1
8770;33137.83;50;3.32;1;1
8771;33186.71;50;3.31;1;1
8772;33137.83;50;3.32;1;1
8773;33186.71;50;3.31;1;1
8774;33137.83;50;3.32;1;1
8775;33186.71;50;3.31;1;1
8776;33137.83;50;3.32;1;1
8777;33186.71;50;3.31;1;1
8778;33137.83;50;3.32;1;1
8779;33186.71;50;3.31;1;1
8780;33137.83;50;3.32;1;1
8781;33186.71;50;3.31;1;1
8782;33137.83;50;3.32;1;1
8783;33186.71;50;3.31;1;1
8784;33137.83;50;3.32;1;1
8785;33186.71;50;3.31;1;1
8786;33137.83;50;3.32;1;1
8787;33186.71;50;3.31;1;1
8788;33137.83;50;3.32;1;1
8789;33186.71;50;3.31;1;1
8790;33137.83;50;3.32;1;1
8791;33186.71;50;3.31;1;1
8792;33137.83;50;3.32;1;1
8793;33186.71;50;3.31;1;1
8794;33137.83;50;3.32;1;1
8795;33186.71;50;3.31;1;1
8796;33137.83;50;3.32;1;1
8797;33137.83;50;3.31;1;1
8798;33137.83;50;3.31;1;1
8799;33186.71;50;3.31;1;1
8800;33137.83;50;3.32;1;1
8801;33186.71;50;3.31;1;1
8802;33137.83;50;3.32;1;1
8803;33186.71;50;3.31;1;1
8804;33186.71;50;3.32;1;1
8805;33186.71;50;3.32;1;1
8806;33137.83;50;3.32;1;1
8807;33137.83;50;3.31;1;1
8808;33137.83;50;3.31;1;1
8809;33186.71;50;3.31;1;1
8810;33137.83;50;3.32;1;1
8811;33186.71;50;3.31;1;1
8812;33137.83;50;3.32;1;1
8813;33137.83;50;3.31;1;1
8814;33137.83;50;3.31;1;1
8815;33137.83;50;3.31;1;1
8816;33137.83;50;3.31;1;1
8817;33137.83;50;3.31;1;1
8818;33186.71;50;3.31;1;1
8819;33137.83;50;3.32;1;1
8820;33186.71;50;3.31;1;1
8821;33137.83;50;3.32;1;1
8822;33186.71;50;3.31;1;1
8823;33137.83;50;3.32;1;1
8824;33137.83;50;3.31;1;1
8825;33137.83;50;3.31;1;1
8826;33186.71;50;3.31;1;1
8827;33137.83;50;3.32;1;1
8828;33186.71;50;3.31;1;1
8829;33137.83;50;3.32;1;1
8830;33186.71;50;3.31;1;1
8831;33137.83;50;3.32;1;1
8832;33186.71;50;3.31;1;1
8833;33137.83;50;3.32;1;1
8834;33186.71;50;3.31;1;1
8835;33137.83;50;3.32;1;1
8836;33186.71;50;3.31;1;1
8837;33137.83;50;3.32;1;1
8838;33186.71;50;3.31;1;1
8839;33137.83;50;3.32;1;1
8840;33186.71;50;3.31;1;1
8841;33137.83;50;3.32;1;1
8842;33186.71;50;3.31;1;1
8843;33137.83;50;3.32;1;1
8844;33186.71;50;3.31;1;1
8845;33137.83;50;3.32;1;1
8846;33186.71;50;3.31;1;1
8847;33137.83;50;3.32;1;1
8848;33186.71;50;3.31;1;1
8849;33137.83;50;3.32;1;1
8850;33186.71;50;3.31;1;1
8851;33137.83;50;3.32;1;1
8852;33186.71;50;3.31;1;1
8853;33137.83;50;3.32;1;1
8854;33186.71;50;3.31;1;1
8855;33137.83;50;3.32;1;1
8856;33186.71;50;3.31;1;1
8857;33137.83;50;3.32;1;1
8858;33186.71;50;3.31;1;1
8859;33137.83;50;3.32;1;1
8860;33186.71;50;3.31;1;1
8861;33137.83;50;3.32;1;1
8862;33186.71;50;3.31;1;1
8863;33137.83;50;3.32;1;1
8864;33186.71;50;3.31;1;1
8865;33137.83;50;3.32;1;1
8866;33186.71;50;3.31;1;1
8867;33137.83;50;3.32;1;1
8868;33186.71;50;3.31;1;1
8869;33137.83;50;3.32;1;1
8870;33186.71;50;3.31;1;1
8871;33137.83;50;3.32;1;1
8872;33186.71;50;3.31;1;1
8873;33137.83;50;3.32;1;1
8874;33186.71;50;3.31;1;1
8875;33137.83;50;3.32;1;1
8876;33186.71;50;3.31;1;1
8877;33137.83;50;3.32;1;1
8878;33186.71;50;3.31;1;1
8879;33137.83;50;3.32;1;1
8880;33186.71;50;3.31;1;1
8881;33137.83;50;3.32;1;1
8882;33186.71;50;3.31;1;1
8883;33137.83;50;3.32;1;1
8884;33186.71;50;3.31;1;1
8885;33137.83;50;3.32;1;1
8886;33186.71;50;3.31;1;1
8887;33137.83;50;3.32;1;1
8888;33186.71;50;3.31;1;1
8889;33137.83;50;3.32;1;1
8890;33186.71;50;3.31;1;1
8891;33137.83;50;3.32;1;1
8892;33186.71;50;3.31;1;1
8893;33137.83;50;3.32;1;1
8894;33186.71;50;3.31;1;1
8895;33137.83;50;3.32;1;1
8896;33186.71;50;3.31;1;1
8897;33137.83;50;3.32;1;1
8898;33186.71;50;3.31;1;1
8899;33137.83;50;3.32;1;1
8900;33186.71;50;3.31;1;1
8901;33137.83;50;3.32;1;1
8902;33186.71;50;3.31;1;1
8903;33137.83;50;3.32;1;1
8904;33186.71;50;3.31;1;1
8905;33137.83;50;3.32;1;1
8906;33186.71;50;3.31;1;1
8907;33137.83;50;3.32;1;1
8908;33186.71;50;3.31;1;1
8909;33137.83;50;3.32;1;1
8910;33186.71;50;3.31;1;1
8911;33137.83;50;3.32;1;1
8912;33186.71;50;3.31;1;1
8913;33137.83;50;3.32;1;1
8914;33186.71;50;3.31;1;1
8915;33137.83;50;3.32;1;1
8916;33186.71;50;3.31;1;1
8917;33137.83;50;3.32;1;1
8918;33186.71;50;3.31;1;1
8919;33137.83;50;3.32;1;1
8920;33186.71;50;3.31;1;1
8921;33137.83;50;3.32;1;1
8922;33186.71;50;3.31;1;1
8923;33137.83;50;3.32;1;1
8924;33186.71;50;3.31;1;1
8925;33137.83;50;3.32;1;1
8926;33186.71;50;3.31;1;1
8927;33137.83;50;3.32;1;1
8928;33186.71;50;3.31;1;1
8929;33137.83;50;3.32;1;1
8930;33186.71;50;3.31;1;1
8931;33137.83;50;3.32;1;1
8932;33186.71;50;3.31;1;1
8933;33137.83;50;3.32;1;1
8934;33186.71;50;3.31;1;1
8935;33137.83;50;3.32;1;1
8936;33186.71;50;3.31;1;1
8937;33137.83;50;3.32;1;1
8938;33186.71;50;3.31;1;1
8939;33137.83;50;3.32;1;1
8940;33186.71;50;3.31;1;1
8941;33137.83;50;3.32;1;1
8942;33186.71;50;3.31;1;1
8943;33137.83;50;3.32;1;1
8944;33186.71;50;3.31;1;1
8945;33137.83;50;3.32;1;1
8946;33137.83;50;3.31;1;1
8947;33137.83;50;3.31;1;1
8948;33137.83;50;3.31;1;1
8949;33137.83;50;3.31;1;1
8950;33137.83;50;3.31;1;1
8951;33137.83;50;3.31;1;1
8952;33137.83;50;3.31;1;1
8953;33137.83;50;3.31;1;1
8954;33137.83;50;3.31;1;1
8955;33137.83;50;3.31;1;1
8956;33137.83;50;3.31;1;1
8957;33137.83;50;3.31;1;1
8958;33137.83;50;3.31;1;1
8959;33137.83;50;3.31;1;1
8960;33137.83;50;3.31;1;1
8961;33137.83;50;3.31;1;1
8962;33137.83;50;3.31;1;1
8963;33137.83;50;3.31;1;1
8964;33137.83;50;3.31;1;1
8965;33186.71;50;3.31;1;1
8966;33137.83;50;3.32;1;1
8967;33137.83;50;3.31;1;1
8968;33137.83;50;3.31;1;1
8969;33137.83;50;3.31;1;1
8970;33137.83;50;3.31;1;1
8971;33137.83;50;3.31;1;1
8972;33137.83;50;3.31;1;1
8973;33137.83;50;3.31;1;1
8974;33137.83;50;3.31;1;1
8975;33186.71;50;3.31;1;1
8976;33137.83;50;3.32;1;1
8977;33186.71;50;3.31;1;1
8978;33137.83;50;3.32;1;1
8979;33186.71;50;3.31;1;1
8980;33137.83;50;3.32;1;1
8981;33186.71;50;3.31;1;1
8982;33137.83;50;3.32;1;1
8983;33186.71;50;3.31;1;1
8984;33137.83;50;3.32;1;1
8985;33186.71;50;3.31;1;1
8986;33137.83;50;3.32;1;1
8987;33186.71;50;3.31;1;1
8988;33137.83;50;3.32;1;1
8989;33186.71;50;3.31;1;1
8990;33137.83;50;3.32;1;1
8991;33186.71;50;3.31;1;1
8992;33137.83;50;3.32;1;1
8993;33186.71;50;3.31;1;1
8994;33137.83;50;3.32;1;1
8995;33186.71;50;3.31;1;1
8996;33137.83;50;3.32;1;1
8997;33186.71;50;3.31;1;1
8998;33137.83;50;3.32;1;1
8999;33186.71;50;3.31;1;1
9000;33137.83;50;3.32;1;1
9001;33186.71;50;3.31;1;1
9002;33137.83;50;3.32;1;1
9003;33186.71;50;3.31;1;1
9004;33137.83;50;3.32;1;1
9005;33186.71;50;3.31;1;1
9006;33137.83;50;3.32;1;1
9007;33186.71;50;3.31;1;1
9008;33137.83;50;3.32;1;1
9009;33186.71;50;3.31;1;1
9010;33137.83;50;3.32;1;1
9011;33186.71;50;3.31;1;1
9012;33137.83;50;3.32;1;1
9013;33186.71;50;3.31;1;1
9014;33137.83;50;3.32;1;1
9015;33186.71;50;3.31;1;1
9016;33137.83;50;3.32;1;1
9017;33186.71;50;3.31;1;1
9018;33137.83;50;3.32;1;1
9019;33186.71;50;3.31;1;1
9020;33137.83;50;3.32;1;1
9021;33186.71;50;3.31;1;1
9022;33137.83;50;3.32;1;1
9023;33186.71;50;3.31;1;1
9024;33137.83;50;3.32;1;1
9025;33186.71;50;3.31;1;1
9026;33137.83;50;3.32;1;1
9027;33186.71;50;3.31;1;1
9028;33137.83;50;3.32;1;1
9029;33186.71;50;3.31;1;1
9030;33137.83;50;3.32;1;1
9031;33186.71;50;3.31;1;1
9032;33137.83;50;3.32;1;1
9033;33186.71;50;3.31;1;1
9034;33137.83;50;3.32;1;1
9035;33186.71;50;3.31;1;1
9036;33137.83;50;3.32;1;1
9037;33186.71;50;3.31;1;1
9038;33137.83;50;3.32;1;1
9039;33186.71;50;3.31;1;1
9040;33137.83;50;3.32;1;1
9041;33186.71;50;3.31;1;1
9042;33137.83;50;3.32;1;1
9043;33186.71;50;3.31;1;1
9044;33137.83;50;3.32;1;1
9045;33186.71;50;3.31;1;1
9046;33137.83;50;3.32;1;1
9047;33186.71;50;3.31;1;1
9048;33137.83;50;3.32;1;1
9049;33186.71;50;3.31;1;1
9050;33137.83;50;3.32;1;1
9051;33186.71;50;3.31;1;1
9052;33137.83;50;3.32;1;1
9053;33186.71;50;3.31;1;1
9054;33137.83;50;3.32;1;1
9055;33186.71;50;3.31;1;1
9056;33137.83;50;3.32;1;1
9057;33186.71;50;3.31;1;1
9058;33137.83;50;3.32;1;1
9059;33186.71;50;3.31;1;1
9060;33137.83;50;3.32;1;1
9061;33186.71;50;3.31;1;1
9062;33137.83;50;3.32;1;1
9063;33186.71;50;3.31;1;1
9064;33137.83;50;3.32;1;1
9065;33186.71;50;3.31;1;1
9066;33137.83;50;3.32;1;1
9067;33186.71;50;3.31;1;1
9068;33137.83;50;3.32;1;1
9069;33186.71;50;3.31;1;1
9070;33137.83;50;3.32;1;1
9071;33186.71;50;3.31;1;1
9072;33137.83;50;3.32;1;1
9073;33186.71;50;3.31;1;1
9074;33137.83;50;3.32;1;1
9075;33186.71;50;3.31;1;1
9076;33137.83;50;3.32;1;1
9077;33137.83;50;3.31;1;1
9078;33137.83;50;3.31;1;1
9079;33186.71;50;3.31;1;1
9080;33137.83;50;3.32;1;1
9081;33186.71;50;3.31;1;1
9082;33137.83;50;3.32;1;1
9083;33186.71;50;3.31;1;1
9084;33137.83;50;3.32;1;1
9085;33186.71;50;3.31;1;1
9086;33137.83;50;3.32;1;1
9087;33186.71;50;3.31;1;1
9088;33137.83;50;3.32;1;1
9089;33186.71;50;3.31;1;1
9090;33137.83;50;3.32;1;1
9091;33186.71;50;3.31;1;1
9092;33137.83;50;3.32;1;1
9093;33186.71;50;3.31;1;1
9094;33137.83;50;3.32;1;1
9095;33186.71;50;3.31;1;1
9096;33137.83;50;3.32;1;1
9097;33137.83;50;3.31;1;1
9098;33137.83;50;3.31;1;1
9099;33137.83;50;3.31;1;1
9100;33137.83;50;3.31;1;1
9101;33137.83;50;3.31;1;1
9102;33137.83;50;3.31;1;1
9103;33137.83;50;3.31;1;1
9104;33137.83;50;3.31;1;1
9105;33137.83;50;3.31;1;1
9106;33186.71;50;3.31;1;1
9107;33137.83;50;3.32;1;1
9108;33137.83;50;3.31;1;1
9109;33137.83;50;3.31;1;1
9110;33137.83;50;3.31;1;1
9111;33137.83;50;3.31;1;1
9112;33137.83;50;3.31;1;1
9113;33137.83;50;3.31;1;1
9114;33186.71;50;3.31;1;1
9115;33137.83;50;3.32;1;1
9116;33186.71;50;3.31;1;1
9117;33137.83;50;3.32;1;1
9118;33186.71;50;3.31;1;1
9119;33137.83;50;3.32;1;1
9120;33137.83;50;3.31;1;1
9121;33137.83;50;3.31;1;1
9122;33186.71;50;3.31;1;1
9123;33137.83;50;3.32;1;1
9124;33186.71;50;3.31;1;1
9125;33137.83;50;3.32;1;1
9126;33186.71;50;3.31;1;1
9127;33137.83;50;3.32;1;1
9128;33186.71;50;3.31;1;1
9129;33137.83;50;3.32;1;1
9130;33186.71;50;3.31;1;1
9131;33137.83;50;3.32;1;1
9132;33186.71;50;3.31;1;1
9133;33137.83;50;3.32;1;1
9134;33186.71;50;3.31;1;1
9135;33137.83;50;3.32;1;1
9136;33137.83;50;3.31;1;1
9137;33137.83;50;3.31;1;1
9138;33186.71;50;3.31;1;1
9139;33137.83;50;3.32;1;1
9140;33137.83;50;3.31;1;1
9141;33137.83;50;3.31;1;1
9142;33137.83;50;3.31;1;1
9143;33137.83;50;3.31;1;1
9144;33137.83;50;3.31;1;1
9145;33137.83;50;3.31;1;1
9146;33137.83;50;3.31;1;1
9147;33137.83;50;3.31;1;1
9148;33137.83;50;3.31;1;1
9149;33137.83;50;3.31;1;1
9150;33137.83;50;3.31;1;1
9151;33137.83;50;3.31;1;1
9152;33137.83;50;3.31;1;1
9153;33137.83;50;3.31;1;1
9154;33137.83;50;3.31;1;1
9155;33137.83;50;3.31;1;1
9156;33137.83;50;3.31;1;1
9157;33137.83;50;3.31;1;1
9158;33137.83;50;3.31;1;1
9159;33137.83;50;3.31;1;1
9160;33186.71;50;3.31;1;1
9161;33137.83;50;3.32;1;1
9162;33186.71;50;3.31;1;1
9163;33137.83;50;3.32;1;1
9164;33186.71;50;3.31;1;1
9165;33137.83;50;3.32;1;1
9166;33186.71;50;3.31;1;1
9167;33137.83;50;3.32;1;1
9168;33137.83;50;3.31;1;1
9169;33137.83;50;3.31;1;1
9170;33186.71;50;3.31;1;1
9171;33137.83;50;3.32;1;1
9172;33186.71;50;3.31;1;1
9173;33137.83;50;3.32;1;1
9174;33186.71;50;3.31;1;1
9175;33137.83;50;3.32;1;1
9176;33186.71;50;3.31;1;1
9177;33137.83;50;3.32;1;1
9178;33186.71;50;3.31;1;1
9179;33137.83;50;3.32;1;1
9180;33186.71;50;3.31;1;1
9181;33137.83;50;3.32;1;1
9182;33186.71;50;3.31;1;1
9183;33137.83;50;3.32;1;1
9184;33186.71;50;3.31;1;1
9185;33137.83;50;3.32;1;1
9186;33186.71;50;3.31;1;1
9187;33137.83;50;3.32;1;1
9188;33186.71;50;3.31;1;1
9189;33137.83;50;3.32;1;1
9190;33186.71;50;3.31;1;1
9191;33137.83;50;3.32;1;1
9192;33186.71;50;3.31;1;1
9193;33137.83;50;3.32;1;1
9194;33186.71;50;3.31;1;1
9195;33137.83;50;3.32;1;1
9196;33186.71;50;3.31;1;1
9197;33137.83;50;3.32;1;1
9198;33186.71;50;3.31;1;1
9199;33137.83;50;3.32;1;1
9200;33186.71;50;3.31;1;1
9201;33137.83;50;3.32;1;1
9202;33186.71;50;3.31;1;1
9203;33137.83;50;3.32;1;1
9204;33186.71;50;3.31;1;1
9205;33137.83;50;3.32;1;1
9206;33186.71;50;3.31;1;1
9207;33137.83;50;3.32;1;1
9208;33186.71;50;3.31;1;1
9209;33137.83;50;3.32;1;1
9210;33186.71;50;3.31;1;1
9211;33137.83;50;3.32;1;1
9212;33186.71;50;3.31;1;1
9213;33137.83;50;3.32;1;1
9214;33186.71;50;3.31;1;1
9215;33137.83;50;3.32;1;1
9216;33186.71;50;3.31;1;1
9217;33137.83;50;3.32;1;1
9218;33186.71;50;3.31;1;1
9219;33137.83;50;3.32;1;1
9220;33186.71;50;3.31;1;1
9221;33137.83;50;3.32;1;1
9222;33186.71;50;3.31;1;1
9223;33137.83;50;3.32;1;1
9224;33186.71;50;3.31;1;1
9225;33137.83;50;3.32;1;1
9226;33186.71;50;3.31;1;1
9227;33137.83;50;3.32;1;1
9228;33186.71;50;3.31;1;1
9229;33137.83;50;3.32;1;1
9230;33186.71;50;3.31;1;1
9231;33137.83;50;3.32;1;1
9232;33186.71;50;3.31;1;1
9233;33137.83;50;3.32;1;1
9234;33186.71;50;3.31;1;1
9235;33137.83;50;3.32;1;1
9236;33186.71;50;3.31;1;1
9237;33137.83;50;3.32;1;1
9238;33186.71;50;3.31;1;1
9239;33137.83;50;3.32;1;1
9240;33186.71;50;3.31;1;1
9241;33137.83;50;3.32;1;1
9242;33186.71;50;3.31;1;1
9243;33137.83;50;3.32;1;1
9244;33186.71;50;3.31;1;1
9245;33137.83;50;3.32;1;1
9246;33186.71;50;3.31;1;1
9247;33137.83;50;3.32;1;1
9248;33186.71;50;3.31;1;1
9249;33137.83;50;3.32;1;1
9250;33186.71;50;3.31;1;1
9251;33137.83;50;3.32;1;1
9252;33186.71;50;3.31;1;1
9253;33137.83;50;3.32;1;1
9254;33186.71;50;3.31;1;1
9255;33137.83;50;3.32;1;1
9256;33186.71;50;3.31;1;1
9257;33137.83;50;3.32;1;1
9258;33137.83;50;3.31;1;1
9259;33137.83;50;3.31;1;1
9260;33186.71;50;3.31;1;1
9261;33137.83;50;3.32;1;1
9262;33186.71;50;3.31;1;1
9263;33137.83;50;3.32;1;1
9264;33186.71;50;3.31;1;1
9265;33137.83;50;3.32;1;1
9266;33186.71;50;3.31;1;1
9267;33137.83;50;3.32;1;1
9268;33137.83;50;3.31;1;1
9269;33137.83;50;3.31;1;1
9270;33186.71;50;3.31;1;1
9271;33137.83;50;3.32;1;1
9272;33186.71;50;3.31;1;1
9273;33137.83;50;3.32;1;1
9274;33186.71;50;3.31;1;1
9275;33137.83;50;3.32;1;1
9276;33137.83;50;3.31;1;1
9277;33137.83;50;3.31;1;1
9278;33137.83;50;3.31;1;1
9279;33137.83;50;3.31;1;1
9280;33186.71;50;3.31;1;1
9281;33137.83;50;3.32;1;1
9282;33137.83;50;3.31;1;1
9283;33137.83;50;3.31;1;1
9284;33137.83;50;3.31;1;1
9285;33137.83;50;3.31;1;1
9286;33186.71;50;3.31;1;1
9287;33137.83;50;3.32;1;1
9288;33137.83;50;3.31;1;1
9289;33137.83;50;3.31;1;1
9290;33186.71;50;3.31;1;1
9291;33137.83;50;3.32;1;1
9292;33137.83;50;3.31;1;1
9293;33137.83;50;3.31;1;1
9294;33137.83;50;3.31;1;1
9295;33137.83;50;3.31;1;1
9296;33137.83;50;3.31;1;1
9297;33137.83;50;3.31;1;1
9298;33137.83;50;3.31;1;1
9299;33137.83;50;3.31;1;1
9300;33137.83;50;3.31;1;1
9301;33137.83;50;3.31;1;1
9302;33137.83;50;3.31;1;1
9303;33137.83;50;3.31;1;1
9304;33137.83;50;3.31;1;1
9305;33137.83;50;3.31;1;1
9306;33137.83;50;3.31;1;1
9307;33137.83;50;3.31;1;1
9308;33137.83;50;3.31;1;1
9309;33137.83;50;3.31;1;1
9310;33137.83;50;3.31;1;1
9311;33137.83;50;3.31;1;1
9312;33137.83;50;3.31;1;1
9313;33137.83;50;3.31;1;1
9314;33137.83;50;3.31;1;1
9315;33137.83;50;3.31;1;1
9316;33137.83;50;3.31;1;1
9317;33137.83;50;3.31;1;1
9318;33137.83;50;3.31;1;1
9319;33186.71;50;3.31;1;1
9320;33137.83;50;3.32;1;1
9321;33137.83;50;3.31;1;1
9322;33137.83;50;3.31;1;1
9323;33137.83;50;3.31;1;1
9324;33137.83;50;3.31;1;1
9325;33186.71;50;3.31;1;1
9326;33137.83;50;3.32;1;1
9327;33186.71;50;3.31;1;1
9328;33137.83;50;3.32;1;1
9329;33186.71;50;3.31;1;1
9330;33137.83;50;3.32;1;1
9331;33186.71;50;3.31;1;1
9332;33137.83;50;3.32;1;1
9333;33137.83;50;3.31;1;1
9334;33137.83;50;3.31;1;1
9335;33186.71;50;3.31;1;1
9336;33137.83;50;3.32;1;1
9337;33186.71;50;3.31;1;1
9338;33137.83;50;3.32;1;1
9339;33186.71;50;3.31;1;1
9340;33137.83;50;3.32;1;1
9341;33186.71;50;3.31;1;1
9342;33137.83;50;3.32;1;1
9343;33186.71;50;3.31;1;1
9344;33137.83;50;3.32;1;1
9345;33186.71;50;3.31;1;1
9346;33137.83;50;3.32;1;1
9347;33186.71;50;3.31;1;1
9348;33137.83;50;3.32;1;1
9349;33186.71;50;3.31;1;1
9350;33137.83;50;3.32;1;1
9351;33186.71;50;3.31;1;1
9352;33137.83;50;3.32;1;1
9353;33137.83;50;3.31;1;1
9354;33137.83;50;3.31;1;1
9355;33186.71;50;3.31;1;1
9356;33137.83;50;3.32;1;1
9357;33186.71;50;3.31;1;1
9358;33137.83;50;3.32;1;1
9359;33186.71;50;3.31;1;1
9360;33137.83;50;3.32;1;1
9361;33186.71;50;3.31;1;1
9362;33137.83;50;3.32;1;1
9363;33186.71;50;3.31;1;1
9364;33137.83;50;3.32;1;1
9365;33137.83;50;3.31;1;1
9366;33137.83;50;3.31;1;1
9367;33137.83;50;3.31;1;1
9368;33137.83;50;3.31;1;1
9369;33137.83;50;3.31;1;1
9370;33137.83;50;3.31;1;1
9371;33137.83;50;3.31;1;1
9372;33137.83;50;3.31;1;1
9373;33137.83;50;3.31;1;1
9374;33137.83;50;3.31;1;1
9375;33137.83;50;3.31;1;1
9376;33137.83;50;3.31;1;1
9377;33137.83;50;3.31;1;1
9378;33137.83;50;3.31;1;1
9379;33137.83;50;3.31;1;1
9380;33137.83;50;3.31;1;1
9381;33137.83;50;3.31;1;1
9382;33137.83;50;3.31;1;1
9383;33137.83;50;3.31;1;1
9384;33137.83;50;3.31;1;1
9385;33137.83;50;3.31;1;1
9386;33137.83;50;3.31;1;1
9387;33137.83;50;3.31;1;1
9388;33137.83;50;3.31;1;1
9389;33137.83;50;3.31;1;1
9390;33137.83;50;3.31;1;1
9391;33137.83;50;3.31;1;1
9392;33137.83;50;3.31;1;1
9393;33137.83;50;3.31;1;1
9394;33137.83;50;3.31;1;1
9395;33137.83;50;3.31;1;1
9396;33137.83;50;3.31;1;1
9397;33137.83;50;3.31;1;1
9398;33137.83;50;3.31;1;1
9399;33137.83;50;3.31;1;1
9400;33137.83;50;3.31;1;1
9401;33137.83;50;3.31;1;1
9402;33137.83;50;3.31;1;1
9403;33137.83;50;3.31;1;1
9404;33137.83;50;3.31;1;1
9405;33137.83;50;3.31;1;1
9406;33137.83;50;3.31;1;1
9407;33137.83;50;3.31;1;1
9408;33137.83;50;3.31;1;1
9409;33137.83;50;3.31;1;1
9410;33137.83;50;3.31;1;1
9411;33137.83;50;3.31;1;1
9412;33137.83;50;3.31;1;1
9413;33137.83;50;3.31;1;1
9414;33186.71;50;3.31;1;1
9415;33088.95;50;3.32;1;1
9416;33186.71;50;3.31;1;1
9417;33137.83;50;3.32;1;1
9418;33186.71;50;3.31;1;1
9419;33137.83;50;3.32;1;1
9420;33186.71;50;3.31;1;1
9421;33137.83;50;3.32;1;1
9422;33186.71;50;3.31;1;1
9423;33137.83;50;3.32;1;1
9424;33186.71;50;3.31;1;1
9425;33137.83;50;3.32;1;1
9426;33186.71;50;3.31;1;1
9427;33137.83;50;3.32;1;1
9428;33137.83;50;3.31;1;1
9429;33137.83;50;3.31;1;1
9430;33186.71;50;3.31;1;1
9431;33137.83;50;3.32;1;1
9432;33186.71;50;3.31;1;1
9433;33137.83;50;3.32;1;1
9434;33137.83;50;3.31;1;1
9435;33137.83;50;3.31;1;1
9436;33186.71;50;3.31;1;1
9437;33137.83;50;3.32;1;1
9438;33186.71;50;3.31;1;1
9439;33137.83;50;3.32;1;1
9440;33186.71;50;3.31;1;1
9441;33137.83;50;3.32;1;1
9442;33137.83;50;3.31;1;1
9443;33137.83;50;3.31;1;1
9444;33186.71;50;3.31;1;1
9445;33137.83;50;3.32;1;1
9446;33186.71;50;3.31;1;1
9447;33137.83;50;3.32;1;1
9448;33137.83;50;3.31;1;1
9449;33137.83;50;3.31;1;1
9450;33137.83;50;3.31;1;1
9451;33137.83;50;3.31;1;1
9452;33186.71;50;3.31;1;1
9453;33088.95;50;3.32;1;1
9454;33137.83;50;3.31;1;1
9455;33137.83;50;3.31;1;1
9456;33137.83;50;3.31;1;1
9457;33137.83;50;3.31;1;1
9458;33137.83;50;3.31;1;1
9459;33137.83;50;3.31;1;1
9460;33186.71;50;3.31;1;1
9461;33137.83;50;3.32;1;1
9462;33137.83;50;3.31;1;1
9463;33137.83;50;3.31;1;1
9464;33137.83;50;3.31;1;1
9465;33137.83;50;3.31;1;1
9466;33137.83;50;3.31;1;1
9467;33137.83;50;3.31;1;1
9468;33137.83;50;3.31;1;1
9469;33137.83;50;3.31;1;1
9470;33137.83;50;3.31;1;1
9471;33137.83;50;3.31;1;1
9472;33137.83;50;3.31;1;1
9473;33137.83;50;3.31;1;1
9474;33137.83;50;3.31;1;1
9475;33137.83;50;3.31;1;1
9476;33137.83;50;3.31;1;1
9477;33137.83;50;3.31;1;1
9478;33137.83;50;3.31;1;1
9479;33137.83;50;3.31;1;1
9480;33137.83;50;3.31;1;1
9481;33137.83;50;3.31;1;1
9482;33137.83;50;3.31;1;1
9483;33137.83;50;3.31;1;1
9484;33137.83;50;3.31;1;1
9485;33137.83;50;3.31;1;1
9486;33137.83;50;3.31;1;1
9487;33137.83;50;3.31;1;1
9488;33137.83;50;3.31;1;1
9489;33137.83;50;3.31;1;1
9490;33137.83;50;3.31;1;1
9491;33137.83;50;3.31;1;1
9492;33137.83;50;3.31;1;1
9493;33137.83;50;3.31;1;1
9494;33137.83;50;3.31;1;1
9495;33137.83;50;3.31;1;1
9496;33137.83;50;3.31;1;1
9497;33137.83;50;3.31;1;1
9498;33137.83;50;3.31;1;1
9499;33137.83;50;3.31;1;1
9500;33137.83;50;3.31;1;1
9501;33137.83;50;3.31;1;1
9502;33137.83;50;3.31;1;1
9503;33137.83;50;3.31;1;1
9504;33137.83;50;3.31;1;1
9505;33137.83;50;3.31;1;1
9506;33137.83;50;3.31;1;1
9507;33137.83;50;3.31;1;1
9508;33137.83;50;3.31;1;1
9509;33137.83;50;3.31;1;1
9510;33137.83;50;3.31;1;1
9511;33137.83;50;3.31;1;1
9512;33137.83;50;3.31;1;1
9513;33137.83;50;3.31;1;1
9514;33137.83;50;3.31;1;1
9515;33137.83;50;3.31;1;1
9516;33088.95;50;3.31;1;1
9517;33137.83;50;3.31;1;1
9518;33137.83;50;3.31;1;1
9519;33137.83;50;3.31;1;1
9520;33137.83;50;3.31;1;1
9521;33137.83;50;3.31;1;1
9522;33088.95;50;3.31;1;1
9523;33137.83;50;3.31;1;1
9524;33137.83;50;3.31;1;1
9525;33137.83;50;3.31;1;1
9526;33088.95;50;3.31;1;1
9527;33137.83;50;3.31;1;1
9528;33137.83;50;3.31;1;1
9529;33137.83;50;3.31;1;1
9530;33088.95;50;3.31;1;1
9531;33137.83;50;3.31;1;1
9532;33088.95;50;3.31;1;1
9533;33137.83;50;3.31;1;1
9534;33137.83;50;3.31;1;1
9535;33137.83;50;3.31;1;1
9536;33088.95;50;3.31;1;1
9537;33137.83;50;3.31;1;1
9538;33137.83;50;3.31;1;1
9539;33137.83;50;3.31;1;1
9540;33137.83;50;3.31;1;1
9541;33137.83;50;3.31;1;1
9542;33088.95;50;3.31;1;1
9543;33137.83;50;3.31;1;1
9544;33088.95;50;3.31;1;1
9545;33137.83;50;3.31;1;1
9546;33088.95;50;3.31;1;1
9547;33137.83;50;3.31;1;1
9548;33137.83;50;3.31;1;1
9549;33137.83;50;3.31;1;1
9550;33137.83;50;3.31;1;1
9551;33137.83;50;3.31;1;1
9552;33088.95;50;3.31;1;1
9553;33137.83;50;3.31;1;1
9554;33137.83;50;3.31;1;1
9555;33137.83;50;3.31;1;1
9556;33137.83;50;3.31;1;1
9557;33137.83;50;3.31;1;1
9558;33088.95;50;3.31;1;1
9559;33137.83;50;3.31;1;1
9560;33137.83;50;3.31;1;1
9561;33137.83;50;3.31;1;1
9562;33088.95;50;3.31;1;1
9563;33137.83;50;3.31;1;1
9564;33088.95;50;3.31;1;1
9565;33137.83;50;3.31;1;1
9566;33137.83;50;3.31;1;1
9567;33137.83;50;3.31;1;1
9568;33088.95;50;3.31;1;1
9569;33137.83;50;3.31;1;1
9570;33137.83;50;3.31;1;1
9571;33137.83;50;3.31;1;1
9572;33088.95;50;3.31;1;1
9573;33137.83;50;3.31;1;1
9574;33137.83;50;3.31;1;1
9575;33137.83;50;3.31;1;1
9576;33137.83;50;3.31;1;1
9577;33137.83;50;3.31;1;1
9578;33137.83;50;3.31;1;1
9579;33137.83;50;3.31;1;1
9580;33137.83;50;3.31;1;1
9581;33088.95;50;3.31;1;1
9582;33137.83;50;3.31;1;1
9583;33137.83;50;3.31;1;1
9584;33137.83;50;3.31;1;1
9585;33137.83;50;3.31;1;1
9586;33137.83;50;3.31;1;1
9587;33137.83;50;3.31;1;1
9588;33137.83;50;3.31;1;1
9589;33088.95;50;3.31;1;1
9590;33137.83;50;3.31;1;1
9591;33137.83;50;3.31;1;1
9592;33137.83;50;3.31;1;1
9593;33088.95;50;3.31;1;1
9594;33137.83;50;3.31;1;1
9595;33088.95;50;3.31;1;1
9596;33137.83;50;3.31;1;1
9597;33137.83;50;3.31;1;1
9598;33137.83;50;3.31;1;1
9599;33088.95;50;3.31;1;1
9600;33137.83;50;3.31;1;1
9601;33137.83;50;3.31;1;1
9602;33137.83;50;3.31;1;1
9603;33088.95;50;3.31;1;1
9604;33137.83;50;3.31;1;1
9605;33137.83;50;3.31;1;1
9606;33137.83;50;3.31;1;1
9607;33137.83;50;3.31;1;1
9608;33137.83;50;3.31;1;1
9609;33137.83;50;3.31;1;1
9610;33137.83;50;3.31;1;1
9611;33088.95;50;3.31;1;1
9612;33137.83;50;3.31;1;1
9613;33137.83;50;3.31;1;1
9614;33137.83;50;3.31;1;1
9615;33137.83;50;3.31;1;1
9616;33137.83;50;3.31;1;1
9617;33088.95;50;3.31;1;1
9618;33137.83;50;3.31;1;1
9619;33137.83;50;3.31;1;1
9620;33137.83;50;3.31;1;1
9621;33088.95;50;3.31;1;1
9622;33137.83;50;3.31;1;1
9623;33088.95;50;3.31;1;1
9624;33137.83;50;3.31;1;1
9625;33137.83;50;3.31;1;1
9626;33137.83;50;3.31;1;1
9627;33088.95;50;3.31;1;1
9628;33137.83;50;3.31;1;1
9629;33088.95;50;3.31;1;1
9630;33137.83;50;3.31;1;1
9631;33088.95;50;3.31;1;1
9632;33137.83;50;3.31;1;1
9633;33088.95;50;3.31;1;1
9634;33137.83;50;3.31;1;1
9635;33137.83;50;3.31;1;1
9636;33137.83;50;3.31;1;1
9637;33137.83;50;3.31;1;1
9638;33137.83;50;3.31;1;1
9639;33088.95;50;3.31;1;1
9640;33137.83;50;3.31;1;1
9641;33088.95;50;3.31;1;1
9642;33137.83;50;3.31;1;1
9643;33088.95;50;3.31;1;1
9644;33137.83;50;3.31;1;1
9645;33088.95;50;3.31;1;1
9646;33137.83;50;3.31;1;1
9647;33137.83;50;3.31;1;1
9648;33137.83;50;3.31;1;1
9649;33137.83;50;3.31;1;1
9650;33137.83;50;3.31;1;1
9651;33137.83;50;3.31;1;1
9652;33137.83;50;3.31;1;1
9653;33137.83;50;3.31;1;1
9654;33137.83;50;3.31;1;1
9655;33137.83;50;3.31;1;1
9656;33137.83;50;3.31;1;1
9657;33137.83;50;3.31;1;1
9658;33137.83;50;3.31;1;1
9659;33137.83;50;3.31;1;1
9660;33137.83;50;3.31;1;1
9661;33137.83;50;3.31;1;1
9662;33137.83;50;3.31;1;1
9663;33088.95;50;3.31;1;1
9664;33137.83;50;3.31;1;1
9665;33088.95;50;3.31;1;1
9666;33137.83;50;3.31;1;1
9667;33137.83;50;3.31;1;1
9668;33137.83;50;3.31;1;1
9669;33088.95;50;3.31;1;1
9670;33137.83;50;3.31;1;1
9671;33137.83;50;3.31;1;1
9672;33137.83;50;3.31;1;1
9673;33137.83;50;3.31;1;1
9674;33137.83;50;3.31;1;1
9675;33137.83;50;3.31;1;1
9676;33137.83;50;3.31;1;1
9677;33137.83;50;3.31;1;1
9678;33137.83;50;3.31;1;1
9679;33088.95;50;3.31;1;1
9680;33137.83;50;3.31;1;1
9681;33137.83;50;3.31;1;1
9682;33137.83;50;3.31;1;1
9683;33137.83;50;3.31;1;1
9684;33137.83;50;3.31;1;1
9685;33137.83;50;3.31;1;1
9686;33137.83;50;3.31;1;1
9687;33137.83;50;3.31;1;1
9688;33137.83;50;3.31;1;1
9689;33137.83;50;3.31;1;1
9690;33137.83;50;3.31;1;1
9691;33137.83;50;3.31;1;1
9692;33137.83;50;3.31;1;1
9693;33137.83;50;3.31;1;1
9694;33137.83;50;3.31;1;1
9695;33137.83;50;3.31;1;1
9696;33137.83;50;3.31;1;1
9697;33137.83;50;3.31;1;1
9698;33137.83;50;3.31;1;1
9699;33137.83;50;3.31;1;1
9700;33137.83;50;3.31;1;1
9701;33137.83;50;3.31;1;1
9702;33137.83;50;3.31;1;1
9703;33137.83;50;3.31;1;1
9704;33088.95;50;3.31;1;1
9705;33137.83;50;3.31;1;1
9706;33137.83;50;3.31;1;1
9707;33137.83;50;3.31;1;1
9708;33088.95;50;3.31;1;1
9709;33137.83;50;3.31;1;1
9710;33137.83;50;3.31;1;1
9711;33137.83;50;3.31;1;1
9712;33088.95;50;3.31;1;1
9713;33137.83;50;3.31;1;1
9714;33088.95;50;3.31;1;1
9715;33137.83;50;3.31;1;1
9716;33088.95;50;3.31;1;1
9717;33137.83;50;3.31;1;1
9718;33088.95;50;3.31;1;1
9719;33137.83;50;3.31;1;1
9720;33137.83;50;3.31;1;1
9721;33137.83;50;3.31;1;1
9722;33137.83;50;3.31;1;1
9723;33137.83;50;3.31;1;1
9724;33137.83;50;3.31;1;1
9725;33137.83;50;3.31;1;1
9726;33088.95;50;3.31;1;1
9727;33137.83;50;3.31;1;1
9728;33088.95;50;3.31;1;1
9729;33137.83;50;3.31;1;1
9730;33137.83;50;3.31;1;1
9731;33137.83;50;3.31;1;1
9732;33137.83;50;3.31;1;1
9733;33137.83;50;3.31;1;1
9734;33088.95;50;3.31;1;1
9735;33137.83;50;3.31;1;1
9736;33088.95;50;3.31;1;1
9737;33137.83;50;3.31;1;1
9738;33137.83;50;3.31;1;1
9739;33137.83;50;3.31;1;1
9740;33137.83;50;3.31;1;1
9741;33137.83;50;3.31;1;1
9742;33137.83;50;3.31;1;1
9743;33137.83;50;3.31;1;1
9744;33137.83;50;3.31;1;1
9745;33137.83;50;3.31;1;1
9746;33088.95;50;3.31;1;1
9747;33137.83;50;3.31;1;1
9748;33137.83;50;3.31;1;1
9749;33137.83;50;3.31;1;1
9750;33137.83;50;3.31;1;1
9751;33137.83;50;3.31;1;1
9752;33137.83;50;3.31;1;1
9753;33137.83;50;3.31;1;1
9754;33137.83;50;3.31;1;1
9755;33137.83;50;3.31;1;1
9756;33088.95;50;3.31;1;1
9757;33137.83;50;3.31;1;1
9758;33137.83;50;3.31;1;1
9759;33137.83;50;3.31;1;1
9760;33137.83;50;3.31;1;1
9761;33137.83;50;3.31;1;1
9762;33137.83;50;3.31;1;1
9763;33137.83;50;3.31;1;1
9764;33137.83;50;3.31;1;1
9765;33137.83;50;3.31;1;1
9766;33088.95;50;3.31;1;1
9767;33137.83;50;3.31;1;1
9768;33137.83;50;3.31;1;1
9769;33137.83;50;3.31;1;1
9770;33137.83;50;3.31;1;1
9771;33137.83;50;3.31;1;1
9772;33137.83;50;3.31;1;1
9773;33137.83;50;3.31;1;1
9774;33137.83;50;3.31;1;1
9775;33137.83;50;3.31;1;1
9776;33137.83;50;3.31;1;1
9777;33137.83;50;3.31;1;1
9778;33137.83;50;3.31;1;1
9779;33137.83;50;3.31;1;1
9780;33137.83;50;3.31;1;1
9781;33137.83;50;3.31;1;1
9782;33137.83;50;3.31;1;1
9783;33137.83;50;3.31;1;1
9784;33137.83;50;3.31;1;1
9785;33137.83;50;3.31;1;1
9786;33137.83;50;3.31;1;1
9787;33137.83;50;3.31;1;1
9788;33137.83;50;3.31;1;1
9789;33137.83;50;3.31;1;1
9790;33137.83;50;3.31;1;1
9791;33137.83;50;3.31;1;1
9792;33137.83;50;3.31;1;1
9793;33137.83;50;3.31;1;1
9794;33137.83;50;3.31;1;1
9795;33137.83;50;3.31;1;1
9796;33137.83;50;3.31;1;1
9797;33137.83;50;3.31;1;1
9798;33137.83;50;3.31;1;1
9799;33137.83;50;3.31;1;1
9800;33137.83;50;3.31;1;1
9801;33137.83;50;3.31;1;1
9802;33137.83;50;3.31;1;1
9803;33137.83;50;3.31;1;1
9804;33137.83;50;3.31;1;1
9805;33137.83;50;3.31;1;1
9806;33137.83;50;3.31;1;1
9807;33137.83;50;3.31;1;1
9808;33137.83;50;3.31;1;1
9809;33137.83;50;3.31;1;1
9810;33137.83;50;3.31;1;1
9811;33137.83;50;3.31;1;1
9812;33137.83;50;3.31;1;1
9813;33137.83;50;3.31;1;1
9814;33137.83;50;3.31;1;1
9815;33137.83;50;3.31;1;1
9816;33137.83;50;3.31;1;1
9817;33137.83;50;3.31;1;1
9818;33137.83;50;3.31;1;1
9819;33137.83;50;3.31;1;1
9820;33137.83;50;3.31;1;1
9821;33137.83;50;3.31;1;1
9822;33137.83;50;3.31;1;1
9823;33137.83;50;3.31;1;1
9824;33137.83;50;3.31;1;1
9825;33137.83;50;3.31;1;1
9826;33137.83;50;3.31;1;1
9827;33137.83;50;3.31;1;1
9828;33137.83;50;3.31;1;1
9829;33137.83;50;3.31;1;1
9830;33137.83;50;3.31;1;1
9831;33137.83;50;3.31;1;1
9832;33137.83;50;3.31;1;1
9833;33137.83;50;3.31;1;1
9834;33137.83;50;3.31;1;1
9835;33137.83;50;3.31;1;1
9836;33137.83;50;3.31;1;1
9837;33088.95;50;3.31;1;1
9838;33137.83;50;3.31;1;1
9839;33088.95;50;3.31;1;1
9840;33137.83;50;3.31;1;1
9841;33137.83;50;3.31;1;1
9842;33137.83;50;3.31;1;1
9843;33088.95;50;3.31;1;1
9844;33137.83;50;3.31;1;1
9845;33088.95;50;3.31;1;1
9846;33137.83;50;3.31;1;1
9847;33137.83;50;3.31;1;1
9848;33137.83;50;3.31;1;1
9849;33137.83;50;3.31;1;1
9850;33137.83;50;3.31;1;1
9851;33137.83;50;3.31;1;1
9852;33137.83;50;3.31;1;1
9853;33088.95;50;3.31;1;1
9854;33137.83;50;3.31;1;1
9855;33137.83;50;3.31;1;1
9856;33137.83;50;3.31;1;1
9857;33088.95;50;3.31;1;1
9858;33137.83;50;3.31;1;1
9859;33088.95;50;3.31;1;1
9860;33137.83;50;3.31;1;1
9861;33088.95;50;3.31;1;1
9862;33137.83;50;3.31;1;1
9863;33088.95;50;3.31;1;1
9864;33137.83;50;3.31;1;1
9865;33137.83;50;3.31;1;1
9866;33137.83;50;3.31;1;1
9867;33137.83;50;3.31;1;1
9868;33137.83;50;3.31;1;1
9869;33088.95;50;3.31;1;1
9870;33137.83;50;3.31;1;1
9871;33137.83;50;3.31;1;1
9872;33137.83;50;3.31;1;1
9873;33137.83;50;3.31;1;1
9874;33137.83;50;3.31;1;1
9875;33137.83;50;3.31;1;1
9876;33137.83;50;3.31;1;1
9877;33137.83;50;3.31;1;1
9878;33137.83;50;3.31;1;1
9879;33088.95;50;3.31;1;1
9880;33137.83;50;3.31;1;1
9881;33088.95;50;3.31;1;1
9882;33137.83;50;3.31;1;1
9883;33137.83;50;3.31;1;1
9884;33137.83;50;3.31;1;1
9885;33137.83;50;3.31;1;1
9886;33137.83;50;3.31;1;1
9887;33137.83;50;3.31;1;1
9888;33137.83;50;3.31;1;1
9889;33137.83;50;3.31;1;1
9890;33137.83;50;3.31;1;1
9891;33137.83;50;3.31;1;1
9892;33137.83;50;3.31;1;1
9893;33137.83;50;3.31;1;1
9894;33137.83;50;3.31;1;1
9895;33137.83;50;3.31;1;1
9896;33088.95;50;3.31;1;1
9897;33137.83;50;3.31;1;1
9898;33137.83;50;3.31;1;1
9899;33137.83;50;3.31;1;1
9900;33137.83;50;3.31;1;1
9901;33137.83;50;3.31;1;1
9902;33137.83;50;3.31;1;1
9903;33137.83;50;3.31;1;1
9904;33137.83;50;3.31;1;1
9905;33137.83;50;3.31;1;1
9906;33137.83;50;3.31;1;1
9907;33137.83;50;3.31;1;1
9908;33088.95;50;3.31;1;1
9909;33137.83;50;3.31;1;1
9910;33088.95;50;3.31;1;1
9911;33137.83;50;3.31;1;1
9912;33137.83;50;3.31;1;1
9913;33137.83;50;3.31;1;1
9914;33137.83;50;3.31;1;1
9915;33137.83;50;3.31;1;1
9916;33137.83;50;3.31;1;1
9917;33137.83;50;3.31;1;1
9918;33137.83;50;3.31;1;1
9919;33137.83;50;3.31;1;1
9920;33088.95;50;3.31;1;1
9921;33137.83;50;3.31;1;1
9922;33137.83;50;3.31;1;1
9923;33137.83;50;3.31;1;1
9924;33088.95;50;3.31;1;1
9925;33137.83;50;3.31;1;1
9926;33137.83;50;3.31;1;1
9927;33137.83;50;3.31;1;1
9928;33137.83;50;3.31;1;1
9929;33137.83;50;3.31;1;1
9930;33088.95;50;3.31;1;1
9931;33137.83;50;3.31;1;1
9932;33137.83;50;3.31;1;1
9933;33137.83;50;3.31;1;1
9934;33088.95;50;3.31;1;1
9935;33137.83;50;3.31;1;1
9936;33088.95;50;3.31;1;1
9937;33137.83;50;3.31;1;1
9938;33137.83;50;3.31;1;1
9939;33137.83;50;3.31;1;1
9940;33088.95;50;3.31;1;1
9941;33137.83;50;3.31;1;1
9942;33088.95;50;3.31;1;1
9943;33137.83;50;3.31;1;1
9944;33088.95;50;3.31;1;1
9945;33137.83;50;3.31;1;1
9946;33088.95;50;3.31;1;1
9947;33137.83;50;3.31;1;1
9948;33137.83;50;3.31;1;1
9949;33137.83;50;3.31;1;1
9950;33137.83;50;3.31;1;1
9951;33186.71;50;3.31;1;1
9952;33088.95;50;3.32;1;1
9953;33137.83;50;3.31;1;1
9954;33137.83;50;3.31;1;1
9955;33137.83;50;3.31;1;1
9956;33088.95;50;3.31;1;1
9957;33137.83;50;3.31;1;1
9958;33088.95;50;3.31;1;1
9959;33137.83;50;3.31;1;1
9960;33137.83;50;3.31;1;1
9961;33137.83;50;3.31;1;1
9962;33088.95;50;3.31;1;1
9963;33137.83;50;3.31;1;1
9964;33088.95;50;3.31;1;1
9965;33137.83;50;3.31;1;1
9966;33137.83;50;3.31;1;1
9967;33137.83;50;3.31;1;1
9968;33088.95;50;3.31;1;1
9969;33137.83;50;3.31;1;1
9970;33088.95;50;3.31;1;1
9971;33137.83;50;3.31;1;1
9972;33137.83;50;3.31;1;1
9973;33137.83;50;3.31;1;1
9974;33137.83;50;3.31;1;1
9975;33137.83;50;3.31;1;1
9976;33137.83;50;3.31;1;1
9977;33137.83;50;3.31;1;1
9978;33088.95;50;3.31;1;1
9979;33137.83;50;3.31;1;1
9980;33088.95;50;3.31;1;1
9981;33137.83;50;3.31;1;1
9982;33088.95;50;3.31;1;1
9983;33137.83;50;3.31;1;1
9984;33137.83;50;3.31;1;1
9985;33137.83;50;3.31;1;1
9986;33137.83;50;3.31;1;1
9987;33137.83;50;3.31;1;1
9988;33137.83;50;3.31;1;1
9989;33137.83;50;3.31;1;1
9990;33137.83;50;3.31;1;1
9991;33137.83;50;3.31;1;1
9992;33137.83;50;3.31;1;1
9993;33137.83;50;3.31;1;1
9994;33088.95;50;3.31;1;1
9995;33137.83;50;3.31;1;1
9996;33137.83;50;3.31;1;1
9997;33137.83;50;3.31;1;1
9998;33137.83;50;3.31;1;1
9999;33137.83;50;3.31;1;1
10000;33137.83;50;3.31;1;1
10001;33137.83;50;3.31;1;1
10002;33137.83;50;3.31;1;1
10003;33137.83;50;3.31;1;1
10004;33137.83;50;3.31;1;1
10005;33137.83;50;3.31;1;1
10006;33137.83;50;3.31;1;1
10007;33137.83;50;3.31;1;1
10008;33137.83;50;3.31;1;1
10009;33088.95;50;3.31;1;1
10010;33137.83;50;3.31;1;1
10011;33088.95;50;3.31;1;1
10012;33137.83;50;3.31;1;1
10013;33137.83;50;3.31;1;1
10014;33137.83;50;3.31;1;1
10015;33137.83;50;3.31;1;1
10016;33137.83;50;3.31;1;1
10017;33088.95;50;3.31;1;1
10018;33137.83;50;3.31;1;1
10019;33137.83;50;3.31;1;1
10020;33137.83;50;3.31;1;1
10021;33137.83;50;3.31;1;1
10022;33137.83;50;3.31;1;1
10023;33137.83;50;3.31;1;1
10024;33137.83;50;3.31;1;1
10025;33137.83;50;3.31;1;1
10026;33137.83;50;3.31;1;1
10027;33137.83;50;3.31;1;1
10028;33137.83;50;3.31;1;1
10029;33137.83;50;3.31;1;1
10030;33137.83;50;3.31;1;1
10031;33137.83;50;3.31;1;1
10032;33137.83;50;3.31;1;1
10033;33137.83;50;3.31;1;1
10034;33137.83;50;3.31;1;1
10035;33137.83;50;3.31;1;1
10036;33137.83;50;3.31;1;1
10037;33137.83;50;3.31;1;1
10038;33137.83;50;3.31;1;1
10039;33088.95;50;3.31;1;1
10040;33137.83;50;3.31;1;1
10041;33088.95;50;3.31;1;1
10042;33137.83;50;3.31;1;1
10043;33137.83;50;3.31;1;1
10044;33137.83;50;3.31;1;1
10045;33088.95;50;3.31;1;1
10046;33137.83;50;3.31;1;1
10047;33088.95;50;3.31;1;1
10048;33137.83;50;3.31;1;1
10049;33137.83;50;3.31;1;1
10050;33137.83;50;3.31;1;1
10051;33088.95;50;3.31;1;1
10052;33137.83;50;3.31;1;1
10053;33137.83;50;3.31;1;1
10054;33137.83;50;3.31;1;1
10055;33137.83;50;3.31;1;1
10056;33137.83;50;3.31;1;1
10057;33088.95;50;3.31;1;1
10058;33137.83;50;3.31;1;1
10059;33088.95;50;3.31;1;1
10060;33137.83;50;3.31;1;1
10061;33088.95;50;3.31;1;1
10062;33137.83;50;3.31;1;1
10063;33088.95;50;3.31;1;1
10064;33137.83;50;3.31;1;1
10065;33088.95;50;3.31;1;1
10066;33137.83;50;3.31;1;1
10067;33088.95;50;3.31;1;1
10068;33137.83;50;3.31;1;1
10069;33088.95;50;3.31;1;1
10070;33137.83;50;3.31;1;1
10071;33088.95;50;3.31;1;1
10072;33137.83;50;3.31;1;1
10073;33137.83;50;3.31;1;1
10074;33137.83;50;3.31;1;1
10075;33088.95;50;3.31;1;1
10076;33137.83;50;3.31;1;1
10077;33088.95;50;3.31;1;1
10078;33137.83;50;3.31;1;1
10079;33088.95;50;3.31;1;1
10080;33137.83;50;3.31;1;1
10081;33088.95;50;3.31;1;1
10082;33137.83;50;3.31;1;1
10083;33088.95;50;3.31;1;1
10084;33137.83;50;3.31;1;1
10085;33088.95;50;3.31;1;1
10086;33137.83;50;3.31;1;1
10087;33137.83;50;3.31;1;1
10088;33137.83;50;3.31;1;1
10089;33137.83;50;3.31;1;1
10090;33137.83;50;3.31;1;1
10091;33088.95;50;3.31;1;1
10092;33137.83;50;3.31;1;1
10093;33088.95;50;3.31;1;1
10094;33137.83;50;3.31;1;1
10095;33088.95;50;3.31;1;1
10096;33137.83;50;3.31;1;1
10097;33137.83;50;3.31;1;1
10098;33137.83;50;3.31;1;1
10099;33137.83;50;3.31;1;1
10100;33137.83;50;3.31;1;1
10101;33088.95;50;3.31;1;1
10102;33137.83;50;3.31;1;1
10103;33088.95;50;3.31;1;1
10104;33137.83;50;3.31;1;1
10105;33137.83;50;3.31;1;1
10106;33137.83;50;3.31;1;1
10107;33137.83;50;3.31;1;1
10108;33137.83;50;3.31;1;1
10109;33088.95;50;3.31;1;1
10110;33137.83;50;3.31;1;1
10111;33137.83;50;3.31;1;1
10112;33137.83;50;3.31;1;1
10113;33088.95;50;3.31;1;1
10114;33137.83;50;3.31;1;1
10115;33137.83;50;3.31;1;1
10116;33137.83;50;3.31;1;1
10117;33137.83;50;3.31;1;1
10118;33137.83;50;3.31;1;1
10119;33137.83;50;3.31;1;1
10120;33137.83;50;3.31;1;1
10121;33137.83;50;3.31;1;1
10122;33137.83;50;3.31;1;1
10123;33137.83;50;3.31;1;1
10124;33137.83;50;3.31;1;1
10125;33137.83;50;3.31;1;1
10126;33137.83;50;3.31;1;1
10127;33137.83;50;3.31;1;1
10128;33137.83;50;3.31;1;1
10129;33137.83;50;3.31;1;1
10130;33137.83;50;3.31;1;1
10131;33137.83;50;3.31;1;1
10132;33137.83;50;3.31;1;1
10133;33137.83;50;3.31;1;1
10134;33137.83;50;3.31;1;1
10135;33137.83;50;3.31;1;1
10136;33137.83;50;3.31;1;1
10137;33137.83;50;3.31;1;1
10138;33088.95;50;3.31;1;1
10139;33137.83;50;3.31;1;1
10140;33088.95;50;3.31;1;1
10141;33137.83;50;3.31;1;1
10142;33137.83;50;3.31;1;1
10143;33137.83;50;3.31;1;1
10144;33137.83;50;3.31;1;1
10145;33137.83;50;3.31;1;1
10146;33137.83;50;3.31;1;1
10147;33137.83;50;3.31;1;1
10148;33137.83;50;3.31;1;1
10149;33137.83;50;3.31;1;1
10150;33137.83;50;3.31;1;1
10151;33137.83;50;3.31;1;1
10152;33137.83;50;3.31;1;1
10153;33137.83;50;3.31;1;1
10154;33088.95;50;3.31;1;1
10155;33137.83;50;3.31;1;1
10156;33088.95;50;3.31;1;1
10157;33137.83;50;3.31;1;1
10158;33088.95;50;3.31;1;1
10159;33137.83;50;3.31;1;1
10160;33088.95;50;3.31;1;1
10161;33137.83;50;3.31;1;1
10162;33137.83;50;3.31;1;1
10163;33137.83;50;3.31;1;1
10164;33088.95;50;3.31;1;1
10165;33137.83;50;3.31;1;1
10166;33088.95;50;3.31;1;1
10167;33137.83;50;3.31;1;1
10168;33088.95;50;3.31;1;1
10169;33137.83;50;3.31;1;1
10170;33137.83;50;3.31;1;1
10171;33137.83;50;3.31;1;1
10172;33088.95;50;3.31;1;1
10173;33137.83;50;3.31;1;1
10174;33088.95;50;3.31;1;1
10175;33137.83;50;3.31;1;1
10176;33088.95;50;3.31;1;1
10177;33137.83;50;3.31;1;1
10178;33137.83;50;3.31;1;1
10179;33137.83;50;3.31;1;1
10180;33088.95;50;3.31;1;1
10181;33137.83;50;3.31;1;1
10182;33088.95;50;3.31;1;1
10183;33137.83;50;3.31;1;1
10184;33088.95;50;3.31;1;1
10185;33137.83;50;3.31;1;1
10186;33137.83;50;3.31;1;1
10187;33137.83;50;3.31;1;1
10188;33088.95;50;3.31;1;1
10189;33137.83;50;3.31;1;1
10190;33137.83;50;3.31;1;1
10191;33137.83;50;3.31;1;1
10192;33088.95;50;3.31;1;1
10193;33137.83;50;3.31;1;1
10194;33137.83;50;3.31;1;1
10195;33137.83;50;3.31;1;1
10196;33088.95;50;3.31;1;1
10197;33137.83;50;3.31;1;1
10198;33137.83;50;3.31;1;1
10199;33137.83;50;3.31;1;1
10200;33137.83;50;3.31;1;1
10201;33137.83;50;3.31;1;1
10202;33137.83;50;3.31;1;1
10203;33137.83;50;3.31;1;1
10204;33137.83;50;3.31;1;1
10205;33137.83;50;3.31;1;1
10206;33137.83;50;3.31;1;1
10207;33137.83;50;3.31;1;1
10208;33137.83;50;3.31;1;1
10209;33137.83;50;3.31;1;1
10210;33088.95;50;3.31;1;1
10211;33137.83;50;3.31;1;1
10212;33137.83;50;3.31;1;1
10213;33137.83;50;3.31;1;1
10214;33137.83;50;3.31;1;1
10215;33137.83;50;3.31;1;1
10216;33137.83;50;3.31;1;1
10217;33137.83;50;3.31;1;1
10218;33137.83;50;3.31;1;1
10219;33137.83;50;3.31;1;1
10220;33137.83;50;3.31;1;1
10221;33137.83;50;3.31;1;1
10222;33137.83;50;3.31;1;1
10223;33137.83;50;3.31;1;1
10224;33137.83;50;3.31;1;1
10225;33137.83;50;3.31;1;1
10226;33137.83;50;3.31;1;1
10227;33137.83;50;3.31;1;1
10228;33088.95;50;3.31;1;1
10229;33137.83;50;3.31;1;1
10230;33137.83;50;3.31;1;1
10231;33137.83;50;3.31;1;1
10232;33137.83;50;3.31;1;1
10233;33137.83;50;3.31;1;1
10234;33137.83;50;3.31;1;1
10235;33137.83;50;3.31;1;1
10236;33137.83;50;3.31;1;1
10237;33137.83;50;3.31;1;1
10238;33137.83;50;3.31;1;1
10239;33137.83;50;3.31;1;1
10240;33137.83;50;3.31;1;1
10241;33137.83;50;3.31;1;1
10242;33137.83;50;3.31;1;1
10243;33137.83;50;3.31;1;1
10244;33137.83;50;3.31;1;1
10245;33137.83;50;3.31;1;1
10246;33137.83;50;3.31;1;1
10247;33137.83;50;3.31;1;1
10248;33137.83;50;3.31;1;1
10249;33088.95;50;3.31;1;1
10250;33137.83;50;3.31;1;1
10251;33137.83;50;3.31;1;1
10252;33137.83;50;3.31;1;1
10253;33088.95;50;3.31;1;1
10254;33137.83;50;3.31;1;1
10255;33088.95;50;3.31;1;1
10256;33137.83;50;3.31;1;1
10257;33088.95;50;3.31;1;1
10258;33137.83;50;3.31;1;1
10259;33088.95;50;3.31;1;1
10260;33137.83;50;3.31;1;1
10261;33088.95;50;3.31;1;1
10262;33137.83;50;3.31;1;1
10263;33137.83;50;3.31;1;1
10264;33137.83;50;3.31;1;1
10265;33137.83;50;3.31;1;1
10266;33137.83;50;3.31;1;1
10267;33137.83;50;3.31;1;1
10268;33137.83;50;3.31;1;1
10269;33137.83;50;3.31;1;1
10270;33137.83;50;3.31;1;1
10271;33088.95;50;3.31;1;1
10272;33137.83;50;3.31;1;1
10273;33088.95;50;3.31;1;1
10274;33137.83;50;3.31;1;1
10275;33137.83;50;3.31;1;1
10276;33137.83;50;3.31;1;1
10277;33137.83;50;3.31;1;1
10278;33137.83;50;3.31;1;1
10279;33137.83;50;3.31;1;1
10280;33137.83;50;3.31;1;1
10281;33088.95;50;3.31;1;1
10282;33137.83;50;3.31;1;1
10283;33137.83;50;3.31;1;1
10284;33137.83;50;3.31;1;1
10285;33088.95;50;3.31;1;1
10286;33137.83;50;3.31;1;1
10287;33137.83;50;3.31;1;1
10288;33137.83;50;3.31;1;1
10289;33137.83;50;3.31;1;1
10290;33137.83;50;3.31;1;1
10291;33137.83;50;3.31;1;1
10292;33137.83;50;3.31;1;1
10293;33137.83;50;3.31;1;1
10294;33137.83;50;3.31;1;1
10295;33137.83;50;3.31;1;1
10296;33137.83;50;3.31;1;1
10297;33137.83;50;3.31;1;1
10298;33137.83;50;3.31;1;1
10299;33137.83;50;3.31;1;1
10300;33137.83;50;3.31;1;1
10301;33137.83;50;3.31;1;1
10302;33137.83;50;3.31;1;1
10303;33137.83;50;3.31;1;1
10304;33088.95;50;3.31;1;1
10305;33137.83;50;3.31;1;1
10306;33137.83;50;3.31;1;1
10307;33137.83;50;3.31;1;1
10308;33137.83;50;3.31;1;1
10309;33137.83;50;3.31;1;1
10310;33137.83;50;3.31;1;1
10311;33137.83;50;3.31;1;1
10312;33137.83;50;3.31;1;1
10313;33137.83;50;3.31;1;1
10314;33137.83;50;3.31;1;1
10315;33137.83;50;3.31;1;1
10316;33088.95;50;3.31;1;1
10317;33137.83;50;3.31;1;1
10318;33137.83;50;3.31;1;1
10319;33137.83;50;3.31;1;1
10320;33088.95;50;3.31;1;1
10321;33137.83;50;3.31;1;1
10322;33088.95;50;3.31;1;1
10323;33137.83;50;3.31;1;1
10324;33137.83;50;3.31;1;1
10325;33137.83;50;3.31;1;1
10326;33088.95;50;3.31;1;1
10327;33137.83;50;3.31;1;1
10328;33088.95;50;3.31;1;1
10329;33137.83;50;3.31;1;1
10330;33088.95;50;3.31;1;1
10331;33137.83;50;3.31;1;1
10332;33088.95;50;3.31;1;1
10333;33137.83;50;3.31;1;1
10334;33088.95;50;3.31;1;1
10335;33137.83;50;3.31;1;1
10336;33088.95;50;3.31;1;1
10337;33137.83;50;3.31;1;1
10338;33088.95;50;3.31;1;1
10339;33137.83;50;3.31;1;1
10340;33137.83;50;3.31;1;1
10341;33137.83;50;3.31;1;1
10342;33137.83;50;3.31;1;1
10343;33137.83;50;3.31;1;1
10344;33137.83;50;3.31;1;1
10345;33137.83;50;3.31;1;1
10346;33088.95;50;3.31;1;1
10347;33137.83;50;3.31;1;1
10348;33137.83;50;3.31;1;1
10349;33137.83;50;3.31;1;1
10350;33137.83;50;3.31;1;1
10351;33137.83;50;3.31;1;1
10352;33137.83;50;3.31;1;1
10353;33137.83;50;3.31;1;1
10354;33137.83;50;3.31;1;1
10355;33137.83;50;3.31;1;1
10356;33137.83;50;3.31;1;1
10357;33137.83;50;3.31;1;1
10358;33137.83;50;3.31;1;1
10359;33137.83;50;3.31;1;1
10360;33088.95;50;3.31;1;1
10361;33137.83;50;3.31;1;1
10362;33137.83;50;3.31;1;1
10363;33137.83;50;3.31;1;1
10364;33137.83;50;3.31;1;1
10365;33137.83;50;3.31;1;1
10366;33137.83;50;3.31;1;1
10367;33137.83;50;3.31;1;1
10368;33088.95;50;3.31;1;1
10369;33137.83;50;3.31;1;1
10370;33137.83;50;3.31;1;1
10371;33137.83;50;3.31;1;1
10372;33137.83;50;3.31;1;1
10373;33137.83;50;3.31;1;1
10374;33137.83;50;3.31;1;1
10375;33137.83;50;3.31;1;1
10376;33088.95;50;3.31;1;1
10377;33137.83;50;3.31;1;1
10378;33137.83;50;3.31;1;1
10379;33137.83;50;3.31;1;1
10380;33088.95;50;3.31;1;1
10381;33137.83;50;3.31;1;1
10382;33137.83;50;3.31;1;1
10383;33137.83;50;3.31;1;1
10384;33137.83;50;3.31;1;1
10385;33137.83;50;3.31;1;1
10386;33137.83;50;3.31;1;1
10387;33137.83;50;3.31;1;1
10388;33137.83;50;3.31;1;1
10389;33137.83;50;3.31;1;1
10390;33137.83;50;3.31;1;1
10391;33137.83;50;3.31;1;1
10392;33137.83;50;3.31;1;1
10393;33137.83;50;3.31;1;1
10394;33088.95;50;3.31;1;1
10395;33137.83;50;3.31;1;1
10396;33137.83;50;3.31;1;1
10397;33088.95;50;3.31;1;1
10398;33137.83;50;3.31;1;1
10399;33137.83;50;3.31;1;1
10400;33137.83;50;3.31;1;1
10401;33137.83;50;3.31;1;1
10402;33137.83;50;3.31;1;1
10403;33137.83;50;3.31;1;1
10404;33137.83;50;3.31;1;1
10405;33137.83;50;3.31;1;1
10406;33137.83;50;3.31;1;1
10407;33137.83;50;3.31;1;1
10408;33137.83;50;3.31;1;1
10409;33088.95;50;3.31;1;1
10410;33137.83;50;3.31;1;1
10411;33137.83;50;3.31;1;1
10412;33137.83;50;3.31;1;1
10413;33137.83;50;3.31;1;1
10414;33137.83;50;3.31;1;1
10415;33137.83;50;3.31;1;1
10416;33137.83;50;3.31;1;1
10417;33137.83;50;3.31;1;1
10418;33137.83;50;3.31;1;1
10419;33137.83;50;3.31;1;1
10420;33137.83;50;3.31;1;1
10421;33088.95;50;3.31;1;1
10422;33137.83;50;3.31;1;1
10423;33137.83;50;3.31;1;1
10424;33137.83;50;3.31;1;1
10425;33088.95;50;3.31;1;1
10426;33137.83;50;3.31;1;1
10427;33137.83;50;3.31;1;1
10428;33137.83;50;3.31;1;1
10429;33088.95;50;3.31;1;1
10430;33137.83;50;3.31;1;1
10431;33088.95;50;3.31;1;1
10432;33137.83;50;3.31;1;1
10433;33088.95;50;3.31;1;1
10434;33137.83;50;3.31;1;1
10435;33088.95;50;3.31;1;1
10436;33137.83;50;3.31;1;1
10437;33088.95;50;3.31;1;1
10438;33137.83;50;3.31;1;1
10439;33137.83;50;3.31;1;1
10440;33137.83;50;3.31;1;1
10441;33137.83;50;3.31;1;1
10442;33137.83;50;3.31;1;1
10443;33088.95;50;3.31;1;1
10444;33137.83;50;3.31;1;1
10445;33137.83;50;3.31;1;1
10446;33186.71;50;3.31;1;1
10447;33137.83;50;3.32;1;1
10448;33137.83;50;3.31;1;1
10449;33137.83;50;3.31;1;1
10450;33137.83;50;3.31;1;1
10451;33137.83;50;3.31;1;1
10452;33137.83;50;3.31;1;1
10453;33137.83;50;3.31;1;1
10454;33137.83;50;3.31;1;1
10455;33088.95;50;3.31;1;1
10456;33137.83;50;3.31;1;1
10457;33137.83;50;3.31;1;1
10458;33137.83;50;3.31;1;1
10459;33137.83;50;3.31;1;1
10460;33137.83;50;3.31;1;1
10461;33137.83;50;3.31;1;1
10462;33137.83;50;3.31;1;1
10463;33137.83;50;3.31;1;1
10464;33137.83;50;3.31;1;1
10465;33137.83;50;3.31;1;1
10466;33137.83;50;3.31;1;1
10467;33137.83;50;3.31;1;1
10468;33137.83;50;3.31;1;1
10469;33137.83;50;3.31;1;1
10470;33137.83;50;3.31;1;1
10471;33137.83;50;3.31;1;1
10472;33137.83;50;3.31;1;1
10473;33137.83;50;3.31;1;1
10474;33137.83;50;3.31;1;1
10475;33137.83;50;3.31;1;1
10476;33137.83;50;3.31;1;1
10477;33137.83;50;3.31;1;1
10478;33137.83;50;3.31;1;1
10479;33137.83;50;3.31;1;1
10480;33137.83;50;3.31;1;1
10481;33137.83;50;3.31;1;1
10482;33137.83;50;3.31;1;1
10483;33137.83;50;3.31;1;1
10484;33137.83;50;3.31;1;1
10485;33137.83;50;3.31;1;1
10486;33137.83;50;3.31;1;1
10487;33137.83;50;3.31;1;1
10488;33137.83;50;3.31;1;1
10489;33137.83;50;3.31;1;1
10490;33137.83;50;3.31;1;1
10491;33137.83;50;3.31;1;1
10492;33137.83;50;3.31;1;1
10493;33137.83;50;3.31;1;1
10494;33137.83;50;3.31;1;1
10495;33137.83;50;3.31;1;1
10496;33137.83;50;3.31;1;1
10497;33137.83;50;3.31;1;1
10498;33137.83;50;3.31;1;1
10499;33137.83;50;3.31;1;1
10500;33137.83;50;3.31;1;1
10501;33137.83;50;3.31;1;1
10502;33137.83;50;3.31;1;1
10503;33137.83;50;3.31;1;1
10504;33137.83;50;3.31;1;1
10505;33137.83;50;3.31;1;1
10506;33137.83;50;3.31;1;1
10507;33137.83;50;3.31;1;1
10508;33137.83;50;3.31;1;1
10509;33137.83;50;3.31;1;1
10510;33137.83;50;3.31;1;1
10511;33137.83;50;3.31;1;1
10512;33137.83;50;3.31;1;1
10513;33137.83;50;3.31;1;1
10514;33137.83;50;3.31;1;1
10515;33137.83;50;3.31;1;1
10516;33137.83;50;3.31;1;1
10517;33137.83;50;3.31;1;1
10518;33137.83;50;3.31;1;1
10519;33137.83;50;3.31;1;1
10520;33137.83;50;3.31;1;1
10521;33137.83;50;3.31;1;1
10522;33137.83;50;3.31;1;1
10523;33186.71;50;3.31;1;1
10524;33137.83;50;3.32;1;1
10525;33186.71;50;3.31;1;1
10526;33137.83;50;3.32;1;1
10527;33186.71;50;3.31;1;1
10528;33137.83;50;3.32;1;1
10529;33137.83;50;3.31;1;1
10530;33137.83;50;3.31;1;1
10531;33137.83;50;3.31;1;1
10532;33137.83;50;3.31;1;1
10533;33186.71;50;3.31;1;1
10534;33137.83;50;3.32;1;1
10535;33186.71;50;3.31;1;1
10536;33137.83;50;3.32;1;1
10537;33137.83;50;3.31;1;1
10538;33137.83;50;3.31;1;1
10539;33186.71;50;3.31;1;1
10540;33137.83;50;3.32;1;1
10541;33137.83;50;3.31;1;1
10542;33137.83;50;3.31;1;1
10543;33186.71;50;3.31;1;1
10544;33137.83;50;3.32;1;1
10545;33186.71;50;3.31;1;1
10546;33088.95;50;3.32;1;1
10547;33137.83;50;3.31;1;1
10548;33088.95;50;3.31;1;1
10549;33137.83;50;3.31;1;1
10550;33137.83;50;3.31;1;1
10551;33186.71;50;3.31;1;1
10552;33137.83;50;3.32;1;1
10553;33137.83;50;3.31;1;1
10554;33137.83;50;3.31;1;1
10555;33137.83;50;3.31;1;1
10556;33137.83;50;3.31;1;1
10557;33137.83;50;3.31;1;1
10558;33137.83;50;3.31;1;1
10559;33137.83;50;3.31;1;1
10560;33088.95;50;3.31;1;1
10561;33186.71;50;3.31;1;1
10562;33137.83;50;3.32;1;1
10563;33137.83;50;3.31;1;1
10564;33137.83;50;3.31;1;1
10565;33137.83;50;3.31;1;1
10566;33137.83;50;3.31;1;1
10567;33186.71;50;3.31;1;1
10568;33137.83;50;3.32;1;1
10569;33137.83;50;3.31;1;1
10570;33137.83;50;3.31;1;1
10571;33137.83;50;3.31;1;1
10572;33137.83;50;3.31;1;1
10573;33137.83;50;3.31;1;1
10574;33137.83;50;3.31;1;1
10575;33137.83;50;3.31;1;1
10576;33137.83;50;3.31;1;1
10577;33137.83;50;3.31;1;1
10578;33137.83;50;3.31;1;1
10579;33137.83;50;3.31;1;1
10580;33137.83;50;3.31;1;1
10581;33186.71;50;3.31;1;1
10582;33137.83;50;3.32;1;1
10583;33137.83;50;3.31;1;1
10584;33137.83;50;3.31;1;1
10585;33137.83;50;3.31;1;1
10586;33137.83;50;3.31;1;1
10587;33137.83;50;3.31;1;1
10588;33137.83;50;3.31;1;1
10589;33137.83;50;3.31;1;1
10590;33137.83;50;3.31;1;1
10591;33137.83;50;3.31;1;1
10592;33137.83;50;3.31;1;1
10593;33137.83;50;3.31;1;1
10594;33137.83;50;3.31;1;1
10595;33137.83;50;3.31;1;1
10596;33137.83;50;3.31;1;1
10597;33137.83;50;3.31;1;1
10598;33137.83;50;3.31;1;1
10599;33137.83;50;3.31;1;1
10600;33137.83;50;3.31;1;1
10601;33137.83;50;3.31;1;1
10602;33137.83;50;3.31;1;1
10603;33137.83;50;3.31;1;1
10604;33137.83;50;3.31;1;1
10605;33137.83;50;3.31;1;1
10606;33137.83;50;3.31;1;1
10607;33137.83;50;3.31;1;1
10608;33137.83;50;3.31;1;1
10609;33137.83;50;3.31;1;1
10610;33137.83;50;3.31;1;1
10611;33137.83;50;3.31;1;1
10612;33137.83;50;3.31;1;1
10613;33137.83;50;3.31;1;1
10614;33137.83;50;3.31;1;1
10615;33137.83;50;3.31;1;1
10616;33137.83;50;3.31;1;1
10617;33137.83;50;3.31;1;1
10618;33137.83;50;3.31;1;1
10619;33137.83;50;3.31;1;1
10620;33137.83;50;3.31;1;1
10621;33137.83;50;3.31;1;1
10622;33137.83;50;3.31;1;1
10623;33137.83;50;3.31;1;1
10624;33137.83;50;3.31;1;1
10625;33137.83;50;3.31;1;1
10626;33137.83;50;3.31;1;1
10627;33137.83;50;3.31;1;1
10628;33186.71;50;3.31;1;1
10629;33137.83;50;3.32;1;1
10630;33137.83;50;3.31;1;1
10631;33137.83;50;3.31;1;1
10632;33137.83;50;3.31;1;1
10633;33137.83;50;3.31;1;1
10634;33137.83;50;3.31;1;1
10635;33137.83;50;3.31;1;1
10636;33137.83;50;3.31;1;1
10637;33137.83;50;3.31;1;1
10638;33137.83;50;3.31;1;1
10639;33088.95;50;3.31;1;1
10640;33137.83;50;3.31;1;1
10641;33137.83;50;3.31;1;1
10642;33137.83;50;3.31;1;1
10643;33137.83;50;3.31;1;1
10644;33137.83;50;3.31;1;1
10645;33137.83;50;3.31;1;1
10646;33137.83;50;3.31;1;1
10647;33137.83;50;3.31;1;1
10648;33137.83;50;3.31;1;1
10649;33137.83;50;3.31;1;1
10650;33137.83;50;3.31;1;1
10651;33137.83;50;3.31;1;1
10652;33137.83;50;3.31;1;1
10653;33137.83;50;3.31;1;1
10654;33137.83;50;3.31;1;1
10655;33137.83;50;3.31;1;1
10656;33186.71;50;3.31;1;1
10657;33137.83;50;3.32;1;1
10658;33137.83;50;3.31;1;1
10659;33137.83;50;3.31;1;1
10660;33137.83;50;3.31;1;1
10661;33137.83;50;3.31;1;1
10662;33137.83;50;3.31;1;1
10663;33137.83;50;3.31;1;1
10664;33137.83;50;3.31;1;1
10665;33137.83;50;3.31;1;1
10666;33137.83;50;3.31;1;1
10667;33137.83;50;3.31;1;1
10668;33137.83;50;3.31;1;1
10669;33088.95;50;3.31;1;1
10670;33137.83;50;3.31;1;1
10671;33137.83;50;3.31;1;1
10672;33186.71;50;3.31;1;1
10673;33137.83;50;3.32;1;1
10674;33137.83;50;3.31;1;1
10675;33137.83;50;3.31;1;1
10676;33186.71;50;3.31;1;1
10677;33137.83;50;3.32;1;1
10678;33186.71;50;3.31;1;1
10679;33137.83;50;3.32;1;1
10680;33137.83;50;3.31;1;1
10681;33137.83;50;3.31;1;1
10682;33186.71;50;3.31;1;1
10683;33137.83;50;3.32;1;1
10684;33137.83;50;3.31;1;1
10685;33088.95;50;3.31;1;1
10686;33186.71;50;3.31;1;1
10687;33137.83;50;3.32;1;1
10688;33137.83;50;3.31;1;1
10689;33137.83;50;3.31;1;1
10690;33137.83;50;3.31;1;1
10691;33137.83;50;3.31;1;1
10692;33137.83;50;3.31;1;1
10693;33137.83;50;3.31;1;1
10694;33137.83;50;3.31;1;1
10695;33137.83;50;3.31;1;1
10696;33137.83;50;3.31;1;1
10697;33137.83;50;3.31;1;1
10698;33137.83;50;3.31;1;1
10699;33137.83;50;3.31;1;1
10700;33137.83;50;3.31;1;1
10701;33137.83;50;3.31;1;1
10702;33137.83;50;3.31;1;1
10703;33137.83;50;3.31;1;1
10704;33137.83;50;3.31;1;1
10705;33137.83;50;3.31;1;1
10706;33137.83;50;3.31;1;1
10707;33137.83;50;3.31;1;1
10708;33137.83;50;3.31;1;1
10709;33088.95;50;3.31;1;1
10710;33137.83;50;3.31;1;1
10711;33088.95;50;3.31;1;1
10712;33137.83;50;3.31;1;1
10713;33137.83;50;3.31;1;1
10714;33137.83;50;3.31;1;1
10715;33137.83;50;3.31;1;1
10716;33137.83;50;3.31;1;1
10717;33137.83;50;3.31;1;1
10718;33137.83;50;3.31;1;1
10719;33137.83;50;3.31;1;1
10720;33137.83;50;3.31;1;1
10721;33137.83;50;3.31;1;1
10722;33137.83;50;3.31;1;1
10723;33137.83;50;3.31;1;1
10724;33137.83;50;3.31;1;1
10725;33137.83;50;3.31;1;1
10726;33137.83;50;3.31;1;1
10727;33088.95;50;3.31;1;1
10728;33137.83;50;3.31;1;1
10729;33137.83;50;3.31;1;1
10730;33137.83;50;3.31;1;1
10731;33137.83;50;3.31;1;1
10732;33137.83;50;3.31;1;1
10733;33088.95;50;3.31;1;1
10734;33137.83;50;3.31;1;1
10735;33137.83;50;3.31;1;1
10736;33137.83;50;3.31;1;1
10737;33137.83;50;3.31;1;1
10738;33137.83;50;3.31;1;1
10739;33137.83;50;3.31;1;1
10740;33137.83;50;3.31;1;1
10741;33137.83;50;3.31;1;1
10742;33137.83;50;3.31;1;1
10743;33137.83;50;3.31;1;1
10744;33137.83;50;3.31;1;1
10745;33137.83;50;3.31;1;1
10746;33137.83;50;3.31;1;1
10747;33088.95;50;3.31;1;1
10748;33137.83;50;3.31;1;1
10749;33137.83;50;3.31;1;1
10750;33137.83;50;3.31;1;1
10751;33137.83;50;3.31;1;1
10752;33137.83;50;3.31;1;1
10753;33137.83;50;3.31;1;1
10754;33137.83;50;3.31;1;1
10755;33137.83;50;3.31;1;1
10756;33137.83;50;3.31;1;1
10757;33137.83;50;3.31;1;1
10758;33137.83;50;3.31;1;1
10759;33137.83;50;3.31;1;1
10760;33137.83;50;3.31;1;1
10761;33137.83;50;3.31;1;1
10762;33137.83;50;3.31;1;1
10763;33137.83;50;3.31;1;1
10764;33137.83;50;3.31;1;1
10765;33137.83;50;3.31;1;1
10766;33137.83;50;3.31;1;1
10767;33137.83;50;3.31;1;1
10768;33137.83;50;3.31;1;1
10769;33137.83;50;3.31;1;1
10770;33088.95;50;3.31;1;1
10771;33137.83;50;3.31;1;1
10772;33137.83;50;3.31;1;1
10773;33137.83;50;3.31;1;1
10774;33137.83;50;3.31;1;1
10775;33137.83;50;3.31;1;1
10776;33137.83;50;3.31;1;1
10777;33137.83;50;3.31;1;1
10778;33137.83;50;3.31;1;1
10779;33137.83;50;3.31;1;1
10780;33137.83;50;3.31;1;1
10781;33186.71;50;3.31;1;1
10782;33137.83;50;3.32;1;1
10783;33137.83;50;3.31;1;1
10784;33137.83;50;3.31;1;1
10785;33137.83;50;3.31;1;1
10786;33137.83;50;3.31;1;1
10787;33137.83;50;3.31;1;1
10788;33137.83;50;3.31;1;1
10789;33186.71;50;3.31;1;1
10790;33088.95;50;3.32;1;1
10791;33186.71;50;3.31;1;1
10792;33137.83;50;3.32;1;1
10793;33186.71;50;3.31;1;1
10794;33137.83;50;3.32;1;1
10795;33137.83;50;3.31;1;1
10796;33137.83;50;3.31;1;1
10797;33137.83;50;3.31;1;1
10798;33137.83;50;3.31;1;1
10799;33137.83;50;3.31;1;1
10800;33137.83;50;3.31;1;1
10801;33186.71;50;3.31;1;1
10802;33137.83;50;3.32;1;1
10803;33137.83;50;3.31;1;1
10804;33137.83;50;3.31;1;1
10805;33137.83;50;3.31;1;1
10806;33088.95;50;3.31;1;1
10807;33137.83;50;3.31;1;1
10808;33137.83;50;3.31;1;1
10809;33137.83;50;3.31;1;1
10810;33137.83;50;3.31;1;1
10811;33137.83;50;3.31;1;1
10812;33137.83;50;3.31;1;1
10813;33137.83;50;3.31;1;1
10814;33137.83;50;3.31;1;1
10815;33137.83;50;3.31;1;1
10816;33137.83;50;3.31;1;1
10817;33137.83;50;3.31;1;1
10818;33137.83;50;3.31;1;1
10819;33137.83;50;3.31;1;1
10820;33137.83;50;3.31;1;1
10821;33137.83;50;3.31;1;1
10822;33137.83;50;3.31;1;1
10823;33186.71;50;3.31;1;1
10824;33137.83;50;3.32;1;1
10825;33137.83;50;3.31;1;1
10826;33137.83;50;3.31;1;1
10827;33137.83;50;3.31;1;1
10828;33137.83;50;3.31;1;1
10829;33137.83;50;3.31;1;1
10830;33137.83;50;3.31;1;1
10831;33137.83;50;3.31;1;1
10832;33137.83;50;3.31;1;1
10833;33137.83;50;3.31;1;1
10834;33137.83;50;3.31;1;1
10835;33137.83;50;3.31;1;1
10836;33137.83;50;3.31;1;1
10837;33137.83;50;3.31;1;1
10838;33137.83;50;3.31;1;1
10839;33137.83;50;3.31;1;1
10840;33137.83;50;3.31;1;1
10841;33137.83;50;3.31;1;1
10842;33137.83;50;3.31;1;1
10843;33137.83;50;3.31;1;1
10844;33137.83;50;3.31;1;1
10845;33137.83;50;3.31;1;1
10846;33137.83;50;3.31;1;1
10847;33137.83;50;3.31;1;1
10848;33137.83;50;3.31;1;1
10849;33137.83;50;3.31;1;1
10850;33137.83;50;3.31;1;1
10851;33137.83;50;3.31;1;1
10852;33137.83;50;3.31;1;1
10853;33137.83;50;3.31;1;1
10854;33088.95;50;3.31;1;1
10855;33137.83;50;3.31;1;1
10856;33137.83;50;3.31;1;1
10857;33137.83;50;3.31;1;1
10858;33137.83;50;3.31;1;1
10859;33137.83;50;3.31;1;1
10860;33137.83;50;3.31;1;1
10861;33137.83;50;3.31;1;1
10862;33137.83;50;3.31;1;1
10863;33137.83;50;3.31;1;1
10864;33137.83;50;3.31;1;1
10865;33137.83;50;3.31;1;1
10866;33137.83;50;3.31;1;1
10867;33137.83;50;3.31;1;1
10868;33137.83;50;3.31;1;1
10869;33137.83;50;3.31;1;1
10870;33088.95;50;3.31;1;1
10871;33137.83;50;3.31;1;1
10872;33137.83;50;3.31;1;1
10873;33137.83;50;3.31;1;1
10874;33137.83;50;3.31;1;1
10875;33137.83;50;3.31;1;1
10876;33137.83;50;3.31;1;1
10877;33137.83;50;3.31;1;1
10878;33137.83;50;3.31;1;1
10879;33137.83;50;3.31;1;1
10880;33137.83;50;3.31;1;1
10881;33137.83;50;3.31;1;1
10882;33137.83;50;3.31;1;1
10883;33137.83;50;3.31;1;1
10884;33137.83;50;3.31;1;1
10885;33137.83;50;3.31;1;1
10886;33137.83;50;3.31;1;1
10887;33137.83;50;3.31;1;1
10888;33137.83;50;3.31;1;1
10889;33137.83;50;3.31;1;1
10890;33137.83;50;3.31;1;1
10891;33137.83;50;3.31;1;1
10892;33137.83;50;3.31;1;1
10893;33137.83;50;3.31;1;1
10894;33137.83;50;3.31;1;1
10895;33137.83;50;3.31;1;1
10896;33137.83;50;3.31;1;1
10897;33137.83;50;3.31;1;1
10898;33137.83;50;3.31;1;1
10899;33137.83;50;3.31;1;1
10900;33137.83;50;3.31;1;1
10901;33137.83;50;3.31;1;1
10902;33137.83;50;3.31;1;1
10903;33137.83;50;3.31;1;1
10904;33137.83;50;3.31;1;1
10905;33137.83;50;3.31;1;1
10906;33137.83;50;3.31;1;1
10907;33137.83;50;3.31;1;1
10908;33137.83;50;3.31;1;1
10909;33137.83;50;3.31;1;1
10910;33137.83;50;3.31;1;1
10911;33137.83;50;3.31;1;1
10912;33137.83;50;3.31;1;1
10913;33137.83;50;3.31;1;1
10914;33137.83;50;3.31;1;1
10915;33137.83;50;3.31;1;1
10916;33137.83;50;3.31;1;1
10917;33137.83;50;3.31;1;1
10918;33137.83;50;3.31;1;1
10919;33137.83;50;3.31;1;1
10920;33137.83;50;3.31;1;1
10921;33137.83;50;3.31;1;1
10922;33137.83;50;3.31;1;1
10923;33137.83;50;3.31;1;1
10924;33137.83;50;3.31;1;1
10925;33137.83;50;3.31;1;1
10926;33137.83;50;3.31;1;1
10927;33137.83;50;3.31;1;1
10928;33137.83;50;3.31;1;1
10929;33088.95;50;3.31;1;1
10930;33137.83;50;3.31;1;1
10931;33137.83;50;3.31;1;1
10932;33137.83;50;3.31;1;1
10933;33137.83;50;3.31;1;1
10934;33137.83;50;3.31;1;1
10935;33137.83;50;3.31;1;1
10936;33137.83;50;3.31;1;1
10937;33137.83;50;3.31;1;1
10938;33137.83;50;3.31;1;1
10939;33137.83;50;3.31;1;1
10940;33137.83;50;3.31;1;1
10941;33137.83;50;3.31;1;1
10942;33137.83;50;3.31;1;1
10943;33137.83;50;3.31;1;1
10944;33137.83;50;3.31;1;1
10945;33137.83;50;3.31;1;1
10946;33137.83;50;3.31;1;1
10947;33137.83;50;3.31;1;1
10948;33137.83;50;3.31;1;1
10949;33137.83;50;3.31;1;1
10950;33137.83;50;3.31;1;1
10951;33137.83;50;3.31;1;1
10952;33137.83;50;3.31;1;1
10953;33088.95;50;3.31;1;1
10954;33137.83;50;3.31;1;1
10955;33137.83;50;3.31;1;1
10956;33137.83;50;3.31;1;1
10957;33137.83;50;3.31;1;1
10958;33137.83;50;3.31;1;1
10959;33137.83;50;3.31;1;1
10960;33137.83;50;3.31;1;1
10961;33137.83;50;3.31;1;1
10962;33137.83;50;3.31;1;1
10963;33137.83;50;3.31;1;1
10964;33137.83;50;3.31;1;1
10965;33137.83;50;3.31;1;1
10966;33137.83;50;3.31;1;1
10967;33088.95;50;3.31;1;1
10968;33137.83;50;3.31;1;1
10969;33137.83;50;3.31;1;1
10970;33137.83;50;3.31;1;1
10971;33137.83;50;3.31;1;1
10972;33137.83;50;3.31;1;1
10973;33137.83;50;3.31;1;1
10974;33137.83;50;3.31;1;1
10975;33088.95;50;3.31;1;1
10976;33137.83;50;3.31;1;1
10977;33088.95;50;3.31;1;1
10978;33186.71;50;3.31;1;1
10979;33137.83;50;3.32;1;1
10980;33137.83;50;3.31;1;1
10981;33137.83;50;3.31;1;1
10982;33137.83;50;3.31;1;1
10983;33137.83;50;3.31;1;1
10984;33137.83;50;3.31;1;1
10985;33137.83;50;3.31;1;1
10986;33137.83;50;3.31;1;1
10987;33137.83;50;3.31;1;1
10988;33137.83;50;3.31;1;1
10989;33088.95;50;3.31;1;1
10990;33137.83;50;3.31;1;1
10991;33137.83;50;3.31;1;1
10992;33137.83;50;3.31;1;1
10993;33137.83;50;3.31;1;1
10994;33137.83;50;3.31;1;1
10995;33137.83;50;3.31;1;1
10996;33186.71;50;3.31;1;1
10997;33137.83;50;3.32;1;1
10998;33186.71;50;3.31;1;1
10999;33137.83;50;3.32;1;1
11000;33137.83;50;3.31;1;1
11001;33137.83;50;3.31;1;1
11002;33186.71;50;3.31;1;1
11003;33137.83;50;3.32;1;1
11004;33137.83;50;3.31;1;1
11005;33088.95;50;3.31;1;1
11006;33137.83;50;3.31;1;1
11007;33137.83;50;3.31;1;1
11008;33137.83;50;3.31;1;1
11009;33137.83;50;3.31;1;1
11010;33137.83;50;3.31;1;1
11011;33137.83;50;3.31;1;1
11012;33137.83;50;3.31;1;1
11013;33137.83;50;3.31;1;1
11014;33137.83;50;3.31;1;1
11015;33137.83;50;3.31;1;1
11016;33137.83;50;3.31;1;1
11017;33137.83;50;3.31;1;1
11018;33137.83;50;3.31;1;1
11019;33137.83;50;3.31;1;1
11020;33186.71;50;3.31;1;1
11021;33137.83;50;3.32;1;1
11022;33137.83;50;3.31;1;1
11023;33137.83;50;3.31;1;1
11024;33186.71;50;3.31;1;1
11025;33137.83;50;3.32;1;1
11026;33137.83;50;3.31;1;1
11027;33137.83;50;3.31;1;1
11028;33137.83;50;3.31;1;1
11029;33088.95;50;3.31;1;1
11030;33137.83;50;3.31;1;1
11031;33137.83;50;3.31;1;1
11032;33186.71;50;3.31;1;1
11033;33137.83;50;3.32;1;1
11034;33186.71;50;3.31;1;1
11035;33137.83;50;3.32;1;1
11036;33137.83;50;3.31;1;1
11037;33137.83;50;3.31;1;1
11038;33137.83;50;3.31;1;1
11039;33137.83;50;3.31;1;1
11040;33137.83;50;3.31;1;1
11041;33137.83;50;3.31;1;1
11042;33137.83;50;3.31;1;1
11043;33137.83;50;3.31;1;1
11044;33137.83;50;3.31;1;1
11045;33137.83;50;3.31;1;1
11046;33186.71;50;3.31;1;1
11047;33137.83;50;3.32;1;1
11048;33137.83;50;3.31;1;1
11049;33088.95;50;3.31;1;1
11050;33137.83;50;3.31;1;1
11051;33137.83;50;3.31;1;1
11052;33137.83;50;3.31;1;1
11053;33137.83;50;3.31;1;1
11054;33137.83;50;3.31;1;1
11055;33137.83;50;3.31;1;1
11056;33137.83;50;3.31;1;1
11057;33137.83;50;3.31;1;1
11058;33137.83;50;3.31;1;1
11059;33137.83;50;3.31;1;1
11060;33137.83;50;3.31;1;1
11061;33137.83;50;3.31;1;1
11062;33137.83;50;3.31;1;1
11063;33088.95;50;3.31;1;1
11064;33137.83;50;3.31;1;1
11065;33137.83;50;3.31;1;1
11066;33137.83;50;3.31;1;1
11067;33137.83;50;3.31;1;1
11068;33137.83;50;3.31;1;1
11069;33137.83;50;3.31;1;1
11070;33137.83;50;3.31;1;1
11071;33137.83;50;3.31;1;1
11072;33137.83;50;3.31;1;1
11073;33137.83;50;3.31;1;1
11074;33137.83;50;3.31;1;1
11075;33137.83;50;3.31;1;1
11076;33186.71;50;3.31;1;1
11077;33137.83;50;3.32;1;1
11078;33137.83;50;3.31;1;1
11079;33137.83;50;3.31;1;1
11080;33137.83;50;3.31;1;1
11081;33137.83;50;3.31;1;1
11082;33137.83;50;3.31;1;1
11083;33137.83;50;3.31;1;1
11084;33137.83;50;3.31;1;1
11085;33137.83;50;3.31;1;1
11086;33137.83;50;3.31;1;1
11087;33137.83;50;3.31;1;1
11088;33137.83;50;3.31;1;1
11089;33137.83;50;3.31;1;1
11090;33137.83;50;3.31;1;1
11091;33137.83;50;3.31;1;1
11092;33137.83;50;3.31;1;1
11093;33137.83;50;3.31;1;1
11094;33137.83;50;3.31;1;1
11095;33137.83;50;3.31;1;1
11096;33137.83;50;3.31;1;1
11097;33137.83;50;3.31;1;1
11098;33137.83;50;3.31;1;1
11099;33137.83;50;3.31;1;1
11100;33137.83;50;3.31;1;1
11101;33088.95;50;3.31;1;1
11102;33137.83;50;3.31;1;1
11103;33137.83;50;3.31;1;1
11104;33137.83;50;3.31;1;1
11105;33137.83;50;3.31;1;1
11106;33137.83;50;3.31;1;1
11107;33137.83;50;3.31;1;1
11108;33137.83;50;3.31;1;1
11109;33137.83;50;3.31;1;1
11110;33137.83;50;3.31;1;1
11111;33137.83;50;3.31;1;1
11112;33137.83;50;3.31;1;1
11113;33137.83;50;3.31;1;1
11114;33137.83;50;3.31;1;1
11115;33137.83;50;3.31;1;1
11116;33137.83;50;3.31;1;1
11117;33137.83;50;3.31;1;1
11118;33137.83;50;3.31;1;1
11119;33137.83;50;3.31;1;1
11120;33137.83;50;3.31;1;1
11121;33137.83;50;3.31;1;1
11122;33137.83;50;3.31;1;1
11123;33137.83;50;3.31;1;1
11124;33137.83;50;3.31;1;1
11125;33137.83;50;3.31;1;1
11126;33137.83;50;3.31;1;1
11127;33137.83;50;3.31;1;1
11128;33137.83;50;3.31;1;1
11129;33137.83;50;3.31;1;1
11130;33137.83;50;3.31;1;1
11131;33137.83;50;3.31;1;1
11132;33137.83;50;3.31;1;1
11133;33137.83;50;3.31;1;1
11134;33137.83;50;3.31;1;1
11135;33137.83;50;3.31;1;1
11136;33137.83;50;3.31;1;1
11137;33137.83;50;3.31;1;1
11138;33137.83;50;3.31;1;1
11139;33137.83;50;3.31;1;1
11140;33137.83;50;3.31;1;1
11141;33137.83;50;3.31;1;1
11142;33137.83;50;3.31;1;1
11143;33137.83;50;3.31;1;1
11144;33137.83;50;3.31;1;1
11145;33137.83;50;3.31;1;1
11146;33137.83;50;3.31;1;1
11147;33137.83;50;3.31;1;1
11148;33137.83;50;3.31;1;1
11149;33137.83;50;3.31;1;1
11150;33088.95;50;3.31;1;1
11151;33137.83;50;3.31;1;1
11152;33137.83;50;3.31;1;1
11153;33137.83;50;3.31;1;1
11154;33137.83;50;3.31;1;1
11155;33137.83;50;3.31;1;1
11156;33137.83;50;3.31;1;1
11157;33137.83;50;3.31;1;1
11158;33137.83;50;3.31;1;1
11159;33137.83;50;3.31;1;1
11160;33137.83;50;3.31;1;1
11161;33137.83;50;3.31;1;1
11162;33137.83;50;3.31;1;1
11163;33137.83;50;3.31;1;1
11164;33137.83;50;3.31;1;1
11165;33137.83;50;3.31;1;1
11166;33137.83;50;3.31;1;1
11167;33137.83;50;3.31;1;1
11168;33137.83;50;3.31;1;1
11169;33137.83;50;3.31;1;1
11170;33137.83;50;3.31;1;1
11171;33137.83;50;3.31;1;1
11172;33137.83;50;3.31;1;1
11173;33137.83;50;3.31;1;1
11174;33137.83;50;3.31;1;1
11175;33137.83;50;3.31;1;1
11176;33137.83;50;3.31;1;1
11177;33137.83;50;3.31;1;1
11178;33137.83;50;3.31;1;1
11179;33137.83;50;3.31;1;1
11180;33137.83;50;3.31;1;1
11181;33137.83;50;3.31;1;1
11182;33137.83;50;3.31;1;1
11183;33137.83;50;3.31;1;1
11184;33137.83;50;3.31;1;1
11185;33137.83;50;3.31;1;1
11186;33137.83;50;3.31;1;1
11187;33137.83;50;3.31;1;1
11188;33088.95;50;3.31;1;1
11189;33186.71;50;3.31;1;1
11190;33137.83;50;3.32;1;1
11191;33137.83;50;3.31;1;1
11192;33137.83;50;3.31;1;1
11193;33137.83;50;3.31;1;1
11194;33088.95;50;3.31;1;1
11195;33186.71;50;3.31;1;1
11196;33137.83;50;3.32;1;1
11197;33137.83;50;3.31;1;1
11198;33137.83;50;3.31;1;1
11199;33186.71;50;3.31;1;1
11200;33137.83;50;3.32;1;1
11201;33186.71;50;3.31;1;1
11202;33137.83;50;3.32;1;1
11203;33186.71;50;3.31;1;1
11204;33137.83;50;3.32;1;1
11205;33186.71;50;3.31;1;1
11206;33137.83;50;3.32;1;1
11207;33186.71;50;3.31;1;1
11208;33137.83;50;3.32;1;1
11209;33186.71;50;3.31;1;1
11210;33137.83;50;3.32;1;1
11211;33186.71;50;3.31;1;1
11212;33137.83;50;3.32;1;1
11213;33137.83;50;3.31;1;1
11214;33137.83;50;3.31;1;1
11215;33186.71;50;3.31;1;1
11216;33137.83;50;3.32;1;1
11217;33137.83;50;3.31;1;1
11218;33137.83;50;3.31;1;1
11219;33137.83;50;3.31;1;1
11220;33137.83;50;3.31;1;1
11221;33186.71;50;3.31;1;1
11222;33137.83;50;3.32;1;1
11223;33186.71;50;3.31;1;1
11224;33137.83;50;3.32;1;1
11225;33186.71;50;3.31;1;1
11226;33088.95;50;3.32;1;1
11227;33137.83;50;3.31;1;1
11228;33137.83;50;3.31;1;1
11229;33186.71;50;3.31;1;1
11230;33137.83;50;3.32;1;1
11231;33186.71;50;3.31;1;1
11232;33137.83;50;3.32;1;1
11233;33137.83;50;3.31;1;1
11234;33137.83;50;3.31;1;1
11235;33137.83;50;3.31;1;1
11236;33137.83;50;3.31;1;1
11237;33137.83;50;3.31;1;1
11238;33137.83;50;3.31;1;1
11239;33137.83;50;3.31;1;1
11240;33137.83;50;3.31;1;1
11241;33186.71;50;3.31;1;1
11242;33137.83;50;3.32;1;1
11243;33137.83;50;3.31;1;1
11244;33137.83;50;3.31;1;1
11245;33137.83;50;3.31;1;1
11246;33137.83;50;3.31;1;1
11247;33137.83;50;3.31;1;1
11248;33137.83;50;3.31;1;1
11249;33137.83;50;3.31;1;1
11250;33137.83;50;3.31;1;1
11251;33137.83;50;3.31;1;1
11252;33137.83;50;3.31;1;1
11253;33137.83;50;3.31;1;1
11254;33137.83;50;3.31;1;1
11255;33137.83;50;3.31;1;1
11256;33137.83;50;3.31;1;1
11257;33137.83;50;3.31;1;1
11258;33137.83;50;3.31;1;1
11259;33137.83;50;3.31;1;1
11260;33137.83;50;3.31;1;1
11261;33137.83;50;3.31;1;1
11262;33137.83;50;3.31;1;1
11263;33137.83;50;3.31;1;1
11264;33137.83;50;3.31;1;1
11265;33137.83;50;3.31;1;1
11266;33137.83;50;3.31;1;1
11267;33137.83;50;3.31;1;1
11268;33137.83;50;3.31;1;1
11269;33137.83;50;3.31;1;1
11270;33137.83;50;3.31;1;1
11271;33137.83;50;3.31;1;1
11272;33137.83;50;3.31;1;1
11273;33137.83;50;3.31;1;1
11274;33137.83;50;3.31;1;1
11275;33137.83;50;3.31;1;1
11276;33137.83;50;3.31;1;1
11277;33137.83;50;3.31;1;1
11278;33137.83;50;3.31;1;1
11279;33137.83;50;3.31;1;1
11280;33137.83;50;3.31;1;1
11281;33137.83;50;3.31;1;1
11282;33137.83;50;3.31;1;1
11283;33137.83;50;3.31;1;1
11284;33137.83;50;3.31;1;1
11285;33137.83;50;3.31;1;1
11286;33137.83;50;3.31;1;1
11287;33137.83;50;3.31;1;1
11288;33137.83;50;3.31;1;1
11289;33137.83;50;3.31;1;1
11290;33137.83;50;3.31;1;1
11291;33137.83;50;3.31;1;1
11292;33186.71;50;3.31;1;1
11293;33137.83;50;3.32;1;1
11294;33137.83;50;3.31;1;1
11295;33137.83;50;3.31;1;1
11296;33137.83;50;3.31;1;1
11297;33137.83;50;3.31;1;1
11298;33137.83;50;3.31;1;1
11299;33137.83;50;3.31;1;1
11300;33137.83;50;3.31;1;1
11301;33137.83;50;3.31;1;1
11302;33137.83;50;3.31;1;1
11303;33137.83;50;3.31;1;1
11304;33137.83;50;3.31;1;1
11305;33137.83;50;3.31;1;1
11306;33137.83;50;3.31;1;1
11307;33137.83;50;3.31;1;1
11308;33186.71;50;3.31;1;1
11309;33137.83;50;3.32;1;1
11310;33137.83;50;3.31;1;1
11311;33137.83;50;3.31;1;1
11312;33137.83;50;3.31;1;1
11313;33137.83;50;3.31;1;1
11314;33137.83;50;3.31;1;1
11315;33137.83;50;3.31;1;1
11316;33186.71;50;3.31;1;1
11317;33137.83;50;3.32;1;1
11318;33137.83;50;3.31;1;1
11319;33088.95;50;3.31;1;1
11320;33137.83;50;3.31;1;1
11321;33137.83;50;3.31;1;1
11322;33137.83;50;3.31;1;1
11323;33137.83;50;3.31;1;1
11324;33186.71;50;3.31;1;1
11325;33137.83;50;3.32;1;1
11326;33137.83;50;3.31;1;1
11327;33137.83;50;3.31;1;1
11328;33137.83;50;3.31;1;1
11329;33137.83;50;3.31;1;1
11330;33186.71;50;3.31;1;1
11331;33088.95;50;3.32;1;1
11332;33186.71;50;3.31;1;1
11333;33137.83;50;3.32;1;1
11334;33137.83;50;3.31;1;1
11335;33137.83;50;3.31;1;1
11336;33186.71;50;3.31;1;1
11337;33137.83;50;3.32;1;1
11338;33137.83;50;3.31;1;1
11339;33137.83;50;3.31;1;1
11340;33137.83;50;3.31;1;1
11341;33137.83;50;3.31;1;1
11342;33137.83;50;3.31;1;1
11343;33137.83;50;3.31;1;1
11344;33186.71;50;3.31;1;1
11345;33137.83;50;3.32;1;1
11346;33186.71;50;3.31;1;1
11347;33137.83;50;3.32;1;1
11348;33137.83;50;3.31;1;1
11349;33137.83;50;3.31;1;1
11350;33137.83;50;3.31;1;1
11351;33137.83;50;3.31;1;1
11352;33137.83;50;3.31;1;1
11353;33137.83;50;3.31;1;1
11354;33137.83;50;3.31;1;1
11355;33137.83;50;3.31;1;1
11356;33137.83;50;3.31;1;1
11357;33137.83;50;3.31;1;1
11358;33137.83;50;3.31;1;1
11359;33137.83;50;3.31;1;1
11360;33137.83;50;3.31;1;1
11361;33137.83;50;3.31;1;1
11362;33137.83;50;3.31;1;1
11363;33137.83;50;3.31;1;1
11364;33137.83;50;3.31;1;1
11365;33137.83;50;3.31;1;1
11366;33137.83;50;3.31;1;1
11367;33137.83;50;3.31;1;1
11368;33137.83;50;3.31;1;1
11369;33137.83;50;3.31;1;1
11370;33137.83;50;3.31;1;1
11371;33137.83;50;3.31;1;1
11372;33137.83;50;3.31;1;1
11373;33137.83;50;3.31;1;1
11374;33137.83;50;3.31;1;1
11375;33137.83;50;3.31;1;1
11376;33137.83;50;3.31;1;1
11377;33137.83;50;3.31;1;1
11378;33137.83;50;3.31;1;1
11379;33137.83;50;3.31;1;1
11380;33137.83;50;3.31;1;1
11381;33137.83;50;3.31;1;1
11382;33137.83;50;3.31;1;1
11383;33137.83;50;3.31;1;1
11384;33137.83;50;3.31;1;1
11385;33137.83;50;3.31;1;1
11386;33137.83;50;3.31;1;1
11387;33137.83;50;3.31;1;1
11388;33137.83;50;3.31;1;1
11389;33137.83;50;3.31;1;1
11390;33137.83;50;3.31;1;1
11391;33137.83;50;3.31;1;1
11392;33137.83;50;3.31;1;1
11393;33137.83;50;3.31;1;1
11394;33137.83;50;3.31;1;1
11395;33137.83;50;3.31;1;1
11396;33137.83;50;3.31;1;1
11397;33137.83;50;3.31;1;1
11398;33137.83;50;3.31;1;1
11399;33137.83;50;3.31;1;1
11400;33137.83;50;3.31;1;1
11401;33137.83;50;3.31;1;1
11402;33137.83;50;3.31;1;1
11403;33137.83;50;3.31;1;1
11404;33137.83;50;3.31;1;1
11405;33137.83;50;3.31;1;1
11406;33137.83;50;3.31;1;1
11407;33137.83;50;3.31;1;1
11408;33137.83;50;3.31;1;1
11409;33137.83;50;3.31;1;1
11410;33137.83;50;3.31;1;1
11411;33137.83;50;3.31;1;1
11412;33137.83;50;3.31;1;1
11413;33137.83;50;3.31;1;1
11414;33137.83;50;3.31;1;1
11415;33137.83;50;3.31;1;1
11416;33137.83;50;3.31;1;1
11417;33137.83;50;3.31;1;1
11418;33137.83;50;3.31;1;1
11419;33137.83;50;3.31;1;1
11420;33137.83;50;3.31;1;1
11421;33137.83;50;3.31;1;1
11422;33137.83;50;3.31;1;1
11423;33137.83;50;3.31;1;1
11424;33137.83;50;3.31;1;1
11425;33137.83;50;3.31;1;1
11426;33137.83;50;3.31;1;1
11427;33137.83;50;3.31;1;1
11428;33137.83;50;3.31;1;1
11429;33137.83;50;3.31;1;1
11430;33137.83;50;3.31;1;1
11431;33137.83;50;3.31;1;1
11432;33137.83;50;3.31;1;1
11433;33137.83;50;3.31;1;1
11434;33137.83;50;3.31;1;1
11435;33137.83;50;3.31;1;1
11436;33137.83;50;3.31;1;1
11437;33137.83;50;3.31;1;1
11438;33137.83;50;3.31;1;1
11439;33137.83;50;3.31;1;1
11440;33137.83;50;3.31;1;1
11441;33137.83;50;3.31;1;1
11442;33137.83;50;3.31;1;1
11443;33137.83;50;3.31;1;1
11444;33137.83;50;3.31;1;1
11445;33137.83;50;3.31;1;1
11446;33137.83;50;3.31;1;1
11447;33137.83;50;3.31;1;1
11448;33137.83;50;3.31;1;1
11449;33186.71;50;3.31;1;1
11450;33137.83;50;3.32;1;1
11451;33186.71;50;3.31;1;1
11452;33137.83;50;3.32;1;1
11453;33186.71;50;3.31;1;1
11454;33137.83;50;3.32;1;1
11455;33186.71;50;3.31;1;1
11456;33088.95;50;3.32;1;1
11457;33186.71;50;3.31;1;1
11458;33137.83;50;3.32;1;1
11459;33137.83;50;3.31;1;1
11460;33137.83;50;3.31;1;1
11461;33137.83;50;3.31;1;1
11462;33137.83;50;3.31;1;1
11463;33186.71;50;3.31;1;1
11464;33137.83;50;3.32;1;1
11465;33186.71;50;3.31;1;1
11466;33137.83;50;3.32;1;1
11467;33186.71;50;3.31;1;1
11468;33137.83;50;3.32;1;1
11469;33186.71;50;3.31;1;1
11470;33137.83;50;3.32;1;1
11471;33186.71;50;3.31;1;1
11472;33137.83;50;3.32;1;1
11473;33186.71;50;3.31;1;1
11474;33137.83;50;3.32;1;1
11475;33186.71;50;3.31;1;1
11476;33137.83;50;3.32;1;1
11477;33186.71;50;3.31;1;1
11478;33137.83;50;3.32;1;1
11479;33186.71;50;3.31;1;1
11480;33137.83;50;3.32;1;1
11481;33137.83;50;3.31;1;1
11482;33137.83;50;3.31;1;1
11483;33186.71;50;3.31;1;1
11484;33137.83;50;3.32;1;1
11485;33137.83;50;3.31;1;1
11486;33137.83;50;3.31;1;1
11487;33186.71;50;3.31;1;1
11488;33137.83;50;3.32;1;1
11489;33186.71;50;3.31;1;1
11490;33137.83;50;3.32;1;1
11491;33186.71;50;3.31;1;1
11492;33137.83;50;3.32;1;1
11493;33186.71;50;3.31;1;1
11494;33137.83;50;3.32;1;1
11495;33186.71;50;3.31;1;1
11496;33137.83;50;3.32;1;1
11497;33137.83;50;3.31;1;1
11498;33137.83;50;3.31;1;1
11499;33186.71;50;3.31;1;1
11500;33137.83;50;3.32;1;1
11501;33137.83;50;3.31;1;1
11502;33137.83;50;3.31;1;1
11503;33137.83;50;3.31;1;1
11504;33137.83;50;3.31;1;1
11505;33186.71;50;3.31;1;1
11506;33137.83;50;3.32;1;1
11507;33186.71;50;3.31;1;1
11508;33137.83;50;3.32;1;1
11509;33186.71;50;3.31;1;1
11510;33137.83;50;3.32;1;1
11511;33186.71;50;3.31;1;1
11512;33137.83;50;3.32;1;1
11513;33186.71;50;3.31;1;1
11514;33137.83;50;3.32;1;1
11515;33186.71;50;3.31;1;1
11516;33137.83;50;3.32;1;1
11517;33186.71;50;3.31;1;1
11518;33137.83;50;3.32;1;1
11519;33137.83;50;3.31;1;1
11520;33137.83;50;3.31;1;1
11521;33186.71;50;3.31;1;1
11522;33137.83;50;3.32;1;1
11523;33186.71;50;3.31;1;1
11524;33137.83;50;3.32;1;1
11525;33186.71;50;3.31;1;1
11526;33137.83;50;3.32;1;1
11527;33137.83;50;3.31;1;1
11528;33137.83;50;3.31;1;1
11529;33186.71;50;3.31;1;1
11530;33137.83;50;3.32;1;1
11531;33186.71;50;3.31;1;1
11532;33137.83;50;3.32;1;1
11533;33137.83;50;3.31;1;1
11534;33137.83;50;3.31;1;1
11535;33186.71;50;3.31;1;1
11536;33137.83;50;3.32;1;1
11537;33186.71;50;3.31;1;1
11538;33137.83;50;3.32;1;1
11539;33137.83;50;3.31;1;1
11540;33137.83;50;3.31;1;1
11541;33137.83;50;3.31;1;1
11542;33137.83;50;3.31;1;1
11543;33137.83;50;3.31;1;1
11544;33137.83;50;3.31;1;1
11545;33137.83;50;3.31;1;1
11546;33137.83;50;3.31;1;1
11547;33186.71;50;3.31;1;1
11548;33137.83;50;3.32;1;1
11549;33137.83;50;3.31;1;1
11550;33137.83;50;3.31;1;1
11551;33137.83;50;3.31;1;1
11552;33137.83;50;3.31;1;1
11553;33137.83;50;3.31;1;1
11554;33137.83;50;3.31;1;1
11555;33137.83;50;3.31;1;1
11556;33137.83;50;3.31;1;1
11557;33137.83;50;3.31;1;1
11558;33137.83;50;3.31;1;1
11559;33137.83;50;3.31;1;1
11560;33088.95;50;3.31;1;1
11561;33137.83;50;3.31;1;1
11562;33137.83;50;3.31;1;1
11563;33137.83;50;3.31;1;1
11564;33137.83;50;3.31;1;1
11565;33137.83;50;3.31;1;1
11566;33137.83;50;3.31;1;1
11567;33137.83;50;3.31;1;1
11568;33137.83;50;3.31;1;1
11569;33137.83;50;3.31;1;1
11570;33137.83;50;3.31;1;1
11571;33137.83;50;3.31;1;1
11572;33137.83;50;3.31;1;1
11573;33137.83;50;3.31;1;1
11574;33137.83;50;3.31;1;1
11575;33137.83;50;3.31;1;1
11576;33137.83;50;3.31;1;1
11577;33137.83;50;3.31;1;1
11578;33137.83;50;3.31;1;1
11579;33137.83;50;3.31;1;1
11580;33137.83;50;3.31;1;1
11581;33137.83;50;3.31;1;1
11582;33137.83;50;3.31;1;1
11583;33137.83;50;3.31;1;1
11584;33137.83;50;3.31;1;1
11585;33137.83;50;3.31;1;1
11586;33137.83;50;3.31;1;1
11587;33137.83;50;3.31;1;1
11588;33137.83;50;3.31;1;1
11589;33137.83;50;3.31;1;1
11590;33137.83;50;3.31;1;1
11591;33137.83;50;3.31;1;1
11592;33137.83;50;3.31;1;1
11593;33137.83;50;3.31;1;1
11594;33137.83;50;3.31;1;1
11595;33137.83;50;3.31;1;1
11596;33186.71;50;3.31;1;1
11597;33137.83;50;3.32;1;1
11598;33186.71;50;3.31;1;1
11599;33137.83;50;3.32;1;1
11600;33186.71;50;3.31;1;1
11601;33137.83;50;3.32;1;1
11602;33186.71;50;3.31;1;1
11603;33137.83;50;3.32;1;1
11604;33186.71;50;3.31;1;1
11605;33137.83;50;3.32;1;1
11606;33186.71;50;3.31;1;1
11607;33137.83;50;3.32;1;1
11608;33186.71;50;3.31;1;1
11609;33137.83;50;3.32;1;1
11610;33186.71;50;3.31;1;1
11611;33137.83;50;3.32;1;1
11612;33186.71;50;3.31;1;1
11613;33137.83;50;3.32;1;1
11614;33186.71;50;3.31;1;1
11615;33137.83;50;3.32;1;1
11616;33186.71;50;3.31;1;1
11617;33137.83;50;3.32;1;1
11618;33186.71;50;3.31;1;1
11619;33137.83;50;3.32;1;1
11620;33186.71;50;3.31;1;1
11621;33137.83;50;3.32;1;1
11622;33186.71;50;3.31;1;1
11623;33137.83;50;3.32;1;1
11624;33186.71;50;3.31;1;1
11625;33137.83;50;3.32;1;1
11626;33186.71;50;3.31;1;1
11627;33137.83;50;3.32;1;1
11628;33186.71;50;3.31;1;1
11629;33137.83;50;3.32;1;1
11630;33186.71;50;3.31;1;1
11631;33137.83;50;3.32;1;1
11632;33186.71;50;3.31;1;1
11633;33137.83;50;3.32;1;1
11634;33186.71;50;3.31;1;1
11635;33137.83;50;3.32;1;1
11636;33186.71;50;3.31;1;1
11637;33137.83;50;3.32;1;1
11638;33137.83;50;3.31;1;1
11639;33137.83;50;3.31;1;1
11640;33137.83;50;3.31;1;1
11641;33137.83;50;3.31;1;1
11642;33137.83;50;3.31;1;1
11643;33137.83;50;3.31;1;1
11644;33137.83;50;3.31;1;1
11645;33137.83;50;3.31;1;1
11646;33137.83;50;3.31;1;1
11647;33137.83;50;3.31;1;1
11648;33137.83;50;3.31;1;1
11649;33137.83;50;3.31;1;1
11650;33137.83;50;3.31;1;1
11651;33137.83;50;3.31;1;1
11652;33137.83;50;3.31;1;1
11653;33137.83;50;3.31;1;1
11654;33137.83;50;3.31;1;1
11655;33137.83;50;3.31;1;1
11656;33137.83;50;3.31;1;1
11657;33137.83;50;3.31;1;1
11658;33137.83;50;3.31;1;1
11659;33137.83;50;3.31;1;1
11660;33137.83;50;3.31;1;1
11661;33137.83;50;3.31;1;1
11662;33137.83;50;3.31;1;1
11663;33137.83;50;3.31;1;1
11664;33137.83;50;3.31;1;1
11665;33137.83;50;3.31;1;1
11666;33137.83;50;3.31;1;1
11667;33137.83;50;3.31;1;1
11668;33137.83;50;3.31;1;1
11669;33137.83;50;3.31;1;1
11670;33137.83;50;3.31;1;1
11671;33186.71;50;3.31;1;1
11672;33137.83;50;3.32;1;1
11673;33137.83;50;3.31;1;1
11674;33137.83;50;3.31;1;1
11675;33186.71;50;3.31;1;1
11676;33137.83;50;3.32;1;1
11677;33186.71;50;3.31;1;1
11678;33137.83;50;3.32;1;1
11679;33186.71;50;3.31;1;1
11680;33137.83;50;3.32;1;1
11681;33137.83;50;3.31;1;1
11682;33137.83;50;3.31;1;1
11683;33186.71;50;3.31;1;1
11684;33137.83;50;3.32;1;1
11685;33186.71;50;3.31;1;1
11686;33137.83;50;3.32;1;1
11687;33186.71;50;3.31;1;1
11688;33137.83;50;3.32;1;1
11689;33186.71;50;3.31;1;1
11690;33137.83;50;3.32;1;1
11691;33186.71;50;3.31;1;1
11692;33137.83;50;3.32;1;1
11693;33186.71;50;3.31;1;1
11694;33137.83;50;3.32;1;1
11695;33137.83;50;3.31;1;1
11696;33137.83;50;3.31;1;1
11697;33186.71;50;3.31;1;1
11698;33137.83;50;3.32;1;1
11699;33186.71;50;3.31;1;1
11700;33137.83;50;3.32;1;1
11701;33186.71;50;3.31;1;1
11702;33137.83;50;3.32;1;1
11703;33137.83;50;3.31;1;1
11704;33137.83;50;3.31;1;1
11705;33186.71;50;3.31;1;1
11706;33137.83;50;3.32;1;1
11707;33137.83;50;3.31;1;1
11708;33137.83;50;3.31;1;1
11709;33186.71;50;3.31;1;1
11710;33137.83;50;3.32;1;1
11711;33186.71;50;3.31;1;1
11712;33137.83;50;3.32;1;1
11713;33137.83;50;3.31;1;1
11714;33137.83;50;3.31;1;1
11715;33186.71;50;3.31;1;1
11716;33137.83;50;3.32;1;1
11717;33186.71;50;3.31;1;1
11718;33137.83;50;3.32;1;1
11719;33186.71;50;3.31;1;1
11720;33137.83;50;3.32;1;1
11721;33186.71;50;3.31;1;1
11722;33137.83;50;3.32;1;1
11723;33186.71;50;3.31;1;1
11724;33137.83;50;3.32;1;1
11725;33186.71;50;3.31;1;1
11726;33137.83;50;3.32;1;1
11727;33186.71;50;3.31;1;1
11728;33137.83;50;3.32;1;1
11729;33186.71;50;3.31;1;1
11730;33137.83;50;3.32;1;1
11731;33186.71;50;3.31;1;1
11732;33137.83;50;3.32;1;1
11733;33186.71;50;3.31;1;1
11734;33137.83;50;3.32;1;1
11735;33137.83;50;3.31;1;1
11736;33137.83;50;3.31;1;1
11737;33186.71;50;3.31;1;1
11738;33137.83;50;3.32;1;1
11739;33137.83;50;3.31;1;1
11740;33137.83;50;3.31;1;1
11741;33186.71;50;3.31;1;1
11742;33137.83;50;3.32;1;1
11743;33137.83;50;3.31;1;1
11744;33137.83;50;3.31;1;1
11745;33186.71;50;3.31;1;1
11746;33137.83;50;3.32;1;1
11747;33186.71;50;3.31;1;1
11748;33137.83;50;3.32;1;1
11749;33186.71;50;3.31;1;1
11750;33137.83;50;3.32;1;1
11751;33137.83;50;3.31;1;1
11752;33137.83;50;3.31;1;1
11753;33137.83;50;3.31;1;1
11754;33137.83;50;3.31;1;1
11755;33186.71;50;3.31;1;1
11756;33137.83;50;3.32;1;1
11757;33137.83;50;3.31;1;1
11758;33137.83;50;3.31;1;1
11759;33137.83;50;3.31;1;1
11760;33137.83;50;3.31;1;1
11761;33137.83;50;3.31;1;1
11762;33137.83;50;3.31;1;1
11763;33137.83;50;3.31;1;1
11764;33137.83;50;3.31;1;1
11765;33137.83;50;3.31;1;1
11766;33137.83;50;3.31;1;1
11767;33137.83;50;3.31;1;1
11768;33137.83;50;3.31;1;1
11769;33137.83;50;3.31;1;1
11770;33137.83;50;3.31;1;1
11771;33137.83;50;3.31;1;1
11772;33137.83;50;3.31;1;1
11773;33137.83;50;3.31;1;1
11774;33137.83;50;3.31;1;1
11775;33137.83;50;3.31;1;1
11776;33137.83;50;3.31;1;1
11777;33137.83;50;3.31;1;1
11778;33137.83;50;3.31;1;1
11779;33137.83;50;3.31;1;1
11780;33137.83;50;3.31;1;1
11781;33137.83;50;3.31;1;1
11782;33137.83;50;3.31;1;1
11783;33137.83;50;3.31;1;1
11784;33137.83;50;3.31;1;1
11785;33137.83;50;3.31;1;1
11786;33186.71;50;3.31;1;1
11787;33137.83;50;3.32;1;1
11788;33186.71;50;3.31;1;1
11789;33137.83;50;3.32;1;1
11790;33137.83;50;3.31;1;1
11791;33137.83;50;3.31;1;1
11792;33137.83;50;3.31;1;1
11793;33137.83;50;3.31;1;1
11794;33137.83;50;3.31;1;1
11795;33137.83;50;3.31;1;1
11796;33186.71;50;3.31;1;1
11797;33137.83;50;3.32;1;1
11798;33186.71;50;3.31;1;1
11799;33137.83;50;3.32;1;1
11800;33186.71;50;3.31;1;1
11801;33137.83;50;3.32;1;1
11802;33186.71;50;3.31;1;1
11803;33137.83;50;3.32;1;1
11804;33186.71;50;3.31;1;1
11805;33137.83;50;3.32;1;1
11806;33186.71;50;3.31;1;1
11807;33137.83;50;3.32;1;1
11808;33186.71;50;3.31;1;1
11809;33137.83;50;3.32;1;1
11810;33186.71;50;3.31;1;1
11811;33137.83;50;3.32;1;1
11812;33186.71;50;3.31;1;1
11813;33137.83;50;3.32;1;1
11814;33186.71;50;3.31;1;1
11815;33137.83;50;3.32;1;1
11816;33186.71;50;3.31;1;1
11817;33137.83;50;3.32;1;1
11818;33186.71;50;3.31;1;1
11819;33137.83;50;3.32;1;1
11820;33186.71;50;3.31;1;1
11821;33137.83;50;3.32;1;1
11822;33186.71;50;3.31;1;1
11823;33137.83;50;3.32;1;1
11824;33186.71;50;3.31;1;1
11825;33137.83;50;3.32;1;1
11826;33186.71;50;3.31;1;1
11827;33137.83;50;3.32;1;1
11828;33186.71;50;3.31;1;1
11829;33137.83;50;3.32;1;1
11830;33186.71;50;3.31;1;1
11831;33137.83;50;3.32;1;1
11832;33186.71;50;3.31;1;1
11833;33137.83;50;3.32;1;1
11834;33186.71;50;3.31;1;1
11835;33137.83;50;3.32;1;1
11836;33186.71;50;3.31;1;1
11837;33137.83;50;3.32;1;1
11838;33186.71;50;3.31;1;1
11839;33137.83;50;3.32;1;1
11840;33137.83;50;3.31;1;1
11841;33137.83;50;3.31;1;1
11842;33186.71;50;3.31;1;1
11843;33137.83;50;3.32;1;1
11844;33186.71;50;3.31;1;1
11845;33137.83;50;3.32;1;1
11846;33186.71;50;3.31;1;1
11847;33137.83;50;3.32;1;1
11848;33186.71;50;3.31;1;1
11849;33137.83;50;3.32;1;1
11850;33186.71;50;3.31;1;1
11851;33137.83;50;3.32;1;1
11852;33186.71;50;3.31;1;1
11853;33137.83;50;3.32;1;1
11854;33186.71;50;3.31;1;1
11855;33137.83;50;3.32;1;1
11856;33186.71;50;3.31;1;1
11857;33137.83;50;3.32;1;1
11858;33186.71;50;3.31;1;1
11859;33137.83;50;3.32;1;1
11860;33186.71;50;3.31;1;1
11861;33137.83;50;3.32;1;1
11862;33186.71;50;3.31;1;1
11863;33137.83;50;3.32;1;1
11864;33186.71;50;3.31;1;1
11865;33137.83;50;3.32;1;1
11866;33186.71;50;3.31;1;1
11867;33137.83;50;3.32;1;1
11868;33186.71;50;3.31;1;1
11869;33137.83;50;3.32;1;1
11870;33186.71;50;3.31;1;1
11871;33137.83;50;3.32;1;1
11872;33137.83;50;3.31;1;1
11873;33137.83;50;3.31;1;1
11874;33186.71;50;3.31;1;1
11875;33137.83;50;3.32;1;1
11876;33186.71;50;3.31;1;1
11877;33137.83;50;3.32;1;1
11878;33137.83;50;3.31;1;1
11879;33137.83;50;3.31;1;1
11880;33186.71;50;3.31;1;1
11881;33137.83;50;3.32;1;1
11882;33137.83;50;3.31;1;1
11883;33137.83;50;3.31;1;1
11884;33137.83;50;3.31;1;1
11885;33137.83;50;3.31;1;1
11886;33137.83;50;3.31;1;1
11887;33137.83;50;3.31;1;1
11888;33137.83;50;3.31;1;1
11889;33137.83;50;3.31;1;1
11890;33137.83;50;3.31;1;1
11891;33137.83;50;3.31;1;1
11892;33137.83;50;3.31;1;1
11893;33186.71;50;3.31;1;1
11894;33137.83;50;3.32;1;1
11895;33186.71;50;3.31;1;1
11896;33137.83;50;3.32;1;1
11897;33137.83;50;3.31;1;1
11898;33137.83;50;3.31;1;1
11899;33137.83;50;3.31;1;1
11900;33137.83;50;3.31;1;1
11901;33186.71;50;3.31;1;1
11902;33137.83;50;3.32;1;1
11903;33137.83;50;3.31;1;1
11904;33137.83;50;3.31;1;1
11905;33137.83;50;3.31;1;1
11906;33137.83;50;3.31;1;1
11907;33137.83;50;3.31;1;1
11908;33137.83;50;3.31;1;1
11909;33186.71;50;3.31;1;1
11910;33137.83;50;3.32;1;1
11911;33137.83;50;3.31;1;1
11912;33137.83;50;3.31;1;1
11913;33186.71;50;3.31;1;1
11914;33137.83;50;3.32;1;1
11915;33137.83;50;3.31;1;1
11916;33137.83;50;3.31;1;1
11917;33186.71;50;3.31;1;1
11918;33137.83;50;3.32;1;1
11919;33186.71;50;3.31;1;1
11920;33137.83;50;3.32;1;1
11921;33186.71;50;3.31;1;1
11922;33137.83;50;3.32;1;1
11923;33186.71;50;3.31;1;1
11924;33137.83;50;3.32;1;1
11925;33186.71;50;3.31;1;1
11926;33137.83;50;3.32;1;1
11927;33186.71;50;3.31;1;1
11928;33137.83;50;3.32;1;1
11929;33186.71;50;3.31;1;1
11930;33137.83;50;3.32;1;1
11931;33186.71;50;3.31;1;1
11932;33137.83;50;3.32;1;1
11933;33186.71;50;3.31;1;1
11934;33137.83;50;3.32;1;1
11935;33186.71;50;3.31;1;1
11936;33137.83;50;3.32;1;1
11937;33186.71;50;3.31;1;1
11938;33137.83;50;3.32;1;1
11939;33186.71;50;3.31;1;1
11940;33137.83;50;3.32;1;1
11941;33186.71;50;3.31;1;1
11942;33137.83;50;3.32;1;1
11943;33186.71;50;3.31;1;1
11944;33137.83;50;3.32;1;1
11945;33186.71;50;3.31;1;1
11946;33137.83;50;3.32;1;1
11947;33186.71;50;3.31;1;1
11948;33137.83;50;3.32;1;1
11949;33186.71;50;3.31;1;1
11950;33137.83;50;3.32;1;1
11951;33186.71;50;3.31;1;1
11952;33137.83;50;3.32;1;1
11953;33186.71;50;3.31;1;1
11954;33137.83;50;3.32;1;1
11955;33186.71;50;3.31;1;1
11956;33137.83;50;3.32;1;1
11957;33186.71;50;3.31;1;1
11958;33137.83;50;3.32;1;1
11959;33186.71;50;3.31;1;1
11960;33137.83;50;3.32;1;1
11961;33186.71;50;3.31;1;1
11962;33137.83;50;3.32;1;1
11963;33186.71;50;3.31;1;1
11964;33137.83;50;3.32;1;1
11965;33186.71;50;3.31;1;1
11966;33137.83;50;3.32;1;1
11967;33186.71;50;3.31;1;1
11968;33137.83;50;3.32;1;1
11969;33186.71;50;3.31;1;1
11970;33137.83;50;3.32;1;1
11971;33186.71;50;3.31;1;1
11972;33137.83;50;3.32;1;1
11973;33186.71;50;3.31;1;1
11974;33137.83;50;3.32;1;1
11975;33186.71;50;3.31;1;1
11976;33137.83;50;3.32;1;1
11977;33186.71;50;3.31;1;1
11978;33137.83;50;3.32;1;1
11979;33186.71;50;3.31;1;1
11980;33137.83;50;3.32;1;1
11981;33186.71;50;3.31;1;1
11982;33137.83;50;3.32;1;1
11983;33186.71;50;3.31;1;1
11984;33137.83;50;3.32;1;1
11985;33186.71;50;3.31;1;1
11986;33137.83;50;3.32;1;1
11987;33186.71;50;3.31;1;1
11988;33137.83;50;3.32;1;1
11989;33186.71;50;3.31;1;1
11990;33137.83;50;3.32;1;1
11991;33186.71;50;3.31;1;1
11992;33137.83;50;3.32;1;1
11993;33186.71;50;3.31;1;1
11994;33137.83;50;3.32;1;1
11995;33186.71;50;3.31;1;1
11996;33137.83;50;3.32;1;1
11997;33186.71;50;3.31;1;1
11998;33137.83;50;3.32;1;1
11999;33186.71;50;3.31;1;1
12000;33137.83;50;3.32;1;1
12001;33186.71;50;3.31;1;1
12002;33137.83;50;3.32;1;1
12003;33186.71;50;3.31;1;1
12004;33137.83;50;3.32;1;1
12005;33137.83;50;3.31;1;1
12006;33137.83;50;3.31;1;1
12007;33186.71;50;3.31;1;1
12008;33137.83;50;3.32;1;1
12009;33186.71;50;3.31;1;1
12010;33137.83;50;3.32;1;1
12011;33186.71;50;3.31;1;1
12012;33137.83;50;3.32;1;1
12013;33186.71;50;3.31;1;1
12014;33137.83;50;3.32;1;1
12015;33186.71;50;3.31;1;1
12016;33137.83;50;3.32;1;1
12017;33186.71;50;3.31;1;1
12018;33137.83;50;3.32;1;1
12019;33186.71;50;3.31;1;1
12020;33137.83;50;3.32;1;1
12021;33186.71;50;3.31;1;1
12022;33137.83;50;3.32;1;1
12023;33186.71;50;3.31;1;1
12024;33137.83;50;3.32;1;1
12025;33186.71;50;3.31;1;1
12026;33137.83;50;3.32;1;1
12027;33186.71;50;3.31;1;1
12028;33137.83;50;3.32;1;1
12029;33137.83;50;3.31;1;1
12030;33137.83;50;3.31;1;1
12031;33137.83;50;3.31;1;1
12032;33137.83;50;3.31;1;1
12033;33137.83;50;3.31;1;1
12034;33137.83;50;3.31;1;1
12035;33137.83;50;3.31;1;1
12036;33137.83;50;3.31;1;1
12037;33137.83;50;3.31;1;1
12038;33137.83;50;3.31;1;1
12039;33137.83;50;3.31;1;1
12040;33186.71;50;3.31;1;1
12041;33137.83;50;3.32;1;1
12042;33186.71;50;3.31;1;1
12043;33137.83;50;3.32;1;1
12044;33186.71;50;3.31;1;1
12045;33137.83;50;3.32;1;1
12046;33186.71;50;3.31;1;1
12047;33137.83;50;3.32;1;1
12048;33186.71;50;3.31;1;1
12049;33137.83;50;3.32;1;1
12050;33186.71;50;3.31;1;1
12051;33137.83;50;3.32;1;1
12052;33186.71;50;3.31;1;1
12053;33137.83;50;3.32;1;1
12054;33137.83;50;3.31;1;1
12055;33137.83;50;3.31;1;1
12056;33186.71;50;3.31;1;1
12057;33137.83;50;3.32;1;1
12058;33186.71;50;3.31;1;1
12059;33137.83;50;3.32;1;1
12060;33186.71;50;3.31;1;1
12061;33137.83;50;3.32;1;1
12062;33186.71;50;3.31;1;1
12063;33137.83;50;3.32;1;1
12064;33186.71;50;3.31;1;1
12065;33137.83;50;3.32;1;1
12066;33186.71;50;3.31;1;1
12067;33137.83;50;3.32;1;1
12068;33186.71;50;3.31;1;1
12069;33137.83;50;3.32;1;1
12070;33186.71;50;3.31;1;1
12071;33137.83;50;3.32;1;1
12072;33186.71;50;3.31;1;1
12073;33137.83;50;3.32;1;1
12074;33186.71;50;3.31;1;1
12075;33137.83;50;3.32;1;1
12076;33186.71;50;3.31;1;1
12077;33137.83;50;3.32;1;1
12078;33186.71;50;3.31;1;1
12079;33137.83;50;3.32;1;1
12080;33186.71;50;3.31;1;1
12081;33137.83;50;3.32;1;1
12082;33186.71;50;3.31;1;1
12083;33137.83;50;3.32;1;1
12084;33186.71;50;3.31;1;1
12085;33137.83;50;3.32;1;1
12086;33186.71;50;3.31;1;1
12087;33137.83;50;3.32;1;1
12088;33186.71;50;3.31;1;1
12089;33137.83;50;3.32;1;1
12090;33186.71;50;3.31;1;1
12091;33137.83;50;3.32;1;1
12092;33186.71;50;3.31;1;1
12093;33137.83;50;3.32;1;1
12094;33186.71;50;3.31;1;1
12095;33137.83;50;3.32;1;1
12096;33186.71;50;3.31;1;1
12097;33137.83;50;3.32;1;1
12098;33186.71;50;3.31;1;1
12099;33137.83;50;3.32;1;1
12100;33186.71;50;3.31;1;1
12101;33137.83;50;3.32;1;1
12102;33186.71;50;3.31;1;1
12103;33137.83;50;3.32;1;1
12104;33186.71;50;3.31;1;1
12105;33137.83;50;3.32;1;1
12106;33186.71;50;3.31;1;1
12107;33137.83;50;3.32;1;1
12108;33137.83;50;3.31;1;1
12109;33137.83;50;3.31;1;1
12110;33186.71;50;3.31;1;1
12111;33137.83;50;3.32;1;1
12112;33137.83;50;3.31;1;1
12113;33137.83;50;3.31;1;1
12114;33137.83;50;3.31;1;1
12115;33137.83;50;3.31;1;1
12116;33137.83;50;3.31;1;1
12117;33137.83;50;3.31;1;1
12118;33137.83;50;3.31;1;1
12119;33137.83;50;3.31;1;1
12120;33137.83;50;3.31;1;1
12121;33137.83;50;3.31;1;1
12122;33186.71;50;3.31;1;1
12123;33137.83;50;3.32;1;1
12124;33137.83;50;3.31;1;1
12125;33186.71;50;3.31;1;1
12126;33137.83;50;3.32;1;1
12127;33186.71;50;3.31;1;1
12128;33137.83;50;3.32;1;1
12129;33186.71;50;3.31;1;1
12130;33137.83;50;3.32;1;1
12131;33186.71;50;3.31;1;1
12132;33137.83;50;3.32;1;1
12133;33186.71;50;3.31;1;1
12134;33137.83;50;3.32;1;1
12135;33186.71;50;3.31;1;1
12136;33137.83;50;3.32;1;1
12137;33137.83;50;3.31;1;1
12138;33137.83;50;3.31;1;1
12139;33186.71;50;3.31;1;1
12140;33137.83;50;3.32;1;1
12141;33186.71;50;3.31;1;1
12142;33137.83;50;3.32;1;1
12143;33186.71;50;3.31;1;1
12144;33137.83;50;3.32;1;1
12145;33186.71;50;3.31;1;1
12146;33137.83;50;3.32;1;1
12147;33186.71;50;3.31;1;1
12148;33137.83;50;3.32;1;1
12149;33186.71;50;3.31;1;1
12150;33137.83;50;3.32;1;1
12151;33186.71;50;3.31;1;1
12152;33137.83;50;3.32;1;1
12153;33186.71;50;3.31;1;1
12154;33137.83;50;3.32;1;1
12155;33186.71;50;3.31;1;1
12156;33137.83;50;3.32;1;1
12157;33186.71;50;3.31;1;1
12158;33137.83;50;3.32;1;1
12159;33186.71;50;3.31;1;1
12160;33137.83;50;3.32;1;1
12161;33186.71;50;3.31;1;1
12162;33137.83;50;3.32;1;1
12163;33186.71;50;3.31;1;1
12164;33137.83;50;3.32;1;1
12165;33186.71;50;3.31;1;1
12166;33137.83;50;3.32;1;1
12167;33186.71;50;3.31;1;1
12168;33137.83;50;3.32;1;1
12169;33186.71;50;3.31;1;1
12170;33137.83;50;3.32;1;1
12171;33186.71;50;3.31;1;1
12172;33137.83;50;3.32;1;1
12173;33186.71;50;3.31;1;1
12174;33137.83;50;3.32;1;1
12175;33186.71;50;3.31;1;1
12176;33137.83;50;3.32;1;1
12177;33186.71;50;3.31;1;1
12178;33137.83;50;3.32;1;1
12179;33186.71;50;3.31;1;1
12180;33137.83;50;3.32;1;1
12181;33186.71;50;3.31;1;1
12182;33137.83;50;3.32;1;1
12183;33186.71;50;3.31;1;1
12184;33137.83;50;3.32;1;1
12185;33186.71;50;3.31;1;1
12186;33137.83;50;3.32;1;1
12187;33186.71;50;3.31;1;1
12188;33137.83;50;3.32;1;1
12189;33186.71;50;3.31;1;1
12190;33137.83;50;3.32;1;1
12191;33186.71;50;3.31;1;1
12192;33137.83;50;3.32;1;1
12193;33186.71;50;3.31;1;1
12194;33137.83;50;3.32;1;1
12195;33186.71;50;3.31;1;1
12196;33137.83;50;3.32;1;1
12197;33137.83;50;3.31;1;1
12198;33137.83;50;3.31;1;1
12199;33186.71;50;3.31;1;1
12200;33137.83;50;3.32;1;1
12201;33186.71;50;3.31;1;1
12202;33137.83;50;3.32;1;1
12203;33137.83;50;3.31;1;1
12204;33137.83;50;3.31;1;1
12205;33186.71;50;3.31;1;1
12206;33137.83;50;3.32;1;1
12207;33137.83;50;3.31;1;1
12208;33137.83;50;3.31;1;1
12209;33137.83;50;3.31;1;1
12210;33137.83;50;3.31;1;1
12211;33137.83;50;3.31;1;1
12212;33186.71;50;3.31;1;1
12213;33137.83;50;3.32;1;1
12214;33186.71;50;3.31;1;1
12215;33137.83;50;3.32;1;1
12216;33186.71;50;3.31;1;1
12217;33137.83;50;3.32;1;1
12218;33186.71;50;3.31;1;1
12219;33137.83;50;3.32;1;1
12220;33186.71;50;3.31;1;1
12221;33137.83;50;3.32;1;1
12222;33186.71;50;3.31;1;1
12223;33137.83;50;3.32;1;1
12224;33186.71;50;3.31;1;1
12225;33137.83;50;3.32;1;1
12226;33186.71;50;3.31;1;1
12227;33137.83;50;3.32;1;1
12228;33186.71;50;3.31;1;1
12229;33137.83;50;3.32;1;1
12230;33186.71;50;3.31;1;1
12231;33137.83;50;3.32;1;1
12232;33186.71;50;3.31;1;1
12233;33137.83;50;3.32;1;1
12234;33186.71;50;3.31;1;1
12235;33137.83;50;3.32;1;1
12236;33186.71;50;3.31;1;1
12237;33137.83;50;3.32;1;1
12238;33186.71;50;3.31;1;1
12239;33137.83;50;3.32;1;1
12240;33186.71;50;3.31;1;1
12241;33137.83;50;3.32;1;1
12242;33186.71;50;3.31;1;1
12243;33137.83;50;3.32;1;1
12244;33186.71;50;3.31;1;1
12245;33137.83;50;3.32;1;1
12246;33186.71;50;3.31;1;1
12247;33137.83;50;3.32;1;1
12248;33186.71;50;3.31;1;1
12249;33137.83;50;3.32;1;1
12250;33186.71;50;3.31;1;1
12251;33137.83;50;3.32;1;1
12252;33186.71;50;3.31;1;1
12253;33137.83;50;3.32;1;1
12254;33186.71;50;3.31;1;1
12255;33137.83;50;3.32;1;1
12256;33186.71;50;3.31;1;1
12257;33137.83;50;3.32;1;1
12258;33186.71;50;3.31;1;1
12259;33137.83;50;3.32;1;1
12260;33186.71;50;3.31;1;1
12261;33137.83;50;3.32;1;1
12262;33186.71;50;3.31;1;1
12263;33137.83;50;3.32;1;1
12264;33186.71;50;3.31;1;1
12265;33137.83;50;3.32;1;1
12266;33186.71;50;3.31;1;1
12267;33137.83;50;3.32;1;1
12268;33186.71;50;3.31;1;1
12269;33137.83;50;3.32;1;1
12270;33186.71;50;3.31;1;1
12271;33137.83;50;3.32;1;1
12272;33186.71;50;3.31;1;1
12273;33137.83;50;3.32;1;1
12274;33186.71;50;3.31;1;1
12275;33137.83;50;3.32;1;1
12276;33186.71;50;3.31;1;1
12277;33137.83;50;3.32;1;1
12278;33186.71;50;3.31;1;1
12279;33137.83;50;3.32;1;1
12280;33186.71;50;3.31;1;1
12281;33137.83;50;3.32;1;1
12282;33186.71;50;3.31;1;1
12283;33137.83;50;3.32;1;1
12284;33186.71;50;3.31;1;1
12285;33137.83;50;3.32;1;1
12286;33186.71;50;3.31;1;1
12287;33137.83;50;3.32;1;1
12288;33186.71;50;3.31;1;1
12289;33137.83;50;3.32;1;1
12290;33186.71;50;3.31;1;1
12291;33137.83;50;3.32;1;1
12292;33186.71;50;3.31;1;1
12293;33137.83;50;3.32;1;1
12294;33186.71;50;3.31;1;1
12295;33137.83;50;3.32;1;1
12296;33186.71;50;3.31;1;1
12297;33137.83;50;3.32;1;1
12298;33186.71;50;3.31;1;1
12299;33137.83;50;3.32;1;1
12300;33186.71;50;3.31;1;1
12301;33137.83;50;3.32;1;1
12302;33186.71;50;3.31;1;1
12303;33137.83;50;3.32;1;1
12304;33186.71;50;3.31;1;1
12305;33137.83;50;3.32;1;1
12306;33137.83;50;3.31;1;1
12307;33137.83;50;3.31;1;1
12308;33186.71;50;3.31;1;1
12309;33137.83;50;3.32;1;1
12310;33186.71;50;3.31;1;1
12311;33137.83;50;3.32;1;1
12312;33186.71;50;3.31;1;1
12313;33137.83;50;3.32;1;1
12314;33186.71;50;3.31;1;1
12315;33137.83;50;3.32;1;1
12316;33186.71;50;3.31;1;1
12317;33137.83;50;3.32;1;1
12318;33186.71;50;3.31;1;1
12319;33137.83;50;3.32;1;1
12320;33186.71;50;3.31;1;1
12321;33137.83;50;3.32;1;1
12322;33186.71;50;3.31;1;1
12323;33137.83;50;3.32;1;1
12324;33186.71;50;3.31;1;1
12325;33137.83;50;3.32;1;1
12326;33137.83;50;3.31;1;1
12327;33137.83;50;3.31;1;1
12328;33137.83;50;3.31;1;1
12329;33137.83;50;3.31;1;1
12330;33137.83;50;3.31;1;1
12331;33137.83;50;3.31;1;1
12332;33186.71;50;3.31;1;1
12333;33137.83;50;3.32;1;1
12334;33137.83;50;3.31;1;1
12335;33137.83;50;3.31;1;1
12336;33137.83;50;3.31;1;1
12337;33137.83;50;3.31;1;1
12338;33186.71;50;3.31;1;1
12339;33137.83;50;3.32;1;1
12340;33137.83;50;3.31;1;1
12341;33137.83;50;3.31;1;1
12342;33137.83;50;3.31;1;1
12343;33137.83;50;3.31;1;1
12344;33137.83;50;3.31;1;1
12345;33137.83;50;3.31;1;1
12346;33137.83;50;3.31;1;1
12347;33186.71;50;3.31;1;1
12348;33137.83;50;3.32;1;1
12349;33186.71;50;3.31;1;1
12350;33137.83;50;3.32;1;1
12351;33186.71;50;3.31;1;1
12352;33137.83;50;3.32;1;1
12353;33186.71;50;3.31;1;1
12354;33137.83;50;3.32;1;1
12355;33186.71;50;3.31;1;1
12356;33137.83;50;3.32;1;1
12357;33186.71;50;3.31;1;1
12358;33137.83;50;3.32;1;1
12359;33186.71;50;3.31;1;1
12360;33137.83;50;3.32;1;1
12361;33186.71;50;3.31;1;1
12362;33137.83;50;3.32;1;1
12363;33186.71;50;3.31;1;1
12364;33137.83;50;3.32;1;1
12365;33186.71;50;3.31;1;1
12366;33137.83;50;3.32;1;1
12367;33186.71;50;3.31;1;1
12368;33137.83;50;3.32;1;1
12369;33186.71;50;3.31;1;1
12370;33137.83;50;3.32;1;1
12371;33186.71;50;3.31;1;1
12372;33137.83;50;3.32;1;1
12373;33186.71;50;3.31;1;1
12374;33137.83;50;3.32;1;1
12375;33186.71;50;3.31;1;1
12376;33137.83;50;3.32;1;1
12377;33186.71;50;3.31;1;1
12378;33137.83;50;3.32;1;1
12379;33186.71;50;3.31;1;1
12380;33137.83;50;3.32;1;1
12381;33186.71;50;3.31;1;1
12382;33137.83;50;3.32;1;1
12383;33186.71;50;3.31;1;1
12384;33137.83;50;3.32;1;1
12385;33186.71;50;3.31;1;1
12386;33137.83;50;3.32;1;1
12387;33186.71;50;3.31;1;1
12388;33137.83;50;3.32;1;1
12389;33186.71;50;3.31;1;1
12390;33137.83;50;3.32;1;1
12391;33186.71;50;3.31;1;1
12392;33137.83;50;3.32;1;1
12393;33186.71;50;3.31;1;1
12394;33137.83;50;3.32;1;1
12395;33186.71;50;3.31;1;1
12396;33137.83;50;3.32;1;1
12397;33186.71;50;3.31;1;1
12398;33137.83;50;3.32;1;1
12399;33186.71;50;3.31;1;1
12400;33137.83;50;3.32;1;1
12401;33186.71;50;3.31;1;1
12402;33137.83;50;3.32;1;1
12403;33186.71;50;3.31;1;1
12404;33137.83;50;3.32;1;1
12405;33137.83;50;3.31;1;1
12406;33137.83;50;3.31;1;1
12407;33186.71;50;3.31;1;1
12408;33137.83;50;3.32;1;1
12409;33186.71;50;3.31;1;1
12410;33137.83;50;3.32;1;1
12411;33186.71;50;3.31;1;1
12412;33137.83;50;3.32;1;1
12413;33186.71;50;3.31;1;1
12414;33137.83;50;3.32;1;1
12415;33137.83;50;3.31;1;1
12416;33186.71;50;3.31;1;1
12417;33137.83;50;3.32;1;1
12418;33137.83;50;3.31;1;1
12419;33137.83;50;3.31;1;1
12420;33186.71;50;3.31;1;1
12421;33137.83;50;3.32;1;1
12422;33186.71;50;3.31;1;1
12423;33137.83;50;3.32;1;1
12424;33186.71;50;3.31;1;1
12425;33137.83;50;3.32;1;1
12426;33186.71;50;3.31;1;1
12427;33137.83;50;3.32;1;1
12428;33186.71;50;3.31;1;1
12429;33137.83;50;3.32;1;1
12430;33186.71;50;3.31;1;1
12431;33137.83;50;3.32;1;1
12432;33186.71;50;3.31;1;1
12433;33137.83;50;3.32;1;1
12434;33186.71;50;3.31;1;1
12435;33137.83;50;3.32;1;1
12436;33186.71;50;3.31;1;1
12437;33137.83;50;3.32;1;1
12438;33186.71;50;3.31;1;1
12439;33137.83;50;3.32;1;1
12440;33186.71;50;3.31;1;1
12441;33137.83;50;3.32;1;1
12442;33186.71;50;3.31;1;1
12443;33137.83;50;3.32;1;1
12444;33186.71;50;3.31;1;1
12445;33137.83;50;3.32;1;1
12446;33186.71;50;3.31;1;1
12447;33137.83;50;3.32;1;1
12448;33186.71;50;3.31;1;1
12449;33137.83;50;3.32;1;1
12450;33186.71;50;3.31;1;1
12451;33137.83;50;3.32;1;1
12452;33186.71;50;3.31;1;1
12453;33137.83;50;3.32;1;1
12454;33186.71;50;3.31;1;1
12455;33137.83;50;3.32;1;1
12456;33186.71;50;3.31;1;1
12457;33137.83;50;3.32;1;1
12458;33186.71;50;3.31;1;1
12459;33137.83;50;3.32;1;1
12460;33186.71;50;3.31;1;1
12461;33137.83;50;3.32;1;1
12462;33186.71;50;3.31;1;1
12463;33137.83;50;3.32;1;1
12464;33186.71;50;3.31;1;1
12465;33137.83;50;3.32;1;1
12466;33186.71;50;3.31;1;1
12467;33137.83;50;3.32;1;1
12468;33186.71;50;3.31;1;1
12469;33137.83;50;3.32;1;1
12470;33186.71;50;3.31;1;1
12471;33137.83;50;3.32;1;1
12472;33186.71;50;3.31;1;1
12473;33137.83;50;3.32;1;1
12474;33186.71;50;3.31;1;1
12475;33137.83;50;3.32;1;1
12476;33186.71;50;3.31;1;1
12477;33137.83;50;3.32;1;1
12478;33186.71;50;3.31;1;1
12479;33137.83;50;3.32;1;1
12480;33186.71;50;3.31;1;1
12481;33137.83;50;3.32;1;1
12482;33186.71;50;3.31;1;1
12483;33137.83;50;3.32;1;1
12484;33186.71;50;3.31;1;1
12485;33137.83;50;3.32;1;1
12486;33186.71;50;3.31;1;1
12487;33137.83;50;3.32;1;1
12488;33137.83;50;3.31;1;1
12489;33137.83;50;3.31;1;1
12490;33186.71;50;3.31;1;1
12491;33137.83;50;3.32;1;1
12492;33137.83;50;3.31;1;1
12493;33137.83;50;3.31;1;1
12494;33137.83;50;3.31;1;1
12495;33137.83;50;3.31;1;1
12496;33137.83;50;3.31;1;1
12497;33186.71;50;3.31;1;1
12498;33186.71;50;3.32;1;1
12499;33186.71;50;3.32;1;1
12500;33137.83;50;3.32;1;1
12501;33186.71;50;3.31;1;1
12502;33137.83;50;3.32;1;1
12503;33186.71;50;3.31;1;1
12504;33137.83;50;3.32;1;1
12505;33186.71;50;3.31;1;1
12506;33137.83;50;3.32;1;1
12507;33186.71;50;3.31;1;1
12508;33137.83;50;3.32;1;1
12509;33186.71;50;3.31;1;1
12510;33137.83;50;3.32;1;1
12511;33186.71;50;3.31;1;1
12512;33137.83;50;3.32;1;1
12513;33186.71;50;3.31;1;1
12514;33137.83;50;3.32;1;1
12515;33186.71;50;3.31;1;1
12516;33137.83;50;3.32;1;1
12517;33186.71;50;3.31;1;1
12518;33137.83;50;3.32;1;1
12519;33186.71;50;3.31;1;1
12520;33137.83;50;3.32;1;1
12521;33186.71;50;3.31;1;1
12522;33137.83;50;3.32;1;1
12523;33186.71;50;3.31;1;1
12524;33137.83;50;3.32;1;1
12525;33186.71;50;3.31;1;1
12526;33137.83;50;3.32;1;1
12527;33186.71;50;3.31;1;1
12528;33137.83;50;3.32;1;1
12529;33186.71;50;3.31;1;1
12530;33137.83;50;3.32;1;1
12531;33186.71;50;3.31;1;1
12532;33137.83;50;3.32;1;1
12533;33186.71;50;3.31;1;1
12534;33137.83;50;3.32;1;1
12535;33186.71;50;3.31;1;1
12536;33137.83;50;3.32;1;1
12537;33186.71;50;3.31;1;1
12538;33137.83;50;3.32;1;1
12539;33186.71;50;3.31;1;1
12540;33137.83;50;3.32;1;1
12541;33186.71;50;3.31;1;1
12542;33137.83;50;3.32;1;1
12543;33186.71;50;3.31;1;1
12544;33137.83;50;3.32;1;1
12545;33186.71;50;3.31;1;1
12546;33137.83;50;3.32;1;1
12547;33186.71;50;3.31;1;1
12548;33137.83;50;3.32;1;1
12549;33186.71;50;3.31;1;1
12550;33137.83;50;3.32;1;1
12551;33186.71;50;3.31;1;1
12552;33137.83;50;3.32;1;1
12553;33186.71;50;3.31;1;1
12554;33137.83;50;3.32;1;1
12555;33186.71;50;3.31;1;1
12556;33137.83;50;3.32;1;1
12557;33186.71;50;3.31;1;1
12558;33137.83;50;3.32;1;1
12559;33186.71;50;3.31;1;1
12560;33137.83;50;3.32;1;1
12561;33186.71;50;3.31;1;1
12562;33137.83;50;3.32;1;1
12563;33186.71;50;3.31;1;1
12564;33137.83;50;3.32;1;1
12565;33186.71;50;3.31;1;1
12566;33137.83;50;3.32;1;1
12567;33186.71;50;3.31;1;1
12568;33137.83;50;3.32;1;1
12569;33186.71;50;3.31;1;1
12570;33137.83;50;3.32;1;1
12571;33137.83;50;3.31;1;1
12572;33137.83;50;3.31;1;1
12573;33137.83;50;3.31;1;1
12574;33137.83;50;3.31;1;1
12575;33137.83;50;3.31;1;1
12576;33137.83;50;3.31;1;1
12577;33137.83;50;3.31;1;1
12578;33186.71;50;3.31;1;1
12579;33137.83;50;3.32;1;1
12580;33137.83;50;3.31;1;1
12581;33137.83;50;3.31;1;1
12582;33186.71;50;3.31;1;1
12583;33186.71;50;3.32;1;1
12584;33186.71;50;3.32;1;1
12585;33186.71;50;3.32;1;1
12586;33186.71;50;3.32;1;1
12587;33137.83;50;3.32;1;1
12588;33186.71;50;3.31;1;1
12589;33137.83;50;3.32;1;1
12590;33186.71;50;3.31;1;1
12591;33137.83;50;3.32;1;1
12592;33186.71;50;3.31;1;1
12593;33137.83;50;3.32;1;1
12594;33186.71;50;3.31;1;1
12595;33137.83;50;3.32;1;1
12596;33186.71;50;3.31;1;1
12597;33137.83;50;3.32;1;1
12598;33186.71;50;3.31;1;1
12599;33137.83;50;3.32;1;1
12600;33186.71;50;3.31;1;1
12601;33137.83;50;3.32;1;1
12602;33186.71;50;3.31;1;1
12603;33137.83;50;3.32;1;1
12604;33186.71;50;3.31;1;1
12605;33137.83;50;3.32;1;1
12606;33186.71;50;3.31;1;1
12607;33137.83;50;3.32;1;1
12608;33186.71;50;3.31;1;1
12609;33137.83;50;3.32;1;1
12610;33186.71;50;3.31;1;1
12611;33137.83;50;3.32;1;1
12612;33186.71;50;3.31;1;1
12613;33137.83;50;3.32;1;1
12614;33186.71;50;3.31;1;1
12615;33137.83;50;3.32;1;1
12616;33186.71;50;3.31;1;1
12617;33137.83;50;3.32;1;1
12618;33186.71;50;3.31;1;1
12619;33137.83;50;3.32;1;1
12620;33186.71;50;3.31;1;1
12621;33137.83;50;3.32;1;1
12622;33186.71;50;3.31;1;1
12623;33137.83;50;3.32;1;1
12624;33186.71;50;3.31;1;1
12625;33137.83;50;3.32;1;1
12626;33186.71;50;3.31;1;1
12627;33137.83;50;3.32;1;1
12628;33186.71;50;3.31;1;1
12629;33137.83;50;3.32;1;1
12630;33186.71;50;3.31;1;1
12631;33137.83;50;3.32;1;1
12632;33186.71;50;3.31;1;1
12633;33137.83;50;3.32;1;1
12634;33186.71;50;3.31;1;1
12635;33137.83;50;3.32;1;1
12636;33186.71;50;3.31;1;1
12637;33137.83;50;3.32;1;1
12638;33186.71;50;3.31;1;1
12639;33137.83;50;3.32;1;1
12640;33186.71;50;3.31;1;1
12641;33137.83;50;3.32;1;1
12642;33186.71;50;3.31;1;1
12643;33137.83;50;3.32;1;1
12644;33186.71;50;3.31;1;1
12645;33137.83;50;3.32;1;1
12646;33186.71;50;3.31;1;1
12647;33137.83;50;3.32;1;1
12648;33186.71;50;3.31;1;1
12649;33137.83;50;3.32;1;1
12650;33186.71;50;3.31;1;1
12651;33137.83;50;3.32;1;1
12652;33137.83;50;3.31;1;1
12653;33137.83;50;3.31;1;1
12654;33186.71;50;3.31;1;1
12655;33137.83;50;3.32;1;1
12656;33137.83;50;3.31;1;1
12657;33137.83;50;3.31;1;1
12658;33137.83;50;3.31;1;1
12659;33137.83;50;3.31;1;1
12660;33137.83;50;3.31;1;1
12661;33137.83;50;3.31;1;1
12662;33137.83;50;3.31;1;1
12663;33137.83;50;3.31;1;1
12664;33137.83;50;3.31;1;1
12665;33137.83;50;3.31;1;1
12666;33137.83;50;3.31;1;1
12667;33186.71;50;3.31;1;1
12668;33137.83;50;3.32;1;1
12669;33186.71;50;3.31;1;1
12670;33137.83;50;3.32;1;1
12671;33186.71;50;3.31;1;1
12672;33137.83;50;3.32;1;1
12673;33186.71;50;3.31;1;1
12674;33137.83;50;3.32;1;1
12675;33186.71;50;3.31;1;1
12676;33137.83;50;3.32;1;1
12677;33186.71;50;3.31;1;1
12678;33137.83;50;3.32;1;1
12679;33186.71;50;3.31;1;1
12680;33137.83;50;3.32;1;1
12681;33186.71;50;3.31;1;1
12682;33137.83;50;3.32;1;1
12683;33186.71;50;3.31;1;1
12684;33137.83;50;3.32;1;1
12685;33186.71;50;3.31;1;1
12686;33137.83;50;3.32;1;1
12687;33186.71;50;3.31;1;1
12688;33137.83;50;3.32;1;1
12689;33186.71;50;3.31;1;1
12690;33137.83;50;3.32;1;1
12691;33186.71;50;3.31;1;1
12692;33137.83;50;3.32;1;1
12693;33186.71;50;3.31;1;1
12694;33137.83;50;3.32;1;1
12695;33186.71;50;3.31;1;1
12696;33137.83;50;3.32;1;1
12697;33186.71;50;3.31;1;1
12698;33137.83;50;3.32;1;1
12699;33186.71;50;3.31;1;1
12700;33137.83;50;3.32;1;1
12701;33186.71;50;3.31;1;1
12702;33137.83;50;3.32;1;1
12703;33186.71;50;3.31;1;1
12704;33137.83;50;3.32;1;1
12705;33186.71;50;3.31;1;1
12706;33137.83;50;3.32;1;1
12707;33186.71;50;3.31;1;1
12708;33186.71;50;3.32;1;1
12709;33186.71;50;3.32;1;1
12710;33137.83;50;3.32;1;1
12711;33186.71;50;3.31;1;1
12712;33186.71;50;3.32;1;1
12713;33186.71;50;3.32;1;1
12714;33137.83;50;3.32;1;1
12715;33186.71;50;3.31;1;1
12716;33137.83;50;3.32;1;1
12717;33186.71;50;3.31;1;1
12718;33137.83;50;3.32;1;1
12719;33186.71;50;3.31;1;1
12720;33186.71;50;3.32;1;1
12721;33186.71;50;3.32;1;1
12722;33137.83;50;3.32;1;1
12723;33186.71;50;3.31;1;1
12724;33186.71;50;3.32;1;1
12725;33186.71;50;3.32;1;1
12726;33186.71;50;3.32;1;1
12727;33186.71;50;3.32;1;1
12728;33186.71;50;3.32;1;1
12729;33186.71;50;3.32;1;1
12730;33137.83;50;3.32;1;1
12731;33186.71;50;3.31;1;1
12732;33186.71;50;3.32;1;1
12733;33186.71;50;3.32;1;1
12734;33186.71;50;3.32;1;1
12735;33186.71;50;3.32;1;1
12736;33186.71;50;3.32;1;1
12737;33186.71;50;3.32;1;1
12738;33186.71;50;3.32;1;1
12739;33186.71;50;3.32;1;1
12740;33186.71;50;3.32;1;1
12741;33186.71;50;3.32;1;1
12742;33186.71;50;3.32;1;1
12743;33186.71;50;3.32;1;1
12744;33186.71;50;3.32;1;1
12745;33186.71;50;3.32;1;1
12746;33186.71;50;3.32;1;1
12747;33186.71;50;3.32;1;1
12748;33186.71;50;3.32;1;1
12749;33186.71;50;3.32;1;1
12750;33186.71;50;3.32;1;1
12751;33186.71;50;3.32;1;1
12752;33186.71;50;3.32;1;1
12753;33186.71;50;3.32;1;1
12754;33186.71;50;3.32;1;1
12755;33186.71;50;3.32;1;1
12756;33186.71;50;3.32;1;1
12757;33186.71;50;3.32;1;1
12758;33186.71;50;3.32;1;1
12759;33186.71;50;3.32;1;1
12760;33186.71;50;3.32;1;1
12761;33186.71;50;3.32;1;1
12762;33186.71;50;3.32;1;1
12763;33186.71;50;3.32;1;1
12764;33186.71;50;3.32;1;1
12765;33186.71;50;3.32;1;1
12766;33186.71;50;3.32;1;1
12767;33186.71;50;3.32;1;1
12768;33186.71;50;3.32;1;1
12769;33186.71;50;3.32;1;1
12770;33186.71;50;3.32;1;1
12771;33186.71;50;3.32;1;1
12772;33186.71;50;3.32;1;1
12773;33186.71;50;3.32;1;1
12774;33186.71;50;3.32;1;1
12775;33186.71;50;3.32;1;1
12776;33235.58;50;3.32;1;1
12777;33235.58;50;3.32;1;1
12778;33235.58;50;3.32;1;1
12779;33186.71;50;3.32;1;1
12780;33235.58;50;3.32;1;1
12781;33235.58;50;3.32;1;1
12782;33235.58;50;3.32;1;1
12783;33235.58;50;3.32;1;1
12784;33235.58;50;3.32;1;1
12785;33235.58;50;3.32;1;1
12786;33235.58;50;3.32;1;1
12787;33235.58;50;3.32;1;1
12788;33235.58;50;3.32;1;1
12789;33235.58;50;3.32;1;1
12790;33235.58;50;3.32;1;1
12791;33235.58;50;3.32;1;1
12792;33235.58;50;3.32;1;1
12793;33235.58;50;3.32;1;1
12794;33235.58;50;3.32;1;1
12795;33235.58;50;3.32;1;1
12796;33235.58;50;3.32;1;1
12797;33235.58;50;3.32;1;1
12798;33284.46;50;3.32;1;1
12799;33235.58;50;3.33;1;1
12800;33235.58;50;3.32;1;1
12801;33235.58;50;3.32;1;1
12802;33284.46;50;3.32;1;1
12803;33235.58;50;3.33;1;1
12804;33284.46;50;3.32;1;1
12805;33235.58;50;3.33;1;1
12806;33284.46;50;3.32;1;1
12807;33235.58;50;3.33;1;1
12808;33235.58;50;3.32;1;1
12809;33186.71;50;3.32;1;1
12810;33235.58;50;3.32;1;1
12811;33235.58;50;3.32;1;1
12812;33284.46;50;3.32;1;1
12813;33235.58;50;3.33;1;1
12814;33284.46;50;3.32;1;1
12815;33235.58;50;3.33;1;1
12816;33284.46;50;3.32;1;1
12817;33186.71;50;3.33;1;1
12818;33284.46;50;3.32;1;1
12819;33235.58;50;3.33;1;1
12820;33284.46;50;3.32;1;1
12821;33235.58;50;3.33;1;1
12822;33284.46;50;3.32;1;1
12823;33235.58;50;3.33;1;1
12824;33284.46;50;3.32;1;1
12825;33186.71;50;3.33;1;1
12826;33284.46;50;3.32;1;1
12827;33235.58;50;3.33;1;1
12828;33284.46;50;3.32;1;1
12829;33186.71;50;3.33;1;1
12830;33235.58;50;3.32;1;1
12831;33235.58;50;3.32;1;1
12832;33284.46;50;3.32;1;1
12833;33235.58;50;3.33;1;1
12834;33284.46;50;3.32;1;1
12835;33235.58;50;3.33;1;1
12836;33284.46;50;3.32;1;1
12837;33235.58;50;3.33;1;1
12838;33284.46;50;3.32;1;1
12839;33235.58;50;3.33;1;1
12840;33235.58;50;3.32;1;1
12841;33235.58;50;3.32;1;1
12842;33284.46;50;3.32;1;1
12843;33235.58;50;3.33;1;1
12844;33284.46;50;3.32;1;1
12845;33235.58;50;3.33;1;1
12846;33284.46;50;3.32;1;1
12847;33235.58;50;3.33;1;1
12848;33284.46;50;3.32;1;1
12849;33235.58;50;3.33;1;1
12850;33284.46;50;3.32;1;1
12851;33235.58;50;3.33;1;1
12852;33284.46;50;3.32;1;1
12853;33235.58;50;3.33;1;1
12854;33284.46;50;3.32;1;1
12855;33235.58;50;3.33;1;1
12856;33284.46;50;3.32;1;1
12857;33235.58;50;3.33;1;1
12858;33284.46;50;3.32;1;1
12859;33235.58;50;3.33;1;1
12860;33284.46;50;3.32;1;1
12861;33235.58;50;3.33;1;1
12862;33284.46;50;3.32;1;1
12863;33235.58;50;3.33;1;1
12864;33284.46;50;3.32;1;1
12865;33235.58;50;3.33;1;1
12866;33284.46;50;3.32;1;1
12867;33235.58;50;3.33;1;1
12868;33284.46;50;3.32;1;1
12869;33235.58;50;3.33;1;1
12870;33235.58;50;3.32;1;1
12871;33235.58;50;3.32;1;1
12872;33284.46;50;3.32;1;1
12873;33235.58;50;3.33;1;1
12874;33235.58;50;3.32;1;1
12875;33235.58;50;3.32;1;1
12876;33284.46;50;3.32;1;1
12877;33235.58;50;3.33;1;1
12878;33235.58;50;3.32;1;1
12879;33235.58;50;3.32;1;1
12880;33235.58;50;3.32;1;1
12881;33235.58;50;3.32;1;1
12882;33235.58;50;3.32;1;1
12883;33235.58;50;3.32;1;1
12884;33235.58;50;3.32;1;1
12885;33235.58;50;3.32;1;1
12886;33235.58;50;3.32;1;1
12887;33235.58;50;3.32;1;1
12888;33235.58;50;3.32;1;1
12889;33235.58;50;3.32;1;1
12890;33235.58;50;3.32;1;1
12891;33235.58;50;3.32;1;1
12892;33235.58;50;3.32;1;1
12893;33235.58;50;3.32;1;1
12894;33235.58;50;3.32;1;1
12895;33235.58;50;3.32;1;1
12896;33235.58;50;3.32;1;1
12897;33235.58;50;3.32;1;1
12898;33235.58;50;3.32;1;1
12899;33235.58;50;3.32;1;1
12900;33235.58;50;3.32;1;1
12901;33235.58;50;3.32;1;1
12902;33235.58;50;3.32;1;1
12903;33235.58;50;3.32;1;1
12904;33235.58;50;3.32;1;1
12905;33235.58;50;3.32;1;1
12906;33235.58;50;3.32;1;1
12907;33235.58;50;3.32;1;1
12908;33235.58;50;3.32;1;1
12909;33235.58;50;3.32;1;1
12910;33235.58;50;3.32;1;1
12911;33235.58;50;3.32;1;1
12912;33235.58;50;3.32;1;1
12913;33235.58;50;3.32;1;1
12914;33235.58;50;3.32;1;1
12915;33235.58;50;3.32;1;1
12916;33235.58;50;3.32;1;1
12917;33235.58;50;3.32;1;1
12918;33235.58;50;3.32;1;1
12919;33235.58;50;3.32;1;1
12920;33235.58;50;3.32;1;1
12921;33235.58;50;3.32;1;1
12922;33235.58;50;3.32;1;1
12923;33235.58;50;3.32;1;1
12924;33235.58;50;3.32;1;1
12925;33235.58;50;3.32;1;1
12926;33235.58;50;3.32;1;1
12927;33235.58;50;3.32;1;1
12928;33235.58;50;3.32;1;1
12929;33235.58;50;3.32;1;1
12930;33235.58;50;3.32;1;1
12931;33235.58;50;3.32;1;1
12932;33235.58;50;3.32;1;1
12933;33235.58;50;3.32;1;1
12934;33235.58;50;3.32;1;1
12935;33235.58;50;3.32;1;1
12936;33235.58;50;3.32;1;1
12937;33235.58;50;3.32;1;1
12938;33235.58;50;3.32;1;1
12939;33235.58;50;3.32;1;1
12940;33235.58;50;3.32;1;1
12941;33235.58;50;3.32;1;1
12942;33235.58;50;3.32;1;1
12943;33235.58;50;3.32;1;1
12944;33235.58;50;3.32;1;1
12945;33235.58;50;3.32;1;1
12946;33235.58;50;3.32;1;1
12947;33235.58;50;3.32;1;1
12948;33235.58;50;3.32;1;1
12949;33235.58;50;3.32;1;1
12950;33235.58;50;3.32;1;1
12951;33235.58;50;3.32;1;1
12952;33235.58;50;3.32;1;1
12953;33235.58;50;3.32;1;1
12954;33235.58;50;3.32;1;1
12955;33235.58;50;3.32;1;1
12956;33186.71;50;3.32;1;1
12957;33235.58;50;3.32;1;1
12958;33235.58;50;3.32;1;1
12959;33235.58;50;3.32;1;1
12960;33235.58;50;3.32;1;1
12961;33235.58;50;3.32;1;1
12962;33186.71;50;3.32;1;1
12963;33284.46;50;3.32;1;1
12964;33235.58;50;3.33;1;1
12965;33235.58;50;3.32;1;1
12966;33186.71;50;3.32;1;1
12967;33284.46;50;3.32;1;1
12968;33235.58;50;3.33;1;1
12969;33235.58;50;3.32;1;1
12970;33235.58;50;3.32;1;1
12971;33284.46;50;3.32;1;1
12972;33235.58;50;3.33;1;1
12973;33235.58;50;3.32;1;1
12974;33235.58;50;3.32;1;1
12975;33284.46;50;3.32;1;1
12976;33235.58;50;3.33;1;1
12977;33284.46;50;3.32;1;1
12978;33235.58;50;3.33;1;1
12979;33284.46;50;3.32;1;1
12980;33235.58;50;3.33;1;1
12981;33235.58;50;3.32;1;1
12982;33235.58;50;3.32;1;1
12983;33235.58;50;3.32;1;1
12984;33186.71;50;3.32;1;1
12985;33284.46;50;3.32;1;1
12986;33235.58;50;3.33;1;1
12987;33284.46;50;3.32;1;1
12988;33235.58;50;3.33;1;1
12989;33284.46;50;3.32;1;1
12990;33235.58;50;3.33;1;1
12991;33235.58;50;3.32;1;1
12992;33235.58;50;3.32;1;1
12993;33235.58;50;3.32;1;1
12994;33186.71;50;3.32;1;1
12995;33235.58;50;3.32;1;1
12996;33186.71;50;3.32;1;1
12997;33284.46;50;3.32;1;1
12998;33235.58;50;3.33;1;1
12999;33235.58;50;3.32;1;1
13000;33235.58;50;3.32;1;1
13001;33235.58;50;3.32;1;1
13002;33235.58;50;3.32;1;1
13003;33235.58;50;3.32;1;1
13004;33235.58;50;3.32;1;1
13005;33235.58;50;3.32;1;1
13006;33235.58;50;3.32;1;1
13007;33235.58;50;3.32;1;1
13008;33235.58;50;3.32;1;1
13009;33235.58;50;3.32;1;1
13010;33235.58;50;3.32;1;1
13011;33235.58;50;3.32;1;1
13012;33235.58;50;3.32;1;1
13013;33235.58;50;3.32;1;1
13014;33235.58;50;3.32;1;1
13015;33235.58;50;3.32;1;1
13016;33235.58;50;3.32;1;1
13017;33235.58;50;3.32;1;1
13018;33235.58;50;3.32;1;1
13019;33235.58;50;3.32;1;1
13020;33235.58;50;3.32;1;1
13021;33235.58;50;3.32;1;1
13022;33235.58;50;3.32;1;1
13023;33235.58;50;3.32;1;1
13024;33235.58;50;3.32;1;1
13025;33235.58;50;3.32;1;1
13026;33235.58;50;3.32;1;1
13027;33235.58;50;3.32;1;1
13028;33235.58;50;3.32;1;1
13029;33235.58;50;3.32;1;1
13030;33235.58;50;3.32;1;1
13031;33235.58;50;3.32;1;1
13032;33235.58;50;3.32;1;1
13033;33235.58;50;3.32;1;1
13034;33235.58;50;3.32;1;1
13035;33235.58;50;3.32;1;1
13036;33235.58;50;3.32;1;1
13037;33235.58;50;3.32;1;1
13038;33235.58;50;3.32;1;1
13039;33235.58;50;3.32;1;1
13040;33235.58;50;3.32;1;1
13041;33235.58;50;3.32;1;1
13042;33235.58;50;3.32;1;1
13043;33186.71;50;3.32;1;1
13044;33235.58;50;3.32;1;1
13045;33186.71;50;3.32;1;1
13046;33235.58;50;3.32;1;1
13047;33186.71;50;3.32;1;1
13048;33235.58;50;3.32;1;1
13049;33186.71;50;3.32;1;1
13050;33235.58;50;3.32;1;1
13051;33186.71;50;3.32;1;1
13052;33235.58;50;3.32;1;1
13053;33186.71;50;3.32;1;1
13054;33235.58;50;3.32;1;1
13055;33186.71;50;3.32;1;1
13056;33235.58;50;3.32;1;1
13057;33186.71;50;3.32;1;1
13058;33235.58;50;3.32;1;1
13059;33186.71;50;3.32;1;1
13060;33235.58;50;3.32;1;1
13061;33186.71;50;3.32;1;1
13062;33235.58;50;3.32;1;1
13063;33186.71;50;3.32;1;1
13064;33235.58;50;3.32;1;1
13065;33186.71;50;3.32;1;1
13066;33235.58;50;3.32;1;1
13067;33186.71;50;3.32;1;1
13068;33235.58;50;3.32;1;1
13069;33186.71;50;3.32;1;1
13070;33235.58;50;3.32;1;1
13071;33186.71;50;3.32;1;1
13072;33235.58;50;3.32;1;1
13073;33186.71;50;3.32;1;1
13074;33235.58;50;3.32;1;1
13075;33186.71;50;3.32;1;1
13076;33235.58;50;3.32;1;1
13077;33186.71;50;3.32;1;1
13078;33235.58;50;3.32;1;1
13079;33186.71;50;3.32;1;1
13080;33235.58;50;3.32;1;1
13081;33186.71;50;3.32;1;1
13082;33235.58;50;3.32;1;1
13083;33186.71;50;3.32;1;1
13084;33235.58;50;3.32;1;1
13085;33186.71;50;3.32;1;1
13086;33235.58;50;3.32;1;1
13087;33186.71;50;3.32;1;1
13088;33235.58;50;3.32;1;1
13089;33186.71;50;3.32;1;1
13090;33235.58;50;3.32;1;1
13091;33186.71;50;3.32;1;1
13092;33235.58;50;3.32;1;1
13093;33186.71;50;3.32;1;1
13094;33235.58;50;3.32;1;1
13095;33186.71;50;3.32;1;1
13096;33235.58;50;3.32;1;1
13097;33186.71;50;3.32;1;1
13098;33235.58;50;3.32;1;1
13099;33186.71;50;3.32;1;1
13100;33235.58;50;3.32;1;1
13101;33186.71;50;3.32;1;1
13102;33235.58;50;3.32;1;1
13103;33186.71;50;3.32;1;1
13104;33235.58;50;3.32;1;1
13105;33186.71;50;3.32;1;1
13106;33186.71;50;3.32;1;1
13107;33186.71;50;3.32;1;1
13108;33186.71;50;3.32;1;1
13109;33186.71;50;3.32;1;1
13110;33186.71;50;3.32;1;1
13111;33186.71;50;3.32;1;1
13112;33186.71;50;3.32;1;1
13113;33186.71;50;3.32;1;1
13114;33186.71;50;3.32;1;1
13115;33186.71;50;3.32;1;1
13116;33186.71;50;3.32;1;1
13117;33186.71;50;3.32;1;1
13118;33186.71;50;3.32;1;1
13119;33186.71;50;3.32;1;1
13120;33186.71;50;3.32;1;1
13121;33186.71;50;3.32;1;1
13122;33186.71;50;3.32;1;1
13123;33186.71;50;3.32;1;1
13124;33186.71;50;3.32;1;1
13125;33186.71;50;3.32;1;1
13126;33186.71;50;3.32;1;1
13127;33186.71;50;3.32;1;1
13128;33186.71;50;3.32;1;1
13129;33186.71;50;3.32;1;1
13130;33186.71;50;3.32;1;1
13131;33186.71;50;3.32;1;1
13132;33186.71;50;3.32;1;1
13133;33186.71;50;3.32;1;1
13134;33186.71;50;3.32;1;1
13135;33186.71;50;3.32;1;1
13136;33186.71;50;3.32;1;1
13137;33186.71;50;3.32;1;1
13138;33186.71;50;3.32;1;1
13139;33186.71;50;3.32;1;1
13140;33186.71;50;3.32;1;1
13141;33186.71;50;3.32;1;1
13142;33186.71;50;3.32;1;1
13143;33186.71;50;3.32;1;1
13144;33186.71;50;3.32;1;1
13145;33235.58;50;3.32;1;1
13146;33186.71;50;3.32;1;1
13147;33235.58;50;3.32;1;1
13148;33186.71;50;3.32;1;1
13149;33235.58;50;3.32;1;1
13150;33186.71;50;3.32;1;1
13151;33235.58;50;3.32;1;1
13152;33186.71;50;3.32;1;1
13153;33235.58;50;3.32;1;1
13154;33186.71;50;3.32;1;1
13155;33235.58;50;3.32;1;1
13156;33186.71;50;3.32;1;1
13157;33235.58;50;3.32;1;1
13158;33186.71;50;3.32;1;1
13159;33186.71;50;3.32;1;1
13160;33186.71;50;3.32;1;1
13161;33235.58;50;3.32;1;1
13162;33186.71;50;3.32;1;1
13163;33235.58;50;3.32;1;1
13164;33186.71;50;3.32;1;1
13165;33235.58;50;3.32;1;1
13166;33186.71;50;3.32;1;1
13167;33186.71;50;3.32;1;1
13168;33186.71;50;3.32;1;1
13169;33235.58;50;3.32;1;1
13170;33186.71;50;3.32;1;1
13171;33235.58;50;3.32;1;1
13172;33186.71;50;3.32;1;1
13173;33235.58;50;3.32;1;1
13174;33186.71;50;3.32;1;1
13175;33235.58;50;3.32;1;1
13176;33186.71;50;3.32;1;1
13177;33235.58;50;3.32;1;1
13178;33186.71;50;3.32;1;1
13179;33235.58;50;3.32;1;1
13180;33186.71;50;3.32;1;1
13181;33186.71;50;3.32;1;1
13182;33186.71;50;3.32;1;1
13183;33235.58;50;3.32;1;1
13184;33186.71;50;3.32;1;1
13185;33235.58;50;3.32;1;1
13186;33186.71;50;3.32;1;1
13187;33235.58;50;3.32;1;1
13188;33186.71;50;3.32;1;1
13189;33235.58;50;3.32;1;1
13190;33186.71;50;3.32;1;1
13191;33235.58;50;3.32;1;1
13192;33186.71;50;3.32;1;1
13193;33235.58;50;3.32;1;1
13194;33186.71;50;3.32;1;1
13195;33235.58;50;3.32;1;1
13196;33186.71;50;3.32;1;1
13197;33186.71;50;3.32;1;1
13198;33186.71;50;3.32;1;1
13199;33235.58;50;3.32;1;1
13200;33186.71;50;3.32;1;1
13201;33235.58;50;3.32;1;1
13202;33186.71;50;3.32;1;1
13203;33235.58;50;3.32;1;1
13204;33186.71;50;3.32;1;1
13205;33235.58;50;3.32;1;1
13206;33186.71;50;3.32;1;1
13207;33235.58;50;3.32;1;1
13208;33186.71;50;3.32;1;1
13209;33235.58;50;3.32;1;1
13210;33186.71;50;3.32;1;1
13211;33235.58;50;3.32;1;1
13212;33186.71;50;3.32;1;1
13213;33235.58;50;3.32;1;1
13214;33186.71;50;3.32;1;1
13215;33235.58;50;3.32;1;1
13216;33186.71;50;3.32;1;1
13217;33235.58;50;3.32;1;1
13218;33186.71;50;3.32;1;1
13219;33235.58;50;3.32;1;1
13220;33186.71;50;3.32;1;1
13221;33235.58;50;3.32;1;1
13222;33186.71;50;3.32;1;1
13223;33235.58;50;3.32;1;1
13224;33186.71;50;3.32;1;1
13225;33235.58;50;3.32;1;1
13226;33186.71;50;3.32;1;1
13227;33235.58;50;3.32;1;1
13228;33186.71;50;3.32;1;1
13229;33235.58;50;3.32;1;1
13230;33186.71;50;3.32;1;1
13231;33235.58;50;3.32;1;1
13232;33186.71;50;3.32;1;1
13233;33235.58;50;3.32;1;1
13234;33235.58;50;3.32;1;1
13235;33235.58;50;3.32;1;1
13236;33235.58;50;3.32;1;1
13237;33284.46;50;3.32;1;1
13238;33235.58;50;3.33;1;1
13239;33284.46;50;3.32;1;1
13240;33235.58;50;3.33;1;1
13241;33284.46;50;3.32;1;1
13242;33284.46;50;3.33;1;1
13243;33284.46;50;3.33;1;1
13244;33235.58;50;3.33;1;1
13245;33284.46;50;3.32;1;1
13246;33284.46;50;3.33;1;1
13247;33284.46;50;3.33;1;1
13248;33284.46;50;3.33;1;1
13249;33284.46;50;3.33;1;1
13250;33284.46;50;3.33;1;1
13251;33284.46;50;3.33;1;1
13252;33284.46;50;3.33;1;1
13253;33284.46;50;3.33;1;1
13254;33284.46;50;3.33;1;1
13255;33284.46;50;3.33;1;1
13256;33284.46;50;3.33;1;1
13257;33284.46;50;3.33;1;1
13258;33284.46;50;3.33;1;1
13259;33284.46;50;3.33;1;1
13260;33284.46;50;3.33;1;1
13261;33284.46;50;3.33;1;1
13262;33284.46;50;3.33;1;1
13263;33284.46;50;3.33;1;1
13264;33284.46;50;3.33;1;1
13265;33284.46;50;3.33;1;1
13266;33284.46;50;3.33;1;1
13267;33284.46;50;3.33;1;1
13268;33284.46;50;3.33;1;1
13269;33284.46;50;3.33;1;1
13270;33284.46;50;3.33;1;1
13271;33284.46;50;3.33;1;1
13272;33284.46;50;3.33;1;1
13273;33284.46;50;3.33;1;1
13274;33284.46;50;3.33;1;1
13275;33284.46;50;3.33;1;1
13276;33284.46;50;3.33;1;1
13277;33284.46;50;3.33;1;1
13278;33284.46;50;3.33;1;1
13279;33284.46;50;3.33;1;1
13280;33284.46;50;3.33;1;1
13281;33284.46;50;3.33;1;1
13282;33284.46;50;3.33;1;1
13283;33284.46;50;3.33;1;1
13284;33284.46;50;3.33;1;1
13285;33284.46;50;3.33;1;1
13286;33284.46;50;3.33;1;1
13287;33284.46;50;3.33;1;1
13288;33284.46;50;3.33;1;1
13289;33284.46;50;3.33;1;1
13290;33284.46;50;3.33;1;1
13291;33284.46;50;3.33;1;1
13292;33284.46;50;3.33;1;1
13293;33284.46;50;3.33;1;1
13294;33333.33;50;3.33;1;1
13295;33284.46;50;3.33;1;1
13296;33333.33;50;3.33;1;1
13297;33284.46;50;3.33;1;1
13298;33284.46;50;3.33;1;1
13299;33284.46;50;3.33;1;1
13300;33284.46;50;3.33;1;1
13301;33284.46;50;3.33;1;1
13302;33333.33;50;3.33;1;1
13303;33284.46;50;3.33;1;1
13304;33284.46;50;3.33;1;1
13305;33284.46;50;3.33;1;1
13306;33333.33;50;3.33;1;1
13307;33284.46;50;3.33;1;1
13308;33333.33;50;3.33;1;1
13309;33284.46;50;3.33;1;1
13310;33333.33;50;3.33;1;1
13311;33284.46;50;3.33;1;1
13312;33284.46;50;3.33;1;1
13313;33284.46;50;3.33;1;1
13314;33333.33;50;3.33;1;1
13315;33333.33;50;3.33;1;1
13316;33333.33;50;3.33;1;1
13317;33284.46;50;3.33;1;1
13318;33333.33;50;3.33;1;1
13319;33284.46;50;3.33;1;1
13320;33284.46;50;3.33;1;1
13321;33284.46;50;3.33;1;1
13322;33333.33;50;3.33;1;1
13323;33284.46;50;3.33;1;1
13324;33333.33;50;3.33;1;1
13325;33284.46;50;3.33;1;1
13326;33333.33;50;3.33;1;1
13327;33284.46;50;3.33;1;1
13328;33333.33;50;3.33;1;1
13329;33284.46;50;3.33;1;1
13330;33333.33;50;3.33;1;1
13331;33284.46;50;3.33;1;1
13332;33333.33;50;3.33;1;1
13333;33284.46;50;3.33;1;1
13334;33333.33;50;3.33;1;1
13335;33284.46;50;3.33;1;1
13336;33333.33;50;3.33;1;1
13337;33284.46;50;3.33;1;1
13338;33333.33;50;3.33;1;1
13339;33284.46;50;3.33;1;1
13340;33333.33;50;3.33;1;1
13341;33284.46;50;3.33;1;1
13342;33333.33;50;3.33;1;1
13343;33284.46;50;3.33;1;1
13344;33333.33;50;3.33;1;1
13345;33284.46;50;3.33;1;1
13346;33333.33;50;3.33;1;1
13347;33284.46;50;3.33;1;1
13348;33333.33;50;3.33;1;1
13349;33284.46;50;3.33;1;1
13350;33333.33;50;3.33;1;1
13351;33284.46;50;3.33;1;1
13352;33333.33;50;3.33;1;1
13353;33284.46;50;3.33;1;1
13354;33333.33;50;3.33;1;1
13355;33284.46;50;3.33;1;1
13356;33333.33;50;3.33;1;1
13357;33284.46;50;3.33;1;1
13358;33333.33;50;3.33;1;1
13359;33284.46;50;3.33;1;1
13360;33333.33;50;3.33;1;1
13361;33284.46;50;3.33;1;1
13362;33333.33;50;3.33;1;1
13363;33284.46;50;3.33;1;1
13364;33333.33;50;3.33;1;1
13365;33284.46;50;3.33;1;1
13366;33333.33;50;3.33;1;1
13367;33284.46;50;3.33;1;1
13368;33333.33;50;3.33;1;1
13369;33284.46;50;3.33;1;1
13370;33333.33;50;3.33;1;1
13371;33284.46;50;3.33;1;1
13372;33333.33;50;3.33;1;1
13373;33284.46;50;3.33;1;1
13374;33284.46;50;3.33;1;1
13375;33284.46;50;3.33;1;1
13376;33333.33;50;3.33;1;1
13377;33284.46;50;3.33;1;1
13378;33333.33;50;3.33;1;1
13379;33284.46;50;3.33;1;1
13380;33333.33;50;3.33;1;1
13381;33284.46;50;3.33;1;1
13382;33333.33;50;3.33;1;1
13383;33284.46;50;3.33;1;1
13384;33333.33;50;3.33;1;1
13385;33333.33;50;3.33;1;1
13386;33333.33;50;3.33;1;1
13387;33284.46;50;3.33;1;1
13388;33333.33;50;3.33;1;1
13389;33284.46;50;3.33;1;1
13390;33333.33;50;3.33;1;1
13391;33333.33;50;3.33;1;1
13392;33333.33;50;3.33;1;1
13393;33333.33;50;3.33;1;1
13394;33333.33;50;3.33;1;1
13395;33284.46;50;3.33;1;1
13396;33333.33;50;3.33;1;1
13397;33284.46;50;3.33;1;1
13398;33333.33;50;3.33;1;1
13399;33333.33;50;3.33;1;1
13400;33333.33;50;3.33;1;1
13401;33284.46;50;3.33;1;1
13402;33333.33;50;3.33;1;1
13403;33284.46;50;3.33;1;1
13404;33333.33;50;3.33;1;1
13405;33284.46;50;3.33;1;1
13406;33333.33;50;3.33;1;1
13407;33284.46;50;3.33;1;1
13408;33333.33;50;3.33;1;1
13409;33333.33;50;3.33;1;1
13410;33284.46;50;3.33;1;1
13411;33333.33;50;3.33;1;1
13412;33284.46;50;3.33;1;1
13413;33333.33;50;3.33;1;1
13414;33333.33;50;3.33;1;1
13415;33333.33;50;3.33;1;1
13416;33333.33;50;3.33;1;1
13417;33333.33;50;3.33;1;1
13418;33333.33;50;3.33;1;1
13419;33333.33;50;3.33;1;1
13420;33333.33;50;3.33;1;1
13421;33333.33;50;3.33;1;1
13422;33333.33;50;3.33;1;1
13423;33333.33;50;3.33;1;1
13424;33333.33;50;3.33;1;1
13425;33333.33;50;3.33;1;1
13426;33284.46;50;3.33;1;1
13427;33333.33;50;3.33;1;1
13428;33284.46;50;3.33;1;1
13429;33333.33;50;3.33;1;1
13430;33333.33;50;3.33;1;1
13431;33333.33;50;3.33;1;1
13432;33284.46;50;3.33;1;1
13433;33333.33;50;3.33;1;1
13434;33284.46;50;3.33;1;1
13435;33333.33;50;3.33;1;1
13436;33284.46;50;3.33;1;1
13437;33333.33;50;3.33;1;1
13438;33333.33;50;3.33;1;1
13439;33333.33;50;3.33;1;1
13440;33284.46;50;3.33;1;1
13441;33333.33;50;3.33;1;1
13442;33284.46;50;3.33;1;1
13443;33333.33;50;3.33;1;1
13444;33284.46;50;3.33;1;1
13445;33333.33;50;3.33;1;1
13446;33333.33;50;3.33;1;1
13447;33333.33;50;3.33;1;1
13448;33284.46;50;3.33;1;1
13449;33333.33;50;3.33;1;1
13450;33284.46;50;3.33;1;1
13451;33333.33;50;3.33;1;1
13452;33333.33;50;3.33;1;1
13453;33333.33;50;3.33;1;1
13454;33333.33;50;3.33;1;1
13455;33284.46;50;3.33;1;1
13456;33333.33;50;3.33;1;1
13457;33333.33;50;3.33;1;1
13458;33333.33;50;3.33;1;1
13459;33333.33;50;3.33;1;1
13460;33333.33;50;3.33;1;1
13461;33333.33;50;3.33;1;1
13462;33284.46;50;3.33;1;1
13463;33333.33;50;3.33;1;1
13464;33333.33;50;3.33;1;1
13465;33284.46;50;3.33;1;1
13466;33333.33;50;3.33;1;1
13467;33333.33;50;3.33;1;1
13468;33333.33;50;3.33;1;1
13469;33333.33;50;3.33;1;1
13470;33333.33;50;3.33;1;1
13471;33333.33;50;3.33;1;1
13472;33333.33;50;3.33;1;1
13473;33333.33;50;3.33;1;1
13474;33333.33;50;3.33;1;1
13475;33333.33;50;3.33;1;1
13476;33284.46;50;3.33;1;1
13477;33333.33;50;3.33;1;1
13478;33333.33;50;3.33;1;1
13479;33333.33;50;3.33;1;1
13480;33333.33;50;3.33;1;1
13481;33333.33;50;3.33;1;1
13482;33284.46;50;3.33;1;1
13483;33333.33;50;3.33;1;1
13484;33333.33;50;3.33;1;1
13485;33333.33;50;3.33;1;1
13486;33333.33;50;3.33;1;1
13487;33284.46;50;3.33;1;1
13488;33333.33;50;3.33;1;1
13489;33333.33;50;3.33;1;1
13490;33333.33;50;3.33;1;1
13491;33284.46;50;3.33;1;1
13492;33333.33;50;3.33;1;1
13493;33333.33;50;3.33;1;1
13494;33284.46;50;3.33;1;1
13495;33333.33;50;3.33;1;1
13496;33284.46;50;3.33;1;1
13497;33333.33;50;3.33;1;1
13498;33333.33;50;3.33;1;1
13499;33333.33;50;3.33;1;1
13500;33284.46;50;3.33;1;1
13501;33333.33;50;3.33;1;1
13502;33284.46;50;3.33;1;1
13503;33333.33;50;3.33;1;1
13504;33333.33;50;3.33;1;1
13505;33333.33;50;3.33;1;1
13506;33284.46;50;3.33;1;1
13507;33333.33;50;3.33;1;1
13508;33284.46;50;3.33;1;1
13509;33333.33;50;3.33;1;1
13510;33284.46;50;3.33;1;1
13511;33333.33;50;3.33;1;1
13512;33284.46;50;3.33;1;1
13513;33333.33;50;3.33;1;1
13514;33284.46;50;3.33;1;1
13515;33333.33;50;3.33;1;1
13516;33284.46;50;3.33;1;1
13517;33333.33;50;3.33;1;1
13518;33284.46;50;3.33;1;1
13519;33333.33;50;3.33;1;1
13520;33284.46;50;3.33;1;1
13521;33333.33;50;3.33;1;1
13522;33284.46;50;3.33;1;1
13523;33333.33;50;3.33;1;1
13524;33284.46;50;3.33;1;1
13525;33333.33;50;3.33;1;1
13526;33284.46;50;3.33;1;1
13527;33333.33;50;3.33;1;1
13528;33284.46;50;3.33;1;1
13529;33333.33;50;3.33;1;1
13530;33284.46;50;3.33;1;1
13531;33333.33;50;3.33;1;1
13532;33284.46;50;3.33;1;1
13533;33333.33;50;3.33;1;1
13534;33284.46;50;3.33;1;1
13535;33333.33;50;3.33;1;1
13536;33333.33;50;3.33;1;1
13537;33333.33;50;3.33;1;1
13538;33284.46;50;3.33;1;1
13539;33333.33;50;3.33;1;1
13540;33284.46;50;3.33;1;1
13541;33333.33;50;3.33;1;1
13542;33284.46;50;3.33;1;1
13543;33333.33;50;3.33;1;1
13544;33284.46;50;3.33;1;1
13545;33333.33;50;3.33;1;1
13546;33333.33;50;3.33;1;1
13547;33333.33;50;3.33;1;1
13548;33284.46;50;3.33;1;1
13549;33333.33;50;3.33;1;1
13550;33284.46;50;3.33;1;1
13551;33333.33;50;3.33;1;1
13552;33284.46;50;3.33;1;1
13553;33333.33;50;3.33;1;1
13554;33284.46;50;3.33;1;1
13555;33333.33;50;3.33;1;1
13556;33284.46;50;3.33;1;1
13557;33333.33;50;3.33;1;1
13558;33284.46;50;3.33;1;1
13559;33333.33;50;3.33;1;1
13560;33284.46;50;3.33;1;1
13561;33333.33;50;3.33;1;1
13562;33284.46;50;3.33;1;1
13563;33333.33;50;3.33;1;1
13564;33284.46;50;3.33;1;1
13565;33333.33;50;3.33;1;1
13566;33284.46;50;3.33;1;1
13567;33333.33;50;3.33;1;1
13568;33284.46;50;3.33;1;1
13569;33333.33;50;3.33;1;1
13570;33284.46;50;3.33;1;1
13571;33333.33;50;3.33;1;1
13572;33284.46;50;3.33;1;1
13573;33333.33;50;3.33;1;1
13574;33284.46;50;3.33;1;1
13575;33333.33;50;3.33;1;1
13576;33284.46;50;3.33;1;1
13577;33333.33;50;3.33;1;1
13578;33284.46;50;3.33;1;1
13579;33333.33;50;3.33;1;1
13580;33284.46;50;3.33;1;1
13581;33333.33;50;3.33;1;1
13582;33333.33;50;3.33;1;1
13583;33333.33;50;3.33;1;1
13584;33284.46;50;3.33;1;1
13585;33333.33;50;3.33;1;1
13586;33284.46;50;3.33;1;1
13587;33333.33;50;3.33;1;1
13588;33284.46;50;3.33;1;1
13589;33333.33;50;3.33;1;1
13590;33333.33;50;3.33;1;1
13591;33333.33;50;3.33;1;1
13592;33284.46;50;3.33;1;1
13593;33333.33;50;3.33;1;1
13594;33284.46;50;3.33;1;1
13595;33333.33;50;3.33;1;1
13596;33284.46;50;3.33;1;1
13597;33333.33;50;3.33;1;1
13598;33333.33;50;3.33;1;1
13599;33333.33;50;3.33;1;1
13600;33333.33;50;3.33;1;1
13601;33333.33;50;3.33;1;1
13602;33333.33;50;3.33;1;1
13603;33333.33;50;3.33;1;1
13604;33333.33;50;3.33;1;1
13605;33333.33;50;3.33;1;1
13606;33333.33;50;3.33;1;1
13607;33333.33;50;3.33;1;1
13608;33333.33;50;3.33;1;1
13609;33333.33;50;3.33;1;1
13610;33333.33;50;3.33;1;1
13611;33333.33;50;3.33;1;1
13612;33333.33;50;3.33;1;1
13613;33333.33;50;3.33;1;1
13614;33333.33;50;3.33;1;1
13615;33284.46;50;3.33;1;1
13616;33333.33;50;3.33;1;1
13617;33284.46;50;3.33;1;1
13618;33284.46;50;3.33;1;1
13619;33333.33;50;3.33;1;1
13620;33333.33;50;3.33;1;1
13621;33284.46;50;3.33;1;1
13622;33333.33;50;3.33;1;1
13623;33284.46;50;3.33;1;1
13624;33333.33;50;3.33;1;1
13625;33333.33;50;3.33;1;1
13626;33333.33;50;3.33;1;1
13627;33333.33;50;3.33;1;1
13628;33333.33;50;3.33;1;1
13629;33284.46;50;3.33;1;1
13630;33333.33;50;3.33;1;1
13631;33333.33;50;3.33;1;1
13632;33333.33;50;3.33;1;1
13633;33284.46;50;3.33;1;1
13634;33333.33;50;3.33;1;1
13635;33284.46;50;3.33;1;1
13636;33333.33;50;3.33;1;1
13637;33284.46;50;3.33;1;1
13638;33333.33;50;3.33;1;1
13639;33333.33;50;3.33;1;1
13640;33333.33;50;3.33;1;1
13641;33333.33;50;3.33;1;1
13642;33333.33;50;3.33;1;1
13643;33284.46;50;3.33;1;1
13644;33333.33;50;3.33;1;1
13645;33333.33;50;3.33;1;1
13646;33333.33;50;3.33;1;1
13647;33333.33;50;3.33;1;1
13648;33333.33;50;3.33;1;1
13649;33284.46;50;3.33;1;1
13650;33333.33;50;3.33;1;1
13651;33284.46;50;3.33;1;1
13652;33333.33;50;3.33;1;1
13653;33333.33;50;3.33;1;1
13654;33333.33;50;3.33;1;1
13655;33333.33;50;3.33;1;1
13656;33333.33;50;3.33;1;1
13657;33284.46;50;3.33;1;1
13658;33333.33;50;3.33;1;1
13659;33284.46;50;3.33;1;1
13660;33333.33;50;3.33;1;1
13661;33284.46;50;3.33;1;1
13662;33333.33;50;3.33;1;1
13663;33333.33;50;3.33;1;1
13664;33333.33;50;3.33;1;1
13665;33284.46;50;3.33;1;1
13666;33333.33;50;3.33;1;1
13667;33284.46;50;3.33;1;1
13668;33333.33;50;3.33;1;1
13669;33284.46;50;3.33;1;1
13670;33333.33;50;3.33;1;1
13671;33333.33;50;3.33;1;1
13672;33333.33;50;3.33;1;1
13673;33284.46;50;3.33;1;1
13674;33333.33;50;3.33;1;1
13675;33284.46;50;3.33;1;1
13676;33333.33;50;3.33;1;1
13677;33284.46;50;3.33;1;1
13678;33333.33;50;3.33;1;1
13679;33284.46;50;3.33;1;1
13680;33333.33;50;3.33;1;1
13681;33284.46;50;3.33;1;1
13682;33333.33;50;3.33;1;1
13683;33333.33;50;3.33;1;1
13684;33333.33;50;3.33;1;1
13685;33284.46;50;3.33;1;1
13686;33333.33;50;3.33;1;1
13687;33284.46;50;3.33;1;1
13688;33333.33;50;3.33;1;1
13689;33284.46;50;3.33;1;1
13690;33333.33;50;3.33;1;1
13691;33284.46;50;3.33;1;1
13692;33333.33;50;3.33;1;1
13693;33333.33;50;3.33;1;1
13694;33333.33;50;3.33;1;1
13695;33284.46;50;3.33;1;1
13696;33333.33;50;3.33;1;1
13697;33284.46;50;3.33;1;1
13698;33333.33;50;3.33;1;1
13699;33284.46;50;3.33;1;1
13700;33333.33;50;3.33;1;1
13701;33284.46;50;3.33;1;1
13702;33333.33;50;3.33;1;1
13703;33333.33;50;3.33;1;1
13704;33333.33;50;3.33;1;1
13705;33284.46;50;3.33;1;1
13706;33333.33;50;3.33;1;1
13707;33284.46;50;3.33;1;1
13708;33333.33;50;3.33;1;1
13709;33333.33;50;3.33;1;1
13710;33333.33;50;3.33;1;1
13711;33284.46;50;3.33;1;1
13712;33333.33;50;3.33;1;1
13713;33333.33;50;3.33;1;1
13714;33333.33;50;3.33;1;1
13715;33333.33;50;3.33;1;1
13716;33333.33;50;3.33;1;1
13717;33333.33;50;3.33;1;1
13718;33333.33;50;3.33;1;1
13719;33333.33;50;3.33;1;1
13720;33333.33;50;3.33;1;1
13721;33333.33;50;3.33;1;1
13722;33333.33;50;3.33;1;1
13723;33284.46;50;3.33;1;1
13724;33333.33;50;3.33;1;1
13725;33333.33;50;3.33;1;1
13726;33333.33;50;3.33;1;1
13727;33333.33;50;3.33;1;1
13728;33333.33;50;3.33;1;1
13729;33333.33;50;3.33;1;1
13730;33333.33;50;3.33;1;1
13731;33333.33;50;3.33;1;1
13732;33333.33;50;3.33;1;1
13733;33284.46;50;3.33;1;1
13734;33333.33;50;3.33;1;1
13735;33284.46;50;3.33;1;1
13736;33333.33;50;3.33;1;1
13737;33333.33;50;3.33;1;1
13738;33333.33;50;3.33;1;1
13739;33333.33;50;3.33;1;1
13740;33333.33;50;3.33;1;1
13741;33333.33;50;3.33;1;1
13742;33333.33;50;3.33;1;1
13743;33284.46;50;3.33;1;1
13744;33333.33;50;3.33;1;1
13745;33333.33;50;3.33;1;1
13746;33333.33;50;3.33;1;1
13747;33333.33;50;3.33;1;1
13748;33333.33;50;3.33;1;1
13749;33333.33;50;3.33;1;1
13750;33333.33;50;3.33;1;1
13751;33333.33;50;3.33;1;1
13752;33333.33;50;3.33;1;1
13753;33333.33;50;3.33;1;1
13754;33333.33;50;3.33;1;1
13755;33333.33;50;3.33;1;1
13756;33333.33;50;3.33;1;1
13757;33333.33;50;3.33;1;1
13758;33333.33;50;3.33;1;1
13759;33333.33;50;3.33;1;1
13760;33333.33;50;3.33;1;1
13761;33333.33;50;3.33;1;1
13762;33333.33;50;3.33;1;1
13763;33333.33;50;3.33;1;1
13764;33333.33;50;3.33;1;1
13765;33333.33;50;3.33;1;1
13766;33284.46;50;3.33;1;1
13767;33333.33;50;3.33;1;1
13768;33333.33;50;3.33;1;1
13769;33333.33;50;3.33;1;1
13770;33333.33;50;3.33;1;1
13771;33333.33;50;3.33;1;1
13772;33284.46;50;3.33;1;1
13773;33333.33;50;3.33;1;1
13774;33333.33;50;3.33;1;1
13775;33333.33;50;3.33;1;1
13776;33333.33;50;3.33;1;1
13777;33333.33;50;3.33;1;1
13778;33333.33;50;3.33;1;1
13779;33333.33;50;3.33;1;1
13780;33333.33;50;3.33;1;1
13781;33284.46;50;3.33;1;1
13782;33333.33;50;3.33;1;1
13783;33333.33;50;3.33;1;1
13784;33284.46;50;3.33;1;1
13785;33333.33;50;3.33;1;1
13786;33333.33;50;3.33;1;1
13787;33333.33;50;3.33;1;1
13788;33284.46;50;3.33;1;1
13789;33333.33;50;3.33;1;1
13790;33333.33;50;3.33;1;1
13791;33333.33;50;3.33;1;1
13792;33284.46;50;3.33;1;1
13793;33333.33;50;3.33;1;1
13794;33333.33;50;3.33;1;1
13795;33333.33;50;3.33;1;1
13796;33284.46;50;3.33;1;1
13797;33333.33;50;3.33;1;1
13798;33284.46;50;3.33;1;1
13799;33333.33;50;3.33;1;1
13800;33284.46;50;3.33;1;1
13801;33333.33;50;3.33;1;1
13802;33333.33;50;3.33;1;1
13803;33333.33;50;3.33;1;1
13804;33284.46;50;3.33;1;1
13805;33333.33;50;3.33;1;1
13806;33284.46;50;3.33;1;1
13807;33333.33;50;3.33;1;1
13808;33333.33;50;3.33;1;1
13809;33333.33;50;3.33;1;1
13810;33284.46;50;3.33;1;1
13811;33333.33;50;3.33;1;1
13812;33284.46;50;3.33;1;1
13813;33333.33;50;3.33;1;1
13814;33333.33;50;3.33;1;1
13815;33333.33;50;3.33;1;1
13816;33284.46;50;3.33;1;1
13817;33333.33;50;3.33;1;1
13818;33284.46;50;3.33;1;1
13819;33333.33;50;3.33;1;1
13820;33284.46;50;3.33;1;1
13821;33333.33;50;3.33;1;1
13822;33333.33;50;3.33;1;1
13823;33333.33;50;3.33;1;1
13824;33284.46;50;3.33;1;1
13825;33333.33;50;3.33;1;1
13826;33284.46;50;3.33;1;1
13827;33333.33;50;3.33;1;1
13828;33284.46;50;3.33;1;1
13829;33333.33;50;3.33;1;1
13830;33284.46;50;3.33;1;1
13831;33333.33;50;3.33;1;1
13832;33333.33;50;3.33;1;1
13833;33333.33;50;3.33;1;1
13834;33284.46;50;3.33;1;1
13835;33333.33;50;3.33;1;1
13836;33284.46;50;3.33;1;1
13837;33333.33;50;3.33;1;1
13838;33284.46;50;3.33;1;1
13839;33333.33;50;3.33;1;1
13840;33284.46;50;3.33;1;1
13841;33333.33;50;3.33;1;1
13842;33284.46;50;3.33;1;1
13843;33333.33;50;3.33;1;1
13844;33284.46;50;3.33;1;1
13845;33333.33;50;3.33;1;1
13846;33284.46;50;3.33;1;1
13847;33333.33;50;3.33;1;1
13848;33284.46;50;3.33;1;1
13849;33333.33;50;3.33;1;1
13850;33284.46;50;3.33;1;1
13851;33333.33;50;3.33;1;1
13852;33284.46;50;3.33;1;1
13853;33333.33;50;3.33;1;1
13854;33284.46;50;3.33;1;1
13855;33333.33;50;3.33;1;1
13856;33284.46;50;3.33;1;1
13857;33333.33;50;3.33;1;1
13858;33284.46;50;3.33;1;1
13859;33333.33;50;3.33;1;1
13860;33333.33;50;3.33;1;1
13861;33333.33;50;3.33;1;1
13862;33284.46;50;3.33;1;1
13863;33333.33;50;3.33;1;1
13864;33333.33;50;3.33;1;1
13865;33333.33;50;3.33;1;1
13866;33284.46;50;3.33;1;1
13867;33333.33;50;3.33;1;1
13868;33284.46;50;3.33;1;1
13869;33333.33;50;3.33;1;1
13870;33284.46;50;3.33;1;1
13871;33333.33;50;3.33;1;1
13872;33333.33;50;3.33;1;1
13873;33333.33;50;3.33;1;1
13874;33333.33;50;3.33;1;1
13875;33333.33;50;3.33;1;1
13876;33333.33;50;3.33;1;1
13877;33333.33;50;3.33;1;1
13878;33284.46;50;3.33;1;1
13879;33333.33;50;3.33;1;1
13880;33333.33;50;3.33;1;1
13881;33333.33;50;3.33;1;1
13882;33284.46;50;3.33;1;1
13883;33333.33;50;3.33;1;1
13884;33333.33;50;3.33;1;1
13885;33333.33;50;3.33;1;1
13886;33333.33;50;3.33;1;1
13887;33333.33;50;3.33;1;1
13888;33333.33;50;3.33;1;1
13889;33333.33;50;3.33;1;1
13890;33333.33;50;3.33;1;1
13891;33333.33;50;3.33;1;1
13892;33333.33;50;3.33;1;1
13893;33333.33;50;3.33;1;1
13894;33284.46;50;3.33;1;1
13895;33333.33;50;3.33;1;1
13896;33333.33;50;3.33;1;1
13897;33333.33;50;3.33;1;1
13898;33333.33;50;3.33;1;1
13899;33333.33;50;3.33;1;1
13900;33333.33;50;3.33;1;1
13901;33333.33;50;3.33;1;1
13902;33333.33;50;3.33;1;1
13903;33333.33;50;3.33;1;1
13904;33333.33;50;3.33;1;1
13905;33333.33;50;3.33;1;1
13906;33333.33;50;3.33;1;1
13907;33333.33;50;3.33;1;1
13908;33284.46;50;3.33;1;1
13909;33333.33;50;3.33;1;1
13910;33333.33;50;3.33;1;1
13911;33333.33;50;3.33;1;1
13912;33333.33;50;3.33;1;1
13913;33333.33;50;3.33;1;1
13914;33333.33;50;3.33;1;1
13915;33333.33;50;3.33;1;1
13916;33284.46;50;3.33;1;1
13917;33333.33;50;3.33;1;1
13918;33333.33;50;3.33;1;1
13919;33333.33;50;3.33;1;1
13920;33333.33;50;3.33;1;1
13921;33333.33;50;3.33;1;1
13922;33333.33;50;3.33;1;1
13923;33333.33;50;3.33;1;1
13924;33333.33;50;3.33;1;1
13925;33333.33;50;3.33;1;1
13926;33333.33;50;3.33;1;1
13927;33333.33;50;3.33;1;1
13928;33333.33;50;3.33;1;1
13929;33333.33;50;3.33;1;1
13930;33333.33;50;3.33;1;1
13931;33333.33;50;3.33;1;1
13932;33333.33;50;3.33;1;1
13933;33333.33;50;3.33;1;1
13934;33333.33;50;3.33;1;1
13935;33333.33;50;3.33;1;1
13936;33333.33;50;3.33;1;1
13937;33333.33;50;3.33;1;1
13938;33284.46;50;3.33;1;1
13939;33333.33;50;3.33;1;1
13940;33333.33;50;3.33;1;1
13941;33333.33;50;3.33;1;1
13942;33333.33;50;3.33;1;1
13943;33333.33;50;3.33;1;1
13944;33333.33;50;3.33;1;1
13945;33333.33;50;3.33;1;1
13946;33333.33;50;3.33;1;1
13947;33333.33;50;3.33;1;1
13948;33284.46;50;3.33;1;1
13949;33333.33;50;3.33;1;1
13950;33284.46;50;3.33;1;1
13951;33333.33;50;3.33;1;1
13952;33333.33;50;3.33;1;1
13953;33284.46;50;3.33;1;1
13954;33333.33;50;3.33;1;1
13955;33333.33;50;3.33;1;1
13956;33333.33;50;3.33;1;1
13957;33333.33;50;3.33;1;1
13958;33333.33;50;3.33;1;1
13959;33284.46;50;3.33;1;1
13960;33333.33;50;3.33;1;1
13961;33284.46;50;3.33;1;1
13962;33333.33;50;3.33;1;1
13963;33333.33;50;3.33;1;1
13964;33333.33;50;3.33;1;1
13965;33333.33;50;3.33;1;1
13966;33333.33;50;3.33;1;1
13967;33333.33;50;3.33;1;1
13968;33333.33;50;3.33;1;1
13969;33333.33;50;3.33;1;1
13970;33333.33;50;3.33;1;1
13971;33284.46;50;3.33;1;1
13972;33333.33;50;3.33;1;1
13973;33333.33;50;3.33;1;1
13974;33333.33;50;3.33;1;1
13975;33333.33;50;3.33;1;1
13976;33333.33;50;3.33;1;1
13977;33284.46;50;3.33;1;1
13978;33333.33;50;3.33;1;1
13979;33284.46;50;3.33;1;1
13980;33333.33;50;3.33;1;1
13981;33284.46;50;3.33;1;1
13982;33333.33;50;3.33;1;1
13983;33333.33;50;3.33;1;1
13984;33333.33;50;3.33;1;1
13985;33333.33;50;3.33;1;1
13986;33333.33;50;3.33;1;1
13987;33284.46;50;3.33;1;1
13988;33333.33;50;3.33;1;1
13989;33284.46;50;3.33;1;1
13990;33333.33;50;3.33;1;1
13991;33284.46;50;3.33;1;1
13992;33333.33;50;3.33;1;1
13993;33284.46;50;3.33;1;1
13994;33333.33;50;3.33;1;1
13995;33284.46;50;3.33;1;1
13996;33333.33;50;3.33;1;1
13997;33284.46;50;3.33;1;1
13998;33333.33;50;3.33;1;1
13999;33284.46;50;3.33;1;1
14000;33333.33;50;3.33;1;1
14001;33333.33;50;3.33;1;1
14002;33333.33;50;3.33;1;1
14003;33284.46;50;3.33;1;1
14004;33333.33;50;3.33;1;1
14005;33284.46;50;3.33;1;1
14006;33333.33;50;3.33;1;1
14007;33284.46;50;3.33;1;1
14008;33333.33;50;3.33;1;1
14009;33284.46;50;3.33;1;1
14010;33333.33;50;3.33;1;1
14011;33333.33;50;3.33;1;1
14012;33333.33;50;3.33;1;1
14013;33333.33;50;3.33;1;1
14014;33333.33;50;3.33;1;1
14015;33284.46;50;3.33;1;1
14016;33333.33;50;3.33;1;1
14017;33284.46;50;3.33;1;1
14018;33333.33;50;3.33;1;1
14019;33284.46;50;3.33;1;1
14020;33333.33;50;3.33;1;1
14021;33284.46;50;3.33;1;1
14022;33333.33;50;3.33;1;1
14023;33333.33;50;3.33;1;1
14024;33333.33;50;3.33;1;1
14025;33284.46;50;3.33;1;1
14026;33333.33;50;3.33;1;1
14027;33284.46;50;3.33;1;1
14028;33333.33;50;3.33;1;1
14029;33284.46;50;3.33;1;1
14030;33333.33;50;3.33;1;1
14031;33284.46;50;3.33;1;1
14032;33333.33;50;3.33;1;1
14033;33333.33;50;3.33;1;1
14034;33333.33;50;3.33;1;1
14035;33284.46;50;3.33;1;1
14036;33333.33;50;3.33;1;1
14037;33284.46;50;3.33;1;1
14038;33333.33;50;3.33;1;1
14039;33333.33;50;3.33;1;1
14040;33333.33;50;3.33;1;1
14041;33284.46;50;3.33;1;1
14042;33333.33;50;3.33;1;1
14043;33333.33;50;3.33;1;1
14044;33333.33;50;3.33;1;1
14045;33333.33;50;3.33;1;1
14046;33333.33;50;3.33;1;1
14047;33284.46;50;3.33;1;1
14048;33333.33;50;3.33;1;1
14049;33333.33;50;3.33;1;1
14050;33333.33;50;3.33;1;1
14051;33284.46;50;3.33;1;1
14052;33333.33;50;3.33;1;1
14053;33333.33;50;3.33;1;1
14054;33333.33;50;3.33;1;1
14055;33333.33;50;3.33;1;1
14056;33333.33;50;3.33;1;1
14057;33333.33;50;3.33;1;1
14058;33333.33;50;3.33;1;1
14059;33333.33;50;3.33;1;1
14060;33284.46;50;3.33;1;1
14061;33333.33;50;3.33;1;1
14062;33333.33;50;3.33;1;1
14063;33333.33;50;3.33;1;1
14064;33333.33;50;3.33;1;1
14065;33333.33;50;3.33;1;1
14066;33284.46;50;3.33;1;1
14067;33333.33;50;3.33;1;1
14068;33284.46;50;3.33;1;1
14069;33333.33;50;3.33;1;1
14070;33333.33;50;3.33;1;1
14071;33333.33;50;3.33;1;1
14072;33284.46;50;3.33;1;1
14073;33333.33;50;3.33;1;1
14074;33284.46;50;3.33;1;1
14075;33333.33;50;3.33;1;1
14076;33333.33;50;3.33;1;1
14077;33333.33;50;3.33;1;1
14078;33284.46;50;3.33;1;1
14079;33333.33;50;3.33;1;1
14080;33284.46;50;3.33;1;1
14081;33333.33;50;3.33;1;1
14082;33284.46;50;3.33;1;1
14083;33333.33;50;3.33;1;1
14084;33284.46;50;3.33;1;1
14085;33333.33;50;3.33;1;1
14086;33284.46;50;3.33;1;1
14087;33333.33;50;3.33;1;1
14088;33284.46;50;3.33;1;1
14089;33333.33;50;3.33;1;1
14090;33333.33;50;3.33;1;1
14091;33333.33;50;3.33;1;1
14092;33333.33;50;3.33;1;1
14093;33333.33;50;3.33;1;1
14094;33284.46;50;3.33;1;1
14095;33333.33;50;3.33;1;1
14096;33284.46;50;3.33;1;1
14097;33333.33;50;3.33;1;1
14098;33333.33;50;3.33;1;1
14099;33333.33;50;3.33;1;1
14100;33284.46;50;3.33;1;1
14101;33333.33;50;3.33;1;1
14102;33284.46;50;3.33;1;1
14103;33333.33;50;3.33;1;1
14104;33284.46;50;3.33;1;1
14105;33333.33;50;3.33;1;1
14106;33333.33;50;3.33;1;1
14107;33333.33;50;3.33;1;1
14108;33284.46;50;3.33;1;1
14109;33333.33;50;3.33;1;1
14110;33284.46;50;3.33;1;1
14111;33333.33;50;3.33;1;1
14112;33284.46;50;3.33;1;1
14113;33333.33;50;3.33;1;1
14114;33333.33;50;3.33;1;1
14115;33333.33;50;3.33;1;1
14116;33284.46;50;3.33;1;1
14117;33333.33;50;3.33;1;1
14118;33284.46;50;3.33;1;1
14119;33333.33;50;3.33;1;1
14120;33284.46;50;3.33;1;1
14121;33333.33;50;3.33;1;1
14122;33284.46;50;3.33;1;1
14123;33333.33;50;3.33;1;1
14124;33284.46;50;3.33;1;1
14125;33333.33;50;3.33;1;1
14126;33284.46;50;3.33;1;1
14127;33333.33;50;3.33;1;1
14128;33284.46;50;3.33;1;1
14129;33333.33;50;3.33;1;1
14130;33333.33;50;3.33;1;1
14131;33333.33;50;3.33;1;1
14132;33284.46;50;3.33;1;1
14133;33333.33;50;3.33;1;1
14134;33284.46;50;3.33;1;1
14135;33333.33;50;3.33;1;1
14136;33284.46;50;3.33;1;1
14137;33333.33;50;3.33;1;1
14138;33333.33;50;3.33;1;1
14139;33333.33;50;3.33;1;1
14140;33333.33;50;3.33;1;1
14141;33333.33;50;3.33;1;1
14142;33333.33;50;3.33;1;1
14143;33333.33;50;3.33;1;1
14144;33284.46;50;3.33;1;1
14145;33333.33;50;3.33;1;1
14146;33333.33;50;3.33;1;1
14147;33333.33;50;3.33;1;1
14148;33284.46;50;3.33;1;1
14149;33333.33;50;3.33;1;1
14150;33333.33;50;3.33;1;1
14151;33333.33;50;3.33;1;1
14152;33333.33;50;3.33;1;1
14153;33333.33;50;3.33;1;1
14154;33284.46;50;3.33;1;1
14155;33333.33;50;3.33;1;1
14156;33333.33;50;3.33;1;1
14157;33333.33;50;3.33;1;1
14158;33333.33;50;3.33;1;1
14159;33333.33;50;3.33;1;1
14160;33284.46;50;3.33;1;1
14161;33333.33;50;3.33;1;1
14162;33284.46;50;3.33;1;1
14163;33333.33;50;3.33;1;1
14164;33284.46;50;3.33;1;1
14165;33333.33;50;3.33;1;1
14166;33333.33;50;3.33;1;1
14167;33333.33;50;3.33;1;1
14168;33333.33;50;3.33;1;1
14169;33333.33;50;3.33;1;1
14170;33333.33;50;3.33;1;1
14171;33333.33;50;3.33;1;1
14172;33333.33;50;3.33;1;1
14173;33333.33;50;3.33;1;1
14174;33333.33;50;3.33;1;1
14175;33333.33;50;3.33;1;1
14176;33333.33;50;3.33;1;1
14177;33333.33;50;3.33;1;1
14178;33333.33;50;3.33;1;1
14179;33333.33;50;3.33;1;1
14180;33333.33;50;3.33;1;1
14181;33333.33;50;3.33;1;1
14182;33333.33;50;3.33;1;1
14183;33333.33;50;3.33;1;1
14184;33333.33;50;3.33;1;1
14185;33333.33;50;3.33;1;1
14186;33333.33;50;3.33;1;1
14187;33333.33;50;3.33;1;1
14188;33333.33;50;3.33;1;1
14189;33333.33;50;3.33;1;1
14190;33333.33;50;3.33;1;1
14191;33333.33;50;3.33;1;1
14192;33333.33;50;3.33;1;1
14193;33284.46;50;3.33;1;1
14194;33333.33;50;3.33;1;1
14195;33333.33;50;3.33;1;1
14196;33333.33;50;3.33;1;1
14197;33333.33;50;3.33;1;1
14198;33333.33;50;3.33;1;1
14199;33333.33;50;3.33;1;1
14200;33333.33;50;3.33;1;1
14201;33284.46;50;3.33;1;1
14202;33333.33;50;3.33;1;1
14203;33284.46;50;3.33;1;1
14204;33333.33;50;3.33;1;1
14205;33333.33;50;3.33;1;1
14206;33333.33;50;3.33;1;1
14207;33284.46;50;3.33;1;1
14208;33333.33;50;3.33;1;1
14209;33284.46;50;3.33;1;1
14210;33333.33;50;3.33;1;1
14211;33284.46;50;3.33;1;1
14212;33333.33;50;3.33;1;1
14213;33333.33;50;3.33;1;1
14214;33333.33;50;3.33;1;1
14215;33284.46;50;3.33;1;1
14216;33333.33;50;3.33;1;1
14217;33284.46;50;3.33;1;1
14218;33333.33;50;3.33;1;1
14219;33333.33;50;3.33;1;1
14220;33333.33;50;3.33;1;1
14221;33333.33;50;3.33;1;1
14222;33333.33;50;3.33;1;1
14223;33333.33;50;3.33;1;1
14224;33333.33;50;3.33;1;1
14225;33284.46;50;3.33;1;1
14226;33333.33;50;3.33;1;1
14227;33284.46;50;3.33;1;1
14228;33333.33;50;3.33;1;1
14229;33333.33;50;3.33;1;1
14230;33333.33;50;3.33;1;1
14231;33284.46;50;3.33;1;1
14232;33333.33;50;3.33;1;1
14233;33284.46;50;3.33;1;1
14234;33333.33;50;3.33;1;1
14235;33333.33;50;3.33;1;1
14236;33333.33;50;3.33;1;1
14237;33284.46;50;3.33;1;1
14238;33333.33;50;3.33;1;1
14239;33284.46;50;3.33;1;1
14240;33333.33;50;3.33;1;1
14241;33284.46;50;3.33;1;1
14242;33333.33;50;3.33;1;1
14243;33284.46;50;3.33;1;1
14244;33333.33;50;3.33;1;1
14245;33284.46;50;3.33;1;1
14246;33333.33;50;3.33;1;1
14247;33284.46;50;3.33;1;1
14248;33333.33;50;3.33;1;1
14249;33333.33;50;3.33;1;1
14250;33333.33;50;3.33;1;1
14251;33333.33;50;3.33;1;1
14252;33333.33;50;3.33;1;1
14253;33284.46;50;3.33;1;1
14254;33333.33;50;3.33;1;1
14255;33284.46;50;3.33;1;1
14256;33333.33;50;3.33;1;1
14257;33333.33;50;3.33;1;1
14258;33333.33;50;3.33;1;1
14259;33333.33;50;3.33;1;1
14260;33333.33;50;3.33;1;1
14261;33333.33;50;3.33;1;1
14262;33333.33;50;3.33;1;1
14263;33284.46;50;3.33;1;1
14264;33333.33;50;3.33;1;1
14265;33333.33;50;3.33;1;1
14266;33333.33;50;3.33;1;1
14267;33284.46;50;3.33;1;1
14268;33333.33;50;3.33;1;1
14269;33333.33;50;3.33;1;1
14270;33333.33;50;3.33;1;1
14271;33333.33;50;3.33;1;1
14272;33333.33;50;3.33;1;1
14273;33333.33;50;3.33;1;1
14274;33333.33;50;3.33;1;1
14275;33333.33;50;3.33;1;1
14276;33333.33;50;3.33;1;1
14277;33284.46;50;3.33;1;1
14278;33333.33;50;3.33;1;1
14279;33333.33;50;3.33;1;1
14280;33333.33;50;3.33;1;1
14281;33333.33;50;3.33;1;1
14282;33333.33;50;3.33;1;1
14283;33333.33;50;3.33;1;1
14284;33333.33;50;3.33;1;1
14285;33333.33;50;3.33;1;1
14286;33284.46;50;3.33;1;1
14287;33333.33;50;3.33;1;1
14288;33333.33;50;3.33;1;1
14289;33333.33;50;3.33;1;1
14290;33333.33;50;3.33;1;1
14291;33333.33;50;3.33;1;1
14292;33284.46;50;3.33;1;1
14293;33333.33;50;3.33;1;1
14294;33333.33;50;3.33;1;1
14295;33333.33;50;3.33;1;1
14296;33333.33;50;3.33;1;1
14297;33333.33;50;3.33;1;1
14298;33284.46;50;3.33;1;1
14299;33333.33;50;3.33;1;1
14300;33284.46;50;3.33;1;1
14301;33333.33;50;3.33;1;1
14302;33333.33;50;3.33;1;1
14303;33333.33;50;3.33;1;1
14304;33333.33;50;3.33;1;1
14305;33333.33;50;3.33;1;1
14306;33284.46;50;3.33;1;1
14307;33333.33;50;3.33;1;1
14308;33284.46;50;3.33;1;1
14309;33333.33;50;3.33;1;1
14310;33284.46;50;3.33;1;1
14311;33333.33;50;3.33;1;1
14312;33333.33;50;3.33;1;1
14313;33333.33;50;3.33;1;1
14314;33284.46;50;3.33;1;1
14315;33333.33;50;3.33;1;1
14316;33284.46;50;3.33;1;1
14317;33333.33;50;3.33;1;1
14318;33333.33;50;3.33;1;1
14319;33333.33;50;3.33;1;1
14320;33333.33;50;3.33;1;1
14321;33333.33;50;3.33;1;1
14322;33284.46;50;3.33;1;1
14323;33333.33;50;3.33;1;1
14324;33284.46;50;3.33;1;1
14325;33333.33;50;3.33;1;1
14326;33333.33;50;3.33;1;1
14327;33333.33;50;3.33;1;1
14328;33284.46;50;3.33;1;1
14329;33333.33;50;3.33;1;1
14330;33284.46;50;3.33;1;1
14331;33333.33;50;3.33;1;1
14332;33284.46;50;3.33;1;1
14333;33333.33;50;3.33;1;1
14334;33284.46;50;3.33;1;1
14335;33333.33;50;3.33;1;1
14336;33284.46;50;3.33;1;1
14337;33333.33;50;3.33;1;1
14338;33284.46;50;3.33;1;1
14339;33333.33;50;3.33;1;1
14340;33284.46;50;3.33;1;1
14341;33333.33;50;3.33;1;1
14342;33284.46;50;3.33;1;1
14343;33333.33;50;3.33;1;1
14344;33284.46;50;3.33;1;1
14345;33333.33;50;3.33;1;1
14346;33284.46;50;3.33;1;1
14347;33333.33;50;3.33;1;1
14348;33284.46;50;3.33;1;1
14349;33333.33;50;3.33;1;1
14350;33284.46;50;3.33;1;1
14351;33333.33;50;3.33;1;1
14352;33284.46;50;3.33;1;1
14353;33333.33;50;3.33;1;1
14354;33284.46;50;3.33;1;1
14355;33333.33;50;3.33;1;1
14356;33284.46;50;3.33;1;1
14357;33333.33;50;3.33;1;1
14358;33333.33;50;3.33;1;1
14359;33333.33;50;3.33;1;1
14360;33284.46;50;3.33;1;1
14361;33333.33;50;3.33;1;1
14362;33284.46;50;3.33;1;1
14363;33333.33;50;3.33;1;1
14364;33284.46;50;3.33;1;1
14365;33333.33;50;3.33;1;1
14366;33333.33;50;3.33;1;1
14367;33333.33;50;3.33;1;1
14368;33284.46;50;3.33;1;1
14369;33333.33;50;3.33;1;1
14370;33284.46;50;3.33;1;1
14371;33333.33;50;3.33;1;1
14372;33333.33;50;3.33;1;1
14373;33333.33;50;3.33;1;1
14374;33284.46;50;3.33;1;1
14375;33333.33;50;3.33;1;1
14376;33333.33;50;3.33;1;1
14377;33333.33;50;3.33;1;1
14378;33284.46;50;3.33;1;1
14379;33333.33;50;3.33;1;1
14380;33333.33;50;3.33;1;1
